row_index,point_index,frame_id,t,s,position_x,position_y,position_z,orientation_x,orientation_y,orientation_z,orientation_w,linear_velocity_x,linear_velocity_y,linear_velocity_z,angular_velocity_x,angular_velocity_y,angular_velocity_z,path_speed,path_acceleration,paint
12,0,world,0.0,0.0,1.9110465128739937,1.1743556308746357,-0.780004622839997,-6.591180019035286e-15,0.9894673760183539,9.64269421168384e-16,-0.14475604234488287,-0.0,-0.0,0.0,0.0,0.0,0.0,0.0,0.5,0
12,1,world,0.01,2.5e-05,1.9110225677035977,1.1743556308746357,-0.7799974375206095,-6.590905343695374e-15,0.9894673760183539,9.642292370086036e-16,-0.14475604234488287,-0.004789034079223038,-6.66106054869967e-17,0.001437063877508704,0.0,0.0,0.0,0.005,0.5,0
12,2,world,0.02,0.0001,1.9109507321924093,1.1743556308746357,-0.7799758815624469,-6.590081317675639e-15,0.9894673760183539,9.641086845292623e-16,-0.14475604234488287,-0.009578068158446074,-1.3320455503091747e-16,0.0028741277550174142,0.0,0.0,0.0,0.01,0.5,0
12,3,world,0.03,0.000225,1.9108310063404288,1.1743556308746357,-0.7799399549655092,-6.588707940976081e-15,0.9894673760183539,9.639077637303608e-16,-0.14475604234488287,-0.014367102237669105,-1.997651926886865e-16,0.00431119163252614,0.0,0.0,0.0,0.015,0.5,0
12,4,world,0.04,0.0004,1.910663390147656,1.1743556308746357,-0.7798896577297963,-6.586785213596698e-15,0.9894673760183539,9.636264746118985e-16,-0.14475604234488287,-0.01915613631689213,-2.662758625172278e-16,0.005748255510034884,0.0,0.0,0.0,0.02,0.5,0
12,5,world,0.05,0.0006250000000000001,1.9104478836140908,1.1743556308746357,-0.7798249898553085,-6.584313135537491e-15,0.9894673760183539,9.632648171738752e-16,-0.14475604234488287,-0.02394517039611515,-3.3271990857346553e-16,0.007185319387543656,0.0,0.0,0.0,0.025,0.5,0
12,6,world,0.06,0.0009,1.9101844867397335,1.1743556308746357,-0.7797459513420455,-6.581291706798464e-15,0.9894673760183539,9.628227914162913e-16,-0.14475604234488287,-0.028734204475338157,-3.9908067491432374e-16,0.008622383265052462,0.0,0.0,0.0,0.03,0.5,0
12,7,world,0.07,0.0012250000000000002,1.9098731995245841,1.1743556308746357,-0.7796525421900075,-6.5777209273796105e-15,0.9894673760183539,9.62300397339147e-16,-0.14475604234488287,-0.03352323855456115,-4.653415055967266e-16,0.010059447142561309,0.0,0.0,0.0,0.035,0.5,0
12,8,world,0.08,0.0016,1.9095140219686424,1.1743556308746357,-0.7795447623991942,-6.573600797280934e-15,0.9894673760183539,9.616976349424416e-16,-0.14475604234488287,-0.03831227263378413,-5.314857446775982e-16,0.011496511020070202,0.0,0.0,0.0,0.04,0.5,0
12,9,world,0.09,0.002025,1.9091069540719083,1.1743556308746357,-0.779422611969606,-6.5689313165024335e-15,0.9894673760183539,9.610145042261758e-16,-0.14475604234488287,-0.0431013067130071,-5.974967362138626e-16,0.012933574897579153,0.0,0.0,0.0,0.045,0.5,0
12,10,world,0.1,0.0025000000000000005,1.9086519958343822,1.1743556308746357,-0.7792860909012427,-6.563712485044109e-15,0.9894673760183539,9.602510051903492e-16,-0.14475604234488287,-0.04789034079223004,-6.633578242624439e-16,0.01437063877508816,0.0,0.0,0.0,0.05,0.5,0
12,11,world,0.11,0.003025,1.9081491472560639,1.1743556308746357,-0.7791351991941042,-6.557944302905963e-15,0.9894673760183539,9.59407137834962e-16,-0.14475604234488287,-0.052679374871452966,-7.290523528802662e-16,0.01580770265259724,0.0,0.0,0.0,0.055,0.5,0
12,12,world,0.12,0.0036,1.907598408336953,1.1743556308746357,-0.7789699368481908,-6.551626770087992e-15,0.9894673760183539,9.584829021600138e-16,-0.14475604234488287,-0.05746840895067587,-7.945636661242537e-16,0.01724476653010639,0.0,0.0,0.0,0.06,0.5,0
12,13,world,0.13,0.0042250000000000005,1.9069997790770503,1.1743556308746357,-0.7787903038635022,-6.544759886590198e-15,0.9894673760183539,9.574782981655052e-16,-0.14475604234488287,-0.06225744302989875,-8.598751080513305e-16,0.01868183040761563,0.0,0.0,0.0,0.065,0.5,0
12,14,world,0.14,0.004900000000000001,1.9063532594763553,1.1743556308746357,-0.7785963002400386,-6.537343652412579e-15,0.9894673760183539,9.563933258514357e-16,-0.14475604234488287,-0.06704647710912161,-9.249700227184205e-16,0.020118894285124953,0.0,0.0,0.0,0.07,0.5,0
12,15,world,0.15,0.005625,1.9056588495348679,1.1743556308746357,-0.7783879259777997,-6.5293780675551386e-15,0.9894673760183539,9.552279852178058e-16,-0.14475604234488287,-0.07183551118834443,-9.89831754182448e-16,0.02155595816263437,0.0,0.0,0.0,0.075,0.5,0
12,16,world,0.16,0.0064,1.9049165492525884,1.1743556308746357,-0.7781651810767859,-6.520863132017873e-15,0.9894673760183539,9.539822762646148e-16,-0.14475604234488287,-0.07662454526756722,-1.0544436465003369e-15,0.02299302204014389,0.0,0.0,0.0,0.08,0.5,0
12,17,world,0.17,0.007225000000000001,1.9041263586295165,1.1743556308746357,-0.777928065536997,-6.511798845800786e-15,0.9894673760183539,9.526561989918634e-16,-0.14475604234488287,-0.08141357934678999,-1.118789043729012e-15,0.02443008591765352,0.0,0.0,0.0,0.085,0.5,0
12,18,world,0.18,0.0081,1.9032882776656523,1.1743556308746357,-0.7776765793584329,-6.502185208903874e-15,0.9894673760183539,9.512497533995514e-16,-0.14475604234488287,-0.0862026134260127,-1.182851289925396e-15,0.025867149795163264,0.0,0.0,0.0,0.09,0.5,0
12,19,world,0.19,0.009025,1.902402306360996,1.1743556308746355,-0.7774107225410939,-6.492022221327138e-15,0.9894673760183539,9.497629394876786e-16,-0.14475604234488287,-0.09099164750523539,-1.2466137291464143e-15,0.027304213672673126,0.0,0.0,0.0,0.095,0.5,0
12,20,world,0.2,0.010000000000000002,1.9014684447155477,1.1743556308746355,-0.7771304950849797,-6.481309883070579e-15,0.9894673760183539,9.481957572562448e-16,-0.14475604234488287,-0.09578068158445804,-1.3100597054489905e-15,0.028741277550183127,0.0,0.0,0.0,0.1,0.0,0
12,21,world,0.21,0.011,1.900510637899703,1.1743556308746355,-0.776843082309478,-6.470322869474109e-15,0.9894673760183539,9.465883908650311e-16,-0.14475604234488287,-0.09578068158445778,-1.307838913038871e-15,0.028741277550184036,0.0,0.0,0.0,0.1,0.0,0
12,22,world,0.22,0.012,1.8995528310838585,1.1743556308746355,-0.7765556695339761,-6.459335855877638e-15,0.9894673760183539,9.449810244738172e-16,-0.14475604234488287,-0.09578068158445752,-1.3056181206287516e-15,0.028741277550184942,0.0,0.0,0.0,0.1,0.0,0
12,23,world,0.23,0.013000000000000001,1.8985950242680139,1.1743556308746355,-0.7762682567584744,-6.448348842281168e-15,0.9894673760183539,9.433736580826033e-16,-0.14475604234488287,-0.09578068158445724,-1.3033973282186319e-15,0.02874127755018585,0.0,0.0,0.0,0.1,0.0,0
12,24,world,0.24,0.014,1.8976372174521692,1.1743556308746355,-0.7759808439829727,-6.437361828684697e-15,0.9894673760183539,9.417662916913894e-16,-0.14475604234488287,-0.09578068158445696,-1.3011765358085124e-15,0.028741277550186756,0.0,0.0,0.0,0.1,0.0,0
12,25,world,0.25,0.015000000000000001,1.8966794106363247,1.1743556308746355,-0.7756934312074709,-6.4263748150882265e-15,0.9894673760183539,9.401589253001755e-16,-0.14475604234488287,-0.09578068158445668,-1.2989557433983926e-15,0.02874127755018767,0.0,0.0,0.0,0.1,0.0,0
12,26,world,0.26,0.016,1.89572160382048,1.1743556308746355,-0.7754060184319692,-6.4153878014917556e-15,0.9894673760183539,9.385515589089615e-16,-0.14475604234488287,-0.09578068158445642,-1.296734950988273e-15,0.02874127755018857,0.0,0.0,0.0,0.1,0.0,0
12,27,world,0.27,0.017,1.8947637970046354,1.1743556308746355,-0.7751186056564675,-6.404400787895285e-15,0.9894673760183539,9.369441925177476e-16,-0.14475604234488287,-0.09578068158445614,-1.2945141585781534e-15,0.028741277550189476,0.0,0.0,0.0,0.1,0.0,0
12,28,world,0.28,0.018000000000000002,1.8938059901887907,1.1743556308746355,-0.7748311928809657,-6.3934137742988155e-15,0.9894673760183539,9.35336826126534e-16,-0.14475604234488287,-0.09578068158445587,-1.2922933661680337e-15,0.028741277550190382,0.0,0.0,0.0,0.1,0.0,0
12,29,world,0.29,0.019,1.8928481833729462,1.1743556308746355,-0.774543780105464,-6.3824267607023446e-15,0.9894673760183539,9.337294597353198e-16,-0.14475604234488287,-0.0957806815844556,-1.2900725737579143e-15,0.02874127755019129,0.0,0.0,0.0,0.1,0.0,0
12,30,world,0.3,0.02,1.8918903765571016,1.1743556308746355,-0.7742563673299623,-6.3714397471058745e-15,0.9894673760183539,9.321220933441059e-16,-0.14475604234488287,-0.09578068158445532,-1.2878517813477944e-15,0.028741277550192193,0.0,0.0,0.0,0.1,0.0,0
12,31,world,0.31,0.021,1.890932569741257,1.1743556308746355,-0.7739689545544605,-6.360452733509403e-15,0.9894673760183539,9.30514726952892e-16,-0.14475604234488287,-0.09578068158445506,-1.285630988937675e-15,0.02874127755019311,0.0,0.0,0.0,0.1,0.0,0
12,32,world,0.32,0.022000000000000002,1.8899747629254124,1.1743556308746355,-0.7736815417789588,-6.349465719912933e-15,0.9894673760183539,9.28907360561678e-16,-0.14475604234488287,-0.09578068158445478,-1.283410196527555e-15,0.028741277550194008,0.0,0.0,0.0,0.1,0.0,0
12,33,world,0.33,0.023000000000000003,1.8890169561095678,1.1743556308746355,-0.773394129003457,-6.338478706316462e-15,0.9894673760183539,9.272999941704643e-16,-0.14475604234488287,-0.09578068158445452,-1.2811894041174358e-15,0.028741277550194923,0.0,0.0,0.0,0.1,0.0,0
12,34,world,0.34,0.024000000000000004,1.888059149293723,1.1743556308746355,-0.7731067162279552,-6.327491692719991e-15,0.9894673760183539,9.256926277792504e-16,-0.14475604234488287,-0.09578068158445424,-1.2789686117073159e-15,0.028741277550195822,0.0,0.0,0.0,0.1,0.0,0
12,35,world,0.35000000000000003,0.025000000000000005,1.8871013424778786,1.1743556308746355,-0.7728193034524535,-6.316504679123522e-15,0.9894673760183539,9.240852613880365e-16,-0.14475604234488287,-0.09578068158445396,-1.2767478192971964e-15,0.02874127755019673,0.0,0.0,0.0,0.1,0.0,0
12,36,world,0.36,0.026,1.886143535662034,1.1743556308746352,-0.7725318906769518,-6.30551766552705e-15,0.9894673760183539,9.224778949968226e-16,-0.14475604234488287,-0.09578068158445369,-1.2745270268870767e-15,0.028741277550197637,0.0,0.0,0.0,0.1,0.0,0
12,37,world,0.37,0.027,1.8851857288461893,1.1743556308746352,-0.77224447790145,-6.294530651930579e-15,0.9894673760183539,9.208705286056087e-16,-0.14475604234488287,-0.09578068158445342,-1.272306234476957e-15,0.02874127755019855,0.0,0.0,0.0,0.1,0.0,0
12,38,world,0.38,0.028,1.8842279220303448,1.1743556308746352,-0.7719570651259483,-6.2835436383341085e-15,0.9894673760183539,9.192631622143948e-16,-0.14475604234488287,-0.09578068158445315,-1.2700854420668374e-15,0.028741277550199448,0.0,0.0,0.0,0.1,0.0,0
12,39,world,0.39,0.029000000000000005,1.8832701152145002,1.1743556308746352,-0.7716696523504466,-6.272556624737637e-15,0.9894673760183539,9.176557958231809e-16,-0.14475604234488287,-0.09578068158445288,-1.267864649656718e-15,0.028741277550200364,0.0,0.0,0.0,0.1,0.0,0
12,40,world,0.4,0.030000000000000006,1.8823123083986555,1.1743556308746352,-0.7713822395749448,-6.2615696111411675e-15,0.9894673760183539,9.160484294319671e-16,-0.14475604234488287,-0.0957806815844526,-1.2656438572465982e-15,0.028741277550201262,0.0,0.0,0.0,0.1,0.0,0
12,41,world,0.41000000000000003,0.031000000000000007,1.8813545015828108,1.1743556308746352,-0.7710948267994431,-6.2505825975446975e-15,0.9894673760183539,9.14441063040753e-16,-0.14475604234488287,-0.09578068158445233,-1.2634230648364786e-15,0.028741277550202168,0.0,0.0,0.0,0.1,0.0,0
12,42,world,0.42,0.032,1.8803966947669664,1.1743556308746352,-0.7708074140239414,-6.239595583948226e-15,0.9894673760183539,9.128336966495391e-16,-0.14475604234488287,-0.09578068158445206,-1.261202272426359e-15,0.028741277550203077,0.0,0.0,0.0,0.1,0.0,0
12,43,world,0.43,0.033,1.8794388879511217,1.1743556308746352,-0.7705200012484397,-6.228608570351755e-15,0.9894673760183539,9.112263302583252e-16,-0.14475604234488287,-0.09578068158445179,-1.2589814800162392e-15,0.028741277550203982,0.0,0.0,0.0,0.1,0.0,0
12,44,world,0.44,0.034,1.878481081135277,1.1743556308746352,-0.7702325884729379,-6.217621556755284e-15,0.9894673760183539,9.096189638671113e-16,-0.14475604234488287,-0.09578068158445152,-1.2567606876061197e-15,0.02874127755020489,0.0,0.0,0.0,0.1,0.0,0
12,45,world,0.45,0.035,1.8775232743194326,1.1743556308746352,-0.7699451756974361,-6.206634543158815e-15,0.9894673760183539,9.080115974758976e-16,-0.14475604234488287,-0.09578068158445124,-1.254539895196e-15,0.028741277550205797,0.0,0.0,0.0,0.1,0.0,0
12,46,world,0.46,0.036000000000000004,1.8765654675035879,1.1743556308746352,-0.7696577629219344,-6.195647529562343e-15,0.9894673760183539,9.064042310846837e-16,-0.14475604234488287,-0.09578068158445097,-1.2523191027858804e-15,0.028741277550206702,0.0,0.0,0.0,0.1,0.0,0
12,47,world,0.47000000000000003,0.037000000000000005,1.8756076606877432,1.1743556308746352,-0.7693703501464326,-6.184660515965873e-15,0.9894673760183539,9.047968646934698e-16,-0.14475604234488287,-0.09578068158445069,-1.250098310375761e-15,0.02874127755020761,0.0,0.0,0.0,0.1,0.0,0
12,48,world,0.48,0.038,1.8746498538718988,1.1743556308746352,-0.7690829373709309,-6.1736735023694015e-15,0.9894673760183539,9.031894983022558e-16,-0.14475604234488287,-0.09578068158445043,-1.2478775179656413e-15,0.028741277550208517,0.0,0.0,0.0,0.1,0.0,0
12,49,world,0.49,0.039,1.873692047056054,1.1743556308746352,-0.7687955245954292,-6.1626864887729314e-15,0.9894673760183539,9.01582131911042e-16,-0.14475604234488287,-0.09578068158445016,-1.2456567255555218e-15,0.02874127755020943,0.0,0.0,0.0,0.1,0.0,0
12,50,world,0.5,0.04,1.8727342402402094,1.1743556308746352,-0.7685081118199274,-6.1516994751764605e-15,0.9894673760183539,8.999747655198278e-16,-0.14475604234488287,-0.09578068158444988,-1.243435933145402e-15,0.02874127755021033,0.0,0.0,0.0,0.1,0.0,0
12,51,world,0.51,0.041,1.8717764334243647,1.1743556308746352,-0.7682206990444257,-6.1407124615799905e-15,0.9894673760183539,8.983673991286141e-16,-0.14475604234488287,-0.09578068158444962,-1.2412151407352824e-15,0.028741277550211244,0.0,0.0,0.0,0.1,0.0,0
12,52,world,0.52,0.042,1.8708186266085203,1.174355630874635,-0.767933286268924,-6.12972544798352e-15,0.9894673760183539,8.967600327374002e-16,-0.14475604234488287,-0.09578068158444934,-1.2389943483251628e-15,0.02874127755021215,0.0,0.0,0.0,0.1,0.0,0
12,53,world,0.53,0.043000000000000003,1.8698608197926756,1.174355630874635,-0.7676458734934222,-6.118738434387049e-15,0.9894673760183539,8.951526663461865e-16,-0.14475604234488287,-0.09578068158444908,-1.2367735559150433e-15,0.028741277550213058,0.0,0.0,0.0,0.1,0.0,0
12,54,world,0.54,0.044000000000000004,1.868903012976831,1.174355630874635,-0.7673584607179205,-6.1077514207905795e-15,0.9894673760183539,8.935452999549724e-16,-0.14475604234488287,-0.0957806815844488,-1.2345527635049236e-15,0.028741277550213957,0.0,0.0,0.0,0.1,0.0,0
12,55,world,0.55,0.045000000000000005,1.8679452061609865,1.174355630874635,-0.7670710479424188,-6.096764407194108e-15,0.9894673760183539,8.919379335637585e-16,-0.14475604234488287,-0.09578068158444852,-1.232331971094804e-15,0.028741277550214873,0.0,0.0,0.0,0.1,0.0,0
12,56,world,0.56,0.046000000000000006,1.8669873993451418,1.174355630874635,-0.7667836351669169,-6.085777393597636e-15,0.9894673760183539,8.903305671725445e-16,-0.14475604234488287,-0.09578068158444825,-1.2301111786846843e-15,0.02874127755021577,0.0,0.0,0.0,0.1,0.0,0
12,57,world,0.5700000000000001,0.04700000000000001,1.8660295925292971,1.174355630874635,-0.7664962223914152,-6.074790380001166e-15,0.9894673760183539,8.887232007813308e-16,-0.14475604234488287,-0.09578068158444797,-1.2278903862745646e-15,0.028741277550216677,0.0,0.0,0.0,0.1,0.0,0
12,58,world,0.58,0.048,1.8650717857134527,1.174355630874635,-0.7662088096159135,-6.063803366404695e-15,0.9894673760183539,8.871158343901168e-16,-0.14475604234488287,-0.0957806815844477,-1.2256695938644451e-15,0.02874127755021759,0.0,0.0,0.0,0.1,0.0,0
12,59,world,0.59,0.049,1.864113978897608,1.174355630874635,-0.7659213968404117,-6.052816352808225e-15,0.9894673760183539,8.855084679989029e-16,-0.14475604234488287,-0.09578068158444743,-1.2234488014543254e-15,0.02874127755021849,0.0,0.0,0.0,0.1,0.0,0
12,60,world,0.6,0.05,1.8631561720817633,1.174355630874635,-0.76563398406491,-6.041829339211754e-15,0.9894673760183539,8.839011016076889e-16,-0.14475604234488287,-0.09578068158444716,-1.2212280090442058e-15,0.028741277550219397,0.0,0.0,0.0,0.1,0.0,0
12,61,world,0.61,0.051000000000000004,1.8621983652659186,1.174355630874635,-0.7653465712894083,-6.030842325615285e-15,0.9894673760183539,8.822937352164752e-16,-0.14475604234488287,-0.09578068158444689,-1.219007216634086e-15,0.02874127755022031,0.0,0.0,0.0,0.1,0.0,0
12,62,world,0.62,0.052000000000000005,1.8612405584500742,1.174355630874635,-0.7650591585139065,-6.019855312018814e-15,0.9894673760183539,8.806863688252613e-16,-0.14475604234488287,-0.09578068158444662,-1.2167864242239666e-15,0.02874127755022122,0.0,0.0,0.0,0.1,0.0,0
12,63,world,0.63,0.053000000000000005,1.8602827516342295,1.174355630874635,-0.7647717457384048,-6.008868298422343e-15,0.9894673760183539,8.790790024340473e-16,-0.14475604234488287,-0.09578068158444634,-1.214565631813847e-15,0.028741277550222124,0.0,0.0,0.0,0.1,0.0,0
12,64,world,0.64,0.054000000000000006,1.8593249448183848,1.174355630874635,-0.7644843329629031,-5.997881284825873e-15,0.9894673760183539,8.774716360428335e-16,-0.14475604234488287,-0.09578068158444608,-1.2123448394037275e-15,0.028741277550223033,0.0,0.0,0.0,0.1,0.0,0
12,65,world,0.65,0.05500000000000001,1.8583671380025404,1.174355630874635,-0.7641969201874014,-5.986894271229402e-15,0.9894673760183539,8.758642696516195e-16,-0.14475604234488287,-0.0957806815844458,-1.2101240469936078e-15,0.02874127755022393,0.0,0.0,0.0,0.1,0.0,0
12,66,world,0.66,0.05600000000000001,1.8574093311866957,1.174355630874635,-0.7639095074118996,-5.9759072576329316e-15,0.9894673760183539,8.742569032604057e-16,-0.14475604234488287,-0.09578068158444553,-1.2079032545834883e-15,0.028741277550224847,0.0,0.0,0.0,0.1,0.0,0
12,67,world,0.67,0.05700000000000001,1.856451524370851,1.174355630874635,-0.7636220946363979,-5.964920244036461e-15,0.9894673760183539,8.726495368691917e-16,-0.14475604234488287,-0.09578068158444525,-1.2056824621733684e-15,0.02874127755022575,0.0,0.0,0.0,0.1,0.0,0
12,68,world,0.68,0.05800000000000001,1.8554937175550066,1.174355630874635,-0.7633346818608961,-5.95393323043999e-15,0.9894673760183539,8.710421704779779e-16,-0.14475604234488287,-0.09578068158444498,-1.203461669763249e-15,0.02874127755022666,0.0,0.0,0.0,0.1,0.0,0
12,69,world,0.6900000000000001,0.05900000000000001,1.854535910739162,1.1743556308746348,-0.7630472690853943,-5.94294621684352e-15,0.9894673760183539,8.69434804086764e-16,-0.14475604234488287,-0.09578068158444472,-1.2012408773531293e-15,0.028741277550227567,0.0,0.0,0.0,0.1,0.0,0
12,70,world,0.7000000000000001,0.060000000000000005,1.8535781039233172,1.1743556308746348,-0.7627598563098926,-5.93195920324705e-15,0.9894673760183539,8.678274376955501e-16,-0.14475604234488287,-0.09578068158444444,-1.1990200849430098e-15,0.028741277550228473,0.0,0.0,0.0,0.1,0.0,0
12,71,world,0.71,0.061000000000000006,1.8526202971074728,1.1743556308746348,-0.7624724435343909,-5.920972189650577e-15,0.9894673760183539,8.66220071304336e-16,-0.14475604234488287,-0.09578068158444417,-1.19679929253289e-15,0.02874127755022938,0.0,0.0,0.0,0.1,0.0,0
12,72,world,0.72,0.062000000000000006,1.851662490291628,1.1743556308746348,-0.7621850307588891,-5.909985176054107e-15,0.9894673760183539,8.646127049131223e-16,-0.14475604234488287,-0.0957806815844439,-1.1945785001227705e-15,0.028741277550230288,0.0,0.0,0.0,0.1,0.0,0
12,73,world,0.73,0.063,1.8507046834757834,1.1743556308746348,-0.7618976179833874,-5.898998162457636e-15,0.9894673760183539,8.630053385219083e-16,-0.14475604234488287,-0.09578068158444362,-1.1923577077126506e-15,0.02874127755023119,0.0,0.0,0.0,0.1,0.0,0
12,74,world,0.74,0.064,1.8497468766599388,1.1743556308746348,-0.7616102052078857,-5.8880111488611655e-15,0.9894673760183539,8.613979721306944e-16,-0.14475604234488287,-0.09578068158444336,-1.1901369153025311e-15,0.028741277550232106,0.0,0.0,0.0,0.1,0.0,0
12,75,world,0.75,0.065,1.8487890698440943,1.1743556308746348,-0.7613227924323839,-5.8770241352646954e-15,0.9894673760183539,8.597906057394806e-16,-0.14475604234488287,-0.09578068158444308,-1.1879161228924115e-15,0.028741277550233004,0.0,0.0,0.0,0.1,0.0,0
12,76,world,0.76,0.066,1.8478312630282496,1.1743556308746348,-0.7610353796568822,-5.866037121668225e-15,0.9894673760183539,8.581832393482668e-16,-0.14475604234488287,-0.0957806815844428,-1.185695330482292e-15,0.028741277550233913,0.0,0.0,0.0,0.1,0.0,0
12,77,world,0.77,0.067,1.846873456212405,1.1743556308746348,-0.7607479668813805,-5.855050108071754e-15,0.9894673760183539,8.565758729570528e-16,-0.14475604234488287,-0.09578068158444253,-1.1834745380721723e-15,0.02874127755023482,0.0,0.0,0.0,0.1,0.0,0
12,78,world,0.78,0.068,1.8459156493965605,1.1743556308746348,-0.7604605541058786,-5.8440630944752844e-15,0.9894673760183539,8.549685065658389e-16,-0.14475604234488287,-0.09578068158444226,-1.1812537456620528e-15,0.028741277550235728,0.0,0.0,0.0,0.1,0.0,0
12,79,world,0.79,0.069,1.8449578425807158,1.1743556308746348,-0.760173141330377,-5.833076080878813e-15,0.9894673760183539,8.533611401746249e-16,-0.14475604234488287,-0.09578068158444199,-1.179032953251933e-15,0.028741277550236633,0.0,0.0,0.0,0.1,0.0,0
12,80,world,0.8,0.07,1.8440000357648711,1.1743556308746348,-0.7598857285548752,-5.822089067282341e-15,0.9894673760183539,8.51753773783411e-16,-0.14475604234488287,-0.09578068158444172,-1.1768121608418135e-15,0.028741277550237546,0.0,0.0,0.0,0.1,0.0,0
12,81,world,0.81,0.07100000000000001,1.8430422289490267,1.1743556308746348,-0.7595983157793734,-5.811102053685871e-15,0.9894673760183539,8.501464073921972e-16,-0.14475604234488287,-0.09578068158444145,-1.1745913684316938e-15,0.028741277550238444,0.0,0.0,0.0,0.1,0.0,0
12,82,world,0.8200000000000001,0.07200000000000001,1.842084422133182,1.1743556308746348,-0.7593109030038717,-5.800115040089401e-15,0.9894673760183539,8.485390410009833e-16,-0.14475604234488287,-0.09578068158444118,-1.1723705760215743e-15,0.02874127755023936,0.0,0.0,0.0,0.1,0.0,0
12,83,world,0.8300000000000001,0.07300000000000001,1.8411266153173373,1.1743556308746348,-0.75902349022837,-5.78912802649293e-15,0.9894673760183539,8.469316746097693e-16,-0.14475604234488287,-0.0957806815844409,-1.1701497836114545e-15,0.02874127755024026,0.0,0.0,0.0,0.1,0.0,0
12,84,world,0.84,0.07399999999999998,1.840168808501493,1.1743556308746348,-0.7587360774528683,-5.778141012896461e-15,0.9894673760183539,8.453243082185557e-16,-0.14475604234488287,-0.09578068158444064,-1.1679289912013352e-15,0.028741277550241168,0.0,0.0,0.0,0.1,0.0,0
12,85,world,0.85,0.07499999999999998,1.8392110016856482,1.1743556308746348,-0.7584486646773665,-5.7671539992999884e-15,0.9894673760183539,8.4371694182734155e-16,-0.14475604234488287,-0.09578068158444036,-1.1657081987912153e-15,0.028741277550242073,0.0,0.0,0.0,0.1,0.0,0
12,86,world,0.86,0.07599999999999998,1.8382531948698035,1.1743556308746346,-0.7581612519018648,-5.756166985703518e-15,0.9894673760183539,8.421095754361276e-16,-0.14475604234488287,-0.09578068158444009,-1.1634874063810956e-15,0.02874127755024298,0.0,0.0,0.0,0.1,0.0,0
12,87,world,0.87,0.07699999999999999,1.8372953880539589,1.1743556308746346,-0.7578738391263631,-5.7451799721070475e-15,0.9894673760183539,8.405022090449139e-16,-0.14475604234488287,-0.09578068158443981,-1.161266613970976e-15,0.028741277550243884,0.0,0.0,0.0,0.1,0.0,0
12,88,world,0.88,0.07799999999999999,1.8363375812381144,1.1743556308746346,-0.7575864263508613,-5.7341929585105774e-15,0.9894673760183539,8.388948426536999e-16,-0.14475604234488287,-0.09578068158443953,-1.1590458215608565e-15,0.028741277550244793,0.0,0.0,0.0,0.1,0.0,0
12,89,world,0.89,0.07899999999999999,1.8353797744222697,1.1743556308746346,-0.7572990135753596,-5.723205944914106e-15,0.9894673760183539,8.37287476262486e-16,-0.14475604234488287,-0.09578068158443927,-1.1568250291507368e-15,0.0287412775502457,0.0,0.0,0.0,0.1,0.0,0
12,90,world,0.9,0.07999999999999999,1.834421967606425,1.1743556308746346,-0.7570116007998579,-5.712218931317636e-15,0.9894673760183539,8.356801098712722e-16,-0.14475604234488287,-0.09578068158443899,-1.1546042367406171e-15,0.028741277550246608,0.0,0.0,0.0,0.1,0.0,0
12,91,world,0.91,0.08099999999999999,1.8334641607905806,1.1743556308746346,-0.756724188024356,-5.701231917721166e-15,0.9894673760183539,8.340727434800583e-16,-0.14475604234488287,-0.09578068158443873,-1.1523834443304977e-15,0.028741277550247513,0.0,0.0,0.0,0.1,0.0,0
12,92,world,0.92,0.08199999999999999,1.832506353974736,1.1743556308746346,-0.7564367752488543,-5.690244904124694e-15,0.9894673760183539,8.324653770888443e-16,-0.14475604234488287,-0.09578068158443846,-1.150162651920378e-15,0.028741277550248426,0.0,0.0,0.0,0.1,0.0,0
12,93,world,0.93,0.08299999999999999,1.8315485471588913,1.1743556308746346,-0.7561493624733526,-5.679257890528225e-15,0.9894673760183539,8.308580106976304e-16,-0.14475604234488287,-0.09578068158443818,-1.1479418595102583e-15,0.028741277550249328,0.0,0.0,0.0,0.1,0.0,0
12,94,world,0.9400000000000001,0.08399999999999999,1.8305907403430468,1.1743556308746346,-0.7558619496978508,-5.668270876931753e-15,0.9894673760183539,8.292506443064164e-16,-0.14475604234488287,-0.09578068158443792,-1.1457210671001388e-15,0.02874127755025024,0.0,0.0,0.0,0.1,0.0,0
12,95,world,0.9500000000000001,0.08500000000000002,1.8296329335272021,1.1743556308746346,-0.7555745369223491,-5.6572838633352814e-15,0.9894673760183539,8.276432779152024e-16,-0.14475604234488287,-0.09578068158443764,-1.143500274690019e-15,0.02874127755025114,0.0,0.0,0.0,0.1,0.0,0
12,96,world,0.96,0.08600000000000002,1.8286751267113575,1.1743556308746346,-0.7552871241468474,-5.646296849738811e-15,0.9894673760183539,8.260359115239887e-16,-0.14475604234488287,-0.09578068158443737,-1.1412794822798995e-15,0.028741277550252055,0.0,0.0,0.0,0.1,0.0,0
12,97,world,0.97,0.08700000000000002,1.8277173198955128,1.1743556308746346,-0.7549997113713456,-5.6353098361423405e-15,0.9894673760183539,8.244285451327747e-16,-0.14475604234488287,-0.09578068158443709,-1.1390586898697798e-15,0.028741277550252953,0.0,0.0,0.0,0.1,0.0,0
12,98,world,0.98,0.08800000000000002,1.8267595130796683,1.1743556308746346,-0.7547122985958439,-5.624322822545872e-15,0.9894673760183539,8.228211787415609e-16,-0.14475604234488287,-0.09578068158443682,-1.1368378974596603e-15,0.02874127755025387,0.0,0.0,0.0,0.1,0.0,0
12,99,world,0.99,0.08900000000000002,1.8258017062638237,1.1743556308746346,-0.7544248858203422,-5.6133358089494e-15,0.9894673760183539,8.21213812350347e-16,-0.14475604234488287,-0.09578068158443655,-1.1346171050495405e-15,0.028741277550254768,0.0,0.0,0.0,0.1,0.0,0
12,100,world,1.0,0.09000000000000002,1.824843899447979,1.1743556308746346,-0.7541374730448404,-5.6023487953529295e-15,0.9894673760183539,8.196064459591331e-16,-0.14475604234488287,-0.09578068158443627,-1.132396312639421e-15,0.028741277550255673,0.0,0.0,0.0,0.1,0.0,0
12,101,world,1.01,0.09100000000000003,1.8238860926321345,1.1743556308746346,-0.7538500602693387,-5.591361781756457e-15,0.9894673760183539,8.17999079567919e-16,-0.14475604234488287,-0.095780681584436,-1.1301755202293011e-15,0.028741277550256586,0.0,0.0,0.0,0.1,0.0,0
12,102,world,1.02,0.09200000000000003,1.8229282858162899,1.1743556308746343,-0.753562647493837,-5.580374768159987e-15,0.9894673760183539,8.163917131767051e-16,-0.14475604234488287,-0.09578068158443573,-1.1279547278191817e-15,0.028741277550257488,0.0,0.0,0.0,0.1,0.0,0
12,103,world,1.03,0.09300000000000003,1.8219704790004452,1.1743556308746343,-0.7532752347183351,-5.569387754563518e-15,0.9894673760183539,8.147843467854914e-16,-0.14475604234488287,-0.09578068158443546,-1.125733935409062e-15,0.028741277550258394,0.0,0.0,0.0,0.1,0.0,0
12,104,world,1.04,0.09400000000000003,1.8210126721846005,1.1743556308746343,-0.7529878219428334,-5.558400740967048e-15,0.9894673760183539,8.131769803942775e-16,-0.14475604234488287,-0.09578068158443519,-1.1235131429989425e-15,0.028741277550259306,0.0,0.0,0.0,0.1,0.0,0
12,105,world,1.05,0.09500000000000003,1.820054865368756,1.1743556308746343,-0.7527004091673317,-5.547413727370576e-15,0.9894673760183539,8.115696140030635e-16,-0.14475604234488287,-0.09578068158443492,-1.1212923505888228e-15,0.028741277550260208,0.0,0.0,0.0,0.1,0.0,0
12,106,world,1.06,0.09600000000000003,1.8190970585529114,1.1743556308746343,-0.7524129963918299,-5.536426713774104e-15,0.9894673760183539,8.099622476118496e-16,-0.14475604234488287,-0.09578068158443465,-1.1190715581787032e-15,0.02874127755026112,0.0,0.0,0.0,0.1,0.0,0
12,107,world,1.07,0.09700000000000003,1.8181392517370667,1.1743556308746343,-0.7521255836163282,-5.525439700177634e-15,0.9894673760183539,8.083548812206358e-16,-0.14475604234488287,-0.09578068158443437,-1.1168507657685835e-15,0.028741277550262026,0.0,0.0,0.0,0.1,0.0,0
12,108,world,1.08,0.09800000000000003,1.8171814449212222,1.1743556308746343,-0.7518381708408265,-5.5144526865811634e-15,0.9894673760183539,8.067475148294217e-16,-0.14475604234488287,-0.09578068158443409,-1.1146299733584638e-15,0.028741277550262928,0.0,0.0,0.0,0.1,0.0,0
12,109,world,1.09,0.09900000000000003,1.8162236381053776,1.1743556308746343,-0.7515507580653247,-5.503465672984693e-15,0.9894673760183539,8.051401484382079e-16,-0.14475604234488287,-0.09578068158443383,-1.1124091809483443e-15,0.02874127755026384,0.0,0.0,0.0,0.1,0.0,0
12,110,world,1.1,0.10000000000000003,1.815265831289533,1.1743556308746343,-0.751263345289823,-5.4924786593882225e-15,0.9894673760183539,8.03532782046994e-16,-0.14475604234488287,-0.09578068158443355,-1.1101883885382247e-15,0.028741277550264746,-7.498790199782772e-10,-0.007329343774654245,-2.5086839354879794e-09,0.1,0.0,1
12,111,world,1.11,0.10100000000000003,1.8143080267111893,1.1743556308746346,-0.7509759250579532,2.5902600752896282e-11,0.9894779830286486,-3.787531942166821e-12,-0.14468352049061184,-0.09578029032898776,5.235605847122534e-12,0.02874258138189431,-4.523441458553217e-10,-0.014658691290533953,-1.5136997400815004e-09,0.1,0.0,1
12,112,world,1.12,0.10200000000000004,1.813350224358079,1.1743556308746346,-0.7506884974107512,1.5626867929928264e-11,0.9894885847289492,-2.283823178010703e-12,-0.14461099782209236,-0.09578023654004462,3.1585720055429654e-12,0.028742760624774773,3.6859883991710224e-10,-0.014658698457997872,1.2341184275121363e-09,0.1,0.0,1
12,113,world,1.1300000000000001,0.10300000000000004,1.812392420855494,1.1743556308746341,-0.7504010735940139,1.315852382031711e-11,0.989499181118735,-1.9220965452867787e-12,-0.1445384743428296,-0.095780520220012,2.6596303430513115e-12,0.02874181529381665,-4.5663175883067597e-10,-0.01465870499550459,-1.5296821585373622e-09,0.1,0.0,1
12,114,world,1.1400000000000001,0.10400000000000004,1.8114346128289416,1.1743556308746343,-0.750113664853311,3.14235725685449e-11,0.9895097721974869,-4.587762943661772e-12,-0.14446595005632876,-0.09578114132519243,6.3513337844414245e-12,0.028739745413686586,8.888895151934356e-10,-0.014658710903040226,2.9793065413699133e-09,0.1,0.0,1
12,115,world,1.1500000000000001,0.10500000000000004,1.810476796904501,1.1743556308746343,-0.7498262824342333,-1.7606195630029376e-11,0.9895203579646862,2.5691425822426286e-12,-0.14439342496609542,-0.09578209977845416,-3.5585262660242923e-12,0.028736550976591693,1.8457010121776778e-09,-0.014658716180616083,6.189579989769516e-09,0.1,0.0,1
12,116,world,1.16,0.10600000000000001,1.8095189697092802,1.1743556308746348,-0.7495389375823119,-3.2488663392219455e-11,0.9895309384198154,4.738399708874516e-12,-0.14432089907563492,-0.09578339546042047,-6.566467170913224e-12,0.028732231971649914,-5.081938321174328e-10,-0.014658720828234535,-1.7051466896958544e-09,0.1,0.0,1
12,117,world,1.17,0.10700000000000001,1.8085611278717149,1.1743556308746346,-0.7492516415434594,0.0,0.989541513562358,-0.0,-0.1442483723884531,-0.09578502821509521,0.0,0.02872678836614726,-1.3446062876160142e-09,-0.01465872484587892,-4.5139851455575365e-09,0.1,0.0,1
12,118,world,1.18,0.10800000000000001,1.8076032680220584,1.1743556308746346,-0.7489644055637772,1.4118469655227682e-11,0.9895520833917982,-2.057034011160033e-12,-0.14417584490805574,-0.09578699784610223,2.853501740590585e-12,0.02872022011807719,-3.64816913992307e-10,-0.014658728233552435,-1.2253853641620369e-09,0.1,0.0,1
12,119,world,1.19,0.10900000000000001,1.80664538679267,1.1743556308746343,-0.7486772408900308,1.265193929482187e-11,0.9895626479076214,-1.8424163625626497e-12,-0.14410331663794892,-0.09578930411748726,2.5570718018848744e-12,0.028712527173474972,7.934141891662105e-10,-0.014658730991268742,2.6664320868208776e-09,0.1,0.0,1
12,120,world,1.2,0.11000000000000001,1.8056874808184946,1.1743556308746343,-0.7483901587694931,-1.3410874741001107e-11,0.9895732071093138,1.9519312338169642e-12,-0.14403078758163862,-0.09579194675587575,-2.7104303230255562e-12,0.028703709459222668,-1.4272910604939992e-10,-0.014658733119022297,-4.799279625088368e-10,0.1,0.0,1
12,121,world,1.21,0.11100000000000002,1.804729546737382,1.1743556308746346,-0.7481031704503138,1.76070744455185e-11,0.9895837609963627,-2.5613635358866447e-12,-0.1439582577426312,-0.0957949254488916,3.5584729687469782e-12,0.02869376688832094,-1.1203305228546994e-09,-0.014658734616790887,-3.769143970301296e-09,0.1,0.0,1
12,122,world,1.22,0.11200000000000002,1.8037715811905175,1.1743556308746346,-0.7478162871815307,2.5500898878372802e-11,0.989594309568256,-3.707797571150275e-12,-0.14388572712443312,-0.09579823984416685,5.153796920990726e-12,0.02868269936319603,6.111889830641147e-10,-0.014658735484593947,2.057336020768523e-09,0.1,0.0,1
12,123,world,1.23,0.11300000000000002,1.8028135808228098,1.1743556308746341,-0.747529520213206,-3.6314703862713786e-12,0.9896048528244829,5.277392890303178e-13,-0.14381319573055085,-0.09580188955080428,-7.339216083694461e-13,0.028670506770817623,5.758879892427806e-10,-0.014658735722437026,1.939550058602953e-09,0.1,0.0,1
12,124,world,1.24,0.11400000000000002,1.8018555422832354,1.1743556308746343,-0.7472428807967265,5.479144560437312e-12,0.9896153907645333,-7.958403660987774e-13,-0.14374066356449103,-0.09580587413934599,1.1073254836690858e-12,0.028657188982797933,-9.428258223711618e-10,-0.014658735330303478,-3.1770774710311833e-09,0.1,0.0,1
12,125,world,1.25,0.11500000000000002,1.8008974622253318,1.1743556308746343,-0.7469563801845922,2.916487295202821e-11,0.9896259233878981,-4.233986477161033e-12,-0.14366813062976064,-0.09581019314011413,5.894106874822671e-12,0.028642745860933645,1.574373674684405e-10,-0.014658734308196066,5.308082022209934e-10,0.1,0.0,1
12,126,world,1.26,0.11600000000000002,1.7999393373074206,1.1743556308746343,-0.7466700296311133,0.0,0.9896364506940695,-0.0,-0.1435955969298665,-0.0958148460460727,0.0,0.028627177247632852,1.2730620390454668e-09,-0.014658732656131455,4.294503379637187e-09,0.1,0.0,1
12,127,world,1.27,0.11700000000000002,1.7989811641932394,1.1743556308746343,-0.7463838403917447,-1.516300971271952e-11,0.98964697268254,2.199007979893471e-12,-0.14352306246831575,-0.09581983230789062,-3.0643201278689722e-12,0.028610482982426622,4.389130554218809e-10,-0.014658730374098532,1.4814109816375653e-09,0.1,0.0,1
12,128,world,1.28,0.11800000000000002,1.7980229395520133,1.1743556308746343,-0.7460978237242842,-1.5290842826045166e-11,0.9896574893528035,2.2164026333053247e-12,-0.14345052724861557,-0.0958251513425447,-3.0901215711924855e-12,0.02859266287316391,-1.337345506876714e-09,-0.014658727462088978,-4.516213546561295e-09,0.1,0.0,1
12,129,world,1.29,0.11900000000000002,1.7970646600592535,1.1743556308746346,-0.7458119908876505,3.145063780734079e-11,0.9896680007043547,-4.556406057285793e-12,-0.14337799127427345,-0.0958308025222214,6.355782568692111e-12,0.02857371673316246,-1.1277020831393304e-09,-0.014658723920102793,-3.810299554189925e-09,0.1,0.0,1
12,130,world,1.3,0.12000000000000002,1.7961063223966498,1.1743556308746346,-0.745526353143682,2.4035441789930036e-11,0.9896785067366891,-3.4803321356795693e-12,-0.14330545454879678,-0.09583678518109255,4.857212765769292e-12,0.028553644358524907,1.8725965935487817e-09,-0.014658719748170502,6.330572152461469e-09,0.1,0.0,1
12,131,world,1.31,0.12100000000000002,1.7951479232530647,1.1743556308746343,-0.7452409217552572,-3.3885232620692705e-11,0.9896890074493035,4.9040462989065466e-12,-0.14323291707569316,-0.09584309861513637,-6.8476403833013034e-12,0.028532445528717726,6.278655382783454e-10,-0.014658714946267136,2.1237308853775825e-09,0.1,0.0,1
12,132,world,1.32,0.12200000000000003,1.7941894593242182,1.1743556308746346,-0.7449557079887965,2.118078105059547e-12,0.9896995028416955,-3.0638073789217345e-13,-0.1431603788584704,-0.0958497420845422,4.280237894517296e-13,0.02851011999846269,-1.4518848398916859e-09,-0.014658709514384355,-4.913593395631454e-09,0.1,0.0,1
12,133,world,1.33,0.12300000000000003,1.793230927313906,1.1743556308746343,-0.7446707231116223,1.682291940794025e-11,0.9897099929133635,-2.4321823727563194e-12,-0.14308783990063648,-0.09585671480123525,3.3995604867905896e-12,0.028486667539651758,5.645452698972795e-10,-0.014658703452552697,1.9116136905260834e-09,0.1,0.0,1
12,134,world,1.34,0.12400000000000003,1.7922723239334473,1.1743556308746346,-0.744385978395264,-1.7609313274206423e-11,0.9897204776638068,2.5445580657999667e-12,-0.1430153002056992,-0.0958640159443629,-3.558437202996306e-12,0.028462087889312294,9.780335624323994e-10,-0.014658696760763833,3.3135195555368135e-09,0.1,0.0,1
12,135,world,1.35,0.12500000000000003,1.7913136459031578,1.1743556308746343,-0.7441014851119551,-1.7370405380382202e-11,0.9897309570925259,2.5087360011594097e-12,-0.14294275977716683,-0.09587164465181504,-3.510122901519913e-12,0.0284363807780826,-5.033696733437859e-10,-0.018199655028853453,-1.7065303701671656e-09,0.1,0.0,1
12,136,world,1.36,0.12600000000000003,1.790354889951533,1.1743556308746343,-0.7438172545388365,0.0,0.9897464895638098,-0.0,-0.14283517212547925,-0.0958796000225977,0.0,0.028409545922219233,6.203303608507296e-12,-0.03265710756813025,2.105310771321314e-11,0.1,0.0,1
12,137,world,1.37,0.12700000000000003,1.78939605281688,1.1743556308746343,-0.7435332979539097,-1.7588460028698586e-11,0.989777585285774,2.5343653179487933e-12,-0.1426195346572918,-0.09588788111411817,-3.55401839594148e-12,0.02838158303274753,3.2086114411383934e-10,-0.043573701327112205,1.0902690975663814e-09,0.1,0.0,1
12,138,world,1.3800000000000001,0.12800000000000003,1.7884371312467913,1.1743556308746346,-0.7432496266392711,-1.124920233146617e-11,0.9898086341731618,1.6184241168869987e-12,-0.14240388940004403,-0.09589648694539112,-2.2730022562169564e-12,0.02835249180464446,-5.009487516148282e-10,-0.0435738990369184,-1.7049398480792952e-09,0.1,0.0,1
12,139,world,1.3900000000000001,0.12900000000000003,1.7874781219989435,1.1743556308746343,-0.742966251879867,0.0,0.9898396362120707,-0.0,-0.14218823644576117,-0.0959054164955831,0.0,0.028322271921735694,5.5511467483497574e-11,-0.04357408020135241,1.892337560796108e-10,0.1,0.0,1
12,140,world,1.4000000000000001,0.13000000000000003,1.7865190218414246,1.1743556308746346,-0.7426831849638491,-1.3202008960354687e-11,0.989870591388671,1.893503287483785e-12,-0.14197257588648166,-0.09591466870261862,-2.6674162843030994e-12,0.02829092306141516,-3.286942812152644e-12,-0.04357424481998459,-1.1223004630800772e-11,0.1,0.0,1
12,141,world,1.41,0.131,1.7855598275531332,1.1743556308746346,-0.7424004371826821,1.1576339056380006e-13,0.9899014996892066,-1.6577669888944124e-14,-0.14175690781425662,-0.09592424246538334,2.3388823135702623e-14,0.028258444887189926,5.11633978220488e-10,-0.04357439289246405,1.7497597504460907e-09,0.1,0.0,1
12,142,world,1.42,0.132,1.78460053592407,1.1743556308746346,-0.7421180198316217,-3.1249569346053696e-11,0.9899323610999947,4.468085627416797e-12,-0.14154123232114962,-0.09593413664414695,-6.31346173233237e-12,0.028224837047220386,5.012559237815631e-10,-0.04357452441843273,1.7170445789574764e-09,0.1,0.0,1
12,143,world,1.43,0.133,1.783641143756052,1.1743556308746346,-0.741835944208746,-1.7591843771637633e-11,0.9899631756074257,2.5113833009050423e-12,-0.14132554949923679,-0.09594435005733806,-3.5540316287527663e-12,0.028190099185263162,-1.2068961755283542e-09,-0.043574639397600395,-4.140911372040943e-09,0.1,0.0,1
12,144,world,1.44,0.134,1.7826816478628233,1.1743556308746343,-0.7415542216160567,1.1448962753253667e-11,0.9899939431979634,-1.631890312009014e-12,-0.14110985944060603,-0.09595488148268314,2.3129301355347316e-12,0.028154230936827892,-4.964919655832487e-10,-0.043574737829711094,-1.706252051038252e-09,0.1,0.0,1
12,145,world,1.45,0.135,1.7817220450705382,1.1743556308746346,-0.7412728633592921,0.0,0.9900246638581451,-0.0,-0.14089416223735732,-0.09596572965799365,0.0,0.028117231926505143,3.134731128727375e-11,-0.04357481971452059,1.0790390541298098e-10,0.1,0.0,1
12,146,world,1.46,0.136,1.780762332218172,1.1743556308746346,-0.7409918807480002,1.0337196519795201e-11,0.9900553375745815,-1.4688278635213428e-12,-0.14067845798160228,-0.09597689328108812,2.0882001623446193e-12,0.028079101768230093,0.0,-0.04357488505185956,0.0,0.1,0.0,1
12,147,world,1.47,0.137,1.7798025061579266,1.1743556308746346,-0.7407112850956281,0.0,0.9900859643339568,-0.0,-0.1404627467654638,-0.09598837100971784,0.0,0.028039840065534623,-1.1824188345650255e-10,-0.043574933841583674,-4.083409490873538e-10,0.1,0.0,1
12,148,world,1.48,0.138,1.7788425637556358,1.1743556308746346,-0.7404310877196089,1.4546977666217804e-11,0.9901165441230287,-2.0605356067290556e-12,-0.14024702868107605,-0.0960001614596208,2.938429221804995e-12,0.027999446418219394,5.198262688416482e-10,-0.043574966083570824,1.7981198922016174e-09,0.1,0.0,1
12,149,world,1.49,0.139,1.777882501891171,1.1743556308746341,-0.7401512999414457,-1.853309434370473e-11,0.9901470769286285,2.621038253053322e-12,-0.1400313038205841,-0.09601226320782892,-3.743492807756699e-12,0.027957920411049577,8.672888572605137e-10,-0.043574981777734945,3.0049275016486987e-09,0.1,0.0,1
12,150,world,1.5,0.14,1.7769223174587678,1.1743556308746346,-0.739871933087073,-1.6420756041943634e-11,0.9901775627376609,2.3186522191672515e-12,-0.13981557227614397,-0.09602467478720335,-3.3167203305844064e-12,0.027915261632516272,2.817832181004559e-10,-0.04357498092406217,9.779038323443459e-10,0.1,0.0,1
12,151,world,1.51,0.14100000000000001,1.7759620073676095,1.1743556308746346,-0.7395929984863338,-2.8611505307550668e-11,0.9902080015371045,4.033658977939393e-12,-0.1395998341399218,-0.09603739469380564,-5.7788720888628976e-12,0.027871469649557303,-1.1818498393913466e-10,-0.04357496352255528,-4.1082333309676753e-10,0.1,0.0,1
12,152,world,1.52,0.14200000000000002,1.7750015685421956,1.1743556308746346,-0.7393145074731869,-1.2188643490310767e-11,0.9902383933140114,1.7156504803871395e-12,-0.13938408950409437,-0.09605042138079127,-2.4617528632585663e-12,0.0278265440285429,-5.169090436918881e-10,-0.04357492957323925,-1.7997811495709496e-09,0.1,0.0,1
12,153,world,1.53,0.14300000000000002,1.7740409979226366,1.1743556308746346,-0.7390364713861778,-1.0070079721179943e-11,0.9902687380555073,1.415208022942092e-12,-0.13916833846084828,-0.09606375325898941,-2.033802239548656e-12,0.027780484333358908,-8.290644369841412e-10,-0.043574879076202916,-2.891396252801109e-09,0.1,0.0,1
12,154,world,1.54,0.14400000000000002,1.7730802924651294,1.1743556308746346,-0.7387589015682849,1.7597908846580205e-11,0.9902990357487916,-2.4692287561279802e-12,-0.13895258110238004,-0.09607738869895988,3.5540508974453e-12,0.027733290118357342,-7.689161388935135e-10,-0.04357481203155448,-2.686043603592645e-09,0.1,0.0,1
12,155,world,1.55,0.14500000000000002,1.772119449142369,1.1743556308746346,-0.7384818093669809,1.7598441596592576e-11,0.9903292863811378,-2.4653938987915094e-12,-0.1387368175208958,-0.09609132603192488,3.554050445521818e-12,0.027684960925136132,4.883105058663029e-10,-0.043574728439446646,1.7086216415439418e-09,0.1,0.0,1
12,156,world,1.56,0.14600000000000002,1.7711584649439636,1.1743556308746346,-0.7382052061342893,0.0,0.9903594899398928,-0.0,-0.1385210478086111,-0.09610556354304846,0.0,0.027635496305893893,9.308708048614392e-10,-0.04357462830006533,3.2625411533370233e-09,0.1,0.0,1
12,157,world,1.57,0.14700000000000002,1.770197336876847,1.1743556308746346,-0.7379291032268376,-1.6001845776251705e-11,0.9903896464124773,2.2346150745086963e-12,-0.1383052720577506,-0.0961200994820468,-3.2314179973281558e-12,0.027584895786669634,-1.4246172282920177e-11,-0.04357451161364928,-5.001295777518011e-11,0.1,0.0,1
12,158,world,1.58,0.14800000000000002,1.7692360619656544,1.1743556308746343,-0.7376535120060558,5.150420043462177e-13,0.9904197557863859,-7.180984373436086e-14,-0.13808949036054777,-0.09613493205219814,1.0400461027660871e-13,0.027533158905567845,-3.6950518083651243e-10,-0.043574378380470465,-1.2993425049773651e-09,0.1,0.0,1
12,159,world,1.59,0.14900000000000002,1.7682746372531286,1.1743556308746346,-0.7373784438382496,-2.6232196137399494e-12,0.9904498180491872,3.651603492042871e-13,-0.13787370280924488,-0.09615005941668314,-5.297018629765746e-13,0.027480285190810978,1.4202581215871992e-11,-0.043574228600812,5.0025354141084566e-11,0.1,0.0,1
12,160,world,1.6,0.15000000000000002,1.767313059800814,1.1743556308746346,-0.7371039100936784,0.0,0.9904798331885236,-0.0,-0.13765790949609277,-0.09616547969707369,0.0,0.027426274166056697,1.1554955786162101e-10,-0.04357406227502916,4.0767301847018887e-10,0.1,0.0,1
12,161,world,1.61,0.15100000000000002,1.7663513266891213,1.1743556308746346,-0.7368299221478268,-6.82048747075738e-12,0.9905098011921114,9.4640375247427e-13,-0.13744211051335034,-0.09618119097240342,-1.3771655498578188e-12,0.027371125353738424,0.0,-0.043573879403493866,0.0,0.1,0.0,1
12,162,world,1.62,0.15200000000000002,1.7653894350178787,1.1743556308746346,-0.7365564913809809,0.0,0.9905397220477408,-0.0,-0.13722630595328464,-0.09619719128083766,0.0,0.027314838269298466,-3.688940808995273e-10,-0.04357367998662524,-1.3058401054822834e-09,0.1,0.0,1
12,163,world,1.6300000000000001,0.15300000000000002,1.764427381906751,1.1743556308746346,-0.7362836291782539,6.620590411502752e-12,0.9905695957432761,-9.157260422517137e-13,-0.13701049590817047,-0.0962134786170059,1.3367229958321137e-12,0.027257412430657275,2.0978419663775012e-11,-0.051586108802700426,7.440774705186094e-11,0.1,0.0,1
12,164,world,1.6400000000000001,0.15400000000000003,1.7634651646685178,1.1743556308746346,-0.7360113463183529,-7.658261672154581e-13,0.9906103799585179,1.0569257251754407e-13,-0.13671530681836983,-0.09622999058367165,-1.546169225162293e-13,0.02719906087103868,-5.395422231770719e-11,-0.06092229637410626,-1.9175706944840784e-10,0.1,0.0,1
12,165,world,1.6500000000000001,0.15500000000000003,1.7625027816953893,1.1743556308746346,-0.7357396498299705,8.59455711730939e-12,0.990652881852249,-1.1834192501519662e-12,-0.13640699277468887,-0.09624662387173295,1.7351286761713089e-12,0.027140143575397027,-2.0893706418699803e-11,-0.0622462508298417,-7.443158057410826e-11,0.1,0.0,1
12,166,world,1.6600000000000001,0.15600000000000003,1.761540231795517,1.1743556308746343,-0.735468545314263,0.0,0.9906952881950954,-0.0,-0.13609866255050704,-0.0962633758372033,0.0,0.027080666026250956,-4.6089144650004517e-10,-0.06224682580580701,-1.6458125999601714e-09,0.1,0.0,1
12,167,world,1.67,0.157,1.760577513786405,1.1743556308746343,-0.735198038378082,2.5528269113153445e-11,0.9907375989474339,-3.4988999550085337e-12,-0.13579031641421896,-0.09628024547620043,5.153382937277247e-12,0.02702062788024345,0.0,-0.062247352551978025,0.0,0.1,0.0,1
12,168,world,1.68,0.158,1.7596146264970836,1.1743556308746343,-0.734928134626615,0.0,0.9907798140699458,-0.0,-0.13548195463427562,-0.09629723177517419,0.0,0.026960028791497687,2.141665752481556e-10,-0.06224783106589288,7.684574472841771e-10,0.1,0.0,1
12,169,world,1.69,0.159,1.7586515687654654,1.1743556308746343,-0.7346588396731508,1.762622833462305e-11,0.9908219335236172,-2.4046705677808358e-12,-0.13517357747918315,-0.09631433370938877,3.557897895710915e-12,0.026898868417026402,0.0,-0.0622482613453403,0.0,0.1,0.0,1
12,170,world,1.7,0.16000000000000003,1.7576883394408538,1.1743556308746343,-0.7343901591305149,0.0,0.99086395726974,-0.0,-0.1348651852175013,-0.09633155024543077,0.0,0.02683714640776932,4.75453101988062e-10,-0.06224864338831996,1.7142369774934552e-09,0.1,0.0,1
12,171,world,1.71,0.16100000000000003,1.756724937382059,1.1743556308746343,-0.7341220986181687,0.0,0.9909058852699109,-0.0,-0.13455677811784225,-0.09634888033790348,0.0,0.026774862420418856,-3.7143158222734596e-10,-0.062248977193044425,-1.342433524305332e-09,0.1,0.0,1
12,172,world,1.72,0.16200000000000003,1.7557613614590561,1.1743556308746343,-0.7338546637566433,1.380262094257027e-11,0.9909477174860323,-1.8699060944685207e-12,-0.1342483564488693,-0.09636632293348484,2.7857398420400144e-12,0.026712016102857467,1.1807527020919449e-10,-0.062249262757963164,4.2778532935888613e-10,0.1,0.0,1
12,173,world,1.73,0.16300000000000003,1.75479761055197,1.1743556308746346,-0.7335878601715529,-4.397828000261649e-12,0.9909894538803126,5.944006067170575e-13,-0.13393992047929532,-0.0963838769657921,-8.875625308127826e-13,0.026648607112625074,-5.74740541200086e-10,-0.06224950008176425,-2.0873436225501457e-09,0.1,0.0,1
12,174,world,1.74,0.16400000000000003,1.7538336835518518,1.1743556308746343,-0.7333216934911843,3.5259844603886214e-11,0.9910310944152656,-4.754467251119915e-12,-0.1336314704778815,-0.09640154135939893,7.115786088031902e-12,0.026584635102481626,2.6764342502300226e-10,-0.06224968916332908,9.743973282786222e-10,0.1,0.0,1
12,175,world,1.75,0.16500000000000004,1.7528695793605606,1.1743556308746343,-0.7330561693472807,-1.4412852666676154e-11,0.9910726390537119,1.938873879793276e-12,-0.13332300671343622,-0.09641931502950887,-2.908534716360453e-12,0.026520099721538085,7.999656447158329e-10,-0.06224983000178064,2.9195132548679126e-09,0.1,0.0,1
12,176,world,1.76,0.16600000000000004,1.7519052968906303,1.1743556308746341,-0.73279129337592,5.260509341809494e-12,0.991114087758778,-7.059976075768805e-13,-0.13301452945481332,-0.09643719688046071,1.0615341246661946e-12,0.02645500062066264,-3.8343982296961324e-10,-0.062249922596461074,-1.402807796695388e-09,0.1,0.0,1
12,177,world,1.77,0.16700000000000004,1.7509408350660762,1.1743556308746341,-0.7325270712149445,0.0,0.991155440493897,-0.0,-0.13270603897091118,-0.0964551858053184,0.0,0.026389337454007927,3.3475394293906694e-10,-0.06224996694694016,1.22769570953967e-09,0.1,0.0,1
12,178,world,1.78,0.16800000000000004,1.7499761928213264,1.1743556308746341,-0.7322635085082415,-7.352187893659482e-12,0.991196697222809,9.82056902132856e-13,-0.13239753553067093,-0.09647328068631043,-1.4834967853613234e-12,0.026323109877451113,-4.434160690064896e-10,-0.062249963053032,-1.6302071642762323e-09,0.1,0.0,1
12,179,world,1.79,0.16900000000000004,1.749011369102974,1.1743556308746343,-0.7320006108997189,1.6746325819834456e-11,0.9912378579095605,-2.231558993127315e-12,-0.13208901940307535,-0.09649148039634105,3.378870425835174e-12,0.026256317543070125,-4.18828926515558e-10,-0.06224991091471711,-1.5436066228521699e-09,0.1,0.0,1
12,180,world,1.8,0.17000000000000004,1.748046362867758,1.1743556308746343,-0.7317383840410752,8.501898217995225e-12,0.9912789225185056,-1.1302412418276805e-12,-0.1317804908571478,-0.0965097837979378,1.7153388879878017e-12,0.026188960102976666,4.480071681370897e-10,-0.062249810532256415,1.655220262880598e-09,0.1,0.0,1
12,181,world,1.81,0.17100000000000004,1.7470811730852465,1.1743556308746341,-0.7314768335823378,-2.512253384945528e-13,0.9913198910143052,3.3318291584142396e-14,-0.13147195016195012,-0.09652818974141664,-5.0685010997463375e-14,0.02612103721610359,-4.5065381610384924e-10,-0.062249661906146725,-1.6691179747527027e-09,0.1,0.0,1
12,182,world,1.82,0.17200000000000004,1.7461157987349878,1.174355630874634,-0.7312159651827203,2.5642087521738463e-11,0.9913607633619278,-3.3926129062824643e-12,-0.13116339758658188,-0.09654669706843565,5.173108619138457e-12,0.026052548535137995,4.2021941305270807e-10,-0.06224946503703199,1.560254830796116e-09,0.1,0.0,1
12,183,world,1.83,0.17300000000000004,1.7451502388097817,1.1743556308746341,-0.7309557844989396,-1.6270832141172396e-11,0.9914015395266498,2.1475829361047322e-12,-0.13085483340017923,-0.0965653046087992,-3.2823896800601864e-12,0.025983493718317114,8.518262042109679e-10,-0.06224921992584756,3.1706489994432108e-09,0.1,0.0,1
12,184,world,1.84,0.17400000000000004,1.7441844923127052,1.1743556308746341,-0.7306962971965996,-6.905657784662797e-12,0.991442219474055,9.092892800248178e-13,-0.13054625787191268,-0.09658401118275517,-1.393052939979639e-12,0.02591387242095296,3.5662542716674585e-11,-0.06224892657373141,1.3307287435862119e-10,0.1,0.0,1
12,185,world,1.85,0.17500000000000004,1.7432185582599482,1.1743556308746341,-0.7304375089400569,-1.7638118433721067e-11,0.9914828031700351,2.316880800216708e-12,-0.13023767127098676,-0.09660281559781246,-3.557927191694268e-12,0.025843684307293387,2.7954739651884625e-10,-0.06224858498205746,1.0457191761586459e-09,0.1,0.0,1
12,186,world,1.86,0.17600000000000005,1.742252435678632,1.1743556308746341,-0.7301794254009187,-1.7638861847982022e-11,0.99152329058079,2.3113939992548623e-12,-0.12992907386663766,-0.09662171665334351,-3.557931914253026e-12,0.025772929033406385,-9.167204757786917e-10,-0.062248195152410514,-3.4378052916331627e-09,0.1,0.0,1
12,187,world,1.87,0.17700000000000005,1.7412861236087658,1.1743556308746341,-0.7299220522511299,1.7639604161512612e-11,0.9915636816728283,-2.305907076331913e-12,-0.12962046592813298,-0.0966407131351677,3.557936716326365e-12,0.025701606267434507,-7.903711421472405e-10,-0.06224775708657531,-2.971409380997143e-09,0.1,0.0,1
12,188,world,1.8800000000000001,0.17800000000000005,1.740319621101944,1.1743556308746341,-0.7296653951682329,1.2848838785737424e-11,0.991603976412966,-1.6755752538546038e-12,-0.12931184772476956,-0.09665980382088163,2.5915262394849203e-12,0.02562971566968071,6.909697966432516e-10,-0.06224727078662238,2.6042334261142103e-09,0.1,0.0,1
12,189,world,1.8900000000000001,0.17900000000000005,1.7393529272224286,1.174355630874634,-0.7294094598316962,-9.077233275519503e-12,0.9916441747683288,1.1808593714604995e-12,-0.12900321952587224,-0.09667898747487769,-1.8307439565813084e-12,0.0255572569113441,3.3152177793611885e-10,-0.062246736254816595,1.252635475043699e-09,0.1,0.0,1
12,190,world,1.9000000000000001,0.18000000000000005,1.7383860410467176,1.174355630874634,-0.7291542519249209,0.0,0.9916842767063502,-0.0,-0.1286945816007928,-0.0966982628544496,0.0,0.025484229651527086,5.131623660325764e-11,-0.062246153493614315,1.9438449604866065e-10,0.1,0.0,1
12,191,world,1.9100000000000001,0.18100000000000005,1.7374189616637608,1.174355630874634,-0.7288997771348182,-1.107176855680851e-11,0.9917242821947732,1.4333211106574734e-12,-0.1283859342189086,-0.09671762870089101,-2.2328316500975443e-12,0.025410633570939995,-2.260714157162426e-11,-0.061379434393710956,-8.584871046649563e-11,0.1,0.0,1
12,192,world,1.92,0.18200000000000002,1.7364516882004437,1.174355630874634,-0.7286460410549335,8.804422744253992e-13,0.991763081902377,-1.1370882249416506e-13,-0.12808586719657655,-0.09673705904480379,1.7755088136317598e-13,0.02533656265877724,-1.0382401884881109e-09,-0.05852240146673304,-3.952159082001611e-09,0.1,0.0,1
12,193,world,1.93,0.18300000000000002,1.7354842216745885,1.1743556308746341,-0.7283930420948715,2.945486786451941e-11,0.9917992468959296,-3.795621998655631e-12,-0.12780553140090278,-0.09675617161434398,5.939680992656485e-12,0.025263476691374423,2.216137378569249e-10,-0.05653201529567801,8.456070390640906e-10,0.1,0.0,1
12,194,world,1.94,0.18400000000000002,1.7345165662523232,1.1743556308746341,-0.7281407665745916,-7.789767431926614e-12,0.9918353329433274,1.0015689954606725e-12,-0.1275251831020016,-0.09677483888768779,-1.5707774453373534e-12,0.025191874846110074,7.512748511389577e-10,-0.056532459418470904,2.8732467541740733e-09,0.1,0.0,1
12,195,world,1.95,0.18500000000000003,1.7335487263700466,1.1743556308746341,-0.7278891996480368,0.0,0.9918713400167577,-0.0,-0.12724482250119834,-0.09679306416544914,0.0,0.025121758088622017,-4.341088590712053e-10,-0.05653286741146999,-1.6640903941327656e-09,0.1,0.0,1
12,196,world,1.96,0.18600000000000003,1.7325807064314906,1.1743556308746341,-0.7276383264596138,9.268301307093073e-12,0.9919072680886154,-1.1863455525453567e-12,-0.12696444979985444,-0.09681085068214519,1.8687820300565155e-12,0.025053127353673627,-2.7900666799300346e-10,-0.05653323927310705,-1.0720105904706114e-09,0.1,0.0,1
12,197,world,1.97,0.18700000000000003,1.731612510808373,1.1743556308746341,-0.7273881321445373,1.0987986762981868e-11,0.9919431171315031,-1.4033091287701635e-12,-0.12668406519936642,-0.09682820160490546,2.2154444057303343e-12,0.024985983549978275,1.0110372866479996e-09,-0.05653357500196102,3.893677163179765e-09,0.1,0.0,1
12,198,world,1.98,0.18800000000000003,1.7306441438410507,1.1743556308746341,-0.7271386018291646,-3.0636352070582505e-11,0.9919788871182313,3.903860610097717e-12,-0.12640366890116508,-0.09684512003884266,-6.176807162232336e-12,0.02492032753922306,3.435618231390394e-10,-0.05653387459676345,1.3261968604275534e-09,0.1,0.0,1
12,199,world,1.99,0.18900000000000003,1.7296756098391795,1.174355630874634,-0.7268897206313198,-2.6015774846808942e-12,0.9920145780218189,3.307607001542887e-13,-0.12612326110671457,-0.09686160901922124,-5.245031012732235e-13,0.024856160166194647,-7.579591698528816e-10,-0.056534138056331965,-2.9326572031519755e-09,0.1,0.0,1
12,200,world,2.0,0.19000000000000003,1.7287069130823742,1.174355630874634,-0.7266414736606095,-5.891273029570808e-13,0.992050189815493,7.473155579761486e-14,-0.12584284201751214,-0.09687767151811313,-1.1876946294928378e-13,0.024793482232808146,3.0683120816026437e-10,-0.056534365379663824,1.1899521184362063e-09,0.1,0.0,1
12,201,world,2.0100000000000002,0.19100000000000006,1.7277380578207522,1.174355630874634,-0.7263938460192018,-1.4793247425148764e-11,0.9920857224726884,1.8722936773500383e-12,-0.12556241183508637,-0.09689331044065791,-2.982246622622908e-12,0.024732294512444512,-2.8578863300075975e-10,-0.056534556565909236,-1.1109421795113586e-09,0.1,0.0,1
12,202,world,2.02,0.19200000000000003,1.7267690482759208,1.1743556308746341,-0.7261468228008646,1.0791578474308459e-11,0.9921211759670493,-1.3627269043677992e-12,-0.1252819707609971,-0.09690852862214344,2.175451702278057e-12,0.02467259776130605,-3.706787032515004e-10,-0.05653471161431509,-1.4443178548366892e-09,0.1,0.0,1
12,203,world,2.0300000000000002,0.19300000000000006,1.7257998886414194,1.1743556308746341,-0.7259003890921412,0.0,0.9921565502724276,-0.0,-0.12500151899683423,-0.09692332883479993,0.0,0.02461439269170056,4.548351205516486e-10,-0.05653483052428681,1.776396372274087e-09,0.1,0.0,1
12,204,world,2.04,0.19400000000000003,1.7248305830833672,1.1743556308746343,-0.7256545299727222,-7.401482846982329e-12,0.9921918453628844,9.303853548727869e-13,-0.1247210567442171,-0.09693771378051474,-1.49194299310989e-12,0.02455768000050091,-4.68041170238289e-10,-0.05653491329537078,-1.8322840165385737e-09,0.1,0.0,1
12,205,world,2.05,0.195,1.7238611357411897,1.174355630874634,-0.7254092305155129,1.876418346244313e-11,0.9922270612126892,-2.353318150120299e-12,-0.12444058420479344,-0.09695168609730441,3.782228343588988e-12,0.024502460343601287,-7.494311569831116e-10,-0.05653495992725417,-2.9407997410756207e-09,0.1,0.0,1
12,206,world,2.06,0.19600000000000004,1.7228915507282947,1.1743556308746341,-0.7251644757868925,2.2711064416730367e-11,0.9922621977963209,-2.841797330623897e-12,-0.12416010158023864,-0.09696524834993044,4.577624809350838e-12,0.024448734372893716,6.897195341828392e-10,-0.05653497041975578,2.712897168638194e-09,0.1,0.0,1
12,207,world,2.07,0.197,1.7219218321327525,1.1743556308746341,-0.7249202508469654,-9.010878476777555e-12,0.9922972550884666,1.1249291453509877e-12,-0.12387960907225498,-0.09697840304024408,-1.8161617169502765e-12,0.024396502695345112,8.830314104095206e-10,-0.05653494477283514,3.4814983676706184e-09,0.1,0.0,1
12,208,world,2.08,0.19800000000000004,1.7209519840179763,1.1743556308746343,-0.7246765407498047,-1.292929562105287e-11,0.9923322330640233,1.610397544427809e-12,-0.12359910688257073,-0.09699115259993443,-2.6058353813948322e-12,0.02434576590161486,-2.2275517033876846e-10,-0.05653488298658804,-8.803375415115845e-10,0.1,0.0,1
12,209,world,2.09,0.199,1.719982010423406,1.1743556308746341,-0.7244333305436864,0.0,0.9923671316980965,-0.0,-0.12331859521293928,-0.09700349938930677,0.0,0.024296524570990862,-1.0742959551319795e-09,-0.0565347850612573,-4.2557774904299864e-09,0.1,0.0,1
12,210,world,2.1,0.20000000000000004,1.7190119153650936,1.1743556308746341,-0.7241906052717201,3.062906570087366e-11,0.9924019509660017,-3.797394046542941e-12,-0.12303807426513837,-0.09701544570735654,6.1727040314369726e-12,0.024248779231189305,-8.58256706726217e-11,-0.05653465099721766,-3.4080651562993657e-10,0.1,0.0,1
12,211,world,2.11,0.201,1.7180417028366723,1.1743556308746341,-0.7239483499709346,3.4878906694045795e-12,0.9924366908432631,-4.314279158636197e-13,-0.12275754424096925,-0.09702699377405133,7.028933453036864e-13,0.02420253042907303,7.520161444878986e-10,-0.05653448079497703,2.9933378368974277e-09,0.1,0.0,1
12,212,world,2.12,0.20200000000000004,1.7170713768098098,1.1743556308746341,-0.7237065496734432,0.0,0.9924713513056148,-0.0,-0.12247700534225585,-0.0970381457513039,0.0,0.02415777864681894,8.544026962731474e-11,-0.0565342744551835,3.409033399191917e-10,0.1,0.0,1
12,213,world,2.13,0.203,1.7161009412349248,1.1743556308746341,-0.7234651894065356,0.0,0.9925059323290004,-0.0,-0.122196457770844,-0.09704890372420881,0.0,0.024114524377006757,4.0810548176082586e-10,-0.056534031978648924,1.6322374799039497e-09,0.1,0.0,1
12,214,world,2.14,0.20400000000000004,1.7151304000419092,1.1743556308746341,-0.7232242541927675,-1.6699323856473415e-11,0.9925404338895732,2.0512142948590363e-12,-0.12191590172860024,-0.09705926971015273,-3.364963006170726e-12,0.024072768086197065,0.0,-0.05653375336629063,0.0,0.1,0.0,1
12,215,world,2.15,0.20500000000000002,1.71415975714082,1.1743556308746341,-0.7229837290501535,0.0,0.9925748559636963,-0.0,-0.12163533741741168,-0.09706924566002975,0.0,0.024032510209980127,-9.364406919380543e-10,-0.05653343861917303,-3.763417231524887e-09,0.1,0.0,1
12,216,world,2.16,0.20600000000000004,1.7131890164225771,1.1743556308746341,-0.7227435989923522,2.179462497224754e-11,0.9926091985279425,-2.664574936990962e-12,-0.12135476503918442,-0.09707883345156762,4.39137858836286e-12,0.023993751179896786,-3.658378939613424e-10,-0.05653308773851184,-1.473803904546546e-09,0.1,0.0,1
12,217,world,2.17,0.20700000000000002,1.7122181817596591,1.1743556308746341,-0.7225038490288452,1.5073594336543208e-11,0.9926434615590948,-1.83854849894819e-12,-0.12107418479584328,-0.09708803489253193,3.0370600876002286e-12,0.023956491410607336,5.277715397842575e-10,-0.056532700725643474,2.131317453629541e-09,0.1,0.0,1
12,218,world,2.18,0.20800000000000005,1.711247257006802,1.1743556308746341,-0.7222644641651108,0.0,0.992677645034146,-0.0,-0.12079359688933064,-0.09709685172407846,0.0,0.023920731286319843,3.641712987075672e-10,-0.0565322775820584,1.4742165983685426e-09,0.1,0.0,1
12,219,world,2.19,0.20900000000000002,1.7102762460016414,1.1743556308746341,-0.7220254294030318,0.0,0.9927117489302992,-0.0,-0.12051300152160571,-0.09710528561589614,0.0,0.023886471180466093,1.86965273037186e-10,-0.05662067458374068,7.587065896295804e-10,0.1,0.0,1
12,220,world,2.2,0.21000000000000002,1.709305152563836,1.174355630874634,-0.7217867297474703,-7.75735237040089e-12,0.9927458800586062,9.394934397685283e-13,-0.1202315167776883,-0.09711334263079767,-1.5628072380572224e-12,0.02385369327951752,-1.5012682134947783e-10,-0.05738542764204984,-6.107218679042407e-10,0.1,0.0,1
12,221,world,2.21,0.211,1.7083339789720273,1.1743556308746343,-0.7215483564163317,6.243629731788823e-12,0.9927807423734726,-7.543272984705455e-13,-0.11994330982750429,-0.0971214225926571,1.2578063727529996e-12,0.02382077399201199,-1.8609504716249836e-10,-0.05806181807861577,-7.589205091803872e-10,0.1,0.0,1
12,222,world,2.22,0.21200000000000002,1.707362723176673,1.1743556308746341,-0.7213103182477311,0.0,0.9928155213232426,-0.0,-0.11965509023713991,-0.09712978313770863,0.0,0.023786660707667523,-1.0258349127256801e-10,-0.05806230847624322,-4.194018492589343e-10,0.1,0.0,1
12,223,world,2.23,0.213,1.7063913823781651,1.1743556308746343,-0.7210726271832311,1.0530849245678644e-11,0.9928502168794192,-1.2660866337401319e-12,-0.1193668582249291,-0.09713842301375913,2.1213366819953913e-12,0.023751353106717776,0.0,-0.058062759731334596,0.0,0.1,0.0,1
12,224,world,2.24,0.21400000000000002,1.7054199537896442,1.1743556308746341,-0.720835295167612,0.0,0.9928848290137369,-0.0,-0.11907861400924416,-0.09714734092410433,0.0,0.02371485086134516,-4.82270058296023e-10,-0.058063171842049656,-1.981678970118893e-09,0.1,0.0,1
12,225,world,2.25,0.215,1.704448434637445,1.1743556308746341,-0.7205983341489545,3.0782356032104546e-11,0.9929193576981615,-3.682723132439712e-12,-0.11879035780849558,-0.09715653552563314,6.200371332913116e-12,0.023677153643467903,0.0,-0.05806354480671895,0.0,0.1,0.0,1
12,226,world,2.2600000000000002,0.21600000000000003,1.7034768221615322,1.1743556308746343,-0.7203617560787587,0.0,0.9929538029048908,-0.0,-0.11850208984113021,-0.0971660054337335,0.0,0.02363826110465137,1.085406208768253e-09,-0.05806387862385059,4.482655063886168e-09,0.1,0.0,1
12,227,world,2.27,0.217,1.7025051136158507,1.1743556308746341,-0.7201255729124105,-1.5014016038934432e-11,0.9929881646063541,1.7873969776429088e-12,-0.118213810325631,-0.0971757492164737,-3.0240046965054914e-12,0.023598172899972826,-4.737186286847015e-10,-0.058064173292085956,-1.961404779289905e-09,0.1,0.0,1
12,228,world,2.2800000000000002,0.21800000000000003,1.7015333062691091,1.1743556308746343,-0.7198897966078761,2.0037208695368623e-11,0.9930224427752128,-2.379501351185202e-12,-0.11792551948051558,-0.09718576539883705,4.035596401120857e-12,0.023556888670667218,-5.923938992364839e-10,-0.058064428810227366,-2.459028688932736e-09,0.1,0.0,1
12,229,world,2.29,0.219,1.70056139740488,1.1743556308746343,-0.7196544391271951,1.0103102484628524e-11,0.99305663738436,-1.1968107557141231e-12,-0.11763721752433569,-0.09719605246056363,2.0347460609036195e-12,0.023514408053007942,5.271958321607138e-10,-0.058064645177249276,2.193985525133795e-09,0.1,0.0,1
12,230,world,2.3000000000000003,0.22000000000000003,1.6995893843221652,1.1743556308746343,-0.7194195124360679,-2.369878853870989e-12,0.9930907484069214,2.8003753751802483e-13,-0.11734890467567585,-0.09720660883593521,-4.772727009657877e-13,0.023470730679241422,2.872697551964777e-10,-0.058064822392270454,1.1985688783674181e-09,0.1,0.0,1
12,231,world,2.31,0.221,1.698617264335844,1.1743556308746343,-0.7191850285039167,-2.136607551752759e-12,0.9931247758162547,2.5184400570293327e-13,-0.11706058115315288,-0.09721743291405122,-4.302790858403557e-13,0.023425856176497666,2.3137415714224778e-10,-0.05806496045457084,9.678360359700982e-10,0.1,0.0,1
12,232,world,2.32,0.22199999999999998,1.6976450347771257,1.1743556308746343,-0.7189509993039422,-1.2253045674767274e-11,0.9931587195859501,1.440671717388814e-12,-0.11677224717541441,-0.097228523039676,-2.4674854555808796e-12,0.02337978416331508,1.165898383614428e-09,-0.05806505936360715,4.889495391029216e-09,0.1,0.0,1
12,233,world,2.33,0.223,1.696672692994,1.1743556308746343,-0.7187174368131757,-5.2060348183818563e-11,0.9931925796898304,6.10575700017897e-12,-0.11648390296113825,-0.09723987751244421,-1.048341386020453e-11,0.023332514252965713,-2.85466264639371e-10,-0.05806511911896929,-1.2002648940419922e-09,0.1,0.0,1
12,234,world,2.34,0.22399999999999998,1.695700236351543,1.1743556308746341,-0.7184843530131383,0.0,0.9932263561019509,-0.0,-0.11619554872903151,-0.09725149458741343,0.0,0.023284046051197764,-1.2098773568175529e-09,-0.058065139720404425,-5.100176573901329e-09,0.1,0.0,1
12,235,world,2.35,0.225,1.694727662232788,1.1743556308746341,-0.7182517598881428,0.0,0.9932600487965996,-0.0,-0.11590718469782944,-0.09726337247131846,0.0,0.02323437917194201,1.6721396653785484e-10,-0.058065121167848746,7.067088952991931e-10,0.1,0.0,1
12,236,world,2.36,0.22599999999999998,1.6937549680387982,1.1743556308746341,-0.7180196694269232,-7.213513789652384e-12,0.9932936577482975,8.396488607456111e-13,-0.11561881108629445,-0.09727550932888854,-1.4524398000041602e-12,0.02318351321101532,6.322839286741282e-10,-0.058065063461371635,2.6792109152586676e-09,0.1,0.0,1
12,237,world,2.37,0.227,1.6927821511892178,1.1743556308746343,-0.717788093622268,-2.7344392608734525e-11,0.9933271829317984,3.1748255360869598e-12,-0.11533042811321544,-0.0972879032763118,-5.5056025163902374e-12,0.023131447773518263,-3.20489550793434e-10,-0.05806496660119375,-1.3615638324629951e-09,0.1,0.0,1
12,238,world,2.38,0.22799999999999998,1.6918092091227426,1.1743556308746341,-0.7175570444709909,6.680872506124404e-12,0.9933606243220895,-7.737181810162442e-13,-0.11504203599740659,-0.09730055238735812,1.3451016435837639e-12,0.023078182448255782,-6.98545838331926e-10,-0.0580648305877231,-2.975438962938105e-09,0.1,0.0,1
12,239,world,2.39,0.229,1.6908361392975768,1.1743556308746343,-0.7173265339739552,3.0152467741634266e-12,0.9933939818943909,-3.483114795701839e-13,-0.11475363495770645,-0.09731345468665892,6.070579855222929e-13,0.023023716836071052,1.5333603913883793e-10,-0.05806465542150231,6.548397381058457e-10,0.1,0.0,1
12,240,world,2.4,0.22999999999999998,1.6898629391918918,1.1743556308746341,-0.7170965741360935,0.0,0.9934272556241561,-0.0,-0.1144652252129771,-0.09732660815646996,0.0,0.022968050521473424,6.903049653882698e-11,-0.05806444110324467,2.9557594770293467e-10,0.1,0.0,1
12,241,world,2.41,0.231,1.6888896063041405,1.1743556308746341,-0.716867176967028,0.0,0.993460445487072,-0.0,-0.11417680698210303,-0.09734001072883894,0.0,0.02291118310584427,0.0,-0.058064187633813394,0.0,0.1,0.0,1
12,242,world,2.42,0.23199999999999998,1.6879161381539007,1.1743556308746341,-0.7166383544794619,0.0,0.993493551459059,-0.0,-0.11388838048399037,-0.09735366029451734,0.0,0.022853114169839484,4.0215429188761477e-10,-0.05806389501422993,1.731025424007653e-09,0.1,0.0,1
12,243,world,2.43,0.233,1.686942532282041,1.1743556308746343,-0.7164101186904288,-1.7656218826352028e-11,0.9935265735162709,2.0188141491140233e-12,-0.1135999459375658,-0.0973675546949706,-3.554242809283489e-12,0.022793843307391336,-1.9165320684503767e-10,-0.05806356324568632,-8.271269909238566e-10,0.1,0.0,1
12,244,world,2.44,0.23399999999999999,1.685968786251197,1.1743556308746343,-0.7161824816212279,8.435723576627177e-12,0.9935595116350956,-9.620606626029715e-13,-0.1133115035617756,-0.09738169172578837,1.6980769727160932e-12,0.022733370111435815,-8.002853999147801e-10,-0.058063192329523165,-3.462972738459955e-09,0.1,0.0,1
12,245,world,2.45,0.23500000000000001,1.6849948976462752,1.1743556308746341,-0.7159554552972457,1.765728814960254e-11,0.9935923657921545,-2.0085506825940475e-12,-0.1130230535755848,-0.09739606913625337,3.5542234377966837e-12,0.02267169417591368,1.9069256548801445e-10,-0.0580627822672393,8.273489930338709e-10,0.1,0.0,1
12,246,world,2.46,0.236,1.6840208640749166,1.1743556308746341,-0.7157290517479423,0.0,0.9936251359643029,-0.0,-0.11273459619797613,-0.09741068463165237,0.0,0.022608815085996162,-2.846792992367408e-11,-0.05806233306048895,-1.238409888807316e-10,0.1,0.0,1
12,247,world,2.47,0.23700000000000002,1.6830466831679602,1.1743556308746343,-0.7155032830068332,1.8921101248566288e-11,0.9936578221286301,-2.1411844143315545e-12,-0.1124461316479491,-0.09742553586704217,3.808365760597461e-12,0.022544732445067578,0.0,-0.05806184471109287,0.0,0.1,0.0,1
12,248,world,2.48,0.238,1.6820723525798191,1.1743556308746343,-0.7152781611118593,0.0,0.9936904242624595,-0.0,-0.11215766014451904,-0.09744062045418234,0.0,0.022479445845126705,-2.0356497844305643e-10,-0.06919156593645563,-8.907369198611661e-10,0.1,0.0,1
12,249,world,2.49,0.23900000000000002,1.681097869929287,1.1743556308746341,-0.7150536983645974,2.8002355536212064e-11,0.993735387506264,-3.149232136978683e-12,-0.1117585773789881,-0.09745595753697012,5.6357650653299855e-12,0.022412861052357364,3.9567038927557675e-10,-0.08257761697016895,1.7370436054297744e-09,0.1,0.0,1
12,250,world,2.5,0.24,1.6801232324608943,1.1743556308746341,-0.7148299088103933,-1.7704608610767793e-11,0.993782702573078,1.983511080905249e-12,-0.11133705612485614,-0.09747158431623569,-3.5630656845289563e-12,0.022344803666243293,5.153486951371511e-10,-0.08483450024304809,2.2711056767149418e-09,0.1,0.0,1
12,251,world,2.5100000000000002,0.24100000000000002,1.6791484372844092,1.1743556308746343,-0.7146068072158269,4.860292703502044e-12,0.993829839735177,-5.424287004907825e-13,-0.11091550681465827,-0.09748749864435245,9.780908365362532e-13,0.02227526897856413,-2.6980247789654254e-10,-0.08483605405752365,-1.1936923236375592e-09,0.1,0.0,1
12,252,world,2.52,0.242,1.6781734815398175,1.1743556308746343,-0.7143844083581935,-5.5431884604581364e-12,0.9938767989064291,6.162621756736945e-13,-0.11049393012971123,-0.09750369741602595,-1.1154645271228294e-12,0.022204256128140323,2.690571600216808e-10,-0.08483748579591019,1.1951088390076937e-09,0.1,0.0,1
12,253,world,2.5300000000000002,0.24300000000000002,1.677198362398484,1.1743556308746343,-0.7141627270235066,-7.315021774219841e-12,0.9939235800017556,8.101039990670146e-13,-0.11007232675152222,-0.097520177459768,-1.4719436570174943e-12,0.022131764236394708,-3.2346232218754224e-10,-0.08483879544584677,-1.4424780773661948e-09,0.1,0.0,1
12,254,world,2.54,0.244,1.6762230770638276,1.1743556308746343,-0.7139417780066193,9.150150114933658e-12,0.9939701829371316,-1.0094068798952404e-12,-0.10965069736178264,-0.09753693553679303,1.8411251786745712e-12,0.02205779241201357,-3.3371490289556294e-10,-0.0848399829960188,-1.4941354362698037e-09,0.1,0.0,1
12,255,world,2.5500000000000003,0.24500000000000002,1.6752476227719961,1.1743556308746341,-0.7137215761113371,7.902183917365549e-12,0.9940166076295874,-8.683436246966128e-13,-0.10922904264236173,-0.0975539683397793,1.5899441163951779e-12,0.021982339756298392,1.0361635770318611e-10,-0.08484104843616923,4.657767466554251e-10,0.1,0.0,1
12,256,world,2.56,0.246,1.6742719967925472,1.1743556308746341,-0.7135021361505198,4.407705742496316e-12,0.9940628539972092,-4.824552471767249e-13,-0.10880736327530036,-0.0975712724937665,8.868027742313543e-13,0.021905405359115504,2.894517521274619e-10,-0.08484199175710376,1.3063727193688434e-09,0.1,0.0,1
12,257,world,2.57,0.247,1.6732961964291295,1.1743556308746343,-0.713283472946172,-5.398807776785484e-12,0.9941089219591397,5.886209557782148e-13,-0.10838565994280443,-0.0975888445555716,-1.086155819602951e-12,0.021826988301377886,2.9961769952087107e-10,-0.08484281295066431,1.3577074284964057e-09,0.1,0.0,1
12,258,world,2.58,0.248,1.6723202190201667,1.1743556308746341,-0.7130656013295237,-9.414356188442555e-12,0.9941548114355789,1.022386968464372e-12,-0.10796393332723889,-0.09760668101308569,-1.8939338674612613e-12,0.021747087658115047,2.0319777253534593e-10,-0.08484351200976283,9.245106129934156e-10,0.1,0.0,1
12,259,world,2.59,0.249,1.6713440619395448,1.1743556308746343,-0.7128485361411007,-1.481018384619254e-11,0.9942005223477857,1.6020103410784901e-12,-0.10754218411112107,-0.09762477828617142,-2.9793028192271385e-12,0.02166570249440057,-2.024974175455182e-10,-0.08484408892836132,-9.250669092695936e-10,0.1,0.0,1
12,260,world,2.6,0.25,1.6703677225973015,1.1743556308746343,-0.7126322922307805,0.0,0.9942460546180771,-0.0,-0.10712041297711464,-0.09764313272559885,0.0,0.021582831870055625,-6.876292222357595e-10,-0.08484454370147348,-3.154098127428135e-09,0.1,0.0,1
12,261,world,2.61,0.251,1.6693911984403185,1.1743556308746341,-0.7124168844578401,1.7286009957708866e-11,0.9942914081698309,-1.85498275771991e-12,-0.10669862060802297,-0.09766174061041545,3.4770367170156553e-12,0.021498474851577992,0.0,-0.08484487632518159,0.0,0.1,0.0,1
12,262,world,2.62,0.252,1.668414486952935,1.1743556308746343,-0.712202327691369,0.0,0.9943365829274847,-0.0,-0.10627680768678302,-0.09768059815401298,0.0,0.021412630484698533,7.439645795078518e-10,-0.08484508679659353,3.4405457546103755e-09,0.1,0.0,1
12,263,world,2.63,0.253,1.6674375856578434,1.1743556308746341,-0.7119886368093711,-1.7715268979392046e-11,0.9943815788165377,1.885844823603218e-12,-0.10585497489645895,-0.09769970149595471,-3.563058711408475e-12,0.02132529783148049,3.7505064613468055e-10,-0.08484517511390519,1.7416147104385253e-09,0.1,0.0,1
12,264,world,2.64,0.254,1.6664604921166821,1.1743556308746343,-0.711775826699281,-1.7716101927907785e-11,0.994426395763551,1.8783330372061585e-12,-0.10543312292023559,-0.09771904670871004,-3.5630662508148613e-12,0.02123647593978222,-8.421924028018217e-10,-0.08484514127635055,-3.927057869090366e-09,0.1,0.0,1
12,265,world,2.65,0.255,1.665483203930683,1.1743556308746343,-0.711563912258198,2.2224575153597704e-11,0.9944710336961484,-2.3468058825036322e-12,-0.10501125244141236,-0.0977386297938386,4.469611640701899e-12,0.021146163860685657,-1.1719215300686222e-10,-0.08484498528422235,-5.487254598937407e-10,0.1,0.0,1
12,266,world,2.66,0.256,1.6645057187414207,1.1743556308746346,-0.7113529083926722,-1.213745973179919e-11,0.9945154925430172,1.2764498946305253e-12,-0.10458936414339669,-0.09775844667925562,-2.4408709105513257e-12,0.021054360661372194,6.944620902273528e-10,-0.08484470713886678,3.2652207903516403e-09,0.1,0.0,1
12,267,world,2.67,0.257,1.6635280342315222,1.1743556308746343,-0.7111428300186766,-1.097437600697982e-11,0.9945597722339082,1.1494259988055385e-12,-0.1041674587096978,-0.09777849322624065,-2.206874442404803e-12,0.020961065392913945,-4.5755108252155607e-10,-0.08484430684268751,-2.1603191672011323e-09,0.1,0.0,1
12,268,world,2.68,0.258,1.6625501481253744,1.1743556308746343,-0.7109336920615673,9.824717580844204e-12,0.9946038726996375,-1.0248005538139516e-12,-0.1037455368239203,-0.09779876522295516,1.975598707926099e-12,0.0208662771203993,-4.1511341072288546e-10,-0.08484378439913867,-1.9681870178212286e-09,0.1,0.0,1
12,269,world,2.69,0.259,1.6615720581898379,1.1743556308746343,-0.7107255094560289,9.031859738494528e-12,0.9946477938720858,-9.382258334327486e-13,-0.10332359916975785,-0.09781925838562128,1.8160876262077904e-12,0.020769994917839152,2.5657619215257515e-10,-0.08484313981273611,1.2216427529115219e-09,0.1,0.0,1
12,270,world,2.7,0.26,1.6605937622349605,1.1743556308746343,-0.7105182971460067,-2.5911074716453424e-12,0.9946915356842001,2.6805217029270855e-13,-0.1029016464309867,-0.09783996836083897,-5.209860355082643e-13,0.02067221785755055,5.168458690033049e-10,-0.0848423730890504,2.4712930270922253e-09,0.1,0.0,1
12,271,world,2.71,0.261,1.659615258114694,1.1743556308746343,-0.7103120700846263,-1.60820298142896e-11,0.9947350980699935,1.6568041691921102e-12,-0.1024796792914595,-0.09786089072112103,-3.2334238825215695e-12,0.02057294503149239,-4.503552708922763e-10,-0.08484148423470123,-2.162523755189662e-09,0.1,0.0,1
12,272,world,2.72,0.262,1.6586365437276136,1.1743556308746346,-0.7101068432340968,1.9382527143900828e-11,0.9947784809645465,-1.988519201022852e-12,-0.10205769843509876,-0.09788202096895834,3.8968472362183866e-12,0.02047217553247334,3.34738270531106e-11,-0.08484047325736581,1.6142121841398132e-10,0.1,0.0,1
12,273,world,2.73,0.263,1.6576576170176391,1.1743556308746343,-0.709902631565602,-1.7723446855934406e-11,0.9948216843040065,1.8107114436742375e-12,-0.10163570454589067,-0.09790335453377472,-3.5631363657002467e-12,0.020369908468965095,-1.9706851516286431e-10,-0.08483934016577602,-9.543976171329292e-10,0.1,0.0,1
12,274,world,2.74,0.264,1.6566784759747577,1.1743556308746346,-0.7096994500591759,2.9079471760703916e-11,0.9948647080255897,-2.9584333005253767e-12,-0.10121369830787856,-0.09792488677235718,5.845909889049517e-12,0.020266142963598823,-8.547175528100294e-11,-0.08483808496972128,-4.157180351773977e-10,0.1,0.0,1
12,275,world,2.75,0.265,1.6556991186357508,1.1743556308746341,-0.7094973137035636,-1.3502454176789577e-11,0.9949075520675802,1.367901010746177e-12,-0.10079168040515664,-0.0979466129687314,-2.7143117695049877e-12,0.02016087815432503,6.282805049472428e-10,-0.08483670768003737,3.06903132247114e-09,0.1,0.0,1
12,276,world,2.7600000000000002,0.266,1.6547195430849195,1.1743556308746346,-0.7092962374960673,-2.086640568328499e-12,0.9949502163693316,2.1049835785630028e-13,-0.10036965152186363,-0.09796852833455966,-4.194460810529195e-13,0.020054113193073004,8.476722157318669e-11,-0.08483520830862037,4.1586712733239254e-10,0.1,0.0,1
12,277,world,2.77,0.267,1.6537397474548114,1.1743556308746341,-0.7090962364423893,-1.7726541036367296e-11,0.9949927008712668,1.7806416570886457e-12,-0.09994761234217636,-0.09799062800834031,-3.5631493744829e-12,0.01994584725026923,-3.960577946878867e-10,-0.08483358686841684,-1.9515136420488826e-09,0.1,0.0,1
12,278,world,2.7800000000000002,0.268,1.6527597299268326,1.1743556308746346,-0.708897325557042,1.77272902650158e-11,0.9950350055148787,-1.7731220952699666e-12,-0.0995255635503034,-0.09801290705680665,3.563148903845821e-12,0.019836079508657532,-9.048831559194476e-10,-0.08575740248338104,-4.478371907561136e-09,0.1,0.0,1
12,279,world,2.79,0.269,1.6517794890705488,1.1743556308746343,-0.708699518182221,2.7735815584452992e-11,0.995078047461635,-2.7620558214192963e-12,-0.09909429579920397,-0.0980352201556455,5.5746010335196686e-12,0.019725506559632906,4.344893783678266e-10,-0.08703824860676568,2.1599178595940166e-09,0.1,0.0,1
12,280,world,2.8000000000000003,0.27,1.650799026717394,1.1743556308746346,-0.7085028116238852,-4.1955371830783385e-12,0.9951212539092139,4.1595881095422173e-13,-0.09865946491925585,-0.09805719015059272,-8.432212823428256e-13,0.019616000096107825,8.058510782906651e-10,-0.08739533416482154,4.024130946147247e-09,0.1,0.0,1
12,281,world,2.81,0.271,1.6498183464673262,1.1743556308746343,-0.7083071942794921,-1.3103571998490874e-11,0.9951642712240449,1.2933474780472844e-12,-0.0982246062812961,-0.0980788001974046,-2.6334488005486958e-12,0.019507663925688017,1.475422863987339e-11,-0.08739706000680987,7.401322734709307e-11,0.1,0.0,1
12,282,world,2.82,0.27199999999999996,1.648837451900113,1.1743556308746346,-0.7081126544415604,-4.9469768199253295e-12,0.9952070993209674,4.860932779921384e-13,-0.0977897206312923,-0.0981000542323321,-9.941600657904248e-13,0.019400498952694523,-9.478413789255948e-10,-0.08739865238419048,-4.776528672329909e-09,0.1,0.0,1
12,283,world,2.83,0.273,1.647856346556361,1.1743556308746343,-0.7079191803936918,3.536061668234576e-11,0.9952497381160093,-3.4589570248825467e-12,-0.09735480871541502,-0.09812095615219177,7.105875516379167e-12,0.0192945060517149,-9.632653212433112e-11,-0.08740011128237818,-4.876575903664163e-10,0.1,0.0,1
12,284,world,2.84,0.27399999999999997,1.6468750339379052,1.1743556308746346,-0.7077267604109023,0.0,0.9952921875263878,-0.0,-0.09691987128003098,-0.09814150981347852,0.0,0.019189686071713064,1.254604636243342e-09,-0.08740143668799367,6.380824659610892e-09,0.1,0.0,1
12,285,world,2.85,0.275,1.6458935175081972,1.1743556308746346,-0.7075353827599418,-2.9362924063298585e-11,0.9953344474705107,2.846358895270118e-12,-0.09648490907169528,-0.09816171903551243,-5.900107618632768e-12,0.019086039819541316,3.4120368671913463e-10,-0.08740262858889115,1.7433841566586233e-09,0.1,0.0,1
12,286,world,2.86,0.27599999999999997,1.644911800692702,1.1743556308746346,-0.7073450356996073,-1.7682458232430477e-11,0.9953765178679768,1.7062877396724407e-12,-0.09604992283714435,-0.09818158759767982,-3.5529150115249404e-12,0.018983568073445076,-3.5199828894211004e-10,-0.08740368697415435,-1.8069164190217015e-09,0.1,0.0,1
12,287,world,2.87,0.277,1.643929886879291,1.1743556308746346,-0.7071557074810434,-1.1040916218431512e-11,0.9954183986395772,1.0605351967351554e-12,-0.09561491332328831,-0.09820111923850541,-2.218344127822331e-12,0.018882271587519442,-1.4413806764206853e-15,-0.08740461183406323,-7.433666826939252e-15,0.1,0.0,1
12,288,world,2.88,0.27799999999999997,1.6429477794186456,1.1743556308746343,-0.7069673863480357,-1.768386747469172e-11,0.9954600897072958,1.690824598762045e-12,-0.09517988127720405,-0.09822031765792189,-3.552898195412815e-12,0.018782151079599966,-5.468124363556599e-10,-0.08740540316015513,-2.8333387253841887e-09,0.1,0.0,1
12,289,world,2.89,0.279,1.641965481624655,1.1743556308746346,-0.7067800605372933,1.768456658171768e-11,0.9955015909943106,-1.683092447467484e-12,-0.09474482744612717,-0.09823918651429424,3.552889693984125e-12,0.018683207246340504,-3.351050021383922e-10,-0.08740606094517332,-1.7445589723644941e-09,0.1,0.0,1
12,290,world,2.9,0.27999999999999997,1.6409829967748224,1.1743556308746346,-0.7065937182787223,0.0,0.995542902424994,-0.0,-0.09430975257744548,-0.09825772942643013,0.0,0.0185854407524398,8.542715343640376e-10,-0.08740658518307266,4.4684232559872614e-09,0.1,0.0,1
12,291,world,2.91,0.281,1.6400003281106696,1.1743556308746343,-0.7064083477956903,-2.7606565969938086e-11,0.9955840239249139,2.603051938014907e-12,-0.09387465741869085,-0.09827594997129512,-5.545791473115325e-12,0.018488852242351413,3.6321220602395636e-10,-0.08740697586906669,1.9088926417533063e-09,0.1,0.0,1
12,292,world,2.92,0.282,1.6390174788381484,1.1743556308746343,-0.7062239373052822,-1.934638727928673e-11,0.9956249554208344,1.8156611792125512e-12,-0.09343954271753231,-0.09829385168600809,-3.886271001522813e-12,0.018393442329511008,-1.8540435821326595e-10,-0.08740723299956799,-9.790680285099337e-10,0.1,0.0,1
12,293,world,2.93,0.28300000000000003,1.6380344521280479,1.1743556308746346,-0.7060404750185457,-1.76873393616069e-11,0.9956656968407167,1.652161516913586e-12,-0.09300440922176845,-0.09831143806644328,-3.5528580907278453e-12,0.01829921160345128,-2.0224669660444918e-10,-0.08740735657221041,-1.0731377529022388e-09,0.1,0.0,1
12,294,world,2.94,0.284,1.6370512511164108,1.1743556308746346,-0.7058579491407295,-8.474562632311443e-12,0.9957062481137193,7.878668769188852e-13,-0.09256925767932027,-0.098328712566134,-1.7022168570099805e-12,0.018206160635526745,-1.0600615277231788e-15,-0.08740734658586984,-5.651914038882289e-15,0.1,0.0,1
12,295,world,2.95,0.28500000000000003,1.6360678789049452,1.1743556308746346,-0.7056763478715112,-1.7688719455297967e-11,0.9957466091701997,1.6366955555961815e-12,-0.09213408883822341,-0.09834567859711076,-3.5528454999278378e-12,0.01811428997432114,7.748178992543668e-12,-0.08740720304064065,4.1511074621346534e-11,0.1,0.0,1
12,296,world,2.96,0.286,1.6350843385614442,1.1743556308746346,-0.7054956594052179,-8.89574878923078e-12,0.9957867799417138,8.191818025107928e-13,-0.09169890344662127,-0.09836233953153313,-1.7866721504025527e-12,0.01802360013658194,-7.688383051183416e-16,-0.08740692593782456,-4.1391265806259585e-15,0.1,0.0,1
12,297,world,2.97,0.28700000000000003,1.6341006331202006,1.1743556308746346,-0.7053158719310366,-1.769010135975402e-11,0.9958267603610179,1.6212299243016858e-12,-0.09126370225275722,-0.0983786986969748,-3.552836358178923e-12,0.017934091632693695,-5.014275647579153e-10,-0.0874065152799779,-2.71269433702047e-09,0.1,0.0,1
12,298,world,2.98,0.288,1.633116765582433,1.1743556308746346,-0.7051369736332183,1.8575990259350484e-11,0.9958665503620682,-1.6942320943367333e-12,-0.09082848600496735,-0.09839475938095102,3.730606819586551e-12,0.017845764941989844,1.4920601582775961e-10,-0.08740597107086429,8.111620775396261e-10,0.1,0.0,1
12,299,world,2.99,0.28900000000000003,1.6321327389167009,1.1743556308746343,-0.704958952691271,-2.590545058007427e-11,0.9959061498800219,2.351303897618718e-12,-0.09039325545167311,-0.09841052482680249,-5.202371648499723e-12,0.017758620535201892,1.6003974693478828e-11,-0.08740529331545617,8.743545819959894e-11,0.1,0.0,1
12,300,world,3.0,0.29,1.6311485560593342,1.1743556308746348,-0.7047817972801467,1.7692187475398154e-11,0.9959455588512383,-1.5980331328565217e-12,-0.08995801134137407,-0.09842599823798309,3.5528311834909963e-12,0.017672658850794068,-4.66099077258232e-10,-0.08740448201998052,-2.5590942481590494e-09,0.1,0.0,1
12,301,world,3.0100000000000002,0.29100000000000004,1.6301642199148545,1.1743556308746346,-0.7046054955704193,0.0,0.9959847772132784,-0.0,-0.08952275442264007,-0.09844118277278223,0.0,0.017587880324123308,3.167831938878518e-10,-0.08740353719187578,1.7479477358413348e-09,0.1,0.0,1
12,302,world,3.02,0.292,1.6291797333564026,1.1743556308746346,-0.7044300357284543,0.0,0.9960238049049062,-0.0,-0.08908748544410441,-0.09845608154800563,0.0,0.017504285367088483,-1.3279048893674212e-10,-0.08740245883979482,-7.363793774928051e-10,0.1,0.0,1
12,303,world,3.0300000000000002,0.29300000000000004,1.6281950992261676,1.1743556308746348,-0.7042554059165705,7.453103256745786e-12,0.9960626418660888,-6.633458692080938e-13,-0.08865220515445596,-0.09847069763837503,1.4965085580319666e-12,0.017421874371367854,3.1372834111782475e-10,-0.08740124697363527,1.748505092336454e-09,0.1,0.0,1
12,304,world,3.04,0.294,1.6272103203358153,1.1743556308746346,-0.7040815942931946,-1.769501738700864e-11,0.9961012880379974,1.5671095411235339e-12,-0.08821691430243207,-0.09848503407316356,-3.5528450074562865e-12,0.017340647727458577,3.1960389630780976e-10,-0.0873999016044924,1.7902512139278673e-09,0.1,0.0,1
12,305,world,3.0500000000000003,0.29500000000000004,1.626225399466918,1.1743556308746346,-0.703908589013007,-1.0661676959324452e-11,0.9961397433630071,9.395260191148257e-13,-0.08778161363681113,-0.09849909384142158,-2.1405929177535266e-12,0.01726060579524444,-5.495982539035989e-10,-0.08739842274470361,-3.0941857552783916e-09,0.1,0.0,1
12,306,world,3.06,0.296,1.6252403393713877,1.1743556308746348,-0.703736378227081,1.360967854005509e-11,0.9961780077846981,-1.193315962145848e-12,-0.08734630390640505,-0.09851287988679619,2.7323719762799004e-12,0.017181748933378968,-4.954039707284868e-10,-0.08739681040782196,-2.8033034601192523e-09,0.1,0.0,1
12,307,world,3.0700000000000003,0.29700000000000004,1.6242551427719083,1.1743556308746348,-0.7035649500830137,1.7697195879368527e-11,0.9962160812478555,-1.5439228193423423e-12,-0.08691098586005203,-0.09852639511112331,3.552874741783393e-12,0.017104077478976156,2.3657519958839916e-10,-0.0873950646086231,1.345550511734521e-09,0.1,0.0,1
12,308,world,3.08,0.298,1.6232698123623714,1.1743556308746346,-0.7033942927250497,0.0,0.9962539636984704,-0.0,-0.08647566024660903,-0.09853964237159114,0.0,0.017027591763925983,5.882069277073301e-10,-0.08153789041774062,3.3615684595339364e-09,0.1,0.0,1
12,309,world,3.09,0.299,1.6222843508160532,1.1743556308746346,-0.7032243942491883,-1.6301249369990707e-11,0.9962866154609098,1.4087470031896714e-12,-0.08609866348234003,-0.09855261910910926,-3.272394582846246e-12,0.016952323343271715,2.5967788990863336e-11,-0.06782559045840413,1.4905117683893198e-10,0.1,0.0,1
12,310,world,3.1,0.3,1.621298761032098,1.1743556308746346,-0.703055241267996,-1.5073839586044566e-12,0.9963123871672577,1.2981212787658797e-13,-0.08579992527432903,-0.098565284449946,-3.0259189461402303e-13,0.016878527817947683,-2.797364438580271e-10,-0.059969834002483215,-1.6121106768237936e-09,0.1,0.0,1
12,311,world,3.11,0.301,1.620313046185974,1.1743556308746346,-0.702886818593336,0.0,0.9963380695320768,-0.0,-0.08550117660649205,-0.09857763210798698,0.0,0.01680626216570406,-2.718465612412809e-10,-0.05997036358983443,-1.5722383455747101e-09,0.1,0.0,1
12,312,world,3.12,0.302,1.6193272094376954,1.1743556308746346,-0.7027191109225487,1.439018704989964e-11,0.996363662532215,-1.2305534356635241e-12,-0.08520241772033535,-0.09858966543423553,2.8885323432020655e-12,0.016735527167242335,-3.060337446903099e-11,-0.059970850047661284,-1.7763061755743844e-10,0.1,0.0,1
12,313,world,3.13,0.303,1.6183412539140718,1.1743556308746343,-0.7025521029455489,1.7959676034686206e-12,0.9963891661447847,-1.530367931981399e-13,-0.08490364885740029,-0.09860138771864912,3.604940209119239e-13,0.016666323528499987,2.4436214400317257e-10,-0.05997129337385157,1.4234482229923387e-09,0.1,0.0,1
12,314,world,3.14,0.304,1.617355182709392,1.1743556308746346,-0.7023857793451396,0.0,0.9964145803471632,-0.0,-0.08460487025926233,-0.09861280217638091,0.0,0.016598651960986692,2.61003054624896e-10,-0.05997169356649843,1.525871223498741e-09,0.1,0.0,1
12,315,world,3.15,0.305,1.61636899888611,1.1743556308746341,-0.702220124797314,-1.3629156693377655e-11,0.9964399051169929,1.1531260421882896e-12,-0.08430608216752959,-0.09862391195796313,-2.7355600725517556e-12,0.01653251312135993,0.0,-0.059972050623874146,0.0,0.1,0.0,1
12,316,world,3.16,0.306,1.6153827054755365,1.1743556308746346,-0.7020551239715502,0.0,0.9964651404321808,-0.0,-0.08400728482384211,-0.09863472014238683,0.0,0.016467907651946247,-1.493613976431716e-10,-0.05997236454443962,-8.795404567551552e-10,0.1,0.0,1
12,317,world,3.17,0.307,1.6143963054785289,1.1743556308746348,-0.7018907615310921,-4.739833496830363e-12,0.9964902862708995,3.981616837480468e-13,-0.08370847846987033,-0.09864522974048096,-9.513017271474687e-13,0.016404836160344046,2.5488027775674554e-10,-0.0599726353268418,1.5063794202831582e-09,0.1,0.0,1
12,318,world,3.18,0.308,1.6134098018661889,1.1743556308746346,-0.7017270221332224,-1.52246628940142e-11,0.9965153426115866,1.2743245911679226e-12,-0.08340966334731433,-0.09865544369277673,-3.0555678723684235e-12,0.01634329923183698,-7.90715756876476e-11,-0.059972862969908,-4.690343868886254e-10,0.1,0.0,1
12,319,world,3.19,0.309,1.612423197580558,1.1743556308746346,-0.7015638904295265,0.0,0.9965403094329449,-0.0,-0.08311083969790246,-0.09866536487148665,0.0,0.0162832974171821,2.418598183362825e-10,-0.05997304747265817,1.4399242928014875e-09,0.1,0.0,1
12,320,world,3.2,0.31000000000000005,1.611436495535312,1.1743556308746343,-0.7014013510661443,-2.977622449502416e-11,0.9965651867139431,2.4743277880067014e-12,-0.08281200776339039,-0.09867499607659919,-5.9757463681322774e-12,0.01622483125592178,-2.9412310881302577e-10,-0.059973188834291015,-1.7575280557291954e-09,0.1,0.0,1
12,321,world,3.21,0.311,1.6104496986164691,1.1743556308746343,-0.7012393886840163,1.7758922645831302e-11,0.996589974433815,-1.470358925493659e-12,-0.08251316778555991,-0.09868434004037341,3.563923453019501e-12,0.016167901248954834,-1.4528771110869293e-10,-0.05997328705419785,-8.713743251743528e-10,0.1,0.0,1
12,322,world,3.22,0.31200000000000006,1.609462809683085,1.1743556308746346,-0.7010779879191164,-2.0973574762217035e-11,0.9966146725720605,1.7301854313714854e-12,-0.0822143200062177,-0.09869339942267805,-4.208947362452515e-12,0.016112507886599608,3.476853762994768e-10,-0.059973342131963994,2.0930069843365516e-09,0.1,0.0,1
12,323,world,3.23,0.313,1.6084758315679635,1.1743556308746346,-0.70091713340268,-3.385781445000316e-12,0.9966392811084448,2.7828309157181143e-13,-0.08191546466719436,-0.09870217681378468,-6.79437163193003e-13,0.016058651631453643,-7.507731957905764e-10,-0.0599733540673466,-4.5363551159157755e-09,0.1,0.0,1
12,324,world,3.24,0.31400000000000006,1.6074887670783573,1.1743556308746343,-0.7007568097614215,2.4852612375207745e-11,0.9966638000229994,-2.0351755256866504e-12,-0.08161660201034326,-0.09871067473397425,4.987142994515265e-12,0.01600633292055175,-1.6281425187868988e-10,-0.05997332286028322,-9.874393610327078e-10,0.1,0.0,1
12,325,world,3.25,0.315,1.6065016189966788,1.1743556308746346,-0.7005970016177431,6.588630270497956e-12,0.9966882292960214,-5.375527237744855e-13,-0.08131773227753948,-0.09871889563067333,1.3221001785778218e-12,0.01595555218286803,1.7860474348410173e-10,-0.05997324851092095,1.0872676765295589e-09,0.1,0.0,1
12,326,world,3.2600000000000002,0.31600000000000006,1.6055143900812074,1.1743556308746343,-0.7004376935899354,1.3871654660889027e-11,0.9967125689080741,-1.1275724040182946e-12,-0.08101885571067836,-0.09872684188290941,2.7834729178124464e-12,0.015906309811738458,-2.7187311642871326e-10,-0.059973131019578976,-1.6612730000081172e-09,0.1,0.0,1
12,327,world,3.27,0.317,1.604527083066801,1.1743556308746343,-0.7002788702923723,2.3367743967466262e-11,0.9967368188399869,-1.892418957537531e-12,-0.08071997255167489,-0.09873451579646003,4.68883633018698e-12,0.01585860619470025,3.59901280666953e-10,-0.05997297038676108,2.2074720370912976e-09,0.1,0.0,1
12,328,world,3.2800000000000002,0.31800000000000006,1.6035397006656067,1.1743556308746346,-0.7001205163356953,-8.421409406821272e-12,0.9967609790728555,6.794596492636601e-13,-0.08042108304246208,-0.09874191960666573,-1.6897508499860052e-12,0.015812441696043112,3.758609911602831e-10,-0.05997276661316114,2.3140994470168587e-09,0.1,0.0,1
12,329,world,3.29,0.319,1.6025522455677763,1.1743556308746343,-0.6999626163269925,0.0,0.9967850495880417,-0.0,-0.08012218742499028,-0.09874905547860666,0.0,0.015767816655550805,-4.91979261444396e-10,-0.05997251969965899,-3.040537862950189e-09,0.1,0.0,1
12,330,world,3.3000000000000003,0.32000000000000006,1.6015647204421775,1.1743556308746341,-0.6998051548699691,2.228073280035175e-11,0.9968090303671738,-1.7842146801653732e-12,-0.07982328594122563,-0.09875592550314537,4.470403319592139e-12,0.015724731413197666,1.489913451052036e-10,-0.05997222964732325,9.243138728213122e-10,0.1,0.0,1
12,331,world,3.31,0.321,1.6005771279371122,1.1743556308746343,-0.6996481165651113,-9.332797060873661e-12,0.9968329213921467,7.44542914980483e-13,-0.07952437883314935,-0.0987625317020291,-1.872486916437219e-12,0.01568318627721091,3.543808057560515e-10,-0.059971896457407074,2.2069344360319074e-09,0.1,0.0,1
12,332,world,3.3200000000000003,0.32200000000000006,1.5995894706810336,1.1743556308746341,-0.6994914860098445,0.0,0.9968567226451216,-0.0,-0.07922546634275619,-0.09876887602476514,0.0,0.015643181543553524,5.509378530618678e-11,-0.05997152013134265,3.444202724987663e-10,0.1,0.0,1
12,333,world,3.33,0.323,1.598601751283262,1.1743556308746343,-0.6993352477986832,-1.2810349342570237e-11,0.9968804341085263,1.01424065194836e-12,-0.07892654871205379,-0.09877496034782185,-2.5700851527459743e-12,0.015604717501006594,1.60789290089985e-10,-0.059971100670753945,1.0090580573037437e-09,0.1,0.0,1
12,334,world,3.34,0.324,1.5976139723347038,1.1743556308746346,-0.6991793865233755,-1.0186248533941028e-11,0.9969040557650556,8.034078478292654e-13,-0.0786276261830611,-0.09878078647722814,-2.0435752602952205e-12,0.01556779441476103,-4.352403928851921e-12,-0.05997063807745119,-2.741999106685261e-11,0.1,0.0,1
12,335,world,3.35,0.325,1.5966261364085728,1.1743556308746343,-0.699023886773042,-1.253417557392157e-11,0.9969275875976705,9.848114125131353e-13,-0.07832869899780755,-0.09878635614511339,-2.514559947568065e-12,0.015532412548307492,3.4649412279782915e-11,-0.059970132353436394,2.191387843250624e-10,0.1,0.0,1
12,336,world,3.36,0.326,1.5956382460611107,1.1743556308746341,-0.6988687331343088,-1.2398575813436141e-11,0.9969510295895995,9.704167587762691e-13,-0.07802976739833173,-0.09879167101412645,-2.4872984076116776e-12,0.015498572135413278,-3.9195800670034685e-10,-0.059890719433422515,-2.488583265135089e-09,0.1,0.0,1
12,337,world,3.37,0.327,1.5946503038323043,1.1743556308746343,-0.698713910191456,1.2581624079652136e-11,0.9969743204223318,-9.80958060053344e-13,-0.07773161788120533,-0.09879673275105806,2.523961373828907e-12,0.015466272909657769,7.873700957049774e-12,-0.0558781499911776,5.0173630918351246e-11,0.1,0.0,1
12,338,world,3.38,0.328,1.593662311539795,1.1743556308746343,-0.6985594070486003,-1.2905466462909597e-11,0.9969944755354171,1.0028350860567635e-12,-0.07747267745378834,-0.0988017504917243,-2.5888741921969824e-12,0.015434186074136212,-7.944503345347011e-11,-0.0519449110548776,-5.081016636858675e-10,0.1,0.0,1
12,339,world,3.39,0.329,1.5926742683293422,1.1743556308746343,-0.6984052298618199,1.7709528727818765e-11,0.9970145635348053,-1.3715133354251667e-12,-0.07721372999345247,-0.09880691617261261,3.552511539482372e-12,0.015401081665204814,-1.992998629289951e-10,-0.05194525950102992,-1.2790024017546934e-09,0.1,0.0,1
12,340,world,3.4,0.33,1.5916861727266203,1.1743556308746343,-0.6982513888076639,0.0,0.9970345844069487,-0.0,-0.07695477565728634,-0.09881222877365044,0.0,0.0153669595165657,-1.833335266688383e-16,-0.0519455799175415,-1.1805695597878239e-15,0.1,0.0,1
12,341,world,3.41,0.331,1.5906980232676502,1.1743556308746341,-0.6980978940644369,1.7710250691031687e-11,0.9970545381384486,-1.362314749699995e-12,-0.07669581460239618,-0.09881768724449513,3.5525136720991582e-12,0.015331819450056922,5.401387340915877e-11,-0.05194587230338263,3.490158933207277e-10,0.1,0.0,1
12,342,world,3.42,0.332,1.5897098184991145,1.1743556308746346,-0.6979447558122376,-3.521375258223907e-12,0.9970744247160557,2.6995258841331236e-13,-0.07643684698590532,-0.09882329050338193,-7.063414052633205e-13,0.01529566128299742,3.197596573355437e-10,-0.05194613665759712,2.073283270870412e-09,0.1,0.0,1
12,343,world,3.43,0.333,1.588721556978674,1.1743556308746343,-0.6977919842329978,-3.2060503025206445e-12,0.99709424412667,2.449418338369652e-13,-0.07617787296495376,-0.09882903743696764,-6.430785416211278e-13,0.015258484829184356,-2.794042597799369e-10,-0.05194637297933428,-1.8178917534836872e-09,0.1,0.0,1
12,344,world,3.44,0.334,1.587733237275282,1.1743556308746343,-0.6976395895105155,1.4817785711053254e-11,0.997113996357341,-1.1282058897074734e-12,-0.07591889269669741,-0.09883492690064595,2.972133752270633e-12,0.015220289896844008,2.2024427608513903e-10,-0.05194658126782802,1.4379527458178226e-09,0.1,0.0,1
12,345,world,3.45,0.335,1.5867448579695016,1.1743556308746343,-0.6974875818304891,-1.771169792314238e-11,0.9971336813952674,1.3439175016956881e-12,-0.07565990633830773,-0.09884095771578721,-3.5525206908628065e-12,0.015181076306572082,3.5436355923899047e-10,-0.05194676152240251,2.321662171341914e-09,0.1,0.0,1
12,346,world,3.46,0.336,1.585756417653822,1.174355630874634,-0.697335971380546,-8.600276517453072e-12,0.9971532992277975,6.503199768529488e-13,-0.07540091404697107,-0.09884712867618467,-1.724964817785104e-12,0.015140843849461988,-2.3731622728951227e-10,-0.05194691374248183,-1.5602436513114273e-09,0.1,0.0,1
12,347,world,3.47,0.337,1.5847679149329743,1.1743556308746346,-0.6971847683502714,-1.9751261704700747e-12,0.997172849842429,1.4883554518616578e-13,-0.07514191597988813,-0.09885343854014439,-3.9614493407238547e-13,0.015099592338533386,1.1175584164484379e-10,-0.05194703792756499,7.373188000581749e-10,0.1,0.0,1
12,348,world,3.48,0.338,1.583779348424252,1.1743556308746343,-0.6970339829312315,-1.603707651126658e-11,0.9971923332268094,1.204284222647134e-12,-0.07488291229427356,-0.09885988603630748,-3.216443530349831e-12,0.01505732157086042,1.9437231843777337e-10,-0.05194713407724813,1.2868996304947572e-09,0.1,0.0,1
12,349,world,3.49,0.339,1.5827907167578241,1.1743556308746343,-0.696883625316997,-1.4953871440280745e-11,0.9972117493687357,1.1190364080085486e-12,-0.07462390314735519,-0.09886646986122735,-2.9991340058689905e-12,0.015014031343347639,2.501031095544776e-11,-0.05194720219122733,1.661727002121938e-10,0.1,0.0,1
12,350,world,3.5,0.34,1.5818020185770587,1.1743556308746343,-0.6967337057031617,-1.771348973966685e-11,0.9972310982561545,1.3209191883588069e-12,-0.07436488869637362,-0.0988731886790253,-3.552531111287613e-12,0.014969721455052666,5.289355882384648e-11,-0.05194724226928195,3.5267840735703647e-10,0.1,0.0,1
12,351,world,3.5100000000000002,0.341,1.5808132525388352,1.1743556308746346,-0.6965842342873593,-1.8510872324953333e-11,0.997250379877162,1.3755465117822449e-12,-0.07410586909858162,-0.0988800411224684,-3.712378171325695e-12,0.014924391700131696,-7.55887388360746e-12,-0.05194725431127182,-5.0579424904647613e-11,0.1,0.0,1
12,352,world,3.52,0.342,1.5798244173138702,1.1743556308746346,-0.6964352212692763,-1.720415865119776e-11,0.9972695942200044,1.2739512326708856e-12,-0.07384684451124368,-0.09888702579202857,-3.4502484033840824e-12,0.014878041874073242,-5.350267769753669e-10,-0.05194723831716639,-3.5928431317602567e-09,0.1,0.0,1
12,353,world,3.5300000000000002,0.343,1.5788355115870294,1.1743556308746341,-0.6962866768506627,1.7714542007825928e-11,0.9972887412730775,-1.307118377813869e-12,-0.0735878150916353,-0.09889414125610739,3.5525360060806336e-12,0.01483067177227929,-2.523678324094006e-10,-0.05194719428701703,-1.700779320279456e-09,0.1,0.0,1
12,354,world,3.54,0.34400000000000003,1.5778465340576522,1.1743556308746343,-0.6961386112353556,-5.70981763068447e-14,0.997307821024927,4.198242084808126e-15,-0.07332878099704256,-0.0989013860515916,-1.1450447712036499e-14,0.014782281186408387,5.146447043470859e-10,-0.05194712222096251,3.4807916400919955e-09,0.1,0.0,1
12,355,world,3.5500000000000003,0.34500000000000003,1.5768574834398643,1.1743556308746343,-0.6959910346292987,-1.7377038720910398e-11,0.9973268334642484,1.2731390554653774e-12,-0.07306974238476154,-0.09890875868425547,-3.4847185447141896e-12,0.014732869901676299,-5.095761576041618e-10,-0.05194702211923875,-3.458928020077081e-09,0.1,0.0,1
12,356,world,3.56,0.34600000000000003,1.5758683584629212,1.1743556308746346,-0.695843957240406,3.481272373474319e-11,0.9973457785798872,-2.541484425969078e-12,-0.07281069941209778,-0.09891625762603465,6.981065052343897e-12,0.014682437715173316,4.924892043039796e-12,-0.05194689398217605,3.3550302419846224e-11,0.1,0.0,1
12,357,world,3.5700000000000003,0.34700000000000003,1.5748791578715031,1.1743556308746343,-0.6956973892787252,-1.771590249195616e-11,0.9973646563608385,1.2887142014231841e-12,-0.0725516522363656,-0.09892388131677275,-3.552538087514637e-12,0.014630984424332591,5.222626109681478e-10,-0.051946737810182386,3.5707660049912943e-09,0.1,0.0,1
12,358,world,3.58,0.34800000000000003,1.5738898804260455,1.1743556308746341,-0.6955513409563726,-1.1791061988984453e-12,0.997383466796248,8.546427410206899e-14,-0.07229260101488792,-0.09893162816597412,-2.364395918306191e-13,0.014578509815116112,-2.56150578300147e-10,-0.051946553603758855,-1.757705043233976e-09,0.1,0.0,1
12,359,world,3.59,0.349,1.572900524903061,1.1743556308746346,-0.6954058224875254,0.0,0.9974022098754108,-0.0,-0.07203354590499522,-0.09893949654924353,0.0,0.014525013686128838,-4.213845964647899e-11,-0.051946341363507544,-2.902104363526069e-10,0.1,0.0,1
12,360,world,3.6,0.35000000000000003,1.5719110900954618,1.1743556308746346,-0.6952608440884074,1.7458233326835923e-12,0.9974208855877724,-1.256295872869462e-13,-0.07177448706402541,-0.09894748481049602,3.5006711441337255e-13,0.014470495833822018,2.2512758974646353e-10,-0.05194610109011697,1.5561532103043244e-09,0.1,0.0,1
12,361,world,3.61,0.351,1.5709215748128809,1.1743556308746346,-0.6951164159772742,-1.5683273188998902e-11,0.9974394939229282,1.1244751675025045e-12,-0.07151542464932296,-0.09895559126133026,-3.144703138434638e-12,0.014414956056836958,-8.30731130407722e-12,-0.051945832784365646,-5.7634027167698646e-11,0.1,0.0,1
12,362,world,3.62,0.35200000000000004,1.5699319778819958,1.1743556308746346,-0.694972548374394,2.326704684604495e-12,0.9974580348706237,-1.6621501664654884e-13,-0.07125635881823862,-0.09896381418152679,4.665263425429554e-13,0.014358394152698201,-4.584393729526867e-11,-0.051945536447119495,-3.192279222413679e-10,0.1,0.0,1
12,363,world,3.63,0.353,1.5689422981468508,1.1743556308746346,-0.6948292515020229,-1.2466964473864817e-11,0.9974765084207549,8.873599341027351e-13,-0.07099728972812867,-0.09897215181827183,-2.4996984680805157e-12,0.014300809923250963,-8.585658120107359e-12,-0.051945212079343064,-6.00065560962899e-11,0.1,0.0,1
12,364,world,3.64,0.35400000000000004,1.5679525344691827,1.1743556308746346,-0.6946865355843793,2.931448726831606e-12,0.9974949145633674,-2.0788623050379504e-13,-0.07073821753635447,-0.09898060238599743,5.877616328908747e-13,0.014242203175951478,-1.763671252440847e-10,-0.05310128580895166,-1.2373442901684165e-09,0.1,0.0,1
12,365,world,3.65,0.355,1.5669626857288501,1.1743556308746343,-0.6945444108468382,0.0,0.9975140682611742,-0.0,-0.07046760689168949,-0.09898916385350466,0.0,0.01418257520988371,-7.439664527171072e-11,-0.06263417641421981,-5.242537535284418e-10,0.1,0.0,1
12,366,world,3.66,0.35600000000000004,1.5659727508918209,1.1743556308746341,-0.6944028870421811,8.213609405907421e-12,0.9975390251998155,-5.773050693829643e-13,-0.07011343097725153,-0.09899781677620428,1.6467730464549933e-12,0.014122049197800163,-1.1633366362132383e-10,-0.07101130569338741,-8.234804450597832e-10,0.1,0.0,1
12,367,world,3.67,0.357,1.5649827291310703,1.1743556308746346,-0.6942619725956394,8.296310140364083e-12,0.9975638567212257,-5.801576491332351e-13,-0.06975924141985748,-0.09900654836988379,1.6633123687223562e-12,0.014060703392144429,3.170761777642298e-10,-0.07101223308338622,2.2560234756240934e-09,0.1,0.0,1
12,368,world,3.68,0.35800000000000004,1.563992619667258,1.1743556308746343,-0.6941216757075177,-1.4513008371813722e-11,0.99758856279231,1.0097107606489172e-12,-0.06940503862093494,-0.09901535712701885,-2.909614652736368e-12,0.01399853753107511,3.403233825790665e-10,-0.0710130888710457,2.433968845896304e-09,0.1,0.0,1
12,369,world,3.69,0.359,1.5630024217363776,1.1743556308746343,-0.693982004579645,-1.6221078403573988e-11,0.9976131433804948,1.1227586774032499e-12,-0.06905082298197858,-0.09902424151867517,-3.251973528263067e-12,0.013935551357986865,-4.4565329567634754e-10,-0.071013873051188,-3.203869354093568e-09,0.1,0.0,1
12,370,world,3.7,0.36000000000000004,1.562012134589961,1.1743556308746341,-0.6938429674153876,1.7757015625847418e-11,0.9976375984537275,-1.2227351004545488e-12,-0.0686965949045471,-0.09903319999676932,3.5598078997661195e-12,0.013871744605488229,-1.0832322102119999e-10,-0.07101458561905588,-7.828256192287196e-10,0.1,0.0,1
12,371,world,3.71,0.361,1.5610217574947458,1.1743556308746343,-0.693704572423469,-8.33750295564602e-12,0.9976619279804768,5.711399513992094e-13,-0.06834235479026111,-0.09904223099144266,-1.6714059854399305e-12,0.013807117013979346,2.4271718648247784e-10,-0.07101522657034855,1.7632798276450608e-09,0.1,0.0,1
12,372,world,3.72,0.36200000000000004,1.5600312897336512,1.1743556308746343,-0.6935668278125194,0.0,0.9976861319297335,-0.0,-0.0679881030407999,-0.09905133291191065,0.0,0.01374166832571095,1.2519404907939242e-10,-0.07101579590118304,9.143094644980535e-10,0.1,0.0,1
12,373,world,3.73,0.363,1.559040730605543,1.1743556308746343,-0.6934297417941838,-1.7545183671299798e-11,0.9977102102710098,1.1893715569863e-12,-0.06763384005789948,-0.09906050414679946,-3.5170843518241e-12,0.013675398282387613,7.227660958969006e-11,-0.07101629360811487,5.306495700020392e-10,0.1,0.0,1
12,374,world,3.74,0.36400000000000005,1.5580500794251055,1.1743556308746343,-0.6932933225855802,-5.343356215720272e-12,0.99773416297434,3.603151037804144e-13,-0.0672795662433493,-0.09906974306443675,-1.0710963525228737e-12,0.013608306623033204,-3.0510752065928627e-10,-0.07101671968813532,-2.2520357984465593e-09,0.1,0.0,1
12,375,world,3.75,0.365,1.5570593355240647,1.1743556308746341,-0.6931575784019358,5.129121227052256e-12,0.9977579900102809,-3.44039223904328e-13,-0.06692528199899028,-0.0990790480119752,1.0281275231201195e-12,0.013540393090332168,-4.9498377653091e-10,-0.07101707413866036,-3.673141138655175e-09,0.1,0.0,1
12,376,world,3.7600000000000002,0.36600000000000005,1.5560684982504267,1.1743556308746341,-0.693022517463592,3.16375930704177e-11,0.9977816913499115,-2.1108282886450284e-12,-0.06657098772671169,-0.09908841731401993,6.341574920234324e-12,0.013471657440813934,-1.9911877376265108e-10,-0.0710173569575459,-1.485577123434807e-09,0.1,0.0,1
12,377,world,3.77,0.367,1.5550775669688983,1.1743556308746341,-0.6928881479944865,2.0085088251713022e-11,0.9978052669648338,-1.3328932833514964e-12,-0.06621668382844888,-0.0990978492769774,4.025846094092092e-12,0.013402099413057388,6.54198511964268e-10,-0.07101756814308631,4.907282782628237e-09,0.1,0.0,1
12,378,world,3.7800000000000002,0.36800000000000005,1.5540865410617046,1.1743556308746343,-0.6927544782176452,-1.7760387255497592e-11,0.9978287168271726,1.1722865754218479e-12,-0.0658623707061803,-0.09910734218355008,-3.559800407103759e-12,0.013331718768137804,2.6457654460870257e-10,-0.07101770769399791,1.995463274297858e-09,0.1,0.0,1
12,379,world,3.79,0.369,1.5530954199279265,1.1743556308746341,-0.6926215163615809,0.0,0.9978520409095756,-0.0,-0.06550804876192537,-0.09911689429742143,0.0,0.013260515255214914,1.419695229138537e-17,-0.07101777560943,1.0766160512142533e-16,0.1,0.0,1
12,380,world,3.8000000000000003,0.37000000000000005,1.552104202984222,1.1743556308746343,-0.6924892706565031,-1.776121639215883e-11,0.9978752391852139,1.159673319643596e-12,-0.0651537183977414,-0.09912650386014593,-3.5598007898825713e-12,0.013188488634581073,0.0,-0.07101777188898149,0.0,0.1,0.0,1
12,381,world,3.81,0.371,1.5511128896651716,1.1743556308746341,-0.692357749333258,0.0,0.9978983116277822,-0.0,-0.0647993800157212,-0.09913616909277516,0.0,0.013115638665680435,-4.044794715622446e-10,-0.07101769653268156,-3.101321416418635e-09,0.1,0.0,1
12,382,world,3.8200000000000003,0.37200000000000005,1.5501214794228344,1.174355630874634,-0.6922269606282094,1.3448813807906861e-11,0.9979212582114985,-8.685146811137346e-13,-0.06444503401799037,-0.0991458881948709,2.6953613022354838e-12,0.013041965114589289,-9.055320688615733e-11,-0.07101754954096733,-6.981771776224733e-10,0.1,0.0,1
12,383,world,3.83,0.373,1.5491299717277216,1.1743556308746341,-0.6920969127774486,7.025775593737629e-12,0.9979440789111047,-4.512144022028783e-13,-0.06409068080670492,-0.09915565934458405,1.4080477487162797e-12,0.012967467753605702,-3.213238150613214e-11,-0.07101733091473589,-2.491318532140449e-10,0.1,0.0,1
12,384,world,3.84,0.374,1.5481383660686658,1.1743556308746346,-0.691967614019345,1.5956274450043468e-11,0.9979667737018668,-1.0190662191025014e-12,-0.06373632078404823,-0.09916548069945569,3.197751910788232e-12,0.012892146355277051,3.159890489060254e-10,-0.07101704065531778,2.4637467325468444e-09,0.1,0.0,1
12,385,world,3.85,0.375,1.547146661952604,1.1743556308746341,-0.6918390725977881,-1.776323782468919e-11,0.9979893425595746,1.128137026057495e-12,-0.06338195435222875,-0.09917535039573812,-3.559800182090974e-12,0.012816000697665779,5.827075747821709e-10,-0.07101667876446334,4.569047571016516e-09,0.1,0.0,1
12,386,world,3.86,0.376,1.5461548589058127,1.1743556308746343,-0.6917112967542762,-3.001197500520136e-11,0.9980117854605426,1.895350576599327e-12,-0.06302758191347733,-0.0991852665479173,-6.014345139589118e-12,0.012739030568241709,-4.248375502387353e-10,-0.07101624524436188,-3.3501353071736473e-09,0.1,0.0,1
12,387,world,3.87,0.377,1.5451629564732292,1.1743556308746341,-0.6915842947347098,1.593922633024421e-11,0.998034102381609,-1.0009301074405699e-12,-0.0626732038700445,-0.09919522725017199,3.194120876285074e-12,0.012661235752750863,-3.376091059436371e-10,-0.0710157400976398,-2.6775133210651875e-09,0.1,0.0,1
12,388,world,3.88,0.378,1.544170954218724,1.1743556308746343,-0.691458074788926,-3.078630341118643e-12,0.998056293300137,1.9223025122360568e-13,-0.06231882062419793,-0.09920523057435153,-6.169245483453365e-13,0.012582616051113937,1.986671960575498e-10,-0.07101516332735093,1.5846576112360133e-09,0.1,0.0,1
12,389,world,3.89,0.379,1.5431788517261043,1.1743556308746343,-0.6913326451644315,0.0,0.9980783581940144,-0.0,-0.06196443257821979,-0.09921527457209983,0.0,0.01250317126103788,2.258452364289123e-11,-0.07101451493698756,1.8118653257821498e-10,0.1,0.0,1
12,390,world,3.9,0.38,1.5421866485983367,1.1743556308746341,-0.6912080141141004,-4.901183922812519e-12,0.9981002970416536,3.0253686837443516e-13,-0.061610040134404104,-0.0992253572723155,-9.82101717076975e-13,0.012422901198244551,2.9189716432149046e-13,-0.07101379493047784,2.3553997494391983e-12,0.1,0.0,1
12,391,world,3.91,0.381,1.5411943444582439,1.1743556308746341,-0.6910841898923282,-2.368960557859712e-14,0.998122109821992,1.4538522133907132e-15,-0.06125564369505412,-0.0992354766848993,-4.746832036449359e-15,0.01234180566695215,-2.776937741527924e-10,-0.07101300331217245,-2.253901287529074e-09,0.1,0.0,1
12,392,world,3.92,0.382,1.5402019389489787,1.1743556308746343,-0.6909611807528554,1.7765883258917586e-11,0.9981437965144918,-1.0839764661251408e-12,-0.0609012436624798,-0.09924563079585805,3.5597824470227017e-12,0.012259884499139225,-1.6749592226901258e-10,-0.07101214008685994,-1.3674812559206409e-09,0.1,0.0,1
12,393,world,3.93,0.383,1.5392094317334808,1.1743556308746343,-0.690838994954742,1.3728041680577241e-11,0.9981653570991406,-8.327172880346993e-13,-0.06054684043899505,-0.09925581757197971,2.75065367512658e-12,0.012177137517408912,5.181906792001066e-10,-0.07101120525977357,4.255687189252116e-09,0.1,0.0,1
12,394,world,3.94,0.384,1.5382168224954527,1.1743556308746346,-0.6907176407561846,-2.5026810125956976e-11,0.998186791556451,1.5091610509818375e-12,-0.060192434426915166,-0.0992660349563705,-5.014452771249578e-12,0.012093564571317704,3.420028850007484e-10,-0.07655153912124396,2.826762605616661e-09,0.1,0.0,1
12,395,world,3.95,0.385,1.5372241110541558,1.1743556308746346,-0.6905971254687937,-1.4694159105742934e-11,0.9982114141635293,8.800306898177625e-13,-0.059782711829148946,-0.09927624585327818,-2.944096767988886e-12,0.012009454995105605,-4.989391763194815e-10,-0.08219147246306176,-4.150569005318642e-09,0.1,0.0,1
12,396,world,3.96,0.386,1.5362312977287882,1.1743556308746346,-0.6904774524106765,1.6702708449416827e-11,0.9982359274396101,-9.934255098069515e-13,-0.05937198976606299,-0.09928641166765083,3.346444190048247e-12,0.011925118790258302,-3.2341855582364853e-10,-0.08229131004441254,-2.709240226099201e-09,0.1,0.0,1
12,397,world,3.97,0.387,1.5352383829729135,1.1743556308746343,-0.6903586238487869,1.2542412164037639e-11,0.9982602721473574,-7.408051038742791e-13,-0.058961250430126594,-0.09929653184031074,2.512853511601577e-12,0.011840555919641348,2.090670878217662e-10,-0.08229270116272878,1.7636609196731611e-09,0.1,0.0,1
12,398,world,3.98,0.388,1.5342453672458578,1.1743556308746343,-0.6902406420490803,-1.0261019168655728e-12,0.9982844482411167,6.018201995516456e-14,-0.0585504944464967,-0.09930660582253016,-2.055730095249736e-13,0.011755766245065476,1.9606631392983245e-10,-0.08229398085500972,1.6657131787587114e-09,0.1,0.0,1
12,399,world,3.99,0.389,1.5332522510122772,1.1743556308746346,-0.6901235092802748,-4.200736617010049e-12,0.9983084556761742,2.446434862589283e-13,-0.05813972244044688,-0.09931663306367228,-8.415707113536579e-13,0.011670749628703308,-1.2183257719286621e-11,-0.08229514911085256,-1.0424368499434292e-10,0.1,0.0,1
12,400,world,4.0,0.39,1.5322590347423497,1.1743556308746343,-0.690007227812416,2.1630638658359618e-14,0.9983322944087565,-1.2507996995776052e-15,-0.05772893503736202,-0.09932661301017771,4.3333537274330366e-15,0.011585505941753102,-4.550217341498199e-13,-0.08229620592076349,-3.921291455828184e-12,0.1,0.0,1
12,401,world,4.01,0.391,1.53126571891157,1.1743556308746343,-0.6898917999188051,-4.161525398685548e-12,0.9983559643960315,2.3892366472493313e-13,-0.05731813286273266,-0.09933654510707524,-8.336755432612475e-13,0.011500035051685968,2.4797146166831704e-13,-0.08229715127616237,2.152440823948299e-12,0.1,0.0,1
12,402,world,4.0200000000000005,0.39200000000000007,1.5302723040014472,1.1743556308746346,-0.6897772278701634,0.0,0.9983794655961087,-0.0,-0.05690731654214964,-0.09934642879638168,0.0,0.011414336835991178,1.2292240611132004e-11,-0.08229798516935871,1.0747694186017272e-10,0.1,0.0,1
12,403,world,4.03,0.393,1.5292787904988496,1.1743556308746346,-0.6896635139403997,-5.241768639031786e-12,0.9984027979680395,2.9661526671304865e-13,-0.05649648670129874,-0.09935626351926118,-1.0500307209124425e-12,0.011328411163580385,-2.379763539473816e-11,-0.08229870759357283,-2.0960193970342611e-10,0.1,0.0,1
12,404,world,4.04,0.394,1.5282851788962475,1.1743556308746343,-0.6895506604046877,2.106165083440051e-12,0.998425961471818,-1.1831185241739004e-13,-0.056085643965954946,-0.09936604871428621,4.218970598684472e-13,0.01124225790978398,1.054470268973655e-10,-0.08229931854293883,9.35612283089295e-10,0.1,0.0,1
12,405,world,4.05,0.395,1.5272914696915694,1.1743556308746346,-0.6894386695409204,-1.464276299298397e-11,0.9984489560683808,8.164991655305e-13,-0.05567478896197718,-0.0993757838172202,-2.933101752027164e-12,0.011155876958496685,5.832601939330665e-11,-0.08229981801249517,5.213713644101434e-10,0.1,0.0,1
12,406,world,4.0600000000000005,0.3960000000000001,1.5262976633886682,1.1743556308746348,-0.6893275436257491,-3.1319572496087976e-12,0.9984717817196078,1.733491574885944e-13,-0.055263922315302715,-0.09938546826378379,-6.273501425602669e-13,0.011069268177636057,-1.039358998299576e-10,-0.08230020599817808,-9.360460109177764e-10,0.1,0.0,1
12,407,world,4.07,0.397,1.5253037604970072,1.1743556308746346,-0.6892172849375025,-5.239623358764322e-12,0.9984944383883227,2.8784265891512285e-13,-0.0548530446519419,-0.0993951014853189,-1.049504723182245e-12,0.010982431457703726,-3.4360261369732816e-11,-0.08230048249682931,-3.117875175360014e-10,0.1,0.0,1
12,408,world,4.08,0.398,1.5243097615316779,1.1743556308746346,-0.6891078957561836,0.0,0.998516926038293,-0.0,-0.054442156597972406,-0.09940468291249782,0.0,0.010895366678811903,1.3653973038751885e-10,-0.0823006475062037,1.2484069629667376e-09,0.1,0.0,1
12,409,world,4.09,0.399,1.5233156670133712,1.1743556308746343,-0.6889993783639549,-1.7780027357900916e-11,0.9985392446342303,9.620826266411174e-13,-0.05403125877953395,-0.09941421197340784,-3.5612074687274447e-12,0.010808073727835762,6.772896361682111e-11,-0.08230070102496634,6.240092685236271e-10,0.1,0.0,1
12,410,world,4.1,0.39999999999999997,1.522321477468618,1.1743556308746343,-0.6888917350431202,-6.267710567127979e-12,0.9985613941417908,3.365610243943645e-13,-0.05362035182282271,-0.09942368809469293,-1.2553480554986985e-12,0.010720552488058498,-3.813573805353781e-10,-0.08230064305267645,-3.540733194812639e-09,0.1,0.0,1
12,411,world,4.11,0.401,1.521327193429801,1.1743556308746346,-0.6887849680761035,1.7780845540151895e-11,0.9985833745275757,-9.47450952243365e-13,-0.0532094363540859,-0.09943311070023853,3.5612140080517686e-12,0.010632802851276449,1.563513339539981e-10,-0.08230047358980215,1.4629599080564452e-09,0.1,0.0,1
12,412,world,4.12,0.402,1.520332815434964,1.1743556308746348,-0.6886790797474208,-2.096037276609257e-11,0.9986051857591314,1.1082222781830003e-12,-0.052798512999616354,-0.09944247921196553,-4.197929885600406e-12,0.010544824710624776,5.323027479707059e-10,-0.08230019263773025,5.019784478206266e-09,0.1,0.0,1
12,413,world,4.13,0.403,1.5193383440278914,1.1743556308746348,-0.6885740723431374,-3.2628343565407076e-11,0.9986268278049497,1.7116704549190001e-12,-0.052387582385746846,-0.09945179305045439,-6.534641887640572e-12,0.010456617954654041,-4.847647869761682e-10,-0.08229980019874045,-4.607645960016592e-09,0.1,0.0,1
12,414,world,4.14,0.40399999999999997,1.5183437797581143,1.1743556308746346,-0.6884699481509663,2.5306857141903735e-11,0.998648300634468,-1.3171459185465852e-12,-0.051976645138844875,-0.09946105163341247,5.068222097104405e-12,0.010368182481788262,-1.6223829431755925e-10,-0.0822992962760145,-1.5543529260396866e-09,0.1,0.0,1
12,415,world,4.15,0.405,1.5173491231812684,1.1743556308746348,-0.6883667094570584,-1.702256493165008e-11,0.9986696042180696,8.789498597747201e-13,-0.0515657018853069,-0.09947025437636213,-3.4090483016674274e-12,0.010279518194050447,2.609987757434818e-10,-0.0822986808736586,2.5206348419794145e-09,0.1,0.0,1
12,416,world,4.16,0.406,1.5163543748586772,1.1743556308746346,-0.6882643585501069,0.0,0.9986907385270841,-0.0,-0.051154753251553116,-0.09947940069430816,0.0,0.010190624980897005,-3.535123476589619e-10,-0.08229795399667467,-3.4417447515280003e-09,0.1,0.0,1
12,417,world,4.17,0.40700000000000003,1.5153595353575342,1.1743556308746346,-0.6881628977197952,1.7530663386396302e-11,0.9987117035337877,-8.907199857728845e-13,-0.050743799864021805,-0.09948848999853382,3.5106552350565408e-12,0.01010150275016727,1.412765995151389e-10,-0.08229711565096387,1.3866752237816675e-09,0.1,0.0,1
12,418,world,4.18,0.408,1.514364605250735,1.1743556308746346,-0.6880623292586625,-1.3920865157850093e-11,0.9987324992114026,7.015659467447902e-13,-0.05033284234916395,-0.0994975216980376,-2.787706207352404e-12,0.01001215141458302,7.766822936891487e-11,-0.08229616584333838,7.686111424069336e-10,0.1,0.0,1
12,419,world,4.19,0.40900000000000003,1.5133695851174573,1.1743556308746348,-0.6879626554565439,9.815770104419864e-12,0.9987531255340982,-4.90633468693384e-13,-0.049921881333437654,-0.09950649520194493,1.965604641617114e-12,0.009922570867739502,-1.9611420028756942e-10,-0.08229510458152439,-1.956860292788049e-09,0.1,0.0,1
12,420,world,4.2,0.41000000000000003,1.5123744755426443,1.1743556308746343,-0.6878638786058329,5.721069544077471e-12,0.9987735824769909,-2.836032178401544e-13,-0.049510917443302764,-0.09951540991529909,1.1456187261559748e-12,0.009832761025774663,-4.64831726497342e-11,-0.0822939318741432,-4.676955994487769e-10,0.1,0.0,1
12,421,world,4.21,0.41100000000000003,1.5113792771171775,1.1743556308746348,-0.6877660009999449,1.4510499704098479e-11,0.9987938700161438,-7.13325191787632e-13,-0.049099951305215356,-0.09952426524228414,2.905603849653327e-12,0.009742721795446871,5.6181998536347783e-11,-0.08229264773072152,5.700476578675511e-10,0.1,0.0,1
12,422,world,4.22,0.412,1.5103839904377943,1.1743556308746346,-0.6876690249343723,0.0,0.9988139881285675,-0.0,-0.04868898354562222,-0.09953306058410362,0.0,0.009652453095517127,1.4130316883455665e-10,-0.08229125216169776,1.4459143252026272e-09,0.1,0.0,1
12,423,world,4.23,0.41300000000000003,1.5093886161073837,1.1743556308746346,-0.687572952703864,0.0,0.9988339367922199,-0.0,-0.04827801479095532,-0.09954179534069163,0.0,0.0095619548394595,0.0,-0.08196935616428987,0.0,0.1,0.0,1
12,424,world,4.24,0.41400000000000003,1.5083931547349387,1.1743556308746343,-0.6874777866030417,0.0,0.998853562620124,-0.0,-0.04787024588495406,-0.09955046864620481,0.0,0.009471229715353432,1.5415664488320187e-10,-0.0763851696019025,1.6037243567654117e-09,0.1,0.0,1
12,425,world,4.25,0.41500000000000004,1.5073976072478108,1.1743556308746348,-0.6873835256210055,-1.6092965330834688e-11,0.9988705226376008,7.655225283051611e-13,-0.04751503978411749,-0.09955899222922474,-3.222230499548874e-12,0.009381208147204207,-3.777452473040361e-12,-0.0711226396974675,-3.961533251684128e-11,0.1,0.0,1
12,426,world,4.26,0.416,1.506401975615149,1.1743556308746346,-0.6872901576067068,3.9750740246257465e-13,0.9988873565682321,-1.876725993707647e-14,-0.047159822816985594,-0.09956729837094622,7.958996918758764e-14,0.009292636607065448,-1.4005002002253181e-10,-0.0711235763293011,-1.479886560320104e-09,0.1,0.0,1
12,427,world,4.2700000000000005,0.41700000000000004,1.5054062619922601,1.1743556308746348,-0.6871976680538022,-1.244811537064586e-12,0.9989040643878722,5.83268227682434e-14,-0.046804595387523705,-0.09957539094566038,-2.4923518861137956e-13,0.009205515630256629,3.721097016345685e-12,-0.07112444102169682,3.9620665751780034e-11,0.1,0.0,1
12,428,world,4.28,0.41800000000000004,1.5044104684954116,1.1743556308746346,-0.6871060424571888,0.0,0.9989206460729004,-0.0,-0.046449357899752804,-0.09958327376552772,0.0,0.00911984573005274,1.2247613722035196e-10,-0.07112523376940515,1.3141130426891448e-09,0.1,0.0,1
12,429,world,4.29,0.41900000000000004,1.5034145972035857,1.1743556308746346,-0.6870152663010752,-1.4428904650241663e-11,0.9989371016002222,6.657952017156908e-13,-0.04609411075774683,-0.09959095058032202,-2.8888471063871923e-12,0.009035627399791126,-1.2248323016938642e-10,-0.0711259545676107,-1.3243832293350748e-09,0.1,0.0,1
12,430,world,4.3,0.42,1.5024186501581998,1.1743556308746343,-0.6869253250689599,1.3286429064657626e-11,0.9989534309472687,-6.083427166883897e-13,-0.045738854365630036,-0.09959842507853116,2.660065153336321e-12,0.00895286110001801,-1.450997167586497e-10,-0.0711266034119443,-1.581193865926083e-09,0.1,0.0,1
12,431,world,4.3100000000000005,0.42100000000000004,1.5014226293642812,1.1743556308746348,-0.6868362042378309,1.432638703756289e-12,0.9989696340919976,-6.508534802324966e-14,-0.04538358912757429,-0.09960570088697322,2.8682271930539184e-13,0.008871547261601229,-1.9015274537435834e-11,-0.07112718029846164,-2.0884726383801346e-10,0.1,0.0,1
12,432,world,4.32,0.42200000000000004,1.5004265367908936,1.1743556308746348,-0.6867478892805767,1.5381842500422205e-11,0.9989857110128922,-6.933216848267788e-13,-0.04502831544779666,-0.09961278156981274,3.079485482544373e-12,0.008791686295858121,-9.839831568701355e-11,-0.0711276852236653,-1.0893012869955827e-09,0.1,0.0,1
12,433,world,4.33,0.42300000000000004,1.4994303743716124,1.1743556308746341,-0.6866603656678512,1.2359129481908046e-11,0.9990016616889626,-5.526715614187779e-13,-0.044673033730556456,-0.09961967062897358,2.4742904555142624e-12,0.008713278589303824,4.522262438264286e-10,-0.07112811818448715,5.046348330449972e-09,0.1,0.0,1
12,434,world,4.34,0.424,1.4984341440056153,1.1743556308746346,-0.6865736188630588,-3.523359258474642e-11,0.9990174860997456,1.5630090278613388e-12,-0.044317744380152894,-0.09962637150403335,-7.053631854880764e-12,0.0086363245041125,-6.05299271981329e-11,-0.07112847917829891,-6.808949347555986e-10,0.1,0.0,1
12,435,world,4.3500000000000005,0.42500000000000004,1.4974378475575423,1.1743556308746343,-0.686487634331308,1.9188711153863054e-11,0.9990331842253045,-8.443990908298299e-13,-0.04396244780092215,-0.09963288757227576,3.841446573063171e-12,0.00856082437679111,-4.509486644201951e-10,-0.07112876820290907,-5.11391333560871e-09,0.1,0.0,1
12,436,world,4.36,0.42600000000000005,1.49644148685911,1.1743556308746343,-0.6864023975282568,1.6054038977496675e-11,0.9990487560462296,-7.00737368035062e-13,-0.043607144397235086,-0.09963922214779197,3.2138566704576624e-12,0.008486778527978881,1.2309699080702753e-11,-0.07112898525656325,1.407402347562906e-10,0.1,0.0,1
12,437,world,4.37,0.42700000000000005,1.4954450637087233,1.1743556308746346,-0.6863178939120929,1.777785373742601e-11,0.9990642015436382,-7.696450215460356e-13,-0.043251834573494234,-0.09964537848154868,3.5588918367110913e-12,0.008414187261341173,1.737052338461622e-11,-0.07112913033794332,2.0024286267063592e-10,0.1,0.0,1
12,438,world,4.38,0.428,1.4944485798729548,1.1743556308746346,-0.6862341089338263,1.4046434896228814e-11,0.9990795206991746,-6.030982971727476e-13,-0.04289651873413145,-0.09965135976228817,2.811867867940034e-12,0.0083430508524768,2.692885230301524e-10,-0.07112920344616742,3.1301452848710276e-09,0.1,0.0,1
12,439,world,4.39,0.429,1.4934520370865776,1.1743556308746346,-0.6861510280444815,-1.361023389466112e-11,0.9990947134950107,5.795202770749904e-13,-0.042541197283605024,-0.0996571691146376,-2.7245061642703506e-12,0.00827336957088968,1.6801256540889262e-10,-0.0711292045807971,1.9693395980880382e-09,0.1,0.0,1
12,440,world,4.4,0.43000000000000005,1.4924554370535243,1.1743556308746346,-0.6860686366913973,-5.700478172051106e-12,0.9991097799138456,2.406939052237945e-13,-0.042185870626397226,-0.09966280960098119,-1.141108578614816e-12,0.008205143657400061,-3.773834823213209e-10,-0.07112913374182019,-4.460916794309726e-09,0.1,0.0,1
12,441,world,4.41,0.43100000000000005,1.4914587814474574,1.1743556308746343,-0.6859869203191516,3.1118680885969455e-11,0.999124719938906,-1.3028515596189814e-12,-0.04183053916701163,-0.09966828421987557,6.229173226871741e-12,0.008138373342757374,-5.531732923473665e-12,-0.07112899092966617,-6.59470722332772e-11,0.1,0.0,1
12,442,world,4.42,0.432,1.490462071912221,1.1743556308746341,-0.685905864371912,-5.039430730963088e-12,0.9991395335539459,2.0919141632775943e-13,-0.041475203309970406,-0.09967359590593249,-1.0087518014968218e-12,0.008073058849090589,4.056121523753796e-10,-0.07112877614520421,4.87718885539346e-09,0.1,0.0,1
12,443,world,4.43,0.433,1.4894653100628832,1.1743556308746343,-0.6858254542885829,-1.77792654030498e-11,0.9991542207432477,7.316998223210497e-13,-0.04111986345981167,-0.09967874753174841,-3.558855357305147e-12,0.008009200365951874,1.0477121003449328e-10,-0.07112848938973884,1.2707397863581394e-09,0.1,0.0,1
12,444,world,4.44,0.43400000000000005,1.488468497485754,1.1743556308746341,-0.6857456755105894,-1.7779494823087556e-11,0.9991687814916209,7.253755182368466e-13,-0.04076452002108689,-0.09968374190435446,-3.5588500364384607e-12,0.007946798093952654,-4.221033017782462e-10,-0.071128130665012,-5.164422630403408e-09,0.1,0.0,1
12,445,world,4.45,0.43500000000000005,1.4874716357397955,1.1743556308746341,-0.6856665134723748,3.399432927448534e-11,0.9991832157844034,-1.3748056657808879e-12,-0.04040917339835828,-0.09968858176904169,6.8044113203424106e-12,0.00788585219726381,-1.436930299053758e-10,-0.07112769997319483,-1.7736174630381957e-09,0.1,0.0,1
12,446,world,4.46,0.436,1.486474726356464,1.1743556308746343,-0.6855879536114398,0.0,0.9991975236074606,-0.0,-0.04005382399619611,-0.09969326980568102,0.0,0.007826362849478031,1.5721744402489152e-10,-0.07112719731691071,1.9578511100382794e-09,0.1,0.0,1
12,447,world,4.47,0.437,1.4854777708410252,1.1743556308746343,-0.6855099813599722,1.4369250239852948e-11,0.9992117049471866,-5.708873090986655e-13,-0.03969847221917591,-0.09969780863144102,2.8761133325601334e-12,0.007768330199506417,-1.4116910280980054e-10,-0.07112662269920787,-1.7738108419686716e-09,0.1,0.0,1
12,448,world,4.48,0.43800000000000006,1.4844807706726952,1.1743556308746346,-0.6854325821512227,1.7780416131224113e-11,0.999225759790503,-7.00079047678547e-13,-0.039343118471876146,-0.09970220079918815,3.558834552240741e-12,0.007711754391730056,1.1306782771533792e-10,-0.0711259761235699,1.4336068717807444e-09,0.1,0.0,1
12,449,world,4.49,0.43900000000000006,1.4834837273055848,1.1743556308746343,-0.6853557414157209,0.0,0.9992396881248601,-0.0,-0.03898776315887536,-0.09970644879795904,0.0,0.007656635560086222,2.1408077161886427e-11,-0.07112525759393049,2.739222715443505e-10,0.1,0.0,1
12,450,world,4.5,0.44,1.4824866421692204,1.1743556308746343,-0.6852794445828717,1.5035385294077573e-11,0.9992534899382359,-5.812870559787682e-13,-0.03863240668474951,-0.09971055505251207,3.0093214509522654e-12,0.007602973833965361,8.289244542781169e-11,-0.0711244671146442,1.0704323354819571e-09,0.1,0.0,1
12,451,world,4.51,0.441,1.4814895166691282,1.1743556308746343,-0.6852036770817683,-1.0728501736421175e-11,0.9992671652191374,4.1095655478983627e-13,-0.03827704945406942,-0.09971452192415009,-2.1472728852790116e-12,0.007550769327571515,-1.390283916015481e-11,-0.07112360469051275,-1.8120865658161314e-10,0.1,0.0,1
12,452,world,4.5200000000000005,0.44200000000000006,1.4804923521876938,1.1743556308746341,-0.6851284243384123,1.6851899596687675e-11,0.9992807139565992,-6.395125363953366e-13,-0.03792169187139807,-0.09971835170983001,3.3728048767941256e-12,0.007500022151610249,-2.1622971572412664e-10,-0.07112267032676971,-2.8448492963068755e-09,0.1,0.0,1
12,453,world,4.53,0.44300000000000006,1.4794951500844349,1.1743556308746341,-0.6850536717806291,1.7781617563350004e-11,0.999294136140185,-6.684620337049774e-13,-0.037566334341288095,-0.0997220466416428,3.558834979970013e-12,0.007450732420508754,5.479593618440848e-11,-0.06583988736522658,7.272644780454913e-10,0.1,0.0,1
12,454,world,4.54,0.444,1.4784979114994703,1.1743556308746346,-0.6849794074905294,9.56412431034909e-12,0.9993054649653812,-3.5664291863972846e-13,-0.037263758403081236,-0.09972567386903697,1.914154109618064e-12,0.007402024815310929,2.558763672753709e-10,-0.06004238728581658,3.425921022338089e-09,0.1,0.0,1
12,455,world,4.55,0.445,1.47750063652682,1.1743556308746343,-0.6849056334536444,-1.6549133475193934e-11,0.999316511735611,6.1217910595552e-13,-0.036966327550495885,-0.09972932460857309,-3.312090259708085e-12,0.007352673875391172,5.325346900977606e-11,-0.05952744400769864,7.188197359789525e-10,0.1,0.0,1
12,456,world,4.5600000000000005,0.44600000000000006,1.4765033249300674,1.1743556308746341,-0.6848323561854397,2.3612861927000424e-12,0.9993274700742203,-8.664401632383016e-14,-0.036668890834852634,-0.09973299852130808,4.725750431339585e-13,0.007302671151624066,5.2481481101434345e-11,-0.0595279409285766,7.141690375805126e-10,0.1,0.0,1
12,457,world,4.57,0.44700000000000006,1.4755059764823775,1.1743556308746346,-0.6847595822038672,-2.37057041284437e-11,0.9993383399702563,8.627816648443823e-13,-0.03637144849318441,-0.09973669463029183,-4.744279853387182e-12,0.00725201656257867,7.70578791726899e-11,-0.05952839566683607,1.0572151033976887e-09,0.1,0.0,1
12,458,world,4.58,0.448,1.4745085909667397,1.1743556308746343,-0.6846873180277915,-8.231959237860823e-12,0.9993491214130245,2.9715311442306106e-13,-0.03607400076254492,-0.09974041194776594,-1.6474641394006188e-12,0.007200709999017506,-1.3758631875154618e-10,-0.05952880822054555,-1.90327667149029e-09,0.1,0.0,1
12,459,world,4.59,0.449,1.4735111681760715,1.1743556308746341,-0.684615570177348,-4.635999027127754e-12,0.9993598143920885,1.6596629039621512e-13,-0.03577654788000765,-0.09974414947134891,-9.277937654590902e-13,0.0071487513760943346,6.82002418137382e-11,-0.05952917858794674,9.513108042171032e-10,0.1,0.0,1
12,460,world,4.6000000000000005,0.45000000000000007,1.4725137079133759,1.1743556308746343,-0.6845443451736003,-1.7763652828721353e-11,0.9993704188972706,6.306352749592175e-13,-0.035479090082664824,-0.09974790618633733,-3.5549687027640388e-12,0.007096140601879845,-6.951321674559951e-11,-0.05952950676746697,-9.777857591128005e-10,0.1,0.0,1
12,461,world,4.61,0.45100000000000007,1.4715162099918095,1.1743556308746341,-0.6844736495392866,5.160369793496212e-12,0.9993809349186518,-1.8166266940764197e-13,-0.035181627607626303,-0.09975168106554991,1.032713269252682e-12,0.007042877579286358,-4.3631360742605316e-11,-0.059529792757709435,-6.189354478316111e-10,0.1,0.0,1
12,462,world,4.62,0.452,1.4705186742349576,1.1743556308746341,-0.6844034897968556,-1.1563087675800415e-11,0.999391362446571,4.0361426337631034e-13,-0.03488416069201846,-0.09975547306792108,-2.3140259070640453e-12,0.006988962225915585,1.599406002611178e-10,-0.05953003655745875,2.2882664051326004e-09,0.1,0.0,1
12,463,world,4.63,0.453,1.4695211004768653,1.1743556308746343,-0.6843338724697727,-1.7764289522426504e-11,0.9994017014716265,6.1477578664519e-13,-0.03458668957298304,-0.09975928113989577,-3.5549847664515765e-12,0.0069343944545460475,-1.4344266529986962e-10,-0.05953023816568294,-2.0699458802970973e-09,0.1,0.0,1
12,464,world,4.64,0.45399999999999996,1.4685234885621563,1.1743556308746341,-0.6842648040826704,9.173571980637446e-12,0.9994119519846749,-3.1473965929420644e-13,-0.03428921448767624,-0.09976310421558049,1.835793871774123e-12,0.006879174170729119,-3.521427678965973e-10,-0.05953039758151482,-5.125830735613554e-09,0.1,0.0,1
12,465,world,4.65,0.45500000000000007,1.4675258383461836,1.1743556308746343,-0.6841962911610315,3.358477872617801e-11,0.9994221139768316,-1.1422650200952866e-12,-0.03399173567326747,-0.09976694121494317,6.7208393428805755e-12,0.006823301298790609,8.281527489205148e-11,-0.05953051480428309,1.2160555028865368e-09,0.1,0.0,1
12,466,world,4.66,0.456,1.4665281496950962,1.1743556308746343,-0.684128340232106,-3.008042305074622e-12,0.9994321874394704,1.014113221881721e-13,-0.033694253366938404,-0.09977079104563229,-6.019502254491208e-13,0.006766775755762986,1.813554763341682e-10,-0.05953058983348878,2.6866078442616974e-09,0.1,0.0,1
12,467,world,4.67,0.457,1.4655304224861458,1.1743556308746341,-0.684060957822303,6.6732555762355696e-12,0.9994421723642244,-2.2298955672607606e-13,-0.033396767805881744,-0.0997746526025452,1.3353959586651271e-12,0.0067095974574799214,1.1813345486296458e-10,-0.05953062266881102,1.7656757168026872e-09,0.1,0.0,1
12,468,world,4.68,0.45799999999999996,1.4645326566076675,1.1743556308746343,-0.6839941504593264,-2.069463672332039e-11,0.9994520687429854,6.853530857905194e-13,-0.03309927922730024,-0.09977852476699109,-4.141196172974801e-12,0.006651766331054293,-5.2795937121912785e-12,-0.05953061331011307,-7.962278445135452e-11,0.1,0.0,1
12,469,world,4.69,0.4590000000000001,1.4635348519592313,1.1743556308746346,-0.6839279246718398,7.47093399397666e-12,0.9994618765679041,-2.451919355751761e-13,-0.03280178786840553,-0.09978240640782086,1.4949911888674614e-12,0.006593282298254096,-1.3634926782797318e-10,-0.059530561757429316,-2.0750257563027696e-09,0.1,0.0,1
12,470,world,4.7,0.46,1.4625370084517848,1.1743556308746346,-0.6838622869892396,8.897619473248853e-14,0.9994715958313897,-2.893637399662419e-15,-0.03250429396641722,-0.09978629638054957,1.780464579061749e-14,0.006534145288644955,1.0519794156720014e-12,-0.059530468010983856,1.615650385530908e-11,0.1,0.0,1
12,471,world,4.71,0.461,1.461539126007708,1.174355630874634,-0.683797243942835,7.309255478953076e-12,0.999481226526111,-2.355298996405409e-13,-0.03220679775856154,-0.09979019352758794,1.4626097620225221e-12,0.006474355236357367,4.7990818128172903e-11,-0.05953033207117327,7.438820197089072e-10,0.1,0.0,1
12,472,world,4.72,0.46199999999999997,1.4605412045611728,1.1743556308746343,-0.6837328020622437,-7.361510228471891e-12,0.9994907686449953,2.3502031423370546e-13,-0.03190929948207047,-0.09979409667894225,-1.4730520778815928e-12,0.006413912069394921,-2.4035948750630115e-11,-0.0595301539385783,-3.7605373593686885e-10,0.1,0.0,1
12,473,world,4.73,0.4630000000000001,1.4595432440580465,1.1743556308746343,-0.6836689678788758,1.1075721874403671e-11,0.9995002221812292,-3.502985692727407e-13,-0.03161179937418048,-0.09979800465100065,2.2162518827512553e-12,0.0063528157283878955,-6.531809292505222e-11,-0.0595299336139529,-1.031579078740864e-09,0.1,0.0,1
12,474,world,4.74,0.464,1.4585452444560922,1.1743556308746343,-0.6836057479247695,2.969730767457843e-12,0.9995095871282582,-9.304066159630535e-14,-0.031314297672131744,-0.09980191624740019,5.942375460648824e-13,0.006291066153436902,-3.241626508054707e-11,-0.05952967109823383,-5.168336333727608e-10,0.1,0.0,1
12,475,world,4.75,0.465,1.4575472057250871,1.1743556308746343,-0.6835431487328032,1.6251928816320032e-11,0.9995188634797868,-5.043253875256121e-13,-0.031016794613166643,-0.09980583025884454,3.2519502647348936e-12,0.006228663286991314,1.0078228360849509e-10,-0.05952936639254169,1.6222950946617462e-09,0.1,0.0,1
12,476,world,4.76,0.46599999999999997,1.4565491278469342,1.1743556308746343,-0.6834811768369162,-1.3276767679611814e-11,0.9995280512297787,4.080454589343013e-13,-0.030719290434528992,-0.09980974546259852,-2.6566072374711306e-12,0.00616560708213687,1.5845826532716636e-10,-0.05952901949816955,2.5754805934261778e-09,0.1,0.0,1
12,477,world,4.7700000000000005,0.4670000000000001,1.4555510108159382,1.1743556308746343,-0.683419838769763,-9.539335351306916e-12,0.9995371503724567,2.9033799549602207e-13,-0.03042178537346277,-0.09981366062372417,-1.9087504950398763e-12,0.006101897482916108,-4.550584570246504e-11,-0.059528630416591594,-7.468767326584844e-10,0.1,0.0,1
12,478,world,4.78,0.468,1.4545528546387574,1.1743556308746341,-0.6833591410654752,-5.797787148848415e-12,0.9995461609023025,1.7473346239978615e-13,-0.03012427966721127,-0.09981757449380753,-1.160083907380256e-12,0.00603753444488616,-1.3978092360503405e-10,-0.059528199149464105,-2.316911424046492e-09,0.1,0.0,1
12,479,world,4.79,0.46900000000000003,1.4535546593346,1.1743556308746341,-0.6832990902586106,1.3661406412796885e-11,0.9995550828140575,-4.07657049117332e-13,-0.029826773553015686,-0.09982148581110506,2.7334974493384516e-12,0.005972517933280205,-2.4479984413591598e-11,-0.059527725698619,-4.0982146139903536e-10,0.1,0.0,1
12,480,world,4.8,0.47,1.452556424935318,1.1743556308746343,-0.6832396928847236,-1.6941612758889613e-12,0.9995639161027214,5.004916674670512e-14,-0.029529267268114317,-0.09982539330133376,-3.389800787149549e-13,0.0059068479101827024,8.068298567773625e-11,-0.05952721006607162,1.3643652630130038e-09,0.1,0.0,1
12,481,world,4.8100000000000005,0.4710000000000001,1.4515581514855989,1.1743556308746341,-0.6831809554792432,0.0,0.999572660763554,-0.0,-0.02923176104974122,-0.09982929567732053,0.0,0.005840524340340932,-1.0511917474803915e-10,-0.05883711951466622,-1.7955123942942768e-09,0.1,0.0,1
12,482,world,4.82,0.47200000000000003,1.4505598390636378,1.1743556308746343,-0.6831228842228099,1.6284143457155154e-11,0.9995811172571486,-4.714792934635779e-13,-0.028941147574873264,-0.09983318011684933,3.2581934686902084e-12,0.005773746422966566,1.0309452674108579e-10,-0.05754209027300111,1.7786815041134749e-09,0.1,0.0,1
12,483,world,4.83,0.47300000000000003,1.4495614881625871,1.1743556308746341,-0.6830654782845191,-1.7809349400081442e-11,0.9995893158451022,5.10564748753607e-13,-0.02865658123922879,-0.09983698555313167,-3.5633332027048957e-12,0.005707566527319764,1.1094868340645286e-10,-0.056937115324016574,1.9334472186143015e-09,0.1,0.0,1
12,484,world,4.84,0.474,1.4485630996408558,1.1743556308746343,-0.6830087303868952,-3.074072821324091e-12,0.9995974334869758,8.725275066529468e-14,-0.028372010261012773,-0.09984070450100496,-6.150621399683937e-13,0.005642138312998903,-1.0105823112907795e-10,-0.0569375610737638,-1.7787983587571825e-09,0.1,0.0,1
12,485,world,4.8500000000000005,0.4750000000000001,1.4475646743559123,1.1743556308746343,-0.6829526330124819,0.0,0.9996054701749463,-0.0,-0.02808743484771604,-0.09984433844107427,0.0,0.005577461901637925,-9.127896034760942e-11,-0.05693796991133039,-1.62298396036864e-09,0.1,0.0,1
12,486,world,4.86,0.47600000000000003,1.4465662131505057,1.1743556308746343,-0.6828971786425969,1.317508080879679e-11,0.9996134259014068,-3.6644652279969476e-13,-0.0278028552068451,-0.09984788883646217,2.636034918343601e-12,0.005513537421791563,8.59419595543274e-12,-0.05693834183512525,1.543767357607456e-10,0.1,0.0,1
12,487,world,4.87,0.47700000000000004,1.4455677168528314,1.1743556308746346,-0.6828423597574014,-1.545572101019795e-12,0.999621300658967,4.2547585512258256e-14,-0.027518271545920906,-0.09985135713433409,-3.0923148531747965e-13,0.005450364981510068,-2.5507640004904925e-11,-0.056938676843701165,-4.62940738439849e-10,0.1,0.0,1
12,488,world,4.88,0.478,1.4445691862767007,1.1743556308746346,-0.6827881688359644,1.780999670009705e-11,0.9996290944404532,-4.852117912132425e-13,-0.02723368407247829,-0.09985474476499201,3.5633204196595907e-12,0.0053879446840426675,5.039879198961426e-11,-0.05693897493575717,9.242727983094629e-10,0.1,0.0,1
12,489,world,4.89,0.479,1.443570622221705,1.1743556308746343,-0.6827345983563288,-1.0798692221187209e-11,0.9996368072389078,2.9112069381165557e-13,-0.026949092994064863,-0.09985805314158386,-2.160522719715045e-12,0.005326276633128853,1.6160331002031742e-10,-0.05693923611013231,2.9950398129430844e-09,0.1,0.0,1
12,490,world,4.9,0.48000000000000004,1.4425720254733885,1.1743556308746346,-0.682681640795572,-1.217302818611962e-11,0.9996444390475899,3.2470314379034113e-13,-0.02666449851824034,-0.09986128366071034,-2.4354710696304808e-12,0.005265360921641254,-5.46230046119028e-11,-0.056939460365809116,-1.0231719396213734e-09,0.1,0.0,1
12,491,world,4.91,0.48100000000000004,1.441573396803412,1.1743556308746346,-0.6826292886298656,-5.561330725683319e-13,0.9996519898599754,1.4675842657248953e-14,-0.026379900852575598,-0.09986443770212661,-1.1126530946040734e-13,0.005205197636792924,-1.0835714513949631e-10,-0.056939647701916375,-2.0516378396610694e-09,0.1,0.0,1
12,492,world,4.92,0.482,1.440574736969724,1.1743556308746343,-0.6825775343345326,8.364764255537184e-12,0.9996594596697563,-2.1835539320709647e-13,-0.026095300204651763,-0.09986751662884694,1.673522324222921e-12,0.005145786857904588,7.578666555938819e-11,-0.056939798117724406,1.4506296513972134e-09,0.1,0.0,1
12,493,world,4.93,0.483,1.439576046716729,1.1743556308746346,-0.6825263703841029,-1.5077381177069644e-11,0.9996668484708416,3.892874055233059e-13,-0.025810696782059352,-0.09987052178670668,-3.0164803684391886e-12,0.0050871286646741905,4.318039986452921e-11,-0.056939911612649996,8.356465341402632e-10,0.1,0.0,1
12,494,world,4.94,0.48400000000000004,1.4385773267754551,1.1743556308746346,-0.6824757892523656,0.0,0.9996741562573569,-0.0,-0.02552609079239743,-0.09987345450493504,0.0,0.005029223125958288,-7.697388658123756e-11,-0.05693998818625016,-1.5062751890186724e-09,0.1,0.0,1
12,495,world,4.95,0.48500000000000004,1.4375785778637251,1.1743556308746343,-0.6824257834124202,0.0,0.9996813830236442,-0.0,-0.02524148244327281,-0.09987631609542094,0.0,0.004972070314020256,3.930058807036444e-11,-0.056940027838225486,7.777478748837528e-10,0.1,0.0,1
12,496,world,4.96,0.486,1.436579800686324,1.1743556308746343,-0.6823763453367259,-7.7849759891764e-12,0.9996885287642625,1.9434918301594686e-13,-0.024956871942299053,-0.09987910785368775,-1.5574798789365207e-12,0.004915670285058859,6.816196612291711e-11,-0.05694003056842567,1.3643189756048485e-09,0.1,0.0,1
12,497,world,4.97,0.487,1.4355809959351684,1.1743556308746346,-0.6823274674971471,-1.3656047156972298e-11,0.9996955934739875,3.370281327244466e-13,-0.02467225949709562,-0.09988183105780858,-2.732040354291746e-12,0.004860023100704838,-3.841486330975387e-11,-0.05693999637683686,-7.777921260758709e-10,0.1,0.0,1
12,498,world,4.98,0.48800000000000004,1.4345821642894778,1.1743556308746346,-0.6822791423649993,0.0,0.9997025771478114,-0.0,-0.02438764531528709,-0.09988448696956886,0.0,0.004805128804312264,-6.660823641348341e-11,-0.05693992526359231,-1.3643957137363549e-09,0.1,0.0,1
12,499,world,4.99,0.48900000000000005,1.4335833064159433,1.1743556308746346,-0.6822313624110911,0.0,0.9997094797809435,-0.0,-0.02410302960450226,-0.09988707683283807,0.0,0.004750987454277827,-7.846838453654026e-11,-0.05693981722896927,-1.6263512971449186e-09,0.1,0.0,1
12,500,world,5.0,0.49,1.4325844229688975,1.1743556308746346,-0.6821841201057642,1.6277811542756395e-11,0.9997163013688095,-3.87821655573543e-13,-0.023818412572373222,-0.09988960187513343,3.2564854854191195e-12,0.004697599091806528,0.0,-0.056939672273389176,0.0,0.1,0.0,1
12,501,world,5.01,0.491,1.4315855145904843,1.1743556308746346,-0.6821374079189343,0.0,0.9997230419070522,-0.0,-0.02353379442653448,-0.09989206330660998,0.0,0.004644963761777625,1.5926653207009994e-10,-0.056939490397416186,3.380971702002763e-09,0.1,0.0,1
12,502,world,5.0200000000000005,0.49200000000000005,1.430586581910826,1.1743556308746346,-0.6820912183201955,-1.756002845314486e-11,0.9997297013915313,4.083665620039754e-13,-0.02324917537462219,-0.0998944623209073,-3.5129546954083404e-12,0.004593081494686727,0.0,-0.056939271601753966,0.0,0.1,0.0,1
12,503,world,5.03,0.49300000000000005,1.4295876255481954,1.1743556308746346,-0.6820455437788238,0.0,0.9997362798183228,-0.0,-0.02296455562427325,-0.09989680009438294,0.0,0.004541952322833556,1.1546471734082108e-12,-0.05693901588725703,2.511987530242583e-11,0.1,0.0,1
12,504,world,5.04,0.494,1.4285886461092008,1.1743556308746346,-0.6820003767634807,-1.781165741322114e-11,0.9997427771837201,4.040711755239489e-13,-0.022679935383124347,-0.0998990777857501,-3.563247697486042e-12,0.004491576288637589,-1.3503752960965176e-11,-0.05693872325492105,-2.9747287538386396e-10,0.1,0.0,1
12,505,world,5.05,0.495,1.4275896441889353,1.1743556308746348,-0.68195570974272,2.9770451738306584e-12,0.9997491934842332,-6.668858994972844e-14,-0.022395314858811143,-0.09990129653754436,5.95558366055128e-13,0.004441953412366162,-1.7451955042467336e-11,-0.05693839370588264,-3.8934085508301957e-10,0.1,0.0,1
12,506,world,5.0600000000000005,0.49600000000000005,1.4265906203711538,1.1743556308746346,-0.6819115351848325,-1.3915519638680784e-11,0.999755528716589,3.0775703794357273e-13,-0.022110694258967438,-0.09990345747495902,-2.7837843739673544e-12,0.004393083717510511,1.3164991834292471e-11,-0.056938027241423085,2.9748806013508094e-10,0.1,0.0,1
12,507,world,5.07,0.49700000000000005,1.4255915752284474,1.1743556308746346,-0.6818678455578743,0.0,0.9997617828777313,-0.0,-0.02182607379122431,-0.0999055617059928,0.0,0.004344967227732045,-3.56575326143927e-11,-0.05693762386296976,-8.162724662057858e-10,0.1,0.0,1
12,508,world,5.08,0.498,1.4245925093224099,1.1743556308746346,-0.6818246333296927,-5.7470798156475556e-12,0.9997679559648208,1.2382918737184716e-13,-0.021541453663209156,-0.09990761032159313,-1.1496827347474517e-12,0.004297603963686977,1.9206900283769377e-11,-0.05693718357209146,4.4550214638347023e-10,0.1,0.0,1
12,509,world,5.09,0.499,1.423593423203812,1.1743556308746346,-0.6817818909679492,-4.458152072793613e-12,0.9997740479752348,9.478761637997102e-14,-0.021256834082544862,-0.09990960439587464,-8.918319257726739e-13,0.004250993937872579,5.116541713663915e-11,-0.05680742067470317,1.202652566620561e-09,0.1,0.0,1
12,510,world,5.1000000000000005,0.5,1.4225943174090356,1.1743556308746346,-0.6817396110287992,-1.7781905342494937e-11,0.999780031791658,3.730309858807463e-13,-0.02097350782943706,-0.09991154848823969,-3.5571635087371673e-12,0.004205053945210354,-9.329663405803719e-11,-0.05640271142006614,-2.2225404733393996e-09,0.1,0.0,1
12,511,world,5.11,0.501,1.4215951922181704,1.1743556308746348,-0.6816977919545197,1.7782008763250846e-11,0.9997858783780359,-3.680406869173967e-13,-0.02069293106012932,-0.09991349219667255,3.557163340316849e-12,0.004158614801283731,-1.4718476780656709e-10,-0.05612776134225292,-3.5541176437135963e-09,0.1,0.0,1
12,512,world,5.12,0.502,1.4205960475169588,1.1743556308746346,-0.6816564416539859,1.7782114534231508e-11,0.9997916462698325,-3.6305039571948107e-13,-0.020412350405040337,-0.09991545035062205,3.5571638983097933e-12,0.004111299214649909,-4.0232433147644075e-17,-0.05612819496803816,-9.84876433115218e-16,0.1,0.0,1
12,513,world,5.13,0.503,1.4195968831671368,1.1743556308746346,-0.6816155688921515,1.7782222391815493e-11,0.9997973354611349,-3.5806010735865517e-13,-0.020131766062991083,-0.09991742170805026,3.5571651381890086e-12,0.004063107088872559,1.4308138542584352e-10,-0.056128593233504165,3.5514617370499575e-09,0.1,0.0,1
12,514,world,5.14,0.504,1.4185976990430176,1.1743556308746343,-0.6815751824338963,-1.7754106667096948e-11,0.9998029459462345,3.52509399219067e-13,-0.01985117823281556,-0.09991940500354404,-3.5515208215103882e-12,0.004014038332868781,5.6877474818692955e-11,-0.056128956137146996,1.4317500605222392e-09,0.1,0.0,1
12,515,world,5.15,0.505,1.4175984950315668,1.1743556308746346,-0.6815352910478562,3.456371922586614e-12,0.9998084777196273,-6.765618547407604e-14,-0.01957058711335995,-0.09992139894834347,6.914067152362972e-13,0.003964092860414123,-5.5870111860412855e-11,-0.05612928367759548,-1.42657986155065e-09,0.1,0.0,1
12,516,world,5.16,0.506,1.4165992710329105,1.1743556308746343,-0.6814959034997035,-3.480224123338585e-12,0.9998139307760138,6.714599244443562e-14,-0.019289992903481865,-0.09992340223051771,-6.961742520052992e-13,0.003913270585861573,1.3334750926456435e-11,-0.05612957585360895,3.454461452024856e-10,0.1,0.0,1
12,517,world,5.17,0.507,1.4156000269602873,1.1743556308746346,-0.6814570285589234,0.0,0.999819305110299,-0.0,-0.019009395802049522,-0.0999254135153078,0.0,0.0038615714152070244,1.325959693517913e-11,-0.05612983266408274,3.485752317721473e-10,0.1,0.0,1
12,518,world,5.18,0.508,1.4146007627404482,1.1743556308746343,-0.6814186749948178,-6.967922582703271e-12,0.9998246007175924,1.3052369441291147e-13,-0.018728796007940897,-0.09992743144415664,-1.3938287082362668e-12,0.0038089952708523726,7.090773972678772e-13,-0.056130054108047146,1.892017723514487e-11,0.1,0.0,1
12,519,world,5.19,0.509,1.413601478313876,1.1743556308746346,-0.6813808515766132,-1.893023659468382e-13,0.9998298175932081,3.4928811455697243e-15,-0.018448193720042954,-0.09992945463568359,-3.7866909080177117e-14,0.0037555420667136716,-1.4362771147696232e-11,-0.056130240184666,-3.8907435612606335e-10,0.1,0.0,1
12,520,world,5.2,0.51,1.412602173634872,1.1743556308746343,-0.6813435670773259,-3.075243850971742e-12,0.999834955732665,5.5878989288158074e-14,-0.018167589137250816,-0.09993148168544348,-6.151501535778459e-13,0.0037012117140034213,-1.1808429322277464e-10,-0.056130390893233656,-3.248252254862066e-09,0.1,0.0,1
12,521,world,5.21,0.511,1.4116028486720533,1.1743556308746346,-0.6813068302667215,3.230947301070569e-11,0.9998400151316863,-5.780114500705285e-13,-0.01788698245846698,-0.09993351116510531,6.462927024361398e-12,0.003646004143411693,5.2615976753618974e-11,-0.05613050623318146,1.4700837038010836e-09,0.1,0.0,1
12,522,world,5.22,0.512,1.4106035034083129,1.1743556308746346,-0.681270649918592,-1.7783243762967415e-11,0.9998449957861999,3.131469776372996e-13,-0.017606373882600463,-0.09993554162374514,-3.5571992810569313e-12,0.003589919270499298,1.5290352895497904e-10,-0.05613058620407292,4.340258408081445e-09,0.1,0.0,1
12,523,world,5.23,0.513,1.4096041378412212,1.1743556308746346,-0.6812350348061271,-1.1113195509222554e-11,0.9998498976923387,1.92573504055921e-13,-0.017325763608566056,-0.0999375715868806,-2.222972255684863e-12,0.0035329570216913533,-2.3917031262257804e-10,-0.056130630805606596,-6.899049690270254e-09,0.1,0.0,1
12,524,world,5.24,0.514,1.408604751983233,1.1743556308746343,-0.6811999937025794,5.123849194713623e-11,0.9998547208464399,-8.734947756315279e-13,-0.01704515183528344,-0.09993959955700227,1.0249185108170084e-11,0.003475117319751261,-3.788540575601016e-11,-0.05613064003761278,-1.1108405896353083e-09,0.1,0.0,1
12,525,world,5.25,0.515,1.407605345861796,1.1743556308746343,-0.6811655353847321,0.0,0.9998594652450454,-0.0,-0.016764538761676457,-0.09994162401270641,0.0,0.0034164001087147616,1.5280806876648288e-10,-0.056130613900056484,4.555557489147626e-09,0.1,0.0,1
12,526,world,5.26,0.516,1.4066059195198293,1.1743556308746346,-0.6811316686259425,5.6639735830978706e-12,0.9998641308849022,-9.337720048228878e-14,-0.01648392458667222,-0.09994364341016759,1.1329484419938354e-12,0.003356805311790683,-2.965982796098248e-11,-0.056130552393037936,-8.992924390495226e-10,0.1,0.0,1
12,527,world,5.2700000000000005,0.517,1.4056064730156843,1.1743556308746346,-0.6810984022037682,8.996632433005835e-12,0.9998687177629617,-1.4579436006224044e-13,-0.016203309509200372,-0.09994565618186592,1.799562453776407e-12,0.003296332867937798,1.8355108895612355e-11,-0.05613045551678889,5.661769018548318e-10,0.1,0.0,1
12,528,world,5.28,0.518,1.404607006423571,1.1743556308746343,-0.681065744894436,0.0,0.99987322587638,-0.0,-0.015922693728192223,-0.0999476607367597,0.0,0.0032349827278649415,-2.451886494872322e-11,-0.05613032327167472,-7.69641724033301e-10,0.1,0.0,1
12,529,world,5.29,0.519,1.4036075198337286,1.1743556308746343,-0.6810337054746342,1.6696092151341944e-11,0.9998776552225179,-2.6119352208308165e-13,-0.01564207744257999,-0.09994965546113106,3.339626681887221e-12,0.0031727548284094503,0.0,-0.05613015565819567,0.0,0.1,0.0,1
12,530,world,5.3,0.52,1.4026080133525725,1.1743556308746343,-0.6810022927239018,0.0,0.9998820057989414,-0.0,-0.015361460851295946,-0.09995163871747792,0.0,0.0031096491266336176,4.458714847563009e-11,-0.05612995267698722,1.4507527509841229e-09,0.1,0.0,1
12,531,world,5.3100000000000005,0.521,1.4016084871031342,1.1743556308746346,-0.6809715154183771,2.1835099451691536e-12,0.9998862776034206,-3.293291840062152e-14,-0.015080844153271614,-0.0999536088453371,4.3675163801673526e-13,0.003045665574771513,-2.2967162150335646e-11,-0.05612971432881504,-7.612082255721782e-10,0.1,0.0,1
12,532,world,5.32,0.522,1.4006089412250429,1.1743556308746346,-0.6809413823385126,7.614711765938482e-12,0.9998904706339311,-1.1271181209736289e-13,-0.014800227547437003,-0.09995556416074317,1.5231091444905202e-12,0.0029808041377381617,5.910577942110805e-11,-0.05612944061458017,1.9961299296581173e-09,0.1,0.0,1
12,533,world,5.33,0.523,1.399609375874972,1.1743556308746343,-0.6809119022623267,-1.7784413765506217e-11,0.9998945848886525,2.5824999732920347e-13,-0.01451961123271973,-0.09995750295664273,-3.557257718489666e-12,0.0029150647801999933,-2.4135992674426322e-11,-0.05612913153531926,-8.308885742933702e-10,0.1,0.0,1
12,534,world,5.34,0.524,1.3986097912267514,1.1743556308746343,-0.680883083969028,1.5926321251956354e-11,0.9998986203659698,-2.2679780785240334e-13,-0.014238995408044266,-0.09995942350274628,3.185587203916205e-12,0.0028484474716267707,-1.0129339826933148e-10,-0.05612878709219787,-3.5558190947406227e-09,0.1,0.0,1
12,535,world,5.3500000000000005,0.525,1.397610187471591,1.1743556308746343,-0.6808549362395111,1.778459220008696e-11,0.9999025770644724,-2.4826828794255736e-13,-0.013958380272331114,-0.09996132404517982,3.5572649797708613e-12,0.002780952199257602,9.035453247207933e-11,-0.05612840728652,3.2356231742868986e-09,0.1,0.0,1
12,536,world,5.36,0.526,1.3966105648184495,1.1743556308746346,-0.6808274678515285,-1.6439369317011436e-11,0.9999064549829545,2.2487488303312675e-13,-0.01367776602449596,-0.09996320280716453,-3.2881813714741986e-12,0.0027125789451543925,6.473899168344996e-11,-0.05612799211972219,2.3659133314587747e-09,0.1,0.0,1
12,537,world,5.37,0.527,1.3956109234940508,1.1743556308746343,-0.680800687587183,-5.881134897716364e-12,0.9999102541204152,7.879753498935693e-14,-0.013397152863448926,-0.09996505798877446,-1.1763324748442957e-12,0.00264332769458488,-2.508180750594018e-11,-0.05545317768407945,-9.355995345671292e-10,0.1,0.0,1
12,538,world,5.38,0.528,1.3946112637437686,1.1743556308746341,-0.6807746042081116,-7.0809411994370885e-12,0.9999138860001036,9.293320552869267e-14,-0.013123284046763255,-0.0999668869649909,-1.4163100182514089e-12,0.002573229591142973,-1.5457088144093544e-11,-0.05119491341882786,-5.879631587228388e-10,0.1,0.0,1
12,539,world,5.39,0.529,1.3936115859918714,1.1743556308746341,-0.6807492201140982,0.0,0.9999169817467305,-0.0,-0.012885247941304254,-0.09996864859419856,0.0,0.0025038566751398998,-4.850311823626357e-11,-0.04761138377728611,-1.8816494941345424e-09,0.1,0.0,1
12,540,world,5.4,0.53,1.3926118910627245,1.1743556308746341,-0.6807245217266209,1.1740254424948332e-11,0.9999200208445684,-1.4849333648048555e-13,-0.012647209739621981,-0.09997032296684634,2.348237675703879e-12,0.0024360882382287513,4.080819058530399e-11,-0.04761164620864305,1.612940790124974e-09,0.1,0.0,1
12,541,world,5.41,0.531,1.3916121798125132,1.1743556308746341,-0.6807004930000818,-1.6133326492981186e-11,0.9999230032911305,2.002166000875773e-13,-0.012409169563103256,-0.09997191334643568,-3.2269117453949828e-12,0.0023699244403060263,-8.769602594333941e-12,-0.04761188705613298,-3.5327010452455283e-10,0.1,0.0,1
12,542,world,5.42,0.532,1.3906124530651491,1.1743556308746343,-0.680677117888273,1.527385127406192e-11,0.9999259290840358,-1.8591376258150671e-13,-0.012171127533140095,-0.09997342291961613,3.054994010477573e-12,0.0023053654234362095,-3.927226956949928e-11,-0.04761210631910087,-1.6129789179386331e-09,0.1,0.0,1
12,543,world,5.43,0.533,1.3896127116130896,1.1743556308746343,-0.6806543803424225,0.0,0.999928798221009,-0.0,-0.011933083771129342,-0.09997485479606424,0.0,0.002242411315051822,3.6452933898482755e-11,-0.04761230399695086,1.5270633014428926e-09,0.1,0.0,1
12,544,world,5.44,0.534,1.3886129562180882,1.1743556308746343,-0.6806322643123487,0.0,0.999931610699881,-0.0,-0.011695038398472319,-0.09997621200867608,0.0,0.002181062217419318,7.096007630247244e-11,-0.047612480089144316,3.0331460800379646e-09,0.1,0.0,1
12,545,world,5.45,0.535,1.3876131876119413,1.1743556308746341,-0.6806107537474394,-3.033776772552466e-11,0.9999343665185885,3.4760236242309124e-13,-0.011456991536574484,-0.09997749751294542,-6.0679430407022636e-12,0.0021213182337865037,-3.644454077073038e-12,-0.0476126345952024,-1.5901803581751932e-10,0.1,0.0,1
12,546,world,5.46,0.536,1.3866134064972617,1.1743556308746343,-0.6805898325966897,1.5904977670638372e-12,0.9999370656751744,-1.7844827330512513e-14,-0.011218943306845053,-0.09997871418766004,3.181190557759212e-13,0.0020631794352858252,-9.495204867230987e-11,-0.04761276751470575,-4.23097439103013e-09,0.1,0.0,1
12,547,world,5.47,0.537,1.3856136135482697,1.1743556308746341,-0.6805694848081072,1.1979914233924838e-11,0.999939708167787,-1.3155809818236215e-13,-0.010980893830696652,-0.09997986483388116,2.396123014034987e-12,0.0020066459076918328,8.611780467053543e-12,-0.0476128788472919,3.9205474096980803e-10,0.1,0.0,1
12,548,world,5.48,0.538,1.3846138094115805,1.1743556308746343,-0.680549694327922,-2.3307605920868752e-12,0.9999422939946813,2.5040440630190927e-14,-0.01074284322954498,-0.09998095217597008,-4.661781172757909e-13,0.0019517177015091686,3.322829607616257e-11,-0.04761296859265784,1.546264031295945e-09,0.1,0.0,1
12,549,world,5.49,0.539,1.3836139947069364,1.1743556308746346,-0.6805304451026655,-3.4853807069083235e-12,0.9999448231542176,3.6615218371456806e-14,-0.010504791624808425,-0.09998197886075653,-6.971131768331529e-13,0.0018983948712627886,-1.0709310275531058e-14,-0.04761303675055895,-5.096501698315767e-13,0.1,0.0,1
12,550,world,5.5,0.54,1.3826141700279921,1.1743556308746341,-0.6805117210786351,-2.3256748925173885e-12,0.9999472956448626,2.3878355934408892e-14,-0.010266739137907736,-0.09998294745796002,-4.651585016877129e-13,0.0018466774539174294,1.9044168375162243e-11,-0.047613083320811024,9.273225461645902e-10,0.1,0.0,1
12,551,world,5.51,0.541,1.3816143359430844,1.1743556308746343,-0.6804935062022635,-1.2760111739561901e-11,0.9999497114651889,1.2797358816500056e-13,-0.010028685890265628,-0.0999838604599208,-2.552145112011185e-12,0.0017965654819923347,-2.9770112582118157e-12,-0.04761310830328811,-1.4840240113113078e-10,0.1,0.0,1
12,552,world,5.5200000000000005,0.542,1.3806144929960433,1.1743556308746341,-0.6804757844179895,-8.41434615445642e-13,0.9999520706138749,8.238571544348644e-15,-0.009790632003306474,-0.09998472028168831,-1.6829461824017078e-13,0.0017480589785665206,-5.163625480044414e-11,-0.047613111697919784,-2.6366443905168307e-09,0.1,0.0,1
12,553,world,5.53,0.543,1.3796146417069177,1.1743556308746341,-0.6804585396710405,1.3610124191371134e-11,0.9999543730897053,-1.30017699768619e-13,-0.009552577598455923,-0.0999855292608868,2.7221430788774876e-12,0.00170115796455006,6.66171336503672e-11,-0.047613093504698036,3.4863896010162582e-09,0.1,0.0,1
12,554,world,5.54,0.544,1.3786147825727664,1.174355630874634,-0.6804417559065203,-3.571018436868178e-11,0.9999566188915705,3.326377565867646e-13,-0.009314522797140545,-0.09998628965786144,-7.142331415518813e-12,0.0016558624502750448,5.032083993950672e-11,-0.04761305372367305,2.7008517417383367e-09,0.1,0.0,1
12,555,world,5.55,0.545,1.3776149160684164,1.1743556308746341,-0.6804254170703736,-1.3401906464800717e-11,0.999958808018467,1.2164698230502532e-13,-0.009076467720787474,-0.09998700365553415,-2.680486180561724e-12,0.0016121724436927221,-8.13295351805214e-11,-0.04761299235495233,-4.479687779061886e-09,0.1,0.0,1
12,556,world,5.5600000000000005,0.546,1.3766150426472847,1.1743556308746341,-0.6804095071064858,9.092169517994038e-12,0.9999609404694976,-8.036348359646718e-14,-0.008838412490824071,-0.0999876733594665,1.8185013849903905e-12,0.0015700879467843113,-3.213314279980391e-11,-0.04761290939870261,-1.8175988400380127e-09,0.1,0.0,1
12,557,world,5.57,0.547,1.375615162742102,1.1743556308746343,-0.6803940099597946,4.776192697540259e-12,0.9999630162438705,-4.107848262843096e-14,-0.008600357228677543,-0.0999883007978634,9.552721371500128e-13,0.0015296089552535512,1.6421589462840723e-11,-0.0476128048551501,9.545979577942857e-10,0.1,0.0,1
12,558,world,5.58,0.548,1.3746152767657076,1.1743556308746343,-0.6803789095752664,-4.548510128469991e-13,0.9999650353409003,3.80373455608368e-15,-0.008362302055774602,-0.09998888792142036,-9.097323326679364e-14,0.00149073546869958,3.7766154868420134e-11,-0.04761267872457893,2.2578825532807874e-09,0.1,0.0,1
12,559,world,5.59,0.549,1.3736153851118047,1.1743556308746343,-0.6803641898986946,-1.7805025939346926e-11,0.9999669977600076,1.4465720424993467e-13,-0.008124247093541113,-0.09998943660344789,-3.5611174851061105e-12,0.0014534674833231208,-2.966953505970783e-11,-0.04761253100733207,-1.8258058719276492e-09,0.1,0.0,1
12,560,world,5.6000000000000005,0.55,1.3726154881557746,1.1743556308746343,-0.6803498348744272,1.780504792636721e-11,0.999968903500719,-1.4041840128813827e-13,-0.007886192463401723,-0.0999899486400062,3.561115799404986e-12,0.001417804982684628,-2.808282845915738e-11,-0.04761236170381163,-1.7803399502317329e-09,0.1,0.0,1
12,561,world,5.61,0.551,1.371615586255416,1.1743556308746343,-0.6803358284475599,0.0,0.9999707525626669,-0.0,-0.0076481382867795225,-0.09999042574955795,0.0,0.0013837479619284105,5.3029137702256936e-11,-0.047612170814477904,3.4664959806782954e-09,0.1,0.0,1
12,562,world,5.62,0.552,1.3706156797517308,1.1743556308746343,-0.6803221545633817,-1.6862949753434168e-11,0.99997254494559,1.249593164782934e-13,-0.007410084685095676,-0.09999086957328182,-3.3726796674893894e-12,0.001351296406768434,-1.6341757567405383e-11,-0.047611958339850026,-1.1025791895068594e-09,0.1,0.0,1
12,563,world,5.63,0.553,1.369615768969683,1.1743556308746341,-0.6803087971678393,1.1026718842520785e-11,0.9999742806493326,-7.908601200601325e-14,-0.007172031779769081,-0.09999128167481587,2.205399058663862e-12,0.0013204503124433255,-3.865665976106281e-11,-0.04761172428050665,-2.694750591629292e-09,0.1,0.0,1
12,564,world,5.64,0.5539999999999999,1.3686158542190061,1.1743556308746343,-0.6802957402059536,1.0086622206677591e-11,0.9999759596738453,-6.994211497541345e-14,-0.006933979692216014,-0.0999916635404669,2.0173720185065073e-12,0.0012912096692885922,2.328099855663661e-11,-0.04761146863708445,1.6786404266805686e-09,0.1,0.0,1
12,565,world,5.65,0.555,1.3676159357949513,1.1743556308746346,-0.6802829676231426,-5.760886371017163e-12,0.999977582019185,3.85753482709859e-14,-0.00669592854384968,-0.09999201657918938,-1.1522027751155424e-12,0.0012635744644134222,-3.437277884691897e-12,-0.04422862328506008,-2.5600525710718376e-10,0.1,0.0,1
12,566,world,5.66,0.556,1.3666160139725574,1.1743556308746343,-0.68027046388965,1.264688143780611e-11,0.9999789286712992,-8.21015335753535e-14,-0.006491703428287597,-0.0999923458165834,2.529429114290551e-12,0.0012372461746954738,-3.1943539675826128e-12,-0.03781153377988963,-2.4544432588242285e-10,0.1,0.0,1
12,567,world,5.67,0.557,1.365616088884158,1.1743556308746346,-0.6802582241315094,-3.3062984767953415e-12,0.9999800423684069,2.088901954849892e-14,-0.0063178212129804115,-0.09999267178895879,-6.612728001757259e-13,0.0012106149286894225,1.598016465132796e-11,-0.03477720649369897,1.2646138566611929e-09,0.1,0.0,1
12,568,world,5.68,0.5579999999999999,1.3646161605389862,1.1743556308746343,-0.6802462534018909,0.0,0.9999811258329302,-0.0,-0.006143938305809352,-0.09999299709787221,0.0,0.0011834404864302236,1.445758031150383e-11,-0.03477730245694254,1.1765061351723947e-09,0.1,0.0,1
12,569,world,5.69,0.559,1.363616228945888,1.1743556308746346,-0.6802345571323936,-1.5072045257360414e-11,0.9999821790643237,8.998253901559196e-14,-0.005970054754089205,-0.09999332130051854,-3.0144625512773166e-12,0.0011557228436211413,-3.800052226969241e-12,-0.03477739000819471,-3.182424076037564e-10,0.1,0.0,1
12,570,world,5.7,0.56,1.3626162941181703,1.1743556308746343,-0.6802231407555822,3.1825974191443556e-12,0.9999832020620727,-1.8447187483535893e-14,-0.005796170605135811,-0.09999364394536453,6.365301441305723e-13,0.0011274619850196715,-1.791299756351924e-11,-0.03477746914732836,-1.545166339418865e-09,0.1,0.0,1
12,571,world,5.71,0.561,1.361616356073706,1.1743556308746343,-0.6802120097035708,3.803814958147682e-13,0.9999841948256923,-2.1386473246174197e-15,-0.005622285906265793,-0.09999396457189756,7.607749905243243e-14,0.0010986579058551414,-1.6416096472160566e-11,-0.03477753987422888,-1.459843811709654e-09,0.1,0.0,1
12,572,world,5.72,0.5619999999999999,1.3606164148350246,1.1743556308746348,-0.680201169408192,1.7781747746266e-11,0.9999851573547279,-9.688352496106466e-14,-0.005448400704796596,-0.0999942827108311,3.556402261999202e-12,0.001069310593973624,1.6396745060939405e-11,-0.03477760218879334,1.5046631359988835e-09,0.1,0.0,1
12,573,world,5.73,0.5630000000000001,1.3596164704293778,1.1743556308746346,-0.6801906253022897,-1.466693289733813e-11,0.999986089648755,7.736203440876698e-14,-0.005274515048046304,-0.0999945978839136,-2.93342734937529e-12,0.0010394200471531563,9.527667689533221e-12,-0.03477765609093142,9.031418268523149e-10,0.1,0.0,1
12,574,world,5.74,0.5640000000000001,1.3586165228888523,1.1743556308746346,-0.6801803828182442,8.749977222910628e-12,0.9999869917073794,-4.4630967999379827e-14,-0.005100628983333755,-0.09999490960417949,1.7500181984978778e-12,0.0010089862496454574,-3.5985720535373414e-11,-0.03477770158056466,-3.527439168451947e-09,0.1,0.0,1
12,575,world,5.75,0.5650000000000001,1.3576165722504552,1.1743556308746348,-0.680170447388075,2.060883945139072e-11,0.9999878635302368,-1.0153567868040247e-13,-0.004926742557978275,-0.09999521737563738,4.121817903530532e-12,0.0009780092019144554,2.0030203718470005e-11,-0.034777738657627615,2.0327299961417817e-09,0.1,0.0,1
12,576,world,5.76,0.566,1.3566166185561856,1.1743556308746343,-0.6801608244448558,-1.1578064579149421e-11,0.9999887051169933,5.5029493162925415e-14,-0.004752855819299713,-0.09999552069348432,-2.315639068782746e-12,0.0009464889005969297,1.9866992883374233e-11,-0.03477776732206568,2.089935052277655e-09,0.1,0.0,1
12,577,world,5.7700000000000005,0.5670000000000001,1.3556166618531391,1.1743556308746346,-0.6801515194211534,-2.9120173580631907e-13,0.9999895164673452,1.3334176459472777e-15,-0.004578968814618273,-0.0999958190442061,-5.824095772686868e-14,0.0009144253268531096,-1.0603128052109267e-11,-0.03477778757383781,-1.15777100678942e-09,0.1,0.0,1
12,578,world,5.78,0.5680000000000001,1.354616702193599,1.1743556308746346,-0.6801425377491134,0.0,0.9999902975810188,-0.0,-0.004405081591254598,-0.0999961119051243,0.0,0.0008818184948511097,-2.3288831291625677e-11,-0.03477779941291453,-2.643328282789901e-09,0.1,0.0,1
12,579,world,5.79,0.5690000000000001,1.3536167396351066,1.1743556308746346,-0.680133884861976,2.6142869387243423e-11,0.9999910484577706,-1.1061654742062968e-13,-0.004231194196529542,-0.09999639874499344,5.228620680114618e-12,0.0008486683876971611,-7.693154397377301e-12,-0.03477780283927838,-9.090752443761286e-10,0.1,0.0,1
12,580,world,5.8,0.57,1.3526167742405673,1.1743556308746343,-0.6801255661923971,9.091002947941073e-12,0.9999917690973874,-3.6885290567489625e-14,-0.004057306677764177,-0.09999667902349686,1.8182155540166537e-12,0.0008149750129564161,-5.425100770686128e-12,-0.0347777978529248,-6.685428549056458e-10,0.1,0.0,1
12,581,world,5.8100000000000005,0.5710000000000001,1.3516168060783373,1.1743556308746346,-0.6801175871725746,3.28285043921976e-11,0.9999924594996862,-1.274878017211698e-13,-0.003883419082279633,-0.0999969521915794,6.565750382069609e-12,0.0007807383652573675,-4.245850444524421e-12,-0.03477778445386073,-5.466515792777738e-10,0.1,0.0,1
12,582,world,5.82,0.5720000000000001,1.350616835222297,1.1743556308746343,-0.6801099532358343,1.4557658181446508e-11,0.9999931196645138,-5.4002462525170625e-14,-0.0037095314573971894,-0.09999721769130125,2.9115516663450354e-12,0.0007459584428843547,2.4355690945338507e-11,-0.03477776264210585,3.282784911093141e-09,0.1,0.0,1
12,583,world,5.83,0.5730000000000001,1.3496168617519586,1.1743556308746346,-0.680102669814808,0.0,0.9999937495917477,-0.0,-0.0035356438504380344,-0.09999747495582122,0.0,0.0007106352509629484,2.1011727212970918e-11,-0.03477773241769159,2.971358767142377e-09,0.1,0.0,1
12,584,world,5.84,0.574,1.3486168857525502,1.1743556308746346,-0.6800957423416553,-1.5156485987707337e-11,0.9999943492812952,5.0952700306627873e-14,-0.0033617563087232844,-0.0999977234094719,-3.0313143257573873e-12,0.0006747687920750293,1.195582718506645e-11,-0.03477769378066196,1.778181258362768e-09,0.1,0.0,1
12,585,world,5.8500000000000005,0.5750000000000001,1.3476169073150883,1.1743556308746346,-0.6800891762496901,-1.77821237970538e-11,0.9999949187330938,5.668736710899919e-14,-0.0031878688795738113,-0.09999796246774545,-3.5564428305354484e-12,0.0006383590677473664,-3.721207181935362e-12,-0.034777646731072774,-5.836423089359961e-10,0.1,0.0,1
12,586,world,5.86,0.5760000000000001,1.346616926536489,1.1743556308746346,-0.6800829769713908,-9.319987701640756e-12,0.9999954579471113,2.8090399129142378e-14,-0.0030139816103103506,-0.09999819153724801,-1.8640060065625876e-12,0.0006014060856556412,1.0719023964579307e-11,-0.034777591268992714,1.778192232170339e-09,0.1,0.0,1
12,587,world,5.87,0.5770000000000001,1.3456169435196461,1.1743556308746341,-0.6800771499387684,-3.556431575318317e-11,0.9999959669233457,1.0100642664963358e-13,-0.0028400945482532393,-0.09999841001575802,-7.1128918314763175e-12,0.0005639098512594696,-3.3096593851564397e-12,-0.034777527394501885,-5.826600287769802e-10,0.1,0.0,1
12,588,world,5.88,0.578,1.3446169583735152,1.1743556308746346,-0.6800717005850117,-3.4933234490572406e-12,0.999996445661825,9.31395912568417e-15,-0.002666207740722458,-0.09999861729219273,-6.986671712136992e-13,0.0005258703733567221,-1.3912728777546742e-11,-0.03477745510769328,-2.609057654315019e-09,0.1,0.0,1
12,589,world,5.89,0.579,1.3436169712132078,1.1743556308746343,-0.6800666343422979,-9.47348280337686e-12,0.9999968941626076,2.3611035692655847e-14,-0.002492321235037457,-0.09999881274660231,-1.8947024334821364e-12,0.0004872876665472027,5.962212475054452e-12,-0.034777374408672006,1.196105126900908e-09,0.1,0.0,1
12,590,world,5.9,0.5800000000000001,1.3426169821600853,1.1743556308746346,-0.6800619566423642,-1.5454493956203622e-11,0.9999973124257818,3.5830337205484735e-14,-0.0023184350785171804,-0.09999899575025645,-3.0909070610374176e-12,0.0004481617344159526,-4.392733337301691e-12,-0.03477728529755467,-9.473410574574115e-10,0.1,0.0,1
12,591,world,5.91,0.5810000000000001,1.3416169913418308,1.1743556308746346,-0.6800576729181348,0.0,0.9999977004514664,-0.0,-0.0021445493184799993,-0.09999916566551371,0.0,0.0004084925961935397,-1.0760861759535496e-11,-0.0347771877744708,-2.5088689160096253e-09,0.1,0.0,1
12,592,world,5.92,0.582,1.340616998892555,1.1743556308746346,-0.6800537886013281,9.634365227831435e-12,0.9999980582398099,-1.8986133605472737e-14,-0.001970664002243545,-0.09999932184592962,1.926876722710053e-12,0.0003682802658094283,-3.966671557916545e-12,-0.031623416643162455,-9.984351178457097e-10,0.1,0.0,1
12,593,world,5.93,0.583,1.3396170049553522,1.1743556308746346,-0.6800503083830705,9.984413119770679e-12,0.9999983286293126,-1.8254690544144498e-14,-0.0018283157772831708,-0.09999946253065137,1.9968858188244808e-12,0.0003278621369636847,-2.5135314142450463e-12,-0.026832764385017152,-6.843229290494047e-10,0.1,0.0,1
12,594,world,5.94,0.5840000000000001,1.3386170097059897,1.1743556308746343,-0.6800472280823576,1.647763542922417e-11,0.9999985510236401,-2.8050526005449566e-14,-0.0017023368116975764,-0.09999958422166585,3.295531413718216e-12,0.0002883669432477689,3.399367407626281e-12,-0.025195850796236253,9.98437204433037e-10,0.1,0.0,1
12,595,world,5.95,0.5850000000000001,1.3376170133313399,1.1743556308746343,-0.6800445376645186,0.0,0.9999987575475314,-0.0,-0.0015763576350691381,-0.09999968778544113,0.0,0.0002498856024214487,9.601702073966705e-12,-0.02519588600190453,3.045522977500184e-09,0.1,0.0,1
12,596,world,5.96,0.586,1.336617016006798,1.1743556308746343,-0.6800422269909911,-1.3977706803391398e-11,0.9999989482008905,2.0272983470765112e-14,-0.0014503782653918836,-0.09999977439245437,-2.7955434580772208e-12,0.00021241812123151089,-1.86250895331708e-12,-0.0251959180086062,-6.420749739638017e-10,0.1,0.0,1
12,597,world,5.97,0.587,1.3356170178962106,1.1743556308746346,-0.6800402859228354,6.420771054027963e-12,0.9999991229836298,-8.503668427461623e-15,-0.0013243987206599706,-0.09999984518233318,1.2841548294096565e-12,0.00017596451175626838,-6.033254628420706e-12,-0.02519594681631683,-2.2777276096605603e-09,0.1,0.0,1
12,598,world,5.98,0.5880000000000001,1.3346170191521758,1.1743556308746343,-0.6800387043213253,8.799627935820085e-12,0.9999992818956698,-1.054564905012279e-14,-0.0011984190188677264,-0.09999990126388238,1.7599259857498913e-12,0.00014052477993834432,1.5389550131515906e-12,-0.025195972425014448,6.420758309947755e-10,0.1,0.0,1
12,599,world,5.99,0.5890000000000001,1.3336170199163633,1.1743556308746343,-0.6800374720476903,0.0,0.9999994249369394,-0.0,-0.0010724391780096347,-0.0999999437150762,0.0,0.00010609892362022712,1.8874133484439996e-12,-0.025195994834679516,8.7996141066109e-10,0.1,0.0,1
12,600,world,6.0,0.59,1.332617020319815,1.1743556308746343,-0.6800365789631388,0.0,0.9999995521073759,-0.0,-0.0009464592160802638,-0.09999997358303384,0.0,7.268694886486082e-05,-3.8137206064028937e-13,-0.02519601404529502,-2.0147279431609903e-10,0.1,0.0,1
12,601,world,6.01,0.591,1.3316170204832563,1.1743556308746341,-0.6800360149288788,2.014730853231489e-12,0.9999996634069247,-1.6530452165060477e-15,-0.0008204791510742517,-0.09999999188404168,4.0294599745375655e-13,4.028885203787082e-05,0.0,-0.025196030056846275,0.0,0.1,0.0,1
12,602,world,6.0200000000000005,0.5920000000000001,1.3306170205174028,1.1743556308746343,-0.6800357698064061,0.0,0.9999997588355397,-0.0,-0.0006944990009863485,-0.09999999960353757,0.0,8.904632848646955e-06,-8.883522439396892e-13,-0.025196042869321107,-6.39562933724832e-10,0.1,0.0,1
12,603,world,6.03,0.5930000000000001,1.3296170205232722,1.1743556308746346,-0.68003583345686,8.410365611380765e-12,0.9999998383931832,-4.781451601506589e-15,-0.0005685187838114001,-0.099999997696115,1.6820718574705724e-12,-2.1465716747395368e-05,7.75081270657637e-13,-0.02519605248270977,6.816669424711249e-10,0.1,0.0,1
12,604,world,6.04,0.594,1.3286170205924874,1.1743556308746343,-0.6800361957413763,-6.816673091579088e-12,0.9999999020798255,3.0166406999213694e-15,-0.0004425385175442787,-0.09999998708552349,-1.363333428505332e-12,-5.082219138593091e-05,1.672250851417594e-12,-0.025196058897004905,1.8893840189781346e-09,0.1,0.0,1
12,605,world,6.05,0.595,1.3276170208075915,1.1743556308746343,-0.6800368465213281,-1.048347989440151e-11,0.9999999498954454,3.318631902941739e-15,-0.0003165582201798674,-0.09999996866465878,-2.096693955836088e-12,-7.916481076813407e-05,-8.296696125843361e-13,-0.025196062112201673,-1.3104532524671245e-09,0.1,0.0,1
12,606,world,6.0600000000000005,0.5960000000000001,1.326617021242352,1.1743556308746343,-0.6800377756581604,6.287861139148039e-12,0.99999998184003,-1.1983274542266656e-15,-0.00019057790971310163,-0.09999994329556658,1.2575709357612845e-12,-0.00010649358417583323,2.792898548906747e-13,-0.025196062128297593,7.327445093035311e-10,0.1,0.0,1
12,607,world,6.07,0.5970000000000001,1.3256170219620667,1.1743556308746343,-0.6800389730134004,-1.7810925930281527e-11,0.9999999979135747,1.1505431449930834e-15,-6.459760413895424e-05,-0.09999991180946138,-3.562181411041648e-12,-0.00013280850856099808,7.455292228879909e-14,-0.02519605894529266,5.770562934714829e-10,0.1,0.0,1
12,608,world,6.08,0.598,1.3246170230238807,1.1743556308746341,-0.6800404284486625,5.172983305434768e-13,0.9999999981160834,3.17531571967987e-17,6.138267854763489e-05,-0.0999998750066935,1.0345955628822629e-13,-0.00015810960021920854,2.70424007057315e-13,-0.02519605256318927,-2.2027720183948475e-09,0.1,0.0,1
12,609,world,6.09,0.599,1.3236170244770873,1.1743556308746343,-0.6800421318259287,4.216794075414672e-12,0.9999999824475679,7.900708663594152e-16,0.00018736292035177363,-0.09999983365678017,8.433579442295909e-13,-0.00018239686482530315,1.5808550422962775e-13,-0.025196042981992336,-4.2186981071962154e-10,0.1,0.0,1
12,610,world,6.1000000000000005,0.6000000000000001,1.3226170263634371,1.1743556308746343,-0.6800440730067712,4.735996457772052e-12,0.9999999509080486,1.483991900046703e-15,0.0003133431032785774,-0.0999997884983846,9.471983695655802e-13,-0.0002056703146959472,-9.188851947530302e-13,-0.025196030201709144,1.4662603951256778e-09,0.1,0.0,1
12,611,world,6.11,0.6010000000000001,1.321617028717453,1.1743556308746343,-0.6800462418530232,-1.0445811517904538e-11,0.9999999034975542,-4.589087882993547e-15,0.0004393232093331823,-0.09999974023933544,-2.089160455894777e-12,-0.00022792995730874094,-1.789569546205365e-12,-0.02519601422234935,2.036734196044293e-09,0.1,0.0,1
12,612,world,6.12,0.602,1.3206170315667276,1.1743556308746343,-0.6800486282266872,-1.5631350419026747e-11,0.9999998402161216,-8.836454144888148e-15,0.0005653032205208165,-0.0999996895566097,-3.1262676872492912e-12,-0.0002491758047757993,-2.464826320609951e-13,-0.02519599504392527,2.1800913882197898e-10,0.1,0.0,1
12,613,world,6.13,0.603,1.3196170349322438,1.1743556308746341,-0.680051221989863,-1.2625902267692373e-11,0.9999997610637963,-8.728075183318628e-15,0.0006912831188468165,-0.09999963709633924,-2.5251788851478313e-12,-0.0002694078700660267,5.1809871398939266e-14,-0.025195972666451467,-3.747367564836425e-11,0.1,0.0,1
12,614,world,6.140000000000001,0.6040000000000001,1.3186170388286718,1.1743556308746341,-0.680054013004746,-1.52566107109035e-11,0.9999996660406316,-1.2468665869029272e-14,0.0008172628863165831,-0.09999958347384647,-3.0513207707130286e-12,-0.00028862615476649096,7.86139601346737e-12,-0.02519594708994484,-4.80958386980303e-09,0.1,0.0,1
12,615,world,6.15,0.6050000000000001,1.3176170432646879,1.1743556308746341,-0.6800569911336298,3.5469981374013885e-11,0.9999995551466896,3.345680896461606e-14,0.0009432425049355973,-0.09999952927357142,7.093994476450514e-12,-0.00030683067665369874,5.387065697125992e-13,-0.02519591831442504,-2.855606545120262e-10,0.1,0.0,1
12,616,world,6.16,0.606,1.316617048243277,1.1743556308746341,-0.6800601462391117,-1.2400997121139256e-11,0.9999994283820403,-1.3259425986339336e-14,0.0010692219567094933,-0.09999947504916978,-2.480199336585424e-12,-0.00032402143520145703,-7.585055101138003e-12,-0.025195886339914098,3.546991642713881e-09,0.1,0.0,1
12,617,world,6.17,0.607,1.3156170537620395,1.1743556308746341,-0.6800634681833829,0.0,0.9999992857467624,0.0,0.0011952012236440704,-0.0999994213234166,0.0,-0.00034019844475584413,2.9643367672531882e-12,-0.025195851166435957,-1.2400968911173087e-09,0.1,0.0,1
12,618,world,6.18,0.608,1.3146170598135034,1.1743556308746341,-0.6800669468289685,0.0,0.9999991272409429,0.0,0.001321180287745236,-0.09999936858829117,0.0,-0.0003553617074007136,7.127860812337728e-13,-0.022610252688784235,-2.724184767955295e-10,0.1,0.0,1
12,619,world,6.19,0.6090000000000001,1.313617066385549,1.1743556308746341,-0.6800705720705207,2.7241913182144447e-12,0.99999898994759,3.871906720157415e-15,0.0014213035565602335,-0.09999931719747804,5.448386158352018e-13,-0.00036954030656371367,-3.7472811972228114e-12,-0.014813823550252528,1.3428675990186058e-09,0.1,0.0,1
12,620,world,6.2,0.6100000000000001,1.3126170734690026,1.1743556308746341,-0.6800743357550028,-1.3428713729413342e-11,0.9999989205511681,-1.973107718657541e-14,0.0014693183789203602,-0.0999992661089716,-2.6857445752646853e-12,-0.0003831157358881942,-8.005408227385964e-13,-0.009602975513595895,2.724182311474159e-10,0.1,0.0,1
12,621,world,6.21,0.611,1.3116170810631018,1.1743556308746341,-0.6800782327683295,0.0,0.9999988488493053,0.0,0.0015173332080000812,-0.09999921510064613,0.0,-0.0003962060760592268,7.166906499102419e-12,-0.009602977446444227,-2.361670359865398e-09,0.1,0.0,1
12,622,world,6.22,0.612,1.310617089166087,1.1743556308746341,-0.6800822582595789,1.0188071601281536e-11,0.999998774842002,1.5947897479698627e-14,0.0015653480428031567,-0.0999991643630188,2.037615882750924e-12,-0.00040881132317188414,0.0,-0.009602979202181262,0.0,0.1,0.0,1
12,623,world,6.23,0.6130000000000001,1.3096170977743276,1.1743556308746343,-0.6800864073777992,0.0,0.999998698529258,0.0,0.0016133628823333326,-0.0999991140795564,0.0,-0.00042093147169902715,-2.305939294910364e-12,-0.009602980780806758,7.146347270954977e-10,0.1,0.0,1
12,624,world,6.24,0.6140000000000001,1.3086171068823942,1.1743556308746343,-0.6800906752720105,3.04169542228938e-12,0.9999986199110741,5.0534119967917964e-15,0.0016613777255943456,-0.09999906442664877,6.083396180711373e-13,-0.0004325665208369617,1.7636294205380998e-12,-0.009602982182320524,-5.307709643582406e-10,0.1,0.0,1
12,625,world,6.25,0.615,1.3076171164831274,1.1743556308746343,-0.6800950570912083,5.30773118133802e-12,0.9999985389874508,9.073009509156258e-15,0.00170939257158994,-0.09999901557361951,1.061547236724363e-12,-0.0004437164714164402,-2.2968802132609213e-12,-0.00960298340672238,6.718381079635945e-10,0.1,0.0,1
12,626,world,6.26,0.616,1.3066171265677127,1.1743556308746341,-0.680099547984366,-3.676715034216384e-12,0.999998455758389,-6.46149625798289e-15,0.001757407419323873,-0.09999896768277425,-7.35343753076886e-13,-0.00045438131505734806,-8.110921959255816e-12,-0.0096029844540122,2.307627782641686e-09,0.1,0.0,1
12,627,world,6.2700000000000005,0.6170000000000001,1.3056171371257455,1.1743556308746341,-0.6801041431004377,-1.7768652438131667e-11,0.9999983702238895,-3.207997306377339e-14,0.001805422267799887,-0.09999892090932122,-3.553734376801816e-12,-0.000464561052309129,1.327604528946888e-12,-0.009602985324189873,-3.6766967487053645e-10,0.1,0.0,1
12,628,world,6.28,0.6180000000000001,1.3046171481453057,1.1743556308746341,-0.6801088375883598,0.0,0.9999982823839534,0.0,0.0018534371160217177,-0.09999887540140583,0.0,-0.00047425568432660095,2.5891980729761842e-11,-0.009602986017255451,-6.984819465227879e-09,0.1,0.0,1
12,629,world,6.29,0.619,1.3036171596130277,1.1743556308746341,-0.6801136265971142,5.207989889202004e-11,0.9999981922385822,9.902760499899775e-14,0.0019014519629931086,-0.09999883130012686,1.0415993063929562e-11,-0.00048346520947234125,4.5797580117185105e-12,-0.009602986533208685,-1.204272645571191e-09,0.1,0.0,1
12,630,world,6.3,0.62,1.3026171715141683,1.1743556308746343,-0.6801185052755614,1.2042790635356623e-11,0.9999980997877774,2.347706522732897e-14,0.0019494668077178153,-0.09999878873952558,2.408561443585531e-12,-0.0004921896257874879,-2.1969006566736746e-11,-0.009602986872049465,5.634587168991101e-09,0.1,0.0,1
12,631,world,6.3100000000000005,0.6210000000000001,1.3016171838326775,1.1743556308746341,-0.680123468772577,-4.266298331247685e-12,0.9999980050315406,-8.521869627539162e-15,0.0019974816491995797,-0.09999874784661511,-8.532609338381259e-13,-0.0005004289251148417,-1.655538867821847e-11,-0.009602987033777757,4.14404047237071e-09,0.1,0.0,1
12,632,world,6.32,0.6220000000000001,1.3006171965512756,1.1743556308746343,-0.6801285122370488,-2.9397860330931216e-11,0.9999979079698738,-6.013334581660754e-14,0.002045496486442138,-0.09999870874128368,-5.8795814801722e-12,-0.0005081831125848977,5.832189474533627e-12,-0.009602987018393887,-1.425608137329288e-09,0.1,0.0,1
12,633,world,6.33,0.623,1.299617209651517,1.1743556308746343,-0.6801336308178565,9.989871914640487e-12,0.9999978086027786,2.0913955753942508e-14,0.0020935113184492333,-0.0999986715363556,1.997977826146164e-12,-0.0005154521937735728,1.9748728003747954e-11,-0.009602986825897561,-4.7166208284431414e-09,0.1,0.0,1
12,634,world,6.34,0.624,1.2986172231138613,1.1743556308746343,-0.6801388196638731,1.7768659077560443e-11,0.9999977069302578,3.805213521860976e-14,0.0021415261442246235,-0.09999863633766817,3.5537383966815663e-12,-0.000522236159981751,-9.015244885365002e-12,-0.009602986456288591,2.1048500614144487e-09,0.1,0.0,1
12,635,world,6.3500000000000005,0.6250000000000001,1.2976172369177463,1.1743556308746341,-0.680144073923967,-1.1058773331126966e-11,0.9999976029523133,-2.4213695247895787e-14,0.00218954096277205,-0.09999860324396909,-2.211759059593723e-12,-0.0005285350085461718,-1.3342093599240911e-11,-0.009602985909567412,3.0467568067433486e-09,0.1,0.0,1
12,636,world,6.36,0.6260000000000001,1.2966172510416594,1.1743556308746346,-0.6801493887470029,-1.2699128539281392e-11,0.9999974966689479,-2.8415079508698655e-14,0.0022375557730952536,-0.09999857234689737,-2.5398311082348414e-12,-0.0005343487459849278,4.948923899207946e-12,-0.009602985185734028,-1.1058689121385507e-09,0.1,0.0,1
12,637,world,6.37,0.627,1.2956172654632034,1.1743556308746346,-0.6801547592818427,0.0,0.9999973880801641,0.0,0.0022855705741979767,-0.09999854373107464,0.0,-0.000539677370615736,-2.317351180274179e-12,-0.009602984284788299,5.069484728935044e-10,0.1,0.0,1
12,638,world,6.38,0.628,1.2946172801591747,1.1743556308746343,-0.6801601806773466,-1.7768649634601517e-11,0.9999972771859651,-4.146477364547857e-14,0.002333585365083982,-0.09999851747406664,-3.5537385274136138e-12,-0.0005445208800299716,8.292931402492788e-12,-0.009602983206730574,-1.7768502915185714e-09,0.1,0.0,1
12,639,world,6.390000000000001,0.6290000000000001,1.2936172951056242,1.1743556308746346,-0.680165648082375,1.7768646018771766e-11,0.9999971639863539,4.231792994466982e-14,0.0023816001447570156,-0.09999849364633973,3.553738346653754e-12,-0.0005488792790367201,8.463562751375631e-12,-0.009602981951560686,-1.776849647397642e-09,0.1,0.0,1
12,640,world,6.4,0.6300000000000001,1.2926173102779375,1.1743556308746343,-0.6801711566458182,0.0,0.9999970484813334,0.0,0.0024296149122208185,-0.0999984723113827,0.0,-0.0005527525573239907,-1.5210789420302473e-12,-0.00960298051927911,3.1302604134256014e-10,0.1,0.0,1
12,641,world,6.41,0.631,1.2916173256508994,1.1743556308746343,-0.6801767015165029,1.4638354115889074e-11,0.9999969306709076,3.6268531746013445e-14,0.0024776296664791417,-0.09999845352552554,2.9276792713116322e-12,-0.0005561407225794313,-6.441689464251205e-12,-0.009602978909885757,1.2999582317292603e-09,0.1,0.0,1
12,642,world,6.42,0.632,1.2906173411987656,1.1743556308746343,-0.6801822778432898,-1.2999700437049911e-11,0.9999968105550796,-3.2832725413644724e-14,0.0025256444065357483,-0.09999843733805854,-2.5999480018902556e-12,-0.0005590437785924716,-7.394254548207965e-12,-0.009602977123381025,1.4638212315279957e-09,0.1,0.0,1
12,643,world,6.43,0.633,1.2896173568953366,1.1743556308746346,-0.6801878807750462,0.0,0.9999966881338535,0.0,0.0025736591313943887,-0.09999842379126922,0.0,-0.0005614617188408323,1.1696970504663502e-11,-0.009602975159764883,-2.2724171528327787e-09,0.1,0.0,1
12,644,world,6.44,0.6340000000000001,1.2886173727140215,1.1743556308746346,-0.6801935054606427,9.724697215598896e-12,0.9999965634072332,2.549507190880821e-14,0.002621673840058822,-0.09999841292032313,1.9449459787225456e-12,-0.0005633945478550552,-4.7193013014495725e-12,-0.005561915544824079,9.070363879205391e-10,0.1,0.0,1
12,645,world,6.45,0.635,1.2876173886293258,1.1743556308746346,-0.6801991472987061,-9.070455293426651e-12,0.9999965434423662,-2.3848831882470784e-14,0.002629278098629961,-0.0999984042507408,-1.8140971907026671e-12,-0.0005649312395566433,-7.491206395298065e-12,-0.0007630439754061383,1.426615918793541e-09,0.1,0.0,1
12,646,world,6.46,0.636,1.2866174046246543,1.1743556308746346,-0.6802048033032253,-4.541609535037901e-12,0.9999965433735971,-1.1941314544937003e-14,0.002629304253513773,-0.099998396901463,-9.083249727232776e-13,-0.0005662306398222755,4.769797336534625e-12,-5.230994843839414e-06,-9.070361233168747e-10,0.1,0.0,1
12,647,world,6.47,0.637,1.285617420686924,1.1743556308746346,-0.6802104711309385,0.0,0.9999965433048275,0.0,0.0026293304083975836,-0.0999983908639674,0.0,-0.0005672958815298812,-1.7095649035689005e-12,-5.230994843969229e-06,3.2509173623715276e-10,0.1,0.0,1
12,648,world,6.48,0.6380000000000001,1.2846174368029766,1.1743556308746346,-0.6802161484402549,-7.792560609240893e-12,0.999996543236057,-2.0489491210010014e-14,0.002629356563281393,-0.09999838614578756,-1.5585173701194545e-12,-0.0005681269558508663,-9.377415765245417e-12,-5.230994844056255e-06,1.7831964385409447e-09,0.1,0.0,1
12,649,world,6.49,0.639,1.28361745295959,1.1743556308746346,-0.6802218328895465,-1.7832149308988482e-11,0.9999965431672859,-4.688770730375633e-14,0.002629382718165201,-0.09999838275269413,-3.566441862973693e-12,-0.0005687238747296039,-5.279583512735003e-12,-5.230994844099914e-06,1.0039483267854194e-09,0.1,0.0,1
12,650,world,6.5,0.64,1.2826174691434915,1.1743556308746343,-0.6802275221372104,-1.783214799097456e-11,0.999996543098514,-4.6888170240776887e-14,0.002629408873049007,-0.0999983806889255,-3.566441594128673e-12,-0.0005690866302545393,2.678318641174887e-11,-5.230994843969519e-06,-5.092952436085227e-09,0.1,0.0,1
12,651,world,6.51,0.641,1.2816174853413727,1.1743556308746343,-0.6802332138416473,3.3097903231945494e-11,0.9999965430297416,8.70290869661733e-14,0.00262943502793281,-0.09999837995699934,6.619602908730233e-12,-0.0005692152278322392,1.7212607756729983e-11,-5.230994843839125e-06,-3.273028057977338e-09,0.1,0.0,1
12,652,world,6.5200000000000005,0.6420000000000001,1.28061750153991,1.1743556308746346,-0.6802389056612552,1.4898472035733464e-11,0.9999965429609685,3.9175089331052803e-14,0.0026294611828166117,-0.09999838055782473,2.9797044298038026e-12,-0.0005691096664646821,-1.7405930355007156e-11,-5.2309948439261505e-06,3.3097559967043693e-09,0.1,0.0,1
12,653,world,6.53,0.643,1.279617517725777,1.1743556308746346,-0.6802445952544292,0.0,0.9999965428921946,0.0,0.0026294873377004117,-0.09999838249067869,0.0,-0.0005687699428833144,-1.123506497636206e-11,-5.23099484396981e-06,2.1363381927445804e-09,0.1,0.0,1
12,654,world,6.54,0.644,1.2786175338856653,1.1743556308746343,-0.6802502802795716,-6.46513146138768e-12,0.9999965428234202,-1.700020918177462e-14,0.0026295134925842104,-0.09999838575315663,-1.293030646855756e-12,-0.0005681960602477915,7.013041726483475e-12,-5.230994844012887e-06,-1.3335107445173587e-09,0.1,0.0,1
12,655,world,6.55,0.645,1.2776175500062954,1.1743556308746341,-0.6802559583950848,1.3335245751313747e-11,0.999996542754645,3.506567864246341e-14,0.0026295396474680073,-0.0999983903412542,2.6670581414642585e-12,-0.0005673880137624588,-4.9428173846624226e-12,-5.230994844055964e-06,9.398538873078828e-10,0.1,0.0,1
12,656,world,6.5600000000000005,0.6460000000000001,1.27661756607444,1.1743556308746343,-0.6802616272593575,-1.5863767813219313e-11,0.9999965426858691,-4.1714965559830624e-14,0.0026295658023518026,-0.09999839624925594,-3.1727642725148093e-12,-0.0005663458102585056,-7.013181238240015e-12,-5.230994843926151e-06,1.3335107437836479e-09,0.1,0.0,1
12,657,world,6.57,0.647,1.2756175820769355,1.1743556308746343,-0.6802672845307799,0.0,0.9999965426170925,0.0,0.0026295919572355947,-0.09999840346985324,0.0,-0.0005650694474519717,9.906943339829531e-12,-5.230994843839706e-06,-1.8837220269406637e-09,0.1,0.0,1
12,658,world,6.58,0.648,1.274617598000698,1.1743556308746341,-0.6802729278677613,2.973647841774712e-12,0.9999965425483153,7.819585259633732e-15,0.0026296181121193856,-0.09999841199410527,5.947315824861198e-13,-0.0005635589207753593,-1.6889265609024345e-12,-5.2309948440128875e-06,3.211319991584424e-10,0.1,0.0,1
12,659,world,6.59,0.649,1.273617613832744,1.1743556308746341,-0.6802785549286972,-3.2113533006985847e-12,0.9999965424795373,-8.444745994385837e-15,0.0026296442670031756,-0.09999842181137546,-6.422728394512454e-13,-0.0005618142346282635,-1.563927199734196e-12,-5.230994844099333e-06,2.9736169971896913e-10,0.1,0.0,1
12,660,world,6.6000000000000005,0.6500000000000001,1.272617629560202,1.1743556308746343,-0.6802841633719685,0.0,0.9999965424107587,0.0,0.002629670421886964,-0.099998432909402,0.0,-0.0005598353899403938,1.2200073041839454e-11,-5.230994843882783e-06,-2.3196721519983203e-09,0.1,0.0,1
12,661,world,6.61,0.651,1.2716176451703334,1.1743556308746343,-0.6802897508559329,1.9985608835108368e-11,0.9999965423419794,5.2556268859968255e-14,0.0026296965767707483,-0.0999984452743268,3.997135387101142e-12,-0.0005576223789174942,-4.410543004511222e-12,-5.230994843926442e-06,8.385943254765858e-10,0.1,0.0,1
12,662,world,6.62,0.652,1.2706176606505448,1.1743556308746341,-0.6802953150390073,-8.386030242363056e-12,0.9999965422731995,-2.2053010609970324e-14,0.002629722731654533,-0.09999845889057847,-1.6772117761488296e-12,-0.000555175205938767,-8.320619794597804e-12,-5.230994844056256e-06,1.5820172566202706e-09,0.1,0.0,1
12,663,world,6.63,0.653,1.2696176759884068,1.1743556308746343,-0.6803008535795734,4.1652721598490656e-12,0.9999965422044187,1.0953657700001317e-14,0.0026297488865383153,-0.0999984737409282,8.330572831586701e-13,-0.0005524938776981117,4.440322089868868e-12,-5.230994844012598e-06,-8.442395491385594e-10,0.1,0.0,1
12,664,world,6.640000000000001,0.6540000000000001,1.2686176911716738,1.1743556308746341,-0.6803063641360052,5.645282683881847e-14,0.9999965421356374,1.4845874838866357e-16,0.0026297750414220958,-0.09999848980662623,1.129060409404091e-14,-0.000549578378460248,-2.190745753189591e-12,-5.230994843926152e-06,4.165228950674282e-10,0.1,0.0,1
12,665,world,6.65,0.655,1.2676177061882918,1.1743556308746341,-0.6803118443666005,0.0,0.9999965420668553,0.0,0.002629801196305874,-0.09999850706712751,0.0,-0.0005464287196425731,9.349319994047253e-12,-5.230994843883073e-06,-1.7775531890201449e-09,0.1,0.0,1
12,666,world,6.66,0.656,1.266617721026423,1.1743556308746343,-0.6803172919297871,1.783216911773702e-11,0.9999965419980726,4.6895688242244575e-14,0.0026298273511896507,-0.09999852550034116,3.5664461042947025e-12,-0.0005430448946627747,-1.338940536245942e-11,-5.230994843969519e-06,2.5456550321590093e-09,0.1,0.0,1
12,667,world,6.67,0.657,1.265617735674456,1.1743556308746343,-0.6803227044839233,-2.5456814409283394e-11,0.9999965419292892,-6.694792413837006e-14,0.002629853506073426,-0.09999854508250391,-5.09138044210201e-12,-0.0005394269018442436,-9.840583180548842e-12,-5.2309948439695194e-06,1.8709181080634296e-09,0.1,0.0,1
12,668,world,6.68,0.658,1.2646177501210287,1.1743556308746341,-0.6803280796873605,-8.77206059314178e-13,0.9999965418605051,-2.3069543516287277e-15,0.002629879660957199,-0.09999856578815486,-1.7544181775655166e-13,-0.000535574749281537,2.100653042785371e-11,-5.230994843969519e-06,-3.993778272238365e-09,0.1,0.0,1
12,669,world,6.69,0.659,1.2636177643550386,1.1743556308746341,-0.6803334151983668,1.4481382649902636e-11,0.9999965417917204,3.808480415758254e-14,0.002629905815840971,-0.09999858759028359,2.896286541547404e-12,-0.0005314884273273286,4.071675999175801e-12,-0.0016466530238503343,-7.716943230122043e-10,0.1,0.0,1
12,670,world,6.7,0.66,1.262617778367676,1.1743556308746341,-0.680338709056373,6.839817602478389e-12,0.9999964984199393,1.8100588249523584e-14,0.0026463461338948582,-0.09999860974420324,1.367968310282494e-12,-0.0005273037327216006,-4.029948106233719e-12,-0.0035964936093498957,7.609659824187854e-10,0.1,0.0,1
12,671,world,6.71,0.661,1.2616177921633256,1.1743556308746341,-0.6803439617673387,6.871641780221058e-12,0.9999964465605897,1.8318973068626882e-14,0.002665870625851616,-0.09999863096818723,1.3743332329068528e-12,-0.0005232633068607662,2.1429836238020574e-12,-0.0039049122298912466,-4.01925126795229e-10,0.1,0.0,1
12,672,world,6.72,0.662,1.260617805751437,1.1743556308746341,-0.6803491748193685,1.0859110794416527e-11,0.9999963943200312,2.916110825260968e-14,0.0026853951174326,-0.09999865125482266,2.1718299557658423e-12,-0.0005193719441385589,3.570068193774635e-14,-0.0039049123520334735,-6.6471215959927374e-12,0.1,0.0,1
12,673,world,6.73,0.663,1.2596178191412952,1.1743556308746341,-0.6803543497031237,6.938112991117748e-12,0.999996341698264,1.8767106531892796e-14,0.0027049196085708275,-0.09999867062148203,1.3876276299889337e-12,-0.0005156296503768045,-7.940718867035564e-12,-0.0039049124622672587,1.4678128866318938e-09,0.1,0.0,1
12,674,world,6.74,0.664,1.258617832342017,1.1743556308746341,-0.6803594879092743,-3.8191795302085285e-12,0.9999962886952883,-1.040517975165206e-14,0.002724444099199311,-0.09999868908490772,-7.638386996641578e-13,-0.0005120364244460706,-1.7368717920590668e-12,-0.003904912560592165,3.1875354943362075e-10,0.1,0.0,1
12,675,world,6.75,0.665,1.257617845362554,1.1743556308746343,-0.6803645909284992,3.750541439443742e-12,0.9999962353111042,1.0291406646462425e-14,0.002743968589251064,-0.09999870666116699,7.501110512134042e-13,-0.0005085922668300605,2.5265854266367923e-13,-0.0039049126470082824,-4.6038371227876555e-11,0.1,0.0,1
12,676,world,6.76,0.666,1.2566178582117007,1.1743556308746343,-0.6803696602514855,-3.3587902339052615e-12,0.9999961815457119,-9.282029007068434e-15,0.0027634930786591,-0.0999987233656705,-6.717605364040216e-13,-0.0005052971760308196,-1.6023871209521004e-13,-0.003904912721515784,2.8991727485725086e-11,0.1,0.0,1
12,677,world,6.7700000000000005,0.667,1.2556178708980978,1.1743556308746341,-0.6803746973689268,3.4606204544786645e-12,0.9999961273991114,9.631004815804935e-15,0.0027830175673564336,-0.09999873921312756,6.921266686218919e-13,-0.0005021511574273765,1.3731304072917668e-11,-0.003904912784114538,-2.4669525455915596e-09,0.1,0.0,1
12,678,world,6.78,0.668,1.2546178834302473,1.1743556308746343,-0.6803797037715232,2.131102084493913e-11,0.9999960728713031,5.972526670761585e-14,0.0028025420552760774,-0.09999875421760698,4.262220105090936e-12,-0.0004991542112716667,-3.89163567063463e-12,-0.0039049128348046754,6.942964181805273e-10,0.1,0.0,1
12,679,world,6.79,0.669,1.2536178958165103,1.1743556308746343,-0.6803846809499805,-3.4824255218580065e-12,0.999996017962287,-9.827675685640077e-15,0.002822066542351047,-0.09999876839255427,-6.964877162836522e-13,-0.0004963063290867293,-3.932327359319181e-12,-0.003904912873586327,6.967022790041973e-10,0.1,0.0,1
12,680,world,6.8,0.67,1.252617908065118,1.1743556308746341,-0.680389630395009,1.4343912863467383e-11,0.9999959626720634,4.075969866689071e-14,0.0028415910285143568,-0.09999878175064808,2.8687933543474338e-12,-0.000493607522486171,7.981509278593538e-12,-0.003904912900459015,-1.4043915057294928e-09,0.1,0.0,1
12,681,world,6.8100000000000005,0.671,1.25161792018418,1.1743556308746343,-0.6803945535973237,1.056165923838855e-11,0.9999959070006323,3.0218250780637354e-14,0.002861115513699017,-0.09999879430397862,2.1123397977217804e-12,-0.0004910577874083636,-8.207917869364846e-12,-0.0039049129154230438,1.4343735939453959e-09,0.1,0.0,1
12,682,world,6.82,0.672,1.2506179321816842,1.1743556308746343,-0.6803994520476421,0.0,0.9999958509479941,0.0,0.002880639997838045,-0.09999880606395224,0.0,-0.0004886571232151467,-8.393054326962699e-12,-0.003904912918478455,1.4567856211608653e-09,0.1,0.0,1
12,683,world,6.83,0.673,1.2496179440655104,1.1743556308746346,-0.6804043272366845,-4.006378666319736e-12,0.999995794514149,-1.1619205969359902e-14,0.002900164480864453,-0.09999881704130653,-8.012787518362061e-13,-0.0004864055296814145,-1.8571727050567762e-12,-0.003904912909625165,3.2017999088683975e-10,0.1,0.0,1
12,684,world,6.84,0.674,1.2486179558434343,1.1743556308746343,-0.6804091806551732,-3.2018401220801236e-12,0.9999957376990969,-9.34841711057009e-15,0.0029196889627112555,-0.09999882724608072,-6.403704360247976e-13,-0.00048430301310837696,1.2712293587228199e-11,-0.0039049128888631263,-2.176966656171164e-09,0.1,0.0,1
12,685,world,6.8500000000000005,0.675,1.2476179675231323,1.1743556308746343,-0.6804140137938317,1.7763565472032337e-11,0.9999956805028384,5.2211135962394436e-14,0.002939213443311466,-0.09999883668771305,3.5527264635654328e-12,-0.0004823495662857251,-6.7258182441349e-12,-0.003904912856192385,1.1441379160600157e-09,0.1,0.0,1
12,686,world,6.86,0.676,1.2466179791121936,1.1743556308746346,-0.6804188281433836,-1.4643366518656072e-11,0.9999956229253734,-4.3326073474707895e-14,0.0029587379225980985,-0.09999884537492942,-2.92868431203867e-12,-0.0004805451913780244,-1.4853648698363758e-11,-0.0039049128116131573,2.5100995831161594e-09,0.1,0.0,1
12,687,world,6.87,0.677,1.2456179906181213,1.1743556308746346,-0.6804236251945519,-7.337760561851754e-12,0.9999955649667022,-2.1853873307921223e-14,0.002978262400504169,-0.09999885331580936,-1.4675576206598262e-12,-0.0004788898863458905,2.5505743758181357e-11,-0.0039049127551250523,-4.281927005194435e-09,0.1,0.0,1
12,688,world,6.88,0.678,1.244618002048341,1.1743556308746346,-0.6804284064380588,2.8176472450388394e-11,0.999995506626825,8.44674388945991e-14,0.002997786876962687,-0.09999886051771643,5.635315605979453e-12,-0.00047738365943507556,-1.3299743851645896e-14,-0.003904912686728246,2.2182305006851057e-12,0.1,0.0,1
12,689,world,6.890000000000001,0.679,1.2436180134102088,1.1743556308746346,-0.6804331733646245,-7.359942305605872e-12,0.9999954479057421,-2.2207338557981088e-14,0.0030173113519066717,-0.09999886698743533,-1.4719939665477039e-12,-0.00047602650054140666,-2.772304780090883e-11,-0.0039049126064229093,4.593935788399397e-09,0.1,0.0,1
12,690,world,6.9,0.68,1.242618024711015,1.1743556308746346,-0.680437927464967,-1.776351339700285e-11,0.9999953888034536,-5.394512261822954e-14,0.0030368358252691324,-0.09999887273102193,-3.552715940810373e-12,-0.00047481841253346307,-6.318780589432168e-12,-0.0039049125142086084,1.0403415828102582e-09,0.1,0.0,1
12,691,world,6.91,0.681,1.2416180359579922,1.1743556308746346,-0.6804426702298007,-1.7763500558230597e-11,0.9999953293199599,-5.4291911421759887e-14,0.003056360296983086,-0.09999887775386113,-3.552713346243754e-12,-0.0004737593992130758,6.356710014126922e-12,-0.0039049124100857357,-1.0399004578026095e-09,0.1,0.0,1
12,692,world,6.92,0.682,1.2406180471583232,1.1743556308746346,-0.6804474031498359,-7.364361610573565e-12,0.9999952694552611,-2.2652034852971202e-14,0.0030758847669815443,-0.09999888206072081,-1.4728777978385296e-12,-0.000472849453897282,2.1855375014954296e-11,-0.003904912294054331,-3.552646881923222e-09,0.1,0.0,1
12,693,world,6.93,0.683,1.2396180583191507,1.1743556308746346,-0.6804521277157783,1.7763472431803492e-11,0.9999952092093576,5.4985480038504396e-14,0.0030954092351975254,-0.09999888565565124,3.5527076685228846e-12,-0.0004720885806625601,2.010335160630392e-11,-0.003904912166114225,-3.2472382725005686e-09,0.1,0.0,1
12,694,world,6.94,0.684,1.2386180694475732,1.1743556308746343,-0.6804568454183281,2.5108486740206755e-11,0.9999951485822494,7.82116509797357e-14,0.0031149337015640394,-0.09999888854206779,5.021715946819905e-12,-0.00047147677684687385,-1.1245433529237457e-11,-0.013983406057934647,1.7763201634772967e-09,0.1,0.0,1
12,695,world,6.95,0.685,1.2376180805558654,1.1743556308746348,-0.6804615588521143,0.0,0.999994766588981,0.0,0.003235242595142314,-0.09999888830307879,0.0,-0.000471527463011953,-2.256068760824064e-11,-0.02960802553274372,3.4570201429073628e-09,0.1,0.0,1
12,696,world,6.96,0.686,1.2366180917218599,1.1743556308746346,-0.6804662845066928,-9.462273477215311e-12,0.9999941824803513,-3.227611973712587e-14,0.0034110123796235636,-0.09999887642589456,-1.892461604723813e-12,-0.00047403961719501715,1.2121050660212052e-11,-0.03515420231512911,-1.7767215208555876e-09,0.1,0.0,1
12,697,world,6.97,0.687,1.2356181030692193,1.1743556308746348,-0.6804710483675023,1.77675140048531e-11,0.9999935674747041,6.37286195053232e-14,0.003586782571380507,-0.09999885198016023,3.5535155789588766e-12,-0.0004791687072467062,2.6714569462130947e-12,-0.03515430050358539,-3.7239575658047816e-10,0.1,0.0,1
12,698,world,6.98,0.6880000000000001,1.23461811472547,1.1743556308746343,-0.6804758766038677,-5.7382345974542544e-12,0.9999929215719517,-2.1590565324041608e-14,0.0037625531215396708,-0.0999988145632092,-1.1476509952443648e-12,-0.00048691472857153814,-2.6740483717032974e-11,-0.03515439000350804,3.5534268217794823e-09,0.1,0.0,1
12,699,world,6.99,0.6890000000000001,1.2336181268231956,1.1743556308746346,-0.6804807953850759,-1.776750753024039e-11,0.9999922447720377,-6.997474366306419e-14,0.003938323981226914,-0.0999987635669127,-3.5535140819781257e-12,-0.0004972776776550231,3.0007844567797566e-11,-0.035154470814764215,-3.8096338822546505e-09,0.1,0.0,1
12,700,world,7.0,0.6900000000000001,1.232618139502085,1.1743556308746348,-0.6804858308804115,3.2358970783917753e-11,0.999991537074937,1.3312900985471583e-13,0.004114095101567496,-0.09999869817764229,6.471817314303881e-12,-0.0005102575592818071,1.5586043241129879e-12,-0.03515454293723387,-1.8941767876953294e-10,0.1,0.0,1
12,701,world,7.01,0.6910000000000001,1.2316181529109924,1.1743556308746346,-0.6804910092591896,-1.58732583912537e-11,0.9999907984806566,-6.809478494134736e-14,0.004289866433686171,-0.09999861737635386,-3.1746633812951127e-12,-0.0005258543691755093,-2.7239089840335946e-11,-0.035154606370810686,3.1747301924252775e-09,0.1,0.0,1
12,702,world,7.0200000000000005,0.6920000000000001,1.2306181672099896,1.1743556308746348,-0.6804963566907829,6.107687460577272e-13,0.9999900289892344,2.7274992739889797e-15,0.004465637928707255,-0.0999985199384076,1.2215422303622166e-13,-0.0005440681279939674,1.4176834727771489e-11,-0.0351546611154001,-1.5872771685205163e-09,0.1,0.0,1
12,703,world,7.03,0.6930000000000001,1.2296181825724233,1.1743556308746348,-0.6805018993447255,0.0,0.9999892286007399,0.0,0.004641409537754703,-0.09999840443382108,0.0,-0.0005648988316116096,-2.3905589568788066e-12,-0.0351547071709212,2.575167774414543e-10,0.1,0.0,1
12,704,world,7.04,0.6940000000000001,1.2286181991869656,1.1743556308746348,-0.6805076633905819,-1.9644810485802623e-12,0.9999883973152744,-9.463370998967127e-15,0.004817181211952195,-0.09999826922701549,-3.9289800451218217e-13,-0.0005883464976785353,-1.7117892815985327e-11,-0.035154744537305375,1.776692211339765e-09,0.1,0.0,1
12,705,world,7.05,0.6950000000000001,1.227618217259672,1.1743556308746348,-0.6805136749979295,-1.7767524884327386e-11,0.9999875351329707,-8.87135207423187e-14,0.004992952902423205,-0.09999811247699447,-3.5535230472774466e-12,-0.0006144111313811373,1.961710643585744e-12,-0.035154773214497545,-1.9644059340524912e-10,0.1,0.0,1
12,706,world,7.0600000000000005,0.6960000000000001,1.2266182370160361,1.1743556308746348,-0.6805199603365041,0.0,0.9999866420539926,0.0,0.005168724560291087,-0.0999979321372223,0.0,-0.0006430927456333967,-3.850894950635779e-17,-0.03515479320245495,3.725039471197947e-15,0.1,0.0,1
12,707,world,7.07,0.6970000000000001,1.2256182587030442,1.1743556308746348,-0.680526545576121,-1.776752985121743e-11,0.9999857180785359,-9.495985085729515e-14,0.005344496136679147,-0.09999772595573922,-3.5535290687490227e-12,-0.0006743913410482694,-1.133294775811564e-11,-0.03515480450114818,1.0601993022648107e-09,0.1,0.0,1
12,708,world,7.08,0.6980000000000001,1.2246182825912308,1.1743556308746346,-0.6805334568866477,-1.0602436952266412e-11,0.9999847632068277,-5.852918080235301e-14,0.005520267582710726,-0.09999749147501094,-2.1205030951234963e-12,-0.0007083069286096418,2.0512649204950475e-11,-0.035154807110560245,-1.857854829317543e-09,0.1,0.0,1
12,709,world,7.09,0.6990000000000001,1.2236183089767292,1.1743556308746348,-0.6805407204379648,8.118835005037511e-13,0.9999837774391267,4.624594982918568e-15,0.005696038849509268,-0.09999722603208865,1.623780716025904e-13,-0.0007448395044402999,2.323777280749996e-11,-0.035154801030687154,-2.039719407914371e-09,0.1,0.0,1
12,710,world,7.1000000000000005,0.7000000000000001,1.2226183381833342,1.1743556308746346,-0.6805483623999112,9.795749937107465e-12,0.999982760775723,5.751977293929266e-14,0.0058718098881984145,-0.09999692675855931,1.959168834246623e-12,-0.0007839890581675508,-8.761595385773464e-12,-0.03515478626153827,7.460342289656307e-10,0.1,0.0,1
12,711,world,7.11,0.7010000000000001,1.22161837056455,1.1743556308746346,-0.680556408942217,-6.648838349434463e-12,0.9999817132169383,-4.0210121460134693e-14,0.006047580649902069,-0.09999659058051405,-1.3297821955521219e-12,-0.0008257555770621695,-3.2303652235250875e-12,-0.03515476280313528,2.67064486412625e-10,0.1,0.0,1
12,712,world,7.12,0.7020000000000001,1.2206184065056467,1.1743556308746346,-0.680564886234417,7.124940660687467e-12,0.9999806347631256,4.4341865887290673e-14,0.006223351085744477,-0.09999621421860554,1.425005733468971e-12,-0.0008701390387479814,2.542445474947003e-11,-0.035154730655512875,-2.042547311779194e-09,0.1,0.0,1
12,713,world,7.13,0.7030000000000001,1.2196184464257154,1.1743556308746346,-0.6805738204457482,1.3777812942437673e-11,0.9999795254146696,8.816769935438465e-14,0.006399121146850312,-0.09999579418813666,2.7556008853307247e-12,-0.0009171394026077003,-5.7209876650197175e-12,-0.03515468981871902,4.4698609604182137e-10,0.1,0.0,1
12,714,world,7.140000000000001,0.7040000000000001,1.218618490779721,1.1743556308746348,-0.6805832377450295,2.654794286597481e-12,0.9999783851719867,1.7455359783880503e-14,0.006574890784344745,-0.09999532679895379,5.309671150321722e-13,-0.0009667566242005752,-4.148132661166372e-11,-0.03515464029281444,3.154321415158747e-09,0.1,0.0,1
12,715,world,7.15,0.7050000000000001,1.217618540060558,1.1743556308746343,-0.6805931643005194,-1.7767441011912777e-11,0.9999772140355241,-1.1994468549696372e-13,0.006750659949353528,-0.09999480815562632,-3.553549691510319e-12,-0.0010189906375873657,2.0376261238570296e-11,-0.035154582077872414,-1.5091019970384046e-09,0.1,0.0,1
12,716,world,7.16,0.7060000000000001,1.2166185948010981,1.1743556308746346,-0.6806036262797623,1.7746821172841574e-11,0.9999760120057611,1.2292503833159334e-13,0.006926428593003064,-0.09999423415740882,3.549432165409369e-12,-0.001073841363188919,4.734407879315099e-11,-0.035154515173978475,-3.417394136050607e-09,0.1,0.0,1
12,717,world,7.17,0.7070000000000001,1.215618655576255,1.1743556308746346,-0.6806146498498099,1.640896026006059e-11,0.9999747790832084,1.1654260216970064e-13,0.0071021966664204916,-0.09999360049828965,3.281861107404703e-12,-0.001131308706078776,-2.9035099668197435e-11,-0.035154439581232495,2.043938302112537e-09,0.1,0.0,1
12,718,world,7.18,0.708,1.214618723005019,1.1743556308746346,-0.6806262611757952,-2.6941265331139e-12,0.9999735152684083,-1.9608275564635075e-14,0.007277964120733748,-0.09999290266729853,-5.388376972653257e-13,-0.0011913925331999541,-3.8026937634708195e-11,-0.035154355299747274,2.6122633153496482e-09,0.1,0.0,1
12,719,world,7.19,0.7090000000000001,1.2136187977525172,1.1743556308746343,-0.6806384864218948,-9.715756250214876e-12,0.9999722205619339,-7.24206444526093e-14,0.007453730907071738,-0.09999213594817924,-1.943199790624395e-12,-0.001254092708233292,3.050269999145135e-11,-0.03515426232964701,-2.0459659263407804e-09,0.1,0.0,1
12,720,world,7.2,0.7100000000000001,1.2126188805320661,1.1743556308746343,-0.6806513517506866,1.7767217475446895e-11,0.9999708949643908,1.355588774568364e-13,0.00762949697656421,-0.09999129541996477,3.553539347071112e-12,-0.0013194090485267177,2.4999209875499867e-11,-0.03515416067106938,-1.6381832243208128e-09,0.1,0.0,1
12,721,world,7.21,0.7110000000000001,1.2116189721072164,1.1743556308746343,-0.6806648833228661,6.66751001050088e-12,0.9999695384764153,5.204324970544384e-14,0.007805262280342045,-0.09999037595669413,1.3335406124857046e-12,-0.0013873413563229486,-2.7891626593389116e-11,-0.04394104510821478,1.7765545841989786e-09,0.1,0.0,1
12,722,world,7.22,0.712,1.21061907326606,1.1743556308746343,-0.6806791053765632,0.0,0.9999674459458298,0.0,0.008068893887892059,-0.09998938335765697,0.0,-0.001457125854383028,-1.0778942011332572e-11,-0.05558957941086429,6.666842150553333e-10,0.1,0.0,1
12,723,world,7.23,0.7130000000000001,1.2096191846002808,1.1743556308746343,-0.6806940256795431,0.0,0.9999650450588089,0.0,0.008361139906396652,-0.09998834184459657,0.0,-0.001526923432298371,-2.979573313769967e-11,-0.058451423926757944,1.781611388970875e-09,0.1,0.0,1
12,724,world,7.24,0.7140000000000001,1.208619306588001,1.1743556308746346,-0.6807096436189644,-1.7817937074459533e-11,0.9999625587398437,-1.5419129040715298e-13,0.00865338768717208,-0.09998725268110226,-3.5637176466269517e-12,-0.0015966531512544282,0.0,-0.058451899262641584,0.0,0.1,0.0,1
12,725,world,7.25,0.7150000000000001,1.2076194397050257,1.1743556308746343,-0.680725958516452,0.0,0.9999599869887618,0.0,0.008945637005568777,-0.09998611600687196,0.0,-0.0016663150543479504,3.869441586931358e-11,-0.058452334662234956,-2.162493651947353e-09,0.1,0.0,1
12,726,world,7.26,0.716,1.2066195844257648,1.1743556308746341,-0.6807429696940384,3.809630098698746e-12,0.999957329805631,3.519443654348862e-14,0.009237887636928703,-0.09998493196139821,7.619580581023565e-13,-0.00173590917808883,-3.291968163070788e-11,-0.05845273012375312,1.781547116141979e-09,0.1,0.0,1
12,727,world,7.2700000000000005,0.7170000000000001,1.205619741223236,1.1743556308746343,-0.6807606764741665,-1.7817702171358562e-11,0.9999545871907605,-1.6981289638787121e-13,0.009530139356586509,-0.09998370068372991,-3.5637004714631422e-12,-0.0018054355669229645,2.08499795023239e-11,-0.05845308564557594,-1.09374775516942e-09,0.1,0.0,1
12,728,world,7.28,0.7180000000000001,1.2046199105690674,1.1743556308746343,-0.6807790781796949,1.474854519778685e-11,0.9999517591446998,1.4487298027203166e-13,0.009822391939870239,-0.0999824223126268,2.94985016130239e-12,-0.0018748942635648616,3.237351335455626e-11,-0.05845340122624473,-1.6477058675457546e-09,0.1,0.0,1
12,729,world,7.29,0.7190000000000001,1.2036200929334995,1.1743556308746343,-0.6807981741339,-1.3382051575485524e-12,0.9999488456682396,-1.353616275605959e-14,0.010114645162102594,-0.09998109698654467,-2.676546406233889e-13,-0.0019442853101208097,-6.358177629648858e-11,-0.05845367686446448,3.1425726579204676e-09,0.1,0.0,1
12,730,world,7.3,0.72,1.2026202887853907,1.1743556308746343,-0.6808179636604809,-1.6681996042125235e-11,0.9999458467624113,-1.7361724650507217e-13,0.010406898798601774,-0.09997972484361327,-3.336579131024628e-12,-0.0020136087493310122,3.601053405495819e-11,-0.058453912559106994,-1.7298468313551118e-09,0.1,0.0,1
12,731,world,7.3100000000000005,0.7210000000000001,1.2016204985922205,1.1743556308746343,-0.6808384460835638,1.596302775793103e-11,0.9999427624284871,1.7080064654837105e-13,0.010699152624682651,-0.09997830602177082,3.1927877829818277e-12,-0.002082864618055181,7.229456960690479e-11,-0.05845410830920527,-3.3779381900216296e-09,0.1,0.0,1
12,732,world,7.32,0.7220000000000001,1.2006207228200916,1.1743556308746343,-0.6808596207277039,1.7103182630329843e-11,0.99993959266798,1.8799938783260843e-13,0.010991406415657424,-0.0999768406583533,3.4208428064731958e-12,-0.002152052967340015,-3.3998116164764636e-11,-0.058454264113956336,1.5462968294622121e-09,0.1,0.0,1
12,733,world,7.33,0.7230000000000001,1.199620961933732,1.1743556308746341,-0.6808814869178913,4.972053290121907e-13,0.9999363374826441,5.610653044625572e-15,0.011283659946836949,-0.09997532889066071,9.94473906346645e-14,-0.0022211738347600587,-3.9222722530682455e-11,-0.05845437997272124,1.737699942719815e-09,0.1,0.0,1
12,734,world,7.34,0.724,1.1986212163965007,1.1743556308746343,-0.6809040439795532,-2.7719005362883724e-13,0.9999329968744737,-3.2089429526872222e-15,0.011575912993531523,-0.09997377085542562,-5.544172378878362e-14,-0.0022902272696947155,-4.214670390379275e-11,-0.058454455885025125,1.8200824136375765e-09,0.1,0.0,1
12,735,world,7.3500000000000005,0.7250000000000001,1.1976214866703907,1.1743556308746341,-0.6809272912385579,-1.7707218115732038e-11,0.9999295708457046,-2.1016699403415912e-13,0.011868165331052092,-0.09997216668933584,-3.5416930256010616e-12,-0.002359213309485288,-4.1633378508711367e-11,-0.058454491850557205,1.75362325978433e-09,0.1,0.0,1
12,736,world,7.36,0.7260000000000001,1.1966217732160307,1.1743556308746341,-0.6809512280212824,-1.781706419074862e-11,0.9999260593988128,-2.1667894692019763e-13,0.012160416734710897,-0.09997051652838962,-3.5636763359845958e-12,-0.002428132007733488,4.3065281307798406e-11,-0.05845448786916955,-1.770322901154449e-09,0.1,0.0,1
12,737,world,7.37,0.7270000000000001,1.1956220764926873,1.1743556308746343,-0.6809758536544461,0.0,0.9999224625365157,0.0,0.012452666979822799,-0.09996882050859146,0.0,-0.002496983404235101,8.567709830506846e-11,-0.0584544439408791,-3.4393102085439103e-09,0.1,0.0,1
12,738,world,7.38,0.728,1.1946223969582708,1.1743556308746343,-0.6810011674652428,1.6584041283595085e-11,0.999918780261771,2.1137937865259974e-13,0.012744915841706075,-0.0999670787654696,3.317077620984319e-12,-0.002565767545667069,0.0,-0.058454360065864644,0.0,0.1,0.0,1
12,739,world,7.390000000000001,0.7290000000000001,1.1936227350693365,1.1743556308746343,-0.6810271687813423,0.0,0.9999150125777774,0.0,0.0130371630956836,-0.09996529143437927,0.0,-0.0026344844732167604,-8.693608200187213e-11,-0.058454236244470936,3.3333140696738093e-09,0.1,0.0,1
12,740,world,7.4,0.7300000000000001,1.1926230912810942,1.1743556308746343,-0.6810538569308742,-1.6757596529420944e-11,0.9999111594879742,-2.2338869587123488e-13,0.01332940851708353,-0.09996345865020204,-3.3518168473191726e-12,-0.002703134234430603,8.81891414425856e-11,-0.05845407247720598,-3.30718498752969e-09,0.1,0.0,1
12,741,world,7.41,0.7310000000000001,1.1916234660473985,1.1743556308746341,-0.6810812312424311,3.3080534662360864e-11,0.9999072209960415,4.506533383838583e-13,0.013621651881240588,-0.09996158054715608,6.616720073839906e-12,-0.002771716889299536,4.565305016331269e-11,-0.05845386876474036,-1.675286709321126e-09,0.1,0.0,1
12,742,world,7.42,0.732,1.1906238598207648,1.1743556308746343,-0.6811092910450729,0.0,0.9999031971059,0.0,0.013913892963496894,-0.09995965726008917,0.0,-0.002840232463285975,-4.7201412300959976e-11,-0.05845362510791058,1.695704664349333e-09,0.1,0.0,1
12,743,world,7.43,0.733,1.1896242730523665,1.1743556308746341,-0.681138035668328,1.6118363555910893e-11,0.9998990878217117,2.290027020334637e-13,0.014206131539203104,-0.09995768892259749,3.2239973115062435e-12,-0.0029086810160679345,0.0,-0.05845334150771471,0.0,0.1,0.0,1
12,744,world,7.44,0.7340000000000001,1.1886247061920376,1.1743556308746341,-0.6811674644422002,0.0,0.9998948931478783,0.0,0.014498367383719228,-0.09995567566832,0.0,-0.002977062594172375,-4.0657285444866743e-11,-0.058453017965316156,1.4016911784218352e-09,0.1,0.0,1
12,745,world,7.45,0.7350000000000001,1.1876251596882796,1.1743556308746343,-0.6811975766971697,2.0969546071884436e-12,0.9998906130890427,3.1018610414300036e-14,0.014790600272415643,-0.09995361763058173,4.1943664132656095e-13,-0.0030453772441952458,-6.76021937385444e-12,-0.05845265448204065,2.2845595067789148e-10,0.1,0.0,1
12,746,world,7.46,0.736,1.1866256339882622,1.1743556308746341,-0.6812283717641971,-2.285299375224448e-12,0.9998862476500885,-3.4472703282457475e-14,0.015082829980674192,-0.09995151494239017,-4.571116555555477e-13,-0.003113625012932161,4.7419124767748165e-11,-0.058452251059379005,-1.571420795458816e-09,0.1,0.0,1
12,747,world,7.47,0.737,1.1856261295378272,1.1743556308746343,-0.6812598489747275,1.7816437821863836e-11,0.9998817968361396,2.739611173604155e-13,0.015375056283889197,-0.09994936773621428,3.563706757943511e-12,-0.0031818059543298888,-1.076297561525811e-12,-0.058451807698985295,3.4989008898372115e-11,0.1,0.0,1
12,748,world,7.48,0.7380000000000001,1.1846266467814908,1.1743556308746341,-0.681292007660693,-2.635291439272337e-12,0.9998772606525608,-4.129291437867253e-14,0.015667278957468302,-0.09994717614457944,-5.271226263607971e-13,-0.0032499201104661925,2.174323206932201e-16,-0.05845132440267642,-6.936503555469652e-15,0.1,0.0,1
12,749,world,7.49,0.7390000000000001,1.1836271861624488,1.1743556308746343,-0.6813248471545169,1.7816344034690316e-11,0.9998726391049568,2.84376121410292e-13,0.015959497776833465,-0.09994494029934414,3.5637198325967666e-12,-0.0033179675345814588,-2.858714377887642e-11,-0.05462125471987961,8.963493538784302e-10,0.1,0.0,1
12,750,world,7.5,0.74,1.182627748113279,1.1743556308746341,-0.6813583665140225,-1.1602140238571317e-11,0.9998685538328791,-1.881351265762444e-13,0.016213422098586783,-0.09994266662217782,-2.3207307069544713e-12,-0.0033857626095494028,-4.045438249282083e-11,-0.04601485176339327,1.2489073275263419e-09,0.1,0.0,1
12,751,world,7.51,0.741,1.1816283327789308,1.1743556308746346,-0.681392556468237,5.322272762175106e-12,0.999865189511128,8.740129785892396e-14,0.016419585983698665,-0.09994040401450272,1.0645965596435272e-12,-0.0034519046073102676,1.2265736889141504e-10,-0.041238352269146024,-3.733582475618905e-09,0.1,0.0,1
12,752,world,7.5200000000000005,0.7420000000000001,1.1806289399512524,1.1743556308746341,-0.6814273981328615,2.574874133522038e-11,0.999861782666042,4.2815131482405647e-13,0.01662575002472939,-0.09993816592209837,5.1504507033687404e-12,-0.0035161046809130737,7.70790413450913e-11,-0.04123851607926502,-2.317100791276642e-09,0.1,0.0,1
12,753,world,7.53,0.7430000000000001,1.1796295693662908,1.1743556308746343,-0.6814628720891077,2.8502775886933724e-11,0.9998583332984178,4.798242516791124e-13,0.016831914142789447,-0.0999359560879676,5.701349987735924e-12,-0.003578362863630816,-8.66798259490846e-11,-0.04123866586411339,2.573770953810806e-09,0.1,0.0,1
12,754,world,7.54,0.744,1.1786302207231736,1.1743556308746343,-0.6814989589169104,0.0,0.9998548414091121,0.0,0.01703807825898858,-0.09993377814238764,0.0,-0.0036386791817975394,-6.294877180886357e-11,-0.04123880162338642,1.8464921827240279e-09,0.1,0.0,1
12,755,world,7.55,0.745,1.177630893685418,1.1743556308746343,-0.6815356392000969,1.0029674667223502e-11,0.9998513069990411,1.729798609906043e-13,0.017244242294435934,-0.09993163560168167,2.0062270330095627e-12,-0.0036970536881025143,5.236940551357302e-11,-0.04123892335680651,-1.517783202599159e-09,0.1,0.0,1
12,756,world,7.5600000000000005,0.7460000000000001,1.176631587881783,1.1743556308746346,-0.6815728935185564,1.518455114318483e-11,0.9998477300691809,2.6501693907233823e-13,0.017450406170240153,-0.09992953186867518,3.0373621357215006e-12,-0.003753486446949696,-6.492951778157541e-12,-0.04123903106412402,1.8595514129085462e-10,0.1,0.0,1
12,757,world,7.57,0.7470000000000001,1.175632302907702,1.1743556308746341,-0.6816107024566083,8.169207960921021e-12,0.999844110620567,1.442626796536711e-13,0.01765656980750953,-0.09992747023341225,1.6340900431603495e-12,-0.003807977514443733,-1.0420263568336e-11,-0.04123912474512072,2.949437539522779e-10,0.1,0.0,1
12,758,world,7.58,0.748,1.1746330383262031,1.1743556308746343,-0.6816490465971333,1.2233633837779518e-11,0.9998404486542946,2.1856100812496753e-13,0.01786273312735232,-0.09992545387147328,2.4471070068012793e-12,-0.0038605269821707575,-9.275165110327257e-11,-0.04123920439960425,2.5949906765464416e-09,0.1,0.0,1
12,759,world,7.59,0.749,1.173633793669133,1.1743556308746343,-0.681687906524326,-1.779308970125391e-11,0.9998367441715186,-3.215539837979104e-13,0.01806889605087683,-0.09992348584584584,-3.559183180045297e-12,-0.003911134926724786,-4.7053860376093137e-11,-0.04123927002741226,1.3014301802600527e-09,0.1,0.0,1
12,760,world,7.6000000000000005,0.7500000000000001,1.172634568438331,1.1743556308746341,-0.681727262824465,-7.870874251309272e-13,0.9998329971734535,-1.438647131962021e-14,0.018275058499191626,-0.09992156910519227,-1.5744304328330686e-13,-0.00395980145414971,6.895799955938805e-11,-0.041239321628412706,-1.885724433539079e-09,0.1,0.0,1
12,761,world,7.61,0.7510000000000001,1.1716353621066133,1.1743556308746343,-0.6817670960823063,1.0736696132783733e-12,0.9998292076613737,1.9846114316976985e-14,0.01848122039340557,-0.09991970648574373,2.1476956422143945e-13,-0.004006526650706793,6.392750105214166e-11,-0.041239359202497654,-1.7286397375377462e-09,0.1,0.0,1
12,762,world,7.62,0.752,1.1706361741191258,1.1743556308746343,-0.6818073868866918,1.6508111370827387e-11,0.999825375636613,3.08547257452166e-13,0.01868738165462818,-0.09991790070992981,3.3021825640399213e-12,-0.004051310617640766,3.2611208366326366e-11,-0.041239382749590665,-8.720890857651906e-10,0.1,0.0,1
12,763,world,7.63,0.753,1.1696370038942405,1.1743556308746346,-0.6818481158245573,9.799089435842533e-12,0.9998215011005649,1.8517256291525103e-13,0.018893542203969754,-0.09991615438652394,1.960157965631217e-12,-0.004094153466629421,-1.1659905558702924e-10,-0.04123939226964629,3.084032950656542e-09,0.1,0.0,1
12,764,world,7.640000000000001,0.7540000000000001,1.1686378508248805,1.1743556308746346,-0.6818892634857839,-1.4348749745495744e-11,0.9998175840546826,-2.7410684513333485e-13,0.0190997019625415,-0.09991447001183941,-2.870259196452846e-12,-0.004135055290228177,-7.902625622535227e-11,-0.0412393877626428,2.067650241915779e-09,0.1,0.0,1
12,765,world,7.65,0.7550000000000001,1.1676387142795608,1.1743556308746346,-0.6819308104608388,-1.0888729720361305e-11,0.9998136245004787,-2.1025548730187762e-13,0.01930586085145563,-0.09991284996792545,-2.1781411728803688e-12,-0.004174016205864973,1.2410308072058537e-10,-0.04123936922858819,-3.2123324738803777e-09,0.1,0.0,1
12,766,world,7.66,0.756,1.1666395936035037,1.1743556308746343,-0.6819727373404398,1.7792531854233898e-11,0.999809622439526,3.472343215170127e-13,0.01951201879182571,-0.09991129652379847,3.559166898489931e-12,-0.004211036325373727,4.2492050685499315e-11,-0.04123933666752427,-1.0882467164193224e-09,0.1,0.0,1
12,767,world,7.67,0.757,1.1656404881198852,1.1743556308746343,-0.6820150247183405,0.0,0.9998055778734564,0.0,0.019718175704766805,-0.0999098118363084,0.0,-0.004246115734815979,-7.016697152904142e-11,-0.041239290079515475,1.7782081965332871e-09,0.1,0.0,1
12,768,world,7.68,0.758,1.1646413971307783,1.1743556308746346,-0.6820576531867311,0.0,0.9998014908039616,0.0,0.019924331511395495,-0.09990839794763035,0.0,-0.004279254554000881,5.050379396601859e-11,-0.04123922946465461,-1.2666351182905151e-09,0.1,0.0,1
12,769,world,7.69,0.7590000000000001,1.1636423199184898,1.1743556308746343,-0.6821006033410983,1.2673846631570423e-11,0.9997973612327931,2.5518240371414687e-13,0.02013048613283021,-0.0999070567877496,2.5352727461982213e-12,-0.004310452877526609,-1.222768356532297e-10,-0.04123915482306875,3.035259481158242e-09,0.1,0.0,1
12,770,world,7.7,0.76,1.162643255746534,1.1743556308746346,-0.6821438557764743,-3.03709315236381e-11,0.9997931891617616,-6.177704470014969e-13,0.020336639490191273,-0.09990579017349699,-6.075420054995039e-12,-0.004339710797874984,-6.616159825995717e-12,-0.04123906615490874,1.6256507726663741e-10,0.1,0.0,1
12,771,world,7.71,0.761,1.1616442038608426,1.1743556308746341,-0.6821873910893373,1.1047087147209886e-11,0.999788974592738,2.2698590779192743e-13,0.020542791504601254,-0.09990459980810552,2.2098763263286655e-12,-0.004367028415557276,8.48830845916667e-11,-0.04123896346035458,-2.0646985698889623e-09,0.1,0.0,1
12,772,world,7.72,0.762,1.1606451634908974,1.1743556308746346,-0.6822311898774727,-9.710696719215874e-12,0.9997847175276524,-2.0153006984202206e-13,0.020748942097184954,-0.09990348728261172,-1.942551772470505e-12,-0.004392405806962424,-1.2224548957279268e-10,-0.04123884673961865,2.9439219894512255e-09,0.1,0.0,1
12,773,world,7.73,0.7630000000000001,1.1596461338507877,1.1743556308746346,-0.6822752327383741,-1.841112667074611e-11,0.9997804179684946,-3.8589157313456816e-13,0.020955091189069724,-0.09990245407400992,-3.683024660315031e-12,-0.004415843066769911,4.069753251733386e-11,-0.04123871599293766,-9.704257909503482e-10,0.1,0.0,1
12,774,world,7.74,0.764,1.1586471141404624,1.1743556308746346,-0.6823195002718886,0.0,0.9997760759173141,0.0,0.021161238701385445,-0.09990150154774809,0.0,-0.004437340251241559,7.79201116515561e-11,-0.04123857122057658,-1.83986782796008e-09,0.1,0.0,1
12,775,world,7.75,0.765,1.1576481035467177,1.1743556308746346,-0.6823639730769567,0.0,0.9997716913762199,0.0,0.021367384555264983,-0.09990063095498518,0.0,-0.004456897440581276,4.2155849288507435e-11,-0.041238412422831994,-9.85777509832091e-10,0.1,0.0,1
12,776,world,7.76,0.766,1.156649101244445,1.1743556308746343,-0.6824086317542944,9.864488125375667e-12,0.9997672643473806,2.1286135783289044e-13,0.02157352867184412,-0.0998998434343878,1.9733543390075754e-12,-0.004474514698244391,0.0,-0.03842261570082815,0.0,0.1,0.0,1
12,777,world,7.7700000000000005,0.7670000000000001,1.1556501063985256,1.1743556308746346,-0.682453456923242,0.0,0.9997634076703525,0.0,0.02175152140344576,-0.09989913874941621,0.0,-0.004490220164411913,-4.280067983888561e-11,-0.024175984381122555,9.857497045932479e-10,0.1,0.0,1
12,778,world,7.78,0.768,1.1546511183463573,1.1743556308746346,-0.6824984332482453,0.0,0.9997620195173998,0.0,0.021815231616702933,-0.09989847508113804,0.0,-0.004504961316508948,4.523416440781683e-11,-0.012745069285828359,-1.0360162126579054e-09,0.1,0.0,1
12,779,world,7.79,0.769,1.153652136828579,1.1743556308746348,-0.6825435544787635,1.0367550082570413e-11,0.9997606273039685,2.2688533466109237e-13,0.021878941765440366,-0.09989783190949508,2.074004308648186e-12,-0.0045192012327699115,7.407926293266564e-11,-0.012745073893978357,-1.6917194118582589e-09,0.1,0.0,1
12,780,world,7.8,0.77,1.1526531616391282,1.1743556308746346,-0.6825888156021127,1.692932867351827e-11,0.9997592310301051,3.71563826131691e-13,0.021942651847329454,-0.09989720944855661,3.386677552113272e-12,-0.004532939928039536,3.256929210554709e-11,-0.012745078088074142,-7.4160966058184e-10,0.1,0.0,1
12,781,world,7.8100000000000005,0.7710000000000001,1.1516541925698782,1.1743556308746346,-0.6826342116065505,1.7788968272795202e-11,0.9997578306958566,3.9156529802368e-13,0.02200636186004162,-0.09989660790573109,3.5586516527699784e-12,-0.004546177397399573,-7.283817820074408e-11,-0.012745081868118173,1.6537321536513226e-09,0.1,0.0,1
12,782,world,7.82,0.772,1.150655229410622,1.1743556308746346,-0.6826797374793437,3.799587342141378e-13,0.9997564263012706,8.387759583243183e-15,0.022070071801248297,-0.09989602748019334,7.601017979657046e-14,-0.004558913650910366,-1.5704140483271072e-10,-0.012745085234109724,3.555191016208679e-09,0.1,0.0,1
12,783,world,7.83,0.773,1.149656271949244,1.1743556308746346,-0.6827253882088833,-1.7788941361253193e-11,0.9997550178463952,-3.9383302626881476e-13,0.022133781668620938,-0.09989546836390513,-3.5586563071387577e-12,-0.004571148691087409,-8.917471687297244e-12,-0.012745088186047391,2.0129676479062224e-10,0.1,0.0,1
12,784,world,7.84,0.774,1.1486573199717018,1.1743556308746348,-0.6827711587825436,-1.6344877667805473e-12,0.999753605331279,-3.6290470022648386e-14,0.022197491459830992,-0.09989493074122438,-3.269777770599035e-13,-0.004582882521512574,1.0839834239902908e-10,-0.012745090723930147,-2.4398750116213906e-09,0.1,0.0,1
12,785,world,7.8500000000000005,0.7750000000000001,1.1476583732621854,1.1743556308746346,-0.6828170441886475,6.6278744218048976e-12,0.9997521887559714,1.4758101808588367e-13,0.02226120117254992,-0.09989441478894912,1.3259021001114707e-12,-0.004594115145856485,8.647765744590791e-11,-0.012745092847756295,-1.940896204070892e-09,0.1,0.0,1
12,786,world,7.86,0.776,1.146659431603125,1.1743556308746343,-0.6828630394148436,1.778889246572684e-11,0.9997507681205219,3.9723444109363675e-13,0.022324910804449167,-0.09989392067628215,3.558661882383466e-12,-0.004604846568633154,-5.681233290550642e-12,-0.012745094557528923,1.2714463123686927e-10,0.1,0.0,1
12,787,world,7.87,0.777,1.14566049477532,1.1743556308746346,-0.6829091394493505,5.355459617630513e-12,0.9997493434249809,1.1993141379344316e-13,0.022388620353200245,-0.09989344856498948,1.071359437758692e-12,-0.004615076791755747,6.094252021780175e-11,-0.012745095853244537,-1.3599920068681656e-09,0.1,0.0,1
12,788,world,7.88,0.778,1.144661562557974,1.1743556308746343,-0.6829553392800641,3.139897755481377e-11,0.9997479146693992,7.05157959938219e-13,0.022452329816474614,-0.09989299860900025,6.281373178470279e-12,-0.00462480582319673,-2.4048474829624028e-11,-0.012745096734904208,5.351401545510537e-10,0.1,0.0,1
12,789,world,7.890000000000001,0.7790000000000001,1.1436626347287964,1.1743556308746343,-0.6830016338951247,0.0,0.9997464818538283,0.0,0.02251603919194381,-0.09989257095519102,0.0,-0.0046340336600123105,-1.4139591958346873e-10,-0.012745097202508654,3.1375050023379775e-09,0.1,0.0,1
12,790,world,7.9,0.78,1.1426637110640665,1.1743556308746346,-0.6830480182826484,0.0,0.9997450449783198,0.0,0.022579748477279303,-0.09989216574234831,0.0,-0.004642760310765145,1.480885165241489e-10,-0.012745097256055419,-3.27672470121243e-09,0.1,0.0,1
12,791,world,7.91,0.781,1.1416647913387072,1.1743556308746346,-0.6830944874307219,3.279228350004591e-11,0.9997436040429266,7.427211140318056e-13,0.022643457670152644,-0.09989178310186803,6.560133683266893e-12,-0.00465098578038643,0.0,-0.012745096895546558,0.0,0.1,0.0,1
12,792,world,7.92,0.782,1.140665875326374,1.1743556308746346,-0.6831410363276507,0.0,0.9997421590477015,0.0,0.02270716676823537,-0.09989142315789892,0.0,-0.0046587100671298875,-7.491104747641115e-11,-0.012745096120981056,1.6482262595668062e-09,0.1,0.0,1
12,793,world,7.930000000000001,0.7830000000000001,1.1396669627995073,1.1743556308746346,-0.6831876599614933,1.6297189556346623e-11,0.9997407099926979,3.7119752658403513e-13,0.02277087576919902,-0.09989108602627689,3.260281186438102e-12,-0.00466593318543609,-7.681398747193002e-12,-0.01274509493236033,1.685359662884944e-10,0.1,0.0,1
12,794,world,7.94,0.784,1.1386680535294396,1.1743556308746343,-0.6832343533207137,-1.6866693316018556e-12,0.9997392568779702,-3.852443864636822e-14,0.022834584670715162,-0.0998907718165366,-3.3742165343284895e-13,-0.004672655122798729,-7.442780297024143e-11,-0.012745093329683658,1.628441668260232e-09,0.1,0.0,1
12,795,world,7.95,0.785,1.137669147286433,1.1743556308746346,-0.6832811113933656,0.0,0.9997377997035728,0.0,0.022898293470455373,-0.09989048062941851,0.0,-0.004678875893178606,-3.5091087024429195e-11,-0.012745091312950665,7.65635264148072e-10,0.1,0.0,1
12,796,world,7.96,0.786,1.1366702438397975,1.1743556308746343,-0.6833279291680383,-9.349033591351925e-12,0.9997363384695609,-2.1472914539058617e-13,0.022962002166091244,-0.09989021255863524,-1.8702990267441714e-12,-0.004684595499151738,1.0140892972285584e-11,-0.012745088882162435,-2.2064432593176324e-10,0.1,0.0,1
12,797,world,7.97,0.787,1.1356713429579188,1.1743556308746343,-0.6833748016328344,2.2081868146961127e-12,0.9997348731759904,5.08585548559702e-14,0.023025710755294373,-0.09988996769035502,4.4175432059633163e-13,-0.004689813942986415,4.305356566266069e-11,-0.01274508603731965,-9.341583228767338e-10,0.1,0.0,1
12,798,world,7.98,0.788,1.1346724444083838,1.1743556308746346,-0.683421723776345,0.0,0.9997334038229174,0.0,0.0230894192357364,-0.09988974610339368,0.0,-0.0046945312225552685,-2.1292126518861826e-11,-0.012745082778423348,4.607109342452083e-10,0.1,0.0,1
12,799,world,7.99,0.789,1.1336735479580122,1.1743556308746346,-0.6834686905868256,-2.4026102103707783e-12,0.9997319304103988,-5.564285694382937e-14,0.02315312760508894,-0.09988954786844992,-4.806507740823733e-13,-0.004698747347608215,2.825925020044912e-11,-0.012745079105472137,-6.097777010045552e-10,0.1,0.0,1
12,800,world,8.0,0.79,1.1326746533729641,1.1743556308746346,-0.6835156970528287,6.102676246235955e-12,0.9997304529384919,1.4172303374912325e-13,0.02321683586102366,-0.09988937304899217,1.2208641068504286e-12,-0.004702462320878106,1.1156184916094356e-11,-0.0127450750184688,-2.4006636448263846e-10,0.1,0.0,1
12,801,world,8.01,0.791,1.131675760418793,1.1743556308746346,-0.6835627381627469,0.0,0.9997289714072548,0.0,0.023280544001212225,-0.09988922170136832,0.0,-0.004705676135784422,1.2063444369434073e-11,-0.012745070517414026,-2.588778611332461e-10,0.1,0.0,1
12,802,world,8.02,0.792,1.1306768688605386,1.1743556308746343,-0.6836098089051088,8.693539690699526e-12,0.9997274858167458,2.0299950175790277e-13,0.023344252023326333,-0.09988909387335981,1.7391817447214152e-12,-0.004708388807130509,-5.710445011586364e-11,-0.009553737556528453,1.222931483536498e-09,0.1,0.0,1
12,803,world,8.03,0.7929999999999999,1.1296779784667548,1.1743556308746343,-0.6836569043524752,-1.2239294549391316e-11,0.9997267426827244,-2.8618462920633185e-13,0.02337605537702645,-0.09988898741887352,-2.448527822690167e-12,-0.004710646710604619,1.1783553474953777e-10,-0.003684257211744161,-2.5198114549266206e-09,0.1,0.0,1
12,804,world,8.040000000000001,0.7940000000000002,1.1286790890805198,1.1743556308746346,-0.6837040211651085,3.391228772993698e-11,0.9997266250759546,7.931228862492252e-13,0.02338108453946854,-0.09988889129376904,6.784311722452227e-12,-0.004712684596022837,5.723358938062966e-11,-0.0010061074749263125,-1.222925444736672e-09,0.1,0.0,1
12,805,world,8.05,0.7950000000000002,1.1276802006115392,1.1743556308746346,-0.6837511574198146,0.0,0.9997265074438851,0.0,0.02338611370133013,-0.09988880397022114,0.0,-0.004714535120108493,1.3532531847789784e-15,-0.0010061074770608836,-2.890909508822064e-14,0.1,0.0,1
12,806,world,8.06,0.796,1.1266813129717437,1.1743556308746343,-0.6837983112429923,3.391256907687787e-11,0.9997263897865161,7.934708498440012e-13,0.02339114286261005,-0.09988872545813549,6.78436956458836e-12,-0.004716198294096525,3.125339196287088e-11,-0.001006107478991631,-6.675119737456508e-10,0.1,0.0,1
12,807,world,8.07,0.797,1.1256824260729725,1.1743556308746341,-0.6838454807611537,6.680603095564025e-12,0.9997262721038473,1.563433347753599e-13,0.02339617202330718,-0.0998886557671152,1.3364863470743698e-12,-0.004717674113243125,-2.1849795845998223e-10,-0.0010061074807200538,4.6656887910367746e-09,0.1,0.0,1
12,808,world,8.08,0.798,1.1246835398269706,1.1743556308746343,-0.6838926641007335,-1.2782670186141712e-11,0.9997261543958792,-2.992117745163641e-13,0.02340120118342037,-0.0998885949054461,-2.557234119534324e-12,-0.0047189625783308296,-1.1453604153244982e-10,-0.001006107482243488,2.445215022711744e-09,0.1,0.0,1
12,809,world,8.09,0.799,1.1236846541454086,1.1743556308746343,-0.6839398593882124,-1.7791652518128217e-11,0.9997260366626114,-4.165496363495705e-13,0.023406230342948458,-0.09988854288034044,-3.559305336067771e-12,-0.004720063690501804,6.500527026486887e-11,-0.0010061074835643064,-1.387490365822463e-09,0.1,0.0,1
12,810,world,8.1,0.8,1.1226857689398912,1.1743556308746346,-0.6839870647500836,1.1036489155877746e-12,0.999725918904044,2.584489475888562e-14,0.023411259501890328,-0.09988849969786047,2.2079027985409212e-13,-0.004720977452872616,1.6660995740063955e-10,-0.001006107484681177,-3.5554035644423434e-09,0.1,0.0,1
12,811,world,8.11,0.8009999999999999,1.1216868841219627,1.1743556308746343,-0.6840342783128072,1.77916439256712e-11,0.9997258011201773,4.1672853640167933e-13,0.023416288660244804,-0.099888465363066,3.5593044609679207e-12,-0.0047217038674155845,-5.168671708528137e-12,-0.0010061074855924892,1.1027408447958653e-10,0.1,0.0,1
12,812,world,8.120000000000001,0.8020000000000002,1.1206879996031223,1.1743556308746343,-0.6840814982028943,0.0,0.999725683311011,0.0,0.023421317818010753,-0.09988843988037388,0.0,-0.004722242927353094,-8.334073955801013e-11,-0.001006107486302629,1.7776998857358698e-09,0.1,0.0,1
12,813,world,8.13,0.8030000000000002,1.1196891152948372,1.1743556308746343,-0.6841287225468182,0.0,0.9997255654765452,0.0,0.023426346975187043,-0.09988842325282218,0.0,-0.004722594632726243,-5.7255790381485505e-11,-0.001006107486808295,1.2210321829534249e-09,0.1,0.0,1
12,814,world,8.14,0.804,1.1186902311085452,1.1743556308746346,-0.6841759494710785,-1.2220382394906107e-11,0.9997254476167802,-2.864190133918621e-13,0.023431376131772506,-0.09988841548200594,-2.4447475155150833e-12,-0.004722758991749981,0.0,-0.0010061074871101367,0.0,0.1,0.0,1
12,815,world,8.15,0.805,1.1176913469556715,1.1743556308746343,-0.6842231771021695,0.0,0.9997253297317157,0.0,0.023436405287766016,-0.0998884165691343,0.0,-0.004722735998454432,1.3813330978943583e-10,-0.0010061074872075725,-2.9445530219079197e-09,0.1,0.0,1
12,816,world,8.16,0.806,1.116692462747638,1.1743556308746343,-0.6842704035665896,1.724943290086079e-11,0.9997252118213519,4.044625920663311e-13,0.023441434443166407,-0.09988842651377185,3.4508346105291505e-12,-0.004722525659306024,3.1366190338598547e-11,-0.0010061074871014076,-6.684815059115623e-10,0.1,0.0,1
12,817,world,8.17,0.807,1.1156935783958712,1.1743556308746346,-0.6843176269908267,6.6903300465481235e-12,0.9997250938856886,1.5690771478498956e-13,0.023446463597972547,-0.09988844531517044,1.3384338748855621e-12,-0.00472212796503918,-1.4617757122061404e-10,-0.0010061074867926266,3.1146915660826847e-09,0.1,0.0,1
12,818,world,8.18,0.808,1.1146946938118194,1.1743556308746346,-0.6843648455013884,-1.3923194144944982e-11,0.9997249759247262,-3.266095120564471e-13,0.023451492752183292,-0.09988847297082958,-2.785404734648939e-12,-0.004721542921106502,3.62867468713128e-11,-0.0010061074862795511,-7.730169955921036e-10,0.1,0.0,1
12,819,world,8.19,0.8089999999999999,1.1136958089069522,1.1743556308746343,-0.6844120572247644,1.4426881311249857e-11,0.9997248579384644,3.3849759243508014e-13,0.02345652190579749,-0.09988850947743208,2.8861702322981884e-12,-0.00472077052788656,9.906473864032695e-11,-0.0010061074855620697,-2.109924073718895e-09,0.1,0.0,1
12,820,world,8.2,0.8099999999999999,1.1126969235927822,1.1743556308746343,-0.6844592602874445,7.1934792394634785e-12,0.9997247399269035,1.688166489503209e-13,0.023461551058813996,-0.09988855483069586,1.439091912672257e-12,-0.004719810783820358,-1.5061448489052904e-10,-0.0010061074846421517,3.2071643225125108e-09,0.1,0.0,1
12,821,world,8.21,0.8110000000000002,1.1116980377808683,1.1743556308746346,-0.6845064528159441,-1.767126998132497e-11,0.9997246218900433,-4.1479850087827765e-13,0.023466580211231675,-0.09988860902527931,-3.5352273948130297e-12,-0.004718663687410946,-4.898598449903011e-11,-0.0010061074835183979,1.0428769624546824e-09,0.1,0.0,1
12,822,world,8.22,0.8120000000000002,1.1106991513828293,1.1743556308746346,-0.6845536329367052,-3.2439143316251845e-12,0.9997245038278838,-7.616087202781239e-14,0.023471609363049366,-0.09988867205460969,-6.489616335724411e-13,-0.004717329240856321,1.3564245933938653e-10,-0.001006107482191446,-2.88711225570982e-09,0.1,0.0,1
12,823,world,8.23,0.8130000000000002,1.1097002643103526,1.1743556308746343,-0.6846007987762641,1.1223736920858172e-11,0.9997243857404252,2.635682576403845e-13,0.023476638514265943,-0.09988874391129139,2.2453661857806118e-12,-0.0047158074414090125,-3.121369197727668e-11,-0.0010061074806596852,6.642322488114163e-10,0.1,0.0,1
12,824,world,8.24,0.8140000000000002,1.1087013764752078,1.1743556308746343,-0.6846479484610729,-9.89173247463204e-12,0.9997242676276675,-2.3233843782785923e-13,0.023481667664880235,-0.09988882458658183,-1.97889210352712e-12,-0.004714098292472252,-5.271040584011797e-11,-0.0010061074789239211,1.1214450499732037e-09,0.1,0.0,1
12,825,world,8.25,0.8150000000000002,1.1077024877892556,1.1743556308746343,-0.6846950801176122,0.0,0.9997241494896107,0.0,0.02348669681489112,-0.09988891407109754,0.0,-0.004712201788643418,-3.710836705078555e-11,-0.0010061074769862908,7.893331155198601e-10,0.1,0.0,1
12,826,world,8.26,0.8160000000000001,1.1067035981644595,1.1743556308746341,-0.6847421918723842,-1.779159850812359e-11,0.9997240313262548,-4.1807073104482076e-13,0.023491725964297442,-0.09988901235404637,-3.5593019270002018e-12,-0.004710117931981322,-9.735736567997377e-12,-0.0010061074748432134,2.0704471791881407e-10,0.1,0.0,1
12,827,world,8.27,0.8170000000000001,1.1057047075128874,1.1743556308746346,-0.6847892818517846,-2.072162648172377e-12,0.9997239131375998,-4.870254443129805e-14,0.023496755113098053,-0.09988911942362645,-4.1454697861739845e-13,-0.0047078467235556936,-2.9011121936252282e-11,-0.0003623655060216602,6.169164136168074e-10,0.1,0.0,1
12,828,world,8.28,0.8180000000000001,1.104705815748802,1.1743556308746346,-0.6848363482261077,-2.3965873846436887e-11,0.9997239461937795,-5.632420460961661e-13,0.023495348619188134,-0.09988923401345357,-4.79449829476254e-12,-0.004705414775077205,9.343046865100719e-11,0.000942580917241377,-1.986909051922912e-09,0.1,0.0,1
12,829,world,8.290000000000001,0.8190000000000002,1.1037069228355123,1.1743556308746346,-0.6848833902045114,1.7813394945354316e-11,0.999724134569119,4.1850457038401214e-13,0.023487331905224063,-0.09988934838822461,3.5636620719507374e-12,-0.004702986133924889,1.4309243265748836e-10,0.0016037853773294777,-3.0436407075778974e-09,0.1,0.0,1
12,830,world,8.3,0.8200000000000002,1.1027080287861586,1.1743556308746343,-0.6849304080534394,6.495742177806159e-12,0.9997243228801741,1.5255763463309114e-13,0.023479315189704454,-0.09988946122679063,1.2995066774596782e-12,-0.0047005888802887676,-5.82339563218938e-11,0.0016037853859643264,1.2390861938877376e-09,0.1,0.0,1
12,831,world,8.31,0.8210000000000002,1.1017091336160914,1.1743556308746343,-0.6849774020867613,5.412280324497661e-12,0.9997245111269447,1.2706825280361467e-13,0.023471298472633947,-0.09988957253143618,1.0827543501764771e-12,-0.004698223013752215,-5.4742911550292905e-11,0.0016037853937743989,1.165203200608349e-09,0.1,0.0,1
12,832,world,8.32,0.8220000000000002,1.1007102373406374,1.1743556308746343,-0.6850243726183474,-5.165928444039109e-12,0.9997246993094308,-1.2124301288875623e-13,0.02346328175401719,-0.0998896823043966,-1.0334702028086796e-12,-0.004695888534315847,8.128105731195922e-11,0.0016037854007594364,-1.7306598839793773e-09,0.1,0.0,1
12,833,world,8.33,0.8230000000000002,1.0997113399751013,1.1743556308746341,-0.6850713199620692,2.2733191144907563e-11,0.999724887427632,5.333597573440196e-13,0.023455265033858808,-0.09988979054780324,4.547889407205308e-12,-0.004693585443560063,1.0779730604754816e-10,0.0016037854069191814,-2.2960373406260107e-09,0.1,0.0,1
12,834,world,8.34,0.8240000000000001,1.098712441534769,1.1743556308746343,-0.6851182444317987,1.7813414796407973e-11,0.9997250754815485,4.1779042084921e-13,0.02344724831216346,-0.09988989726405029,3.5636626957569816e-12,-0.004691313736841621,-6.460200834139152e-11,0.0016037854122544972,1.376466879391758e-09,0.1,0.0,1
12,835,world,8.35,0.8250000000000001,1.097713542034903,1.1743556308746343,-0.6851651463414095,8.957165163769671e-12,0.9997252634711801,2.100067651836402e-13,0.02343923158893576,-0.09989000245513874,1.7919253395338034e-12,-0.004689073417252176,-8.350656666678233e-11,0.0016037854167660769,1.7798734811896402e-09,0.1,0.0,1
12,836,world,8.36,0.8260000000000001,1.096714641490743,1.1743556308746343,-0.6852120260047755,0.0,0.9997254513965265,0.0,0.02343121486418035,-0.09989010612318884,0.0,-0.00468686448471389,-4.1975460197449295e-11,0.0016037854204512339,8.949788639597396e-10,0.1,0.0,1
12,837,world,8.370000000000001,0.8270000000000002,1.095715739917511,1.1743556308746343,-0.6852588837357723,0.0,0.9997256392575878,0.0,0.02342319813790189,-0.09989020826999986,0.0,-0.004684686945362749,1.7297436002164716e-11,0.0016037854233110994,-3.68933340909822e-10,0.1,0.0,1
12,838,world,8.38,0.8280000000000002,1.094716837330406,1.1743556308746343,-0.6853057198482756,3.692373507000586e-12,0.999725827054364,8.648130633478465e-14,0.023415181410105006,-0.09989030889816676,7.386772266882278e-13,-0.0046825407877376666,-8.342094797882328e-11,0.0016037854253456722,1.7798778695180545e-09,0.1,0.0,1
12,839,world,8.39,0.8290000000000002,1.0937179337446064,1.1743556308746346,-0.6853525346561626,-1.7813435262213676e-11,0.9997260147868546,-4.1707628544827104e-13,0.02340716468079435,-0.0998904080094228,-3.563663443517314e-12,-0.004680426018114517,5.11116202404698e-11,0.0016037854265547745,-1.0908968603101724e-09,0.1,0.0,1
12,840,world,8.4,0.8300000000000002,1.0927190291752704,1.1743556308746343,-0.685399328473311,1.4610320430679188e-11,0.9997262024550598,3.419626778956671e-13,0.02339914794997455,-0.09989050560550124,2.922864359215392e-12,-0.0046783426421466105,2.2239737570350803e-10,0.0016037854269412705,-4.748349895807559e-09,0.1,0.0,1
12,841,world,8.41,0.8310000000000002,1.091720123637539,1.1743556308746343,-0.6854461016135999,2.970910415050073e-11,0.9997263900589795,6.951197452156906e-13,0.023391131217650234,-0.09989060168891895,5.94344701615973e-12,-0.004676290648125204,-1.1358238604019234e-10,0.001603785426501434,2.4259011817122605e-09,0.1,0.0,1
12,842,world,8.42,0.8320000000000001,1.0907212171465306,1.1743556308746343,-0.6854928543909088,-9.668621155609124e-12,0.9997265775986134,-2.2614430830218668e-13,0.023383114483826066,-0.09989069626127108,-1.934253099137278e-12,-0.004674270043384999,-6.718876230160742e-11,0.0016037854252361266,1.4355154567932824e-09,0.1,0.0,1
12,843,world,8.43,0.8330000000000001,1.0897223097173458,1.1743556308746346,-0.6855395871191183,1.5342172229034155e-11,0.9997267650739615,3.587227911233987e-13,0.02337509774850667,-0.09989078932425641,3.0692730780809623e-12,-0.004672280832422798,4.520100139946783e-11,0.0016037854231467368,-9.66069683067104e-10,0.1,0.0,1
12,844,world,8.44,0.8340000000000001,1.088723401365066,1.1743556308746343,-0.6855863001121094,0.0,0.9997269524850237,0.0,0.023367081011696687,-0.09989088088045323,0.0,-0.004670323000297431,2.273293199986172e-12,0.0016037854202306662,-4.8603222587785746e-11,0.1,0.0,1
12,845,world,8.45,0.8350000000000001,1.0877244921047549,1.1743556308746343,-0.685632993683765,1.5828608789590197e-11,0.9997271398318,3.6984240533548104e-13,0.023359064273400773,-0.09989097093092655,3.166585792322436e-12,-0.00466839656378797,0.0,0.0016037854164901667,0.0,0.1,0.0,1
12,846,world,8.46,0.8360000000000002,1.086725581951456,1.1743556308746346,-0.6856796681479675,0.0,0.9997273271142899,0.0,0.02335104753362354,-0.09989105947815789,0.0,-0.004666501508745406,-8.092675343519016e-11,0.0016037854119257623,1.731411571706961e-09,0.1,0.0,1
12,847,world,8.47,0.8370000000000002,1.0857266709201983,1.1743556308746346,-0.6857263238186014,-1.4996803971171697e-12,0.9997275143324937,-3.501662721766045e-14,0.023343030792369646,-0.09989114652333368,-3.0001782987281504e-13,-0.004664637848095278,-5.8711867559058336e-12,0.0016037854065360656,1.2565606688587768e-10,0.1,0.0,1
12,848,world,8.48,0.8380000000000002,1.084727759025989,1.1743556308746346,-0.6857729610095509,-1.2575890223913784e-12,0.9997277014864112,-2.935385051604415e-14,0.023335014049643724,-0.09989123206856006,-2.515863109488526e-13,-0.004662805574445566,-6.665467051545112e-11,0.001603785400319858,1.4270446875893331e-09,0.1,0.0,1
12,849,world,8.49,0.8390000000000002,1.08372884628382,1.1743556308746343,-0.6858195800347016,-1.5781798561817327e-11,0.9997278885760422,-3.6824217542939155e-13,0.023326997305450424,-0.09989131611544036,-3.1572188261291814e-12,-0.004661004690532562,8.897415292741335e-11,0.0016037853932804385,-1.9055498768882154e-09,0.1,0.0,1
12,850,world,8.5,0.8400000000000001,1.082729932708666,1.1743556308746341,-0.6858661812079399,1.7813482622156852e-11,0.9997280756013868,4.1550524098108484e-13,0.023318980559794367,-0.09989139866573743,3.563665570112843e-12,-0.00465923519504119,1.5668156086360093e-10,0.0016037853854155495,-3.3567876660764844e-09,0.1,0.0,1
12,851,world,8.51,0.8410000000000001,1.0817310183154845,1.1743556308746341,-0.6859127648431526,1.781348709448432e-11,0.9997282625624445,4.153624225575324e-13,0.023310963812680205,-0.09989147972138773,3.563665798210359e-12,-0.004657497082294854,-8.168509005367565e-11,0.0016037853767251892,1.7506460476048257e-09,0.1,0.0,1
12,852,world,8.52,0.8420000000000001,1.0807321031192159,1.1743556308746341,-0.6859593312542281,2.9274111184796984e-13,0.9997284494592156,6.8235835806941255e-15,0.023302947064112574,-0.09989155928361121,5.856412545290198e-14,-0.004655790361344769,-5.3907148456957254e-12,0.0005108944010607397,1.1554457866308515e-10,0.1,0.0,1
12,853,world,8.53,0.8430000000000001,1.0797331871349203,1.1743556308746346,-0.6860058807579319,1.6657100779979748e-11,0.9997283816438064,3.883134694971258e-13,0.02330585625665675,-0.09989163728361296,3.3323252711147257e-12,-0.0046541165433524505,-1.2753239484214247e-10,-0.0013956145771867028,2.7333515303345547e-09,0.1,0.0,1
12,854,world,8.540000000000001,0.8440000000000002,1.0787342703798777,1.1743556308746343,-0.6860524137190857,-2.706307066146802e-11,0.9997281241425289,-6.311985041852476e-13,0.023316899417815652,-0.09989171340530838,-5.414086066435564e-12,-0.0046524824504492425,-3.706392809901177e-11,-0.0022092325961636165,7.941384987178372e-10,0.1,0.0,1
12,855,world,8.55,0.8450000000000002,1.0777353528732,1.1743556308746343,-0.6860989305421936,8.709226170765074e-12,0.999727866519264,2.0322363194949303e-13,0.023327942576247873,-0.09989178761104812,1.7423193618431586e-12,-0.004650888933231189,2.590072640673521e-10,-0.0022092326187685743,-5.546905613076001e-09,0.1,0.0,1
12,856,world,8.56,0.8460000000000002,1.0767364346340345,1.1743556308746346,-0.6861454316329468,2.8451311182072563e-11,0.9997276087740122,6.642056695300439e-13,0.023338985731941264,-0.09989185990318444,5.691812551961293e-12,-0.004649335982973661,-7.775514283381711e-11,-0.002209232639216801,1.664416750992519e-09,0.1,0.0,1
12,857,world,8.57,0.8470000000000002,1.0757375156815068,1.1743556308746346,-0.6861919173970384,-7.948555069445194e-12,0.9997273509067736,-1.85649607661821e-13,0.02335002888488372,-0.09989193028364696,-1.5901445305281396e-12,-0.004647823598956598,-1.3286775332231722e-10,-0.0022092326575092356,2.8428030063567985e-09,0.1,0.0,1
12,858,world,8.58,0.8480000000000001,1.0747385960347269,1.1743556308746343,-0.6862383882401628,0.0,0.9997270929175486,0.0,0.0233610720350631,-0.09989199875405765,0.0,-0.0046463517860088665,3.7137343929827767e-11,-0.0022092326736445926,-7.942044777492938e-10,0.1,0.0,1
12,859,world,8.59,0.8490000000000001,1.0737396757127862,1.1743556308746343,-0.6862848445680171,0.0,0.9997268348063373,0.0,0.023372115182467283,-0.09989206531607608,0.0,-0.0046449205470914644,8.329586323340034e-11,-0.0022092326876242594,-1.7804891806864292e-09,0.1,0.0,1
12,860,world,8.6,0.8500000000000001,1.0727407547347585,1.1743556308746346,-0.6863312867862991,1.7819491530950588e-11,0.9997265765731401,4.1678995191328537e-13,0.02338315832708414,-0.09989212997182265,3.5648728450874922e-12,-0.0046435298741897895,6.890926083864706e-11,-0.002209232699445359,-1.4722718484740353e-09,0.1,0.0,1
12,861,world,8.61,0.8510000000000001,1.071741833119698,1.1743556308746341,-0.6863777153007086,1.4734802301110232e-11,0.9997263182179574,3.4480330001820993e-13,0.023394201468901536,-0.09989219272278949,2.947767025511105e-12,-0.004642179771732578,-1.602514773488661e-10,-0.002209232709112157,3.422213231460065e-09,0.1,0.0,1
12,862,world,8.620000000000001,0.8520000000000002,1.0707429108866457,1.1743556308746341,-0.6864241305169467,-1.6430764717052494e-11,0.9997260597407892,-3.8467144429274796e-13,0.023405244607907365,-0.09989225357068458,-3.2870531504761253e-12,-0.0046408702384419225,-6.753794035922186e-11,-0.002209232716622815,1.4416091849784533e-09,0.1,0.0,1
12,863,world,8.63,0.8530000000000002,1.069743988054623,1.1743556308746341,-0.686470532840714,3.068482912673593e-13,0.9997258011416361,7.187218609236128e-15,0.023416287744089482,-0.09989231251694582,6.138648483639391e-14,-0.0046396012777856965,7.69494829957524e-11,-0.002209232721974907,-1.641724334526979e-09,0.1,0.0,1
12,864,world,8.64,0.8540000000000002,1.068745064642638,1.1743556308746343,-0.6865169226777074,0.0,0.9997255424204982,0.0,0.023427330877435766,-0.09989236956328877,0.0,-0.004638372886189739,-1.875727058059543e-11,-0.002209232725171308,3.99999151420224e-10,0.1,0.0,1
12,865,world,8.65,0.8550000000000002,1.067746140669683,1.1743556308746343,-0.6865633004336414,-3.696438844811933e-12,0.9997252835773757,-8.666232370570262e-14,0.023438374007934082,-0.09989242471111731,-7.394908295581656e-13,-0.00463718506572281,-7.580396215061381e-11,-0.0022092327262105303,1.615758043254982e-09,0.1,0.0,1
12,866,world,8.66,0.8560000000000001,1.0667472161547378,1.1743556308746343,-0.6866096665142226,-1.6170904705848616e-11,0.9997250246122691,-3.7930258878345154e-13,0.02344941713557231,-0.09989247796205965,-3.2350700581781525e-12,-0.004636037812553821,5.055634995265142e-11,-0.0022092327250940623,-1.0770980059148465e-09,0.1,0.0,1
12,867,world,8.67,0.8570000000000001,1.065748291116763,1.174355630874634,-0.6866560213251579,7.083433750210186e-12,0.9997247655251785,1.6622636723043144e-13,0.023460460260338323,-0.09989252931716877,1.4170765567798351e-12,-0.004634931134178747,7.587535378745599e-11,-0.002209232721821904,-1.6157546923058085e-09,0.1,0.0,1
12,868,world,8.68,0.8580000000000001,1.0647493655747096,1.1743556308746341,-0.6867023652721559,0.0,0.9997245063161043,0.0,0.023471503382220003,-0.09989257877793979,0.0,-0.004633865027500634,1.5884345570240338e-11,-0.0022092327163922196,-3.3809543417953887e-10,0.1,0.0,1
12,869,world,8.69,0.8590000000000001,1.0637504395475128,1.1743556308746341,-0.6867486987609254,1.046718040306189e-11,0.9997242469850468,2.458638482488272e-13,0.023482546501205202,-0.09989262634575417,2.094013102914174e-12,-0.004632839490802748,-3.050776153687936e-11,-0.002209232708805804,6.490463330548832e-10,0.1,0.0,1
12,870,world,8.700000000000001,0.8600000000000002,1.062751513054098,1.1743556308746343,-0.6867950221971763,-6.495835878648638e-12,0.9997239875320062,-1.5265263638510076e-13,0.02349358961728181,-0.099892672021784,-1.2995255811299377e-12,-0.004631854525813066,-3.0517155811637663e-11,-0.002209232699063597,6.48940511782013e-10,0.1,0.0,1
12,871,world,8.71,0.8610000000000002,1.0617525861133765,1.1743556308746341,-0.6868413359866191,3.972393119232998e-12,0.9997237279569827,9.339544387857821e-14,0.02350463273043769,-0.09989271580746993,7.946979886931872e-13,-0.0046309101273991895,1.1430421086554437e-10,-0.002209232687163517,-2.4295096689045306e-09,0.1,0.0,1
12,872,world,8.72,0.8620000000000002,1.0607536587442465,1.1743556308746341,-0.6868876405349654,1.7819412595074647e-11,0.9997234682599769,4.1915143893350366e-13,0.023515675840660718,-0.09989275770355659,3.5648673966354627e-12,-0.00463000630437348,-1.806805782070901e-10,-0.0022092326731080933,3.838517631093492e-09,0.1,0.0,1
12,873,world,8.73,0.8630000000000002,1.0597547309655977,1.1743556308746341,-0.6869339362479269,-3.444464880811079e-11,0.9997232084409888,-8.105939373285151e-13,0.02352671894793877,-0.09989279771163756,-6.890835150146373e-12,-0.004629143046165003,-1.6769284699962522e-10,-0.0022092326568961844,3.560921236529687e-09,0.1,0.0,1
12,874,world,8.74,0.8640000000000001,1.0587558027963082,1.1743556308746343,-0.686980223531211,-1.781939606055245e-11,0.9997229485000187,-4.195449399431785e-13,0.023537762052259714,-0.09989283583210516,-3.5648657790332033e-12,-0.004628320367054342,9.131843528024958e-11,-0.0022092326385278914,-1.938215883441376e-09,0.1,0.0,1
12,875,world,8.75,0.8650000000000001,1.0577568742552448,1.1743556308746341,-0.6870265027905333,-1.5046352645309245e-11,0.9997226884370672,-3.5442191201127087e-13,0.02354880515361144,-0.09989287206645603,-3.0101042784706555e-12,-0.0046275382564221635,2.0986457923106926e-11,-0.0022092326180018266,-4.4522422283612193e-10,0.1,0.0,1
12,876,world,8.76,0.8660000000000001,1.0567579453612646,1.1743556308746341,-0.6870727744316095,-1.3363438317339982e-11,0.9997224282521342,-3.149279939949938e-13,0.02355984825198178,-0.09989290641540371,-2.673428789820519e-12,-0.004626796719480821,1.585238212786219e-11,-0.00220923259531997,-3.361477590294259e-10,0.1,0.0,1
12,877,world,8.77,0.8670000000000001,1.055759016133218,1.1743556308746341,-0.6871190388601531,-1.1682066351637232e-11,0.9997221679452202,-2.754332408703414e-13,0.02357089134735866,-0.09989293888011687,-2.337061699456713e-12,-0.004626095750547884,1.3241305159230764e-10,-0.006375838067771864,-2.804002598463491e-09,0.1,0.0,1
12,878,world,8.78,0.8680000000000001,1.0547600866017959,1.1743556308746341,-0.6871652967378795,1.4700020949740546e-11,0.9997209240823604,3.473641925307456e-13,0.023623588887204214,-0.09989296176856385,2.9408234939159763e-12,-0.0046256014856709375,4.827781118936579e-11,-0.015388813079035675,-1.0199104451820892e-09,0.1,0.0,1
12,879,world,8.790000000000001,0.8690000000000002,1.0537611571254266,1.1743556308746343,-0.6872115558044097,-1.4743735435998576e-12,0.9997185288273354,-3.498897212802662e-14,0.023724736443388524,-0.09989292119114916,-2.9495752802662995e-13,-0.00462647769894818,1.4649985628189107e-11,-0.0202351921882188,-3.0848843835685153e-10,0.1,0.0,1
12,880,world,8.8,0.8700000000000002,1.052762228424348,1.1743556308746341,-0.6872578316092371,1.7787434656908533e-11,0.9997161233363434,4.239216936456274e-13,0.023825883852508306,-0.09989280669707398,3.558493861839409e-12,-0.004628949144353747,4.6959276991400477e-11,-0.020235210524174235,-9.846283454070877e-10,0.1,0.0,1
12,881,world,8.81,0.8710000000000002,1.051763301238257,1.1743556308746341,-0.6873041401046744,8.38028647324795e-12,0.999713707609578,2.0057279758193592e-13,0.0239270311052444,-0.09989261816791843,1.676535358413243e-12,-0.004633015816771611,-6.331542673136982e-11,-0.020235227203035732,1.3219576006433297e-09,0.1,0.0,1
12,882,world,8.82,0.8720000000000001,1.0507643763084122,1.1743556308746341,-0.6873504972429259,4.5564398641836254e-12,0.9997112816472365,1.0951456784463325e-13,0.024028178192277656,-0.09989235540883548,9.115499021491344e-13,-0.0046386777075906665,-5.935553179771115e-11,-0.02023524222479557,1.234053518168093e-09,0.1,0.0,1
12,883,world,8.83,0.8730000000000001,1.049765454378405,1.174355630874634,-0.6873969189761071,-3.970958397345066e-12,0.9997088454495197,-9.584445169339436e-14,0.024129325104289008,-0.09989201814881166,-7.944217105276892e-13,-0.004645934799099577,6.385049823086491e-11,-0.02023525558944543,-1.3219334019617677e-09,0.1,0.0,1
12,884,world,8.84,0.8740000000000001,1.0487665361949239,1.1743556308746341,-0.6874434212562339,1.778727698681926e-11,0.9997063990166316,4.3112069145534507e-13,0.024230471831959373,-0.099891606039476,3.558493746726182e-12,-0.004654787090095817,3.493149432737385e-11,-0.02023526729697922,-7.201824990221797e-10,0.1,0.0,1
12,885,world,8.85,0.8750000000000001,1.0477676225085122,1.1743556308746341,-0.6874900200350677,3.2372179090770037e-12,0.99970394234878,7.879007713632066e-14,0.02433161836596976,-0.09989111865728838,6.476340255488719e-13,-0.004665234548823404,-5.7241523892009925e-11,-0.02023527734738958,1.1752337552208876e-09,0.1,0.0,1
12,886,world,8.86,0.8760000000000001,1.0467687140743474,1.174355630874634,-0.6875367312643756,6.024432518792302e-12,0.9997014754461759,1.472374961724656e-13,0.024432764697001192,-0.09989055550116069,1.205243690805461e-12,-0.004677277164070805,-7.83042206874291e-11,-0.020235285740673653,1.6010076513862806e-09,0.1,0.0,1
12,887,world,8.870000000000001,0.8770000000000002,1.0457698116529814,1.1743556308746343,-0.6875835708953982,-1.2787187283596479e-11,0.9996989983090339,-3.138141709959732e-13,0.02453391081573481,-0.09988991599405456,-2.5582015887605367e-12,-0.004690914910838496,-1.3773594740306937e-10,-0.020235292476828134,2.8045173802806484e-09,0.1,0.0,1
12,888,world,8.88,0.8780000000000002,1.0447709160111391,1.1743556308746343,-0.6876305548795841,-2.2046051536664215e-11,0.9996965109375718,-5.432706065872133e-13,0.02463505671285175,-0.09988919948255674,-4.410538223681753e-12,-0.004706147759472665,1.5063986219556188e-10,-0.02023529755584643,-3.0546447965231456e-09,0.1,0.0,1
12,889,world,8.89,0.8790000000000002,1.043772027922435,1.1743556308746343,-0.6876776991674706,1.778708755296372e-11,0.9996940133320112,4.401196681944812e-13,0.024736202379033255,-0.0998884052363749,3.5584975171179345e-12,-0.004722975686339355,8.560515011785143e-11,-0.02023530097772741,-1.7287730481715743e-09,0.1,0.0,1
12,890,world,8.9,0.8800000000000001,1.0427731481682048,1.1743556308746346,-0.6877250197101027,-4.742368549073061e-12,0.9996915054925772,-1.1782420519277758e-13,0.02483734780496063,-0.09988753244914751,-9.48764001667186e-13,-0.004741398656567954,-8.835659495682797e-11,-0.020235302742471362,1.7770579744983599e-09,0.1,0.0,1
12,891,world,8.91,0.8810000000000001,1.041774277538181,1.1743556308746343,-0.6877725324571157,0.0,0.9996889874194979,0.0,0.024938492981315293,-0.09988658023865583,0.0,-0.004761416619722738,-6.506282323146664e-11,-0.02023530285007479,1.3032485748000342e-09,0.1,0.0,1
12,892,world,8.92,0.8820000000000001,1.040775416831367,1.1743556308746343,-0.6878202533590466,-1.7786969698300447e-11,0.9996864591130051,-4.4551896897469744e-13,0.02503963789877869,-0.09988554764496649,-3.55850078253799e-12,-0.004783029548845595,1.7562633676627036e-10,-0.020235301300539604,-3.5036673080934785e-09,0.1,0.0,1
12,893,world,8.93,0.8830000000000001,1.0397765668566656,1.1743556308746341,-0.6878681983644065,3.50695745571647e-11,0.9996839205733343,8.819553159242896e-13,0.025140782548032405,-0.09988443363255689,7.01611549534114e-12,-0.004806237395649331,8.943544094198014e-11,-0.020235298093865033,-1.7770056632189613e-09,0.1,0.0,1
12,894,world,8.94,0.8840000000000001,1.0387777284338064,1.1743556308746343,-0.6879163834230981,0.0,0.9996813718007241,0.0,0.025241926919758066,-0.09988323708994946,0.0,-0.004831040098461596,-8.982666761782619e-11,-0.020235293230053065,1.7776137872371327e-09,0.1,0.0,1
12,895,world,8.950000000000001,0.8850000000000002,1.037778902393918,1.1743556308746343,-0.6879648244823355,1.7276293166276677e-11,0.9996788127954168,4.3797499637464555e-13,0.02534307100463746,-0.09988195682868463,3.4563611673824492e-12,-0.004857437603591053,4.054636101283949e-11,-0.0202352867091063,-7.991787564663551e-10,0.1,0.0,1
12,896,world,8.96,0.8860000000000002,1.036780089580504,1.1743556308746346,-0.6880135374910049,7.999475784006761e-12,0.9996762435576579,2.0360629893347014e-13,0.02544421479335239,-0.09988059158353847,1.6004100352099818e-12,-0.004885429860553139,-1.691679807361907e-11,-0.020235278531027863,3.3210625057628014e-10,0.1,0.0,1
12,897,world,8.97,0.8870000000000002,1.0357812908499822,1.1743556308746348,-0.6880625383950333,1.3951921150672243e-11,0.9996736640876966,3.5652317075477e-13,0.025545358276584856,-0.09987914001466575,2.7912899512633466e-12,-0.004915016778282438,1.3064702880476617e-11,-0.02023526869582322,-2.554654140259544e-10,0.1,0.0,1
12,898,world,8.98,0.8880000000000001,1.034782507072671,1.1743556308746343,-0.6881118431418469,1.0556585668085114e-11,0.9996710743857856,2.708285720453966e-13,0.02564650144501692,-0.09987760070410472,2.112008344107917e-12,-0.0049461982968157965,-1.5229016595844958e-10,-0.02023525720349436,2.9660941001349993e-09,0.1,0.0,1
12,899,world,8.99,0.8890000000000001,1.0337837391333393,1.1743556308746343,-0.6881614676759826,-1.5738315715352116e-11,0.9996684744521807,-4.053589415972474e-13,0.025747644289330785,-0.09987597215887821,-3.148702519962328e-12,-0.004978974323993471,3.9641494429852e-12,-0.020235244054048588,-7.690424641530907e-11,0.1,0.0,1
12,900,world,9.0,0.8900000000000001,1.0327849879321649,1.1743556308746343,-0.6882114279430425,1.1326336815914207e-11,0.9996658642871414,2.9286992388271315e-13,0.025848786800208766,-0.09987425280890688,2.2660218048425757e-12,-0.005013344777945948,1.8534058312368217e-11,-0.020235229247493006,-3.58149837770091e-10,0.1,0.0,1
12,901,world,9.01,0.8910000000000001,1.0317862543853185,1.1743556308746343,-0.6882617398859308,-1.2153150289397683e-11,0.9996632438909308,-3.154796264428407e-13,0.025949928968333306,-0.09987244100883298,-2.43144651048896e-12,-0.005049309550540289,-2.5582094348299665e-11,-0.0202352127838341,4.924145792530342e-10,0.1,0.0,1
12,902,world,9.02,0.8920000000000001,1.0307875394258854,1.1743556308746343,-0.6883124194480553,6.397164234221433e-12,0.9996606132638151,1.6670955729759335e-13,0.02605107078438698,-0.09987053503635329,1.2798662683996189e-12,-0.005086868540912856,-1.0709537456251189e-11,-0.020235194663078222,2.053395867182958e-10,0.1,0.0,1
12,903,world,9.03,0.893,1.0297888440044844,1.1743556308746346,-0.6883634825704031,-1.4208569679583814e-11,0.9996579724060644,-3.7171266586258235e-13,0.026152212239052484,-0.0998685330937587,-2.842684711875317e-12,-0.005126021625083743,7.68074705989084e-11,-0.02288558683379546,-1.4662186664224732e-09,0.1,0.0,1
12,904,world,9.040000000000001,0.8940000000000002,1.028790169080501,1.1743556308746346,-0.6884149450071273,2.1074345467197254e-11,0.9996546251448252,5.540219471045753e-13,0.02627984829786917,-0.09986644041251315,4.216323686872916e-12,-0.0051666313332734415,-1.872613988781346e-11,-0.029384214183846957,3.556532137493057e-10,0.1,0.0,1
12,905,world,9.05,0.8950000000000002,1.0277915152715735,1.1743556308746343,-0.6884668155766055,-1.7768672795310775e-11,0.9996502446272808,-4.700738919645112e-13,0.02644595274551022,-0.09986431907848581,-3.5549767947314864e-12,-0.005207472994685217,-2.99229667385475e-10,-0.03323248386579785,5.651444279650034e-09,0.1,0.0,1
12,906,world,9.06,0.8960000000000001,1.0267928827446466,1.1743556308746346,-0.6885190942746072,-3.5499400002100234e-11,0.9996458364978134,-9.450467539321059e-13,0.02661205690259868,-0.09986218402242913,-7.102393549720163e-12,-0.00524825706978043,-1.9316344190283995e-11,-0.03323256815029057,3.6253902241479115e-10,0.1,0.0,1
12,907,world,9.07,0.8970000000000001,1.0257942716366366,1.1743556308746348,-0.6885717805261202,-2.139774614539094e-11,0.9996414007573082,-5.731978338042415e-13,0.026778160727855386,-0.0998600353133175,-4.28108352333604e-12,-0.005288983571820297,2.0770381385276646e-10,-0.03323264509464733,-3.87405879980897e-09,0.1,0.0,1
12,908,world,9.08,0.8980000000000001,1.0247956820836852,1.1743556308746348,-0.6886248737546397,3.2830570612633434e-12,0.9996369374066758,8.84916847972679e-14,0.026944264180001166,-0.0998578730203716,6.568497819470759e-13,-0.0053296525071852684,7.804368653572132e-11,-0.0332327146987622,-1.4466654390045521e-09,0.1,0.0,1
12,909,world,9.09,0.8990000000000001,1.023797114221288,1.1743556308746343,-0.6886783733845869,-6.9151894186157205e-12,0.999632446446852,-1.875422563417034e-13,0.02711036721775699,-0.09985569721232322,-1.3835462389440487e-12,-0.005370263889310119,-1.7800896956771422e-11,-0.033232776962542405,3.2794218468547964e-10,0.1,0.0,1
12,910,world,9.1,0.9000000000000001,1.0227985681842533,1.1743556308746346,-0.6887322788405025,0.0,0.9996279278787975,0.0,0.02727646979984401,-0.09985350795762844,0.0,-0.0054108177344863685,1.330286762523008e-10,-0.033232831885908275,-2.4358021656341607e-09,0.1,0.0,1
12,911,world,9.11,0.901,1.0218000441067068,1.1743556308746346,-0.6887865895471135,1.7470006181562114e-11,0.9996233817034982,4.796025275555527e-13,0.027442571884983637,-0.09985130532492881,3.4953174205180093e-12,-0.0054513140533129206,-5.469367539673158e-11,-0.03323287946878722,9.953854130258193e-10,0.1,0.0,1
12,912,world,9.120000000000001,0.9020000000000002,1.0208015421221208,1.1743556308746343,-0.6888413049298692,-9.965068899062648e-12,0.9996188079219652,-2.7522724740695125e-13,0.027608673431897643,-0.09984908938291008,-1.993773712880609e-12,-0.0054917528534736415,-5.503429177472043e-11,-0.03323291971111408,9.955448931628619e-10,0.1,0.0,1
12,913,world,9.13,0.9030000000000002,1.0198030623632104,1.1743556308746343,-0.6888964244129384,7.503043661891078e-12,0.999614206535235,2.0847577360820238e-13,0.027774774399308012,-0.09984686019982952,1.5011878486603068e-12,-0.005532134148382337,8.000997905739153e-11,-0.03323295261283647,-1.4386681202815996e-09,0.1,0.0,1
12,914,world,9.14,0.9040000000000001,1.0188046049620434,1.1743556308746343,-0.6889519474213495,4.438309659980868e-12,0.9996095775443691,1.2405868959144152e-13,0.027940874745937268,-0.09984461784361987,8.880086223466322e-13,-0.005572457955113443,-2.479554445508042e-11,-0.03323297817391197,4.431947574755044e-10,0.1,0.0,1
12,915,world,9.15,0.9050000000000001,1.01780617005001,1.1743556308746346,-0.6890078733802554,3.065849381651571e-12,0.9996049209504537,8.620580828667403e-14,0.028106974430508424,-0.09984236238242417,6.134122213683236e-13,-0.005612724284756199,-2.1957712970662862e-11,-0.033232996394304735,3.9014666040731547e-10,0.1,0.0,1
12,916,world,9.16,0.9060000000000001,1.0168077577578272,1.1743556308746346,-0.6890642017150513,5.321896973919528e-13,0.9996002367546009,1.5052655881904248e-14,0.02827307341174497,-0.09984009388445075,1.064805064694389e-13,-0.0056529331451965386,-1.7336116019267888e-11,-0.03323300727399067,3.0621577566808354e-10,0.1,0.0,1
12,917,world,9.17,0.9070000000000001,1.0158093682155551,1.1743556308746346,-0.6891209318517,0.0,0.9995955249579475,0.0,0.028439171648371033,-0.09983781241751076,0.0,-0.005693084549340242,-4.697617577685352e-11,-0.033233010812956515,8.249038790068042e-10,0.1,0.0,1
12,918,world,9.18,0.9080000000000001,1.0148110015525085,1.1743556308746346,-0.6891780632150559,-7.726837918634814e-12,0.9995907855616555,-2.2111876293814967e-13,0.028605269099111378,-0.09983551804876516,-1.5460002131134493e-12,-0.005733178519345912,-2.7922969645347134e-11,-0.03323300701119752,4.874746229820716e-10,0.1,0.0,1
12,919,world,9.19,0.909,1.013812657897365,1.1743556308746346,-0.6892355952307803,-4.88071548806054e-12,0.9995860185669121,-1.404830076522268e-13,0.028771365722691487,-0.09983321084614882,-9.765473478152797e-13,-0.005773215061678811,2.8087329527595743e-11,-0.03323299586871841,-4.875062609079899e-10,0.1,0.0,1
12,920,world,9.200000000000001,0.9100000000000003,1.012814337378125,1.1743556308746346,-0.6892935273246632,-2.8456619781390544e-12,0.9995812239749298,-8.238073294723231e-14,0.028937461477837694,-0.09983089087732637,-5.693708118867296e-13,-0.0058131941855881055,-7.893809124332144e-11,-0.033232977385533206,1.3622291206372496e-09,0.1,0.0,1
12,921,world,9.21,0.9110000000000003,1.0118160401221268,1.1743556308746346,-0.6893518589227902,-1.8520031678457002e-11,0.999576401786946,-5.392272007415122e-13,0.029103556323277012,-0.09982855820927983,-3.705575785010834e-12,-0.005853115910045755,4.189667600537701e-11,-0.033232951561668576,-7.188713649738275e-10,0.1,0.0,1
12,922,world,9.22,0.9120000000000001,1.0108177662560518,1.1743556308746341,-0.6894105894516704,4.352192447349444e-12,0.9995715520042232,1.2744175277775288e-13,0.029269650217737454,-0.09982621290934202,8.708115114901892e-13,-0.005892980245912957,5.096303423717965e-11,-0.033232918397156024,-8.694589725230487e-10,0.1,0.0,1
12,923,world,9.23,0.9130000000000001,1.0098195159058478,1.1743556308746343,-0.6894697183368647,-9.81411284713878e-12,0.9995666746280493,-2.89010940491845e-13,0.029435743119947986,-0.09982385504454595,-1.963673250163465e-12,-0.005932787207163122,-3.072888334297039e-11,-0.03323287789204087,5.212868373392595e-10,0.1,0.0,1
12,924,world,9.24,0.9140000000000001,1.0088212891968271,1.1743556308746341,-0.6895292450046907,-8.674792165231833e-13,0.9995617696597372,-2.5690234863958603e-14,0.02960183498863857,-0.09982148468182242,-1.7357188166030308e-13,-0.005972536807479172,5.8102865511561065e-11,-0.033232830046377115,-9.801160520617858e-10,0.1,0.0,1
12,925,world,9.25,0.9150000000000001,1.0078230862536333,1.1743556308746343,-0.6895891688816008,0.0,0.9995568371006249,0.0,0.02976792578254021,-0.09981910188816692,0.0,-0.006012229057492044,-8.87028601373585e-11,-0.03323277486022814,1.487925533423253e-09,0.1,0.0,1
12,926,world,9.26,0.9160000000000001,1.006824907200258,1.1743556308746343,-0.6896494893943996,-1.5766462824190016e-11,0.9995518769520757,-4.721651300120753e-13,0.029934015460385086,-0.09981670673012215,-3.1547055349116015e-12,-0.0060518639734207895,1.8513436569977184e-10,-0.033232712333665516,-3.088216494808494e-09,0.1,0.0,1
12,927,world,9.27,0.917,1.005826752160033,1.1743556308746343,-0.6897102059701588,3.092358920969837e-11,0.9995468892154779,9.31225198855179e-13,0.030100103980906484,-0.09981429927400595,6.187519767441187e-12,-0.006091441573156305,-1.999433947642242e-11,-0.033232642466772995,3.316791953923761e-10,0.1,0.0,1
12,928,world,9.28,0.918,1.00482862125557,1.1743556308746343,-0.6897713180351716,-1.9087595711152172e-11,0.9995418738922447,-5.779736081044482e-13,0.030266191302839064,-0.09981187958698343,-3.819267607004519e-12,-0.006130961858756227,-3.6639967576814457e-10,-0.03323256525964506,6.044632868568623e-09,0.1,0.0,1
12,929,world,9.290000000000001,0.9190000000000003,1.003830514608848,1.1743556308746343,-0.6898328250164365,-2.960594733945163e-11,0.999536830983815,-9.0139389940307e-13,0.03043227738491872,-0.0998094477350033,-5.9239310107969445e-12,-0.006170424850336158,2.208119750336972e-11,-0.033232480712381385,-3.622882156647465e-10,0.1,0.0,1
12,930,world,9.3,0.9200000000000002,1.0028324323411886,1.1743556308746343,-0.6898947263410906,-1.5459497091725765e-11,0.9995317604916522,-4.732568887971567e-13,0.030598362185882622,-0.09980700378359054,-3.0933465025187116e-12,-0.006209830572756824,1.1337080092910006e-10,-0.028891072995437268,-1.8512768796907809e-09,0.1,0.0,1
12,931,world,9.31,0.9210000000000002,1.0018343745343552,1.1743556308746343,-0.6899570208146358,-1.106699036678414e-11,0.9995279970570894,-3.4015014977097437e-13,0.030721053026275067,-0.09980456641669329,-2.21444201094597e-12,-0.006248881690019415,9.494634231133107e-11,-0.021977618903812078,-1.5437569286374352e-09,0.1,0.0,1
12,932,world,9.32,0.9220000000000002,1.0008363407436396,1.1743556308746341,-0.6900196988870899,0.0,0.9995250115607962,0.0,0.030818034726283104,-0.09980220574018661,0.0,-0.006286471935312132,8.43337972338367e-12,-0.019405536734257545,-1.366303953121061e-10,0.1,0.0,1
12,933,world,9.33,0.9230000000000002,0.9998383301363634,1.1743556308746343,-0.6900827450361082,-9.698674282341242e-12,0.9995220166520411,-2.999780572599935e-13,0.030915016219256998,-0.099799930017304,-1.940660484111117e-12,-0.006322497017889803,0.0,-0.019405552631056304,0.0,0.1,0.0,1
12,934,world,9.34,0.9240000000000002,0.9988403418544517,1.1743556308746343,-0.6901461436104726,0.0,0.9995190123310549,0.0,0.03101199749697894,-0.09979774094354676,0.0,-0.006356957020834145,6.858950467539808e-11,-0.019405567066340484,-1.1042583860094563e-09,0.1,0.0,1
12,935,world,9.35,0.925,0.9978423750232425,1.1743556308746343,-0.6902098789597954,1.3598941886952283e-12,0.999515998598071,4.232540470327736e-14,0.03110897855123117,-0.09979564014062176,2.721101398787741e-13,-0.006389852026731466,1.1072237748912278e-10,-0.019405580040106892,-1.777004376568059e-09,0.1,0.0,1
12,936,world,9.36,0.926,0.9968444287522267,1.1743556308746341,-0.690273935434518,1.7795833702995668e-11,0.999512975453326,5.556066576390788e-13,0.031205959373796027,-0.09979362915618807,3.5608949982986093e-12,-0.0064211821214797404,-8.487334950660737e-12,-0.019405591552348847,1.3579028618091815e-10,0.1,0.0,1
12,937,world,9.370000000000001,0.9270000000000003,0.9958465021357996,1.1743556308746341,-0.69033829738612,0.0,0.9995099428970592,0.0,0.03130293995645589,-0.09979170946484373,0.0,-0.006450947378813367,-1.1141204552909532e-10,-0.01940560160305691,1.77696127007014e-09,0.1,0.0,1
12,938,world,9.38,0.9280000000000002,0.9948485942539573,1.1743556308746341,-0.6904029491664512,0.0,0.999506900929513,0.0,0.0313999202909931,-0.09978988246658232,0.0,-0.006479147884227131,0.0,-0.01940561019223235,0.0,0.1,0.0,1
12,939,world,9.39,0.9290000000000002,0.993850704173073,1.1743556308746341,-0.690467875128395,0.0,0.9995038495509326,0.0,0.03149690036919026,-0.09978814948796068,0.0,-0.0065057837166950854,-6.791425939189277e-11,-0.019405617319867386,1.076505223771048e-09,0.1,0.0,1
12,940,world,9.4,0.9300000000000002,0.992852830946625,1.1743556308746346,-0.6905330596256196,-1.0781068956108382e-11,0.9995007887615662,-3.407859250057779e-13,0.03159388018282987,-0.09978651178165202,-2.1572857174336476e-12,-0.006530854955534103,-1.3997434270635687e-10,-0.019405622985959395,2.211894782268497e-09,0.1,0.0,1
12,941,world,9.41,0.9310000000000002,0.9918549736159331,1.1743556308746341,-0.6905984870125524,-2.215206093702146e-11,0.9994977185616649,-7.023706434829351e-13,0.03169085972369461,-0.09978497052689946,-4.432627909065605e-12,-0.006554361673405554,1.2999926242471182e-10,-0.019405627190507986,-2.0479618107189044e-09,0.1,0.0,1
12,942,world,9.42,0.9320000000000002,0.9908571312108946,1.1743556308746343,-0.6906641416443539,9.729463512683377e-12,0.9994946389514828,3.0943499593166315e-13,0.03178783898356719,-0.09978352682902003,1.9468717627069417e-12,-0.006576303943876129,2.0078460352974782e-10,-0.019405629933508698,-3.1534094869427402e-09,0.1,0.0,1
12,943,world,9.43,0.933,0.9898593027507191,1.1743556308746341,-0.6907300078768867,9.42996182725679e-12,0.9994915499312766,3.008255709596529e-13,0.03188481795423042,-0.09978218171985706,1.8869470762536525e-12,-0.0065966818344851165,-1.0694171595847526e-10,-0.01940563121496144,1.6744421259963081e-09,0.1,0.0,1
12,944,world,9.44,0.934,0.9888614872446678,1.1743556308746341,-0.690796070066681,-7.040550355224906e-12,0.9994884515013064,-2.252846936530617e-13,0.0319817966274672,-0.09978093615758626,-1.408827257082283e-12,-0.006615495409695119,-1.926746031681105e-11,-0.019405631034866158,3.007630680751138e-10,0.1,0.0,1
12,945,world,9.450000000000001,0.9350000000000003,0.9878636836927887,1.1743556308746341,-0.6908623125708974,6.417658446134953e-12,0.999485343661835,2.0597662846606707e-13,0.03207877499506056,-0.09977979102678963,1.284189477787188e-12,-0.00663274472976259,-4.1165380700519196e-11,-0.019405629393222743,6.40638735940811e-10,0.1,0.0,1
12,946,world,9.46,0.9360000000000002,0.9868658910866512,1.1743556308746341,-0.6909287197472854,-1.3456782074385233e-11,0.9994822264131279,-4.3320639968827304e-13,0.03217575304879351,-0.0997787471384724,-2.6927443056546484e-12,-0.006648429850482547,7.333771480093378e-11,-0.019405626290031446,-1.1378720188082243e-09,0.1,0.0,1
12,947,world,9.47,0.9370000000000002,0.9858681084100834,1.1743556308746343,-0.6909952759541415,1.7814008180849785e-11,0.9994790997554539,5.752063152515652e-13,0.03227273078044929,-0.09977780522935831,3.56465047053136e-12,-0.006662550833745429,-2.8124151942954954e-11,-0.019405621725292102,4.3504522250621965e-10,0.1,0.0,1
12,948,world,9.48,0.9380000000000002,0.98487033463991,1.1743556308746341,-0.6910619655502617,-1.7813946560751974e-11,0.9994759636890846,-5.769345864102219e-13,0.03236970818181116,-0.0997769659642052,-3.5646498316435173e-12,-0.006675107712826878,-2.306529029572227e-10,-0.019405615699009053,3.557187277089494e-09,0.1,0.0,1
12,949,world,9.49,0.9390000000000002,0.9838725687466804,1.1743556308746341,-0.6911287728948943,-1.7813884917362354e-11,0.9994728182142945,-5.786628551139251e-13,0.032466685244662535,-0.09977622993254992,-3.564649315353195e-12,-0.006686100541192164,2.2487898887165216e-10,-0.019405608211184654,-3.457748588590329e-09,0.1,0.0,1
12,950,world,9.5,0.9400000000000002,0.9828748096954179,1.1743556308746343,-0.6911956823477358,1.681832421518679e-11,0.9994696633313608,5.47956826087965e-13,0.032563661960786916,-0.09977559765154397,3.3654438015727216e-12,-0.0066955293500376815,1.0082952095332346e-10,-0.01940559926182001,-1.5457271359526262e-09,0.1,0.0,1
12,951,world,9.51,0.9410000000000001,0.981877056446337,1.1743556308746343,-0.691262678268735,-2.3319138153121213e-12,0.9994664990405641,-7.620244779892156e-14,0.0326606383219679,-0.09977506956393345,-4.666309958945207e-13,-0.006703394178492092,-1.0985909365905795e-10,-0.01940558885092614,1.679134859380877e-09,0.1,0.0,1
12,952,world,9.52,0.9420000000000001,0.9808793079555892,1.1743556308746341,-0.6913297450181676,0.0,0.9994633253421873,0.0,0.03275761431998931,-0.09977464604021136,0.0,-0.006709695041545269,-6.864310558635871e-11,-0.019405576978500958,1.0460555545378512e-09,0.1,0.0,1
12,953,world,9.53,0.9430000000000001,0.9798815631760008,1.1743556308746341,-0.6913968669565694,-1.2809293023528724e-11,0.9994601422365169,-4.210713884523644e-13,0.03285458994663494,-0.09977432737555338,-2.5632396069648624e-12,-0.006714431975670174,-3.372001747117018e-11,-0.019405563644547638,5.123393061584877e-10,0.1,0.0,1
12,954,world,9.540000000000001,0.9440000000000002,0.9788838210577995,1.1743556308746341,-0.6914640284446605,-5.131689307430996e-12,0.9994569497238418,-1.6918907294035143e-13,0.03295156519368881,-0.09977411379357587,-1.0268946340810536e-12,-0.00671760498292182,1.5121212310091077e-10,-0.019405548849079034,-2.2907217065258837e-09,0.1,0.0,1
12,955,world,9.55,0.9450000000000002,0.9778860805493563,1.1743556308746343,-0.6915312138432886,1.0135319334144248e-11,0.9994537478044543,3.351405782404334e-13,0.03304854005293505,-0.09977400544280751,2.028170456759223e-12,-0.006719214083404164,3.3918859427725645e-11,-0.019405532592099328,-5.123261804635378e-10,0.1,0.0,1
12,956,world,9.56,0.9460000000000002,0.976888340597915,1.1743556308746343,-0.6915984075133713,0.0,0.9994505364786489,0.0,0.033145514516157916,-0.099774002399294,0.0,-0.0067192592765629895,-1.131543054776261e-10,-0.014244913711391687,1.7054495013994971e-09,0.1,0.0,1
12,957,world,9.57,0.9470000000000002,0.9758906001909313,1.1743556308746343,-0.6916655944187666,-6.947303256017977e-12,0.9994490299281207,-2.30714441098282e-13,0.03319091104110711,-0.09977408497433857,-1.3902261375504255e-12,-0.006718033010745659,-1.1807862038194212e-10,-0.005901012064131163,1.7766930884017463e-09,0.1,0.0,1
12,958,world,9.58,0.9480000000000002,0.9748928588811304,1.1743556308746343,-0.6917327679157947,-1.7796306359541158e-11,0.9994485788176993,-5.912433390069957e-13,0.03320449215514676,-0.09977417737433719,-3.561223878538807e-12,-0.006716660574593688,-7.204717074381897e-11,-0.0027177208256931274,1.0831059165149675e-09,0.1,0.0,1
12,959,world,9.59,0.9490000000000001,0.9738951166356851,1.1743556308746341,-0.6917999275140367,-1.7796301669993956e-11,0.9994481275227223,-5.914852771343659e-13,0.03321807326327489,-0.0997742721031467,-3.561224662153853e-12,-0.0067152532556297015,7.328628570366234e-11,-0.0027177208676463743,-1.1012819548383185e-09,0.1,0.0,1
12,960,world,9.6,0.9500000000000001,0.9728973734313072,1.1743556308746341,-0.6918670728645885,-6.765209100589283e-12,0.9994476760431904,-2.2494333213216902e-13,0.033231654365468904,-0.09977436916007276,-1.3537892063074133e-12,-0.006713811042137224,3.0081315209819407e-10,-0.0027177209055825437,-4.518502420103037e-09,0.1,0.0,1
12,961,world,9.61,0.9510000000000001,0.9718996292447293,1.1743556308746343,-0.6919342036185777,2.7463726568964022e-11,0.9994472243791044,9.135430407626991e-13,0.03324523546170624,-0.09977446854301791,5.495782011129539e-12,-0.006712333942700568,7.143229867915531e-11,-0.0027177209395059516,-1.072541940970388e-09,0.1,0.0,1
12,962,world,9.620000000000001,0.9520000000000002,0.9709018840526961,1.1743556308746341,-0.6920013194271102,3.978030652138695e-12,0.9994467725304649,1.3237782674768606e-13,0.03325881655196433,-0.09977457025081479,7.960463678633176e-13,-0.0067108219515366095,-6.544820283643688e-11,-0.002717720969413278,9.82289304568049e-10,0.1,0.0,1
12,963,world,9.63,0.9530000000000002,0.9699041378319682,1.1743556308746341,-0.6920684199412895,1.762448013346493e-11,0.9994463204972728,5.867335734855161e-13,0.03327239763622059,-0.09977467428154285,3.52684816478807e-12,-0.006709275073510716,-5.522381830233411e-11,-0.002717720995305912,8.284956358931204e-10,0.1,0.0,1
12,964,world,9.64,0.9540000000000002,0.9689063905593213,1.1743556308746341,-0.6921355048121872,-4.32071262788052e-12,0.9994458682795287,-1.4389888750100183e-13,0.03328597871445246,-0.09977478063438007,-8.646215123497213e-13,-0.006707693296606307,-1.7370791774166094e-10,-0.0027177210171877137,2.6049871427617623e-09,0.1,0.0,1
12,965,world,9.65,0.9550000000000002,0.9679086422115495,1.1743556308746341,-0.6922025736909406,-8.46878075248945e-12,0.9994454158772336,-2.8216315419279155e-13,0.03329955978663741,-0.09977488930648182,-1.6946957904122134e-12,-0.00670607663834085,-5.7240208502080934e-12,-0.002717721035051896,8.580437357270446e-11,0.1,0.0,1
12,966,world,9.66,0.9560000000000002,0.9669108927654637,1.1743556308746343,-0.6922696262286528,-5.1801822782460824e-12,0.9994449632903879,-1.7266397672365486e-13,0.03331314085275278,-0.0997750002968533,-1.0366117054997778e-12,-0.006704425088173302,4.953802585761252e-11,-0.002717721048900691,-7.422825205540403e-10,0.1,0.0,1
12,967,world,9.67,0.9570000000000001,0.9659131421978916,1.1743556308746343,-0.692336662076427,-1.0335685127972593e-12,0.9994445105189925,-3.446459512385429e-14,0.03332672191277609,-0.09977511360350191,-2.0682857612314388e-13,-0.006702738649857121,-2.185424847633522e-11,-0.0027177210587344914,3.2733225864084246e-10,0.1,0.0,1
12,968,world,9.68,0.9580000000000001,0.9649153904856764,1.1743556308746343,-0.6924036808853358,-8.458963692191782e-12,0.9994440575630483,-2.821812888352369e-13,0.033340302966684686,-0.09977522922498455,-1.6927336867109982e-12,-0.006701017318421919,-1.498250337326026e-11,-0.0027177210645546856,2.2431575571828716e-10,0.1,0.0,1
12,969,world,9.69,0.9590000000000001,0.9639176376056826,1.1743556308746343,-0.6924706823064993,-3.2804722594778013e-12,0.9994436044225559,-1.0947740399867819e-13,0.03335388401445608,-0.0997753471591326,-6.56459668995038e-13,-0.006699261099149126,-6.228694030574833e-11,-0.002717721066363504,9.321695855745516e-10,0.1,0.0,1
12,970,world,9.700000000000001,0.9600000000000002,0.9629198835347915,1.1743556308746341,-0.6925376659910284,-1.7796236203060224e-11,0.9994431510975159,-5.941461392607006e-13,0.033367465056067656,-0.09977546740429935,-3.5612301706308767e-12,-0.0066974699890032345,2.1892198769980482e-11,-0.0027177210641534657,-3.274989574508974e-10,0.1,0.0,1
12,971,world,9.71,0.9610000000000002,0.9619221282499029,1.1743556308746341,-0.6926046315900241,0.0,0.9994426975879295,0.0,0.03338104609149686,-0.09977558995856182,0.0,-0.006695643988515253,9.350113687630714e-11,-0.0027177210579301236,-1.3981704218740725e-09,0.1,0.0,1
12,972,world,9.72,0.9620000000000002,0.9609243717279345,1.1743556308746341,-0.6926715787545671,-3.791102569711455e-12,0.999442243893797,-1.2667310939217688e-13,0.03339462712072111,-0.09977571481978237,-7.586436389139916e-13,-0.006693783100867639,-3.818333255220575e-11,-0.0027177210476917847,5.707419575105237e-10,0.1,0.0,1
12,973,world,9.73,0.9630000000000002,0.9599266139458248,1.1743556308746343,-0.692738507135753,-5.716984811544096e-12,0.9994417900151195,-1.9110089296511144e-13,0.03340820814371785,-0.09977584198638016,-1.1440355631670877e-12,-0.006691887320397799,2.5330777248187155e-11,-0.002717721033439991,-3.7847509755145834e-10,0.1,0.0,1
12,974,world,9.74,0.9640000000000002,0.9589288548805323,1.1743556308746341,-0.6928054163847035,0.0,0.9994413359518974,0.0,0.0334217891604645,-0.09977597145601612,0.0,-0.006689956652195799,1.1079636897546563e-10,-0.002717721015174197,-1.6547683907803722e-09,0.1,0.0,1
12,975,world,9.75,0.9650000000000001,0.9579310945090352,1.1743556308746343,-0.6928723061525185,1.0858482289097709e-11,0.9994408817041318,3.632604804113254e-13,0.03343537017093851,-0.09977610322680032,2.1729113699573534e-12,-0.00668799109410954,-4.5135489639203165e-12,-0.0027177209928899394,6.738338331072707e-11,0.1,0.0,1
12,976,world,9.76,0.9660000000000001,0.9569333328083326,1.1743556308746341,-0.6929391760902885,-6.74965895105569e-13,0.9994404272718233,-2.2589541761767397e-14,0.033448951175117266,-0.0997762372967906,-1.3506875981551388e-13,-0.00668599064421538,-7.264093576469945e-11,-0.002717720966594156,1.084024562791181e-09,0.1,0.0,1
12,977,world,9.77,0.9670000000000001,0.9559355697554408,1.1743556308746341,-0.6930060258490808,0.0,0.9994399726549726,0.0,0.03346253217297826,-0.09977637366389984,0.0,-0.0066839553022022685,-5.5467106918621746e-11,-0.0027177209362836802,8.274015238402701e-10,0.1,0.0,1
12,978,world,9.78,0.9680000000000001,0.9549378053274039,1.1743556308746343,-0.6930728550800314,-8.962903770549591e-12,0.9994395178535807,-3.0021144405997807e-13,0.03347611316449886,-0.09977651232564769,-1.7935860187800977e-12,-0.006681885073082034,0.0,-0.0027177209019554334,0.0,0.1,0.0,1
12,979,world,9.790000000000001,0.9690000000000002,0.9539400395012834,1.1743556308746341,-0.6931396634342378,0.0,0.999439062867648,0.0,0.03348969414965654,-0.0997766532801333,0.0,-0.0066797799526682605,6.36793996530408e-11,-0.0027177208636166568,-9.491310804699077e-10,0.1,0.0,1
12,980,world,9.8,0.9700000000000002,0.9529422722541663,1.1743556308746341,-0.6932064505627977,5.444128728368983e-13,0.9994386076971756,1.824985959281591e-14,0.03350327512842872,-0.09977679652503765,1.0894373271320045e-13,-0.006677639942467265,1.9023971695955595e-10,-0.0027177208212617984,-2.8343387161987887e-09,0.1,0.0,1
12,981,world,9.81,0.9710000000000002,0.9519445035631549,1.1743556308746341,-0.6932732161167657,2.8391198999538096e-11,0.9994381523421642,9.521186770451708e-13,0.03351685610079282,-0.09977694205818474,5.681431732831153e-12,-0.006675465041302145,-3.649682996254387e-12,-0.0032385624014113035,5.434946319809446e-11,0.1,0.0,1
12,982,world,9.82,0.9720000000000002,0.9509467334125737,1.1743556308746341,-0.6933399598548399,0.0,0.9994375221485843,0.0,0.03353564255382753,-0.09977708539822187,0.0,-0.006673322218800937,-2.9261813697143065e-10,-0.004319461227614342,4.355065071429979e-09,0.1,0.0,1
12,983,world,9.83,0.9730000000000001,0.9499489619671898,1.1743556308746341,-0.693406684233838,-1.523310042286915e-11,0.9994367036621974,-5.115113850332483e-13,0.03356002641299635,-0.0997771976335034,-3.0483369968847116e-12,-0.006671643905725631,-6.776277377944547e-11,-0.004879518580927451,1.0078693005971261e-09,0.1,0.0,1
12,984,world,9.84,0.9740000000000001,0.9489511895807633,1.1743556308746343,-0.6934733945394473,-1.0095748641976588e-11,0.9994358845808599,-3.392511410077838e-13,0.033584410253482494,-0.09977727361066638,-2.020289220784145e-12,-0.0066705075385776694,3.347300002469931e-11,-0.004879518828187035,-4.974978153194135e-10,0.1,0.0,1
12,985,world,9.85,0.9750000000000001,0.9479534166157765,1.1743556308746341,-0.6935400961911523,-1.024966613354829e-11,0.9994350649045759,-3.446736366553317e-13,0.033608794075155296,-0.09977731334797264,-2.0510917227145287e-12,-0.0066699131224087676,7.549719355660072e-11,-0.004879519052212692,-1.1212722514746336e-09,0.1,0.0,1
12,986,world,9.86,0.9760000000000001,0.9469556434345713,1.174355630874634,-0.6936067946084279,1.1360204517083803e-12,0.9994342446333498,3.8229606530281704e-14,0.03363317787788417,-0.09977731685527406,2.2733267300402884e-13,-0.006669860655384505,2.0152225782325117e-11,-0.004879519253003889,-2.9907991019268183e-10,0.1,0.0,1
12,987,world,9.870000000000001,0.9770000000000002,0.9459578703994336,1.1743556308746343,-0.6936734952107527,-7.253766889502923e-12,0.9994334237671861,-2.4428251102671043e-13,0.03365756166153846,-0.09977728413374057,-1.451575566477504e-12,-0.006670350132849333,3.353287739809116e-11,-0.0048795194305563065,-4.973008765431634e-10,0.1,0.0,1
12,988,world,9.88,0.9780000000000002,0.9449600978726868,1.174355630874634,-0.6937402034175971,6.117492014295442e-12,0.9994326023060889,2.06166010288214e-13,0.03368194542598753,-0.0997772151749683,1.224192776967306e-12,-0.006671381560672093,5.079480906501593e-11,-0.004879519584874802,-7.527523943228436e-10,0.1,0.0,1
12,989,world,9.89,0.9790000000000002,0.9439623262167748,1.1743556308746343,-0.693806924648406,2.866003572055072e-13,0.9994317802500626,9.665738243891789e-15,0.033706329171100766,-0.09977710996262913,5.735264837876554e-14,-0.006672954930569817,-4.123960600327335e-11,-0.004879519715956754,6.107056777873562e-10,0.1,0.0,1
12,990,world,9.9,0.9800000000000002,0.9429645557943626,1.1743556308746341,-0.6938736643226855,0.0,0.9994309575991116,0.0,0.033730712896747526,-0.09977696847084219,0.0,-0.006675070244466678,8.640863960713507e-11,-0.004879519823802007,-1.278672960982233e-09,0.1,0.0,1
12,991,world,9.91,0.9810000000000001,0.9419667869684052,1.1743556308746343,-0.6939404278598009,1.3095188998158357e-11,0.9994301343532402,4.422814106468504e-13,0.033755096602797185,-0.09977679066479077,2.6205305155673358e-12,-0.0066777275052613515,1.9399231580558052e-10,-0.004879519908412799,-2.8686127961581362e-09,0.1,0.0,1
12,992,world,9.92,0.9820000000000001,0.9409690201022511,1.1743556308746341,-0.6940072206791658,2.873523931813551e-11,0.999429310512453,9.712157127474846e-13,0.033779480289119125,-0.09977657650180045,5.75032805562097e-12,-0.006680926700717723,4.2240971866769715e-11,-0.0048795199697884315,-6.24175361858116e-10,0.1,0.0,1
12,993,world,9.93,0.9830000000000001,0.9399712555597297,1.1743556308746343,-0.6940740482002117,1.9347622537355807e-11,0.999428486076754,6.543983979124986e-13,0.03380386395558272,-0.09977632592950533,3.871736244351747e-12,-0.006684667830874186,-1.4031542281226222e-10,-0.0048795200079252855,2.0718755773824236e-09,0.1,0.0,1
12,994,world,9.94,0.9840000000000001,0.9389734937052252,1.1743556308746346,-0.6941409158421764,7.980862283196986e-12,0.999427661046148,2.7013319314307224e-13,0.03382824760205731,-0.0997760388869363,1.5970861060277469e-12,-0.006688950891775023,-1.3089912513530208e-10,-0.0048795200228262895,1.9314380065444966e-09,0.1,0.0,1
12,995,world,9.950000000000001,0.9850000000000002,0.9379757349037864,1.1743556308746343,-0.6942078290244172,0.0,0.9994268354206391,0.0,0.0338526312284123,-0.09977571530412604,0.0,-0.006693775881368285,-5.4034592934999206e-11,-0.004879520014492679,7.967130038641948e-10,0.1,0.0,1
12,996,world,9.96,0.9860000000000002,0.9369779795212028,1.1743556308746341,-0.6942747931661879,0.0,0.9994260092002318,0.0,0.033877014834517036,-0.09977535510277145,0.0,-0.006699142789630694,-1.2501769074085855e-11,-0.004879519982922369,1.8419918804143388e-10,0.1,0.0,1
12,997,world,9.97,0.9870000000000002,0.935980227924084,1.1743556308746343,-0.6943418136865744,-1.845168292962479e-12,0.9994251823849308,-6.258976315049872e-14,0.03390139842024091,-0.09977495819504201,-3.692458132784488e-13,-0.006705051616327938,-5.879070534070513e-11,-0.00487951992811621,8.655882476862057e-10,0.1,0.0,1
12,998,world,9.98,0.9880000000000002,0.9349824804799758,1.1743556308746343,-0.6944088960048502,-8.670830612485224e-12,0.9994243549747402,-2.9433414097598503e-13,0.033925781985453284,-0.09977452448493768,-1.7351645375828671e-12,-0.006711502350783613,5.883365487801641e-11,-0.004879519850072659,-8.655958688670966e-10,0.1,0.0,1
12,999,world,9.99,0.9890000000000001,0.9339847375574141,1.1743556308746343,-0.6944760455399885,6.82576328275953e-12,0.9994235269696647,2.3186945980858097e-13,0.03395016553002353,-0.09977405386690981,1.3659397704198632e-12,-0.006718494992405746,-6.477569857743136e-11,-0.00487951974879534,9.52331920919225e-10,0.1,0.0,1
12,1000,world,10.0,0.9900000000000001,0.9329869995260348,1.1743556308746348,-0.6945432677108944,-1.8210629056428454e-11,0.9994226983697087,-6.190552918077685e-13,0.03397454905382104,-0.0997735462278092,-3.6442288586259144e-12,-0.0067260295217325934,-8.702782801394337e-11,-0.0048795196242856385,1.2785611213715775e-09,0.1,0.0,1
12,1001,world,10.01,0.9910000000000001,0.9319892667566734,1.1743556308746343,-0.6946105679367285,-5.9820347797423816e-12,0.9994218691748765,-2.0350044690967075e-13,0.033998932556715204,-0.09977300144397133,-1.1970988065262726e-12,-0.006734105943723888,2.447883919556652e-10,-0.004879519476533688,-3.593697398316827e-09,0.1,0.0,1
12,1002,world,10.02,0.9920000000000001,0.9309915396214098,1.1743556308746343,-0.6946779516360775,1.7788794419692087e-11,0.9994210393851729,6.055843839937157e-13,0.03402331603857533,-0.09977241938428633,3.5598192779382696e-12,-0.006742724242180545,4.07056981918566e-11,-0.004879519305544771,-5.971637730124367e-10,0.1,0.0,1
12,1003,world,10.03,0.9930000000000001,0.9299938184936994,1.1743556308746343,-0.6947454242276851,0.0,0.9994202090006022,0.0,0.03404769949927084,-0.09977179990842484,0.0,-0.006751884406092749,-1.2113340477176745e-10,-0.004879519111324165,1.775783234036312e-09,0.1,0.0,1
12,1004,world,10.040000000000001,0.9940000000000002,0.9289961037484598,1.1743556308746343,-0.6948129911304126,0.0,0.9994193780211691,0.0,0.03407208293867112,-0.0997711428666748,0.0,-0.006761586432011999,0.0,-0.004879518893869638,0.0,0.1,0.0,1
12,1005,world,10.05,0.9950000000000002,0.9279983957621112,1.1743556308746343,-0.6948806577625039,0.0,0.9994185464468779,0.0,0.03409646635664554,-0.09977044810146232,0.0,-0.0067718303015813115,-1.6520355140511416e-11,-0.004879518653172862,2.418363815496978e-10,0.1,0.0,1
12,1006,world,10.06,0.9960000000000002,0.9270006949127266,1.1743556308746343,-0.6949484295424988,-2.4225884884567798e-12,0.9994177142777333,-8.270893806187206e-14,0.03412084975306342,-0.0997697154455293,-4.847999554107883e-13,-0.006782616008452274,4.424368853406253e-11,-0.005686357503044256,-6.471285140366462e-10,0.1,0.0,1
12,1007,world,10.07,0.9970000000000001,0.9260030015793815,1.1743556308746346,-0.695016311878391,6.482607919510383e-12,0.999416605984113,2.2153167264944848e-13,0.03415329681299272,-0.09976894562450683,1.2972783384928845e-12,-0.006793930303896224,-8.55390838413251e-11,-0.009112739756499132,1.2496087334251453e-09,0.1,0.0,1
12,1008,world,10.08,0.9980000000000001,0.9250053160434658,1.1743556308746346,-0.695084308718878,-1.4940578627311827e-11,0.9994146007838133,-5.114453394173034e-13,0.03421192394664662,-0.0997681606030605,-2.9898658277964647e-12,-0.006805448543771922,-3.9403206173596864e-11,-0.011732284901544975,5.748579485775217e-10,0.1,0.0,1
12,1009,world,10.09,0.9990000000000001,0.9240076383864407,1.1743556308746343,-0.695152421063944,7.238986045174148e-13,0.9994125921437265,2.4822985247911187e-14,0.03427055098123703,-0.09976736984310929,1.4486480768399665e-13,-0.006817031215144185,1.0240416675366108e-10,-0.011732288475303606,-1.4914214888577227e-09,0.1,0.0,1
12,1010,world,10.1,1.0,0.9230099686658132,1.1743556308746346,-0.6952206495580413,0.0,0.9994105800639115,0.0,0.03432917791494815,-0.09976657332179453,0.0,-0.006828678322120385,1.173776205258509e-10,-0.011732291726080403,-1.706566144083657e-09,0.1,0.0,1
12,1011,world,10.11,1.0010000000000001,0.9220123069392943,1.1743556308746343,-0.6952889948452882,1.7819758542527064e-11,0.9994085645444277,6.131450130807909e-13,0.034387804745964166,-0.09976577101666145,3.566060606986813e-12,-0.006840389861044272,-7.931684811858719e-11,-0.011732294653878095,1.1512233557476115e-09,0.1,0.0,1
12,1012,world,10.120000000000001,1.0020000000000002,0.9210146532648328,1.1743556308746346,-0.6953574575699679,-1.1532676812959625e-11,0.9994065455853351,-3.974954569654951e-13,0.03444643147246933,-0.09976496290572066,-2.30790487249613e-12,-0.006852165819664827,-2.2703706018161638e-10,-0.011732297258693694,3.2896407843905055e-09,0.1,0.0,1
12,1013,world,10.13,1.0030000000000001,0.9200170077006056,1.1743556308746346,-0.6954260383763485,-1.5135338243408874e-11,0.9994045231866939,-5.225568958558125e-13,0.034505058092647804,-0.09976414896549024,-3.028871106630416e-12,-0.006864006205669959,7.325036353283531e-11,-0.011732299540526769,-1.0595472793666011e-09,0.1,0.0,1
12,1014,world,10.14,1.0040000000000002,0.9190193703050225,1.1743556308746346,-0.6954947379087412,-9.182131227420808e-13,0.9994024973485648,-3.1755802950800733e-14,0.0345636846046839,-0.09976332917282023,-1.8375240723642497e-13,-0.0068759110200406984,-1.8556144725024484e-11,-0.01173230149938,2.6795285671596456e-10,0.1,0.0,1
12,1015,world,10.15,1.0050000000000001,0.9180217411367336,1.1743556308746346,-0.6955635568114974,-1.7819612603678132e-11,0.9994004680710087,-6.173262763978627e-13,0.03462231100676181,-0.0997625035052604,-3.5660602994325485e-12,-0.006887880251783312,-6.078627527744239e-11,-0.011732303135247757,8.762691124006196e-10,0.1,0.0,1
12,1016,world,10.16,1.006,0.9170241202545919,1.1743556308746348,-0.6956324957286625,-9.696674739891503e-12,0.9993984353540869,-3.364921904496192e-13,0.03468093729706579,-0.09976167193883552,-1.9405021850863057e-12,-0.006899913910199187,1.2359992237214218e-10,-0.011732304448133758,-1.7787411066660169e-09,0.1,0.0,1
12,1017,world,10.17,1.0070000000000001,0.9160265077176982,1.1743556308746343,-0.6957015553044389,0.0,0.9993963991978615,0.0,0.034739563473780176,-0.09976083445080816,0.0,-0.006912011984831179,5.005353069369322e-11,-0.011732305438037065,-7.191062637757684e-10,0.1,0.0,1
12,1018,world,10.18,1.008,0.9150289035853891,1.1743556308746343,-0.6957707361830116,-2.492539429088048e-12,0.9993943596023944,-8.67884220515277e-14,0.034798189535089175,-0.09975999101740697,-4.988099608241298e-13,-0.006924174478367933,1.1629714594323271e-10,-0.011732306104956368,-1.6679862092989326e-09,0.1,0.0,1
12,1019,world,10.19,1.0090000000000001,0.9140313079172403,1.1743556308746346,-0.6958400390086225,1.6710195197348456e-11,0.9993923165677484,5.828183596761943e-13,0.03485681547917715,-0.09975914161503728,3.3440710175053705e-12,-0.006936401389116723,1.4160232075324434e-10,-0.011732306448893837,-2.0274961773311537e-09,0.1,0.0,1
12,1020,world,10.200000000000001,1.0100000000000002,0.9130337207730655,1.1743556308746346,-0.6959094644255156,1.7819428205117872e-11,0.9993902700939864,6.225527886240005e-13,0.03491544130422836,-0.09975828622027436,3.5660598116976624e-12,-0.006948692711137957,-1.1668852923986341e-10,-0.011732306469845046,1.6679588747057894e-09,0.1,0.0,1
12,1021,world,10.21,1.0110000000000001,0.9120361422128991,1.1743556308746346,-0.6959790130776583,0.0,0.9993882201811717,0.0,0.03497406700842714,-0.09975742480903022,0.0,-0.006961048446224515,-1.2464331983700546e-10,-0.011732306167815808,1.7786680389343695e-09,0.1,0.0,1
12,1022,world,10.22,1.0120000000000002,0.9110385722970226,1.1743556308746346,-0.6960486856091658,0.0,0.9993861668293681,0.0,0.03503269258995786,-0.0997565573572379,0.0,-0.006973468594043257,-9.255431496238595e-11,-0.011732305542805346,1.3185375504532916e-09,0.1,0.0,1
12,1023,world,10.23,1.0130000000000001,0.9100410110859616,1.1743556308746346,-0.6961184826641342,-1.3209678935725174e-11,0.9993841100386398,-4.638307135125755e-13,0.035091318047004855,-0.0997556838411617,-2.6435638275841303e-12,-0.006985953147723875,0.0,-0.011732304594806715,0.0,0.1,0.0,1
12,1024,world,10.24,1.0140000000000002,0.9090434586404892,1.1743556308746343,-0.6961884048867301,0.0,0.9993820498090512,0.0,0.03514994337775246,-0.09975480423633576,0.0,-0.006998502109046576,2.0164166420861422e-12,-0.01173230332382408,-2.8629885901164914e-11,0.1,0.0,1
12,1025,world,10.25,1.0150000000000001,0.9080459150216192,1.1743556308746343,-0.6962584529210839,-1.2922794309848045e-11,0.9993799861406674,-4.552753667456899e-13,0.035208568580385076,-0.09975391851835447,-2.5861622290272116e-12,-0.007011115477119189,1.254779884992522e-10,-0.011732301729863604,-1.778608887314063e-09,0.1,0.0,1
12,1026,world,10.26,1.016,0.9070483802905899,1.1743556308746343,-0.696328627411079,1.7819203357153006e-11,0.9993779190335534,6.288244752777608e-13,0.03526719365308711,-0.09975302666280633,3.566058934575795e-12,-0.007023793249338387,1.315140443201019e-10,-0.011732299812917908,-1.8610575816404604e-09,0.1,0.0,1
12,1027,world,10.27,1.0170000000000001,0.906050854508902,1.1743556308746346,-0.6963989290007364,5.722600364542959e-12,0.9993758484877753,2.0228179685345031e-13,0.03532581859404296,-0.09975212864543222,1.1452348392324726e-12,-0.007036535419163524,-1.1089604007205691e-10,-0.011732297572989513,1.566677765367501e-09,0.1,0.0,1
12,1028,world,10.28,1.018,0.9050533377382987,1.1743556308746346,-0.6964693583340577,2.1229879242684953e-12,0.999373774503399,7.51678180524012e-14,0.035384443401437066,-0.09975122444110636,4.2486363389383054e-13,-0.007049341990570945,-5.0945539003895645e-11,-0.011732295010080579,7.185333998220162e-10,0.1,0.0,1
12,1029,world,10.290000000000001,1.0190000000000001,0.9040558300407809,1.1743556308746348,-0.6965399160551279,-1.4762695804536625e-12,0.999371697080491,-5.235641892565437e-14,0.03544306807345386,-0.0997503140253522,-2.9543953446635275e-13,-0.007062212956547378,-1.504900985227468e-11,-0.011732292124189813,2.1189810472044376e-10,0.1,0.0,1
12,1030,world,10.3,1.0200000000000002,0.9030583314785926,1.1743556308746343,-0.696610602807956,0.0,0.9993696162191181,0.0,0.035501692608277825,-0.09974939737273246,0.0,-0.007075148321888131,-1.1268947765990819e-10,-0.011732288915318342,1.5840979930386936e-09,0.1,0.0,1
12,1031,world,10.31,1.0210000000000001,0.9020608421142107,1.1743556308746348,-0.6966814192363356,-1.7347230996004848e-11,0.9993675319193477,-6.172634327797541e-13,0.035560317004093386,-0.09974847445852397,-3.471641836114957e-12,-0.007088148079519229,-3.945301410231782e-11,-0.01173228538346504,5.536809472185892e-10,0.1,0.0,1
12,1032,world,10.32,1.0220000000000002,0.9010633620103803,1.1743556308746343,-0.6967523659841868,-5.547325632361934e-12,0.9993654441812474,-1.977153272554833e-13,0.03561894125908509,-0.09974754525760071,-1.1101695728582445e-12,-0.007101212226296404,2.360826567837285e-10,-0.012932530125513701,-3.3071353387590774e-09,0.1,0.0,1
12,1033,world,10.33,1.0230000000000001,0.9000658912358188,1.1743556308746343,-0.6968234437756927,1.5787237437811708e-11,0.9993629247134235,5.637987433874508e-13,0.035689560213489444,-0.09974660703809547,3.159460244405036e-12,-0.007114378707080722,1.5653942904176203e-10,-0.014823359935083656,-2.18866552993735e-09,0.1,0.0,1
12,1034,world,10.34,1.024,0.8990684299345244,1.1743556308746346,-0.6968946543852582,1.6381228338507704e-11,0.9993601532777705,5.862838428959971e-13,0.03576708040406933,-0.09974564991143303,3.2783432318900556e-12,-0.007127785332474672,-1.702133445189279e-10,-0.015513947362412562,2.3749009063241445e-09,0.1,0.0,1
12,1035,world,10.35,1.0250000000000001,0.8980709783039343,1.1743556308746343,-0.6969660003246747,-8.007477674734726e-12,0.9993573758273988,-2.8720940534121286e-13,0.03584460042147428,-0.09974467288159584,-1.6025253143591972e-12,-0.007141444653810615,-1.6978354026895261e-10,-0.0155139554019782,2.3637611663176634e-09,0.1,0.0,1
12,1036,world,10.36,1.026,0.8970735365435909,1.1743556308746346,-0.697037484120764,-7.30207654963098e-12,0.9993545923624497,-2.6247547565122164e-13,0.03592212026150599,-0.09974367584409856,-1.4613584380158455e-12,-0.007155356672269357,-1.1342694101414576e-10,-0.015513962694762719,1.575732070025402e-09,0.1,0.0,1
12,1037,world,10.370000000000001,1.0270000000000001,0.8960761048540962,1.1743556308746343,-0.6971091083004274,-2.3795285056334008e-11,0.9993518028830652,-8.571773136844094e-13,0.035999639919966214,-0.09974265869354762,-4.7621436605899e-12,-0.007169521374713263,1.4473464930134238e-10,-0.015513969240760926,-2.00631365983231e-09,0.1,0.0,1
12,1038,world,10.38,1.0280000000000002,0.8950786834371204,1.1743556308746343,-0.6971808753904982,1.2800143629483826e-11,0.9993490073893889,4.620936415158245e-13,0.03607715939265671,-0.09974162132148136,2.5616962788585812e-12,-0.007183938763813073,1.7861139222486894e-10,-0.015513975039973135,-2.4705727297519096e-09,0.1,0.0,1
12,1039,world,10.39,1.0290000000000001,0.8940812724954257,1.1743556308746343,-0.6972527879178172,9.588606873685585e-13,0.9993462058815654,3.468998015125503e-14,0.03615467867537926,-0.0997405636189935,1.918975916483967e-13,-0.007198608821537124,1.3311748143618062e-10,-0.015513980092396957,-1.8373324704223735e-09,0.1,0.0,1
12,1040,world,10.4,1.0300000000000002,0.8930838722328858,1.1743556308746343,-0.6973248484092062,3.1209460524048205e-11,0.9993433983597405,1.1315303104709186e-12,0.03623219776393575,-0.09973948547394262,6.24599298543979e-12,-0.007213531547944617,-7.885512429914678e-11,-0.015513984398028553,1.0860472991425445e-09,0.1,0.0,1
12,1041,world,10.41,1.0310000000000001,0.8920864828544746,1.1743556308746343,-0.6973970593910842,-9.923026957186775e-12,0.9993405848240614,-3.605400427424436e-13,0.03630971665412799,-0.09973838677330175,-1.9859148531014935e-12,-0.007228706928577635,-4.0290758473885474e-10,-0.015513987956868956,5.537227996597017e-09,0.1,0.0,1
12,1042,world,10.42,1.032,0.8910891045663274,1.1743556308746346,-0.6974694233899928,-2.427261988346982e-11,0.9993377652746761,-8.83798814325896e-13,0.036387235341757924,-0.09973726740106109,-4.857740743203339e-12,-0.007244134963488618,1.8015536689816832e-10,-0.015513990768922027,-2.470610513537763e-09,0.1,0.0,1
12,1043,world,10.43,1.0330000000000001,0.8900917375757411,1.1743556308746346,-0.6975419429323959,1.4832256455045496e-11,0.9993349397117341,5.412145205523644e-13,0.03646475382262754,-0.09973612724036916,2.9684253535361097e-12,-0.007259815637665656,4.263360133787349e-10,-0.015513992834179048,-5.834198267824291e-09,0.1,0.0,1
12,1044,world,10.44,1.034,0.8890943820912014,1.1743556308746346,-0.6976146205447199,3.4185995766519525e-11,0.999332108135386,1.250068869882936e-12,0.03654227209253875,-0.09973496617128852,6.841768448713053e-12,-0.00727574895195918,-1.8084486785277564e-10,-0.015513994152643146,2.469502063403696e-09,0.1,0.0,1
12,1045,world,10.450000000000001,1.0350000000000001,0.8880970383224099,1.1743556308746346,-0.6976874587534903,-9.912369180536076e-12,0.9993292705457838,-3.63232509996916e-13,0.036619790147293656,-0.09973378407340756,-1.983804358876014e-12,-0.007291934887182884,-2.5037608825552466e-10,-0.015513994724312617,3.4117094975383074e-09,0.1,0.0,1
12,1046,world,10.46,1.0360000000000003,0.8870997064802528,1.1743556308746346,-0.6977604600846683,0.0,0.9993264269430802,0.0,0.03669730798269427,-0.09973258082320338,0.0,-0.0073083734403222265,1.5269956841293664e-10,-0.015513994549187754,-2.076323094580457e-09,0.1,0.0,1
12,1047,world,10.47,1.0370000000000001,0.8861023867768759,1.1743556308746346,-0.6978336270643852,1.0892909903918046e-11,0.9993235773274295,4.0085601002727184e-13,0.036774825594542725,-0.09973135629547297,2.1800565524215683e-12,-0.007325064604863542,0.0,-0.015513993627269646,0.0,0.1,0.0,1
12,1048,world,10.48,1.0380000000000003,0.8851050794256851,1.1743556308746346,-0.6979069622186836,0.0,0.9993207216989872,0.0,0.0368523429786412,-0.09973011036352816,0.0,-0.007342008368184595,-8.0411233137379e-11,-0.015513991958556543,1.088768375582897e-09,0.1,0.0,1
12,1049,world,10.49,1.0390000000000001,0.8841077846413684,1.1743556308746346,-0.6979804680735158,-1.7042542603820367e-14,0.9993178600579098,-6.298083320513006e-16,0.036929860130791844,-0.09972884289833825,-3.4108351067202474e-15,-0.007359204723240864,-8.006634074718747e-11,-0.015513989543049467,1.0818136577111995e-09,0.1,0.0,1
12,1050,world,10.5,1.04,0.8831105026399325,1.1743556308746343,-0.6980541471550683,-1.0840294330694445e-11,0.9993149924043551,-4.0144585305284606e-13,0.037007377046796956,-0.09972755376948117,-2.1695449784050334e-12,-0.007376653655638278,-5.1394103859169296e-11,-0.015513986380752283,6.929491871255426e-10,0.1,0.0,1
12,1051,world,10.51,1.0410000000000001,0.8821132336386529,1.1743556308746346,-0.698128001988782,-6.960787175578563e-12,0.999312118738482,-2.5831774456699066e-13,0.03708489372245884,-0.09972624284356378,-1.3931157118212195e-12,-0.0073943551650259,-2.913634238365453e-11,-0.015513982471661825,3.9202217729912486e-10,0.1,0.0,1
12,1052,world,10.52,1.042,0.8811159778561712,1.1743556308746343,-0.6982020351003188,-1.4768550891627008e-11,0.9993092390604508,-5.492143214093305e-13,0.03716241015357983,-0.09972490998655902,-2.9557518626731797e-12,-0.007412309233478017,-8.069309843114994e-11,-0.015513977815782613,1.083431358123153e-09,0.1,0.0,1
12,1053,world,10.53,1.0430000000000001,0.8801187355124793,1.1743556308746343,-0.6982762490152398,-1.7817532782635133e-11,0.9993063533704227,-6.639841787015755e-13,0.03723992633596235,-0.09972355506176912,-3.565980059456495e-12,-0.007430515853041538,3.6561965149725224e-10,-0.015513972413112932,-4.898756240712046e-09,0.1,0.0,1
12,1054,world,10.540000000000001,1.0440000000000003,0.8791215068289435,1.1743556308746343,-0.6983506462590018,3.4321131081123584e-11,0.9993034616685603,1.2816695595798443e-12,0.037317442265408826,-0.09972217793053025,6.869010715541694e-12,-0.007448975016179558,2.265733106853165e-11,-0.01551396626365447,-3.029411128807685e-10,0.1,0.0,1
12,1055,world,10.55,1.0450000000000002,0.8781242920283524,1.1743556308746346,-0.6984252293572657,-1.4781682208724424e-11,0.9993005639550275,-5.531472755867436e-13,0.03739495793772176,-0.0997207784530499,-2.9584056518096765e-12,-0.007467686704578551,-3.053731255894235e-10,-0.015513959367409706,4.074509320689067e-09,0.1,0.0,1
12,1056,world,10.56,1.0460000000000003,0.8771270913348584,1.1743556308746348,-0.698500000835014,-6.509738133298349e-12,0.9992976602299891,-2.4410743506686564e-13,0.037472473348703746,-0.09971935648629965,-1.3028626784978605e-12,-0.0074866509173521535,5.207365741998539e-11,-0.01551395172438312,-6.933611114695314e-10,0.1,0.0,1
12,1057,world,10.57,1.0470000000000002,0.8761299049740693,1.1743556308746346,-0.6985749632173285,-7.833361824261992e-12,0.9992947504936113,-2.943502367307691e-13,0.03754998849415738,-0.09971791188702132,-1.5677780394336685e-12,-0.007505867630877412,1.615253951706619e-11,-0.01551394333457506,-2.1462532242690312e-10,0.1,0.0,1
12,1058,world,10.58,1.048,0.8751327331730415,1.1743556308746343,-0.6986501190292201,-4.358901611559476e-12,0.9992918347460612,-1.6413081681952498e-13,0.037627503369885344,-0.09971644450849566,-8.7239812318067e-13,-0.00752533684190326,-7.050000443826742e-11,-0.014639823055624902,9.349330569916998e-10,0.1,0.0,1
12,1059,world,10.59,1.0490000000000002,0.8741355761156528,1.1743556308746346,-0.6987254702051118,-1.7202528317199235e-11,0.9992892425330946,-6.489326107411437e-13,0.037696283074517244,-0.09971497026942322,-3.442952747075802e-12,-0.007544846199098125,-6.771131952457359e-11,-0.01359201403289673,8.962218954768253e-10,0.1,0.0,1
12,1060,world,10.6,1.05,0.8731384336903543,1.1743556308746343,-0.6988010147654216,-1.3340229536700297e-11,0.9992867111799378,-5.041310400609587e-13,0.03776332690830481,-0.09971351869158061,-2.669950315506145e-12,-0.007564006223146941,-7.994712022148762e-11,-0.013418323567641943,1.0562629124446853e-09,0.1,0.0,1
12,1061,world,10.61,1.0510000000000002,0.872141305663499,1.1743556308746343,-0.6988767491373935,-2.7787699804365357e-11,0.9992841753277021,-1.0519720092030733e-12,0.03783037059869115,-0.09971209061434284,-5.561520897623309e-12,-0.007582808537546056,1.4266939642808238e-10,-0.013418328646291887,-1.8815959525470303e-09,0.1,0.0,1
12,1062,world,10.620000000000001,1.0520000000000003,0.8711441917990695,1.1743556308746343,-0.6989526697440193,5.5162531952456585e-12,0.999281634976485,2.0920201526826888e-13,0.03789741414296003,-0.09971068623962343,1.1040437043371967e-12,-0.007601253161378974,2.3650557352388785e-10,-0.013418333241746603,-3.113612955674515e-09,0.1,0.0,1
12,1063,world,10.63,1.0530000000000002,0.8701470918590402,1.1743556308746346,-0.6990287730084331,3.415753991227536e-12,0.9992790901263848,1.2977080041288636e-13,0.03796445753839522,-0.09970930576616899,6.83643608662768e-13,-0.007619340104538099,2.4287599048891144e-11,-0.013418337354003702,-3.191808927687104e-10,0.1,0.0,1
12,1064,world,10.64,1.0540000000000003,0.8691500056034276,1.1743556308746343,-0.6991050553539102,8.714945480342755e-12,0.9992765407775004,3.3168241455493867e-13,0.03803150078228056,-0.09970794938849262,1.744250875121709e-12,-0.0076370693817586904,-2.598118391857327e-11,-0.013418340983064676,3.4083300408808786e-10,0.1,0.0,1
12,1065,world,10.65,1.0550000000000002,0.8681529327903142,1.1743556308746346,-0.6991815132038671,0.0,0.9992739869299315,0.0,0.03809854387189988,-0.09970661729749865,0.0,-0.007654441004419818,-1.685236721112526e-11,-0.013418344128926847,2.2068629786254257e-10,0.1,0.0,1
12,1066,world,10.66,1.056,0.8671558731758985,1.1743556308746341,-0.6992581429818601,6.503225290816646e-12,0.9992714285837785,2.4838037218564813e-13,0.03816558680453702,-0.0997053096795763,1.3015932357282338e-12,-0.007671454992358923,4.4531225658388996e-11,-0.013418346791589916,-5.821195634867981e-10,0.1,0.0,1
12,1067,world,10.67,1.0570000000000002,0.8661588265145269,1.1743556308746343,-0.699334941111584,5.8339351017909366e-12,0.9992688657391421,2.2320987611359553e-13,0.0382326295774759,-0.09970402671815863,1.167640591792957e-12,-0.0076881113535582565,-4.97269533403435e-11,-0.013418348971053488,6.488940996630214e-10,0.1,0.0,1
12,1068,world,10.68,1.058,0.8651617925587441,1.1743556308746346,-0.6994119040168714,0.0,0.9992662983961241,0.0,0.03829967218800037,-0.0997027685916868,0.0,-0.007704410110615647,8.618282692134102e-11,-0.013418350667317468,-1.1226347137931496e-09,0.1,0.0,1
12,1069,world,10.69,1.0590000000000002,0.8641647710593152,1.1743556308746346,-0.6994890281216909,1.708499419631437e-11,0.9992637265548269,6.559780760812274e-13,0.0383667146333944,-0.0997015354762743,3.419516061569035e-12,-0.007720351266180741,-1.1367946624147522e-10,-0.013418351880383135,1.4782124053422442e-09,0.1,0.0,1
12,1070,world,10.700000000000001,1.0600000000000003,0.8631677617652777,1.1743556308746343,-0.6995663098502296,-1.481481720375563e-11,0.9992611502153532,-5.698100871493642e-13,0.03843375691094194,-0.09970032754278461,-2.9651537954134256e-12,-0.007735934840823463,-9.08845093112294e-11,-0.013418352610247326,1.1797312694101624e-09,0.1,0.0,1
12,1071,world,10.71,1.0610000000000002,0.8621707644239676,1.1743556308746343,-0.6996437456266928,5.261410010160616e-12,0.9992585693778069,2.0271879127164537e-13,0.03850079901792691,-0.09969914495910998,1.0530626046698098e-12,-0.00775116084353695,2.1783470256613234e-10,-0.013418352856906275,-2.8226694031840088e-09,0.1,0.0,1
12,1072,world,10.72,1.0620000000000003,0.8611737787810636,1.1743556308746346,-0.6997213318753912,1.3474820108936315e-11,0.9992559840422921,5.200816678735356e-13,0.038567840951633334,-0.0996979878886258,2.6969701514424067e-12,-0.007766029291692377,-8.605561035978718e-11,-0.013418352620367705,1.1131486794357013e-09,0.1,0.0,1
12,1073,world,10.73,1.0630000000000002,0.860176804580629,1.1743556308746346,-0.6997990650208227,-5.894982872014582e-12,0.9992533942089139,-2.279221398233914e-13,0.038634882709345245,-0.09969685649131418,-1.1798772688254417e-12,-0.007780540196561177,-1.0411934934041442e-10,-0.013418351900631032,1.3444596651076941e-09,0.1,0.0,1
12,1074,world,10.74,1.064,0.8591798415651472,1.1743556308746343,-0.6998769414876134,0.0,0.999250799877778,0.0,0.03870192428834669,-0.09969575092327991,0.0,-0.0077946935695596305,4.0203238438567215e-11,-0.01341835069769109,-5.182281731908186e-10,0.1,0.0,1
12,1075,world,10.75,1.0650000000000002,0.8581828894755622,1.1743556308746346,-0.6999549577005151,-7.010071667665648e-13,0.9992482010489906,-2.719777004895077e-14,0.03876896568592176,-0.09969467133660193,-1.4030689008947059e-13,-0.007808489424141033,8.433574676046644e-11,-0.013418349011550958,-1.0852170931286088e-09,0.1,0.0,1
12,1076,world,10.76,1.066,0.8571859480513134,1.1743556308746346,-0.7000331100844027,1.0876680007717768e-11,0.9992455977226586,4.2272572507148333e-13,0.03883600689935452,-0.09969361787969139,2.176977916957093e-12,-0.00782192777121348,4.60700922509521e-11,-0.013418346842210533,-5.917935897782516e-10,0.1,0.0,1
12,1077,world,10.77,1.0670000000000002,0.8561890170303824,1.1743556308746343,-0.7001113950642726,5.230344169274916e-12,0.9992429898988899,2.036304802168241e-13,0.03890304792592915,-0.09969259069699038,1.0468611270265455e-12,-0.007835008622991422,-5.675503013680544e-11,-0.013418344189671215,7.277849451920075e-10,0.1,0.0,1
12,1078,world,10.78,1.068,0.8551920961493219,1.1743556308746346,-0.7001898090652398,3.5822227957572457e-12,0.9992403775777925,1.3970566387403837e-13,0.03897008876292976,-0.0996915899287314,7.169890719488282e-13,-0.0078477319960397,9.761926102214474e-11,-0.01341834105393368,-1.249634609836272e-09,0.1,0.0,1
12,1079,world,10.790000000000001,1.0690000000000002,0.8541951851432946,1.1743556308746346,-0.7002683485125355,1.7755179866810274e-11,0.9992377607594757,6.936399737233759e-13,0.0390371294076406,-0.09969061571234422,3.553744162661436e-12,-0.007860097893392216,1.1065438524159481e-10,-0.013418337434997147,-1.414054865974409e-09,0.1,0.0,1
12,1080,world,10.8,1.0700000000000003,0.853198283746119,1.1743556308746346,-0.7003470098315046,1.7755133268869753e-11,0.999235139444049,6.948311961606828e-13,0.039104169857345855,-0.09968966818009424,3.5537441869044947e-12,-0.007872106334565598,-1.3885994997577416e-10,-0.013418333332862607,1.7714382344301846e-09,0.1,0.0,1
12,1081,world,10.81,1.0710000000000002,0.8522013916903086,1.1743556308746343,-0.7004257894476886,0.0,0.9992325136316226,0.0,0.039171210109329765,-0.09968874746159845,0.0,-0.007883757323614808,-1.1551531118717239e-10,-0.013418328747534021,1.4710966743975766e-09,0.1,0.0,1
12,1082,world,10.82,1.072,0.8512045087070987,1.1743556308746341,-0.7005046837865773,3.010153709271619e-12,0.9992298833223077,1.18204195289256e-13,0.039238250160876655,-0.09968785368163166,6.024946465149048e-13,-0.007895050876948117,1.0277544146731891e-10,-0.013418323679009112,-1.3066068547417363e-09,0.1,0.0,1
12,1083,world,10.83,1.0730000000000002,0.8502076345264783,1.1743556308746343,-0.7005836892738215,1.309629886273678e-11,0.9992272485162157,5.151519092502e-13,0.03930529000927082,-0.09968698696215855,2.621285031632678e-12,-0.007905986997613416,-2.3660971241652486e-11,-0.012765899564703543,3.0031672411828295e-10,0.1,0.0,1
12,1084,world,10.84,1.074,0.8492107688771918,1.1743556308746343,-0.700662802334269,0.0,0.9992248660645804,0.0,0.03936581052412628,-0.09968614757354519,0.0,-0.007916563771319857,-2.2322153928244844e-11,-0.008260807177200442,2.830016415596151e-10,0.1,0.0,1
12,1085,world,10.85,1.0750000000000002,0.8482139114504964,1.1743556308746343,-0.7007420189359729,1.025965296202228e-11,0.9992239981725912,4.0441933905406803e-13,0.03938783411132742,-0.0996853447666106,2.0535238159172888e-12,-0.007926666308227175,8.852747253626986e-11,-0.004408136347160431,-1.1211752148311395e-09,0.1,0.0,1
12,1086,world,10.86,1.076,0.8472170618415583,1.1743556308746343,-0.7008213338551058,1.1237911092206638e-11,0.9992231297951487,4.4322880802346427e-13,0.039409857680375714,-0.09968458404829135,2.249329243042401e-12,-0.007936227259796575,-1.2489820491709328e-10,-0.004408136535029594,1.580912083038511e-09,0.1,0.0,1
12,1087,world,10.870000000000001,1.0770000000000002,0.8462202196287131,1.1743556308746346,-0.7009007416759429,-5.5864124916623365e-12,0.9992222609322565,-2.2045420973113712e-13,0.039431881231174824,-0.09968386557377723,-1.1181518912000761e-12,-0.007945246646210264,1.5581541879777082e-10,-0.0044081367057675295,-1.9711432526697756e-09,0.1,0.0,1
12,1088,world,10.88,1.0780000000000003,0.8452233843887812,1.1743556308746343,-0.7009802369828749,3.0995417473624923e-11,0.9992213915839185,1.2238431436849413e-12,0.03945390476362851,-0.09968318948978545,6.203912424383846e-12,-0.00795372448250049,-9.639187403618848e-11,-0.004408136859375701,1.2187217153417581e-09,0.1,0.0,1
12,1089,world,10.89,1.0790000000000002,0.8442265556971482,1.1743556308746346,-0.7010598143604031,-1.7802150572151947e-11,0.9992205217501383,-7.033046298360101e-13,0.03947592827764043,-0.09968255593533623,-3.563206611483582e-12,-0.00796166076887008,-4.2718776749653534e-10,-0.00440813699585105,5.398081509566785e-09,0.1,0.0,1
12,1090,world,10.9,1.08,0.8432297331278762,1.1743556308746348,-0.7011394683931303,-2.3111963921320236e-11,0.9992196514309197,-9.135881535546204e-13,0.03949795177311434,-0.09968196503949711,-4.6260013474612186e-12,-0.007969055518973341,1.4062957450963868e-10,-0.004408137115194678,-1.7760448611418467e-09,0.1,0.0,1
12,1091,world,10.91,1.0810000000000002,0.8422329162537644,1.1743556308746343,-0.7012191936657585,0.0,0.9992187806262667,0.0,0.03951997524995391,-0.09968141692215628,0.0,-0.007975908750183768,1.826766892898409e-10,-0.0044081372174073616,-2.305776317599482e-09,0.1,0.0,1
12,1092,world,10.92,1.082,0.8412361046464614,1.1743556308746343,-0.701298984763079,0.0,0.9992179093361826,0.0,0.03954199870806288,-0.09968091169563038,0.0,-0.007982220463501328,-1.36456187820262e-10,-0.004408137302491385,1.7214094558324112e-09,0.1,0.0,1
12,1093,world,10.93,1.0830000000000002,0.8402392978765355,1.1743556308746346,-0.701378836269976,-1.7254574020219395e-11,0.9992170375606715,-6.831952649101149e-13,0.03956402214734496,-0.09968044946271336,-3.4536177069584342e-12,-0.007987990667962167,9.88602072690892e-12,-0.004408137370441197,-1.2464346365306252e-10,0.1,0.0,1
12,1094,world,10.94,1.084,0.8392424955135761,1.1743556308746346,-0.7014587427714111,1.2493689414218278e-12,0.9992161652997372,4.949637282055227e-14,0.03958604556770384,-0.09968003031753343,2.500697166174945e-13,-0.007993219369917043,1.5422103228079454e-10,-0.004408137421256799,-1.943339930230714e-09,0.1,0.0,1
12,1095,world,10.950000000000001,1.0850000000000002,0.8382456971262734,1.1743556308746343,-0.7015386988523844,2.224655830374852e-12,0.9992152925533834,8.818351982654802e-14,0.039608068969043224,-0.09967965434533348,4.45280428529744e-13,-0.007997906575776205,-9.897009598780728e-12,-0.004408137454942558,1.2464259158988697e-10,0.1,0.0,1
12,1096,world,10.96,1.0860000000000003,0.837248902282506,1.1743556308746346,-0.7016186990979831,0.0,0.9992144193216139,0.0,0.03963009235126684,-0.09967932162222927,0.0,-0.00800205229501636,-5.071741826981906e-11,-0.004408137471499943,6.38376749485693e-10,0.1,0.0,1
12,1097,world,10.97,1.0870000000000002,0.8362521105494393,1.1743556308746343,-0.7016987380933501,-4.174194351938908e-12,0.9992135456044325,-1.6564591041131965e-13,0.0396521157142784,-0.09967903221592112,-8.354956708032666e-13,-0.008005656531313451,0.0,-0.004408137470923809,0.0,0.1,0.0,1
12,1098,world,10.98,1.088,0.8352553214935994,1.1743556308746343,-0.7017788104236778,0.0,0.9992126714018432,0.0,0.0396741390579816,-0.09967878618519714,0.0,-0.008008719288734962,8.170013390201134e-11,-0.0044081374532152625,-1.0272070244882282e-09,0.1,0.0,1
12,1099,world,10.99,1.0890000000000002,0.8342585346809788,1.1743556308746346,-0.7018589106742007,6.122200512401656e-12,0.9992117967138496,2.432195721431944e-13,0.03969616238228017,-0.09967858357999491,1.2254055937797749e-12,-0.008011240570970874,8.500092443828923e-11,-0.00440813741837577,-1.0681117830519164e-09,0.1,0.0,1
12,1100,world,11.0,1.09,0.8332617496771078,1.1743556308746343,-0.7019390334301877,1.0706431662485741e-11,0.9992109215404558,4.2557585355556066e-13,0.03971818568707781,-0.09967842444123327,2.1429766893113425e-12,-0.008013220383425758,-3.5405710355363824e-11,-0.004408137366404843,4.4465619503663366e-10,0.1,0.0,1
12,1101,world,11.01,1.0910000000000002,0.8322649660471516,1.1743556308746343,-0.7020191732769357,1.6650779225438172e-12,0.9992100458816654,6.622285761611996e-14,0.039740208972278236,-0.09967830880167387,3.3327877040102435e-13,-0.008014658722500102,-8.287195486789297e-11,-0.0044081372973045615,1.040199713652487e-09,0.1,0.0,1
12,1102,world,11.02,1.092,0.831268183355999,1.1743556308746346,-0.7020993247997614,2.79708513927282e-13,0.9992091697374822,1.1130637334507595e-14,0.03976223223778517,-0.09967823668402948,5.5985964623138847e-14,-0.008015555599121217,4.8702332956060935e-11,-0.004408137211069865,-6.109661593741604e-10,0.1,0.0,1
12,1103,world,11.03,1.093,0.8302714011683446,1.1743556308746343,-0.7021794825839943,7.789264650042673e-12,0.9992082931079103,3.101356313827591e-13,0.039784255483502284,-0.09967820810360045,1.5590869350002596e-12,-0.00801591100595089,-8.962340471881849e-11,-0.0044081371077043475,1.1236917847370385e-09,0.1,0.0,1
12,1104,world,11.040000000000001,1.0940000000000003,0.8292746190487807,1.1743556308746343,-0.7022596412149693,-1.0983959592354591e-11,0.9992074159929534,-4.3757737369355737e-13,0.039806278709333356,-0.09967822306605308,-2.1985340330212494e-12,-0.00801572494501689,-6.201227350460936e-11,-0.004408136987209761,7.770731994547505e-10,0.1,0.0,1
12,1105,world,11.05,1.0950000000000002,0.8282778365618914,1.1743556308746346,-0.702339795278019,0.0,0.9992065383926154,0.0,0.03982830191518205,-0.0996782815681399,0.0,-0.008014997418753432,-1.5459076471607424e-11,-0.004408136849581247,1.9360941138189382e-10,0.1,0.0,1
12,1106,world,11.06,1.096,0.8272810532723264,1.1743556308746343,-0.7024199393584665,-1.2924653571698937e-11,0.9992056603069003,-5.154610978596628e-13,0.03985032510095209,-0.09967838359842088,-2.5869853343582487e-12,-0.00801372842103229,-3.114614957483516e-11,-0.004408136694819139,3.89857648082863e-10,0.1,0.0,1
12,1107,world,11.07,1.0970000000000002,0.8262842687449047,1.1743556308746346,-0.7025000680416179,-3.907888091289649e-12,0.9992047817358117,-1.5594068184092306e-13,0.03987234826654718,-0.0996785291356361,-7.821995622191849e-13,-0.008011917957402317,1.2650600152821618e-10,-0.0044081365229281634,-1.5826020701691322e-09,0.1,0.0,1
12,1108,world,11.08,1.098,0.8252874825446919,1.1743556308746343,-0.7025801759127552,2.9392316760950392e-12,0.9992039026793539,1.1735222394272449e-13,0.03989437141187106,-0.09967871815084972,5.883146503434543e-13,-0.00800956601842232,1.574906073867731e-10,-0.004408136333907838,-1.9691295837509704e-09,0.1,0.0,1
12,1109,world,11.09,1.0990000000000002,0.8242906942370958,1.1743556308746346,-0.7026602575571284,1.5830550943071084e-11,0.9992030231375305,6.324025273610451e-13,0.039916394536827444,-0.09967895060538003,3.168635376625447e-12,-0.008006672605409174,-1.6564130933752061e-10,-0.003370418781114145,2.0701611124670616e-09,0.1,0.0,1
12,1110,world,11.1,1.1,0.8232939034432876,1.1743556308746346,-0.7027403082491496,-1.7811984463586818e-11,0.9992025575044335,-7.117653758684792e-13,0.03992804874520277,-0.0996792084552535,-3.565239861330002e-12,-0.008003461859353148,-8.462327638209175e-11,-0.0022454611266877604,1.0571728967121414e-09,0.1,0.0,1
12,1111,world,11.11,1.101,0.8222971100643849,1.1743556308746346,-0.7028203267450509,5.233454635009919e-12,0.9992021265785043,2.091849646049293e-13,0.03993883124222369,-0.09967946750339099,1.0475267020168376e-12,-0.008000234886578132,6.849152011109328e-11,-0.002158220936950778,-8.554022696541324e-10,0.1,0.0,1
12,1112,world,11.120000000000001,1.1020000000000003,0.821300314089651,1.1743556308746343,-0.7029003128980089,-9.237420415762468e-12,0.9992016955362157,-3.6932621227860275e-13,0.03994961373470063,-0.09967972762145241,-1.8489600994378584e-12,-0.007996993267038508,-6.613186768442704e-11,-0.002158220957320595,8.257081764057003e-10,0.1,0.0,1
12,1113,world,11.13,1.1030000000000002,0.8203035155083992,1.1743556308746341,-0.7029802665616105,-3.0434558332512066e-12,0.9992012643775683,-1.2171491902437527e-13,0.039960396222622235,-0.09967998880723146,-6.091777366282485e-13,-0.007993737010323304,1.4159821242981926e-10,-0.0021582209756779176,-1.767485269976302e-09,0.1,0.0,1
12,1114,world,11.14,1.104,0.8193067143099558,1.1743556308746341,-0.703060187589445,8.479898280764311e-12,0.9992008331025625,3.392226250817667e-13,0.03997117870597724,-0.09968025105959329,1.6973361104006892e-12,-0.007990466112590222,-9.903466529731309e-11,-0.0021582209920271004,1.2358550525181016e-09,0.1,0.0,1
12,1115,world,11.15,1.1050000000000002,0.8183099104836612,1.1743556308746343,-0.7031400758351033,-1.5431707159989234e-11,0.9992004017111987,-6.174836555595335e-13,0.03998196118475435,-0.09968051437698272,-3.088811238945827e-12,-0.00798718057515562,-6.780856351231996e-11,-0.0021582210063684063,8.459547666636735e-10,0.1,0.0,1
12,1116,world,11.16,1.106,0.8173131040188745,1.1743556308746343,-0.7032199311521792,0.0,0.9991999702034774,0.0,0.039992743658942266,-0.09968077875815731,0.0,-0.007983880395352633,2.3085527707133032e-10,-0.0021582210186960452,-2.879285525612572e-09,0.1,0.0,1
12,1117,world,11.17,1.1070000000000002,0.8163162949049613,1.1743556308746346,-0.7032997533942293,1.343043917363102e-11,0.9991995385793991,5.376953287666919e-13,0.040003526128529664,-0.09968104420132268,2.6882396413477397e-12,-0.007980565577323217,1.066997175713451e-10,-0.0021582210290134866,-1.3304254953099109e-09,0.1,0.0,1
12,1118,world,11.18,1.108,0.8153194831313114,1.1743556308746343,-0.7033795424148896,1.3336283296213911e-11,0.9991991068389642,5.340698882261085e-13,0.04001430859350527,-0.09968131070516079,2.669394509487705e-12,-0.007977236119182992,-5.3383119119007326e-11,-0.0021582210373216637,6.654472387110426e-10,0.1,0.0,1
12,1119,world,11.19,1.109,0.8143226686873258,1.1743556308746341,-0.7034592980677629,6.759926697672918e-12,0.9991986749821732,2.70783667318804e-13,0.04002509105385777,-0.09968157826823638,1.3530695464677717e-12,-0.007973892020429236,-2.493418173639918e-10,-0.002158221043616843,3.1073289163072135e-09,0.1,0.0,1
12,1120,world,11.200000000000001,1.1100000000000003,0.8133258515624194,1.1743556308746343,-0.7035390202064529,-1.781190341342938e-11,0.9991982430090264,-7.136873158196686e-13,0.04003587350957586,-0.09968184688927977,-3.5652389742295403e-12,-0.00797053327840663,3.6561926961134766e-11,-0.002158221047902997,-4.555160022845855e-10,0.1,0.0,1
12,1121,world,11.21,1.1110000000000002,0.8123290317460222,1.1743556308746343,-0.7036187086845657,1.1326064655351071e-11,0.9991978109195243,4.5393515646666393e-13,0.04004665596064825,-0.09968211656628823,2.2670313732300418e-12,-0.007967159899545643,1.4266137191951279e-10,-0.0021582210501773524,-1.7769018716285714e-09,0.1,0.0,1
12,1122,world,11.22,1.112,0.8113322092275832,1.1743556308746343,-0.7036983633557096,0.0,0.9991973787136675,0.0,0.04005743840706362,-0.09968238729772147,0.0,-0.007963771884418885,-2.180245609814269e-10,-0.0021582210504414844,2.7148446781094968e-09,0.1,0.0,1
12,1123,world,11.23,1.1130000000000002,0.8103353839965601,1.1743556308746343,-0.7037779840734961,-1.588792528147942e-11,0.9991969463914564,-6.371125345276208e-13,0.04006822084881069,-0.0996826590824784,-3.1801385272075602e-12,-0.007960369228018654,0.0,-0.0021582210486977404,0.0,0.1,0.0,1
12,1124,world,11.24,1.114,0.8093385560424332,1.1743556308746341,-0.7038575706915325,0.0,0.9991965139528913,0.0,0.04007900328587816,-0.09968293191856284,0.0,-0.0079569519364621,2.490296573683582e-10,-0.0021582210449437988,-3.0992439997957275e-09,0.1,0.0,1
12,1125,world,11.25,1.1150000000000002,0.8083417253546876,1.1743556308746343,-0.7039371230634064,1.517942163037855e-11,0.9991960813979729,6.090293705290662e-13,0.04008978571825474,-0.09968320580495851,3.0383263794139234e-12,-0.007953520003513367,-1.0346117775658959e-10,-0.0021582210391754967,1.2872554179587538e-09,0.1,0.0,1
12,1126,world,11.26,1.116,0.8073448919228341,1.1743556308746343,-0.7040166410427725,-1.2903677469744533e-11,0.9991956487267014,-5.178613401369116e-13,0.04010056814592909,-0.09968348073979526,-2.5828124573206544e-12,-0.007950073433552016,-2.3464386700078015e-10,-0.002158221031395848,2.9186308026506913e-09,0.1,0.0,1
12,1127,world,11.27,1.117,0.8063480557363981,1.1743556308746341,-0.7040961244832526,-1.4077504349123706e-11,0.9991952159390776,-5.651225136742473e-13,0.04011135056888993,-0.09968375672163142,-2.81776788603093e-12,-0.007946612225508666,3.646762349677829e-11,-0.0021582210216103807,-4.5348204007309165e-10,0.1,0.0,1
12,1128,world,11.28,1.118,0.8053512167849143,1.1743556308746343,-0.7041755732384725,-8.357869754120976e-12,0.9991947830351015,-3.356057972453801e-13,0.040122132987126,-0.09968403374898385,-1.6729205438408491e-12,-0.007943136378751789,2.558933465291237e-10,-0.0021582210098112452,-3.1812245820948606e-09,0.1,0.0,1
12,1129,world,11.290000000000001,1.1190000000000002,0.8043543750579368,1.1743556308746346,-0.7042549871620596,1.781179395815417e-11,0.9991943500147737,7.154155946192167e-13,0.04013291540062591,-0.0996843118199678,3.5652299582974307e-12,-0.007939645897609572,-4.521574965937764e-11,-0.0021582209960003106,5.61963112236854e-10,0.1,0.0,1
12,1130,world,11.3,1.12,0.8033575305450388,1.1743556308746343,-0.7043343661076441,-1.3991110131884167e-11,0.999193916878095,-5.621080029259373e-13,0.040143697809378445,-0.09968459093332865,-2.8004784002586907e-12,-0.007936140778422114,-1.4300619283956553e-10,-0.002158220980182408,1.7768701314700888e-09,0.1,0.0,1
12,1131,world,11.31,1.1210000000000002,0.8023606832358023,1.1743556308746343,-0.7044137099288603,0.0,0.9991934836250655,0.0,0.040154480213372264,-0.0996848710874468,0.0,-0.007932621022027636,1.0101051956499625e-10,-0.0021582209623508385,-1.2547299001038544e-09,0.1,0.0,1
12,1132,world,11.32,1.122,0.801363833119829,1.1743556308746346,-0.7044930184793309,-1.413363805251203e-12,0.9991930502556857,-5.681397442719015e-14,0.04016526261259607,-0.09968515228070726,-2.8290091269632126e-13,-0.007929086629127237,9.542613572306717e-11,-0.0021582209425104596,-1.1850421863948052e-09,0.1,0.0,1
12,1133,world,11.33,1.1230000000000002,0.8003669801867344,1.1743556308746346,-0.7045722916126784,1.1879182172530007e-11,0.9991926167699562,4.776441995270016e-13,0.04017604500703857,-0.09968543451126126,2.3777549210877863e-12,-0.007925537603282577,1.1251016176147536e-10,-0.002158220920660576,-1.3968220601047742e-09,0.1,0.0,1
12,1134,world,11.34,1.124,0.7993701244261502,1.1743556308746346,-0.7046515291825759,1.2588776371104599e-11,0.9991921831678773,5.063119905093299e-13,0.040186827396688475,-0.09968571777790246,2.5197892999746314e-12,-0.007921973939895494,-2.100000390325065e-11,-0.011301415899207837,2.603489531535186e-10,0.1,0.0,1
12,1135,world,11.35,1.125,0.7983732659752878,1.1743556308746346,-0.7047307329001153,9.26930363289931e-12,0.9991880699270836,3.7375413655225056e-13,0.04028896766348528,-0.09968594770410945,1.8553655239825523e-12,-0.007919080144408085,-2.577003448025992e-10,-0.02253288012105381,3.1895281565244777e-09,0.1,0.0,1
12,1136,world,11.36,1.1260000000000001,0.7973764060135793,1.1743556308746343,-0.7048099176002632,-1.9384415377289415e-11,0.9991831025522856,-7.840029237698615e-13,0.04041197315139113,-0.09968601748046933,-3.880047831575569e-12,-0.007918201745571132,-1.3664441223892083e-10,-0.024621166268532696,1.686498290577465e-09,0.1,0.0,1
12,1137,world,11.370000000000001,1.1270000000000002,0.7963795461687669,1.1743556308746343,-0.7048891037719877,-7.637130841906686e-12,0.999178120027986,-3.098255715877962e-13,0.04053497819586956,-0.09968592432328335,-1.5286800428986917e-12,-0.007919374458416896,4.012571856655166e-11,-0.024621198607231325,-4.937310635352291e-10,0.1,0.0,1
12,1138,world,11.38,1.1280000000000001,0.795382688070444,1.1743556308746341,-0.7049683119263501,-1.4434728855326516e-11,0.9991731223548048,-5.873726425433893e-13,0.04065798278014107,-0.09968566816074637,-2.8893289483505206e-12,-0.007922598269858099,9.587755311287594e-11,-0.024621227960897538,-1.176148492673668e-09,0.1,0.0,1
12,1139,world,11.39,1.1290000000000002,0.7943858333495492,1.1743556308746343,-0.7050475625742868,4.1536278963932465e-12,0.9991681095333695,1.6953007523145396e-13,0.04078098688742648,-0.09968524879361133,8.314151737928607e-13,-0.007927873167238062,1.177319083427211e-10,-0.024621254329509804,-1.439862242511782e-09,0.1,0.0,1
12,1140,world,11.4,1.1300000000000001,0.7933889836396552,1.1743556308746346,-0.7051268762265288,0.0,0.9991630815643152,0.0,0.040903990500946626,-0.09968466589601571,0.0,-0.007935199127918856,-8.273415893680699e-11,-0.024621277713046587,1.008781473254562e-09,0.1,0.0,1
12,1141,world,11.41,1.1310000000000002,0.792392140578216,1.1743556308746343,-0.7052062733935249,-5.959576449944989e-12,0.9991580384482847,-2.447095409187732e-13,0.041026993603922736,-0.09968391901590795,-1.1929158117639903e-12,-0.007944576113922465,1.0019715367929983e-10,-0.024621298111496107,-1.2180272942496087e-09,0.1,0.0,1
12,1142,world,11.42,1.1320000000000001,0.7913953058078554,1.1743556308746346,-0.7052857745853585,1.2211063558367908e-11,0.9991529801859278,5.029111945218791e-13,0.0411499961795761,-0.0996830075737144,2.4442742963596433e-12,-0.007956004088661602,9.115568141000536e-11,-0.024621315524840967,-1.1047872697913967e-09,0.1,0.0,1
12,1143,world,11.43,1.133,0.7903984809776139,1.1743556308746348,-0.7053654003116663,5.116453118948738e-12,0.9991479067779026,2.1135145156505233e-13,0.04127299821112835,-0.09968193086363271,1.0241593202592253e-12,-0.007969483000668798,-2.4731472230924723e-10,-0.02462132995306951,2.988422788408385e-09,0.1,0.0,1
12,1144,world,11.44,1.1340000000000001,0.7894016677442305,1.1743556308746343,-0.7054451710815506,-1.7749745682190658e-11,0.9991428182248744,-7.35398837092624e-13,0.04139599968180137,-0.09968068805291895,-3.552979959305237e-12,-0.007985012792517112,-1.5400406630646043e-10,-0.02462134139616637,1.8553474454596534e-09,0.1,0.0,1
12,1145,world,11.450000000000001,1.1350000000000002,0.7884048677734031,1.1743556308746346,-0.7055251074034922,-1.3484826146059126e-11,0.9991377145275162,-5.603596945335003e-13,0.04151900057481718,-0.09967927818219424,-2.699281042656173e-12,-0.008002593396939326,-2.0440869624244901e-16,-0.024621349854124525,2.4552586198798902e-15,0.1,0.0,1
12,1146,world,11.46,1.1360000000000001,0.7874080827410576,1.1743556308746343,-0.7056052297852542,-1.7749588695224494e-11,0.9991325956865085,-7.39770067696708e-13,0.041642000873398144,-0.09967770016503036,-3.5529836425954864e-12,-0.008022224741947073,2.3180294839012545e-10,-0.024621355326943418,-2.7760382341846617e-09,0.1,0.0,1
12,1147,world,11.47,1.1370000000000002,0.7864113143346143,1.1743556308746346,-0.7056855587337877,1.4347999184532696e-11,0.9991274617025393,5.997675141135293e-13,0.041765000560767,-0.09967595278894154,2.8720926903531484e-12,-0.008043906738438847,-7.396861729462511e-11,-0.02462135781461676,8.83214875880067e-10,0.1,0.0,1
12,1148,world,11.48,1.1380000000000001,0.7854145642542519,1.1743556308746346,-0.7057661147551262,-2.6604695653451096e-11,0.9991223125763045,-1.1153964508632337e-12,0.04188799962014664,-0.09967403471472272,-5.325588805017596e-12,-0.008067639288431983,-1.2020117860378878e-10,-0.024621357317138985,1.431013534190909e-09,0.1,0.0,1
12,1149,world,11.49,1.1390000000000002,0.7844178342141773,1.1743556308746348,-0.7058469183542798,0.0,0.9991171483085072,0.0,0.04201099803476037,-0.09967194447650081,0.0,-0.008093422284382649,7.44031523778922e-11,-0.024621353834515667,-8.83173894710801e-10,0.1,0.0,1
12,1150,world,11.5,1.1400000000000001,0.7834211259438844,1.1743556308746346,-0.70592799003512,-1.7749266877722e-11,0.9991119688998581,-7.485122380092296e-13,0.04213399578783177,-0.09966968048215451,-3.552992666497618e-12,-0.008121255603983444,1.358149363330778e-10,-0.024621347366748824,-1.6074075459005673e-09,0.1,0.0,1
12,1151,world,11.51,1.141,0.7824244411894301,1.1743556308746346,-0.7060093503002588,1.6116941481691808e-11,0.9991067743510759,6.816623594619249e-13,0.042256992862584795,-0.09966724101238232,3.226256166465368e-12,-0.008151139121601213,1.5998477465828328e-10,-0.024621337913835126,-1.8879234971847244e-09,0.1,0.0,1
12,1152,world,11.52,1.1420000000000001,0.7814277817146811,1.1743556308746348,-0.7060910196509224,1.180795364995947e-12,0.9991015646628862,5.0087094881794656e-14,0.04237998924224371,-0.09966462422263017,2.3637046868281657e-13,-0.008183072684628987,7.681257678914142e-12,-0.02462132547578902,-9.03793072677986e-11,0.1,0.0,1
12,1153,world,11.53,1.143,0.7804311493025938,1.1743556308746346,-0.7061730185868127,1.702300479975023e-11,0.9990963398360229,7.241829313937388e-13,0.04250298491003317,-0.09966182814086814,3.4076672878503298e-12,-0.008217056140739516,-1.0037413116325509e-11,-0.024621310052620256,1.1775871403372414e-10,0.1,0.0,1
12,1154,world,11.540000000000001,1.1440000000000001,0.779434545756468,1.1743556308746348,-0.7062553676059669,0.0,0.9990910998712267,0.0,0.04262597984917822,-0.0996588506700784,0.0,-0.008253089307587627,-1.4512369207581017e-10,-0.02462129164433581,1.6976485225052381e-09,0.1,0.0,1
12,1155,world,11.55,1.1450000000000002,0.7784379729012162,1.1743556308746346,-0.706338087204643,0.0,0.9990858447692467,0.0,0.04274897404290428,-0.09965568958577366,0.0,-0.008291172003035861,1.5174881996793425e-10,-0.02462127025095569,-1.7700135581904885e-09,0.1,0.0,1
12,1156,world,11.56,1.1460000000000001,0.7774414325846174,1.1743556308746346,-0.7064211978771021,1.7748732168492686e-11,0.9990805745308388,7.616233241222201e-13,0.042871967474437174,-0.0996523425380239,3.553003265871978e-12,-0.008331304020641346,-1.4260082140893042e-10,-0.024621245872486267,1.6585122734371837e-09,0.1,0.0,1
12,1157,world,11.57,1.1470000000000002,0.7764449266785717,1.1743556308746346,-0.7065047201153735,-1.6630921577771273e-11,0.9990752891567669,-7.157076327201528e-13,0.04299496012700312,-0.09964880705171938,-3.329254985226473e-12,-0.008373485126827535,-1.7981755966759043e-10,-0.024621218508948304,2.0853440472551544e-09,0.1,0.0,1
12,1158,world,11.58,1.1480000000000001,0.7754484570803748,1.174355630874635,-0.7065886744092055,-3.162814293095757e-12,0.9990699886478026,-1.3650102232381802e-13,0.04311795198382881,-0.09964508052420956,-6.331504485400307e-13,-0.008417715089250403,1.4341749589906146e-10,-0.024621188160366753,-1.6584418522452555e-09,0.1,0.0,1
12,1159,world,11.59,1.149,0.7744520257139719,1.1743556308746346,-0.7066730812458178,0.0,0.9990646730047246,0.0,0.043240943028141354,-0.09964116022880573,0.0,-0.008463993635244768,1.8084407253416924e-10,-0.02462115482675907,-2.0852513484217766e-09,0.1,0.0,1
12,1160,world,11.6,1.1500000000000001,0.7734556345312013,1.1743556308746346,-0.7067579611096991,1.7748315869941327e-11,0.9990593422283194,7.703614310299027e-13,0.043363933243168375,-0.09963704331089689,3.5530011843628692e-12,-0.008512320498105106,0.0,-0.032064865671161534,0.0,0.1,0.0,1
12,1161,world,11.61,1.151,0.7724592854768754,1.1743556308746346,-0.7068433340608976,0.0,0.9990507564949682,0.0,0.043561289545097984,-0.09963274772812628,0.0,-0.008562451760071399,-1.5474856291133145e-10,-0.04640112303194737,1.7697499366613317e-09,0.1,0.0,1
12,1162,world,11.620000000000001,1.1520000000000001,0.7714629797600695,1.1743556308746346,-0.7069292112824661,0.0,0.9990391133250816,0.0,0.04382750331281623,-0.09962838786470729,0.0,-0.008613032652872544,-6.62383902280963e-11,-0.05329384092917022,7.53492440017911e-10,0.1,0.0,1
12,1163,world,11.63,1.1530000000000002,0.7704667178756196,1.1743556308746346,-0.707015595516572,-7.556625861379743e-12,0.9990273991348433,-3.335240993791907e-13,0.04409371585465076,-0.09962398119374449,-1.5127948877922343e-12,-0.008663854287119768,-4.054378710344797e-11,-0.05329420338197044,4.5840374714265046e-10,0.1,0.0,1
12,1164,world,11.64,1.1540000000000001,0.7694705002934566,1.1743556308746343,-0.7071024891705149,-4.597401842907581e-12,0.9990156139302911,-2.0414136405805924e-13,0.044359927000431405,-0.0996195273424442,-9.20385363654216e-13,-0.008714916641484107,-7.591523272053384e-11,-0.053294535564177174,8.531457686170091e-10,0.1,0.0,1
12,1165,world,11.65,1.1550000000000002,0.7684743274872465,1.1743556308746348,-0.7071898946512761,-1.611308046310318e-11,0.9990037577176295,-7.197816063411011e-13,0.04462613657998879,-0.09961502593793901,-3.225826137357024e-12,-0.008766219674622468,5.271997252095037e-11,-0.053294837474655576,-5.889189354779172e-10,0.1,0.0,1
12,1166,world,11.66,1.1560000000000001,0.7674781999344326,1.1743556308746346,-0.7072778143658809,1.309485987325032e-12,0.9989918305032294,5.884522191805852e-14,0.044892344423154644,-0.09961047660446226,2.621611968190941e-13,-0.008817763357670705,2.348061943009776e-11,-0.05329510911237702,-2.607301776291075e-10,0.1,0.0,1
12,1167,world,11.67,1.157,0.7664821181161999,1.1743556308746346,-0.7073662507207416,-1.3497511924860825e-11,0.9989798322936279,-6.101505278548696e-13,0.04515855035976277,-0.09960587896518903,-2.7022559562509246e-12,-0.008869547653184592,1.8452867097180706e-11,-0.053295350476414705,-2.0368648281942468e-10,0.1,0.0,1
12,1168,world,11.68,1.1580000000000001,0.7654860825174554,1.1743556308746346,-0.7074552061213579,3.352549590725124e-12,0.9989677630955288,1.5244610165995173e-13,0.04542475421964957,-0.09960123264078856,6.712019559878238e-13,-0.008921572531539301,2.6095935169577035e-10,-0.05329556156595028,-2.8635372869012904e-09,0.1,0.0,1
12,1169,world,11.69,1.159,0.7644900936269462,1.1743556308746348,-0.7075446829733307,1.522681926200559e-11,0.9989556229158022,6.96455288315394e-13,0.04569095583265442,-0.09959653725123711,3.0485440024974083e-12,-0.008973837950561631,-3.063586846872282e-11,-0.05329574238025895,3.3420014953433887e-10,0.1,0.0,1
12,1170,world,11.700000000000001,1.1600000000000001,0.7634941519372387,1.1743556308746346,-0.7076346836818859,0.0,0.9989434117614848,0.0,0.04595715502862076,-0.09959179241446894,0.0,-0.009026343870766628,-1.23912196716297e-10,-0.05329589291872558,1.3438526028920386e-09,0.1,0.0,1
12,1171,world,11.71,1.1610000000000003,0.7624982579447191,1.1743556308746346,-0.7077252106518647,1.7453387482484654e-12,0.9989311296397794,8.07617305066405e-14,0.04622335163739624,-0.09958699774627833,3.4944082991110655e-13,-0.00907909025633935,1.6412749302279984e-10,-0.05329601318083843,-1.7696792372348576e-09,0.1,0.0,1
12,1172,world,11.72,1.1620000000000001,0.7615024121496661,1.1743556308746343,-0.7078162662880537,1.7753521635610617e-11,0.9989187765580552,8.262465087598075e-13,0.04648954548883361,-0.09958215286121788,3.554543237479477e-12,-0.009132077065215623,-1.4312195606811978e-10,-0.05329610316618915,1.534297077460384e-09,0.1,0.0,1
12,1173,world,11.73,1.1630000000000003,0.7605066150561944,1.1743556308746346,-0.7079078529946534,-1.3647430706702232e-11,0.9989063525238477,-6.387942885959094e-13,0.04675573641279148,-0.09957725737203968,-2.732471168018342e-12,-0.009185304255307636,-2.606212465650992e-16,-0.0532961628744679,2.777903531617899e-15,0.1,0.0,1
12,1174,world,11.74,1.1640000000000001,0.7595108671722445,1.1743556308746343,-0.7079999731747652,1.7753050886359162e-11,0.998893857544859,8.357070248120837e-13,0.04702192423913447,-0.0995723108891831,3.5545376881105665e-12,-0.009238771790009339,2.2181524424522013e-10,-0.05329619230547036,-2.350806545820737e-09,0.1,0.0,1
12,1175,world,11.75,1.165,0.758515169009702,1.1743556308746343,-0.7080926292315612,9.938977840651994e-12,0.9988812916289572,4.705218421906396e-13,0.04728810879773436,-0.09956731302308569,1.9900194241310206e-12,-0.009292479613261033,-2.89415334194372e-10,-0.05329619145910245,3.0498540234571967e-09,0.1,0.0,1
12,1176,world,11.76,1.1660000000000001,0.7575195210843627,1.1743556308746343,-0.7081858235677656,-1.2848288749889459e-11,0.9988686547841764,-6.116832731131016e-13,0.047554289918470466,-0.09956226338062518,-2.572565148002921e-12,-0.009346427688000541,-9.452701511532981e-11,-0.0532961603353625,9.905107017913408e-10,0.1,0.0,1
12,1177,world,11.77,1.167,0.7565239239159572,1.1743556308746346,-0.7082795585856402,0.0,0.9988559470187174,0.0,0.0478204674312301,-0.09955716156784872,0.0,-0.009400615966694292,2.8406546830340274e-10,-0.0532960989343563,-2.959926518755935e-09,0.1,0.0,1
12,1178,world,11.78,1.1680000000000001,0.7555283780281883,1.1743556308746343,-0.7083738366872407,1.6852901188956302e-11,0.9988431683409469,8.113379935550098e-13,0.0480866411659096,-0.09955200718944726,3.3744800571705e-12,-0.009455044397158717,-3.647493052958035e-11,-0.05329600725629097,3.7794587975636514e-10,0.1,0.0,1
12,1179,world,11.790000000000001,1.1690000000000003,0.7545328839487379,1.1743556308746346,-0.7084686602741979,-3.792577199188868e-12,0.9988303187593978,-1.8359651773745445e-13,0.048352810952414525,-0.09954679984728251,-7.594028431556649e-13,-0.00950971293810051,-1.6297493899004754e-10,-0.053295885301483985,1.6793525291149659e-09,0.1,0.0,1
12,1180,world,11.8,1.1700000000000002,0.7535374422091673,1.1743556308746343,-0.7085640317467108,0.0,0.998817398282769,0.0,0.04861897662066058,-0.09954153914275193,0.0,-0.00956462153417399,-5.609458201991342e-11,-0.05329573307034785,5.748320429394443e-10,0.1,0.0,1
12,1181,world,11.81,1.1710000000000003,0.7525420533451072,1.1743556308746346,-0.7086599535050571,-9.561198572382277e-12,0.9988044069199259,-4.679600014012273e-13,0.04888513800057418,-0.0995362246759524,-1.914526664067861e-12,-0.009619770125025138,-5.196870585503775e-11,-0.05329555056340124,5.296316411180989e-10,0.1,0.0,1
12,1182,world,11.82,1.1720000000000002,0.751546717896195,1.1743556308746343,-0.7087564279489843,-5.315319379619233e-12,0.9987913446798994,-2.6157097958884485e-13,0.04915129492209292,-0.09953085604349161,-1.064349206537799e-12,-0.009675158667936674,2.444257848741466e-10,-0.0532953377812718,-2.4774438905819983e-09,0.1,0.0,1
12,1183,world,11.83,1.173,0.7505514364061007,1.1743556308746341,-0.7088534574776957,1.5303357649617464e-11,0.9987782115718866,7.571779801589649e-13,0.04941744721516644,-0.09952543284200889,3.0644125379709062e-12,-0.009730787101297489,5.2533214009721866e-11,-0.05329509472467732,-5.295759464770357e-10,0.1,0.0,1
12,1184,world,11.84,1.1740000000000002,0.7495562094225572,1.1743556308746343,-0.7089510444899613,0.0,0.9987650076052508,0.0,0.049683594709756904,-0.09951995466570501,0.0,-0.009786655370248786,-1.1961209129007545e-10,-0.05329482139444877,1.1992766525736637e-09,0.1,0.0,1
12,1185,world,11.85,1.175,0.7485610374974069,1.1743556308746341,-0.7090491913844781,3.2657293650280793e-12,0.998751732789521,1.633261984045982e-13,0.049949737235839495,-0.09951442110673864,6.53961593281975e-13,-0.009842763422469106,-1.1628264856516967e-10,-0.05329451779152046,1.1596358656615805e-09,0.1,0.0,1
12,1186,world,11.86,1.1760000000000002,0.7475659211864429,1.1743556308746341,-0.7091479005579752,-1.1639810090688681e-11,0.998738387134392,-5.852415924768065e-13,0.05021587462340343,-0.09950883175761621,-2.3309006827582878e-12,-0.009899111184062608,-3.4227694335193754e-11,-0.05329418391692662,3.395150870180972e-10,0.1,0.0,1
12,1187,world,11.870000000000001,1.1770000000000003,0.7465708610496228,1.1743556308746346,-0.7092471744073282,-1.4236743884002395e-13,0.9987249706497248,-7.196169328836847e-15,0.05048200670245213,-0.09950318620641502,-2.850981511974656e-14,-0.009955698607908042,-1.8055409388590146e-10,-0.05329381977180007,1.7814581850667544e-09,0.1,0.0,1
12,1188,world,11.88,1.1780000000000002,0.7455758576510245,1.1743556308746341,-0.7093470153287912,-2.9522269256018665e-11,0.9987114833455459,-1.5001330019685458e-12,0.05074813330300406,-0.09949748404168171,-5.912067060477382e-12,-0.010012525624201653,1.4460100825886643e-12,-0.060719917131034445,-1.4181389380551538e-11,0.1,0.0,1
12,1189,world,11.89,1.1790000000000003,0.7445809115920766,1.1743556308746343,-0.7094474260464828,0.0,0.9986941339086072,0.0,0.05108842233360742,-0.09949170625680648,0.0,-0.010069775871852125,2.6801540622039076e-10,-0.0745581410068813,-2.6111243637170076e-09,0.1,0.0,1
12,1190,world,11.9,1.1800000000000002,0.7435860241290643,1.1743556308746343,-0.7095484156845728,-3.3075333274105667e-12,0.9986733688965962,-1.705401970861595e-13,0.05149273984478983,-0.0994857549014715,-6.623845870550346e-13,-0.010128404202259056,-1.8309640188801352e-10,-0.0809707882154957,1.7708065541050537e-09,0.1,0.0,1
12,1191,world,11.91,1.181,0.742591197127553,1.1743556308746343,-0.7096499991803205,-1.7778480299113544e-11,0.9986524398295481,-9.238957930256706e-13,0.05189705600986298,-0.09947961350464272,-3.560488410740293e-12,-0.010188547343311857,3.432953493133047e-11,-0.0809721558089343,-3.2940873350800523e-10,0.1,0.0,1
12,1192,world,11.92,1.1820000000000002,0.7415964325016389,1.1743556308746343,-0.7097521916801093,0.0,0.9986313467300342,0.0,0.0523013702321295,-0.0994732793051339,0.0,-0.010250205084915153,-1.5420321857665103e-10,-0.08097341725589784,1.4681237555980822e-09,0.1,0.0,1
12,1193,world,11.93,1.183,0.7406017321934973,1.1743556308746341,-0.7098550083293941,-3.2519205385585293e-11,0.9986100896215137,-1.716332443453388e-12,0.05270568191487964,-0.0994667494719249,-6.512878463782573e-12,-0.01031337721065849,-7.222448924996135e-11,-0.08097457254645678,6.823096336832838e-10,0.1,0.0,1
12,1194,world,11.94,1.1840000000000002,0.7396070981739983,1.1743556308746343,-0.7099584642717507,-6.8515315324963135e-12,0.9985886685283337,-3.6439906220157027e-13,0.05310999046139693,-0.09946002110329202,-1.372239359880656e-12,-0.010378063505910336,5.936519465305208e-10,-0.08097562167152467,-5.5652167352663765e-09,0.1,0.0,1
12,1195,world,11.950000000000001,1.1850000000000003,0.7386125324431405,1.1743556308746341,-0.7100625746462659,2.336989311329215e-11,0.9985670834757293,1.2524179710149945e-12,0.0535142952749627,-0.09945309123089736,4.680671649156013e-12,-0.010444263718367493,7.613648416631891e-11,-0.08097656462285242,-7.083063728326741e-10,0.1,0.0,1
12,1196,world,11.96,1.1860000000000002,0.7376180370310972,1.1743556308746341,-0.7101673545908749,2.6226827129591613e-13,0.9985453344898231,1.4161737491472904e-14,0.05391859575886133,-0.09944595681532285,5.2529893761122326e-14,-0.010511977601048432,7.676698069497345e-11,-0.08097740139301836,-7.087703537596483e-10,0.1,0.0,1
12,1197,world,11.97,1.1870000000000003,0.7366236139989845,1.1743556308746343,-0.7102728192428593,3.0487499256473075e-11,0.9985234215976249,1.6586181884125689e-12,0.054322891316385576,-0.0994386147486141,6.10649452802647e-12,-0.010581204887757703,1.9028207912910163e-10,-0.0809781319754325,-1.7436365580013474e-09,0.1,0.0,1
12,1198,world,11.98,1.1880000000000002,0.7356292654389496,1.1743556308746343,-0.7103789837330677,1.7775853728746575e-11,0.9985013448270323,9.742824841639606e-13,0.054727181350840974,-0.09943106185390288,3.560492888196993e-12,-0.01065194529676819,-1.8444600989578913e-10,-0.08097875636434809,1.677560608398785e-09,0.1,0.0,1
12,1199,world,11.99,1.189,0.7346349934754328,1.1743556308746346,-0.7104858631911064,1.3635115981905029e-11,0.9984791042068298,7.528689583797732e-13,0.05513146526555162,-0.09942329488573438,2.7311657819079274e-12,-0.0107241985278297,-7.149258707263117e-11,-0.08097927455485865,6.454229111233071e-10,0.1,0.0,1
12,1200,world,12.0,1.1900000000000002,0.7336408002658169,1.1743556308746341,-0.7105934727449362,1.1291377317020486e-11,0.9984566997666886,6.280442836298313e-13,0.05553574246386488,-0.09941531052949461,2.261756285379156e-12,-0.010797964267590447,-4.8954391604790977e-11,-0.08097968654288268,4.3870503840481125e-10,0.1,0.0,1
12,1201,world,12.01,1.191,0.7326466880007955,1.1743556308746341,-0.7107018275175423,9.227134911018524e-12,0.9984341315371666,5.16975556589826e-13,0.055940012349156173,-0.09940710540216215,1.8483129445014715e-12,-0.010873242182689839,-1.263251171321749e-10,-0.08097999232517762,1.1238054358799451e-09,0.1,0.0,1
12,1202,world,12.02,1.1920000000000002,0.731652658905184,1.1743556308746343,-0.7108109426280589,0.0,0.9984113995497086,0.0,0.0563442743248347,-0.09939867605187976,0.0,-0.010950031923856018,-2.735010942868418e-10,-0.080980191899333,2.4154801225250033e-09,0.1,0.0,1
12,1203,world,12.030000000000001,1.1930000000000003,0.7306587152388074,1.1743556308746346,-0.710920833193404,-1.504325863929816e-11,0.9983885038366449,-8.550607080602484e-13,0.05674852779434775,-0.09939001896043217,-3.013493968340974e-12,-0.011028333103644143,5.0733107767929335e-11,-0.08098028526378324,-4.4483715306747746e-10,0.1,0.0,1
12,1204,world,12.040000000000001,1.1940000000000002,0.7296648592970952,1.1743556308746341,-0.7110315143272193,4.469889558527803e-12,0.998365444431192,2.55884837510331e-13,0.05715277216118625,-0.09938113053813163,8.954373774772785e-13,-0.011108145343073278,1.0518226354616585e-10,-0.0809802724177985,-9.156704009775396e-10,0.1,0.0,1
12,1205,world,12.05,1.1950000000000003,0.7286710934113854,1.1743556308746343,-0.7111430011362532,-5.840924879596971e-12,0.9983422213674523,-3.3674440085436206e-13,0.05755700682888989,-0.0993720071300474,-1.1701193477925909e-12,-0.011189468215505692,1.4662939516139173e-10,-0.08098015336146894,-1.2674369588067647e-09,0.1,0.0,1
12,1206,world,12.06,1.1960000000000002,0.7276774199500882,1.1743556308746343,-0.7112553087246175,1.7207134875643927e-11,0.9983188346804133,9.990262511216174e-13,0.05796123120105155,-0.09936264501277764,3.44720656030877e-12,-0.011272301276347176,2.5308376762689525e-11,-0.08097992809573894,-2.1721987438783006e-10,0.1,0.0,1
12,1207,world,12.07,1.197,0.726683841319444,1.1743556308746346,-0.7113684521940664,-3.65748604434164e-12,0.9982952844059474,-2.1383532781161326e-13,0.05836544468132317,-0.09935304039428017,-7.327430678917833e-13,-0.01135664406471094,-1.351537028684653e-10,-0.08097959662238004,1.1518983238040552e-09,0.1,0.0,1
12,1208,world,12.08,1.1980000000000002,0.7256903599634886,1.174355630874634,-0.7114824466375096,5.628366818658489e-12,0.9982715705808122,3.313498440995467e-13,0.058769646673420245,-0.09934318941625685,1.1276175361254595e-12,-0.01144249608283587,2.5187894902771944e-10,-0.08097915894399565,-2.1318159096392152e-09,0.1,0.0,1
12,1209,world,12.09,1.199,0.724696978365354,1.1743556308746341,-0.7115973071443695,1.7771513941676434e-11,0.9982476932426492,1.0534546374637698e-12,0.059173836581126876,-0.0993330881529866,3.5605273751046005e-12,-0.01152985680704646,-9.890148765524607e-11,-0.08097861506403722,8.312902660136534e-10,0.1,0.0,1
12,1210,world,12.1,1.2000000000000002,0.7237036990479532,1.1743556308746343,-0.7117130488003045,-2.7285608853893137e-12,0.9982236524299842,-1.6285151900657606e-13,0.059578013808301286,-0.09932273261089691,-5.466811696195824e-13,-0.0116187256919284,2.126355759962336e-11,-0.08097796498678259,-1.774998464706662e-10,0.1,0.0,1
12,1211,world,12.11,1.201,0.7227105245743105,1.1743556308746343,-0.7118296866839506,1.9555125439571156e-11,0.9981994481822268,1.1750747932685967e-12,0.05998217775888021,-0.09931211873064029,3.91806576326789e-12,-0.011709102153077645,1.37706266563402e-10,-0.08097720871734151,-1.141688975708133e-09,0.1,0.0,1
12,1212,world,12.120000000000001,1.2020000000000002,0.7217174575482398,1.1743556308746343,-0.7119472358667879,8.750222678539369e-12,0.9981750805396699,5.293598544118545e-13,0.06038632783688459,-0.09930124238589572,1.7532383168314817e-12,-0.01180098557822995,-4.4157395918238833e-10,-0.08097634626167184,3.6362121005044698e-09,0.1,0.0,1
12,1213,world,12.13,1.2030000000000003,0.7207245006153307,1.1743556308746343,-0.7120657114156258,-1.7007343307712628e-11,0.9981505495434889,-1.035799942344514e-12,0.060790463446424144,-0.09929009938368094,-3.4077611048796235e-12,-0.011894375325285624,3.620185616676732e-11,-0.08097537762655824,-2.961062556328632e-10,0.1,0.0,1
12,1214,world,12.14,1.2040000000000002,0.7197316564636296,1.1743556308746343,-0.7121851283922453,1.172731066047997e-11,0.9981258552357426,7.189953986714746e-13,0.06119458399170247,-0.09927868546510676,2.3498599928394e-12,-0.011989270716786718,-6.922748512395453e-11,-0.08097430281961765,5.62451880842199e-10,0.1,0.0,1
12,1215,world,12.15,1.205,0.7187389278235862,1.1743556308746343,-0.7123055018471904,-2.26626986307727e-11,0.9981009976593711,-1.3986485589578677e-12,0.061598688877022426,-0.09926699630656799,-4.541153176653025e-12,-0.012085671031093832,6.045178590631911e-11,-0.08097312184930937,-4.878933088993016e-10,0.1,0.0,1
12,1216,world,12.16,1.2060000000000002,0.7177463174694925,1.1743556308746343,-0.7124268468259611,1.6633506567721477e-11,0.9980759768581966,1.0333117225430496e-12,0.06200277750679091,-0.09925502751756878,3.3331079918834726e-12,-0.012183575521441427,6.068734612145603e-11,-0.08097183472492443,-4.865655634734933e-10,0.1,0.0,1
12,1217,world,12.17,1.207,0.7167538282201488,1.1743556308746341,-0.7125491783686441,-1.7767760872112155e-11,0.9980507928769227,-1.1109955352982391e-12,0.0624068492855237,-0.0992427746427979,-3.5604868341385e-12,-0.012282983399762032,-2.2353309264759027e-10,-0.08097044145659094,1.7804545522839247e-09,0.1,0.0,1
12,1218,world,12.18,1.2080000000000002,0.7157614629387575,1.1743556308746343,-0.7126725115033553,-1.2762194962950258e-12,0.9980254457611335,-8.031909418489396e-14,0.06281090361785105,-0.09923023316237217,-2.557485833305652e-13,-0.012383893835997533,9.238881360818364e-11,-0.08750013071099874,-7.307089521776532e-10,0.1,0.0,1
12,1219,world,12.19,1.209,0.7147692244483203,1.1743556308746343,-0.7127968605675881,-1.0416279447410542e-11,0.997995804741757,-6.604671292262354e-13,0.06328012103222481,-0.09921743507909492,-2.087437307237471e-12,-0.012486015230071878,2.0176666813437565e-10,-0.09676170116259038,-1.584296984938566e-09,0.1,0.0,1
12,1220,world,12.200000000000001,1.2100000000000002,0.7137771147400859,1.1743556308746341,-0.7129222329643478,1.4662274845689876e-11,0.9979642016548276,9.37017329783391e-13,0.06377658046213103,-0.09920448163160683,2.9384340730496567e-12,-0.012588519539810212,-8.113398828714775e-11,-0.09949422850183977,6.321922929729941e-10,0.1,0.0,1
12,1221,world,12.21,1.2110000000000003,0.7127851353159602,1.1743556308746341,-0.7130486320646312,-1.6776210363609813e-11,0.9979323507208805,-1.080492081077354e-12,0.0642730377739974,-0.09919137807184125,-3.3621907183697034e-12,-0.01269135596416137,-2.0304080523525143e-10,-0.09949686868189715,1.569713138742423e-09,0.1,0.0,1
12,1222,world,12.22,1.2120000000000002,0.7117932876826268,1.1743556308746343,-0.7131760611903694,-1.133329784432123e-12,0.9979002519911643,-7.355965097961986e-14,0.06476949186129954,-0.09917812330321198,-2.2714269799240577e-13,-0.012794524534068595,5.927855170505968e-10,-0.09949931196336244,-4.547270069306847e-09,0.1,0.0,1
12,1223,world,12.23,1.2130000000000003,0.7108015733576443,1.1743556308746343,-0.7133045236629311,2.8984545827838033e-11,0.9978679055189542,1.8957455845068625e-12,0.06526594161747373,-0.0991647162283867,5.809290341717813e-12,-0.012898025249763712,2.468049652832493e-10,-0.09950155831721574,-1.878661212650659e-09,0.1,0.0,1
12,1224,world,12.24,1.2140000000000002,0.7098099938695154,1.1743556308746343,-0.7134340228032713,1.7773760146753844e-11,0.9978353113595518,1.1713805484704006e-12,0.06576238593593035,-0.09915115574433035,3.562460950193553e-12,-0.013001858119651552,-2.4765518093845846e-10,-0.09950360771677552,1.8707176368339163e-09,0.1,0.0,1
12,1225,world,12.25,1.215,0.7088185507578646,1.1743556308746341,-0.7135645619329462,1.015372286457396e-11,0.9978024695702843,6.742554301097675e-13,0.06625882371006875,-0.09913744074419667,2.0352156158684816e-12,-0.013106023145519608,-4.467286988360688e-10,-0.09950546013769199,3.3488476137849626e-09,0.1,0.0,1
12,1226,world,12.26,1.2160000000000002,0.7078272455734055,1.1743556308746343,-0.7136961443735008,-1.593717214197852e-11,0.9977693802105039,-1.0662684111414384e-12,0.0667552538332911,-0.09912357011736878,-3.194558283544756e-12,-0.013210520322344495,-5.84475887629223e-11,-0.0995071155579686,4.348434579739622e-10,0.1,0.0,1
12,1227,world,12.27,1.217,0.7068360798779731,1.1743556308746341,-0.7138287734464177,5.775442180812642e-12,0.9977360433415875,3.892894962217313e-13,0.06725167519901627,-0.09910954274842901,1.1577087961090747e-12,-0.013315349646078568,2.3417206628653567e-11,-0.09950857395792256,-1.729179120878398e-10,0.1,0.0,1
12,1228,world,12.280000000000001,1.2180000000000002,0.7058450552445764,1.1743556308746341,-0.7139624524730641,-1.4195149315081468e-11,0.9977024590269362,-9.639088265507425e-13,0.06774808670069456,-0.09909535751942194,-2.8455662803395177e-12,-0.013420511096748342,-7.825241366420578e-11,-0.09950983532023167,5.735411557265362e-10,0.1,0.0,1
12,1229,world,12.290000000000001,1.2190000000000003,0.7048541732574275,1.1743556308746341,-0.714097184774638,0.0,0.9976686273319743,0.0,0.06824448723182137,-0.09908101330734256,0.0,-0.013526004657333454,6.674596064375401e-10,-0.09951089962991326,-4.855979449966965e-09,0.1,0.0,1
12,1230,world,12.3,1.2200000000000002,0.7038634355120528,1.1743556308746346,-0.7142329736725994,3.4706226331904936e-11,0.997634548324149,2.3913931146606654e-12,0.06874087568595148,-0.09906650898488704,6.95770088650799e-12,-0.013631830308043592,2.443058760354949e-10,-0.09951176687431375,-1.7643855660836392e-09,0.1,0.0,1
12,1231,world,12.31,1.2210000000000003,0.7028728436152418,1.1743556308746341,-0.7143698224879647,1.7769443617641677e-11,0.997600222072929,1.23326699402628e-12,0.06923725095671364,-0.09905184342260723,3.5624367279564324e-12,-0.013737988010742453,-6.539639333476402e-10,-0.09951243704314405,4.6886035405904616e-09,0.1,0.0,1
12,1232,world,12.32,1.2220000000000002,0.7018823991849552,1.1743556308746343,-0.714507734540307,-1.252083208069781e-11,0.9975656486498045,-8.752535200423161e-13,0.06973361193782396,-0.09903701548677736,-2.5102767162130423e-12,-0.013844477724776103,-5.355637548095289e-10,-0.09951291012841607,3.8120018469485616e-09,0.1,0.0,1
12,1233,world,12.33,1.223,0.7008921038506261,1.1743556308746343,-0.7146467131496014,-2.063113461424284e-11,0.9975308281282858,-1.4525102049530928e-12,0.07022995752310057,-0.09902202403744048,-4.1364397457335134e-12,-0.013951299420790965,-2.0931206942047128e-10,-0.09951318612451494,1.4791430445196708e-09,0.1,0.0,1
12,1234,world,12.34,1.2240000000000002,0.6999019592530892,1.1743556308746343,-0.7147867616353761,-2.7421336201874168e-11,0.9974957605839027,-1.944278221504493e-12,0.07072628660647795,-0.09900686793350455,-5.498034897495586e-12,-0.014058453044257367,1.241974309081599e-10,-0.09951326502817519,-8.714128493054131e-10,0.1,0.0,1
12,1235,world,12.35,1.225,0.6989119670446156,1.1743556308746343,-0.7149278833166555,-1.1849844792791206e-11,0.9974604460942033,-8.46125514366092e-13,0.07122259808202032,-0.09899154602858445,-2.376002728093834e-12,-0.014165938545350452,5.374981703871121e-10,-0.09951314683844749,-3.74459579400552e-09,0.1,0.0,1
12,1236,world,12.36,1.2260000000000002,0.6979221288889581,1.1743556308746343,-0.7150700815118985,1.0312942752801246e-11,0.9974248847387535,7.415423726485892e-13,0.07171889084393673,-0.09897605717351603,2.067913551060954e-12,-0.014273755861191223,4.026574537906612e-10,-0.09951283155674334,-2.785487267451278e-09,0.1,0.0,1
12,1237,world,12.370000000000001,1.2270000000000003,0.6969324464613803,1.1743556308746341,-0.7152133595389406,1.62219152686293e-11,0.9973890765991351,1.1745348886823146e-12,0.07221516378659446,-0.09896040021448262,3.2528759728787077e-12,-0.014381904929091673,-1.4894484406166943e-10,-0.09951231918680126,1.0231727710634704e-09,0.1,0.0,1
12,1238,world,12.38,1.2280000000000002,0.695942921448757,1.1743556308746341,-0.7153577207153066,0.0,0.9973530217589459,0.0,0.07271141580453329,-0.09894457399516982,0.0,-0.014490385671691745,-2.765346334111444e-10,-0.0995116097347054,1.8864765040386796e-09,0.1,0.0,1
12,1239,world,12.39,1.2290000000000003,0.6949535555495817,1.1743556308746343,-0.7155031683579421,-2.7944689456911282e-12,0.9973167203037974,-2.0512690561522389e-13,0.0732076457924802,-0.09892857735418659,-5.603974920859995e-13,-0.014599198014847319,5.202010923192747e-10,-0.09951070320890176,-3.524289123611792e-09,0.1,0.0,1
12,1240,world,12.4,1.2300000000000002,0.6939643504737557,1.1743556308746343,-0.7156497057815272,3.552784378561589e-11,0.9972801723213145,2.6256803613045564e-12,0.07370385264536274,-0.09891240912634226,7.124947364847771e-12,-0.01470834187878036,1.9854422096041625e-10,-0.09950959962015395,-1.335905323131456e-09,0.1,0.0,1
12,1241,world,12.41,1.231,0.6929753079429777,1.1743556308746341,-0.7157973363007841,1.0674291041043982e-11,0.9972433779011338,7.942221419108718e-13,0.07420003525832362,-0.09889606814412048,2.140759434735949e-12,-0.014817817168310626,-5.272140625123937e-10,-0.09950829898157382,3.523246845644695e-09,0.1,0.0,1
12,1242,world,12.42,1.2320000000000002,0.6919864296906525,1.1743556308746343,-0.7159460632294974,0.0,0.9972063371349026,0.0,0.07469619252673493,-0.0988795532364703,0.0,-0.01492762378130026,-8.622449890352446e-11,-0.09950680130861969,5.723262409547352e-10,0.1,0.0,1
12,1243,world,12.43,1.233,0.6909977174619156,1.1743556308746343,-0.7160958898804509,4.902032257442722e-12,0.9971690501162773,3.696416314888748e-13,0.07519232334621151,-0.0988628632264726,9.831897244041095e-13,-0.015037761624117211,3.3890362431866607e-10,-0.09950510661908298,-2.234421337041551e-09,0.1,0.0,1
12,1244,world,12.44,1.2340000000000002,0.6900091730136767,1.1743556308746343,-0.7162468195653602,2.253493555623357e-11,0.9971315169409225,1.7105404724352911e-12,0.07568842661262615,-0.0988459969352747,4.519951844856374e-12,-0.015148230585506234,-3.430705910691711e-10,-0.09950321493309908,2.246813161963935e-09,0.1,0.0,1
12,1245,world,12.450000000000001,1.2350000000000003,0.6890207981146528,1.1743556308746343,-0.7163988555948062,-1.7760822448069344e-11,0.9970937377065089,-1.3570433233421066e-12,0.07618450122212271,-0.098828953181558,-3.5625172973458582e-12,-0.015259030540549343,-3.4600785867012473e-10,-0.09950112627314146,2.2510364860454265e-09,0.1,0.0,1
12,1246,world,12.46,1.2360000000000002,0.688032594545403,1.1743556308746346,-0.7165520012781685,-1.7445602328247575e-13,0.9970557125127127,-1.3416886301152964e-14,0.07668054607113069,-0.09881173077788102,-3.4994226511644146e-14,-0.015370161374545202,5.447447234654157e-10,-0.0994988406640183,-3.5206346476320324e-09,0.1,0.0,1
12,1247,world,12.47,1.2370000000000003,0.6870445640985442,1.1743556308746343,-0.716706259924701,1.7759569374623516e-11,0.9970174414612134,1.3747226632337606e-12,0.07717656005637948,-0.09879432853530506,3.5625378009450428e-12,-0.015481622952979023,2.6926800128089804e-12,-0.09949635813288282,-1.7288688335109682e-11,0.1,0.0,1
12,1248,world,12.48,1.2380000000000002,0.6860567085782716,1.1743556308746343,-0.7168616348401272,0.0,0.9969789246556926,0.0,0.07767254207491184,-0.0987767452604713,0.0,-0.015593415140627929,-4.595899047850283e-10,-0.0994936787092281,2.93166902634196e-09,0.1,0.0,1
12,1249,world,12.49,1.239,0.6850690298008656,1.1743556308746341,-0.717018129329697,-1.1825749493959257e-11,0.9969401622018322,-9.272381916384738e-13,0.0781684910240987,-0.09875897975834956,-2.372407344226369e-12,-0.015705537784167223,4.502199599264116e-10,-0.09474954021311054,-2.8542216223272705e-09,0.1,0.0,1
12,1250,world,12.5,1.2400000000000002,0.6840815295212617,1.1743556308746341,-0.7171757462390439,2.880568101533355e-11,0.9969048827725627,2.271651284651324e-12,0.07861714001554033,-0.09874107534609561,5.779016901764082e-12,-0.01581771284025195,1.858778943817487e-10,-0.08515262407117519,-1.1715506672993085e-09,0.1,0.0,1
12,1251,world,12.51,1.241,0.6830942077634022,1.1743556308746341,-0.7173344775908184,0.0,0.9968732382494644,0.0,0.0790173832901763,-0.09872330722306438,0.0,-0.015928233139317294,-1.8541962800485442e-10,-0.08029915125501896,1.1622664830015076e-09,0.1,0.0,1
12,1252,world,12.52,1.2420000000000002,0.6821070627464003,1.1743556308746341,-0.7174943044177156,1.7071385944347906e-11,0.9968414324833648,1.3600647107050605e-12,0.07941762074321689,-0.09870572824434959,3.425088311056574e-12,-0.016036808028800694,7.314508255857112e-11,-0.08030048701543499,-4.5614087788262735e-10,0.1,0.0,1
12,1253,world,12.530000000000001,1.2430000000000003,0.6811200925466928,1.1743556308746343,-0.7176552072692028,4.604943175680978e-12,0.9968094655123755,3.687331276746659e-13,0.07981785179352098,-0.09868834481433338,9.239339606286014e-13,-0.01614343822756602,-2.725115706588997e-10,-0.0803017192485751,1.6907270669849403e-09,0.1,0.0,1
12,1254,world,12.540000000000001,1.2440000000000002,0.6801332951772676,1.1743556308746341,-0.7178171667021118,0.0,0.9967773373754671,0.0,0.08021807585995991,-0.09867116321764197,0.0,-0.016248124484920193,-3.165184398675038e-10,-0.08030284794489516,1.9537680973366395e-09,0.1,0.0,1
12,1255,world,12.55,1.2450000000000003,0.679146668588871,1.1743556308746343,-0.7179801632809073,-1.5123335839614418e-11,0.9967450481124691,-1.223198963974627e-12,0.08061829236142236,-0.09865418961965336,-3.0345322746569948e-12,-0.016350867576048693,-2.641088633636216e-10,-0.08030387309566385,1.6220082034366661e-09,0.1,0.0,1
12,1256,world,12.56,1.2460000000000002,0.6781602106713115,1.1743556308746341,-0.7181441775786647,-1.6379671470130363e-11,0.9967125977640691,-1.3314333818204027e-12,0.0810185007168188,-0.09863743006595216,-3.28672380803119e-12,-0.016451668303986654,-4.1977568415275524e-11,-0.0803047946929617,2.5650388681726776e-10,0.1,0.0,1
12,1257,world,12.57,1.247,0.6771739192543952,1.1743556308746343,-0.7183091901757573,-1.7712879786354923e-11,0.9966799863718129,-1.4469635904134422e-12,0.08141870034508696,-0.09862089048491299,-3.5543577355920087e-12,-0.01655052748291728,5.551454340368925e-10,-0.0803056127296482,-3.3752074638283116e-09,0.1,0.0,1
12,1258,world,12.58,1.2480000000000002,0.6761877921091448,1.1743556308746341,-0.718475181660184,1.7712287863014996e-11,0.9966472139781041,1.4540749462490767e-12,0.0818188906651961,-0.09860457668386387,3.5543536944376327e-12,-0.016647445960146886,1.6138179223451275e-10,-0.08030632719938435,-9.762826871073772e-10,0.1,0.0,1
12,1259,world,12.59,1.249,0.6752018269491942,1.174355630874634,-0.7186421326291321,-7.849904020907026e-12,0.9966142806262039,-6.47604423636586e-13,0.08221907109615192,-0.09858849435618075,-1.5753042111608125e-12,-0.01674242457296186,-1.9395638378739284e-10,-0.08030693809665873,1.167515646646689e-09,0.1,0.0,1
12,1260,world,12.6,1.2500000000000002,0.674216021431869,1.1743556308746346,-0.7188100236883934,5.9164105696881835e-12,0.9965811863602307,4.90486232069581e-13,0.08261924105700198,-0.09857264907154237,1.187333139102095e-12,-0.01683546420561545,3.1257047909251504e-10,-0.08030744541673618,-1.87220884746744e-09,0.1,0.0,1
12,1261,world,12.61,1.2510000000000001,0.6732303731593532,1.1743556308746341,-0.7189788354524878,1.1066309833146329e-11,0.9965479312251598,9.219008673927695e-13,0.0830193999668396,-0.09855704628677893,2.2209122679555366e-12,-0.016926565724496977,-1.1049045742714955e-10,-0.08030784915568513,6.585501284415511e-10,0.1,0.0,1
12,1262,world,12.620000000000001,1.2520000000000002,0.672244879679876,1.1743556308746341,-0.7191485485447641,-7.38257581967114e-13,0.9965145152668229,-6.180051799973514e-14,0.08341954724480966,-0.09854169133756481,-1.481667940717636e-13,-0.017015730026422753,-7.14341523370432e-10,-0.08030814931038666,4.236796730111572e-09,0.1,0.0,1
12,1263,world,12.63,1.2530000000000003,0.671259538489026,1.1743556308746343,-0.7193191435983497,-3.174918170525753e-11,0.9964809385319079,-2.670604344987693e-12,0.08381968231011268,-0.09852658944624175,-6.372208760190237e-12,-0.017102957992456334,-6.132883885432339e-11,-0.08030834587851804,3.61971167680221e-10,0.1,0.0,1
12,1264,world,12.64,1.2540000000000002,0.6702743470305281,1.1743556308746346,-0.7194906012538886,-4.396462786420937e-12,0.9964472010679583,-3.7158941921619973e-13,0.08421980458200999,-0.09851174571420536,-8.824202251338243e-13,-0.017188250531678453,5.875591380362389e-10,-0.08030843885855701,-3.4510247258683347e-09,0.1,0.0,1
12,1265,world,12.65,1.2550000000000001,0.6692893026976915,1.174355630874634,-0.7196629021612378,3.1342632841661797e-12,0.9964133029233735,2.661757798204969e-13,0.08461991347982872,-0.0984971651283944,6.291036785762552e-13,-0.017271608543207757,2.135130206805031e-10,-0.08030842824978358,-1.2480091045171531e-09,0.1,0.0,1
12,1266,world,12.66,1.2560000000000002,0.6683044028346091,1.1743556308746343,-0.7198360269796238,8.21940773265774e-12,0.9963792441474073,7.013535446137539e-13,0.08502000842296649,-0.09848285256017704,1.6498409407665309e-12,-0.017353032922530636,-3.5438815025982413e-10,-0.08030831405228278,2.061479625385044e-09,0.1,0.0,1
12,1267,world,12.67,1.2570000000000001,0.6673196447372425,1.1743556308746343,-0.7200099563772787,-1.7706689418146095e-11,0.9963450247901687,-1.5180554379921348e-12,0.08542008883089593,-0.09846881276270003,-3.5542979370845796e-12,-0.017432524576329305,-8.633903598433265e-11,-0.0803080962669269,4.998307723041842e-10,0.1,0.0,1
12,1268,world,12.68,1.2580000000000002,0.6663350256545916,1.1743556308746343,-0.7201846710314139,3.1652268549757406e-12,0.9963106449026204,2.7264614497355406e-13,0.08582015412317008,-0.09845505037504854,6.353840600411301e-13,-0.017510084398615997,5.855031626970264e-10,-0.08030777489541739,-3.373419616854395e-09,0.1,0.0,1
12,1269,world,12.69,1.2590000000000001,0.6653505427898433,1.1743556308746341,-0.7203601516281747,1.6405567581035952e-11,0.9962761045365791,1.4197784856314495e-12,0.08622020371942682,-0.0984415699208178,3.293349736942201e-12,-0.017585713278816455,-6.331388001003656e-10,-0.0803073499402342,3.6305688283562724e-09,0.1,0.0,1
12,1270,world,12.700000000000001,1.2600000000000002,0.6643661933016638,1.1743556308746343,-0.7205363788633208,-3.355009357562708e-11,0.9962414037447145,-2.9170811886466757e-12,0.08662023703939394,-0.09842837580927662,-6.735278406801128e-12,-0.017659412095191958,9.813451863236827e-11,-0.08030682140466024,-5.600688010145e-10,0.1,0.0,1
12,1271,world,12.71,1.2610000000000003,0.6633819743049783,1.1743556308746341,-0.7207133334401215,2.2068864918564277e-11,0.9962065425805495,1.9277510613009277e-12,0.08702025350289376,-0.09841547233162401,4.430544873347401e-12,-0.017731181735669836,5.838871485232734e-10,-0.08030618929279955,-3.3166639340973766e-09,0.1,0.0,1
12,1272,world,12.72,1.2620000000000002,0.6623978828723941,1.1743556308746343,-0.7208909960707989,0.0,0.9961715210984591,0.0,0.08742025252984804,-0.09840286367002972,0.0,-0.017801023047497765,-2.401617379782533e-10,-0.08030545360953315,1.357808062082111e-09,0.1,0.0,1
12,1273,world,12.73,1.2630000000000001,0.6614139160353425,1.1743556308746343,-0.7210693474764112,8.331749086412836e-12,0.9961363393536701,7.345341412226421e-13,0.08782023354028297,-0.09839055388848049,1.672801002585704e-12,-0.017868936888299155,-2.08616527916105e-10,-0.0803046143605553,1.1739625838443817e-09,0.1,0.0,1
12,1274,world,12.74,1.2640000000000002,0.6604300707851727,1.1743556308746341,-0.7212483683864507,-1.1877052747580739e-11,0.9961009974022609,-1.0518972709434958e-12,0.08822019595433388,-0.09837854693852181,-2.3846926068110862e-12,-0.01793492409420966,1.0687667070120937e-10,-0.08030367155236123,-5.986435658063772e-10,0.1,0.0,1
12,1275,world,12.75,1.2650000000000001,0.6594463440742876,1.1743556308746343,-0.7214280395386923,1.4388321335150961e-11,0.9960654953011605,1.2801317237461078e-12,0.08862013919224977,-0.09836684665745075,2.889013447688106e-12,-0.017998985490009493,5.101882042680994e-10,-0.0803026251922514,-2.8444904400689594e-09,0.1,0.0,1
12,1276,world,12.76,1.2660000000000002,0.6584627328172677,1.1743556308746343,-0.7216083416790274,1.690787936742171e-11,0.9960298331081485,1.5111399588124865e-12,0.08902006267439883,-0.09835545677144653,3.3950359643308053e-12,-0.018061121872134985,-6.022631713173126e-10,-0.08030147528831799,3.342394889258761e-09,0.1,0.0,1
12,1277,world,12.77,1.2670000000000001,0.6574792338921167,1.1743556308746343,-0.7217892555618475,-1.9438876302399367e-11,0.9959940108818539,-1.745214966730039e-12,0.08941996582127237,-0.09834438089376284,-3.903393032922053e-12,-0.018121334018843558,-3.0236954550824686e-10,-0.0803002218494539,1.6703809637615798e-09,0.1,0.0,1
12,1278,world,12.780000000000001,1.2680000000000002,0.6564958441411125,1.1743556308746341,-0.7219707619483617,0.0,0.9959580286817552,0.0,0.08981984805349054,-0.09833362252218975,0.0,-0.01817962270410199,-9.182330744801649e-11,-0.08029886488536327,5.049460963461967e-10,0.1,0.0,1
12,1279,world,12.790000000000001,1.2690000000000003,0.6555125603721101,1.1743556308746341,-0.7221528416073846,-2.454880934637366e-11,0.9959218865681795,-2.2238555656681874e-12,0.09021970879180644,-0.09832318504481859,-4.929848441761964e-12,-0.018235988666435457,1.6586203095447449e-10,-0.06298698015992597,-9.088404036473676e-10,0.1,0.0,1
12,1280,world,12.8,1.2700000000000002,0.6545293793518208,1.1743556308746341,-0.7223354752729733,9.200645383840194e-12,0.9959012563094437,8.355970889690061e-13,0.09044715408055565,-0.09831307506095703,1.8476951036374232e-12,-0.018290414759065208,7.639172947689974e-10,-0.03862983079973458,-4.1726643237003426e-09,0.1,0.0,1
12,1281,world,12.81,1.2710000000000001,0.6535462977361626,1.1743556308746343,-0.7225186432648487,1.7697731717717175e-11,0.9958869605392826,1.610115273573515e-12,0.09060442499033643,-0.0983033051009695,3.554148606003043e-12,-0.018342851638327783,-4.163289214061248e-10,-0.031583898451926815,2.2691205015121e-09,0.1,0.0,1
12,1282,world,12.82,1.2720000000000002,0.6525633121038252,1.1743556308746343,-0.7227023256664987,-1.3774375849981887e-11,0.9958726398999231,-1.2553670378364909e-12,0.09076169400555574,-0.09829387891735833,-2.766278380228924e-12,-0.018393296805621896,-3.5047228919918173e-10,-0.03158396859947919,1.906788547948277e-09,0.1,0.0,1
12,1283,world,12.83,1.2730000000000001,0.6515804190015516,1.174355630874634,-0.7228865025631228,-1.609779298751378e-12,0.995858294394414,-1.469681602813947e-13,0.09091896109090107,-0.09828479959050855,-3.2329299441103307e-13,-0.018441750715525104,5.592103235104424e-10,-0.031584032445956325,-3.037058661435153e-09,0.1,0.0,1
12,1284,world,12.84,1.2740000000000002,0.650597614945923,1.1743556308746341,-0.7230711540446025,1.6978805850900596e-11,0.9958439240258242,1.5528191970273178e-12,0.0910762262110613,-0.09827607007522403,3.4099116642151054e-12,-0.018488213828535747,-5.039426951513102e-10,-0.03158408999125966,2.7320558931733476e-09,0.1,0.0,1
12,1285,world,12.85,1.2750000000000001,0.6496148964245625,1.1743556308746341,-0.7232562602052521,-2.9275317022521665e-11,0.9958295287972436,-2.682074839108008e-12,0.09123348933072664,-0.0982676932105904,-5.879544154617621e-12,-0.01853268655832957,-3.098026676862948e-10,-0.03158414123533582,1.676583836128642e-09,0.1,0.0,1
12,1286,world,12.86,1.276,0.6486322598972505,1.1743556308746341,-0.7234418011430974,0.0,0.9958151087117821,0.0,0.091390750414589,-0.09825967170459332,0.0,-0.01857516935334756,5.744079226044119e-10,-0.03158418617812637,-3.1030838086603142e-09,0.1,0.0,1
12,1287,world,12.870000000000001,1.2770000000000004,0.6476497017973385,1.1743556308746343,-0.7236277569608098,2.1510082874431426e-12,0.9958006637725701,1.977509497042368e-13,0.0915480094273418,-0.09825200814917265,4.320125581831971e-13,-0.01861566261659551,-1.8570263589459673e-10,-0.03158422481957251,1.001441019153626e-09,0.1,0.0,1
12,1288,world,12.88,1.2780000000000002,0.6466672185328933,1.1743556308746341,-0.723814107765169,-1.0142215837428903e-11,0.9957861939827589,-9.340304276212803e-13,0.09170526633367988,-0.09824470501010756,-2.037010732381247e-12,-0.018654166759117075,-1.740896361076824e-10,-0.031584257159618725,9.371642367283778e-10,0.1,0.0,1
12,1289,world,12.89,1.2790000000000001,0.6456848064879271,1.1743556308746343,-0.7240008336669358,-7.340717406658807e-12,0.9957716993455199,-6.772002137528773e-13,0.09186252109829988,-0.09823776463126634,-1.4743656317470976e-12,-0.01869068217727535,1.3496940011175607e-10,-0.03158428319823639,-7.252952647329709e-10,0.1,0.0,1
12,1290,world,12.9,1.2800000000000002,0.644702462023611,1.1743556308746341,-0.7241879147807172,-2.7957562872165182e-12,0.9957571798640449,-2.5836104025453473e-13,0.09201977368590016,-0.09823118923744732,-5.615291075552639e-13,-0.018725209237731247,-1.9057659436315407e-10,-0.03158430293539789,1.0223205014398588e-09,0.1,0.0,1
12,1291,world,12.91,1.2810000000000001,0.6437201814795044,1.1743556308746341,-0.7243753312248189,-1.7695549673538254e-11,0.9957426355415463,-1.6380970843399184e-12,0.09217702406118068,-0.09822498092857976,-3.55421206637827e-12,-0.01875774830783654,-5.64398720522659e-10,-0.03158431637107336,3.022336093665182e-09,0.1,0.0,1
12,1292,world,12.92,1.2820000000000003,0.6427379611748167,1.1743556308746341,-0.7245630631214145,-3.341016111480513e-11,0.9957280663812569,-3.0981379499112526e-12,0.09233427218884328,-0.098219141683573,-6.710644187450848e-12,-0.018788299735266464,8.075560690658968e-11,-0.03158432350524474,-4.316879159081326e-10,0.1,0.0,1
12,1293,world,12.93,1.2830000000000001,0.6417557974094664,1.1743556308746341,-0.7247510905954302,-1.3322092735355506e-11,0.99571347238643,-1.2374850945062953e-12,0.09249151803359155,-0.09821367336100122,-2.675866879932316e-12,-0.01881686384439664,5.410685294231853e-10,-0.03158432433791,-2.8872951848510034e-09,0.1,0.0,1
12,1294,world,12.94,1.284,0.640773686465442,1.1743556308746343,-0.7249393937752328,-4.159981205218182e-12,0.9956988535603394,-3.8708200315661966e-13,0.09264876156013103,-0.0982085776958923,-8.355835385640955e-13,-0.018843440953018358,4.049379909953708e-10,-0.03158431886906484,-2.1571004723005396e-09,0.1,0.0,1
12,1295,world,12.950000000000001,1.2850000000000004,0.6397916246079878,1.1743556308746343,-0.7251279527922893,8.531371727605698e-12,0.995684209906279,7.951943999838892e-13,0.09280600273316916,-0.09820385630298477,1.7136568942260178e-12,-0.018868031355250663,-1.373513066077607e-10,-0.03158430709870873,7.303967148950944e-10,0.1,0.0,1
12,1296,world,12.96,1.2860000000000003,0.6388096080868136,1.1743556308746343,-0.7253167477809072,-1.155966461874051e-11,0.9956695414275637,-1.0792977479973194e-12,0.09296324151741517,-0.09819951067735504,-2.3219709618262588e-12,-0.018890635318274382,3.1381592151797925e-11,-0.03158428902687082,-1.6658902247567454e-10,0.1,0.0,1
12,1297,world,12.97,1.2870000000000001,0.6378276331372948,1.1743556308746341,-0.7255057588780416,1.0218944711016842e-11,0.9956548481275281,9.557458758766354e-13,0.09312047787758057,-0.09819554219002138,2.052693860490922e-12,-0.01891125310516816,2.152851250490152e-10,-0.03158426465356828,-1.1408591749288927e-09,0.1,0.0,1
12,1298,world,12.98,1.2880000000000003,0.6368456959816802,1.1743556308746341,-0.7256949662230989,0.0,0.995640130009528,0.0,0.09327771177837876,-0.09819195209321256,0.0,-0.018929884947464715,1.1974735841971815e-10,-0.03158423397881373,-6.334783591480852e-10,0.1,0.0,1
12,1299,world,12.99,1.2890000000000001,0.6358637928303308,1.1743556308746341,-0.7258843499578179,1.663740953668972e-11,0.995625387076939,1.5613456978655294e-12,0.09343494318452515,-0.09818874151818396,3.342082135739237e-12,-0.018946531056508963,2.661293366561634e-10,-0.03158419700266474,-1.4054248556746428e-09,0.1,0.0,1
12,1300,world,13.0,1.2900000000000003,0.6348819198828817,1.1743556308746341,-0.7260738902258669,1.4241212979054328e-11,0.9956106193331574,1.3387423050810691e-12,0.09359217206073758,-0.0981859114743844,2.8607840805255566e-12,-0.018961191627752533,-3.1142164472640617e-10,-0.03158415372516017,1.641776055632082e-09,0.1,0.0,1
12,1301,world,13.01,1.2910000000000001,0.6339000733294516,1.1743556308746343,-0.7262635671726158,0.0,0.9955958267816,0.0,0.09374939837173575,-0.09818346285158987,0.0,-0.018973866829681114,-1.1249557226450644e-10,-0.03158410414634654,5.920412967562168e-10,0.1,0.0,1
12,1302,world,13.02,1.292,0.6329182493518899,1.1743556308746341,-0.7264533609451651,8.241076467831683e-12,0.9955810094257037,7.773266525663658e-13,0.09390662208224182,-0.09818139641791414,1.6555240386146953e-12,-0.018984556814115983,-3.322906295225885e-10,-0.03158404826627921,1.7457711591620218e-09,0.1,0.0,1
12,1303,world,13.030000000000001,1.2930000000000004,0.6319364441249677,1.1743556308746341,-0.726643251691993,-1.7692344977648312e-11,0.995566167268926,-1.67162165385955e-12,0.09406384315698012,-0.09817971282224627,-3.55421501381174e-12,-0.018993261703595117,-4.8787687457431e-10,-0.031583986085036785,2.5587820573940235e-09,0.1,0.0,1
12,1304,world,13.040000000000001,1.2940000000000003,0.6309546538175727,1.1743556308746341,-0.7268332195627301,-1.769206595163758e-11,0.9955513003147448,-1.6744142010942024e-12,0.0942210615606773,-0.09817841259054845,-3.5542142900663906e-12,-0.018999981610518406,3.7627548895926817e-10,-0.03158391760269559,-1.9700807519326013e-09,0.1,0.0,1
12,1305,world,13.05,1.2950000000000002,0.6299728745939204,1.1743556308746343,-0.7270232447079329,2.2755801563094635e-12,0.9955364085666583,2.1572825771820033e-13,0.09437827725806246,-0.0981774961307258,4.571555128855249e-13,-0.019004716611970986,3.3394271765885626e-10,-0.0314902856015824,-1.7454543738673025e-09,0.1,0.0,1
12,1306,world,13.06,1.2960000000000003,0.6289911026147603,1.1743556308746341,-0.727213307278858,0.0,0.9955215804725239,0.0,0.09453455883161573,-0.09817696373020757,0.0,-0.019007466762236122,-4.301536496351388e-11,-0.0277493716537437,2.2449435852112633e-10,0.1,0.0,1
12,1307,world,13.07,1.2970000000000002,0.6280093340385651,1.1743556308746343,-0.7274033874271993,0.0,0.9955101808585509,0.0,0.09465452871878452,-0.09817681555501917,0.0,-0.019008232097587254,2.9430282794424923e-10,-0.024102057724400633,-1.5336443641406708e-09,0.1,0.0,1
12,1308,world,13.08,1.2980000000000003,0.627027565022756,1.1743556308746343,-0.7275934653048856,1.5545978342233712e-11,0.995498766783424,1.480024216110275e-12,0.09477449726947733,-0.09817705165015796,3.1232511045067355e-12,-0.019007012634346773,3.383265204505907e-10,-0.024102063991940082,-1.7607636254697713e-09,0.1,0.0,1
12,1309,world,13.09,1.2990000000000002,0.6260457917248949,1.1743556308746341,-0.7277835210638517,1.784882235305971e-11,0.9954873382486235,1.7014324276169522e-12,0.09489446446801261,-0.09817767194235509,3.5859443615369445e-12,-0.0190038083546247,-2.9504207357216e-10,-0.02410206745925818,1.5335023198610574e-09,0.1,0.0,1
12,1310,world,13.1,1.3,0.6250640103038898,1.1743556308746341,-0.7279735348558002,0.0,0.9954758952556368,0.0,0.09501443029870948,-0.0981786762376689,0.0,-0.018998619218748243,-6.485938770097497e-10,-0.024102068126352457,3.3667392398242918e-09,0.1,0.0,1
12,1311,world,13.11,1.3010000000000002,0.6240822169211955,1.1743556308746343,-0.728163486831969,-1.6282530445776448e-11,0.9954644378059588,-1.5560864055621628e-12,0.09513439474588785,-0.09818006421841888,-3.2713430319666353e-12,-0.01899144518111109,3.145827734213114e-10,-0.024102065993224106,-1.63082891423312e-09,0.1,0.0,1
12,1312,world,13.120000000000001,1.3020000000000003,0.6231004077420258,1.1743556308746346,-0.7283533571428981,1.6533407603962343e-11,0.9954529659010906,1.5820728627134045e-12,0.09525435779386805,-0.09818183544957067,3.321785737999266e-12,-0.018982286157189568,-9.621742445712412e-12,-0.024102061059868743,4.981552367228811e-11,0.1,0.0,1
12,1313,world,13.13,1.3030000000000002,0.6221185789365543,1.1743556308746341,-0.7285431259382031,-1.6787204328165137e-11,0.9954414795425405,-1.6084001126977684e-12,0.09537431942697122,-0.09818398937607446,-3.372815866793352e-12,-0.01897114203728649,-3.1508123075948023e-10,-0.018094222263200822,1.6297150159218602e-09,0.1,0.0,1
12,1314,world,13.14,1.3040000000000003,0.6211367299120014,1.1743556308746343,-0.7287327900954497,9.9460950742912e-15,0.9954357140703612,9.535526557040526e-16,0.09543447570574294,-0.09818521336290625,1.9983398832868147e-15,-0.01896480627057863,3.205034768771229e-10,-0.006043193316635633,-1.6566895730453516e-09,0.1,0.0,0
12,1315,world,13.15,1.3050000000000002,0.6201548777783713,1.1743556308746343,-0.7289224381581492,9.946098153645804e-15,0.9954357140703612,9.53552950928132e-16,0.09543447570574294,-0.09818521336290746,1.998340501981596e-15,-0.018964806270572336,0.0,0.0,0.0,0.1,0.0,0
12,1316,world,13.16,1.3060000000000003,0.6191730256447409,1.1743556308746343,-0.7291120862208487,9.946101233000407e-15,0.9954357140703612,9.535532461522113e-16,0.09543447570574294,-0.09818521336290868,1.9983411206763775e-15,-0.018964806270566043,0.0,0.0,0.0,0.1,0.0,0
12,1317,world,13.17,1.3070000000000002,0.6181911735111107,1.1743556308746343,-0.7293017342835482,9.94610431235501e-15,0.9954357140703612,9.535535413762904e-16,0.09543447570574294,-0.09818521336290989,1.998341739371159e-15,-0.018964806270559752,0.0,0.0,0.0,0.1,0.0,0
12,1318,world,13.18,1.308,0.6172093213774805,1.1743556308746343,-0.7294913823462477,9.946107391709616e-15,0.9954357140703612,9.535538366003698e-16,0.09543447570574294,-0.09818521336291111,1.998342358065941e-15,-0.01896480627055346,0.0,0.0,0.0,0.1,0.0,0
12,1319,world,13.19,1.3090000000000002,0.6162274692438502,1.1743556308746343,-0.7296810304089473,9.946110471064218e-15,0.9954357140703612,9.535541318244488e-16,0.09543447570574294,-0.09818521336291232,1.998342976760722e-15,-0.018964806270547165,0.0,0.0,0.0,0.1,0.0,0
12,1320,world,13.200000000000001,1.3100000000000003,0.6152456171102199,1.1743556308746346,-0.7298706784716468,9.946113550418824e-15,0.9954357140703612,9.53554427048528e-16,0.09543447570574294,-0.09818521336291354,1.998343595455504e-15,-0.01896480627054087,0.0,0.0,0.0,0.1,0.0,0
12,1321,world,13.21,1.3110000000000002,0.6142637649765896,1.1743556308746346,-0.7300603265343463,9.946116629773425e-15,0.9954357140703612,9.535547222726073e-16,0.09543447570574294,-0.09818521336291475,1.998344214150285e-15,-0.018964806270534578,0.0,0.0,0.0,0.1,0.0,0
12,1322,world,13.22,1.3120000000000003,0.6132819128429593,1.1743556308746346,-0.7302499745970459,9.94611970912803e-15,0.9954357140703612,9.535550174966868e-16,0.09543447570574294,-0.09818521336291597,1.9983448328450667e-15,-0.018964806270528288,0.0,0.0,0.0,0.1,0.0,0
12,1323,world,13.23,1.3130000000000002,0.6123000607093291,1.1743556308746346,-0.7304396226597454,9.946122788482633e-15,0.9954357140703612,9.535553127207658e-16,0.09543447570574294,-0.09818521336291719,1.998345451539848e-15,-0.01896480627052199,0.0,0.0,0.0,0.1,0.0,0
12,1324,world,13.24,1.3140000000000003,0.6113182085756987,1.1743556308746346,-0.7306292707224449,9.946125867837237e-15,0.9954357140703612,9.53555607944845e-16,0.09543447570574294,-0.09818521336291841,1.99834607023463e-15,-0.0189648062705157,0.0,0.0,0.0,0.1,0.0,0
12,1325,world,13.25,1.3150000000000002,0.6103363564420685,1.1743556308746346,-0.7308189187851444,9.94612894719184e-15,0.9954357140703612,9.53555903168924e-16,0.09543447570574294,-0.09818521336291962,1.9983466889294113e-15,-0.018964806270509407,0.0,0.0,0.0,0.1,0.0,0
12,1326,world,13.26,1.316,0.6093545043084384,1.1743556308746346,-0.7310085668478439,9.946132026546443e-15,0.9954357140703612,9.535561983930035e-16,0.09543447570574294,-0.09818521336292084,1.9983473076241927e-15,-0.018964806270503114,0.0,0.0,0.0,0.1,0.0,0
12,1327,world,13.27,1.3170000000000002,0.608372652174808,1.1743556308746346,-0.7311982149105434,9.946135105901045e-15,0.9954357140703612,9.535564936170826e-16,0.09543447570574294,-0.09818521336292205,1.998347926318974e-15,-0.01896480627049682,0.0,0.0,0.0,0.1,0.0,0
12,1328,world,13.280000000000001,1.3180000000000003,0.6073908000411776,1.1743556308746346,-0.731387862973243,9.946138185255652e-15,0.9954357140703612,9.53556788841162e-16,0.09543447570574294,-0.09818521336292327,1.998348545013756e-15,-0.018964806270490527,0.0,0.0,0.0,0.1,0.0,0
12,1329,world,13.290000000000001,1.3190000000000002,0.6064089479075475,1.1743556308746346,-0.7315775110359425,9.946141264610255e-15,0.9954357140703612,9.53557084065241e-16,0.09543447570574294,-0.09818521336292448,1.9983491637085372e-15,-0.018964806270484233,0.0,0.0,0.0,0.1,0.0,0
12,1330,world,13.3,1.3200000000000003,0.6054270957739171,1.1743556308746346,-0.731767159098642,9.946144343964859e-15,0.9954357140703612,9.535573792893203e-16,0.09543447570574294,-0.0981852133629257,1.998349782403319e-15,-0.018964806270477943,0.0,0.0,0.0,0.1,0.0,0
12,1331,world,13.31,1.3210000000000002,0.604445243640287,1.1743556308746348,-0.7319568071613415,9.946147423319461e-15,0.9954357140703612,9.535576745133995e-16,0.09543447570574294,-0.0981852133629269,1.9983504010981e-15,-0.018964806270471646,0.0,0.0,0.0,0.1,0.0,0
12,1332,world,13.32,1.3220000000000003,0.6034633915066565,1.1743556308746348,-0.7321464552240411,9.946150502674067e-15,0.9954357140703612,9.53557969737479e-16,0.09543447570574294,-0.09818521336292813,1.998351019792882e-15,-0.018964806270465356,0.0,0.0,0.0,0.1,0.0,0
12,1333,world,13.33,1.3230000000000002,0.6024815393730264,1.1743556308746348,-0.7323361032867406,9.946153582028669e-15,0.9954357140703612,9.535582649615578e-16,0.09543447570574294,-0.09818521336292935,1.998351638487663e-15,-0.01896480627045906,0.0,0.0,0.0,0.1,0.0,0
12,1334,world,13.34,1.324,0.6014996872393962,1.1743556308746348,-0.7325257513494401,9.946156661383273e-15,0.9954357140703612,9.535585601856372e-16,0.09543447570574294,-0.09818521336293057,1.998352257182445e-15,-0.01896480627045277,0.0,0.0,0.0,0.1,0.0,0
12,1335,world,13.35,1.3250000000000002,0.6005178351057658,1.1743556308746348,-0.7327153994121396,9.946159740737875e-15,0.9954357140703612,9.535588554097163e-16,0.09543447570574294,-0.09818521336293178,1.9983528758772256e-15,-0.01896480627044647,0.0,0.0,0.0,0.1,0.0,0
12,1336,world,13.36,1.326,0.5995359829721356,1.1743556308746348,-0.7329050474748391,9.946162820092479e-15,0.9954357140703612,9.535591506337955e-16,0.09543447570574294,-0.098185213362933,1.998353494572008e-15,-0.018964806270440185,0.0,0.0,0.0,0.1,0.0,0
12,1337,world,13.370000000000001,1.3270000000000002,0.5985541308385053,1.1743556308746348,-0.7330946955375387,9.946165899447081e-15,0.9954357140703612,9.535594458578748e-16,0.09543447570574294,-0.0981852133629342,1.998354113266789e-15,-0.018964806270433884,0.0,0.0,0.0,0.1,0.0,0
12,1338,world,13.38,1.3280000000000003,0.597572278704875,1.1743556308746348,-0.7332843436002382,9.946168978801689e-15,0.9954357140703612,9.535597410819542e-16,0.09543447570574294,-0.09818521336293543,1.9983547319615706e-15,-0.018964806270427598,0.0,0.0,0.0,0.1,0.0,0
12,1339,world,13.39,1.3290000000000002,0.5965904265712447,1.1743556308746348,-0.7334739916629377,9.946172058156291e-15,0.9954357140703612,9.535600363060332e-16,0.09543447570574294,-0.09818521336293663,1.998355350656352e-15,-0.018964806270421297,0.0,0.0,0.0,0.1,0.0,0
12,1340,world,13.4,1.3300000000000003,0.5956085744376144,1.1743556308746348,-0.7336636397256373,9.946175137510893e-15,0.9954357140703612,9.535603315301123e-16,0.09543447570574294,-0.09818521336293785,1.9983559693511334e-15,-0.01896480627041501,0.0,0.0,0.0,0.1,0.0,0
12,1341,world,13.41,1.3310000000000002,0.5946267223039842,1.1743556308746348,-0.7338532877883368,9.946178216865497e-15,0.9954357140703612,9.535606267541915e-16,0.09543447570574294,-0.09818521336293906,1.998356588045915e-15,-0.018964806270408714,0.0,0.0,0.0,0.1,0.0,0
12,1342,world,13.42,1.332,0.593644870170354,1.174355630874635,-0.7340429358510363,9.9461812962201e-15,0.9954357140703612,9.53560921978271e-16,0.09543447570574294,-0.09818521336294028,1.9983572067406962e-15,-0.01896480627040242,0.0,0.0,0.0,0.1,0.0,0
12,1343,world,13.43,1.3330000000000002,0.5926630180367236,1.174355630874635,-0.7342325839137358,9.946184375574705e-15,0.9954357140703612,9.535612172023502e-16,0.09543447570574294,-0.0981852133629415,1.9983578254354784e-15,-0.01896480627039613,0.0,0.0,0.0,0.1,0.0,0
12,1344,world,13.44,1.334,0.5916811659030935,1.174355630874635,-0.7344222319764353,9.946187454929309e-15,0.9954357140703612,9.535615124264294e-16,0.09543447570574294,-0.09818521336294271,1.9983584441302594e-15,-0.018964806270389836,0.0,0.0,0.0,0.1,0.0,0
12,1345,world,13.450000000000001,1.3350000000000002,0.5906993137694632,1.174355630874635,-0.7346118800391349,9.946190534283911e-15,0.9954357140703612,9.535618076505085e-16,0.09543447570574294,-0.09818521336294393,1.9983590628250412e-15,-0.018964806270383543,0.0,0.0,0.0,0.1,0.0,0
12,1346,world,13.46,1.3360000000000003,0.5897174616358327,1.174355630874635,-0.7348015281018344,9.946193613638515e-15,0.9954357140703612,9.535621028745877e-16,0.09543447570574294,-0.09818521336294514,1.9983596815198222e-15,-0.01896480627037725,0.0,0.0,0.0,0.1,0.0,0
12,1347,world,13.47,1.3370000000000002,0.5887356095022026,1.174355630874635,-0.7349911761645339,9.94619669299312e-15,0.9954357140703612,9.535623980986672e-16,0.09543447570574294,-0.09818521336294636,1.998360300214604e-15,-0.018964806270370956,0.0,0.0,0.0,0.1,0.0,0
12,1348,world,13.48,1.3380000000000003,0.5877537573685722,1.174355630874635,-0.7351808242272335,9.946199772347723e-15,0.9954357140703612,9.535626933227464e-16,0.09543447570574294,-0.09818521336294757,1.9983609189093854e-15,-0.018964806270364662,0.0,0.0,0.0,0.1,0.0,0
12,1349,world,13.49,1.3390000000000002,0.586771905234942,1.174355630874635,-0.735370472289933,9.946202851702327e-15,0.9954357140703612,9.535629885468254e-16,0.09543447570574294,-0.09818521336294879,1.9983615376041672e-15,-0.018964806270358372,0.0,0.0,0.0,0.1,0.0,0
12,1350,world,13.5,1.34,0.5857900531013118,1.174355630874635,-0.7355601203526325,9.94620593105693e-15,0.9954357140703612,9.535632837709045e-16,0.09543447570574294,-0.09818521336295,1.9983621562989482e-15,-0.018964806270352075,0.0,0.0,0.0,0.1,0.0,0
12,1351,world,13.51,1.3410000000000002,0.5848082009676815,1.174355630874635,-0.735749768415332,9.946209010411537e-15,0.9954357140703612,9.53563578994984e-16,0.09543447570574294,-0.09818521336295122,1.99836277499373e-15,-0.018964806270345785,0.0,0.0,0.0,0.1,0.0,0
12,1352,world,13.52,1.342,0.5838263488340513,1.174355630874635,-0.7359394164780315,9.946212089766136e-15,0.9954357140703612,9.535638742190632e-16,0.09543447570574294,-0.09818521336295244,1.9983633936885114e-15,-0.018964806270339488,0.0,0.0,0.0,0.1,0.0,0
12,1353,world,13.530000000000001,1.3430000000000002,0.5828444967004209,1.1743556308746352,-0.736129064540731,9.94621516912074e-15,0.9954357140703612,9.535641694431424e-16,0.09543447570574294,-0.09818521336295366,1.9983640123832932e-15,-0.018964806270333198,0.0,0.0,0.0,0.1,0.0,0
12,1354,world,13.540000000000001,1.3440000000000003,0.5818626445667906,1.1743556308746352,-0.7363187126034306,9.946218248475344e-15,0.9954357140703612,9.535644646672214e-16,0.09543447570574294,-0.09818521336295487,1.9983646310780742e-15,-0.0189648062703269,0.0,0.0,0.0,0.1,0.0,0
12,1355,world,13.55,1.3450000000000002,0.5808807924331604,1.1743556308746352,-0.7365083606661301,9.946221327829948e-15,0.9954357140703612,9.535647598913007e-16,0.09543447570574294,-0.09818521336295609,1.998365249772856e-15,-0.01896480627032061,0.0,0.0,0.0,0.1,0.0,0
12,1356,world,13.56,1.3460000000000003,0.57989894029953,1.1743556308746352,-0.7366980087288296,9.946224407184552e-15,0.9954357140703612,9.5356505511538e-16,0.09543447570574294,-0.0981852133629573,1.9983658684676374e-15,-0.018964806270314313,0.0,0.0,0.0,0.1,0.0,0
12,1357,world,13.57,1.3470000000000002,0.5789170881658998,1.1743556308746352,-0.7368876567915291,9.946227486539157e-15,0.9954357140703612,9.535653503394592e-16,0.09543447570574294,-0.09818521336295852,1.9983664871624192e-15,-0.018964806270308027,0.0,0.0,0.0,0.1,0.0,0
12,1358,world,13.58,1.348,0.5779352360322697,1.1743556308746352,-0.7370773048542286,9.946230565893758e-15,0.9954357140703612,9.535656455635384e-16,0.09543447570574294,-0.09818521336295973,1.9983671058572002e-15,-0.018964806270301726,0.0,0.0,0.0,0.1,0.0,0
12,1359,world,13.59,1.3490000000000002,0.5769533838986393,1.1743556308746352,-0.7372669529169282,9.946233645248362e-15,0.9954357140703612,9.535659407876174e-16,0.09543447570574294,-0.09818521336296095,1.998367724551982e-15,-0.01896480627029544,0.0,0.0,0.0,0.1,0.0,0
12,1360,world,13.6,1.35,0.5759715317650091,1.1743556308746352,-0.7374566009796277,9.946236724602964e-15,0.9954357140703612,9.535662360116967e-16,0.09543447570574294,-0.09818521336296215,1.998368343246763e-15,-0.018964806270289142,0.0,0.0,0.0,0.1,0.0,0
12,1361,world,13.61,1.3510000000000002,0.5749896796313787,1.1743556308746352,-0.7376462490423272,9.94623980395757e-15,0.9954357140703612,9.535665312357761e-16,0.09543447570574294,-0.09818521336296337,1.9983689619415452e-15,-0.018964806270282852,0.0,0.0,0.0,0.1,0.0,0
12,1362,world,13.620000000000001,1.3520000000000003,0.5740078274977484,1.1743556308746352,-0.7378358971050268,9.946242883312172e-15,0.9954357140703612,9.535668264598552e-16,0.09543447570574294,-0.0981852133629646,1.9983695806363262e-15,-0.018964806270276555,0.0,0.0,0.0,0.1,0.0,0
12,1363,world,13.63,1.3530000000000002,0.5730259753641183,1.1743556308746352,-0.7380255451677263,9.946245962666778e-15,0.9954357140703612,9.535671216839346e-16,0.09543447570574294,-0.09818521336296582,1.998370199331108e-15,-0.018964806270270265,0.0,0.0,0.0,0.1,0.0,0
12,1364,world,13.64,1.3540000000000003,0.5720441232304878,1.1743556308746355,-0.7382151932304258,9.946249042021382e-15,0.9954357140703612,9.535674169080136e-16,0.09543447570574294,-0.09818521336296702,1.998370818025889e-15,-0.018964806270263968,0.0,0.0,0.0,0.1,0.0,0
12,1365,world,13.65,1.3550000000000002,0.5710622710968577,1.1743556308746355,-0.7384048412931253,9.946252121375984e-15,0.9954357140703612,9.535677121320927e-16,0.09543447570574294,-0.09818521336296825,1.998371436720671e-15,-0.018964806270257678,0.0,0.0,0.0,0.1,0.0,0
12,1366,world,13.66,1.356,0.5700804189632275,1.1743556308746355,-0.7385944893558248,9.946255200730586e-15,0.9954357140703612,9.53568007356172e-16,0.09543447570574294,-0.09818521336296945,1.9983720554154522e-15,-0.01896480627025138,0.0,0.0,0.0,0.1,0.0,0
12,1367,world,13.67,1.3570000000000002,0.5690985668295971,1.1743556308746355,-0.7387841374185244,9.946258280085193e-15,0.9954357140703612,9.535683025802514e-16,0.09543447570574294,-0.09818521336297067,1.998372674110234e-15,-0.01896480627024509,0.0,0.0,0.0,0.1,0.0,0
12,1368,world,13.68,1.358,0.5681167146959669,1.1743556308746355,-0.7389737854812239,9.946261359439796e-15,0.9954357140703612,9.535685978043308e-16,0.09543447570574294,-0.09818521336297188,1.9983732928050158e-15,-0.0189648062702388,0.0,0.0,0.0,0.1,0.0,0
12,1369,world,13.69,1.3590000000000002,0.5671348625623366,1.1743556308746355,-0.7391634335439234,9.946264438794398e-15,0.9954357140703612,9.535688930284098e-16,0.09543447570574294,-0.0981852133629731,1.998373911499797e-15,-0.018964806270232504,0.0,0.0,0.0,0.1,0.0,0
12,1370,world,13.700000000000001,1.3600000000000003,0.5661530104287062,1.1743556308746355,-0.739353081606623,9.946267518149004e-15,0.9954357140703612,9.53569188252489e-16,0.09543447570574294,-0.09818521336297431,1.9983745301945786e-15,-0.018964806270226214,0.0,0.0,0.0,0.1,0.0,0
12,1371,world,13.71,1.3610000000000002,0.565171158295076,1.1743556308746355,-0.7395427296693226,9.946270597503604e-15,0.9954357140703612,9.535694834765681e-16,0.09543447570574294,-0.09818521336297553,1.99837514888936e-15,-0.01896480627021992,0.0,0.0,0.0,0.1,0.0,0
12,1372,world,13.72,1.3620000000000003,0.5641893061614457,1.1743556308746355,-0.739732377732022,9.946273676858208e-15,0.9954357140703612,9.535697787006474e-16,0.09543447570574294,-0.09818521336297675,1.9983757675841414e-15,-0.018964806270213626,0.0,0.0,0.0,0.1,0.0,0
12,1373,world,13.73,1.3630000000000002,0.5632074540278155,1.1743556308746355,-0.7399220257947215,9.946276756212814e-15,0.9954357140703612,9.535700739247268e-16,0.09543447570574294,-0.09818521336297797,1.9983763862789228e-15,-0.018964806270207333,0.0,0.0,0.0,0.1,0.0,0
12,1374,world,13.74,1.364,0.5622256018941854,1.1743556308746355,-0.740111673857421,9.946279835567416e-15,0.9954357140703612,9.535703691488058e-16,0.09543447570574294,-0.09818521336297918,1.9983770049737042e-15,-0.01896480627020104,0.0,0.0,0.0,0.1,0.0,0
12,1375,world,13.75,1.3650000000000002,0.5612437497605549,1.1743556308746357,-0.7403013219201207,9.94628291492202e-15,0.9954357140703612,9.53570664372885e-16,0.09543447570574294,-0.0981852133629804,1.998377623668486e-15,-0.018964806270194746,0.0,0.0,0.0,0.1,0.0,0
12,1376,world,13.76,1.366,0.5602618976269248,1.1743556308746357,-0.7404909699828202,9.946285994276626e-15,0.9954357140703612,9.535709595969645e-16,0.09543447570574294,-0.09818521336298161,1.9983782423632674e-15,-0.018964806270188456,0.0,0.0,0.0,0.1,0.0,0
12,1377,world,13.77,1.3670000000000002,0.5592800454932944,1.1743556308746357,-0.7406806180455197,9.94628907363123e-15,0.9954357140703612,9.535712548210436e-16,0.09543447570574294,-0.09818521336298283,1.998378861058049e-15,-0.01896480627018216,0.0,0.0,0.0,0.1,0.0,0
12,1378,world,13.780000000000001,1.3680000000000003,0.558298193359664,1.1743556308746357,-0.7408702661082192,9.946292152985829e-15,0.9954357140703612,9.535715500451226e-16,0.09543447570574294,-0.09818521336298404,1.99837947975283e-15,-0.01896480627017587,0.0,0.0,0.0,0.1,0.0,0
12,1379,world,13.790000000000001,1.3690000000000002,0.5573163412260338,1.1743556308746357,-0.7410599141709187,9.946295232340434e-15,0.9954357140703612,9.53571845269202e-16,0.09543447570574294,-0.09818521336298526,1.998380098447612e-15,-0.018964806270169575,0.0,0.0,0.0,0.1,0.0,0
12,1380,world,13.8,1.3700000000000003,0.5563344890924035,1.1743556308746357,-0.7412495622336183,9.946298311695041e-15,0.9954357140703612,9.535721404932813e-16,0.09543447570574294,-0.09818521336298647,1.9983807171423934e-15,-0.01896480627016328,0.0,0.0,0.0,0.1,0.0,0
12,1381,world,13.81,1.3710000000000002,0.5553526369587733,1.1743556308746357,-0.7414392102963178,9.94630139104964e-15,0.9954357140703612,9.535724357173603e-16,0.09543447570574294,-0.09818521336298769,1.9983813358371748e-15,-0.018964806270156984,0.0,0.0,0.0,0.1,0.0,0
12,1382,world,13.82,1.372,0.5543707848251431,1.1743556308746357,-0.7416288583590173,9.946304470404246e-15,0.9954357140703612,9.535727309414398e-16,0.09543447570574294,-0.09818521336298891,1.9983819545319566e-15,-0.018964806270150694,0.0,0.0,0.0,0.1,0.0,0
12,1383,world,13.83,1.3730000000000002,0.5533889326915128,1.1743556308746357,-0.7418185064217168,9.946307549758847e-15,0.9954357140703612,9.535730261655188e-16,0.09543447570574294,-0.09818521336299012,1.9983825732267376e-15,-0.018964806270144397,0.0,0.0,0.0,0.1,0.0,0
12,1384,world,13.84,1.374,0.5524070805578826,1.1743556308746357,-0.7420081544844163,9.94631062911345e-15,0.9954357140703612,9.53573321389598e-16,0.09543447570574294,-0.09818521336299134,1.9983831919215194e-15,-0.018964806270138107,0.0,0.0,0.0,0.1,0.0,0
12,1385,world,13.85,1.3750000000000002,0.5514252284242522,1.1743556308746357,-0.7421978025471159,9.946313708468056e-15,0.9954357140703612,9.53573616613677e-16,0.09543447570574294,-0.09818521336299255,1.9983838106163004e-15,-0.01896480627013181,0.0,0.0,0.0,0.1,0.0,0
12,1386,world,13.86,1.3760000000000001,0.550443376290622,1.174355630874636,-0.7423874506098154,9.946316787822662e-15,0.9954357140703612,9.535739118377565e-16,0.09543447570574294,-0.09818521336299377,1.9983844293110826e-15,-0.01896480627012552,0.0,0.0,0.0,0.1,0.0,0
12,1387,world,13.870000000000001,1.3770000000000002,0.5494615241569917,1.174355630874636,-0.7425770986725149,9.946319867177261e-15,0.9954357140703612,9.535742070618356e-16,0.09543447570574294,-0.09818521336299497,1.9983850480058636e-15,-0.018964806270119226,0.0,0.0,0.0,0.1,0.0,0
12,1388,world,13.88,1.3780000000000003,0.5484796720233613,1.174355630874636,-0.7427667467352145,9.946322946531868e-15,0.9954357140703612,9.535745022859148e-16,0.09543447570574294,-0.0981852133629962,1.9983856667006454e-15,-0.018964806270112933,0.0,0.0,0.0,0.1,0.0,0
12,1389,world,13.89,1.3790000000000002,0.5474978198897311,1.174355630874636,-0.742956394797914,9.94632602588647e-15,0.9954357140703612,9.535747975099942e-16,0.09543447570574294,-0.0981852133629974,1.9983862853954264e-15,-0.01896480627010664,0.0,0.0,0.0,0.1,0.0,0
12,1390,world,13.9,1.3800000000000001,0.546515967756101,1.174355630874636,-0.7431460428606135,9.946329105241073e-15,0.9954357140703612,9.535750927340733e-16,0.09543447570574294,-0.09818521336299862,1.998386904090208e-15,-0.01896480627010035,0.0,0.0,0.0,0.1,0.0,0
12,1391,world,13.91,1.3810000000000002,0.5455341156224706,1.174355630874636,-0.743335690923313,9.946332184595677e-15,0.9954357140703612,9.535753879581523e-16,0.09543447570574294,-0.09818521336299985,1.9983875227849896e-15,-0.018964806270094052,0.0,0.0,0.0,0.1,0.0,0
12,1392,world,13.92,1.3820000000000001,0.5445522634888404,1.174355630874636,-0.7435253389860125,9.946335263950281e-15,0.9954357140703612,9.535756831822318e-16,0.09543447570574294,-0.09818521336300107,1.998388141479771e-15,-0.018964806270087762,0.0,0.0,0.0,0.1,0.0,0
12,1393,world,13.93,1.3830000000000002,0.54357041135521,1.174355630874636,-0.7437149870487121,9.946338343304886e-15,0.9954357140703612,9.53575978406311e-16,0.09543447570574294,-0.09818521336300227,1.9983887601745528e-15,-0.01896480627008147,0.0,0.0,0.0,0.1,0.0,0
12,1394,world,13.94,1.3840000000000001,0.5425885592215799,1.174355630874636,-0.7439046351114116,9.946341422659487e-15,0.9954357140703612,9.5357627363039e-16,0.09543447570574294,-0.0981852133630035,1.998389378869334e-15,-0.018964806270075175,0.0,0.0,0.0,0.1,0.0,0
12,1395,world,13.950000000000001,1.3850000000000002,0.5416067070879496,1.174355630874636,-0.7440942831741111,9.946344502014093e-15,0.9954357140703612,9.535765688544697e-16,0.09543447570574294,-0.0981852133630047,1.998389997564116e-15,-0.018964806270068885,0.0,0.0,0.0,0.1,0.0,0
12,1396,world,13.96,1.3860000000000003,0.5406248549543191,1.174355630874636,-0.7442839312368107,9.946347581368697e-15,0.9954357140703612,9.535768640785487e-16,0.09543447570574294,-0.09818521336300592,1.9983906162588974e-15,-0.018964806270062588,0.0,0.0,0.0,0.1,0.0,0
12,1397,world,13.97,1.3870000000000002,0.539643002820689,1.1743556308746361,-0.7444735792995102,9.946350660723299e-15,0.9954357140703612,9.535771593026278e-16,0.09543447570574294,-0.09818521336300713,1.9983912349536788e-15,-0.018964806270056297,0.0,0.0,0.0,0.1,0.0,0
12,1398,world,13.98,1.3880000000000001,0.5386611506870588,1.1743556308746361,-0.7446632273622097,9.946353740077904e-15,0.9954357140703612,9.53577454526707e-16,0.09543447570574294,-0.09818521336300835,1.99839185364846e-15,-0.018964806270050004,0.0,0.0,0.0,0.1,0.0,0
12,1399,world,13.99,1.3890000000000002,0.5376792985534284,1.1743556308746361,-0.7448528754249092,9.946356819432507e-15,0.9954357140703612,9.535777497507862e-16,0.09543447570574294,-0.09818521336300956,1.9983924723432416e-15,-0.01896480627004371,0.0,0.0,0.0,0.1,0.0,0
12,1400,world,14.0,1.3900000000000001,0.5366974464197982,1.1743556308746361,-0.7450425234876087,9.946359898787108e-15,0.9954357140703612,9.535780449748655e-16,0.09543447570574294,-0.09818521336301078,1.9983930910380234e-15,-0.018964806270037417,0.0,0.0,0.0,0.1,0.0,0
12,1401,world,14.01,1.3910000000000002,0.5357155942861679,1.1743556308746361,-0.7452321715503083,9.946362978141715e-15,0.9954357140703612,9.53578340198945e-16,0.09543447570574294,-0.098185213363012,1.9983937097328048e-15,-0.018964806270031123,0.0,0.0,0.0,0.1,0.0,0
12,1402,world,14.02,1.3920000000000001,0.5347337421525377,1.1743556308746361,-0.7454218196130078,9.946366057496315e-15,0.9954357140703612,9.53578635423024e-16,0.09543447570574294,-0.09818521336301322,1.998394328427586e-15,-0.01896480627002483,0.0,0.0,0.0,0.1,0.0,0
12,1403,world,14.030000000000001,1.3930000000000002,0.5337518900189073,1.1743556308746361,-0.7456114676757073,9.946369136850921e-15,0.9954357140703612,9.53578930647103e-16,0.09543447570574294,-0.09818521336301443,1.9983949471223676e-15,-0.018964806270018536,0.0,0.0,0.0,0.1,0.0,0
12,1404,world,14.040000000000001,1.3939937866245389,0.5327761385012308,1.1743556308746361,-0.7457999373837877,9.946372197072341e-15,0.9954357140703612,9.535792240368446e-16,0.09543447570574294,-0.09573778557234525,1.948582268630699e-15,-0.018492077308897736,0.0,0.0,0.0,0.09750733567016692,-0.5,0
12,1405,world,14.05,1.3949438599812407,0.5318433069488478,1.1743556308746361,-0.7459801169553086,9.946375122685103e-15,0.9954357140703612,9.535795045213763e-16,0.09543447570574294,-0.09082852490419563,1.848663034295193e-15,-0.017543836995391613,0.0,0.0,0.0,0.09250733567016703,-0.5,0
12,1406,world,14.06,1.3958439333379422,0.5309595680031467,1.1743556308746361,-0.7461508141236946,9.946377894330138e-15,0.9954357140703612,9.53579770244704e-16,0.09543447570574294,-0.08591926423604584,1.7487437141089777e-15,-0.016595596681886357,0.0,0.0,0.0,0.08750733567016714,-0.5,0
12,1407,world,14.07,1.3966940066946438,0.5301249216641271,1.1743556308746361,-0.7463120288889455,9.946380512007441e-15,0.9954357140703612,9.53580021206828e-16,0.09543447570574294,-0.08101000356789592,1.6488243127122654e-15,-0.015647356368381937,0.0,0.0,0.0,0.08250733567016724,-0.5,0
12,1408,world,14.08,1.3974940800513456,0.5293393679317887,1.1743556308746361,-0.7464637612510615,9.946382975717016e-15,0.9954357140703612,9.535802574077484e-16,0.09543447570574294,-0.07610074289974583,1.5489048347452659e-15,-0.01469911605487829,0.0,0.0,0.0,0.07750733567016735,-0.5,0
12,1409,world,14.09,1.3982441534080472,0.528602906806132,1.1743556308746363,-0.7466060112100426,9.946385285458861e-15,0.9954357140703612,9.535804788474643e-16,0.09543447570574294,-0.0711914822315956,1.44898528484819e-15,-0.013750875741375373,0.0,0.0,0.0,0.07250733567016746,-0.5,0
12,1410,world,14.1,1.398944226764749,0.5279155382871566,1.1743556308746363,-0.7467387787658886,9.946387441232974e-15,0.9954357140703612,9.535806855259766e-16,0.09543447570574294,-0.06628222156344524,1.349065667661249e-15,-0.012802635427873143,0.0,0.0,0.0,0.06750733567016756,-0.5,0
12,1411,world,14.11,1.3995943001214506,0.5272772623748629,1.1743556308746363,-0.7468620639185996,9.946389443039358e-15,0.9954357140703612,9.535808774432847e-16,0.09543447570574294,-0.06137296089529476,1.2491459878246535e-15,-0.01185439511437155,0.0,0.0,0.0,0.06250733567016767,-0.5,0
12,1412,world,14.120000000000001,1.4001943734781523,0.5266880790692506,1.1743556308746363,-0.7469758666681757,9.946391290878011e-15,0.9954357140703612,9.535810545993886e-16,0.09543447570574294,-0.05646370022714329,1.1492262499785967e-15,-0.010906154800870378,0.0,0.0,0.0,0.05750733567016689,-0.5,0
12,1413,world,14.13,1.400744446834854,0.52614798837032,1.1743556308746363,-0.7470801870146168,9.946392984748934e-15,0.9954357140703612,9.53581216994289e-16,0.09543447570574294,-0.05155443955899258,1.0493064587633248e-15,-0.009957914487369917,0.0,0.0,0.0,0.052507335670166994,-0.5,0
12,1414,world,14.14,1.4012445201915555,0.5256569902780709,1.1743556308746363,-0.7471750249579229,9.946394524652124e-15,0.9954357140703612,9.535813646279854e-16,0.09543447570574294,-0.046645178890841785,9.49386618819031e-16,-0.009009674173869954,0.0,0.0,0.0,0.0475073356701671,-0.5,0
12,1415,world,14.15,1.4016945935482572,0.5252150847925032,1.1743556308746363,-0.747260380498094,9.946395910587591e-15,0.9954357140703612,9.535814975004776e-16,0.09543447570574294,-0.041735918222690904,8.494667347859265e-16,-0.008061433860370438,0.0,0.0,0.0,0.04250733567016721,-0.5,0
12,1416,world,14.16,1.402094666904959,0.524822271913617,1.1743556308746363,-0.7473362536351302,9.94639714255532e-15,0.9954357140703612,9.53581615611766e-16,0.09543447570574294,-0.03682665755453994,7.495468113042218e-16,-0.007113193546871322,0.0,0.0,0.0,0.03750733567016731,-0.5,0
12,1417,world,14.17,1.4024447402616607,0.5244785516414123,1.1743556308746363,-0.7474026443690314,9.946398220555325e-15,0.9954357140703612,9.535817189618503e-16,0.09543447570574294,-0.03191739688638891,6.496268530141277e-16,-0.006164953233372561,0.0,0.0,0.0,0.03250733567016742,-0.5,0
12,1418,world,14.18,1.4027448136183625,0.5241839239758891,1.1743556308746363,-0.7474595526997976,9.946399144587596e-15,0.9954357140703612,9.53581807550731e-16,0.09543447570574294,-0.02700813621823782,5.497068645558552e-16,-0.0052167129198741075,0.0,0.0,0.0,0.027507335670167526,-0.5,0
12,1419,world,14.19,1.402994886975064,0.5239383889170477,1.1743556308746363,-0.7475069786274289,9.94639991465214e-15,0.9954357140703612,9.535818813784073e-16,0.09543447570574294,-0.022098875550086678,4.497868505696152e-16,-0.004268472606375913,0.0,0.0,0.0,0.022507335670167633,-0.5,0
12,1420,world,14.200000000000001,1.4031949603317657,0.5237419464648874,1.1743556308746363,-0.7475449221519251,9.946400530748952e-15,0.9954357140703612,9.535819404448797e-16,0.09543447570574294,-0.017189614881934625,3.4986681569560077e-16,-0.003320232292877762,0.0,0.0,0.0,0.01750733567016685,-0.5,0
12,1421,world,14.21,1.4033450336884674,0.5235945966194088,1.1743556308746363,-0.7475733832732864,9.946400992878032e-15,0.9954357140703612,9.53581984750148e-16,0.09543447570574294,-0.012280354213783411,2.4994676457405824e-16,-0.0023719919793799456,0.0,0.0,0.0,0.012507335670166958,-0.5,0
12,1422,world,14.22,1.403445107045169,0.5234963393806118,1.1743556308746363,-0.7475923619915127,9.946401301039385e-15,0.9954357140703612,9.535820142942127e-16,0.09543447570574294,-0.007371093545632174,1.5002670184518076e-16,-0.0014237516658822467,0.0,0.0,0.0,0.007507335670167065,-0.5,0
12,1423,world,14.23,1.4034951804018705,0.5234471747484964,1.1743556308746363,-0.747601858306604,9.946401455233009e-15,0.9954357140703612,9.535820290770736e-16,0.09543447570574294,-0.0024618328774809245,5.010663214917919e-17,-0.00047551135238461885,0.0,0.0,0.0,0.002507335670167171,-0.5,0
12,1424,world,14.235014671340336,1.4035014671340336,0.5234410021071085,1.1743556308746363,-0.7476030505731794,9.946401474592085e-15,0.9954357140703612,9.535820309330683e-16,0.09543447570574294,-0.0,0.0,-0.0,0.0,0.0,0.0,0.0,0.0,0
