row_index,point_index,frame_id,t,s,position_x,position_y,position_z,orientation_x,orientation_y,orientation_z,orientation_w,linear_velocity_x,linear_velocity_y,linear_velocity_z,angular_velocity_x,angular_velocity_y,angular_velocity_z,path_speed,path_acceleration,paint
8,0,world,0.0,0.0,1.2465476918220546,0.5384353777257672,-0.7840872847141366,0.5993940216276277,0.5993940216276437,0.3751357178902766,-0.3751357178902666,-0.0,0.0,0.0,0.0,0.0,0.0,0.0,0.5,0
8,1,world,0.01,2.5e-05,1.2465476918220546,0.5384464656006089,-0.7840648780403207,0.5993940216276277,0.5993940216276437,0.3751357178902766,-0.3751357178902666,-1.3322398644461102e-16,0.0022175749683431448,0.004481334763190304,0.0,0.0,0.0,0.005,0.5,0
8,2,world,0.02,0.0001,1.2465476918220546,0.5384797292251341,-0.7839976580188728,0.5993940216276277,0.5993940216276437,0.3751357178902766,-0.3751357178902666,-2.6643131382677513e-16,0.004435149936686022,0.00896266952638074,0.0,0.0,0.0,0.01,0.5,0
8,3,world,0.03,0.000225,1.2465476918220546,0.5385351685993427,-0.7838856246497931,0.5993940216276277,0.5993940216276437,0.3751357178902766,-0.3751357178902666,-3.9960532308404545e-16,0.006652724905028364,0.013444004289571442,0.0,0.0,0.0,0.015,0.5,0
8,4,world,0.04,0.0004,1.2465476918220546,0.5386127837232346,-0.7837287779330814,0.5993940216276277,0.5993940216276437,0.3751357178902766,-0.3751357178902666,-5.327293551539751e-16,0.008870299873369904,0.017925339052762543,0.0,0.0,0.0,0.02,0.5,0
8,5,world,0.05,0.0006250000000000001,1.2465476918220546,0.5387125745968101,-0.7835271178687377,0.5993940216276277,0.5993940216276437,0.3751357178902766,-0.3751357178902666,-6.657867509741173e-16,0.011087874841710373,0.02240667381595417,0.0,0.0,0.0,0.025,0.5,0
8,6,world,0.06,0.0009,1.2465476918220546,0.538834541220069,-0.7832806444567624,0.5993940216276277,0.5993940216276437,0.3751357178902766,-0.3751357178902666,-7.987608514820248e-16,0.013305449810049502,0.026888008579146458,0.0,0.0,0.0,0.03,0.5,0
8,7,world,0.07,0.0012250000000000002,1.2465476918220546,0.5389786835930113,-0.7829893576971549,0.5993940216276277,0.5993940216276437,0.3751357178902766,-0.3751357178902666,-9.316349976152512e-16,0.01552302477838703,0.031369343342339547,0.0,0.0,0.0,0.035,0.5,0
8,8,world,0.08,0.0016,1.2465476918220546,0.5391450017156371,-0.7826532575899157,0.5993940216276277,0.5993940216276437,0.3751357178902766,-0.3751357178902666,-1.0643925303113493e-15,0.01774059974672268,0.03585067810553356,0.0,0.0,0.0,0.04,0.5,0
8,9,world,0.09,0.002025,1.2465476918220546,0.5393334955879462,-0.7822723441350445,0.5993940216276277,0.5993940216276437,0.3751357178902766,-0.3751357178902666,-1.197016790507872e-15,0.019958174715056187,0.04033201286872863,0.0,0.0,0.0,0.045,0.5,0
8,10,world,0.1,0.0025000000000000005,1.2465476918220546,0.5395441652099389,-0.7818466173325415,0.5993940216276277,0.5993940216276437,0.37513571789027655,-0.3751357178902666,-1.3294911191423731e-15,0.022175749683387293,0.0448133476319249,0.0,0.0,0.0,0.05,0.5,0
8,11,world,0.11,0.003025,1.2465476918220546,0.5397770105816149,-0.7813760771824064,0.5993940216276277,0.5993940216276437,0.37513571789027655,-0.3751357178902666,-1.461798857152405e-15,0.024393324651715717,0.04929468239512248,0.0,0.0,0.0,0.055,0.5,0
8,12,world,0.12,0.0036,1.2465476918220546,0.5400320317029743,-0.7808607236846395,0.5993940216276277,0.5993940216276437,0.37513571789027655,-0.3751357178902666,-1.5939233454755213e-15,0.026610899620041196,0.053776017158321525,0.0,0.0,0.0,0.06,0.5,0
8,13,world,0.13,0.0042250000000000005,1.2465476918220544,0.5403092285740172,-0.7803005568392408,0.5993940216276277,0.5993940216276437,0.37513571789027655,-0.3751357178902666,-1.7258479250492748e-15,0.02882847458836347,0.05825735192152216,0.0,0.0,0.0,0.065,0.5,0
8,14,world,0.14,0.004900000000000001,1.2465476918220544,0.5406086011947435,-0.7796955766462101,0.5993940216276277,0.5993940216276437,0.37513571789027655,-0.3751357178902666,-1.857555936811219e-15,0.031046049556682265,0.06273868668472452,0.0,0.0,0.0,0.07,0.5,0
8,15,world,0.15,0.005625,1.2465476918220544,0.5409301495651533,-0.7790457831055475,0.5993940216276278,0.5993940216276435,0.3751357178902766,-0.3751357178902667,-1.989030721698906e-15,0.0332636245249973,0.06722002144792873,0.0,0.0,0.0,0.075,0.5,0
8,16,world,0.16,0.0064,1.2465476918220544,0.5412738736852465,-0.778351176217253,0.5993940216276278,0.5993940216276435,0.3751357178902766,-0.3751357178902667,-2.1202556206498907e-15,0.03548119949330834,0.07170135621113492,0.0,0.0,0.0,0.08,0.5,0
8,17,world,0.17,0.007225000000000001,1.2465476918220544,0.5416397735550231,-0.7776117559813266,0.5993940216276278,0.5993940216276435,0.3751357178902766,-0.3751357178902667,-2.2512139746017245e-15,0.037698774461615084,0.07618269097434324,0.0,0.0,0.0,0.085,0.5,0
8,18,world,0.18,0.0081,1.2465476918220544,0.5420278491744832,-0.7768275223977683,0.5993940216276278,0.5993940216276435,0.37513571789027655,-0.3751357178902667,-2.381889124491961e-15,0.03991634942991728,0.08066402573755381,0.0,0.0,0.0,0.09,0.5,0
8,19,world,0.19,0.009025,1.2465476918220544,0.5424381005436266,-0.7759984754665781,0.5993940216276278,0.5993940216276435,0.37513571789027655,-0.3751357178902667,-2.5122644112581538e-15,0.042133924398214666,0.08514536050076675,0.0,0.0,0.0,0.095,0.5,0
8,20,world,0.2,0.010000000000000002,1.2465476918220544,0.5428705276624536,-0.775124615187756,0.5993940216276278,0.5993940216276435,0.37513571789027655,-0.3751357178902667,-2.6423231758378556e-15,0.04435149936650696,0.08962669526398223,0.0,0.0,0.0,0.1,0.0,0
8,21,world,0.21,0.011,1.2465476918220544,0.5433140426561223,-0.774228348235118,0.5993940216276278,0.5993940216276435,0.37513571789027655,-0.3751357178902667,-2.640101967511604e-15,0.04435149936647128,0.08962669526399988,0.0,0.0,0.0,0.1,0.0,0
8,22,world,0.22,0.012,1.2465476918220544,0.5437575576497908,-0.7733320812824799,0.5993940216276278,0.5993940216276435,0.37513571789027655,-0.3751357178902667,-2.6378807591853517e-15,0.0443514993664356,0.08962669526401755,0.0,0.0,0.0,0.1,0.0,0
8,23,world,0.23,0.013000000000000001,1.2465476918220542,0.5442010726434595,-0.7724358143298419,0.5993940216276278,0.5993940216276435,0.37513571789027655,-0.3751357178902667,-2.6356595508590995e-15,0.04435149936639991,0.0896266952640352,0.0,0.0,0.0,0.1,0.0,0
8,24,world,0.24,0.014,1.2465476918220542,0.5446445876371282,-0.7715395473772038,0.5993940216276278,0.5993940216276435,0.3751357178902765,-0.3751357178902667,-2.6334383425328477e-15,0.04435149936636423,0.08962669526405287,0.0,0.0,0.0,0.1,0.0,0
8,25,world,0.25,0.015000000000000001,1.2465476918220542,0.5450881026307968,-0.7706432804245658,0.5993940216276278,0.5993940216276435,0.3751357178902765,-0.3751357178902667,-2.631217134206595e-15,0.044351499366328546,0.08962669526407052,0.0,0.0,0.0,0.1,0.0,0
8,26,world,0.26,0.016,1.2465476918220542,0.5455316176244654,-0.7697470134719276,0.5993940216276278,0.5993940216276435,0.3751357178902765,-0.3751357178902667,-2.6289959258803434e-15,0.044351499366292874,0.08962669526408817,0.0,0.0,0.0,0.1,0.0,0
8,27,world,0.27,0.017,1.2465476918220542,0.545975132618134,-0.7688507465192896,0.5993940216276278,0.5993940216276435,0.3751357178902765,-0.3751357178902667,-2.6267747175540912e-15,0.04435149936625718,0.08962669526410583,0.0,0.0,0.0,0.1,0.0,0
8,28,world,0.28,0.018000000000000002,1.2465476918220542,0.5464186476118027,-0.7679544795666515,0.5993940216276278,0.5993940216276435,0.3751357178902765,-0.3751357178902667,-2.624553509227839e-15,0.0443514993662215,0.08962669526412348,0.0,0.0,0.0,0.1,0.0,0
8,29,world,0.29,0.019,1.2465476918220542,0.5468621626054714,-0.7670582126140135,0.5993940216276278,0.5993940216276435,0.3751357178902765,-0.3751357178902667,-2.622332300901587e-15,0.04435149936618582,0.08962669526414115,0.0,0.0,0.0,0.1,0.0,0
8,30,world,0.3,0.02,1.2465476918220542,0.54730567759914,-0.7661619456613754,0.5993940216276278,0.5993940216276435,0.3751357178902765,-0.3751357178902667,-2.620111092575335e-15,0.044351499366150134,0.0896266952641588,0.0,0.0,0.0,0.1,0.0,0
8,31,world,0.31,0.021,1.246547691822054,0.5477491925928086,-0.7652656787087374,0.5993940216276278,0.5993940216276435,0.3751357178902765,-0.3751357178902667,-2.617889884249083e-15,0.044351499366114454,0.08962669526417645,0.0,0.0,0.0,0.1,0.0,0
8,32,world,0.32,0.022000000000000002,1.246547691822054,0.5481927075864772,-0.7643694117560993,0.5993940216276278,0.5993940216276435,0.3751357178902765,-0.3751357178902667,-2.6156686759228308e-15,0.04435149936607877,0.08962669526419412,0.0,0.0,0.0,0.1,0.0,0
8,33,world,0.33,0.023000000000000003,1.246547691822054,0.5486362225801459,-0.7634731448034613,0.5993940216276278,0.5993940216276435,0.3751357178902765,-0.3751357178902667,-2.6134474675965786e-15,0.04435149936604309,0.08962669526421177,0.0,0.0,0.0,0.1,0.0,0
8,34,world,0.34,0.024000000000000004,1.246547691822054,0.5490797375738146,-0.7625768778508232,0.5993940216276278,0.5993940216276435,0.3751357178902765,-0.3751357178902667,-2.611226259270327e-15,0.04435149936600741,0.08962669526422944,0.0,0.0,0.0,0.1,0.0,0
8,35,world,0.35000000000000003,0.025000000000000005,1.246547691822054,0.5495232525674831,-0.7616806108981852,0.5993940216276278,0.5993940216276435,0.37513571789027644,-0.3751357178902667,-2.6090050509440743e-15,0.044351499365971714,0.08962669526424709,0.0,0.0,0.0,0.1,0.0,0
8,36,world,0.36,0.026,1.246547691822054,0.5499667675611518,-0.7607843439455471,0.5993940216276279,0.5993940216276434,0.3751357178902765,-0.37513571789026673,-2.6067838426178225e-15,0.044351499365936034,0.08962669526426476,0.0,0.0,0.0,0.1,0.0,0
8,37,world,0.37,0.027,1.246547691822054,0.5504102825548205,-0.7598880769929091,0.5993940216276279,0.5993940216276434,0.3751357178902765,-0.37513571789026673,-2.6045626342915703e-15,0.044351499365900354,0.08962669526428241,0.0,0.0,0.0,0.1,0.0,0
8,38,world,0.38,0.028,1.246547691822054,0.5508537975484891,-0.758991810040271,0.5993940216276279,0.5993940216276434,0.3751357178902765,-0.37513571789026673,-2.602341425965318e-15,0.04435149936586467,0.08962669526430006,0.0,0.0,0.0,0.1,0.0,0
8,39,world,0.39,0.029000000000000005,1.246547691822054,0.5512973125421577,-0.7580955430876329,0.5993940216276279,0.5993940216276434,0.3751357178902765,-0.37513571789026673,-2.600120217639066e-15,0.04435149936582899,0.08962669526431771,0.0,0.0,0.0,0.1,0.0,0
8,40,world,0.4,0.030000000000000006,1.2465476918220537,0.5517408275358263,-0.7571992761349948,0.5993940216276279,0.5993940216276434,0.37513571789027644,-0.37513571789026673,-2.5978990093128142e-15,0.0443514993657933,0.08962669526433538,0.0,0.0,0.0,0.1,0.0,0
8,41,world,0.41000000000000003,0.031000000000000007,1.2465476918220537,0.552184342529495,-0.7563030091823568,0.5993940216276279,0.5993940216276434,0.37513571789027644,-0.37513571789026673,-2.595677800986562e-15,0.04435149936575762,0.08962669526435303,0.0,0.0,0.0,0.1,0.0,0
8,42,world,0.42,0.032,1.2465476918220537,0.5526278575231637,-0.7554067422297188,0.5993940216276279,0.5993940216276434,0.37513571789027644,-0.37513571789026673,-2.5934565926603103e-15,0.04435149936572194,0.0896266952643707,0.0,0.0,0.0,0.1,0.0,0
8,43,world,0.43,0.033,1.2465476918220537,0.5530713725168322,-0.7545104752770807,0.5993940216276279,0.5993940216276434,0.37513571789027644,-0.37513571789026673,-2.5912353843340577e-15,0.044351499365686255,0.08962669526438835,0.0,0.0,0.0,0.1,0.0,0
8,44,world,0.44,0.034,1.2465476918220537,0.5535148875105009,-0.7536142083244427,0.5993940216276279,0.5993940216276434,0.37513571789027644,-0.37513571789026673,-2.589014176007806e-15,0.044351499365650575,0.089626695264406,0.0,0.0,0.0,0.1,0.0,0
8,45,world,0.45,0.035,1.2465476918220537,0.5539584025041695,-0.7527179413718046,0.5993940216276279,0.5993940216276434,0.37513571789027644,-0.37513571789026673,-2.5867929676815534e-15,0.04435149936561489,0.08962669526442367,0.0,0.0,0.0,0.1,0.0,0
8,46,world,0.46,0.036000000000000004,1.2465476918220537,0.5544019174978382,-0.7518216744191666,0.5993940216276279,0.5993940216276434,0.3751357178902764,-0.37513571789026673,-2.5845717593553016e-15,0.04435149936557921,0.08962669526444132,0.0,0.0,0.0,0.1,0.0,0
8,47,world,0.47000000000000003,0.037000000000000005,1.2465476918220537,0.5548454324915069,-0.7509254074665285,0.5993940216276279,0.5993940216276434,0.3751357178902764,-0.37513571789026673,-2.58235055102905e-15,0.04435149936554353,0.08962669526445899,0.0,0.0,0.0,0.1,0.0,0
8,48,world,0.48,0.038,1.2465476918220535,0.5552889474851754,-0.7500291405138905,0.5993940216276279,0.5993940216276434,0.3751357178902764,-0.37513571789026673,-2.5801293427027973e-15,0.04435149936550784,0.08962669526447664,0.0,0.0,0.0,0.1,0.0,0
8,49,world,0.49,0.039,1.2465476918220535,0.5557324624788441,-0.7491328735612524,0.5993940216276279,0.5993940216276434,0.3751357178902764,-0.37513571789026673,-2.5779081343765455e-15,0.04435149936547216,0.0896266952644943,0.0,0.0,0.0,0.1,0.0,0
8,50,world,0.5,0.04,1.2465476918220535,0.5561759774725127,-0.7482366066086144,0.5993940216276279,0.5993940216276434,0.3751357178902764,-0.37513571789026673,-2.5756869260502934e-15,0.044351499365436475,0.08962669526451195,0.0,0.0,0.0,0.1,0.0,0
8,51,world,0.51,0.041,1.2465476918220535,0.5566194924661814,-0.7473403396559762,0.5993940216276279,0.5993940216276434,0.3751357178902764,-0.37513571789026673,-2.5734657177240416e-15,0.0443514993654008,0.08962669526452961,0.0,0.0,0.0,0.1,0.0,0
8,52,world,0.52,0.042,1.2465476918220535,0.55706300745985,-0.7464440727033382,0.5993940216276279,0.5993940216276434,0.3751357178902764,-0.37513571789026673,-2.571244509397789e-15,0.04435149936536511,0.08962669526454727,0.0,0.0,0.0,0.1,0.0,0
8,53,world,0.53,0.043000000000000003,1.2465476918220535,0.5575065224535186,-0.7455478057507001,0.5993940216276279,0.5993940216276434,0.3751357178902764,-0.37513571789026673,-2.5690233010715377e-15,0.04435149936532943,0.08962669526456493,0.0,0.0,0.0,0.1,0.0,0
8,54,world,0.54,0.044000000000000004,1.2465476918220535,0.5579500374471873,-0.7446515387980621,0.5993940216276279,0.5993940216276434,0.3751357178902764,-0.37513571789026673,-2.566802092745285e-15,0.04435149936529374,0.08962669526458258,0.0,0.0,0.0,0.1,0.0,0
8,55,world,0.55,0.045000000000000005,1.2465476918220535,0.558393552440856,-0.743755271845424,0.599394021627628,0.5993940216276433,0.37513571789027644,-0.3751357178902668,-2.5645808844190333e-15,0.04435149936525806,0.08962669526460025,0.0,0.0,0.0,0.1,0.0,0
8,56,world,0.56,0.046000000000000006,1.2465476918220533,0.5588370674345245,-0.742859004892786,0.599394021627628,0.5993940216276433,0.37513571789027644,-0.3751357178902668,-2.5623596760927808e-15,0.044351499365222376,0.0896266952646179,0.0,0.0,0.0,0.1,0.0,0
8,57,world,0.5700000000000001,0.04700000000000001,1.2465476918220533,0.5592805824281932,-0.7419627379401479,0.599394021627628,0.5993940216276433,0.3751357178902764,-0.3751357178902668,-2.560138467766529e-15,0.044351499365186696,0.08962669526463556,0.0,0.0,0.0,0.1,0.0,0
8,58,world,0.58,0.048,1.2465476918220533,0.5597240974218618,-0.7410664709875099,0.599394021627628,0.5993940216276433,0.3751357178902764,-0.3751357178902668,-2.5579172594402764e-15,0.04435149936515101,0.08962669526465322,0.0,0.0,0.0,0.1,0.0,0
8,59,world,0.59,0.049,1.2465476918220533,0.5601676124155305,-0.7401702040348718,0.599394021627628,0.5993940216276433,0.3751357178902764,-0.3751357178902668,-2.5556960511140247e-15,0.04435149936511533,0.08962669526467087,0.0,0.0,0.0,0.1,0.0,0
8,60,world,0.6,0.05,1.2465476918220533,0.5606111274091992,-0.7392739370822338,0.599394021627628,0.5993940216276433,0.3751357178902764,-0.3751357178902668,-2.5534748427877725e-15,0.04435149936507965,0.08962669526468853,0.0,0.0,0.0,0.1,0.0,0
8,61,world,0.61,0.051000000000000004,1.2465476918220533,0.5610546424028677,-0.7383776701295957,0.599394021627628,0.5993940216276433,0.3751357178902764,-0.3751357178902668,-2.5512536344615203e-15,0.04435149936504396,0.08962669526470618,0.0,0.0,0.0,0.1,0.0,0
8,62,world,0.62,0.052000000000000005,1.2465476918220533,0.5614981573965364,-0.7374814031769577,0.599394021627628,0.5993940216276433,0.3751357178902764,-0.3751357178902668,-2.549032426135268e-15,0.04435149936500828,0.08962669526472383,0.0,0.0,0.0,0.1,0.0,0
8,63,world,0.63,0.053000000000000005,1.2465476918220533,0.561941672390205,-0.7365851362243195,0.599394021627628,0.5993940216276433,0.37513571789027633,-0.3751357178902668,-2.5468112178090164e-15,0.044351499364972596,0.0896266952647415,0.0,0.0,0.0,0.1,0.0,0
8,64,world,0.64,0.054000000000000006,1.2465476918220533,0.5623851873838737,-0.7356888692716815,0.599394021627628,0.5993940216276433,0.37513571789027633,-0.3751357178902668,-2.5445900094827642e-15,0.04435149936493692,0.08962669526475915,0.0,0.0,0.0,0.1,0.0,0
8,65,world,0.65,0.05500000000000001,1.246547691822053,0.5628287023775423,-0.7347926023190434,0.599394021627628,0.5993940216276433,0.37513571789027633,-0.3751357178902668,-2.542368801156512e-15,0.04435149936490124,0.08962669526477682,0.0,0.0,0.0,0.1,0.0,0
8,66,world,0.66,0.05600000000000001,1.246547691822053,0.5632722173712109,-0.7338963353664054,0.599394021627628,0.5993940216276433,0.37513571789027633,-0.3751357178902668,-2.5401475928302603e-15,0.04435149936486555,0.08962669526479447,0.0,0.0,0.0,0.1,0.0,0
8,67,world,0.67,0.05700000000000001,1.246547691822053,0.5637157323648796,-0.7330000684137673,0.599394021627628,0.5993940216276433,0.37513571789027633,-0.3751357178902668,-2.537926384504008e-15,0.04435149936482987,0.08962669526481214,0.0,0.0,0.0,0.1,0.0,0
8,68,world,0.68,0.05800000000000001,1.246547691822053,0.5641592473585482,-0.7321038014611293,0.599394021627628,0.5993940216276433,0.3751357178902763,-0.3751357178902668,-2.535705176177756e-15,0.044351499364794184,0.08962669526482979,0.0,0.0,0.0,0.1,0.0,0
8,69,world,0.6900000000000001,0.05900000000000001,1.246547691822053,0.5646027623522168,-0.7312075345084912,0.599394021627628,0.5993940216276433,0.3751357178902763,-0.3751357178902668,-2.5334839678515038e-15,0.0443514993647585,0.08962669526484746,0.0,0.0,0.0,0.1,0.0,0
8,70,world,0.7000000000000001,0.060000000000000005,1.246547691822053,0.5650462773458855,-0.7303112675558532,0.599394021627628,0.5993940216276433,0.3751357178902763,-0.3751357178902668,-2.531262759525252e-15,0.04435149936472282,0.08962669526486511,0.0,0.0,0.0,0.1,0.0,0
8,71,world,0.71,0.061000000000000006,1.246547691822053,0.5654897923395541,-0.7294150006032152,0.599394021627628,0.5993940216276433,0.3751357178902763,-0.3751357178902668,-2.529041551199e-15,0.04435149936468714,0.08962669526488276,0.0,0.0,0.0,0.1,0.0,0
8,72,world,0.72,0.062000000000000006,1.246547691822053,0.5659333073332228,-0.7285187336505771,0.599394021627628,0.5993940216276433,0.3751357178902763,-0.3751357178902668,-2.5268203428727477e-15,0.04435149936465145,0.08962669526490041,0.0,0.0,0.0,0.1,0.0,0
8,73,world,0.73,0.063,1.2465476918220528,0.5663768223268915,-0.7276224666979391,0.599394021627628,0.5993940216276433,0.3751357178902763,-0.3751357178902668,-2.524599134546496e-15,0.04435149936461577,0.08962669526491808,0.0,0.0,0.0,0.1,0.0,0
8,74,world,0.74,0.064,1.2465476918220528,0.56682033732056,-0.726726199745301,0.5993940216276281,0.5993940216276434,0.3751357178902763,-0.37513571789026684,-2.5223779262202433e-15,0.044351499364580084,0.08962669526493573,0.0,0.0,0.0,0.1,0.0,0
8,75,world,0.75,0.065,1.2465476918220528,0.5672638523142287,-0.725829932792663,0.5993940216276281,0.5993940216276434,0.3751357178902763,-0.37513571789026684,-2.5201567178939916e-15,0.04435149936454441,0.0896266952649534,0.0,0.0,0.0,0.1,0.0,0
8,76,world,0.76,0.066,1.2465476918220528,0.5677073673078973,-0.7249336658400248,0.5993940216276281,0.5993940216276432,0.37513571789027633,-0.3751357178902669,-2.5179355095677394e-15,0.04435149936450872,0.08962669526497105,0.0,0.0,0.0,0.1,0.0,0
8,77,world,0.77,0.067,1.2465476918220528,0.568150882301566,-0.7240373988873868,0.5993940216276281,0.5993940216276432,0.37513571789027633,-0.3751357178902669,-2.5157143012414872e-15,0.04435149936447304,0.0896266952649887,0.0,0.0,0.0,0.1,0.0,0
8,78,world,0.78,0.068,1.2465476918220528,0.5685943972952346,-0.7231411319347487,0.5993940216276281,0.5993940216276432,0.37513571789027633,-0.3751357178902669,-2.513493092915235e-15,0.04435149936443736,0.08962669526500637,0.0,0.0,0.0,0.1,0.0,0
8,79,world,0.79,0.069,1.2465476918220528,0.5690379122889032,-0.7222448649821107,0.5993940216276281,0.5993940216276432,0.3751357178902763,-0.3751357178902669,-2.511271884588983e-15,0.04435149936440167,0.08962669526502402,0.0,0.0,0.0,0.1,0.0,0
8,80,world,0.8,0.07,1.2465476918220528,0.5694814272825719,-0.7213485980294726,0.5993940216276281,0.5993940216276432,0.3751357178902763,-0.3751357178902669,-2.509050676262731e-15,0.04435149936436599,0.08962669526504169,0.0,0.0,0.0,0.1,0.0,0
8,81,world,0.81,0.07100000000000001,1.2465476918220526,0.5699249422762405,-0.7204523310768346,0.5993940216276281,0.5993940216276432,0.3751357178902763,-0.3751357178902669,-2.5068294679364786e-15,0.044351499364330305,0.08962669526505934,0.0,0.0,0.0,0.1,0.0,0
8,82,world,0.8200000000000001,0.07200000000000001,1.2465476918220526,0.5703684572699091,-0.7195560641241965,0.5993940216276281,0.5993940216276432,0.3751357178902763,-0.3751357178902669,-2.504608259610227e-15,0.04435149936429463,0.089626695265077,0.0,0.0,0.0,0.1,0.0,0
8,83,world,0.8300000000000001,0.07300000000000001,1.2465476918220526,0.5708119722635778,-0.7186597971715585,0.5993940216276281,0.5993940216276432,0.3751357178902763,-0.3751357178902669,-2.5023870512839746e-15,0.044351499364258945,0.08962669526509465,0.0,0.0,0.0,0.1,0.0,0
8,84,world,0.84,0.07399999999999998,1.2465476918220526,0.5712554872572464,-0.7177635302189205,0.5993940216276281,0.5993940216276432,0.3751357178902763,-0.3751357178902669,-2.5001658429577225e-15,0.04435149936422326,0.0896266952651123,0.0,0.0,0.0,0.1,0.0,0
8,85,world,0.85,0.07499999999999998,1.2465476918220526,0.5716990022509151,-0.7168672632662824,0.5993940216276281,0.5993940216276432,0.3751357178902762,-0.3751357178902669,-2.4979446346314707e-15,0.04435149936418757,0.08962669526512997,0.0,0.0,0.0,0.1,0.0,0
8,86,world,0.86,0.07599999999999998,1.2465476918220526,0.5721425172445836,-0.7159709963136442,0.5993940216276282,0.5993940216276431,0.3751357178902763,-0.37513571789026695,-2.4957234263052185e-15,0.04435149936415189,0.08962669526514762,0.0,0.0,0.0,0.1,0.0,0
8,87,world,0.87,0.07699999999999999,1.2465476918220526,0.5725860322382523,-0.7150747293610062,0.5993940216276282,0.5993940216276431,0.3751357178902763,-0.37513571789026695,-2.4935022179789664e-15,0.044351499364116205,0.08962669526516528,0.0,0.0,0.0,0.1,0.0,0
8,88,world,0.88,0.07799999999999999,1.2465476918220526,0.573029547231921,-0.7141784624083682,0.5993940216276282,0.5993940216276431,0.3751357178902763,-0.37513571789026695,-2.491281009652714e-15,0.044351499364080525,0.08962669526518294,0.0,0.0,0.0,0.1,0.0,0
8,89,world,0.89,0.07899999999999999,1.2465476918220526,0.5734730622255896,-0.7132821954557301,0.5993940216276282,0.5993940216276431,0.3751357178902763,-0.37513571789026695,-2.4890598013264624e-15,0.04435149936404484,0.0896266952652006,0.0,0.0,0.0,0.1,0.0,0
8,90,world,0.9,0.07999999999999999,1.2465476918220524,0.5739165772192583,-0.712385928503092,0.5993940216276282,0.5993940216276431,0.3751357178902762,-0.37513571789026695,-2.4868385930002102e-15,0.04435149936400916,0.08962669526521826,0.0,0.0,0.0,0.1,0.0,0
8,91,world,0.91,0.08099999999999999,1.2465476918220524,0.5743600922129268,-0.711489661550454,0.5993940216276282,0.5993940216276431,0.3751357178902762,-0.37513571789026695,-2.4846173846739585e-15,0.04435149936397348,0.08962669526523592,0.0,0.0,0.0,0.1,0.0,0
8,92,world,0.92,0.08199999999999999,1.2465476918220524,0.5748036072065955,-0.710593394597816,0.5993940216276282,0.5993940216276431,0.3751357178902762,-0.37513571789026695,-2.482396176347706e-15,0.04435149936393779,0.08962669526525358,0.0,0.0,0.0,0.1,0.0,0
8,93,world,0.93,0.08299999999999999,1.2465476918220524,0.5752471222002642,-0.7096971276451779,0.5993940216276282,0.5993940216276431,0.3751357178902762,-0.37513571789026695,-2.480174968021454e-15,0.04435149936390212,0.08962669526527123,0.0,0.0,0.0,0.1,0.0,0
8,94,world,0.9400000000000001,0.08399999999999999,1.2465476918220524,0.5756906371939328,-0.7088008606925399,0.5993940216276282,0.5993940216276431,0.3751357178902762,-0.37513571789026695,-2.4779537596952016e-15,0.044351499363866426,0.08962669526528888,0.0,0.0,0.0,0.1,0.0,0
8,95,world,0.9500000000000001,0.08500000000000002,1.2465476918220524,0.5761341521876014,-0.7079045937399018,0.5993940216276282,0.5993940216276431,0.3751357178902762,-0.37513571789026695,-2.47573255136895e-15,0.044351499363830746,0.08962669526530653,0.0,0.0,0.0,0.1,0.0,0
8,96,world,0.96,0.08600000000000002,1.2465476918220524,0.5765776671812701,-0.7070083267872637,0.5993940216276282,0.5993940216276431,0.3751357178902762,-0.37513571789026695,-2.4735113430426976e-15,0.044351499363795066,0.0896266952653242,0.0,0.0,0.0,0.1,0.0,0
8,97,world,0.97,0.08700000000000002,1.2465476918220524,0.5770211821749387,-0.7061120598346257,0.5993940216276282,0.5993940216276431,0.3751357178902762,-0.37513571789026695,-2.4712901347164455e-15,0.04435149936375938,0.08962669526534185,0.0,0.0,0.0,0.1,0.0,0
8,98,world,0.98,0.08800000000000002,1.2465476918220522,0.5774646971686074,-0.7052157928819875,0.5993940216276282,0.5993940216276431,0.3751357178902762,-0.37513571789026695,-2.4690689263901933e-15,0.0443514993637237,0.08962669526535952,0.0,0.0,0.0,0.1,0.0,0
8,99,world,0.99,0.08900000000000002,1.2465476918220522,0.5779082121622761,-0.7043195259293495,0.5993940216276282,0.5993940216276431,0.3751357178902762,-0.37513571789026695,-2.4668477180639415e-15,0.04435149936368801,0.08962669526537717,0.0,0.0,0.0,0.1,0.0,0
8,100,world,1.0,0.09000000000000002,1.2465476918220522,0.5783517271559446,-0.7034232589767114,0.5993940216276282,0.5993940216276431,0.3751357178902762,-0.37513571789026695,-2.4646265097376894e-15,0.04435149936365233,0.08962669526539484,0.0,0.0,0.0,0.1,0.0,0
8,101,world,1.01,0.09100000000000003,1.2465476918220522,0.5787952421496133,-0.7025269920240734,0.5993940216276283,0.599394021627643,0.3751357178902762,-0.375135717890267,-2.4624053014114372e-15,0.04435149936361665,0.08962669526541249,0.0,0.0,0.0,0.1,0.0,0
8,102,world,1.02,0.09200000000000003,1.2465476918220522,0.5792387571432819,-0.7016307250714353,0.5993940216276283,0.599394021627643,0.3751357178902762,-0.375135717890267,-2.4601840930851854e-15,0.044351499363580967,0.08962669526543016,0.0,0.0,0.0,0.1,0.0,0
8,103,world,1.03,0.09300000000000003,1.2465476918220522,0.5796822721369506,-0.7007344581187973,0.5993940216276283,0.599394021627643,0.3751357178902762,-0.375135717890267,-2.4579628847589333e-15,0.04435149936354528,0.08962669526544781,0.0,0.0,0.0,0.1,0.0,0
8,104,world,1.04,0.09400000000000003,1.2465476918220522,0.5801257871306192,-0.6998381911661593,0.5993940216276283,0.599394021627643,0.3751357178902762,-0.375135717890267,-2.455741676432681e-15,0.0443514993635096,0.08962669526546546,0.0,0.0,0.0,0.1,0.0,0
8,105,world,1.05,0.09500000000000003,1.2465476918220522,0.5805693021242878,-0.6989419242135212,0.5993940216276283,0.599394021627643,0.3751357178902762,-0.375135717890267,-2.453520468106429e-15,0.04435149936347391,0.08962669526548311,0.0,0.0,0.0,0.1,0.0,0
8,106,world,1.06,0.09600000000000003,1.246547691822052,0.5810128171179565,-0.6980456572608831,0.5993940216276283,0.599394021627643,0.3751357178902762,-0.375135717890267,-2.451299259780177e-15,0.04435149936343824,0.08962669526550078,0.0,0.0,0.0,0.1,0.0,0
8,107,world,1.07,0.09700000000000003,1.246547691822052,0.5814563321116251,-0.6971493903082451,0.5993940216276283,0.599394021627643,0.37513571789027617,-0.375135717890267,-2.4490780514539246e-15,0.04435149936340255,0.08962669526551843,0.0,0.0,0.0,0.1,0.0,0
8,108,world,1.08,0.09800000000000003,1.246547691822052,0.5818998471052937,-0.6962531233556071,0.5993940216276283,0.599394021627643,0.37513571789027617,-0.375135717890267,-2.4468568431276732e-15,0.044351499363366874,0.0896266952655361,0.0,0.0,0.0,0.1,0.0,0
8,109,world,1.09,0.09900000000000003,1.246547691822052,0.5823433620989624,-0.695356856402969,0.5993940216276283,0.599394021627643,0.37513571789027617,-0.375135717890267,-2.4446356348014207e-15,0.04435149936333119,0.08962669526555375,0.0,0.0,0.0,0.1,0.0,0
8,110,world,1.1,0.10000000000000003,1.246547691822052,0.582786877092631,-0.694460589450331,0.5993940216276283,0.599394021627643,0.37513571789027617,-0.375135717890267,-2.4424144264317275e-15,0.0443514993632955,0.08962669526557142,0.0024367174922820204,1.331015853221639e-09,-6.468020564228152e-10,0.1,0.0,1
8,111,world,1.11,0.10100000000000003,1.246547691822052,0.5832300300004717,-0.6935641434416209,0.5993848804608938,0.5993848804431684,0.3751503233123256,-0.37515032332341974,2.9572013743204626e-12,0.04427951180292138,0.08966228211737055,0.004873435116281659,2.693698043465987e-09,-1.3089085376301913e-09,0.1,0.0,1
8,112,world,1.12,0.10200000000000004,1.246547691822052,0.5836724759233578,-0.6926673482836271,0.5993757389379852,0.5993757389020988,0.3751649285122832,-0.3751649285347454,5.987201043262612e-12,0.04421010281749299,0.08969652618059798,0.004873435368138527,-1.730948718378258e-10,8.410494526377072e-11,0.1,0.0,1
8,113,world,1.1300000000000001,0.10300000000000004,1.2465476918220522,0.5841142406654858,-0.6917702173754691,0.5993665970394263,0.5993665970240084,0.3751795335022929,-0.37517953351194383,2.572323806718918e-12,0.044143276415187005,0.08972943300463007,0.0048734355968361445,-1.0926759501534794e-09,5.308226083014616e-10,0.1,0.0,1
8,114,world,1.1400000000000001,0.10400000000000004,1.2465476918220522,0.5845553500726517,-0.6908727640629174,0.5993574547977676,0.5993574547764442,0.37519413826193254,-0.3751941382752809,3.557696640878906e-12,0.044079036401062754,0.08976100795976939,0.0048734358023745095,-5.987321751871022e-10,2.908201458581161e-10,0.1,0.0,1
8,115,world,1.1500000000000001,0.10500000000000004,1.2465476918220517,0.5849958300269704,-0.6899750016385843,0.5993483121899756,0.599348312182537,0.3752087428055729,-0.3752087428102296,1.2410894004559762e-12,0.04401738640091751,0.08979125622482584,0.004873435984784218,-1.5031864647862708e-10,7.30082661282508e-11,0.1,0.0,1
8,116,world,1.16,0.10600000000000001,1.2465476918220517,0.5854357064454334,-0.6890769433440167,0.5993391692388774,0.5993391692195578,0.3752233471188764,-0.3752233471309718,3.2235014403164015e-12,0.04395832987483073,0.08982018277990513,0.0048734361440429365,-1.6606882542370665e-09,8.064493520615794e-10,0.1,0.0,1
8,117,world,1.17,0.10700000000000001,1.2465476918220517,0.5858750052803648,-0.6881786023727203,0.5993300259086932,0.5993300259233838,0.3752379512241959,-0.3752379512149981,-2.451175276773927e-12,0.04390187009955793,0.08984779241451368,0.004873436280142335,-5.233286028822754e-10,2.5410507041922896e-10,0.1,0.0,1
8,118,world,1.18,0.10800000000000001,1.2465476918220517,0.5863137525136213,-0.6872799918701269,0.5993208822529408,0.5993208822405949,0.3752525550879769,-0.3752525550957071,2.0600001474085847e-12,0.04384801020132109,0.08987408971102208,0.004873436393096423,1.3939877035984559e-09,-6.767614249462065e-10,0.1,0.0,1
8,119,world,1.19,0.10900000000000001,1.2465476918220513,0.5867519741604215,-0.6863811249382751,0.5993117382233962,0.5993117382195128,0.37526715874036515,-0.3752671587427968,6.479798478376273e-13,0.043796753115636355,0.08989907906384803,0.004873436482899589,-1.959321594634052e-09,9.511058611123635e-10,0.1,0.0,1
8,120,world,1.2,0.11000000000000001,1.246547691822052,0.5871896962612511,-0.6854820146346726,0.5993025938332673,0.599302593847027,0.37528176217304404,-0.3752817621644277,-2.2959595897823844e-12,0.04374810163946158,0.08992276465358114,0.004873436549551829,-2.9147240188534155e-10,1.4147849564154792e-10,0.1,0.0,1
8,121,world,1.21,0.11100000000000002,1.246547691822052,0.587626944887266,-0.6845826739777444,0.5992934491028948,0.599293449102895,0.37529636537322864,-0.37529636537322864,0.0,0.04370205839166973,0.0899451504658872,0.004873436593053143,-1.3040624141257843e-09,6.3288263543809e-10,0.1,0.0,1
8,122,world,1.22,0.11200000000000002,1.2465476918220517,0.5880637461314369,-0.6836831159453403,0.5992843039941801,0.5992843040253129,0.37531096836473,-0.37531096834523264,-5.194977772549072e-12,0.04365862584938193,0.0899662402734697,0.004873436613428511,3.06346614863645e-09,-1.4865525483132197e-09,0.1,0.0,1
8,123,world,1.23,0.11300000000000002,1.2465476918220517,0.5885001261142191,-0.6827833534803116,0.5992751585811565,0.5992751585403449,0.37532557110113574,-0.37532557112669607,6.810189632942245e-12,0.043617806319151964,0.08998603764976514,0.0048734366106363,3.776420844199763e-09,-1.83229265166372e-09,0.1,0.0,1
8,124,world,1.24,0.11400000000000002,1.2465476918220522,0.5889361109750183,-0.6818833994891905,0.5992660127655446,0.5992660127463685,0.3753401736439489,-0.37534017365595945,3.199916890111706e-12,0.04357960196349218,0.09000454595576599,0.004873436584679286,-5.909717162419003e-11,2.866595850716864e-11,0.1,0.0,1
8,125,world,1.25,0.11500000000000002,1.246547691822052,0.58937172687723,-0.6809832668474575,0.5992568666154244,0.5992568665754012,0.3753547759504836,-0.3753547759755528,6.67878350833879e-12,0.0435440147805388,0.09002176834961763,0.004873436535596326,-2.1179363826674724e-09,1.0273504273586769e-09,0.1,0.0,1
8,126,world,1.26,0.11600000000000002,1.2465476918220517,0.5898070000007314,-0.6800829683987298,0.5992477200746502,0.5992477200836868,0.3753693780558603,-0.37536937805019976,-1.5079862854595468e-12,0.04351104664261988,0.09003770776771118,0.004873436463365216,-1.4037687684492757e-09,6.808498212360072e-10,0.1,0.0,1
8,127,world,1.27,0.11700000000000002,1.2465476918220515,0.5902419565457493,-0.6791825169594621,0.5992385732179342,0.5992385731966106,0.3753839799132326,-0.37538397992659056,3.558478292107096e-12,0.043480699251517,0.09005236694612268,0.004873436367977629,-6.722761239249456e-10,3.260197668677901e-10,0.1,0.0,1
8,128,world,1.28,0.11800000000000002,1.246547691822052,0.59067662272675,-0.6782819253188195,0.599229425970778,0.5992294259887686,0.37539858156922007,-0.3753985815579495,-3.002284556436374e-12,0.04345297417570213,0.09006574840240747,0.004873436249441893,-3.2019387154376348e-09,1.5525719604986873e-09,0.1,0.0,1
8,129,world,1.29,0.11900000000000002,1.2465476918220517,0.5911110247748926,-0.6773812062426939,0.5992202783860586,0.599220278407382,0.3754131829906513,-0.37541318297729204,-3.5585316066372947e-12,0.04342787283192925,0.09007785444432934,0.004873436107752455,8.104433793942385e-10,-3.929273574733098e-10,0.1,0.0,1
8,130,world,1.3,0.12000000000000002,1.246547691822052,0.5915451889334251,-0.6764803724743123,0.5992111304545642,0.5992111304617604,0.3754277841832486,-0.3754277841787399,-1.2009595809410332e-12,0.04340539650376303,0.09008868716077018,0.004873435942900987,6.059264203895207e-10,-2.937261546262227e-10,0.1,0.0,1
8,131,world,1.31,0.12100000000000002,1.2465476918220515,0.5919791414587188,-0.675579436737567,0.5992019821575217,0.5992019821707749,0.37544238515872647,-0.37544238515042244,-2.211781669585398e-12,0.043385546325050935,0.09009824842957193,0.004873435754915248,-1.7567336481353839e-09,8.515160802065039e-10,0.1,0.0,1
8,132,world,1.32,0.12200000000000003,1.246547691822052,0.5924129086170628,-0.6746784117383045,0.5991928334994313,0.5991928335300226,0.3754569859142186,-0.3754569858950501,-5.105364577473896e-12,0.043368323291421734,0.09010653991187725,0.004873435543795238,-2.113226261483635e-10,1.0241807406221173e-10,0.1,0.0,1
8,133,world,1.33,0.12300000000000003,1.246547691822052,0.5928465166844638,-0.673777310167061,0.5991836845019138,0.5991836845179808,0.37547158643612993,-0.3754715864260618,-2.681449474074004e-12,0.04335372825579755,0.09011356305419548,0.004873435309515975,6.959766099525125e-10,-3.372774283419453e-10,0.1,0.0,1
8,134,world,1.34,0.12400000000000003,1.2465476918220517,0.5932799919445682,-0.6728761447008968,0.5991745351391973,0.5991745351605196,0.3754861867405623,-0.37548618672720013,-3.558599520749982e-12,0.04334176193991873,0.0901193190827772,-0.0005775316515165177,1.838870722369552e-09,-8.911066329325268e-10,0.1,0.0,1
8,135,world,1.35,0.12500000000000003,1.2465476918220517,0.5937133606875747,-0.6719749280057068,0.5991858529714191,0.5991858529629985,0.37546812594676704,-0.3754681259520437,1.4053399002052176e-12,0.043332424925691435,0.09012380900771626,-0.02317848462903147,-7.126216347545498e-10,3.454903061266347e-10,0.1,0.0,1
8,136,world,1.36,0.12600000000000003,1.2465476918220517,0.5941466492087717,-0.6710736727383512,0.5992615510466561,0.5992615510774733,0.37534729708089487,-0.37534729706159253,-5.142505412745483e-12,0.04332571764567869,0.090127033627469,-0.040328551810306396,1.5338175590171162e-09,-7.440714912729789e-10,0.1,0.0,1
8,137,world,1.37,0.12700000000000003,1.2465476918220517,0.5945798838072347,-0.6701723915488645,0.5993372251096817,0.5993372250808242,0.3752264524368491,-0.37522645245491576,4.8148341947618396e-12,0.04332164041814036,0.09012899351197343,-0.040328707335414625,1.4065554658125562e-09,-6.830119988211885e-10,0.1,0.0,1
8,138,world,1.3800000000000001,0.12800000000000003,1.246547691822052,0.5950130907843799,-0.6692710970825939,0.5994128750327612,0.5994128750448411,0.37510559212114414,-0.37510559211358474,-2.0152549362518482e-12,0.043320193397307805,0.0901296890265347,-0.04032884974318956,-1.3501394812872335e-09,6.563111343553055e-10,0.1,0.0,1
8,139,world,1.3900000000000001,0.12900000000000003,1.246547691822052,0.5954462964426366,-0.6683698019823973,0.5994885008702019,0.5994885008593364,0.3749847161263553,-0.3749847161331518,1.8124424981947475e-12,0.043321376631667075,0.09012912030380221,-0.04032897903338419,2.6152802855055658e-09,-1.272587625357633e-09,0.1,0.0,1
8,140,world,1.4000000000000001,0.13000000000000003,1.2465476918220522,0.5958795270840863,-0.6674685188908223,0.5995641025566452,0.5995641025338518,0.3748638245200096,-0.37486382453426065,3.8016019672449425e-12,0.04332519001126177,0.09012728726910661,-0.04032909520569375,-1.899030983983768e-09,9.250045425012969e-10,0.1,0.0,1
8,141,world,1.41,0.131,1.2465476918220517,0.5963128090091017,-0.6665672604522889,0.5996396800451312,0.5996396800595958,0.37474291735813586,-0.3747429173490963,-2.4121627845418435e-12,0.0433316332913658,0.09012418962910347,-0.04032919825991452,1.0597745191139386e-09,-5.167422185890795e-10,0.1,0.0,1
8,142,world,1.42,0.132,1.246547691822052,0.596746168514986,-0.6656660393152678,0.5997152333767409,0.5997152333398,0.3746219946417862,-0.37462199466486196,6.159640673028965e-12,0.043340706114509096,0.09011982686121715,-0.04032928819586607,-1.1712880982878213e-09,5.71687157567255e-10,0.1,0.0,1
8,143,world,1.43,0.133,1.2465476918220522,0.5971796318946072,-0.6647648681344588,0.5997907624201066,0.5997907624502097,0.37450105647980614,-0.3745010564610102,-5.018837200020883e-12,0.04335240794600956,0.09011419824468711,-0.040329365013349695,1.838251822853747e-11,-8.984480070327011e-12,0.1,0.0,1
8,144,world,1.44,0.134,1.246547691822052,0.5976132254350299,-0.6638637595729664,0.5998662672738452,0.5998662672366495,0.37438010283743106,-0.37438010286064505,6.200517945366309e-12,0.04336673815419018,0.09010730282205714,-0.04032942871221218,7.570222432071737e-10,-3.7025106207646436e-10,0.1,0.0,1
8,145,world,1.45,0.135,1.2465476918220517,0.5980469754161422,-0.6629627263044727,0.599941747780792,0.599941747800791,0.3742591338396427,-0.37425913382716675,-3.3334426224599597e-12,0.043383695941961176,0.09009913943215808,-0.04032947929233139,-4.376968350950167e-09,2.1429331113187064e-09,0.1,0.0,1
8,146,world,1.46,0.136,1.246547691822052,0.598480908109276,-0.6620617810154064,0.600017204003438,0.6000172040247155,0.37413814947435353,-0.37413814946108603,-3.5460588592474734e-12,0.0434032803944513,0.09008970668728278,-0.04032951675362961,2.9008962685649532e-09,-1.4217072349533894e-09,0.1,0.0,1
8,147,world,1.47,0.137,1.246547691822052,0.59891504977595,-0.661160936407169,0.6000926359068058,0.6000926358880373,0.37401714979036654,-0.37401714980206435,3.1275403259124097e-12,0.043425490440944445,0.09007900299161534,-0.04032954109602081,3.650219114887847e-10,-1.7907342761121268e-10,0.1,0.0,1
8,148,world,1.48,0.138,1.246547691822052,0.5993494266660931,-0.6602602051981096,0.6001680434049758,0.6001680434213782,0.373896134868254,-0.3738961348580355,-2.7329064195947365e-12,0.043450324875487306,0.09006702653143718,-0.040329552319441145,-3.413130981552244e-10,1.6760482345594797e-10,0.1,0.0,1
8,149,world,1.49,0.139,1.2465476918220522,0.5997840650169922,-0.6593596001258498,0.6002434265408311,0.6002434265266225,0.3737751047083573,-0.37377510471720493,2.367053258169943e-12,0.04347778235663434,0.09005377527538276,-0.04032955042388783,1.5675045020570456e-09,-7.705669644748931e-10,0.1,0.0,1
8,150,world,1.5,0.14,1.2465476918220522,0.6002189910517638,-0.6584591339493733,0.6003187852337699,0.6003187852292053,0.37365405938799795,-0.3736540593908391,7.603601487830643e-13,0.04350786139131968,0.09003924698237828,-0.040329535409358096,-6.533773699338105e-10,3.2153169887772653e-10,0.1,0.0,1
8,151,world,1.51,0.14100000000000001,1.246547691822052,0.6006542309779184,-0.6575588194511633,0.6003941194816426,0.6003941194761747,0.37353299893567016,-0.37353299893907194,9.106829556477863e-13,0.04354056034956983,0.09002343919472011,-0.04032950727588248,1.4432316844267727e-09,-7.109313330905162e-10,0.1,0.0,1
8,152,world,1.52,0.14200000000000002,1.2465476918220522,0.6010898109859146,-0.6566586694393293,0.6004694292604154,0.6004694292365286,0.37341192339354606,-0.37341192340840057,3.977937079974767e-12,0.043575877454424414,0.09000634924313389,-0.04032946602352205,1.0966228223004898e-10,-5.4073413880177525e-11,0.1,0.0,1
8,153,world,1.53,0.14300000000000002,1.246547691822052,0.6015257572476931,-0.6557586967497244,0.6005447145161616,0.6005447145092239,0.37329083282242354,-0.373290832826736,1.155209460316092e-12,0.043613810773982443,0.08998797425084784,-0.04032941165235726,-3.292757822401139e-09,1.6252943876126043e-09,0.1,0.0,1
8,154,world,1.54,0.14400000000000002,1.246547691822052,0.6019620959151978,-0.6548589142480519,0.6006199752340103,0.6006199752542275,0.3731697272588458,-0.3731697272462848,-3.3659572423942487e-12,0.04365435823899651,0.08996831112531434,-0.04032934416245478,-2.700323371498451e-09,1.3342244337987106e-09,0.1,0.0,1
8,155,world,1.55,0.14500000000000002,1.2465476918220522,0.6023988531188745,-0.6539593348319617,0.6006952114007086,0.6006952114299544,0.3730486067384058,-0.37304860672024326,-4.868548898167655e-12,0.04369751762738838,0.08994735656596076,-0.0403292635540144,3.1009112785447785e-09,-1.5337231900589328e-09,0.1,0.0,1
8,156,world,1.56,0.14600000000000002,1.246547691822052,0.6028360549661522,-0.6530599714331323,0.600770423009617,0.6007704229882722,0.3729274712926469,-0.37292747130589665,3.5528156048450057e-12,0.04374328655472849,0.08992510706911008,-0.040329169827158284,1.5630747120679095e-09,-7.738754291775658e-10,0.1,0.0,1
8,157,world,1.57,0.14700000000000002,1.2465476918220522,0.6032737275399032,-0.6521608370193421,0.6008456099634585,0.6008456099717523,0.3728063210094146,-0.3728063210042686,-1.380309719642719e-12,0.043791662486725697,0.0899015589222384,-0.04032906298204182,-7.494005619361472e-14,3.0531134004805994e-14,0.1,0.0,1
8,158,world,1.58,0.14800000000000002,1.2465476918220522,0.6037118968968791,-0.6512619445965234,0.600920772304669,0.6009207722833197,0.37268515588986767,-0.37268515590310813,3.5526464840880397e-12,0.04384264273741381,0.08987670820518238,-0.04032894301891485,4.194589234190516e-09,-2.08097711374851e-09,0.1,0.0,1
8,159,world,1.59,0.14900000000000002,1.2465476918220522,0.604150589066126,-0.6503633072108039,0.6009959099748182,0.6009959099268318,0.3725639759978106,-0.37256397602755786,7.984301471660711e-12,0.04389622445671507,0.08985055079656268,-0.04032880993800772,-1.1376927486512461e-09,5.649952881045635e-10,0.1,0.0,1
8,160,world,1.6,0.15000000000000002,1.2465476918220522,0.6045898300473722,-0.6494649379505314,0.6010710229138865,0.6010710229078022,0.3724427813980386,-0.37244278140180853,1.0122116783012965e-12,0.04395240462216181,0.08982308237824936,-0.0403286637395647,-4.64091555553205e-09,2.3070684877261062e-09,0.1,0.0,1
8,161,world,1.61,0.15100000000000002,1.2465476918220522,0.6050296458093919,-0.648566849948282,0.6011461111396761,0.6011461111539893,0.372321572107151,-0.3723215720982861,-2.380940765494063e-12,0.04401118006478426,0.08979429842314678,-0.04502571239496887,2.2593039314508615e-11,-1.1246559619458097e-11,0.1,0.0,1
8,162,world,1.62,0.15200000000000002,1.246547691822052,0.6054700622888404,-0.647669056383094,0.6012386569959546,0.6012386569895651,0.3721721071440881,-0.3721721071480431,1.062665278490932e-12,0.044072550529505115,0.0897641926929899,-0.14330365258716238,7.160136047807511e-10,-3.5758630527587707e-10,0.1,0.0,1
8,163,world,1.6300000000000001,0.15300000000000002,1.246547691822052,0.6059111105559626,-0.646771573022932,0.6016790441192394,0.6016790441239344,0.3714597257658092,-0.3714597257629107,-7.80293952191327e-13,0.04413798330931665,0.0897320368061847,-0.23688446774539998,-3.016340001022012e-10,1.5118476177195216e-10,0.1,0.0,1
8,164,world,1.6400000000000001,0.15400000000000003,1.2465476918220524,0.6063528395539263,-0.6458744245176213,0.6021185871824571,0.6021185871801216,0.37074682327738834,-0.3707468232788264,3.8786148865041257e-13,0.04420869575748235,0.08969721968613276,-0.2368844677454084,1.0658373049113976e-09,-5.373595487074911e-10,0.1,0.0,1
8,165,world,1.6500000000000001,0.15500000000000003,1.2465476918220522,0.606795302050383,-0.6449776375421395,0.6025572855600926,0.6025572855504097,0.37003340068443447,-0.37003340069038076,1.6068810909557784e-12,0.04428468201872628,0.08965972863276078,-0.23688446774539448,-1.7297846012762262e-10,8.772435433384104e-11,0.1,0.0,1
8,166,world,1.6600000000000001,0.15600000000000003,1.246547691822052,0.6072385507529893,-0.6440812389036082,0.6029951386280418,0.6029951386280419,0.3693194589930899,-0.3693194589930899,0.0,0.04436593594121223,0.08961954992109844,-0.23688446774539776,-2.2985468376042352e-09,1.1725437151615094e-09,0.1,0.0,1
8,167,world,1.67,0.157,1.246547691822052,0.6076826383062227,-0.6431852555514418,0.6034321457746944,0.6034321457961387,0.3686049992032613,-0.3686049991901621,-3.553399877298502e-12,0.04445245104408599,0.08957666881601001,-0.2368844677454033,-7.610558195907489e-10,3.9050466078104164e-10,0.1,0.0,1
8,168,world,1.68,0.158,1.2465476918220524,0.6081276172880234,-0.6422897145874196,0.6038683064091516,0.6038683064194825,0.3678900223037041,-0.3678900222974103,-1.7106023954650996e-12,0.04454422049491688,0.08953106958201845,-0.23688446774540559,1.5789717645653615e-09,-8.149238911249783e-10,0.1,0.0,1
8,169,world,1.69,0.159,1.246547691822052,0.6085735402062414,-0.6413946432756801,0.6043036199028728,0.6043036199028727,0.3671745293076363,-0.3671745293076363,0.0,0.0446412371042194,0.08948273548458868,-0.23688446774539673,-5.8679782623056e-10,3.046066250307405e-10,0.1,0.0,1
8,170,world,1.7,0.16000000000000003,1.2465476918220522,0.609020459494886,-0.6405000690526295,0.6047380856312304,0.6047380856495727,0.36645852122724004,-0.36645852121612504,-3.0326305205715776e-12,0.044743493287321245,0.08943164880760861,-0.23688446774539954,1.5751831249505297e-09,-8.224401080311252e-10,0.1,0.0,1
8,171,world,1.71,0.16100000000000003,1.2465476918220522,0.6094684275101573,-0.6396060195367547,0.6051717030281641,0.6051717030066567,0.36574199904065324,-0.36574199905365146,3.553319315270873e-12,0.04485098106779353,0.0893777908501683,-0.23688446774540559,1.3426633483270241e-09,-7.050810978970545e-10,0.1,0.0,1
8,172,world,1.72,0.16200000000000003,1.2465476918220522,0.6099174965262558,-0.638712522538344,0.6056044714255966,0.6056044714255967,0.36502496378922317,-0.36502496378922317,0.0,0.044963692022775434,0.08932114195240119,-0.23688446774540284,-3.142614110381568e-09,1.6598210563893969e-09,0.1,0.0,1
8,173,world,1.73,0.16300000000000003,1.2465476918220522,0.6103677187311697,-0.6378196060692108,0.6060363902470789,0.6060363902686179,0.3643074164602663,-0.3643074164473185,-3.553338464113008e-12,0.04508161728090736,0.08926168149512867,-0.2368844677453973,1.5694127353833793e-09,-8.336700244278564e-10,0.1,0.0,1
8,174,world,1.74,0.16400000000000003,1.246547691822052,0.6108191462218419,-0.6369272983521188,0.6064674589190231,0.6064674588974682,0.3635893580410143,-0.36358935805393694,3.5533601424730444e-12,0.04520474749501077,0.08919938791220665,-0.23688446774540278,-2.1185850681206372e-10,1.1318456765739745e-10,0.1,0.0,1
8,175,world,1.75,0.16500000000000004,1.2465476918220524,0.6112718309984875,-0.63603562782979,0.6068976767598186,0.6068976767843037,0.3628707895849254,-0.36287078957028546,-4.033454019757187e-12,0.04533307279098264,0.0891342387151395,-0.23688446774540278,-4.696519791165719e-09,2.5233838637121296e-09,0.1,0.0,1
8,176,world,1.76,0.16600000000000004,1.2465476918220524,0.6117258249604896,-0.635144623174722,0.6073270432241744,0.607327043267348,0.3621517120651024,-0.36215171203935775,-7.1068467057044256e-12,0.04546658278808112,0.08906621048172292,-0.2368844677453973,6.225081832152926e-10,-3.363673599115314e-10,0.1,0.0,1
8,177,world,1.77,0.16700000000000004,1.246547691822052,0.6121811799004923,-0.6342543132981034,0.6077555577190468,0.6077555577349658,0.36143212648484535,-0.36143212647537826,-2.6185597984320856e-12,0.04560526652620689,0.08899527889204929,-0.23688446774540284,4.165402477252154e-09,-2.263522043978349e-09,0.1,0.0,1
8,178,world,1.78,0.16800000000000004,1.2465476918220522,0.6126379474986186,-0.633364727358802,0.6081832196218672,0.6081832196074376,0.36071203386644657,-0.3607120338750047,2.3718378742983466e-12,0.04574911244940849,0.0889214187363842,-0.23688446774540559,2.708918957991695e-09,-1.4803755410951017e-09,0.1,0.0,1
8,179,world,1.79,0.16900000000000004,1.2465476918220522,0.6130961793163843,-0.632475894772198,0.6086100283195686,0.6086100282979341,0.3599914352278596,-0.3599914352406563,3.5535536159931292e-12,0.04589810838357615,0.0888446039262346,-0.23688446774540287,-1.7432654969605736e-09,9.580400995194558e-10,0.1,0.0,1
8,180,world,1.8,0.17000000000000004,1.2465476918220522,0.6135559267903001,-0.6315878452188618,0.609035983205662,0.6090359832154418,0.3592703315844894,-0.35927033157872035,-1.6052240434656894e-12,0.046052241495985004,0.08876480751511534,-0.23688446774540559,-2.2304817758650147e-09,1.2326817770912318e-09,0.1,0.0,1
8,181,world,1.81,0.17100000000000004,1.246547691822052,0.6140172412251501,-0.6307006086530614,0.6094610837178014,0.6094610837272002,0.35854872392713577,-0.35854872392160647,-1.5415896216368447e-12,0.0462114982766635,0.08868200170849737,-0.23688446774540003,7.017976102308857e-10,-3.9002448887381113e-10,0.1,0.0,1
8,182,world,1.82,0.17200000000000004,1.2465476918220522,0.6144801737869329,-0.629814215311093,0.609885329248243,0.609885329248243,0.3578266132748684,-0.3578266132748684,0.0,0.04637586447112949,0.08859615789951295,-0.23688446774539448,-2.0332643488830785e-09,1.1362921239460812e-09,0.1,0.0,1
8,183,world,1.83,0.17300000000000004,1.2465476918220522,0.6149447754954653,-0.6289286957194208,0.6103087191737018,0.6103087192115446,0.35710400065718545,-0.3571040006350428,-6.198223501648581e-12,0.04654532508676204,0.0885072466669687,-0.23688446774539448,-2.4867631229957877e-10,1.3974390280327242e-10,0.1,0.0,1
8,184,world,1.84,0.17400000000000004,1.246547691822052,0.615411097216627,-0.6280440807026186,0.610731252959944,0.6107312529634282,0.3563808870528462,-0.35638088705081306,-5.702659587410097e-13,0.04671986433224862,0.08841523780874136,-0.23688446774540284,2.699165639598696e-09,-1.5252646755202495e-09,0.1,0.0,1
8,185,world,1.85,0.17500000000000004,1.2465476918220522,0.615879189654248,-0.6271604013911004,0.6111529299626779,0.6111529299626778,0.35565727350643944,-0.35565727350643944,0.0,0.04689946557982579,0.08832010036411156,-0.2368844677454056,3.1249476699799077e-10,-1.775581343872834e-10,0.1,0.0,1
8,186,world,1.86,0.17600000000000005,1.246547691822052,0.6163491033423857,-0.6262776892290338,0.6115737496044996,0.6115737496035925,0.3549331610248058,-0.35493316102533234,1.4827525004956786e-13,0.047084111343121425,0.08822180262853704,-0.23688446774540278,-4.5560542427215306e-10,2.6031978715974657e-10,0.1,0.0,1
8,187,world,1.87,0.17700000000000005,1.2465476918220522,0.6168208886354178,-0.625395975981066,0.6119937112922301,0.6119937112986527,0.35420855062540296,-0.3542085506216857,-1.049012120347768e-12,0.047273783226081945,0.08812031218449817,-0.23688446774540003,1.082809855273716e-09,-6.220724202705854e-10,0.1,0.0,1
8,188,world,1.8800000000000001,0.17800000000000005,1.246547691822052,0.6172945956974963,-0.6245152937386437,0.61241281445582,0.6124128144396161,0.3534834433137128,-0.35348344332306564,2.644791641774542e-12,0.04746846188596693,0.08801559592583866,-0.23688446774540833,2.407409858096575e-09,-1.3906472323276393e-09,0.1,0.0,1
8,189,world,1.8900000000000001,0.17900000000000005,1.246547691822052,0.6177702744955605,-0.6236356749282003,0.612831058486757,0.6128310584591125,0.3527578401188686,-0.3527578401347814,4.50902423413314e-12,0.04766812699499954,0.08790762008374813,-0.23688446774540559,-1.949289776321845e-09,1.132185682693252e-09,0.1,0.0,1
8,190,world,1.9000000000000001,0.18000000000000005,1.2465476918220522,0.6182479747882049,-0.6227571523170667,0.6132484427786438,0.613248442790066,0.35203174207004684,-0.3520317420634901,-1.8617444593236647e-12,0.047872757200570944,0.08779635025452473,-0.23688446774539998,-1.417550736933028e-09,8.278413480973788e-10,0.1,0.0,1
8,191,world,1.9100000000000001,0.18100000000000005,1.2465476918220517,0.6187277461152224,-0.6218797590196741,0.6136649668002161,0.6136649667926815,0.3513051501546742,-0.3513051501589876,1.2272987600918179e-12,0.048082330087820764,0.08768175142711195,-0.23688446774540062,1.8685515069041306e-09,-1.097163664627571e-09,0.1,0.0,1
8,192,world,1.92,0.18200000000000002,1.246547691822052,0.6192096377867363,-0.6210035285034513,0.6140806299324802,0.6140806299173055,0.3505780654119844,-0.3505780654206477,2.4700759251251656e-12,0.04829682213539488,0.08756378801549207,-0.2368844677454005,-8.33386917291816e-10,4.919944057153613e-10,0.1,0.0,1
8,193,world,1.93,0.18300000000000002,1.246547691822052,0.6196936988719095,-0.6201284945944063,0.6144954315843973,0.6144954315887463,0.34985048886645725,-0.34985048886398123,-7.074370925827512e-13,0.04851620865829509,0.08744242389952817,-0.23688446774540003,-9.136366881218476e-10,5.422986580075312e-10,0.1,0.0,1
8,194,world,1.94,0.18400000000000002,1.2465476918220522,0.6201799781872315,-0.6192546914823723,0.6149093712006429,0.614909371198514,0.3491224215236213,-0.34912242152483003,3.4607909021336163e-13,0.0487404637932094,0.08731762244371319,-0.23688446774539443,3.015590599779522e-10,-1.7996454504372327e-10,0.1,0.0,1
8,195,world,1.95,0.18500000000000003,1.2465476918220517,0.6206685242843758,-0.6183821537259045,0.6153224481831985,0.6153224481832316,0.3483938644147185,-0.34839386441469966,-5.392081871479362e-15,0.04896956043570923,0.08718934654379182,-0.2368844677453973,9.78865127380204e-10,-5.873057537393668e-10,0.1,0.0,1
8,196,world,1.96,0.18600000000000003,1.2465476918220522,0.6211593854396271,-0.6175109162579426,0.6157346619660888,0.6157346619498993,0.3476648185541596,-0.3476648185633007,2.6282491427606915e-12,0.04920347020448301,0.08705755865998399,-0.23688446774541397,2.5449666194958406e-10,-1.5351762008422182e-10,0.1,0.0,1
8,197,world,1.97,0.18700000000000003,1.246547691822052,0.6216526096347584,-0.6166410143865187,0.6161460119474537,0.6161460119438242,0.3469352849780137,-0.3469352849800572,5.888004097811152e-13,0.04944216339060587,0.08692222086012663,-0.23688446774540003,4.136139746513001e-11,-2.5071634901524585e-11,0.1,0.0,1
8,198,world,1.98,0.18800000000000003,1.2465476918220522,0.622148244549704,-0.6157724838019349,0.6165564975774885,0.6165564975606811,0.34620526469433677,-0.34620526470377455,2.725016492893247e-12,0.04968560891561721,0.08678329485957734,-0.2368844677453945,-2.5146575025773583e-10,1.533261064333633e-10,0.1,0.0,1
8,199,world,1.99,0.18900000000000003,1.246547691822052,0.6226463375466881,-0.6149053605789851,0.6169661182524793,0.6169661182524793,0.34547475874290406,-0.34547475874290406,0.0,0.049933774298374506,0.08664074205775822,-0.2368844677453973,1.3763392197163966e-09,-8.436328976127365e-10,0.1,0.0,1
8,200,world,2.0,0.19000000000000003,1.246547691822052,0.6231469356558665,-0.6140396811798292,0.6173748734395649,0.6173748734028023,0.3447437681251113,-0.3447437681456396,5.9525749495000674e-12,0.050186625601376426,0.08649452358818603,-0.23688446774540514,-9.926069257193297e-10,6.116529674398095e-10,0.1,0.0,1
8,201,world,2.0100000000000002,0.19100000000000006,1.246547691822052,0.6236500855605603,-0.6131754824564322,0.6177827624945702,0.617782762508976,0.3440122939059554,-0.34401229389793353,-2.3310690129782913e-12,0.0504441273853289,0.08634460036581738,-0.23688446774540559,-2.5310222052652123e-09,1.567931974039422e-09,0.1,0.0,1
8,202,world,2.02,0.19200000000000003,1.246547691822052,0.6241558335820546,-0.6123128016525314,0.618189784922038,0.618189784922038,0.34328033706876426,-0.34328033706876426,0.0,0.050706242684556396,0.08619093312416842,-0.23688446774539998,-1.0738475715255674e-09,6.687531787773151e-10,0.1,0.0,1
8,203,world,2.0300000000000002,0.19300000000000006,1.246547691822052,0.6246642256639616,-0.6114516764051091,0.6185959400959465,0.6185959401260225,0.34254789867099217,-0.34254789865433755,-4.86052732005567e-12,0.05097293293042304,0.0860334824848477,-0.23688446774538893,5.551120314740305e-15,-1.110224062948061e-14,0.1,0.0,1
8,204,world,2.04,0.19400000000000003,1.2465476918220517,0.625175307356152,-0.6105921447453542,0.6190012274988352,0.6190012274988351,0.3418149797111521,-0.3418149797111521,0.0,0.05124415794337666,0.08587220898913844,-0.23688446774539829,1.7878659731294037e-09,-1.1252009855572616e-09,0.1,0.0,1
8,205,world,2.05,0.195,1.246547691822052,0.6256891237982611,-0.6097342450990952,0.6194056465150574,0.6194056465190032,0.34108158124349197,-0.3410815812413192,-6.368644959326638e-13,0.05151987586307062,0.08570707316816853,-0.23688446774540284,-2.908334628618268e-09,1.8400284629468904e-09,0.1,0.0,1
8,206,world,2.06,0.19600000000000004,1.246547691822052,0.6262057197027707,-0.6088780162866817,0.6198091965768973,0.6198091966195589,0.3403477042969912,-0.3403477042735649,-6.881378622480863e-12,0.051800043131483425,0.08553803558403979,-0.23688446774539448,1.767176947716317e-09,-1.1239145134242892e-09,0.1,0.0,1
8,207,world,2.07,0.197,1.246547691822052,0.6267251393402584,-0.6080234975238684,0.6202118771873194,0.6202118771652922,0.33961334986326236,-0.339613349875324,3.550780537874486e-12,0.05208461444734822,0.08536505689022345,-0.23688446774540003,2.899577736321765e-09,-1.853768873505951e-09,0.1,0.0,1
8,208,world,2.08,0.19800000000000004,1.246547691822052,0.6272474265169369,-0.607170728417693,0.6206136876863606,0.6206136876863607,0.33887851902464455,-0.33887851902464455,0.0,0.05237354270000904,0.08518809790722136,-0.2368844677454084,-7.06291242125668e-10,4.5390678145584255e-10,0.1,0.0,1
8,209,world,2.09,0.199,1.2465476918220517,0.6277726245566705,-0.6063197489646329,0.6210146275705243,0.6210146275588964,0.33814321277902837,-0.33814321278535986,1.87208944116929e-12,0.05266677896364132,0.08500711966414902,-0.26223029111178214,3.7216661328938707e-10,-2.4056756402140164e-10,0.1,0.0,1
8,210,world,2.1,0.20000000000000004,1.2465476918220515,0.6283007749447601,-0.6054705987136797,0.6215001949823415,0.6215001949768333,0.3372499186646704,-0.33724991866765947,8.861534759528267e-13,0.05296355053844997,0.08482253423684687,-0.30770615578173055,-8.281804988025176e-10,5.386311014991276e-10,0.1,0.0,1
8,211,world,2.11,0.201,1.2465476918220517,0.6288318948336621,-0.6046233026373106,0.6220521734270249,0.6220521734276684,0.33623071473979205,-0.33623071473944416,-1.0344122792232587e-13,0.05326035788048128,0.0846364831408008,-0.3278361970853305,-1.5004441254712538e-09,9.824547676830686e-10,0.1,0.0,1
8,212,world,2.12,0.20200000000000004,1.2465476918220517,0.6293659807141878,-0.6037778730139821,0.6226024804661908,0.6226024804830051,0.3352106073946832,-0.33521060738563035,-2.700215826229296e-12,0.05355674878817321,0.08444924309453879,-0.32783619708533873,-6.179429157395211e-10,4.075275200855503e-10,0.1,0.0,1
8,213,world,2.13,0.203,1.246547691822052,0.6299030284409242,-0.6029343217628655,0.6231511146377791,0.6231511146476492,0.33418959936136833,-0.3341895993560752,-1.5836381445539196e-12,0.05385272818926378,0.08426080741705051,-0.32783619708532497,-9.486595182768855e-11,6.300665728852348e-11,0.1,0.0,1
8,214,world,2.14,0.20400000000000004,1.2465476918220517,0.6304430339207592,-0.6020926608727065,0.6236980744484301,0.6236980744666946,0.3331676933935517,-0.3331676933837951,-2.9279915775737378e-12,0.05414830086829689,0.08407116933334757,-0.3278361970853194,2.1329948268238455e-09,-1.4268098392424976e-09,0.1,0.0,1
8,215,world,2.15,0.20500000000000002,1.246547691822052,0.6309859931175663,-0.6012529024068214,0.6242433584605844,0.624243358438433,0.3321448922198917,-0.332144892231678,3.5480297369321527e-12,0.05444347147308429,0.08388032197100498,-0.32783619708533607,1.2143502417827077e-09,-8.180762399886626e-10,0.1,0.0,1
8,216,world,2.16,0.20600000000000004,1.2465476918220517,0.6315319020264731,-0.6004150584883817,0.6247869651534222,0.6247869651534224,0.33112119861823436,-0.33112119861823436,0.0,0.054738244508077405,0.08368825836504147,-0.32783619708533607,-3.60823129336713e-13,2.331472528021838e-13,0.1,0.0,1
8,217,world,2.17,0.20700000000000002,1.246547691822052,0.6320807566965593,-0.5995791413168756,0.6253288931197711,0.6253288930975865,0.3300966153107433,-0.330096615322454,3.5471662450997622e-12,0.05503262434644919,0.08349497145063654,-0.32783619708532213,1.078530864775302e-09,-7.369021381380355e-10,0.1,0.0,1
8,218,world,2.18,0.20800000000000005,1.2465476918220513,0.6326325532168233,-0.5987451631608973,0.6258691408673399,0.6258691408509893,0.32907114506954604,-0.32907114507814295,2.612114823796986e-12,0.05532661521203002,0.08330045407547289,-0.3278361970853277,-1.4613253471260874e-09,1.0055002633975513e-09,0.1,0.0,1
8,219,world,2.19,0.20900000000000002,1.2465476918220517,0.633187287718294,-0.5979131363613529,0.6264077069532805,0.6264077069532805,0.3280447906453218,-0.3280447906453218,0.0,0.05562022118912089,0.08310469899393937,-0.3278361970853434,-1.2270539914979104e-09,8.502366830627089e-10,0.1,0.0,1
8,220,world,2.2,0.21000000000000002,1.2465476918220517,0.6337449563694791,-0.597083073330276,0.6269445899427761,0.6269445899451159,0.3270175547893667,-0.3270175547881463,-3.731518548087619e-13,0.05591344622035485,0.08290769886906456,-0.32783619708533784,7.071828023121003e-10,-4.934603238996289e-10,0.1,0.0,1
8,221,world,2.21,0.211,1.2465476918220517,0.6343055553860789,-0.5962549865592326,0.6274797883940137,0.6274797883831918,0.3259894402614316,-0.3259894402670538,1.7244450356958625e-12,0.05620629410573219,0.0827094462736871,-0.32783619708532763,-8.257326292369341e-10,5.802105308797678e-10,0.1,0.0,1
8,222,world,2.22,0.21200000000000002,1.246547691822052,0.634869081007192,-0.5954288886051244,0.6280133008417091,0.6280133008567287,0.3249604498381212,-0.32496044983034955,-2.3912858940772172e-12,0.05649876849238953,0.08250993369796981,-0.3278361970853221,-1.9201036293901175e-09,1.3586225944854586e-09,0.1,0.0,1
8,223,world,2.23,0.213,1.2465476918220517,0.635435529520986,-0.594604792109419,0.628545125882928,0.6285451259016565,0.32393058626836896,-0.323930586258717,-2.9793081317524493e-12,0.05679087289170142,0.08230915353834356,-0.3278361970853276,3.1697479243470215e-10,-2.258572378083154e-10,0.1,0.0,1
8,224,world,2.24,0.21400000000000002,1.2465476918220517,0.636004897244569,-0.593782709786381,0.6290752620837808,0.6290752620939289,0.3228998523219245,-0.32289985231671553,-1.6129883370546753e-12,0.05708261066598136,0.08210709810702112,-0.3278361970853249,2.254936391164454e-09,-1.617821277225753e-09,0.1,0.0,1
8,225,world,2.25,0.215,1.246547691822052,0.6365771805238696,-0.592962654424732,0.6296037080225697,0.6296037080063834,0.32186825076692227,-0.32186825077519715,2.5706147996778596e-12,0.05737398502417107,0.08190375963560034,-0.3278361970853304,2.049972200326001e-09,-1.480963839830871e-09,0.1,0.0,1
8,226,world,2.2600000000000002,0.21600000000000003,1.2465476918220517,0.6371523757407558,-0.5921446388944502,0.630130462260122,0.6301304622384157,0.32083578438506033,-0.3208357843961123,3.444408848890614e-12,0.05766499903435526,0.08169913026689947,-0.32783619708532774,1.8267142768301767e-09,-1.3288227673460465e-09,0.1,0.0,1
8,227,world,2.27,0.217,1.2465476918220517,0.6377304793124865,-0.5913286761483924,0.630655523400241,0.6306555233555359,0.31980245594071316,-0.31980245596338297,7.0879771098773106e-12,0.05795565560606208,0.08149320206785059,-0.32783619708532763,4.0073571856642004e-11,-2.935712491534163e-11,0.1,0.0,1
8,228,world,2.2800000000000002,0.21800000000000003,1.2465476918220517,0.6383114876736289,-0.5905147792113733,0.6311788900007262,0.6311788899783567,0.31876826822626037,-0.31876826823755783,3.5437706210074653e-12,0.058245957502483195,0.081285967021491,-0.3278361970853277,-3.6880231650761434e-09,2.719949974659676e-09,0.1,0.0,1
8,229,world,2.29,0.219,1.2465476918220517,0.6388953972901765,-0.5897029611919562,0.6317005606714287,0.6317005606845452,0.31773322401224136,-0.3177332240056441,-2.0761891508283787e-12,0.058535907335953576,0.08107741703061747,-0.3278361970853277,-3.502038270840802e-10,2.6005771934436916e-10,0.1,0.0,1
8,230,world,2.3000000000000003,0.22000000000000003,1.246547691822052,0.6394822046542012,-0.588893235280581,0.6322205340499862,0.6322205340330953,0.31669732605999273,-0.3166973260684539,2.671453359269005e-12,0.0588255075659273,0.08086754391973972,-0.3278361970853416,1.9842274505983182e-09,-1.4835756441747625e-09,0.1,0.0,1
8,231,world,2.31,0.221,1.2465476918220517,0.6400719062815167,-0.5880856147497746,0.6327388086921867,0.6327388086739723,0.3156605771765759,-0.31566057718566276,2.878435988531324e-12,0.05911476048741923,0.08065633944405771,-0.3278361970853312,-1.067234325264559e-09,8.034129431249472e-10,0.1,0.0,1
8,232,world,2.32,0.22199999999999998,1.2465476918220517,0.6406644987113903,-0.587280112955837,0.6332553832100437,0.6332553832100436,0.31462298014528567,-0.31462298014528567,0.0,0.05940366825563029,0.08044379527207196,-0.3278361970853221,2.5529624181839118e-11,-1.9363712013981364e-11,0.1,0.0,1
8,233,world,2.33,0.223,1.2465476918220517,0.6412599785035162,-0.586476743338533,0.6337702562437675,0.6337702562251172,0.3135845377400418,-0.31358453774926975,2.942510251399294e-12,0.059692232854982034,0.08022990300870746,-0.3278361970853332,1.4082982249262569e-09,-1.0747061396043325e-09,0.1,0.0,1
8,234,world,2.34,0.22399999999999998,1.246547691822052,0.6418583422330018,-0.5856755194192365,0.6342834263840924,0.6342834263616194,0.31254525276389805,-0.3125452527749717,3.542819809348095e-12,0.05998045612220222,0.0800146541789226,-0.3278361970853332,-3.065470039968712e-10,2.3553423658087275e-10,0.1,0.0,1
8,235,world,2.35,0.225,1.246547691822052,0.6424595864951028,-0.5848764548063177,0.6347948922533269,0.6347948922395544,0.31150512800871283,-0.3115051280154712,2.169446780146748e-12,0.060268339723756684,0.07979804024499508,-0.3278361970853194,-1.4012233160287242e-09,1.0839265583401525e-09,0.1,0.0,1
8,236,world,2.36,0.22599999999999998,1.2465476918220517,0.6430637079009637,-0.5840795631938934,0.6353046524809318,0.6353046524809318,0.31046416626735274,-0.31046416626735274,0.0,0.06055588517166878,0.07958005259533112,-0.3278361970853277,-5.612187442452566e-11,4.3702619869009334e-11,0.1,0.0,1
8,237,world,2.37,0.227,1.2465476918220517,0.6436707030760056,-0.5832848583625116,0.6358127057130928,0.6358127057002028,0.30942237032905473,-0.30942237033532766,2.0271853556506744e-12,0.060843093822098716,0.0793606825459263,-0.32783619708533324,-2.7755625333593303e-15,-1.3877812666796651e-15,0.1,0.0,1
8,238,world,2.38,0.22799999999999998,1.2465476918220517,0.6442805686582999,-0.58249235417982,0.6363190505584932,0.6363190505584932,0.30837974300582344,-0.30837974300582344,0.0,0.06112996684742153,0.0791399213623134,-0.3278361970853277,-7.956344291251855e-10,6.280737189862828e-10,0.1,0.0,1
8,239,world,2.39,0.229,1.2465476918220517,0.6448933012969261,-0.5817020646012183,0.6368236856759635,0.6368236856759634,0.3073362870896989,-0.3073362870896989,0.0,0.06141650527568787,0.07891776023001036,-0.32783619708532497,-1.1242527063873304e-09,8.93482722894969e-10,0.1,0.0,1
8,240,world,2.4,0.22999999999999998,1.246547691822052,0.6455088976503194,-0.5809140036704908,0.6373266096939947,0.6373266097122994,0.3062920053918922,-0.30629200538309526,-2.8719435984770042e-12,0.06170270995956576,0.07869419027886179,-0.3278361970853165,-1.3830877904357545e-09,1.106598740893898e-09,0.1,0.0,1
8,241,world,2.41,0.231,1.2465476918220517,0.6461273543845959,-0.5801281855204254,0.6378278212774331,0.6378278213000287,0.3052469007105095,-0.3052469006996958,-3.5424370569542786e-12,0.061988581579629824,0.07846920258130306,-0.32783619708534434,1.0630293480264902e-09,-8.562582659788199e-10,0.1,0.0,1
8,242,world,2.42,0.23199999999999998,1.246547691822052,0.6467486681718709,-0.5793446243734113,0.6383273190855491,0.6383273190864562,0.30420097585084777,-0.3042009758504155,-1.4210600408831622e-13,0.0622741206603052,0.07824278814041426,-0.32783619708534706,1.4630267669590363e-10,-1.1862615489451107e-10,0.1,0.0,1
8,243,world,2.43,0.233,1.2465476918220515,0.6473728356895483,-0.5785633345428143,0.6388251017427427,0.6388251017629671,0.3031542336391895,-0.30315423362959204,-3.1657486204117886e-12,0.06255932754101515,0.07801493791329955,-0.3278361970853277,1.271637852471244e-09,-1.0381103476019901e-09,0.1,0.0,1
8,244,world,2.44,0.23399999999999999,1.246547691822052,0.6479998536168127,-0.5777843304321216,0.6393211679618288,0.6393211679417476,0.3021066768641413,-0.3021066768736305,3.1409149188180094e-12,0.06284420239602623,0.07778564279613104,-0.327836197085322,1.2229322811358539e-09,-1.0050561733922135e-09,0.1,0.0,1
8,245,world,2.45,0.23500000000000001,1.246547691822052,0.6486297186324138,-0.5770076265350659,0.639815516349916,0.639815516349916,0.30105830836881164,-0.30105830836881164,0.0,0.0631287452212867,0.07755489363532048,-0.3278361970853332,-1.2100592221061337e-09,1.001130140188777e-09,0.1,0.0,1
8,246,world,2.46,0.236,1.2465476918220517,0.6492624274153256,-0.5762332374380819,0.6403081456189664,0.6403081456189664,0.30000913095104376,-0.30000913095104376,0.0,0.06341295584549177,0.07732268121927559,-0.32783619708532763,1.0168523141589907e-09,-8.469060080226657e-10,0.1,0.0,1
8,247,world,2.47,0.23700000000000002,1.2465476918220517,0.6498979766418583,-0.5754611778199122,0.6407990544437673,0.6407990544268074,0.29895914743067514,-0.29895914743858765,2.6466186729401142e-12,0.06369683390925511,0.0770889962960783,-0.3278361970853221,-1.357424939252314e-09,1.1381277434915932e-09,0.1,0.0,1
8,248,world,2.48,0.238,1.246547691822052,0.6505363629838765,-0.5746914624520908,0.6412882414684893,0.6412882414912091,0.2979083606460669,-0.29790836063551246,-3.542760681545316e-12,0.06398037888389324,0.07685382955893265,-0.3278361970853388,-1.011276209029472e-09,8.535645825401949e-10,0.1,0.0,1
8,249,world,2.49,0.23900000000000002,1.2465476918220517,0.651177583107005,-0.5739241061993994,0.6417757054382482,0.6417757054382484,0.29685677339289185,-0.29685677339289185,0.0,0.06426359005543929,0.07661717166005573,-0.32783619708533046,2.292631305930007e-09,-1.9479855428189786e-09,0.1,0.0,1
8,250,world,2.5,0.24,1.246547691822052,0.6518216336688137,-0.5731591240203082,0.6422614450086563,0.6422614449927664,0.2958043885128032,-0.29580438852012164,2.4740218483770327e-12,0.06454646653391576,0.07637901320379895,-0.32783619708532497,5.551125066718661e-15,-2.7755625333593307e-15,0.1,0.0,1
8,251,world,2.5100000000000002,0.24100000000000002,1.246547691822052,0.6524685113169892,-0.5723965309673893,0.642745458862098,0.642745458862098,0.2947512088391685,-0.2947512088391685,0.0,0.06482900723133853,0.07613934476602133,-0.32783619708533046,-2.1422291233723316e-09,1.8445139593566095e-09,0.1,0.0,1
8,252,world,2.52,0.242,1.2465476918220522,0.653118212687488,-0.5716363421877101,0.6432277457116783,0.6432277457321312,0.29369723719548246,-0.29369723718614366,-3.179705134864284e-12,0.06511121089003508,0.07589815687112157,-0.3278361970853305,3.162253905506953e-10,-2.740881879505006e-10,0.1,0.0,1
8,253,world,2.5300000000000002,0.24300000000000002,1.2465476918220517,0.6537707344059399,-0.5708785729260245,0.6437083042869621,0.6437083042815747,0.29264247640210234,-0.2926424764045516,8.369470648388155e-13,0.06539307605963271,0.07565544001232888,-0.3278361970853221,6.216233116587556e-10,-5.423643479561465e-10,0.1,0.0,1
8,254,world,2.54,0.244,1.2465476918220517,0.6544260730772845,-0.5701232385178391,0.6441871332530422,0.6441871332628969,0.2915869293129918,-0.29158692930853114,-1.529776927038806e-12,0.06567460110243625,0.07541118464814009,-0.32783619708532763,3.0455137453538586e-10,-2.6748651246490536e-10,0.1,0.0,1
8,255,world,2.5500000000000003,0.24500000000000002,1.2465476918220517,0.6550842252901199,-0.5693703543950417,0.644664231361747,0.6446642313511254,0.2905305987468869,-0.2905305987516738,1.6476194445957208e-12,0.06595578418801319,0.07516538120800181,-0.32783619708533873,1.9005525669051344e-09,-1.680326945477005e-09,0.1,0.0,1
8,256,world,2.56,0.246,1.246547691822052,0.6557451876147045,-0.5686199360861582,0.6451395973091784,0.6451395972863152,0.28947348755202357,-0.2894734875622822,3.543884268807586e-12,0.0662366232952411,0.07491802009159294,-0.32783619708533496,-4.4951900565274986e-10,4.000584813082859e-10,0.1,0.0,1
8,257,world,2.57,0.247,1.2465476918220522,0.6564089566000785,-0.5678719992158073,0.6456132298060678,0.6456132298032006,0.2884155985741051,-0.28841559857538596,4.4410233357960196e-13,0.06651711620479603,0.07466909167652745,-0.32783619708532763,-2.639709849601524e-09,2.3648472797042164e-09,0.1,0.0,1
8,258,world,2.58,0.248,1.246547691822052,0.6570755287750137,-0.5671265595075469,0.646085127593039,0.646085127615938,0.287356934649607,-0.28735693463942225,-3.5442754011735747e-12,0.06679726051199059,0.07441858630808076,-0.3278361970853248,-6.319706087831192e-10,5.699048671934045e-10,0.1,0.0,1
8,259,world,2.59,0.249,1.246547691822052,0.6577449006412871,-0.5663836327798834,0.6465552894252949,0.6465552894334277,0.2862974986127995,-0.28629749860919823,-1.2578783157631669e-12,0.06707705361068911,0.07416649431454031,-0.3278361970853249,1.3121471876456233e-09,-1.1911187833784898e-09,0.1,0.0,1
8,260,world,2.6,0.25,1.246547691822052,0.6584170686690917,-0.5656432349440251,0.6470237140159683,0.6470237140159681,0.28523729332081144,-0.28523729332081144,0.0,0.06735649268951382,0.07391280601199951,-0.32783619708532485,-1.9240254992497545e-09,1.7581162488182002e-09,0.1,0.0,1
8,261,world,2.61,0.251,1.246547691822052,0.6590920293029471,-0.5649053820111505,0.6474904000847451,0.6474904001266407,0.2841763216318262,-0.28417632161343875,-6.470439656630681e-12,0.06763557474177025,0.07365751169670622,-0.3278361970853305,-2.905347837419213e-10,2.672422629619698e-10,0.1,0.0,1
8,262,world,2.62,0.252,1.2465476918220522,0.6597697789623149,-0.5641700900950957,0.6479553464420321,0.6479553464471477,0.2831145863683188,-0.28311458636608366,-7.894923747501568e-13,0.06791429655870343,0.07340060165241484,-0.3278361970853443,2.516055763177833e-09,-2.329536573154819e-09,0.1,0.0,1
8,263,world,2.63,0.253,1.2465476918220517,0.6604503140242741,-0.5634373753984181,0.6484185517846445,0.6484185517821331,0.28205209040676266,-0.28205209040785506,3.8729555523880465e-13,0.0681926547285692,0.07314206615259204,-0.3278361970853305,1.709802031800015e-10,-1.5934504504015918e-10,0.1,0.0,1
8,264,world,2.64,0.254,1.2465476918220517,0.6611336308314204,-0.5627072542214928,0.6488800148764517,0.6488800148785415,0.2809888365982428,-0.28098883659733787,-3.2205404283600615e-13,0.0684706456257858,0.07288189547197617,-0.32783619708531664,2.2998033595162082e-10,-2.1574170015548744e-10,0.1,0.0,1
8,265,world,2.65,0.255,1.246547691822052,0.6618197256992415,-0.5619797429715186,0.649339734490307,0.649339734483697,0.27992482779409206,-0.2799248277969416,1.0179867705580312e-12,0.06874826542840214,0.07262007987179557,-0.3278361970853333,1.893746887573338e-09,-1.7882671846180833e-09,0.1,0.0,1
8,266,world,2.66,0.256,1.2465476918220517,0.6625085948913114,-0.5612548581412256,0.6497977093925564,0.6497977093607994,0.27886006685257386,-0.27886006686620235,4.8872017431612994e-12,0.06902551009514667,0.07235660962278986,-0.32783619708533046,-5.17772863910583e-10,4.921474828213429e-10,0.1,0.0,1
8,267,world,2.67,0.257,1.246547691822052,0.6632002346350938,-0.5605326163256125,0.6502539383146501,0.6502539383173208,0.2777945566508956,-0.27779455664975455,-4.107390535900972e-13,0.06930237537415875,0.07209147499877637,-0.3278361970853305,-3.04699312018414e-09,2.915310719132706e-09,0.1,0.0,1
8,268,world,2.68,0.258,1.2465476918220517,0.6638946411197125,-0.5598130342219816,0.650708420067537,0.6507084200906164,0.276728300036169,-0.276728300026354,-3.5467746197482805e-12,0.06957885680766392,0.07182466627377117,-0.32783619708533324,-2.289111892637708e-09,2.2046154424346495e-09,0.1,0.0,1
8,269,world,2.69,0.259,1.246547691822052,0.6645918104753826,-0.5590961286120566,0.6511611534227666,0.6511611534668302,0.2756612998764639,-0.2756612998578102,-6.766868598165127e-12,0.06985494971847621,0.07155617373664666,-0.3278361970853305,1.845218952240083e-09,-1.7888028681870211e-09,0.1,0.0,1
8,270,world,2.7,0.26,1.2465476918220522,0.6652917388027125,-0.5583819163923096,0.6516121372018856,0.6516121371915048,0.2745935590227018,-0.27459355902707633,1.5930593861112511e-12,0.0701306492139298,0.0712859876892558,-0.32783619708532774,2.5268138435571343e-09,-2.465673752072295e-09,0.1,0.0,1
8,271,world,2.71,0.261,1.246547691822052,0.665994422131624,-0.5576704145359249,0.6520613701239713,0.652061370122054,0.27352508037304296,-0.2735250803738472,2.940268034421333e-13,0.07040595017592896,0.07101409845815555,-0.32783619708533324,6.97346208693865e-10,-6.849422197322821e-10,0.1,0.0,1
8,272,world,2.72,0.262,1.246547691822052,0.6666998564597845,-0.5569616401324035,0.652508851028276,0.6525088510051249,0.2724558667788815,-0.27245586678854833,3.5479806586963707e-12,0.07068084727929243,0.0707404963785337,-0.32783619708533046,1.8373585591456094e-09,-1.8165612690831477e-09,0.1,0.0,1
8,273,world,2.73,0.263,1.246547691822052,0.6674080377138438,-0.5562556103512879,0.6529545786932469,0.6529545786575857,0.2713859211211724,-0.2713859211359942,5.4614343186030744e-12,0.0709553349690002,0.07046517181868628,-0.32783619708532497,-1.4499261118015808e-09,1.4429525109365154e-09,0.1,0.0,1
8,274,world,2.74,0.264,1.246547691822052,0.6681189617737849,-0.5555523424682216,0.6533985518997538,0.6533985519033026,0.2703152462836359,-0.2703152462821678,-5.431023235159936e-13,0.07122940746118436,0.07018811518147909,-0.32783619708532497,-1.311711424327886e-09,1.3139790589176408e-09,0.1,0.0,1
8,275,world,2.75,0.265,1.2465476918220517,0.6688326244600383,-0.5548518538541432,0.6538407695078341,0.6538407694964034,0.2692438451211279,-0.269243845125835,1.7482006526850625e-12,0.07150305876093245,0.06990931688859962,-0.32783619708533324,-1.840753072123908e-11,1.855741109804048e-11,0.1,0.0,1
8,276,world,2.7600000000000002,0.266,1.2465476918220522,0.6695490215243527,-0.5541541619678277,0.6542812302870393,0.654281230290935,0.268171720529883,-0.2681717205282863,-5.953839642564287e-13,0.0717762826329406,0.06962876741258767,-0.32783619708533324,-2.629401410352628e-09,2.668729743669063e-09,0.1,0.0,1
8,277,world,2.77,0.267,1.246547691822052,0.6702681486645574,-0.5534592843728975,0.6547199330598477,0.6547199330974589,0.26709887538808946,-0.2670988753727456,-5.744419521064856e-12,0.07204907262165511,0.06934645725889296,-0.327836197085336,2.2048291607497177e-09,-2.252535529573098e-09,0.1,0.0,1
8,278,world,2.7800000000000002,0.268,1.246547691822052,0.6709900015095501,-0.5527672387244531,0.6551568767110608,0.6551568766736605,0.2660253125525294,-0.2660253125677157,5.708364227693695e-12,0.07232142204318197,0.06906237697655616,-0.3278361970853332,1.2274231413148299e-09,-1.2622245321393555e-09,0.1,0.0,1
8,279,world,2.79,0.269,1.246547691822052,0.6717145756153777,-0.5520780427667699,0.6555920599487914,0.6555920599633679,0.2649510349557159,-0.264951034949825,-2.2232860174493294e-12,0.07259332396820095,0.0687765171788149,-0.3278361970853249,-1.7730737553104738e-09,1.835362929684124e-09,0.1,0.0,1
8,280,world,2.8000000000000003,0.27,1.246547691822052,0.6724418664721326,-0.5513917143423842,0.6560254817024939,0.6560254816985265,0.2638760454440544,-0.26387604544565024,6.047226040120306e-13,0.07286477125087397,0.06848886851567786,-0.32783619708533873,-4.6231712449406354e-10,4.817113676959119e-10,0.1,0.0,1
8,281,world,2.81,0.271,1.2465476918220517,0.6731718694971842,-0.5507082713869647,0.6564571407494045,0.6564571407727662,0.26280034692944826,-0.2628003469200959,-3.558511035013636e-12,0.07313575649752727,0.06819942170967727,-0.32758185293718584,6.705675795089514e-10,-7.032789716549745e-10,0.1,0.0,1
8,282,world,2.82,0.27199999999999996,1.246547691822052,0.6739045800362975,-0.550027731932455,0.656886370304688,0.656886370287949,0.2617256130323939,-0.2617256130390633,2.54804970862701e-12,0.07340627184872872,0.06790816779497542,-0.30648636278048796,1.3382732557084222e-09,-1.412223939374459e-09,0.1,0.0,1
8,283,world,2.83,0.273,1.2465476918220522,0.6746399877628934,-0.5493501080187465,0.6572595035496153,0.6572595035474301,0.2607871641682611,-0.2607871641691281,3.3243077706319567e-13,0.07367465570953803,0.06761689955980707,-0.28564521677195936,-2.0919183744598484e-09,2.2210985501604127e-09,0.1,0.0,1
8,284,world,2.84,0.27399999999999997,1.246547691822052,0.6753780608262347,-0.5486753881726317,0.6576312960917817,0.6576312961151541,0.25984818334495363,-0.2598481833357185,-3.553699988248125e-12,0.07393934270465054,0.06732736145434665,-0.2856452167719538,-1.1362592997356648e-10,1.213392149263375e-10,0.1,0.0,1
8,285,world,2.85,0.275,1.2465476918220522,0.676118762363865,-0.5480035548790556,0.6580017472027612,0.6580017472027613,0.2589086724660136,-0.2589086724660136,0.0,0.07420035378872197,0.06703959649064495,-0.2856452167719621,2.487735625465524e-10,-2.671727586429609e-10,0.1,0.0,1
8,286,world,2.86,0.27599999999999997,1.2465476918220522,0.6768620557228344,-0.5473345901945088,0.6583708560814495,0.6583708561000413,0.2579686334658116,-0.25796863345852683,-2.8235503882593892e-12,0.07445771055932886,0.0667536466289536,-0.2856452167719621,-1.2075135103537066e-09,1.3042931707983618e-09,0.1,0.0,1
8,287,world,2.87,0.277,1.2465476918220522,0.6776079044700666,-0.5466684757620072,0.6587386220027927,0.65873862202621,0.25702806825089053,-0.2570280682417535,-3.5543769005462404e-12,0.07471143525866174,0.06646955274101667,-0.28564521677195653,2.160111140924271e-09,-2.3466746594661697e-09,0.1,0.0,1
8,288,world,2.88,0.27799999999999997,1.2465476918220522,0.6783562723982565,-0.5460051928215628,0.6591050442355652,0.6591050442121332,0.2560869787325126,-0.25608697874161673,3.5545402554175492e-12,0.0749615507040473,0.06618735465362359,-0.2856452167719621,1.5900052913851998e-09,-1.737247432479848e-09,0.1,0.0,1
8,289,world,2.89,0.279,1.2465476918220522,0.6791071235311106,-0.5453447222202255,0.6594701219751593,0.6594701219675413,0.2551453668525854,-0.25514536685553274,1.1549582084523104e-12,0.07520808026024584,0.06590709114783039,-0.28564521677197047,-1.0250314547564107e-09,1.1263991180894903e-09,0.1,0.0,1
8,290,world,2.9,0.27999999999999997,1.2465476918220522,0.6798604221286586,-0.5446870444225236,0.6598338545139881,0.6598338545106285,0.25420323451738586,-0.2542032345186801,5.09043174312935e-13,0.07545104781865532,0.06562879995144653,-0.28564521677195936,-4.4364572394779586e-10,4.903320534001477e-10,0.1,0.0,1
8,291,world,2.91,0.281,1.2465476918220522,0.6806161326933,-0.5440321395220498,0.6601962411042184,0.660196241105323,0.2532605836509874,-0.2532605836505637,-1.6727825368279355e-13,0.07569047772946867,0.0653525177868826,-0.285645216771951,-4.902696032700873e-10,5.449884072288512e-10,0.1,0.0,1
8,292,world,2.92,0.282,1.2465476918220517,0.6813742199745053,-0.5433799872518389,0.6605572810063702,0.6605572810126915,0.2523174161763411,-0.25231741617392656,-9.567499677762448e-13,0.07592639479631896,0.06507828034938777,-0.28564521677196764,1.875752106488738e-10,-2.097130878648874e-10,0.1,0.0,1
8,293,world,2.93,0.28300000000000003,1.2465476918220522,0.6821346489661478,-0.542730566986368,0.6609169734914356,0.6609169734888224,0.2513737340145114,-0.25137373401550533,3.953109305034352e-13,0.07615882423266516,0.06480612233036331,-0.2856452167719649,-4.4697362198967145e-10,5.025944833826385e-10,0.1,0.0,1
8,294,world,2.94,0.284,1.246547691822052,0.6828973849194899,-0.5420838577620085,0.6612753178052418,0.6612753178204654,0.2504295390982327,-0.2504295390924674,-2.3015789061736994e-12,0.07638779161413016,0.06453607744755045,-0.28564521677195653,2.048886071506353e-09,-2.3171371357283535e-09,0.1,0.0,1
8,295,world,2.95,0.28500000000000003,1.246547691822052,0.6836623933433812,-0.5414398382829484,0.6616323132685163,0.6616323132249708,0.2494848333339452,-0.24948483335036511,6.5797621728324555e-12,0.07661332287078304,0.06426817842989759,-0.28564521677195653,-2.894466383644391e-10,3.2923292233547057e-10,0.1,0.0,1
8,296,world,2.96,0.286,1.2465476918220517,0.6844296400086378,-0.5407984869322042,0.6619879590530672,0.6619879590741111,0.24853961868641297,-0.2485396186785121,-3.178024095388829e-12,0.07683544422507826,0.06400245706795082,-0.2856452167719566,-4.1591786620105865e-10,4.758262759678267e-10,0.1,0.0,1
8,297,world,2.97,0.28700000000000003,1.246547691822052,0.6851990909506057,-0.5401597817807293,0.6623422545555436,0.6623422545203231,0.24759389703776558,-0.24759389705093154,5.31600104225751e-12,0.0770541821907676,0.06373894419357758,-0.2856452167719649,5.20978413891699e-10,-5.994553289963722e-10,0.1,0.0,1
8,298,world,2.98,0.288,1.2465476918220522,0.685970712465784,-0.5395237005894884,0.662695198941804,0.6626951989523442,0.24664767035888568,-0.24664767035496277,-1.590008246487562e-12,0.07726956351784282,0.06347766972536133,-0.2856452167719649,-2.582382267023456e-10,2.9887313855186214e-10,0.1,0.0,1
8,299,world,2.99,0.28900000000000003,1.246547691822052,0.686744471122598,-0.5388902208287769,0.6630467915860748,0.6630467915560547,0.24570094054476824,-0.24570094055589264,4.526146975942966e-12,0.07748161518515614,0.06321866265826401,-0.2856452167719538,-1.178503343269733e-11,1.3710579109554083e-11,0.1,0.0,1
8,300,world,3.0,0.29,1.2465476918220524,0.6875203337601551,-0.5382593196833346,0.6633970316873209,0.6633970316981121,0.24475370955772532,-0.24475370955374395,-1.6261447678528058e-12,0.07769036434365524,0.062961951114543,-0.28564521677195936,8.319606326622378e-10,-9.740291274265638e-10,0.1,0.0,1
8,301,world,3.0100000000000002,0.29100000000000004,1.246547691822052,0.6882982674899729,-0.5376309740611652,0.6637459186211275,0.663745918574071,0.24380597929668385,-0.24380597931396866,7.087121375081661e-12,0.0778958383174953,0.0627075623255651,-0.28564521677195936,5.264712497756623e-10,-6.199472983401321e-10,0.1,0.0,1
8,302,world,3.02,0.292,1.246547691822052,0.6890782397005517,-0.5370051606060833,0.6640934515740431,0.6640934515740432,0.2428577517323135,-0.2428577517323135,0.0,0.07809806454194033,0.062455522692576385,-0.2856452167719649,-1.864025359844097e-09,2.2077404673405323e-09,0.1,0.0,1
8,303,world,3.0300000000000002,0.29300000000000004,1.246547691822052,0.6898602180490169,-0.5363818556943001,0.6644396299174948,0.6644396299087858,0.24190902876933326,-0.24190902877250403,1.3102469280158474e-12,0.07829707058584592,0.06220585774406669,-0.28564521677195653,-5.273982872618895e-10,6.282691251158232e-10,0.1,0.0,1
8,304,world,3.04,0.294,1.2465476918220522,0.6906441704716125,-0.5357610354545673,0.6647844529032927,0.6647844529141991,0.24095981235835162,-0.2409598123543984,-1.6399963084954401e-12,0.07849288407846726,0.061958592213221746,-0.28564521677195653,-1.09901404216775e-09,1.316855361405142e-09,0.1,0.0,1
8,305,world,3.0500000000000003,0.29500000000000004,1.246547691822052,0.691430065181328,-0.5351426757725214,0.6651279198504306,0.6651279198645291,0.24001010442746545,-0.24001010442237802,-2.1188696167520585e-12,0.07868553270435452,0.06171375003216023,-0.2856452167719649,2.55490420979696e-11,-3.079068968102398e-11,0.1,0.0,1
8,306,world,3.06,0.296,1.2465476918220522,0.6922178706681914,-0.5345267522984324,0.6654700300535357,0.6654700300639208,0.2390599069156667,-0.239059906911936,-1.5599801760331644e-12,0.07887504418496871,0.06147135434346012,-0.2856452167719566,-4.567685779444499e-10,5.537099148369278e-10,0.1,0.0,1
8,307,world,3.0700000000000003,0.29700000000000004,1.246547691822052,0.693007555699448,-0.5339132404549085,0.6658107828028089,0.6658107828264802,0.2381092217654871,-0.23810922175702168,-3.5538847573062033e-12,0.07906144624228456,0.06123142753585245,-0.2856452167719566,3.6410424229269613e-09,-4.4395623987226196e-09,0.1,0.0,1
8,308,world,3.08,0.298,1.246547691822052,0.6937990893195097,-0.5333021154444119,0.6661501774632016,0.666150177397101,0.23715805089475028,-0.2371580509182829,9.918855712606189e-12,0.0792447665877503,0.060993991248753154,-0.28564521677196164,2.2071235988336646e-09,-2.706893254666593e-09,0.1,0.0,1
8,309,world,3.09,0.299,1.246547691822052,0.6945924408499868,-0.532693352256976,0.666488213224372,0.6664882132015111,0.23620639628576312,-0.23620639629386514,3.4286999479979835e-12,0.07942503288150708,0.0607590664162273,-0.28564521677196214,-3.02067393315409e-09,3.726362484505567e-09,0.1,0.0,1
8,310,world,3.1,0.3,1.2465476918220517,0.6953875798892524,-0.5320869256774141,0.6668248894745765,0.6668248894723827,0.23525425985197299,-0.23525425985274703,3.288798859123244e-13,0.07960227273915231,0.06052667325040763,-0.2856452167719649,-2.3647560537896047e-09,2.9342949949257963e-09,0.1,0.0,1
8,311,world,3.11,0.301,1.2465476918220522,0.6961844763094929,-0.5314828102892828,0.6671602055113033,0.667160205538704,0.23430164354116165,-0.23430164353153873,-4.105434257002803e-12,0.07977651369213809,0.0602968312859648,-0.28564521677196764,1.2631857196313898e-10,-1.576678433630349e-10,0.1,0.0,1
8,312,world,3.12,0.302,1.2465476918220517,0.6969831002589374,-0.5308809804856958,0.6674941606859726,0.6674941606810795,0.2333485492841042,-0.23334854928581475,7.327520486332725e-13,0.07994778317164528,0.06006955939525105,-0.28564521677196214,1.007700849774366e-09,-1.2651258370052609e-09,0.1,0.0,1
8,313,world,3.13,0.303,1.2465476918220522,0.6977834221595296,-0.5302814104742521,0.6678267542649226,0.6678267542707478,0.23239497904335105,-0.23239497904132397,-8.719037179478524e-13,0.08011610848069056,0.05984487581999165,-0.2856452167719538,8.757367860537831e-10,-1.1059113120877344e-09,0.1,0.0,1
8,314,world,3.14,0.304,1.2465476918220522,0.698585412705649,-0.5296840742833699,0.6681579856113713,0.6681579855876226,0.23144093474949184,-0.2314409347577181,3.5529623669328096e-12,0.0802815168058367,0.059622798150993896,-0.28564521677195104,2.697734596148021e-10,-3.4268329256977375e-10,0.1,0.0,1
8,315,world,3.15,0.305,1.246547691822052,0.6993890428626535,-0.5290889457684217,0.6684878540028559,0.6684878540028559,0.23048641836484934,-0.23048641836484934,0.0,0.08044403515905307,0.0594033434019419,-0.28564521677195936,-2.1905090886762496e-09,2.7989725019886417e-09,0.1,0.0,1
8,316,world,3.16,0.306,1.246547691822052,0.7001942838652447,-0.5284959986176742,0.6688163587931517,0.6688163588169221,0.22953143182720018,-0.22953143181904237,-3.552736218345778e-12,0.08060369038869498,0.059186527991793886,-0.2856452167719566,-6.431086637987993e-10,8.266037992837389e-10,0.1,0.0,1
8,317,world,3.17,0.307,1.2465476918220524,0.7010011072156722,-0.52790520635803,0.669143499328938,0.669143499342954,0.22857597707882427,-0.22857597707403646,-2.0938071026251706e-12,0.08076050915721725,0.05897236777226288,-0.2856452167719621,-3.080068170183362e-10,3.9823268325833854e-10,0.1,0.0,1
8,318,world,3.18,0.308,1.2465476918220522,0.7018094846817733,-0.5273165423605728,0.6694692749130052,0.6694692749435397,0.22762005607893213,-0.2276200560685504,-4.5592764558278355e-12,0.0809145179192557,0.05876087805584978,-0.2856452167719538,-4.4470321281681567e-10,5.783763284300464e-10,0.1,0.0,1
8,319,world,3.19,0.309,1.2465476918220522,0.7026193882948608,-0.5267299798459198,0.6697936849055881,0.6697936849293911,0.22666367076899743,-0.22666367076094235,-3.552461604335189e-12,0.08106574291483687,0.05855207362395951,-0.2856452167719625,-2.588599524416046e-10,3.386774636715683e-10,0.1,0.0,1
8,320,world,3.2,0.31000000000000005,1.246547691822052,0.7034307903474627,-0.5261454918893772,0.670116728623718,0.670116728659995,0.22570682310708817,-0.22570682309486947,-5.41158974721014e-12,0.08121421014198549,0.05834596876403223,-0.2856452167719677,1.519206272826264e-09,-1.999388098420624e-09,0.1,0.0,1
8,321,world,3.21,0.311,1.2465476918220517,0.7042436633909188,-0.5255630514259036,0.6704384054473411,0.6704384054374964,0.22474951503192434,-0.22474951503522456,1.4678926632925326e-12,0.08135994536473405,0.05814257725838691,-0.285645216771951,2.337547226012701e-09,-3.094702317327472e-09,0.1,0.0,1
8,322,world,3.22,0.31200000000000006,1.246547691822052,0.705057980232841,-0.5249826312548845,0.6707587146708691,0.6707587146551528,0.22379174851287975,-0.2237917485181234,2.3422981686719605e-12,0.08150297407141642,0.057941912442669885,-0.2856452167719621,-3.0143151221332906e-10,4.0144261994343377e-10,0.1,0.0,1
8,323,world,3.23,0.313,1.2465476918220517,0.7058737139344429,-0.5244042040447118,0.6710776556518149,0.6710776556486986,0.22283352549992333,-0.22283352550095806,4.642110935447252e-13,0.08164332148576797,0.057743987191495,-0.2856452167719649,3.619748316357094e-10,-4.849613422149687e-10,0.1,0.0,1
8,324,world,3.24,0.31400000000000006,1.246547691822052,0.7066908378077436,-0.5238277423371795,0.6713952277654994,0.6713952277416423,0.22187484793906112,-0.22187484794694515,3.552245822914211e-12,0.08178101254835014,0.05754881394578518,-0.2856452167719649,8.706547332475493e-10,-1.1734441888445212e-09,0.1,0.0,1
8,325,world,3.25,0.315,1.2465476918220517,0.7075093254126508,-0.5232532185516903,0.6717114303365349,0.671711430313786,0.22091571779498684,-0.2209157178024686,3.3856787264665874e-12,0.08191607189363621,0.057356404747130246,-0.28564521677195936,-6.0201925378051116e-12,8.157374766532608e-12,0.1,0.0,1
8,326,world,3.2600000000000002,0.31600000000000006,1.246547691822052,0.7083291505539293,-0.5226806049892777,0.672026262731898,0.6720262627081547,0.2199561370201906,-0.21995613702796185,3.532071655790897e-12,0.0820485238532214,0.05716677123563444,-0.28564521677195653,1.0304826572203336e-09,-1.4055595261426771e-09,0.1,0.0,1
8,327,world,3.27,0.317,1.246547691822052,0.7091502872784707,-0.5221098738370429,0.6723397243190669,0.672339724272861,0.21899610756890464,-0.21899610758395494,6.870502653330578e-12,0.08217839243829379,0.0569799246775369,-0.28564521677195653,-1.1108823424405276e-09,1.5243334285042077e-09,0.1,0.0,1
8,328,world,3.2800000000000002,0.31800000000000006,1.246547691822052,0.7099727098708054,-0.5215409971700292,0.6726518144127607,0.6726518144143699,0.21803563141434543,-0.21803563141382376,-2.391898599912372e-13,0.0823057013248954,0.056795875989521585,-0.2856452167719538,-2.8586477646031846e-09,3.946220249053568e-09,0.1,0.0,1
8,329,world,3.29,0.319,1.246547691822052,0.7107963928508979,-0.5209739469563471,0.6729625324265517,0.6729625324458877,0.2170747104993669,-0.2170747104931297,-2.8725759763411267e-12,0.08243047385918219,0.056614635734504926,-0.2856452167719649,1.9050342785836406e-09,-2.6456747799491543e-09,0.1,0.0,1
8,330,world,3.3000000000000003,0.32000000000000006,1.246547691822052,0.7116213109704521,-0.5204086950601251,0.6732718777512599,0.673271877708971,0.21611334677624824,-0.21611334678982258,6.279651668299051e-12,0.08255273303081723,0.056436214163802845,-0.28564521677196214,-6.674947456969809e-11,9.326579979326708e-11,0.1,0.0,1
8,331,world,3.31,0.321,1.2465476918220517,0.7124474392092975,-0.5198452132445333,0.6735798496537914,0.6735798496746902,0.21515154223880192,-0.21515154223212654,-3.1019784494313913e-12,0.08267250146802782,0.056260621228519506,-0.2856452167719566,-1.491087060931149e-10,2.0958610593376502e-10,0.1,0.0,1
8,332,world,3.3200000000000003,0.32200000000000006,1.2465476918220517,0.713274752771756,-0.5192834731747429,0.6738864476298161,0.6738864475909554,0.21418929880927584,-0.2141892988216274,5.765486834394916e-12,0.08278980144306307,0.05608786657574162,-0.2856452167719566,-1.6597856789338207e-11,2.347084054763231e-11,0.1,0.0,1
8,333,world,3.33,0.323,1.2465476918220517,0.7141032270829276,-0.5187234464207133,0.6741916709324899,0.6741916709537954,0.21322661848917948,-0.21322661848244115,-3.159581530664542e-12,0.08290465483820796,0.055917959602954065,-0.28564521677196447,-2.5983389691442483e-09,3.6968964314722553e-09,0.1,0.0,1
8,334,world,3.34,0.324,1.246547691822052,0.7149328377848924,-0.518165104459813,0.6744955190288777,0.6744955190509383,0.21226350321371484,-0.21226350320677242,-3.2701128593242054e-12,0.08301708316697885,0.055750909431568185,-0.28564521677197047,-1.0686771567651636e-09,1.5297756103937886e-09,0.1,0.0,1
8,335,world,3.35,0.325,1.246547691822052,0.7157635607328315,-0.5176084186792771,0.674797991257629,0.6747979913041382,0.2112999549606244,-0.2112999549460609,-6.891265704008674e-12,0.08312710753830499,0.055586724964824835,-0.28564521677195936,9.326940802300391e-10,-1.343278705323955e-09,0.1,0.0,1
8,336,world,3.36,0.326,1.246547691822052,0.7165953719914886,-0.5170533603791182,0.6750990870490774,0.6750990870490775,0.21033597568058135,-0.21033597568058135,0.0,0.08323474867452407,0.05542541486618585,-0.2856452167719621,1.957389692064792e-09,-2.8363038019579727e-09,0.1,0.0,1
8,337,world,3.37,0.327,1.2465476918220517,0.7174282478304327,-0.5164999007732033,0.6753988057303058,0.6753988057303059,0.209371567358313,-0.209371567358313,0.0,0.08334002687861321,0.055266987613511454,-0.2856452167719677,8.326684008029203e-15,-1.595947768205597e-14,0.1,0.0,1
8,338,world,3.38,0.328,1.2465476918220517,0.71826216471984,-0.5159480109910324,0.6756971467131937,0.6756971467131936,0.20840673195376605,-0.20840673195376605,0.0,0.08344296205337443,0.0551114514757062,-0.28564521677195936,-2.062408606335393e-10,3.02529940612055e-10,0.1,0.0,1
8,339,world,3.39,0.329,1.2465476918220517,0.7190970993270793,-0.5153976620806842,0.675994109386701,0.6759941093916513,0.2074414714357997,-0.20744147143428063,-7.322220223475556e-13,0.08354357367977955,0.054958814550636476,-0.28564521677195653,4.2501893182183447e-10,-6.272914336352138e-10,0.1,0.0,1
8,340,world,3.4,0.33,1.246547691822052,0.7199330285121665,-0.5148488250100047,0.6762896931576247,0.6762896931473759,0.20647578776953757,-0.2064757877726666,1.5153262300040057e-12,0.08364188081005541,0.0548090847812339,-0.21381267097464593,-4.604403702689276e-10,6.827148219399281e-10,0.1,0.0,1
8,341,world,3.41,0.331,1.2465476918220517,0.7207699278785226,-0.5143014684561373,0.6764361000120135,0.6764361000281075,0.20599563730977483,-0.2059956373048737,-2.3790334131366017e-12,0.08373730854193717,0.054663179180801574,-0.11542417034446224,-4.901802275597563e-10,7.297504500134086e-10,0.1,0.0,1
8,342,world,3.42,0.332,1.246547691822052,0.7216077597896465,-0.5137555403866472,0.6765275655622506,0.6765275655638928,0.20569504863609725,-0.20569504863559793,-2.427219038517573e-13,0.08382832775744697,0.054523494618284,-0.08886916119635901,3.921558039346536e-10,-5.852770428203436e-10,0.1,0.0,1
8,343,world,3.43,0.333,1.2465476918220522,0.7224464795598364,-0.5132109773172507,0.6766188994722651,0.6766188994788297,0.2053944129544628,-0.2053944129524701,-9.70099646841905e-13,0.0839148846765737,0.05439018413020256,-0.08887098240524027,-4.782508352719381e-10,7.15150949339998e-10,0.1,0.0,1
8,344,world,3.44,0.334,1.246547691822052,0.7232860426981285,-0.5126677153671791,0.6767101015803864,0.6767101015936728,0.20509373079374696,-0.20509373078972018,-1.9631698292434865e-12,0.08399700577593254,0.054263275064061124,-0.08887266328457089,-3.237383010397738e-10,4.850280538424131e-10,0.1,0.0,1
8,345,world,3.45,0.335,1.246547691822052,0.724126404974497,-0.5121256903925192,0.6768011717206814,0.6768011717351413,0.2047930026847163,-0.20479300268034095,-2.1362239311303133e-12,0.08407471648206474,0.0541427931350095,-0.08887420381843576,1.262104476099579e-09,-1.8945618403498855e-09,0.1,0.0,1
8,346,world,3.46,0.336,1.246547691822052,0.7249675224076292,-0.5115848379999874,0.6768921097382027,0.6768921097206744,0.20449222915540582,-0.20449222916070123,2.589192946381777e-12,0.08414804111650172,0.05402876249050628,-0.08887560399220504,-3.9497854635385597e-10,5.94033234201589e-10,0.1,0.0,1
8,347,world,3.47,0.337,1.2465476918220522,0.7258093512538122,-0.5110450935626011,0.6769829154116497,0.6769829154357722,0.20419141075446423,-0.20419141074718838,-3.5627623769819157e-12,0.08421700287110268,0.05392120573029394,-0.08887686379264749,-1.619476988112344e-09,2.4404030622826487e-09,0.1,0.0,1
8,348,world,3.48,0.338,1.246547691822052,0.7266518479954546,-0.5105063922349604,0.6770735886326212,0.6770735886547494,0.20389054799700804,-0.20389054799034445,-3.267747825719831e-12,0.08428162378027738,0.05382014393291589,-0.08887798320779501,-1.6064929281353087e-11,2.427225407142929e-11,0.1,0.0,1
8,349,world,3.49,0.339,1.2465476918220522,0.7274949693292689,-0.5099686689681552,0.6771641292109145,0.6771641292354377,0.20358964142342473,-0.20358964141605185,-3.6209102515866495e-12,0.0843419246726518,0.05372559671620902,-0.08887896222704489,9.011376165968822e-10,-1.36318196914445e-09,0.1,0.0,1
8,350,world,3.5,0.34,1.246547691822052,0.7283386721543124,-0.509431858524593,0.6772545369968577,0.6772545369968577,0.20328869156244755,-0.20328869156244755,0.0,0.08439792514646563,0.053637582262547834,-0.08887980084111569,1.9785620193733203e-09,-2.998834908872792e-09,0.1,0.0,1
8,351,world,3.5100000000000002,0.341,1.2465476918220522,0.7291829135590057,-0.5088958954913542,0.6773448118123362,0.6773448117881955,0.20298769895191665,-0.20298769895915122,3.5635145879682673e-12,0.08444964354701061,0.053556117342306024,-0.08888049904207207,-8.65418961638429e-11,1.3142197395394226e-10,0.1,0.0,1
8,352,world,3.52,0.342,1.246547691822052,0.7300276508089392,-0.508360714294888,0.6774349534687337,0.6774349534708657,0.20268666413333566,-0.20268666413269779,-3.14677417421079e-13,0.08449709693618818,0.05348121735110765,-0.08888105682328598,-2.5603411653441448e-09,3.895652369573043e-09,0.1,0.0,1
8,353,world,3.5300000000000002,0.343,1.2465476918220522,0.7308728413338756,-0.507826249214554,0.6775249618232128,0.677524961862234,0.20238558763502726,-0.20238558762337108,-5.758549902891463e-12,0.08454030106696421,0.05341289634074389,-0.08888147417945615,-6.202011943477462e-10,9.454889506087225e-10,0.1,0.0,1
8,354,world,3.54,0.34400000000000003,1.2465476918220522,0.7317184427144753,-0.5072924343958102,0.6776148367484391,0.677614836765896,0.20208446998126608,-0.20208446997605997,-2.575827451794547e-12,0.08457927036400856,0.05335116704151788,-0.08888175110663014,5.243139946438493e-10,-8.00869198712137e-10,0.1,0.0,1
8,355,world,3.5500000000000003,0.34500000000000003,1.2465476918220517,0.7325644126689058,-0.5067592038632953,0.6777045780391028,0.6777045780651599,0.20178331172014224,-0.20178331171238387,-3.844364770817805e-12,0.08461401790185237,0.05329604088959148,-0.08888188760221005,7.045892575613442e-10,-1.0783257652176573e-09,0.1,0.0,1
8,356,world,3.56,0.34600000000000003,1.246547691822052,0.7334107090392649,-0.5062264915336796,0.6777941855674839,0.6777941855674838,0.20148211337712155,-0.20148211337712155,0.0,0.08464455538935706,0.05324752804532872,-0.08888188366486915,1.0501517705900395e-09,-1.6102989119612864e-09,0.1,0.0,1
8,357,world,3.5700000000000003,0.34700000000000003,1.246547691822052,0.734257289777832,-0.5056942312283075,0.6778836591439658,0.6778836591439656,0.20118087549662308,-0.20118087549662308,0.0,0.08467089315145354,0.05320563741686723,-0.08888173929466574,9.838631206188186e-10,-1.5115806431706451e-09,0.1,0.0,1
8,358,world,3.58,0.34800000000000003,1.2465476918220517,0.735104112933198,-0.5051623566856942,0.6779729986354186,0.677972998610963,0.20087959860678567,-0.20087959861403168,3.6067165742060127e-12,0.08469304011675427,0.05317037667519248,-0.08888145449295674,1.0661750665013468e-10,-1.6410902577120216e-10,0.1,0.0,1
8,359,world,3.59,0.349,1.2465476918220517,0.7359511366362096,-0.504630801573772,0.6780622038489751,0.678062203846321,0.20057828325397828,-0.20057828325476343,3.91407406941308e-13,0.0847110038054931,0.0531417522694325,-0.0888810292624465,-8.81722588903009e-10,1.3599394236045759e-09,0.1,0.0,1
8,360,world,3.6,0.35000000000000003,1.2465476918220517,0.7367983190857653,-0.5040994995019284,0.6781512746619424,0.6781512746594629,0.20027692996428137,-0.20027692996501364,3.656078932431239e-13,0.08472479032475981,0.05311976943121543,-0.08888046360716971,4.270750982273608e-11,-6.600346139352177e-11,0.1,0.0,1
8,361,world,3.61,0.351,1.2465476918220517,0.7376456185347339,-0.50356838403328,0.6782402109084584,0.6782402109047373,0.19997553927706857,-0.19997553927816572,5.485939093510373e-13,0.08473440435079246,0.053104432200301366,-0.08887975753247519,1.2315872167130526e-09,-1.9069658087567908e-09,0.1,0.0,1
8,362,world,3.62,0.35200000000000004,1.2465476918220522,0.7384929932756028,-0.5030373886965278,0.6783290124470953,0.6783290124138178,0.19967411172499488,-0.19967411173479052,4.905407983419751e-12,0.08473984912924237,0.05309574342217314,-0.0888789110450743,-8.596652300517144e-10,1.3336826456067498e-09,0.1,0.0,1
8,363,world,3.63,0.353,1.246547691822052,0.7393404016261294,-0.5025064469978445,0.678417679069379,0.6784176790871863,0.19937264786093326,-0.19937264785570005,-2.6246439638906634e-12,0.0847411264648125,0.05309370476313231,-0.08887792415298006,-6.715046070634896e-10,1.0438026818197574e-09,0.1,0.0,1
8,364,world,3.64,0.35400000000000004,1.246547691822052,0.7401878019149614,-0.5019754924327152,0.6785062107051848,0.6785062106887412,0.19907114819754287,-0.1990711482023674,2.423364453463208e-12,0.08473823673189583,0.05309831669242615,-0.08887679686554607,1.3096081500293492e-09,-2.0396902132497957e-09,0.1,0.0,1
8,365,world,3.65,0.355,1.246547691822052,0.7410351524672392,-0.5014444584977605,0.678594607141811,0.6785946071267257,0.1987696132898833,-0.19876961329430198,2.222902811199884e-12,0.08473117885736009,0.05310957850936171,-0.08887552919345826,-2.389588841635724e-10,3.7289481970792243e-10,0.1,0.0,1
8,366,world,3.66,0.35600000000000004,1.246547691822052,0.7418824115902024,-0.5009132787025651,0.6786828682440733,0.678682868233637,0.1984680436707005,-0.19846804367375243,1.5376692480744964e-12,0.08471995033054655,0.053127488327510144,-0.08887412114874312,-5.98871031665648e-10,9.363878961456664e-10,0.1,0.0,1
8,367,world,3.67,0.357,1.246547691822052,0.7427295375588157,-0.5003818865815366,0.6787709938602671,0.6787709938602672,0.1981664398780611,-0.1981664398780611,0.0,0.08470454720939398,0.05315204306563903,-0.08887257274473168,-4.136802556619921e-10,6.480941637181168e-10,0.1,0.0,1
8,368,world,3.68,0.35800000000000004,1.246547691822052,0.7435764886014364,-0.4998502157058162,0.6788589838489365,0.6788589838489365,0.197864802447503,-0.197864802447503,0.0,0.08468496411593586,0.053183238456140064,-0.08887088399609278,0.0,-9.714452744221365e-15,0.1,0.0,1
8,369,world,3.69,0.359,1.2465476918220522,0.7444232228855407,-0.49931819969526825,0.6789468380561855,0.6789468380561855,0.19756313191865482,-0.19756313191865482,0.0,0.08466119425189218,0.05322106902198959,-0.08886905491885246,-2.280925748751549e-10,3.5874294372096183e-10,0.1,0.0,1
8,370,world,3.7,0.36000000000000004,1.2465476918220522,0.7452696985035231,-0.4987857722305715,0.6790345563313412,0.6790345563371146,0.19726142883064857,-0.19726142882897138,-8.50221915464512e-13,0.08463322940442858,0.05326552807001324,-0.07014618430582178,4.524270218676855e-10,-7.126896879803082e-10,0.1,0.0,1
8,371,world,3.71,0.361,1.246547691822052,0.7461158737556383,-0.49825286753682574,0.6790852540117357,0.6790852540002705,0.1970868280503456,-0.1970868280536731,1.688343418600197e-12,0.08460133336199643,0.053316173844081785,-0.012716919581063774,1.8376133997369234e-10,-2.896613512417795e-10,0.1,0.0,1
8,372,world,3.72,0.36200000000000004,1.246547691822052,0.7469617256568254,-0.49771944975401344,0.6790596364201968,0.6790596364213116,0.19717507495669157,-0.19717507495636788,-1.6415953043588233e-13,0.08456920250995592,0.05336712458836495,0.025990442682902196,-4.5802251396570186e-11,7.221306967096502e-11,0.1,0.0,1
8,373,world,3.73,0.363,1.246547691822052,0.7478072609239595,-0.4971855302061557,0.6790340073364409,0.679034007326138,0.19726331865559799,-0.19726331865859106,1.5172998639826337e-12,0.08453800708925273,0.05341652700595067,0.025990477994359926,1.463329474081958e-10,-2.3060373315173337e-10,0.1,0.0,1
8,374,world,3.74,0.36400000000000005,1.246547691822052,0.7486524889247032,-0.4966511243678236,0.6790083667427543,0.6790083667401601,0.19735155913990135,-0.19735155914065536,3.8207009667455644e-13,0.0845077495284543,0.053464383187651524,0.0259905097945346,5.468681125116196e-10,-8.612922971874658e-10,0.1,0.0,1
8,375,world,3.75,0.365,1.2465476918220517,0.7494974190486151,-0.4961162476898235,0.6789827146671908,0.6789827146430342,0.19743979638914533,-0.19743979639616985,3.5577885111886306e-12,0.08447843219240121,0.05351069513951273,0.025990538083417905,-2.866040770337067e-10,4.5113080446278883e-10,0.1,0.0,1
8,376,world,3.7600000000000002,0.36600000000000005,1.2465476918220517,0.7503420607100819,-0.49558091560569034,0.6789570510737849,0.6789570510784485,0.19752803040148892,-0.1975280304001321,-6.86901868131389e-13,0.08445005735592642,0.05355546482461652,0.025990562860976524,-7.102207790789713e-10,1.1172958517604717e-09,0.1,0.0,1
8,377,world,3.77,0.367,1.2465476918220517,0.7511864233447672,-0.4950451435279348,0.6789313760114264,0.6789313760052486,0.19761626115041783,-0.19761626115221603,9.099419886402497e-13,0.08442262722470252,0.05359869413035095,0.025990584127191033,-1.0251521969049367e-10,1.6118773164493652e-10,0.1,0.0,1
8,378,world,3.7800000000000002,0.36800000000000005,1.246547691822052,0.7520305164105889,-0.4945089468514228,0.6789056894520206,0.6789056894592775,0.1977044886318153,-0.197704488629702,-1.0689222539603674e-12,0.08439614392603523,0.05364038488318245,0.025990601882041994,5.783790178628528e-10,-9.088591093237405e-10,0.1,0.0,1
8,379,world,3.79,0.369,1.246547691822052,0.7528743493862902,-0.49397234095297493,0.6788799914323344,0.67887999141153,0.19779271282268854,-0.19779271282874986,3.0644786945755333e-12,0.0843706095092555,0.05368053884823372,0.025990616125532207,4.2717774243685535e-10,-6.708737807539087e-10,0.1,0.0,1
8,380,world,3.8000000000000003,0.37000000000000005,1.246547691822052,0.7537179317702238,-0.4934353411912884,0.6788542819128444,0.6788542819093025,0.19788093372226775,-0.19788093372330015,5.217353422945891e-13,0.08434602594765908,0.05371915772642776,0.025990626857631108,-1.7790852325131757e-09,2.792401064063605e-09,0.1,0.0,1
8,381,world,3.81,0.371,1.2465476918220522,0.7545612730811989,-0.4928979629101051,0.6788285609148921,0.6788285609390412,0.19796915131206133,-0.19796915130501863,-3.5574756817645843e-12,0.08432239514135473,0.05375624315021687,0.025990634078327607,-1.508765351876482e-09,2.366751959971002e-09,0.1,0.0,1
8,382,world,3.8200000000000003,0.37200000000000005,1.246547691822052,0.7554043828549961,-0.4923602214345732,0.6788028284562297,0.6788028284907929,0.1980573655746187,-0.19805736556453404,-5.091780804753327e-12,0.08429971891807941,0.05379179668251288,0.02599063778763282,6.798062189769871e-10,-1.0657676250499956e-09,0.1,0.0,1
8,383,world,3.83,0.373,1.2465476918220517,0.756247270647191,-0.49182213207750425,0.6787770845511206,0.6787770845581068,0.1981455764935036,-0.19814557649146422,-1.0292313352422697e-12,0.08427799902775752,0.053825819825408176,0.02599063798552803,2.0618784689720514e-09,-3.230696996327991e-09,0.1,0.0,1
8,384,world,3.84,0.374,1.2465476918220517,0.7570899460289632,-0.4912837101346346,0.6787513291829199,0.6787513291654529,0.19823378406130465,-0.198233784066406,2.5733864494138106e-12,0.08425723714988806,0.05385831400877236,0.02599063467201662,-1.054648047443791e-09,1.6515455855658997e-09,0.1,0.0,1
8,385,world,3.85,0.375,1.246547691822052,0.7579324185887941,-0.49074497088910674,0.6787255623193555,0.6787255623529413,0.198321988275192,-0.1983219882653783,-4.948371252335926e-12,0.0842374348882291,0.0538892805987551,0.025990627847120192,-1.6504686692198794e-09,2.5831038987730636e-09,0.1,0.0,1
8,386,world,3.86,0.376,1.246547691822052,0.7587746979306327,-0.4902059296104179,0.6786997840323532,0.6786997840564968,0.19841018910189903,-0.19841018909484093,-3.557333697108098e-12,0.08421859377708948,0.05391872088810699,0.025990617510821358,1.8384904916721082e-09,-2.8757087313224253e-09,0.1,0.0,1
8,387,world,3.87,0.377,1.246547691822052,0.7596167936730187,-0.48966660155487357,0.6786739943093205,0.6786739942965752,0.19849838653284407,-0.19849838653657187,1.8779920388898098e-12,0.08420071528221029,0.05394663609497961,0.025990603663117347,2.7755575928115726e-15,-9.714451574840503e-15,0.1,0.0,1
8,388,world,3.88,0.378,1.246547691822052,0.7604587154496221,-0.48912700196824227,0.6786481931035844,0.678648193127726,0.1985865805694316,-0.19858658056236728,-3.5573094640321885e-12,0.08418380078813253,0.053973027382795725,0.02599058630406368,-1.4650308908864887e-09,2.2889482234186096e-09,0.1,0.0,1
8,389,world,3.89,0.379,1.246547691822052,0.7613004729065583,-0.4885871460833815,0.6786223804744209,0.6786223804985616,0.1986747711820804,-0.19867477117501295,-3.5573045861349525e-12,0.08416785162150958,0.053997895823999914,0.025990565433638143,1.918454305920924e-09,-2.9956433504652726e-09,0.1,0.0,1
8,390,world,3.9,0.38,1.246547691822052,0.7621420757038518,-0.4880470491243315,0.678596556431477,0.6785965564073374,0.19876295835571828,-0.19876295836278887,3.557304610669616e-12,0.08415286902775931,0.05402124243662661,0.02599054105186016,1.919234237604463e-09,-2.9951569339970687e-09,0.1,0.0,1
8,391,world,3.91,0.381,1.2465476918220517,0.7629835335130021,-0.4875067263043308,0.6785707209304294,0.6785707209062906,0.19885114209108948,-0.19885114209816324,3.557309591141874e-12,0.08413885418765334,0.054043068158541964,0.025990513158774153,1.1472711798733878e-09,-1.789408225090064e-09,0.1,0.0,1
8,392,world,3.92,0.382,1.2465476918220517,0.7638248560170996,-0.48696619282780573,0.6785448740138053,0.6785448739608212,0.19893932236350578,-0.19893932237903994,7.808490765104898e-12,0.08412580821325047,0.054063373853907803,0.025990481754371794,9.479001024241295e-10,-1.4776020851135965e-09,0.1,0.0,1
8,393,world,3.93,0.383,1.2465476918220517,0.7646660529103059,-0.48642546389136704,0.6785190156542169,0.6785190156062569,0.1990274991687692,-0.19902749918283713,7.068330830774751e-12,0.08411373214116595,0.0540821603237536,0.025990446838700266,-2.6565250298858947e-09,4.138656824990914e-09,0.1,0.0,1
8,394,world,3.94,0.384,1.2465476918220517,0.7655071338961337,-0.4858845546829356,0.6784931458442298,0.6784931458579848,0.19911567249684742,-0.19911567249281076,-2.027295294012323e-12,0.08410262694393256,0.054099428288381296,0.025773029596244446,-2.4702878905025007e-09,3.846334404705179e-09,0.1,0.0,1
8,395,world,3.95,0.385,1.2465476918220517,0.7663481083448688,-0.4853434798511745,0.6784676976722205,0.6784676976862934,0.19920236747245626,-0.19920236746832434,-2.0742379207054195e-12,0.08409230996096606,0.05411546364421919,0.025385736560172147,4.85392287137081e-10,-7.553562023726778e-10,0.1,0.0,1
8,396,world,3.96,0.386,1.246547691822052,0.7671889796158252,-0.48480224468730865,0.6784425770085377,0.6784425770101087,0.1992879065599329,-0.19928790655947137,-2.3157757121167114e-13,0.08408191204262302,0.05413161799961835,0.025215859007094957,-3.675920717913203e-10,5.717176792620869e-10,0.1,0.0,1
8,397,world,3.97,0.387,1.2465476918220522,0.7680297459417031,-0.4842608465139818,0.6784174455101926,0.6784174455334868,0.19937344259701853,-0.1993734425901728,-3.433608272096508e-12,0.08407132091692138,0.054148065517468105,0.02521589055618985,-4.793610004223607e-10,7.451428442190835e-10,0.1,0.0,1
8,398,world,3.98,0.388,1.246547691822052,0.7688704053896096,-0.48371928240019535,0.678392303213565,0.6783923032271573,0.19945897556182018,-0.19945897555782388,-2.0035722626447382e-12,0.08406053641946376,0.05416480607250437,0.02521591889868577,3.4323100281533793e-10,-5.332331854844308e-10,0.1,0.0,1
8,399,world,3.99,0.389,1.2465476918220517,0.7697109560249967,-0.4831775494162191,0.6783671501011037,0.6783671501157925,0.19954450544829444,-0.19954450544397367,-2.1653130104556788e-12,0.08404955838450133,0.05418183953475835,0.02521594403456606,2.4738267252615115e-10,-3.8412606836079403e-10,0.1,0.0,1
8,400,world,4.0,0.39,1.2465476918220517,0.7705513959116375,-0.4826356446336223,0.6783419861859706,0.6783419861933633,0.19963003224137388,-0.19963003223919829,-1.089814806163758e-12,0.08403838664153468,0.05419916577483391,0.02521596596378353,5.864447878398603e-10,-9.100782723947235e-10,0.1,0.0,1
8,401,world,4.01,0.391,1.246547691822052,0.7713917231116033,-0.4820935651253077,0.6783168114675896,0.6783168114675896,0.19971555593003398,-0.19971555593003398,0.0,0.08402702102073542,0.05421678465550026,0.025215984686343042,-2.1202761993229293e-10,3.288494511577022e-10,0.1,0.0,1
8,402,world,4.0200000000000005,0.39200000000000007,1.2465476918220522,0.7722319356852413,-0.4815513079655447,0.6782916259394436,0.6782916259521437,0.19980107650500584,-0.19980107650126486,-1.872342587266313e-12,0.08401546134732145,0.054234696040419896,0.025216000202230034,-5.551115181953412e-15,1.0408340966162648e-14,0.1,0.0,1
8,403,world,4.03,0.393,1.2465476918220517,0.7730720316911519,-0.4810088702300023,0.678266429627862,0.6782664296278621,0.19988659394734928,-0.19988659394734928,0.0,0.08400370744673849,0.05425289978611995,0.025216012511418126,5.076994434262965e-10,-7.865645718175209e-10,0.1,0.0,1
8,404,world,4.04,0.394,1.246547691822052,0.7739120091861683,-0.4804662489957818,0.6782412225173841,0.6782412225173841,0.19997210825043657,-0.19997210825043657,0.0,0.08399175913917711,0.05427139575049142,0.025216021613914254,-8.203798838377727e-10,1.2702915243305253e-09,0.1,0.0,1
8,405,world,4.05,0.395,1.246547691822052,0.7747518662253307,-0.4799234413414519,0.6782160046076984,0.6782160046282101,0.20005761940318495,-0.20005761939713446,-3.0243827505100163e-12,0.08397961624397876,0.05429018378596685,0.025216027509705932,7.472994524673378e-10,-1.1564915814322587e-09,0.1,0.0,1
8,406,world,4.0600000000000005,0.3960000000000001,1.246547691822052,0.7755916008618683,-0.47938044434707994,0.6781907759425109,0.6781907759238345,0.2001431273815268,-0.2001431273870385,2.7538710281454965e-12,0.08396727858174896,0.054309263736262915,0.025216030198775132,8.210238131988853e-10,-1.2698779662494792e-09,0.1,0.0,1
8,407,world,4.07,0.397,1.246547691822052,0.7764312111471748,-0.4788372550942674,0.6781655364666453,0.6781655364666455,0.20022863219057108,-0.20022863219057108,0.0,0.0839547459668818,0.054328635447950885,0.025216029681131548,-7.478823195614856e-10,1.1561113300423611e-09,0.1,0.0,1
8,408,world,4.08,0.398,1.246547691822052,0.7772706951307882,-0.47829387066618334,0.6781402862219841,0.6781402862219841,0.20031413380679247,-0.20031413380679247,0.0,0.0839420182126906,0.05434829876252176,0.025216025956784894,-9.729800401896784e-10,1.503253787392778e-09,0.1,0.0,1
8,409,world,4.09,0.399,1.2465476918220522,0.7781100508603676,-0.47775028814759685,0.678115025190663,0.6781150252149486,0.20039963222430435,-0.2003996322171274,-3.5813285234455653e-12,0.08392909512724157,0.05436825352282742,0.02521601902573797,1.8816975954755126e-09,-2.905608423570239e-09,0.1,0.0,1
8,410,world,4.1,0.39999999999999997,1.246547691822052,0.778949276381639,-0.4772065046248635,0.6780897534362067,0.6780897533892599,0.20048512741317184,-0.2004851274270522,6.92340096506803e-12,0.08391597652696302,0.054388499552076225,0.025216008887971327,1.9396012779384013e-09,-2.9933784934907956e-09,0.1,0.0,1
8,411,world,4.11,0.401,1.2465476918220522,0.779788369738463,-0.4766625171860916,0.6780644708674389,0.6780644708433518,0.20057061938919085,-0.20057061939631582,3.5523445870171656e-12,0.08390266220904735,0.05440903669643948,0.025215995543503,-2.1750934617447364e-10,3.354885849153213e-10,0.1,0.0,1
8,412,world,4.12,0.402,1.246547691822052,0.780627328972745,-0.47611832292107586,0.6780391775551867,0.6780391775136654,0.2006561081202701,-0.2006561081325577,6.12372091005357e-12,0.08388915198446019,0.05442986477411221,0.025215978992359396,-1.8122364912036158e-09,2.793719452073213e-09,0.1,0.0,1
8,413,world,4.13,0.403,1.2465476918220522,0.7814661521244182,-0.47557391892133327,0.6780138734429297,0.6780138734640004,0.2007415936119889,-0.20074159360575047,-3.107711287184402e-12,0.08387544565283743,0.05445098361405343,0.025215959234541858,1.1390055686091034e-10,-1.754880981364898e-10,0.1,0.0,1
8,414,world,4.14,0.40399999999999997,1.2465476918220522,0.7823048372314279,-0.4750293022801547,0.6779885586383356,0.6779885585939806,0.20082707582132897,-0.20082707583446738,6.542139982102879e-12,0.08386154301722704,0.05447239303325844,0.025215936270049005,4.752726040908708e-10,-7.31865964482676e-10,0.1,0.0,1
8,415,world,4.15,0.405,1.246547691822052,0.7831433823297176,-0.4744844700926376,0.6779632330215377,0.6779632330307743,0.20091255477264738,-0.2009125547699101,-1.3624069435095062e-12,0.08384744387500602,0.05449409285076426,0.0252159100989322,-2.000460929235526e-09,3.078773380002638e-09,0.1,0.0,1
8,416,world,4.16,0.406,1.2465476918220517,0.783981785453201,-0.47393941945572365,0.6779378966844003,0.677937896689831,0.20099803042759756,-0.20099803042598743,-8.010737224954175e-13,0.0838331480215945,0.05451608288192969,0.025215880721195606,-3.4537373327556066e-10,5.312597640372296e-10,0.1,0.0,1
8,417,world,4.17,0.40700000000000003,1.246547691822052,0.7848200446337469,-0.47339414746823166,0.6779125495937857,0.6779125496116128,0.20108350278486614,-0.20108350277957826,-2.6296939371051167e-12,0.08381865525113019,0.054538362937405674,0.02521584813685171,2.1839752460357116e-10,-3.3573422176209966e-10,0.1,0.0,1
8,418,world,4.18,0.408,1.2465476918220522,0.785658157901155,-0.47284865123089365,0.6778871917765747,0.6778871917765749,0.20116897182535243,-0.20116897182535243,0.0,0.0838039653580604,0.05456093282070071,0.01632454266481927,1.1275730399506138e-09,-1.7328479006510433e-09,0.1,0.0,1
8,419,world,4.19,0.40900000000000003,1.2465476918220522,0.786496123726635,-0.4723029285272579,0.6778797146128736,0.6778797146026707,0.20119416622426253,-0.2011941662272907,1.5050966984843683e-12,0.08378925285879373,0.054583524120059616,0.004649343214184327,0.0,2.0816681719220782e-15,0.1,0.0,1
8,420,world,4.2,0.41000000000000003,1.246547691822052,0.7873339442958499,-0.47175698284491985,0.6778778380079636,0.6778778380079638,0.20120048891006437,-0.20120048891006437,0.0,0.08377492857806984,0.05460550651481314,0.0018654321486982176,-1.2753936796301708e-09,1.959231388351354e-09,0.1,0.0,1
8,421,world,4.21,0.41100000000000003,1.2465476918220522,0.7881716236510344,-0.4712108205132957,0.6778759613384229,0.6778759613599146,0.20120681158008513,-0.20120681157370593,-3.1704514518894236e-12,0.08376101012425623,0.05462685404601156,0.001865432161923801,2.7755575617239405e-15,-4.8572257330168954e-15,0.1,0.0,1
8,422,world,4.22,0.412,1.2465476918220517,0.7890091658527459,-0.4706644478792295,0.6778740846313887,0.6778740846313887,0.20121313422626513,-0.20121313422626513,0.0,0.08374749796639336,0.05464756704894502,0.0018654321738586473,2.7741420273673845e-10,-4.2612094411060837e-10,0.1,0.0,1
8,423,world,4.23,0.41300000000000003,1.246547691822052,0.7898465749661224,-0.4701178712862042,0.6778722078473258,0.6778722078619239,0.20121945686033496,-0.20121945685600165,-2.153521843362684e-12,0.08373439255350856,0.05466764585835874,0.0018654321844862052,3.4202085610097533e-10,-5.253485147210028e-10,0.1,0.0,1
8,424,world,4.24,0.41400000000000003,1.2465476918220517,0.7906838550609924,-0.4695710970748158,0.6778703310231284,0.6778703310146297,0.20122577947133855,-0.2012257794738614,1.2537428396596562e-12,0.08372169433068577,0.05468709078383327,0.0018654321938149057,1.0582923427096919e-10,-1.6253734470393986e-10,0.1,0.0,1
8,425,world,4.25,0.41500000000000004,1.2465476918220517,0.7915210102113635,-0.4690241315823037,0.6778684541181682,0.6778684541301367,0.20123210207133177,-0.2012321020677788,-1.7655941627895162e-12,0.08370940371848262,0.05470590214132374,0.0018654322018668498,1.2703865737888564e-09,-1.9511385563908114e-09,0.1,0.0,1
8,426,world,4.26,0.416,1.246547691822052,0.7923580444954312,-0.4684769811428774,0.6778665771904785,0.6778665771504147,0.20123842464308242,-0.20123842465497618,5.91027892763059e-12,0.0836975211318319,0.054724080224217146,0.001865432208611403,4.817063415098616e-10,-7.39806133063954e-10,0.1,0.0,1
8,427,world,4.2700000000000005,0.41700000000000004,1.2465476918220522,0.7931949619954425,-0.4679296520878172,0.677864700157763,0.677864700157763,0.20124474721101707,-0.20124474721101707,0.0,0.08368604696768114,0.05474162532226339,0.0018654322140458928,-6.397327112865921e-10,9.824738245748347e-10,0.1,0.0,1
8,428,world,4.28,0.41800000000000004,1.246547691822052,0.7940317667975569,-0.46738215074557765,0.6778628230981877,0.6778628230740185,0.2012510697519257,-0.20125106975910134,3.5655053913143956e-12,0.08367498161014025,0.05475853771369989,0.0018654322181843011,2.775557561723863e-15,-8.326672685171591e-15,0.1,0.0,1
8,429,world,4.29,0.41900000000000004,1.246547691822052,0.794868462991597,-0.46683448344171136,0.6778609459554684,0.6778609459554683,0.2012573922825138,-0.2012573922825138,0.0,0.08366432543141399,0.05477481766383579,0.0018654322210348508,-2.592731585133185e-10,3.981391605521003e-10,0.1,0.0,1
8,430,world,4.3,0.42,1.2465476918220517,0.7957050546712309,-0.46628665649946294,0.6778590687747241,0.6778590687569963,0.20126371478938118,-0.20126371479464475,2.615244084401731e-12,0.0836540787892036,0.05479046542902988,0.0018654322225946625,4.071437631717119e-10,-6.251936468889099e-10,0.1,0.0,1
8,431,world,4.3100000000000005,0.42100000000000004,1.2465476918220517,0.7965415459335824,-0.4657386762394855,0.6778571915223377,0.6778571915122229,0.20127003728250448,-0.20127003728550777,1.4921782818544592e-12,0.08364424202788132,0.05480548125490018,0.0018654322228360842,-1.6865175923453483e-09,2.589624348442691e-09,0.1,0.0,1
8,432,world,4.32,0.42200000000000004,1.2465476918220517,0.797377940879107,-0.46519054897995876,0.6778553141976454,0.6778553142218144,0.20127635976207647,-0.20127635975489994,-3.5655045095579313e-12,0.08363481547315009,0.0548198653844766,0.0018654322217841993,-1.1103312714344525e-09,1.704818231128621e-09,0.1,0.0,1
8,433,world,4.33,0.42300000000000004,1.246547691822052,0.798214243611496,-0.46464228103675453,0.677853436834477,0.6778534368519442,0.2012826822180477,-0.2012826822128609,-2.5768661602790927e-12,0.08362579944627196,0.054833618036492004,0.001865432219430578,9.729578254745186e-10,-1.4938460191938602e-09,0.1,0.0,1
8,434,world,4.34,0.424,1.2465476918220517,0.7990504582375408,-0.4640938787235424,0.6778515594177238,0.6778515594177238,0.2012890046548994,-0.2012890046548994,0.0,0.08361719425094404,0.05484673942541976,0.0018654322157889954,1.649175240909962e-09,-2.5319690789918537e-09,0.1,0.0,1
8,435,world,4.3500000000000005,0.42500000000000004,1.246547691822052,0.7998865888669797,-0.4635453483518633,0.6778496819450199,0.677849681921522,0.20129532707332973,-0.2012953270803077,3.4665106245460765e-12,0.08360900017485745,0.05485922975909057,0.001865432210854002,0.0,0.0,0.1,0.0,1
8,436,world,4.36,0.42600000000000005,1.2465476918220517,0.8007226396123356,-0.46299669623119627,0.6778478043898537,0.6778478043898537,0.20130164948120716,-0.20130164948120716,0.0,0.08360121749648776,0.05487108922834456,0.0018654322046062735,2.7017277305820087e-11,-4.1468217750935386e-11,0.1,0.0,1
8,437,world,4.37,0.42700000000000005,1.2465476918220517,0.8015586145890019,-0.46244792866939655,0.6778459267995576,0.6778459267753888,0.201307971864471,-0.2013079718716487,3.565522594303594e-12,0.08359384647589824,0.054882318021052624,0.0018654321970706864,2.7755575617239405e-15,0.0,0.1,0.0,1
8,438,world,4.38,0.428,1.2465476918220517,0.8023945179148367,-0.4618990519723886,0.6778440491261312,0.6778440491261312,0.20131429423737177,-0.20131429423737177,0.0,0.08358688736571936,0.05489291630538996,0.0018654321882277604,8.326672685171821e-15,-1.734723476077463e-14,0.1,0.0,1
8,439,world,4.39,0.429,1.2465476918220517,0.8032303537101307,-0.46135007244442866,0.6778421714179135,0.6778421713937446,0.20132061658554892,-0.20132061659272715,3.565536114294507e-12,0.08358034040425609,0.05490288424034459,0.00186543217809132,1.3571060942472836e-09,-2.0831343595748205e-09,0.1,0.0,1
8,440,world,4.4,0.43000000000000005,1.2465476918220515,0.8040661260974763,-0.4608009963882122,0.6778402936434207,0.6778402936097158,0.20132693891834824,-0.20132693892835904,4.9723528770158476e-12,0.08357420581202792,0.05491222198098344,0.0018654321666532478,9.286627023469149e-10,-1.4254430969744851e-09,0.1,0.0,1
8,441,world,4.41,0.43100000000000005,1.2465476918220517,0.8049018392016329,-0.4602518301049834,0.6778384158119665,0.677838415764734,0.20133326123299916,-0.20133326124702824,6.9680326314628636e-12,0.08356848379755903,0.054920929669636104,0.001865432153924644,-4.922090513234384e-10,7.554741554999063e-10,0.1,0.0,1
8,442,world,4.42,0.432,1.2465476918220517,0.8057374971493425,-0.45970257989455904,0.6778365379019171,0.6778365378804361,0.20133958353592293,-0.20133958354230355,3.1690596820182947e-12,0.08356317456150315,0.05492900742962458,0.0018654321398886495,-1.901945268056207e-09,2.919106623258741e-09,0.1,0.0,1
8,443,world,4.43,0.433,1.2465476918220517,0.8065731040693477,-0.4591532520556715,0.6778346599350487,0.6778346599350487,0.20134590582064726,-0.20134590582064726,0.0,0.08355827828714679,0.05493645537971791,-0.05576018504629773,-3.6928240158701185e-10,5.67465548425126e-10,0.1,0.0,1
8,444,world,4.44,0.43400000000000005,1.2465476918220517,0.8074086675844637,-0.4586038581970387,0.6779486998394584,0.6779486998271538,0.2009615893488029,-0.20096158935245034,1.8149557242344103e-12,0.08355502126498891,0.05494140898636703,-0.1231985833700528,2.536085872249265e-09,-3.9027332912494445e-09,0.1,0.0,1
8,445,world,4.45,0.43500000000000005,1.2465476918220517,0.8082442170511159,-0.4580544429726726,0.6780822008025421,0.6780822007394214,0.2005106705236394,-0.20051067054230437,9.30849935419553e-12,0.08355550079335547,0.05494067971159055,-0.13301136451495724,-4.935414644535455e-10,7.615584021894977e-10,0.1,0.0,1
8,446,world,4.46,0.436,1.2465476918220517,0.8090797901737304,-0.45750506372637895,0.6782154017925196,0.6782154017925197,0.2000596630293352,-0.2000596630293352,0.0,0.08355975234172983,0.05493421327905568,-0.1330113645149489,-2.2863273576941783e-09,3.5381756576950703e-09,0.1,0.0,1
8,447,world,4.47,0.437,1.246547691822052,0.8099154246671422,-0.45695577783393637,0.6783483028420016,0.6783483028360083,0.19960856703831553,-0.19960856704007907,8.834641569681917e-13,0.083567774657666,0.05492200869201306,-0.13301136451494985,2.4222020426277616e-10,-3.7594452534159405e-10,0.1,0.0,1
8,448,world,4.48,0.43800000000000006,1.2465476918220515,0.8107511582279887,-0.4564066426853385,0.6784809038546895,0.678480903848621,0.19915738276118755,-0.19915738276296885,8.94384573716241e-13,0.08357956530461003,0.054904064180099015,-0.1330113645149554,7.546743235175015e-12,-1.1748938622469967e-11,0.1,0.0,1
8,449,world,4.49,0.43900000000000006,1.2465476918220517,0.8115870285222966,-0.4558577156916544,0.6786132047749139,0.6786132047687288,0.19870611039663147,-0.1987061103984425,9.113628042685527e-13,0.08359512064871061,0.05488037721925311,-0.13301136451495726,-2.46733262188643e-10,3.851996247596703e-10,0.1,0.0,1
8,450,world,4.5,0.44,1.246547691822052,0.8124230731737091,-0.4553090542928764,0.6787452055409167,0.6787452055410557,0.19825475014519198,-0.19825475014515143,-2.0468811624656775e-14,0.08361443587368012,0.05485094450897121,-0.1330113645149545,-6.132235417984387e-10,9.601593187316548e-10,0.1,0.0,1
8,451,world,4.51,0.441,1.246547691822052,0.813259329752751,-0.4547607159673393,0.6788769060961254,0.6788769061054064,0.19780330220597134,-0.1978033022032671,-1.367004310457056e-12,0.0836375049778489,0.05481576197664593,-0.13301136451494985,7.35145494755938e-10,-1.1544400786553035e-09,0.1,0.0,1
8,452,world,4.5200000000000005,0.44200000000000006,1.2465476918220515,0.8140958357623236,-0.45421275823540724,0.6790083064021328,0.6790083063836856,0.19735176677287436,-0.19735176677823602,2.7165420637327883e-12,0.08366432074234696,0.05477482482602472,-0.13301136451494985,1.9988461229288853e-09,-3.1481264385558e-09,0.1,0.0,1
8,453,world,4.53,0.44300000000000006,1.2465476918220517,0.8149326286282945,-0.4536652386709148,0.6791394063799812,0.6791394063386144,0.1969001440516974,-0.1969001440636907,6.09039160958021e-12,0.08369487475702395,0.05472812749771434,-0.1330113645149517,-1.1788962174309985e-09,1.8621956694280732e-09,0.1,0.0,1
8,454,world,4.54,0.444,1.2465476918220517,0.815769745686336,-0.45311821490690074,0.679270205936202,0.6792702059476897,0.19644843425244987,-0.19644843424912756,-1.69099610764765e-12,0.08372915739250923,0.0546756637119333,-0.13301136451494894,-2.4854958759250424e-09,3.937695775916267e-09,0.1,0.0,1
8,455,world,4.55,0.445,1.2465476918220517,0.8166072241685677,-0.45257174464101635,0.6794007050720559,0.6794007050939459,0.19599663755778823,-0.19599663755147326,-3.221561805082438e-12,0.08376715778556969,0.05461742649125345,-0.13301136451494708,8.540143334954893e-10,-1.3569697980843163e-09,0.1,0.0,1
8,456,world,4.5600000000000005,0.44600000000000006,1.246547691822052,0.8174451011942935,-0.452025885647222,0.6795309037298921,0.6795309037195938,0.19554475416756822,-0.19554475417053177,1.5153108214824607e-12,0.08380886386345697,0.05455340812375097,-0.13301136451494985,2.2457042852446138e-10,-3.578853547422317e-10,0.1,0.0,1
8,457,world,4.57,0.44700000000000006,1.246547691822052,0.8182834137539459,-0.45148069577705163,0.6796608018015075,0.6796608018176626,0.19509278429623345,-0.19509278429159616,-2.3766180801814752e-12,0.0838542622864053,0.05448360025184412,-0.13301136451495446,5.876439957685097e-10,-9.392746297014682e-10,0.1,0.0,1
8,458,world,4.58,0.448,1.2465476918220515,0.8191221986988327,-0.4509362329697664,0.6797903992927562,0.6797903992673904,0.19464072812550026,-0.19464072813276312,3.7308344306577166e-12,0.0839033384648864,0.054407993846922124,-0.13301136451495726,6.290164689805454e-10,-1.0083742372399454e-09,0.1,0.0,1
8,459,world,4.59,0.449,1.2465476918220517,0.8199614927297386,-0.45039255526076466,0.6799196960788866,0.6799196960788866,0.1941885858746453,-0.1941885858746453,0.0,0.08395607655413607,0.05432657921897939,-0.13301136451494988,-2.321366006682963e-09,3.732436294820322e-09,0.1,0.0,1
8,460,world,4.6000000000000005,0.45000000000000007,1.246547691822052,0.8208013323794053,-0.44984972078052776,0.6800486921316335,0.6800486921660402,0.19373635773533948,-0.19373635772553746,-5.058620753473889e-12,0.08401245940310059,0.05423934609711272,-0.13301136451494988,-9.373948827885725e-10,1.5116787282949994e-09,0.1,0.0,1
8,461,world,4.61,0.45100000000000007,1.246547691822052,0.8216417540053585,-0.44930778776949964,0.6801773874207707,0.6801773874449678,0.19328404389997,-0.19328404389309392,-3.556885097168721e-12,0.0840724685813834,0.054146283590217927,-0.1330113645149545,1.743145031614626e-09,-2.8194212229520854e-09,0.1,0.0,1
8,462,world,4.62,0.452,1.246547691822052,0.8224827937733421,-0.44876681457846174,0.6803057818794023,0.6803057818687209,0.1928316445714706,-0.19283164457449828,1.5698296682999083e-12,0.08413608434632845,0.05404738024055843,-0.13301136451495169,1.801426206477522e-09,-2.922386806063932e-09,0.1,0.0,1
8,463,world,4.63,0.453,1.246547691822052,0.8233244876436581,-0.44822685967332404,0.680433875426881,0.6804338754043687,0.19237915995670984,-0.19237915996307475,3.307953735264149e-12,0.08420328560451931,0.05394262408711456,-0.1330113645149545,-6.882496603677757e-10,1.1198441312280618e-09,0.1,0.0,1
8,464,world,4.64,0.45399999999999996,1.246547691822052,0.8241668713623225,-0.447687981647408,0.6805616679973007,0.6805616680045063,0.19192659025840583,-0.19192659025637376,-1.058596841016748e-12,0.08427404994587893,0.053832002616654585,-0.1330113645149554,6.499802614245255e-11,-1.0608253517256265e-10,0.1,0.0,1
8,465,world,4.65,0.45500000000000007,1.246547691822052,0.8250099804408063,-0.44715023921588704,0.6806891595854819,0.6806891595612674,0.19147393566224308,-0.19147393566905446,3.5567146693641753e-12,0.0843483535779259,0.05371550287108179,-0.13301136451495263,-6.177754575415774e-10,1.0112094701250424e-09,0.1,0.0,1
8,466,world,4.66,0.456,1.246547691822052,0.8258538501469015,-0.4466136912275081,0.6808163500649769,0.6808163500883204,0.1910211963881534,-0.19102119638160378,-3.4281617671916384e-12,0.08442617132617886,0.05359311145289754,-0.1330113645149489,-9.25265692668096e-10,1.5190617135858394e-09,0.1,0.0,1
8,467,world,4.67,0.457,1.246547691822052,0.8266985154926346,-0.4460783966717213,0.680943239454469,0.6809432394544689,0.19056837261532614,-0.19056837261532614,0.0,0.08450747663225398,0.05346481453487937,-0.13301136451495169,2.0786933864043646e-09,-3.4229532087772154e-09,0.1,0.0,1
8,468,world,4.68,0.45799999999999996,1.246547691822052,0.8275440112121721,-0.4455444146699274,0.6810698276663112,0.6810698276351139,0.1901154645529213,-0.19011546456162975,4.579863052878397e-12,0.08459224149766492,0.05333059795652716,-0.1330113645149554,-4.299062374756374e-11,7.101890615823167e-11,0.1,0.0,1
8,469,world,4.69,0.4590000000000001,1.246547691822052,0.828390371755551,-0.44501180449156147,0.681196114608824,0.6811961146099549,0.18966247241120568,-0.1896624724108909,-1.659628836028092e-13,0.08468043648976195,0.053190447224134074,-0.13301136451494988,-2.4435627399201146e-09,4.048006180390921e-09,0.1,0.0,1
8,470,world,4.7,0.46,1.2465476918220522,0.8292376312729937,-0.4444806255553204,0.6813221002580316,0.6813221002912535,0.18920939638161613,-0.18920939637239015,-4.875332537753467e-12,0.08477203073083152,0.053044347538366024,-0.13301136451495166,-2.473549872657592e-10,4.1099566434323783e-10,0.1,0.0,1
8,471,world,4.71,0.461,1.2465476918220517,0.8300858235938805,-0.4439509374216644,0.6814477845869142,0.6814477845945832,0.188756236656598,-0.18875623665447375,-1.125227814095239e-12,0.08486699184159423,0.05289228389622422,-0.1330113645149545,3.703954902504327e-10,-6.173119392921545e-10,0.1,0.0,1
8,472,world,4.72,0.46199999999999997,1.246547691822052,0.830934982218868,-0.4434227998061311,0.681573167490407,0.6815731675138277,0.1883029934503145,-0.18830299344384388,-3.435823878940441e-12,0.08496528595412312,0.052734241084271716,-0.13301136451494985,-6.239594016121806e-10,1.0430374919579077e-09,0.1,0.0,1
8,473,world,4.73,0.4630000000000001,1.2465476918220522,0.8317851403050506,-0.44289627258152814,0.6816982489411703,0.6816982489654131,0.18784966695544306,-0.1878496669487627,-3.555786274196594e-12,0.08506687768561028,0.052570203735780044,-0.1330113645149443,8.800796022419139e-10,-1.4756290821661789e-09,0.1,0.0,1
8,474,world,4.74,0.464,1.246547691822052,0.832636330642732,-0.44237141576634836,0.6818230288889482,0.6818230288889481,0.18739625737111354,-0.18739625737111354,0.0,0.08517173009493165,0.0524001564180501,-0.1330113645149545,1.1035176029474035e-09,-1.8558736413280656e-09,0.1,0.0,1
8,475,world,4.75,0.465,1.2465476918220522,0.8334885856474393,-0.44184828953754923,0.681947507256495,0.6819475072512978,0.18694276490394207,-0.18694276490536674,7.620235871118066e-13,0.08527980468363677,0.05222408365036925,-0.13301136451495169,2.775558379983609e-15,-6.938895949959023e-16,0.1,0.0,1
8,476,world,4.76,0.46599999999999997,1.2465476918220522,0.834341937342197,-0.4413269542274859,0.6820716839930798,0.6820716839930797,0.18648918975330556,-0.18648918975330556,0.0,0.08539106137290406,0.05204196996279958,-0.13301136451495266,-5.940305556008192e-10,1.0051157317017888e-09,0.1,0.0,1
8,477,world,4.7700000000000005,0.4670000000000001,1.2465476918220524,0.8351964173431127,-0.44080747032599793,0.6821955590462093,0.68219555905694,0.18603553211914647,-0.18603553211622023,-1.5728278786577275e-12,0.08550545848991309,0.05185379994204621,-0.18583548067868508,6.236764697317578e-10,-1.0597577531271184e-09,0.1,0.0,1
8,478,world,4.78,0.468,1.246547691822052,0.836052054813054,-0.4402898951180252,0.682417069123185,0.6824170691064021,0.18522133726958007,-0.18522133727413528,2.4591340465140474e-12,0.0856221892959051,0.05166082364980449,-0.25231733748760177,3.975463069234827e-10,-6.786085843953244e-10,0.1,0.0,1
8,479,world,4.79,0.46900000000000003,1.246547691822052,0.8369088633395272,-0.43977426083220794,0.6826627868898553,0.6826627868898553,0.18431364408468537,-0.18431364408468537,0.0,0.08573962388329143,0.051465686591667295,-0.26597507813278914,-1.7559863172858157e-10,3.014800300167968e-10,0.1,0.0,1
8,480,world,4.8,0.47,1.2465476918220522,0.8377668494317203,-0.43926058834388004,0.6829072973351715,0.6829072973231418,0.1834056249246306,-0.1834056249278614,1.7613917568291846e-12,0.08585770073560973,0.05126846227842688,-0.2659750781327911,-6.932518295268453e-11,1.1975642941761388e-10,0.1,0.0,1
8,481,world,4.8100000000000005,0.4710000000000001,1.2465476918220522,0.8386260194603726,-0.4387488985810879,0.6831505999993189,0.6831506000012095,0.1824972814026858,-0.1824972814021808,-2.7669689362101157e-13,0.08597640942990215,0.05106913962014473,-0.26597507813277993,-5.515358566802406e-10,9.586238947629387e-10,0.1,0.0,1
8,482,world,4.82,0.47200000000000003,1.2465476918220522,0.8394863796910818,-0.43823921258302945,0.6833926944713417,0.6833926944744195,0.18158861512012409,-0.18158861511930627,-4.5031455218739924e-13,0.08609573936548003,0.050867707468602655,-0.2659750781327864,4.472899550936698e-10,-7.822439426596183e-10,0.1,0.0,1
8,483,world,4.83,0.47300000000000003,1.2465476918220524,0.8403479362824128,-0.4377315515004536,0.6836335803240594,0.683633580313631,0.1806796276837516,-0.18067962768650778,1.525296184159735e-12,0.08621567973794873,0.05066415465912225,-0.265975078132792,-7.664461442822727e-10,1.34870884717617e-09,0.1,0.0,1
8,484,world,4.84,0.474,1.2465476918220517,0.8412106952839649,-0.4372259365960075,0.683873257099986,0.6838732571242836,0.1797703207094769,-0.1797703207030898,-3.5525416996542376e-12,0.08633621955564487,0.05045846998115863,-0.26597507813278964,-1.2486373890839476e-09,2.210872982382226e-09,0.1,0.0,1
8,485,world,4.8500000000000005,0.4750000000000001,1.246547691822052,0.8420746626343938,-0.4367223892445313,0.6841117244167124,0.6841117244410173,0.17886069579452474,-0.17886069578817018,-3.5523949036032464e-12,0.0864573476285097,0.05025064219532948,-0.2659750781327883,8.790256672731354e-10,-1.5661573851608458e-09,0.1,0.0,1
8,486,world,4.86,0.47600000000000003,1.246547691822052,0.8429398441593968,-0.43622093093329184,0.6843489818474229,0.6843489818471559,0.17795075454902137,-0.1779507545490908,3.9001007357395755e-14,0.08657905255596156,0.05004066005272159,-0.2659750781327836,1.2631369188812237e-09,-2.2645967378867018e-09,0.1,0.0,1
8,487,world,4.87,0.47700000000000004,1.2465476918220517,0.8438062455696502,-0.435721583262165,0.6845850289533933,0.6845850289422118,0.17704049858725646,-0.17704049859014812,1.6331321307411556e-12,0.08670132273108228,0.049828512286448176,-0.2659750781327906,5.034228974020002e-10,-9.082245672476517e-10,0.1,0.0,1
8,488,world,4.88,0.478,1.246547691822052,0.8446738724587114,-0.43522436794375435,0.6848198653201839,0.6848198653056942,0.1761299295182726,-0.17612992952199924,2.1155853287188203e-12,0.08682414633712567,0.04961418761634003,-0.2659750781327961,-6.860520247232936e-10,1.2455180056516208e-09,0.1,0.0,1
8,489,world,4.89,0.479,1.2465476918220522,0.8455427303008702,-0.43472930680345384,0.685053490523228,0.6850534905315212,0.17521904895482113,-0.17521904895269996,-1.2104280870569483e-12,0.08694751133674533,0.04939767476659751,-0.26597507813279103,-7.383574686413936e-10,1.3489572598707446e-09,0.1,0.0,1
8,490,world,4.9,0.48000000000000004,1.2465476918220522,0.8464128244489704,-0.43423642177944344,0.6852859041746385,0.6852859041812157,0.17430785850136712,-0.17430785849969418,-9.596287805324153e-13,0.08707140547694327,0.04917896245621429,-0.26597507813278415,2.892134389105869e-10,-5.317495773843305e-10,0.1,0.0,1
8,491,world,4.91,0.48100000000000004,1.246547691822052,0.8472841601321796,-0.43374573492262847,0.6855171058535571,0.685517105853557,0.17339635977194887,-0.17339635977194887,0.0,0.08719581627580777,0.04895803942148397,-0.2659750781327863,1.3276895249797202e-10,-2.4566003219250827e-10,0.1,0.0,1
8,492,world,4.92,0.482,1.246547691822052,0.8481567424537269,-0.4332572683965073,0.6857470951439927,0.6857470951467445,0.172484554380409,-0.17248455437971683,-4.012361998497047e-13,0.08732073102625433,0.048734894408837555,-0.265975078132792,-8.403232470028439e-10,1.5647522574886823e-09,0.1,0.0,1
8,493,world,4.93,0.483,1.2465476918220522,0.8490305763885944,-0.43277104447697623,0.6859758716344262,0.6859758716587936,0.17157244394051013,-0.17157244393441548,-3.5517632383019682e-12,0.08744613678345063,0.04850951619682517,-0.2659750781327896,9.446343742689932e-11,-1.7701763720499252e-10,0.1,0.0,1
8,494,world,4.94,0.48400000000000004,1.2465476918220522,0.8499056667818863,-0.43228708555336015,0.6862034349526742,0.6862034349526741,0.1706600300572782,-0.1706600300572782,0.0,0.08757202037282634,0.048281893581562124,-0.26597507813278826,-5.894125476024415e-10,1.1116898297502833e-09,0.1,0.0,1
8,495,world,4.95,0.48500000000000004,1.246547691822052,0.8507820183446768,-0.4318054141248996,0.6864297846402712,0.6864297846819291,0.1697473143583262,-0.16974731434802462,-6.067959866183952e-12,0.08769836837253614,0.0480520154082527,-0.2659750781327919,1.0745736424966786e-09,-2.0398245356961285e-09,0.1,0.0,1
8,496,world,4.96,0.486,1.2465476918220517,0.8516596356526117,-0.4313260528021678,0.6866549203874042,0.6866549203557416,0.16883429843546194,-0.1688342984432471,4.610500008492461e-12,0.08782516712392663,0.04781987055246344,-0.26597507813279336,8.483349033504009e-10,-1.6208133821604308e-09,0.1,0.0,1
8,497,world,4.97,0.487,1.246547691822052,0.8525385231438245,-0.4308490243072923,0.6868788416776476,0.6868788416942012,0.16792098393256982,-0.16792098392852295,-2.4096629449443667e-12,0.0879524027089661,0.04758544796174409,-0.26597507813278826,-1.8831541880205203e-09,3.6213262619829383e-09,0.1,0.0,1
8,498,world,4.98,0.48800000000000004,1.2465476918220517,0.8534186851160847,-0.4303743514727681,0.687101548195931,0.6871015482203385,0.1670073724449764,-0.16700737243904387,-3.5517686988919705e-12,0.08808006096930826,0.047348736621402494,-0.26597507813279103,1.3545375249276519e-09,-2.6218006619337616e-09,0.1,0.0,1
8,499,world,4.99,0.48900000000000005,1.2465476918220522,0.8543001257242586,-0.42990205724083014,0.6873230395563331,0.6873230395323312,0.1660934655866301,-0.16609346559243024,3.491626297572541e-12,0.08820812748667184,0.04710972559137924,-0.2659750781327849,1.504731448342021e-09,-2.9316025172214686e-09,0.1,0.0,1
8,500,world,5.0,0.49,1.2465476918220517,0.8551828489777371,-0.4294321646627461,0.6875433153132385,0.6875433152923497,0.16517926498690397,-0.16517926499192245,3.0377991248829553e-12,0.08833658758062951,0.04686840401176226,-0.26597507813278637,-5.103631872676044e-10,1.0008679306576114e-09,0.1,0.0,1
8,501,world,5.01,0.491,1.246547691822052,0.8560668587378251,-0.42896469689803224,0.6877623750982295,0.687762375089666,0.16426477225746255,-0.16426477225950792,1.244982358141694e-12,0.0884654263114635,0.04662476109891635,-0.265975078132791,-1.067411307764289e-10,2.1070947627961713e-10,0.1,0.0,1
8,502,world,5.0200000000000005,0.49200000000000005,1.246547691822052,0.8569521587150976,-0.42849967721358373,0.687980218539197,0.6879802185215449,0.16334998901199357,-0.16334998901618478,2.565457476897636e-12,0.08859462847220408,0.0463787861621251,-0.26597507813278964,3.5103072980709923e-10,-6.97561928557059e-10,0.1,0.0,1
8,503,world,5.03,0.49300000000000005,1.246547691822052,0.8578387524667198,-0.4280371289827263,0.6881968452364514,0.6881968452171342,0.16243491687180206,-0.1624349168763615,2.806581834405436e-12,0.08872417858812642,0.04613046860657554,-0.26597507813278914,-1.3678921358808783e-09,2.7362758929744923e-09,0.1,0.0,1
8,504,world,5.04,0.494,1.246547691822052,0.8587266433937374,-0.4275770756841788,0.6884122547878662,0.6884122548123219,0.1615195574596996,-0.16151955745396163,-3.5520522118867757e-12,0.08885406090960003,0.04587979794934901,-0.2659750781327905,-1.3424860397861737e-09,2.7034094363028983e-09,0.1,0.0,1
8,505,world,5.05,0.495,1.246547691822052,0.8596158347383316,-0.427119540900933,0.6886264468581875,0.6886264468804291,0.1606039123838048,-0.16060391237861754,-3.2294529445250553e-12,0.08898425941351208,0.04562676381937236,-0.26597507813279514,3.1827356084334915e-11,-6.451548297233727e-11,0.1,0.0,1
8,506,world,5.0600000000000005,0.49600000000000005,1.246547691822052,0.8605063295810448,-0.42666454831903977,0.6888394210438823,0.6888394210673622,0.15968798326932593,-0.1596879832638828,-3.4081984973224724e-12,0.08911475779205096,0.04537135598220639,-0.26597507813278404,7.130374149325467e-10,-1.4552348719878827e-09,0.1,0.0,1
8,507,world,5.07,0.49700000000000005,1.246547691822052,0.8613981308380149,-0.4262121217263916,0.6890511769824149,0.6890511769823375,0.15877177173288456,-0.15877177173290244,1.1244554753679175e-14,0.08924553946629588,0.04511356431684187,-0.2659750781327836,-4.3992639220086905e-13,8.978939298232249e-13,0.1,0.0,1
8,508,world,5.08,0.498,1.2465476918220517,0.8622912412584509,-0.42576228501194796,0.6892617142633117,0.6892617142868198,0.1578552794031531,-0.15785527939776925,-3.410253966833603e-12,0.08937658756150446,0.044853378867825845,-0.2659750781327933,-1.1031188978947217e-10,2.2819065230284099e-10,0.1,0.0,1
8,509,world,5.09,0.499,1.2465476918220517,0.8631856634205123,-0.42531506216173964,0.6894710325596323,0.6894710325630499,0.15693850789057553,-0.15693850788979763,-4.956176033293643e-13,0.0895078849190597,0.044590789826110575,-0.2659750781327887,1.5069657748134097e-09,-3.1387249280680737e-09,0.1,0.0,1
8,510,world,5.1000000000000005,0.5,1.2465476918220522,0.8640813997298473,-0.4248704772601125,0.6896791314832602,0.6896791314587569,0.15602145882067125,-0.15602145882621452,3.5525038432386106e-12,0.08963941409416498,0.044325787537897364,-0.26597507813278315,7.890697406407947e-10,-1.6547557156002864e-09,0.1,0.0,1
8,511,world,5.11,0.501,1.2465476918220517,0.8649784524161616,-0.4244285544870296,0.6898860106469688,0.6898860106250936,0.15510413381963487,-0.15510413382455296,3.1705313720257544e-12,0.08977115734257385,0.04405836253624106,-0.26597507813279153,-5.847371153774589e-10,1.2346891550574436e-09,0.1,0.0,1
8,512,world,5.12,0.502,1.2465476918220522,0.8658768235302874,-0.42398931811629104,0.69009166969336,0.6900916696876974,0.15418653450785894,-0.15418653450912412,8.204778101094427e-13,0.08990309663256904,0.043788505522282375,-0.2659750781327956,-1.255251550551582e-09,2.6688373974986915e-09,0.1,0.0,1
8,513,world,5.13,0.503,1.246547691822052,0.8667765149412152,-0.42355279251365574,0.6902961082613646,0.690296108280194,0.15326866250756324,-0.15326866250338247,-2.7275039058409696e-12,0.090035213630382,0.04351620740059359,-0.2659750781327901,-2.560815692342439e-10,5.482468170918772e-10,0.1,0.0,1
8,514,world,5.14,0.504,1.2465476918220517,0.867677528333123,-0.42311900213485487,0.6904993260138741,0.6904993260165646,0.15235051943665406,-0.15235051943606043,-3.896067895721716e-13,0.09016748970543653,0.043241459274867194,-0.26597507813278587,1.1776260529245948e-09,-2.538778780155197e-09,0.1,0.0,1
8,515,world,5.15,0.505,1.2465476918220517,0.8685798652023673,-0.42268797152350784,0.6907013225743541,0.6907013225545346,0.15143210692277076,-0.151432106927116,2.869227349674814e-12,0.09029990592550453,0.042964252464636594,-0.2659750781327859,8.150850723385781e-11,-1.7694581956841579e-10,0.1,0.0,1
8,516,world,5.16,0.506,1.246547691822052,0.8694835268544774,-0.42225972530892314,0.6909020975612095,0.6909020975612096,0.15051342659550648,-0.15051342659550648,0.0,0.09043244305491745,0.0426845785163578,-0.26597507813278726,1.4221973713799306e-10,-3.109138143467044e-10,0.1,0.0,1
8,517,world,5.17,0.507,1.246547691822052,0.8703885144011171,-0.4218342882037989,0.6911016506627091,0.6911016506381524,0.14959448007013773,-0.14959448007545326,3.553042902694426e-12,0.09056508155632477,0.042402429207490516,-0.26597507813278876,-7.099190723354838e-10,1.5630102461201528e-09,0.1,0.0,1
8,518,world,5.18,0.508,1.246547691822052,0.8712948287570403,-0.42141168500181075,0.6912999814673172,0.6912999814910521,0.1486752689845824,-0.14867526897947778,-3.4331766236083686e-12,0.09069780158787308,0.04211779656067978,-0.2659750781327873,-3.108628134163783e-11,6.892376746705837e-11,0.1,0.0,1
8,519,world,5.19,0.509,1.246547691822052,0.8722024706373098,-0.4209919405756864,0.6914970897084721,0.691497089684947,0.14775579494638447,-0.1477557949514112,3.4018635558512594e-12,0.09083058299844528,0.04183067286289505,-0.2659750781327859,1.3340289059247108e-09,-2.9790864650256353e-09,0.1,0.0,1
8,520,world,5.2,0.51,1.246547691822052,0.873111440553684,-0.4205750798734063,0.69169297496511,0.6916929749437027,0.14683605959727916,-0.14683605960182364,3.094768152337094e-12,0.09096340532895913,0.04154105067231078,-0.26597507813279286,-1.3318903363020559e-09,2.9956648898875643e-09,0.1,0.0,1
8,521,world,5.21,0.511,1.246547691822052,0.8740217388115796,-0.42016112791549665,0.6918876368949247,0.691887636916752,0.14591606456290712,-0.14591606455830383,-3.1546015952002373e-12,0.09109624781459527,0.041248922823533804,-0.26597507813279153,-6.249091951094405e-10,1.4156630072863106e-09,0.1,0.0,1
8,522,world,5.22,0.512,1.2465476918220517,0.8749333655074378,-0.4197501097931525,0.6920810752067327,0.6920810752067327,0.14499581145913423,-0.14499581145913423,0.0,0.09122908938608593,0.04095428243524166,-0.26597507813278176,7.888018990203067e-10,-1.7998766077000963e-09,0.1,0.0,1
8,523,world,5.23,0.513,1.2465476918220517,0.8758463205254253,-0.4193420506647787,0.6922732895176649,0.6922732895122962,0.1440753019221094,-0.1440753019232268,7.755107987940933e-13,0.09136190865842862,0.04065712294652621,-0.26597507813278876,-5.138479038947713e-10,1.1810295843973798e-09,0.1,0.0,1
8,524,world,5.24,0.514,1.2465476918220517,0.8767606035343494,-0.4189369757528856,0.692464279481719,0.6924642794995565,0.14315453758103477,-0.14315453757734717,-2.5758758639751395e-12,0.0914946839389208,0.040357438111418696,-0.2659750781327887,5.507670263292172e-10,-1.2751627300850267e-09,0.1,0.0,1
8,525,world,5.25,0.515,1.2465476918220517,0.8776762139845709,-0.4185349103408652,0.6926540448082323,0.6926540447836185,0.1422335200546104,-0.14223352005966475,3.5534583145884234e-12,0.0916273932324845,0.04005522199938047,-0.2659750781327915,3.5635147992603035e-10,-8.310983236256685e-10,0.1,0.0,1
8,526,world,5.26,0.516,1.2465476918220517,0.8785931511049279,-0.4181358797696426,0.6928425850925723,0.6928425850978892,0.14131225098593242,-0.14131225098484798,-7.673895447264616e-13,0.0917600142315597,0.03975046903149651,-0.26597507813279153,-9.396924882039496e-10,2.207798007923237e-09,0.1,0.0,1
8,527,world,5.2700000000000005,0.517,1.2465476918220517,0.8795114138996625,-0.4177399094342057,0.693029900050792,0.6930299000594227,0.14039073199415036,-0.14039073199240207,-1.2453008796065731e-12,0.09189252432187897,0.03944317398172823,-0.2659750781327901,-2.0098252333660787e-10,4.757162083209387e-10,0.1,0.0,1
8,528,world,5.28,0.518,1.2465476918220515,0.8804310011453511,-0.41734702478001134,0.6932159893380361,0.6932159893505158,0.13946896471182024,-0.13946896470930945,-1.8002356441116564e-12,0.09202490058573966,0.0391333319841888,-0.2659750781327873,-6.13093632638784e-11,1.4619156469155415e-10,0.1,0.0,1
8,529,world,5.29,0.519,1.2465476918220517,0.8813519113878586,-0.41695725129926203,0.6934008526282079,0.6934008526390417,0.13854695076854684,-0.13854695076638218,-1.5623891674264604e-12,0.09215711979836426,0.03882093855730359,-0.26597507813278315,8.785427196880305e-10,-2.110687379350836e-09,0.1,0.0,1
8,530,world,5.3,0.52,1.246547691822052,0.8822741429392973,-0.41657061452705835,0.6935844896058243,0.6935844895865968,0.13762469179271217,-0.13762469179652742,2.772195423543808e-12,0.09228915843245027,0.038505989609800936,-0.26997480655204453,9.76060696685121e-10,-2.3629574940924455e-09,0.1,0.0,1
8,531,world,5.3100000000000005,0.521,1.246547691822052,0.8831976937325543,-0.4161871396930052,0.6937723670809566,0.6937723670563221,0.13667444051948366,-0.13667444052433667,3.550760945229068e-12,0.09242088467086809,0.038188742800125026,-0.2800817215561823,-1.1989119828820692e-09,2.9253068799765973e-09,0.1,0.0,1
8,532,world,5.32,0.522,1.246547691822052,0.8841225558167878,-0.41580683830509596,0.6939672302492763,0.693967230273917,0.13568155115453864,-0.135681551149721,-3.550686617613068e-12,0.09255126683038199,0.037871664976489146,-0.28618890814107417,-6.686757505103242e-10,1.644667551803902e-09,0.1,0.0,1
8,533,world,5.33,0.523,1.246547691822052,0.8850487137812189,-0.4154297037760567,0.6941606724859146,0.6941606724859146,0.13468838396054347,-0.13468838396054347,0.0,0.09268006276593235,0.0375553719952664,-0.2861889081410782,6.577719577453096e-10,-1.6312012220221375e-09,0.1,0.0,1
8,534,world,5.34,0.524,1.246547691822052,0.8859761518227393,-0.4150557282223732,0.6943526933453857,0.6943526933456152,0.13369494098078447,-0.1336949409807403,-3.304089288190313e-14,0.09280728431697932,0.037239870806802806,-0.2861889081410713,-1.3877806751959169e-15,6.591958207180604e-15,0.1,0.0,1
8,535,world,5.3500000000000005,0.525,1.246547691822052,0.8869048542591362,-0.4146849036981969,0.6945432924471717,0.6945432924471718,0.13270122424696218,-0.13270122424696218,0.0,0.09293294335274557,0.03692516810788251,-0.2861889081410782,6.0881938220844875e-12,-1.5360650403406006e-11,0.1,0.0,1
8,536,world,5.36,0.526,1.246547691822052,0.8878348055224853,-0.4143172221806774,0.6947324694006575,0.6947324694006575,0.13170723579387913,-0.13170723579387913,0.0,0.09305705176931457,0.036611270341291184,-0.2861889081410824,1.5684974747199292e-10,-3.9880896124723224e-10,0.1,0.0,1
8,537,world,5.37,0.527,1.246547691822052,0.8887659901660174,-0.4139526755888961,0.6949202238215767,0.6949202238156208,0.1307129776562459,-0.13071297765736622,8.570737535306958e-13,0.09317962148713022,0.03629818369443768,-0.2861889081410783,-6.449585787712258e-10,1.6537568213360973e-09,0.1,0.0,1
8,538,world,5.38,0.528,1.246547691822052,0.8896983928623494,-0.41359125578151745,0.6951065553042104,0.6951065553288877,0.12971845187389033,-0.12971845186928513,-3.5501349471043028e-12,0.09330066444014576,0.03598591411965691,-0.28618890814107684,-9.992853529815721e-11,2.5839955754394774e-10,0.1,0.0,1
8,539,world,5.39,0.529,1.246547691822052,0.8906319984045258,-0.41323295456154857,0.6952914635140288,0.6952914635119224,0.12872366047442216,-0.12872366047481212,3.0295842721312855e-13,0.09342019258055917,0.03567446731503133,-0.28618890814107273,4.02456395806816e-14,-1.040835506396938e-13,0.1,0.0,1
8,540,world,5.4,0.53,1.2465476918220517,0.8915667917049919,-0.412877763675851,0.6954749480169158,0.6954749480416046,0.12772860550509815,-0.12772860550056386,-3.549922061985838e-12,0.09353821786737106,0.035363848746936835,-0.2861889081410783,-2.765638718564184e-10,7.275474884231477e-10,0.1,0.0,1
8,541,world,5.41,0.531,1.2465476918220517,0.892502757793213,-0.4125256748109428,0.6956570084853387,0.6956570084940603,0.1267332889945003,-0.1267332889929114,-1.253727507977196e-12,0.09365475226929859,0.0350540636357087,-0.28618890814107684,-9.094681876828924e-11,2.4133020218420685e-10,0.1,0.0,1
8,542,world,5.42,0.532,1.2465476918220522,0.8934398818201266,-0.41217667960688353,0.6958376445073607,0.6958376445356516,0.1257377129878097,-0.12573771298269756,-4.065686573433396e-12,0.09376980775647932,0.034745116970776084,-0.28618890814107406,8.40514917055108e-10,-2.249779824883733e-09,0.1,0.0,1
8,543,world,5.43,0.533,1.246547691822052,0.8943781490578112,-0.4118307696589235,0.6960168557671624,0.6960168557424566,0.12474187951380383,-0.12474187951823168,3.5495882141286457e-12,0.0938833962970872,0.03443701351342877,-0.2861889081410713,8.619783329776882e-10,-2.3275342270810258e-09,0.1,0.0,1
8,544,world,5.44,0.534,1.2465476918220522,0.8953175448967845,-0.41148793651261156,0.6961946418257833,0.6961946418195293,0.12374579062451294,-0.12374579062562457,8.983233497304192e-13,0.09399552985470105,0.034129757797763574,-0.2861889081410727,-1.135339207035754e-09,3.092806624960946e-09,0.1,0.0,1
8,545,world,5.45,0.535,1.246547691822052,0.8962580548453304,-0.41114817166421325,0.6963710023504279,0.6963710023715949,0.12274944835386568,-0.12274944835013454,-3.0396085818134227e-12,0.09410622038760652,0.03382335412639072,-0.2861889081410796,-1.3146668381038954e-09,3.6132575114230346e-09,0.1,0.0,1
8,546,world,5.46,0.536,1.2465476918220522,0.8971996645331074,-0.4108114665730645,0.696545936985105,0.6965459370324121,0.12175285474105872,-0.12175285473278966,-6.791616266605006e-12,0.09421547984250206,0.03351780658168267,-0.2861889081410824,5.155632963966336e-10,-1.429694427148184e-09,0.1,0.0,1
8,547,world,5.47,0.537,1.2465476918220517,0.8981423597117992,-0.41047781266624955,0.6967194454077015,0.6967194454077014,0.12075601182046804,-0.12075601182046804,0.0,0.09432332014896341,0.03321311903564846,-0.28618890814107406,1.3420949353684674e-09,-3.755388803999069e-09,0.1,0.0,1
8,548,world,5.48,0.538,1.2465476918220517,0.8990861262463817,-0.4101472013165583,0.6968915272066905,0.6968915271984369,0.11975892164305997,-0.11975892164447834,1.1843302088019855e-12,0.09442975322249186,0.03290929513586229,-0.2861889081410713,-5.901912022052941e-10,1.6664888416680977e-09,0.1,0.0,1
8,549,world,5.49,0.539,1.246547691822052,0.9000309501239869,-0.4098196238699813,0.6970621820286671,0.6970621820533138,0.11876158625057084,-0.11876158624637168,-3.5357398529202472e-12,0.09453479095586055,0.032606338324499856,-0.2861889081410782,-9.58774647291928e-10,2.7320452321774694e-09,0.1,0.0,1
8,550,world,5.5,0.54,1.246547691822052,0.9009768174539555,-0.4094950716490836,0.6972314095574897,0.6972314095896074,0.1177640076794326,-0.11776400767400785,-4.606385733512966e-12,0.09463844521885556,0.03230425183404931,-0.2861889081410783,-2.128855555750537e-12,6.122888338964387e-12,0.1,0.0,1
8,551,world,5.51,0.541,1.2465476918220517,0.9019237144573286,-0.4091735359252061,0.6973992094413528,0.6973992094661018,0.11676618797323178,-0.11676618796908803,-3.5486977240036827e-12,0.09474072785758744,0.03200303868407741,-0.2861889081410741,6.21301081601161e-10,-1.8033816091404356e-09,0.1,0.0,1
8,552,world,5.5200000000000005,0.542,1.2465476918220515,0.9028716274776327,-0.4088550079525449,0.6975655813351782,0.6975655813407005,0.11576812917538609,-0.11576812917446959,-7.916500901491581e-13,0.0948416506859932,0.031702701701212276,-0.28618890814107545,5.731672966626656e-10,-1.6792623219477695e-09,0.1,0.0,1
8,553,world,5.53,0.543,1.246547691822052,0.9038205429778337,-0.4085394789625099,0.6977305248855213,0.6977305248855212,0.11476983333165111,-0.11476983333165111,0.0,0.09494122548792606,0.03140324350844638,-0.28618890814107684,-1.5924089357535548e-10,4.709608928587588e-10,0.1,0.0,1
8,554,world,5.54,0.544,1.2465476918220517,0.9047704475334901,-0.40822694014603267,0.6978940397525025,0.6978940397649666,0.11377130248645821,-0.11377130248442632,-1.7859075108667105e-12,0.09503946401275232,0.03110466653363704,-0.2861889081410741,-1.2816848425771894e-10,3.8265866363963986e-10,0.1,0.0,1
8,555,world,5.55,0.545,1.2465476918220517,0.9057213278425325,-0.4079173826859573,0.6980561256199485,0.6980561256255824,0.11277253868135005,-0.11277253868043988,-8.070723141061986e-13,0.09513637797284397,0.03080697301274775,-0.2861889081410713,-4.2120114938668715e-10,1.2695807930007146e-09,0.1,0.0,1
8,556,world,5.5600000000000005,0.546,1.246547691822052,0.9066731707170961,-0.407610797735504,0.6982167821301525,0.6982167821613013,0.11177354396557315,-0.1117735439605867,-4.461094633392788e-12,0.09523197904109434,0.0305101649932702,-0.2861889081410755,1.4678972535749775e-10,-4.467213951680338e-10,0.1,0.0,1
8,557,world,5.57,0.547,1.246547691822052,0.9076259630851973,-0.4073071764262444,0.6983760089991239,0.6983760089981926,0.11077432037746672,-0.11077432037761442,1.333329510897933e-13,0.09532627885088703,0.030214244330165365,-0.286188908141081,3.9041184732679056e-10,-1.1997157504693267e-09,0.1,0.0,1
8,558,world,5.58,0.548,1.246547691822052,0.9085796919952744,-0.40700650988566595,0.6985338058487578,0.6985338058622949,0.10977486997135281,-0.10977486996922545,-1.9378733073890396e-12,0.0954192889885856,0.029919212705430406,-0.28618890814107684,-4.306033634611396e-10,1.3362149086476625e-09,0.1,0.0,1
8,559,world,5.59,0.549,1.246547691822052,0.9095343446048985,-0.40670878920480047,0.698690172383883,0.6986901724025688,0.10877519478925672,-0.10877519478634763,-2.6743267360237917e-12,0.09551102099875522,0.02962507160793608,-0.28618890814107273,1.2941332352336967e-10,-4.055521875480093e-10,0.1,0.0,1
8,560,world,5.6000000000000005,0.55,1.2465476918220517,0.9104899081929813,-0.4064140054801854,0.698845108287784,0.6988451082953772,0.10777529687760205,-0.10777529687643103,-1.0864930644307707e-12,0.09560148637374517,0.029331822362932327,-0.28618890814107273,1.3335267774798081e-09,-4.220659102199187e-09,0.1,0.0,1
8,561,world,5.61,0.551,1.246547691822052,0.911446370148794,-0.4061221497821367,0.6989986132549361,0.6989986132117505,0.10677517828202669,-0.10677517828862346,6.1779680380550805e-12,0.0956906965597832,0.02903946610913323,-0.2861889081410755,4.994844694938137e-10,-1.5967835673869415e-09,0.1,0.0,1
8,562,world,5.62,0.552,1.246547691822052,0.9124037179779034,-0.4058332131771688,0.6991506869120961,0.699150686896298,0.10577484105937753,-0.10577484106176763,2.2595189880777496e-12,0.09577866294642523,0.028748003829745683,-0.28618890814107834,-1.4385415289525586e-09,4.645418000819325e-09,0.1,0.0,1
8,563,world,5.63,0.553,1.246547691822052,0.9133619392997075,-0.40554718672356466,0.6993013289803504,0.6993013290051608,0.10477428725291009,-0.1047742872491928,-3.547753318228951e-12,0.09586539687339579,0.028457436327018568,-0.28618890814107745,1.8877564190488547e-10,-6.158269807278847e-10,0.1,0.0,1
8,564,world,5.64,0.5539999999999999,1.2465476918220522,0.914321021844475,-0.4052640614648377,0.6994505392029715,0.6994505391781561,0.10377351890365688,-0.1037735189073386,3.5477143659499847e-12,0.0959509096250677,0.028167764237193,-0.28618890814107406,5.150442664241103e-10,-1.6975360974609963e-09,0.1,0.0,1
8,565,world,5.65,0.555,1.246547691822052,0.9152809534590965,-0.4049838284527079,0.6995983171920985,0.6995983171920985,0.10277253807308631,-0.10277253807308631,0.0,0.0960352124235713,0.02787898805121052,-0.28618890814107617,-5.101787073768451e-10,1.6989851139583904e-09,0.1,0.0,1
8,566,world,5.66,0.556,1.2465476918220517,0.9162417220968279,-0.40470647871578647,0.6997446626947693,0.6997446626947694,0.10177134680342774,-0.10177134680342774,0.0,0.0961183164394115,0.027591108075848577,-0.28618890814107684,2.2065712735615083e-10,-7.425365605507698e-10,0.1,0.0,1
8,567,world,5.67,0.557,1.2465476918220522,0.9172033158289264,-0.4044320033031634,0.6998895754043404,0.6998895753934973,0.10076994714578254,-0.10076994714734372,1.5491732383354799e-12,0.09620023277343877,0.027304124493127385,-0.28618890814107745,4.470735445143894e-10,-1.5203728838284915e-09,0.1,0.0,1
8,568,world,5.68,0.5579999999999999,1.2465476918220522,0.9181657228305092,-0.404160393239059,0.7000330550189172,0.70003305499673,0.09976834115137939,-0.09976834115454151,3.169324809650377e-12,0.09628097247255912,0.02701803730359244,-0.2861889081410755,2.5428860423884866e-10,-8.73983676653639e-10,0.1,0.0,1
8,569,world,5.69,0.559,1.246547691822052,0.9191289313927908,-0.40389163956933477,0.7001751012394913,0.7001751012158974,0.09876653087184566,-0.09876653087517383,3.369574155468751e-12,0.09636054651597137,0.026732846371894648,-0.28618890814107484,-4.2901851793004196e-11,1.4903428712703447e-10,0.1,0.0,1
8,570,world,5.7,0.56,1.2465476918220522,0.9200929299119394,-0.4036257333259048,0.7003157137776892,0.7003157137576652,0.09776451835812232,-0.09776451836091767,2.8591299503876772e-12,0.09643896581755035,0.026448551416691213,-0.28618890814107684,-2.087749492151234e-10,7.331768472594953e-10,0.1,0.0,1
8,571,world,5.71,0.561,1.2465476918220522,0.9210577068960389,-0.4033626655553804,0.7004548923463153,0.7004548923333914,0.09676230566182116,-0.09676230566360648,1.844971376634788e-12,0.09651624122689059,0.026165152004768984,-0.28618890814107745,-7.297505902450615e-10,2.5909074170924347e-09,0.1,0.0,1
8,572,world,5.72,0.5619999999999999,1.246547691822052,0.922023250959623,-0.4031024273032331,0.7005926366503987,0.7005926366680827,0.09575989483643257,-0.09575989483401547,-2.524008565608102e-12,0.09659238352351429,0.025882647570260753,-0.28618890814107684,1.5269195656910598e-10,-5.481175085302106e-10,0.1,0.0,1
8,573,world,5.73,0.5630000000000001,1.2465476918220522,0.9229895508249721,-0.40284500962231,0.7007289464542452,0.7007289464333422,0.09475728792817527,-0.09475728793100192,2.9829115078241426e-12,0.09666740342084619,0.025601037398343365,-0.2861889081410762,6.190001412416518e-10,-2.2468916798259413e-09,0.1,0.0,1
8,574,world,5.74,0.5640000000000001,1.246547691822052,0.923956595322306,-0.4025904035776731,0.700863821421893,0.7008638214069152,0.09375448699774593,-0.09375448699974953,2.1369679120498117e-12,0.09674131155947376,0.025320320648697017,-0.2861889081410755,5.5712455205740093e-11,-2.0451897282946633e-10,0.1,0.0,1
8,575,world,5.75,0.5650000000000001,1.2465476918220522,0.924924373385218,-0.402338600233264,0.700997261306843,0.7009972612829601,0.09275149409445838,-0.0927514940976184,3.4068051201737833e-12,0.09681411851187924,0.025040496336291018,-0.2861889081410747,-4.676931897864516e-10,1.7364225793430044e-09,0.1,0.0,1
8,576,world,5.76,0.566,1.2465476918220517,0.9258928740569455,-0.40208959067996075,0.7011292658069379,0.7011292658171713,0.09174831127586051,-0.09174831127452139,-1.4594950841577248e-12,0.09688583477459703,0.02476156335996351,-0.28618890814107273,-3.0536725977010966e-11,1.1468810319661899e-10,0.1,0.0,1
8,577,world,5.7700000000000005,0.5670000000000001,1.2465476918220522,0.9268620864800604,-0.4018433659999165,0.701259834706684,0.7012598346844566,0.09074494058888595,-0.09074494059176225,3.1694749890324323e-12,0.09695647077537811,0.024483520473642113,-0.28618890814107617,1.8576415783968955e-10,-7.05748749994884e-10,0.1,0.0,1
8,578,world,5.78,0.5680000000000001,1.2465476918220522,0.9278319999059595,-0.401599917307567,0.7013889676780957,0.7013889676780956,0.08974138409594194,-0.08974138409594194,0.0,0.09702603686419363,0.024206366320208852,-0.2861889081410782,-2.1058808466726682e-10,8.094751205833385e-10,0.1,0.0,1
8,579,world,5.79,0.5690000000000001,1.2465476918220522,0.9288026036856123,-0.4013592357175459,0.7015166645004678,0.7015166644899675,0.08873764384626447,-0.08873764384759268,1.4967125151093023e-12,0.09709454331826389,0.023930099410946377,-0.28618890814107817,4.4180691685202074e-10,-1.7184112678499733e-09,0.1,0.0,1
8,580,world,5.8,0.57,1.2465476918220522,0.9297738872738186,-0.40112131236560755,0.7016429248979132,0.7016429248730147,0.08773372189698793,-0.08773372190010124,3.5484243355059503e-12,0.09716200033803098,0.023654718140626193,-0.2861889081410748,-1.8427715084622746e-10,7.25347422371501e-10,0.1,0.0,1
8,581,world,5.8100000000000005,0.5710000000000001,1.2465476918220522,0.9307458402281475,-0.40088613840893494,0.7017677485903039,0.7017677485903038,0.08672962030642219,-0.08672962030642219,0.0,0.09722841804684705,0.02338022078825495,-0.2861889081410784,-7.988488839533192e-10,3.1825602992935595e-09,0.1,0.0,1
8,582,world,5.82,0.5720000000000001,1.2465476918220522,0.9317184522040113,-0.4006537050101076,0.7018911353435704,0.7018911353647251,0.08572534112785386,-0.08572534112527014,-3.0138118685637e-12,0.09729380649257643,0.023106605509790767,-0.28618890814107684,-8.552822912198675e-11,3.449182283865634e-10,0.1,0.0,1
8,583,world,5.83,0.5730000000000001,1.2465476918220522,0.9326917129600781,-0.40042400336383926,0.7020130849218543,0.7020130849268437,0.08472088641562905,-0.08472088641502694,-7.106808326779312e-13,0.09735817564411864,0.022833870351934304,-0.2861889081410726,1.0328627064179946e-10,-4.2168522463347746e-10,0.1,0.0,1
8,584,world,5.84,0.574,1.246547691822052,0.9336656123525915,-0.40019702467780793,0.7021335970436704,0.7021335970587358,0.08371625823034175,-0.08371625822854549,-2.1455429980884045e-12,0.09742153538993503,0.022562013258298517,-0.28618890814107617,7.943316578556007e-10,-3.283700627330215e-09,0.1,0.0,1
8,585,world,5.8500000000000005,0.5750000000000001,1.2465476918220522,0.9346401403358062,-0.39997276017862826,0.7022526715091787,0.7022526714667199,0.08271145862348672,-0.08271145862848754,6.045813157940455e-12,0.09748389554269873,0.02229103204923903,-0.2861889081410783,1.876452945449175e-10,-7.855508225784236e-10,0.1,0.0,1
8,586,world,5.86,0.5760000000000001,1.2465476918220522,0.93561528696353,-0.3997512011231472,0.7023703079889081,0.7023703079926332,0.08170648966260521,-0.08170648966217185,-5.30362373656335e-13,0.09754526583061167,0.02202092445914354,-0.2861889081410755,-9.275731743714983e-10,3.9328791001895425e-09,0.1,0.0,1
8,587,world,5.87,0.5770000000000001,1.246547691822052,0.9365910423854127,-0.3995323387869641,0.7024865063116449,0.7024865063259438,0.08070135339724539,-0.08070135339560275,-2.0353623374638036e-12,0.09760565590671766,0.021751688095856713,-0.2861889081410768,-1.959879380738791e-10,8.417672156419345e-10,0.1,0.0,1
8,588,world,5.88,0.578,1.2465476918220524,0.9375673968464701,-0.39931616446665036,0.7026012662261568,0.7026012662420281,0.07969605188711294,-0.07969605188531267,-2.258816736317406e-12,0.09766507533980345,0.02148332048056163,-0.28618890814107606,-1.6966035088473586e-10,7.382438947135532e-10,0.1,0.0,1
8,589,world,5.89,0.579,1.2465476918220522,0.9385443406878995,-0.39910266948802137,0.7027145874892077,0.7027145875141572,0.07869058719160879,-0.07869058718881494,-3.5502756410982623e-12,0.09772353361825067,0.021215819031152966,-0.2524666098270306,2.5019665717217584e-10,-1.1014113657406834e-09,0.1,0.0,1
8,590,world,5.9,0.5800000000000001,1.2465476918220522,0.9395218637643296,-0.39889184249961884,0.7028002327731256,0.7028002327731255,0.07792196618438556,-0.07792196618438556,0.0,0.09778085385600578,0.020950050577276433,-0.21638454739087667,5.440034615863204e-10,-2.4228511383412823e-09,0.1,0.0,1
8,591,world,5.91,0.5810000000000001,1.2465476918220522,0.9404999532306288,-0.3986836589416974,0.702883216510664,0.702883216500712,0.07716983837312241,-0.07716983837421502,1.4157821413043667e-12,0.09783681449694005,0.020687139219605535,-0.214024783268757,3.1953422655303515e-10,-1.4376625457964507e-09,0.1,0.0,1
8,592,world,5.92,0.582,1.2465476918220524,0.941478595595475,-0.3984780901372633,0.7029653953312835,0.7029653953105777,0.07641762218962188,-0.07641762219187274,2.945329935083587e-12,0.09789143741186257,0.02042710164069765,-0.21402478326875563,2.2938543590875903e-10,-1.0425848705831296e-09,0.1,0.0,1
8,593,world,5.93,0.583,1.2465476918220522,0.9424577775951886,-0.3982751072890063,0.7030467691372274,0.7030467691122627,0.07566531849568943,-0.07566531849837624,3.5506923524878033e-12,0.09794474527953154,0.02016994973042045,-0.21402478326875612,7.405887117614589e-11,-3.400771845835945e-10,0.1,0.0,1
8,594,world,5.94,0.5840000000000001,1.246547691822052,0.9434374861922353,-0.3980746814832529,0.7031273378367475,0.7031273378111424,0.07491292815267322,-0.07491292815540125,3.641354582992799e-12,0.09799676065267061,0.019915694855645625,-0.21402478326875612,-4.9101038528683915e-11,2.2781967330394602e-10,0.1,0.0,1
8,595,world,5.95,0.5850000000000001,1.2465476918220522,0.9444177085745648,-0.39787678369837565,0.7032071013371123,0.7032071013154195,0.07416045202222797,-0.0741604520245157,3.084600790707327e-12,0.09804750594794676,0.019664347875974663,-0.2140247832687556,-5.822360930872216e-10,2.729743603634931e-09,0.1,0.0,1
8,596,world,5.96,0.586,1.246547691822052,0.9453984321523092,-0.3976813848004061,0.7032860595335411,0.7032860595471897,0.07340789096745834,-0.07340789096603371,-1.9405463501142836e-12,0.09809700343910335,0.019415919145601826,-0.2140247832687563,-9.905417387930621e-11,4.69329881468473e-10,0.1,0.0,1
8,597,world,5.97,0.587,1.2465476918220522,0.9463796445580737,-0.3974884555566509,0.7033642123832984,0.7033642123683483,0.07265524584519413,-0.07265524584673842,2.1253296729284126e-12,0.09814527524691032,0.0191704185324216,-0.2140247832687596,5.613687415188983e-10,-2.6882704102617628e-09,0.1,0.0,1
8,598,world,5.98,0.5880000000000001,1.2465476918220522,0.947361333644976,-0.3972979666386634,0.7034415597556342,0.7034415597306493,0.07190251752165858,-0.07190251752421241,3.5514872592388702e-12,0.09819234332909543,0.01892785543956445,-0.2140247832687568,-3.9770023216643216e-10,1.925068086211782e-09,0.1,0.0,1
8,599,world,5.99,0.5890000000000001,1.2465476918220526,0.9483434874848752,-0.397109888626269,0.7035181015473926,0.7035181015600976,0.07114970686029454,-0.0711497068590096,-1.8057717277754164e-12,0.09823822947394689,0.018688238810122142,-0.2140247832687542,-5.558488472042758e-10,2.7199635721555696e-09,0.1,0.0,1
8,600,world,6.0,0.59,1.2465476918220524,0.9493260943666252,-0.39692419201208823,0.7035938377129426,0.7035938377270183,0.07039681471891265,-0.07039681471750434,-2.0003520607807786e-12,0.0982829552927521,0.018451577139174127,-0.2140247832687556,2.474043693548601e-10,-1.223982007186378e-09,0.1,0.0,1
8,601,world,6.01,0.591,1.246547691822052,0.9503091427942661,-0.39674084720592373,0.7036687681575505,0.7036687681526844,0.06964384196054955,-0.06964384196103116,6.914583063850851e-13,0.0983265422120726,0.018217878488383465,-0.21402478326875826,5.04108945309252e-10,-2.5217652789157798e-09,0.1,0.0,1
8,602,world,6.0200000000000005,0.5920000000000001,1.2465476918220522,0.9512926214851392,-0.3965598245390125,0.7037428927844068,0.7037428927622899,0.06889078944859327,-0.06889078945075834,3.1424383253314877e-12,0.09836901146535008,0.017987150506120368,-0.21402478326875685,-6.705197076260967e-11,3.392053118989433e-10,0.1,0.0,1
8,603,world,6.03,0.5930000000000001,1.2465476918220524,0.9522765193679282,-0.3963810942681444,0.7038162114897881,0.7038162114897881,0.06813765804723444,-0.06813765804723444,0.0,0.09841038408602218,0.017759400441501254,-0.21402478326875352,-3.014306385366774e-10,1.5421863069712314e-09,0.1,0.0,1
8,604,world,6.04,0.594,1.2465476918220524,0.9532608255807412,-0.39620462658018807,0.7038887242204749,0.7038887242204748,0.06738444861592607,-0.06738444861592607,0.0,0.09845068090510238,0.017534635135117892,-0.2140247832687556,2.944174931138592e-11,-1.52365736443383e-10,0.1,0.0,1
8,605,world,6.05,0.595,1.2465476918220522,0.9542455294688627,-0.3960303915951144,0.7039604308834618,0.7039604308812769,0.06663116201819622,-0.06663116201840302,3.1034527704995746e-13,0.09848992253854148,0.017312861067775586,-0.21402478326875746,5.692818621681323e-10,-2.9802914678001574e-09,0.1,0.0,1
8,606,world,6.0600000000000005,0.5960000000000001,1.2465476918220522,0.9552306205824631,-0.3958583593688352,0.7040313314147174,0.7040313313719943,0.06587779911499379,-0.06587779911899151,6.067714262959371e-12,0.09852812938728714,0.01709408434055494,-0.21402478326875474,-9.318178348518183e-11,4.935562674038193e-10,0.1,0.0,1
8,607,world,6.07,0.5970000000000001,1.2465476918220524,0.9562160886747711,-0.39568849989889787,0.7041014256697975,0.7041014256746851,0.06512436077495623,-0.06512436077450416,-6.940728664465059e-13,0.09856532162773475,0.01687831070993798,-0.21402478326875768,-6.392065372001774e-10,3.4258626451397336e-09,0.1,0.0,1
8,608,world,6.08,0.598,1.2465476918220522,0.957201923699641,-0.395520783127008,0.704170713635582,0.7041707136419308,0.06437084785461374,-0.06437084785403335,-9.014998594804393e-13,0.09860151920803925,0.016665545591629093,-0.21402478326875768,-6.306279761175315e-11,3.4204288799113857e-10,0.1,0.0,1
8,609,world,6.09,0.599,1.2465476918220526,0.9581881158092479,-0.3953551789423609,0.7042391952086613,0.7042391952184487,0.0636172612191113,-0.06361726121822717,-1.3896361867499975e-12,0.09863674184357278,0.016455794070307866,-0.21402478326875612,-3.173297382767266e-11,1.742152891935776e-10,0.1,0.0,1
8,610,world,6.1000000000000005,0.6000000000000001,1.2465476918220522,0.959174655351725,-0.39519165718484506,0.704306870313792,0.7043068703226365,0.06286360173114307,-0.06286360173035364,-1.2556388660434291e-12,0.09867100901057359,0.01624906092164427,-0.21402478326875618,-6.52089991347277e-11,3.6237863314429476e-10,0.1,0.0,1
8,611,world,6.11,0.6010000000000001,1.2465476918220522,0.9601615328687594,-0.3950301876481198,0.7043737388677469,0.7043737388827231,0.0621098702542859,-0.062109870252965334,-2.1259411073314625e-12,0.09870433994228701,0.016045350621206333,-0.21402478326875288,1.0987677496367309e-10,-6.181956371546883e-10,0.1,0.0,1
8,612,world,6.12,0.602,1.2465476918220522,0.9611487390931431,-0.39487074008256706,0.7044398008080418,0.7044398008080418,0.061356067650447994,-0.061356067650447994,0.0,0.09873675362534792,0.01584466735300381,-0.21402478326875707,1.863198519054158e-10,-1.06146418416208e-09,0.1,0.0,1
8,613,world,6.13,0.603,1.2465476918220522,0.9621362649462806,-0.3947132841981197,0.7045050560410857,0.70450505604088,0.060602194784434855,-0.060602194784452564,2.921141395118456e-14,0.09876826879590152,0.01564701502078108,-0.2140247832687582,-1.9065874557600726e-10,1.1000143228781336e-09,0.1,0.0,1
8,614,world,6.140000000000001,0.6040000000000001,1.2465476918220522,0.9631241015356615,-0.394557789666968,0.7045695044914642,0.704569504507196,0.059848252519589855,-0.05984825251825354,-2.2326013486483368e-12,0.09879890393412012,0.015452397270860764,-0.2140247832687575,-3.559509573415922e-10,2.080112324483114e-09,0.1,0.0,1
8,615,world,6.15,0.6050000000000001,1.2465476918220522,0.9641122401522934,-0.39440422612614445,0.704633146094512,0.7046331461240466,0.05909424171850891,-0.05909424171603198,-4.1910750844515554e-12,0.09882867726262083,0.015260817491888658,-0.2140247832687542,-1.911521013092454e-10,1.1316147637311858e-09,0.1,0.0,1
8,616,world,6.16,0.606,1.2465476918220522,0.9651006722681004,-0.39425256317999013,0.7046959807819956,0.704695980813905,0.05834016324427771,-0.05834016324163599,-4.527694338984e-12,0.09885760674167436,0.015072278835944529,-0.21402478326875493,3.4464263331316947e-10,-2.0672228421674924e-09,0.1,0.0,1
8,617,world,6.17,0.607,1.2465476918220522,0.9660893895332926,-0.394102770402502,0.7047580084933873,0.7047580084933872,0.057586017959525025,-0.057586017959525025,0.0,0.09888571006785796,0.014886784218747066,-0.2140247832687576,2.330144801910593e-10,-1.4163387881331413e-09,0.1,0.0,1
8,618,world,6.18,0.608,1.2465476918220522,0.9670783837737007,-0.39395481733956567,0.7048192291187173,0.7048192291303987,0.056831806731066886,-0.05683180673012497,-1.6572272821917476e-12,0.098913004668348,0.014704336349504785,-0.2140247832687575,-6.208233115459357e-11,3.8246366719571953e-10,0.1,0.0,1
8,619,world,6.19,0.6090000000000001,1.2465476918220524,0.9680676469880869,-0.3938086735110722,0.7048796426186238,0.7048796426240861,0.05607753042008313,-0.05607753041964857,-7.748640631572896e-13,0.09893950770147857,0.01452493772066049,-0.21402478326875612,-3.356130437823977e-10,2.095934922859502e-09,0.1,0.0,1
8,620,world,6.2,0.6100000000000001,1.2465476918220522,0.9690571713454239,-0.39366430841292327,0.7049392488937896,0.7049392489353995,0.05532318989273862,-0.055323189889473094,-5.9021606649198005e-12,0.09896523605076941,0.014348590642132415,-0.21402478326875418,9.372024206321795e-11,-5.934252415219002e-10,0.1,0.0,1
8,621,world,6.21,0.611,1.2465476918220522,0.9700469491821592,-0.3935216915189241,0.7049980479375217,0.704998047934514,0.05456878600804398,-0.0545687860082768,4.2660510135922727e-13,0.0989902063269895,0.0141752972222825,-0.21402478326875768,4.735541965660233e-10,-3.04069601649632e-09,0.1,0.0,1
8,622,world,6.22,0.612,1.246547691822052,0.9710369729994441,-0.39338079228256756,0.7050560396191787,0.7050560396174015,0.0538143196348784,-0.05381431963501406,2.520576241768211e-13,0.09901443486085931,0.014005059413820782,-0.21402478326875612,2.431369463459945e-10,-1.5834718031205292e-09,0.1,0.0,1
8,623,world,6.23,0.6130000000000001,1.2465476918220517,0.9720272354603543,-0.39324158013871124,0.7051132239078016,0.7051132238822012,0.053059791634488776,-0.05305979163641521,3.6304489058409407e-12,0.09903793770462313,0.013837878999875215,-0.21402478326875196,-5.434747082584237e-10,3.5906632792646412e-09,0.1,0.0,1
8,624,world,6.24,0.6140000000000001,1.246547691822052,0.9730177293871379,-0.39310402450556664,0.7051696006759465,0.7051696007253863,0.0523052028755705,-0.05230520287190336,-7.010632335739983e-12,0.09906073062910915,0.013673757611829887,-0.214024783268757,-2.6782971304399415e-10,1.7954814548030897e-09,0.1,0.0,1
8,625,world,6.25,0.615,1.2465476918220522,0.9740084477582631,-0.39296809478522365,0.705225169970724,0.7052251699707242,0.05155055421392971,-0.05155055421392971,0.0,0.09908282912206202,0.013512696739298839,-0.21402478326875768,5.408518043603687e-10,-3.6797309026775034e-09,0.1,0.0,1
8,626,world,6.26,0.616,1.2465476918220522,0.9749993837056193,-0.3928337603652808,0.7052799316430463,0.7052799316400313,0.050795846520118974,-0.05079584652033612,4.274689848562977e-13,0.0991042483870942,0.013354697736345024,-0.21402478326875687,-2.1251905361998089e-10,1.4677124896226737e-09,0.1,0.0,1
8,627,world,6.2700000000000005,0.6170000000000001,1.2465476918220522,0.9759905305117463,-0.392700990620724,0.7053338856399387,0.7053338856608593,0.05004108065763738,-0.05004108065615314,-2.965923182740057e-12,0.09912500333990379,0.013199761848763165,-0.21402478326875607,-2.2887542681743332e-10,1.604891100752136e-09,0.1,0.0,1
8,628,world,6.28,0.6180000000000001,1.2465476918220522,0.9769818816069159,-0.39256975491473584,0.7053870319255912,0.7053870319454463,0.04928625748895825,-0.04928625748757095,-2.8146870745817204e-12,0.09914510861112144,0.013047890193013369,-0.2140247832687563,1.4267209425907805e-10,-1.0159818683031416e-09,0.1,0.0,1
8,629,world,6.29,0.619,1.2465476918220524,0.9779734305662534,-0.3924400225997642,0.7054393704328122,0.705439370439261,0.04853137787895448,-0.04853137787851083,-9.14126355377569e-13,0.09916457854071312,0.012899083798578154,-0.2140247832687563,1.9273347643723612e-10,-1.394131665233536e-09,0.1,0.0,1
8,630,world,6.3,0.62,1.2465476918220522,0.978965171106842,-0.3923117630184981,0.7054909010920164,0.7054909010920165,0.04777644269276107,-0.04777644269276107,0.0,0.09918342718001856,0.01275334359397401,-0.21402478326875404,-9.024524134316505e-11,6.632569786726301e-10,0.1,0.0,1
8,631,world,6.3100000000000005,0.6210000000000001,1.246547691822052,0.9799570970848266,-0.3921849455047489,0.7055416238364997,0.7055416238523946,0.047021452795404914,-0.04702145279434558,-2.2528215057718423e-12,0.09920166828965854,0.012610670424230223,-0.21402478326875685,2.357123242005362e-10,-1.760537895682867e-09,0.1,0.0,1
8,632,world,6.32,0.6220000000000001,1.2465476918220522,0.9809492024924961,-0.39205953938424276,0.7055915386477757,0.7055915386227097,0.046266409048841606,-0.046266409050485215,3.5524267077230725e-12,0.09921931533827463,0.012471065062937547,-0.20237620070991114,-1.509418621249147e-11,1.1449373576394873e-10,0.1,0.0,1
8,633,world,6.33,0.623,1.246547691822052,0.9819414814577628,-0.39193551399457566,0.7056353391883012,0.7056353392058281,0.04559350914653439,-0.045593509145401924,-2.4838127852683395e-12,0.09923638468964235,0.012334502573242161,-0.15105818259144466,-4.6418372923990985e-10,3.5659244771763728e-09,0.1,0.0,1
8,634,world,6.34,0.624,1.2465476918220517,0.9829339286068982,-0.3918128416512542,0.7056606227629801,0.7056606227886629,0.045200502914393835,-0.04520050291274874,-3.639491608517255e-12,0.09925297171327814,0.012200311720739295,-0.11138874703182776,1.5845106284072656e-10,-1.2317747461533368e-09,0.1,0.0,1
8,635,world,6.3500000000000005,0.6250000000000001,1.2465476918220517,0.9839265394368423,-0.3916915008392884,0.7056856874683093,0.7056856874683093,0.04480748266059691,-0.04480748266059691,0.0,0.09926912218072768,0.012068197109252103,-0.11138874703182773,5.568394120439261e-10,-4.3672253237420475e-09,0.1,0.0,1
8,636,world,6.36,0.6260000000000001,1.2465476918220522,0.9849193096230523,-0.39157147078306503,0.7057105332849806,0.7057105332485262,0.04441444850780744,-0.04441444851010172,5.165542752608909e-12,0.09928484435161397,0.011938160749285897,-0.11138874703182902,1.8710384336328326e-10,-1.480580938225175e-09,0.1,0.0,1
8,637,world,6.37,0.627,1.246547691822052,0.9859122349233276,-0.3914527306900873,0.705735160173979,0.7057351601529148,0.04402140057990118,-0.04402140058121509,2.9846668453610898e-12,0.09930014636598487,0.011810204557668846,-0.11138874703182831,-5.120682715389323e-10,4.0886796767701395e-09,0.1,0.0,1
8,638,world,6.38,0.628,1.246547691822052,0.9869053111765038,-0.3913352597511685,0.7057595681398978,0.7057595681616042,0.04362833899799649,-0.04362833899665466,-3.0755302281269023e-12,0.09931503624431433,0.011684330352678782,-0.11138874703182707,-1.838057864087275e-10,1.4809980092029687e-09,0.1,0.0,1
8,639,world,6.390000000000001,0.6290000000000001,1.246547691822052,0.9878985343008577,-0.39121903713806,0.7057837572210944,0.7057837572210944,0.04323526388117921,-0.04323526388117921,0.0,0.09932952188684652,0.011560539854629697,-0.11138874703182983,2.7868338404483775e-11,-2.2660183540773064e-10,0.1,0.0,1
8,640,world,6.4,0.6300000000000001,1.2465476918220517,0.9888919002927942,-0.3911040420035012,0.7058077273577319,0.7058077273762169,0.04284217535460665,-0.042842175353484634,-2.6189051524827267e-12,0.09934361107236077,0.011438834691677315,-0.11138874703182795,-4.212540910132173e-10,3.457215871436847e-09,0.1,0.0,1
8,641,world,6.41,0.631,1.246547691822052,0.9898854052261845,-0.39099025348683153,0.705831478556373,0.7058314786055381,0.042449073539334026,-0.0424490735363772,-6.9654163351834794e-12,0.0993573114565149,0.011319216409853415,-0.11138874703182483,1.5693803671211706e-10,-1.3000437184657719e-09,0.1,0.0,1
8,642,world,6.42,0.632,1.2465476918220517,0.9908790452510721,-0.3908776507144313,0.7058550108556703,0.7058550108556704,0.04205595855454377,-0.04205595855454377,0.0,0.0993706305719783,0.011201686468001838,-0.11138874703182836,1.3586322378908245e-10,-1.1360933642284801e-09,0.1,0.0,1
8,643,world,6.43,0.633,1.246547691822052,0.9918728165915645,-0.3907662127928683,0.7058783241673121,0.7058783242003274,0.041662830527023395,-0.04166283052507475,-4.677072581589985e-12,0.09938357582693853,0.011086246247091959,-0.11138874703182877,-1.959970785742445e-10,1.6545649784902316e-09,0.1,0.0,1
8,644,world,6.44,0.6340000000000001,1.246547691822052,0.9928667155455899,-0.39065591881841644,0.7059014185464109,0.7059014185699335,0.04126968957500203,-0.041269689573626804,-3.3322180420760716e-12,0.09939615450538566,0.010972897044149423,-0.1113887470318294,2.143102111524359e-10,-1.8265818636110499e-09,0.1,0.0,1
8,645,world,6.45,0.635,1.246547691822052,0.9938607384836107,-0.3905467478777335,0.705924293968038,0.7059242939750899,0.040876535821491033,-0.04087653582108269,-9.989470861157068e-13,0.0994083737645198,0.0108616400922482,-0.11138874703182691,1.9231183125982543e-10,-1.655011344617132e-09,0.1,0.0,1
8,646,world,6.46,0.636,1.2465476918220517,0.9948548818464,-0.3904386790397638,0.7059469504168996,0.7059469504168996,0.04048336938891722,-0.04048336938891722,0.0,0.09942024063627637,0.010752476543796748,-0.111388747031827,-1.2771973621945808e-10,1.1099196341700195e-09,0.1,0.0,1
8,647,world,6.47,0.637,1.2465476918220522,0.9958491421446821,-0.39033169136467805,0.7059693878757377,0.7059693878985649,0.040090190399808504,-0.0400901903985122,-3.2333897517188988e-12,0.09943176202547316,0.010645407484435543,-0.1113887470318291,9.048597077617932e-11,-7.941321336044443e-10,0.1,0.0,1
8,648,world,6.48,0.6380000000000001,1.2465476918220515,0.9968435159578706,-0.3902257639047194,0.7059916063810021,0.7059916063697165,0.03969699897365768,-0.039696998974292255,1.5985157923619317e-12,0.09944294470845376,0.010540433943221161,-0.1113887470318294,3.642489841362892e-10,-3.2287407511279125e-09,0.1,0.0,1
8,649,world,6.49,0.639,1.246547691822052,0.9978379999321058,-0.3901208756984793,0.7060136058861574,0.706013605863106,0.03930379523468216,-0.03930379523596543,3.264928980976475e-12,0.09945379533463514,0.01043755687584542,-0.11138874703182727,-6.06306796914349e-11,5.428728685581795e-10,0.1,0.0,1
8,650,world,6.5,0.64,1.246547691822052,0.9988325907794353,-0.3900170057757592,0.706035386379931,0.7060353863763581,0.03891057930507468,-0.0389105793052716,5.060614592216749e-13,0.09946432042401114,0.010336777185837148,-0.11138874703182698,1.4307481771470502e-10,-1.2941060406721388e-09,0.1,0.0,1
8,651,world,6.51,0.641,1.2465476918220517,0.9998272852767326,-0.3899141331602272,0.7060569478998611,0.7060569478584227,0.03851735130436293,-0.03851735130662351,5.868875359099947e-12,0.099474526367526,0.010238095719242724,-0.1113887470318291,-3.050338390939575e-11,2.7873826637015813e-10,0.1,0.0,1
8,652,world,6.5200000000000005,0.6420000000000001,1.2465476918220517,1.0008220802639165,-0.389812236865292,0.7060782903707422,0.7060782903711288,0.03812411135826838,-0.03812411135824751,-5.4754777870933544e-14,0.09948441942602665,0.010141513272998982,-0.11138874703182731,-1.6089112538662693e-10,1.4855540228303676e-09,0.1,0.0,1
8,653,world,6.53,0.643,1.2465476918220517,1.0018169726427706,-0.389711295895715,0.7060994138570751,0.7060994138367358,0.037730859584901695,-0.03773085958598854,2.880465832462029e-12,0.0994940057317835,0.010047030578426326,-0.11138874703182727,-1.381402222945198e-10,1.2888974022542303e-09,0.1,0.0,1
8,654,world,6.54,0.644,1.2465476918220515,1.0028119593759952,-0.3896112892516,0.7061203182911528,0.706120318309846,0.037337596109530115,-0.03733759610854168,-2.6472562419188073e-12,0.09950329128411016,0.009954648342836195,-0.11138874703182976,-2.354738419357986e-10,2.2203874410718046e-09,0.1,0.0,1
8,655,world,6.55,0.645,1.246547691822052,1.0038070374855714,-0.38951219592566216,0.7061410037196363,0.7061410037308298,0.03694432105130809,-0.03694432105072246,-1.5851449347310065e-12,0.09951228195348899,0.009864367207748873,-0.11138874703182877,3.236776100350312e-10,-3.084861455234694e-09,0.1,0.0,1
8,656,world,6.5600000000000005,0.6460000000000001,1.246547691822052,1.0048022040513034,-0.38941399490214545,0.7061614701272466,0.7061614701021335,0.03655103453272184,-0.03655103453402171,3.5562447351302997e-12,0.09952098347854284,0.00977618777763632,-0.11138874703182765,6.680456181913541e-11,-6.43602383578248e-10,0.1,0.0,1
8,657,world,6.57,0.647,1.246547691822052,1.0057974562099625,-0.38931666516183805,0.7061817174614945,0.7061817174635499,0.03615773667815023,-0.036157736678045,-2.9102249006546657e-13,0.09952940146527432,0.009690110627038956,-0.111388747031829,-2.1793613091174187e-10,2.122623067818431e-09,0.1,0.0,1
8,658,world,6.58,0.648,1.2465476918220517,1.0067927911537768,-0.38922018568057065,0.7062017457599371,0.7062017457649602,0.03576442760731544,-0.03576442760706106,-7.11265297625416e-13,0.0995375413890381,0.009606136279770755,-0.11138874703182938,-3.5909130323095355e-11,3.536254486363832e-10,0.1,0.0,1
8,659,world,6.59,0.649,1.2465476918220515,1.0077882061287484,-0.3891245354258548,0.7062215550047194,0.7062215550117953,0.03537110744282005,-0.03537110744246566,-1.0019148477449611e-12,0.09954540859240557,0.009524265229981076,-0.11138874703182738,-3.067720323763286e-10,3.054830111364768e-09,0.1,0.0,1
8,660,world,6.6000000000000005,0.6500000000000001,1.2465476918220517,1.0087836984338685,-0.3890296933627128,0.7062411451696089,0.7062411452179982,0.03497777630766219,-0.03497777630526563,-6.851593415932365e-12,0.09955300828536509,0.009444497939754805,-0.111388747031827,1.627743415815793e-10,-1.6392737782002896e-09,0.1,0.0,1
8,661,world,6.61,0.651,1.2465476918220517,1.0097792654197066,-0.38893563845323254,0.7062605163211068,0.7062605163049142,0.034584434320260996,-0.034584434321053924,2.2926924661635593e-12,0.0995603455449825,0.009366834842340568,-0.11138874703182933,3.347128822371401e-10,-3.4094417938696337e-09,0.1,0.0,1
8,662,world,6.62,0.652,1.2465476918220517,1.0107749044865588,-0.388842349651305,0.7062796683598698,0.7062796683598698,0.034191081607232686,-0.034191081607232686,0.0,0.09956742531553608,0.00929127634047898,-0.11138874703182766,-1.0961477050144174e-10,1.1294904848964548e-09,0.1,0.0,1
8,663,world,6.63,0.653,1.2465476918220515,1.011770613083706,-0.38874980590914104,0.7062986013285222,0.7062986013283589,0.03379771828819837,-0.03379771828820619,2.313596000608001e-14,0.09957425240868205,0.009217822804332783,-0.11138874703182565,-6.341317672228978e-11,6.610816127250029e-10,0.1,0.0,1
8,664,world,6.640000000000001,0.6540000000000001,1.2465476918220517,1.0127663887080758,-0.3886579861774458,0.7063173152081593,0.7063173152175408,0.03340434448580394,-0.033404344485360254,-1.3282240246993223e-12,0.09958083150068775,0.009146474601267844,-0.10958814678185287,1.1561379169991271e-10,-1.2193331035684623e-09,0.1,0.0,1
8,665,world,6.65,0.655,1.246547691822052,1.013762228902313,-0.3885668693993474,0.7063352155060897,0.706335215488624,0.03302367859999177,-0.03302367860080835,2.47269811912572e-12,0.09958716724374606,0.009077230875446164,-0.0802116252211827,3.7208989882420936e-10,-3.958818506889195e-09,0.1,0.0,1
8,666,world,6.66,0.656,1.246547691822052,1.0147581313666594,-0.38847643575935814,0.7063438821820717,0.7063438821352812,0.03283778520147756,-0.03283778520365283,6.624283895531087e-12,0.0995932955073015,0.009009744169249174,-0.052635892177819776,2.3171049483254928e-11,-2.4866336267690657e-10,0.1,0.0,1
8,667,world,6.67,0.657,1.2465476918220517,1.0157540942150163,-0.3883866695736664,0.7063524999685172,0.706352499947523,0.03265188819997279,-0.03265188820094327,2.9721817377370347e-12,0.0995992445481746,0.008943740013714169,-0.05263625413122645,-3.2219957357791156e-10,3.4775989034103665e-09,0.1,0.0,1
8,668,world,6.68,0.658,1.2465476918220517,1.016750115670056,-0.3882975560161628,0.7063610688877332,0.7063610688902808,0.032465987709960696,-0.0324659877098436,-3.606656746212044e-13,0.09960501731242126,0.008879218782768088,-0.05263658692154463,-1.0623967474505969e-10,1.15328455240523e-09,0.1,0.0,1
8,669,world,6.69,0.659,1.2465476918220517,1.0177461939833126,-0.38820908025405476,0.7063695889476844,0.7063695889430516,0.032280083846625056,-0.03228008384683677,6.558424780735616e-13,0.09961061668136473,0.008816180826084711,-0.052636890547669304,4.148813428984749e-10,-4.529854153379937e-09,0.1,0.0,1
8,670,world,6.7,0.66,1.2465476918220517,1.0187423274350713,-0.3881212274540554,0.7063780601518033,0.7063780600900873,0.03209417672538496,-0.03209417672818901,8.736902484467536e-12,0.09961604547124603,0.008754626472365731,-0.05263716500859536,-2.973801897721301e-11,3.2657753878500106e-10,0.1,0.0,1
8,671,world,6.71,0.661,1.2465476918220517,1.019738514333343,-0.3880339827785079,0.7063864824096932,0.7063864824096932,0.031908266465921986,-0.031908266465921986,0.0,0.09962130643185463,0.008694556044475305,-0.0526374103034062,-3.799790518951673e-10,4.19741279361443e-09,0.1,0.0,1
8,672,world,6.72,0.662,1.2465476918220517,1.0207347530132267,-0.38794733138565957,0.7063948558067644,0.7063948558045902,0.03172235317994723,-0.03172235318004487,3.077884244210616e-13,0.09962640224928836,0.00863596982758706,-0.05263762643128718,7.044920528083924e-11,-7.827969970810472e-10,0.1,0.0,1
8,673,world,6.73,0.663,1.2465476918220517,1.0217310418365786,-0.3878612584335325,0.7064031803086271,0.706403180297523,0.03153643698462953,-0.03153643698512526,1.5719105947589209e-12,0.099631335542463,0.008578868108622986,-0.05263781339152046,-2.642219898320453e-10,2.9533413104296454e-09,0.1,0.0,1
8,674,world,6.74,0.664,1.2465476918220517,1.0227273791908893,-0.38777574907476026,0.7064114558763169,0.7064114559160347,0.031350517997323274,-0.03135051799556061,-5.622435476786636e-12,0.09963610886559249,0.008523251147526084,-0.05263797118348501,-2.2563583988469582e-10,2.5370808406200683e-09,0.1,0.0,1
8,675,world,6.75,0.665,1.2465476918220517,1.0237237634889218,-0.3876907884601458,0.7064196825669394,0.7064196825918214,0.03116459633112171,-0.031164596330024004,-3.522253213629505e-12,0.09964072470717389,0.008469119188510036,-0.05263809980665421,3.655138860508528e-10,-4.134555671033952e-09,0.1,0.0,1
8,676,world,6.76,0.666,1.246547691822052,1.024720193168179,-0.3876063617402577,0.7064278603566635,0.7064278603377391,0.030978672102745252,-0.03097867210357514,2.678885950143721e-12,0.09964518548915159,0.008416472469661783,-0.05263819926059987,-2.3289080074104796e-10,2.650280258799527e-09,0.1,0.0,1
8,677,world,6.7700000000000005,0.667,1.2465476918220517,1.0257166666897486,-0.3875224540597741,0.7064359891630272,0.7064359892254991,0.030792745431461974,-0.03079274542873889,-8.843211589668441e-12,0.09964949356838385,0.008365311205485818,-0.05263826954499452,-2.546837858314736e-10,2.9158866881341335e-09,0.1,0.0,1
8,678,world,6.78,0.668,1.246547691822052,1.0267131825381566,-0.38743905056365857,0.7064440691040871,0.7064440691265172,0.03060681642778196,-0.030606816426810176,-3.175054111964562e-12,0.09965365123518678,0.0083156356038343,-0.05263831065960119,4.633637437897142e-10,-5.337468528505444e-09,0.1,0.0,1
8,679,world,6.79,0.669,1.246547691822052,1.0277097392205137,-0.38735613639500643,0.7064521001117783,0.7064521000985546,0.030420885210370518,-0.03042088521093995,1.871830206960612e-12,0.09965766071376225,0.008267445860763268,-0.05263832260428524,-9.629034126180682e-11,1.1159724484930192e-09,0.1,0.0,1
8,680,world,6.8,0.67,1.2465476918220517,1.0287063352656844,-0.3872736966931244,0.7064600821396875,0.7064600821779445,0.030234951896909893,-0.030234951895272574,-5.415294149409951e-12,0.09966152416252315,0.008220742156448963,-0.052638305379008155,-1.0622718473577619e-10,1.2387617003820707e-09,0.1,0.0,1
8,681,world,6.8100000000000005,0.671,1.2465476918220522,1.0297029692239674,-0.38719171659771257,0.706468015269151,0.7064680152734942,0.030049016599614526,-0.030049016599429795,-6.147568280477571e-13,0.0996652436736284,0.008175524660611944,-0.05263825898382412,5.65998662985497e-11,-6.641356825248798e-10,0.1,0.0,1
8,682,world,6.82,0.672,1.2465476918220517,1.0306996396661485,-0.3871101812456297,0.7064758994234498,0.7064758994522898,0.02986307943748003,-0.029863079436260948,-4.082214360014005e-12,0.0996688212725745,0.008131793537443116,-0.052638183418888145,-1.0626673643283223e-10,1.25473170638542e-09,0.1,0.0,1
8,683,world,6.83,0.673,1.2465476918220517,1.0316963451829062,-0.38702907577174783,0.7064837346426855,0.7064837346648213,0.029677140524527554,-0.0296771405235977,-3.1332148772706683e-12,0.099672258919083,0.008089548934723184,-0.052638078684453894,3.204495844555641e-10,-3.807534552592961e-09,0.1,0.0,1
8,684,world,6.84,0.674,1.246547691822052,1.0326930843843385,-0.38694838531138,0.7064915209269554,0.7064915209018061,0.02949119997650363,-0.029491199977553444,3.5597425952969562e-12,0.09967555850605385,0.008048790996555848,-0.05263794478086481,3.060433992116254e-11,-3.65949366715464e-10,0.1,0.0,1
8,685,world,6.8500000000000005,0.675,1.246547691822052,1.0336898558989562,-0.38686809499620683,0.7064992582067977,0.706499258223745,0.02930525791205279,-0.029305257911349813,-2.398784866698746e-12,0.09967872186000318,0.008009519858026748,-0.052637781708571946,-1.534304004755824e-10,1.8462829557709052e-09,0.1,0.0,1
8,686,world,6.86,0.676,1.2465476918220517,1.0346866583732852,-0.38678818995757513,0.7065069465515424,0.7065069465525707,0.02911931444403787,-0.029119314443995483,-1.4554971731429242e-13,0.09968175074150451,0.00797173563965627,-0.05263758946811514,-1.07522329342615e-10,1.302168947173738e-09,0.1,0.0,1
8,687,world,6.87,0.677,1.246547691822052,1.0356834904712018,-0.3867086553266733,0.7065145859027745,0.7065145859381848,0.028933369690637825,-0.02893336968918769,-5.011970199880011e-12,0.09968464684354739,0.007935438467863036,-0.05263736806013069,1.5148646925852417e-10,-1.8464428213872802e-09,0.1,0.0,1
8,688,world,6.88,0.678,1.246547691822052,1.036680350873013,-0.386629476231347,0.7065221763289713,0.7065221763038209,0.028747423764817835,-0.02874742376584117,3.559740562457369e-12,0.09968741179380221,0.007900628446706331,-0.052637117485357245,1.6249988217131397e-10,-1.9935583077006654e-09,0.1,0.0,1
8,689,world,6.890000000000001,0.679,1.2465476918220517,1.0376772382750978,-0.38655063780002846,0.7065297177321992,0.7065297177393467,0.02856147678635279,-0.028561476786063855,-1.011632021017256e-12,0.09969004715215958,0.007867305688747517,-0.052636837744628844,-2.847312794904346e-10,3.5159647651536947e-09,0.1,0.0,1
8,690,world,6.9,0.68,1.2465476918220522,1.038674151389082,-0.3864721251598627,0.706537210162342,0.706537210187037,0.028375528868987563,-0.02837552886799578,-3.495202902012216e-12,0.09969255441262513,0.007835470291295908,-0.052636528838873244,2.28504725701171e-11,-2.840311667470906e-10,0.1,0.0,1
8,691,world,6.91,0.681,1.2465476918220522,1.0396710889411256,-0.3863939234360902,0.7065446536277767,0.7065446536308978,0.028189580128184937,-0.02818958012806041,-4.4174655162719683e-13,0.09969493500273963,0.007805122343661413,-0.05263619076911983,2.1224030458394397e-10,-2.655560594664561e-09,0.1,0.0,1
8,692,world,6.92,0.682,1.2465476918220522,1.0406680496714367,-0.386316017754441,0.7065520481024944,0.7065520480895443,0.028003630680787966,-0.02800363068130124,1.8328714430854935e-12,0.099697190282391,0.007776261942393695,-0.05096417555623537,1.7484625615959463e-11,-2.2018294174820362e-10,0.1,0.0,1
8,693,world,6.93,0.683,1.246547691822052,1.0416650323336323,-0.38623839324157644,0.7065589284587339,0.7065589284587338,0.027829491825145315,-0.027829491825145315,0.0,0.09969932211199638,0.007748881881174348,-0.037002663359494724,1.3145630717526329e-10,-1.6635624030811323e-09,0.1,0.0,1
8,694,world,6.94,0.684,1.2465476918220522,1.0426620358774996,-0.3861610373909745,0.7065623618327881,0.7065623617962563,0.027742185693352482,-0.027742185694786856,5.170356696086901e-12,0.09970137938775175,0.007722366747286143,-0.024713008207310885,0.0,9.974660088397494e-16,0.1,0.0,1
8,695,world,6.95,0.685,1.246547691822052,1.0436590597765263,-0.3860839443362698,0.7065657843873281,0.706565784387328,0.02765487901112404,-0.02765487901112404,0.0,0.09970339320608174,0.007696322705906731,-0.02471304301285824,-1.7478622893751838e-10,2.2294250114971015e-09,0.1,0.0,1
8,696,world,6.96,0.686,1.246547691822052,1.0446561035979904,-0.386007109366391,0.7065691961791007,0.7065691961741701,0.027567571788207478,-0.027567571788399855,6.978248493411627e-13,0.09970536393625778,0.007670749789843861,-0.02471307479985238,1.3838617892589265e-10,-1.7707504046225914e-09,0.1,0.0,1
8,697,world,6.97,0.687,1.246547691822052,1.0456531669128282,-0.3859305277698835,0.706572597194484,0.7065725971693843,0.02748026403711594,-0.02748026403809212,3.552298006517589e-12,0.09970729194036201,0.007645648037898613,-0.024713103568271128,9.408134089847133e-11,-1.2076817099942977e-09,0.1,0.0,1
8,698,world,6.98,0.6880000000000001,1.246547691822052,1.0466502492955612,-0.385854194834924,0.7065759874137431,0.7065759873916944,0.027392955770593565,-0.02739295577144836,3.120499359679033e-12,0.09970917757397822,0.007621017485931924,-0.02471312931808807,-1.2590519033389725e-10,1.6213733537437804e-09,0.1,0.0,1
8,699,world,6.99,0.6890000000000001,1.246547691822052,1.0476473503242327,-0.38577810584933236,0.7065793668395491,0.7065793668374307,0.027305647000509643,-0.027305647000591512,2.998170742763561e-13,0.0997110211860286,0.007596858168964034,-0.024713152049291455,-2.509856931189254e-10,3.242493090912853e-09,0.1,0.0,1
8,700,world,7.0,0.6900000000000001,1.2465476918220522,1.0486444695803467,-0.3857022561005847,0.7065827354767986,0.7065827355007085,0.027218337738649765,-0.02721833773772873,-3.3838812099429826e-12,0.0997128231186054,0.007573170123383971,-0.02471317176185975,-1.0087764060183816e-11,1.3074910211326488e-10,0.1,0.0,1
8,701,world,7.01,0.6910000000000001,1.246547691822052,1.0496416066487917,-0.3856266408758251,0.7065860933531535,0.7065860933528882,0.027131027995928557,-0.027131027995938747,3.7550324845817344e-14,0.09971458370778015,0.0075499533762870205,-0.02471318845577838,2.6237831619102885e-10,-3.4115891557408224e-09,0.1,0.0,1
8,702,world,7.0200000000000005,0.6920000000000001,1.246547691822052,1.0506387611177863,-0.3855512554619359,0.7065894404430305,0.7065894404185864,0.027043717785312924,-0.027043717786248485,3.4594433210719236e-12,0.09971630328232,0.0075272079623442435,-0.02471320213103868,1.1728985957511784e-10,-1.5300195294364628e-09,0.1,0.0,1
8,703,world,7.03,0.6930000000000001,1.246547691822052,1.0516359325787998,-0.38547609514539577,0.706592776732614,0.7065927767106633,0.02695640711930887,-0.026956407120146283,3.1065512294885213e-12,0.09971798216439902,0.007504933914472618,-0.024713212787626768,-2.5367798398105893e-10,3.3199276673798557e-09,0.1,0.0,1
8,704,world,7.04,0.6940000000000001,1.246547691822052,1.0526331206264907,-0.3854011552124006,0.7065961022137343,0.7065961022363436,0.026869096010201578,-0.02686909600934183,-3.1997583453196367e-12,0.09971962067005305,0.007483131257750958,-0.024713220425535365,-9.965986470931065e-11,1.3085322780677334e-09,0.1,0.0,1
8,705,world,7.05,0.6950000000000001,1.2465476918220522,1.0536303248586458,-0.3853264309488831,0.7065994169422449,0.7065994169388398,0.0267817844678462,-0.02678178446797527,4.819325987504826e-13,0.09972121910812665,0.007461800023385612,-0.024713225044762387,1.2110451653762268e-10,-1.5952962095620206e-09,0.1,0.0,1
8,706,world,7.0600000000000005,0.6960000000000001,1.2465476918220522,1.054627544876109,-0.38525191764050104,0.7066027208676874,0.7066027208676873,0.026694472506142538,-0.026694472506142538,0.0,0.09972277778118155,0.007440940236628892,-0.024713226645302615,3.000991846707253e-10,-3.966147416171791e-09,0.1,0.0,1
8,707,world,7.07,0.6970000000000001,1.246547691822052,1.0556247802827126,-0.38517761057264666,0.7066060140358255,0.7066060139762099,0.026607160135342797,-0.026607160137587613,8.436875392233635e-12,0.0997242969852007,0.007420551920678906,-0.024713225227152955,3.26686597768266e-11,-4.3317831317053657e-10,0.1,0.0,1
8,708,world,7.08,0.6980000000000001,1.2465476918220524,1.0566220306852163,-0.3851035050304574,0.7066092963581525,0.7066092963520133,0.026519847370761844,-0.02651984737099225,8.688116163064797e-13,0.09972577700897885,0.00740063510486948,-0.024713220790316154,-2.788169029614165e-10,3.709240070934962e-09,0.1,0.0,1
8,709,world,7.09,0.6990000000000001,1.2465476918220522,1.0576192956932364,-0.38502959629882433,0.7066125679179618,0.7066125679109135,0.02643253422124472,-0.02643253422150838,9.974900692165913e-13,0.09972721813491986,0.007381189813987648,-0.02471321333479604,-3.2454247953013025e-11,4.332006260514691e-10,0.1,0.0,1
8,710,world,7.1000000000000005,0.7000000000000001,1.246547691822052,1.0586165749191794,-0.3849558796624032,0.7066158286836421,0.7066158286836421,0.0263452206999624,-0.0263452206999624,0.0,0.0997286206390801,0.007362216067628619,-0.02471320286059574,-8.385063562241942e-11,1.1229244319800505e-09,0.1,0.0,1
8,711,world,7.11,0.7010000000000001,1.246547691822052,1.0596138679781784,-0.3848823504056222,0.7066190786578292,0.7066190786666947,0.026257906818798186,-0.026257906818468745,-1.2546453506339631e-12,0.09972998479045234,0.0073437138898616435,-0.024713189367723577,-5.1327692619058175e-11,6.896843518111192e-10,0.1,0.0,1
8,712,world,7.12,0.7020000000000001,1.246547691822052,1.0606111744880244,-0.38480900381269156,0.7066223178449814,0.7066223178547553,0.026170592589569757,-0.02617059258920777,-1.383184706538198e-12,0.09973131085154203,0.007325683301446593,-0.024713172856192043,4.6403506510026354e-11,-6.256018228125363e-10,0.1,0.0,1
8,713,world,7.13,0.7030000000000001,1.2465476918220522,1.0616084940690995,-0.3847358351676123,0.7066255462460376,0.7066255462460375,0.026083278024227476,-0.026083278024227476,0.0,0.09973259907828741,0.007308124320890091,-0.024713153326012583,5.098629903550937e-11,-6.89701568941773e-10,0.1,0.0,1
8,714,world,7.140000000000001,0.7040000000000001,1.246547691822052,1.0626058263443074,-0.38466283975418375,0.7066287638503516,0.7066287638503517,0.02599596313514893,-0.02599596313514893,0.0,0.0997338497193552,0.00729103697405748,-0.024713130777195957,0.0,1.0603497354841015e-14,0.1,0.0,1
8,715,world,7.15,0.7050000000000001,1.2465476918220522,1.0636031709390137,-0.38459001285601285,0.706631970662398,0.706631970662398,0.025908647934152627,-0.025908647934152627,0.0,0.09973506301769057,0.007274421273014977,-0.024713105209761933,6.948469648222805e-11,-9.462945063873326e-10,0.1,0.0,1
8,716,world,7.16,0.7060000000000001,1.2465476918220522,1.0646005274809718,-0.38451734975652085,0.7066351666884744,0.7066351666750648,0.025821332432993144,-0.025821332433483148,1.8976792941390142e-12,0.09973623920878594,0.007258277239664577,-0.024713076623728215,1.2963241723231478e-10,-1.771415616872294e-09,0.1,0.0,1
8,717,world,7.17,0.7070000000000001,1.2465476918220522,1.0655978956002627,-0.3844448457389515,0.7066383519206154,0.7066383518955134,0.025734016643948143,-0.025734016644862297,3.5523109554601134e-12,0.0997373785218525,0.007242604889728274,-0.024713045019115254,3.695863097658166e-11,-5.067519263995706e-10,0.1,0.0,1
8,718,world,7.18,0.708,1.2465476918220522,1.0665952749292227,-0.3843724960863783,0.7066415263511817,0.7066415263305911,0.02564670057928004,-0.025646700580027354,2.913879097044745e-12,0.0997384811791121,0.007227404242458,-0.02471301039594842,-2.115585506108759e-10,2.910681057425931e-09,0.1,0.0,1
8,719,world,7.19,0.7090000000000001,1.2465476918220522,1.0675926651023788,-0.3843002960817122,0.7066446899717732,0.7066446899879159,0.02555938425127541,-0.025559384250691528,-2.2844211929156108e-12,0.09973954739645913,0.007212675311525015,-0.0222380619748222,-1.852122637202456e-10,2.5560721068292392e-09,0.1,0.0,1
8,720,world,7.2,0.7100000000000001,1.246547691822052,1.068590065806822,-0.3842282417063126,0.7066472121893733,0.706647212205002,0.025489556566508313,-0.02548955656594457,-2.211677972210078e-12,0.0997405958318783,0.007198162480932366,-0.019219292944822858,3.265186752205938e-10,-4.519802908314727e-09,0.1,0.0,1
8,721,world,7.21,0.7110000000000001,1.2465476918220522,1.069587477080764,-0.3841563337875412,0.7066495892856356,0.7066495892377336,0.02542357166585379,-0.025423571667577194,6.778763264589678e-12,0.09974166206252427,0.0071833730938331165,-0.018675461542185922,2.0725261905012322e-10,-2.8765794492742717e-09,0.1,0.0,1
8,722,world,7.22,0.712,1.246547691822052,1.070584899109937,-0.38408457520746053,0.7066519601790909,0.7066519601539596,0.02535758649368657,-0.025357586494588382,3.5563897640582352e-12,0.09974274685299371,0.00716829479162342,-0.018675475435751633,-2.429365750477737e-10,3.3806533940795844e-09,0.1,0.0,1
8,723,world,7.23,0.7130000000000001,1.246547691822052,1.071582332079262,-0.38401296885490716,0.70665432491151,0.70665432491151,0.025291601053669958,-0.025291601053669958,0.0,0.09974385007211987,0.007152927567819649,-0.018675488026628464,1.0666051437452018e-10,-1.4881622713407243e-09,0.1,0.0,1
8,724,world,7.24,0.7140000000000001,1.246547691822052,1.0725797761723557,-0.3839415176190842,0.7066566835195498,0.706656683473332,0.025225615349665685,-0.02522561535131553,6.540348785888831e-12,0.09974497158672463,0.007137271408843801,-0.01867549931481536,5.6444779734136604e-11,-7.895961274502938e-10,0.1,0.0,1
8,725,world,7.25,0.7150000000000001,1.2465476918220522,1.073577231571524,-0.38387022438980006,0.7066590359267156,0.7066590359155277,0.025159629389577977,-0.02515962938997631,1.583219355325136e-12,0.09974611126039086,0.007121326311139511,-0.01867550930030366,-2.325653572140298e-10,3.2619012498542463e-09,0.1,0.0,1
8,726,world,7.26,0.716,1.246547691822052,1.0745746984576454,-0.38379909205619683,0.7066613821853576,0.7066613821853577,0.025093643176707404,-0.025093643176707404,0.0,0.09974726895527564,0.007105092255833595,-0.01867551798309025,5.471803597611254e-11,-7.694806533767068e-10,0.1,0.0,1
8,727,world,7.2700000000000005,0.7170000000000001,1.246547691822052,1.0755721770102211,-0.3837281235077714,0.7066637223000016,0.7066637222779109,0.02502765671606806,-0.025027656716850442,3.1260682605365875e-12,0.09974844453004468,0.00708856923762486,-0.018675525363170263,-9.176583157850983e-11,1.2938827601971107e-09,0.1,0.0,1
8,728,world,7.28,0.7180000000000001,1.246547691822052,1.0765696674073661,-0.3836573216346547,0.7066660562225602,0.7066660562408931,0.024961670014534497,-0.024961670013886918,-2.5942871068369004e-12,0.09974963784125457,0.007071757245448712,-0.01867553144054092,-3.481069619477851e-11,4.921335394742996e-10,0.1,0.0,1
8,729,world,7.29,0.7190000000000001,1.246547691822052,1.077567169825692,-0.3835866893263059,0.7066683840210383,0.7066683840059202,0.02489568307487349,-0.024895683075406093,2.139329572641596e-12,0.09975084874311518,0.007054656265769213,-0.0186755362152043,3.162334995596229e-10,-4.482589293279131e-09,0.1,0.0,1
8,730,world,7.3,0.72,1.246547691822052,1.0785646844403587,-0.38351622947252095,0.7066707056566165,0.7066707056114377,0.024829695903630912,-0.024829695905218323,6.39318881873941e-12,0.09975207708691347,0.00703726629071792,-0.01867553968715453,-7.507570997442922e-11,1.0670294137418988e-09,0.1,0.0,1
8,731,world,7.3100000000000005,0.7210000000000001,1.246547691822052,1.0795622114250616,-0.38344594496375917,0.7066730210931844,0.7066730210931844,0.02476370850724337,-0.02476370850724337,0.0,0.09975332272137806,0.007019587312983588,-0.018675541856386722,-2.2375990079876546e-10,3.1887538476646087e-09,0.1,0.0,1
8,732,world,7.32,0.7220000000000001,1.2465476918220522,1.080559750951922,-0.3833758386898046,0.7066753303907674,0.7066753303907674,0.024697720888774335,-0.024697720888774335,0.0,0.0997545854935096,0.007001619313993389,-0.01867554272290539,3.469446972121269e-16,2.6129272508788306e-15,0.1,0.0,1
8,733,world,7.33,0.7230000000000001,1.2465476918220522,1.0815573031915269,-0.383305913540757,0.7066776335265939,0.7066776335265939,0.024631733054195804,-0.024631733054195804,0.0,0.09975586524671962,0.006983362290352679,-0.018675542286708816,-9.205344873250986e-11,1.3188836059203968e-09,0.1,0.0,1
8,734,world,7.34,0.724,1.246547691822052,1.0825548683129291,-0.3832361724074064,0.7066799304911406,0.7066799305098266,0.02456574500901096,-0.024565745008361395,-2.64418415555204e-12,0.09975716182260473,0.006964816228634797,-0.018675540547795258,-5.094084905756489e-11,7.318230699428993e-10,0.1,0.0,1
8,735,world,7.3500000000000005,0.7250000000000001,1.246547691822052,1.0835524464835302,-0.38316661817986786,0.7066822213070738,0.7066822213174422,0.024499756757603602,-0.024499756757244147,-1.4671716792266781e-12,0.09975847506033564,0.006945981114025056,-0.01867553750616854,9.155974642836653e-11,-1.3189146791546904e-09,0.1,0.0,1
8,736,world,7.36,0.7260000000000001,1.246547691822052,1.0845500378691204,-0.3830972537485463,0.7066845059617402,0.7066845059617403,0.024433768305587404,-0.024433768305587404,0.0,0.09975980479583252,0.006926856942177622,-0.018675533161826904,1.428634996392199e-10,-2.06351421525495e-09,0.1,0.0,1
8,737,world,7.37,0.7270000000000001,1.246547691822052,1.0855476426338853,-0.38302808200456223,0.7066867844581889,0.7066867844393223,0.02436777965803007,-0.024367779658680616,2.6697081338214055e-12,0.09976115086344717,0.00690744369506793,-0.01867552751477315,1.9651641539490196e-11,-2.8462859405112465e-10,0.1,0.0,1
8,738,world,7.38,0.728,1.246547691822052,1.0865452609402764,-0.3829591058383661,0.7066890567751467,0.7066890567711144,0.02430179082083695,-0.024301790820975618,5.706039538509557e-13,0.09976251309384576,0.006887741371469792,-0.01867552056501143,-9.169817736255831e-11,1.3317072782404642e-09,0.1,0.0,1
8,739,world,7.390000000000001,0.7290000000000001,1.246547691822052,1.0875428929490607,-0.38289032814066576,0.7066913229346938,0.7066913229346938,0.02423580179841887,-0.02423580179841887,0.0,0.09976389131630553,0.006867749953833404,-0.01867551231254348,-1.9545476462140922e-11,2.84623292302436e-10,0.1,0.0,1
8,740,world,7.4,0.7300000000000001,1.2465476918220522,1.088540538819325,-0.3828217518029107,0.7066935829332759,0.7066935829332759,0.02416981259607183,-0.02416981259607183,0.0,0.09976528535704415,0.006847469432392785,-0.01867550275737208,-1.9107528170851042e-10,2.790120841570948e-09,0.1,0.0,1
8,741,world,7.41,0.7310000000000001,1.246547691822052,1.0895381987083514,-0.38275337971588713,0.7066958367489447,0.7066958367884724,0.024103823219718008,-0.0241038232183698,-5.5933313904670706e-12,0.09976669503974711,0.006826899797573023,-0.018675491899499984,-2.306307935823724e-10,3.3769644612186107e-09,0.1,0.0,1
8,742,world,7.42,0.732,1.246547691822052,1.090535872771657,-0.3826852147706015,0.7066980844169053,0.7066980844647464,0.02403783367332756,-0.02403783367170027,-6.7696786694684235e-12,0.0997681201855441,0.006806041040342776,-0.01867547973893556,2.1833750212605324e-10,-3.205781709089641e-09,0.1,0.0,1
8,743,world,7.43,0.733,1.2465476918220517,1.0915335611630002,-0.3826172598588268,0.7067003259524072,0.7067003259465197,0.023971843961560806,-0.023971843961760515,8.330880157997185e-13,0.09976956061349794,0.006784893145036392,-0.018675466275682596,2.8179507502490747e-10,-4.148931775659959e-09,0.1,0.0,1
8,744,world,7.44,0.7340000000000001,1.2465476918220522,1.0925312640342646,-0.382549517871684,0.7067025612999261,0.7067025612889912,0.02390585409147808,-0.023905854091847974,1.5473074573313144e-12,0.09977101613957824,0.006763456104390626,-0.018675451509742824,-1.3576084779787886e-10,2.0043753557366384e-09,0.1,0.0,1
8,745,world,7.45,0.7350000000000001,1.2465476918220517,1.0935289815354894,-0.38248199170047115,0.7067047904643972,0.7067047904869046,0.023839864068079596,-0.023839864067320332,-3.1848479914824006e-12,0.09977248657720243,0.0067417299116742605,-0.018255832174322528,-1.2056571086295415e-10,1.784871143185213e-09,0.1,0.0,1
8,746,world,7.46,0.736,1.246547691822052,1.0945267137776942,-0.3824146836855056,0.706706913723533,0.7067069137378831,0.023776839260697836,-0.023776839260215035,-2.0305524559946367e-12,0.09977395861946026,0.006719909329911564,-0.017762078910908207,1.9960491697875733e-10,-2.9629774375901617e-09,0.1,0.0,1
8,747,world,7.47,0.737,1.246547691822052,1.095524460636109,-0.38234759268292773,0.7067090137928641,0.7067090137733976,0.02371433822941828,-0.023714338230071505,2.7545334883906946e-12,0.09977540947768383,0.006698332894125226,-0.01768794342168278,6.806014121136226e-11,-1.0129995202822843e-09,0.1,0.0,1
8,748,world,7.48,0.7380000000000001,1.246547691822052,1.0965222218958086,-0.38228071619351733,0.7067111083094276,0.7067111083094276,0.02365183697010536,-0.02365183697010536,0.0,0.09977683890352866,0.006677006696064559,-0.017687955163119953,-2.705221477611878e-10,4.037046271729301e-09,0.1,0.0,1
8,749,world,7.49,0.7390000000000001,1.246547691822052,1.097519997343275,-0.38221405171485534,0.7067131972905795,0.7067131973283014,0.02358933548656672,-0.02358933548530761,-5.337634966553307e-12,0.09977824705770352,0.0066559307457244,-0.01768796579778191,-5.627581763291624e-11,8.420443856611948e-10,0.1,0.0,1
8,750,world,7.5,0.74,1.246547691822052,1.0985177867665876,-0.3821475967444436,0.7067152807770476,0.7067152807889758,0.023526833781838258,-0.023526833781441162,-1.687829159825262e-12,0.09977963409934254,0.006635105048250527,-0.0176879753256654,1.7749517226401283e-10,-2.6629142497918937e-09,0.1,0.0,1
8,751,world,7.51,0.741,1.2465476918220522,1.0995155899554108,-0.382081348779707,0.7067173587299862,0.7067173587299863,0.023464331861612425,-0.023464331861612425,0.0,0.09978100018543626,0.006614529612449406,-0.017687983746769047,-2.8243033059647632e-11,4.248600842267965e-10,0.1,0.0,1
8,752,world,7.5200000000000005,0.7420000000000001,1.246547691822052,1.1005134067009643,-0.3820153053179956,0.7067194311412366,0.7067194311591832,0.023401829730551958,-0.02340182972995769,-2.5394100103693746e-12,0.0997823454712193,0.006594204444983648,-0.017687991061089835,1.17876195530749e-10,-1.7779457469548784e-09,0.1,0.0,1
8,753,world,7.53,0.7430000000000001,1.246547691822052,1.101511236796013,-0.3819494638565868,0.7067214980561223,0.706721498030937,0.0233393273915506,-0.023339327392382342,3.5636813481721174e-12,0.09978367011007734,0.006574129551755069,-0.01768799726862187,4.713313097745478e-11,-7.128349597102293e-10,0.1,0.0,1
8,754,world,7.54,0.744,1.246547691822052,1.1025090800348465,-0.3818838218926868,0.7067235594058697,0.7067235594137189,0.023276824851276287,-0.02327682485101776,-1.1106416456552305e-12,0.0997849742532415,0.006554304942549881,-0.017688002369364696,-1.5857835960454244e-10,2.4047227984548167e-09,0.1,0.0,1
8,755,world,7.55,0.745,1.2465476918220522,1.103506936213257,-0.38181837692343307,0.706725615244415,0.706725615253293,0.02321432211234194,-0.023214322112050313,-1.2562249000021858e-12,0.09978625805023676,0.006534730624253752,-0.01768800636331866,1.5250960296452324e-10,-2.3189655503500824e-09,0.1,0.0,1
8,756,world,7.5600000000000005,0.7460000000000001,1.246547691822052,1.104504805128524,-0.38175312644589526,0.7067276655730599,0.7067276655480608,0.023151819179104048,-0.023151819179922994,3.53729821909975e-12,0.09978752164890053,0.006515406600528251,-0.017688009250478656,5.612177418744143e-12,-8.556393485611116e-11,0.1,0.0,1
8,757,world,7.57,0.7470000000000001,1.246547691822052,1.105502686579392,-0.38168806795707805,0.706729710340933,0.7067297103485991,0.023089316057624237,-0.02308931605737378,-1.08473327197809e-12,0.0997887651947679,0.006496332881209189,-0.01768801103084435,8.614636826621703e-13,-1.3164339478877323e-11,0.1,0.0,1
8,758,world,7.58,0.748,1.246547691822052,1.1065005803660555,-0.3816231989539213,0.7067317496139187,0.706731749588733,0.023026812750142137,-0.02302681275096274,3.5636837133482367e-12,0.09978998883193173,0.00647750946915111,-0.017688011704415977,3.530543931187482e-11,-5.412154476782948e-10,0.1,0.0,1
8,759,world,7.59,0.749,1.246547691822052,1.1074984862901398,-0.38155851693330267,0.7067337833300952,0.7067337833300952,0.022964309263073666,-0.022964309263073666,0.0,0.09979119270213352,0.006458936374176054,-0.017688011271193883,-7.132593164426796e-11,1.0963868000035827e-09,0.1,0.0,1
8,760,world,7.6000000000000005,0.7500000000000001,1.2465476918220522,1.1084964041546777,-0.3814940193920388,0.7067358115357596,0.7067358115261035,0.022901805599306185,-0.022901805599619088,1.3662842941969239e-12,0.09979237694566942,0.00644061359914004,-0.01768800973117644,-1.1536015258807396e-10,1.7781049295186925e-09,0.1,0.0,1
8,761,world,7.61,0.7510000000000001,1.246547691822052,1.1094943337640917,-0.3814297038268866,0.7067378341911007,0.7067378342162867,0.0228393017645263,-0.02283930176371238,-3.5636870322781853e-12,0.0997935417005141,0.0064225411534495624,-0.017688007084367813,-1.123757343044539e-10,1.7368584200575289e-09,0.1,0.0,1
8,762,world,7.62,0.752,1.2465476918220522,1.110492274924181,-0.3813655677345445,0.7067398513407687,0.706739851355714,0.022776797761684613,-0.022776797761202953,-2.1146861088089274e-12,0.0997946871031397,0.006404719040398646,-0.01768800333076442,9.591702482325731e-11,-1.486556491130288e-09,0.1,0.0,1
8,763,world,7.63,0.753,1.2465476918220522,1.111490227442097,-0.38130160861165363,0.7067418629623713,0.7067418629665014,0.022714293595902404,-0.022714293595769663,-5.843954378382818e-13,0.09979581328810322,0.006387147263531722,-0.01768799847036801,1.1700952767763242e-10,-1.8184588478528374e-09,0.1,0.0,1
8,764,world,7.640000000000001,0.7540000000000001,1.2465476918220522,1.1124881911263262,-0.38123782395479905,0.7067438690575473,0.7067438690467359,0.022651789271522935,-0.022651789271869446,1.5297381546805618e-12,0.09979692038763689,0.006369825833071569,-0.017687992503183873,6.895387075084772e-11,-1.07458570597364e-09,0.1,0.0,1
8,765,world,7.65,0.7550000000000001,1.246547691822052,1.1134861657866695,-0.38117421126051115,0.7067458696167666,0.7067458696056763,0.022589284793247167,-0.022589284793601637,1.5692143562247038e-12,0.099798008532624,0.006352754750681661,-0.017687985429210986,1.3599885177879144e-11,-2.1252820577863073e-10,0.1,0.0,1
8,766,world,7.66,0.756,1.246547691822052,1.1144841512342256,-0.38111076802526617,0.7067478646484524,0.7067478646346308,0.022526780165200575,-0.022526780165641126,1.9556821587623933e-12,0.09979907785164656,0.00633593402435572,-0.017687977248455482,-1.634397486989671e-10,2.5612420846506872e-09,0.1,0.0,1
8,767,world,7.67,0.757,1.246547691822052,1.1154821472813725,-0.3810474917454874,0.7067498541303762,0.7067498541555627,0.022464275392485994,-0.022464275391685436,-3.5636985624603444e-12,0.09980012847153394,0.006319363659841257,-0.017687967960916606,-1.0929313067156036e-10,1.7174960328287714e-09,0.1,0.0,1
8,768,world,7.68,0.758,1.2465476918220517,1.116480153741745,-0.380984379917546,0.7067518381101214,0.7067518381206257,0.022401770477985757,-0.022401770477652804,-1.4862843570892495e-12,0.0998011605174976,0.006303043658478076,-0.017687957566598453,1.1677950334351564e-10,-1.8402926631044598e-09,0.1,0.0,1
8,769,world,7.69,0.7590000000000001,1.246547691822052,1.1174781704302204,-0.38092143003776185,0.7067538165590631,0.7067538165581848,0.022339265427007895,-0.022339265427035657,1.2427948469796044e-13,0.09980217411242409,0.006286974028369237,-0.01768794606550959,1.0235388978677261e-10,-1.6174740776127824e-09,0.1,0.0,1
8,770,world,7.7,0.76,1.246547691822052,1.1184761971628954,-0.3808586396024042,0.7067557894787947,0.7067557894663901,0.022276760243898047,-0.02227676024428904,1.7551572249070003e-12,0.09980316937757222,0.006271154773375466,-0.01768793345764944,5.146369468546298e-11,-8.155570879247633e-10,0.1,0.0,1
8,771,world,7.71,0.761,1.2465476918220517,1.1194742337570698,-0.38079600610769265,0.7067577568633662,0.7067577568509369,0.022214254933239547,-0.022214254933630218,1.7586374233774388e-12,0.09980414643216566,0.006255585899564854,-0.01934688109553067,2.3322316445915642e-11,-3.7074809599662016e-10,0.1,0.0,1
8,772,world,7.72,0.762,1.2465476918220517,1.1204722800376756,-0.38073352715287634,0.7067600861127112,0.7067600860950556,0.022140024625533387,-0.02214002462608647,2.4981131805747296e-12,0.09980510746598298,0.00624023426672365,-0.021124953667925113,-1.6659104775222534e-10,2.6564236468321834e-09,0.1,0.0,1
8,773,world,7.73,0.7630000000000001,1.246547691822052,1.1214703358622569,-0.38067120084148337,0.7067624338255668,0.7067624338507604,0.02206495219058733,-0.022064952189800792,-3.5646497420968765e-12,0.09980605525055136,0.006225057053866202,-0.021244082684979005,5.00949979713701e-11,-8.015189212868173e-10,0.1,0.0,1
8,774,world,7.74,0.764,1.2465476918220517,1.1224684010988204,-0.38060902543091585,0.706764773615058,0.7067647735860504,0.021989879429809806,-0.02198987943071233,4.104269229459788e-12,0.09980698987572235,0.006210054101814046,-0.021244103052544705,4.598804011110629e-11,-7.383315856730627e-10,0.1,0.0,1
8,775,world,7.75,0.765,1.2465476918220522,1.1234664756161614,-0.3805469991784607,0.7067671053834262,0.7067671053981632,0.021914806353861872,-0.02191480635340492,-2.0851422614933768e-12,0.0998079114191432,0.006195225431609778,-0.02124412150259585,6.453865268569299e-11,-1.0397165682804483e-09,0.1,0.0,1
8,776,world,7.76,0.766,1.246547691822052,1.124464559283851,-0.3804851203412541,0.706769429230494,0.7067694291867612,0.021839732967257924,-0.021839732968609298,6.187679283843003e-12,0.09980881995827143,0.0061805710526909195,-0.021244138035119695,7.059734794345923e-11,-1.1412194083806463e-09,0.1,0.0,1
8,777,world,7.7700000000000005,0.7670000000000001,1.2465476918220522,1.125462651972226,-0.3804233871762866,0.7067717450545111,0.7067717450530857,0.021764659280762495,-0.021764659280806398,2.0170531571209406e-13,0.09980971556905438,0.006166090984121391,-0.021244152650106818,-1.9036578012804555e-10,3.087977076109339e-09,0.1,0.0,1
8,778,world,7.78,0.768,1.246547691822052,1.1264607535523832,-0.3803617979404324,0.7067740529260553,0.7067740529260552,0.02168958529980875,-0.02168958529980875,0.0,0.09981059832703407,0.006151785236780239,-0.021244165347551896,-6.183942293677512e-12,1.0065482052264684e-10,0.1,0.0,1
8,779,world,7.79,0.769,1.246547691822052,1.127458863896173,-0.3803003508904513,0.7067763528251496,0.7067763528251496,0.021614511032629465,-0.021614511032629465,0.0,0.0998114683065664,0.006137653825957748,-0.0212441761274453,-7.195476907362732e-11,1.17533465398826e-09,0.1,0.0,1
8,780,world,7.8,0.77,1.2465476918220517,1.1284569828761715,-0.38023904428283983,0.7067786447425133,0.7067786447591583,0.021539436487123313,-0.021539436486616048,-2.3550504873692603e-12,0.0998123255813054,0.0061236967635155,-0.021244184989783137,-2.6572841349585303e-11,4.3556165946309267e-10,0.1,0.0,1
8,781,world,7.8100000000000005,0.7710000000000001,1.2465476918220522,1.1294551103656967,-0.38017787637404243,0.7067809286997868,0.7067809287059552,0.021464361670246235,-0.021464361670058902,-8.727571403492755e-13,0.099813170223816,0.006109914064169304,-0.021244191934560827,-1.102682189969381e-10,1.8137902178280855e-09,0.1,0.0,1
8,782,world,7.82,0.772,1.246547691822052,1.1304532462387862,-0.3801168454203771,0.7067832046598499,0.7067832047021815,0.021389286590741994,-0.02138928658946092,-5.989319508182422e-12,0.0998140023059599,0.006096305739202672,-0.021244196961773924,-8.139010360279027e-11,1.3434919510667895e-09,0.1,0.0,1
8,783,world,7.83,0.773,1.246547691822052,1.1314513903701897,-0.3800559496780387,0.7067854726724356,0.7067854726976301,0.021314211254719603,-0.021314211253959825,-3.5646436949105925e-12,0.09981482189867247,0.006082871800087446,-0.02124420007141834,1.8045304969471478e-10,-2.9892232252171923e-09,0.1,0.0,1
8,784,world,7.84,0.774,1.246547691822052,1.1324495426353651,-0.37999518740310273,0.7067877327146889,0.7067877327146889,0.02123913567049086,-0.02123913567049086,0.0,0.09981562907202021,0.0060696122575396375,-0.02124420126349453,4.891538599883441e-11,-8.131659035812536e-10,0.1,0.0,1
8,785,world,7.8500000000000005,0.7750000000000001,1.2465476918220522,1.1334477029104626,-0.3799345568515296,0.7067899847629132,0.7067899847765924,0.021164059846383268,-0.021164059845973658,-1.935401709242157e-12,0.09981642389492472,0.006056527126060339,-0.021244200538000163,-2.486465912994388e-11,4.148107019310088e-10,0.1,0.0,1
8,786,world,7.86,0.776,1.246547691822052,1.134445871072322,-0.37987405627916737,0.7067922288470596,0.7067922288529339,0.021088983789113887,-0.02108898378893861,-8.311261886704655e-13,0.09981720643566325,0.006043616415705906,-0.021244197894936864,6.505733500891861e-11,-1.0892179764000597e-09,0.1,0.0,1
8,787,world,7.87,0.777,1.2465476918220517,1.1354440469984586,-0.3798136839417565,0.7067944649560686,0.7067944649543233,0.021013907506632,-0.021013907506683888,2.469358495893846e-13,0.09981797676162303,0.006030880136106705,-0.021244193334306105,2.468858469580768e-11,-4.148211970081152e-10,0.1,0.0,1
8,788,world,7.88,0.778,1.2465476918220517,1.1364422305670572,-0.3797534380949331,0.7067966930851283,0.7067966930851283,0.020938831006697415,-0.020938831006697415,0.0,0.09981873493910084,0.006018318299785375,-0.021244186856107457,-1.1281756863640292e-10,1.9024190189738497e-09,0.1,0.0,1
8,789,world,7.890000000000001,0.7790000000000001,1.246547691822052,1.1374404216569627,-0.3796933169942322,0.7067989132269776,0.7067989132521721,0.02086375429714044,-0.02086375429639673,-3.564613342296424e-12,0.0998194810338603,0.006005930912923035,-0.021244178460348487,-8.538031457224058e-11,1.4449430313548452e-09,0.1,0.0,1
8,790,world,7.9,0.78,1.2465476918220522,1.138438620147671,-0.3796333188950918,0.706801125408089,0.7068011254285504,0.02078867738479637,-0.02078867738419455,-2.8949455519043052e-12,0.09982021511042215,0.005993717987113905,-0.021244168147033612,2.415949403165588e-12,-4.102396079592441e-11,0.1,0.0,1
8,791,world,7.91,0.781,1.246547691822052,1.1394368259193188,-0.3795734420528565,0.7068033296088432,0.7068033296334568,0.02071360027786275,-0.020713600277141423,-3.4823785861202457e-12,0.09982093723249921,0.005981679532159416,-0.021244155916166015,-1.9607753068801044e-11,3.342554231652838e-10,0.1,0.0,1
8,792,world,7.92,0.782,1.2465476918220522,1.1404350388526807,-0.3795136847228345,0.7068055258352579,0.7068055258604526,0.02063852298378044,-0.02063852298304476,-3.5645908607023596e-12,0.09982164746286647,0.005969815558223477,-0.02124414176775238,3.3954957157130856e-11,-5.80930349431094e-10,0.1,0.0,1
8,793,world,7.930000000000001,0.7830000000000001,1.2465476918220517,1.1414332588291496,-0.3794540451601637,0.706807714090035,0.7068077141064226,0.020563445510089564,-0.020563445509612793,-2.31853527124071e-12,0.09982234586382473,0.005958126068064976,-0.02124412570180064,1.8805200593838008e-10,-3.229134182706602e-09,0.1,0.0,1
8,794,world,7.94,0.784,1.246547691822052,1.1424314857307332,-0.3793945216199028,0.7068098943823312,0.7068098943618011,0.02048836786414454,-0.02048836786473965,2.904606780418545e-12,0.0998230324961965,0.005946611073821669,-0.021244107718320564,1.6135704005517395e-11,-2.7809147880452957e-10,0.1,0.0,1
8,795,world,7.95,0.785,1.2465476918220517,1.1434297194400491,-0.37933511235705714,0.7068120666629415,0.7068120666753914,0.020413290054989385,-0.020413290054629822,-1.7614055480282845e-12,0.09982370742008634,0.005935270584312267,-0.02124408781732228,-5.092055287979733e-11,8.808332818676865e-10,0.1,0.0,1
8,796,world,7.96,0.786,1.246547691822052,1.1444279598403078,-0.3792758156265572,0.7068142309933604,0.7068142309853026,0.020338212088462124,-0.020338212088693984,1.1400176539602333e-12,0.09982437069490668,0.005924104604567412,-0.021244065998814725,5.064178281511023e-11,-8.792492841658007e-10,0.1,0.0,1
8,797,world,7.97,0.787,1.246547691822052,1.1454262068153125,-0.37921662968326014,0.706816387332366,0.706816387332366,0.020263133973371823,-0.020263133973371823,0.0,0.09982502237890378,0.005913113143798191,-0.034594325339943215,-1.344377760951104e-10,2.348277223933774e-09,0.1,0.0,1
8,798,world,7.98,0.788,1.2465476918220522,1.1464244604391904,-0.37915755599014045,0.7068212245492439,0.7068212245744366,0.020093693262190463,-0.02009369326147428,-3.564219685940509e-12,0.09982573161150603,0.005901127708122372,-0.05080283467273913,0.0,2.6562954368512696e-16,0.1,0.0,1
8,799,world,7.99,0.789,1.2465476918220522,1.1474227220838353,-0.37909861799818084,0.7068265903662666,0.7068265903662666,0.0199040486132372,-0.0199040486132372,0.0,0.09982662910973261,0.005885925635606263,-0.05366126147602482,5.003393772944648e-11,-8.876924686786066e-10,0.1,0.0,1
8,800,world,8.0,0.79,1.2465476918220522,1.1484209936545602,-0.37903984837825677,0.7068319053186137,0.706831905331238,0.01971440120171062,-0.01971440120135852,-1.7860010540224449e-12,0.0998277165518953,0.005867453283533681,-0.05366162242625814,1.5235955590077556e-10,-2.729189461024406e-09,0.1,0.0,1
8,801,world,8.01,0.791,1.2465476918220522,1.1494192770419993,-0.37898127983372404,0.7068371694526694,0.7068371694140274,0.019524751149021465,-0.019524751150088865,5.466861169856527e-12,0.09982899212332563,0.005845710533458664,-0.05366195247537066,1.052243412388341e-10,-1.9032245552213057e-09,0.1,0.0,1
8,802,world,8.02,0.792,1.2465476918220524,1.150417574117036,-0.3789229450693013,0.7068423826943457,0.7068423826800235,0.01933509857994187,-0.019335098580333644,2.0262090145671534e-12,0.09983045368889076,0.005820697232311569,-0.053662251622220915,-2.4685411150892704e-10,4.5087961246410474e-09,0.1,0.0,1
8,803,world,8.03,0.7929999999999999,1.2465476918220522,1.1514158867276019,-0.37886487679142405,0.7068475450696095,0.7068475450948031,0.019145443616470036,-0.019145443615787648,-3.5642001216109483e-12,0.09983209879312034,0.005792413189738707,-0.053662519865773854,4.162729388915347e-11,-7.67876662853459e-10,0.1,0.0,1
8,804,world,8.040000000000001,0.7940000000000002,1.2465476918220524,1.1524142166954683,-0.37880710770858267,0.7068526566269026,0.7068526566017087,0.018955786380044175,-0.0189557863807198,3.564202057335372e-12,0.09983392465985355,0.005760858183525008,-0.053662757205104654,1.2677637326654646e-10,-2.3620137579346433e-09,0.1,0.0,1
8,805,world,8.05,0.7950000000000002,1.2465476918220522,1.1534125658130443,-0.37874967053164105,0.7068577172836186,0.7068577172753723,0.01876612699564824,-0.018766126995867164,1.1665970099756986e-12,0.09983592819189357,0.00572603196490112,-0.053662963639391825,2.7608992807010258e-11,-5.196093371133368e-10,0.1,0.0,1
8,806,world,8.06,0.796,1.2465476918220524,1.1544109358401595,-0.37869259797413735,0.706862727090185,0.7068627270576346,0.018576465584694953,-0.01857646558555038,4.604867746602199e-12,0.09983810597163878,0.005687934246792016,-0.053663139167922036,-8.94857148031838e-12,1.7013936107608527e-10,0.1,0.0,1
8,807,world,8.07,0.797,1.2465476918220522,1.155409328500864,-0.3786359227525599,0.7068676859967223,0.7068676859908846,0.018386802271273442,-0.01838680227142529,8.258389799842663e-13,0.09984045425989371,0.00564656472362397,-0.053663283790089555,-6.7081760035665806e-12,1.2886011778502342e-10,0.1,0.0,1
8,808,world,8.08,0.798,1.2465476918220524,1.1564077454802093,-0.37857967758660066,0.7068725940509151,0.7068725940201884,0.018197137176920227,-0.01819713717771123,4.346784437822673e-12,0.09984296899632127,0.005601923062630573,-0.0536633975053938,-2.124637373646214e-11,4.1238413319531503e-10,0.1,0.0,1
8,809,world,8.09,0.799,1.2465476918220524,1.157406188421035,-0.37852389519938034,0.7068774511956512,0.7068774511956512,0.018007470425904584,-0.018007470425904584,0.0,0.09984564579892302,0.005554008912129029,-0.053663480313441494,-1.992225924369979e-11,3.907688433889834e-10,0.1,0.0,1
8,810,world,8.1,0.8,1.2465476918220526,1.1584046589207533,-0.37846860831764517,0.7068822574833166,0.7068822574581212,0.01781780213968568,-0.01781780214032076,3.5642450704275563e-12,0.09984847996400695,0.005502821901288926,-0.05366353221394731,9.419028509589774e-12,-1.8671022656065054e-10,0.1,0.0,1
8,811,world,8.11,0.8009999999999999,1.2465476918220524,1.1594031585281281,-0.37841384967193176,0.7068870128588146,0.7068870128561716,0.01762813244247,-0.017628132442535915,3.739173683281017e-13,0.09985146646614854,0.00544836163994425,-0.053663553206732786,-8.882998929784854e-11,1.7799270507957208e-09,0.1,0.0,1
8,812,world,8.120000000000001,0.8020000000000002,1.2465476918220522,1.1604016887400592,-0.3783596519966999,0.7068917173528328,0.7068917173528327,0.01743846145629854,-0.01743846145629854,0.0,0.09985459995722262,0.005390627735527362,-0.05366354329172379,-9.218147521428765e-12,1.8671337074707428e-10,0.1,0.0,1
8,813,world,8.13,0.8030000000000002,1.2465476918220524,1.1614002509983545,-0.3783060480304282,0.7068963709537179,0.7068963709537178,0.017248789304288022,-0.017248789304288022,0.0,0.09985787476717141,0.005329619778550079,-0.05366350246895443,-1.6893449256509434e-10,3.4596118701514767e-09,0.1,0.0,1
8,814,world,8.14,0.804,1.2465476918220522,1.1623988466865136,-0.37825307051579204,0.7069009736327642,0.7069009736817343,0.01705911610996283,-0.017059116108781067,-6.927394678691994e-12,0.09986128490307894,0.005265337359191687,-0.05366343073856761,-1.6658029922283243e-10,3.4494005933919422e-09,0.1,0.0,1
8,815,world,8.15,0.805,1.2465476918220524,1.1633974771264872,-0.3782007521994992,0.7069055254362363,0.706905525485061,0.016869441995035584,-0.016869441993870443,-6.9067484203050235e-12,0.09986482404892322,0.005197780072070072,-0.05366332810080952,2.5023127133451e-10,-5.239925233039928e-09,0.1,0.0,1
8,816,world,8.16,0.806,1.2465476918220522,1.1643961435754415,-0.37814912583212906,0.7069100263738572,0.7069100263486605,0.016679767082138457,-0.016679767082732982,3.564316135574495e-12,0.09986848556606574,0.005126947507096313,-0.05366319455603468,1.7568326109984362e-10,-3.7207739869963004e-09,0.1,0.0,1
8,817,world,8.17,0.807,1.246547691822052,1.1653948472225468,-0.3780982241684057,0.7069144763584628,0.7069144763546242,0.01649009149618101,-0.016490091496270554,5.42998782024629e-13,0.099872262491946,0.005052839275084732,-0.053663030104705634,-1.652948690653103e-11,3.5410567780467213e-10,0.1,0.0,1
8,818,world,8.18,0.808,1.2465476918220522,1.1663935891857329,-0.37804807996693945,0.7069188754541798,0.7069188754339947,0.016300415358497026,-0.01630041535896246,2.8553237551585323e-12,0.09987614754108814,0.004975454989324749,-0.0536628347473899,-5.299805987525482e-11,1.148600459368514e-09,0.1,0.0,1
8,819,world,8.19,0.8089999999999999,1.2465476918220524,1.1673923705084517,-0.3779987259900615,0.7069232236153865,0.7069232236278046,0.016110738792996005,-0.016110738792713,-1.7566075940636195e-12,0.0998801331036564,0.004894794295563557,-0.053662608484763764,-4.1111387102648435e-11,9.014961844586894e-10,0.1,0.0,1
8,820,world,8.2,0.8099999999999999,1.246547691822052,1.1683911921564454,-0.3779501950036081,0.7069275208906083,0.706927520883182,0.015921061921423164,-0.015921061921590412,1.0504881599606065e-12,0.09988421124667547,0.004810856849825077,-0.05366235131760782,9.219934286675124e-11,-2.045887635264587e-09,0.1,0.0,1
8,821,world,8.21,0.8110000000000002,1.2465476918220522,1.169390055014501,-0.3779025197766511,0.706931767246202,0.7069317672296648,0.01573138486740879,-0.015731384867776792,2.3392665787844095e-12,0.09988837371280665,0.004723642345762228,-0.05366206324681122,-8.571234411695462e-11,1.9249077865602066e-09,0.1,0.0,1
8,822,world,8.22,0.8120000000000002,1.2465476918220524,1.1703889598832127,-0.37785573308117226,0.7069359626628708,0.7069359626826871,0.015541707754235603,-0.01554170775379995,-2.803121692341584e-12,0.09989261192077302,0.004633150509732792,-0.05366174427337045,-1.0394567650328543e-10,2.36292560723802e-09,0.1,0.0,1
8,823,world,8.23,0.8130000000000002,1.2465476918220522,1.1713879074757405,-0.37780986769167973,0.7069401071811693,0.7069401071980731,0.015352030703868941,-0.015352030703501858,-2.3910996934647045e-12,0.09989691696514046,0.004539381109780824,-0.053661394398384965,1.0006891629305229e-10,-2.3029361560527927e-09,0.1,0.0,1
8,824,world,8.24,0.8140000000000002,1.2465476918220522,1.1723868984145704,-0.3777649563847651,0.7069442007931583,0.7069442007803831,0.015162353839360442,-0.01516235383963444,1.8070871573607492e-12,0.09990127961628453,0.004442333961887012,-0.05366101362306467,1.632791202888898e-11,-3.804788779412627e-10,0.1,0.0,1
8,825,world,8.25,0.8150000000000002,1.246547691822052,1.1733859332282728,-0.3777210319385964,0.706948243456899,0.7069482434684184,0.014972677284475249,-0.014972677284231272,-1.6294772252698609e-12,0.09990569032025537,0.004342008939792195,-0.057919000513015684,-1.0939392365185573e-10,2.584017508704515e-09,0.1,0.0,1
8,826,world,8.26,0.8160000000000001,1.2465476918220522,1.1743850121497361,-0.3776781224768528,0.7069528640820584,0.7069528641058513,0.014752896304168407,-0.014752896303671891,-3.365563157873305e-12,0.09991006676062733,0.004240113192709759,-0.06312547289028184,-4.016804517099863e-11,9.622245941025712e-10,0.1,0.0,1
8,827,world,8.27,0.8170000000000001,1.2465476918220522,1.1753841339659457,-0.37763622363872534,0.7069575541695443,0.7069575541946808,0.014526409909299202,-0.014526409908782702,-3.5555898157426434e-12,0.09991426694937178,0.004139958933331863,-0.06407408961507491,3.5194072288765296e-11,-8.560423165958707e-10,0.1,0.0,1
8,828,world,8.28,0.8180000000000001,1.2465476918220522,1.1763832969073447,-0.3775953172110315,0.7069621717521131,0.7069621717637924,0.014299919694964464,-0.014299919694728224,-1.6520399446133769e-12,0.09991829270837231,0.004041631136562914,-0.06407472201394565,3.9897601843418624e-11,-9.858300262467966e-10,0.1,0.0,1
8,829,world,8.290000000000001,0.8190000000000002,1.2465476918220522,1.1773824992566997,-0.3775553849269347,0.7069667168094689,0.7069667168206553,0.014073425870589715,-0.014073425870367029,-1.5823173986073368e-12,0.0999221494375357,0.0039451301350886805,-0.06407530180880883,1.0362510170704615e-10,-2.6017318770344603e-09,0.1,0.0,1
8,830,world,8.3,0.8200000000000002,1.2465476918220522,1.1783817393503007,-0.3775164085170043,0.7069711893598413,0.7069711893347046,0.013846928644849845,-0.01384692864534218,3.5555613889999113e-12,0.0999258424374874,0.0038504562273118503,-0.0640758289968065,-2.2240370790331703e-11,5.675267773297865e-10,0.1,0.0,1
8,831,world,8.31,0.8210000000000002,1.2465476918220522,1.1793810155770301,-0.37747836971114895,0.7069755893390544,0.7069755893582716,0.013620428228059025,-0.013620428227688785,-2.718261664329751e-12,0.09992937690961239,0.00375760967326679,-0.0640763035753428,-1.0205847282891529e-10,2.6477221208828614e-09,0.1,0.0,1
8,832,world,8.32,0.8220000000000002,1.2465476918220522,1.1803803263771258,-0.37744125023269975,0.7069799168073913,0.7069799168197197,0.013393924828118107,-0.013393924827884544,-1.7438087408101527e-12,0.0999327579557552,0.003666590699334688,-0.06407672554207854,5.1479657395863524e-11,-1.3581442564770744e-09,0.1,0.0,1
8,833,world,8.33,0.8230000000000002,1.246547691822052,1.181379670241415,-0.3774050318046903,0.7069841717365194,0.7069841717365194,0.01316741865468109,-0.01316741865468109,0.0,0.09993599057799868,0.003577399501615871,-0.06407709489493528,-9.973689224232494e-11,2.6765884283676116e-09,0.1,0.0,1
8,834,world,8.34,0.8240000000000001,1.246547691822052,1.182379045710255,-0.3773696961484977,0.7069883540872686,0.7069883541374699,0.012940909917587874,-0.012940909916668976,-7.100719481258115e-12,0.0999390796783073,0.003490036253815325,-0.06407741163209398,-4.887496991851876e-11,1.334631704456523e-09,0.1,0.0,1
8,835,world,8.35,0.8250000000000001,1.2465476918220522,1.1833784513725927,-0.3773352249859776,0.7069924639267231,0.7069924639456072,0.012714398824739605,-0.012714398824399996,-2.671058624220946e-12,0.09994203005858372,0.0034045011042955946,-0.06407767575199286,1.916682221982271e-10,-5.3271864526413426e-09,0.1,0.0,1
8,836,world,8.36,0.8260000000000001,1.246547691822052,1.1843778858647491,-0.3773016000334857,0.7069965012157996,0.7069965011906266,0.012487885586019615,-0.012487885586464251,3.560539631452966e-12,0.09994484642103316,0.00332079416346418,-0.06407788725333115,1.0994660795902431e-10,-3.1113308342272267e-09,0.1,0.0,1
8,837,world,8.370000000000001,0.8270000000000002,1.246547691822052,1.1853773478696372,-0.3772688030083926,0.7070004659216335,0.7070004658964961,0.012261370411172619,-0.012261370411608569,3.5554770218406006e-12,0.09994753336697426,0.0032389155372700394,-0.06407804613506651,-1.231962533029406e-10,3.550736513209033e-09,0.1,0.0,1
8,838,world,8.38,0.8280000000000002,1.246547691822052,1.186376836115687,-0.37723681562722206,0.7070043580369852,0.7070043580620499,0.012034853509482902,-0.012034853509056247,-3.5451643916047072e-12,0.09995009539785223,0.003158865296311304,-0.06407815239641629,-7.529567762751942e-11,2.2110345342343658e-09,0.1,0.0,1
8,839,world,8.39,0.8290000000000002,1.2465476918220522,1.1873763493758926,-0.3772056196076666,0.7070081776175422,0.7070081776236872,0.011808335089190793,-0.011808335089088158,-8.691649869663077e-13,0.09995253691423778,0.003080643505492802,-0.06407820603685672,8.941997060785509e-11,-2.676214405703767e-09,0.1,0.0,1
8,840,world,8.4,0.8300000000000002,1.246547691822052,1.1883758864666343,-0.3771751966631695,0.7070119246250444,0.7070119246122458,0.011581815360161824,-0.011581815360371481,1.8102178318671277e-12,0.09995486221660904,0.0030042501990855184,-0.06407820705612494,-1.1152537990263306e-12,3.404814098747863e-11,0.1,0.0,1
8,841,world,8.41,0.8310000000000002,1.2465476918220517,1.1893754462468573,-0.3771455285087403,0.7070155990368304,0.7070155990434571,0.01135529453197533,-0.0113552945318689,-9.372851010958626e-13,0.0999570755045559,0.002929685405724173,-0.06407815545421425,-2.9066508135549024e-11,9.046470599539858e-10,0.1,0.0,1
8,842,world,8.42,0.8320000000000001,1.246547691822052,1.1903750276169969,-0.3771165968592323,0.7070192008818913,0.7070192008818913,0.01112877281338043,-0.01112877281338043,0.0,0.09995918087728271,0.002856949131973095,-0.06407805123137932,7.069987440809585e-11,-2.245259541133981e-09,0.1,0.0,1
8,843,world,8.43,0.8330000000000001,1.2465476918220517,1.191374629518022,-0.3770883834309888,0.7070227301534833,0.7070227301283454,0.01090225041372469,-0.010902250414112313,3.5554195639645354e-12,0.09996118233303303,0.0027860413819837584,-0.06407789438813377,-5.481136753195181e-11,1.7768660061136717e-09,0.1,0.0,1
8,844,world,8.44,0.8340000000000001,1.246547691822052,1.1923742509302944,-0.37706086993739163,0.7070261868019165,0.7070261868270543,0.010675727543004422,-0.010675727542624854,-3.5554138170135383e-12,0.09996308376952581,0.0027169621430499693,-0.06407768492524989,-3.469447189376535e-16,2.3979843190948596e-14,0.1,0.0,1
8,845,world,8.45,0.8350000000000001,1.246547691822052,1.1933738908726876,-0.3770340380933585,0.7070295709126917,0.7070295708875538,0.01044920440916155,-0.010449204409533064,3.555409535556711e-12,0.09996488898394426,0.002649711385736663,-0.06407742284376015,1.002652023131457e-10,-3.3914078593571156e-09,0.1,0.0,1
8,846,world,8.46,0.8360000000000002,1.2465476918220517,1.1943735484015476,-0.3770078696141983,0.7070328824070106,0.707032882384171,0.01022268122262894,-0.01022268122295917,3.230335373002086e-12,0.09996660167230748,0.002584289087972893,-0.0640771081449562,-5.13956100377402e-11,1.7769699905928158e-09,0.1,0.0,1
8,847,world,8.47,0.8370000000000002,1.246547691822052,1.1953732226097065,-0.37698234621675447,0.7070361212988994,0.7070361212988994,0.009996158192430474,-0.009996158192430474,0.0,0.09996822543014561,0.002520695211164794,-0.06407674083038867,-6.774121658097944e-11,2.39521740514094e-09,0.1,0.0,1
8,848,world,8.48,0.8380000000000002,1.246547691822052,1.1963729126253917,-0.3769574496160554,0.7070392876027829,0.7070392876138268,0.009769635527605262,-0.009769635527452662,-1.561983994457886e-12,0.09996976375214439,0.0024589297144161177,-0.06407632090186625,1.138553738983825e-10,-4.119133358763729e-09,0.1,0.0,1
8,849,world,8.49,0.8390000000000002,1.246547691822052,1.197372617611293,-0.37693316152827966,0.7070423813514444,0.7070423812931741,0.009543113436964462,-0.00954311343775095,8.241393391678851e-12,0.0999712200323721,0.002398992546683792,-0.06407584836145812,-2.6900965935985068e-11,9.963409794284981e-10,0.1,0.0,1
8,850,world,8.5,0.8400000000000001,1.246547691822052,1.1983723367635435,-0.37690946367036043,0.7070454024270911,0.7070454024522296,0.009316592131345188,-0.009316592131013943,-3.555414585195049e-12,0.09997259756377345,0.0023408836690021763,-0.06407532321149348,-1.3172120546357184e-10,4.997356001667989e-09,0.1,0.0,1
8,851,world,8.51,0.8410000000000001,1.2465476918220517,1.199372069310722,-0.3768863377606263,0.7070483509531414,0.7070483509655626,0.00909007181833071,-0.009090071818171019,-1.7567580961103064e-12,0.09997389953887745,0.0022846030268829885,-0.0640747454545587,8.344879178577543e-11,-3.2448826230062396e-09,0.1,0.0,1
8,852,world,8.52,0.8420000000000001,1.2465476918220517,1.200371814512795,-0.3768637655164122,0.7070512268910053,0.7070512268702428,0.008863552707690306,-0.008863552707950584,2.9364928902990784e-12,0.09997512904934108,0.0022301505706108097,-0.06407411509349978,2.2019280268108953e-11,-8.781031285863379e-10,0.1,0.0,1
8,853,world,8.53,0.8430000000000001,1.2465476918220517,1.2013715716601474,-0.3768417286556977,0.707054030202962,0.707054030202962,0.00863703500912844,-0.00863703500912844,0.0,0.0999762890859966,0.002177526255464994,-0.06152499120691355,8.326413001469723e-12,-3.404092936981394e-10,0.1,0.0,1
8,854,world,8.540000000000001,0.8440000000000002,1.2465476918220517,1.2023713400725393,-0.37682020889566176,0.7070565463721792,0.7070565463466013,0.008428537852374598,-0.008428537852679503,3.6175145478802986e-12,0.0999773824717541,0.0021267331982640037,-0.04374569694817998,3.7227947607401064e-11,-1.5513602873980506e-09,0.1,0.0,1
8,855,world,8.55,0.8450000000000002,1.2465476918220524,1.203371119082213,-0.37679918719294114,0.7070577408910051,0.7070577408690608,0.00832772847912331,-0.00832772847938177,3.1036027873829735e-12,0.09997840800854321,0.002077963444641082,-0.02851522632989977,-4.260116622802046e-11,1.8082446213140703e-09,0.1,0.0,1
8,856,world,8.56,0.8460000000000002,1.246547691822052,1.2043709080087674,-0.3767786425048559,0.7070589210299779,0.7070589210299778,0.008226918738114783,-0.008226918738114783,0.0,0.09997936635726203,0.002031330303122589,-0.02851528018146059,-3.610670839064766e-11,1.5513738846529155e-09,0.1,0.0,1
8,857,world,8.57,0.8470000000000002,1.246547691822052,1.2053707061953767,-0.37675855346439285,0.7070600868089276,0.7070600868089275,0.008126108647555617,-0.008126108647555617,0.0,0.09998026050602907,0.0019868339504265134,-0.02851532939588656,-3.7228640813943927e-11,1.6194432882290914e-09,0.1,0.0,1
8,858,world,8.58,0.8480000000000001,1.246547691822052,1.2063705130144111,-0.3767388987028159,0.7070612382051409,0.7070612382280477,0.008025298226147207,-0.00802529822588721,-3.2396947825805007e-12,0.09998109330628742,0.001944474550990957,-0.02851537397312853,4.549225641227228e-12,-2.0037596528270924e-10,0.1,0.0,1
8,859,world,8.59,0.8490000000000001,1.2465476918220517,1.2073703278660741,-0.3767196568498352,0.7070623752541173,0.7070623752512829,0.007924487491926105,-0.007924487491957873,4.008822750601479e-13,0.0999818674728437,0.0019042522529122826,-0.02851541391314341,-3.6346794122981123e-12,1.6214024429366166e-10,0.1,0.0,1
8,860,world,8.6,0.8500000000000001,1.2465476918220522,1.2083701501770334,-0.37670080653376314,0.7070634979043764,0.7070634979295767,0.007823676463912108,-0.007823676463633267,-3.564066914426142e-12,0.09998258558377937,0.0018661671903227855,-0.028515449215892982,-3.143292960216306e-11,1.4201879773664378e-09,0.1,0.0,1
8,861,world,8.61,0.8510000000000001,1.246547691822052,1.2093699793990536,-0.3766823263816584,0.7070646062005378,0.7070646062177917,0.007722865160046505,-0.007722865159858051,-2.440198801449877e-12,0.09998325008052156,0.0018302194775179758,-0.028515479881341996,-6.374172109921496e-11,2.9175787642697893e-09,0.1,0.0,1
8,862,world,8.620000000000001,0.8520000000000002,1.246547691822052,1.210369815007629,-0.3766641950194592,0.7070657000957814,0.70706570016225,0.007622053599282224,-0.007622053598565704,-9.400552014015486e-12,0.09998386326749759,0.0017964092257468833,-0.028515505909460656,3.4187930727871855e-11,-1.5855452474163616e-09,0.1,0.0,1
8,863,world,8.63,0.8530000000000002,1.246547691822052,1.2113696565006145,-0.3766463910721056,0.7070667796788764,0.7070667796737033,0.007521241799103678,-0.007521241799158706,7.316338642716378e-13,0.09998442731247559,0.001764736523191866,-0.028515527300223883,1.2918199671296473e-10,-6.071462895853617e-09,0.1,0.0,1
8,864,world,8.64,0.8540000000000002,1.246547691822052,1.2123695033968571,-0.37662889316365145,0.707067844860462,0.7070678448410527,0.007420429778915721,-0.007420429779119417,2.745032154143489e-12,0.09998494424614798,0.0017352014565121929,-0.02851554405361091,2.97226657040224e-11,-1.4159282594591171e-09,0.1,0.0,1
8,865,world,8.65,0.8550000000000002,1.246547691822052,1.2133693552348281,-0.37661167991736766,0.7070688956647984,0.7070688956395976,0.0073196175568964565,-0.007319617557157336,3.56409460805738e-12,0.09998541596229493,0.0017078041008434918,-0.02851555616960505,8.47794068668976e-12,-4.0944239859778765e-10,0.1,0.0,1
8,866,world,8.66,0.8560000000000001,1.246547691822052,1.214369211571251,-0.3765947299558359,0.7070699320930016,0.7070699320678009,0.007218805151474495,-0.007218805151731782,3.5640980687105522e-12,0.09998584421783009,0.001682544515849091,-0.02851556364819463,-1.1116888810283472e-11,5.443877424096373e-10,0.1,0.0,1
8,867,world,8.67,0.8570000000000001,1.246547691822052,1.215369071979732,-0.37657802190103484,0.7070709541439165,0.7070709541264156,0.007117992581102278,-0.007117992581278456,2.47510351760729e-12,0.09998623063251,0.0016594227618430245,-0.028515566489371758,-8.363865269363156e-11,4.153731570853108e-09,0.1,0.0,1
8,868,world,8.68,0.8580000000000001,1.2465476918220522,1.2163689360493914,-0.37656153437441836,0.7070719617995258,0.7070719618330767,0.007017179864399291,-0.007017179864066324,-4.74501875760469e-12,0.09998657668913756,0.001638438887238771,-0.028515564693134317,2.3444267678507273e-11,-1.1810431001103203e-09,0.1,0.0,1
8,869,world,8.69,0.8590000000000001,1.246547691822052,1.2173688033834904,-0.37654524599698613,0.7070729551407281,0.7070729551065222,0.006916367019007472,-0.006916367019342063,4.837642845839292e-12,0.0999868837335091,0.00161959293087359,-0.0285155582594844,-1.8066191149223796e-11,9.233867661295222e-10,0.1,0.0,1
8,870,world,8.700000000000001,0.8600000000000002,1.246547691822052,1.2183686735980652,-0.37652913538935,0.7070739340336601,0.7070739340802716,0.006815554064685274,-0.006815554064235981,-6.592137586691633e-12,0.09998715297422006,0.0016028849334621235,-0.028515547188427384,-2.6349842803969912e-11,1.3666883057208519e-09,0.1,0.0,1
8,871,world,8.71,0.8610000000000002,1.246547691822052,1.2193685463205508,-0.37651318117179206,0.7070748986235985,0.7070748986087232,0.00671474101846423,-0.006714741018605492,2.1037449443933635e-12,0.09998738548295395,0.0015883149193939754,-0.028515531479974682,5.827248485004145e-11,-3.0678217855580593e-09,0.1,0.0,1
8,872,world,8.72,0.8620000000000002,1.246547691822052,1.2203684211884158,-0.37649736196431877,0.7070758487994473,0.7070758488026675,0.006613927899857006,-0.0066139278998268835,-4.554443828295663e-13,0.09998758219410585,0.0015758829198039706,-0.028515511134141466,-4.2576186209639404e-12,2.2758287465904423e-10,0.1,0.0,1
8,873,world,8.73,0.8630000000000002,1.246547691822052,1.2213682978477836,-0.3764816563867118,0.7070767846173408,0.7070767846056843,0.006513114726772713,-0.006513114726880085,1.6485334806709187e-12,0.09998774390513963,0.0015655889499528398,-0.02851548615094735,2.096942439796475e-11,-1.1381295657453684e-09,0.1,0.0,1
8,874,world,8.74,0.8640000000000001,1.246547691822052,1.2223681759520677,-0.37646604305857223,0.7070777060538315,0.707077706040954,0.0064123015178743515,-0.006412301517991136,1.8212364929238887e-12,0.09998787127630254,0.0015574330269888929,-0.028515456530417285,1.7370393553580138e-11,-9.57632200230912e-10,0.1,0.0,1
8,875,world,8.75,0.8650000000000001,1.2465476918220522,1.2233680551606019,-0.37645050059936386,0.7070786131211749,0.7070786130959738,0.006311488291492985,-0.006311488291717934,3.564109937425594e-12,0.09998796483071673,0.0015514151640858718,-0.02851542227257955,-3.082586311351711e-11,1.7265761632170428e-09,0.1,0.0,1
8,876,world,8.76,0.8660000000000001,1.246547691822052,1.224367935137263,-0.37643500762845283,0.7070795057891717,0.7070795058007145,0.00621067506633971,-0.006210675066238323,-1.6324809051069998e-12,0.09998802495437766,0.0015475353704370645,-0.02851538337746827,-6.260660477732402e-11,3.5635805729834098e-09,0.1,0.0,1
8,877,world,8.77,0.8670000000000001,1.246547691822052,1.2253678155491017,-0.37641954276514544,0.7070803840937939,0.7070803841189952,0.006109861860536703,-0.0061098618603189405,-3.564109275016747e-12,0.09998805189624668,0.0015457936451807705,-0.028515339845119933,2.6583163114647036e-11,-1.5380897664724856e-09,0.1,0.0,1
8,878,world,8.78,0.8680000000000001,1.2465476918220522,1.2263676960649714,-0.37640408462872443,0.7070812480479396,0.7070812480377282,0.006009048692422822,-0.006009048692509602,1.4441490037081052e-12,0.0999880457680258,0.0015461899919416312,-0.028515291675578675,-1.8812208990173062e-11,1.1067223812014361e-09,0.1,0.0,1
8,879,world,8.790000000000001,0.8690000000000002,1.246547691822052,1.2273675763541594,-0.3763886118384843,0.7070820975837486,0.7070820976246032,0.005908235581019088,-0.005908235580677717,-5.777884115978341e-12,0.09998800654431139,0.001548724408906485,-0.028515238868891197,7.211332323536814e-12,-4.314910676682538e-10,0.1,0.0,1
8,880,world,8.8,0.8700000000000002,1.2465476918220522,1.2283674560850142,-0.37637310301376703,0.707082932798502,0.7070829327821877,0.005807422543951548,-0.005807422544085541,2.307259726662641e-12,0.09998793406262858,0.0015533968866455695,-0.022407096827144438,2.6075235938820654e-11,-1.5814162516997386e-09,0.1,0.0,1
8,881,world,8.81,0.8710000000000002,1.246547691822052,1.2293673349422451,-0.3763575379718721,0.7070834037084704,0.7070834037269582,0.00574979886367204,-0.0057497988635217025,-2.6146524315371593e-12,0.09998783690361518,0.0015596382067818097,-0.012732117939647215,-2.713558551863068e-11,1.6647402217845867e-09,0.1,0.0,1
8,882,world,8.82,0.8720000000000001,1.2465476918220522,1.2303672128554821,-0.37634191240478726,0.7070836664634663,0.7070836664706973,0.005717395864285891,-0.0057173958642274215,-1.022657339194633e-12,0.09998774755987683,0.0015653555194740096,-0.009165254386020234,-3.5084695614578715e-11,2.1693499132489748e-09,0.1,0.0,1
8,883,world,8.83,0.8730000000000001,1.246547691822052,1.2313670899299574,-0.3763262332552007,0.7070839277070041,0.7070839277561742,0.005684992847063514,-0.005684992846668183,-6.953920848368331e-12,0.09998766917001244,0.001570354720484,-0.00916525601852784,-2.037415378152445e-11,1.266970229371264e-09,0.1,0.0,1
8,884,world,8.84,0.8740000000000001,1.246547691822052,1.2323669662757577,-0.3763105077040785,0.7070841874986552,0.7070841875238056,0.005652589812137404,-0.005652589811936346,-3.5569163645619893e-12,0.09998760184179115,0.0015746358078758153,-0.009165257497055648,3.342222336904691e-11,-2.0902707064406845e-09,0.1,0.0,1
8,885,world,8.85,0.8750000000000001,1.246547691822052,1.2333668420039727,-0.37629474293266263,0.707084445796197,0.7070844458158034,0.005620186760460081,-0.005620186760304241,-2.7728595887097776e-12,0.09998754566730404,0.001578198792545136,-0.009165258821604027,5.207518451529749e-11,-3.275628876871244e-09,0.1,0.0,1
8,886,world,8.86,0.8760000000000001,1.2465476918220522,1.2343667172265407,-0.3762789461219402,0.707084702626482,0.7070847026053038,0.00558778369243045,-0.005587783692597812,2.9951378028492334e-12,0.09998750072344244,0.0015810436678346672,-0.009165259992173153,2.598078006372953e-11,-1.643717336175498e-09,0.1,0.0,1
8,887,world,8.870000000000001,0.8770000000000002,1.2465476918220517,1.2353665920560826,-0.3762631244529322,0.7070849579427239,0.7070849579390824,0.005555380609030904,-0.005555380609059513,5.149971815011953e-13,0.09998746707133786,0.0015831704450655704,-0.00916526100876188,-4.6687653808411036e-11,2.9709885438446805e-09,0.1,0.0,1
8,888,world,8.88,0.8780000000000002,1.2465476918220522,1.23636646660576,-0.3762472851066812,0.7070852117706046,0.7070852117914463,0.005522977510669228,-0.005522977510506434,-2.9475749014494447e-12,0.09998744475683856,0.0015845791233509929,-0.009165261871370813,-4.0222165932048585e-12,2.574630372531742e-10,0.1,0.0,1
8,889,world,8.89,0.8790000000000002,1.246547691822052,1.2373663409891134,-0.3762314352641301,0.7070854641362547,0.7070854641362547,0.005490574397754422,-0.005490574397754422,0.0,0.099987433810306,0.0015852697025043041,-0.009165262579999665,4.1399609493018607e-11,-2.6655811618362227e-09,0.1,0.0,1
8,890,world,8.9,0.8800000000000001,1.246547691822052,1.2383662153199102,-0.3762155821062667,0.7070857150150152,0.7070857149981565,0.00545817127109235,-0.005458171271222488,2.3842746169654923e-12,0.09998743424657458,0.0015852421855755937,-0.009165263134648572,7.972069196508479e-11,-5.163453014540729e-09,0.1,0.0,1
8,891,world,8.91,0.8810000000000001,1.246547691822052,1.2393660897119867,-0.3761997328140241,0.7070859644285282,0.7070859643554994,0.005425768131129052,-0.005425768131689433,1.0328139859126134e-11,0.09998744606501805,0.0015844965746596525,-0.009165263535317578,-2.625720825001491e-12,1.7107161387443186e-10,0.1,0.0,1
8,892,world,8.92,0.8820000000000001,1.246547691822052,1.2403659642790978,-0.37618389456836876,0.7070862122997533,0.7070862122853142,0.005393364979067265,-0.0053933649791774,2.042038461465333e-12,0.09998746924953199,0.0015830328720206018,-0.009165263782006057,-5.16451899330878e-11,3.3852184439245167e-09,0.1,0.0,1
8,893,world,8.93,0.8830000000000001,1.246547691822052,1.2413658391347602,-0.3761680745501863,0.7070864587207158,0.7070864586955654,0.005360961814813776,-0.005360961815004461,3.5569058289559138e-12,0.09998750376858172,0.001580851077065221,-0.009165263874714582,-1.0598293091318269e-11,6.988887895492433e-10,0.1,0.0,1
8,894,world,8.94,0.8840000000000001,1.246547691822052,1.2423657143920968,-0.37615227994042594,0.7070867036411073,0.7070867036365528,0.005328558639364878,-0.005328558639399199,6.441071390436608e-13,0.09998754957513824,0.0015779511903970705,-0.009165263813442728,-4.4912164328263174e-11,2.97969478216962e-09,0.1,0.0,1
8,895,world,8.950000000000001,0.8850000000000002,1.246547691822052,1.2433655901636824,-0.3761365179200205,0.7070869470761011,0.7070869470930935,0.005296155453217161,-0.005296155453089885,-2.4031790283832977e-12,0.0999876066067433,0.0015743332096939833,-0.009165263598190695,-2.975709960387024e-11,1.9863236998565087e-09,0.1,0.0,1
8,896,world,8.96,0.8860000000000002,1.2465476918220517,1.244365466561389,-0.3761207956698102,0.7070871890336684,0.7070871890572071,0.00526375225692363,-0.005263752256748401,-3.3289691422260653e-12,0.09998767478534815,0.0015699971399520082,-0.009165263228958385,3.60733578930071e-11,-2.4227475169325478e-09,0.1,0.0,1
8,897,world,8.97,0.8870000000000002,1.246547691822052,1.2453653436962364,-0.37610512037085225,0.7070874295299839,0.7070874295127106,0.005231349050978052,-0.005231349051105848,2.4428647348624917e-12,0.09998775401759209,0.001564942975797074,-0.009165262705746214,2.650202110090635e-11,-1.790950564663057e-09,0.1,0.0,1
8,898,world,8.98,0.8880000000000001,1.2465476918220517,1.2463652216782264,-0.37608949920396045,0.7070876685132169,0.7070876685114257,0.0051989458363771775,-0.005198945836390348,2.5332648765039297e-13,0.09998784419453974,0.0015591707181853373,-0.009165262028553793,-1.9726451402775937e-11,1.3413932069540709e-09,0.1,0.0,1
8,899,world,8.99,0.8890000000000001,1.2465476918220522,1.2473651006161952,-0.37607393935005606,0.7070879060175066,0.707087906019205,0.005166542613480095,-0.005166542613467686,-2.40188017970962e-13,0.09998794519178862,0.0015526803675826961,-0.009165261197381086,-1.850993319545604e-12,1.2665763400767034e-10,0.1,0.0,1
8,900,world,9.0,0.8900000000000001,1.246547691822052,1.2483649806176644,-0.37605844799024707,0.7070881420394466,0.7070881420394467,0.005134139382924772,-0.005134139382924772,0.0,0.09998805686949382,0.0015454719223822484,-0.009165260212228844,6.3530777949643754e-12,-4.3746450581211855e-10,0.1,0.0,1
8,901,world,9.01,0.8910000000000001,1.246547691822052,1.2493648617886706,-0.37604303230527714,0.7070883765778343,0.7070883765733456,0.005101736145332652,-0.0051017361453650385,6.348203246212802e-13,0.09998817907235197,0.0015375453799079378,-0.009165259073096647,4.1141612743690417e-11,-2.8509150633026706e-09,0.1,0.0,1
8,902,world,9.02,0.8920000000000001,1.246547691822052,1.2503647442336265,-0.37602769947626297,0.7070886096469422,0.7070886096066211,0.005069332901214013,-0.005069332901503088,5.702409573919632e-12,0.09998831162956377,0.0015289007388463733,-0.009165257779984832,-7.160504837988596e-13,4.994253647736567e-11,0.1,0.0,1
8,903,world,9.03,0.893,1.2465476918220517,1.251364628055157,-0.37601245668418637,0.7070888411949093,0.7070888411911269,0.005036929651552856,-0.0050369296515798,5.349329439238511e-13,0.09998845435484084,0.0015195379988372686,-0.009165256332893097,-1.6501080039374593e-11,1.1581589199179036e-09,0.1,0.0,1
8,904,world,9.040000000000001,0.8940000000000002,1.2465476918220517,1.2523645133539447,-0.37599731110987983,0.7070890712862662,0.7070890712623252,0.0050045263964998855,-0.0050045263966693315,3.3858415931247245e-12,0.09998860704645701,0.0015094571571291136,-0.009165254731821918,1.311702484578761e-11,-9.266110251288077e-10,0.1,0.0,1
8,905,world,9.05,0.8950000000000002,1.2465476918220517,1.2533644002285844,-0.3759822699346961,0.7070892998790544,0.7070892998621667,0.004972123136966467,-0.0049721231370852175,2.388322770573019e-12,0.0999887694871921,0.0014986582122574023,-0.010121139569072192,-3.195967801422491e-11,2.2739357927614074e-09,0.1,0.0,1
8,906,world,9.06,0.8960000000000001,1.2465476918220515,1.254364288775435,-0.3759673403409436,0.7070895741636657,0.7070895741718854,0.0049329608993215895,-0.004932960899264246,-1.1624701482162879e-12,0.09998894148618243,0.0014871383502517174,-0.01593165907103143,-5.2735290316175416e-11,3.792543612854333e-09,0.1,0.0,1
8,907,world,9.07,0.8970000000000001,1.2465476918220522,1.2553641790964454,-0.37595253005151175,0.7070900830203475,0.7070900830570983,0.004859472017944895,-0.004859472017692323,-5.197486358601182e-12,0.0999891247461071,0.0014747652380742828,-0.020786303564297014,-1.7092143795709155e-11,1.2434650831075873e-09,0.1,0.0,1
8,908,world,9.08,0.8980000000000001,1.2465476918220515,1.2563640713103685,-0.3759378481217614,0.707090584259468,0.7070905842852743,0.004785983008511333,-0.004785983008336663,-3.6496221711100345e-12,0.09998932000940121,0.0014614664065793143,-0.020786324001371412,3.2155571839741665e-11,-2.37523318663689e-09,0.1,0.0,1
8,909,world,9.09,0.8990000000000001,1.246547691822052,1.2573639655354167,-0.3759233038090927,0.7070910778670699,0.7070910778702275,0.004712493878263641,-0.004712493878242598,-4.465429690961488e-13,0.09998952690675797,0.0014472418466605886,-0.020786342642238394,2.4322427927560772e-11,-1.8246652584266837e-09,0.1,0.0,1
8,910,world,9.1,0.9000000000000001,1.246547691822052,1.2583638618859725,-0.375908906370697,0.7070915638274874,0.7070915638274873,0.004639004634450085,-0.004639004634450085,0.0,0.09998974504309101,0.0014320915535185345,-0.020786359486888426,1.945449024230788e-11,-1.4825951828635134e-09,0.1,0.0,1
8,911,world,9.11,0.901,1.246547691822052,1.2593637604723444,-0.37589466506394303,0.7070920421577265,0.7070920421399156,0.004565515284101552,-0.004565515284216553,2.5188902946920258e-12,0.09998997399776938,0.0014160155102981905,-0.02078637453531357,4.336808721172099e-17,-1.4216601089092287e-15,0.1,0.0,1
8,912,world,9.120000000000001,0.9020000000000002,1.246547691822052,1.2603636614005043,-0.375880589146338,0.7070925128325869,0.7070925128325868,0.004492025834524198,-0.004492025834524198,0.0,0.09999021332425467,0.0013990137133148978,-0.020786387787505443,-1.002579103351798e-11,7.890441195424153e-10,0.1,0.0,1
8,913,world,9.13,0.9030000000000002,1.246547691822052,1.2613635647718302,-0.3758666878754976,0.7070929758820501,0.7070929758753987,0.0044185362926690355,-0.004418536292710599,9.40644043310888e-13,0.09999046255044541,0.0013810861479196116,-0.02078639924345728,1.7230444625829435e-11,-1.3786244909410181e-09,0.1,0.0,1
8,914,world,9.14,0.9040000000000001,1.2465476918220517,1.2623634706828528,-0.3758529705091509,0.7070934312969248,0.7070934312774269,0.004345046665740288,-0.004345046665860102,2.757492249354474e-12,0.09999072117848125,0.0013622328021390198,-0.020786408903163203,-6.664981115047025e-12,5.423028557677666e-10,0.1,0.0,1
8,915,world,9.15,0.9050000000000001,1.246547691822052,1.263363379224995,-0.3758394463052244,0.7070938790573773,0.7070938790583956,0.004271556961002729,-0.0042715569609965785,-1.4399677960802904e-13,0.09999098868473175,0.0013424536676736733,-0.020786416766617993,-3.4832380286713023e-12,2.8828573884347075e-10,0.1,0.0,1
8,916,world,9.16,0.9060000000000001,1.246547691822052,1.2643632904843152,-0.37582612452184344,0.7070943191985144,0.7070943191830936,0.004198067185386793,-0.004198067185478348,2.1808763133040286e-12,0.09999126451995238,0.001321748728357091,-0.020786422833817902,-5.643749397385026e-12,4.75273276715012e-10,0.1,0.0,1
8,917,world,9.17,0.9070000000000001,1.2465476918220517,1.2653632045412457,-0.3758130144168854,0.707094751682009,0.707094751689749,0.0041245773462659195,-0.004124577346220771,-1.0946252207717227e-12,0.09999154810911855,0.0013001179722753197,-0.02078642710475941,-2.4209367324201236e-12,2.075102803248166e-10,0.1,0.0,1
8,918,world,9.18,0.9080000000000001,1.2465476918220517,1.266363121470344,-0.375800125248562,0.7070951765493076,0.7070951765368216,0.0040510874505406405,-0.004051087450612175,1.7658160970963158e-12,0.09999183885147911,0.0012775613878931152,-0.020786429579440713,-7.004943550699854e-12,6.113201534996171e-10,0.1,0.0,1
8,919,world,9.19,0.909,1.246547691822052,1.267363041340033,-0.3757874662752069,0.7070955937541241,0.7070955937705099,0.003977597505622301,-0.003977597505530127,-2.3173436521787816e-12,0.09999213612052306,0.0012540789667277712,-0.0207864302578604,-2.9926799101757394e-11,2.6599519985630482e-09,0.1,0.0,1
8,920,world,9.200000000000001,0.9100000000000003,1.2465476918220517,1.2683629642123386,-0.3757750467552753,0.7070960033310282,0.7070960033561614,0.0039041075184565875,-0.003904107518317819,-3.554414721446231e-12,0.09999243926413352,0.0012296706911077654,-0.02078642914001774,5.041050078976984e-11,-4.5649290000333415e-09,0.1,0.0,1
8,921,world,9.21,0.9110000000000003,1.2465476918220517,1.2693628901426381,-0.37576287594734015,0.7070964053109466,0.7070964052627716,0.003830617496023407,-0.00383061749628439,6.813074589070205e-12,0.09999274760437499,0.001204336550870043,-0.02078642622591376,4.066304613998306e-11,-3.752907100944969e-09,0.1,0.0,1
8,922,world,9.22,0.9120000000000001,1.2465476918220517,1.2703628191794047,-0.37575096311038,0.7070967996060461,0.7070967995781029,0.0037571274459465504,-0.003757127446095025,3.951813418387113e-12,0.09999306043756746,0.0011780765378285626,-0.02078642151554966,-5.5085710695463796e-11,5.183457537967346e-09,0.1,0.0,1
8,923,world,9.23,0.9130000000000001,1.246547691822052,1.2713627513639407,-0.37573931750303213,0.7070971862466411,0.7070971862717743,0.0036836373751978242,-0.003683637375066892,-3.5544189447009028e-12,0.0999933770343754,0.001150890638265592,-0.020786415008928208,-2.8344687912187816e-11,2.720411559059317e-09,0.1,0.0,1
8,924,world,9.24,0.9140000000000001,1.246547691822052,1.272362686730127,-0.37572794838408946,0.7070975652829627,0.7070975652934935,0.003610147290660002,-0.0036101472906062367,-1.4892850573176367e-12,0.09999369663966085,0.001122778845311586,-0.02078640670605241,3.62939281938351e-11,-3.554238533615307e-09,0.1,0.0,1
8,925,world,9.25,0.9150000000000001,1.246547691822052,1.2733626253041646,-0.37571686501254314,0.7070979366916748,0.7070979366665415,0.003536657199604725,-0.003536657199730433,3.554421546054966e-12,0.09999401847264155,0.0010937411453452836,-0.020786396606926924,-6.09928778545687e-13,6.096729203836652e-11,0.1,0.0,1
8,926,world,9.26,0.9160000000000001,1.246547691822052,1.2743625671043195,-0.3757060766474684,0.7070983004261264,0.7070983004375194,0.0034631671094081324,-0.0034631671093523324,-1.6112481967881706e-12,0.09999434172671583,0.0010637775335000995,-0.02078638471155711,-4.1557903251508665e-12,4.242432727944184e-10,0.1,0.0,1
8,927,world,9.27,0.917,1.246547691822052,1.2753625121406622,-0.3756955925480127,0.7070986565559169,0.7070986565367835,0.003389677026869719,-0.0033896770269614394,2.705881717817553e-12,0.09999466556955883,0.001032888005588218,-0.020786371019948468,-8.72362084690026e-12,9.098790212341336e-10,0.1,0.0,1
8,928,world,9.28,0.918,1.246547691822052,1.2763624604148125,-0.37568542197349264,0.7070990050105397,0.7070990050348007,0.00331618695947497,-0.0033161869593611895,-3.4310798158484153e-12,0.09999498914316951,0.0010010725535220585,-0.020786355532108607,-9.542150124932677e-12,1.0173057810785195e-09,0.1,0.0,1
8,929,world,9.290000000000001,0.9190000000000003,1.2465476918220517,1.277362411919686,-0.3756755741834444,0.7070993458631394,0.7070993458583934,0.003242696914021302,-0.003242696914043067,6.712011402691742e-13,0.0999953115638137,0.0009683311705355122,-0.020786338248045367,1.0142971605164263e-11,-1.1058691328067378e-09,0.1,0.0,1
8,930,world,9.3,0.9200000000000002,1.246547691822052,1.27836236663922,-0.3756660584367841,0.707099679056314,0.7070996790649352,0.003169206897921695,-0.003169206897883055,-1.219229101434135e-12,0.09999563192194623,0.0009346638597106151,-0.020786319167767894,-3.0966548992659513e-12,3.454429716255615e-10,0.1,0.0,1
8,931,world,9.31,0.9210000000000002,1.2465476918220517,1.2793623245481351,-0.37565688399280384,0.7071000046221637,0.7071000046223032,0.0030957169181733348,-0.0030957169181727237,-1.97276964170955e-14,0.09999594928235758,0.0009000706195465462,-0.020911337622056502,-4.642597104505386e-12,5.302633626876761e-10,0.1,0.0,1
8,932,world,9.32,0.9220000000000002,1.2465476918220515,1.2803622856116599,-0.37564806010934204,0.7071003263159437,0.7071003263320642,0.003021342828509434,-0.003021342828440552,-2.2798298306492872e-12,0.09999626263788947,0.0008645567964182528,-0.02247194023806059,-1.2271087027643944e-11,1.4383308416673088e-09,0.1,0.0,1
8,933,world,9.33,0.9230000000000002,1.2465476918220517,1.2813622497560406,-0.3756395925559398,0.7071006824257886,0.7071006824462697,0.0029368177509258896,-0.002936817750840825,-2.896493670896818e-12,0.09999656309909588,0.0008290768170301727,-0.02390753087354391,9.468684607211368e-12,-1.1398662728113948e-09,0.1,0.0,1
8,934,world,9.34,0.9240000000000002,1.2465476918220517,1.282362216812152,-0.37563147611392883,0.7071010284445989,0.7071010284445989,0.002852292514917102,-0.002852292514917102,0.0,0.09999684511323678,0.0007943345638551018,-0.023907562433007304,8.834036017480199e-12,-1.094978760165387e-09,0.1,0.0,1
8,935,world,9.35,0.925,1.246547691822052,1.28336218659938,-0.3756237034055719,0.7071013643471309,0.7071013643521262,0.0027677671314558644,-0.002767767131436312,-7.064505410566491e-13,0.09999710944929668,0.0007603300502956147,-0.02390759125955182,2.168404365627814e-17,-1.26578910777613e-14,0.1,0.0,1
8,936,world,9.36,0.926,1.246547691822052,1.284362158944721,-0.3756162670537829,0.7071016901510385,0.7071016901510384,0.0026832416113402465,-0.0026832416113402465,0.0,0.09999735685995981,0.0007270632859998214,-0.023907617353157676,-1.6497220413694008e-13,2.1739147385183537e-11,0.1,0.0,1
8,937,world,9.370000000000001,0.9270000000000003,1.246547691822052,1.2853621336826164,-0.37560915968069475,0.7071020058461023,0.707102005851405,0.002598715965479358,-0.0025987159654598697,-7.499223924223262e-13,0.09999758808156795,0.0006945342821363435,-0.023907640713806765,-2.168404365627659e-17,5.352401244687959e-15,0.1,0.0,1
8,938,world,9.38,0.9280000000000002,1.2465476918220517,1.2863621106547898,-0.375602373908934,0.7071023114427039,0.7071023114427039,0.0025141902047043684,-0.0025141902047043684,0.0,0.09999780383415405,0.0006627430467745867,-0.023907661341483297,1.5318345696280046e-11,-2.154072478915996e-09,0.1,0.0,1
8,939,world,9.39,0.9290000000000002,1.2465476918220517,1.2873620897100837,-0.3755959023605598,0.7071026069454042,0.7071026069202432,0.002429664339871452,-0.0024296643399579075,3.558329036485726e-12,0.09999800482144094,0.0006316895844281434,-0.02390767923617318,1.780873642615934e-11,-2.591394460503976e-09,0.1,0.0,1
8,940,world,9.4,0.9300000000000002,1.246547691822052,1.2883620707042949,-0.3755897376579819,0.7071028923373768,0.7071028923007282,0.0023451383819100623,-0.002345138382031609,5.182917092546191e-12,0.09999819173079282,0.0006013739033261973,-0.023907694397863815,-2.7123355903194298e-11,4.089048070453549e-09,0.1,0.0,1
8,941,world,9.41,0.9310000000000002,1.2465476918220517,1.2893620535000119,-0.3755838724232338,0.7071031675850001,0.707103167617668,0.002260612341795395,-0.0022606123416909554,-4.619952684310404e-12,0.09999836523327024,0.0005717960068859922,-0.02390770682654499,-1.9534677880981252e-11,3.0551067539070218e-09,0.1,0.0,1
8,942,world,9.42,0.9320000000000002,1.246547691822052,1.2903620379664547,-0.3755782992785706,0.7071034327763387,0.7071034327828966,0.002176086230112182,-0.002176086230092,-9.274340296821023e-13,0.09999852598360949,0.0005429558963481603,-0.023907716522208237,3.075909781900115e-11,-4.997420651537021e-09,0.1,0.0,1
8,943,world,9.43,0.933,1.2465476918220522,1.291362023979307,-0.37557301084603867,0.7071036878728602,0.7071036878348528,0.002091560057861819,-0.0020915600579742423,5.375085545998006e-12,0.0999986746202,0.0005148535746905536,-0.023907723484846818,2.7432700469996926e-12,-4.6370166212299204e-10,0.1,0.0,1
8,944,world,9.44,0.934,1.246547691822052,1.2923620114205563,-0.3755679997477919,0.7071039328240092,0.7071039328240092,0.0020070338360614506,-0.0020070338360614506,0.0,0.09999881176510778,0.0004874890424860056,-0.023907727714455956,-2.020406430864868e-11,3.5590387525143294e-09,0.1,0.0,1
8,945,world,9.450000000000001,0.9350000000000003,1.246547691822052,1.2933620001783264,-0.3755632586059213,0.707104167683876,0.7071041676962017,0.001922507575419603,-0.0019225075753860912,-1.7431293318357532e-12,0.09999893802406355,0.0004608622999324801,-0.023907729211032736,9.674466181510421e-12,-1.779131465021639e-09,0.1,0.0,1
8,946,world,9.46,0.9360000000000002,1.2465476918220522,1.2943619901467183,-0.3755587800425249,0.7071043924644937,0.7071043924393328,0.0018379812867800915,-0.0018379812868454927,3.5583197364661292e-12,0.09999905398647428,0.00043497334424526344,-0.02390772797457624,2.080193676034301e-12,-4.0013857028156754e-10,0.1,0.0,1
8,947,world,9.47,0.9370000000000002,1.2465476918220522,1.2953619812256465,-0.37555455667976184,0.7071046071062718,0.7071046071129387,0.0017534549811700543,-0.0017534549811535224,-9.42824551142508e-13,0.09999916022538581,0.00040982217804421696,-0.02390772400508728,-4.063025996051665e-12,8.192294038779454e-10,0.1,0.0,1
8,948,world,9.48,0.9380000000000002,1.246547691822052,1.296361973320674,-0.3755505811397117,0.7071048116698796,0.7071048116563043,0.0016689286693043683,-0.001668928669336409,1.9198378348839084e-12,0.09999925729754788,0.00038540879442079657,-0.023907717302568486,3.707884729049103e-12,-7.854973918252263e-10,0.1,0.0,1
8,949,world,9.49,0.9390000000000002,1.2465476918220522,1.297361966342847,-0.37554684604461946,0.7071050061145767,0.7071050061101349,0.0015844023621541606,-0.001584402362164113,6.281590159381683e-13,0.09999934574333531,0.000361733195722257,-0.023907707867024553,-4.301745632663587e-12,9.599183072358555e-10,0.1,0.0,1
8,950,world,9.5,0.9400000000000002,1.2465476918220522,1.2983619602085354,-0.3755433440165751,0.7071051904573837,0.7071051904573838,0.0014998760705485622,-0.0014998760705485622,0.0,0.09999942608682648,0.0003387953738306546,-0.02390769569846194,-1.332419430547434e-12,3.140753827364967e-10,0.1,0.0,1
8,951,world,9.51,0.9410000000000001,1.2465476918220522,1.2993619548392696,-0.37554006767792075,0.7071053646981675,0.7071053646981675,0.0014153498053591886,-0.0014153498053591886,0.0,0.09999949883573633,0.00031659532777742475,-0.023907680796888833,5.614551845724047e-12,-1.4025160990195098e-09,0.1,0.0,1
8,952,world,9.52,0.9420000000000001,1.2465476918220522,1.3003619501615737,-0.3755370096507788,0.7071055288446207,0.7071055288247862,0.0013308235774428165,-0.0013308235774801462,2.8050142518626585e-12,0.09999956448144637,0.0002951330565219696,-0.02390766316231563,-2.1684043656278176e-17,1.295814308459957e-14,0.1,0.0,1
8,953,world,9.53,0.9430000000000001,1.2465476918220522,1.3013619461068058,-0.37553416255759414,0.7071056828669929,0.707105682866993,0.0012462973977259019,-0.0012462973977259019,0.0,0.09999962349902175,0.000274408552890458,-0.02390764279475452,-4.943940269587415e-12,1.4025067042803426e-09,0.1,0.0,1
8,954,world,9.540000000000001,0.9440000000000002,1.2465476918220522,1.3023619426109916,-0.37553151902053655,0.707105826795042,0.707105826795042,0.0011617712770228467,-0.0011617712770228467,0.0,0.09999967634718382,0.000254421812126965,-0.023907619694219256,-1.7652112578828222e-12,5.371932996874669e-10,0.1,0.0,1
8,955,world,9.55,0.9450000000000002,1.2465476918220524,1.303361939614663,-0.3755290716621533,0.7071059606150627,0.7071059606226598,0.0010772452262284805,-0.0010772452262169066,-1.0743871194073089e-12,0.099999723468304,0.0002351728358678316,-0.023907593860725704,-1.04872708739218e-12,3.441963437146017e-10,0.1,0.0,1
8,956,world,9.56,0.9460000000000002,1.246547691822052,1.3043619370626893,-0.37552681310467007,0.7071060843360326,0.7071060843409003,0.0009927192561991472,-0.0009927192561923134,-6.883929507348286e-13,0.09999976528844949,0.00021666161407841368,-0.023907565294291718,-1.9325361807565013e-12,6.882514931341727e-10,0.1,0.0,1
8,957,world,9.57,0.9470000000000002,1.2465476918220522,1.3053619349041274,-0.37552473597073166,0.7071061979452125,0.707106197962543,0.0009081933778233177,-0.0009081933778010585,-2.450936638217334e-12,0.09999980221733384,0.00019888814472938726,-0.023907533994936774,4.613301971916365e-12,-1.79592261247751e-09,0.1,0.0,1
8,958,world,9.58,0.9480000000000002,1.2465476918220524,1.3063619330920444,-0.37552283288262184,0.7071063014753856,0.707106301454855,0.0008236676019302658,-0.0008236676019541809,2.9034811161233325e-12,0.0999998346483397,0.00018185242566455282,-0.02028657649626916,2.899297575395353e-12,-1.2254485971782025e-09,0.1,0.0,1
8,959,world,9.59,0.9490000000000001,1.2465476918220522,1.3073619315842997,-0.3755210970200599,0.7071063676449132,0.7071063676449133,0.0007647457203502113,-0.0007647457203502113,0.0,0.09999986329382275,0.000165351796977183,-0.015895974010311516,4.565716313847036e-12,-2.103306228447256e-09,0.1,0.0,1
8,960,world,9.6,0.9500000000000001,1.2465476918220522,1.308361930348141,-0.3755195253686303,0.7071064234865942,0.7071064234363184,0.0007112661580778383,-0.00071126615812841,7.110090170932943e-12,0.09999988899174125,0.00014900214571465472,-0.015126316519793032,-3.5759373029717024e-12,1.7775150767014027e-09,0.1,0.0,1
8,961,world,9.61,0.9510000000000001,1.2465476918220522,1.3093619293545968,-0.37551811650453737,0.7071064752207125,0.7071064752458505,0.0006577865647193037,-0.000657786564695919,-3.55504624675451e-12,0.09999991182830759,0.0001327943173171095,-0.015126323833049377,-6.614159115437478e-12,3.555035186498883e-09,0.1,0.0,1
8,962,world,9.620000000000001,0.9520000000000002,1.2465476918220522,1.3103619285754007,-0.3755168690095591,0.7071065229603802,0.7071065229603802,0.0006043069429168393,-0.0006043069429168393,0.0,0.09999993187248535,0.00011672830971507832,-0.015126330454112836,3.0382218124659703e-12,-1.7775206609778008e-09,0.1,0.0,1
8,963,world,9.63,0.9530000000000002,1.2465476918220524,1.311361927982968,-0.3755157814654556,0.7071065666427448,0.7071065666427448,0.0005508272954839999,-0.0005508272954839999,0.0,0.0999999491926255,0.00010080412848326459,-0.015126336382981593,2.059165562934722e-12,-1.321685212200792e-09,0.1,0.0,1
8,964,world,9.64,0.9540000000000002,1.2465476918220524,1.3123619275503993,-0.37551485245416544,0.707106606289714,0.7071066062710225,0.0004973476251557017,-0.0004973476251688486,2.6433865102827195e-12,0.09999996385648435,8.502177266111708e-05,-0.015126341619654008,8.467239528640695e-13,-6.019178274495782e-10,0.1,0.0,1
8,965,world,9.65,0.9550000000000002,1.2465476918220522,1.3133619272514672,-0.3755140805573393,0.7071066418775005,0.7071066418689881,0.0004438679347021876,-0.000443867934707531,1.2038450016631019e-12,0.09999997593121068,6.93812459356106e-05,-0.015126346164128647,-3.8909088773016456e-12,3.099210974831704e-09,0.1,0.0,1
8,966,world,9.66,0.9560000000000002,1.2465476918220522,1.3143619270606144,-0.37551346435656047,0.7071066734087984,0.7071066734339364,0.0003903882268718921,-0.0003903882268580136,-3.555050884084489e-12,0.09999998548335219,5.388255146898675e-05,-0.015126350016404244,-1.6839042160685417e-12,1.5250179083173076e-09,0.1,0.0,1
8,967,world,9.67,0.9570000000000001,1.2465476918220524,1.315361926952946,-0.3755130024335239,0.7071067009182056,0.7071067009312603,0.000336908504398877,-0.00033690850439265695,-1.8462161641945017e-12,0.09999999257885755,3.8525685382150754e-05,-0.015126353176479765,-1.5427627767161394e-12,1.6189812451650616e-09,0.1,0.0,1
8,968,world,9.68,0.9580000000000001,1.2465476918220526,1.3163619269042204,-0.3755126933699108,0.7071067243593199,0.7071067244073538,0.0002834287700601264,-0.000283428770040873,-6.793042044395971e-12,0.09999999728306694,2.3310654356761026e-05,-0.015126355644354349,1.2556687508525083e-12,-1.5663391270712629e-09,0.1,0.0,1
8,969,world,9.69,0.9590000000000001,1.2465476918220522,1.3173619268908512,-0.37551253574765325,0.7071067438017244,0.7071067437926277,0.00022994902658089055,-0.0002299490265838488,1.2864775738341784e-12,0.09999999966072166,8.237455163749206e-06,-0.015126357420027279,2.912378465825731e-12,-4.477866137266443e-09,0.1,0.0,1
8,970,world,9.700000000000001,0.9600000000000002,1.2465476918220524,1.3183619268898925,-0.37551252814818015,0.7071067591738944,0.7071067591586018,0.0001764692767426789,-0.0001764692767464954,2.1627125917805955e-12,0.09999999977595797,-6.693908286617351e-06,-0.015126358503498076,3.169258487532305e-14,-6.349231564495353e-11,0.1,0.0,1
8,971,world,9.71,0.9610000000000002,1.2465476918220524,1.3193619268790389,-0.37551266915309045,0.7071067704955486,0.7071067704855539,0.000122989523289512,-0.00012298952329125042,1.4134550042763328e-12,0.09999999769231038,-2.1483433609195178e-05,-0.01512635889476652,-7.63503981918524e-13,2.1948286023550725e-09,0.1,0.0,1
8,972,world,9.72,0.9620000000000002,1.2465476918220522,1.3203619268366176,-0.3755129573440164,0.7071067777622113,0.7071067777779582,6.950976897373832e-05,-6.950976897219038e-05,-2.2269338874449367e-12,0.09999999347270955,-3.613112298825969e-05,-0.015126358593832405,-4.884119047435703e-13,2.484253433669813e-09,0.1,0.0,1
8,973,world,9.73,0.9630000000000002,1.2465476918220524,1.3213619267415815,-0.37551339130261335,0.7071067809922794,0.7071067810174173,1.6030016545840555e-05,-1.603001654527068e-05,-3.55505453518597e-12,0.09999998717948394,-5.063697314429362e-05,-0.015126357600695854,5.048451910159181e-14,-1.1134700114785257e-09,0.1,0.0,1
8,974,world,9.74,0.9640000000000002,1.2465476918220524,1.3223619265735027,-0.3755139696107191,0.7071067801948427,0.7071067801948427,-3.7449731238627355e-05,3.7449731238627355e-05,0.0,0.0999999788743584,-6.500098365947662e-05,-0.015126355915357145,-6.351391875912672e-14,-5.996197760824899e-10,0.1,0.0,1
8,975,world,9.75,0.9650000000000001,1.246547691822052,1.323361926312567,-0.3755146908496706,0.7071067753317403,0.7071067753483983,-9.092947162743265e-05,9.092947162529052e-05,-2.355800641257959e-12,0.09999996861845291,-7.922315591992864e-05,-0.015126353537816698,-6.141083758702779e-13,-2.3877829808145085e-09,0.1,0.0,1
8,976,world,9.76,0.9660000000000001,1.2465476918220524,1.3243619259395707,-0.3755155536010624,0.7071067664574143,0.7071067664236459,-0.00014440920186099658,0.00014440920186789297,4.775571424432333e-12,0.0999999564722884,-9.33034856032355e-05,-0.015126350468075249,-3.8498935089601173e-13,-9.425648206714765e-10,0.1,0.0,1
8,977,world,9.77,0.9670000000000001,1.2465476918220522,1.3253619254359124,-0.3755165564464807,0.7071067534945641,0.7071067534978923,-0.00019788891920012556,0.00019788891919919412,-4.706936286839234e-13,0.09999994249578081,-0.00010724197189012418,-0.015126346706133567,4.1970008358050157e-13,7.498472400242786e-10,0.1,0.0,1
8,978,world,9.78,0.9680000000000001,1.2465476918220524,1.3263619247835838,-0.3755176979676101,0.7071067365187493,0.7071067364955853,-0.0002513686208746818,0.0002513686208829164,3.2758878153317733e-12,0.09999992674823667,-0.00012103861905109907,-0.015126342251992704,1.0964590822266691e-12,1.5421849351093615e-09,0.1,0.0,1
8,979,world,9.790000000000001,0.9690000000000002,1.2465476918220522,1.3273619239651695,-0.37551897674609086,0.7071067154607826,0.7071067154859206,-0.0003048483041540847,0.0003048483041432472,-3.5550555535793073e-12,0.09999990928837332,-0.00013469341894489475,-0.015126337105653906,1.4135285877682956e-12,1.6393607082761821e-09,0.1,0.0,1
8,980,world,9.8,0.9700000000000002,1.2465476918220524,1.3283619229638373,-0.3755203913633107,0.7071066903947766,0.7071066903947967,-0.0003583279662560564,0.00035832796625604623,-2.846782358111016e-15,0.09999989017428824,-0.00014820637736534474,-0.015126331267118565,-4.364520914114545e-12,-4.306363883297778e-09,0.1,0.0,1
8,981,world,9.81,0.9710000000000002,1.2465476918220522,1.3293619217633337,-0.37552194040083053,0.7071066612893597,0.7071066612535966,-0.0004118076044373563,0.0004118076044581843,5.057694592952218e-12,0.09999986946348559,-0.00016157749176284704,-0.015126324736388275,1.9078217811003198e-12,1.6379428831482635e-09,0.1,0.0,1
8,982,world,9.82,0.9720000000000002,1.2465476918220522,1.3303619203479748,-0.3755236224402062,0.707106628091841,0.7071066281150251,-0.0004652872159782668,0.0004652872159630113,-3.2787300495319807e-12,0.09999984721286893,-0.00017480675865398442,-0.015126317513464863,1.300343301540185e-12,9.880824575020243e-10,0.1,0.0,1
8,983,world,9.83,0.9730000000000001,1.2465476918220522,1.3313619187026446,-0.3755254360631586,0.7071065909015534,0.7071065908797638,-0.000518766798063483,0.0005187667980794689,3.081522750833827e-12,0.0999998234787229,-0.00018789418368124868,-0.014932490482627545,-3.3776855136380524e-12,-2.3050347691437392e-09,0.1,0.0,1
8,984,world,9.84,0.9740000000000001,1.2465476918220522,1.3323619168127883,-0.37552737985109874,0.707106550745665,0.707106550736251,-0.0005708758403305353,0.0005708758403381355,1.3313292243162059e-12,0.09999979831762998,-0.00020083932217004687,-0.010605763227471589,3.0947466869443543e-13,1.9669016145521042e-10,0.1,0.0,1
8,985,world,9.85,0.9750000000000001,1.2465476918220524,1.3333619146661513,-0.3755294515539554,0.7071065319041386,0.7071065318851307,-0.0005937608458010114,0.0005937608458169725,2.68812825313702e-12,0.0999997722919235,-0.00021340469406703807,-0.006472859533753821,4.10930512994804e-12,2.446881363360896e-09,0.1,0.0,1
8,986,world,9.86,0.9760000000000001,1.2465476918220524,1.3343619122577224,-0.37553164601366545,0.7071065122950573,0.7071065123202473,-0.0006166458529008666,0.0006166458528788992,-3.5623911921497503e-12,0.09999974599484904,-0.00022539069562918374,-0.0064728601368552316,-7.274996582457444e-13,-4.1711998675786937e-10,0.1,0.0,1
8,987,world,9.870000000000001,0.9770000000000002,1.2465476918220524,1.335361909585839,-0.37553395743655793,0.7071064919924644,0.7071064919675576,-0.0006395308613500102,0.0006395308613725368,3.5223494848747023e-12,0.09999971963472765,-0.000236797330788149,-0.00647286068571689,-5.9941418190321746e-12,-3.313758850963285e-09,0.1,0.0,1
8,988,world,9.88,0.9780000000000002,1.2465476918220522,1.3363619066508698,-0.3755363800290597,0.7071064709225474,0.7071064709008738,-0.0006624158709972693,0.000662415871017573,3.065098920465014e-12,0.09999969340982895,-0.00024762459533921374,-0.006472861180338684,7.291384298306413e-12,3.891646267787231e-09,0.1,0.0,1
8,989,world,9.89,0.9790000000000002,1.2465476918220524,1.337361903455115,-0.37553890799736384,0.7071064490876865,0.707106449117816,-0.0006853008816271903,0.00068530088159799,-4.260946016859262e-12,0.0999996675083315,-0.00025787249397868443,-0.006472861620720617,6.423138934941142e-12,3.3137619516916883e-09,0.1,0.0,1
8,990,world,9.9,0.9800000000000002,1.246547691822052,1.3383619000027094,-0.3755415355478019,0.7071064265405378,0.7071064265657279,-0.0007081858929736573,0.000708185892948429,-3.5623903404317227e-12,0.09999964210835977,-0.00026754102482084665,-0.006472862006862794,-4.2674631219700425e-12,-2.130472889211755e-09,0.1,0.0,1
8,991,world,9.91,0.9810000000000001,1.246547691822052,1.3393618962995162,-0.3755442568867127,0.7071064032628557,0.7071064032628557,-0.0007310709048370404,0.0007310709048370404,0.0,0.09999961737795288,-0.000276630191821932,-0.006472862338765015,-6.0889661411046445e-12,-2.9446933461972707e-09,0.1,0.0,1
8,992,world,9.92,0.9820000000000001,1.2465476918220522,1.3403618923530294,-0.37554706622044215,0.7071063792401466,0.7071063792236925,-0.0007539559170160753,0.0007539559170336198,2.326982983293588e-12,0.09999959347509484,-0.0002851399932897368,-0.006472862616427207,-2.1396729888942727e-12,-1.0033629755857945e-09,0.1,0.0,1
8,993,world,9.93,0.9830000000000001,1.2465476918220524,1.3413618881722724,-0.37554995775534367,0.7071063544674198,0.70710635445323,-0.0007768409293009304,0.0007768409293165195,2.0067426095788964e-12,0.0999995705476962,-0.0002930704289634733,-0.006472862839849639,2.5564511463104614e-12,1.1634836499809185e-09,0.1,0.0,1
8,994,world,9.94,0.9840000000000001,1.2465476918220522,1.342361883767696,-0.3755529256977779,0.7071063289480717,0.7071063289480717,-0.000799725941472935,0.000799725941472935,0.0,0.0999995487335873,-0.00030042150205827754,-0.006472863009032122,6.1430678295487716e-12,2.715807767308561e-09,0.1,0.0,1
8,995,world,9.950000000000001,0.9850000000000002,1.2465476918220522,1.3433618791510817,-0.375555964254138,0.7071063026830514,0.707106302707269,-0.0008226109533158286,0.0008226109532876551,-3.4248951246964575e-12,0.09999952816054895,-0.0003071932088746397,-0.006472863123974585,2.7594246351630555e-12,1.185972178499212e-09,0.1,0.0,1
8,996,world,9.96,0.9860000000000002,1.2465476918220524,1.3443618743354364,-0.3755590676308224,0.7071062756932045,0.7071062757099768,-0.0008454959645894299,0.0008454959645693749,-2.3719674757037205e-12,0.0999995089462539,-0.0003133855582018257,-0.006472863184677182,-5.836737347521151e-12,-2.440687206532636e-09,0.1,0.0,1
8,997,world,9.97,0.9870000000000002,1.246547691822052,1.345361869334895,-0.3755622300341522,0.7071062479725126,0.7071062479622137,-0.0008683809750838577,0.0008683809750965056,1.456485747817542e-12,0.09999949119835111,-0.00031899854372499084,-0.006472863191139763,-4.768212737703635e-12,-1.941318629178233e-09,0.1,0.0,1
8,998,world,9.98,0.9880000000000002,1.246547691822052,1.3463618641646173,-0.37556544567051614,0.7071062194978193,0.707106219487137,-0.0008912659846116089,0.0008912659846250733,1.510704729206596e-12,0.09999947501439513,-0.00032403216717773013,-0.006472863143362401,-7.616585319160091e-12,-3.021388455654944e-09,0.1,0.0,1
8,999,world,9.99,0.9890000000000001,1.246547691822052,1.3473618588406884,-0.375568708746309,0.7071061903034498,0.7071061902504218,-0.0009141509929138633,0.0009141509929824183,7.499302501646579e-12,0.09999946048186888,-0.00032848643068880375,-0.0064728630413451345,4.841504804615105e-13,1.8725199696491755e-10,0.1,0.0,1
8,1000,world,10.0,0.9900000000000001,1.246547691822052,1.3483618533800195,-0.37557201346793023,0.7071061603247535,0.7071061603167194,-0.0009370359998585243,0.000937035999869171,1.13619618632796e-12,0.09999944767819471,-0.0003323613334888351,-0.00647286288508791,7.015308477922785e-12,2.646937697915141e-09,0.1,0.0,1
8,1001,world,10.01,0.9910000000000001,1.2465476918220522,1.349361847800242,-0.37557535404178344,0.7071061296316776,0.7071061296160831,-0.0009599210051391367,0.0009599210051603069,2.2054098486630127e-12,0.09999943667071515,-0.0003356568778267915,-0.006472862674590814,1.542407695698389e-12,5.680866821761632e-10,0.1,0.0,1
8,1002,world,10.02,0.9920000000000001,1.246547691822052,1.3503618421196133,-0.375578724674275,0.707106098186368,0.7071060981863679,-0.0009828060085900253,0.0009828060085900253,0.0,0.09999942751671775,-0.0003383730614462117,-0.006472862409853676,1.2638902520206169e-11,4.5466893510234014e-09,0.1,0.0,1
8,1003,world,10.03,0.9930000000000001,1.246547691822052,1.3513618363569124,-0.37558211957182575,0.7071060659838471,0.7071060660325525,-0.0010056910100036563,0.0010056910099343842,-6.888010897200575e-12,0.09999942026340476,-0.00034050988672008545,-0.006472862090876637,2.1684043464850813e-17,1.006357727753148e-14,0.1,0.0,1
8,1004,world,10.040000000000001,0.9940000000000002,1.246547691822052,1.3523618305313407,-0.37558553294083324,0.7071060330893759,0.7071060330893759,-0.0010285760090709716,0.0010285760090709716,0.0,0.0999994149479226,-0.00034206735184222185,-0.006472861717659749,-1.0019480911673219e-11,-3.4439834620105626e-09,0.1,0.0,1
8,1005,world,10.05,0.9950000000000002,1.246547691822052,1.3533618246624204,-0.3755889589876924,0.707105999429897,0.707105999429897,-0.0010514610056801372,0.0010514610056801372,0.0,0.09999941159734022,-0.00034304545725102664,-0.006472861290203004,2.904642674247322e-12,9.766799463048014e-10,0.1,0.0,1
8,1006,world,10.06,0.9960000000000002,1.2465476918220522,1.3543618187698938,-0.37559239191881116,0.7071059650228574,0.7071059650366698,-0.0010743459995912754,0.0010743459995702894,-1.953369161974064e-12,0.09999941022865794,-0.00034344420301149166,-0.006472860808506443,-8.551818113799206e-12,-2.8142808448244738e-09,0.1,0.0,1
8,1007,world,10.07,0.9970000000000001,1.246547691822052,1.3553618128736238,-0.37559582594059465,0.707105929908876,0.7071059298690759,-0.001097230990526288,0.0010972309905880467,5.628592184865532e-12,0.09999941084879699,-0.00034326359187291354,-0.0064728602725699766,-4.6435728558679205e-12,-1.4962569969031181e-09,0.1,0.0,1
8,1008,world,10.08,0.9980000000000001,1.2465476918220517,1.35636180699349,-0.3755992552594446,0.7071058940112087,0.7071058940038608,-0.0011201159783877398,0.0011201159783993796,1.0391602413517557e-12,0.09999941345463864,-0.0003425036178467763,-0.006472859682393715,5.117846254530905e-12,1.6153787938523857e-09,0.1,0.0,1
8,1009,world,10.09,0.9990000000000001,1.2465476918220522,1.3573618011492927,-0.37560267408175724,0.707105857393918,0.707105857376963,-0.0011430009628605171,0.001143000962887924,2.3978005596452746e-12,0.09999941803296832,-0.0003411642824990335,-0.006413778079673598,1.0339602445214755e-12,3.198820675005757e-10,0.1,0.0,1
8,1010,world,10.1,1.0,1.246547691822052,1.358361795358838,-0.3756060771465707,0.7071058207127989,0.7071058207099749,-0.001165468178886186,0.0011654681788908407,3.9939666337760943e-13,0.09999942380407946,-0.0003394684847038201,-0.0063313670445831055,8.220182352799073e-12,2.4938230681985712e-09,0.1,0.0,1
8,1011,world,10.11,1.0010000000000001,1.246547691822052,1.3593617896221442,-0.37560946437867315,0.707105783591438,0.7071057836097512,-0.0011877704277935808,0.001187770427762819,-2.5898833855962246e-12,0.09999942869069382,-0.0003380259381217374,-0.006308037578235091,-1.0461586031488446e-11,-3.1140020671404516e-09,0.1,0.0,1
8,1012,world,10.120000000000001,1.0020000000000002,1.246547691822052,1.3603617839293516,-0.3756128386253907,0.7071057458098133,0.7071057457629505,-0.001210072677388424,0.0012100726774686205,6.627414465158317e-12,0.09999943258666127,-0.00033687140838901014,-0.006308038102475363,-3.832080055126231e-12,-1.1196432108110213e-09,0.1,0.0,1
8,1013,world,10.13,1.0030000000000001,1.2465476918220524,1.3613617782706082,-0.37561620276685065,0.7071057072675095,0.7071057072699884,-0.0012323749276419624,0.0012323749276376417,-3.505950162646493e-13,0.09999943550198265,-0.0003360048880824624,-0.006308038576514627,1.155049364212585e-11,3.313691375021949e-09,0.1,0.0,1
8,1014,world,10.14,1.0040000000000002,1.246547691822052,1.3623617726361468,-0.37561955968318284,0.707105668047696,0.707105668047696,-0.0012546771782123761,0.0012546771782123761,0.0,0.09999943744413048,-0.0003354263815455443,-0.006308039000352869,-6.898453167448491e-12,-1.943895188966706e-09,0.1,0.0,1
8,1015,world,10.15,1.0050000000000001,1.246547691822052,1.3633617670162648,-0.3756229122545198,0.7071056281357293,0.7071056281107173,-0.0012769794289239763,0.001276979428969146,3.5372204294068657e-12,0.09999943841810012,-0.0003351358897575586,-0.006308039373990069,0.0,-7.039902587536869e-16,0.1,0.0,1
8,1016,world,10.16,1.006,1.246547691822052,1.3643617614012928,-0.3756262633609956,0.7071055874953308,0.7071055874953308,-0.0012992816796426885,0.0012992816796426885,0.0,0.09999943842641293,-0.0003351334093339494,-0.006308039697426195,6.0494903397641465e-12,1.646157004217e-09,0.1,0.0,1
8,1017,world,10.17,1.0070000000000001,1.2465476918220522,1.3653617557815745,-0.37562961588274507,0.707105546164885,0.7071055461631532,-0.0013215839300994715,0.0013215839301027083,2.4491591515792714e-13,0.09999943746908127,-0.00033541894297623836,-0.0063080399706612654,3.680215856725474e-13,9.844747956236773e-11,0.1,0.0,1
8,1018,world,10.18,1.008,1.246547691822052,1.366361750147447,-0.37563297269990265,0.7071055041285921,0.7071055041299844,-0.0013438861801234052,0.001343886180120759,-1.968961872000007e-13,0.09999943554363588,-0.00033599249130519186,-0.006308040193695206,6.722411260585275e-12,1.768532244275049e-09,0.1,0.0,1
8,1019,world,10.19,1.0090000000000001,1.2465476918220522,1.3673617444892034,-0.37563633669260166,0.707105461379499,0.7071054614027783,-0.00136618842952849,0.0013661884294835123,-3.292193854576419e-12,0.09999943264512903,-0.0003368540519326906,-0.006308040366528042,2.8800746529002073e-13,7.453731083986154e-11,0.1,0.0,1
8,1020,world,10.200000000000001,1.0100000000000002,1.2465476918220517,1.368361738797081,-0.3756397107409732,0.7071054179483475,0.7071054179507938,-0.0013884906780555711,0.0013884906780507673,-3.459669006747936e-13,0.09999942876611584,-0.00033800362501621383,-0.00630804048915976,5.328636840865649e-13,1.3569470843685469e-10,0.1,0.0,1
8,1021,world,10.21,1.0110000000000001,1.2465476918220517,1.3693617330612262,-0.37564309772514637,0.7071053737919853,0.7071053738171836,-0.0014107929255890443,0.0014107929255387699,-3.5635830166819366e-12,0.09999942389666033,-0.00033944121146586024,-0.006308040561590406,-1.905428940893963e-11,-4.775094893959163e-09,0.1,0.0,1
8,1022,world,10.22,1.0120000000000002,1.246547691822052,1.3703617272716724,-0.37564650052524684,0.7071053289887227,0.7071053289236386,-0.0014330951717725993,0.0014330951719045057,9.204297383566195e-12,0.09999941802434217,-0.00034116681091738484,-0.006308040583819956,-9.534690751595321e-12,-2.3522614406700396e-09,0.1,0.0,1
8,1023,world,10.23,1.0130000000000001,1.2465476918220522,1.3713617214183196,-0.37564992202139597,0.7071052834083934,0.7071052834003255,-0.0014553974166691185,0.001455397416685724,1.1409587318641458e-12,0.09999941113425284,-0.0003431804229145101,-0.006308040555848298,2.4950375983217073e-11,6.0610456367607155e-09,0.1,0.0,1
8,1024,world,10.24,1.0140000000000002,1.246547691822052,1.372361715490905,-0.3756533650937101,0.707105237138805,0.7071052371594377,-0.0014776996599024093,0.0014776996598592914,-2.9179095753822227e-12,0.09999940320901045,-0.00034548204259002107,-0.006308040477675608,3.891266651761469e-12,9.310159850287792e-10,0.1,0.0,1
8,1025,world,10.25,1.0150000000000001,1.246547691822052,1.3733617094789823,-0.37565683262230026,0.7071051901879174,0.7071051901930162,-0.0015000019012545648,0.0015000019012437484,-7.210892460726844e-13,0.09999939422870605,-0.00034807167628658856,-0.006308040349301699,-1.2059103723599176e-11,-2.8423348509679154e-09,0.1,0.0,1
8,1026,world,10.26,1.016,1.246547691822052,1.3743617033718873,-0.3756603274872702,0.7071051425381784,0.7071051425186141,-0.0015223041405616118,0.001522304140603731,2.7668188742973e-12,0.09999938417097509,-0.00035094932075269863,-0.006308040170726674,-1.5524040396811812e-12,-3.6055142651582755e-10,0.1,0.0,1
8,1027,world,10.27,1.0170000000000001,1.2465476918220517,1.375361697158725,-0.3756638525687168,0.7071050941629102,0.7071050941629101,-0.0015446063776817268,0.0015446063776817268,0.0,0.09999937301096794,-0.00035411497186396603,-0.006308039941950606,6.043819962398289e-12,1.3833977868152859e-09,0.1,0.0,1
8,1028,world,10.28,1.018,1.246547691822052,1.3763616908283383,-0.3756674107467284,0.707105045094009,0.7071050450940091,-0.00156690861234664,0.00156690861234664,0.0,0.09999936072132692,-0.00035756863109007387,-0.00630803966297346,-2.272661227384418e-12,-5.127824615878687e-10,0.1,0.0,1
8,1029,world,10.290000000000001,1.0190000000000001,1.246547691822052,1.3773616843692866,-0.3756710049013841,0.7071049953253195,0.7071049953180675,-0.0015892108443695985,0.0015892108443858975,1.0255941263206218e-12,0.0999993472722027,-0.00036131030072402434,-0.006308039333795231,-5.531035702558856e-12,-1.2304952781898363e-09,0.1,0.0,1
8,1030,world,10.3,1.0200000000000002,1.2465476918220522,1.3783616777698104,-0.3756746379127532,0.7071049448546649,0.7071049448372632,-0.0016115130735555438,0.001611513073595203,2.4609978681782642e-12,0.09999933263128251,-0.00036533997607541397,-0.0063080389544160065,-8.47325682402808e-12,-1.8589560089134314e-09,0.1,0.0,1
8,1031,world,10.31,1.0210000000000001,1.2465476918220522,1.379361671017824,-0.37567831266089374,0.707104893683592,0.7071048936500502,-0.0016338152997010878,0.0016338152997785885,4.7435387261634476e-12,0.09999931676375516,-0.00036965765534994956,-0.006308038524835501,5.686271769718894e-12,1.230476270262404e-09,0.1,0.0,1
8,1032,world,10.32,1.0220000000000002,1.246547691822052,1.3803616641008747,-0.3756820320258518,0.7071048417842655,0.7071048417842655,-0.001656117522671478,0.001656117522671478,0.0,0.09999929963231727,-0.00037426333781457634,-0.006308038045054073,1.1109819668826862e-11,2.3717388142696207e-09,0.1,0.0,1
8,1033,world,10.33,1.0230000000000001,1.246547691822052,1.3813616570061245,-0.3756857988876609,0.7071047891982978,0.7071047891982978,-0.0016784197421706138,0.0016784197421706138,0.0,0.0999992811971698,-0.00037915702467820943,-0.006308037515071899,1.741900895514062e-12,3.669262448467129e-10,0.1,0.0,1
8,1034,world,10.34,1.024,1.246547691822052,1.3823616497203295,-0.37568961612634044,0.7071047359063241,0.7071047359115132,-0.0017007219580438173,0.0017007219580313364,-7.338515281586444e-13,0.09999926141604654,-0.0003843387115411098,-0.009765200368861535,9.532890984816496e-12,1.9675729371010346e-09,0.1,0.0,1
8,1035,world,10.35,1.0250000000000001,1.246547691822052,1.3833616422293238,-0.375693486746876,0.707104621911889,0.707104621939715,-0.001747469933575651,0.0017474699335068844,-3.935207556723358e-12,0.0999992398764255,-0.00038990272775956525,-0.018463018446226376,-8.344735540291924e-12,-1.6705984810453382e-09,0.1,0.0,1
8,1036,world,10.36,1.026,1.2465476918220524,1.3843616344990264,-0.37569741868579437,0.707104409861529,0.7071044098430922,-0.001831274806109621,0.0018312748061573695,2.6073894803714415e-12,0.09999921301516224,-0.00039673208618285557,-0.023703689007543653,-1.4450420162554111e-11,-2.789832796917255e-09,0.1,0.0,1
8,1037,world,10.370000000000001,1.0270000000000001,1.246547691822052,1.385361626468105,-0.37570142632888476,0.7071041878519193,0.7071041878402907,-0.0019150797634031134,0.0019150797634346075,1.6445324107060212e-12,0.09999917969527822,-0.00040504354267068866,-0.023703718906305432,-5.034080838251671e-12,-9.293562453100558e-10,0.1,0.0,1
8,1038,world,10.38,1.0280000000000002,1.2465476918220522,1.3863616180701783,-0.37570552449697125,0.7071039559229657,0.7071039558913857,-0.0019988847947582065,0.0019988847948474793,4.4661169655387964e-12,0.09999913954722833,-0.00041483709327604996,-0.023703746141454995,-5.124698456677261e-12,-9.0641376301712e-10,0.1,0.0,1
8,1039,world,10.39,1.0290000000000001,1.246547691822052,1.387361609234845,-0.37570972801087776,0.7071037140477415,0.7071037140232942,-0.0020826898896548545,0.0020826898897268616,3.457409632926712e-12,0.0999990921355615,-0.0004261127356522501,-0.023703770712973877,1.6760616489277493e-11,2.845213109774928e-09,0.1,0.0,1
8,1040,world,10.4,1.0300000000000002,1.246547691822052,1.388361599887012,-0.37571405169195354,0.7071034622268021,0.70710346223546,-0.002166495037501584,0.002166495037475057,-1.2244070888103785e-12,0.09999903695888988,-0.0004388704758556723,-0.023703792620845845,1.50054449438916e-11,2.4487177514570335e-09,0.1,0.0,1
8,1041,world,10.41,1.0310000000000001,1.2465476918220517,1.389361589946251,-0.3757185103607794,0.7071032004889279,0.7071032004991112,-0.0022503002276167273,0.0022503002275843197,-1.440134176946616e-12,0.09999897344995345,-0.000453110312733164,-0.023703811865056046,-1.316711509109871e-11,-2.068702261995588e-09,0.1,0.0,1
8,1042,world,10.42,1.032,1.2465476918220517,1.3903615793261317,-0.3757231188383701,0.7071029288344918,0.7071029288138933,-0.0023341054493987764,0.0023341054494667706,2.9130580150796546e-12,0.09999890097556935,-0.00046883224961276424,-0.023703828445591237,2.0758134988797517e-12,3.144298088873944e-10,0.1,0.0,1
8,1043,world,10.43,1.0330000000000001,1.246547691822052,1.3913615679335534,-0.3757278919461257,0.707102647214348,0.7071026472289781,-0.0024179106924153556,0.002417910692365329,-2.06901711069371e-12,0.09999881883663858,-0.0004860362919953061,-0.023703842362440414,2.484904666432953e-11,3.633426565880063e-09,0.1,0.0,1
8,1044,world,10.44,1.034,1.2465476918220522,1.3923615556681064,-0.37573284450460076,0.7071023556710562,0.707102355701843,-0.002501715945932885,0.0025017159458239615,-4.353921419031609e-12,0.09999872626819568,-0.000504722437059716,-0.023703853615594198,3.5745061759410784e-12,5.051475938160246e-10,0.1,0.0,1
8,1045,world,10.450000000000001,1.0350000000000001,1.2465476918220522,1.39336154242139,-0.37573799133508673,0.7071020542076876,0.7071020542294616,-0.0025855211993420714,0.002585521199262454,-3.0793445295626716e-12,0.09999862243931538,-0.0005248906926700985,-0.02370386220504496,-9.319498385348976e-12,-1.2743508191041131e-09,0.1,0.0,1
8,1046,world,10.46,1.0360000000000003,1.246547691822052,1.394361528076373,-0.37574334725887604,0.7071017428116834,0.7071017428244477,-0.0026693264420911376,0.0026693264420429514,-1.8051817348356244e-12,0.09999850645319071,-0.0005465410608329778,-0.023703868130786954,-2.5062764598571755e-11,-3.31949792513179e-09,0.1,0.0,1
8,1047,world,10.47,1.0370000000000001,1.2465476918220522,1.395361512506727,-0.37574892709661056,0.7071014214975402,0.7071014214723684,-0.002753131663528943,0.00275313166362695,3.559844314096408e-12,0.09999837734713446,-0.0005696735381826669,-0.023703871392815996,-9.916286634761658e-12,-1.2734143514121745e-09,0.1,0.0,1
8,1048,world,10.48,1.0380000000000003,1.2465476918220522,1.3963614955761634,-0.3757547456698803,0.7071010902218999,0.7071010902166551,-0.0028369368532296887,0.002836936853250731,7.417308671815838e-13,0.09999823409249516,-0.0005942881309100941,-0.023703871991130124,1.6163719819648994e-11,2.014360055363661e-09,0.1,0.0,1
8,1049,world,10.49,1.0390000000000001,1.246547691822052,1.397361477137775,-0.37576081779969794,0.7071007490194179,0.7071007490227342,-0.002920742000465861,0.0029207420004521627,-4.690011803444725e-13,0.09999807559475976,-0.0006203848359790017,-0.023703869925728992,-1.1640341577507503e-11,-1.4090228336256473e-09,0.1,0.0,1
8,1050,world,10.5,1.04,1.246547691822052,1.3983614570333867,-0.3757671583067816,0.7071003979029817,0.7071003978778099,-0.0030045470945861304,0.0030045470946930873,3.559849174939473e-12,0.09999790069349318,-0.0006479636519738214,-0.023703865196613806,-4.392146409956164e-12,-5.16826697400334e-10,0.1,0.0,1
8,1051,world,10.51,1.0410000000000001,1.246547691822052,1.3993614350928854,-0.3757737820129776,0.7071000368292837,0.7071000368252908,-0.003088352125178564,0.0030883521251960032,5.646834901034294e-13,0.09999770816237248,-0.0006770245733979974,-0.023703857803787795,3.1095655855558285e-11,3.5597371070629915e-09,0.1,0.0,1
8,1052,world,10.52,1.042,1.2465476918220522,1.4003614111335676,-0.3757807037387681,0.7070996658192191,0.707099665844391,-0.0031721570815637606,0.003172157081450836,-3.5598523074474586e-12,0.09999749670915425,-0.0007075675958427318,-0.02370384774725595,3.429643753914359e-11,3.822405548768098e-09,0.1,0.0,1
8,1053,world,10.53,1.0430000000000001,1.2465476918220522,1.4013613849594782,-0.3757879383048442,0.707099284878976,0.7070992849290416,-0.0032559619531203022,0.003255961952889766,-7.08041397845724e-12,0.0999972649757369,-0.0007395927070125638,-0.023703835027024875,-1.639170585461193e-11,-1.7798684686585639e-09,0.1,0.0,1
8,1054,world,10.540000000000001,1.0440000000000003,1.2465476918220522,1.40236135636074,-0.37579550053317085,0.7070988940439628,0.7070988940439628,-0.003339766729085867,0.003339766729085867,0.0,0.09999701153806018,-0.0007730999010876361,-0.02370381964310339,-2.8532558527712555e-11,-3.02040772407461e-09,0.1,0.0,1
8,1055,world,10.55,1.0450000000000002,1.2465476918220522,1.4033613251129282,-0.3758034052433506,0.7070984932480611,0.7070984932554103,-0.0034235713991730226,0.00342357139913744,-1.039347340925767e-12,0.09999673490628126,-0.0008080891552990782,-0.02370380159550205,1.6120481836604466e-11,1.6647007550418487e-09,0.1,0.0,1
8,1056,world,10.56,1.0460000000000003,1.2465476918220522,1.4043612909763745,-0.375811667256072,0.7070980825156292,0.7070980825391725,-0.0035073759526770784,0.0035073759525602976,-3.3295731074114095e-12,0.09999643352463745,-0.0008445604494431978,-0.023703780884232792,-1.2594179289703437e-11,-1.2694849490158316e-09,0.1,0.0,1
8,1057,world,10.57,1.0470000000000002,1.2465476918220524,1.40536125369552,-0.375820301392466,0.7070976618763386,0.707097661865734,-0.003591180378854862,0.00359118037890872,1.4997464653932416e-12,0.09999610577143497,-0.0008825137664599959,-0.023703757509309288,-2.8460740975136338e-12,-2.801835240001367e-10,0.1,0.0,1
8,1058,world,10.58,1.048,1.2465476918220522,1.40636121299828,-0.3758293224714938,0.7070972312729342,0.7070972312925149,-0.00367498466740112,0.0036749846672993543,-2.769161883843936e-12,0.09999574995928635,-0.0009219490657753438,-0.023703731470747596,-5.729791694807726e-12,-5.512135157274305e-10,0.1,0.0,1
8,1059,world,10.59,1.0490000000000002,1.246547691822052,1.4073611685953442,-0.37583874531335015,0.7070967907717528,0.7070967907533525,-0.0037587888073809025,0.003758788807478715,2.602229874829743e-12,0.0999953643347945,-0.0009628663207897848,-0.023703702768565312,-1.471990945707088e-11,-1.38450265241862e-09,0.1,0.0,1
8,1060,world,10.6,1.05,1.2465476918220522,1.408361120179542,-0.37584858473772625,0.7070963403106125,0.7070963403106125,-0.003842592788526335,0.003842592788526335,0.0,0.09999494707886164,-0.001005265485163666,-0.024404483175727628,-2.773519289009438e-12,-2.550023795742437e-10,0.1,0.0,1
8,1061,world,10.61,1.0510000000000002,1.2465476918220522,1.4093610674253243,-0.3758588555512586,0.7070958524039902,0.7070958523819835,-0.003931352011060725,0.00393135201118308,3.1122511111509674e-12,0.09999449653794636,-0.0010491244552655505,-0.02897623269372357,-3.726749863678481e-12,-3.339823253006182e-10,0.1,0.0,1
8,1062,world,10.620000000000001,1.0520000000000003,1.246547691822052,1.4103610100393325,-0.375869567808507,0.7070951971896778,0.7070951971849544,-0.004047482505266596,0.004047482505293632,6.679895668762722e-13,0.09999402372253628,-0.0010932610744257673,-0.032847230116086694,3.691036258339675e-11,3.224013185297907e-09,0.1,0.0,1
8,1063,world,10.63,1.0530000000000002,1.2465476918220522,1.411360947849812,-0.3758807194553574,0.7070945228952551,0.7070945229188451,-0.004163613196706832,0.004163613196567926,-3.336207915772739e-12,0.09999353591754889,-0.0011370025091712614,-0.03284731322925645,2.488278725069056e-11,2.112819644560248e-09,0.1,0.0,1
8,1064,world,10.64,1.0540000000000003,1.2465476918220522,1.4123608807094454,-0.37589230654148276,0.7070938295396287,0.7070938295647866,-0.004279744057078015,0.004279744056925746,-3.5579114802626016e-12,0.09999303364125577,-0.001180348769938233,-0.032847389254621294,-2.0220544352818506e-11,-1.6703427427877776e-09,0.1,0.0,1
8,1065,world,10.65,1.0550000000000002,1.2465476918220522,1.4133608084761118,-0.3759043251134486,0.7070931171228416,0.7070931171228081,-0.00439587505818128,0.004395875058181488,4.745362328764758e-15,0.09999251740727165,-0.0012232998636794036,-0.032847458192083095,0.0,-2.3567845148217186e-15,0.1,0.0,1
8,1066,world,10.66,1.056,1.2465476918220522,1.4143607310127586,-0.37591677122155986,0.7070923856063756,0.7070923856315333,-0.004512006172063735,0.004512006171903202,-3.557907620997887e-12,0.09999198772455542,-0.0012658557944562627,-0.03284752004155282,-2.1181104126830077e-11,-1.6596183747631217e-09,0.1,0.0,1
8,1067,world,10.67,1.0570000000000002,1.2465476918220522,1.4153606481874512,-0.37592964091232883,0.7070916350524188,0.7070916350289134,-0.00462813737013855,0.0046281373702924,3.3242403828781774e-12,0.09999144509724392,-0.0013080165766752884,-0.03284757480294972,-2.3286538047485818e-11,-1.7787951492389316e-09,0.1,0.0,1
8,1068,world,10.68,1.058,1.2465476918220522,1.4163605598732205,-0.37594293023594166,0.7070908653880467,0.7070908653880468,-0.004744268624684478,0.004744268624684478,0.0,0.09999089002489554,-0.0013497822154872273,-0.032847622476203354,1.9183743480674678e-11,1.4295273023568866e-09,0.1,0.0,1
8,1069,world,10.69,1.0590000000000002,1.2465476918220522,1.4173604659481127,-0.3759566352396748,0.7070900766628441,0.7070900766595566,-0.004860399907186208,0.004860399907208806,4.649410257905212e-13,0.09999032300222992,-0.0013911527269618905,-0.03284766306125194,2.4455221274267157e-11,1.7787888246131825e-09,0.1,0.0,1
8,1070,world,10.700000000000001,1.0600000000000003,1.2465476918220522,1.418360366295066,-0.3759707519733833,0.7070892688476687,0.7070892688728263,-0.004976531189649922,0.004976531189472862,-3.5579005758210716e-12,0.0999897445193983,-0.001432128117683317,-0.0328476965580429,-1.6852448559387675e-11,-1.1971890047448666e-09,0.1,0.0,1
8,1071,world,10.71,1.0610000000000002,1.246547691822052,1.4193602608019162,-0.37598527648512897,0.7070884419954357,0.7070884419752163,-0.005092662443510084,0.00509266244365571,2.8595308442736073e-12,0.09998915506168572,-0.0014727084063623104,-0.032847722966532954,-5.1247505425492904e-11,-3.557550023077514e-09,0.1,0.0,1
8,1072,world,10.72,1.0620000000000003,1.246547691822052,1.420360149361319,-0.3760002048244849,0.7070875960491695,0.7070875960240119,-0.0052087936409761625,0.005208793641161486,3.5578976699887196e-12,0.09998855510982384,-0.00151289360158729,-0.03284774228668772,2.1063706713487355e-11,1.429617852552456e-09,0.1,0.0,1
8,1073,world,10.73,1.0630000000000002,1.2465476918220522,1.421360031870717,-0.37601553304031493,0.707086731014213,0.707086731014213,-0.005324924753825877,0.005324924753825877,0.0,0.0999879451397287,-0.0015526837200818381,-0.03284775451848191,2.67923708874007e-11,1.7787568735139702e-09,0.1,0.0,1
8,1074,world,10.74,1.064,1.246547691822052,1.4223599082322897,-0.3760312571819569,0.7070858469183819,0.707085846918382,-0.0054410557536608796,0.0054410557536608796,0.0,0.09998732562262602,-0.0015920787778733335,-0.03284775966190018,9.364731381118421e-12,6.084603250710793e-10,0.1,0.0,1
8,1075,world,10.75,1.0650000000000002,1.2465476918220524,1.4233597783528995,-0.3760473732990898,0.7070849437450003,0.707084943753606,-0.005557186612414562,0.005557186612346928,-1.2170592209302712e-12,0.09998669702511664,-0.0016310787864272588,-0.03284775771693622,7.697228409849123e-12,4.896492465736884e-10,0.1,0.0,1
8,1076,world,10.76,1.066,1.2465476918220524,1.4243596421440645,-0.3760638774408609,0.7070840215037364,0.7070840215106619,-0.00567331730182021,0.005673317301764642,-9.794707231115902e-13,0.09998605980891506,-0.0016696837688803595,-0.0328477486835916,5.327492015641416e-11,3.3196909014965054e-09,0.1,0.0,1
8,1077,world,10.77,1.0670000000000002,1.2465476918220522,1.4253594995218706,-0.3760807656577726,0.7070830801645307,0.7070830802200884,-0.005789447793930586,0.005789447793475691,-7.857292510292187e-12,0.09998541443126849,-0.0017078937342500618,-0.0328477325618787,-5.958601774785624e-12,-3.6383550771211827e-10,0.1,0.0,1
8,1078,world,10.78,1.068,1.2465476918220524,1.4263593504069927,-0.3760980339988244,0.7070821198040012,0.7070821198057807,-0.005905578059927633,0.0059055780599127725,-2.5165373866038776e-13,0.09998476134445405,-0.00174570870782314,-0.03284770935181813,-5.1869880851777816e-11,-3.105018835635374e-09,0.1,0.0,1
8,1079,world,10.790000000000001,1.0690000000000002,1.2465476918220522,1.4273591947245552,-0.3761156785153468,0.7070811403393964,0.7070811403510379,-0.006021708072300849,0.006021708072201705,-1.6464323799682835e-12,0.0999841009962848,-0.0017831287011104034,-0.03284767905343993,-2.257395699882738e-12,-1.325334444764543e-10,0.1,0.0,1
8,1080,world,10.8,1.0700000000000003,1.246547691822052,1.4283590324041897,-0.37613369525623186,0.7070801418136259,0.707080141813531,-0.006137837802503813,0.006137837802504636,1.3415705048055126e-14,0.09998343382968262,-0.001820153736769642,-0.032847641666783466,-1.6122953956533162e-11,-9.286157310252821e-10,0.1,0.0,1
8,1081,world,10.81,1.0710000000000002,1.2465476918220524,1.4293588633798784,-0.3761520802736386,0.7070791242110288,0.7070791242095361,-0.006253967222480623,0.0062539672224938255,2.1111003123581067e-13,0.09998276028294788,-0.0018567838330250785,-0.03284759719189688,-1.865087978736069e-12,-1.0542074808433361e-10,0.1,0.0,1
8,1082,world,10.82,1.072,1.2465476918220522,1.4303586875900232,-0.3761708296166123,0.7070780875364467,0.7070780875348608,-0.006370096304001726,0.006370096304016014,2.2430649167628782e-13,0.09998208078965658,-0.001893019009568267,-0.032847545628837925,-3.632415614224847e-11,-2.0158101001512317e-09,0.1,0.0,1
8,1083,world,10.83,1.0730000000000002,1.2465476918220522,1.4313585049772797,-0.3761899393374721,0.7070770318050358,0.7070770317750318,-0.006486225018740528,0.006486225019015764,4.2433803637221285e-12,0.09998139577873447,-0.0019288592836338666,-0.03284748697767314,-3.0577537580038496e-11,-1.6665239997086744e-09,0.1,0.0,1
8,1084,world,10.84,1.074,1.2465476918220522,1.4323583154886177,-0.3762094054861198,0.7070759569863596,0.7070759569612025,-0.006602353338786951,0.006602353339021856,3.557897283057576e-12,0.09998070567432281,-0.001964304677090026,-0.03284742123847947,5.082991410921211e-11,2.721560100372705e-09,0.1,0.0,1
8,1085,world,10.85,1.0750000000000002,1.2465476918220524,1.4333581190751867,-0.3762292241147994,0.707074863083026,0.7070748630915158,-0.006718481235937904,0.006718481235857236,-1.2006928449597816e-12,0.09998001089587362,-0.00199935521131026,-0.03284734841134093,2.719907681364215e-11,1.431150182614823e-09,0.1,0.0,1
8,1086,world,10.86,1.076,1.2465476918220522,1.4343579156923354,-0.3762493912742992,0.7070737501333533,0.7070737501284384,-0.006834608681644227,0.006834608681691736,6.951183344218868e-13,0.09997931185818365,-0.0020340109055903767,-0.03284726849635158,4.0765135056771255e-12,2.1085190722011648e-10,0.1,0.0,1
8,1087,world,10.870000000000001,1.0770000000000002,1.2465476918220522,1.4353577052995188,-0.3762699030168096,0.7070726180993291,0.7070726181108011,-0.00695073564808302,0.006950735647970248,-1.6224607295814502e-12,0.09997860897134553,-0.0020682717797214432,-0.02974991228951961,6.821800169906095e-12,3.47485721270897e-10,0.1,0.0,1
8,1088,world,10.88,1.0780000000000003,1.2465476918220522,1.4363574878623946,-0.3762907552933203,0.7070716855507995,0.7070716855507995,-0.007044962196600238,0.007044962196600238,0.0,0.09997790424756761,-0.0021020614320719157,-0.0219182505078023,-4.000523902538039e-11,-2.0121688669762576e-09,0.1,0.0,1
8,1089,world,10.89,1.0790000000000002,1.2465476918220522,1.4373572634362068,-0.37631194003190616,0.7070710776496928,0.7070710776327043,-0.0071057134274486915,0.007105713427619417,2.402654968564275e-12,0.09997721358817167,-0.002134657617770029,-0.01718390906387229,0.0,6.470654122510735e-15,0.1,0.0,1
8,1090,world,10.9,1.08,1.2465476918220522,1.4383570321978345,-0.3763334438722068,0.7070704645114635,0.7070704645114636,-0.007166464647449501,0.007166464647449501,0.0,0.09997654202919869,-0.0021658817797539985,-0.0171839202772617,4.4249673587684187e-11,2.1827125731386656e-09,0.1,0.0,1
8,1091,world,10.91,1.0810000000000002,1.2465476918220522,1.4393567943447532,-0.37635525309402024,0.7070698461546829,0.7070698461685674,-0.007227215852381202,0.007227215852239285,-1.9636490322670647e-12,0.09997589085639769,-0.002195733925059846,-0.017183930475823634,3.408393375990871e-11,1.6671123209313496e-09,0.1,0.0,1
8,1092,world,10.92,1.082,1.246547691822052,1.4403565500870208,-0.37637735397723476,0.7070692225799246,0.7070692226035049,-0.00728796703820143,0.007287967037958381,-3.3349468193206266e-12,0.09997526129894034,-0.0022242140653732554,-0.017183939659553765,-2.023771785121359e-11,-9.816154305747115e-10,0.1,0.0,1
8,1093,world,10.93,1.0830000000000002,1.246547691822052,1.4413562996467004,-0.3763997328019171,0.7070685938017657,0.7070685938017658,-0.00734871820072216,0.00734871820072216,0.0,0.0999746545295832,-0.0022513222093891914,-0.017183947828448353,-3.4656912926844096e-11,-1.6671017336971e-09,0.1,0.0,1
8,1094,world,10.94,1.084,1.2465476918220522,1.4423560432572995,-0.37642237584827104,0.7070679597918123,0.7070679597918124,-0.007409469336200628,0.007409469336200628,0.0,0.09997407166443605,-0.0022770583730351204,-0.017183954982505578,0.0,-4.78471973599795e-15,0.1,0.0,1
8,1095,world,10.950000000000001,1.0850000000000002,1.2465476918220522,1.443355781163205,-0.37644526939639933,0.7070673205618901,0.7070673205618901,-0.007470220440478993,0.007470220440478993,0.0,0.09997351376311205,-0.002301422572420511,-0.017183961121723275,-1.0870991660403955e-11,-5.144300917702963e-10,0.1,0.0,1
8,1096,world,10.96,1.0860000000000003,1.246547691822052,1.4443555136191206,-0.376468399726725,0.7070666761156742,0.7070666761083979,-0.007530971509482148,0.007530971509559646,1.0290547936601783e-12,0.09997298182881192,-0.002324414820130672,-0.017183966246098147,-9.277214459007766e-12,-4.354541813685753e-10,0.1,0.0,1
8,1097,world,10.97,1.0870000000000002,1.2465476918220522,1.445355240889496,-0.37649175311983246,0.7070660264453678,0.7070660264392085,-0.007591722539256921,0.007591722539323052,8.711072315595806e-13,0.09997247680808181,-0.0023460351356160004,-0.01718397035562811,4.65513914431183e-11,2.1675789030583077e-09,0.1,0.0,1
8,1098,world,10.98,1.088,1.2465476918220522,1.4463549632479666,-0.37651531585647224,0.7070653715409944,0.7070653715643775,-0.007652473525876476,0.007652473525623404,-3.3070517237135463e-12,0.09997199959109809,-0.002366283532775855,-0.017183973450312303,6.915579254424996e-11,3.194525196671507e-09,0.1,0.0,1
8,1099,world,10.99,1.0890000000000002,1.2465476918220522,1.4473546809767803,-0.37653907421756383,0.7070647114237569,0.7070647114627829,-0.007713224465077314,0.007713224464651588,-5.519408093030452e-12,0.09997155101140015,-0.002385160031323211,-0.01718397553015037,-3.6071926873162877e-11,-1.6531549898848762e-09,0.1,0.0,1
8,1100,world,11.0,1.09,1.246547691822052,1.4483543943662462,-0.3765630144841955,0.7070640461140825,0.7070640461140824,-0.007773975352597182,0.007773975352597182,0.0,0.0999711318461155,-0.002402664647134662,-0.017183976595140843,-9.974443195521198e-11,-4.535471762114049e-09,0.1,0.0,1
8,1101,world,11.01,1.0910000000000002,1.2465476918220522,1.4493541037141593,-0.37658712293762225,0.7070633755777298,0.7070633755526029,-0.007834726184772647,0.007834726185051068,3.5536883252553757e-12,0.09997074281585627,-0.0024187973966253344,-0.017183976645283375,-3.937223830245122e-11,-1.7763983812174879e-09,0.1,0.0,1
8,1102,world,11.02,1.092,1.2465476918220522,1.4503538093252355,-0.37661138585926085,0.7070626998091297,0.7070626997840029,-0.007895476957631872,0.007895476957912453,3.5536879664565814e-12,0.09997038458476744,-0.002433558294698246,-0.017183975680577442,1.0764089325673264e-10,4.819172451642469e-09,0.1,0.0,1
8,1103,world,11.03,1.093,1.2465476918220522,1.4513535115105516,-0.37663578953068394,0.7070620187868085,0.7070620188298478,-0.007956227667383983,0.007956227666899683,-6.087047691521797e-12,0.09997005776048568,-0.0024469473564337043,-0.017183973701023567,3.9663151430799784e-11,1.7621821921574341e-09,0.1,0.0,1
8,1104,world,11.040000000000001,1.0940000000000003,1.2465476918220522,1.452353210586978,-0.37666032023361146,0.7070613326005993,0.7070613326003984,-0.008016978308983503,0.008016978308985782,2.842919374607391e-14,0.09996976289409104,-0.0024589645990167512,-0.01718397070662383,-7.221879380084858e-11,-3.1842740433958043e-09,0.1,0.0,1
8,1105,world,11.05,1.0950000000000002,1.246547691822052,1.4533529068766156,-0.37668496424997766,0.7070606411741277,0.7070606411721257,-0.008077728879252866,0.008077728879275737,2.8313754046988974e-13,0.09996950048037713,-0.002469610030729247,-0.01718396669737762,-3.3476607067984724e-11,-1.4649536159345028e-09,0.1,0.0,1
8,1106,world,11.06,1.096,1.2465476918220522,1.4543526007062262,-0.3767097078616738,0.7070599445367227,0.7070599445158001,-0.008138479373824196,0.00813847937406502,2.959085173255891e-12,0.09996927095744901,-0.002478883667327748,-0.017183961673286945,6.420228963421918e-11,2.788538318611462e-09,0.1,0.0,1
8,1107,world,11.07,1.0970000000000002,1.2465476918220522,1.4553522924066764,-0.376734537350787,0.7070592426412329,0.7070592426786746,-0.008199229789206479,0.008199229788772295,-5.2954176923126e-12,0.09996907470709589,-0.0024867855169038366,-0.017183955634354046,7.2198324063738714e-12,3.11266216157987e-10,0.1,0.0,1
8,1108,world,11.08,1.098,1.2465476918220522,1.4563519823123632,-0.3767594389995124,0.7070585355825157,0.707058535565996,-0.008259980120265934,0.00825998012045892,2.3364012993527275e-12,0.09996891205447278,-0.0024933155927575456,-0.01718394858058014,-1.033628049353843e-10,-4.423338912847204e-09,0.1,0.0,1
8,1109,world,11.09,1.0990000000000002,1.2465476918220522,1.4573516707606573,-0.37678439909012945,0.7070578232817845,0.7070578232566579,-0.00832073036387976,0.008320730364175454,3.553686057006107e-12,0.09996878326846913,-0.002498473898572619,-0.017183940511967748,4.913907846496215e-11,2.0875229626239354e-09,0.1,0.0,1
8,1110,world,11.1,1.1,1.2465476918220522,1.4583513580913339,-0.37680940390498535,0.7070571057384002,0.7070571057514086,-0.008381480516025866,0.008381480515871665,-1.839786066126718e-12,0.09996868856138943,-0.002502260441266363,-0.01718393142852095,4.2119693357228426e-11,1.776344592592345e-09,0.1,0.0,1
8,1111,world,11.11,1.101,1.2465476918220522,1.459351044646007,-0.3768344397264791,0.7070563830013612,0.7070563830013613,-0.008442230572089827,0.008442230572089827,0.0,0.09996862808906423,-0.002504675226523294,-0.017183921330242942,-8.934693306989211e-12,-3.741108759566053e-10,0.1,0.0,1
8,1112,world,11.120000000000001,1.1020000000000003,1.246547691822052,1.4603507307675685,-0.3768594928370443,0.7070556550347911,0.7070556550425076,-0.008502980528461143,0.008502980528368342,-1.0913724789402095e-12,0.09996860195093255,-0.00250571825551204,-0.017183910217135816,3.335075287917471e-11,1.3864151485850471e-09,0.1,0.0,1
8,1113,world,11.13,1.1030000000000002,1.2465476918220522,1.4613504167996225,-0.3768845495191314,0.7070549218470212,0.7070549218666324,-0.008563730381006182,0.008563730380768653,-2.7736597200462633e-12,0.09996861018989356,-0.002505389530813611,-0.013038260459598307,2.985433089762814e-11,1.234380805823038e-09,0.1,0.0,1
8,1114,world,11.14,1.104,1.2465476918220522,1.4623501030786072,-0.3769095963470273,0.7070545403754758,0.7070545404006529,-0.008595168213931094,0.008595168213625033,-3.560855340221515e-12,0.09996864845632783,-0.002503862179742515,-0.004840423191553903,6.441808894381562e-12,2.65361857753964e-10,0.1,0.0,1
8,1115,world,11.15,1.1050000000000002,1.2465476918220524,1.463349789776965,-0.37693462643096404,0.7070545064960491,0.7070545065194138,-0.008597954821398414,0.008597954821114293,-3.3045171212867762e-12,0.09996869128465664,-0.0025021516406917117,-0.0007882298713273672,-8.658898251280028e-11,-3.559791755839907e-09,0.1,0.0,1
8,1116,world,11.16,1.106,1.2465476918220524,1.4643494769056808,-0.3769596393206291,0.7070544726290047,0.7070544726038275,-0.008600741428451778,0.00860074142875804,3.5608559811713594e-12,0.09996873452816975,-0.0025004233314228686,-0.0007882298723570991,-9.261176894910653e-11,-3.8061790387059765e-09,0.1,0.0,1
8,1117,world,11.17,1.1070000000000002,1.2465476918220524,1.465349164468908,-0.3769846348383187,0.7070544387293556,0.7070544386988808,-0.00860352803563793,0.008603528036008747,4.310071228220911e-12,0.0999687781861028,-0.002498677245619967,-0.0007882298732885589,4.3322550408624364e-11,1.7798983695520714e-09,0.1,0.0,1
8,1118,world,11.18,1.108,1.2465476918220524,1.466348852470781,-0.37700961280629663,0.707054404800838,0.7070544048008379,-0.008606314642911252,0.008606314642911252,0.0,0.0999688222574785,-0.002496913385096222,-0.000788229874122528,8.979761379018399e-11,3.6881475955247337e-09,0.1,0.0,1
8,1119,world,11.19,1.109,1.2465476918220522,1.467348540915433,-0.3770345730468026,0.7070543708657276,0.7070543708874227,-0.008609101250000343,0.008609101249736184,-3.068357217254334e-12,0.09996886674129643,-0.0024951317522163715,-0.0007882298748587432,-8.251472422089602e-12,-3.387845410600569e-10,0.1,0.0,1
8,1120,world,11.200000000000001,1.1100000000000003,1.2465476918220524,1.4683482298069803,-0.3770595153821013,0.7070543369437261,0.7070543369389338,-0.008611887856664797,0.008611887856723168,6.777981449934886e-13,0.09996891163660071,-0.0024933323471854995,-0.0007882298754969479,-5.2225498232118915e-11,-2.1436048737056735e-09,0.1,0.0,1
8,1121,world,11.21,1.1110000000000002,1.2465476918220524,1.4693479191495338,-0.37708443963447846,0.7070543029994156,0.7070543029907889,-0.008614674463335465,0.008614674463440572,1.2200991189450627e-12,0.09996895694253505,-0.002491515165832813,-0.0007882298760371423,4.893715641103446e-11,2.007967066024296e-09,0.1,0.0,1
8,1122,world,11.22,1.112,1.2465476918220524,1.4703476089471923,-0.3771093456261975,0.7070542690260866,0.7070542690496976,-0.008617461070093865,0.008617461069806097,-3.3393502294301156e-12,0.09996900265803953,-0.0024896802117717626,-0.0007882298764790623,-2.8524665268998583e-11,-1.1700255375139061e-09,0.1,0.0,1
8,1123,world,11.23,1.1130000000000002,1.2465476918220524,1.4713472992040533,-0.37713423317948513,0.707054235082288,0.707054235057111,-0.008620247676226003,0.00862024767653296,3.5608578008242546e-12,0.09996904878211976,-0.00248782748561086,-0.0007882298768231449,-4.070676087917185e-11,-1.6691867099843648e-09,0.1,0.0,1
8,1124,world,11.24,1.114,1.2465476918220524,1.4723469899241943,-0.3771591021166299,0.7070542010905245,0.7070542010905244,-0.008623034282676129,0.008623034282676129,0.0,0.09996909531387245,-0.002485956983917275,-0.0007882298770693887,5.483625706349683e-11,2.2478316639371523e-09,0.1,0.0,1
8,1125,world,11.25,1.1150000000000002,1.2465476918220522,1.4733466811116878,-0.3771839522599063,0.7070541670970575,0.7070541671036766,-0.008625820888879913,0.008625820888799162,-9.361672404941277e-13,0.09996914225227144,-0.002484068707810013,-0.0007882298772177074,-4.328299871337167e-11,-1.7736782596756231e-09,0.1,0.0,1
8,1126,world,11.26,1.116,1.246547691822052,1.4743463727705914,-0.37720878343157704,0.7070541331117717,0.7070541330866824,-0.008628607494716223,0.008628607495022401,3.5484174461155393e-12,0.09996918959624256,-0.0024821626599622754,-0.0007882298772679283,2.0299994324614433e-11,8.316044345746515e-10,0.1,0.0,1
8,1127,world,11.27,1.117,1.2465476918220522,1.4753460649049606,-0.3772335954538571,0.7070540990779136,0.707054099096296,-0.00863139410087727,0.008631394100652867,-2.5998643263168096e-12,0.09996923734486458,-0.002480238836509968,-0.0007882298772203096,-1.5178830414954228e-13,-6.214183356322517e-12,0.1,0.0,1
8,1128,world,11.28,1.118,1.2465476918220522,1.476345757518832,-0.37725838814905827,0.7070540650765885,0.7070540650514113,-0.008634180706372688,0.008634180706680138,3.560858692206252e-12,0.09996928549701628,-0.0024782972412626175,-0.0007882298770750257,-8.380249619330058e-11,-3.430792749808099e-09,0.1,0.0,1
8,1129,world,11.290000000000001,1.1190000000000002,1.246547691822052,1.4773454506162413,-0.37728316133944395,0.7070540310449863,0.7070540310148391,-0.008636967311968832,0.00863696731233709,4.263763900073471e-12,0.0999693340516986,-0.002476337872726018,-0.0007882298768314714,1.244756901732212e-10,5.094250992233538e-09,0.1,0.0,1
8,1130,world,11.3,1.12,1.2465476918220524,1.4783451442012043,-0.37730791484726434,0.7070539969614019,0.7070539970082845,-0.008639753917930757,0.00863975391735788,-6.630698087408831e-12,0.09996938300794013,-0.002474360727899669,-0.0007882298764902511,9.55976617321625e-11,3.911147946350752e-09,0.1,0.0,1
8,1131,world,11.31,1.1210000000000002,1.246547691822052,1.4793448382777348,-0.3773326484947575,0.7070539629162026,0.7070539629413798,-0.008642540523153976,0.008642540522846227,-3.560859061412916e-12,0.09996943236461252,-0.0024723658097388092,-0.0007882298760509325,-1.1571264779805986e-10,-4.7325710299914306e-09,0.1,0.0,1
8,1132,world,11.32,1.122,1.246547691822052,1.4803445328498286,-0.37735736210422466,0.7070539288717872,0.7070539288517261,-0.008645327128097265,0.008645327128342555,2.8372527808185325e-12,0.09996948212059945,-0.0024703531203349297,-0.0007882298755128212,-8.706611820487263e-11,-3.559805838270874e-09,0.1,0.0,1
8,1133,world,11.33,1.1230000000000002,1.2465476918220522,1.4813442279214728,-0.3773820554979293,0.7070538947963285,0.7070538947711512,-0.008648113733149387,0.008648113733457335,3.5608592375743176e-12,0.09996953227492095,-0.0024683226558818556,-0.0007882298748777393,4.638850068009753e-11,1.896044675179834e-09,0.1,0.0,1
8,1134,world,11.34,1.124,1.246547691822052,1.4823439234966496,-0.3774067284981081,0.7070538606913611,0.7070538606981202,-0.008650900338291417,0.008650900338208718,-9.559665333999828e-13,0.09996958282646673,-0.002466274417458751,-0.0007882298741450793,8.782471278093491e-12,3.588455731601701e-10,0.1,0.0,1
8,1135,world,11.35,1.125,1.246547691822052,1.4833436195793235,-0.37743138092702433,0.7070538266048096,0.7070538265847084,-0.008653686942936629,0.008653686943182649,2.842947958250466e-12,0.09996963377411731,-0.0024642084061346366,-0.0007882298733139725,-6.979078773300493e-11,-2.8507117754992313e-09,0.1,0.0,1
8,1136,world,11.36,1.1260000000000001,1.246547691822052,1.4843433161734492,-0.3774560126069678,0.7070537925005776,0.7070537924670124,-0.008656473547526213,0.008656473547937152,4.747203007875038e-12,0.09996968511679516,-0.002462124620896693,-0.0007882298723845067,-5.8735134811962335e-12,-2.3984303448709404e-10,0.1,0.0,1
8,1137,world,11.370000000000001,1.1270000000000002,1.2465476918220522,1.4853430132829721,-0.37748062336020216,0.7070537583735956,0.7070537583501018,-0.008659260152121947,0.008659260152409674,3.3227643815873578e-12,0.0999697368533481,-0.0024600230633746345,-0.0007882298713571176,-2.86506929295296e-12,-1.169450969993602e-10,0.1,0.0,1
8,1138,world,11.38,1.1280000000000001,1.2465476918220524,1.4863427109118263,-0.3775052130089497,0.7070537242465297,0.7070537242113102,-0.008662046756445895,0.008662046756877366,4.981155031728215e-12,0.0999697889827876,-0.0024579037281631947,-9.1176872273157e-05,1.0760307575520638e-10,4.392241514343182e-09,0.1,0.0,1
8,1139,world,11.39,1.1290000000000002,1.2465476918220522,1.48734240906432,-0.3775297813597819,0.7070537504469943,0.70705375048563,-0.008659904822000975,0.00865990482152777,-5.464314696035966e-12,0.09996984175239737,-0.0024557565027155804,0.0014039211242061322,1.3569874391274332e-12,5.540987048713525e-11,0.1,0.0,1
8,1140,world,11.4,1.1300000000000001,1.2465476918220522,1.488342107755213,-0.3775543277929949,0.7070538457847619,0.7070538457503261,-0.008652120279003684,0.00865212027942507,4.870312713107487e-12,0.09996989687166254,-0.002453511660693373,0.0022019661338618726,-6.685624276954881e-11,-2.73135306305247e-09,0.1,0.0,1
8,1141,world,11.41,1.1310000000000002,1.246547691822052,1.4893418070106474,-0.37757885122339613,0.7070539409830706,0.7070539409830705,-0.00864433573553272,0.00864433573553272,0.0,0.09996995465918673,-0.0024511559395825337,0.00220196615623781,3.860193415229332e-11,1.5784673225261253e-09,0.1,0.0,1
8,1142,world,11.42,1.1320000000000001,1.246547691822052,1.490341506857266,-0.3776033505421879,0.7070540361189454,0.7070540361068375,-0.00863655119065395,0.008636551190801848,1.7124622327204753e-12,0.0999700151071083,-0.00244868934014486,0.0022019661764784613,5.681739801326608e-12,2.3254689327320865e-10,0.1,0.0,1
8,1143,world,11.43,1.133,1.2465476918220522,1.491341207321632,-0.3776278246405716,0.7070541311553619,0.7070541311586512,-0.008628766644828475,0.008628766644788332,-4.652189210836665e-13,0.09997007820733972,-0.002446111857291382,0.0022019661945844797,5.676015213854791e-12,2.3251306345489314e-10,0.1,0.0,1
8,1144,world,11.44,1.1340000000000001,1.2465476918220522,1.4923409084302275,-0.3776522724097466,0.7070542261198255,0.7070542261110065,-0.008620982097728961,0.008620982097836488,1.2472625200036113e-12,0.09997014395114773,-0.0024434234972272803,0.00220196621055384,-5.755968618868385e-11,-2.3600433905601717e-09,0.1,0.0,1
8,1145,world,11.450000000000001,1.1350000000000002,1.246547691822052,1.4933406102094413,-0.37767669274091076,0.7070543210031665,0.7070543209730723,-0.008613197549476061,0.008613197549842662,4.2562705339942465e-12,0.09997021232970928,-0.002440624254744078,0.002201966224387983,2.315075215051929e-11,9.500747384680284e-10,0.1,0.0,1
8,1146,world,11.46,1.1360000000000001,1.246547691822052,1.4943403126855743,-0.3777010845252601,0.7070544157728067,0.7070544157774269,-0.00860541300047492,0.008605413000418689,-6.534401342794003e-13,0.09997028333362154,-0.0024377141332472176,0.0022019662360879128,1.2889429108418266e-11,5.294423984397608e-10,0.1,0.0,1
8,1147,world,11.47,1.1370000000000002,1.246547691822052,1.4953400158848325,-0.37772544665398916,0.7070545104877106,0.7070545104651056,-0.008597628450016104,0.008597628450290976,3.19706569024325e-12,0.09997035695322387,-0.0024346931315882333,0.0022019662456522248,-5.042312054411877e-11,-2.0730541064746376e-09,0.1,0.0,1
8,1148,world,11.48,1.1380000000000001,1.246547691822052,1.4963397198333224,-0.3777497780182909,0.707054605104345,0.7070546050796414,-0.008589843898638008,0.008589843898938127,3.4938932164070915e-12,0.09997043317847162,-0.0024315612492267235,0.0022019662530803103,1.427243739975254e-12,5.873814483238873e-11,0.1,0.0,1
8,1149,world,11.49,1.1390000000000002,1.246547691822052,1.4973394245570508,-0.3777740775093345,0.707054699632759,0.7070546996109849,-0.008582059346226733,0.008582059346491025,3.079564664953564e-12,0.0999705119990491,-0.002428318481579096,0.0022019662583733853,5.75277672767297e-12,2.3693875503929325e-10,0.1,0.0,1
8,1150,world,11.5,1.1400000000000001,1.246547691822052,1.4983391300819167,-0.37779834401832374,0.7070547940767203,0.7070547940553682,-0.008574274792745,0.00857427479300393,3.019863452157863e-12,0.09997059340394233,-0.0024249648376094583,0.002201966261531867,-5.748179710461898e-12,-2.369761288434608e-10,0.1,0.0,1
8,1151,world,11.51,1.141,1.246547691822052,1.4993388364337072,-0.37782257643645106,0.7070548884370732,0.707054888411947,-0.008566490238191105,0.008566490238495528,3.5536404992561902e-12,0.09997067738218127,-0.0024215003092775884,0.0022019662625551092,9.537249463169794e-11,3.935324051810734e-09,0.1,0.0,1
8,1152,world,11.52,1.1420000000000001,1.2465476918220517,1.5003385436380985,-0.3778467736549022,0.7070549826801122,0.7070549827144262,-0.008558705682981605,0.008558705682566245,-4.853089880870863e-12,0.09997076392214703,-0.0024179249000636158,0.0022019662614419368,1.0324944025587617e-10,4.2642185847021535e-09,0.1,0.0,1
8,1153,world,11.53,1.143,1.246547691822052,1.5013382517206484,-0.37787093456486043,0.7070550768667255,0.7070550769019177,-0.008550921126387596,0.00855092112596199,-4.9773041469902975e-12,0.09997085301191333,-0.0024142386109125094,0.0022019662581935807,-5.731326871890782e-11,-2.3691958336332613e-09,0.1,0.0,1
8,1154,world,11.540000000000001,1.1440000000000001,1.2465476918220517,1.5023379607067944,-0.3778950580575077,0.7070551709852666,0.7070551709860677,-0.008543136568559241,0.008543136568549561,-1.1330932050322289e-13,0.0999709446392997,-0.0024104414380099375,0.002201966252811097,-7.869919994099077e-11,-3.2562191349233705e-09,0.1,0.0,1
8,1155,world,11.55,1.1450000000000002,1.246547691822052,1.5033376706218502,-0.37791914302402385,0.7070552650067397,0.7070552649958719,-0.008535352009855649,0.00853535200998684,1.537046052973481e-12,0.0999710387915953,-0.0024065333842162584,0.002201966245292876,-1.6342743132324356e-11,-6.768060206788708e-10,0.1,0.0,1
8,1156,world,11.56,1.1460000000000001,1.2465476918220522,1.5043373814909975,-0.3779431883555868,0.7070553589356235,0.7070553589268511,-0.00852756745023092,0.00852756745033672,1.2406960898064555e-12,0.0999711354558571,-0.002402514446714857,0.0022019662356381857,9.848372118611376e-12,4.0823281580304294e-10,0.1,0.0,1
8,1157,world,11.57,1.1470000000000002,1.2465476918220517,1.5053370933392924,-0.3779671929433725,0.7070554527780084,0.7070554527729151,-0.008519782889619937,0.00851978288968131,7.203475284024207e-13,0.09997123461866733,-0.0023983846270716025,0.0022019662238491784,2.2757577074657378e-11,9.441971971753468e-10,0.1,0.0,1
8,1158,world,11.58,1.1480000000000001,1.246547691822052,1.506336806191653,-0.3779911556785554,0.7070555465316872,0.7070555465362707,-0.008511998328057725,0.008511998328002547,-6.482553602125609e-13,0.09997133626626638,-0.002394143925726489,0.002201966209925144,-6.840084055269096e-11,-2.840469514287742e-09,0.1,0.0,1
8,1159,world,11.59,1.149,1.246547691822052,1.5073365200728532,-0.3780150754523072,0.7070556402294249,0.7070556401841526,-0.0085042137651586,0.008504213765703119,6.402923639571196e-12,0.09997144038458262,-0.002389792340736722,0.00220196619386535,-7.119912299200768e-12,-2.959447845444813e-10,0.1,0.0,1
8,1160,world,11.6,1.1500000000000001,1.2465476918220517,1.5083362350075322,-0.3780389511557985,0.7070557337936925,0.7070557337940897,-0.008496429201863666,0.00849642920185889,-5.6200864551331137e-14,0.09997154695911198,-0.002385329872799961,0.002201966175670443,8.268975782545903e-11,3.4401469428185526e-09,0.1,0.0,1
8,1161,world,11.61,1.151,1.2465476918220522,1.5093359510201734,-0.3780627816801672,0.7070558272935913,0.7070558272969805,-0.008488644637350239,0.008488644637309549,-4.79331390666078e-13,0.09997165597500457,-0.0023807565216403615,0.0022019661553394835,-3.047761696042082e-11,-1.2691200223923306e-09,0.1,0.0,1
8,1162,world,11.620000000000001,1.1520000000000001,1.246547691822052,1.5103356681351185,-0.37808656591660106,0.7070559207197504,0.7070559207021957,-0.008480860071739914,0.008480860071950477,2.482804782937692e-12,0.09997176741704378,-0.002376072286885321,0.0022019661328742234,5.955461818621816e-11,2.482208072640497e-09,0.1,0.0,1
8,1163,world,11.63,1.1530000000000002,1.246547691822052,1.5113353863765493,-0.37811030275627194,0.7070560140217023,0.7070560140602027,-0.008473075505646356,0.008473075505184982,-5.445185616894094e-12,0.0999718812696571,-0.0023712771676010075,-0.00026721551464756736,2.156929149179987e-11,8.988823750556465e-10,0.1,0.0,1
8,1164,world,11.64,1.1540000000000001,1.246547691822052,1.512335105762984,-0.3781339913230088,0.7070558980486947,0.7070558980438549,-0.008482749434903257,0.00848274943496132,6.844887726848391e-13,0.09997199464775175,-0.0023664923726687895,-0.004555172791442703,-1.7645607203738385e-12,-7.347334142291049e-11,0.1,0.0,1
8,1165,world,11.65,1.1550000000000002,1.246547691822052,1.513334826222087,-0.37815763457791784,0.7070556273254356,0.7070556273628966,-0.00850528312001105,0.008505283119560425,-5.298186438403936e-12,0.09997209469835877,-0.0023622619715828103,-0.006373948719548568,3.57422425232279e-11,1.4854293911740541e-09,0.1,0.0,1
8,1166,world,11.66,1.1560000000000001,1.2465476918220515,1.514334547607592,-0.37818123862963676,0.7070553559158044,0.7070553559319763,-0.008527816798127785,0.008527816797932733,-2.287243614909747e-12,0.09997217994021755,-0.0023586517336746464,-0.006373949267787903,-1.068603539713212e-10,-4.429341919573971e-09,0.1,0.0,1
8,1167,world,11.67,1.157,1.246547691822052,1.515334269771755,-0.37820480967977704,0.7070550837980463,0.7070550837728533,-0.00855035046930754,0.008550350469612196,3.56310014984816e-12,0.09997225044058632,-0.0023556616575159395,-0.006373949764236692,-5.1354753817590707e-11,-2.1230218918325607e-09,0.1,0.0,1
8,1168,world,11.68,1.1580000000000001,1.2465476918220517,1.516333992567452,-0.3782283539299592,0.7070548109357762,0.7070548109219175,-0.008572884133784578,0.008572884133952612,1.9600618885571965e-12,0.099972306255163,-0.0023532917421986294,-0.00637395020889342,4.319513499811358e-11,1.7810055647744018e-09,0.1,0.0,1
8,1169,world,11.69,1.159,1.246547691822052,1.517333715848055,-0.3782518775818119,0.7070545373540837,0.7070545373540836,-0.00859541779105043,0.00859541779105043,0.0,0.09997234742799258,-0.002351541991279219,-0.006373950601757371,5.5849422346890055e-12,2.2966814690657436e-10,0.1,0.0,1
8,1170,world,11.700000000000001,1.1600000000000001,1.2465476918220517,1.5183334394673178,-0.37827538683696993,0.7070542630664678,0.7070542630558578,-0.008617951440734739,0.008617951440864057,1.5005685489047175e-12,0.09997237399169105,-0.002350412403272582,-0.0063739509428332244,2.7935119514304835e-11,1.1457875427692719e-09,0.1,0.0,1
8,1171,world,11.71,1.1610000000000003,1.246547691822052,1.5193331632792635,-0.37829888789707344,0.7070539880419829,0.7070539880581903,-0.008640485083008565,0.008640485082810503,-2.2922406302423055e-12,0.09997238596725007,-0.0023499029799513176,-0.00637395123211746,2.4320823149662954e-13,9.959519110271671e-12,0.1,0.0,1
8,1172,world,11.72,1.1620000000000001,1.2465476918220522,1.5203328871380697,-0.3783223869637668,0.707053712326092,0.707053712315623,-0.008663018717110688,0.008663018717238959,1.4806768654471746e-12,0.09997238336416056,-0.002350013721090555,-0.006373951469607612,-2.8081269967257957e-11,-1.1457811378450612e-09,0.1,0.0,1
8,1173,world,11.73,1.1630000000000003,1.246547691822052,1.5213326108979464,-0.3783458902386964,0.7070534358734779,0.7070534358734778,-0.008685552343389295,0.008685552343389295,0.0,0.09997236618035638,-0.0023507446268659546,-0.006373951655308633,3.2487727807744145e-11,1.3221401508071045e-09,0.1,0.0,1
8,1174,world,11.74,1.1640000000000001,1.2465476918220522,1.522332334413029,-0.3783694039235107,0.7070531587038337,0.7070531587120668,-0.008708085961397667,0.008708085961296269,-1.1644154798719167e-12,0.099972334402185,-0.0023520956990943863,-0.006373951789218889,-4.3457425187863706e-12,-1.7639304200252224e-10,0.1,0.0,1
8,1175,world,11.75,1.165,1.2465476918220517,1.523332057537259,-0.37839293421985803,0.7070528808255246,0.7070528808230294,-0.00873061957082645,0.008730619570857261,3.529052149654513e-13,0.09997228800454315,-0.0023540669354715155,-0.006373951871337909,-5.530992334549597e-11,-2.239313121487008e-09,0.1,0.0,1
8,1176,world,11.76,1.1660000000000001,1.246547691822052,1.5243317801242688,-0.3784164873293859,0.7070526022341822,0.7070526022107394,-0.008753153171522879,0.008753153171813095,3.3155602125264562e-12,0.09997222695071589,-0.0023566583364067507,-0.006373951901665039,-3.843375273420222e-11,-1.5520440588314984e-09,0.1,0.0,1
8,1177,world,11.77,1.167,1.2465476918220517,1.5253315020272629,-0.37844006945374864,0.7070523229147287,0.7070523228902793,-0.008775686763467629,0.008775686763771086,3.4579339402670147e-12,0.0999721511924891,-0.0023598699002487845,-0.006373951880200003,4.114529900133761e-11,1.6572733959740303e-09,0.1,0.0,1
8,1178,world,11.78,1.1680000000000001,1.2465476918220517,1.5263312230989072,-0.37846368679459524,0.7070520428644095,0.7070520428644095,-0.00879822034649,0.00879822034649,0.0,0.0999720606700041,-0.0023637016294407102,-0.006373951806945222,3.602552286704276e-11,1.447332051466263e-09,0.1,0.0,1
8,1179,world,11.790000000000001,1.1690000000000003,1.246547691822052,1.5273309431912114,-0.3784873455535514,0.7070517621101675,0.7070517621061913,-0.008820753920049131,0.008820753920098736,5.623657112529672e-13,0.09997195531197055,-0.0023681535214940385,-0.0063739516818992524,-2.4721804481406503e-11,-9.906675679107616e-10,0.1,0.0,1
8,1180,world,11.8,1.1700000000000002,1.2465476918220517,1.528330662155419,-0.37851105193224627,0.7070514806408233,0.7070514806268099,-0.008843287484077528,0.008843287484252798,1.98195669164431e-12,0.09997183503544563,-0.002373225578331957,-0.006373951505059979,-5.6610098591620955e-11,-2.262735391756824e-09,0.1,0.0,1
8,1181,world,11.81,1.1710000000000003,1.2465476918220517,1.5293303798418807,-0.3785348121323003,0.7070511984593157,0.7070511984233321,-0.008865821038332113,0.008865821038783315,5.089227507212794e-12,0.0999716997461289,-0.0023789177938407886,-0.006373951276431493,-4.887193084091776e-11,-1.9484759630597395e-09,0.1,0.0,1
8,1182,world,11.82,1.1720000000000002,1.2465476918220517,1.5303300960999475,-0.3785586323553238,0.7070509155514912,0.7070509155099157,-0.008888354582784285,0.008888354583306932,5.8801157310475536e-12,0.09997154933789647,-0.002385230173491821,-0.00637395099601172,6.396688738587953e-11,2.543822817418358e-09,0.1,0.0,1
8,1183,world,11.83,1.173,1.246547691822052,1.531329810777853,-0.37858251880291516,0.7070506319019585,0.7070506319019585,-0.008910888117422858,0.008910888117422858,0.0,0.09997138369343028,-0.0023921627078738582,-0.006373950663800538,5.062191988466809e-11,2.0080310298701256e-09,0.1,0.0,1
8,1184,world,11.84,1.1740000000000002,1.2465476918220517,1.5323295237225996,-0.37860647767665856,0.7070503475616768,0.7070503475485059,-0.008933421641400294,0.008933421641566708,1.8628134957246243e-12,0.09997120268351672,-0.0023997154021302815,-0.006373950279798592,8.673617385757115e-17,3.625301016703169e-15,0.1,0.0,1
8,1185,world,11.85,1.175,1.246547691822052,1.5333292347798393,-0.37863051517812213,0.7070500624901048,0.7070500624901049,-0.008955955155021534,0.008955955155021534,0.0,0.09997100616764056,-0.002407888251056582,-0.006373949844003356,2.3591718872216208e-11,9.311015886055007e-10,0.1,0.0,1
8,1186,world,11.86,1.1760000000000002,1.2465476918220517,1.534328943793759,-0.3786546375088551,0.7070497767070019,0.7070497767070019,-0.008978488657830986,0.008978488657830986,0.0,0.09997079399357839,-0.00241668125608498,-0.00637394935641889,-3.02024030989415e-11,-1.1890186339772027e-09,0.1,0.0,1
8,1187,world,11.870000000000001,1.1770000000000003,1.246547691822052,1.5353286506069732,-0.3786788508703857,0.7070494902141946,0.7070494901973754,-0.009001022149598829,0.009001022149812946,2.3787949672829177e-12,0.09997056599771748,-0.0024260944120159003,-0.006373948817043064,-1.2205948066106695e-11,-4.793128516694867e-10,0.1,0.0,1
8,1188,world,11.88,1.1780000000000002,1.2465476918220517,1.5363283550603937,-0.37870316146421823,0.7070492029898473,0.7070492029830672,-0.009023555630396973,0.009023555630483505,9.589556959846855e-13,0.09997032200481715,-0.002436127716926085,-0.010045885174509293,4.224155754517097e-11,1.6522834221842568e-09,0.1,0.0,1
8,1189,world,11.89,1.1790000000000003,1.2465476918220517,1.5373280569925878,-0.37872757551374403,0.7070485824023952,0.7070485824089486,-0.009072051484122415,0.00907205148403833,-9.268651223679615e-13,0.09997006119252086,-0.0024468071365838714,-0.024557903418990057,7.409602519973843e-11,2.87478211445534e-09,0.1,0.0,1
8,1190,world,11.9,1.1800000000000002,1.2465476918220522,1.538327756177041,-0.37875210181442814,0.7070469656527231,0.7070469656866086,-0.009197191817208386,0.009197191816767609,-4.7925219883293675e-12,0.0999697696100044,-0.0024586915468687975,-0.03539803913396255,-3.7918280419169076e-11,-1.4572577200603693e-09,0.1,0.0,1
8,1191,world,11.91,1.181,1.246547691822052,1.5393274522621436,-0.3787767541156278,0.7070453267870929,0.7070453267730323,-0.009322332244283317,0.009322332244468705,1.988636574019986e-12,0.09996944123183021,-0.002472007240209424,-0.03539814291990894,-6.317819663360762e-11,-2.3954382625057177e-09,0.1,0.0,1
8,1192,world,11.92,1.1820000000000002,1.246547691822052,1.5403271448771287,-0.37880154673007255,0.7070436657371295,0.7070436657371295,-0.009447472730962617,0.009447472730962617,0.0,0.09996907548617713,-0.0024867541975473646,-0.035398237835295915,4.3807233062230446e-11,1.6389562236883266e-09,0.1,0.0,1
8,1193,world,11.93,1.183,1.246547691822052,1.5413268336452062,-0.3788264939703396,0.7070419825365947,0.7070419825457187,-0.009572613241527332,0.0095726132414038,-1.2904582931960495e-12,0.09996867173962513,-0.002502932403218025,-0.03539832387997573,1.2738421694822356e-11,4.703558346953368e-10,0.1,0.0,1
8,1194,world,11.94,1.1840000000000002,1.246547691822052,1.5423265181829424,-0.3788516101488253,0.7070402771891303,0.707040277195784,-0.009697753740648157,0.009697753740556897,-9.410499003024493e-13,0.09996822929724752,-0.0025205418411412234,-0.03539840105383925,1.496693425477597e-11,5.455015446054511e-10,0.1,0.0,1
8,1195,world,11.950000000000001,1.1850000000000003,1.2465476918220522,1.5433261980996544,-0.3788769095777173,0.7070385496829464,0.7070385496997871,-0.009822894193207992,0.009822894192974024,-2.3818522069704043e-12,0.09996774740285648,-0.0025395824851112293,-0.03539846935675896,3.3085427450356296e-11,1.1904911645047291e-09,0.1,0.0,1
8,1196,world,11.96,1.1860000000000002,1.246547691822052,1.5443258729967793,-0.37890240656896146,0.7070368000264973,0.7070368000499918,-0.0099480345638135,0.009948034563482932,-3.322933179295719e-12,0.09996722523869979,-0.0025600543109601005,-0.03539852878861934,-3.3506271374419616e-11,-1.1904537242925096e-09,0.1,0.0,1
8,1197,world,11.97,1.1870000000000003,1.246547691822052,1.545325542467276,-0.37892811543429544,0.7070350282334719,0.7070350282334719,-0.010073174816991465,0.010073174816991465,0.0,0.09996666192565212,-0.0025819572890302955,-0.03539857934935207,3.4465486740495547e-12,1.209231402936029e-10,0.1,0.0,1
8,1198,world,11.98,1.1880000000000002,1.2465476918220522,1.5463252060950006,-0.37895405048517966,0.7070332342648511,0.7070332342900562,-0.01019831491801979,0.010198314917656227,-3.5649034395872423e-12,0.0999660565231332,-0.002605291387492088,-0.035398621038875644,3.978805215682594e-11,1.3789380922506418e-09,0.1,0.0,1
8,1199,world,11.99,1.189,1.2465476918220522,1.5473248634541028,-0.37898022603248394,0.7070314181608637,0.7070314181803709,-0.01032345483104756,0.010323454830762734,-2.7590147903206042e-12,0.09996540802918025,-0.0026300565696398357,-0.03539865385712484,-5.204083800440845e-11,-1.7817024947639152e-09,0.1,0.0,1
8,1200,world,12.0,1.1900000000000002,1.246547691822052,1.5483245141084039,-0.37900665638682485,0.7070295799134133,0.7070295799134132,-0.010448594520910352,0.010448594520910352,0.0,0.09996471538046454,-0.0026562527934510436,-0.035398677804046125,-3.2494754094458456e-11,-1.0991755505707418e-09,0.1,0.0,1
8,1201,world,12.01,1.191,1.246547691822052,1.5493241576107852,-0.3790333558583815,0.7070277195043363,0.7070277195082936,-0.010573733952600674,0.010573733952541492,-5.596960093826338e-13,0.09996397745233188,-0.0026838800102997355,-0.03539869287959847,-2.5641295178612896e-11,-8.570706321946226e-10,0.1,0.0,1
8,1202,world,12.02,1.1920000000000002,1.2465476918220522,1.550323793502572,-0.3790603387568464,0.7070258369558808,0.7070258369437559,-0.01069887309051345,0.010698873090696927,1.7149162812151738e-12,0.09996319305865552,-0.002712938170686672,-0.03539869908377958,4.060380588843534e-12,1.3413611051297712e-10,0.1,0.0,1
8,1203,world,12.030000000000001,1.1930000000000003,1.2465476918220522,1.5513234213129221,-0.3790876193913738,0.7070239322415155,0.7070239322473704,-0.01082401189977562,0.010824011899685989,-8.280838162694495e-13,0.09996236095196998,-0.0027434272193864497,-0.03539869641656802,6.51545671311047e-11,2.12746017198431e-09,0.1,0.0,1
8,1204,world,12.040000000000001,1.1940000000000002,1.246547691822052,1.5523230405582151,-0.37911521207052434,0.7070220053817442,0.7070220053997166,-0.010949150344805385,0.010949150344527063,-2.5419450346130626e-12,0.09996147982361903,-0.0027753470904028485,-0.03539868487795747,-2.3329776098598758e-11,-7.530693226735077e-10,0.1,0.0,1
8,1205,world,12.05,1.1950000000000003,1.2465476918220522,1.5533226507414346,-0.379143131102205,0.7070200563916452,0.7070200563868463,-0.011074288390092734,0.0110742883901679,6.787335515882484e-13,0.09996054830338175,-0.0028086977208822144,-0.03539866446798387,-3.980600654517489e-11,-1.2703789945680356e-09,0.1,0.0,1
8,1206,world,12.06,1.1960000000000002,1.2465476918220522,1.5543222513515544,-0.37917139079360623,0.707018085240577,0.7070180852405769,-0.01119942600084233,0.01119942600084233,0.0,0.09995956496009922,-0.0028434790288842104,-0.03539863518667344,1.0748693826328584e-11,3.3921343819153413e-10,0.1,0.0,1
8,1207,world,12.07,1.197,1.2465476918220522,1.5553218418629338,-0.37920000545113924,0.7070160919453344,0.7070160919453345,-0.01132456314152203,0.01132456314152203,0.0,0.09995852830102503,-0.0028796909370935988,-0.03539859703406643,5.204170536616106e-16,1.7870362681203122e-14,0.1,0.0,1
8,1208,world,12.08,1.1980000000000002,1.2465476918220522,1.5563214217346835,-0.3792289893806971,0.707014076504152,0.7070140765041522,-0.01144969977688979,0.01144969977688979,0.0,0.09995743677227673,-0.002917333357074843,-0.03539855001021616,-5.7716332919284076e-11,-1.7815150741512365e-09,0.1,0.0,1
8,1209,world,12.09,1.199,1.246547691822052,1.5573209904100938,-0.37925835688657106,0.7070120389302884,0.7070120389050842,-0.011574835871460135,0.011574835871872764,3.564861459307225e-12,0.09995628875880547,-0.002956406191019925,-0.035398494115190894,1.6621253332193727e-11,5.074830798377983e-10,0.1,0.0,1
8,1210,world,12.1,1.2000000000000002,1.2465476918220522,1.5583205473159911,-0.37928812227236264,0.7070099791830264,0.7070099791902064,-0.011699971390633104,0.011699971390514286,-1.0155321801407715e-12,0.09995508258449515,-0.002996909329084417,-0.03539842934908948,9.566653225108274e-11,2.889702762733812e-09,0.1,0.0,1
8,1211,world,12.11,1.201,1.2465476918220522,1.5593200918621277,-0.37931829984057164,0.7070078973038051,0.7070078973194843,-0.011825106298465005,0.011825106298202761,-2.2176798961326587e-12,0.09995381651185531,-0.003038842660350193,-0.035398355712008056,-1.0817683780404235e-10,-3.2329718245766573e-09,0.1,0.0,1
8,1212,world,12.120000000000001,1.2020000000000002,1.2465476918220522,1.5603196234405796,-0.3793489038925059,0.7070057933127765,0.7070057932742162,-0.011950240559344336,0.011950240559996102,5.453988952652857e-12,0.09995248874241068,-0.003082206060319241,-0.03539827320403963,-6.390391821494108e-11,-1.8898203302834777e-09,0.1,0.0,1
8,1213,world,12.13,1.2030000000000003,1.2465476918220522,1.5613191414251313,-0.3793799487281839,0.7070036671384485,0.7070036671273903,-0.01207537413921217,0.012075374139401041,1.5640919605467426e-12,0.09995109741667285,-0.003126999392832638,-0.03539818182532022,7.469996999314613e-11,2.1861854011234375e-09,0.1,0.0,1
8,1214,world,12.14,1.2040000000000002,1.246547691822052,1.5623186451706672,-0.3794114486462326,0.7070015188344992,0.70700151882687,-0.012200507001902176,0.01220050700203383,1.0790953294749676e-12,0.09994964061398584,-0.0031732225158461833,-0.03539808157599253,7.25093611419337e-11,2.1002797813152788e-09,0.1,0.0,1
8,1215,world,12.15,1.205,1.2465476918220522,1.5633181340125615,-0.3794434179437796,0.7069993483782575,0.7069993483969149,-0.012325639112542917,0.012325639112217648,-2.638955722092185e-12,0.09994811635282538,-0.0032208752726675103,-0.04365125746190664,9.086898189375224e-11,2.5991771789676273e-09,0.1,0.0,1
8,1216,world,12.16,1.2060000000000002,1.246547691822052,1.5643176072637712,-0.37947587098667135,0.7069961257843833,0.7069961258135288,-0.012509120883307492,0.012509120882791812,-4.122421447944215e-12,0.09994652061555104,-0.0032700178661945675,-0.06734907287649602,-1.0707425339817058e-10,-3.011725580296763e-09,0.1,0.0,1
8,1217,world,12.17,1.207,1.246547691822052,1.5653170640913123,-0.37950882592367474,0.706990886852696,0.706990886828741,-0.012801793787156866,0.012801793787590629,3.3882758920390884e-12,0.09994482716191769,-0.0033213737480752184,-0.08279443388005359,-5.3719014545550173e-11,-1.482853115749597e-09,0.1,0.0,1
8,1218,world,12.18,1.2080000000000002,1.2465476918220517,1.5663165034461255,-0.3795423065437019,0.7069855266202192,0.7069855266283833,-0.013094469968708758,0.013094469968557548,-1.154772095392932e-12,0.09994302543745628,-0.0033751542791356226,-0.08279592477811533,6.273541431465671e-11,1.6929944408265396e-09,0.1,0.0,1
8,1219,world,12.19,1.209,1.246547691822052,1.5673159242261008,-0.37957633709164523,0.706980045151424,0.7069800451514241,-0.013387148975431284,0.013387148975431284,0.0,0.09994111152325909,-0.0034313594238275244,-0.0827973021976666,-1.289923176883765e-11,-3.404906737222357e-10,0.1,0.0,1
8,1220,world,12.200000000000001,1.2100000000000002,1.2465476918220522,1.5683153252890056,-0.3796109418136675,0.7069744424228193,0.7069744424261655,-0.01367983035636984,0.013679830356305092,-4.733212268048572e-13,0.09993908132252372,-0.0034899891704694,-0.08279856612732972,8.69963922604383e-12,2.2471261633319272e-10,0.1,0.0,1
8,1221,world,12.21,1.2110000000000003,1.2465476918220517,1.5693147054507022,-0.3796461449570597,0.7069687184450074,0.7069687184481872,-0.013972513659921805,0.01397251365985896,-4.4977195345792987e-13,0.09993693056151215,-0.0035510435006486842,-0.0827997165567367,-9.351027965731478e-12,-2.3646797944360984e-10,0.1,0.0,1
8,1222,world,12.22,1.2120000000000002,1.246547691822052,1.5703140634835469,-0.3796819707656797,0.7069628732215161,0.7069628732215161,-0.0142651984346029,0.0142651984346029,0.0,0.0999346547899748,-0.003614522376271421,-0.08280075347645241,-8.081349014140065e-11,-2.0016868083433127e-09,0.1,0.0,1
8,1223,world,12.23,1.2130000000000003,1.2465476918220517,1.571313398114407,-0.37971844348594097,0.7069569067662843,0.7069569067411389,-0.01455788422870673,0.014557884229224534,3.556821759816192e-12,0.09993224937992355,-0.0036804257727564753,-0.08280167687789952,4.003985101370973e-11,9.717893996246286e-10,0.1,0.0,1
8,1224,world,12.24,1.2140000000000002,1.246547691822052,1.5723127080230135,-0.37975558736295684,0.7069508190414567,0.7069508190552085,-0.014850570591595004,0.014850570591306128,-1.945208456003946e-12,0.0999297095268039,-0.00374875364469306,-0.08280248675348978,1.2357130620834487e-11,2.939968727301504e-10,0.1,0.0,1
8,1225,world,12.25,1.215,1.2465476918220515,1.5733119918402263,-0.3797934266399028,0.7069446101217063,0.7069446101007217,-0.015143257070291084,0.015143257070740587,2.9683026139012327e-12,0.09992703024911778,-0.0038195059355763056,-0.08280318309657092,-7.393426993950132e-11,-1.7249720849937806e-09,0.1,0.0,1
8,1226,world,12.26,1.2160000000000002,1.246547691822052,1.574311248146078,-0.37983198556264863,0.7069382799542059,0.7069382799435461,-0.015435943214492827,0.015435943214725583,1.5078605793380776e-12,0.09992420638821164,-0.0038926825822415295,-0.082803765901423,1.3603009163695294e-11,3.113510131313909e-10,0.1,0.0,1
8,1227,world,12.27,1.217,1.246547691822052,1.5753104754682636,-0.37987128837288214,0.7069318285768141,0.7069318285602363,-0.015728628571987775,0.01572862857235662,2.345023038616691e-12,0.09992123260895569,-0.003968283496295323,-0.08280423516325924,3.3532555567282624e-11,7.531945438299163e-10,0.1,0.0,1
8,1228,world,12.280000000000001,1.2180000000000002,1.246547691822052,1.5763096722802061,-0.37991135931233666,0.7069252559780536,0.7069252559780536,-0.01602131269164421,0.01602131269164421,0.0,0.09991810339951394,-0.004046308570047737,-0.08280459087817302,1.3368960245599667e-10,2.9479413601152857e-09,0.1,0.0,1
8,1229,world,12.290000000000001,1.2190000000000003,1.2465476918220517,1.5773088369992085,-0.37995222262442147,0.7069185621734668,0.7069185621986113,-0.01631399512175615,0.01631399512117588,-3.556853533448015e-12,0.09991481307098538,-0.00412675768492072,-0.08280483304326475,1.829942656694144e-11,3.9626341679228687e-10,0.1,0.0,1
8,1230,world,12.3,1.2200000000000002,1.2465476918220517,1.5783079679850127,-0.3799939025461177,0.706911747198941,0.7069117472045494,-0.0166066754101504,0.016606675410018645,-7.933714073417302e-13,0.09991135575852517,-0.004209630683732541,-0.08280496165657054,-9.611982448179321e-11,-2.044681530766676e-09,0.1,0.0,1
8,1231,world,12.31,1.2210000000000003,1.2465476918220517,1.5793070635376705,-0.38003642331657334,0.706904811037019,0.7069048110332231,-0.016899353105911032,0.016899353106001776,5.369608496411908e-13,0.09990772542065969,-0.004294927388218618,-0.08280497671698643,-1.895584600527244e-11,-3.962348697459801e-10,0.1,0.0,1
8,1232,world,12.32,1.2220000000000002,1.2465476918220517,1.5803061218959589,-0.3800798091724509,0.7068977536968014,0.7068977536968013,-0.017192027757551687,0.017192027757551687,0.0,0.09990391583970776,-0.004382647589368087,-0.0828048782243962,-6.487363471705362e-11,-1.3329425025715996e-09,0.1,0.0,1
8,1233,world,12.33,1.223,1.2465476918220515,1.581305141235709,-0.3801240843455692,0.7068905752094375,0.7068905751867746,-0.017484698913078255,0.017484698913638814,3.2059612432116124e-12,0.09989992062231118,-0.004472791036470052,-0.08280466617962101,-1.2702288590366126e-10,-2.566129617256356e-09,0.1,0.0,1
8,1234,world,12.34,1.2240000000000002,1.2465476918220517,1.58230411966775,-0.380169273069474,0.7068832755692025,0.7068832755328789,-0.01777736612143,0.017777366122343503,5.138510770603317e-12,0.09989573319869571,-0.0045653574553374985,-0.08280434058441338,2.59369985707992e-10,5.153419822146071e-09,0.1,0.0,1
8,1235,world,12.35,1.225,1.2465476918220515,1.5833030552365097,-0.3802153995706684,0.7068758547431525,0.7068758547934387,-0.018070028932314595,0.018070028931029117,-7.113806747127076e-12,0.09989134682435978,-0.004660346512381923,-0.08280390144146153,2.1919656097080769e-10,4.2845485043867125e-09,0.1,0.0,1
8,1236,world,12.36,1.2260000000000002,1.2465476918220517,1.5843019459180592,-0.38026248807310764,0.7068683128510825,0.7068683128754111,-0.01836268689159528,0.018362686890963285,-3.44169619909319e-12,0.09988675457876676,-0.004757757846004611,-0.08280334875433455,-2.2259262950744826e-10,-4.281440101816991e-09,0.1,0.0,1
8,1237,world,12.370000000000001,1.2270000000000003,1.2465476918220517,1.585300789618215,-0.3803105628005046,0.7068606498551167,0.7068606498447925,-0.01865533954917155,0.018655339549444025,1.4605684371530327e-12,0.09988194936660669,-0.004857591041516139,-0.0828026825276037,-7.100536248786958e-11,-1.3442745795441136e-09,0.1,0.0,1
8,1238,world,12.38,1.2280000000000002,1.2465476918220517,1.586299584171263,-0.38035964796581245,0.7068528657405158,0.7068528657458132,-0.018947986454465264,0.018947986454323263,-7.494234609336618e-13,0.09987692391821933,-0.004959845626048281,-0.0828019027667808,1.0233481898854651e-10,1.907422522915274e-09,0.1,0.0,1
8,1239,world,12.39,1.2290000000000003,1.2465476918220517,1.5872983273376902,-0.38040976778200974,0.7068449605499666,0.7068449605666465,-0.01924062715544438,0.019240627154990347,-2.3597417915938397e-12,0.09987167078926143,-0.005064521079172919,-0.08280100947823588,-7.334758639244398e-11,-1.3462913638605172e-09,0.1,0.0,1
8,1240,world,12.4,1.2300000000000002,1.2465476918220517,1.588297016802717,-0.3804609464553887,0.7068369343183768,0.7068369343046137,-0.019533261200310886,0.019533261200691224,1.9471229084722063e-12,0.09986618236146667,-0.005171616821293452,-0.08280000266932491,-7.238030447151804e-11,-1.308588147685455e-09,0.1,0.0,1
8,1241,world,12.41,1.231,1.2465476918220517,1.5892956501746611,-0.3805132081834216,0.7068287870204532,0.7068287870186054,-0.019825888138993514,0.01982588813904534,2.6140665226426115e-13,0.09986045084352302,-0.005281132201367882,-0.08279888234833965,6.294254032186684e-11,1.12112502783171e-09,0.1,0.0,1
8,1242,world,12.42,1.2320000000000002,1.2465476918220517,1.5902942249827683,-0.3805665771622955,0.7068205186988361,0.706820518700947,-0.0201185075196302,0.02011850751957012,-2.986221132178774e-13,0.09985446827035639,-0.005393066515850629,-0.08279764852450644,7.434505250441824e-12,1.3050073581736183e-10,0.1,0.0,1
8,1243,world,12.43,1.233,1.2465476918220517,1.5912927386760742,-0.3806210775749687,0.7068121293707488,0.7068121293707489,-0.02041111889112865,0.02041111889112865,0.0,0.09984822650505865,-0.005507418977570941,-0.08279630120798383,9.401300257720943e-11,1.6264212702241408e-09,0.1,0.0,1
8,1244,world,12.44,1.2340000000000002,1.2465476918220517,1.5922911886212712,-0.3806767335985166,0.7068036190383813,0.7068036190635216,-0.02070372180292032,0.020703721802183907,-3.5569007726244063e-12,0.09984171723865809,-0.005624188726904734,-0.08279484040980917,-1.2933058880394864e-11,-2.2057394240461432e-10,0.1,0.0,1
8,1245,world,12.450000000000001,1.2350000000000003,1.2465476918220517,1.5932895721009195,-0.38073356940416214,0.7067949877615949,0.7067949877584717,-0.020996315802836694,0.020996315802929478,4.418906772188683e-13,0.09983493199030337,-0.005743374834668318,-0.086438940530133,-5.5096212236834566e-11,-9.259672199507414e-10,0.1,0.0,1
8,1246,world,12.46,1.2360000000000002,1.2465476918220517,1.5942878863279137,-0.38079160888035474,0.7067854589185143,0.7067854589305417,-0.021314667551999296,0.02131466755163658,-1.7017172897053711e-12,0.09982787427019361,-0.005864769278873314,-0.09587129389937432,1.0386016555742368e-10,1.718745895220923e-09,0.1,0.0,1
8,1247,world,12.47,1.2370000000000003,1.246547691822052,1.5952861290981797,-0.3808508646652118,0.706774533494487,0.7067745335157036,-0.02167391955021096,0.02167391954956033,-3.0018893364166324e-12,0.09982065854944254,-0.005986328320064542,-0.10165878838021497,5.677109067021523e-11,9.247747282730529e-10,0.1,0.0,1
8,1248,world,12.48,1.2380000000000002,1.2465476918220517,1.5962842990765391,-0.3809113342562015,0.706763425468906,0.7067634254940296,-0.022033165948611873,0.022033165947828656,-3.5547197757063867e-12,0.09981331610964779,-0.0061075303679578715,-0.10165878838020376,-1.7279965159704105e-10,-2.7687804358952386e-09,0.1,0.0,1
8,1249,world,12.49,1.239,1.2465476918220517,1.5972823950021287,-0.38097301408401146,0.7067521348655136,0.7067521348475165,-0.022392406653720963,0.02239240665429117,2.546422121486769e-12,0.09980584821161305,-0.0062283756117031104,-0.1016587883801926,-1.2099386078732725e-10,-1.9075003436975653e-09,0.1,0.0,1
8,1250,world,12.5,1.2400000000000002,1.246547691822052,1.5982804156267039,-0.3810359005806495,0.7067406616341012,0.7067406616322076,-0.022751641574398178,0.022751641574459133,2.679193066194941e-13,0.09979825611109272,-0.00634886424368516,-0.10165878838019296,1.2307552931704977e-10,1.9095839312654638e-09,0.1,0.0,1
8,1251,world,12.51,1.241,1.2465476918220515,1.599278359714495,-0.3810999901810175,0.7067290058098245,0.7067290058188752,-0.02311087061682309,0.023110870616527116,-1.2806696802525388e-12,0.09979054105841922,-0.006468996465290948,-0.10165878838021447,8.212737461363291e-11,1.2543917394375388e-09,0.1,0.0,1
8,1252,world,12.52,1.2420000000000002,1.246547691822052,1.6002762260422139,-0.38116527932205607,0.7067171673951759,0.7067171674110503,-0.023470093688197774,0.023470093687670588,-2.2461932702827715e-12,0.09978270429861813,-0.006588772484654249,-0.10165878838020287,-4.3535321741102175e-11,-6.547344199077382e-10,0.1,0.0,1
8,1253,world,12.530000000000001,1.2430000000000003,1.246547691822052,1.6012740133989931,-0.3812317644428073,0.7067051464026144,0.7067051464023903,-0.02382931069539195,0.0238293106953995,3.170583504539819e-14,0.09977474707151403,-0.006708192514784077,-0.10165878838019296,4.5123634829285286e-12,6.684162838976245e-11,0.1,0.0,1
8,1254,world,12.540000000000001,1.2440000000000002,1.2465476918220517,1.6022717205862071,-0.381299441986393,0.7066929428072135,0.7066929428240343,-0.02418852154653947,0.02418852154596374,-2.3801837663748337e-12,0.09976667061164791,-0.006827256774645985,-0.10165878838021487,8.148413903794869e-11,1.188942302771194e-09,0.1,0.0,1
8,1255,world,12.55,1.2450000000000003,1.2465476918220517,1.6032693464177947,-0.38136830839441,0.7066805566373204,0.7066805566539399,-0.024547726147983923,0.024547726147406624,-2.351738825671429e-12,0.0997584761481961,-0.006945965490109173,-0.10165878838021412,-2.6624193550396153e-10,-3.82767327825076e-09,0.1,0.0,1
8,1256,world,12.56,1.2460000000000002,1.2465476918220517,1.604266889719855,-0.3814383601124738,0.706667987914426,0.7066679878770176,-0.02490692440626211,0.02490692440758059,5.2936216009585985e-12,0.09975016490500066,-0.007064318893225083,-0.10165878838020428,-3.7131762398929694e-11,-5.261054434764872e-10,0.1,0.0,1
8,1257,world,12.57,1.247,1.246547691822052,1.6052643493306884,-0.3815095935886496,0.7066552365645632,0.7066552365737281,-0.02526611623129039,0.025266116230962705,-1.2969377669397573e-12,0.09974173810069038,-0.007182317220319036,-0.10165878838019296,2.0763012943633912e-10,2.8998358626272823e-09,0.1,0.0,1
8,1258,world,12.58,1.2480000000000002,1.2465476918220517,1.6062617241007584,-0.3815820052734072,0.7066423026673561,0.7066423026710369,-0.025625301527575826,0.025625301527442343,-5.208944175937438e-13,0.09973319694830655,-0.007299960717038079,-0.1016587883801923,-2.982632016624184e-10,-4.107040328991048e-09,0.1,0.0,1
8,1259,world,12.59,1.249,1.246547691822052,1.607259012892603,-0.38165559161995194,0.7066291862237315,0.7066291861747,-0.025984480202367363,0.02598448020417037,6.9387775105936175e-12,0.09972454265572835,-0.007417249632162697,-0.10165878838021483,-6.979869274635125e-11,-9.477683292772596e-10,0.1,0.0,1
8,1260,world,12.6,1.2500000000000002,1.2465476918220515,1.6082562145807349,-0.38173034908512343,0.7066158871674673,0.7066158871577175,-0.026343652165425932,0.026343652165789416,1.3797700344844354e-12,0.09971577642564405,-0.0075341842180139205,-0.10165878838021516,3.785299115552342e-10,5.0695966363470305e-09,0.1,0.0,1
8,1261,world,12.61,1.2510000000000001,1.2465476918220517,1.6092533280518937,-0.38180627412526963,0.7066024055513556,0.7066024055741692,-0.02670281732215961,0.026702817321297475,-3.2286299397667456e-12,0.09970689945518901,-0.007650764735164149,-0.1016587883801923,-1.950107078644063e-11,-2.5763856210097227e-10,0.1,0.0,1
8,1262,world,12.620000000000001,1.2520000000000002,1.2465476918220517,1.6102503522046343,-0.38188336320104643,0.706588741409909,0.7065887413965083,-0.027061975578580116,0.02706197557909336,1.8965480307258845e-12,0.09969791293580672,-0.0077669914538579105,-0.10165878838020424,-8.311928966803647e-11,-1.0835342086844627e-09,0.1,0.0,1
8,1263,world,12.63,1.2530000000000003,1.246547691822052,1.6112472859494094,-0.381961612775794,0.7065748946837339,0.7065748946911897,-0.027421126844283994,0.02742112684399465,-1.055197981990857e-12,0.09968881805430384,-0.00788286464021219,-0.10165878838021554,-1.1695854634246014e-11,-1.504696474888063e-10,0.1,0.0,1
8,1264,world,12.64,1.2540000000000002,1.2465476918220517,1.6122441282085083,-0.38204101931558876,0.7065608654268655,0.7065608654113326,-0.02778027102453931,0.027780271025150023,2.198373553688604e-12,0.0996796159913767,-0.007998384575130081,-0.10165878838020355,-4.738259212879444e-11,-6.016334734859169e-10,0.1,0.0,1
8,1265,world,12.65,1.2550000000000001,1.246547691822052,1.6132408779159622,-0.3821215792897749,0.7065466536022814,0.706546653601209,-0.028139408028142104,0.028139408028184817,1.5178334378481156e-13,0.09967030792307352,-0.008113551535530597,-0.10165878838019267,1.6856866031036087e-10,2.1129241430169188e-09,0.1,0.0,1
8,1266,world,12.66,1.2560000000000002,1.2465476918220517,1.6142375340174928,-0.38220328917100116,0.7065322592318622,0.7065322592462818,-0.028498537761598917,0.028498537761017288,-2.040899421564095e-12,0.09966089501966224,-0.008228365808583344,-0.10165878838019266,2.374899297714341e-10,2.939115072113066e-09,0.1,0.0,1
8,1267,world,12.67,1.2570000000000001,1.2465476918220522,1.615234095470695,-0.38228614543243306,0.7065176823145016,0.7065176823550954,-0.028857660132321866,0.028857660130663813,-5.745599263014513e-12,0.09965137844567493,-0.008342827690709853,-0.10165878838021486,6.17252882985774e-11,7.543438311484549e-10,0.1,0.0,1
8,1268,world,12.68,1.2580000000000002,1.246547691822052,1.6162305612446666,-0.38237014455160595,0.7065029228801339,0.7065029229052475,-0.029216775046453283,0.029216775045414735,-3.554619673771674e-12,0.09964175936116751,-0.008456937472347074,-0.10165878838021486,-1.7056810293315934e-10,-2.058764407939028e-09,0.1,0.0,1
8,1269,world,12.69,1.2590000000000001,1.246547691822052,1.617226930320078,-0.38245528300904336,0.7064879809108607,0.7064879809222633,-0.02957588241208805,0.0295758824116107,-1.6139706534744395e-12,0.09963203891995887,-0.008570695459051416,-0.1016587883801923,-2.8224545621571345e-10,-3.3651416772533743e-09,0.1,0.0,1
8,1270,world,12.700000000000001,1.2600000000000002,1.246547691822052,1.6182232016891125,-0.38254155728830413,0.7064728564215738,0.7064728563989717,-0.029934982135980295,0.02993498213693799,3.199250731299607e-12,0.09962221827098787,-0.00868410195516231,-0.10165878838020354,-6.826554387420303e-11,-8.040931828172365e-10,0.1,0.0,1
8,1271,world,12.71,1.2610000000000003,1.246547691822052,1.619219374355344,-0.3826289638768447,0.7064575493777306,0.7064575493777306,-0.030294074126985492,0.030294074126985492,0.0,0.099612298557684,-0.00879715727123426,-0.10165878838021519,-1.5213874449477084e-11,-1.7705331355501443e-10,0.1,0.0,1
8,1272,world,12.72,1.2620000000000002,1.246547691822052,1.6202154473337962,-0.38271749926472354,0.7064420598354463,0.7064420598103345,-0.0306531582901073,0.030653158291196924,3.554667125717481e-12,0.09960228091802592,-0.008909861723205884,-0.10165878838020426,-6.558990592401454e-11,-7.54379685720558e-10,0.1,0.0,1
8,1273,world,12.73,1.2630000000000001,1.246547691822052,1.6212114196509744,-0.38280715994377934,0.7064263877551032,0.7064263877444048,-0.031012234534450376,0.031012234534920042,1.5144385213314626e-12,0.09959216648490843,-0.009022215628230376,-0.10165878838019266,-6.163889905459392e-11,-7.0069091730541e-10,0.1,0.0,1
8,1274,world,12.74,1.2640000000000002,1.2465476918220522,1.622207290344583,-0.38289794241017133,0.7064105331798946,0.7064105331448461,-0.031371302765534605,0.03137130276709108,4.96145144027508e-12,0.09958195638545463,-0.009134219312312132,-0.10165878838019227,2.24676219136727e-10,2.5246111419641624e-09,0.1,0.0,1
8,1275,world,12.75,1.2650000000000001,1.2465476918220517,1.623203058463571,-0.38298984316331824,0.7063944960522807,0.7063944960773911,-0.03173036289332916,0.03173036289220123,-3.554721457057195e-12,0.09957165174162178,-0.009245873103454939,-0.10165878838021623,7.389645724711006e-11,8.20901843043066e-10,0.1,0.0,1
8,1276,world,12.76,1.2660000000000002,1.246547691822052,1.62419872306809,-0.38308285870594194,0.7063782764729952,0.7063782764495926,-0.03208941482074309,0.032089414821806224,3.3130447479858157e-12,0.09956125366992569,-0.009357177334683334,-0.10152593592647273,-1.8576254839278566e-10,-2.0403911885808413e-09,0.1,0.0,1
8,1277,world,12.77,1.2670000000000001,1.2465476918220517,1.6251942832292658,-0.3831769855457329,0.7063619174658025,0.7063619174619675,-0.03244752003987617,0.03244752004005234,5.429215535825943e-13,0.09955076328918039,-0.009468132262572843,-0.08174018469531634,6.52349774679104e-11,7.100913964176557e-10,0.1,0.0,1
8,1278,world,12.780000000000001,1.2680000000000002,1.2465476918220522,1.6261897385557025,-0.3832722147072617,0.7063518105421174,0.7063518105287894,-0.03266679894429325,0.032666798944909634,1.886879421250799e-12,0.09954033891469666,-0.009577104403071137,-0.06208760343890242,8.446820175323833e-11,9.112697076965126e-10,0.1,0.0,1
8,1279,world,12.790000000000001,1.2690000000000003,1.246547691822052,1.6271850907650978,-0.3833685157238903,0.7063416354263827,0.7063416354354765,-0.03288607694410847,0.03288607694368509,-1.2874223861373772e-12,0.09953014180547921,-0.009682503404657372,-0.06208821455103328,5.6179023378960834e-11,6.020115348877892e-10,0.1,0.0,1
8,1280,world,12.8,1.2700000000000002,1.2465476918220522,1.6281803421873557,-0.38346585286611745,0.7063313921595203,0.7063313921547341,-0.033105353847484746,0.03310535384770908,6.776400044556476e-13,0.09952018333537754,-0.009784329762065603,-0.06208877780216676,-2.2946923614569784e-10,-2.4425834453458777e-09,0.1,0.0,1
8,1281,world,12.81,1.2710000000000001,1.2465476918220522,1.6291754952639046,-0.3835641904123465,0.7063210807338591,0.7063210807082957,-0.03332462946484508,0.03332462946605118,3.6191965629215404e-12,0.09951047448979655,-0.009882584015102162,-0.06208929318971207,4.5162834709438273e-11,4.775441200246006e-10,0.1,0.0,1
8,1282,world,12.82,1.2720000000000002,1.246547691822052,1.63017055254458,-0.38366349264153926,0.7063107011290327,0.7063107011310226,-0.03354390360724405,0.033543903607149546,-2.817112804586049e-13,0.09950102586221926,-0.009977266778330433,-0.06208976071129593,1.7149754941174143e-10,1.8014813238808874e-09,0.1,0.0,1
8,1283,world,12.83,1.2730000000000001,1.2465476918220522,1.6311655166826124,-0.38376372384501756,0.7063002533914425,0.7063002533914426,-0.03376317608259053,0.03376317608259053,0.0,0.09949184765890585,-0.010068378688600756,-0.06209018036476317,2.6130835287018113e-11,2.726923896765656e-10,0.1,0.0,1
8,1284,world,12.84,1.2740000000000002,1.2465476918220517,1.6321603904318707,-0.3838648483154044,0.7062897375100742,0.7062897375159336,-0.03398244670152009,0.03398244670123817,-8.296006753852429e-13,0.09948294969541051,-0.010155920435904586,-0.062090552148138634,-1.4422144961255648e-10,-1.4952691739035945e-09,0.1,0.0,1
8,1285,world,12.85,1.2750000000000001,1.2465476918220522,1.633155176642146,-0.38396683035531426,0.7062791535132196,0.7062791534920001,-0.03420171527280139,0.03420171527382896,3.0043754362548645e-12,0.09947434139900448,-0.010239892735488192,-0.0620908760597115,1.0865094245219165e-10,1.119212607064713e-09,0.1,0.0,1
8,1286,world,12.86,1.276,1.2465476918220522,1.6341498782555512,-0.3840696342746836,0.7062685013575041,0.7062685013792469,-0.034420981608685404,0.03442098160762573,-3.078505090283997e-12,0.09946603180967858,-0.010320296315320067,-0.0620911520979984,1.4963760359742976e-10,1.5315176327277926e-09,0.1,0.0,1
8,1287,world,12.870000000000001,1.2770000000000004,1.2465476918220524,1.6351444983029368,-0.3841732243881593,0.7062577811183742,0.7062577811188914,-0.034640245515674864,0.0346402455156495,-7.322123842173434e-14,0.09945802957757816,-0.010397131938452507,-0.062091380261715734,-1.5063298799197482e-10,-1.5318867385398334e-09,0.1,0.0,1
8,1288,world,12.88,1.2780000000000002,1.246547691822052,1.6361390398992153,-0.3842775650228115,0.7062469927619304,0.7062469927619304,-0.03485950680560253,0.03485950680560253,0.0,0.09945034296792629,-0.01047040035346478,-0.062091560549808834,3.066470885523785e-11,3.098771221881534e-10,0.1,0.0,1
8,1289,world,12.89,1.2790000000000001,1.2465476918220522,1.637133506240598,-0.3843826205077577,0.7062361363045758,0.7062361363094912,-0.03507876528787334,0.035078765287629196,-6.959851179202953e-13,0.09944297985655313,-0.01054010233580154,-0.0620916929614352,3.8403310778829355e-11,3.856364477480333e-10,0.1,0.0,1
8,1290,world,12.9,1.2800000000000002,1.246547691822052,1.638127900599702,-0.38448835518381214,0.7062252117601873,0.7062252117656611,-0.03529802077202756,0.035298020771753966,-7.750702634732262e-13,0.09943594773506836,-0.010606238637177256,-0.062091777495993705,-8.143174158651543e-11,-8.125860316206161e-10,0.1,0.0,1
8,1291,world,12.91,1.2810000000000001,1.246547691822052,1.639122226322285,-0.38459473339778977,0.7062142191421108,0.7062142191354913,-0.0355172730676457,0.03551727306797861,9.3732396320344e-13,0.09942925370769157,-0.010668810014781469,-0.06209181415310175,-3.062966743878418e-11,-3.037443322055455e-10,0.1,0.0,1
8,1292,world,12.92,1.2820000000000003,1.246547691822052,1.6401164868233011,-0.38470171950327997,0.7062031584434981,0.70620315844466,-0.03573652198534576,0.03573652198528697,-1.645061905562892e-13,0.09942290449356282,-0.010727817208728369,-0.06209180293256638,-1.3234102165195997e-10,-1.3042853009648801e-09,0.1,0.0,1
8,1293,world,12.93,1.2830000000000001,1.246547691822052,1.6411106855826842,-0.38480927786383295,0.7061920297009576,0.7061920296758223,-0.03595576733357485,0.03595576733485461,3.5592029167144986e-12,0.09941690642829792,-0.010783260927338119,-0.06209174383444486,1.5020381737658797e-10,1.471210314157231e-09,0.1,0.0,1
8,1294,world,12.94,1.284,1.2465476918220517,1.642104826142199,-0.3849173728462569,0.7061808328705576,0.7061808328926061,-0.03617500892489517,0.0361750089237657,-3.1221812778828095e-12,0.0994112654606753,-0.01083514187757357,-0.062091636859016634,-1.2845350609243932e-10,-1.2504971603693286e-09,0.1,0.0,1
8,1295,world,12.950000000000001,1.2850000000000004,1.246547691822052,1.6430989121008162,-0.38502596882768186,0.7061695680551636,0.7061695680122749,-0.036394246564394,0.03639424656660438,6.07332021320223e-12,0.09940598715762079,-0.010883460718858245,-0.062091482006776215,-3.9638503362011077e-10,-3.835376035109705e-09,0.1,0.0,1
8,1296,world,12.96,1.2860000000000003,1.2465476918220517,1.6440929471115084,-0.38513503018939993,0.7061582351712873,0.706158235138879,-0.03661348006672982,0.03661348006841015,4.589290378437712e-12,0.09940107670157604,-0.010928218087474314,-0.062091279278444544,4.74541964018099e-10,4.563890769731722e-09,0.1,0.0,1
8,1297,world,12.97,1.2870000000000001,1.246547691822052,1.6450869348770538,-0.3852445213197754,0.7061468342452127,0.7061468342671285,-0.03683270924097807,0.03683270923983493,-3.1035467909548303e-12,0.09939653889213834,-0.010969414581628,-0.06209102867494372,1.5465095476511358e-10,1.4784305589864935e-09,0.1,0.0,1
8,1298,world,12.98,1.2880000000000003,1.2465476918220517,1.646080879146252,-0.38535440661349185,0.7061353653534022,0.7061353653419883,-0.03705193389358823,0.037051933894187136,1.616371427861544e-12,0.09939237814649614,-0.011007050757760546,-0.06209073019745002,-1.6910640641915788e-10,-1.6069635587861875e-09,0.1,0.0,1
8,1299,world,12.99,1.2890000000000001,1.2465476918220517,1.6470747837103492,-0.3854646504689552,0.7061238284410388,0.7061238284401343,-0.03727115383788499,0.03727115383793274,1.2809461192300414e-13,0.09938859849894605,-0.011041127135184285,-0.06209038384735369,1.3446883360392402e-11,1.2703129295895855e-10,0.1,0.0,1
8,1300,world,13.0,1.2900000000000003,1.246547691822052,1.6480686523987746,-0.38557521729176447,0.7061122235507953,0.7061122235411857,-0.03749036888212763,0.03749036888263785,1.360909391732969e-12,0.09938520360373258,-0.0110716441707916,-0.06208998962622503,6.782422282163595e-12,6.367827681574973e-11,0.1,0.0,1
8,1301,world,13.01,1.2910000000000001,1.246547691822052,1.6490624890758419,-0.3856860714896405,0.706100550675269,0.7061005506752689,-0.03770957883723991,0.03770957883723991,0.0,0.09938219673130246,-0.0110986022931132,-0.06208954753589932,1.3736061782396238e-10,1.2823447772335818e-09,0.1,0.0,1
8,1302,world,13.02,1.292,1.246547691822052,1.6500562976364888,-0.3857971774758288,0.706088809835698,0.7060888098443013,-0.037928783512661574,0.03792878351219942,-1.2184610384192376e-12,0.09937958077244752,-0.011122001865338071,-0.06208905757843445,-5.240704041053595e-11,-4.863890419157443e-10,0.1,0.0,1
8,1303,world,13.030000000000001,1.2930000000000004,1.2465476918220517,1.6510500820027225,-0.38590849966636787,0.7060770010554308,0.7060770010485223,-0.03814798271773807,0.038147982718111324,9.784252291863766e-13,0.09937735823637345,-0.011141843202966895,-0.06208851975608433,-2.467602669756131e-10,-2.2769623805054e-09,0.1,0.0,1
8,1304,world,13.040000000000001,1.2940000000000003,1.2465476918220517,1.6520438461197589,-0.3860200024800065,0.7060651243350788,0.7060651243113399,-0.0383671762630685,0.038367176264358455,3.3621183668797175e-12,0.09937553125168232,-0.01115812656523988,-0.062087934071344865,-3.816426586818695e-11,-3.501373244604378e-10,0.1,0.0,1
8,1305,world,13.05,1.2950000000000002,1.246547691822052,1.653037593952126,-0.3861316503384643,0.7060531796718645,0.7060531796599827,-0.038586363959485497,0.03858636396013484,1.682839943569524e-12,0.09937410156783816,-0.011170852142293568,-0.049658699818720814,2.1482191908958637e-10,1.9617909449354746e-09,0.1,0.0,1
8,1306,world,13.06,1.2960000000000003,1.2465476918220517,1.6540313294261826,-0.3862434081429217,0.7060459846236876,0.7060459846278172,-0.038717794279381754,0.038717794279155296,-5.848884823786166e-13,0.09937303558562588,-0.011180330876049097,-0.02275669978105173,9.188552775800513e-11,8.36404130263749e-10,0.1,0.0,1
8,1307,world,13.07,1.2970000000000002,1.246547691822052,1.6550250549883125,-0.3863552540484083,0.7060443804009011,0.7060443804009012,-0.038747037361683556,0.038747037361683556,0.0,0.09937208882911888,-0.011188742634349411,-0.008283629827746978,1.6295922963023776e-10,1.4802328650584825e-09,0.1,0.0,1
8,1308,world,13.08,1.2980000000000003,1.246547691822052,1.656018771442822,-0.3864671808437938,0.7060427749520299,0.7060427749771879,-0.03877628038283466,0.03877628038145296,-3.5632501622331804e-12,0.09937121408848912,-0.011196508856767087,-0.008283631049670238,1.7076617917045217e-10,1.5499676646703292e-09,0.1,0.0,1
8,1309,world,13.09,1.2990000000000002,1.2465476918220517,1.6570124795106387,-0.38657918207381303,0.7060411683058905,0.7060411683279099,-0.03880552334080286,0.03880552333959262,-3.118717425406436e-12,0.09937041151509513,-0.011203629560131588,-0.00828363215790654,-1.9525353578536728e-10,-1.7708807097248235e-09,0.1,0.0,1
8,1310,world,13.1,1.3,1.246547691822052,1.6580061799141514,-0.3866912512832602,0.7060395604577991,0.7060395604577993,-0.03883476623539383,0.03883476623539383,0.0,0.0993696812495486,-0.011210104743627927,-0.008283633152465266,-3.6642633413903186e-10,-3.3208332389326123e-09,0.1,0.0,1
8,1311,world,13.11,1.3010000000000002,1.246547691822052,1.6589998733770812,-0.3868033820169798,0.7060379513999095,0.7060379513747514,-0.0388640090665882,0.038864009067973035,3.563269513782917e-12,0.09936902341856442,-0.011215934416748239,-0.008283634033342015,4.641426137631162e-12,4.202812148250583e-11,0.1,0.0,1
8,1312,world,13.120000000000001,1.3020000000000003,1.2465476918220517,1.659993560624357,-0.38691556781987146,0.7060363411052196,0.7060363411058168,-0.03889325183542299,0.038893251835390094,-8.458020560139077e-14,0.09936843813749888,-0.01122111857677565,-0.008283634800535148,1.956958902722257e-10,1.7708599364109797e-09,0.1,0.0,1
8,1313,world,13.13,1.3030000000000002,1.246547691822052,1.6609872423819978,-0.38702780223685596,0.7060347296123871,0.7060347296123871,-0.038922494539320125,0.038922494539320125,0.0,0.09936792550763886,-0.011225657232800916,-0.00828363545404677,-1.769608767102501e-10,-1.6001079169209165e-09,0.1,0.0,1
8,1314,world,13.14,1.3040000000000003,1.246547691822052,1.6619809193769755,-0.3871400788128724,0.7060331169190294,0.7060331168968942,-0.03895173717795927,0.03895173717918047,3.135145191265125e-12,0.0993674856186667,-0.011229550383878602,-0.008283635993876414,1.3026350846233017e-10,1.1769709786223494e-09,0.1,0.0,1
8,1315,world,13.15,1.3050000000000002,1.2465476918220522,1.6629745923370933,-0.38725239109289344,0.7060315029839063,0.7060315030006273,-0.038980979753165876,0.03898097975224268,-2.3683296212878913e-12,0.09936711854708713,-0.011232798032953857,-0.008283636420024418,4.1083421434073966e-10,3.709218440113153e-09,0.1,0.0,1
8,1316,world,13.16,1.3060000000000003,1.2465476918220517,1.663968261990852,-0.38736473262190274,0.7060298878500463,0.7060298878806078,-0.03901022226211617,0.03901022226042756,-4.32862665365945e-12,0.09936682435691306,-0.01123540018078533,-0.008283636732488017,-1.8178687742593686e-10,-1.640012064661056e-09,0.1,0.0,1
8,1317,world,13.17,1.3070000000000002,1.246547691822052,1.6649619290673339,-0.3874770969448881,0.7060282715304564,0.7060282715238777,-0.039039464703639226,0.039039464704003,9.317963116721366e-13,0.09936660309925273,-0.011237356829592083,-0.008283636931269859,-1.0266128237042191e-10,-9.254762765347509e-10,0.1,0.0,1
8,1318,world,13.18,1.308,1.246547691822052,1.6659555942960738,-0.38758947760683266,0.7060266539691054,0.7060266539865184,-0.03906870708038235,0.03906870707941878,-2.4663260328171336e-12,0.09936645481345618,-0.011238667972912628,-0.00828363701637031,-3.4175162738851916e-10,-3.0785158095125003e-09,0.1,0.0,1
8,1319,world,13.19,1.3090000000000002,1.2465476918220522,1.6669492584069279,-0.38770186815270546,0.7060250352424444,0.7060250351921286,-0.03909794938766555,0.03909794939045192,7.126613353099504e-12,0.09936637952497927,-0.011239333614488985,-0.008283636987789127,-2.542761143441485e-10,-2.288796433645674e-09,0.1,0.0,1
8,1320,world,13.200000000000001,1.3100000000000003,1.246547691822052,1.667942922129947,-0.3878142621274539,0.7060234152531681,0.7060234152380634,-0.03912719163042561,0.03912719163126271,2.1394161011745064e-12,0.0993663772475294,-0.01123935374928968,-0.008283636845523292,5.02996950222532e-10,4.524176047652055e-09,0.1,0.0,1
8,1321,world,13.21,1.3110000000000002,1.246547691822052,1.6689365861952523,-0.387926653075995,0.7060217940558442,0.7060217940698056,-0.03915643380519248,0.03915643380441817,-1.9774800074013696e-12,0.09936644798213685,-0.011238728371719424,-0.00828363658957421,2.1702084598679685e-11,1.9504716874359893e-10,0.1,0.0,1
8,1322,world,13.22,1.3120000000000003,1.2465476918220522,1.6699302513329177,-0.3880390345432078,0.7060201716751057,0.7060201716627722,-0.03918567591014853,0.039185675910833065,1.7468942876967911e-12,0.09936659171640627,-0.011237457482234188,-0.008283636219947313,7.385689290826408e-11,6.633023348240554e-10,0.1,0.0,1
8,1323,world,13.23,1.3130000000000002,1.2465476918220524,1.6709239182728324,-0.3881514000739236,0.7060185480522905,0.7060185480756758,-0.03921491794809856,0.039214917946799654,-3.3122749486337004e-12,0.0993668084263134,-0.011235541071454268,-0.008283635736635308,-1.0058030808624883e-10,-9.026167627474295e-10,0.1,0.0,1
8,1324,world,13.24,1.3140000000000003,1.246547691822052,1.6719175877445707,-0.3882637432129175,0.7060169232605615,0.706016923235404,-0.039244159914529585,0.03924415991592798,3.5633195508195247e-12,0.09936709807436665,-0.011232979136418006,-0.008283635139640628,-1.0943052032610873e-10,-9.813098912398996e-10,0.1,0.0,1
8,1325,world,13.25,1.3150000000000002,1.2465476918220522,1.6729112604772787,-0.3883760575049011,0.7060152972162417,0.7060152972256846,-0.03927340181364101,0.03927340181311573,-1.3374871557097278e-12,0.09936746061102229,-0.011229771668067627,-0.00828363442896593,1.9760408609800442e-10,1.7706482784628214e-09,0.1,0.0,1
8,1326,world,13.26,1.316,1.2465476918220522,1.6739049371995423,-0.38848833649451375,0.7060136699829498,0.7060136699829497,-0.03930264364144642,0.03930264364144642,0.0,0.0993678959736791,-0.011225918660140576,-0.008283633604605331,-1.75814224491318e-11,-1.5741882641824006e-10,0.1,0.0,1
8,1327,world,13.27,1.3170000000000002,1.2465476918220524,1.674898618639253,-0.38860057372631296,0.7060120415303649,0.7060120415375711,-0.0393318853991822,0.03933188539878074,-1.0207048250423498e-12,0.09936840408727109,-0.011221420103926658,-0.00828363266656483,6.938893911842068e-16,4.185020390579747e-15,0.1,0.0,1
8,1328,world,13.280000000000001,1.3180000000000003,1.246547691822052,1.6758923055234942,-0.3887127627447683,0.7060104118740436,0.7060104118740436,-0.039361127085532105,0.039361127085532105,0.0,0.0993689848640057,-0.011216275990586659,-0.008283631614843497,-9.59086977601005e-11,-8.574788458540645e-10,0.1,0.0,1
8,1329,world,13.290000000000001,1.3190000000000002,1.246547691822052,1.6768859985784084,-0.3888248970942522,0.7060087810056904,0.7060087810007134,-0.039390368700508,0.03939036870078568,7.049535729892931e-13,0.09936963820375533,-0.011210486307684155,-0.008283630449435793,-1.3732175134945647e-10,-1.2268006720022906e-09,0.1,0.0,1
8,1330,world,13.3,1.3200000000000003,1.2465476918220524,1.6778796985290674,-0.3889369703190316,0.7060071489301842,0.7060071489127534,-0.039419610243387644,0.039419610244360886,2.468927424729997e-12,0.09937036399318196,-0.011204051046944025,-0.007838699463357211,1.9798503135007226e-10,1.767506542244417e-09,0.1,0.0,1
8,1331,world,13.31,1.3210000000000002,1.2465476918220517,1.6788734060993478,-0.3890489759632797,0.706005691131474,0.7060056911516105,-0.039445710486662976,0.03944571048553792,-2.8521832563403567e-12,0.09937116209360784,-0.011196970311915543,0.0030545622949126505,-6.07500161381547e-11,-5.424720569424469e-10,0.1,0.0,1
8,1332,world,13.32,1.3220000000000003,1.2465476918220522,1.679867121981885,-0.3891609078367406,0.7060083527012245,0.706008352676086,-0.03939804479661592,0.039398044798018755,3.5606630600221357e-12,0.09937202377955191,-0.01118932035273684,0.01350289641850172,-6.601160610428928e-10,-5.896178311788335e-09,0.1,0.0,1
8,1333,world,13.33,1.3230000000000002,1.2465476918220522,1.6808608467620576,-0.38927276068967265,0.7060110110505363,0.7060110109868974,-0.03935037890782978,0.03935037891137678,9.013866220790581e-12,0.09937294159977783,-0.011181166209619987,0.013502901652865865,3.4673965193421367e-10,3.100869397074366e-09,0.1,0.0,1
8,1334,world,13.34,1.324,1.246547691822052,1.6818545810005756,-0.38938452948028807,0.7060136661221545,0.7060136661410739,-0.039302712825440046,0.03930271282438684,-2.679727869315729e-12,0.09937391542952528,-0.011172507874490777,0.013502906394837887,6.832961300887278e-10,6.1181643054185194e-09,0.1,0.0,1
8,1335,world,13.35,1.3250000000000002,1.2465476918220522,1.682848325256894,-0.3894962091665804,0.706016318015591,0.7060163180388792,-0.03925504654585055,0.0392550465445557,-3.2985538196235067e-12,0.09937494513671172,-0.011163345335316738,0.013502910644422293,-1.4853639197127822e-10,-1.3316207118444503e-09,0.1,0.0,1
8,1336,world,13.36,1.326,1.2465476918220522,1.6838420800891096,-0.38960779470624607,0.7060189667054677,0.7060189667054676,-0.03920738007242756,0.03920738007242756,0.0,0.09937603058176038,-0.011153678577627453,0.013502914401621739,-1.0487409583765118e-10,-9.413365298169811e-10,0.1,0.0,1
8,1337,world,13.370000000000001,1.3270000000000002,1.2465476918220524,1.6848358460538417,-0.38971928105728,0.7060216121612435,0.7060216121711576,-0.03915971340881699,0.039159713408267106,-1.4042101400808685e-12,0.09937717161693645,-0.011143507590429544,0.013502917666419811,-2.1601470677894006e-11,-1.941329481545634e-10,0.1,0.0,1
8,1338,world,13.38,1.3280000000000003,1.2465476918220522,1.6858296237062211,-0.3898306631773333,0.7060242544107019,0.7060242544079437,-0.0391120465554256,0.03911204655557839,3.9065301918363856e-13,0.09937836808690792,-0.011132832361220745,0.01350292043882517,8.465624060839869e-11,7.617467010195744e-10,0.1,0.0,1
8,1339,world,13.39,1.3290000000000002,1.2465476918220522,1.6868234135998093,-0.38994193602372823,0.706026893424356,0.7060268934450926,-0.03906437951583642,0.03906437951468907,-2.937074113775014e-12,0.09937961982878116,-0.01112165287567131,0.013502922718843381,1.1193407346163596e-10,1.008418113364509e-09,0.1,0.0,1
8,1340,world,13.4,1.3300000000000003,1.246547691822052,1.687817216286472,-0.39005309455389303,0.7060295292365106,0.7060295292480793,-0.039016712290099315,0.03901671228946,-1.638562267854014e-12,0.09938092667171904,-0.01110996912103747,0.013502924506463794,-1.6181535327553869e-10,-1.4596109955357455e-09,0.1,0.0,1
8,1341,world,13.41,1.3310000000000002,1.246547691822052,1.6888110323163232,-0.39016413372518,0.7060321618319254,0.7060321618319253,-0.038969044881008226,0.038969044881008226,0.0,0.09938228843765641,-0.011097781079768387,0.013502925801685484,-9.016502849546103e-11,-8.143046591651353e-10,0.1,0.0,1
8,1342,world,13.42,1.332,1.2465476918220522,1.6898048622376658,-0.3902750484946384,0.7060347912035067,0.7060347912035065,-0.03892137729090388,0.03892137729090388,0.0,0.0993837049400267,-0.011085088740903894,0.013502926604515061,9.674552854921843e-12,8.748444703605212e-11,0.1,0.0,1
8,1343,world,13.43,1.3330000000000002,1.2465476918220522,1.6907987065969372,-0.3903858338189099,0.7060374173563089,0.7060374173575517,-0.03887370952145631,0.03887370952138788,-1.760227711771022e-13,0.09938517598561686,-0.011071892083468274,0.013502926914951117,1.9545337630042499e-10,1.769570801696021e-09,0.1,0.0,1
8,1344,world,13.44,1.334,1.2465476918220522,1.6917925659385287,-0.3904964846550868,0.7060400402795186,0.7060400403046582,-0.038826041575209615,0.03882604157382716,-3.5606373688733238e-12,0.09938670137240228,-0.011058191095876966,0.01350292673299354,-1.8328533191355677e-10,-1.6614534451537837e-09,0.1,0.0,1
8,1345,world,13.450000000000001,1.3350000000000002,1.246547691822052,1.6927864408048114,-0.39060699595979614,0.7060426600200539,0.7060426599976932,-0.038778373451534225,0.038778373452762346,3.167034543504929e-12,0.09938828089068902,-0.011043985765723269,0.013502926058638407,-1.6060451628560969e-10,-1.4576677582918906e-09,0.1,0.0,1
8,1346,world,13.46,1.3360000000000003,1.246547691822052,1.6937803317360545,-0.39071736268924845,0.7060452765049628,0.7060452765093944,-0.03873070515638893,0.038730705156145816,-6.276775448911047e-13,0.09938991432423266,-0.011029276069701534,0.013502924891887784,-2.152653062350655e-11,-1.956114529776535e-10,0.1,0.0,1
8,1347,world,13.47,1.3370000000000002,1.2465476918220522,1.694774239270275,-0.3908275797998187,0.7060478897994671,0.7060478897743273,-0.03868303668814256,0.038683036689519924,3.5606250242798774e-12,0.09939160144791276,-0.011014061994526146,0.013502923232745845,-8.269565612989195e-11,-7.524115468137598e-10,0.1,0.0,1
8,1348,world,13.48,1.3380000000000003,1.246547691822052,1.6957681639432052,-0.3909376422478001,0.706050499851052,0.7060504998447947,-0.038635368051624285,0.03863536805196668,8.862004501212629e-13,0.09939334202919671,-0.01099834352378213,0.01350292108120785,1.521942299038391e-11,1.386439361630688e-10,0.1,0.0,1
8,1349,world,13.49,1.3390000000000002,1.246547691822052,1.6967621062882314,-0.3910475449890986,0.7060531067017365,0.7060531066785661,-0.0385876992464826,0.03858769924774893,3.2816812939878943e-12,0.09939513582793662,-0.010982120639750494,0.013502918437273909,-1.4572613993167268e-10,-1.329219399181641e-09,0.1,0.0,1
8,1350,world,13.5,1.34,1.2465476918220522,1.6977560668363305,-0.3911572829791595,0.7060557103260461,0.7060557103009063,-0.03854003027606162,0.03854003027743388,3.5606099116173042e-12,0.09939698259592292,-0.010965393327455103,0.013502915300945766,2.5286960102747656e-10,2.3093903162114377e-09,0.1,0.0,1
8,1351,world,13.51,1.3410000000000002,1.2465476918220522,1.6987500461158807,-0.3912668511739945,0.7060583107129756,0.7060583107226113,-0.03849236114290978,0.03849236114238447,-1.364706500971256e-12,0.0993988820778051,-0.010948161566336044,0.013502911672228616,1.813930955402099e-11,1.6586090190615698e-10,0.1,0.0,1
8,1352,world,13.52,1.342,1.2465476918220522,1.6997440446527052,-0.3913762445290549,0.7060609079143907,0.7060609078916069,-0.03844469184614929,0.038444691847389856,3.2268746043327674e-12,0.09940083400994622,-0.010930425340631496,0.013502907551120606,-3.61276981651733e-11,-3.307662096986241e-10,0.1,0.0,1
8,1353,world,13.530000000000001,1.3430000000000002,1.246547691822052,1.7007380629700022,-0.39148545799926376,0.7060635018665203,0.7060635018714574,-0.0383970223912051,0.03839702239093661,-6.992481340750275e-13,0.09940283812130314,-0.010912184631411147,0.013502902937617474,1.6499510141664695e-10,1.5125271307118228e-09,0.1,0.0,1
8,1354,world,13.540000000000001,1.3440000000000003,1.2465476918220517,1.7017321015881504,-0.3915944865398794,0.7060660926163097,0.7060660926150113,-0.038349352777471486,0.038349352777542006,1.8387769383639867e-13,0.09940489413281131,-0.010893439422174106,0.013502897831725785,1.976793734715602e-10,1.8144087849849972e-09,0.1,0.0,1
8,1355,world,13.55,1.3450000000000002,1.2465476918220524,1.7027261610247046,-0.3917033251059871,0.7060686801275555,0.7060686801582662,-0.038301683008865973,0.03830168300720003,-4.3495368463337375e-12,0.09940700175788905,-0.010874189694273461,0.012978128367513275,9.946210549781584e-12,9.140245010154186e-11,0.1,0.0,1
8,1356,world,13.56,1.3460000000000003,1.2465476918220522,1.7037202418001967,-0.39181196859865663,0.7060710636976784,0.7060710636976782,-0.03825771829094227,0.03825771829094227,0.0,0.0994091632094961,-0.01085441246626319,0.012226569353218138,-2.8688128333320494e-10,-2.639462049603736e-09,0.1,0.0,1
8,1357,world,13.57,1.3470000000000002,1.246547691822052,1.704714344492688,-0.3919204113636535,0.7060733578506515,0.7060733578438698,-0.03821535474492153,0.038215354745288574,9.604683027980772e-13,0.09941138547143341,-0.010834040735112562,0.011999778942915961,-2.59476121767712e-10,-2.390036026392766e-09,0.1,0.0,1
8,1358,world,13.58,1.348,1.246547691822052,1.7057084697126796,-0.3920286474171162,0.7060756494727412,0.7060756494387918,-0.03817299104795887,0.03817299104979429,4.808166040818233e-12,0.09941366864784623,-0.01081307014571886,0.011999782401770772,1.617060655929056e-10,1.4911531030138416e-09,0.1,0.0,1
8,1359,world,13.59,1.3490000000000002,1.2465476918220522,1.70670261806745,-0.3921366707700874,0.7060779385159197,0.7060779385303189,-0.03813062720401806,0.038130627203240466,-2.0392923623247424e-12,0.09941601236372116,-0.01079150062301079,0.011999785515046749,3.509356008664087e-10,3.2397245771191853e-09,0.1,0.0,1
8,1360,world,13.6,1.35,1.246547691822052,1.707696790160471,-0.39224447543286756,0.706080225043209,0.7060802250552771,-0.03808826321106104,0.03808826321041005,-1.7091692644971695e-12,0.09941841623317366,-0.010769332091055467,0.011999788282744991,-1.42562351155473e-10,-1.3175746983430783e-09,0.1,0.0,1
8,1361,world,13.61,1.3510000000000002,1.246547691822052,1.7086909865913016,-0.39235205541498197,0.7060825090362197,0.7060825090319041,-0.03804589907145156,0.038045899071684104,6.112263351728532e-13,0.09942087985943843,-0.010746564473128703,0.011999790704861742,1.6278749221040734e-10,1.5061723172206882e-09,0.1,0.0,1
8,1362,world,13.620000000000001,1.3520000000000003,1.2465476918220522,1.7096852079554878,-0.39245940472514895,0.7060847904607693,0.7060847904942311,-0.03800353478839913,0.03800353478659811,-4.739070016201348e-12,0.09942340283564834,-0.010723197684478093,0.011999792781395782,2.241110080674625e-10,2.0758918288716967e-09,0.1,0.0,1
8,1363,world,13.63,1.3530000000000002,1.246547691822052,1.7106794548444455,-0.39256651737124754,0.7060870693668979,0.7060870693920678,-0.037961170360576994,0.03796117035922379,-3.5646971815978183e-12,0.09942598474378474,-0.010699231641977197,0.011999794512350411,-4.4514565751524504e-10,-4.1279373898438695e-09,0.1,0.0,1
8,1364,world,13.64,1.3540000000000003,1.2465476918220524,1.7116737278453664,-0.3926733873602875,0.7060893457525198,0.7060893457273499,-0.03791880578946978,0.03791880579082147,3.5647018827982596e-12,0.09942862515563057,-0.01067466625525636,0.011999795897720713,-1.840333445610924e-11,-1.708499231609854e-10,0.1,0.0,1
8,1365,world,13.65,1.3550000000000002,1.2465476918220522,1.712668027541093,-0.3927800086983768,0.7060916195474098,0.7060916195701532,-0.03787644108021688,0.03787644107899687,-3.2210284314236257e-12,0.09943132363214785,-0.01064950143241823,0.011999796937508016,3.753417724532377e-10,3.488484075959968e-09,0.1,0.0,1
8,1366,world,13.66,1.356,1.2465476918220522,1.7136623545100382,-0.39288637539069426,0.7060938908237595,0.7060938908481378,-0.037834076230309766,0.03783407622900352,-3.4525562668622487e-12,0.09943407972335597,-0.010623737081144918,0.011999797631714229,-3.750649105857658e-10,-3.4898450098978393e-09,0.1,0.0,1
8,1367,world,13.67,1.3570000000000002,1.2465476918220517,1.714656709326073,-0.39299248144128773,0.7060961595847739,0.7060961595579502,-0.03779171124094966,0.037791711242385326,3.798879022526935e-12,0.09943689296905715,-0.01059737310187175,0.011999797980338832,-2.4056104388493463e-10,-2.2408686071661948e-09,0.1,0.0,1
8,1368,world,13.68,1.358,1.2465476918220517,1.7156510925583812,-0.3930983208535046,0.7060984257686727,0.7060984257612237,-0.03774934611681287,0.0377493461172111,1.0549273373078832e-12,0.0994397628981319,-0.010570409394309683,0.011999797983382233,2.0251647629728824e-10,1.8886067234630434e-09,0.1,0.0,1
8,1369,world,13.69,1.3590000000000002,1.246547691822052,1.7166455047713918,-0.393203887629596,0.7061006894166335,0.7061006894166335,-0.0377069808570627,0.0377069808570627,0.0,0.09944268902872787,-0.010542845855637356,0.011999797640839275,1.2618101038780148e-10,1.1780639859975672e-09,0.1,0.0,1
8,1370,world,13.700000000000001,1.3600000000000003,1.2465476918220522,1.7176399465246674,-0.3933091757707281,0.7061029505217035,0.7061029505309864,-0.037664615463439834,0.03766461546294467,-1.3146784774905331e-12,0.0994456708681643,-0.010514682381353238,0.011999796952715004,-1.8961152138383062e-10,-1.7722874425874746e-09,0.1,0.0,1
8,1371,world,13.71,1.3610000000000002,1.2465476918220522,1.718634418372785,-0.39341417927699457,0.7061052091065952,0.706105209081424,-0.037622249936102685,0.037622249937443834,3.564773394767031e-12,0.0994487079135316,-0.01048591885955065,0.01199979591901236,-6.984933481722915e-11,-6.536132978675449e-10,0.1,0.0,1
8,1372,world,13.72,1.3620000000000003,1.2465476918220522,1.7196289208652442,-0.3935188921473912,0.706107465119555,0.706107465119555,-0.037579884279178306,0.037579884279178306,0.0,0.09945179965025493,-0.010456555184455114,0.011999794539724,1.891861671865001e-10,1.7723299649967798e-09,0.1,0.0,1
8,1373,world,13.73,1.3630000000000002,1.2465476918220522,1.720623454546346,-0.3936233083797889,0.7061097186029089,0.7061097186029089,-0.03753751849178011,0.03753751849178011,0.0,0.0994549455540928,-0.010426591237429408,0.011999792814851603,6.291807367998869e-11,5.900966361667622e-10,0.1,0.0,1
8,1374,world,13.74,1.364,1.2465476918220522,1.72161801995509,-0.393727421970909,0.7061119695398093,0.70611196954819,-0.03749515257617381,0.03749515257572879,-1.1868649594873174e-12,0.0994581450892346,-0.010396026904965201,0.01199979074439985,-1.431042787706689e-10,-1.3436794677935317e-09,0.1,0.0,1
8,1375,world,13.75,1.3650000000000002,1.2465476918220522,1.7226126176250705,-0.3938312269162989,0.7061142179522967,0.7061142179332136,-0.037452786532558444,0.03745278653357062,2.7025310741650125e-12,0.09946139770962396,-0.010364862066038873,0.011999788328367525,-3.5590246113474583e-10,-3.3455690988886686e-09,0.1,0.0,1
8,1376,world,13.76,1.366,1.246547691822052,1.7236072480843574,-0.3939347172103076,0.7061164638186709,0.706116463779538,-0.03741042036345588,0.03741042036552916,5.541958296401164e-12,0.09946470285782942,-0.010333096602843745,0.01199978556675469,-4.556043053770074e-11,-4.2876370959436744e-10,0.1,0.0,1
8,1377,world,13.77,1.3670000000000002,1.2465476918220522,1.7246019118554046,-0.39403788684606356,0.7061187071255628,0.7061187071003903,-0.037368054070941896,0.03736805407227403,3.564885201547817e-12,0.09946805996632174,-0.010300730388483241,0.01199978245955863,2.9246501124477724e-10,2.7555262391495463e-09,0.1,0.0,1
8,1378,world,13.780000000000001,1.3680000000000003,1.2465476918220522,1.725596609454939,-0.3941407298153085,0.7061209478843004,0.7061209478843005,-0.03732568765578358,0.03732568765578358,0.0,0.09947146845612476,-0.010267763299870954,0.01199977900678541,5.398355386786835e-11,5.091992811853232e-10,0.1,0.0,1
8,1379,world,13.790000000000001,1.3690000000000002,1.2465476918220524,1.7265913413938427,-0.39424324010861805,0.7061231861219766,0.7061231861040353,-0.037283321117918454,0.03728332111886575,2.540790374510106e-12,0.09947492773777922,-0.010234195208398453,-0.003501932730464608,-2.933001064842026e-10,-2.7656327320731434e-09,0.1,0.0,1
8,1380,world,13.8,1.3700000000000003,1.2465476918220524,1.727586108147862,-0.3943454119998097,0.7061196403504891,0.7061196403112129,-0.037350415512443155,0.03735041551452069,5.562230209561976e-12,0.0994784064435002,-0.010200326046836823,-0.05805507135254127,4.365161255638401e-10,4.0994218354038626e-09,0.1,0.0,1
8,1381,world,13.81,1.3710000000000002,1.2465476918220524,1.7285809076195566,-0.3944472648547309,0.7061014222398354,0.7061014222801142,-0.03769325513300538,0.03769325513085521,-5.704323298273907e-12,0.09948136990639606,-0.010171383462774266,-0.09710780327055339,-1.424863923190367e-10,-1.3307833274048397e-09,0.1,0.0,1
8,1382,world,13.82,1.372,1.246547691822052,1.7295757331954382,-0.3945488624405552,0.7060830372648687,0.7060830372066941,-0.038036095064753944,0.03803609506788776,8.238902143784188e-12,0.09948362814809877,-0.010149272411892944,-0.09711031818466502,-3.3903614415589976e-10,-3.1377254254763703e-09,0.1,0.0,1
8,1383,world,13.83,1.3730000000000002,1.2465476918220522,1.7305705778470595,-0.39465027307691003,0.706064485286473,0.7060644852821831,-0.03837893458875487,0.03837893458898805,6.075654390192776e-13,0.09948518569430309,-0.010133993653542162,-0.0971126500317458,4.4652344401660164e-10,4.0952506508593986e-09,0.1,0.0,1
8,1384,world,13.84,1.374,1.2465476918220522,1.7315654345842615,-0.3947515650896012,0.7060457664329725,0.7060457664329723,-0.03872177297176082,0.03872177297176082,0.0,0.09948604566910305,-0.010125547744450417,-0.09711479878542165,-3.3058665172586997e-10,-3.0048662729556345e-09,0.1,0.0,1
8,1385,world,13.85,1.3750000000000002,1.2465476918220522,1.7325602964411146,-0.3948528068090195,0.7060268807338598,0.7060268806868838,-0.039064609485837856,0.03906460948843705,6.653292378457526e-12,0.09948620979375089,-0.010123935048872362,-0.09711676442133532,3.4694474973314157e-16,8.847091118195108e-15,0.1,0.0,1
8,1386,world,13.86,1.3760000000000001,1.2465476918220522,1.733555156461877,-0.3949540665683081,0.7060078281464831,0.7060078281464831,-0.03940744340712797,0.03940744340712797,0.0,0.09948567838829712,-0.010129155721002363,-0.09711854691724482,4.6072007623953766e-10,4.114180173323591e-09,0.1,0.0,1
8,1387,world,13.870000000000001,1.3770000000000002,1.2465476918220522,1.7345500076870135,-0.3950554127010006,0.7059886087668226,0.7059886087783035,-0.03975027400417008,0.03975027400352366,-1.626112528340311e-12,0.09948445037133535,-0.0101412097066038,-0.09712014625302877,4.363801673240797e-11,3.862823862963204e-10,0.1,0.0,1
8,1388,world,13.88,1.3780000000000003,1.2465476918220522,1.7355448431391693,-0.39515691353905363,0.705969222618423,0.7059692226239117,-0.04009310054956078,0.040093100549249056,-7.774329537130496e-13,0.0994825232590521,-0.010160096752106182,-0.09712156241055653,-9.205797295087192e-11,-8.07884507061291e-10,0.1,0.0,1
8,1389,world,13.89,1.3790000000000002,1.246547691822052,1.7365396558091284,-0.39525863741094125,0.7059496697261506,0.7059496697261506,-0.04043592231591758,0.04043592231591758,0.0,0.09947989316534678,-0.01018581640376427,-0.09712279537377559,1.5894198180611788e-10,1.3829005871496748e-09,0.1,0.0,1
8,1390,world,13.9,1.3800000000000001,1.2465476918220522,1.7375344386417464,-0.3953606526401844,0.7059299501100954,0.705929950135237,-0.04077873857624095,0.04077873857478863,-3.561161538884718e-12,0.09947655480247652,-0.0102183680022734,-0.0971238451287502,-1.0152227877973957e-10,-8.758040592641391e-10,0.1,0.0,1
8,1391,world,13.91,1.3810000000000002,1.2465476918220524,1.7385291845221371,-0.395463027541309,0.7059100638533893,0.7059100638409417,-0.04112154859998667,0.04112154860071179,1.7631633221029165e-12,0.09947250148513734,-0.010257750644724797,-0.0971247116636149,-2.607477144476499e-10,-2.2304623463295367e-09,0.1,0.0,1
8,1392,world,13.92,1.3820000000000001,1.246547691822052,1.7395238862614986,-0.3955658304192799,0.7058900109406797,0.7058900109341162,-0.04146435166241259,0.04146435166279813,9.297365282722316e-13,0.09946772512785744,-0.010303963212715823,-0.09712539496856569,1.032236958329878e-10,8.755989281852481e-10,0.1,0.0,1
8,1393,world,13.93,1.3830000000000002,1.2465476918220522,1.740518536583191,-0.3956691295666767,0.7058697914324108,0.7058697914324107,-0.0418071470345084,0.0418071470345084,0.0,0.09946221624799088,-0.0103570043467163,-0.09712589503582757,-6.084682326524721e-11,-5.118704659658698e-10,0.1,0.0,1
8,1394,world,13.94,1.3840000000000001,1.246547691822052,1.7415131281086276,-0.3957729932625975,0.7058494053794677,0.7058494053656277,-0.04214993398791943,0.042149933988745884,1.9605464198172103e-12,0.09945596396619899,-0.010416872445899039,-0.09712621185974386,-2.1191836342523085e-10,-1.7680736826836009e-09,0.1,0.0,1
8,1395,world,13.950000000000001,1.3850000000000002,1.2465476918220522,1.7425076533437147,-0.39587748976633075,0.7058288528120186,0.7058288527868807,-0.04249271179565456,0.04249271179716793,3.5610691121534042e-12,0.09944895601279535,-0.010483565613143972,-0.09712634543676987,-2.1416899401688743e-12,-1.7714023139813055e-11,0.1,0.0,1
8,1396,world,13.96,1.3860000000000003,1.246547691822052,1.7435021046646115,-0.3959826873177242,0.7058081337630988,0.7058081337490076,-0.042835479730716886,0.042835479731572076,1.9962017594210634e-12,0.09944117872664829,-0.01055708167320836,-0.09712629576537218,4.307027634480076e-10,3.535309862426328e-09,0.1,0.0,1
8,1397,world,13.97,1.3870000000000002,1.2465476918220522,1.7444964743039113,-0.3960886541334705,0.7057872482740228,0.705787248299159,-0.0431782370657773,0.04317823706423954,-3.560995586643367e-12,0.09943261705884408,-0.010637418146771747,-0.09712606284608878,2.8925963398275047e-10,2.3552606062791493e-09,0.1,0.0,1
8,1398,world,13.98,1.3880000000000001,1.246547691822052,1.745490754336584,-0.3961954584058233,0.7057661964268879,0.7057661964462926,-0.043520983071162755,0.043520983069966164,-2.7491084173439176e-12,0.09942325457545637,-0.01072457223501229,-0.09712564668157628,-3.20689011916808e-10,-2.590368886877669e-09,0.1,0.0,1
8,1399,world,13.99,1.3890000000000002,1.2465476918220522,1.7464849366667343,-0.3963031682937732,0.7057449782587268,0.7057449782470195,-0.043863717020103936,0.04386371702083157,1.6586390774891262e-12,0.09941307346464301,-0.010818540766364525,-0.09712504727655903,-2.8243245519633556e-10,-2.2633177756080548e-09,0.1,0.0,1
8,1400,world,14.0,1.3900000000000001,1.2465476918220524,1.7474790130133344,-0.39641185192397305,0.7057235937899504,0.7057235937771607,-0.0442064381870755,0.04420643818787665,1.8120702397428745e-12,0.09940205453879825,-0.010919320192474519,-0.09712426463783193,-1.128555759749354e-10,-8.972936652759929e-10,0.1,0.0,1
8,1401,world,14.01,1.3910000000000002,1.2465476918220522,1.7484729748965626,-0.3965215773861436,0.7057020430902821,0.7057020430658113,-0.044549145843686605,0.044549145845231376,3.4671448308084898e-12,0.09939017723833792,-0.011026906571281747,-0.0971232987742071,-4.1674309449327064e-11,-3.2876666631401567e-10,0.1,0.0,1
8,1402,world,14.02,1.3920000000000001,1.2465476918220522,1.7494668136239184,-0.39663241273070576,0.7056803261957812,0.7056803261783151,-0.04489183926385035,0.04489183926496145,2.4747746333689476e-12,0.0993774196381217,-0.011141295529186149,-0.0971221496966212,3.5313077462703976e-10,2.7643012887720444e-09,0.1,0.0,1
8,1403,world,14.030000000000001,1.3930000000000002,1.246547691822052,1.7504605202774282,-0.3967444259568,0.7056584431551237,0.7056584431699845,-0.045234517720912366,0.04523451771995975,-2.1057098932748317e-12,0.09936375845695872,-0.011262482200082028,-0.0971208174181385,-6.931817321858456e-11,-5.384533943663445e-10,0.1,0.0,1
8,1404,world,14.040000000000001,1.3940000000000003,1.2465476918220517,1.751454085699258,-0.3968576850150374,0.7056363940704126,0.7056363940452858,-0.04557718048499527,0.04557718048661821,3.560486759691501e-12,0.09934916905985203,-0.011390461233722775,-0.09711930195379802,-5.058107506401019e-10,-3.8992021041652355e-09,0.1,0.0,1
8,1405,world,14.05,1.3950000000000002,1.2465476918220522,1.752447500478206,-0.39697225780239914,0.705614178947823,0.7056141789071951,-0.04591982683259975,0.04591982683524372,5.75719058917158e-12,0.09933362546661273,-0.01152522675085875,-0.097117603320734,3.478301527354437e-10,2.6611029632360958e-09,0.1,0.0,1
8,1406,world,14.06,1.3960000000000001,1.246547691822052,1.7534407549369433,-0.3970882121509729,0.705591797821025,0.7055917978337722,-0.046262456038758976,0.04626245603792319,-1.806427554507933e-12,0.09931710036234406,-0.01166677228783003,-0.09711572153819209,5.700989188700738e-10,4.328864597089328e-09,0.1,0.0,1
8,1407,world,14.07,1.3970000000000002,1.2465476918220522,1.7544338391184666,-0.39720561582431885,0.705569250804178,0.7055692508251664,-0.046605067373482516,0.04660506737209616,-2.974414493406995e-12,0.09929956510570978,-0.011815090766342367,-0.09711365662747863,-2.700132209245982e-10,-2.0349869088294066e-09,0.1,0.0,1
8,1408,world,14.08,1.3980000000000001,1.246547691822052,1.755426742772273,-0.39732453651616345,0.7055465379558823,0.7055465379396615,-0.04694766011062481,0.04694766011170415,2.298835018623809e-12,0.09928098973707115,-0.011970174469387442,-0.09711140861197387,-4.3290933203551485e-10,-3.238539850237467e-09,0.1,0.0,1
8,1409,world,14.09,1.3990000000000002,1.246547691822052,1.756419455342015,-0.39744504183712864,0.7055236592989852,0.7055236592738685,-0.04729023352670521,0.047290233528388764,3.5597677968483516e-12,0.0992613429920479,-0.012132014977530515,-0.09710897751706306,-3.9900033997304444e-11,-2.962964107487235e-10,0.1,0.0,1
8,1410,world,14.1,1.4000000000000001,1.2465476918220524,1.7574119659525755,-0.3975671993071267,0.7055006149018721,0.7055006148814339,-0.04763278689551795,0.04763278689689786,2.8967918296771705e-12,0.09924059231455676,-0.012300603117568719,-0.11785457183678907,1.247273406858905e-10,9.180221210090586e-10,0.1,0.0,1
8,1411,world,14.11,1.401,1.2465476918220526,1.7584042634090538,-0.39769107625360806,0.7054674356275604,0.7054674356155175,-0.04812169238015494,0.048121692380976425,1.7069803615344244e-12,0.09921871919548272,-0.012475807036338429,-0.19828517833420792,2.9494967478080717e-10,2.142423667795478e-09,0.1,0.0,1
8,1412,world,14.120000000000001,1.4020000000000004,1.2465476918220522,1.759396337663205,-0.39781672816209884,0.7054047792837126,0.7054047792937878,-0.04903159549335515,0.049031595492654845,-1.4281861794358075e-12,0.09919601207074916,-0.012655085509777808,-0.2579689291978668,1.1808830910042536e-10,8.453443942917542e-10,0.1,0.0,1
8,1413,world,14.13,1.4030000000000002,1.2465476918220524,1.7603881812305235,-0.3979441881805664,0.7053409493747494,0.7053409493747496,-0.04994141703162848,0.04994141703162848,0.0,0.0991725789316248,-0.012837429183861125,-0.25796892919786923,-2.627199984916465e-10,-1.8459337881811938e-09,0.1,0.0,1
8,1414,world,14.14,1.4040000000000001,1.2465476918220524,1.7613797867636773,-0.398073486963507,0.7052759459938442,0.7052759459776173,-0.050851155482182414,0.0508511554833524,2.300601784201628e-12,0.09914840228410554,-0.01302283857341313,-0.2579689291978406,2.4274012522438134e-10,1.674574620765993e-09,0.1,0.0,1
8,1415,world,14.15,1.4050000000000002,1.2465476918220524,1.7623711467387073,-0.3982046551711667,0.7052097692179072,0.7052097692417727,-0.05176080933376663,0.05176080933201496,-3.3838321842055284e-12,0.0991234643194536,-0.013211314140160677,-0.25796892919783915,2.2605969966797766e-10,1.5316557558666556e-09,0.1,0.0,1
8,1416,world,14.16,1.4060000000000001,1.2465476918220522,1.7633622534518805,-0.39833772346885876,0.7051424192143699,0.7051424192199808,-0.05267037706881805,0.05267037706839895,-7.95625531042001e-13,0.09909774691275289,-0.013402856293192794,-0.2579689291978989,-3.6013731972545303e-10,-2.397284294260903e-09,0.1,0.0,1
8,1417,world,14.17,1.4070000000000003,1.2465476918220522,1.7643530990171603,-0.3984727225217945,0.7050738960649487,0.7050738960546251,-0.053579857176281734,0.05357985717706625,1.4640183651307445e-12,0.0990712316267654,-0.01359746535041742,-0.2579689291978989,-6.012072513346979e-11,-3.932921288288733e-10,0.1,0.0,1
8,1418,world,14.18,1.4080000000000001,1.2465476918220522,1.765343675362268,-0.3986096830002154,0.7050041998716768,0.7050041998716767,-0.05448924814398535,0.05448924814398535,0.0,0.09904389970779377,-0.013795141560436734,-0.25796892919786857,1.1249555441079612e-10,7.234119770731873e-10,0.1,0.0,1
8,1419,world,14.19,1.409,1.2465476918220524,1.7663339742258224,-0.3987486355763428,0.7049333307687983,0.7049333307687984,-0.05539854845759012,0.05539854845759012,0.0,0.09901573208865536,-0.01399588507196411,-0.25796892919786607,-8.543869540162867e-12,-5.402411945137399e-11,0.1,0.0,1
8,1420,world,14.200000000000001,1.4100000000000004,1.2465476918220524,1.7673239871541135,-0.3988896109239673,0.704861288869442,0.7048612888686708,-0.05630775660465593,0.05630775660471753,1.0940023923345294e-13,0.09898670938932876,-0.01419969592183498,-0.2579689291978681,3.5175026936141167e-10,2.1875489677607325e-09,0.1,0.0,1
8,1421,world,14.21,1.4110000000000003,1.2465476918220522,1.7683137054976834,-0.3990326397193087,0.7047880742766914,0.7047880743079228,-0.05721687107389344,0.057216871071357985,-4.43063584526729e-12,0.09895681191637277,-0.014406574032282094,-0.25796892919786923,1.4497585891055835e-10,8.870164882687753e-10,0.1,0.0,1
8,1422,world,14.22,1.4120000000000001,1.246547691822052,1.7693031204095748,-0.3991777526302063,0.704713687154409,0.7047136871663057,-0.05812589034940526,0.05812589034842401,-1.6878868981040485e-12,0.09892601966672782,-0.014616519178593156,-0.25796892919784054,-6.865300670796148e-10,-4.133403285928023e-09,0.1,0.0,1
8,1423,world,14.23,1.4130000000000003,1.2465476918220522,1.770292222840732,-0.39932498032521385,0.7046381276108772,0.7046381275830529,-0.05903481292005351,0.05903481292238464,3.948076375084745e-12,0.0988943123266695,-0.01482953099174576,-0.2579689291978419,-6.931282686111197e-10,-4.107551670758675e-09,0.1,0.0,1
8,1424,world,14.24,1.4140000000000001,1.2465476918220522,1.7712810035374094,-0.3994743534684309,0.7045613957512407,0.7045613957044361,-0.05994363727537441,0.05994363727935652,6.6419147144906326e-12,0.09886166927338104,-0.015045608943496665,-0.25796892919789743,8.321713666536036e-10,4.8551569088868495e-09,0.1,0.0,1
8,1425,world,14.25,1.4150000000000003,1.2465476918220522,1.772269453037535,-0.399625902721461,0.7044834916598428,0.7044834917014297,-0.06085236190714015,0.06085236190354793,-5.902081753175907e-12,0.0988280695759759,-0.015264752336217791,-0.2579689291978975,8.693520830972486e-10,4.994665260281619e-09,0.1,0.0,1
8,1426,world,14.26,1.4160000000000001,1.2465476918220524,1.7732575616690742,-0.3997796587322001,0.704404415572653,0.704404415597282,-0.0617609852943895,0.061760985292230064,-3.4957766985954093e-12,0.09879349199945571,-0.015486960274807988,-0.25796892919786923,-8.22584580203041e-10,-4.6548803027354375e-09,0.1,0.0,1
8,1427,world,14.27,1.417,1.2465476918220522,1.7742453195460266,-0.39993565213933907,0.7043241675848956,0.7043241675598862,-0.06266950592847464,0.0626695059306999,3.5501116501559218e-12,0.09875791500632276,-0.015712231655749295,-0.2579689291978695,4.801026017086566e-12,2.6770976263219653e-11,0.1,0.0,1
8,1428,world,14.280000000000001,1.4180000000000004,1.2465476918220522,1.7752327165652846,-0.4000939135709192,0.7042427477639119,0.7042427477889183,-0.06357792230380085,0.06357792230154331,-3.550121369178686e-12,0.09872131675609913,-0.015940565170091778,-0.2579689291978668,6.691279957567301e-10,3.675720405393131e-09,0.1,0.0,1
8,1429,world,14.290000000000001,1.4190000000000003,1.246547691822052,1.776219742403457,-0.4002544736430893,0.7041601563186916,0.7041601563463046,-0.06448623290249636,0.06448623289996758,-3.920623803248671e-12,0.09868367511033588,-0.01617195927269408,-0.2579689291978678,-1.0814069976659287e-10,-5.854686949342984e-10,0.1,0.0,1
8,1430,world,14.3,1.4200000000000002,1.2465476918220522,1.7772063865145598,-0.40041736295356656,0.7040763933697387,0.7040763933863554,-0.06539443621488365,0.06539443621334029,-2.359586712912245e-12,0.09864496763467674,-0.016406412171879013,-0.25796892919783987,-6.462143548930595e-10,-3.4487601230341424e-09,0.1,0.0,1
8,1431,world,14.31,1.4210000000000003,1.246547691822052,1.77819263812738,-0.40058261207735546,0.7039914590633167,0.7039914590415202,-0.06630253072930871,0.06630253073136151,3.095456629665251e-12,0.09860517160214463,-0.016643921812830396,-0.25796892919783854,-8.136847450107024e-10,-4.2814822650022525e-09,0.1,0.0,1
8,1432,world,14.32,1.4220000000000002,1.246547691822052,1.7791784862415143,-0.40075025157045374,0.7039053535192881,0.7039053534745467,-0.06721051493696951,0.06721051494124151,6.3547751610696425e-12,0.09856426399605339,-0.01688448586473087,-0.25796892919789816,-4.304339440554226e-11,-2.2333002251478088e-10,0.1,0.0,1
8,1433,world,14.33,1.4230000000000003,1.2465476918220522,1.7801639196249024,-0.40092031196442823,0.703818076867294,0.7038180768423012,-0.06811838732860172,0.06811838733102062,3.550258894281152e-12,0.09852222151401481,-0.017128101702856547,-0.257968929197901,6.094645442387791e-10,3.11909290801491e-09,0.1,0.0,1
8,1434,world,14.34,1.4240000000000002,1.2465476918220522,1.7811489268102598,-0.4010928237675224,0.7037296292712613,0.7037296292712611,-0.0690261463920249,0.0690261463920249,0.0,0.09847902056893115,-0.01737476640948119,-0.2579689291978671,4.994683821843952e-10,2.521572295100607e-09,0.1,0.0,1
8,1435,world,14.35,1.425,1.2465476918220522,1.7821334960947455,-0.4012678174473954,0.703640010887864,0.7036400108990526,-0.06993379061606524,0.06993379061495322,-1.5897506688243573e-12,0.09843463729958846,-0.017624476721266626,-0.2579689291978386,2.3054500566226176e-10,1.1483508314788958e-09,0.1,0.0,1
8,1436,world,14.36,1.4260000000000002,1.2465476918220522,1.7831176155346593,-0.40144532344248174,0.7035492218622466,0.7035492218787273,-0.07084131849104722,0.07084131848938774,-2.3419977209964125e-12,0.09838904756908083,-0.017877229048405427,-0.25796892919787023,1.9548412365741605e-10,9.608701236631397e-10,0.1,0.0,1
8,1437,world,14.370000000000001,1.4270000000000003,1.2465476918220522,1.7841012729435792,-0.40162537215354677,0.7034572623409019,0.7034572623658831,-0.07174872850757076,0.07174872850502281,-3.5504260242581995e-12,0.09834222697183381,-0.01813301944576041,-0.2579689291978975,-2.107344415940674e-10,-1.022318520881619e-09,0.1,0.0,1
8,1438,world,14.38,1.4280000000000002,1.246547691822052,1.7850844558893777,-0.40180799394188615,0.7033641324942719,0.7033641324960647,-0.07265601915418185,0.07265601915399666,-2.5482020099379766e-13,0.0982941508382839,-0.018391843599288697,-0.2579689291978413,-3.629579832258808e-10,-1.7381028236345815e-09,0.1,0.0,1
8,1439,world,14.39,1.4290000000000003,1.246547691822052,1.786067151691972,-0.40199321912339847,0.703269832450754,0.7032698324507541,-0.07356318892413677,0.07356318892413677,0.0,0.09824479424128148,-0.01865369680487671,-0.257968929197842,1.459195495281515e-10,6.898660307601179e-10,0.1,0.0,1
8,1440,world,14.4,1.4300000000000002,1.246547691822052,1.7870493474216582,-0.40218107796007163,0.7031743623711825,0.7031743623828914,-0.0744702363078019,0.07447023630656187,-1.6647821923837755e-12,0.09819413200220947,-0.018918573950820486,-0.2579689291978961,4.926564624835532e-10,2.2998381332172925e-09,0.1,0.0,1
8,1441,world,14.41,1.4310000000000003,1.246547691822052,1.7880310298951005,-0.40237160066404615,0.7030777224163137,0.7030777224493867,-0.07537715979594407,0.07537715979239833,-4.703029632754166e-12,0.09814213869636712,-0.01918646950595757,-0.25796892919789893,-1.7649304386821147e-10,-8.136588108659724e-10,0.1,0.0,1
8,1442,world,14.42,1.4320000000000002,1.2465476918220522,1.7890121856735055,-0.40256481738999006,0.7029799127789738,0.7029799127789738,-0.07628395787625626,0.07628395787625626,0.0,0.0980887886589148,-0.01945737750640489,-0.25796892919787057,-8.699765842413512e-10,-3.9613508355073515e-09,0.1,0.0,1
8,1443,world,14.43,1.433,1.246547691822052,1.7899928010600532,-0.4027607582317284,0.7028809335901087,0.7028809335661582,-0.07719062904348327,0.07719062904611353,3.406784781358989e-12,0.0980340559936223,-0.019731291529936055,-0.2579689291978399,-8.719562528677542e-11,-3.9220267790952775e-10,0.1,0.0,1
8,1444,world,14.44,1.4340000000000002,1.2465476918220522,1.7909728620974508,-0.4029594532183149,0.7027807849978243,0.702780784992177,-0.07809717179105592,0.07809717179168348,8.033932500905326e-13,0.09797791457933328,-0.02000820468420074,-0.2579689291978688,-1.579432782207319e-11,-7.018881114635076e-11,0.1,0.0,1
8,1445,world,14.450000000000001,1.4350000000000003,1.2465476918220522,1.7919523545674905,-0.4031609323006397,0.7026794672086699,0.7026794671837152,-0.0790035846063535,0.0790035846091592,3.550673559141015e-12,0.097920338077711,-0.020288109590269415,-0.2579689291978961,2.492953055659657e-10,1.094640610588649e-09,0.1,0.0,1
8,1446,world,14.46,1.4360000000000002,1.2465476918220522,1.7929312639867474,-0.40336522535717173,0.7025769803452069,0.7025769803553364,-0.0799098659865355,0.0799098659853834,-1.4414905521305085e-12,0.0978612999437767,-0.020570998354823983,-0.2579689291978378,7.975295943054241e-10,3.460631542836619e-09,0.1,0.0,1
8,1447,world,14.47,1.4370000000000003,1.2465476918220522,1.7939095756053403,-0.40357236218489034,0.7024733246152716,0.7024733246402186,-0.08081601441963503,0.080816014416765,-3.5506738086176234e-12,0.09780077343099562,-0.020856862570843723,-0.25796892919784337,2.0871036399732748e-10,8.950717290317908e-10,0.1,0.0,1
8,1448,world,14.48,1.4380000000000002,1.246547691822052,1.7948872744049758,-0.40378237249396254,0.7023685001895461,0.7023685002125833,-0.08172202839826005,0.08172202839557963,-3.2793664442010107e-12,0.09773873160424153,-0.021145693282416635,-0.25796892919790027,-4.076826734891194e-10,-1.728212373502654e-09,0.1,0.0,1
8,1449,world,14.49,1.4390000000000003,1.246547691822052,1.7958643450961616,-0.4039952859064868,0.7022625072446268,0.7022625072446269,-0.08262790641478474,0.08262790641478474,0.0,0.0976751473450382,-0.02143748098833159,-0.25796892919789605,-2.4182419021317225e-10,-1.0134156499199217e-09,0.1,0.0,1
8,1450,world,14.5,1.4400000000000002,1.246547691822052,1.7968407721189346,-0.40421113193937414,0.7021553459305724,0.7021553459389716,-0.08353364696518523,0.083533646964186,-1.1960163092384554e-12,0.09760999336728779,-0.02173221559892214,-0.25796892919786785,-4.4137451020829894e-10,-1.8287634761718234e-09,0.1,0.0,1
8,1451,world,14.51,1.441,1.2465476918220522,1.7978165396392582,-0.4044299400076252,0.7020470164629915,0.7020470164365769,-0.08443924853815468,0.08443924854133175,3.761988370159578e-12,0.09754324222396023,-0.022029886437243025,-0.2579689291978392,-4.482773295199977e-10,-1.836564796504307e-09,0.1,0.0,1
8,1452,world,14.52,1.4420000000000002,1.2465476918220517,1.7987916315476604,-0.40465173941748517,0.7019375189789628,0.7019375189608194,-0.08534470963220615,0.08534470963441215,2.584442440885426e-12,0.09747486632041147,-0.022330482211943302,-0.25796892919787096,5.404155344164416e-11,2.1894151419779357e-10,0.1,0.0,1
8,1453,world,14.530000000000001,1.4430000000000003,1.246547691822052,1.7997660314580195,-0.4048765593591574,0.701826853688884,0.701826853665643,-0.08625002873754103,0.0862500287403972,3.311057554960227e-12,0.09740483792351096,-0.022633991011188508,-0.25796892919789816,6.179501270055022e-10,2.4761862407783316e-09,0.1,0.0,1
8,1454,world,14.540000000000001,1.4440000000000002,1.2465476918220522,1.800739722705244,-0.40510442890480935,0.7017150207471755,0.701715020764855,-0.08715520435164174,0.08715520434944589,-2.5191633427237924e-12,0.0973331291762229,-0.022940400274727296,-0.2579689291978406,4.050486664417337e-10,1.6054358822724e-09,0.1,0.0,1
8,1455,world,14.55,1.4450000000000003,1.2465476918220517,1.8017126883465693,-0.4053353769913289,0.7016020203922028,0.7016020203922027,-0.08806023496209393,0.08806023496209393,0.0,0.09725971210958487,-0.023249696779972674,-0.2579689291978392,-4.786593101758958e-11,-1.8766675711480105e-10,0.1,0.0,1
8,1456,world,14.56,1.4460000000000002,1.246547691822052,1.8026849111590848,-0.40556943241993193,0.7014878527663461,0.7014878527813027,-0.08896511906886936,0.08896511906697253,-2.1318866687027643e-12,0.09718455865658458,-0.02356186662225368,-0.2579689291978981,0.0,-1.2143077800119124e-15,0.1,0.0,1
8,1457,world,14.57,1.4470000000000003,1.2465476918220522,1.8036563736383142,-0.4058066238512846,0.7013725180908208,0.7013725180908207,-0.08986985516257052,0.08986985516257052,0.0,0.09710764066515742,-0.023876895201149287,-0.2579689291978988,-3.1672893909574713e-10,-1.2156322428548254e-09,0.1,0.0,1
8,1458,world,14.58,1.4480000000000002,1.246547691822052,1.8046270579970867,-0.4060469797997788,0.7012560165364076,0.7012560165337406,-0.09077444174066067,0.09077444174100592,3.8030558011534695e-13,0.09702892991192373,-0.024194767205885512,-0.2579689291978671,-1.7366682924652296e-10,-6.595585565602235e-10,0.1,0.0,1
8,1459,world,14.59,1.449,1.246547691822052,1.805596946166014,-0.40629052862167697,0.7011383483051901,0.7011383482956258,-0.09167887729712462,0.09167887729837522,1.364009551104526e-12,0.09694839811763811,-0.024515466596088734,-0.2579689291978371,-2.6138981105488425e-10,-9.82438311506738e-10,0.1,0.0,1
8,1460,world,14.6,1.4500000000000002,1.246547691822052,1.8065660197944424,-0.40653729850224124,0.7010195135910465,0.7010195135741271,-0.09258316032749461,0.09258316032972916,2.4133915938330965e-12,0.09686601696405243,-0.02483897657955956,-0.25796892919784264,6.343682620814233e-10,2.3597580638857096e-09,0.1,0.0,1
8,1461,world,14.61,1.451,1.2465476918220517,1.8075342602472644,-0.4067873174596647,0.7008995125669696,0.700899512591662,-0.09348728933061123,0.0934872893273177,-3.5227598904147366e-12,0.09678175810881562,-0.025165279600407854,-0.2579689291978981,7.813952603049456e-10,2.877040688147904e-09,0.1,0.0,1
8,1462,world,14.620000000000001,1.4520000000000002,1.2465476918220517,1.8085016486030727,-0.407040613343438,0.7007783454778054,0.7007783455026758,-0.09439126279628447,0.09439126279293453,-3.548812354539397e-12,0.09669559319776529,-0.02549435733907189,-0.274069997159239,-9.366102961393926e-10,-3.4115470206216356e-09,0.1,0.0,1
8,1463,world,14.63,1.4530000000000003,1.246547691822052,1.809468166020343,-0.4072972124530889,0.7006406599219321,0.7006406598970413,-0.09540789108493941,0.0954078910883289,3.5524542462627773e-12,0.09660766564420098,-0.025825548179627674,-0.2997634205439218,-4.6125117303885945e-10,-1.6615948799171158e-09,0.1,0.0,1
8,1464,world,14.64,1.4540000000000002,1.2465476918220517,1.8104337982554533,-0.40755712283760026,0.7004922469071332,0.7004922469078345,-0.09649151269678581,0.09649151269668921,-1.0010902889655548e-13,0.09651860223277531,-0.026156441329647697,-0.3093557759673218,7.771573568159022e-14,2.704438212669624e-13,0.1,0.0,1
8,1465,world,14.65,1.4550000000000003,1.2465476918220517,1.8113985344842978,-0.4078203395382301,0.7003421579731082,0.7003421579482318,-0.09757490344680736,0.09757490345027327,3.5519025156433397e-12,0.09642846460776183,-0.026486812065434115,-0.30935577596731906,-3.913542403965794e-12,-1.3783614308152045e-11,0.1,0.0,1
8,1466,world,14.66,1.4560000000000002,1.246547691822052,1.8123623639712783,-0.40808685735000394,0.7001903934278865,0.7001903934283868,-0.09865806075003801,0.09865806074996748,-7.147878803579709e-14,0.09633725405302099,-0.02681666425049343,-0.3093557759672867,1.138022048767527e-10,3.958190788005804e-10,0.1,0.0,1
8,1467,world,14.67,1.457,1.246547691822052,1.8133252759931942,-0.4083566711065267,0.7000369536825338,0.7000369536634345,-0.0997409820082844,0.09974098201100567,2.7282484862064597e-12,0.09624497176119427,-0.027146001744030736,-0.30935577596725383,4.859315151590862e-10,1.6706600271806256e-09,0.1,0.0,1
8,1468,world,14.68,1.4580000000000002,1.2465476918220517,1.8142872598383217,-0.40862977567995595,0.6998818390498934,0.699881839074748,-0.1008236646383418,0.1008236646347613,-3.5511398003650375e-12,0.09615161883278228,-0.02747482840411108,-0.30935577596725505,-9.030290930001919e-11,-3.0692702235386176e-10,0.1,0.0,1
8,1469,world,14.69,1.459,1.2465476918220517,1.8152483048050205,-0.40890616598261637,0.6997250499790462,0.699725049955478,-0.10190610603866154,0.10190610604209394,3.3680959246431457e-12,0.0960571962765572,-0.027803148085908655,-0.30935577596732455,-1.2914537277177744e-09,-4.339753019178687e-09,0.1,0.0,1
8,1470,world,14.700000000000001,1.4600000000000002,1.246547691822052,1.8162084002011085,-0.4091858369659009,0.6995665867821831,0.6995665867436761,-0.10298830362852204,0.10298830363419095,5.504274213022195e-12,0.09596170501170494,-0.02813096463412737,-0.30935577596728736,6.994194166383252e-10,2.323983777674754e-09,0.1,0.0,1
8,1471,world,14.71,1.4610000000000003,1.2465476918220517,1.8171675353447467,-0.4094687836140886,0.6994064498232553,0.6994064498336463,-0.10407025482107583,0.10407025481952967,-1.4856571256834359e-12,0.09586514586621846,-0.028458281888558576,-0.3093557759672524,1.1275928745951302e-09,3.705113311156e-09,0.1,0.0,1
8,1472,world,14.72,1.4620000000000002,1.2465476918220517,1.8181256995610124,-0.40975500095304346,0.6992446395391206,0.6992446395547933,-0.10515195701980072,0.10515195701744388,-2.241310750951836e-12,0.09576751957807197,-0.02878510367991756,-0.3093557759673204,-1.467994735785467e-10,-4.770563087551988e-10,0.1,0.0,1
8,1473,world,14.73,1.4630000000000003,1.246547691822052,1.8190828821819218,-0.41004448404688915,0.6990811563038795,0.699081156307287,-0.10623340763857564,0.10623340763805784,-4.874111859493793e-13,0.09566882679475512,-0.029111433831316997,-0.30935577596731895,-1.328511643608944e-09,-4.2702829577474385e-09,0.1,0.0,1
8,1474,world,14.74,1.4640000000000002,1.2465476918220517,1.820039072544423,-0.41033722800147526,0.6989160005188912,0.6989160004720433,-0.10731460408839141,0.10731460409558463,6.702808363278088e-12,0.0955690680727217,-0.02943727615985362,-0.30935577596728675,5.701420658941297e-11,1.8128132099904096e-10,0.1,0.0,1
8,1475,world,14.75,1.465,1.246547691822052,1.8209942599912483,-0.4106332279584895,0.6987491725087174,0.698749172514779,-0.10839554379331792,0.1083955437923776,-8.674639802955161e-13,0.09546824388327131,-0.02976263445739019,-0.3093557759672551,1.0153796789568796e-09,3.193963560186111e-09,0.1,0.0,1
8,1476,world,14.76,1.4660000000000002,1.2465476918220517,1.8219484338711665,-0.4109324790918321,0.6985806727535663,0.6985806727535663,-0.1094762241547213,0.1094762241547213,0.0,0.09536635460346427,-0.030087512520085687,-0.3093557759672524,-1.3269129199034942e-10,-4.1295800060769147e-10,0.1,0.0,1
8,1477,world,14.77,1.467,1.2465476918220517,1.8229015835349616,-0.41123497661760766,0.6984105016240612,0.6984105016240612,-0.11055664259205446,0.11055664259205446,0.0,0.09526340052477512,-0.030411914120230504,-0.30935577596732594,-4.0063016856257493e-10,-1.2337208240459373e-09,0.1,0.0,1
8,1478,world,14.780000000000001,1.4680000000000002,1.246547691822052,1.8238536983331364,-0.4115407157981381,0.6982386595394285,0.6982386595213143,-0.11163679651847218,0.11163679652136836,2.5942626907928645e-12,0.09515938184824961,-0.03073584302177222,-0.3093557759672888,-2.2437781894167487e-10,-6.837563999186252e-10,0.1,0.0,1
8,1479,world,14.790000000000001,1.4690000000000003,1.2465476918220517,1.824804767622635,-0.41184969191800924,0.6980651468886571,0.6980651468786101,-0.11271668335321189,0.11271668335483416,1.439236032121764e-12,0.09505429868937193,-0.03105930296500016,-0.3093557759672496,8.915493686152258e-10,2.6887335625200932e-09,0.1,0.0,1
8,1480,world,14.8,1.4700000000000002,1.2465476918220517,1.8257547807594237,-0.41216190030457983,0.6978899640882644,0.6978899641096973,-0.11379630051245504,0.11379630050896022,-3.0710814646100395e-12,0.09494815107258697,-0.031382297683522194,-0.30935577596732317,6.916422919462667e-11,2.0645358656438733e-10,0.1,0.0,1
8,1481,world,14.81,1.4710000000000003,1.2465476918220517,1.826703727095874,-0.4124773363327161,0.6977131115990439,0.6977131115920403,-0.11487564540638762,0.11487564540754074,1.0037926139364983e-12,0.09484093893604986,-0.031704830889447484,-0.30935577596732045,7.655138742736071e-11,2.2617777089132522e-10,0.1,0.0,1
8,1482,world,14.82,1.4720000000000002,1.2465476918220517,1.8276515959883703,-0.4127959953989396,0.6975345897840651,0.6975345898088182,-0.11595471546249002,0.11595471545837517,-3.5486436511032826e-12,0.09473266213060554,-0.032026906276575305,-0.309355775967284,1.6237870302073496e-10,4.749059421045617e-10,0.1,0.0,1
8,1483,world,14.83,1.473,1.2465476918220517,1.8285983767898184,-0.41311787294145613,0.697354399128797,0.697354399128797,-0.117033508089412,0.117033508089412,0.0,0.09462332042232525,-0.032348527512917294,-0.30935577596725794,-1.1038271250675009e-10,-3.195985036676954e-10,0.1,0.0,1
8,1484,world,14.84,1.4740000000000002,1.246547691822052,1.8295440588459886,-0.41344296444775247,0.697172540013706,0.6971725400337316,-0.11811202071456095,0.11811202071116829,-2.872403835162758e-12,0.09451291348483974,-0.03266969826317959,-0.30935577596725095,-9.192619672906842e-10,-2.635160358906088e-09,0.1,0.0,1
8,1485,world,14.85,1.475,1.246547691822052,1.830488631506584,-0.413771265419565,0.6969890129357617,0.6969890128968572,-0.11919025074709617,0.11919025075374912,5.5817703994776655e-12,0.0944014409124754,-0.03299042215020016,-0.30935577596732045,-4.772481694776627e-10,-1.354592558780338e-09,0.1,0.0,1
8,1486,world,14.86,1.4760000000000002,1.246547691822052,1.831432084110956,-0.41410277141185514,0.6968038182456618,0.6968038182456618,-0.12026819562239491,0.12026819562239491,0.0,0.09428890220888184,-0.03331070278820186,-0.3093557759672916,1.2854890450040696e-09,3.6129627449342743e-09,0.1,0.0,1
8,1487,world,14.870000000000001,1.4770000000000003,1.2465476918220517,1.8323744059946383,-0.41443747801095787,0.6966169564475867,0.6966169564621313,-0.12134585275103778,0.1213458527485042,-2.0878907739742794e-12,0.09417529679337176,-0.033630543764267995,-0.30935577596725233,6.004761828677841e-10,1.6713077739597211e-09,0.1,0.0,1
8,1488,world,14.88,1.4780000000000002,1.246547691822052,1.8333155864897384,-0.414775380831156,0.6964284279786044,0.6964284280033401,-0.12242321955640442,0.12242321955205622,-3.5517825700348535e-12,0.09406062399989512,-0.03394994864135076,-0.30935577596731767,-3.560241118433308e-10,-9.813623912242524e-10,0.1,0.0,1
8,1489,world,14.89,1.4790000000000003,1.246547691822052,1.8342556149142002,-0.4151164755419148,0.6962382333050603,0.6962382333050603,-0.12350029345814705,0.12350029345814705,0.0,0.09394488307814311,-0.03426892095520403,-0.30935577596732444,-6.108054368084641e-10,-1.6675494895544945e-09,0.1,0.0,1
8,1490,world,14.9,1.4800000000000002,1.2465476918220517,1.835194480587319,-0.4154607578222319,0.6960463728521689,0.696046372852169,-0.12457707188459458,0.12457707188459458,0.0,0.09382807319232292,-0.03458746421777829,-0.30935577596728814,4.5608867265740606e-10,1.233324265626949e-09,0.1,0.0,1
8,1491,world,14.91,1.481,1.2465476918220517,1.8361321728120497,-0.4158082234069317,0.6958528470821786,0.695852847100479,-0.12565355225900698,0.12565355225570238,-2.6299301632016584e-12,0.09371019342187036,-0.03490558191515575,-0.3093557759672496,-6.204449635949699e-10,-1.6619534361675472e-09,0.1,0.0,1
8,1492,world,14.92,1.4820000000000002,1.2465476918220517,1.837068680885683,-0.4161588680546993,0.695657656497896,0.6956576564732143,-0.12672973199867363,0.12672973200316995,3.547966426807774e-12,0.0935912427647383,-0.03522327749871981,-0.309355775967251,-5.348161006838007e-10,-1.4191705187340053e-09,0.1,0.0,1
8,1493,world,14.93,1.483,1.2465476918220517,1.8380039940946216,-0.4165126875598997,0.6954608015032483,0.6954608015004436,-0.12780560854025186,0.12780560854076725,4.032682244677369e-13,0.09347122013197255,-0.03554055439973231,-0.3093557759673231,1.2614249225628055e-09,3.3161516051936177e-09,0.1,0.0,1
8,1494,world,14.94,1.4840000000000002,1.246547691822052,1.8389381017109638,-0.4168696777589304,0.695262282598848,0.6952622826235156,-0.1288811793043439,0.12888117929977128,-3.5479434001921392e-12,0.09335012435249612,-0.03585741601640465,-0.30935577596729025,-5.46219497114019e-10,-1.4226826454852076e-09,0.1,0.0,1
8,1495,world,14.950000000000001,1.4850000000000003,1.246547691822052,1.8398709930008068,-0.4172298345059868,0.6950621003005178,0.6950621002765303,-0.12995644170999313,0.12995644171447812,3.451148754899332e-12,0.09322795417560742,-0.036173865707591214,-0.3093557759672524,-1.1558855657262119e-09,-2.983031083935199e-09,0.1,0.0,1
8,1496,world,14.96,1.4860000000000002,1.246547691822052,1.8408026572087277,-0.4175931537110153,0.6948602550227166,0.6948602550029108,-0.13103139319658508,0.1310313932003199,2.8503281252892682e-12,0.09310470826273139,-0.036489906814236715,-0.309355775967319,7.388254579719521e-10,1.889326780385474e-09,0.1,0.0,1
8,1497,world,14.97,1.4870000000000003,1.246547691822052,1.8417330835748598,-0.4179596312931059,0.6946567472648651,0.6946567472690758,-0.13210603118926142,0.13210603118846065,-6.061594226543254e-13,0.0929803851958469,-0.03680554263737914,-0.3093557759673218,8.431657720294588e-10,2.136648088615672e-09,0.1,0.0,1
8,1498,world,14.98,1.4880000000000002,1.2465476918220517,1.842662261317459,-0.4183292632228679,0.6944515775318373,0.6944515775439462,-0.13318035311352378,0.13318035311120155,-1.743664262425954e-12,0.09285498347848309,-0.03712077643598841,-0.309355775967284,-3.2463111797098724e-10,-8.152411898072092e-10,0.1,0.0,1
8,1499,world,14.99,1.489,1.2465476918220517,1.8435901796431604,-0.4187020454937575,0.6942447463204389,0.694244746312463,-0.1342543563978452,0.13425435639938754,1.148832678496199e-12,0.09272850152459292,-0.03743561145491776,-0.3093557759672524,3.3637174518284865e-10,8.371924156846821e-10,0.1,0.0,1
8,1500,world,15.0,1.4900000000000002,1.2465476918220517,1.8445168277422872,-0.4190779741317156,0.6940362540851842,0.6940362541098095,-0.1353280384804439,0.13532803847564231,-3.548099609168565e-12,0.0926009376755038,-0.03775005088231621,-0.3093557759672579,5.443099104659034e-10,1.34269337758984e-09,0.1,0.0,1
8,1501,world,15.01,1.491,1.246547691822052,1.845442194784335,-0.41945704520379123,0.6938261013737856,0.6938261013859193,-0.136401396783025,0.1364013967806396,-1.748804610111855e-12,0.09247229018701869,-0.03806409788196494,-0.309355775967319,-5.7447194259632635e-11,-1.4046945751823144e-10,0.1,0.0,1
8,1502,world,15.02,1.4920000000000002,1.2465476918220517,1.8463662699278607,-0.41983925479159273,0.6936142886550603,0.6936142886775652,-0.13747442874417853,0.13747442873971805,-3.2445775063856284e-12,0.09234255723474921,-0.03837775557985465,-0.30935577596729297,-1.0102074191909589e-09,-2.4483298221284064e-09,0.1,0.0,1
8,1503,world,15.030000000000001,1.4930000000000003,1.2465476918220517,1.847289042304695,-0.42022459902744025,0.6934008164759472,0.6934008164513432,-0.13854713178867717,0.13854713179359326,3.548304125223455e-12,0.09221173691826097,-0.038691027054311024,-0.3093557759672551,1.4393370582528802e-10,3.4579061479125844e-10,0.1,0.0,1
8,1504,world,15.040000000000001,1.4940000000000002,1.2465476918220515,1.8482105010342478,-0.4206130740573868,0.6931856852687455,0.6931856852964292,-0.13961950336571305,0.13961950336013704,-3.993683959501405e-12,0.0920798272540292,-0.03900391535305324,-0.30935577596731206,6.868280796769912e-10,1.6358284589495841e-09,0.1,0.0,1
8,1505,world,15.05,1.4950000000000003,1.2465476918220515,1.8491306352125945,-0.4210046760652679,0.6929688956378454,0.6929688956378455,-0.14069154089164324,0.14069154089164324,0.0,0.09194682617910034,-0.039316423484217246,-0.30935577596732733,-1.1036800202821037e-09,-2.606015743717122e-09,0.1,0.0,1
8,1506,world,15.06,1.4960000000000002,1.246547691822052,1.8500494339124023,-0.42139940127031283,0.6927504480538665,0.692750448042322,-0.14176324181123162,0.1417632418135941,1.6664824508105823e-12,0.09181273155612836,-0.0396285544046501,-0.3093557759672937,-2.7755619886285307e-15,-1.1796138451671257e-14,0.1,0.0,1
8,1507,world,15.07,1.497,1.2465476918220517,1.8509668861908377,-0.42179724590649875,0.692530343035975,0.6925303430359749,-0.1428346035611637,0.1428346035611637,0.0,0.09167754116576429,-0.039940311037842395,-0.309355775967251,6.292726384998021e-10,1.4606037611549986e-09,0.1,0.0,1
8,1508,world,15.08,1.4980000000000002,1.246547691822052,1.8518829810761406,-0.4221982062515685,0.6923085811228524,0.692308581133336,-0.1439056235757262,0.14390562357354703,-1.5142844662419333e-12,0.09154125271228769,-0.04025169626071781,-0.3093557759672482,1.0854154346159355e-09,2.4980845463368273e-09,0.1,0.0,1
8,1509,world,15.09,1.499,1.2465476918220517,1.8527977075762052,-0.4226022786048368,0.6920851628361725,0.692085162873873,-0.14497629929433878,0.1449762992864414,-5.44729318255955e-12,0.09140386382016291,-0.04056271291155356,-0.30935577596732045,-1.134205651033037e-10,-2.588433599354908e-10,0.1,0.0,1
8,1510,world,15.1,1.5000000000000002,1.246547691822052,1.8537110546765245,-0.42300945928990524,0.6918600887480107,0.6918600887545772,-0.14604662814749983,0.1460466281461137,-9.490886662152807e-13,0.09126537204159312,-0.04087336377287286,-0.309355775967326,-5.158839923593675e-10,-1.1674853331671864e-09,0.1,0.0,1
8,1511,world,15.11,1.5010000000000001,1.2465476918220517,1.8546230113329851,-0.4234197446686576,0.6916333593453935,0.6916333593654136,-0.14711660758522702,0.1471166075809686,-2.8945614480165144e-12,0.09112577484694145,-0.041183651593132586,-0.30935577596725383,-1.9314303210267215e-10,-4.3346853634053256e-10,0.1,0.0,1
8,1512,world,15.120000000000001,1.5020000000000002,1.2465476918220517,1.8555335664791694,-0.42383313112259635,0.691404975209807,0.691404975209807,-0.1481862350393117,0.1481862350393117,0.0,0.09098506963672472,-0.04149357905990223,-0.30935577596728187,-9.163476272025229e-10,-2.0395551138554957e-09,0.1,0.0,1
8,1513,world,15.13,1.5030000000000003,1.2465476918220515,1.8564427090232465,-0.424249615057853,0.6911749368663699,0.691174936855468,-0.14925550795516204,0.1492555079575162,1.5772487017201993e-12,0.09084325372980782,-0.04180314882615613,-0.3093557759673204,1.3877809943141111e-15,6.245014474413501e-15,0.1,0.0,1
8,1514,world,15.14,1.5040000000000002,1.2465476918220517,1.8573504278436666,-0.4246691929124084,0.6909432448591116,0.6909432448591117,-0.15032442377591756,0.15032442377591756,0.0,0.09070032437268705,-0.04211236348970873,-0.30935577596728947,3.2765092941461504e-10,7.173658535117042e-10,0.1,0.0,1
8,1515,world,15.15,1.5050000000000001,1.2465476918220517,1.8582567117894842,-0.42509186115308156,0.6907098997587141,0.6907098997587141,-0.15139297994064027,0.15139297994064027,0.0,0.09055627873616584,-0.0424212256006099,-0.309355775967251,-4.070306145083516e-10,-8.839096342415268e-10,0.1,0.0,1
8,1516,world,15.16,1.5060000000000002,1.2465476918220517,1.8591615496864027,-0.4255176162605235,0.6904749021247292,0.6904749021112909,-0.15246117389247693,0.15246117389544417,1.946177432242947e-12,0.09041111392059947,-0.04272973764998311,-0.3093557759672524,-1.7205847545605781e-10,-3.7061662899854364e-10,0.1,0.0,1
8,1517,world,15.17,1.5070000000000001,1.2465476918220517,1.8600649303276322,-0.42594645474682336,0.6902382525020574,0.6902382524964167,-0.1535290030795709,0.1535290030808256,8.172027689040864e-13,0.09026482694685384,-0.04303790208937384,-0.3093557759673204,3.918191470296746e-10,8.37200742370648e-10,0.1,0.0,1
8,1518,world,15.18,1.5080000000000002,1.2465476918220517,1.8609668424762433,-0.4263783731482521,0.6899999514689215,0.6899999514682486,-0.15459646494447105,0.15459646494462181,9.752522969430105e-14,0.09011741476693354,-0.043345721308157614,-0.30935577596731895,-4.653979075672143e-10,-9.864597108163678e-10,0.1,0.0,1
8,1519,world,15.19,1.5090000000000001,1.2465476918220517,1.8618672748621865,-0.4268133680294038,0.689759999606537,0.6897599995858533,-0.15566355693074166,0.15566355693540948,2.9985816312046883e-12,0.0899688742555872,-0.04365319765128714,-0.30935577596726205,-2.2154952127528762e-10,-4.658426913758921e-10,0.1,0.0,1
8,1520,world,15.200000000000001,1.5100000000000002,1.246547691822052,1.862766216188226,-0.4272514359688238,0.6895183974600513,0.6895183974522652,-0.15673027649185767,0.1567302764936275,1.1291787436949248e-12,0.08981920222019188,-0.0439603333987389,-0.309355775967293,6.481228677454988e-10,1.3520178780904866e-09,0.1,0.0,1
8,1521,world,15.21,1.5110000000000003,1.2465476918220517,1.8636636551231067,-0.42769257357122664,0.6892751456265129,0.6892751456265128,-0.15779662107139514,0.15779662107139514,0.0,0.08966839539541206,-0.044267130776819555,-0.3093557759673175,8.973822121343278e-10,1.8572228956987564e-09,0.1,0.0,1
8,1522,world,15.22,1.5120000000000002,1.246547691822052,1.8645595803021635,-0.4281367774641263,0.6890302446789236,0.6890302446995676,-0.15886258812015683,0.15886258811539716,-2.9959815592903013e-12,0.08951645044082025,-0.04457359196291198,-0.3093557759672826,-2.5318676460269455e-10,-5.198932916519987e-10,0.1,0.0,1
8,1523,world,15.23,1.5130000000000001,1.2465476918220517,1.8654539803270151,-0.42858404429643554,0.6887836952342705,0.6887836952263044,-0.15992817508061155,0.15992817508246115,1.1564659180341524e-12,0.08936336395028273,-0.044879719066515,-0.30935577596724956,-1.244616119159673e-09,-2.5356788395822993e-09,0.1,0.0,1
8,1524,world,15.24,1.5140000000000002,1.246547691822052,1.8663468437648627,-0.42903437073787687,0.6885354978486484,0.68853549783038,-0.16099337941109465,0.1609933794153662,2.653124139296715e-12,0.08920913244397127,-0.04518551414550902,-0.30935577596725655,-6.645805625571416e-11,-1.3434448609982614e-10,0.1,0.0,1
8,1525,world,15.25,1.5150000000000001,1.2465476918220517,1.867238159147788,-0.42948775347838186,0.6882856531157558,0.6882856531057323,-0.16205819856315182,0.16205819856551185,1.4562210503592927e-12,0.08905375237500421,-0.045490979192928285,-0.3093557759673231,-5.637999067500508e-11,-1.131034571461029e-10,0.1,0.0,1
8,1526,world,15.26,1.5160000000000002,1.2465476918220517,1.8681279149720702,-0.4299441892274861,0.6880341616517338,0.6880341616317397,-0.16312262998486504,0.1631226299896053,2.905813745633381e-12,0.08889722012661899,-0.04579611614274126,-0.3093557759673218,-6.182966786157717e-10,-1.2306588587546077e-09,0.1,0.0,1
8,1527,world,15.27,1.5170000000000001,1.2465476918220517,1.8690160996974978,-0.4304036747137088,0.6877810240486724,0.6877810240197113,-0.1641866711318046,0.16418667113871818,4.210575900652142e-12,0.08873953200962933,-0.04610092687476004,-0.30723584446399976,-9.488036406464424e-10,-1.8741194354210624e-09,0.1,0.0,1
8,1528,world,15.280000000000001,1.5180000000000002,1.2465476918220517,1.8699027017478531,-0.43086620668171843,0.6875297439572694,0.6875297439084054,-0.16523574433428923,0.16523574434603283,7.106761185186528e-12,0.08858068908009875,-0.046405404018226966,-0.2780102792104292,1.1897276279796672e-09,2.3337632746328524e-09,0.1,0.0,1
8,1529,world,15.290000000000001,1.5190000000000003,1.246547691822052,1.8707877132787145,-0.43133177474202333,0.6873219108775309,0.6873219108845983,-0.16609813612164825,0.16609813611994037,-1.0281649087767774e-12,0.08842173104618636,-0.046707574105233546,-0.2509046454601251,2.1200924389374898e-09,4.130339643511588e-09,0.1,0.0,1
8,1530,world,15.3,1.5200000000000002,1.2465476918220517,1.8716711387114133,-0.43180034549896396,0.6871129960951193,0.6871129961100858,-0.16696026649329482,0.16696026648965812,-2.178000594265614e-12,0.08826347596027607,-0.047005944426314526,-0.25090464546009467,9.816296971847174e-10,1.900656627884385e-09,0.1,0.0,1
8,1531,world,15.31,1.5210000000000001,1.2465476918220515,1.872552985270055,-0.43227188098766856,0.6869029999080218,0.686902999944473,-0.16782213409981547,0.16782213409090985,-5.306105166867306e-12,0.08810596261319531,-0.04730052168847856,-0.250904645460064,2.7797238144434073e-11,5.349615257072614e-11,0.1,0.0,1
8,1532,world,15.32,1.5220000000000002,1.2465476918220517,1.8734332605632222,-0.4327463433137219,0.6866919226746041,0.6866919226903894,-0.16868373757796004,0.16868373757408242,-2.2985201997250884e-12,0.08794922910878086,-0.047591313274285396,-0.25090464546005986,-5.674730533163308e-10,-1.0853711271212014e-09,0.1,0.0,1
8,1533,world,15.33,1.5230000000000001,1.246547691822052,1.8743119725771407,-0.43322369465971333,0.6864797646937435,0.6864797647133567,-0.16954507557985823,0.1695450755750142,-2.8567640227286282e-12,0.08779331286884907,-0.047878327200439885,-0.2509046454601209,-5.350989159507112e-10,-1.0172207091392844e-09,0.1,0.0,1
8,1534,world,15.34,1.5240000000000002,1.2465476918220517,1.8751891296688374,-0.4337038972914731,0.6862665263233075,0.6862665263233075,-0.17040614674400995,0.17040614674400995,0.0,0.08763825063309563,-0.048161572087824484,-0.25090464546012925,-6.682370007547267e-10,-1.2626139086880087e-09,0.1,0.0,1
8,1535,world,15.35,1.5250000000000001,1.246547691822052,1.8760647405568731,-0.4341869135683686,0.68605220787737,0.6860522078773699,-0.1712669497205634,0.1712669497205634,0.0,0.08748407845949825,-0.048441057132275256,-0.25090464546009045,-5.985995762490737e-10,-1.1242098917753284e-09,0.1,0.0,1
8,1536,world,15.36,1.526,1.2465476918220515,1.876938814321281,-0.4346727059366424,0.6858368097117729,0.6858368096943026,-0.17212748315014853,0.17212748315453308,2.546911772196286e-12,0.08733083172133685,-0.0487167920830133,-0.25090464546009034,-2.7755604737325013e-15,2.7755604737325013e-15,0.1,0.0,1
8,1537,world,15.370000000000001,1.5270000000000004,1.246547691822052,1.8778113603908966,-0.43516123694549425,0.6856203321393103,0.6856203321393102,-0.17298774568501074,0.17298774568501074,0.0,0.08717854510893569,-0.048988787213905066,-0.2509046454600972,-5.235817277648989e-11,-9.715051464664419e-11,0.1,0.0,1
8,1538,world,15.38,1.5280000000000002,1.2465476918220517,1.8786823885377273,-0.43565246924995066,0.6854027755363725,0.6854027755174005,-0.17384773596226083,0.17384773596707295,2.76754834958215e-12,0.08702725264582112,-0.04925705327077965,-0.2509046454600933,8.462503472981481e-10,1.56087112690974e-09,0.1,0.0,1
8,1539,world,15.39,1.5290000000000001,1.246547691822052,1.8795519088705828,-0.4361463656149609,0.6851841401959975,0.6851841402203285,-0.17470745264093449,0.1747074526347306,-3.5503955040816893e-12,0.08687698767377629,-0.049521601475825926,-0.25090464546006674,1.5140279927943778e-09,2.7759063779568467e-09,0.1,0.0,1
8,1540,world,15.4,1.5300000000000002,1.246547691822052,1.8804199318251082,-0.43664288892549996,0.6849644265150561,0.6849644265394126,-0.17556689435458278,0.17556689434833983,-3.5552312822945984e-12,0.08672778287154424,-0.04978244347344031,-0.250904645460064,-8.540704889327961e-10,-1.556592253494248e-09,0.1,0.0,1
8,1541,world,15.41,1.5310000000000001,1.2465476918220517,1.8812864681668309,-0.43714200217377774,0.6847436348298919,0.6847436348298919,-0.17642605975293935,0.17642605975293935,0.0,0.08657967024985277,-0.050039591319541755,-0.2509046454601223,-5.463787937159614e-10,-9.89917867704234e-10,0.1,0.0,1
8,1542,world,15.42,1.5320000000000003,1.246547691822052,1.8821515289748998,-0.43764366848010816,0.6845217654591934,0.6845217654680545,-0.17728494749123586,0.1772849474889409,-1.2942294616255184e-12,0.08643268116141718,-0.0502930574458225,-0.2509046454601265,1.5014033559796043e-09,2.7041383638424792e-09,0.1,0.0,1
8,1543,world,15.43,1.5330000000000001,1.246547691822052,1.8830151256386742,-0.4381478510909623,0.6842988187564499,0.6842988187987804,-0.17814355621667566,0.17814355620565575,-6.1846675330874195e-12,0.08628684630050312,-0.05054285464349389,-0.25090464546009045,5.51381741469926e-10,9.872321660009478e-10,0.1,0.0,1
8,1544,world,15.44,1.534,1.2465476918220522,1.883877269849227,-0.4386545133857552,0.6840747951105819,0.6840747951349079,-0.17900188456805163,0.17900188456168623,-3.55527416173477e-12,0.08614219572809995,-0.05078899600446654,-0.25090464546009444,-1.6215837367118181e-09,-2.886362929514257e-09,0.1,0.0,1
8,1545,world,15.450000000000001,1.5350000000000004,1.2465476918220515,1.884737973597807,-0.4391636188715541,0.6838496948530768,0.6838496948500993,-0.1798599311999455,0.17985993120072863,4.353090955508168e-13,0.08599875884902242,-0.05103149494603985,-0.2509046454600903,-2.09757986793481e-09,-3.711790328248158e-09,0.1,0.0,1
8,1546,world,15.46,1.5360000000000003,1.246547691822052,1.8855972491669633,-0.439675131190321,0.6836235183354051,0.6836235183014229,-0.18071769476265953,0.1807176947716428,4.969744257687666e-12,0.08585656444007439,-0.05127036514934681,-0.2509046454600919,2.5921375598264637e-10,4.5601834082328515e-10,0.1,0.0,1
8,1547,world,15.47,1.5370000000000001,1.2465476918220517,1.8864551091226307,-0.4401890141242146,0.6833962658770886,0.6833962658812824,-0.18157517391589625,0.18157517391478195,-6.13533396183188e-13,0.08571564065063458,-0.051505620546220814,-0.25090464546007096,1.2772393776592844e-09,2.2339015206024295e-09,0.1,0.0,1
8,1548,world,15.48,1.5380000000000003,1.246547691822052,1.887311566308464,-0.44070523159696656,0.6831679378909593,0.683167937892159,-0.18243236729553605,0.18243236729521567,-1.7556758234843365e-13,0.08557601501318313,-0.05173727529029198,-0.2509046454600668,-1.2145214254145812e-09,-2.1118927394079645e-09,0.1,0.0,1
8,1549,world,15.49,1.5390000000000001,1.2465476918220522,1.888166633839443,-0.44122374767637534,0.682938534729426,0.6829385347003414,-0.18328927355428326,0.1832892735620891,4.257712338670135e-12,0.08543771444849116,-0.05196534373809228,-0.25090464546011954,-4.723365547384281e-10,-8.165900141856268e-10,0.1,0.0,1
8,1550,world,15.5,1.5400000000000003,1.246547691822052,1.8890203251006832,-0.44174452656822083,0.6827080567160414,0.6827080567043596,-0.18414589135357173,0.1841458913567226,1.7106667379943603e-12,0.08530076527179836,-0.05218984042939352,-0.2509046454601279,2.305047462225623e-09,3.96203069721961e-09,0.1,0.0,1
8,1551,world,15.51,1.5410000000000001,1.246547691822052,1.889872653735124,-0.4422675326283668,0.6824765042234918,0.6824765042569931,-0.18500221934262942,0.18500221933354805,-4.907579408215352e-12,0.0851651932064017,-0.05241078005636123,-0.25090464546009744,-4.658361921089977e-10,-7.96098051208146e-10,0.1,0.0,1
8,1552,world,15.52,1.542,1.246547691822052,1.8907236336400117,-0.4427927303602833,0.6822438776815631,0.6822438776573037,-0.1858582561559935,0.1858582561626023,3.554951290886928e-12,0.08503102339377172,-0.05262817743954136,-0.25090464546009167,-1.244883281436606e-09,-2.1152705965042624e-09,0.1,0.0,1
8,1553,world,15.530000000000001,1.5430000000000004,1.2465476918220517,1.8915732789598898,-0.4433200844182007,0.6820101773638875,0.6820101773638874,-0.18671400047152018,0.18671400047152018,0.0,0.08489828039454395,-0.052842047519465,-0.2509046454600945,1.1655438852949628e-09,1.9691623176065106e-09,0.1,0.0,1
8,1554,world,15.540000000000001,1.5440000000000003,1.2465476918220522,1.8924216040832316,-0.4438495596043069,0.6817754036879295,0.6817754036948882,-0.1875694509289173,0.1875694509270029,-1.0204023496836257e-12,0.08476698820514476,-0.053052405323687726,-0.2509046454600891,4.768745961130342e-10,8.010767128079046e-10,0.1,0.0,1
8,1555,world,15.55,1.5450000000000002,1.246547691822052,1.8932686236371097,-0.44438112086917225,0.6815395570151375,0.681539557027845,-0.18842460618404255,0.1884246061805293,-1.864072458648776e-12,0.08463717026630471,-0.05325926594793198,-0.25090464546006125,-5.527112349367828e-10,-9.231930469706381e-10,0.1,0.0,1
8,1556,world,15.56,1.5460000000000003,1.2465476918220517,1.894114352478867,-0.4449147333168385,0.6813026377291704,0.6813026377214626,-0.18927946488755937,0.18927946488970074,1.1310562006825477e-12,0.08450884946325976,-0.05346264455108916,-0.2509046454600668,-1.2490382954659225e-09,-2.0744178157817426e-09,0.1,0.0,1
8,1557,world,15.57,1.5470000000000002,1.246547691822052,1.894958805692064,-0.4454503622029991,0.6810646461858972,0.6810646461656129,-0.19013402569876037,0.1901340257044232,2.977618762519466e-12,0.08438204815471106,-0.053662556305267686,-0.25090464546012786,2.9300204140960397e-10,4.838828863091566e-10,0.1,0.0,1
8,1558,world,15.58,1.5480000000000003,1.2465476918220522,1.8958019985810168,-0.445987972935433,0.6808255827473647,0.6808255827473648,-0.19098828727623926,0.19098828727623926,0.0,0.08425678816698769,-0.05385901640193,-0.250904645460114,1.3639576013203558e-09,2.2397718310043748e-09,0.1,0.0,1
8,1559,world,15.59,1.5490000000000002,1.2465476918220517,1.8966439466641034,-0.44652753107631216,0.6805854478086777,0.6805854478241029,-0.19184224827028484,0.19184224826593682,-2.265929893923169e-12,0.08413309080842822,-0.05405204002644834,-0.2509046454600946,6.444768153194084e-10,1.0523357124728317e-09,0.1,0.0,1
8,1560,world,15.6,1.55,1.2465476918220522,1.897484665673988,-0.44706900233369024,0.6803442417523675,0.6803442417691585,-0.19269590733559677,0.19269590733084094,-2.467496475089357e-12,0.08401097687999777,-0.05424164233933631,-0.2509046454601,-6.121637402840717e-10,-9.939733085013066e-10,0.1,0.0,1
8,1561,world,15.610000000000001,1.5510000000000004,1.246547691822052,1.8983241715468637,-0.4476123525701584,0.6801019649603317,0.6801019649598675,-0.19354926312798482,0.19354926312811693,6.824884602604933e-14,0.08389046668374,-0.05442783846143726,-0.2509046454601,-6.497503802193572e-10,-1.0491001028503447e-09,0.1,0.0,1
8,1562,world,15.620000000000001,1.5520000000000003,1.246547691822052,1.899162480419517,-0.44815754779918726,0.6798586177957024,0.6798586177957024,-0.1944023143095706,0.1944023143095706,0.0,0.0837715800385435,-0.05461064344837831,-0.2509046454601002,1.8038367518791522e-11,2.8967136884115666e-11,0.1,0.0,1
8,1563,world,15.63,1.5530000000000002,1.246547691822052,1.8999996086245263,-0.4487045541844609,0.6796142006505579,0.6796142006505579,-0.19525505953522232,0.19525505953522232,0.0,0.08365433628197744,-0.05479007228706522,-0.25090464546006125,-9.435295785616784e-10,-1.5065089994710359e-09,0.1,0.0,1
8,1564,world,15.64,1.5540000000000003,1.2465476918220522,1.9008355726855388,-0.4492533380390286,0.6793687139214132,0.6793687138972605,-0.1961074974594454,0.19610749746641734,3.5544468189900206e-12,0.08353875429245668,-0.054966139861414236,-0.2509046454600557,8.150044752650069e-10,1.2940606619103422e-09,0.1,0.0,1
8,1565,world,15.65,1.5550000000000002,1.246547691822052,1.9016703893111213,-0.44980386582663767,0.6791221579480072,0.6791221579687792,-0.19695962675411907,0.19695962674809478,-3.058051635174925e-12,0.08342485248855872,-0.05513886095361618,-0.2509046454601251,1.1102241894931236e-14,1.9428923316129663e-14,0.1,0.0,1
8,1566,world,15.66,1.5560000000000003,1.2465476918220517,1.9025040753947398,-0.4503561041537702,0.6788745331978308,0.678874533173696,-0.19781144605512793,0.19781144606216033,3.5544571498607216e-12,0.08331264884009341,-0.05530825022767656,-0.25090464546012226,-3.002212742017829e-10,-4.714365792548202e-10,0.1,0.0,1
8,1567,world,15.67,1.5570000000000002,1.246547691822052,1.9033366480061797,-0.4509100197746975,0.6786258399745814,0.6786258399877523,-0.19866295404685266,0.19866295404299697,-1.940499145028927e-12,0.08320216088457927,-0.05547432220529232,-0.2509046454600891,9.585842185713114e-10,1.4969492753095476e-09,0.1,0.0,1
8,1568,world,15.68,1.558,1.2465476918220517,1.9041681243882942,-0.45146557958842465,0.6783760787360035,0.6783760787360035,-0.199514149369822,0.199514149369822,0.0,0.08309340573813045,-0.055637091250697435,-0.2509046454600668,-9.908473335178754e-11,-1.5388401156493123e-10,0.1,0.0,1
8,1569,world,15.69,1.5590000000000002,1.2465476918220517,1.9049985219529912,-0.45202275063681896,0.6781252498380155,0.6781252498486944,-0.20036503069527803,0.20036503069212275,-1.5745289859782245e-12,0.08298640009506006,-0.05579657157265684,-0.2509046454600861,-8.135139992905221e-10,-1.2564643075132548e-09,0.1,0.0,1
8,1570,world,15.700000000000001,1.5600000000000003,1.2465476918220517,1.905827858277137,-0.4525815001028785,0.6778733537081292,0.677873353687836,-0.20121559667440736,0.20121559668043107,2.9932495469430597e-12,0.08288116025043421,-0.055952777192395414,-0.25090464546011954,3.0309397929209643e-10,4.6555724828133577e-10,0.1,0.0,1
8,1571,world,15.71,1.5610000000000002,1.246547691822052,1.9066561510973385,-0.4531417953106686,0.6776203906872281,0.6776203907054278,-0.2020658459850465,0.20206584597961935,-2.6854923753914235e-12,0.08277770210702297,-0.056105721935297885,-0.2509046454600696,-1.5377992804716627e-10,-2.3491511181532373e-10,0.1,0.0,1
8,1572,world,15.72,1.5620000000000003,1.2465476918220522,1.907483418309177,-0.4537036037187085,0.6773663612485521,0.6773663612244704,-0.2029157772666884,0.20291577727390248,3.5547836862189432e-12,0.08267604117974842,-0.056255419426438774,-0.25090464546007235,-2.5392770106039345e-10,-3.8578972193661015e-10,0.1,0.0,1
8,1573,world,15.73,1.5630000000000002,1.2465476918220522,1.908309677961369,-0.4542668929209024,0.6771112657123656,0.677111265724297,-0.20376538920545612,0.20376538920186554,-1.7619282566691483e-12,0.08257619260419859,-0.056401883080215515,-0.25090464546011954,5.945777891225686e-10,8.984232514129282e-10,0.1,0.0,1
8,1574,world,15.74,1.5640000000000003,1.246547691822052,1.9091349482516877,-0.45483163064485477,0.6768551045480041,0.6768551045385248,-0.20461468044385328,0.20461468044671888,1.4003439656446912e-12,0.08247817116352946,-0.05654512606334466,-0.2509046454601223,1.2157509987044449e-09,1.82706194803303e-09,0.1,0.0,1
8,1575,world,15.75,1.5650000000000002,1.2465476918220522,1.9099592475239036,-0.4553977847487148,0.6765978780936551,0.6765978781352745,-0.20546364966485126,0.20546364965221267,-6.1507299192631486e-12,0.08238199127499357,-0.056685161317287305,-0.25090464546009195,1.2430625137661137e-09,1.8579761405896729e-09,0.1,0.0,1
8,1576,world,15.76,1.566,1.2465476918220522,1.9107825942630436,-0.4559653232204973,0.676339586826379,0.6763395868471455,-0.20631229551043426,0.20631229550409957,-3.0702037473019163e-12,0.08228766702061027,-0.05682200151618358,-0.250904645460064,-2.3340354158132876e-09,-3.4697732510710817e-09,0.1,0.0,1
8,1577,world,15.77,1.5670000000000002,1.2465476918220522,1.9116050070948438,-0.45653421417136825,0.6760802311241412,0.6760802311091848,-0.2071606166535768,0.20716061665815966,2.2120827252131573e-12,0.08219521214352346,-0.05695565907511893,-0.2509046454601,-8.600740262373848e-10,-1.2716750727994274e-09,0.1,0.0,1
8,1578,world,15.780000000000001,1.5680000000000003,1.2465476918220522,1.912426504781306,-0.4571044258345977,0.6758198113623485,0.6758198113623485,-0.2080086117692243,0.2080086117692243,0.0,0.0821046400542516,-0.05708614614389193,-0.17442198862214453,6.212755684831548e-10,9.151545276704462e-10,0.1,0.0,1
8,1579,world,15.790000000000001,1.5690000000000002,1.2465476918220517,1.9132471083121483,-0.4576759235578004,0.6757178692124635,0.6757178692124635,-0.20833953351912865,0.20833953351912865,0.0,0.08201665922044779,-0.05721247775019831,-0.08992938675339585,1.7302828171000767e-10,2.539614694458521e-10,0.1,0.0,1
8,1580,world,15.8,1.5700000000000003,1.246547691822052,1.9140668500134432,-0.4582486567961346,0.6756324772388502,0.6756324772430027,-0.20861628818852201,0.20861628818723987,-6.14556083275411e-13,0.08193228582673218,-0.05733324113641808,-0.08192015892103809,-1.3878816316437522e-09,-2.033147489064277e-09,0.1,0.0,1
8,1581,world,15.81,1.5710000000000002,1.2465476918220522,1.9148857661682883,-0.4588225698265004,0.6755469704370686,0.6755469704038088,-0.20889301269697494,0.20889301270725957,4.923034692308873e-12,0.08185155426340926,-0.05744843831353617,-0.08192153835790496,-9.606178039466688e-10,-1.404774370747534e-09,0.1,0.0,1
8,1582,world,15.82,1.5720000000000003,1.246547691822052,1.915703893323139,-0.4593976070503561,0.675461348883771,0.6754613488649321,-0.20916970663942075,0.20916970664525458,2.7888265777425217e-12,0.08177448994492909,-0.057558081919454995,-0.08192280786964924,2.2586129939182592e-09,3.2970886656259007e-09,0.1,0.0,1
8,1583,world,15.83,1.5730000000000002,1.246547691822052,1.9165212682720287,-0.45997371299352274,0.6753756127162904,0.6753756127370221,-0.20944636959240961,0.20944636958598034,-3.069383476175036e-12,0.0817011169696327,-0.057662184193060156,-0.08192396744607709,-7.748802467144939e-11,-1.1292981702892146e-10,0.1,0.0,1
8,1584,world,15.84,1.574,1.2465476918220524,1.9173379280433291,-0.46055083230226834,0.6752897621123246,0.6752897620916408,-0.20972300112028808,0.2097230011267118,3.062666776073745e-12,0.08163145811522131,-0.0577607569720383,-0.08192501707786311,1.3677116526060367e-10,1.9895823327316814e-10,0.1,0.0,1
8,1585,world,15.85,1.5750000000000002,1.2465476918220522,1.91815390988668,-0.46112890973907117,0.6752037971136055,0.6752037971375922,-0.2099996008299536,0.20999960082249336,-3.5521478888037234e-12,0.08156553485336432,-0.05785381166426819,-0.08192595675654614,-1.0454832614539108e-09,-1.5181718692952777e-09,0.1,0.0,1
8,1586,world,15.860000000000001,1.5760000000000003,1.246547691822052,1.9189692512598797,-0.46170789017834596,0.6751177179461928,0.6751177179006249,-0.21027616827140486,0.21027616828559764,6.748926869029119e-12,0.0815033673903662,-0.057941359183496834,-0.08192678647456708,-1.0086294040312466e-09,-1.4620917224940108e-09,0.1,0.0,1
8,1587,world,15.870000000000001,1.5770000000000002,1.246547691822052,1.9197839898167293,-0.46228771860077866,0.675031524621953,0.6750315246219531,-0.21055270306163648,0.21055270306163648,0.0,0.08144497464254954,-0.058023409977994767,-0.08192750622522071,2.7269051181213134e-09,3.9459433194302504e-09,0.1,0.0,1
8,1588,world,15.88,1.5780000000000003,1.2465476918220522,1.9205981633938949,-0.4628683400889646,0.6749452173388102,0.6749452173580016,-0.2108292047601019,0.21082920475410719,-2.843107093092001e-12,0.0813903742889846,-0.058099973950932166,-0.08192811600272898,-1.2317648280438536e-10,-1.7794240295704154e-10,0.1,0.0,1
8,1589,world,15.89,1.5790000000000002,1.2465476918220524,1.921411809998517,-0.46344969982197926,0.6748587962320363,0.6748587962291154,-0.21110567294609892,0.2111056729470126,4.32780062790659e-13,0.08133958276561727,-0.05817106046407697,-0.0819286158021848,-1.6834924228405212e-09,-2.4275632832953308e-09,0.1,0.0,1
8,1590,world,15.9,1.5800000000000003,1.246547691822052,1.9222249677959657,-0.46403174306966827,0.674772261407244,0.6747722613865625,-0.21138210720858028,0.21138210721505907,3.064629733782521e-12,0.08129261528616552,-0.05823667830444565,-0.08192900561954411,-8.900964295526512e-10,-1.2812578821321662e-09,0.1,0.0,1
8,1591,world,15.91,1.5810000000000002,1.2465476918220522,1.9230376750976492,-0.46461441518683194,0.6746856129884462,0.6746856129644746,-0.21165850713114792,0.21165850713866816,3.55263461869525e-12,0.08124948584256875,-0.05829683568014839,-0.0819292854516547,5.672823956839383e-10,8.151494281127398e-10,0.1,0.0,1
8,1592,world,15.92,1.582,1.2465476918220524,1.9238499703489569,-0.4651976616072222,0.6745988511025879,0.6745988510953108,-0.21193487229687583,0.21193487229916202,1.07862435696175e-12,0.08121020724318939,-0.05835154016406276,-0.08192945529628545,1.1703944679388988e-09,1.6788523839717384e-09,0.1,0.0,1
8,1593,world,15.93,1.5830000000000002,1.246547691822052,1.9246618921172962,-0.4657814278373347,0.6745119758928799,0.6745119758965229,-0.21221120228411358,0.21221120228296744,-5.400409023849013e-13,0.08117479108401537,-0.05840079873140828,-0.08192951515210364,-5.57509656416652e-10,-7.983142818400845e-10,0.1,0.0,1
8,1594,world,15.94,1.584,1.2465476918220522,1.9254734790802375,-0.46636565945003894,0.6744249875048806,0.6744249874844714,-0.21248749667083902,0.21248749667726924,3.0258761073572273e-12,0.08114324780112175,-0.05844461768448616,-0.08192946501858113,-1.5479841364139544e-10,-2.2128551468802834e-10,0.1,0.0,1
8,1595,world,15.950000000000001,1.5850000000000002,1.2465476918220522,1.9262847700137713,-0.4669503020780666,0.6743378860304593,0.6743378860304592,-0.21276375505233822,0.21276375505233822,0.0,0.08111558664777124,-0.05848300268272756,-0.08192930489608909,1.88792336235324e-09,2.6939800628769277e-09,0.1,0.0,1
8,1596,world,15.96,1.5860000000000003,1.246547691822052,1.927095803780626,-0.46753530140734534,0.6742506716222847,0.6742506716462418,-0.2130399770051565,0.2130399769975869,-3.5528380331651537e-12,0.08109181571615298,-0.058515958710914785,-0.08192903478598706,8.326673616216753e-15,1.5959457764415443e-14,0.1,0.0,1
8,1597,world,15.97,1.5870000000000002,1.2465476918220522,1.9279066193186807,-0.4681206031702272,0.6741633444389242,0.6741633444389243,-0.21331616210433824,0.21331616210433824,0.0,0.08107194194892942,-0.058543490061913964,-0.08192865469044325,-1.936864774308297e-09,-2.754209668696348e-09,0.1,0.0,1
8,1598,world,15.98,1.5880000000000003,1.246547691822052,1.9287172556294416,-0.46870615313860925,0.6740759045886237,0.6740759045671814,-0.21359230994123193,0.21359230994802625,3.1807489610935183e-12,0.08105597112737971,-0.058565600352061514,-0.08192816461247544,-2.7755578720656556e-15,2.0816684040492416e-15,0.1,0.0,1
8,1599,world,15.99,1.5890000000000002,1.2465476918220522,1.929527751766564,-0.46929189711695873,0.6739883521852799,0.67398835218528,-0.21386842010584697,0.21386842010584697,0.0,0.08104390790072451,-0.05858229247971513,-0.08192756455605066,9.170470964869635e-10,1.2995099506939423e-09,0.1,0.0,1
8,1600,world,16.0,1.59,1.2465476918220522,1.9303381468244325,-0.46987778093527477,0.6739006873957598,0.6739006873957599,-0.21414449217180984,0.21414449217180984,0.0,0.08103575576476399,-0.05859356865419209,-0.08192685452600368,-9.694718335723646e-10,-1.3714066140299217e-09,0.1,0.0,1
8,1601,world,16.01,1.5910000000000004,1.2465476918220522,1.9311484799267757,-0.470463750441992,0.6738129103559818,0.6738129103333489,-0.21442052572295336,0.21442052573015558,3.358754445847345e-12,0.08103151709474934,-0.05859943034981949,-0.08192603452804562,-9.888424519593347e-10,-1.3963790020913001e-09,0.1,0.0,1
8,1602,world,16.02,1.592,1.2465476918220522,1.9319587902153088,-0.47104975149684175,0.6737250211794659,0.6737250211564104,-0.21469652035066586,0.21469652035801295,3.4219486756937808e-12,0.08103119311618806,-0.05859987834600886,-0.08192510456881608,9.914403741251653e-10,1.3976286970197963e-09,0.1,0.0,1
8,1603,world,16.03,1.5930000000000002,1.2465476918220522,1.9327691168383887,-0.4716357299636914,0.6736370200019076,0.6736370200023671,-0.21497247563972335,0.21497247563957675,-6.819810367617076e-14,0.0810347839253503,-0.058594912698729996,-0.08192406465577982,9.890200876578256e-10,1.391779902689827e-09,0.1,0.0,1
8,1604,world,16.04,1.594,1.2465476918220522,1.9335794989396693,-0.4722216317033646,0.6735489069844631,0.673548906984414,-0.21524839116719252,0.21524839116720818,7.28076252374144e-15,0.08104228849026335,-0.058584532739119205,-0.08192291479726857,-3.438083536078437e-11,-4.830164586793009e-11,0.1,0.0,1
8,1605,world,16.05,1.5950000000000002,1.2465476918220522,1.9343899756467853,-0.4728074025664568,0.6734606822528018,0.6734606822524626,-0.21552426652188345,0.21552426652199197,5.0349796160239864e-14,0.08105370463409937,-0.05856873709657892,-0.08192165500261023,1.0335011781082508e-09,1.4493595446251153e-09,0.1,0.0,1
8,1606,world,16.06,1.596,1.2465476918220524,1.9352005860599555,-0.4733929883862524,0.6733723459331601,0.6733723459570845,-0.21580010129287994,0.21580010128521276,-3.5528698658350746e-12,0.08106902905260348,-0.05854752367494406,-0.08192028528196058,1.0036694820960658e-09,1.4050699676560957e-09,0.1,0.0,1
8,1607,world,16.07,1.5970000000000002,1.2465476918220522,1.9360113692406196,-0.4739783349715774,0.6732838981894692,0.6732838982123817,-0.2160758950576273,0.21607589505027405,-3.4030547261768834e-12,0.08108825729724423,-0.05852088967621664,-0.08158111382958316,-1.1161628416167284e-10,-1.5599814838349085e-10,0.1,0.0,1
8,1608,world,16.080000000000002,1.5980000000000003,1.246547691822052,1.9368223642000253,-0.47456338809975296,0.6731960697469722,0.6731960697683077,-0.21634937407894259,0.21634937407208582,-3.1692823145870087e-12,0.08111138367756623,-0.058488831736585783,-0.028943831974061862,4.417577476663581e-11,6.168884933523222e-11,0.1,0.0,1
8,1609,world,16.09,1.5990000000000002,1.2465476918220524,1.9376336024423007,-0.47514810384204126,0.6732213293438073,0.6732213293677392,-0.2162707601644481,0.21627076015676,-3.5548360872307063e-12,0.08113618265922719,-0.05845442552526303,0.023355004700911598,-1.5061008133227383e-09,-2.102225357363081e-09,0.1,0.0,1
8,1610,world,16.1,1.6000000000000003,1.2465476918220522,1.9384450862132305,-0.47573247878597824,0.6732465798104584,0.6732465797969744,-0.2161921432005845,0.21619214320491445,2.0028206674698143e-12,0.08116048957016386,-0.05842067213522391,0.02335503128961578,2.5631164091020487e-10,3.579407636189073e-10,0.1,0.0,1
8,1611,world,16.11,1.6010000000000002,1.2465476918220522,1.9392568105964305,-0.4763165194625269,0.6732718210834084,0.6732718211132702,-0.21611352321638144,0.2161135232067961,-4.435312706704194e-12,0.08118430527036252,-0.0583875721174343,0.023355055330538468,-5.5583316233165036e-11,-7.76607951679325e-11,0.1,0.0,1
8,1612,world,16.12,1.6020000000000003,1.2465476918220522,1.9400687706840953,-0.47690023240801677,0.6732970532439012,0.6732970532291301,-0.2160349001943918,0.21603490019913127,2.1938221909962195e-12,0.08120763062022193,-0.05835512598777928,0.023355076823660042,-1.2902845576040979e-09,-1.8036523827472409e-09,0.1,0.0,1
8,1613,world,16.13,1.603,1.246547691822052,1.9408809615768416,-0.4774836241640222,0.6733222762151234,0.6733222762151235,-0.21595627416790877,0.21595627416790877,0.0,0.0812304664435599,-0.05832333427850033,0.02335509576895885,1.3340995096691276e-10,1.8657575654198068e-10,0.1,0.0,1
8,1614,world,16.14,1.6040000000000003,1.2465476918220524,1.9416933783839097,-0.47806670127672296,0.6733474900368867,0.6733474900252033,-0.21587764513280008,0.21587764513654575,1.735099896240849e-12,0.08125281355703075,-0.058292197497318635,0.023355112166412142,-1.3931328439826992e-09,-1.9493629110492864e-09,0.1,0.0,1
8,1615,world,16.15,1.605,1.2465476918220522,1.9425060162219001,-0.47864947029832633,0.6733726946973004,0.6733726946650325,-0.2157990131015273,0.21579901311186833,4.791970143827294e-12,0.08127467276982225,-0.05826171612781686,0.023355126016025463,9.968137517218721e-10,1.3954844351482819e-09,0.1,0.0,1
8,1616,world,16.16,1.606,1.246547691822052,1.9433188702157018,-0.4792319377854362,0.6733978901566716,0.6733978901680842,-0.2157203780954565,0.21572037809180053,-1.6947635407769006e-12,0.08129604486344293,-0.05823189065762056,0.023355137317777518,1.078417920330908e-09,1.5104771737475386e-09,0.1,0.0,1
8,1617,world,16.17,1.6070000000000004,1.2465476918220522,1.9441319354979965,-0.47981411029939014,0.6734230764752109,0.6734230764679373,-0.21564174010394696,0.2156417401062761,1.0800998637634333e-12,0.08131693060653374,-0.058202721557777504,0.023355146071669445,-4.922257091150947e-10,-6.897774081340659e-10,0.1,0.0,1
8,1618,world,16.18,1.608,1.2465476918220522,1.9449452072090687,-0.4803959944061702,0.6734482536056536,0.6734482536056535,-0.21556309915079477,0.21556309915079477,0.0,0.0813373307567692,-0.05817420928009187,0.02335515227768846,3.5029757191434146e-10,4.911293638683673e-10,0.1,0.0,1
8,1619,world,16.19,1.6090000000000002,1.2465476918220522,1.9457586804967233,-0.4809775966761985,0.6734734215610934,0.6734734215619447,-0.21548445524046353,0.21548445524019116,-1.2640654461694164e-13,0.08135724604233088,-0.05814635428302997,0.023355155935851406,-2.0862478601149397e-10,-2.9262911804405396e-10,0.1,0.0,1
8,1620,world,16.2,1.61,1.2465476918220522,1.9465723505161439,-0.48155892368416336,0.6734985803384976,0.6734985803336566,-0.2154058083825856,0.2154058083841339,7.187797895879312e-13,0.08137667718527149,-0.0581191569990835,0.023355157046116095,2.378069984790635e-10,3.3373373812570423e-10,0.1,0.0,1
8,1621,world,16.21,1.6110000000000002,1.246547691822052,1.9473862124291865,-0.4821399820096637,0.6735237299230533,0.6735237299294248,-0.2153271585905625,0.21532715858852552,-9.45993415031245e-13,0.08139562489318158,-0.05809261784640524,0.02335515560849659,1.2394946293232606e-09,1.7403821597773516e-09,0.1,0.0,1
8,1622,world,16.22,1.612,1.2465476918220522,1.9482002614049223,-0.48272077823613074,0.6735488703169492,0.6735488703408906,-0.21524850587235872,0.21524850586470767,-3.5545118493602495e-12,0.08141408984695821,-0.05806673724596051,0.023355151623031745,-9.114792337157498e-10,-1.2804410426224596e-09,0.1,0.0,1
8,1623,world,16.23,1.6130000000000002,1.2465476918220524,1.949014492619194,-0.4833013189510749,0.6735740015484395,0.673574001533638,-0.2151698502276175,0.21516985023234578,2.1974639490471458e-12,0.08143207271952584,-0.05804151559532072,0.023355145089688435,-1.7521734222952468e-09,-2.462673837261646e-09,0.1,0.0,1
8,1624,world,16.240000000000002,1.6140000000000003,1.246547691822052,1.9498289012544536,-0.4838816107459803,0.6735991235679064,0.6735991235511319,-0.21509119168086716,0.2150911916862235,2.490258824218574e-12,0.0814495741612221,-0.05801695328915146,0.023355136008457802,6.367600948898847e-10,8.953921019426716e-10,0.1,0.0,1
8,1625,world,16.25,1.6150000000000002,1.246547691822052,1.950643482499606,-0.4844616602161773,0.6736242363812887,0.6736242363812885,-0.2150125302388814,0.2150125302388814,0.0,0.08146659480642325,-0.057993050709943275,0.023355124379382003,3.033129330850197e-11,4.2653381215080895e-11,0.1,0.0,1
8,1626,world,16.26,1.6160000000000003,1.2465476918220522,1.9514582315500295,-0.4850414739604584,0.673649340011314,0.6736493399952435,-0.2149338659030843,0.2149338659082117,2.385576932318608e-12,0.08148313527675109,-0.05796980822351136,0.02335511020245254,5.551115173591074e-15,1.7347234917472107e-14,0.1,0.0,1
8,1627,world,16.27,1.6170000000000002,1.246547691822052,1.9522731436067258,-0.4856210585819323,0.6736744344224251,0.6736744344224253,-0.21485519869350506,0.21485519869350506,0.0,0.0814991961700744,-0.05794722619445847,0.023355093477661085,6.90594809843349e-10,9.725560723025402e-10,0.1,0.0,1
8,1628,world,16.28,1.6180000000000003,1.2465476918220522,1.9530882138768841,-0.4862004206869052,0.6736995196356681,0.6736995196356682,-0.21477652861211338,0.21477652861211338,0.0,0.08151477807088338,-0.05792530497161522,0.02335507420505742,-1.0286077638785775e-09,-1.4492795984061045e-09,0.1,0.0,1
8,1629,world,16.29,1.619,1.2465476918220522,1.9539034375734388,-0.4867795668851197,0.6737245956519251,0.6737245956279783,-0.21469785566731964,0.21469785567495084,3.5543988332083285e-12,0.08152988154987845,-0.057904044888615426,0.02335505238461433,-2.775557586795412e-15,-2.775557586795412e-15,0.1,0.0,1
8,1630,world,16.3,1.6200000000000003,1.2465476918220522,1.9547188099149142,-0.48735850378966267,0.673749662432224,0.673749662432224,-0.21461917988023418,0.21461917988023418,0.0,0.08154450715148957,-0.057883446281477305,0.023355028016356257,1.1032397318297668e-09,1.5559817464938589e-09,0.1,0.0,1
8,1631,world,16.31,1.621,1.246547691822052,1.9555343261252354,-0.48793723801685257,0.67377472000856,0.6737747200103147,-0.21454050124935428,0.21454050124879556,-2.604309593894768e-13,0.08155865541281457,-0.057863509461955155,0.024090654063131697,1.770900110363728e-09,2.4988976407808597e-09,0.1,0.0,1
8,1632,world,16.32,1.622,1.2465476918220522,1.9563499814386338,-0.48851577617900604,0.6738013460244103,0.6738013460656843,-0.21445686296012922,0.21445686294699254,-6.125548069305053e-12,0.08157233896678098,-0.057844217649550646,0.030117846532419,-7.129352771562194e-10,-1.0066489460974674e-09,0.1,0.0,1
8,1633,world,16.330000000000002,1.6230000000000004,1.246547691822052,1.9571657749045361,-0.48909411951644943,0.6738393044362752,0.6738393044214059,-0.2143375650833112,0.2143375650880409,2.2066519843285997e-12,0.08158654589628905,-0.05782417771756655,0.03540944697935202,-2.7559677338852454e-09,-3.893823539481873e-09,0.1,0.0,1
8,1634,world,16.34,1.624,1.246547691822052,1.957981716188307,-0.48967225428928074,0.6738772418025685,0.6738772417795531,-0.21421826017990372,0.21421826018722004,3.4153594112908612e-12,0.0816019023337299,-0.05780250457823093,0.03540953623077891,7.905509745501438e-10,1.1177808912239666e-09,0.1,0.0,1
8,1635,world,16.35,1.6250000000000002,1.2465476918220524,1.9587978167786784,-0.49025016416079836,0.6739151581190552,0.6739151581226374,-0.21409894828139264,0.2140989482802546,-5.315555887571433e-13,0.08161840703492243,-0.057779197234659865,0.035409616602969485,7.997824791928033e-10,1.131685741008563e-09,0.1,0.0,1
8,1636,world,16.36,1.6260000000000001,1.2465476918220524,1.9596140881520394,-0.490827832783149,0.6739530534095262,0.6739530534051871,-0.21397962941038548,0.2139796294117631,6.438102928676216e-13,0.0816360586770244,-0.05775425459376502,0.035409688095782856,-6.56000267826549e-10,-9.289291752312262e-10,0.1,0.0,1
8,1637,world,16.37,1.6270000000000002,1.246547691822052,1.9604305417707406,-0.49140524379765693,0.6739909276456468,0.6739909276339,-0.21386030360607045,0.2138603036097978,1.7428829901909496e-12,0.08165485584647673,-0.057727675483177955,0.035409750709140174,3.506223162915644e-10,4.968761617181193e-10,0.1,0.0,1
8,1638,world,16.38,1.6280000000000001,1.2465476918220522,1.9612471890822867,-0.4919823808338905,0.6740287808053705,0.6740287808092289,-0.21374097090564242,0.2137409709044189,-5.724441351463185e-13,0.0816747970303208,-0.05769945866345632,0.03540980444294983,2.3827024185344077e-09,3.3791165017278723e-09,0.1,0.0,1
8,1639,world,16.39,1.6290000000000002,1.246547691822052,1.9620640415192991,-0.4925592275076366,0.6740666128771641,0.6740666129211571,-0.2136216313429697,0.21362163132902767,-6.5264947561523625e-12,0.08169588064188575,-0.057669602791650634,0.035409849297111926,3.5502435067623594e-10,5.038608524678134e-10,0.1,0.0,1
8,1640,world,16.4,1.6300000000000001,1.246547691822052,1.9628811104977177,-0.49313576742136767,0.6741044238985181,0.6741044239106869,-0.21350228493640733,0.2135022849325532,-1.8051927775205668e-12,0.08171810500066765,-0.057638106449638495,0.03540988527155149,-2.7162300754473507e-09,-3.85793072223707e-09,0.1,0.0,1
8,1641,world,16.41,1.6310000000000002,1.2465476918220522,1.9636984074158503,-0.4937119841634962,0.6741422138227027,0.6741422138030857,-0.21338293173102008,0.21338293173722933,2.9099100574851405e-12,0.08174146832966042,-0.05760496814781797,0.0354099123662452,-5.193540151002089e-10,-7.38203263955912e-10,0.1,0.0,1
8,1642,world,16.42,1.6320000000000003,1.2465476918220522,1.9645159436545043,-0.4942878613061256,0.6741799826133258,0.6741799826133258,-0.21326357176858807,0.21326357176858807,0.0,0.08176596877028168,-0.057570186303826765,0.035409930581138206,1.8605423146811046e-09,2.6465503952977043e-09,0.1,0.0,1
8,1643,world,16.43,1.6330000000000002,1.246547691822052,1.9653337305752199,-0.4948633824054531,0.6742177302832075,0.6742177303072115,-0.21314420507532827,0.21314420506773973,-3.5602768476266198e-12,0.08179160437019045,-0.057533759259675035,0.035409939916174304,5.671713217701619e-10,8.073916704071477e-10,0.1,0.0,1
8,1644,world,16.44,1.6340000000000003,1.246547691822052,1.9661517795189736,-0.49543853100153107,0.6742554568412265,0.6742554568545321,-0.2130248316787346,0.21302483167453085,-1.9733666117320716e-12,0.081818373081447,-0.057495685284246756,0.035409940371383584,-2.9744846097179727e-09,-4.237460471137212e-09,0.1,0.0,1
8,1645,world,16.45,1.635,1.246547691822052,1.9669701018065104,-0.49601329061570043,0.674293162283597,0.6742931622377845,-0.21290545161032892,0.21290545162479407,6.794164092507332e-12,0.0818462727676046,-0.057455962563087104,0.035409931946743134,-5.666023324581458e-10,-8.077975957090016e-10,0.1,0.0,1
8,1646,world,16.46,1.6360000000000003,1.246547691822052,1.9677887087368904,-0.4965876447505796,0.6743308465230218,0.6743308465230217,-0.21278606492800448,0.21278606492800448,0.0,0.08187530120003095,-0.05741458920347871,0.03540991464226199,1.6547846772274278e-09,2.360957312364231e-09,0.1,0.0,1
8,1647,world,16.47,1.637,1.246547691822052,1.9686076115853968,-0.4971615768909104,0.6743685096277376,0.6743685096208057,-0.21266667164055983,0.21266667164274583,1.0279173642466567e-12,0.08190545605391775,-0.05737156323998634,0.0354098884579873,1.6164847576351707e-11,2.3077373827880538e-11,0.1,0.0,1
8,1648,world,16.48,1.6380000000000001,1.246547691822052,1.9694268216042436,-0.4977350705004886,0.6744061515536723,0.6744061515540523,-0.21254727179226396,0.2125472717921442,-5.634131655168133e-14,0.08193673490523186,-0.05732688263868671,0.03540985339394386,2.4328595202771736e-10,3.47630959067043e-10,0.1,0.0,1
8,1649,world,16.490000000000002,1.6390000000000005,1.2465476918220517,1.9702463500218035,-0.4983081090211617,0.6744437723018412,0.6744437723006319,-0.21242786541317243,0.2124278654135533,1.792985650863785e-13,0.08196913524649449,-0.057280545274481245,0.03540980945016423,-1.614819423063101e-11,-2.3087088279544302e-11,0.1,0.0,1
8,1650,world,16.5,1.6400000000000001,1.2465476918220522,1.9710662080390766,-0.4988806758757291,0.6744813718558601,0.67448137185586,-0.21230845253884048,0.21230845253884048,0.0,0.08200265446214125,-0.0572325489661492,0.0354097566267581,8.788275846406286e-10,1.257663444135117e-09,0.1,0.0,1
8,1651,world,16.51,1.6410000000000002,1.246547691822052,1.97188640683134,-0.49945275446353066,0.6745189501974757,0.6745189502169644,-0.2121890332054198,0.21218903319928906,-2.8892775826111923e-12,0.0820372898426006,-0.05718289145610898,0.035409694923774236,6.241896019487204e-10,8.939342508743539e-10,0.1,0.0,1
8,1652,world,16.52,1.6420000000000001,1.246547691822052,1.97270695754698,-0.5000243281599728,0.6745565073374711,0.6745565073521802,-0.21206960743994147,0.21206960743531714,-2.1805582643415997e-12,0.08207303858478589,-0.05713157040954019,0.03540962434131326,-3.867295453644293e-10,-5.542726116224287e-10,0.1,0.0,1
8,1653,world,16.53,1.6430000000000002,1.2465476918220517,1.97352787130482,-0.5005953803182487,0.6745940432530221,0.6745940432633944,-0.21195017528002516,0.21195017527676624,-1.5375786925501182e-12,0.08210989778101227,-0.05707858343014232,0.03540954487948783,6.431411093749963e-10,9.224524115258157e-10,0.1,0.0,1
8,1654,world,16.54,1.6440000000000001,1.2465476918220522,1.9743491591941182,-0.5011658942672307,0.6746315579219793,0.6746315579518628,-0.21183073676308276,0.21183073675369948,-4.429599030005178e-12,0.08214786442339264,-0.057023928053720585,0.03540945653840063,5.782707766904757e-10,8.300416083611407e-10,0.1,0.0,1
8,1655,world,16.55,1.6450000000000002,1.2465476918220517,1.9751708322740122,-0.5017358533101605,0.6746690513585274,0.6746690513825511,-0.2117112919151284,0.21171129190758975,-3.560803823575786e-12,0.08218693540969776,-0.05696760173960433,0.0027881970057157435,-2.1358276261476764e-09,-3.0659259857099867e-09,0.1,0.0,1
8,1656,world,16.56,1.6460000000000001,1.246547691822052,1.975992897703642,-0.502305246312227,0.6746374639432152,0.674637463922683,-0.21181192661593334,0.2118119266223797,3.043414342334192e-12,0.08222561093664997,-0.0569117642152716,-0.03928108829388299,-1.871577940795654e-09,-2.686206881621517e-09,0.1,0.0,1
8,1657,world,16.57,1.6470000000000002,1.2465476918220517,1.9768153316764612,-0.5028741068653773,0.674585836832401,0.674585836812251,-0.211976292913571,0.21197629291990275,2.9869858292802477e-12,0.08226053889660354,-0.05686126748886608,-0.048729300167992776,6.890044363501585e-10,9.880756326702246e-10,0.1,0.0,1
8,1658,world,16.580000000000002,1.6480000000000004,1.2465476918220517,1.9776380956028208,-0.5034424900957656,0.6745341693718202,0.6745341693675417,-0.21214064757247517,0.21214064757382073,6.342665875302979e-13,0.08229160314866847,-0.05681630092871287,-0.04872956803173342,4.4777239245537676e-10,6.414605212181368e-10,0.1,0.0,1
8,1659,world,16.59,1.6490000000000002,1.2465476918220515,1.9784611508891436,-0.5040104513413838,0.6744824616067531,0.674482461597159,-0.21230499049886878,0.21230499050188867,1.4224018498015852e-12,0.08231881223109755,-0.05677687163679682,-0.04872981275511795,1.5349611079045075e-09,2.1966672406675816e-09,0.1,0.0,1
8,1660,world,16.6,1.6500000000000004,1.2465476918220517,1.9792844590222267,-0.5045780460065101,0.6744307135302378,0.674430713562107,-0.21246932161546042,0.21246932160542048,-4.725253569332709e-12,0.0823421736737815,-0.05674298577513179,-0.04873003433750492,9.224982254586063e-10,1.3188096970181535e-09,0.1,0.0,1
8,1661,world,16.61,1.651,1.246547691822052,1.9801079815592006,-0.5051453295522124,0.6743789252233732,0.6743789252354878,-0.21263364081727623,0.21263364081345643,-1.7963713176182827e-12,0.08236169401138106,-0.05671464854493624,-0.048730232778242476,-1.0791590271063002e-09,-1.5411707243059214e-09,0.1,0.0,1
8,1662,world,16.62,1.6520000000000004,1.246547691822052,1.9809316801174266,-0.5057123574869701,0.6743270966756647,0.6743270966821551,-0.2127979480282363,0.21279794802618815,-9.624413133702772e-13,0.08237737875843898,-0.056691864221320915,-0.0487304080767307,2.047917472275106e-10,2.9216144549765567e-10,0.1,0.0,1
8,1663,world,16.63,1.653,1.246547691822052,1.9817555163643152,-0.5062791853573697,0.6742752279134073,0.6742752279303316,-0.21296224316072884,0.2129622431553835,-2.509879196419591e-12,0.08238923240846244,-0.05667463615361254,-0.048730560232500504,1.0217382900007887e-10,1.4561338822595588e-10,0.1,0.0,1
8,1664,world,16.64,1.6540000000000001,1.2465476918220517,1.9825794520070974,-0.5068458687388753,0.6742233189812027,0.6742233189900907,-0.2131265261214047,0.21312652611859514,-1.3181941266739246e-12,0.08239725842921523,-0.056662966771508894,-0.04873068924512766,-4.007627721754547e-11,-5.7052975714748664e-11,0.1,0.0,1
8,1665,world,16.65,1.655,1.2465476918220517,1.9834034487825474,-0.5074124632266535,0.6741713698896674,0.674171369905649,-0.21329079682769594,0.21329079682263985,-2.3703884182294207e-12,0.08240145926313118,-0.05665685758411363,-0.04873079511422041,-3.7911342233849153e-10,-5.391826088066307e-10,0.1,0.0,1
8,1666,world,16.66,1.6560000000000001,1.246547691822052,1.9842274684466865,-0.5079790244264415,0.6741193806853992,0.6741193806853992,-0.21345505518570831,0.21345505518570831,0.0,0.08240183631660354,-0.056656309195461,-0.04873087783949867,-1.0489498574116362e-09,-1.4902954460797557e-09,0.1,0.0,1
8,1667,world,16.67,1.6570000000000003,1.246547691822052,1.9850514727644484,-0.5085456079454328,0.674067351380739,0.6740673513721492,-0.21361930111243208,0.2136193011151543,1.2742439563821939e-12,0.08239838996711557,-0.056661321294399325,-0.04873093742070947,7.461059843260888e-10,1.0589279872405914e-09,0.1,0.0,1
8,1668,world,16.68,1.6580000000000001,1.246547691822052,1.985875423499373,-0.5091122693831908,0.6740152819897145,0.6740152820071765,-0.21378353452438764,0.21378353451884902,-2.590581993256456e-12,0.08239111955369767,-0.056671892669014505,-0.04873097385768113,1.0176138113016388e-09,1.4427702659619292e-09,0.1,0.0,1
8,1669,world,16.69,1.6590000000000003,1.246547691822052,1.9866992824032705,-0.5096790643225364,0.6739631725715299,0.6739631725867397,-0.21394775532381838,0.21394775531899005,-2.2566096044916955e-12,0.08238002339262766,-0.05668802118463935,-0.04873098715032747,-1.7717356061828568e-09,-2.509378221279443e-09,0.1,0.0,1
8,1670,world,16.7,1.6600000000000001,1.246547691822052,1.9875230112059386,-0.5102460483204386,0.6739110231582932,0.67391102313435,-0.21411196342159208,0.21411196342919922,3.5526049496577634e-12,0.08236509877001141,-0.05670970379579024,-0.04873097729860408,-6.155215470013942e-10,-8.708770161081009e-10,0.1,0.0,1
8,1671,world,16.71,1.6610000000000003,1.2465476918220522,1.9883465716048845,-0.5108132768988541,0.673858833727477,0.6738588337283118,-0.2142761587459953,0.21427615874572986,-1.2385529355095545e-13,0.082346341938324,-0.05673693655262525,-0.04873094430252764,2.051969786477156e-09,2.9002801309377703e-09,0.1,0.0,1
8,1672,world,16.72,1.6620000000000001,1.246547691822052,1.9891699252551103,-0.5113808055355282,0.6738066043398503,0.6738066043637885,-0.21444034119890892,0.21444034119129052,-3.5524240785220343e-12,0.08232374814698007,-0.0567697145583153,-0.04873088816218968,-3.5799142845908205e-11,-5.0546374643552943e-11,0.1,0.0,1
8,1673,world,16.73,1.6630000000000003,1.246547691822052,1.989993033758947,-0.5119486896547298,0.6737543350461415,0.6737543350461415,-0.2146045106854275,0.2146045106854275,0.0,0.08229731161521728,-0.05680803201051611,-0.04873080887778469,-2.5882630397471176e-10,-3.650691005211023e-10,0.1,0.0,1
8,1674,world,16.740000000000002,1.6640000000000004,1.2465476918220517,1.9908158586559632,-0.5125169846179106,0.6737020258300311,0.6737020258479358,-0.2147686671320459,0.21476866712633808,-2.65745097040561e-12,0.0822670255652256,-0.05685188215574325,-0.04873070644951763,-8.218981376591108e-10,-1.1580813156043698e-09,0.1,0.0,1
8,1675,world,16.75,1.6650000000000003,1.2465476918220517,1.9916383614129411,-0.5130857457142632,0.6736496767681127,0.6736496767489798,-0.21493281043571275,0.21493281044181722,2.8399468730290427e-12,0.08223288222509621,-0.05690125728798493,-0.0487305808776387,-1.515707064339828e-09,-2.133493466400699e-09,0.1,0.0,1
8,1676,world,16.76,1.6660000000000004,1.246547691822052,1.9924605034139715,-0.5136550281511866,0.6735972878417866,0.6735972878244312,-0.21509694052377357,0.2150969405293156,2.576333924425192e-12,0.08219487282873672,-0.056956148752068884,-0.04873043216257508,6.965234220834365e-10,9.794047905067666e-10,0.1,0.0,1
8,1677,world,16.77,1.667,1.246547691822052,1.9932822459506299,-0.5142248870446138,0.6735448590924981,0.6735448590895577,-0.21526105730448578,0.2152610573054255,4.3651298168270606e-13,0.08215298763844776,-0.05701654691470758,-0.048730260304740716,8.052392405147003e-10,1.1311112217104202e-09,0.1,0.0,1
8,1678,world,16.78,1.6680000000000004,1.2465476918220517,1.9941035502121705,-0.5147953774094135,0.673492390560063,0.6734923905614126,-0.21542516068666526,0.21542516068623357,-2.0036905847551686e-13,0.08210721595204909,-0.05708244115841207,-0.048730065304565424,1.1572798733255436e-09,1.6239440990717416e-09,0.1,0.0,1
8,1679,world,16.79,1.669,1.2465476918220517,1.994924377275942,-0.5153665541494471,0.6734398822587918,0.6734398822827103,-0.21558925058733266,0.21558925057967562,-3.551466681705131e-12,0.08205754612121972,-0.057153819859777515,-0.048729847162662605,-8.282902469753131e-10,-1.161084469003348e-09,0.1,0.0,1
8,1680,world,16.8,1.6700000000000002,1.246547691822052,1.9957446880986514,-0.515938472046524,0.6733873342585868,0.6733873342407278,-0.2157533269057647,0.21575332691148677,2.6519698544120105e-12,0.08200396556242048,-0.05723067037906646,-0.04872960587963774,-2.0639157866904393e-09,-2.8902027749159964e-09,0.1,0.0,1
8,1681,world,16.81,1.671,1.246547691822052,1.9965644435063314,-0.5165111857512341,0.6733347465380799,0.673334746514168,-0.21591738957051332,0.21591738957818113,3.551084791436346e-12,0.08194646077841004,-0.05731297903522819,-0.048729341456159314,1.2387924510180883e-09,1.7329464938307786e-09,0.1,0.0,1
8,1682,world,16.82,1.6720000000000002,1.246547691822052,1.9973836041855273,-0.5170847497720925,0.6732821191234817,0.6732821191343099,-0.21608143849496728,0.2160814384914921,-1.6081879025323036e-12,0.08188501736975033,-0.05740073109600338,-0.05677633589293864,1.7727043008891185e-09,2.4768737004305155e-09,0.1,0.0,1
8,1683,world,16.830000000000002,1.6730000000000003,1.246547691822052,1.9982021306751474,-0.5176592184638342,0.6732120480153165,0.6732120480324194,-0.21629964955287806,0.21629964954738298,-2.5403830426984847e-12,0.08181962298168476,-0.05749390659135076,-0.16278762618470166,-4.690250261343601e-10,-6.531972294739985e-10,0.1,0.0,1
8,1684,world,16.84,1.6740000000000002,1.246547691822052,1.9990199854549648,-0.5182346430375641,0.6729294733476474,0.6729294733476473,-0.21717717168261033,0.21717717168261033,0.0,0.08175083866738186,-0.05759166933836616,-0.2607517840429287,2.139929549338626e-10,2.970002612118891e-10,0.1,0.0,1
8,1685,world,16.85,1.6750000000000003,1.246547691822052,1.9998371375378337,-0.5188110650568507,0.6726457548235948,0.6726457548456078,-0.2180543246637074,0.21805432465657132,-3.2723796337734104e-12,0.08167908096458139,-0.05769339418669489,-0.2607517840429315,-9.889322798341774e-10,-1.3650152044846722e-09,0.1,0.0,1
8,1686,world,16.86,1.6760000000000002,1.246547691822052,2.0006535571102817,-0.5193885240961741,0.6723608929783242,0.6723608929556576,-0.21893110698805404,0.21893110699543467,3.370908567729597e-12,0.08160433390615743,-0.05779907168573183,-0.2607517840429842,-1.3711075602361068e-09,-1.8821784920816487e-09,0.1,0.0,1
8,1687,world,16.87,1.6770000000000003,1.2465476918220522,2.0014692141955743,-0.5199670596341381,0.6720748882336736,0.6720748882243677,-0.2198075171855605,0.21980751718860406,1.3844961945957983e-12,0.0815265807965663,-0.0579086921249388,-0.2607517840429842,3.1619465127979043e-10,4.316794872783043e-10,0.1,0.0,1
8,1688,world,16.88,1.6780000000000002,1.246547691822052,2.0022840786475364,-0.5205467110492996,0.6717877411145667,0.6717877410991088,-0.2206835537539029,0.22068355375898083,2.3007247215300236e-12,0.08144580425183046,-0.058022245473374416,-0.26075178404294264,4.105553886289977e-10,5.574658168401204e-10,0.1,0.0,1
8,1689,world,16.89,1.6790000000000003,1.246547691822052,2.0030981201420253,-0.5211275176192458,0.6714994520885311,0.6714994520885312,-0.22155921521074767,0.22155921521074767,0.0,0.08136198618785033,-0.058139721392246574,-0.2607517840429549,-4.712097167548324e-10,-6.363333743240196e-10,0.1,0.0,1
8,1690,world,16.9,1.68,1.246547691822052,2.0039113081705873,-0.5217095185165855,0.671210021677168,0.671210021651094,-0.22243450005724133,0.22243450006588203,3.883976436297045e-12,0.08127510782977751,-0.05826110921753928,-0.2607517840429842,-8.12814626305359e-10,-1.0916745166277553e-09,0.1,0.0,1
8,1691,world,16.91,1.6810000000000003,1.2465476918220522,2.0047236120336507,-0.5222927528055314,0.6709194503347383,0.6709194503164755,-0.2233094068180472,0.22330940682412587,2.7215737258804944e-12,0.08118514973173752,-0.058386397928244904,-0.26075178404293464,9.988132759501771e-11,1.334343870893841e-10,0.1,0.0,1
8,1692,world,16.92,1.6820000000000004,1.2465476918220524,2.005535000833133,-0.5228772594392399,0.6706277385787767,0.6706277385549608,-0.22418393399818543,0.22418393400614683,3.550561340437787e-12,0.08109209176980096,-0.05851557615198009,-0.2607517840429576,1.3086657710152879e-09,1.7386480029214292e-09,0.1,0.0,1
8,1693,world,16.93,1.683,1.2465476918220522,2.0063454434667376,-0.5234630772547858,0.6703348868783005,0.670334886889228,-0.22505808012012526,0.22505808011645645,-1.6298105877109777e-12,0.08099591318955847,-0.05864863209478555,-0.260751784042987,1.0715246397865366e-09,1.4158835994484415e-09,0.1,0.0,1
8,1694,world,16.94,1.6840000000000004,1.246547691822052,2.007154908622897,-0.5240502449672217,0.6700408957740788,0.6700408957740788,-0.22593184368359887,0.22593184368359887,0.0,0.08089659259162336,-0.058785553557527286,-0.2607517840429315,2.268493521277776e-10,2.9813685332132516e-10,0.1,0.0,1
8,1695,world,16.95,1.685,1.2465476918220517,2.007963364771819,-0.5246388011689442,0.6697457657295669,0.669745765745503,-0.22680522321557528,0.22680522321017862,-2.378804372703496e-12,0.080794107942041,-0.05892632791757712,-0.2607517840429576,2.7755607068040617e-15,-2.0816705301030462e-15,0.1,0.0,1
8,1696,world,16.96,1.6860000000000002,1.246547691822052,2.0087707801603676,-0.5252287843237871,0.6694494972757906,0.6694494972757906,-0.22767821722156745,0.22767821722156745,0.0,0.08068843661252019,-0.05907094206991549,-0.260751784042987,-5.715212562593745e-10,-7.430314790148989e-10,0.1,0.0,1
8,1697,world,16.97,1.687,1.2465476918220517,2.0095771228052244,-0.5258202327633569,0.669152090890751,0.6691520908941276,-0.22855082422634185,0.22855082422518858,-5.044539114228031e-13,0.08057955534920733,-0.059219382466588026,-0.2607517840429315,-5.5511214136075066e-15,-3.469450883504692e-15,0.1,0.0,1
8,1698,world,16.98,1.6880000000000002,1.2465476918220522,2.0103823604878377,-0.526413184680943,0.6688535470930086,0.6688535470930085,-0.22942304274222458,0.22942304274222458,0.0,0.08046744033520804,-0.059371635028014305,-0.26075178404296356,-8.16889149422856e-10,-1.0506760155372636e-09,0.1,0.0,1
8,1699,world,16.990000000000002,1.6890000000000003,1.246547691822052,2.0111864607506655,-0.5270076781236804,0.6685538663921698,0.6685538663777483,-0.23029487128587625,0.230294871290844,2.156406771430915e-12,0.0803520671948996,-0.05952768513478699,-0.2607517840429898,5.551121413607509e-15,1.5265583887420648e-14,0.1,0.0,1
8,1700,world,17.0,1.6900000000000002,1.246547691822052,2.0119893908881643,-0.5276037509917716,0.6682530492776844,0.6682530492776845,-0.23116630838224816,0.23116630838224816,0.0,0.0802334109860266,-0.059687517635996126,-0.2607517840429315,1.7638549513702514e-09,2.244404429903426e-09,0.1,0.0,1
8,1701,world,17.01,1.6910000000000003,1.246547691822052,2.0127911179427325,-0.5282014410309761,0.6679510962706469,0.6679510962943724,-0.23203735254675253,0.23203735253851066,-3.5506756498061092e-12,0.08011144623553246,-0.059851116798698034,-0.26075178404293425,1.0766205692442284e-09,1.362594221658163e-09,0.1,0.0,1
8,1702,world,17.02,1.6920000000000002,1.2465476918220517,2.0135916086991963,-0.5288007858270656,0.6676480079010961,0.6676480079242849,-0.23290800229296552,0.23290800228487618,-3.4718715989802292e-12,0.07998614695821975,-0.060018466281454366,-0.2607517840429981,-1.7750321343365498e-09,-2.2345192704461445e-09,0.1,0.0,1
8,1703,world,17.03,1.6930000000000003,1.246547691822052,2.0143908296786193,-0.5294018228011277,0.6673437846906047,0.6673437846762204,-0.23377825613867756,0.2337782561437166,2.154639643977462e-12,0.07985748667881343,-0.06018954910400259,-0.26075178404298976,-1.083712126850112e-09,-1.3569730173367087e-09,0.1,0.0,1
8,1704,world,17.04,1.6940000000000002,1.246547691822052,2.015188747138448,-0.5300045891964753,0.6670384271117907,0.6670384271117907,-0.23464811262021318,0.23464811262021318,0.0,0.07972543843889067,-0.060364347637712916,-0.26075178404292315,1.1492292373342147e-09,1.4313191864291538e-09,0.1,0.0,1
8,1705,world,17.05,1.6950000000000003,1.2465476918220524,2.0159853270623342,-0.5306091220793071,0.666731935711815,0.6667319357219207,-0.23551757024918374,0.23551757024561393,-1.5150877250398586e-12,0.07958997481484682,-0.06054284358181446,-0.26075178404296045,-7.554382353743955e-10,-9.358635591201936e-10,0.1,0.0,1
8,1706,world,17.06,1.696,1.2465476918220522,2.016780535157583,-0.5312154583291607,0.6664243110276291,0.6664243110115987,-0.2363866275420181,0.23638662754770423,2.40440229499525e-12,0.07945106796820288,-0.06072501789799661,-0.26075178404299254,-1.198115188063149e-09,-1.4763790267237595e-09,0.1,0.0,1
8,1707,world,17.07,1.6970000000000003,1.2465476918220522,2.0175743368509256,-0.5318236346316619,0.6661155535505424,0.6661155535353083,-0.2372552830326752,0.23725528303810123,2.2860130558639524e-12,0.07930868963477444,-0.060910850826556534,-0.26075178404293464,1.836827217912421e-09,2.2514113329072517e-09,0.1,0.0,1
8,1708,world,17.080000000000002,1.6980000000000004,1.246547691822052,2.0183666972845153,-0.5324336874709961,0.6658056638002862,0.6658056638229626,-0.23812353524650487,0.23812353523839475,-3.404358837977918e-12,0.07916281116027776,-0.0611003218420509,-0.2607517840429576,2.683006859474973e-09,3.271131519882513e-09,0.1,0.0,1
8,1709,world,17.09,1.699,1.2465476918220522,2.019157581310863,-0.533045653123753,0.6654946423319124,0.6654946423730025,-0.23899138269758058,0.23899138268282433,-6.171638954049142e-12,0.07901340353061814,-0.06129340961724761,-0.260751784042987,-1.9782586892887214e-09,-2.3991141837006675e-09,0.1,0.0,1
8,1710,world,17.1,1.7000000000000004,1.246547691822052,2.0199469534926253,-0.5336595676465491,0.6651824897034512,0.6651824896847381,-0.23985882390011676,0.23985882390686455,2.811975353172367e-12,0.07886043739241279,-0.06149009200088536,-0.2607517840429287,-1.6059283227138247e-09,-1.9372574126376393e-09,0.1,0.0,1
8,1711,world,17.11,1.701,1.246547691822052,2.020734778097208,-0.5342754668704358,0.664869206363334,0.6648692063709248,-0.24072585740922206,0.24072585740647368,-1.1411899374467746e-12,0.07870388307852542,-0.0616903459899667,-0.2607517840429632,1.5521546095803811e-09,1.862481031635846e-09,0.1,0.0,1
8,1712,world,17.12,1.7020000000000002,1.2465476918220522,2.021521019093291,-0.5348933863928224,0.664554792897312,0.6645547929108404,-0.24159248173196238,0.24159248172704426,-2.0347922892578834e-12,0.07854371063844684,-0.06189414769704754,-0.2607517840429953,-9.07516757621503e-10,-1.0832000358997068e-09,0.1,0.0,1
8,1713,world,17.13,1.703,1.246547691822052,2.022305640148724,-0.5355133615677431,0.6642392498449661,0.6642392498337767,-0.24245869539333686,0.2424586953974212,1.6837855425871124e-12,0.0783798898609698,-0.062101472328619116,-0.2607517840429287,-1.363521952824412e-09,-1.618897824006542e-09,0.1,0.0,1
8,1714,world,17.14,1.7040000000000002,1.2465476918220522,2.0230886046280996,-0.5361354274965954,0.6639225777166656,0.663922577702076,-0.24332449693042296,0.24332449693577002,2.196515283547231e-12,0.0782123903076648,-0.06231229415100603,-0.26075178404295807,1.487336940394056e-09,1.7565767373066407e-09,0.1,0.0,1
8,1715,world,17.150000000000002,1.7050000000000003,1.2465476918220517,2.023869875590639,-0.5367596190185919,0.6636047770426649,0.6636047770620342,-0.24418988487454174,0.24418988486741425,-2.917533770639932e-12,0.07804118134734128,-0.06252658645657375,-0.26075178404298976,4.674960165290767e-10,5.492189320900296e-10,0.1,0.0,1
8,1716,world,17.16,1.7060000000000002,1.246547691822052,2.0246494157883888,-0.5373859707009162,0.6632858484110052,0.6632858484059974,-0.24505485773712227,0.24505485773897245,7.546820520767144e-13,0.07786623218421931,-0.06274432153934927,-0.2607517840429259,-2.9493746449459248e-09,-3.44667671401519e-09,0.1,0.0,1
8,1717,world,17.17,1.7070000000000003,1.2465476918220522,2.0254271876647434,-0.5380145168285855,0.6629657923403358,0.6629657922995379,-0.24591941405646864,0.24591941407160214,6.151212342855644e-12,0.07768751188645884,-0.06296547067156187,-0.26075178404293425,2.461894591327861e-10,2.8618667669818163e-10,0.1,0.0,1
8,1718,world,17.18,1.7080000000000002,1.246547691822052,2.0262031533533142,-0.5386452913940244,0.6626446093306831,0.6626446093306831,-0.24678355237938035,0.24678355237938035,0.0,0.07750498942531062,-0.06319000406854308,-0.26075178404298976,2.0312524698637253e-09,2.3488397587281545e-09,0.1,0.0,1
8,1719,world,17.19,1.7090000000000003,1.246547691822052,2.026977274676849,-0.5392783280867012,0.6623222999864948,0.662322299986871,-0.24764727121530175,0.2476472712151611,-5.676143595470037e-14,0.07731863372980316,-0.0634178908365498,-0.2607517840429842,-1.0603724368665994e-09,-1.2197159892638495e-09,0.1,0.0,1
8,1720,world,17.2,1.7100000000000002,1.2465476918220522,2.027749513146578,-0.5399136602823758,0.661998864846493,0.6619988648250945,-0.24851056909943342,0.2485105691074663,3.2311258628441037e-12,0.07712841367930502,-0.0636490989984461,-0.2607517840429315,9.561640101296523e-10,1.0940802338703775e-09,0.1,0.0,1
8,1721,world,17.21,1.7110000000000003,1.246547691822052,2.028519829964534,-0.5405513210289536,0.6616743044179841,0.6616743044375883,-0.2493734445803076,0.24937344457291916,-2.9616664969091135e-12,0.07693429818016231,-0.06388359541796217,-0.2607517840429687,1.817104083530483e-10,2.0683200831033185e-10,0.1,0.0,1
8,1722,world,17.22,1.712,1.246547691822052,2.029288186020995,-0.5411913430384221,0.661348619323212,0.6613486193054762,-0.250235896164662,0.2502358961713728,2.680773443140605e-12,0.07673625619513547,-0.06412134578402527,-0.2607517840429815,-1.7693311326447754e-09,-2.003356696979994e-09,0.1,0.0,1
8,1723,world,17.23,1.7130000000000003,1.2465476918220522,2.0300545418962943,-0.5418337586737081,0.6610218100569379,0.661021810041187,-0.25109792240868656,0.2510979224146697,2.3819452595569916e-12,0.07653425678116998,-0.0643623145866736,-0.26075178404292076,8.902527700249859e-10,1.0027073876218217e-09,0.1,0.0,1
8,1724,world,17.240000000000002,1.7140000000000004,1.2465476918220522,2.0308188578619824,-0.5424785999365316,0.6606938771874479,0.6606938771874479,-0.25195952184233394,0.25195952184233394,0.0,0.07632826912744788,-0.06460646509450807,-0.26075178404296045,1.7728616458640266e-10,1.9863161420207927e-10,0.1,0.0,1
8,1725,world,17.25,1.715,1.2465476918220522,2.031581093882409,-0.5431258984549879,0.6603648212930257,0.6603648212808066,-0.2528206929931105,0.2528206929977885,1.8497243394880313e-12,0.0761182626077484,-0.06485375931723507,-0.2607517840429842,4.358268688644459e-10,4.857730837833794e-10,0.1,0.0,1
8,1726,world,17.26,1.7160000000000004,1.2465476918220522,2.032341209616776,-0.543775685470878,0.6600346429024846,0.6600346429110997,-0.25368143440887314,0.253681434405562,-1.3048301000829065e-12,0.07590420682079918,-0.0651041579847658,-0.26075178404293703,1.5216234418053672e-09,1.687088493341473e-09,0.1,0.0,1
8,1727,world,17.27,1.717,1.2465476918220522,2.0330991644216136,-0.5444279918267568,0.6597033425994246,0.6597033426171937,-0.254541744617988,0.25454174461113194,-2.692708472386356e-12,0.07568607163515689,-0.06535762052307215,-0.2607517840429632,-1.5124668670337896e-09,-1.6681716593444372e-09,0.1,0.0,1
8,1728,world,17.28,1.7180000000000002,1.246547691822052,2.0338549173537515,-0.5450828479527476,0.6593709209651508,0.6593709209440626,-0.2554016221510498,0.25540162215921813,3.197362388706079e-12,0.07546382724142227,-0.06561410502381919,-0.260751784042987,-2.0294816621327837e-09,-2.226713005958259e-09,0.1,0.0,1
8,1729,world,17.29,1.719,1.2465476918220522,2.0346084271723774,-0.5457402838546752,0.6590373785217113,0.6590373784997513,-0.2562610655630603,0.2562610655715992,3.3312882602209004e-12,0.07523744419397732,-0.06587356822852508,-0.26075178404293703,7.858722585244148e-10,8.577370763449775e-10,0.1,0.0,1
8,1730,world,17.3,1.7200000000000002,1.2465476918220522,2.035359652344302,-0.5464003290988393,0.6587027158465042,0.6587027158407629,-0.25712007338915627,0.2571200733913973,8.713969401785047e-13,0.0750068934571716,-0.06613596550973237,-0.26075178404293425,2.331534831611409e-09,2.5314723471260173e-09,0.1,0.0,1
8,1731,world,17.31,1.721,1.2465476918220522,2.0361085510519836,-0.5470630127940665,0.6583669335104799,0.6583669335338586,-0.2579786441684252,0.25797864415926436,-3.55024241074867e-12,0.07477214648548708,-0.06640125081617712,-0.26075178404298144,2.9607461171616997e-10,3.1977928793262744e-10,0.1,0.0,1
8,1732,world,17.32,1.7220000000000002,1.246547691822052,2.036855081192798,-0.5477283635841332,0.6580300321170964,0.6580300321170963,-0.2588367764286465,0.2588367764286465,0.0,0.07453317523384863,-0.06666937669995432,-0.2607517840429553,-1.1625880110159321e-09,-1.2491410960968908e-09,0.1,0.0,1
8,1733,world,17.330000000000002,1.7230000000000003,1.2465476918220522,2.0375992003867114,-0.5483964096309168,0.6576920122006218,0.6576920122015302,-0.2596944687262185,0.25969446872585983,-1.380897181681057e-13,0.0742899522374075,-0.06694029426708337,-0.26075178404293425,-1.5351293202046748e-09,-1.6408296108215288e-09,0.1,0.0,1
8,1734,world,17.34,1.7240000000000002,1.2465476918220522,2.0383408659758477,-0.5490671786070387,0.6573528743634405,0.6573528743338991,-0.26055171959227424,0.2605517196039833,4.493252640027398e-12,0.07404245066250327,-0.06721395316369043,-0.260751784042987,-7.89233462540354e-10,-8.391866163610548e-10,0.1,0.0,1
8,1735,world,17.35,1.7250000000000003,1.2465476918220522,2.0390800350484217,-0.5497406976619551,0.657012619143455,0.6570126191292247,-0.26140852758494093,0.26140852759060274,2.1655995992109987e-12,0.07379064435244985,-0.06749030157030166,-0.28969558030183673,3.662686392480279e-10,3.871935969729099e-10,0.1,0.0,1
8,1736,world,17.36,1.7260000000000002,1.2465476918220522,2.0398166681080814,-0.5504169894272763,0.6565953102328851,0.6565953102103769,-0.2624549458337542,0.26245494584275114,3.427571087635075e-12,0.07353579991960277,-0.06776788420914549,-0.32358066657881046,1.3498697956696826e-09,1.4185941086017182e-09,0.1,0.0,1
8,1737,world,17.37,1.7270000000000003,1.2465476918220522,2.040550748362842,-0.5510960512787755,0.6561633135464626,0.6561633135579487,-0.2635331211620384,0.2635331211574253,-1.7502814867484682e-12,0.07328011822962406,-0.0680442817013474,-0.32852195659703387,1.2113332143961827e-09,1.264789161408435e-09,0.1,0.0,1
8,1738,world,17.38,1.728,1.2465476918220522,2.0412822678045512,-0.5517778709962772,0.6557295464448007,0.6557295464452897,-0.26461058542512517,0.2646105854249279,-7.455387060834225e-14,0.07302363604900867,-0.06831945973280178,-0.32852195659706673,-1.5036637892900394e-09,-1.5597218261968307e-09,0.1,0.0,1
8,1739,world,17.39,1.7290000000000003,1.2465476918220524,2.042011218412368,-0.5524624364308823,0.655294010078987,0.6552940100620639,-0.26568733572352876,0.26568733573039016,2.582232850895716e-12,0.07276635242269551,-0.06859342501359789,-0.32852195659699657,2.0225829644192457e-09,2.0842365354352515e-09,0.1,0.0,1
8,1740,world,17.400000000000002,1.7300000000000004,1.246547691822052,2.0427375921764765,-0.5531497354776953,0.6548567055845332,0.6548567056230593,-0.2667633691681254,0.2667633691524313,-5.8825651402391614e-12,0.0725082662871408,-0.06886618415472924,-0.32852195659702277,-1.087942805487504e-09,-1.113755537241389e-09,0.1,0.0,1
8,1741,world,17.41,1.731,1.2465476918220522,2.0434613810602236,-0.5538397561141157,0.6544176342434168,0.6544176342061385,-0.2678386828140379,0.267838682829295,5.695870573996451e-12,0.07224937644271467,-0.06913774369791731,-0.328521956597064,-7.527159113185264e-10,-7.655223569435169e-10,0.1,0.0,1
8,1742,world,17.42,1.7320000000000004,1.2465476918220522,2.0441825770204574,-0.5545324863760259,0.6539767971059408,0.653976797130373,-0.2689132738147725,0.26891327380472607,-3.735623093452876e-12,0.07198968154335655,-0.06940811012616686,-0.3285219565970056,3.250428000450564e-09,3.2841219420770422e-09,0.1,0.0,1
8,1743,world,17.43,1.733,1.246547691822052,2.0449011720029433,-0.5552279143606589,0.6535341954618027,0.6535341954849702,-0.2699871392298856,0.26998713922031464,-3.5446822727677533e-12,0.0717291801452649,-0.069677289813024,-0.32852195659702266,-1.31838666211095e-09,-1.323338265707609e-09,0.1,0.0,1
8,1744,world,17.44,1.7340000000000002,1.246547691822052,2.0456171579319746,-0.5559260282352342,0.6530898304846785,0.6530898304846784,-0.27106027617025336,0.27106027617025336,0.0,0.0714678706590809,-0.06994528907265223,-0.3285219565970612,-1.2551066114380345e-09,-1.2515636058376227e-09,0.1,0.0,1
8,1745,world,17.45,1.735,1.246547691822052,2.046330526715878,-0.5566268162290577,0.6526437033510041,0.652643703351004,-0.27213268174970584,0.27213268174970584,0.0,0.07120575136869252,-0.07021211414008231,-0.32852195659700295,1.259672411839662e-09,1.2478887610158872e-09,0.1,0.0,1
8,1746,world,17.46,1.7360000000000002,1.246547691822052,2.04704127025166,-0.5573302666268165,0.652195815264524,0.6521958152876525,-0.2732043530747736,0.2732043530650851,-3.5460240159781912e-12,0.07094282045812221,-0.07047777114414615,-0.32852195659699457,8.357413140017386e-10,8.225074317434042e-10,0.1,0.0,1
8,1747,world,17.47,1.737,1.2465476918220522,2.0477493804129328,-0.5580363677787945,0.6517461674607653,0.6517461674760499,-0.2742752872425925,0.2742752872361603,-2.3450183657663738e-12,0.070679075965827,-0.07074226615409529,-0.32852195659706673,-3.8012800227660705e-09,-3.716553200237145e-09,0.1,0.0,1
8,1748,world,17.48,1.7380000000000002,1.2465476918220522,2.0484548490532943,-0.558745108095335,0.6512947611642625,0.6512947611181102,-0.27534548135873327,0.2753454813782448,7.085832754033988e-12,0.07041451583126226,-0.07100560513261553,-0.3285219565970331,-8.411231297942022e-10,-8.169882256043251e-10,0.1,0.0,1
8,1749,world,17.490000000000002,1.7390000000000003,1.246547691822052,2.049157668005124,-0.5594564760459813,0.6508415975123945,0.6508415975123945,-0.2764149325697046,0.2764149325697046,0.0,0.0701491378580729,-0.07126779397293762,-0.328521956596989,2.549659517896087e-09,2.4602725258386927e-09,0.1,0.0,1
8,1750,world,17.5,1.7400000000000002,1.246547691822052,2.049857829078394,-0.5601704601586182,0.6503866778047424,0.6503866778047424,-0.27748363795746633,0.27748363795746633,0.0,0.06988293973964954,-0.07152883847333545,-0.3285219565970723,1.307062366889746e-09,1.252966652708761e-09,0.1,0.0,1
8,1751,world,17.51,1.7410000000000003,1.2465476918220522,2.0505553240589176,-0.5608870490191661,0.6499300032339111,0.6499300032574467,-0.2785515946532735,0.2785515946431865,-3.621086279650203e-12,0.06961591904809479,-0.07178874434818534,-0.32852195659706673,-5.955802128761306e-11,-5.67241719197944e-11,0.1,0.0,1
8,1752,world,17.52,1.7420000000000002,1.246547691822052,2.051250144708883,-0.561606231269026,0.6494715750679226,0.6494715750668543,-0.2796187997602397,0.2796187997606996,1.6448006919845976e-13,0.0693480732636691,-0.0720475171995315,-0.32852195659698075,-1.3152613786747963e-09,-1.2443457554154752e-09,0.1,0.0,1
8,1753,world,17.53,1.7430000000000003,1.246547691822052,2.0519422827647475,-0.562327995605158,0.6490113945067861,0.6490113945067862,-0.2806852504146891,0.2806852504146891,0.0,0.06907939972588871,-0.07230516256472207,-0.32852195659703387,-1.2303097355791193e-09,-1.1563382179476366e-09,0.1,0.0,1
8,1754,world,17.54,1.744,1.246547691822052,2.0526317299352304,-0.563052330779976,0.6485494628169995,0.6485494627940322,-0.28175094372843823,0.281750943738416,3.5412387728124385e-12,0.06880989566566724,-0.07256168588504536,-0.328521956597064,-1.2420059561823008e-09,-1.1596841586065733e-09,0.1,0.0,1
8,1755,world,17.55,1.7450000000000003,1.246547691822052,2.053318477900381,-0.5637792256002544,0.6480857812209583,0.6480857811989332,-0.2828158768364606,0.282815876846072,3.398379486612011e-12,0.06853955821561776,-0.07281709249625355,-0.32852195659699457,-1.2978308458345402e-09,-1.2038475221874221e-09,0.1,0.0,1
8,1756,world,17.56,1.746,1.2465476918220522,2.0540025183108805,-0.5645086689257659,0.647620350994098,0.6476203509482352,-0.2838800468547869,0.28388004687489055,7.08157637356713e-12,0.06826838438979267,-0.07307138764802208,-0.32852195659703104,2.551471960244251e-09,2.3511540595838868e-09,0.1,0.0,1
8,1757,world,17.57,1.747,1.246547691822052,2.054683842788377,-0.565240649667018,0.647153173333529,0.6471531733564424,-0.2849434509378829,0.28494345092779405,-3.5405834229860267e-12,0.06799637109943311,-0.0733245764891157,-0.328521956597066,1.0553521499759573e-09,9.6609977270246e-10,0.1,0.0,1
8,1758,world,17.580000000000002,1.7480000000000004,1.246547691822052,2.0553624429224535,-0.5659751567861329,0.646684249605572,0.6466842495782807,-0.2860060861699887,0.2860060861820587,4.220109629155927e-12,0.06772351514887634,-0.07357666407142904,-0.3285219565970001,-1.3097324580668681e-09,-1.191078546656913e-09,0.1,0.0,1
8,1759,world,17.59,1.749,1.246547691822052,2.056038310270196,-0.5667121792952802,0.6462135809772234,0.6462135809772234,-0.2870679497272268,0.2870679497272268,0.0,0.06744981323024722,-0.07382765535491946,-0.32852195659703104,8.821570465954033e-10,7.969583784322577e-10,0.1,0.0,1
8,1760,world,17.6,1.7500000000000002,1.2465476918220522,2.0567114363551338,-0.5674517062556965,0.6457411687767669,0.6457411687648691,-0.2881290387187108,0.2881290387240196,1.8424822023176786e-12,0.06717526193949967,-0.07407755519291663,-0.328521956597064,-8.796840203595303e-10,-7.894907273801458e-10,0.1,0.0,1
8,1761,world,17.61,1.7510000000000001,1.2465476918220522,2.0573818126661942,-0.5681937267766952,0.6452670142549847,0.6452670142397305,-0.28918935029202475,0.2891893502988613,2.3639950949491863e-12,0.06689985774993368,-0.0743263683563151,-0.32852195659699457,6.876372961106475e-10,6.130662569674701e-10,0.1,0.0,1
8,1762,world,17.62,1.7520000000000002,1.246547691822052,2.0580494306566757,-0.5689382300146693,0.6447911186861898,0.6447911186861897,-0.2902488815885637,0.2902488815885637,0.0,0.06662359706943266,-0.07457409948185686,-0.32852195659699185,8.84852117835415e-10,7.836953527670162e-10,0.1,0.0,1
8,1763,world,17.63,1.7530000000000001,1.246547691822052,2.0587142817432174,-0.5696852051720706,0.6443134833713596,0.6443134833713596,-0.29130762974193564,0.29130762974193564,0.0,0.06634647616447689,-0.07482075314079979,-0.32852195659706673,-1.3286951014370316e-09,-1.169028089945223e-09,0.1,0.0,1
8,1764,world,17.64,1.7540000000000002,1.2465476918220522,2.0593763572998216,-0.5704346415007913,0.6438341096030011,0.6438341095802125,-0.29236559189370653,0.292365591904055,3.5395356745076038e-12,0.06606849123028241,-0.07506633377589515,-0.3285219565970275,-1.3325059488237741e-09,-1.1646482522345963e-09,0.1,0.0,1
8,1765,world,17.650000000000002,1.7550000000000003,1.2465476918220522,2.0600356486715197,-0.5711865282881378,0.6433529986517473,0.643352998628976,-0.29342276519964744,0.293422765210033,3.5394413021727955e-12,0.06578963835352301,-0.07531084573494481,-0.32852195659699185,7.651837383119068e-10,6.643614285312869e-10,0.1,0.0,1
8,1766,world,17.66,1.7560000000000002,1.246547691822052,2.0606921471590454,-0.5719408548685504,0.6428701518206043,0.6428701518108787,-0.29447914680515774,0.2944791468096127,1.512822422321388e-12,0.06550991352185874,-0.07555429326225341,-0.32852195659707223,2.680197000381767e-09,2.3116758455942338e-09,0.1,0.0,1
8,1767,world,17.67,1.7570000000000003,1.246547691822052,2.0613458440225294,-0.5726976106183919,0.6423855704091791,0.642385570431915,-0.2955347338614529,0.29553473385099305,-3.539294148244219e-12,0.06522931262228299,-0.07579668050003557,-0.32852195659706956,-7.275054766389015e-10,-6.233094705736747e-10,0.1,0.0,1
8,1768,world,17.68,1.7580000000000002,1.2465476918220522,2.0619967304805438,-0.5734567849548726,0.6418992557732647,0.641899255751255,-0.2965895234981182,0.2965895235082878,3.428850589939263e-12,0.06494783146416949,-0.076038011468619,-0.3285219565969945,-1.3476327647442077e-09,-1.146991511046304e-09,0.1,0.0,1
8,1769,world,17.69,1.7590000000000003,1.246547691822052,2.0626447977034545,-0.5742183673398135,0.6414112091530376,0.6414112091530375,-0.29764351290232804,0.29764351290232804,0.0,0.06466546575070573,-0.0762782900912462,-0.32852195659701994,7.373920304569757e-10,6.234315953261279e-10,0.1,0.0,1
8,1770,world,17.7,1.76,1.2465476918220522,2.0632900368291986,-0.5749823472643262,0.6409214319145105,0.6409214319049119,-0.2986966992075227,0.298696699211996,1.4976022873207758e-12,0.06438221109474426,-0.07651752018035994,-0.3285219565970612,2.6139387710883623e-09,2.19530622216637e-09,0.1,0.0,1
8,1771,world,17.71,1.7610000000000003,1.2465476918220517,2.063932438946388,-0.5757487142614047,0.6404299253319199,0.640429925375642,-0.29974907959405767,0.29974907957359387,-6.8269855308481585e-12,0.06409806301857722,-0.07675570543787937,-0.32852195659699746,7.608455340397223e-10,6.347378493905145e-10,0.1,0.0,1
8,1772,world,17.72,1.762,1.2465476918220522,2.0645719950980883,-0.5765174579007748,0.6399366908098648,0.6399366908129626,-0.30080065118575644,0.30080065118430027,-4.840864784524726e-13,0.06381301695638004,-0.07699284945321061,-0.32852195659703104,-2.5157837769225887e-09,-2.084827730259986e-09,0.1,0.0,1
8,1773,world,17.73,1.7630000000000001,1.2465476918220517,2.0652086962788956,-0.577288567789454,0.6394417296125031,0.6394417296143721,-0.30185141117649533,0.3018514111756131,-2.92272989858191e-13,0.06352706824977732,-0.07722895570696353,-0.3285219565970716,-1.8687307564784806e-10,-1.5381751340883833e-10,0.1,0.0,1
8,1774,world,17.740000000000002,1.7640000000000005,1.246547691822052,2.065842533437208,-0.5780620335679649,0.6389450430953406,0.6389450430953407,-0.30290135672177704,0.30290135672177704,0.0,0.06324021216179297,-0.0774640275594512,-0.32852195659699185,-3.790585780244812e-11,-3.099887038636903e-11,0.1,0.0,1
8,1775,world,17.75,1.7650000000000001,1.2465476918220517,2.0664734974789045,-0.5788378449055472,0.6384466325966458,0.6384466325978866,-0.3039504849895637,0.303950484988973,-1.9432999302976382e-13,0.06295244384710312,-0.07769806827506931,-0.3285219565970255,-1.986367424212963e-09,-1.613348470306338e-09,0.1,0.0,1
8,1776,world,17.76,1.7660000000000002,1.246547691822052,2.0671015792572716,-0.5796159915065893,0.6379464994803327,0.6379464994476826,-0.3049987931400024,0.30499879315561224,5.118003800212806e-12,0.0626637584145413,-0.07793108097135575,-0.32852195659705846,2.5643422438077046e-11,2.067655324737038e-11,0.1,0.0,1
8,1777,world,17.77,1.7670000000000001,1.2465476918220522,2.0677267695760086,-0.5803964631062831,0.6374446450441786,0.6374446450458374,-0.3060462783692811,0.3060462783684847,-2.602368206401755e-13,0.06237415084924455,-0.07816306868231113,-0.32852195659699457,3.038641475316347e-09,2.4350482133462966e-09,0.1,0.0,1
8,1778,world,17.78,1.7680000000000002,1.2465476918220522,2.0683490591848783,-0.5811792494722419,0.636941070685851,0.6369410707028565,-0.3070929378303058,0.30709293782210684,-2.6698570352283876e-12,0.06208361607577117,-0.07839403430718596,-0.3285219565970001,-1.0180485892480006e-10,-8.103116098803335e-11,0.1,0.0,1
8,1779,world,17.79,1.7690000000000001,1.246547691822052,2.0689684387875498,-0.5819643403964109,0.6364357777707723,0.6364357777707723,-0.3081387686957162,0.3081387686957162,0.0,0.061792148938509185,-0.07862398062653086,-0.32852195659706956,-2.43552838566817e-09,-1.9255950943076753e-09,0.1,0.0,1
8,1780,world,17.8,1.7700000000000002,1.2465476918220522,2.069584899036174,-0.5827517256976471,0.6359287676488827,0.6359287676263728,-0.3091837681501154,0.3091837681610596,3.5396873133551096e-12,0.06149974418793346,-0.0788529103129285,-0.32852195659707517,-9.146977419805221e-10,-7.18303098990515e-10,0.1,0.0,1
8,1781,world,17.81,1.7710000000000001,1.246547691822052,2.070198430527974,-0.5835413952225497,0.6354200416703082,0.635420041655528,-0.31022793338262883,0.31022793338984495,2.3260447541145102e-12,0.06120639650647656,-0.07908082591053267,-0.32852195659699457,1.6567832487165355e-09,1.2922908229763956e-09,0.1,0.0,1
8,1782,world,17.82,1.7720000000000002,1.246547691822052,2.0708090238065795,-0.5843333388425828,0.6349096012171669,0.6349096012213742,-0.3112712615713647,0.311271261569302,-6.626581793436598e-13,0.060912100498508294,-0.07930772984305896,-0.32852195659702194,2.256066062039693e-09,1.7478466805564614e-09,0.1,0.0,1
8,1783,world,17.830000000000002,1.7730000000000004,1.246547691822052,2.0714166693612523,-0.5851275464528525,0.634397447673211,0.6343974476946648,-0.3123137498980854,0.3123137498875237,-3.381726052888134e-12,0.06061685069532862,-0.07953362440993267,-0.3285219565970696,-2.6258487100083526e-10,-2.0205123947542763e-10,0.1,0.0,1
8,1784,world,17.84,1.7740000000000002,1.246547691822052,2.072021357623717,-0.5859240079727153,0.6338835824387961,0.6338835824387962,-0.31335539554084263,0.31335539554084263,0.0,0.06032064154447561,-0.0797585117944341,-0.32852195659699457,-1.8935470612758257e-09,-1.4471949691252299e-09,0.1,0.0,1
8,1785,world,17.85,1.7750000000000004,1.246547691822052,2.0726230789738436,-0.5867227133396499,0.6333680068747243,0.6333680068659536,-0.3143961957017382,0.31439619570609173,1.3847203374209961e-12,0.06002346742219852,-0.0799823940540434,-0.3285219565970283,-2.7755625541811762e-15,-1.3877812770905881e-15,0.1,0.0,1
8,1786,world,17.86,1.776,1.246547691822052,2.0732218237347064,-0.5875236525112564,0.6328507223696748,0.6328507223696749,-0.3154361475737695,0.3154361475737695,0.0,0.05972532264219185,-0.08020527311396732,-0.32852195659705835,1.9665721120763245e-09,1.4826486174110588e-09,0.1,0.0,1
8,1787,world,17.87,1.7770000000000004,1.2465476918220517,2.0738175821708067,-0.5883268154647956,0.632331730321328,0.6323317303437185,-0.31647524835004676,0.31647524833884055,-3.5408582817109665e-12,0.059426201433569296,-0.08042715078365544,-0.3285219565969945,-2.090859027689989e-10,-1.5656532033751148e-10,0.1,0.0,1
8,1788,world,17.88,1.778,1.2465476918220517,2.0744103444886717,-0.5891321921949164,0.6318110321608619,0.6318110321575613,-0.3175134952114401,0.3175134952130988,5.223740336769205e-13,0.05912609797764097,-0.08064802872940169,-0.32852195659703387,-1.4206911222955143e-09,-1.0565178862490646e-09,0.1,0.0,1
8,1789,world,17.89,1.7790000000000001,1.246547691822052,2.075000100836179,-0.5899397727123834,0.6312886292546692,0.6312886292546692,-0.31855088537588594,0.31855088537588594,0.0,0.05882500635406229,-0.08086790851409804,-0.3285219565970632,2.101073097888909e-10,1.5518586574804915e-10,0.1,0.0,1
8,1790,world,17.900000000000002,1.7800000000000005,1.246547691822052,2.0755868413018868,-0.590749547042778,0.6307645230284266,0.6307645230284267,-0.319587416036241,0.319587416036241,0.0,0.05852292060358321,-0.0810867915509468,-0.32852195659699185,-7.535735601477683e-10,-5.527532826651199e-10,0.1,0.0,1
8,1791,world,17.91,1.7810000000000001,1.246547691822052,2.076170555914384,-0.5915615052252003,0.6302387149005,0.6302387148887201,-0.32062308439360543,0.3206230843995983,1.8690717687868833e-12,0.058219834694358256,-0.08130467912833554,-0.32852195659703665,-2.7755625541811766e-15,1.3877812770905883e-15,0.1,0.0,1
8,1792,world,17.92,1.7820000000000003,1.246547691822052,2.0767512346416512,-0.5923756373109543,0.6297112062719361,0.6297112062719362,-0.32165788766256465,0.32165788766256465,0.0,0.05791574252969234,-0.08152157240408447,-0.3285219565970723,-6.779033982331353e-10,-4.904377399799281e-10,0.1,0.0,1
8,1793,world,17.93,1.7830000000000001,1.246547691822052,2.0773288673904404,-0.5931919333622272,0.6291819985948562,0.6291819985725673,-0.32269182303634103,0.3226918230477725,3.5423837425884272e-12,0.05761063795029914,-0.08173747240378525,-0.3285219565969863,-4.337704670924944e-10,-3.116457147085363e-10,0.1,0.0,1
8,1794,world,17.94,1.7840000000000003,1.246547691822052,2.0779034440056665,-0.5940103834507562,0.6286510932611847,0.6286510932544694,-0.32372488774362,0.32372488774707814,1.0681677058576665e-12,0.0573045147237508,-0.08195238002813238,-0.32852195659699185,5.503857278064037e-10,3.9269491685317175e-10,0.1,0.0,1
8,1795,world,17.95,1.7850000000000001,1.246547691822052,2.0784749542698076,-0.5948309776564779,0.6281184917336315,0.6281184917198739,-0.3247570789815047,0.3247570789886179,2.1901971857209107e-12,0.0569973665860405,-0.08216629602371349,-0.3285219565970834,-9.353562540712901e-10,-6.627460511247535e-10,0.1,0.0,1
8,1796,world,17.96,1.7860000000000003,1.246547691822052,2.0790433879023382,-0.5956537060661844,0.6275841954380823,0.6275841954169897,-0.3257883939706955,0.32578839398164494,3.3607421977308587e-12,0.05668918719592855,-0.08237922101516239,-0.32852195659705846,8.956573828588411e-10,6.301998046144287e-10,0.1,0.0,1
8,1797,world,17.97,1.7870000000000001,1.246547691822052,2.0796087345555785,-0.5964785587745969,0.6270482058017979,0.6270482058017979,-0.3268188299360154,0.3268188299360154,0.0,0.05637997014400101,-0.08259115549840404,-0.3285219565969752,-9.192663179447036e-12,-6.419876187820348e-12,0.1,0.0,1
8,1798,world,17.98,1.7880000000000003,1.2465476918220517,2.0801709838223466,-0.5973055258773359,0.6265105243063255,0.6265105242851285,-0.32784838407876393,0.32784838408985617,3.3831270889996266e-12,0.056069709001147175,-0.08280209980747273,-0.32852195659703587,1.480568333276536e-10,1.0272773347405379e-10,0.1,0.0,1
8,1799,world,17.990000000000002,1.7890000000000004,1.246547691822052,2.080730125231291,-0.5981345974724469,0.6259711523589493,0.6259711523612054,-0.3288770536437388,0.32887705364255354,-3.6037259289623333e-13,0.05575839724093884,-0.08301205416758259,-0.328521956597064,1.3930437436931611e-09,9.5978675567319e-10,0.1,0.0,1
8,1800,world,18.0,1.7900000000000003,1.246547691822052,2.0812861482443283,-0.5989657636603712,0.6254300914501646,0.6254300914501646,-0.32990483583700125,0.32990483583700125,0.0,0.05544602832721795,-0.08322101863554271,-0.32852195659699457,2.292892226008815e-11,1.5686091774953173e-11,0.1,0.0,1
8,1801,world,18.01,1.7910000000000004,1.246547691822052,2.0818390422541007,-0.5997990145438621,0.6248873430245611,0.6248873430271604,-0.33093172789343694,0.3309317278920604,-4.159278633111871e-13,0.05513259563915125,-0.08342899315040209,-0.3285219565970366,-8.326687662543528e-15,-1.3877812770905881e-14,0.1,0.0,1
8,1802,world,18.02,1.792,1.2465476918220517,2.0823887965875443,-0.6006343402237952,0.6243429085515915,0.6243429085515914,-0.3319577270396627,0.3319577270396627,0.0,0.05481809253184425,-0.08363597749276422,-0.32852195659706673,-1.3869597105743966e-09,-9.355644212628536e-10,0.1,0.0,1
8,1803,world,18.03,1.7930000000000004,1.246547691822052,2.0829354005137257,-0.601471730792368,0.6237967895054697,0.6237967894871923,-0.3329828305045493,0.3329828305143059,2.9297828496729616e-12,0.0545025122984808,-0.08384197131004227,-0.3285219565969974,0.0,6.938906385452171e-15,0.1,0.0,1
8,1804,world,18.04,1.794,1.246547691822052,2.083478843221657,-0.6023111763458914,0.6232489873336002,0.6232489873336002,-0.33400703553614225,0.33400703553614225,0.0,0.054185848188971514,-0.08404697410401957,-0.32852195659703104,7.56762681522606e-10,5.032622267615766e-10,0.1,0.0,1
8,1805,world,18.05,1.7950000000000002,1.246547691822052,2.0840191138409057,-0.6031526669695588,0.622699503544923,0.6226995035379962,-0.33503033935446974,0.33503033935819654,1.1122485084758117e-12,0.053868093420949795,-0.08425098522386446,-0.32852195659707234,-1.480260245833187e-09,-9.77418516798624e-10,0.1,0.0,1
8,1806,world,18.06,1.796,1.2465476918220517,2.0845562014322754,-0.6039961927418326,0.6221483396135443,0.6221483395914725,-0.33605273920299394,0.336052739214916,3.5472724681897193e-12,0.053549241151785644,-0.084454003884173,-0.328521956596989,6.427286939840011e-10,4.2136925360041434e-10,0.1,0.0,1
8,1807,world,18.07,1.7970000000000002,1.2465476918220522,2.085090094982719,-0.6048417437358974,0.6215954970025585,0.6215954970051983,-0.3370742323361191,0.33707423233468753,-4.2464712080844306e-13,0.05322928449959211,-0.08465602915127478,-0.32714350770721,-4.14474749972398e-10,-2.697957784525345e-10,0.1,0.0,1
8,1808,world,18.080000000000002,1.7980000000000003,1.2465476918220517,2.08562078341764,-0.6056893100101273,0.6210456376565529,0.6210456376283774,-0.3380862552072745,0.3380862552226127,4.536190867793553e-12,0.05290822042630339,-0.08485705752217487,-0.293968376490959,-1.29417496600433e-09,-8.369789148539032e-10,0.1,0.0,1
8,1809,world,18.09,1.7990000000000002,1.246547691822052,2.086148264019761,-0.6065388763900259,0.6206019209593314,0.6206019209428372,-0.33890006743695344,0.33890006744596063,2.6573653193016244e-12,0.052588461576009715,-0.08505559187418868,-0.2621716941644378,2.6689347997194564e-09,1.7149787363267864e-09,0.1,0.0,1
8,1810,world,18.1,1.8000000000000003,1.246547691822052,2.0866725639645023,-0.607390409370996,0.6201571378429819,0.6201571378541949,-0.3397132973222179,0.3397132973160755,-1.8077995567586821e-12,0.05227209752255248,-0.08525038311112017,-0.2621716941644405,8.511701102459764e-10,5.437809215045556e-10,0.1,0.0,1
8,1811,world,18.11,1.8010000000000002,1.2465476918220517,2.0871937174401007,-0.6082438716927016,0.6197112891012464,0.6197112890972946,-0.3405259434495133,0.34052594345168474,6.375576846131508e-13,0.05195917459430203,-0.08544146637013458,-0.2621716941644933,-2.0840270069328883e-09,-1.3237495720577717e-09,0.1,0.0,1
8,1812,world,18.12,1.8020000000000003,1.246547691822052,2.0877117590781546,-0.6090992264557167,0.6192643754789446,0.6192643754595635,-0.3413380044340628,0.3413380044447456,3.12903484079595e-12,0.051649737532705686,-0.0856288772132545,-0.2621716941644988,2.3536033439172306e-09,1.4863446958351695e-09,0.1,0.0,1
8,1813,world,18.13,1.8030000000000002,1.246547691822052,2.088226723953003,-0.6099564371161622,0.6188163977112412,0.6188163977417463,-0.3421494788985901,0.34214947888172353,-4.928459358486672e-12,0.051343829543806174,-0.08581265156010842,-0.26217169416443775,9.244865472234939e-10,5.804433033344262e-10,0.1,0.0,1
8,1814,world,18.14,1.8040000000000003,1.246547691822052,2.088738647569825,-0.610815467487138,0.6183673566436982,0.6183673566378454,-0.3429603654068374,0.34296036541008346,9.462439868356495e-13,0.051041492329431865,-0.08599282563554096,-0.2621716941644753,-3.813595478295114e-09,-2.3804513429661255e-09,0.1,0.0,1
8,1815,world,18.150000000000002,1.8050000000000004,1.2465476918220517,2.089247565837877,-0.6116762817486708,0.6179172529962457,0.6179172529711489,-0.34377066259394745,0.34377066260790984,4.060443549706443e-12,0.050742766071459014,-0.0861694359469597,-0.2621716941645016,4.933420439359794e-10,3.061623908938317e-10,0.1,0.0,1
8,1816,world,18.16,1.8060000000000003,1.246547691822052,2.089753515059419,-0.6125388444478292,0.6174660875280433,0.6174660875293693,-0.3445803690755568,0.34458036907481693,-2.1465052061720586e-13,0.050447689493266445,-0.0863425192173067,-0.262171694164435,9.678796638506572e-10,5.971174844868941e-10,0.1,0.0,1
8,1817,world,18.17,1.8070000000000004,1.246547691822052,2.0902565319168582,-0.6134031204997222,0.6170138610565717,0.6170138610455457,-0.34538948343679055,0.3453894834429627,1.7864726923367564e-12,0.05015629990697093,-0.08651211232909523,-0.2621716941644696,1.0157386577104456e-09,6.229648938889369e-10,0.1,0.0,1
8,1818,world,18.18,1.808,1.246547691822052,2.0907566534645707,-0.6142690751855306,0.616560574319829,0.6165605743358463,-0.34619800430915343,0.3461980043001597,-2.597020903923376e-12,0.049868633209423,-0.08667825230023984,-0.26217169416449604,3.168299810463735e-09,1.931788888061097e-09,0.1,0.0,1
8,1819,world,18.19,1.8090000000000004,1.246547691822052,2.09125391710496,-0.6151366741594596,0.6161062281205907,0.6161062281553056,-0.3470059302899814,0.34700593027042925,-5.632610241002105e-12,0.04958472391472209,-0.08684097623991101,-0.2621716941644433,-1.1108016130947729e-09,-6.732830345652039e-10,0.1,0.0,1
8,1820,world,18.2,1.81,1.2465476918220517,2.091748360579092,-0.6160058834469123,0.6156508232621161,0.6156508232621162,-0.3478132599782226,0.3478132599782226,0.0,0.04930460524479787,-0.08700032127328411,-0.262171694164478,-2.4130725083574117e-09,-1.4540232910046215e-09,0.1,0.0,1
8,1821,world,18.21,1.8110000000000002,1.246547691822052,2.092240021953487,-0.6168766694447027,0.615194360482886,0.6151943604828859,-0.34861999201143506,0.34861999201143506,0.0,0.04902830907704589,-0.08715632454988945,-0.2621716941645044,-9.739720196774851e-11,-5.83450623397464e-11,0.1,0.0,1
8,1822,world,18.22,1.812,1.2465476918220522,2.092728939606409,-0.6177489989213393,0.6147368405853185,0.6147368405839228,-0.3494261249931972,0.34942612499399056,2.2696067724818076e-13,0.04875586602172628,-0.08730902317900183,-0.2621716941644405,1.263121611008428e-09,7.521034084924253e-10,0.1,0.0,1
8,1823,world,18.23,1.8130000000000002,1.246547691822052,2.0932151522150657,-0.618622839016584,0.6142782643444691,0.6142782643625297,-0.3502316575446297,0.3502316575343324,-2.938975498949873e-12,0.04848730548092623,-0.08745845417796579,-0.26217169416446423,9.769696252778201e-11,5.783297138299753e-11,0.1,0.0,1
8,1824,world,18.240000000000002,1.8140000000000003,1.2465476918220522,2.093698698749445,-0.6194981572371737,0.6138186325775161,0.6138186325775162,-0.35103658826491035,0.35103658826491035,0.0,0.04822265565711978,-0.08760465445040494,-0.26217169416449604,-2.7980400075941206e-09,-1.646229484548833e-09,0.1,0.0,1
8,1825,world,18.25,1.8150000000000002,1.2465476918220522,2.0941796184525887,-0.6203749214599065,0.6133579460573748,0.6133579460355844,-0.3518409157804788,0.35184091579297844,3.551154841534137e-12,0.04796194355240946,-0.08774766077039028,-0.26217169416444336,1.248283463286232e-09,7.300196594554531e-10,0.1,0.0,1
8,1826,world,18.26,1.8160000000000003,1.246547691822052,2.0946579508321017,-0.6212530999283162,0.6128962055431469,0.6128962055608729,-0.3526446387279199,0.3526446387177208,-2.8909378609281312e-12,0.04770519505380749,-0.08788750972054096,-0.2621716941644544,4.0302252185816734e-10,2.3429340884282444e-10,0.1,0.0,1
8,1827,world,18.27,1.8170000000000002,1.246547691822052,2.0951337356490076,-0.6221326612506826,0.6124334118955626,0.612433411879515,-0.35344775568747766,0.3534477556967391,2.6191724380652796e-12,0.047452434969283606,-0.0880242376592147,-0.2621716941644905,-2.6153720285367146e-09,-1.5111818011273644e-09,0.1,0.0,1
8,1828,world,18.28,1.8180000000000003,1.246547691822052,2.09560701290696,-0.6230135743977216,0.6119695658579428,0.611969565838672,-0.3542502653089795,0.35425026532013476,3.1475711170866078e-12,0.0472036870291629,-0.0881578807075853,-0.26217169416449604,-2.7982925836215655e-10,-1.6071884471637958e-10,0.1,0.0,1
8,1829,world,18.29,1.8190000000000002,1.246547691822052,2.0960778228408543,-0.6238958087004922,0.6115046682413507,0.6115046682213809,-0.35505216620537666,0.35505216621697155,3.264222331567288e-12,0.04695897394179438,-0.08828847470838919,-0.26217169416445163,-1.7521559846741404e-10,-1.0001178018591323e-10,0.1,0.0,1
8,1830,world,18.3,1.8200000000000003,1.2465476918220522,2.0965462059068423,-0.6247793338474006,0.6110387198464241,0.6110387198247171,-0.3558534569976924,0.35585345701033405,3.5509007405574536e-12,0.046718317419476955,-0.08841605520205591,-0.2621716941644669,-1.2470039297846997e-10,-7.075181885270163e-11,0.1,0.0,1
8,1831,world,18.31,1.821,1.246547691822052,2.0970122027779823,-0.62566411987819,0.610571721472429,0.6105717214507388,-0.3566541363098418,0.3566541363225117,3.550822267190502e-12,0.04648173823427645,-0.08854065738811862,-0.2621716941644988,2.2568611742843936e-09,1.2726528865935422e-09,0.1,0.0,1
8,1832,world,18.32,1.8220000000000003,1.2465476918220522,2.097475854327573,-0.6265501371843477,0.6101036739069016,0.6101036739168428,-0.35745420277473033,0.3574542027689059,-1.6287028393252162e-12,0.046249256208521085,-0.08866231612223185,-0.26217169416443786,4.289018502085691e-10,2.403829891088576e-10,0.1,0.0,1
8,1833,world,18.330000000000002,1.8230000000000004,1.246547691822052,2.0979372016228464,-0.6274373565039232,0.609634577998536,0.6096345779828739,-0.3582536549915405,0.3582536550007444,2.567943878598702e-12,0.046020890315641355,-0.08878106585615937,-0.2621716941644558,5.708107197823232e-10,3.1794880958116697e-10,0.1,0.0,1
8,1834,world,18.34,1.824,1.246547691822052,2.0983962859162686,-0.6283257489175761,0.60916443449521,0.6091644345130963,-0.35905249162068303,0.3590524916101405,-2.934903909592291e-12,0.04579665862182242,-0.08889694066207375,-0.2621716941644988,2.677663938250378e-09,1.4823020916156824e-09,0.1,0.0,1
8,1835,world,18.35,1.8250000000000004,1.246547691822052,2.0988531486347948,-0.6292152858455996,0.6086932442492767,0.6086932442708977,-0.35985071126333695,0.3598507112505549,-3.5504637912378777e-12,0.04557657844832659,-0.08900997414303374,-0.2621716941644517,-2.8423074258547463e-09,-1.5637425948825512e-09,0.1,0.0,1
8,1836,world,18.36,1.826,1.246547691822052,2.0993078313770908,-0.6301059390407995,0.6082210080789793,0.6082210080573757,-0.3606483125427181,0.3606483125555281,3.5503697915278904e-12,0.04536066627528891,-0.08912019947835546,-0.2621716941644669,-1.4525258759847702e-09,-7.941739704265178e-10,0.1,0.0,1
8,1837,world,18.37,1.8270000000000002,1.246547691822052,2.0997603759043866,-0.6309976805846411,0.6077477267391574,0.6077477267406227,-0.36144529412182275,0.3614452941209512,-2.4101331343012304e-13,0.045148937831788444,-0.08922764937316967,-0.26217169416450165,3.120859926275974e-09,1.6957371614887534e-09,0.1,0.0,1
8,1838,world,18.38,1.828,1.246547691822052,2.1002108241298267,-0.6318904828841005,0.6072734010777042,0.6072734010992725,-0.3622416546106762,0.36224165459781055,-3.550185625183278e-12,0.044941408145692134,-0.08933235603006516,-0.2621716941644405,-8.929534016432715e-11,-4.820593895231984e-11,0.1,0.0,1
8,1839,world,18.39,1.8290000000000002,1.246547691822052,2.100659218113314,-0.632784318665663,0.6067980319289138,0.6067980319291453,-0.36303739262933615,0.3630373926291976,-3.81420540579029e-14,0.04473809156751324,-0.08943435113476701,-0.26217169416446134,-1.5648000835247555e-09,-8.396432064878807e-10,0.1,0.0,1
8,1840,world,18.400000000000002,1.8300000000000003,1.246547691822052,2.1011056000503867,-0.6336791609723011,0.6063216200783639,0.6063216200783638,-0.3638325068291016,0.3638325068291016,0.0,0.044539001753400025,-0.08953366586268335,-0.26217169416449326,1.5500035692138507e-09,8.264842730141745e-10,0.1,0.0,1
8,1841,world,18.41,1.8310000000000002,1.246547691822052,2.101550012278896,-0.6345749831515806,0.605844166344376,0.6058441663658914,-0.36462699584393726,0.36462699583098823,-3.54993740955701e-12,0.04434415178657361,-0.08963033081680175,-0.2621716941644433,1.5689689757581388e-09,8.313137487037782e-10,0.1,0.0,1
8,1842,world,18.42,1.8320000000000003,1.246547691822052,2.1019924972602255,-0.6354717588564578,0.6053656715690228,0.6053656715905203,-0.36542085829562904,0.36542085828265225,-3.5498668774478212e-12,0.04415355411451258,-0.08972437605833106,-0.2621716941644433,-1.5902658533249948e-09,-8.372701020542894e-10,0.1,0.0,1
8,1843,world,18.43,1.8330000000000002,1.246547691822052,2.102433097577328,-0.6363694620376529,0.604886136574629,0.6048861365743683,-0.36621409281992306,0.3662140928200809,4.308647558244781e-14,0.0439672206442005,-0.08981583105902985,-0.2621716941644905,7.789805509293661e-10,4.0753003250179744e-10,0.1,0.0,1
8,1844,world,18.44,1.8340000000000003,1.2465476918220522,2.10287185592502,-0.6372680669398574,0.6044055621472783,0.6044055621793689,-0.3670066980767358,0.3670066980572497,-5.307648069635637e-12,0.04378516273493171,-0.08990472470496502,-0.26217169416449326,-7.350073421073022e-10,-3.820614871409909e-10,0.1,0.0,1
8,1845,world,18.45,1.8350000000000002,1.246547691822052,2.1033088151180452,-0.6381675480892477,0.6039239491771746,0.6039239491669088,-0.3677986726650134,0.3677986726712655,1.6992981228008181e-12,0.04360739127179744,-0.08999108526108775,-0.2621716941644461,-1.1069047258141964e-09,-5.717127770231342e-10,0.1,0.0,1
8,1846,world,18.46,1.8360000000000003,1.2465476918220522,2.1037440180732463,-0.6390678802937141,0.6034412984197305,0.6034412984367342,-0.36859001526774615,0.36859001525735996,-2.8169545265790456e-12,0.04343391661725107,-0.09007494039568209,-0.2621716941644752,3.807430957889863e-09,1.95388096378051e-09,0.1,0.0,1
8,1847,world,18.47,1.837,1.246547691822052,2.104177507807748,-0.6399690386351921,0.6029576107405793,0.6029576107819371,-0.3693807245030983,0.369380724477762,-6.857139220161393e-12,0.043264748728585,-0.0901563171244944,-0.26217169416449876,-1.2551751806065108e-09,-6.399638156480502e-10,0.1,0.0,1
8,1848,world,18.48,1.8380000000000003,1.2465476918220517,2.104609327434936,-0.6408709984631179,0.6024728870022638,0.6024728870022636,-0.37017079899305627,0.37017079899305627,0.0,0.04309989713344576,-0.09023524182428058,-0.26217169416443786,-3.0594256648306464e-09,-1.5498120555223675e-09,0.1,0.0,1
8,1849,world,18.490000000000002,1.8390000000000004,1.246547691822052,2.105039520167039,-0.6417737353847799,0.6019871279841741,0.6019871279841741,-0.3709602374128063,0.3709602374128063,0.0,0.04293937095974382,-0.09031174022009271,-0.2621716941644669,0.0,5.551121482303684e-15,0.1,0.0,1
8,1850,world,18.5,1.84,1.246547691822052,2.10546812930225,-0.6426772252630621,0.601500334541693,0.601500334541693,-0.3717490383931495,0.3717490383931495,0.0,0.042783178961682156,-0.09038583737473851,-0.26217169416449887,1.5878233598727818e-09,7.938991899130557e-10,0.1,0.0,1
8,1851,world,18.51,1.8410000000000004,1.246547691822052,2.105895198222223,-0.6435814442092126,0.6010125075006324,0.6010125075219711,-0.37253720058526363,0.3725372005720368,-3.549717726751688e-12,0.04263132956743104,-0.09045755766829591,-0.26217169416444336,-1.5898967037464216e-09,-7.897358488013283e-10,0.1,0.0,1
8,1852,world,18.52,1.842,1.2465476918220522,2.1063207703947815,-0.6444863685732004,0.6005236477419189,0.6005236477205975,-0.3733247226083418,0.37332472262159655,3.5497732571033263e-12,0.042483830895772394,-0.09052692479267932,-0.2621716941644696,-3.183915115193807e-09,-1.5711255864541883e-09,0.1,0.0,1
8,1853,world,18.53,1.8430000000000002,1.246547691822052,2.1067448893678007,-0.6453919749383096,0.6000337560522456,0.6000337560309418,-0.3741116031422282,0.3741116031555109,3.549846551618392e-12,0.04234069074104002,-0.0905939617610998,-0.26217169416448494,1.513488292103261e-09,7.419157127920286e-10,0.1,0.0,1
8,1854,world,18.54,1.844,1.2465476918220517,2.1071675987643337,-0.6462982401151092,0.5995428332846517,0.5995428332835764,-0.374897840827878,0.37489784082855043,1.7933279327573311e-13,0.042201916656495274,-0.09065869087141193,-0.26217169416443775,3.10554715766704e-10,1.51220875860159e-10,0.1,0.0,1
8,1855,world,18.55,1.8450000000000002,1.246547691822052,2.1075889422791225,-0.6472051411348004,0.5990508803109612,0.5990508802938307,-0.375683434296601,0.37568343430734413,2.859246897270106e-12,0.042067515953970014,-0.09072113370908941,-0.26217169416445163,9.936424186500256e-10,4.806466291059522e-10,0.1,0.0,1
8,1856,world,18.56,1.846,1.2465476918220522,2.1080089636834827,-0.6481126552387212,0.5985578979357167,0.5985578979478567,-0.37646838222403783,0.3764683822164023,-2.027979407684299e-12,0.04193749569704141,-0.09078131115301559,-0.26217169416449887,1.691371204442922e-10,8.125454069721117e-11,0.1,0.0,1
8,1857,world,18.57,1.8470000000000002,1.2465476918220517,2.1084277068169706,-0.6490207598740225,0.5980638870568311,0.5980638870419732,-0.377252683229456,0.3772526832388281,2.4840791243319377e-12,0.041811862777921094,-0.09083924334251303,-0.2621716941644697,-1.1445718606322368e-09,-5.462692117089373e-10,0.1,0.0,1
8,1858,world,18.580000000000002,1.8480000000000003,1.246547691822052,2.1088452155863027,-0.6499294326859725,0.597568848475645,0.5975688484726076,-0.3780363359950738,0.37803633599699527,5.082395665445794e-13,0.04169062387480822,-0.09089494969980055,-0.26217169416444613,2.651579218405036e-09,1.256976519527519e-09,0.1,0.0,1
8,1859,world,18.59,1.8490000000000002,1.2465476918220522,2.1092615339638034,-0.6508386515105359,0.5970727830565041,0.5970727830767122,-0.378819339165719,0.3788193391528977,-3.384330285321417e-12,0.04157378551754129,-0.0909484489023396,-0.26217169416449326,2.2993022735773422e-10,1.0826629783009786e-10,0.1,0.0,1
8,1860,world,18.6,1.8500000000000003,1.246547691822052,2.109676705986177,-0.6517483943668164,0.5965756916792614,0.5965756916792615,-0.37960169137849054,0.37960169137849054,0.0,0.0414613541273951,-0.09099975886738787,-0.20857431679059,-3.1426245520943207e-09,-1.4716655240014404e-09,0.1,0.0,1
8,1861,world,18.61,1.8510000000000002,1.2465476918220524,2.1100907761182706,-0.6526586392836945,0.5962813650718406,0.5962813650506383,-0.3800638547343968,0.38006385474791093,3.555603223196528e-12,0.041353549520181596,-0.09104879978386256,-0.10316196261910633,-2.8830998262277487e-09,-1.3446385281048654e-09,0.1,0.0,1
8,1862,world,18.62,1.8520000000000003,1.246547691822052,2.1105037968977056,-0.6535693608280556,0.5961837697631798,0.5961837697252478,-0.380216928455823,0.3802169284800142,6.362146572413819e-12,0.04125161986603828,-0.09109502652959643,-0.051347153997002064,2.9221265581212467e-09,1.3591628420464464e-09,0.1,0.0,1
8,1863,world,18.63,1.853,1.246547691822052,2.1109158288075025,-0.6544805301938154,0.596086134482731,0.5960861344999564,-0.3803699781414783,0.38036997813048656,-2.8895885651470333e-12,0.04115577793763288,-0.09113836701602818,-0.05134747681139749,3.3614584816175206e-09,1.5614121793303974e-09,0.1,0.0,1
8,1864,world,18.64,1.8540000000000003,1.246547691822052,2.1113269327901243,-0.6553921186068082,0.5959884593566719,0.5959884593629318,-0.38052300365608743,0.3805230036520907,-1.0502636970349508e-12,0.04106603629023517,-0.09117883890140897,-0.051347772552417896,3.024941541394341e-10,1.4032386980618772e-10,0.1,0.0,1
8,1865,world,18.650000000000002,1.8550000000000004,1.246547691822052,2.1117371699071894,-0.65630409746495,0.5958907443962513,0.5958907444174453,-0.3806760049378031,0.38067600492426373,-3.5564243886258045e-12,0.040982406576633774,-0.09121645877355405,-0.05134804121915929,1.1371626362889315e-09,5.26800848334267e-10,0.1,0.0,1
8,1866,world,18.66,1.856,1.246547691822052,2.1121466013308,-0.6572164383273537,0.5957929896792349,0.5957929897004264,-0.38082898188243486,0.3808289818688893,-3.5565952249414593e-12,0.040904899626673964,-0.09125124210952819,-0.05134828281073777,-1.6139895685317034e-09,-7.466916302545876e-10,0.1,0.0,1
8,1867,world,18.67,1.8570000000000004,1.246547691822052,2.112555288341146,-0.6581291129005744,0.5956951952661835,0.5956951952661834,-0.3809819343968735,0.3809819343968735,0.0,0.040833525333854793,-0.09128320332245927,-0.05134849732637134,-1.6144447599923955e-09,-7.458894940843208e-10,0.1,0.0,1
8,1868,world,18.68,1.858,1.246547691822052,2.112963292310463,-0.6590420930309565,0.5955973611934283,0.5955973611934284,-0.38113486240361794,0.38113486240361794,0.0,0.04076829282421477,-0.09131235568201646,-0.051348684765452124,-1.6687457705137617e-09,-7.699285991817352e-10,0.1,0.0,1
8,1869,world,18.69,1.8590000000000002,1.246547691822052,2.1133706746976904,-0.6599553506921296,0.5954994875401178,0.5954994875182296,-0.38128776579789164,0.3812877658119063,3.675336574896683e-12,0.04070921039214713,-0.09133871133997841,-0.05134884512733302,-2.4442948740050535e-09,-1.1262380412479767e-09,0.1,0.0,1
8,1870,world,18.7,1.86,1.2465476918220517,2.1137774970432814,-0.6608688579724232,0.5954015743471384,0.5954015743150907,-0.3814406444995065,0.38144064452003773,5.382123348301803e-12,0.040656285520177866,-0.09136228131839624,-0.05134897841148433,5.122846816501625e-10,2.3572256294731e-10,0.1,0.0,1
8,1871,world,18.71,1.8610000000000002,1.246547691822052,2.1141838209556694,-0.6617825870659687,0.5953036216646156,0.5953036216494485,-0.3815934984224853,0.38159349843220747,2.5475749455718367e-12,0.040609524919414476,-0.09138307548895175,-0.05134908461754505,4.705661067763298e-09,2.1623370711663583e-09,0.1,0.0,1
8,1872,world,18.72,1.862,1.246547691822052,2.1145897081088103,-0.6626965102588379,0.5952056295499886,0.5952056295795992,-0.38174632747628,0.38174632745728865,-4.974479402968513e-12,0.04056893455181228,-0.09140110256080489,-0.051349163745159965,1.357258809480065e-09,6.228462464163166e-10,0.1,0.0,1
8,1873,world,18.73,1.8630000000000002,1.246547691822052,2.114995220231493,-0.6636105999188497,0.5951075981110475,0.5951075981136595,-0.3818991315381402,0.381899131536464,-4.388881801447894e-13,0.04053451959359427,-0.09141637009483872,-0.05134921579405412,-1.3628765382315131e-09,-6.245726432954628e-10,0.1,0.0,1
8,1874,world,18.740000000000002,1.8640000000000003,1.246547691822052,2.115400419100229,-0.6645248284837171,0.59500952735187,0.5950095273636304,-0.3820519105519454,0.3820519105443941,-1.976370036925926e-12,0.040506284515620494,-0.09142888446623204,-0.05134924076409469,-1.8087865334380149e-09,-8.278017524418087e-10,0.1,0.0,1
8,1875,world,18.75,1.8650000000000002,1.246547691822052,2.115805366533678,-0.6654391684485514,0.5949114173696374,0.5949114173485804,-0.3822046644019479,0.38220466441547607,3.539260009655963e-12,0.040484233013044886,-0.09143865089416776,-0.05134923865518692,-1.8042290677216415e-09,-8.246043099903714e-10,0.1,0.0,1
8,1876,world,18.76,1.8660000000000003,1.2465476918220517,2.116210124382352,-0.6663535923554031,0.5948132681805612,0.5948132681687187,-0.38235739302450167,0.3823573930321142,1.990813336411892e-12,0.04046836809157517,-0.09144567340232551,-0.05134920946731705,1.7856411579149058e-09,8.149953292899261e-10,0.1,0.0,1
8,1877,world,18.77,1.8670000000000002,1.246547691822052,2.1166147545246594,-0.6672680727800114,0.5947150798614904,0.594715079863787,-0.3825100963171303,0.3825100963156532,-3.861322892372905e-13,0.04045869199553691,-0.09144995484968967,-0.05134915320060445,2.5246028600217847e-09,1.1507045822289437e-09,0.1,0.0,1
8,1878,world,18.78,1.8680000000000003,1.246547691822052,2.1170193188570465,-0.6681825823211485,0.5946168524709076,0.594616852492064,-0.3826627741892605,0.38266277417564537,-3.557795749210909e-12,0.04045520632918789,-0.09145149687600984,-0.05134906985523799,-1.7573721029078595e-10,-7.998879688183334e-11,0.1,0.0,1
8,1879,world,18.79,1.869,1.2465476918220517,2.117423879288411,-0.6690970935880521,0.5945185860896466,0.5945185860896466,-0.3828154265360366,0.3828154265360366,0.0,0.040457911881483656,-0.09145029997867753,-0.05134895943145317,-1.1834339584328128e-09,-5.37936385761381e-10,0.1,0.0,1
8,1880,world,18.8,1.8700000000000003,1.246547691822052,2.117828497732377,-0.6700115791888182,0.5944202807428232,0.5944202807485182,-0.38296805328857814,0.38296805328490907,-9.580276768513015e-13,0.040466808801894405,-0.09144636343447958,-0.05134882192960567,4.3081373696522725e-10,1.9555746770881418e-10,0.1,0.0,1
8,1881,world,18.81,1.871,1.246547691822052,2.118233236100243,-0.6709260117184793,0.5943219365053809,0.5943219365110045,-0.3831206543460437,0.38312065434241843,-9.461975819123772e-13,0.04048189650446628,-0.09143968534176877,-0.051348657350150706,1.183991845526723e-09,5.367123648227239e-10,0.1,0.0,1
8,1882,world,18.82,1.872,1.246547691822052,2.118638156293877,-0.6718403637471121,0.5942235534253598,0.5942235534465022,-0.3832732296250313,0.3832732296113944,-3.557893984514895e-12,0.04050317368044245,-0.0914302626148034,-0.05134846569358157,-1.5119461902967768e-09,-6.84446973643755e-10,0.1,0.0,1
8,1883,world,18.830000000000002,1.8730000000000004,1.2465476918220517,2.1190433201987227,-0.6727546078079012,0.5941251315947377,0.5941251315806386,-0.3834257790139097,0.38342577902300873,2.373030467828812e-12,0.04053063832383241,-0.09141809097253502,-0.05134824696051024,-2.8095027540017053e-09,-1.27010907377271e-09,0.1,0.0,1
8,1884,world,18.84,1.874,1.246547691822052,2.119448789675811,-0.6736687163856153,0.5940266710300982,0.5940266710146028,-0.38357830244979485,0.38357830245980057,2.608484808014416e-12,0.04056428766743569,-0.09140316496726755,-0.051348001151657476,4.3078043027246744e-10,1.9447500021198402e-10,0.1,0.0,1
8,1885,world,18.85,1.8750000000000002,1.246547691822052,2.1198546265560907,-0.6745826619041068,0.5939281718031277,0.5939281717946476,-0.3837307998343742,0.38373079983985303,1.427769841852474e-12,0.04060411824166101,-0.09138547795912222,-0.05134772826777805,-3.3232862367973837e-10,-1.4982737931461373e-10,0.1,0.0,1
8,1886,world,18.86,1.8760000000000001,1.246547691822052,2.1202608926301982,-0.6754964167158022,0.5938296339862631,0.5938296339664434,-0.38388327106894327,0.3838832710817558,3.337570846398811e-12,0.04065012579799201,-0.09136502215075212,-0.05134742830970788,1.497896317300408e-09,6.743911281552691e-10,0.1,0.0,1
8,1887,world,18.87,1.8770000000000002,1.246547691822052,2.1206676496453647,-0.6764099530880474,0.5937310576083691,0.5937310576193984,-0.3840357160830732,0.3840357160759392,-1.8576084295391367e-12,0.04070230537209759,-0.09134178856031076,-0.05134710127842934,1.5571489227274968e-09,7.001066700927662e-10,0.1,0.0,1
8,1888,world,18.88,1.8780000000000001,1.2465476918220517,2.12107495929158,-0.6773232431942464,0.5936324427704699,0.5936324427709269,-0.3841881347597907,0.384188134759495,-7.69607380113154e-14,0.040760651207309734,-0.09131576705671393,-0.028144765357211717,4.5870252646754115e-10,2.0607960055161103e-10,0.1,0.0,1
8,1889,world,18.89,1.8790000000000002,1.2465476918220522,2.1214828792437244,-0.6782362608682773,0.5936229481400893,0.5936229481570868,-0.3842028050855504,0.3842028050745493,-2.863360765197508e-12,0.04082332255028845,-0.09128776662814744,0.007699335778036858,2.4646951171026816e-10,1.1069201122204057e-10,0.1,0.0,1
8,1890,world,18.900000000000002,1.8800000000000003,1.246547691822052,2.121891417722834,-0.679149001945653,0.5936620209438314,0.5936620209474964,-0.3841424278670882,0.38414242786471675,-6.173413917893296e-13,0.04088394048151785,-0.0912606345074573,0.020341279998872183,-1.557773365497091e-09,-6.997180660953497e-10,0.1,0.0,1
8,1891,world,18.91,1.8810000000000002,1.2465476918220522,2.1223005494014897,-0.680061477280015,0.5937010876369335,0.5937010876336559,-0.3840820466252669,0.3840820466273872,5.520449199271768e-13,0.040941962890275414,-0.09123461883896546,0.020341296603237625,-1.2170764480233318e-09,-5.469819079868233e-10,0.1,0.0,1
8,1892,world,18.92,1.8820000000000003,1.2465476918220517,2.1227102483376328,-0.6809736980597368,0.5937401482199183,0.5937401482077388,-0.3840216613629963,0.38402166137087385,2.0513182582400796e-12,0.04099739238644271,-0.09120972435827251,0.020341311524327305,1.6611961920693002e-09,7.469802605795846e-10,0.1,0.0,1
8,1893,world,18.93,1.8830000000000002,1.246547691822052,2.1231204886144686,-0.6818856755195926,0.5937792026684392,0.5937792026867915,-0.38396127209927305,0.3839612720874057,-3.090768234217128e-12,0.041050231430636325,-0.0911859556044197,0.02034132476210789,7.265021967491603e-10,3.2685798737639484e-10,0.1,0.0,1
8,1894,world,18.94,1.8840000000000003,1.246547691822052,2.1235312443394703,-0.6827974209385911,0.5938182510243672,0.5938182510216474,-0.3839008788102752,0.38390087881203355,4.580173786621766e-13,0.04110048240772221,-0.09116331688707097,0.020341336316559454,-1.4091838904143402e-09,-6.343509095122963e-10,0.1,0.0,1
8,1895,world,18.95,1.885,1.246547691822052,2.1239424896433476,-0.6837089456377882,0.5938572932463587,0.5938572932463587,-0.38384048152599587,0.38384048152599587,0.0,0.04114814757392123,-0.09114181231045827,0.02034134618768354,-2.825187325804175e-09,-1.2724599239887332e-09,0.1,0.0,1
8,1896,world,18.96,1.8860000000000003,1.2465476918220522,2.1243541986789998,-0.684620260978144,0.5938963293637878,0.5938963293242636,-0.3837800802307104,0.3837800802562512,6.655058331065536e-12,0.041193229112147414,-0.09112144574859495,0.020341354375509123,2.2801205525480311e-10,1.0275391719522904e-10,0.1,0.0,1
8,1897,world,18.97,1.887,1.246547691822052,2.1247663456204333,-0.6855313783583638,0.5939353593108814,0.5939353593138522,-0.38371967497018733,0.38371967496826803,-5.001755472252048e-13,0.04123572906094823,-0.09110222087749602,0.02034136087999458,1.6553619700349002e-09,7.463807401422603e-10,0.1,0.0,1
8,1898,world,18.98,1.8880000000000001,1.246547691822052,2.1251789046616594,-0.6864423092127638,0.5939743831567215,0.5939743831387635,-0.3836592657030567,0.3836592657146561,3.023354671425631e-12,0.04127564938432657,-0.09108414114379157,0.02034136570115637,-3.2066072241013765e-09,-1.4466011821593565e-09,0.1,0.0,1
8,1899,world,18.990000000000002,1.8890000000000005,1.2465476918220522,2.1255918500155833,-0.6873530650091578,0.5940134008659259,0.5940134008271046,-0.383598852455453,0.38359885248052283,6.535419180675863e-12,0.04131299190429152,-0.09106720979538103,0.020341368838992614,4.030026340454287e-09,1.8190671317022077e-09,0.1,0.0,1
8,1900,world,19.0,1.8900000000000001,1.246547691822052,2.1260051559128526,-0.6882636572467326,0.5940524123877636,0.5940524124223361,-0.3835384352634055,0.38353843524108455,-5.819725683569517e-12,0.04134775832724997,-0.09105142986966945,0.020341370293484207,2.9780955684830965e-09,1.3449713657847863e-09,0.1,0.0,1
8,1901,world,19.01,1.8910000000000002,1.246547691822052,2.1264187966007055,-0.6891740974539567,0.5940914178197131,0.5940914178197132,-0.3834780140672515,0.3834780140672515,0.0,0.041379950271586065,-0.09103680418117205,0.020341370064631673,-3.750960679060022e-09,-1.6949386455779803e-09,0.1,0.0,1
8,1902,world,19.02,1.8920000000000001,1.2465476918220524,2.1268327463417895,-0.6900843971864813,0.5941304170940404,0.5941304170797069,-0.3834175889140077,0.3834175889232576,2.4125042482991766e-12,0.04140956921646253,-0.09102333534488286,0.02034136815244733,-2.0292323517130877e-09,-9.174439049561089e-10,0.1,0.0,1
8,1903,world,19.03,1.8930000000000002,1.2465476918220522,2.1272469794129667,-0.6909945680250509,0.5941694102161347,0.5941694101896705,-0.38335715980347773,0.38335715982055235,4.453959482336071e-12,0.041436616507835214,-0.09101102577370832,0.020341364556948356,1.0990430863463847e-09,4.971662005283795e-10,0.1,0.0,1
8,1904,world,19.04,1.8940000000000001,1.246547691822052,2.1276614701041097,-0.691904621573438,0.5942083971641731,0.5942083971641732,-0.3832967267530267,0.3832967267530267,0.0,0.0414610934095887,-0.09099987765530985,0.020341359278101444,5.2753440868613044e-09,2.3876262243214323e-09,0.1,0.0,1
8,1905,world,19.05,1.8950000000000002,1.246547691822052,2.128076192716873,-0.6928145694563598,0.594247377945884,0.5942473779882363,-0.38323628976095353,0.3832362897336401,-7.127018084728203e-12,0.04148300100476468,-0.09098989299718235,0.02034135231593157,1.0740408636593977e-09,4.863692815394384e-10,0.1,0.0,1
8,1906,world,19.06,1.8960000000000001,1.2465476918220517,2.1284911215634654,-0.6937244233174275,0.5942863526009342,0.594286352614948,-0.3831758488049739,0.38317584879593836,-2.3580656979492244e-12,0.0415023403255482,-0.09098107356754138,0.020341343670424856,-5.908326646486191e-09,-2.677014184358307e-09,0.1,0.0,1
8,1907,world,19.07,1.8970000000000002,1.246547691822052,2.128906230965399,-0.694634194817087,0.5943253211005671,0.5943253210658233,-0.3831154039069383,0.3831154039293351,5.8459335298391475e-12,0.04151911221796527,-0.0909734209570686,0.020341333341592924,-1.073846574628615e-09,-4.868216974250326e-10,0.1,0.0,1
8,1908,world,19.080000000000002,1.8980000000000004,1.246547691822052,2.1293214952522357,-0.6955438956305658,0.5943642833892041,0.594364283389204,-0.38305495510597165,0.38305495510597165,0.0,0.041533317417874555,-0.09096693654436254,0.020341321329470308,1.7160412098640136e-09,7.78360714587024e-10,0.1,0.0,1
8,1909,world,19.09,1.8990000000000002,1.246547691822052,2.129736888760322,-0.6964535374458292,0.594403239528525,0.5944032395161775,-0.38299450236561783,0.3829945023735738,2.077303041542719e-12,0.04154495655927039,-0.09096162149218942,0.02034130763401415,5.551115161407082e-15,5.551115161407082e-15,0.1,0.0,1
8,1910,world,19.1,1.9000000000000004,1.246547691822052,2.1301523858315163,-0.6973631319615344,0.5944421894790225,0.5944421894790225,-0.3829340457146451,0.3829340457146451,0.0,0.041554030116845116,-0.09095747677375582,0.020341292255265042,-5.87677133235162e-10,-2.668532080391881e-10,0.1,0.0,1
8,1911,world,19.11,1.901,1.2465476918220522,2.1305679608119092,-0.6982726908849943,0.5944811332656171,0.594481133245594,-0.38287358514030906,0.3828735851532048,3.3681435722701584e-12,0.041560538444560174,-0.09095450315513925,0.02034127519321898,2.77555758070348e-15,0.0,0.1,0.0,1
8,1912,world,19.12,1.9020000000000004,1.2465476918220522,2.1309835880505417,-0.6991822259301392,0.5945200708484905,0.5945200708484905,-0.3828131206715698,0.3828131206715698,0.0,0.04156448178636699,-0.09095270119040318,0.012662691435780367,3.204725382526284e-09,1.456462732092125e-09,0.1,0.0,1
8,1913,world,19.13,1.903,1.246547691822052,2.131399242542667,-0.7000917485209217,0.5945296105791693,0.5945296106010015,-0.3827983047728691,0.3827983047588121,-3.67216234172785e-12,0.041566169829255144,-0.09095192975262,0.000368823065589374,1.7405799024358425e-10,7.91172682925383e-11,0.1,0.0,1
8,1914,world,19.14,1.9040000000000001,1.2465476918220522,2.1318149080481197,-0.7010012660785172,0.5945214827463973,0.5945214827486707,-0.38281092794254723,0.3828109279410833,-3.8241523378665287e-13,0.04156676830485135,-0.0909516562394045,-0.004246470583095446,-7.081529809122664e-10,-3.21911941644302e-10,0.1,0.0,1
8,1915,world,19.150000000000002,1.9050000000000005,1.2465476918220522,2.1322305746496832,-0.7019107831351714,0.5945133546303516,0.5945133546429339,-0.38282355094976483,0.3828235509416627,-2.116420894254644e-12,0.041566389041740336,-0.09095182956945226,-0.00424647074362076,-1.7406076585304442e-10,-7.910339052831621e-11,0.1,0.0,1
8,1916,world,19.16,1.9060000000000001,1.2465476918220522,2.1326462325698263,-0.7028203041593418,0.5945052262574445,0.5945052262574446,-0.3828361737774849,0.3828361737774849,0.0,0.0415650320134139,-0.09095244974009155,-0.004246470888849506,-1.4847428846410362e-09,-6.747713501095491e-10,0.1,0.0,1
8,1917,world,19.17,1.9070000000000003,1.2465476918220522,2.133061872030613,-0.7037298336193283,0.5944970976133771,0.5944970976065679,-0.38284879643488506,0.38284879643927006,1.1453715205091376e-12,0.041562697163288115,-0.09095351672427407,-0.0042464710187590056,-1.6225049086928872e-09,-7.373018864327174e-10,0.1,0.0,1
8,1918,world,19.18,1.9080000000000001,1.2465476918220524,2.133477483253588,-0.704639375982954,0.5944889687048542,0.5944889686836646,-0.38286141891761716,0.3828614189312636,3.5643180512977462e-12,0.04155938444381285,-0.09095503045269882,-0.004246471133359002,-2.2795376704210818e-10,-1.0356437932572151e-10,0.1,0.0,1
8,1919,world,19.19,1.9090000000000003,1.2465476918220526,2.133893056459651,-0.7055489357172299,0.5944808395152312,0.5944808395054454,-0.382874041236371,0.38287404124267355,1.6461137039770055e-12,0.04155509377110051,-0.09095699083454248,-0.00424647123263237,2.946876077378457e-09,1.3388234969129709e-09,0.1,0.0,1
8,1920,world,19.2,1.9100000000000001,1.2465476918220522,2.134308581868945,-0.7064585172880365,0.5944727100495951,0.5944727100668893,-0.38288666338784116,0.3828866633767024,-2.909149171384566e-12,0.04154982507041981,-0.09095939773666883,-0.004246471316595761,1.711991660062131e-09,7.776973511958444e-10,0.1,0.0,1
8,1921,world,19.21,1.9110000000000003,1.2465476918220526,2.134724049700733,-0.7073681251597922,0.5944645803317187,0.5944645803442892,-0.3828992853566863,0.3828992853485896,-2.1145713981098066e-12,0.04154357825541693,-0.09096225099312379,-0.004246471385246403,-2.8070046295790197e-09,-1.2749801218627137e-09,0.1,0.0,1
8,1922,world,19.22,1.9120000000000001,1.2465476918220522,2.135139450173279,-0.7082777637951224,0.5944564503593368,0.5944564503399764,-0.382911907144334,0.38291190715680473,3.256814537043144e-12,0.041536353202062976,-0.09096555041703136,-0.004246471438564862,-1.021105422745379e-09,-4.637484841979879e-10,0.1,0.0,1
8,1923,world,19.23,1.9130000000000003,1.2465476918220526,2.135554773503734,-0.7091874376545342,0.5944483200936148,0.5944483200928516,-0.38292452877576916,0.3829245287762607,1.2837503660710903e-13,0.04152814981083471,-0.09096929577219377,-0.004246471476603408,1.507269309817119e-09,6.844691482324136e-10,0.1,0.0,1
8,1924,world,19.240000000000002,1.9140000000000004,1.2465476918220524,2.1359700099080046,-0.710097151196108,0.5944401895686061,0.594440189568927,-0.38293715022902675,0.38293715022882013,-5.3970079898315824e-14,0.041518967945330554,-0.09097348680112582,-0.004246471499313491,1.681196848907335e-09,7.633532697133761e-10,0.1,0.0,1
8,1925,world,19.25,1.9150000000000003,1.2465476918220524,2.136385149600632,-0.7110069088751452,0.5944320587656957,0.5944320587868835,-0.38294977151606846,0.38294977150241855,-3.5643968920514558e-12,0.04150880746372006,-0.09097812321069182,-0.0042464715066909235,-1.6473544755490282e-09,-7.479156185513239e-10,0.1,0.0,1
8,1926,world,19.26,1.9160000000000004,1.2465476918220522,2.1368001827947523,-0.7119167151438247,0.5944239277264294,0.5944239277052418,-0.3829623926100989,0.3829623926237492,3.56440432166394e-12,0.04149766822080597,-0.09098320467116945,-0.004246471498764402,-1.6228129955824937e-09,-7.366857126539471e-10,0.1,0.0,1
8,1927,world,19.27,1.917,1.2465476918220524,2.1372150997018884,-0.7128265744509108,0.5944157963874374,0.5944157963874374,-0.3829750135519139,0.3829750135519139,0.0,0.04148555003713904,-0.09098873083033983,-0.004246471475529738,1.622846302273062e-09,7.366246503874926e-10,0.1,0.0,1
8,1928,world,19.28,1.9180000000000004,1.2465476918220524,2.137629890531871,-0.7137364912414108,0.5944076647911278,0.5944076647911279,-0.3829876343141618,0.3829876343141618,0.0,0.04147245275912414,-0.0909947012860761,-0.004246471436966141,-1.166575170148172e-09,-5.294570339301761e-10,0.1,0.0,1
8,1929,world,19.29,1.919,1.2465476918220524,2.138044545492721,-0.714646469956242,0.5943995329345552,0.5943995329193255,-0.38300025489870987,0.3830002549085231,2.5621984614490477e-12,0.0414583761823164,-0.09100111562132379,-0.004246471383095817,-2.7755575623973693e-15,0.0,0.1,0.0,1
8,1930,world,19.3,1.9200000000000002,1.2465476918220524,2.138459054790537,-0.7155565150319068,0.5943914007949074,0.5943914007949075,-0.3830128753202269,0.3830128753202269,0.0,0.04144332011542487,-0.0910079733749215,-0.0042464713139117975,5.325712095151857e-10,2.4164836805497533e-10,0.1,0.0,1
8,1931,world,19.31,1.921,1.2465476918220522,2.138873408629385,-0.7164666309001597,0.594383268399201,0.5943832683909239,-0.38302549556127485,0.38302549556660853,1.3925265836821024e-12,0.041427284348554104,-0.09101527405608383,-0.004246471229407172,1.762257007517142e-10,7.994716002728493e-11,0.1,0.0,1
8,1932,world,19.32,1.9220000000000002,1.2465476918220524,2.139287597211186,-0.7173768219876754,0.5943751357262881,0.5943751357285885,-0.3830381156354511,0.38303811563396856,-3.8704139434918596e-13,0.041410268665995675,-0.09102301713857906,-0.004246471129603201,6.340677984568509e-10,2.8765045909411224e-10,0.1,0.0,1
8,1933,world,19.330000000000002,1.9230000000000003,1.2465476918220522,2.139701610735608,-0.7182870927157226,0.5943670027920679,0.5943670027920679,-0.38305073553248004,0.38305073553248004,0.0,0.04139227283559621,-0.0910312020655751,-0.004246471014465218,-1.799285720957081e-09,-8.161443745501684e-10,0.1,0.0,1
8,1934,world,19.34,1.9240000000000002,1.2465476918220524,2.140115439399956,-0.7191974474998291,0.5943588695995772,0.5943588695783917,-0.383063355250374,0.38306335526402807,3.5644264944836322e-12,0.04137329661696259,-0.09103982824591023,-0.004246470884022339,-1.6230794491083034e-09,-7.36144478929198e-10,0.1,0.0,1
8,1935,world,19.35,1.9250000000000003,1.2465476918220522,2.1405290733990663,-0.7201078907494487,0.5943507361288134,0.5943507361076281,-0.3830759748019946,0.3830759748156491,3.5644243133630543e-12,0.041353339743036024,-0.09104889506247199,-0.0042464707382667095,1.6231155313566143e-09,7.360695388750132e-10,0.1,0.0,1
8,1936,world,19.36,1.9260000000000002,1.2465476918220524,2.140942502925199,-0.7210184268676303,0.5943426023798101,0.5943426023798101,-0.3830885941872911,0.3830885941872911,0.0,0.04133240197190297,-0.09105840184866543,-0.004246470577190002,2.078073824754491e-09,9.422962413186772e-10,0.1,0.0,1
8,1937,world,19.37,1.9270000000000003,1.246547691822052,2.141355718167936,-0.7219290602506885,0.5943344683708165,0.5943344683767541,-0.3831012133944714,0.38310121339064407,-9.99038284438126e-13,0.04131048301859837,-0.09106834791940664,-0.0051092510920249905,1.6221302086401922e-09,7.354450385224149e-10,0.1,0.0,1
8,1938,world,19.38,1.9280000000000002,1.246547691822052,2.1417687095280473,-0.7228397951908592,0.5943230286353022,0.5943230286564727,-0.38311896014998814,0.38311896013634095,-3.5621262555768757e-12,0.04128773902855689,-0.09107866163877126,-0.0072113342458737205,-1.3255008213639379e-09,-6.008554770054708e-10,0.1,0.0,1
8,1939,world,19.39,1.9290000000000003,1.246547691822052,2.1421814752324813,-0.7237506324256565,0.594306840125123,0.5943068401137621,-0.38314407183778415,0.3831440718451084,1.911613496634073e-12,0.04126554780359986,-0.09108871809652838,-0.00845063748275277,-1.244870874533228e-09,-5.64204239555723e-10,0.1,0.0,1
8,1940,world,19.400000000000002,1.9300000000000004,1.2465476918220517,2.1425940234032543,-0.7246615682094686,0.5942906505268868,0.5942906505318111,-0.38316918286133067,0.3831691828581557,-8.28604523083054e-13,0.0412442323359937,-0.09109837154974053,-0.008450638786832781,1.2441242495484177e-09,5.637296192121936e-10,0.1,0.0,1
8,1941,world,19.41,1.9310000000000003,1.246547691822052,2.1430063627992246,-0.7255725985154045,0.5942744598734292,0.5942744598783031,-0.38319429319922277,0.38319429319608,-8.201572201669157e-13,0.04122379288072739,-0.09110762262580938,-0.008450639970188975,-3.374411865061997e-09,-1.5286660844258288e-09,0.1,0.0,1
8,1942,world,19.42,1.9320000000000004,1.2465476918220515,2.1434185021818526,-0.7264837193226791,0.5942582681788063,0.5942582681397015,-0.3832194028421583,0.38321940286737577,6.580418792678106e-12,0.04120422969835099,-0.0911164719189979,-0.008450641032884294,-2.469552343340171e-10,-1.1184941874899939e-10,0.1,0.0,1
8,1943,world,19.43,1.933,1.2465476918220515,2.143830450314944,-0.7273949266164051,0.5942420753789462,0.5942420753805978,-0.3832445118312193,0.3832445118301541,-2.779478717089095e-13,0.04118554302035532,-0.09112492000610185,-0.00845064197486874,3.374983629920362e-09,1.5282386485608404e-09,0.1,0.0,1
8,1944,world,19.44,1.9340000000000004,1.2465476918220513,2.144242215964835,-0.7283062163872178,0.5942258815352165,0.5942258815401443,-0.38326962012659566,0.38326962012341725,-8.292821179699745e-13,0.0411677331161862,-0.09113296741615774,-0.008450642796131244,2.3691604262186795e-10,1.0725864653669795e-10,0.1,0.0,1
8,1945,world,19.45,1.935,1.2465476918220513,2.1446538079002386,-0.7292175846310326,0.5942096866308676,0.5942096866356098,-0.3832947277388521,0.38329472773579315,-7.98069011476578e-13,0.04115080016289818,-0.09114061468935362,-0.008450643496732873,-3.7775338457836184e-10,-1.7097989711092027e-10,0.1,0.0,1
8,1946,world,19.46,1.9360000000000002,1.246547691822051,2.145065234891872,-0.7301290273489103,0.5941934906667071,0.594193490666707,-0.38331983466723185,0.38331983466723185,0.0,0.041134744386741945,-0.09114786231304278,-0.0084506440766153,-3.635453054037687e-10,-1.6450729686963281e-10,0.1,0.0,1
8,1947,world,19.47,1.937,1.2465476918220508,2.145476505712481,-0.7310405405467324,0.5941772936383455,0.5941772936383455,-0.3833449409143303,0.3833449409143303,0.0,0.0411195659771843,-0.09115471076059639,-0.008450644535792442,-4.688222038391522e-10,-2.120970068768325e-10,0.1,0.0,1
8,1948,world,19.48,1.9380000000000002,1.2465476918220506,2.1458876291367384,-0.7319521202349519,0.5941610955514715,0.5941610955453566,-0.3833700464762419,0.3833700464801873,1.0291437666575725e-12,0.04110526513352163,-0.09116116047036091,-0.008450644874301283,1.9434454069192534e-11,8.79296636549585e-12,0.1,0.0,1
8,1949,world,19.490000000000002,1.9390000000000003,1.2465476918220506,2.146298613941113,-0.7328637624283406,0.594144896397046,0.5941448963972995,-0.38339515135856317,0.38339515135839963,-4.265274414706075e-14,0.04109184202409401,-0.09116721186406274,-0.008450645092102997,-6.066175347045106e-10,-2.7429725190548905e-10,0.1,0.0,1
8,1950,world,19.5,1.9400000000000002,1.2465476918220506,2.146709468903639,-0.7337754631457859,0.5941286961918947,0.5941286961778693,-0.38342025555020137,0.3834202555592527,2.3606728239166554e-12,0.04107929682755679,-0.09117286532819666,-0.008450645189175347,-5.476785698145723e-10,-2.4760471480416873e-10,0.1,0.0,1
8,1951,world,19.51,1.9410000000000003,1.2465476918220506,2.147120202804297,-0.7346872184098177,0.5941124949152462,0.5941124949083578,-0.3834453590643252,0.38344535906877103,1.159444355341965e-12,0.041067629677972874,-0.09117812123877572,-0.008450645165572005,1.858668776658189e-09,8.401140904064632e-10,0.1,0.0,1
8,1952,world,19.52,1.9420000000000002,1.2465476918220504,2.1475308244243583,-0.7355990242465894,0.5940962925730875,0.5940962925832987,-0.38347046189683687,0.383470461890246,-1.7187480699228765e-12,0.04105684072024174,-0.09118297993634943,-0.00845064502128187,1.113129034716984e-09,5.030142974807417e-10,0.1,0.0,1
8,1953,world,19.53,1.9430000000000003,1.2465476918220506,2.147941342546481,-0.7365108766855416,0.5940800891805029,0.5940800891881284,-0.38349556403776486,0.38349556403284235,-1.2835962787243809e-12,0.04104693009985944,-0.09118744173063116,-0.008450644756277185,-1.112879234536146e-09,-5.028116817785064e-10,0.1,0.0,1
8,1954,world,19.54,1.9440000000000002,1.2465476918220504,2.1483517659545996,-0.7374227717591382,0.5940638847325795,0.5940638847282806,-0.3835206654900437,0.3835206654928188,7.235879771677982e-13,0.04103789793361437,-0.09119150691369372,-0.00845064437059403,-5.848960212018659e-10,-2.641914468118103e-10,0.1,0.0,1
8,1955,world,19.55,1.9450000000000003,1.2465476918220504,2.14876210343382,-0.7383347055026087,0.5940476792167969,0.5940476792167969,-0.38354576626152137,0.38354576626152137,0.0,0.04102974433702972,-0.09119517574761277,-0.008450643864197267,3.395370100234684e-09,1.533331796692541e-09,0.1,0.0,1
8,1956,world,19.56,1.946,1.2465476918220506,2.1491723637702416,-0.7392466739537227,0.5940314726236953,0.5940314726636584,-0.3835708663580728,0.3835708663322682,-6.727453154738453e-12,0.04102246940190116,-0.09119844847457705,-0.008450643237100727,-3.1540048388359574e-10,-1.4240553198060146e-10,0.1,0.0,1
8,1957,world,19.57,1.9470000000000003,1.2465476918220504,2.1495825557510706,-0.7401586731524362,0.594015265013386,0.5940152650092747,-0.38359596574064825,0.3835959657433031,6.921050500584195e-13,0.04101607323238661,-0.09120132530065284,-0.00845064248931923,-3.0658559061326835e-09,-1.3838818996118304e-09,0.1,0.0,1
8,1958,world,19.580000000000002,1.9480000000000004,1.2465476918220508,2.1499926881643385,-0.7410706991407091,0.5939990563200183,0.5939990563200184,-0.38362106445153377,0.38362106445153377,0.0,0.041010555909336714,-0.09120380641183332,-0.008450641620836207,3.1542823945927936e-10,1.4235834750201451e-10,0.1,0.0,1
8,1959,world,19.59,1.949,1.2465476918220508,2.1504027697987995,-0.7419827479622428,0.5939828465700012,0.5939828465700013,-0.3836461624734416,0.3836461624734416,0.0,0.04100591748307669,-0.09120589197727912,-0.008450640631651529,-1.2004869335135882e-09,-5.416472832261166e-10,0.1,0.0,1
8,1960,world,19.6,1.9500000000000004,1.246547691822051,2.150812809443864,-0.7428948156622163,0.5939666357693629,0.5939666357537177,-0.38367125980224315,0.3836712598123492,2.6340334355735947e-12,0.04100215803760431,-0.09120758212045378,-0.008450639521756016,1.4547363331280464e-09,6.562056461584132e-10,0.1,0.0,1
8,1961,world,19.61,1.951,1.2465476918220513,2.151222815889491,-0.7438068982870141,0.5939504238854173,0.593950423904375,-0.38369635645881783,0.383696356446571,-3.1917931460353256e-12,0.040999277601147965,-0.09120887695933992,-0.008450638291185749,-1.961558695588001e-09,-8.846312581894523e-10,0.1,0.0,1
8,1962,world,19.62,1.9520000000000002,1.2465476918220515,2.151632797926085,-0.7447189918839813,0.5939342109909324,0.5939342109497273,-0.38372145239592304,0.38372145242254424,6.9376424979416605e-12,0.04099727624330401,-0.09120977656276888,-0.00845063693991571,-1.6953383161960556e-10,-7.643607977885623e-11,0.1,0.0,1
8,1963,world,19.63,1.953,1.2465476918220515,2.1520427643444138,-0.7456310925011445,0.5939179969797285,0.5939179969964762,-0.38374654768192124,0.3837465476711001,-2.8198672036161685e-12,0.040996153949483166,-0.09121028100685952,-0.06995929635198547,3.148059847577768e-09,1.4167307372712657e-09,0.1,0.0,1
8,1964,world,19.64,1.9540000000000002,1.246547691822052,2.1524527239193194,-0.7465431961942312,0.5936656168195716,0.5936656168193737,-0.3841368706676125,0.3841368706677404,3.3305219352709545e-14,0.04099588891807288,-0.09121040012968384,-0.06573397823493103,-1.3009483317143706e-09,-5.854261941599145e-10,0.1,0.0,0
8,1965,world,19.650000000000002,1.9550000000000003,1.2465476918220524,2.1528626828085002,-0.7474553001955281,0.5936656168195716,0.5936656168193737,-0.3841368706676125,0.3841368706677404,3.3303008962699017e-14,0.04099588891807288,-0.09121040012968384,0.0,0.0,0.0,0.1,0.0,0
8,1966,world,19.66,1.9560000000000002,1.2465476918220526,2.153272641697681,-0.7483674041968249,0.5936656168195716,0.5936656168193737,-0.3841368706676125,0.3841368706677404,3.330079857268848e-14,0.04099588891807289,-0.09121040012968384,0.0,0.0,0.0,0.1,0.0,0
8,1967,world,19.67,1.9570000000000003,1.246547691822053,2.153682600586862,-0.7492795081981218,0.5936656168195714,0.5936656168193737,-0.3841368706676125,0.3841368706677404,3.329858818267795e-14,0.04099588891807289,-0.09121040012968384,0.0,0.0,0.0,0.1,0.0,0
8,1968,world,19.68,1.9580000000000002,1.2465476918220533,2.1540925594760423,-0.7501916121994185,0.5936656168195714,0.5936656168193737,-0.3841368706676125,0.3841368706677404,3.329637779266742e-14,0.04099588891807289,-0.09121040012968384,0.0,0.0,0.0,0.1,0.0,0
8,1969,world,19.69,1.9590000000000003,1.2465476918220537,2.154502518365223,-0.7511037162007155,0.5936656168195714,0.5936656168193737,-0.3841368706676125,0.3841368706677404,3.3294167402656887e-14,0.0409958889180729,-0.09121040012968384,0.0,0.0,0.0,0.1,0.0,0
8,1970,world,19.7,1.9600000000000002,1.246547691822054,2.154912477254404,-0.7520158202020122,0.5936656168195715,0.5936656168193738,-0.38413687066761254,0.3841368706677404,3.329195701264635e-14,0.0409958889180729,-0.09121040012968384,0.0,0.0,0.0,0.1,0.0,0
8,1971,world,19.71,1.9610000000000003,1.2465476918220544,2.1553224361435848,-0.7529279242033091,0.5936656168195715,0.5936656168193738,-0.38413687066761254,0.3841368706677404,3.3289746622635825e-14,0.0409958889180729,-0.09121040012968384,0.0,0.0,0.0,0.1,0.0,0
8,1972,world,19.72,1.962,1.2465476918220546,2.155732395032765,-0.7538400282046057,0.5936656168195715,0.5936656168193738,-0.38413687066761254,0.3841368706677404,3.32875362326253e-14,0.040995888918072904,-0.09121040012968384,0.0,0.0,0.0,0.1,0.0,0
8,1973,world,19.73,1.9630000000000003,1.246547691822055,2.156142353921946,-0.7547521322059029,0.5936656168195715,0.5936656168193738,-0.38413687066761254,0.3841368706677404,3.328532584261476e-14,0.040995888918072904,-0.09121040012968384,0.0,0.0,0.0,0.1,0.0,0
8,1974,world,19.740000000000002,1.9640000000000004,1.2465476918220553,2.156552312811127,-0.7556642362071998,0.5936656168195715,0.5936656168193738,-0.38413687066761254,0.3841368706677404,3.328311545260423e-14,0.040995888918072904,-0.09121040012968384,0.0,0.0,0.0,0.1,0.0,0
8,1975,world,19.75,1.965,1.2465476918220557,2.1569622717003076,-0.7565763402084963,0.5936656168195715,0.5936656168193738,-0.38413687066761254,0.3841368706677404,3.3280905062593695e-14,0.040995888918072904,-0.09121040012968384,0.0,0.0,0.0,0.1,0.0,0
8,1976,world,19.76,1.9660000000000004,1.246547691822056,2.1573722305894885,-0.7574884442097934,0.5936656168195715,0.5936656168193738,-0.38413687066761254,0.3841368706677404,3.327869467258317e-14,0.040995888918072904,-0.09121040012968384,0.0,0.0,0.0,0.1,0.0,0
8,1977,world,19.77,1.967,1.2465476918220564,2.157782189478669,-0.75840054821109,0.5936656168195715,0.5936656168193738,-0.38413687066761254,0.3841368706677404,3.327648428257263e-14,0.040995888918072904,-0.09121040012968384,0.0,0.0,0.0,0.1,0.0,0
8,1978,world,19.78,1.9680000000000002,1.2465476918220566,2.1581921483678497,-0.759312652212387,0.5936656168195715,0.5936656168193738,-0.38413687066761254,0.3841368706677404,3.3274273892562105e-14,0.040995888918072904,-0.09121040012968384,0.0,0.0,0.0,0.1,0.0,0
8,1979,world,19.79,1.969,1.246547691822057,2.1586021072570305,-0.7602247562136837,0.5936656168195713,0.5936656168193738,-0.38413687066761254,0.3841368706677404,3.327206350255157e-14,0.04099588891807291,-0.09121040012968384,0.0,0.0,0.0,0.1,0.0,0
8,1980,world,19.8,1.9700000000000002,1.2465476918220573,2.1590120661462113,-0.7611368602149806,0.5936656168195713,0.5936656168193738,-0.38413687066761254,0.3841368706677404,3.3269853112541044e-14,0.04099588891807291,-0.09121040012968384,0.0,0.0,0.0,0.1,0.0,0
8,1981,world,19.81,1.971,1.2465476918220577,2.1594220250353917,-0.7620489642162773,0.5936656168195713,0.5936656168193738,-0.38413687066761254,0.3841368706677403,3.326764272253051e-14,0.04099588891807291,-0.09121040012968384,0.0,0.0,0.0,0.1,0.0,0
8,1982,world,19.82,1.9720000000000002,1.246547691822058,2.1598319839245725,-0.7629610682175743,0.5936656168195713,0.5936656168193738,-0.38413687066761254,0.3841368706677403,3.3265432332519975e-14,0.04099588891807292,-0.09121040012968384,0.0,0.0,0.0,0.1,0.0,0
8,1983,world,19.830000000000002,1.9730000000000003,1.2465476918220584,2.1602419428137534,-0.7638731722188712,0.5936656168195713,0.5936656168193738,-0.38413687066761254,0.3841368706677403,3.326322194250944e-14,0.04099588891807292,-0.09121040012968383,0.0,0.0,0.0,0.1,0.0,0
8,1984,world,19.84,1.9740000000000002,1.2465476918220586,2.160651901702934,-0.764785276220168,0.5936656168195713,0.5936656168193738,-0.38413687066761254,0.3841368706677403,3.3261011552498914e-14,0.04099588891807292,-0.09121040012968383,0.0,0.0,0.0,0.1,0.0,0
8,1985,world,19.85,1.9750000000000003,1.246547691822059,2.161061860592115,-0.7656973802214649,0.5936656168195713,0.5936656168193738,-0.38413687066761254,0.3841368706677403,3.3258801162488386e-14,0.040995888918072924,-0.09121040012968383,0.0,0.0,0.0,0.1,0.0,0
8,1986,world,19.86,1.9760000000000002,1.2465476918220593,2.1614718194812954,-0.7666094842227617,0.5936656168195713,0.5936656168193738,-0.38413687066761254,0.38413687066774027,3.325659077247785e-14,0.040995888918072924,-0.09121040012968383,0.0,0.0,0.0,0.1,0.0,0
8,1987,world,19.87,1.9770000000000003,1.2465476918220597,2.1618817783704762,-0.7675215882240586,0.5936656168195713,0.5936656168193738,-0.38413687066761254,0.38413687066774027,3.325438038246732e-14,0.040995888918072924,-0.09121040012968383,0.0,0.0,0.0,0.1,0.0,0
8,1988,world,19.88,1.978,1.24654769182206,2.162291737259657,-0.7684336922253552,0.5936656168195713,0.5936656168193738,-0.38413687066761254,0.38413687066774027,3.325216999245679e-14,0.04099588891807293,-0.09121040012968383,0.0,0.0,0.0,0.1,0.0,0
8,1989,world,19.89,1.9790000000000003,1.2465476918220604,2.162701696148838,-0.7693457962266522,0.5936656168195713,0.5936656168193738,-0.38413687066761254,0.38413687066774027,3.3249959602446256e-14,0.04099588891807293,-0.09121040012968383,0.0,0.0,0.0,0.1,0.0,0
8,1990,world,19.900000000000002,1.9800000000000004,1.2465476918220606,2.1631116550380187,-0.7702579002279493,0.5936656168195713,0.5936656168193738,-0.38413687066761254,0.38413687066774027,3.324774921243572e-14,0.04099588891807293,-0.09121040012968383,0.0,0.0,0.0,0.1,0.0,0
8,1991,world,19.91,1.981,1.246547691822061,2.163521613927199,-0.7711700042292458,0.5936656168195713,0.5936656168193738,-0.38413687066761254,0.38413687066774027,3.3245538822425194e-14,0.04099588891807293,-0.09121040012968383,0.0,0.0,0.0,0.1,0.0,0
8,1992,world,19.92,1.9820000000000004,1.2465476918220613,2.16393157281638,-0.7720821082305429,0.5936656168195712,0.5936656168193739,-0.38413687066761265,0.3841368706677403,3.3243328432414666e-14,0.04099588891807293,-0.09121040012968383,0.0,0.0,0.0,0.1,0.0,0
8,1993,world,19.93,1.983,1.2465476918220617,2.1643415317055608,-0.7729942122318394,0.5936656168195712,0.5936656168193739,-0.38413687066761265,0.3841368706677403,3.324111804240413e-14,0.04099588891807293,-0.09121040012968383,0.0,0.0,0.0,0.1,0.0,0
8,1994,world,19.94,1.9840000000000002,1.246547691822062,2.1647514905947416,-0.7739063162331363,0.5936656168195712,0.5936656168193739,-0.38413687066761265,0.3841368706677403,3.32389076523936e-14,0.04099588891807293,-0.09121040012968383,0.0,0.0,0.0,0.1,0.0,0
8,1995,world,19.95,1.985,1.2465476918220624,2.165161449483922,-0.7748184202344331,0.5936656168195712,0.5936656168193739,-0.38413687066761265,0.3841368706677403,3.3236697262383064e-14,0.04099588891807294,-0.09121040012968383,0.0,0.0,0.0,0.1,0.0,0
8,1996,world,19.96,1.9860000000000002,1.2465476918220626,2.165571408373103,-0.7757305242357301,0.5936656168195712,0.5936656168193739,-0.38413687066761265,0.3841368706677403,3.3234486872372536e-14,0.04099588891807294,-0.09121040012968382,0.0,0.0,0.0,0.1,0.0,0
8,1997,world,19.97,1.987,1.2465476918220628,2.1659813672622836,-0.7766426282370268,0.5936656168195712,0.5936656168193739,-0.38413687066761265,0.38413687066774027,3.3232276482362e-14,0.04099588891807294,-0.09121040012968382,0.0,0.0,0.0,0.1,0.0,0
8,1998,world,19.98,1.9880000000000002,1.2465476918220633,2.1663913261514645,-0.7775547322383237,0.5936656168195712,0.5936656168193739,-0.38413687066761265,0.38413687066774027,3.3230066092351474e-14,0.040995888918072945,-0.09121040012968382,0.0,0.0,0.0,0.1,0.0,0
8,1999,world,19.990000000000002,1.9890000000000003,1.2465476918220635,2.1668012850406453,-0.7784668362396207,0.5936656168195712,0.5936656168193739,-0.38413687066761265,0.38413687066774027,3.322785570234094e-14,0.040995888918072945,-0.09121040012968382,0.0,0.0,0.0,0.1,0.0,0
8,2000,world,20.0,1.9900000000000002,1.246547691822064,2.1672112439298257,-0.7793789402409174,0.5936656168195712,0.5936656168193739,-0.38413687066761265,0.38413687066774027,3.322564531233041e-14,0.040995888918072945,-0.09121040012968382,0.0,0.0,0.0,0.1,0.0,0
8,2001,world,20.01,1.9910000000000003,1.2465476918220642,2.1676212028190065,-0.7802910442422143,0.5936656168195712,0.5936656168193739,-0.38413687066761265,0.38413687066774027,3.322343492231988e-14,0.04099588891807295,-0.09121040012968382,0.0,0.0,0.0,0.1,0.0,0
8,2002,world,20.02,1.9920000000000002,1.2465476918220646,2.1680311617081873,-0.7812031482435111,0.5936656168195712,0.5936656168193739,-0.38413687066761265,0.38413687066774027,3.3221224532309344e-14,0.04099588891807295,-0.09121040012968382,0.0,0.0,0.0,0.1,0.0,0
8,2003,world,20.03,1.9930000000000003,1.2465476918220648,2.168441120597368,-0.782115252244808,0.5936656168195712,0.5936656168193739,-0.38413687066761265,0.3841368706677402,3.321901414229881e-14,0.04099588891807295,-0.09121040012968382,0.0,0.0,0.0,0.1,0.0,0
8,2004,world,20.04,1.994,1.2465476918220653,2.1688510794865485,-0.7830273562461045,0.5936656168195712,0.5936656168193739,-0.38413687066761265,0.3841368706677402,3.321680375228828e-14,0.04099588891807295,-0.09121040012968382,0.0,0.0,0.0,0.1,0.0,0
8,2005,world,20.05,1.9950000000000003,1.2465476918220655,2.1692610383757294,-0.7839394602474017,0.5936656168195712,0.5936656168193739,-0.38413687066761265,0.3841368706677402,3.3214593362277755e-14,0.04099588891807296,-0.09121040012968382,0.0,0.0,0.0,0.1,0.0,0
8,2006,world,20.06,1.996,1.246547691822066,2.16967099726491,-0.7848515642486983,0.5936656168195712,0.5936656168193739,-0.38413687066761265,0.3841368706677402,3.321238297226722e-14,0.04099588891807296,-0.09121040012968382,0.0,0.0,0.0,0.1,0.0,0
8,2007,world,20.07,1.997,1.2465476918220662,2.170080956154091,-0.7857636682499952,0.5936656168195712,0.5936656168193739,-0.38413687066761265,0.3841368706677402,3.3210172582256687e-14,0.04099588891807296,-0.09121040012968382,0.0,0.0,0.0,0.1,0.0,0
8,2008,world,20.080000000000002,1.9980000000000004,1.2465476918220666,2.170490915043272,-0.7866757722512924,0.5936656168195712,0.5936656168193739,-0.38413687066761265,0.38413687066774016,3.320796219224616e-14,0.04099588891807296,-0.0912104001296838,0.0,0.0,0.0,0.1,0.0,0
8,2009,world,20.09,1.999,1.2465476918220668,2.1709008739324522,-0.7875878762525889,0.5936656168195711,0.593665616819374,-0.3841368706676127,0.3841368706677402,3.3205751802235625e-14,0.04099588891807296,-0.0912104001296838,0.0,0.0,0.0,0.1,0.0,0
8,2010,world,20.1,2.0,1.2465476918220673,2.171310832821633,-0.7884999802538856,0.5936656168195711,0.593665616819374,-0.3841368706676127,0.3841368706677402,3.320354141222509e-14,0.04099588891807296,-0.0912104001296838,0.0,0.0,0.0,0.1,0.0,0
8,2011,world,20.11,2.001,1.2465476918220675,2.171720791710814,-0.7894120842551824,0.5936656168195711,0.593665616819374,-0.3841368706676127,0.3841368706677402,3.320133102221456e-14,0.040995888918072966,-0.0912104001296838,0.0,0.0,0.0,0.1,0.0,0
8,2012,world,20.12,2.0020000000000002,1.246547691822068,2.1721307505999947,-0.7903241882564794,0.5936656168195711,0.593665616819374,-0.3841368706676127,0.3841368706677402,3.3199120632204035e-14,0.040995888918072966,-0.0912104001296838,0.0,0.0,0.0,0.1,0.0,0
8,2013,world,20.13,2.003,1.2465476918220681,2.172540709489175,-0.7912362922577763,0.5936656168195711,0.593665616819374,-0.3841368706676127,0.3841368706677402,3.31969102421935e-14,0.040995888918072966,-0.0912104001296838,0.0,0.0,0.0,0.1,0.0,0
8,2014,world,20.14,2.004,1.2465476918220686,2.172950668378356,-0.792148396259073,0.5936656168195711,0.593665616819374,-0.3841368706676127,0.3841368706677402,3.319469985218297e-14,0.04099588891807297,-0.0912104001296838,0.0,0.0,0.0,0.1,0.0,0
8,2015,world,20.150000000000002,2.0050000000000003,1.2465476918220688,2.1733606272675368,-0.7930605002603701,0.5936656168195711,0.593665616819374,-0.3841368706676127,0.3841368706677402,3.319248946217243e-14,0.04099588891807297,-0.0912104001296838,0.0,0.0,0.0,0.1,0.0,0
8,2016,world,20.16,2.0060000000000002,1.2465476918220693,2.1737705861567176,-0.7939726042616668,0.5936656168195711,0.593665616819374,-0.3841368706676127,0.3841368706677402,3.3190279072161905e-14,0.04099588891807297,-0.0912104001296838,0.0,0.0,0.0,0.1,0.0,0
8,2017,world,20.17,2.007,1.2465476918220695,2.1741805450458984,-0.7948847082629635,0.5936656168195711,0.593665616819374,-0.3841368706676127,0.3841368706677402,3.318806868215137e-14,0.04099588891807297,-0.0912104001296838,0.0,0.0,0.0,0.1,0.0,0
8,2018,world,20.18,2.008,1.24654769182207,2.174590503935079,-0.7957968122642604,0.5936656168195711,0.593665616819374,-0.3841368706676127,0.3841368706677402,3.3185858292140843e-14,0.04099588891807298,-0.0912104001296838,0.0,0.0,0.0,0.1,0.0,0
8,2019,world,20.19,2.0090000000000003,1.2465476918220701,2.1750004628242596,-0.7967089162655574,0.593665616819571,0.5936656168193741,-0.38413687066761276,0.3841368706677402,3.318364790213031e-14,0.04099588891807298,-0.0912104001296838,0.0,0.0,0.0,0.1,0.0,0
8,2020,world,20.2,2.01,1.2465476918220706,2.1754104217134405,-0.7976210202668538,0.593665616819571,0.5936656168193741,-0.38413687066761276,0.3841368706677402,3.318143751211978e-14,0.04099588891807298,-0.0912104001296838,0.0,0.0,0.0,0.1,0.0,0
8,2021,world,20.21,2.011,1.2465476918220708,2.1758203806026213,-0.7985331242681509,0.593665616819571,0.5936656168193741,-0.38413687066761276,0.3841368706677402,3.317922712210925e-14,0.04099588891807299,-0.09121040012968379,0.0,0.0,0.0,0.1,0.0,0
8,2022,world,20.22,2.012,1.2465476918220713,2.1762303394918017,-0.7994452282694476,0.593665616819571,0.5936656168193741,-0.38413687066761276,0.3841368706677402,3.3177016732098713e-14,0.04099588891807299,-0.09121040012968379,0.0,0.0,0.0,0.1,0.0,0
8,2023,world,20.23,2.013,1.2465476918220715,2.1766402983809825,-0.8003573322707445,0.593665616819571,0.5936656168193741,-0.38413687066761276,0.3841368706677402,3.317480634208818e-14,0.04099588891807299,-0.09121040012968379,0.0,0.0,0.0,0.1,0.0,0
8,2024,world,20.240000000000002,2.0140000000000002,1.246547691822072,2.1770502572701633,-0.8012694362720415,0.593665616819571,0.5936656168193741,-0.38413687066761276,0.3841368706677402,3.317259595207765e-14,0.04099588891807299,-0.09121040012968379,0.0,0.0,0.0,0.1,0.0,0
8,2025,world,20.25,2.015,1.2465476918220721,2.177460216159344,-0.8021815402733383,0.593665616819571,0.5936656168193741,-0.38413687066761276,0.38413687066774016,3.3170385562067124e-14,0.04099588891807299,-0.09121040012968379,0.0,0.0,0.0,0.1,0.0,0
8,2026,world,20.26,2.016,1.2465476918220726,2.177870175048525,-0.803093644274635,0.593665616819571,0.5936656168193741,-0.38413687066761276,0.38413687066774016,3.316817517205659e-14,0.04099588891807299,-0.09121040012968379,0.0,0.0,0.0,0.1,0.0,0
8,2027,world,20.27,2.017,1.2465476918220728,2.1782801339377054,-0.8040057482759317,0.593665616819571,0.5936656168193741,-0.38413687066761276,0.38413687066774016,3.3165964782046056e-14,0.040995888918072994,-0.09121040012968379,0.0,0.0,0.0,0.1,0.0,0
8,2028,world,20.28,2.0180000000000002,1.2465476918220733,2.178690092826886,-0.8049178522772289,0.593665616819571,0.5936656168193741,-0.38413687066761276,0.38413687066774016,3.316375439203553e-14,0.040995888918072994,-0.09121040012968379,0.0,0.0,0.0,0.1,0.0,0
8,2029,world,20.29,2.0189999999999997,1.2465476918220735,2.179100051716067,-0.8058299562785253,0.593665616819571,0.5936656168193741,-0.38413687066761276,0.38413687066774016,3.3161544002024994e-14,0.040995888918072994,-0.09121040012968379,0.0,0.0,0.0,0.1,0.0,0
8,2030,world,20.3,2.02,1.246547691822074,2.179510010605248,-0.8067420602798224,0.593665616819571,0.5936656168193741,-0.38413687066761276,0.3841368706677401,3.315933361201446e-14,0.040995888918073,-0.09121040012968379,0.0,0.0,0.0,0.1,0.0,0
8,2031,world,20.31,2.021,1.2465476918220741,2.1799199694944282,-0.8076541642811191,0.593665616819571,0.5936656168193741,-0.38413687066761276,0.3841368706677401,3.315712322200393e-14,0.040995888918073,-0.09121040012968379,0.0,0.0,0.0,0.1,0.0,0
8,2032,world,20.32,2.022,1.2465476918220746,2.180329928383609,-0.8085662682824158,0.593665616819571,0.5936656168193741,-0.38413687066761276,0.3841368706677401,3.3154912831993404e-14,0.040995888918073,-0.09121040012968379,0.0,0.0,0.0,0.1,0.0,0
8,2033,world,20.330000000000002,2.023,1.2465476918220748,2.18073988727279,-0.809478372283713,0.593665616819571,0.5936656168193741,-0.38413687066761276,0.3841368706677401,3.3152702441982876e-14,0.04099588891807301,-0.09121040012968379,0.0,0.0,0.0,0.1,0.0,0
8,2034,world,20.34,2.024,1.2465476918220753,2.1811498461619707,-0.8103904762850097,0.593665616819571,0.5936656168193741,-0.38413687066761276,0.3841368706677401,3.3150492051972336e-14,0.04099588891807301,-0.09121040012968379,0.0,0.0,0.0,0.1,0.0,0
8,2035,world,20.35,2.025,1.2465476918220755,2.181559805051151,-0.8113025802863065,0.593665616819571,0.5936656168193741,-0.38413687066761276,0.3841368706677401,3.31482816619618e-14,0.04099588891807301,-0.09121040012968379,0.0,0.0,0.0,0.1,0.0,0
8,2036,world,20.36,2.026,1.246547691822076,2.181969763940332,-0.8122146842876032,0.593665616819571,0.5936656168193741,-0.38413687066761276,0.3841368706677401,3.3146071271951274e-14,0.04099588891807301,-0.09121040012968379,0.0,0.0,0.0,0.1,0.0,0
8,2037,world,20.37,2.027,1.2465476918220761,2.1823797228295128,-0.8131267882889004,0.593665616819571,0.5936656168193741,-0.38413687066761276,0.3841368706677401,3.314386088194074e-14,0.040995888918073015,-0.09121040012968379,0.0,0.0,0.0,0.1,0.0,0
8,2038,world,20.38,2.028,1.2465476918220766,2.1827896817186936,-0.8140388922901971,0.593665616819571,0.5936656168193741,-0.38413687066761276,0.3841368706677401,3.314165049193021e-14,0.040995888918073015,-0.09121040012968379,0.0,0.0,0.0,0.1,0.0,0
8,2039,world,20.39,2.029,1.2465476918220768,2.1831996406078744,-0.8149509962914938,0.593665616819571,0.5936656168193741,-0.38413687066761276,0.3841368706677401,3.313944010191968e-14,0.040995888918073015,-0.09121040012968379,0.0,0.0,0.0,0.1,0.0,0
8,2040,world,20.400000000000002,2.0300000000000002,1.2465476918220773,2.1836095994970552,-0.815863100292791,0.593665616819571,0.5936656168193741,-0.38413687066761276,0.3841368706677401,3.313722971190915e-14,0.040995888918073015,-0.09121040012968379,0.0,0.0,0.0,0.1,0.0,0
8,2041,world,20.41,2.031,1.2465476918220775,2.1840195583862356,-0.8167752042940877,0.5936656168195711,0.5936656168193742,-0.3841368706676128,0.3841368706677401,3.3135019321898617e-14,0.040995888918073015,-0.09121040012968379,0.0,0.0,0.0,0.1,0.0,0
8,2042,world,20.42,2.032,1.246547691822078,2.1844295172754165,-0.8176873082953845,0.5936656168195711,0.5936656168193742,-0.3841368706676128,0.3841368706677401,3.313280893188808e-14,0.040995888918073015,-0.09121040012968379,0.0,0.0,0.0,0.1,0.0,0
8,2043,world,20.43,2.033,1.2465476918220781,2.1848394761645973,-0.8185994122966812,0.5936656168195711,0.5936656168193742,-0.3841368706676128,0.3841368706677401,3.313059854187755e-14,0.04099588891807302,-0.09121040012968379,0.0,0.0,0.0,0.1,0.0,0
8,2044,world,20.44,2.0340000000000003,1.2465476918220786,2.185249435053778,-0.8195115162979784,0.5936656168195711,0.5936656168193742,-0.3841368706676128,0.3841368706677401,3.312838815186702e-14,0.04099588891807302,-0.09121040012968379,0.0,0.0,0.0,0.1,0.0,0
8,2045,world,20.45,2.0349999999999997,1.2465476918220788,2.1856593939429585,-0.8204236202992746,0.5936656168195711,0.5936656168193742,-0.3841368706676128,0.3841368706677401,3.312617776185649e-14,0.04099588891807302,-0.09121040012968379,0.0,0.0,0.0,0.1,0.0,0
8,2046,world,20.46,2.036,1.246547691822079,2.1860693528321393,-0.8213357243005718,0.5936656168195711,0.5936656168193742,-0.3841368706676128,0.3841368706677401,3.3123967371845965e-14,0.04099588891807303,-0.09121040012968379,0.0,0.0,0.0,0.1,0.0,0
8,2047,world,20.47,2.037,1.2465476918220795,2.18647931172132,-0.8222478283018686,0.5936656168195711,0.5936656168193742,-0.3841368706676128,0.38413687066774005,3.312175698183543e-14,0.040995888918073035,-0.09121040012968379,0.0,0.0,0.0,0.1,0.0,0
8,2048,world,20.48,2.038,1.2465476918220797,2.186889270610501,-0.8231599323031653,0.5936656168195711,0.5936656168193742,-0.3841368706676128,0.38413687066774005,3.3119546591824903e-14,0.040995888918073035,-0.09121040012968379,0.0,0.0,0.0,0.1,0.0,0
8,2049,world,20.490000000000002,2.039,1.2465476918220801,2.187299229499682,-0.8240720363044625,0.5936656168195709,0.5936656168193742,-0.3841368706676128,0.38413687066774005,3.311733620181437e-14,0.040995888918073035,-0.09121040012968379,0.0,0.0,0.0,0.1,0.0,0
8,2050,world,20.5,2.04,1.2465476918220804,2.187709188388862,-0.8249841403057592,0.5936656168195709,0.5936656168193742,-0.3841368706676128,0.38413687066774005,3.311512581180383e-14,0.040995888918073035,-0.09121040012968377,0.0,0.0,0.0,0.1,0.0,0
8,2051,world,20.51,2.041,1.2465476918220808,2.188119147278043,-0.8258962443070559,0.5936656168195709,0.5936656168193742,-0.3841368706676128,0.38413687066774005,3.31129154217933e-14,0.040995888918073035,-0.09121040012968377,0.0,0.0,0.0,0.1,0.0,0
8,2052,world,20.52,2.042,1.246547691822081,2.188529106167224,-0.8268083483083526,0.5936656168195709,0.5936656168193742,-0.3841368706676128,0.38413687066774,3.3110705031782773e-14,0.040995888918073035,-0.09121040012968377,0.0,0.0,0.0,0.1,0.0,0
8,2053,world,20.53,2.043,1.2465476918220815,2.1889390650564047,-0.8277204523096497,0.5936656168195709,0.5936656168193742,-0.3841368706676128,0.38413687066774,3.310849464177224e-14,0.04099588891807304,-0.09121040012968377,0.0,0.0,0.0,0.1,0.0,0
8,2054,world,20.54,2.04399888988514,1.2465476918220817,2.1893485688441303,-0.8286315437707408,0.5936656168195709,0.5936656168193742,-0.3841368706676128,0.38413687066774,3.275747228597748e-14,0.04056394808082538,-0.0902493892176764,0.0,0.0,0.0,0.09894638011603832,-0.5,0
8,2055,world,20.55,2.0449633536863008,1.2465476918220821,2.1897439593527093,-0.8295112350628855,0.5936656168195709,0.5936656168193742,-0.3841368706676128,0.38413687066774,3.110015516310804e-14,0.0385141536349214,-0.08568886921119151,0.0,0.0,0.0,0.09394638011603754,-0.5,0
8,2056,world,20.56,2.045877817487461,1.2465476918220824,2.1901188519168286,-0.8303453211549646,0.5936656168195709,0.5936656168193742,-0.3841368706676128,0.38413687066774,2.944314952744939e-14,0.036464359189018164,-0.08112834920470822,0.0,0.0,0.0,0.08894638011603853,-0.5,0
8,2057,world,20.57,2.0467422812886213,1.2465476918220826,2.1904732465364893,-0.8311338020469795,0.5936656168195709,0.5936656168193742,-0.3841368706676128,0.38413687066774,2.7786438801075272e-14,0.03441456474311419,-0.07656782919822332,0.0,0.0,0.0,0.08394638011603775,-0.5,0
8,2058,world,20.580000000000002,2.047556745089782,1.246547691822083,2.1908071432116913,-0.8318766777389296,0.593665616819571,0.5936656168193744,-0.3841368706676129,0.38413687066774,2.6130006406061204e-14,0.03236477029721022,-0.07200730919173842,0.0,0.0,0.0,0.07894638011603697,-0.5,0
8,2059,world,20.59,2.048321208890942,1.2465476918220832,2.1911205419424338,-0.8325739482308141,0.593665616819571,0.5936656168193744,-0.3841368706676129,0.38413687066774,2.447383576448268e-14,0.03031497585130698,-0.06744678918525514,0.0,0.0,0.0,0.07394638011603796,-0.5,0
8,2060,world,20.6,2.0490356726921024,1.2465476918220835,2.191413442728717,-0.8332256135226344,0.593665616819571,0.5936656168193744,-0.3841368706676129,0.38413687066774,2.2817910298413454e-14,0.02826518140540301,-0.06288626917877024,0.0,0.0,0.0,0.06894638011603718,-0.5,0
8,2061,world,20.61,2.049700136493263,1.2465476918220837,2.1916858455705417,-0.8338316736143898,0.593665616819571,0.5936656168193744,-0.3841368706676129,0.38413687066774,2.1162213429929626e-14,0.026215386959499765,-0.05832574917228696,0.0,0.0,0.0,0.06394638011603818,-0.5,0
8,2062,world,20.62,2.0503146002944233,1.246547691822084,2.191937750467907,-0.8343921285060801,0.593665616819571,0.5936656168193744,-0.3841368706676129,0.38413687066774,1.9506728581104935e-14,0.02416559251359579,-0.05376522916580206,0.0,0.0,0.0,0.058946380116037395,-0.5,0
8,2063,world,20.63,2.0508790640955836,1.2465476918220841,2.192169157420814,-0.8349069781977058,0.593665616819571,0.5936656168193744,-0.3841368706676129,0.38413687066774,1.785143917401548e-14,0.02211579806769255,-0.04920470915931878,0.0,0.0,0.0,0.05394638011603839,-0.5,0
8,2064,world,20.64,2.051393527896744,1.2465476918220841,2.192380066429261,-0.8353762226892666,0.593665616819571,0.5936656168193744,-0.3841368706676129,0.38413687066774,1.6196328630735007e-14,0.020066003621788574,-0.04464418915283388,0.0,0.0,0.0,0.04894638011603761,-0.5,0
8,2065,world,20.650000000000002,2.0518579916979043,1.2465476918220844,2.1925704774932493,-0.8357998619807623,0.593665616819571,0.5936656168193744,-0.3841368706676129,0.38413687066774,1.4541380373339024e-14,0.0180162091758846,-0.04008366914634898,0.0,0.0,0.0,0.043946380116036826,-0.5,0
8,2066,world,20.66,2.0522724554990646,1.2465476918220846,2.1927403906127787,-0.8361778960721933,0.593665616819571,0.5936656168193744,-0.3841368706676129,0.38413687066774,1.288657782390304e-14,0.01596641472998136,-0.03552314913986569,0.0,0.0,0.0,0.03894638011603782,-0.5,0
8,2067,world,20.67,2.0526369193002254,1.2465476918220846,2.1928898057878494,-0.8365103249635599,0.593665616819571,0.5936656168193744,-0.3841368706676129,0.38413687066774,1.1231904404500801e-14,0.013916620284077384,-0.03096262913338079,0.0,0.0,0.0,0.03394638011603704,-0.5,0
8,2068,world,20.68,2.052951383101386,1.2465476918220848,2.1930187230184606,-0.8367971486548615,0.593665616819571,0.5936656168193744,-0.3841368706676129,0.38413687066774,9.577343537208402e-15,0.01186682583817414,-0.02640210912689751,0.0,0.0,0.0,0.028946380116038034,-0.5,0
8,2069,world,20.69,2.0532158469025457,1.2465476918220848,2.1931271423046126,-0.8370383671460975,0.593665616819571,0.5936656168193744,-0.3841368706676129,0.38413687066774,7.92287864409959e-15,0.009817031392270166,-0.02184158912041261,0.0,0.0,0.0,0.023946380116037252,-0.5,0
8,2070,world,20.7,2.0534303107037064,1.2465476918220848,2.193215063646306,-0.8372339804372695,0.593665616819571,0.5936656168193744,-0.3841368706676129,0.38413687066774,6.2684931472504605e-15,0.007767236946366922,-0.017281069113929327,0.0,0.0,0.0,0.018946380116038247,-0.5,0
8,2071,world,20.71,2.053594774504867,1.246547691822085,2.19328248704354,-0.8373839885283765,0.593665616819571,0.5936656168193744,-0.3841368706676129,0.38413687066774,4.61417046873476e-15,0.005717442500462948,-0.012720549107444428,0.0,0.0,0.0,0.013946380116037466,-0.5,0
8,2072,world,20.72,2.053709238306027,1.246547691822085,2.193329412496315,-0.8374883914194182,0.593665616819571,0.5936656168193744,-0.3841368706676129,0.38413687066774,2.9598940306285846e-15,0.003667648054559703,-0.008160029100961147,0.0,0.0,0.0,0.00894638011603846,-0.5,0
8,2073,world,20.73,2.0537737021071876,1.246547691822085,2.193355840004631,-0.8375471891103956,0.593665616819571,0.5936656168193744,-0.3841368706676129,0.38413687066774,1.3056472550056803e-15,0.0016178536086557296,-0.0035995090944762453,0.0,0.0,0.0,0.003946380116037679,-0.5,0
8,2074,world,20.737892760232075,2.053789276023208,1.246547691822085,2.193362224669943,-0.8375613941415136,0.593665616819571,0.5936656168193744,-0.3841368706676129,0.38413687066774,0.0,0.0,-0.0,0.0,0.0,0.0,0.0,0.0,0
