row_index,point_index,frame_id,t,s,position_x,position_y,position_z,orientation_x,orientation_y,orientation_z,orientation_w,linear_velocity_x,linear_velocity_y,linear_velocity_z,angular_velocity_x,angular_velocity_y,angular_velocity_z,path_speed,path_acceleration,paint
16,0,world,0.0,0.0,1.3952431505374863,0.7982588745748601,-0.6413383050356815,0.8996655422026748,-0.16704037007878045,-0.36150195207474184,-0.17892949891860332,-0.0,0.0,0.0,-0.0,-0.0,-0.0,0.0,-0.0,0
16,1,world,0.01,5.58276354967191e-06,1.3952392905947253,0.7982598663998631,-0.6413343955121943,0.8996655422026828,-0.16704037007873668,-0.3615019520747332,-0.17892949891862098,-0.0016336395815872856,0.0004197690699890068,0.0016546235810508548,-0.0,-0.0,-0.0,0.0023627872417163742,0.5,0
16,2,world,0.02,5.42106359666672e-05,1.3952056691091568,0.798268505551294,-0.6413003421607215,0.8996655422027537,-0.16704037007835512,-0.3615019520746572,-0.17892949891877427,-0.005090657532137281,0.0013080612161783679,0.005156046713520329,7.584766148483284e-11,-5.68656233213033e-11,8.66376415054091e-11,0.007362787241716268,0.5,0
16,3,world,0.03,0.00015283850838399005,1.3951374774440826,0.7982860276241869,-0.6412312745779238,0.8996655422028974,-0.1670403700775813,-0.3615019520745033,-0.17892949891908516,-0.008547675482697407,0.002196353362352179,0.008657469845983746,1.273689487213486e-10,-9.546252677240029e-11,1.4546280846517828e-10,0.012362787241716161,0.5,0
16,4,world,0.04,0.0003014663808009743,1.395034715599503,0.7983124326185416,-0.6411271927638016,0.8996655422031139,-0.16704037007641517,-0.36150195207427144,-0.17892949891955376,-0.012004693433274547,0.0030846455084998815,0.012158892978436989,1.7888954206847393e-10,-1.3407608356886667e-10,2.0429352654007054e-10,0.017362787241716054,0.5,0
16,5,world,0.05,0.0005000942532182862,1.3948973835754181,0.7983477205343583,-0.6409880967183545,0.8996655422034032,-0.16704037007485675,-0.36150195207396146,-0.17892949892017998,-0.01546171138387558,0.003972937654610915,0.015660316110875944,2.3040042096401946e-10,-1.7267853813500103e-10,2.631270201723937e-10,0.022362787241715948,0.5,0
16,6,world,0.06,0.0007487221256354815,1.3947254813718275,0.798391891371637,-0.6408139864415827,0.8996655422037654,-0.16704037007290604,-0.36150195207357355,-0.17892949892096383,-0.01891872933450739,0.004861229800674721,0.019161739243296495,2.8191407541735534e-10,-2.1129764604667628e-10,3.219646771413205e-10,0.02736278724171584,0.5,0
16,7,world,0.07,0.0010473499980525602,1.3945190089887318,0.7984449451303776,-0.6406048619334863,0.8996655422042005,-0.16704037007056294,-0.3615019520731075,-0.1789294989219053,-0.022375747285177466,0.0057495219466808965,0.022663162375695153,3.334242604235195e-10,-2.499056517279407e-10,3.8079678299487337e-10,0.03236278724171662,0.5,0
16,8,world,0.08,0.0013959778704699666,1.3942779664261302,0.7985068818105802,-0.640360723194065,0.8996655422047083,-0.16704037006782765,-0.3615019520725635,-0.1789294989230044,-0.02583276523589146,0.006637814092618566,0.026164585508066558,3.8493375154039863e-10,-2.8851365740928396e-10,4.3961917439708095e-10,0.037362787241716516,0.5,0
16,9,world,0.09,0.0017946057428870343,1.3940023536840234,0.7985777014122446,-0.6400815702233192,0.899665542205289,-0.16704037006470004,-0.36150195207194147,-0.1789294989242611,-0.029289783186656874,0.0075261062384773285,0.029666008640407217,4.3645087544080093e-10,-3.271272142059218e-10,4.984596069237001e-10,0.04236278724171641,0.5,0
16,10,world,0.1,0.0022432336153039856,1.3936921707624113,0.7986574039353711,-0.6397674030212488,0.8996655422059426,-0.1670403700611801,-0.3615019520712414,-0.1789294989256755,-0.03274680113748058,0.008414398384246626,0.033167431772713016,4.879659176726886e-10,-3.6572966877205614e-10,5.572875494408999e-10,0.0473627872417163,0.5,0
16,11,world,0.11,0.0027418614877212644,1.3933474176612934,0.7987459893799594,-0.6394182215878533,0.8996655422066689,-0.1670403700572679,-0.3615019520704634,-0.1789294989272475,-0.03620381908836948,0.009302690529915896,0.03666885490497984,5.394809599045764e-10,-4.0434322556843667e-10,6.16121043073223e-10,0.0523627872417162,0.5,0
16,12,world,0.12,0.0032904893601384266,1.3929680943806702,0.7988434577460098,-0.6390340259231333,0.8996655422074682,-0.16704037005296335,-0.3615019520696073,-0.17892949892897714,-0.03966083703933042,0.010190982675474582,0.04017027803720357,5.909897571320653e-10,-4.4295123124978e-10,6.749517611481155e-10,0.05736278724171609,0.5,0
16,13,world,0.13,0.0038891172325556944,1.3925542009205414,0.7989498090335221,-0.6386148160270885,0.8996655422083403,-0.16704037004826658,-0.36150195206867314,-0.17892949893086438,-0.043117854990370304,0.011079274820912121,0.04367170116938011,6.425013299172297e-10,-4.815703391614552e-10,7.337797036655767e-10,0.06236278724171598,0.5,0
16,14,world,0.14,0.004537745104972624,1.3921057372809074,0.7990650432424964,-0.6381605918997192,0.8996655422092852,-0.16704037004317746,-0.36150195206766095,-0.17892949893290927,-0.046574872941496,0.011967566966217957,0.04717312430150532,6.940246988219167e-10,-5.201727937276753e-10,7.926131972980305e-10,0.06736278724171588,0.5,0
16,15,world,0.15,0.00523637297738988,1.3916227034617676,0.7991891603729325,-0.637671353541025,0.8996655422103028,-0.16704037003769603,-0.3615019520665708,-0.17892949893511184,-0.05003189089271502,0.012855859111381686,0.05067454743357572,7.45536965496138e-10,-5.58780799408854e-10,8.514494664877954e-10,0.07236278724171666,0.5,0
16,16,world,0.16,0.005985000849807243,1.3911050994631222,0.7993221604248307,-0.6371471009510059,0.8996655422113934,-0.16704037003182226,-0.3615019520654026,-0.17892949893747198,-0.05348890884403301,0.013744151256392433,0.05417597056558595,7.970450688343504e-10,-5.973999073205291e-10,9.10280184562818e-10,0.07736278724171655,0.5,0
16,17,world,0.17,0.006783628722224266,1.3905529252849718,0.7994640433981908,-0.6365878341296624,0.8996655422125569,-0.16704037002555633,-0.3615019520641564,-0.17892949893998983,-0.05694592679545746,0.014632443401239799,0.05767739369753253,8.485580293982958e-10,-6.360079130019581e-10,9.691081270802794e-10,0.08236278724171645,0.5,0
16,18,world,0.18,0.007632256594641396,1.3899661809273158,0.7996148092930129,-0.6359935530769941,0.8996655422137931,-0.167040370018898,-0.36150195206283214,-0.17892949894266522,-0.060402944746995244,0.015520735545913216,0.06117881682941132,9.000730716301836e-10,-6.746159186832155e-10,1.0279471718277256e-09,0.08736278724171634,0.5,0
16,19,world,0.19,0.00853088446705863,1.3893448663901542,0.7997744581092968,-0.635364257793001,0.8996655422151022,-0.16704037001184735,-0.3615019520614299,-0.17892949894549828,-0.06385996269865325,0.016409027690402134,0.06468023996121823,9.515908894198046e-10,-7.132183732494785e-10,1.0867737265663408e-09,0.09236278724171623,0.5,0
16,20,world,0.2,0.009479512339475638,1.3886889816734873,0.7999429898470427,-0.6346999482776834,0.8996655422164841,-0.16704037000440447,-0.3615019520599496,-0.178929498948489,-0.06731698065043837,0.01729731983469599,0.06818166309294912,1.0031056544218405e-09,-7.5183359709227e-10,1.1456137503564339e-09,0.09736278724171613,0.5,0
16,21,world,0.21,0.01047255744834319,1.388002386720076,0.8001194126812475,-0.634004534054528,0.8996655422179307,-0.16704036999661298,-0.3615019520584001,-0.17892949895161972,-0.06914035902053829,0.017765842909151532,0.0700284626436881,1.030266990515431e-09,-7.721919360221362e-10,1.1766398707717085e-09,0.1,-0.0,0
16,22,world,0.22,0.01147255744834319,1.3873109831299666,0.8002970711104865,-0.6333042494280336,0.8996655422193874,-0.1670403699887671,-0.3615019520568396,-0.17892949895477234,-0.0691403590214557,0.01776584290774359,0.07002846264313951,1.0302703135067178e-09,-7.721934203174917e-10,1.1766296270642633e-09,0.1,-0.0,0
16,23,world,0.23,0.012472557448343302,1.386619579539857,0.8004747295397255,-0.6326039648015392,0.8996655422208442,-0.16704036998092112,-0.3615019520552792,-0.17892949895792504,-0.06914035902237313,0.017765842906335646,0.07002846264259092,1.0302807218475736e-09,-7.721934203174917e-10,1.1766365659581672e-09,0.1,-0.0,0
16,24,world,0.24,0.013472557448343303,1.385928175949748,0.8006523879689644,-0.631903680175045,0.899665542222301,-0.16704036997307514,-0.3615019520537188,-0.17892949896107774,-0.06914035902329055,0.017765842904927706,0.07002846264204231,1.0302703135067749e-09,-7.722045225477808e-10,1.1766365659582324e-09,0.1,-0.0,0
16,25,world,0.25,0.014472557448343304,1.3852367723596386,0.8008300463982034,-0.6312033955485505,0.8996655422237577,-0.16704036996522917,-0.3615019520521583,-0.17892949896423035,-0.06914035902420797,0.017765842903519763,0.07002846264149372,1.0302640685022613e-09,-7.722045225477806e-10,1.1766393415157937e-09,0.1,-0.0,0
16,26,world,0.26,0.015472557448343305,1.3845453687695293,0.8010077048274424,-0.6305031109220562,0.8996655422252144,-0.1670403699573832,-0.3615019520505979,-0.17892949896738297,-0.06914035902512539,0.017765842902111823,0.07002846264094513,1.0302682318386039e-09,-7.722045225477808e-10,1.1766393415157941e-09,0.1,-0.0,0
16,27,world,0.27,0.016472557448343306,1.38385396517942,0.8011853632566813,-0.629802826295562,0.8996655422266713,-0.1670403699495372,-0.36150195204903735,-0.17892949897053564,-0.0691403590260428,0.017765842900703883,0.07002846264039651,1.0302703135068323e-09,-7.722100736629467e-10,1.1766379537370785e-09,0.1,-0.0,0
16,28,world,0.28,0.017472557448343196,1.3831625615893106,0.8013630216859203,-0.6291025416690676,0.899665542228128,-0.16704036994169122,-0.36150195204747687,-0.1789294989736883,-0.06914035902696024,0.01776584289929594,0.07002846263984792,1.030273782953784e-09,-7.721934203175773e-10,1.1766379537370785e-09,0.1,-0.0,0
16,29,world,0.29,0.018472557448343196,1.3824711579992013,0.8015406801151592,-0.6284022570425734,0.8996655422295847,-0.16704036993384525,-0.3615019520459165,-0.178929498976841,-0.06914035902787764,0.017765842897888,0.07002846263929934,1.0302710073961655e-09,-7.722045225477808e-10,1.1766379537370134e-09,0.1,-0.0,0
16,30,world,0.3,0.019472557448343197,1.3817797544090922,0.8017183385443982,-0.627701972416079,0.8996655422310416,-0.16704036992599927,-0.361501952044356,-0.1789294989799936,-0.06914035902879506,0.017765842896480057,0.07002846263875072,1.0302654562810423e-09,-7.721934203175345e-10,1.1766379537370134e-09,0.1,-0.0,0
16,31,world,0.31,0.020472557448343198,1.3810883508189828,0.8018959969736372,-0.6270016877895846,0.8996655422324983,-0.16704036991815333,-0.36150195204279567,-0.17892949898314625,-0.06914035902971248,0.017765842895072114,0.07002846263820213,1.0302751707324505e-09,-7.721878692023686e-10,1.1766393415157288e-09,0.1,-0.0,0
16,32,world,0.32,0.02147255744834331,1.3803969472288733,0.8020736554028762,-0.6263014031630902,0.899665542233955,-0.16704036991030732,-0.3615019520412352,-0.17892949898629892,-0.06914035903062991,0.017765842893664174,0.07002846263765354,1.0302744768430601e-09,-7.72204522547738e-10,1.1766407292945096e-09,0.1,-0.0,0
16,33,world,0.33,0.02247255744834331,1.3797055436387642,0.8022513138321151,-0.625601118536596,0.8996655422354117,-0.16704036990246132,-0.3615019520396747,-0.1789294989894516,-0.06914035903154733,0.01776584289225623,0.07002846263710492,1.0302710073961655e-09,-7.722045225477808e-10,1.1766365659582324e-09,0.1,-0.0,0
16,34,world,0.34,0.023472557448343312,1.3790141400486549,0.8024289722613541,-0.6249008339101015,0.8996655422368686,-0.16704036989461538,-0.3615019520381143,-0.17892949899260424,-0.06914035903246475,0.01776584289084829,0.07002846263655634,1.0302668440598231e-09,-7.721989714326576e-10,1.1766393415157941e-09,0.1,-0.0,0
16,35,world,0.35000000000000003,0.024472557448343313,1.3783227364585455,0.802606630690593,-0.6242005492836072,0.8996655422383253,-0.1670403698867694,-0.36150195203655383,-0.17892949899575689,-0.06914035903338216,0.01776584288944035,0.07002846263600775,1.0302668440598802e-09,-7.722045225478235e-10,1.1766407292946399e-09,0.1,-0.0,0
16,36,world,0.36,0.025472557448343203,1.3776313328684362,0.802784289119832,-0.623500264657113,0.8996655422397821,-0.16704036987892343,-0.36150195203499336,-0.17892949899890953,-0.06914035903429959,0.01776584288803241,0.07002846263545913,1.0302654562810996e-09,-7.721989714327004e-10,1.1766324026219556e-09,0.1,-0.0,0
16,37,world,0.37,0.026472557448343204,1.3769399292783269,0.802961947549071,-0.6227999800306186,0.8996655422412388,-0.1670403698710775,-0.36150195203343294,-0.17892949900206218,-0.06914035903521701,0.01776584288662447,0.07002846263491054,1.0302744768431172e-09,-7.721989714326574e-10,1.1766393415157937e-09,0.1,-0.0,0
16,38,world,0.38,0.027472557448343204,1.3762485256882175,0.8031396059783099,-0.6220996954041244,0.8996655422426956,-0.16704036986323145,-0.36150195203187246,-0.17892949900521488,-0.06914035903613443,0.017765842885216526,0.07002846263436195,1.0302814157370211e-09,-7.721934203175345e-10,1.176639341515794e-09,0.1,-0.0,0
16,39,world,0.39,0.028472557448343205,1.3755571220981084,0.8033172644075489,-0.62139941077763,0.8996655422441523,-0.1670403698553855,-0.3615019520303121,-0.17892949900836755,-0.06914035903705185,0.017765842883808582,0.07002846263381333,1.0302730890642793e-09,-7.721934203174915e-10,1.1766407292945094e-09,0.1,-0.0,0
16,40,world,0.4,0.029472557448343317,1.3748657185079989,0.8034949228367879,-0.6206991261511355,0.8996655422456091,-0.16704036984753948,-0.3615019520287516,-0.1789294990115202,-0.06914035903796927,0.017765842882400643,0.07002846263326475,1.030267537949156e-09,-7.721934203174913e-10,1.1766379537369476e-09,0.1,-0.0,0
16,41,world,0.41000000000000003,0.030472557448343318,1.3741743149178896,0.8036725812660268,-0.6199988415246412,0.8996655422470659,-0.16704036983969356,-0.3615019520271912,-0.17892949901467284,-0.06914035903888668,0.0177658428809927,0.07002846263271616,1.0302696196173845e-09,-7.721934203175342e-10,1.1766337904006706e-09,0.1,-0.0,0
16,42,world,0.42,0.03147255744834332,1.3734829113277804,0.8038502396952658,-0.619298556898147,0.8996655422485226,-0.16704036983184758,-0.3615019520256308,-0.17892949901782548,-0.0691403590398041,0.01776584287958476,0.07002846263216754,1.030275864621898e-09,-7.721989714326573e-10,1.176643504852136e-09,0.1,-0.0,0
16,43,world,0.43,0.03247255744834332,1.3727915077376711,0.8040278981245048,-0.6185982722716525,0.8996655422499793,-0.16704036982400156,-0.3615019520240703,-0.17892949902097816,-0.06914035904072154,0.017765842878176823,0.07002846263161897,1.030271701285613e-09,-7.722045225478236e-10,1.176642117073421e-09,0.1,-0.0,0
16,44,world,0.44,0.03347255744834321,1.3721001041475618,0.8042055565537437,-0.6178979876451584,0.8996655422514361,-0.16704036981615558,-0.36150195202250984,-0.1789294990241308,-0.06914035904163894,0.017765842876768877,0.07002846263107036,1.0302668440598802e-09,-7.721989714327003e-10,1.1766351781795165e-09,0.1,-0.0,0
16,45,world,0.45,0.03447255744834321,1.3714087005574525,0.8043832149829827,-0.617197703018664,0.899665542252893,-0.16704036980830966,-0.3615019520209495,-0.17892949902728347,-0.06914035904255637,0.017765842875360937,0.07002846263052175,1.030272395174946e-09,-7.721934203175343e-10,1.1766351781794514e-09,0.1,-0.0,0
16,46,world,0.46,0.03547255744834321,1.3707172969673431,0.8045608734122216,-0.6164974183921696,0.8996655422543497,-0.1670403698004637,-0.361501952019389,-0.17892949903043615,-0.06914035904347379,0.017765842873952994,0.07002846262997316,1.0302703135067749e-09,-7.722045225477806e-10,1.1766379537370127e-09,0.1,-0.0,0
16,47,world,0.47000000000000003,0.03647255744834321,1.3700258933772338,0.8047385318414606,-0.6157971337656754,0.8996655422558064,-0.1670403697926177,-0.36150195201782853,-0.17892949903358876,-0.0691403590443912,0.01776584287254505,0.07002846262942457,1.0302675379491562e-09,-7.721989714326146e-10,1.1766407292945092e-09,0.1,-0.0,0
16,48,world,0.48,0.037472557448343324,1.3693344897871245,0.8049161902706996,-0.615096849139181,0.8996655422572633,-0.16704036978477174,-0.3615019520162681,-0.17892949903674144,-0.06914035904530862,0.01776584287113711,0.07002846262887596,1.0302730890642793e-09,-7.721878692023684e-10,1.176635178179386e-09,0.1,-0.0,0
16,49,world,0.49,0.038472557448343325,1.3686430861970151,0.8050938486999385,-0.6143965645126865,0.89966554225872,-0.16704036977692577,-0.3615019520147077,-0.1789294990398941,-0.06914035904622605,0.017765842869729168,0.07002846262832736,1.0302730890643364e-09,-7.721878692024112e-10,1.1766365659582322e-09,0.1,-0.0,0
16,50,world,0.5,0.039472557448343326,1.3679516826069058,0.8052715071291775,-0.6136962798861922,0.8996655422601767,-0.16704036976907982,-0.3615019520131473,-0.17892949904304675,-0.06914035904714347,0.017765842868321228,0.07002846262777877,1.0302682318386039e-09,-7.722045225477808e-10,1.1766379537370134e-09,0.1,-0.0,0
16,51,world,0.51,0.04047255744834333,1.3672602790167965,0.8054491655584165,-0.612995995259698,0.8996655422616334,-0.1670403697612338,-0.36150195201158675,-0.17892949904619937,-0.06914035904806089,0.017765842866913288,0.07002846262723017,1.0302758646219553e-09,-7.722045225478235e-10,1.1766421170734206e-09,0.1,-0.0,0
16,52,world,0.52,0.04147255744834322,1.3665688754266874,0.8056268239876554,-0.6122957106332036,0.8996655422630903,-0.16704036975338782,-0.3615019520100264,-0.1789294990493521,-0.0691403590489783,0.017765842865505345,0.07002846262668157,1.0302765585113459e-09,-7.721878692024542e-10,1.1766379537370787e-09,0.1,-0.0,0
16,53,world,0.53,0.04247255744834322,1.365877471836578,0.8058044824168944,-0.6115954260067094,0.8996655422645469,-0.16704036974554184,-0.3615019520084659,-0.17892949905250471,-0.06914035904989572,0.017765842864097405,0.07002846262613298,1.030263374612871e-09,-7.721989714326574e-10,1.1766365659582322e-09,0.1,-0.0,0
16,54,world,0.54,0.04347255744834322,1.3651860682464687,0.8059821408461333,-0.610895141380215,0.8996655422660037,-0.1670403697376959,-0.36150195200690544,-0.17892949905565733,-0.06914035905081314,0.017765842862689462,0.07002846262558438,1.0302633746128714e-09,-7.72215624778027e-10,1.1766393415157941e-09,0.1,-0.0,0
16,55,world,0.55,0.04447255744834322,1.3644946646563594,0.8061597992753723,-0.6101948567537206,0.8996655422674605,-0.16704036972984992,-0.36150195200534496,-0.17892949905880998,-0.06914035905173056,0.01776584286128152,0.07002846262503577,1.0302696196173845e-09,-7.722100736629037e-10,1.176637953737013e-09,0.1,-0.0,0
16,56,world,0.56,0.04547255744834322,1.36380326106625,0.8063374577046113,-0.6094945721272264,0.8996655422689173,-0.16704036972200395,-0.3615019520037845,-0.17892949906196265,-0.06914035905264798,0.01776584285987358,0.07002846262448718,1.03027447684306e-09,-7.721934203174915e-10,1.1766365659581668e-09,0.1,-0.0,0
16,57,world,0.5700000000000001,0.04647255744834333,1.3631118574761407,0.8065151161338503,-0.608794287500732,0.899665542270374,-0.16704036971415795,-0.36150195200222407,-0.17892949906511532,-0.0691403590535654,0.017765842858465636,0.07002846262393858,1.0302765585112313e-09,-7.721878692023686e-10,1.176644892630852e-09,0.1,-0.0,0
16,58,world,0.58,0.04747255744834333,1.3624204538860314,0.8066927745630892,-0.6080940028742375,0.8996655422718307,-0.16704036970631195,-0.36150195200066365,-0.17892949906826797,-0.06914035905448283,0.0177658428570577,0.07002846262338999,1.0302710073961652e-09,-7.722045225477806e-10,1.1766462804096974e-09,0.1,-0.0,0
16,59,world,0.59,0.048472557448343334,1.361729050295922,0.8068704329923282,-0.6073937182477432,0.8996655422732875,-0.16704036969846592,-0.3615019519991032,-0.1789294990714206,-0.06914035905540025,0.017765842855649756,0.07002846262284139,1.0302703135068321e-09,-7.721989714327004e-10,1.1766379537370787e-09,0.1,-0.0,0
16,60,world,0.6,0.049472557448343224,1.361037646705813,0.8070480914215671,-0.606693433621249,0.8996655422747443,-0.16704036969062003,-0.3615019519975428,-0.17892949907457328,-0.06914035905631766,0.017765842854241813,0.07002846262229279,1.03026684405988e-09,-7.721878692024541e-10,1.176625463728051e-09,0.1,-0.0,0
16,61,world,0.61,0.050472557448343225,1.3603462431157036,0.8072257498508061,-0.6059931489947546,0.899665542276201,-0.1670403696827741,-0.36150195199598234,-0.17892949907772593,-0.06914035905723509,0.017765842852833873,0.0700284626217442,1.0302696196173847e-09,-7.721934203175345e-10,1.1766365659582326e-09,0.1,-0.0,0
16,62,world,0.62,0.051472557448343226,1.3596548395255943,0.8074034082800451,-0.6052928643682604,0.8996655422776577,-0.1670403696749281,-0.3615019519944219,-0.17892949908087857,-0.06914035905815251,0.01776584285142593,0.0700284626211956,1.0302717012855556e-09,-7.722045225477806e-10,1.176649055967259e-09,0.1,-0.0,0
16,63,world,0.63,0.05247255744834323,1.358963435935485,0.807581066709284,-0.604592579741766,0.8996655422791145,-0.16704036966708205,-0.36150195199286145,-0.17892949908403122,-0.06914035905906993,0.017765842850017987,0.07002846262064699,1.0302717012855556e-09,-7.722100736629039e-10,1.1766421170733555e-09,0.1,-0.0,0
16,64,world,0.64,0.05347255744834323,1.3582720323453756,0.807758725138523,-0.6038922951152716,0.8996655422805713,-0.1670403696592361,-0.361501951991301,-0.1789294990871839,-0.06914035905998735,0.017765842848610047,0.07002846262009839,1.03027447684306e-09,-7.721989714326144e-10,1.1766393415157284e-09,0.1,-0.0,0
16,65,world,0.65,0.05447255744834334,1.3575806287552663,0.807936383567762,-0.6031920104887772,0.8996655422820281,-0.16704036965139007,-0.36150195198974056,-0.17892949909033656,-0.06914035906090477,0.017765842847202104,0.0700284626195498,1.0302696196173272e-09,-7.721989714326144e-10,1.1766365659581666e-09,0.1,-0.0,0
16,66,world,0.66,0.05547255744834334,1.356889225165157,0.8081140419970009,-0.602491725862283,0.8996655422834848,-0.16704036964354418,-0.3615019519881801,-0.1789294990934892,-0.06914035906182218,0.017765842845794164,0.0700284626190012,1.030268925727994e-09,-7.722045225477806e-10,1.17663240262189e-09,0.1,-0.0,0
16,67,world,0.67,0.05647255744834334,1.3561978215750476,0.8082917004262399,-0.6017914412357885,0.8996655422849416,-0.16704036963569815,-0.3615019519866196,-0.17892949909664185,-0.06914035906273962,0.017765842844386228,0.07002846261845261,1.0302710073962223e-09,-7.721934203175772e-10,1.176639341515859e-09,0.1,-0.0,0
16,68,world,0.68,0.05747255744834323,1.3555064179849385,0.8084693588554788,-0.6010911566092944,0.8996655422863983,-0.16704036962785224,-0.36150195198505924,-0.1789294990997945,-0.06914035906365702,0.01776584284297828,0.070028462617904,1.0302703135068323e-09,-7.721934203175773e-10,1.1766351781795171e-09,0.1,-0.0,0
16,69,world,0.6900000000000001,0.05847255744834323,1.3548150143948292,0.8086470172847178,-0.6003908719828,0.8996655422878551,-0.16704036962000623,-0.36150195198349877,-0.17892949910294717,-0.06914035906457444,0.01776584284157034,0.0700284626173554,1.0302751707325078e-09,-7.721934203175345e-10,1.1766421170733555e-09,0.1,-0.0,0
16,70,world,0.7000000000000001,0.05947255744834323,1.3541236108047199,0.8088246757139568,-0.5996905873563056,0.8996655422893118,-0.16704036961216026,-0.3615019519819384,-0.17892949910609984,-0.06914035906549186,0.0177658428401624,0.0700284626168068,1.0302772524006788e-09,-7.721878692024114e-10,1.1766351781794518e-09,0.1,-0.0,0
16,71,world,0.71,0.060472557448343234,1.3534322072146105,0.8090023341431957,-0.5989903027298114,0.8996655422907686,-0.1670403696043143,-0.36150195198037793,-0.17892949910925252,-0.0691403590664093,0.017765842838754455,0.07002846261625821,1.0302696196173847e-09,-7.722045225477808e-10,1.1766379537370134e-09,0.1,-0.0,0
16,72,world,0.72,0.061472557448343235,1.3527408036245012,0.8091799925724347,-0.598290018103317,0.8996655422922253,-0.1670403695964683,-0.36150195197881746,-0.17892949911240513,-0.06914035906732671,0.01776584283734652,0.07002846261570962,1.0302668440597658e-09,-7.72204522547738e-10,1.176644892630852e-09,0.1,-0.0,0
16,73,world,0.73,0.06247255744834335,1.352049400034392,0.8093576510016737,-0.5975897334768225,0.8996655422936821,-0.16704036958862228,-0.36150195197725704,-0.17892949911555778,-0.06914035906824412,0.017765842835938576,0.07002846261516102,1.0302730890642793e-09,-7.721989714326146e-10,1.176637953736948e-09,0.1,-0.0,0
16,74,world,0.74,0.06347255744834335,1.3513579964442826,0.8095353094309126,-0.5968894488503282,0.8996655422951388,-0.16704036958077637,-0.36150195197569657,-0.17892949911871045,-0.06914035906916154,0.017765842834530633,0.07002846261461242,1.0302703135067749e-09,-7.722045225477806e-10,1.1766296270643283e-09,0.1,-0.0,0
16,75,world,0.75,0.06447255744834335,1.3506665928541732,0.8097129678601516,-0.596189164223834,0.8996655422965957,-0.1670403695729304,-0.3615019519741361,-0.17892949912186312,-0.06914035907007897,0.017765842833122693,0.07002846261406381,1.030273089064394e-09,-7.721934203175775e-10,1.1766351781795171e-09,0.1,-0.0,0
16,76,world,0.76,0.06547255744834324,1.349975189264064,0.8098906262893906,-0.5954888795973396,0.8996655422980523,-0.16704036956508445,-0.36150195197257573,-0.17892949912501577,-0.06914035907099639,0.01776584283171475,0.07002846261351522,1.030271701285613e-09,-7.721989714327004e-10,1.1766393415158595e-09,0.1,-0.0,0
16,77,world,0.77,0.06647255744834324,1.3492837856739548,0.8100682847186295,-0.5947885949708454,0.8996655422995091,-0.16704036955723842,-0.3615019519710152,-0.1789294991281684,-0.0691403590719138,0.01776584283030681,0.07002846261296662,1.030271701285556e-09,-7.721934203175345e-10,1.176640729294575e-09,0.1,-0.0,0
16,78,world,0.78,0.06747255744834324,1.3485923820838455,0.8102459431478685,-0.594088310344351,0.8996655423009658,-0.1670403695493925,-0.3615019519694549,-0.17892949913132108,-0.06914035907283123,0.017765842828898867,0.07002846261241802,1.0302730890643366e-09,-7.721934203175345e-10,1.1766351781794518e-09,0.1,-0.0,0
16,79,world,0.79,0.06847255744834324,1.3479009784937361,0.8104236015771074,-0.5933880257178566,0.8996655423024227,-0.1670403695415465,-0.36150195196789436,-0.17892949913447373,-0.06914035907374864,0.017765842827490923,0.07002846261186943,1.0302744768431172e-09,-7.721934203175343e-10,1.1766407292945745e-09,0.1,-0.0,0
16,80,world,0.8,0.06947255744834324,1.3472095749036268,0.8106012600063464,-0.5926877410913624,0.8996655423038794,-0.16704036953370055,-0.36150195196633406,-0.17892949913762643,-0.06914035907466608,0.017765842826082987,0.07002846261132083,1.0302710073962225e-09,-7.721934203175773e-10,1.176633790400736e-09,0.1,-0.0,0
16,81,world,0.81,0.07047255744834313,1.3465181713135175,0.8107789184355854,-0.5919874564648681,0.8996655423053361,-0.16704036952585458,-0.3615019519647735,-0.17892949914077902,-0.06914035907558348,0.017765842824675044,0.07002846261077222,1.0302640685022043e-09,-7.722211758931071e-10,1.17664211707329e-09,0.1,-0.0,0
16,82,world,0.8200000000000001,0.07147255744834335,1.3458267677234081,0.8109565768648244,-0.5912871718383735,0.899665542306793,-0.16704036951800855,-0.361501951963213,-0.1789294991439317,-0.0691403590765009,0.0177658428232671,0.07002846261022364,1.0302751707323934e-09,-7.722045225476949e-10,1.1766448926307862e-09,0.1,-0.0,0
16,83,world,0.8300000000000001,0.07247255744834336,1.3451353641332988,0.8111342352940633,-0.5905868872118792,0.8996655423082497,-0.16704036951016255,-0.3615019519616526,-0.17892949914708436,-0.06914035907741832,0.01776584282185916,0.07002846260967503,1.0302717012856127e-09,-7.722045225478235e-10,1.1766407292946396e-09,0.1,-0.0,0
16,84,world,0.84,0.07347255744834325,1.3444439605431895,0.8113118937233023,-0.589886602585385,0.8996655423097065,-0.16704036950231657,-0.3615019519600921,-0.17892949915023698,-0.06914035907833575,0.017765842820451218,0.07002846260912643,1.0302668440598802e-09,-7.721934203175773e-10,1.1766268515068325e-09,0.1,-0.0,0
16,85,world,0.85,0.07447255744834325,1.3437525569530802,0.8114895521525411,-0.5891863179588906,0.8996655423111631,-0.1670403694944707,-0.3615019519585317,-0.17892949915338965,-0.06914035907925316,0.017765842819043278,0.07002846260857784,1.030277252400679e-09,-7.721878692024114e-10,1.1766379537370132e-09,0.1,-0.0,0
16,86,world,0.86,0.07547255744834325,1.343061153362971,0.8116672105817802,-0.5884860333323964,0.89966554231262,-0.16704036948662462,-0.36150195195697127,-0.17892949915654233,-0.06914035908017059,0.01776584281763534,0.07002846260802924,1.0302723951749462e-09,-7.722045225477808e-10,1.1766435048521365e-09,0.1,-0.0,0
16,87,world,0.87,0.07647255744834325,1.3423697497728617,0.8118448690110192,-0.587785748705902,0.8996655423140767,-0.1670403694787787,-0.3615019519554108,-0.17892949915969497,-0.06914035908108801,0.017765842816227395,0.07002846260748065,1.0302682318386037e-09,-7.722045225477806e-10,1.1766421170733553e-09,0.1,-0.0,0
16,88,world,0.88,0.07747255744834325,1.3416783461827524,0.812022527440258,-0.5870854640794076,0.8996655423155335,-0.16704036947093268,-0.3615019519538504,-0.1789294991628476,-0.06914035908200543,0.017765842814819452,0.07002846260693205,1.030271701285613e-09,-7.721989714327003e-10,1.1766379537370783e-09,0.1,-0.0,0
16,89,world,0.89,0.07847255744834314,1.340986942592643,0.812200185869497,-0.5863851794529134,0.8996655423169903,-0.16704036946308676,-0.36150195195228996,-0.1789294991660003,-0.06914035908292285,0.017765842813411512,0.07002846260638344,1.030276558511231e-09,-7.722100736628609e-10,1.1766365659581668e-09,0.1,-0.0,0
16,90,world,0.9,0.07947255744834336,1.3402955390025337,0.812377844298736,-0.5856848948264188,0.8996655423184471,-0.1670403694552407,-0.3615019519507294,-0.17892949916915296,-0.06914035908384027,0.01776584281200357,0.07002846260583484,1.0302710073960509e-09,-7.721878692023256e-10,1.1766365659581015e-09,0.1,-0.0,0
16,91,world,0.91,0.08047255744834336,1.3396041354124244,0.8125555027279749,-0.5849846101999245,0.8996655423199037,-0.16704036944739484,-0.3615019519491691,-0.17892949917230558,-0.06914035908475767,0.01776584281059563,0.07002846260528625,1.0302689257280512e-09,-7.721878692024542e-10,1.1766310148431748e-09,0.1,-0.0,0
16,92,world,0.92,0.08147255744834325,1.338912731822315,0.812733161157214,-0.5842843255734304,0.8996655423213605,-0.16704036943954884,-0.3615019519476086,-0.17892949917545825,-0.0691403590856751,0.01776584280918769,0.07002846260473765,1.0302744768431745e-09,-7.722100736629467e-10,1.1766421170734208e-09,0.1,-0.0,0
16,93,world,0.93,0.08247255744834325,1.3382213282322057,0.8129108195864528,-0.583584040946936,0.8996655423228173,-0.16704036943170283,-0.3615019519460482,-0.17892949917861092,-0.06914035908659252,0.017765842807779746,0.07002846260418905,1.030272395174946e-09,-7.721934203175343e-10,1.176643504852136e-09,0.1,-0.0,0
16,94,world,0.9400000000000001,0.08347255744834325,1.3375299246420964,0.8130884780156918,-0.5828837563204416,0.899665542324274,-0.16704036942385686,-0.36150195194448775,-0.17892949918176354,-0.06914035908750994,0.017765842806371803,0.07002846260364046,1.0302744768431174e-09,-7.721989714326576e-10,1.1766379537370132e-09,0.1,-0.0,0
16,95,world,0.9500000000000001,0.08447255744834326,1.3368385210519873,0.8132661364449308,-0.5821834716939474,0.8996655423257308,-0.1670403694160109,-0.36150195194292734,-0.17892949918491627,-0.06914035908842736,0.01776584280496386,0.07002846260309185,1.0302710073961652e-09,-7.722045225477806e-10,1.1766421170733555e-09,0.1,-0.0,0
16,96,world,0.96,0.08547255744834326,1.336147117461878,0.8134437948741697,-0.581483187067453,0.8996655423271875,-0.16704036940816488,-0.3615019519413668,-0.17892949918806886,-0.06914035908934478,0.01776584280355592,0.07002846260254325,1.0302640685023184e-09,-7.721989714327004e-10,1.1766379537370785e-09,0.1,-0.0,0
16,97,world,0.97,0.08647255744834315,1.3354557138717686,0.8136214533034087,-0.5807829024409588,0.8996655423286443,-0.16704036940031897,-0.36150195193980644,-0.1789294991912215,-0.0691403590902622,0.01776584280214798,0.07002846260199466,1.030270313506718e-09,-7.721989714326148e-10,1.1766393415157288e-09,0.1,-0.0,0
16,98,world,0.98,0.08747255744834337,1.334764310281659,0.8137991117326477,-0.5800826178144642,0.8996655423301011,-0.16704036939247294,-0.3615019519382459,-0.17892949919437418,-0.06914035909117962,0.017765842800740037,0.07002846260144606,1.0302751707323932e-09,-7.721934203174487e-10,1.1766393415156632e-09,0.1,-0.0,0
16,99,world,0.99,0.08847255744834337,1.33407290669155,0.8139767701618867,-0.5793823331879698,0.8996655423315578,-0.16704036938462702,-0.36150195193668566,-0.17892949919752685,-0.06914035909209704,0.017765842799332097,0.07002846260089746,1.0302730890643937e-09,-7.721878692024542e-10,1.1766365659582977e-09,0.1,-0.0,0
16,100,world,1.0,0.08947255744834326,1.3333815031014407,0.8141544285911256,-0.5786820485614756,0.8996655423330145,-0.16704036937678102,-0.3615019519351251,-0.1789294992006795,-0.06914035909301446,0.017765842797924158,0.07002846260034887,1.0302723951750031e-09,-7.722100736629466e-10,1.176637953737078e-09,0.1,-0.0,0
16,101,world,1.01,0.09047255744834326,1.3326900995113313,0.8143320870203646,-0.5779817639349814,0.8996655423344714,-0.16704036936893504,-0.36150195193356466,-0.1789294992038322,-0.06914035909393189,0.017765842796516215,0.07002846259980026,1.0302772524006788e-09,-7.721934203175345e-10,1.1766379537370132e-09,0.1,-0.0,0
16,102,world,1.02,0.09147255744834326,1.331998695921222,0.8145097454496035,-0.5772814793084869,0.899665542335928,-0.16704036936108907,-0.36150195193200424,-0.17892949920698484,-0.06914035909484931,0.01776584279510827,0.07002846259925166,1.0302647623916517e-09,-7.721989714326574e-10,1.1766393415157937e-09,0.1,-0.0,0
16,103,world,1.03,0.09247255744834326,1.3313072923311127,0.8146874038788425,-0.5765811946819926,0.8996655423373848,-0.16704036935324307,-0.3615019519304437,-0.17892949921013743,-0.06914035909576673,0.017765842793700328,0.07002846259870307,1.0302654562810421e-09,-7.721989714326574e-10,1.176644892630917e-09,0.1,-0.0,0
16,104,world,1.04,0.09347255744834326,1.3306158887410033,0.8148650623080815,-0.5758809100554982,0.8996655423388416,-0.1670403693453971,-0.36150195192888335,-0.1789294992132901,-0.06914035909668413,0.01776584279229239,0.07002846259815447,1.0302723951750033e-09,-7.721878692024542e-10,1.176628239285613e-09,0.1,-0.0,0
16,105,world,1.05,0.09447255744834315,1.3299244851508942,0.8150427207373204,-0.575180625429004,0.8996655423402983,-0.16704036933755118,-0.3615019519273229,-0.17892949921644277,-0.06914035909760156,0.017765842790884452,0.07002846259760588,1.0302723951750033e-09,-7.722156247780698e-10,1.1766407292946403e-09,0.1,-0.0,0
16,106,world,1.06,0.09547255744834315,1.329233081560785,0.8152203791665594,-0.5744803408025098,0.8996655423417551,-0.16704036932970512,-0.36150195192576234,-0.17892949921959542,-0.06914035909851898,0.017765842789476505,0.07002846259705728,1.0302703135066607e-09,-7.722045225476949e-10,1.1766504437459095e-09,0.1,-0.0,0
16,107,world,1.07,0.09647255744834338,1.3285416779706753,0.8153980375957984,-0.5737800561760152,0.8996655423432119,-0.16704036932185914,-0.361501951924202,-0.17892949922274806,-0.0691403590994364,0.017765842788068566,0.07002846259650868,1.0302682318385466e-09,-7.721934203174913e-10,1.1766393415157284e-09,0.1,-0.0,0
16,108,world,1.08,0.09747255744834327,1.3278502743805662,0.8155756960250373,-0.5730797715495209,0.8996655423446687,-0.1670403693140132,-0.3615019519226415,-0.1789294992259007,-0.06914035910035382,0.017765842786660626,0.07002846259596007,1.030273782953784e-09,-7.721934203175772e-10,1.1766351781795167e-09,0.1,-0.0,0
16,109,world,1.09,0.09847255744834327,1.327158870790457,0.8157533544542763,-0.5723794869230266,0.8996655423461254,-0.1670403693061672,-0.3615019519210811,-0.17892949922905338,-0.06914035910127124,0.017765842785252683,0.07002846259541148,1.0302744768431174e-09,-7.721934203175345e-10,1.1766393415157941e-09,0.1,-0.0,0
16,110,world,1.1,0.09947255744834327,1.3264674672003476,0.8159310128835152,-0.5716792022965322,0.8996655423475821,-0.16704036929832125,-0.36150195191952067,-0.17892949923220602,-0.06914035910218866,0.01776584278384474,0.07002846259486288,0.3179150721880526,-0.47067991908021123,0.61179658062643,0.1,-0.0,0
16,111,world,1.11,0.10047255744834327,1.3257740631285753,0.8161055724292691,-0.5709801370114573,0.9017887889636667,-0.15953905840225346,-0.3588805716983772,-0.18035798901355,-0.06998348847460174,0.016453633438930717,0.06950963449466978,0.9848471056674072,-1.4563547162190458,1.9098894318169855,0.1,-0.0,1
16,112,world,1.12,0.10147255744834327,1.325065582649325,0.8162561822329479,-0.5702907373666791,0.9060545398295815,-0.14363800716050457,-0.3533411876454155,-0.18325746605934382,-0.07169608010222783,0.013666622296838023,0.06835858053653909,1.323523628583662,-1.9556613314294777,2.5980295723115487,0.1,-0.0,1
16,113,world,1.1300000000000001,0.10247255744834316,1.3243404809345554,0.816378889379939,-0.569613189206037,0.9100075468858899,-0.12774145695196648,-0.34782299770325037,-0.1859772756420486,-0.07330689917467788,0.01087494686389702,0.06714040559976556,1.3000319604660342,-1.9225441212030852,2.5983573688682258,0.1,-0.0,1
16,114,world,1.1400000000000001,0.10347255744834316,1.3235997983654073,0.816473701773833,-0.5689481307301402,0.9136460397917415,-0.11189795930852173,-0.34233867978731997,-0.18850461266751775,-0.07481165660064217,0.008089431999007057,0.06586180324437706,1.2714214387873137,-1.885995114357688,2.592135954762089,0.1,-0.0,1
16,115,world,1.1500000000000001,0.10447255744834338,1.3228446110868317,0.8165407328960104,-0.56829613067308,0.9169715942680945,-0.09615330082473333,-0.3369005336681364,-0.19082889838822223,-0.07620747506767853,0.005320354669989314,0.06452995095298523,1.2381960349717316,-1.8464988365701869,2.579753390582244,0.1,-0.0,1
16,116,world,1.16,0.10547255744834327,1.3220760171321977,0.8165801955343688,-0.5676576843305315,0.919988861980917,-0.08054975064875576,-0.3315202397569634,-0.19294186205426245,-0.07749285505337934,0.0025772499527830636,0.06315231744248836,1.2009155752727965,-1.804564720198837,2.561691123461286,0.1,-0.0,1
16,117,world,1.17,0.10647255744834327,1.3212951229128318,0.8165923933709471,-0.56703321168728,0.9227052174677948,-0.06512547927584782,-0.32620865344599526,-0.19483754264451025,-0.0786675947658392,-0.00013124185370440658,0.06173647470769242,1.1601743681996053,-1.7607096921651644,2.5385020524054736,0.1,-0.0,1
16,118,world,1.18,0.10747255744834328,1.3205030308830632,0.8165777116343299,-0.5664230571808917,0.9251303489013653,-0.049914153003412974,-0.32097564074780577,-0.19651222078569489,-0.0797326735979833,-0.002797484472375527,0.060289923217269704,1.1165805203964587,-1.7154422281996085,2.510787714749327,0.1,-0.0,1
16,119,world,1.19,0.10847255744834328,1.3197008283486826,0.816536606517575,-0.5658274913012561,0.9272758185228035,-0.034944708446553965,-0.31582996008773495,-0.19796428982377123,-0.08069010857558569,-0.005414910057986885,0.05881993817681302,1.0707372152743364,-1.6692487255466675,2.4791762269193964,0.1,-0.0,1
16,120,world,1.2,0.10947255744834328,1.3188895779556138,0.8164695945395315,-0.5652467134030261,0.9291546178002149,-0.020241286361061196,-0.31077918870924864,-0.19919408227205784,-0.08154279503870898,-0.007978042879528394,0.057333440583027154,1.0232266319893861,-1.6225825603927728,2.4443019998494155,0.1,-0.0,1
16,121,world,1.21,0.11047255744834317,1.3180703096472473,0.8163772414107429,-0.564680855918228,0.9307807375877551,-0.0058233132782086125,-0.3058296929392605,-0.2002036624908148,-0.08229434042838546,-0.0104824857425369,0.05583689663756855,0.9745972275858249,-1.575856178609663,2.4067883916952155,0.1,-0.0,1
16,122,world,1.22,0.11147255744834317,1.317244014468689,0.8162601517503656,-0.564129989113929,0.9321687699038254,0.008294306347914617,-0.3009866349741915,-0.20099660311833403,-0.0829489006692249,-0.012924877426178592,0.05433624408518978,1.1580597850042622,-1.5025908401190016,2.2106325982865833,0.1,-0.0,1
16,123,world,1.23,0.11247255744834339,1.316411639782366,0.8161189587689027,-0.5635941267916684,0.9327911282685933,0.021301396028557476,-0.29620866321979844,-0.20422387075016335,-0.08351102465161037,-0.01530282578578719,0.05283684589950438,1.3872876438352115,-1.4257120112730786,1.9862775900394714,0.1,-0.0,1
16,124,world,1.24,0.11347255744834328,1.3155740861115335,0.8159543151615543,-0.563073232059759,0.9331383474154401,0.033844305856438675,-0.2914561973269182,-0.20775146830674804,-0.08398551265834021,-0.017614825544706135,0.051343466814633226,1.3831362715238413,-1.3909626656820626,1.912987965918067,0.1,-0.0,1
16,125,world,1.25,0.11447255744834328,1.3147322052311037,0.8157668845390673,-0.5625672234454517,0.933328863194795,0.04607212929311278,-0.2867360286595113,-0.21108539006402657,-0.08437729105358172,-0.019860165385832563,0.04986027061004119,1.3353273970193265,-1.364168792354967,1.8679291659490174,0.1,-0.0,1
16,126,world,1.26,0.11547255744834328,1.3138867994948449,0.8155573341577567,-0.5620759807295158,0.9333750902072088,0.05798570236756704,-0.2820524940857548,-0.21423115992224426,-0.08469130527212082,-0.022038831401558774,0.04839083303434763,1.2884803002920533,-1.3377610512671703,1.8231738236494317,0.1,-0.0,1
16,127,world,1.27,0.11647255744834328,1.3130386220734536,0.8153263282685425,-0.5615993508123381,0.933288817345415,0.0695884321571064,-0.27740907559670697,-0.21719493158104078,-0.084932430755079,-0.02415140973927442,0.04693816798341614,1.242832467661999,-1.3119034723147713,1.779067858454064,0.1,-0.0,1
16,128,world,1.28,0.11747255744834328,1.3121883780394132,0.8150745226492503,-0.5611371531257991,0.9330811050006523,0.0808859242237651,-0.2728084611917022,-0.2199833226757078,-0.08510540154364042,-0.026198993244431087,0.04550476218017167,1.1985765094506204,-1.2867332001343845,1.7359080329879717,0.1,-0.0,1
16,129,world,1.29,0.11847255744834317,1.3113367260732975,0.8148025600384143,-0.5606891846644115,0.9327622160064748,0.09188563268287665,-0.26825261165767295,-0.22260326870016056,-0.08521475489907218,-0.028183094001422868,0.04409261570827951,1.1558643220818774,-1.2623626472620706,1.6939451707739952,0.1,-0.0,1
16,130,world,1.3,0.11947255744834318,1.310484280639484,0.8145110662476377,-0.560255224705081,0.932341575209918,0.1025965368865626,-0.2637428303691606,-0.22506189633706858,-0.08526479008410524,-0.030105563019831468,0.04270328614020736,1.114811692301156,-1.2388820094692798,1.6533882418913635,0.1,-0.0,1
16,131,world,1.31,0.12047255744834318,1.30963161452592,0.8142006471821958,-0.559835038977842,0.931827752021576,0.11302885282179617,-0.25927983233756036,-0.22736641690278672,-0.08525953950888018,-0.031968518661586884,0.04133793339437121,1.0755030831827856,-1.2163619788614564,1.6144089980444214,0.1,-0.0,1
16,132,world,1.32,0.12147255744834329,1.3087792616128933,0.8138718865139404,-0.5594283834011932,0.9312284611297859,0.1231937783641704,-0.2548638109860301,-0.22952403796528092,-0.0852027500967441,-0.03377428375460523,0.03999736407333842,1.0379961394416382,-1.1948563449182164,1.5771465212774451,0.1,-0.0,1
16,133,world,1.33,0.12247255744834329,1.3079277197821368,0.8135253439224169,-0.5590350073938428,0.930550576985686,0.13310327199533534,-0.2504945012460719,-0.23154189146075577,-0.08509787297803328,-0.035525331222361414,0.03868207409325449,1.0023258587948287,-1.1744044431882232,1.5417115949448115,0.1,-0.0,1
16,134,world,1.34,0.12347255744834329,1.3070774539070997,0.8131615537070386,-0.5586546568725421,0.9298001583947577,0.14276986258857038,-0.24617123828286644,-0.23342697622126815,-0.08494805973057411,-0.03722423767040026,0.0373922890161644,0.9685087286711718,-1.1550336541642647,1.5081913163579461,0.1,-0.0,1
16,135,world,1.35,0.12447255744834329,1.3062288988307855,0.8127810241636484,-0.5582870766076348,0.9289824789983299,0.15220649463572275,-0.2418930096666793,-0.23518611476704804,-0.08475616372353861,-0.03887364527963002,0.03612800040885488,0.9365462367913717,-1.136761542335966,1.476653083773438,0.1,-0.0,1
16,136,world,1.36,0.1254725574483433,1.3053824623444845,0.8123842368723225,-0.5579320125583295,0.9281020624426592,0.16142639574323459,-0.23765850337361252,-0.23682591965670774,-0.08452474499945146,-0.040476229697892226,0.034888999874189176,0.9064280442125439,-1.119597824865006,1.4471483391325397,0.1,-0.0,1
16,137,world,1.37,0.12647255744834318,1.3045385280642676,0.8119716466828307,-0.5575892135770181,0.9271627183170554,0.17044297534861103,-0.23346614866769905,-0.23835277079050954,-0.08425607776525915,-0.04203467489698254,0.03367490855102046,0.8781348783156911,-1.1035462044929394,1.419716130232474,0.1,-0.0,1
16,138,world,1.3800000000000001,0.12747255744834318,1.303697458259658,0.8115436816145282,-0.5572584330711253,0.9261675785918136,0.1792697422141892,-0.22931415242750117,-0.23977279951715047,-0.08395215938756234,-0.04355165280236603,0.03248520389881357,0.8516408429518271,-1.0886058475028386,1.3943860116860491,0.1,-0.0,1
16,139,world,1.3900000000000001,0.12847255744834318,1.302859596582116,0.811100743042004,-0.556939430335228,0.925119132281132,0.18792024390507625,-0.22520052968630633,-0.2410918796788255,-0.08361472018390198,-0.045029807843659564,0.0313192428728868,0.826915722313299,-1.0747729043885266,1.3711811222601835,0.1,-0.0,1
16,140,world,1.4000000000000001,0.1294725574483433,1.302025270654181,0.8106432061725972,-0.5566319715422909,0.9240192571296517,0.19640802590509038,-0.22112312863792344,-0.24231562433117743,-0.083245233392468,-0.046471745703100475,0.030176281559196372,0.8039266983531755,-1.0620416596977582,1.3501205429950915,0.1,-0.0,1
16,141,world,1.41,0.1304725574483433,1.3011947946301703,0.8101714203074463,-0.5563358307969742,0.9228692485481113,0.20474660294604247,-0.21707965179584068,-0.24344938579198921,-0.08284492473087239,-0.047880024989191604,0.029055492654065915,0.7826399228488464,-1.0504056147944185,1.331221575015449,0.1,-0.0,1
16,142,world,1.42,0.1314725574483433,1.3003684715823454,0.8096857095082908,-0.5560507907636136,0.9216698437027832,0.21294944793406928,-0.21306767173581825,-0.24449825990084262,-0.08241478124854207,-0.049257152224133634,0.027955979441319646,0.7630218512802274,-1.039858434018661,1.314501780517736,0.1,-0.0,1
16,143,world,1.43,0.1324725574483433,1.2995465959094827,0.8091863729267028,-0.5557766434630173,0.9204212418248141,0.2210299892682433,-0.20908464371112345,-0.24546709190019725,-0.08195555903703211,-0.0506055787295719,0.026876788207906222,0.7450404125189334,-1.0303948030875965,1.299980885794629,0.1,-0.0,1
16,144,world,1.44,0.1334725574483433,1.298729455537517,0.8086736856022707,-0.5555131906019812,0.9191231185777996,0.22900162315845246,-0.20512791332483962,-0.24636048518707593,-0.08146778965632231,-0.051927699941109455,0.025816917463929074,0.7286660160833258,-1.0220111978382376,1.2876825365984437,0.1,-0.0,1
16,145,world,1.45,0.1344725574483432,1.2979173342107375,0.8081478988056285,-0.5552602441799324,0.9177746359488357,0.2368777317035729,-0.2011947216552455,-0.24718281050675994,-0.08095178491948211,-0.0532258558626298,0.024775326154068425,0.713872371355764,-1.0147065411473577,1.277635850881718,0.1,-0.0,1
16,146,world,1.46,0.1354725574483432,1.297110513617825,0.8076092407371012,-0.5550176267319448,0.916374445722367,0.24467171274453314,-0.19728220621355602,-0.2479382167419801,-0.08040763997017035,-0.05450233311176366,0.02375093934567257,0.700637325772248,-1.0084828971694955,1.269877094770969,0.1,-0.0,1
16,147,world,1.47,0.1364725574483432,1.2963092755899133,0.807057916946535,-0.5547851717236818,0.9149206873023206,0.25239701608159837,-0.19338739916181055,-0.24863064184606343,-0.07983523436792432,-0.0557593677885446,0.022742652818886665,0.6889435490060034,-1.0033460757510502,1.2644511995743228,0.1,-0.0,1
16,148,world,1.48,0.1374725574483433,1.2955139042307833,0.8064941108895183,-0.5545627237734733,0.9134109786888023,0.2600671887858888,-0.1895072220530603,-0.24926382432575606,-0.07923423106879564,-0.0569991492540001,0.02174933588082458,0.6787792252367462,-0.9993062651176237,1.261413380173423,0.1,-0.0,1
16,149,world,1.49,0.1384725574483433,1.2947246881260535,0.8059179843119064,-0.5543501389567982,0.9118424006861837,0.26769592720526597,-0.1856384777337298,-0.24984131454439953,-0.07860407307021561,-0.058223824401716806,0.020769833143534228,0.6701387099417664,-0.9963786614175749,1.2608307861218169,0.1,-0.0,1
16,150,world,1.5,0.1394725574483433,1.2939419225377362,0.8053296777170382,-0.5541472849977428,0.9102114732393218,0.27529713754712354,-0.1817778388873032,-0.2503664860386174,-0.07794397754942821,-0.05943550241158777,0.019802964850152593,0.66302321465786,-0.9945841434095615,1.2627842955044313,0.1,-0.0,1
16,151,world,1.51,0.1404725574483433,1.2931659117306957,0.8047293106633275,-0.5539540415583952,0.908514123552465,0.28288500382994086,-0.17792183352745028,-0.25084254636736003,-0.07725292718849759,-0.06063625971728157,0.018847526317983095,0.6574415007386535,-0.993949980018805,1.267370427217644,0.1,-0.0,1
16,152,world,1.52,0.1414725574483433,1.2923969713588142,0.80411698209504,-0.5537703004731325,0.9067456447767526,0.2904740646977761,-0.17406682699945128,-0.25127254755481504,-0.07652965846287088,-0.06182814508496618,0.017902286192235644,0.6534106530875925,-0.994510627000124,1.2747035035500835,0.1,-0.0,1
16,153,world,1.53,0.1424725574483432,1.2916354310070701,0.8034927705808051,-0.5535959660381741,0.9049006442800023,0.29807929923940407,-0.17020900039830397,-0.25165939587067454,-0.0757726465023546,-0.06301318462266493,0.016965983783416638,0.6509569243521687,-0.996308609555619,1.2849180627326506,0.1,-0.0,1
16,154,world,1.54,0.1434725574483432,1.2908816368902227,0.8028567345262662,-0.5534309553144374,0.9029729799761534,0.30571622309966895,-0.166344324972994,-0.25200586087616617,-0.07498008613189143,-0.06419338656191383,0.01603732538071253,0.6501166839980428,-0.9993955218174725,1.2981715998001953,0.1,-0.0,1
16,155,world,1.55,0.1444725574483432,1.2901359547714595,0.8022089123254644,-0.5532751984841388,0.9009556831045685,0.3134009956562751,-0.16246853219737667,-0.25231458350413616,-0.07414986859898448,-0.06537074557235083,0.015114979658216888,0.6509375053678191,-1.0038331746951072,1.3146477181120895,0.1,-0.0,1
16,156,world,1.56,0.1454725574483432,1.2893987731365357,0.8015493224753276,-0.5531286392557859,0.8988408651803672,0.3211505401437955,-0.15857707884158034,-0.2525880830784155,-0.07327955336310739,-0.06654724641895036,0.014197572079725301,0.6534794155070109,-1.0096949187176874,1.3345597652423422,0.1,-0.0,1
16,157,world,1.57,0.1464725574483433,1.2886705066712805,0.8008779636668292,-0.5529912353233544,0.8966196066800172,0.32898267790857477,-0.15466510652324525,-0.2528287629547468,-0.07236633427834488,-0.06772486657483587,0.013283678351101683,0.6578163445513195,-1.017067179492376,1.358155055092629,0.1,-0.0,1
16,158,world,1.58,0.1474725574483433,1.2879516001197835,0.8001948148420204,-0.552862958907402,0.8942818240997576,0.33691627928275225,-0.1507273947924728,-0.2530389145925002,-0.07140699924899167,-0.06890557746886049,0.012371816840600753,0.664037809374872,-1.026051243803576,1.3857197823628375,0.1,-0.0,1
16,159,world,1.59,0.1484725574483433,1.2872425325668784,0.7994998352680787,-0.5527437973615877,0.8918161116964405,0.3449714327771463,-0.14675830694818237,-0.25322071958674314,-0.07039788242686357,-0.07009134373105956,0.01146043994739955,0.6722508852035178,-1.0367653517775188,1.417584780091814,0.1,-0.0,1
16,160,world,1.6,0.1494725574483433,1.2865438222638623,0.7987929646035838,-0.5526337538920938,0.8892095528844607,0.35316963589800493,-0.1427517272342035,-0.2533762493019812,-0.06933480758891894,-0.07128411988330136,0.010547924396330807,0.682582489254088,-1.049347129700989,1.4541322264150731,0.1,-0.0,1
16,161,world,1.61,0.1504725574483432,1.285856032042535,0.7980741230476827,-0.5525328483548956,0.8864474958760595,0.3615340093997832,-0.1387009883615483,-0.2535074612904136,-0.06821302146070776,-0.07248584332893697,0.009632560412155662,0.7370757075577125,-0.9037613327481746,1.484835912890249,0.1,-0.0,1
16,162,world,1.62,0.1514725574483432,1.2851795935294963,0.7973433864756042,-0.5524410520068634,0.8832299811636688,0.369651113414172,-0.13584945434027643,-0.25457372307592474,-0.06708730797819468,-0.07364103195783478,0.008734501727288997,0.7548044946059478,-0.7109061233507048,1.4357483283071328,0.1,-0.0,1
16,163,world,1.6300000000000001,0.1524725574483432,1.2845139968157775,0.7966017280838931,-0.5523579854425745,0.8801906322300859,0.3770527757089225,-0.1332885636763286,-0.2555969758383304,-0.06604786119323096,-0.07466898558758096,0.007888131789043821,0.6887547363069335,-0.6412936807745016,1.3030495560246167,0.1,-0.0,1
16,164,world,1.6400000000000001,0.1534725574483432,1.2838582938850438,0.7958504457062285,-0.5522830903157109,0.8774172024961927,0.3836799162514903,-0.13093925067275963,-0.2564833079603054,-0.06511108554647359,-0.0755653093665889,0.007101447689838544,0.6116912142287746,-0.5794632811587394,1.155388542883357,0.1,-0.0,1
16,165,world,1.6500000000000001,0.15447255744834332,1.2832113850275317,0.7950908686280664,-0.5522157344121587,0.8749532850458677,0.38947982716093477,-0.12882144578078936,-0.2572299522393927,-0.06429126810152551,-0.07632765660960947,0.006381354275019663,0.5296331650124805,-0.5132362978496464,0.9972678526255644,0.1,-0.0,1
16,166,world,1.6600000000000001,0.15547255744834332,1.282572037590013,0.7943243425070614,-0.5521552215943454,0.8728371158857866,0.3944101896335446,-0.12695178643633975,-0.25783563633841483,-0.06360065571033711,-0.07695505887241255,0.005733716696758055,0.4436491447550796,-0.44346177264209496,0.8307159971683489,0.1,-0.0,1
16,167,world,1.67,0.15647255744834332,1.281938907849392,0.793552216854401,-0.5521008025526548,0.8711005546081068,0.3984391723505328,-0.1253433722584336,-0.25830038468603767,-0.06304918041187467,-0.077447667370029,0.005163300139661119,0.3548327660545237,-0.3710175438575548,0.6578293634407637,0.1,-0.0,1
16,168,world,1.68,0.15747255744834332,1.2813105651117112,0.7927758351725154,-0.5520516859114714,0.8697683455479945,0.40154523618837634,-0.12400564388642372,-0.2586253055318431,-0.06264428096700445,-0.07780649144651564,0.004673751267482731,0.2642722982034133,-0.29678541924728624,0.4807129640868529,0.1,-0.0,1
16,169,world,1.69,0.1584725574483432,1.2806855171705873,0.7919965275914284,-0.5520070493748314,0.8688576616454454,0.40371672732576497,-0.12294436948047477,-0.2588123835724076,-0.062390813698841585,-0.078033158628675,0.0042676129661071375,0.17302716708507748,-0.22163171505580861,0.3014340219869814,0.1,-0.0,1
16,170,world,1.7,0.1594725574483432,1.2800622362487664,0.7912156057231432,-0.5519660505838895,0.868377909698989,0.40495135183795083,-0.12216171535816994,-0.2588642962870319,-0.06229103941138597,-0.07812971673294804,0.003946361904141771,0.08211132913723351,-0.1463932306254168,0.12198854504022871,0.1,-0.0,1
16,171,world,1.71,0.1604725574483432,1.279439184752308,0.7904343592235198,-0.5519278375331635,0.868330771397752,0.40525559901640734,-0.12165638122940386,-0.2587842650081409,-0.062344673953496646,-0.07809848982921538,0.003710460352589484,-0.007517800877697058,-0.07186765019266501,-0.05572152223512931,0.1,-0.0,1
16,172,world,1.72,0.1614725574483432,1.2788148402447383,0.7896540535054997,-0.5518915584253047,0.868710448845423,0.4046441657143219,-0.12142378211379834,-0.2585759469813946,-0.06254899036975875,-0.07794199361589035,0.0035594149665830015,-0.09496597131058226,0.00119247462751445,-0.2299025959936749,0.1,-0.0,1
16,173,world,1.73,0.16247255744834332,1.2781877191925377,0.7888759279945756,-0.5518563709183163,0.8695040831929894,0.40313941434925327,-0.12145626285692306,-0.25824336994720704,-0.06289896263467934,-0.07766290988124902,0.003491837375681569,-0.17940653203377677,0.07208399982660023,-0.3988795873017075,0.1,-0.0,1
16,174,world,1.74,0.16347255744834333,1.2775563990766463,0.7881011943806128,-0.5518214507760022,0.8706923257924082,0.40077086027647696,-0.12174334078421944,-0.2577909042890323,-0.06338744650810531,-0.07726411235313158,0.003505505308047872,-0.2600839984228848,0.14015679011329593,-0.5611044236831181,0.1,-0.0,1
16,175,world,1.75,0.16447255744834333,1.276919538541527,0.7873310343835723,-0.551785999902253,0.8722500358003533,0.39757468618223796,-0.1222719704953258,-0.25722326719130145,-0.0640053923627951,-0.07674873480547303,0.0035974232783792925,-0.3363178297120574,0.2048175505240414,-0.7151651147470852,0.1,-0.0,1
16,176,world,1.76,0.16547255744834333,1.2762758952414168,0.7865665967009778,-0.5517492537609435,0.8741470889435271,0.3935932504778935,-0.12302683321589952,-0.2565455483509133,-0.06474208936081437,-0.0761202669011343,0.0037638852395372614,-0.40750726166619566,0.2655346004795878,-0.8597970583777864,0.1,-0.0,1
16,177,world,1.77,0.16647255744834322,1.2756243411346,0.7858089928874185,-0.5517104881580741,0.8763492753166614,0.388874565337312,-0.12399064999156592,-0.25576324755591456,-0.06558543822905964,-0.07538266354930459,0.004000541027729481,-0.4731375196671963,0.32184388156336136,-0.993897280215659,0.1,-0.0,1
16,178,world,1.78,0.16747255744834322,1.2749638748474657,0.7850592921984478,-0.5516690253091682,0.8788192702479476,0.38347170151808213,-0.12514452303884985,-0.25488231152645846,-0.06652225169924764,-0.07454045060045342,0.004302470585989956,-0.5327866974341001,0.3733556138662336,-1.1165402103895479,0.1,-0.0,1
16,179,world,1.79,0.16847255744834322,1.2742936310277548,0.784318515358815,-0.5516242391521036,0.8815176462703588,0.377442109470703,-0.12646829984455005,-0.25390916180142364,-0.06753857552900844,-0.0735988140696499,0.004664266614755794,-0.5861329750656182,0.4197613343263562,-1.2269943615815224,0.1,-0.0,1
16,180,world,1.8,0.16947255744834322,1.27361288624208,0.7835876277311419,-0.5515755597252011,0.8844039051808682,0.3708468217947138,-0.12794096187598625,-0.25285070207503335,-0.06862002564519276,-0.07256365736899917,0.005080128904622488,-0.6329607126282131,0.4608400768200067,-1.3247369535258466,0.1,-0.0,1
16,181,world,1.81,0.17047255744834333,1.2729210616948303,0.7828675318995426,-0.5515224766306349,0.8874374852243996,0.36374956112007495,-0.12954102317536995,-0.2517143021725719,-0.06975212740887925,-0.07144162054413791,0.0055439675290255026,-0.6731645229628355,0.496462914059305,-1.409464627756837,0.1,-0.0,1
16,182,world,1.82,0.17147255744834333,1.2722177223592497,0.7821590604947923,-0.5514645413377589,0.8905787176209051,0.3562157436567467,-0.13124693505340246,-0.25050775183786866,-0.07092064823062742,-0.07024005280269453,0.006049515420452205,-0.706750549559001,0.526595170843302,-1.4810986109597102,0.1,-0.0,1
16,183,world,1.83,0.17247255744834333,1.2715025730399476,0.7814629693728121,-0.5514013683954037,0.8937896880890132,0.3483114275646301,-0.1330374777539014,-0.24923918714061458,-0.07211190707268739,-0.0689669405931027,0.0065904448687128725,-0.7338336033857451,0.5512951144114793,-1.539781486676406,0.1,-0.0,1
16,184,world,1.84,0.17347255744834333,1.2707754513962615,0.7807799318355991,-0.5513326354280029,0.897034976471088,0.3401022352430395,-0.13489212784543794,-0.2479169909778937,-0.07331304937755533,-0.06763079366975076,0.007160484520179854,-0.7546304435669463,0.5707093068329324,-1.58586602143642,0.1,-0.0,1
16,185,world,1.85,0.17447255744834322,1.2700363185778925,0.7801105340180101,-0.5512580820462935,0.90028224710586,0.33165230357370346,-0.13679138529827237,-0.24654967448459347,-0.07451227519663335,-0.06624049820415255,0.007753530981871575,-0.7694491593882752,0.5850645260727194,-1.6198958282956342,0.1,-0.0,1
16,186,world,1.86,0.17547255744834322,1.269285247667036,0.7794552720630227,-0.5511775076034799,0.9035026781421102,0.32302330227037857,-0.13871705040081728,-0.2451457458502417,-0.07569901339176899,-0.06480514673768967,0.008363750822405577,-0.7786752331875929,0.5946566982158208,-1.6425789265662034,0.1,-0.0,1
16,187,world,1.87,0.17647255744834323,1.2685224108456048,0.7788145508608192,-0.5510907680858294,0.9066712231196673,0.3142735705432112,-0.14065243990340337,-0.2437135760968751,-0.0768640368656349,-0.06333385833528747,0.008985667759496729,-0.7827551392886928,0.5998375308921775,-1.6547558449721955,0.1,-0.0,1
16,188,world,1.8800000000000001,0.17747255744834323,1.267748065564496,0.7781886847484801,-0.5509977721472545,0.9097667138933687,0.30545739985545445,-0.14258253956997644,-0.24226126924249097,-0.07799951961473167,-0.06183560036259379,0.00961423255744748,-0.7980943985774651,0.5770493243200642,-1.6599020495342587,0.1,-0.0,1
16,189,world,1.8900000000000001,0.17847255744834323,1.2669625406926595,0.7775778995681395,-0.5508984767073207,0.9128520207170244,0.29663738590908634,-0.14432074657942753,-0.24058048894419076,-0.0790985569815014,-0.060319708828647095,0.010244560033081563,-0.9099972273051643,0.37239533221764254,-1.6508573788286716,0.1,-0.0,1
16,190,world,1.9000000000000001,0.17947255744834334,1.2661663563253762,0.7769821403949758,-0.5507929707097081,0.9163146242828283,0.2881834543638022,-0.14472428009545613,-0.2374293341337955,-0.08012288511967565,-0.058843804619799184,0.01085034275800357,-0.985837535072373,0.17417330695066685,-1.5986789973259605,0.1,-0.0,1
16,191,world,1.9100000000000001,0.18047255744834334,1.265360365403873,0.776400809945899,-0.5506815845986593,0.9195518669584964,0.28015022186298744,-0.14496323065082783,-0.23436270804575027,-0.0810623786697609,-0.05743201570611042,0.011421660839535532,-0.9417950215433568,0.13860190509703005,-1.525812638498824,0.1,-0.0,1
16,192,world,1.92,0.18147255744834334,1.2645453461246015,0.7758333227690822,-0.5505646326087844,0.9225987466606498,0.2724643650041314,-0.14506225737655332,-0.23136910759198706,-0.08193057602685257,-0.05607346556275509,0.01196441271816772,-0.9046990803800647,0.10884612295179515,-1.4658040794195195,0.1,-0.0,1
16,193,world,1.93,0.18247255744834323,1.2637219547841883,0.7752791948936147,-0.55044237504026,0.925483549748011,0.2650638382472223,-0.14504174950048385,-0.22843872636072535,-0.08273843354106142,-0.054758680856395514,0.01248352858925661,-0.8734102957904235,0.08397780751563116,-1.4167164950312838,0.1,-0.0,1
16,194,world,1.94,0.18347255744834323,1.2628907485174798,0.7747380312523376,-0.5503150268181041,0.9282294101168733,0.25789531097735235,-0.14491878748076956,-0.22556310825372067,-0.08349491765647506,-0.05347930002040078,0.012983188932862875,-0.8470416780786665,0.06327678353556065,-1.3770577273671982,0.1,-0.0,1
16,195,world,1.95,0.18447255744834323,1.2620522028304928,0.774209515908986,-0.5501827640749757,0.9308554530340999,0.25091220562504385,-0.1447078636181136,-0.22273487565295613,-0.08420744123937744,-0.05222783758525701,0.013466990052896486,-0.8248980372339827,0.04618143710243698,-1.3456770811203491,0.1,-0.0,1
16,196,world,1.96,0.18547255744834323,1.2612067254980022,0.7736934041812273,-0.5500457293735889,0.9333776478809476,0.24407316150960237,-0.14442143247471306,-0.21994751216799274,-0.08488219000949637,-0.05099748985719284,0.013938071870142907,-0.8064322643194659,0.032253137446792,-1.321691270417082,0.1,-0.0,1
16,197,world,1.97,0.18647255744834323,1.2603546675151662,0.7731895167067003,-0.5499040357308841,0.9358094497870806,0.23734081494901227,-0.14407033619960197,-0.21719518750624706,-0.08552436879980449,-0.04978197333733753,0.014399217757768793,-0.7912133177804392,0.021150247398595737,-1.3044306072921354,0.1,-0.0,1
16,198,world,1.98,0.18747255744834335,1.2594963319121906,0.7726977349749611,-0.549757769761005,0.938162288270541,0.23068080564835053,-0.14366413921314963,-0.21447261334854628,-0.08613838942427254,-0.04857538693934223,0.014852934090123587,-0.7789028508513359,0.012609257983384824,-1.2934004380661457,0.1,-0.0,1
16,199,world,1.99,0.18847255744834335,1.258631980980638,0.7722179980224531,-0.5496069941476145,0.9404459422370246,0.22406094715558422,-0.1432113959219364,-0.21177492242413376,-0.08672801496298997,-0.0473720916305512,0.015301514798412947,-0.7692378852812577,0.006430917248513541,-1.2882533119061073,0.1,-0.0,1
16,200,world,2.0,0.18947255744834335,1.2577618421350616,0.7717503004479542,-0.5494517494599936,0.9426688286979416,0.2174505159854695,-0.1427198683693896,-0.20909756495839005,-0.08729647079233865,-0.046166602583226524,0.015747094751883236,-0.7620180530455141,0.002470167573360314,-1.2887694938567082,0.1,-0.0,1
16,201,world,2.0100000000000002,0.19047255744834324,1.2568861128439943,0.7712946913821354,-0.5492920555098366,0.9448382254923106,0.2108196202996712,-0.14219670722902117,-0.20643621726448147,-0.08784653004415136,-0.04495348896973793,0.016191695051774684,-0.7570963283217603,0.0006290305766013518,-1.294844104848871,0.1,-0.0,1
16,202,world,2.02,0.19147255744834324,1.256004964861686,0.7708512743210902,-0.5491279123280921,0.9469604416113647,0.204138619579923,-0.14164860561712836,-0.203786698648209,-0.0883805786514727,-0.043727277724660944,0.016637262395635285,-0.7543724053103801,0.0008517622589175092,-1.3064795236805582,0.1,-0.0,1
16,203,world,2.0300000000000002,0.19247255744834324,1.2551185477873288,0.7704202081538958,-0.5489593006831032,0.9490409448383355,0.19737756981124868,-0.14108193336555883,-0.20114489313328648,-0.08890066362761796,-0.04248235767163221,0.017085704352722483,-0.7537882599658112,0.003121932861061096,-1.3237824709807442,0.1,-0.0,1
16,204,world,2.04,0.19347255744834324,1.2542269922963114,0.7700017089880369,-0.5487861823248912,0.9510844531479742,0.19050567116742773,-0.14050285790320158,-0.19850667282058712,-0.08940852701430577,-0.04121288044438879,0.01753892193404923,-0.7553255042224323,0.007461139871301141,-1.3469652914065284,0.1,-0.0,1
16,205,world,2.05,0.19447255744834324,1.2533304130989946,0.7695960529796281,-0.548608499916984,0.9530949933524149,0.18349069751371203,-0.1399174565900951,-0.19586782000586703,-0.08990562675027952,-0.03991265482411001,0.017998840616297276,-0.7590044308887366,0.013929327347055792,-1.3763516345892945,0.1,-0.0,1
16,206,world,2.06,0.19547255744834346,1.2524289116676905,0.7692035804931243,-0.5484261765821127,0.9550759289466297,0.17629838232694872,-0.13933182558519017,-0.19322394446530555,-0.09039314509884348,-0.038575030001661986,0.018467441065570203,-0.7648844573483925,0.022626505041325247,-1.412386246008632,0.1,-0.0,1
16,207,world,2.07,0.19647255744834347,1.2515225790956548,0.7688247011016546,-0.5482391152801487,0.957029954847448,0.16889174343160646,-0.1387521879642325,-0.1905703934520323,-0.09087198367633731,-0.03719276452781187,0.01894678995255466,-0.7730662538615728,0.03369621051129328,-1.4556500882643488,0.1,-0.0,1
16,208,world,2.08,0.19747255744834336,1.250611498887079,0.7684599005098963,-0.5480471976908028,0.9589590575074768,0.16123030807111388,-0.13818500728616895,-0.18790214885675752,-0.09134274423357817,-0.03575787373193481,0.019439072561470913,-0.7836954223013319,0.04733067206530374,-1.50688101032853,0.1,-0.0,1
16,209,world,2.09,0.19847255744834336,1.249695750207338,0.7681097486195352,-0.5478502829397971,0.9608644312306128,0.15326921871204888,-0.13763710800612922,-0.185213708701538,-0.09180569156613819,-0.034261451693676385,0.019946626880377197,-0.7969679795567987,0.06377801234339214,-1.5670012789259187,0.1,-0.0,1
16,210,world,2.1,0.19947255744834336,1.2487754114853495,0.7677749098868388,-0.5476482058497655,0.9627463422065524,0.1449581674194226,-0.13711580957785804,-0.1824989452849389,-0.09226069489670323,-0.03269345774768885,0.020471980795163026,-0.8131382608456503,0.08335221158930294,-1.6371544665284927,0.1,-0.0,1
16,211,world,2.11,0.20047255744834336,1.2478505647687732,0.7674561559565813,-0.5474407748297176,0.9646039231602569,0.13624011325695967,-0.13662907821309356,-0.1797509330996985,-0.09270714082265656,-0.031042458584651513,0.021017892508725128,-0.8325291664470282,0.10644591201364678,-1.7187525180386478,0.1,-0.0,1
16,212,world,2.12,0.20147255744834336,1.2469213011774232,0.7671543809724585,-0.5472277694005612,0.966434874265383,0.12704972306188267,-0.1361857012361758,-0.17696173725515768,-0.0931438079883944,-0.02929531439871453,0.02158739418506983,-0.8555459309496867,0.1335474114514284,-1.8135375767907733,0.1,-0.0,1
16,213,world,2.13,0.20247255744834325,1.2459877277828477,0.7668706206336003,-0.5470089371800523,0.9682350371347999,0.1173114429331692,-0.13579549271946723,-0.17412214786921199,-0.09356868999560702,-0.02743679140023066,0.02218383939191369,-0.8826940609048732,0.16526274906484265,-1.9236621656037192,0.1,-0.0,1
16,214,world,2.14,0.20347255744834325,1.245049976651383,0.766606075391549,-0.5467839904400609,0.9699977893655428,0.10693710562467885,-0.13546953607854212,-0.17122134464266148,-0.09397874560234176,-0.02544908292953072,0.022810952480249468,-0.9146023902889445,0.2023441635801677,-2.051792698177601,0.1,-0.0,1
16,215,world,2.15,0.20447255744834347,1.2441082168493154,0.7663621390611561,-0.5465526021474927,0.971713185649156,0.09582293324000557,-0.13522047326589184,-0.16824646775073362,-0.09436954665569723,-0.023311213572177886,0.023472877663177464,-0.9520529377155557,0.24572705378852566,-2.201244207314787,0.1,-0.0,1
16,216,world,2.16,0.20547255744834336,1.243162670655777,0.7661404341053223,-0.54631440153612,0.9733667346249297,0.08384576481304393,-0.13506284925882717,-0.16518206439745417,-0.09473477992765958,-0.020998296608298855,0.024174222047623692,-0.9960187566611248,0.29657722567668326,-2.3761536969879002,0.1,-0.0,1
16,217,world,2.17,0.20647255744834336,1.2422136357723388,0.7659428550275696,-0.5460689693773091,0.9749376463848973,0.07085830365248956,-0.13501351820929233,-0.16200937122807965,-0.09506553805195235,-0.018480611873046216,0.024920081454333658,-1.0477124351898943,0.35635188277813845,-2.581705182884603,0.1,-0.0,1
16,218,world,2.18,0.20747255744834336,1.2412615159828129,0.7657716225598904,-0.5458158329989182,0.9763963076282064,0.05668309901608484,-0.1350921196288292,-0.15870537467309612,-0.09534930490603985,-0.01572246183031274,0.025716030952100767,-1.1086456246637044,0.42687571185315565,-2.82441391688367,0.1,-0.0,1
16,219,world,2.19,0.20847255744834337,1.2403068641486723,0.7656293499127838,-0.5455544619020336,0.9777006133262967,0.04110501945917128,-0.135321609697522,-0.15524158600554236,-0.09556849304154637,-0.012680783936452097,0.026568042015265688,-1.1806996073539,0.5104331837054633,-3.1124770704327793,0.1,-0.0,1
16,220,world,2.2,0.20947255744834337,1.2393504428459081,0.765519124357599,-0.5452842647519003,0.9787906102317824,0.02386192764936935,-0.1357288200375577,-0.15158244338367086,-0.09569832705341652,-0.009303510234215927,0.027482265126789834,-1.2662046564487788,0.6098759452838989,-3.456191541561542,0.1,-0.0,1
16,221,world,2.21,0.21047255744834326,1.2383933106238494,0.7654446065847778,-0.5450045895549519,0.9795806453388053,0.0046334336168468255,-0.13634496216132735,-0.14768324841956268,-0.09570377442260047,-0.005527738253321694,0.02846456869637709,-1.3680132687764957,0.7287305864042577,-3.868396143563068,0.1,-0.0,1
16,222,world,2.22,0.21147255744834326,1.2374369454247784,0.7654101480685289,-0.5447147305150538,0.9799478638764462,-0.01697188822617792,-0.13720588674710898,-0.14348757345487426,-0.09553511116825676,-0.001277950504588596,0.029519643910058374,-1.4895336411538584,0.8712708111674354,-4.364823524254517,0.1,-0.0,1
16,223,world,2.23,0.21247255744834348,1.236483421284937,0.7654209237756296,-0.5444139472524749,0.9797155127278271,-0.04142934580913065,-0.13835172059656914,-0.13892416936677118,-0.09512160353136705,0.0035351369287660896,0.030649361306824927,-1.6346487781391241,1.042470547329018,-4.964083620224081,0.1,-0.0,1
16,224,world,2.24,0.21347255744834337,1.2355356598419522,0.7654830684508477,-0.5441015061522491,0.9786292745777981,-0.06930708204691893,-0.13982515548634827,-0.13390368632227,-0.09436279153237843,0.009013810966233243,0.031849878902154426,-1.8073644192065257,1.2476571359999202,-5.686658751899891,0.1,-0.0,1
16,225,world,2.25,0.21447255744834337,1.23459778185557,0.7656037858599117,-0.543776759749567,0.9763254395177013,-0.10126216474171362,-0.1416670879899719,-0.12831619665042643,-0.0931172722699716,0.015268090540264484,0.033106782028071914,-2.010889733790977,1.4915133884762304,-6.551676926258479,0.1,-0.0,1
16,226,world,2.2600000000000002,0.21547255744834337,1.2336755785425346,0.7657913635810714,-0.5434392881560677,0.9722927801810689,-0.138005734330762,-0.14390750694173016,-0.12203194805218287,-0.09119040177890549,0.02240122152393864,0.03438743807900233,-2.24567973056531,1.7758495110980839,-7.569370564462902,0.1,-0.0,1
16,227,world,2.27,0.21647255744834337,1.2327770917243683,0.7660549680481674,-0.5430891323951702,0.9658389370236699,-0.18020593641247884,-0.14654891641625528,-0.11491032724655613,-0.08832627202388954,0.030478704003261116,0.03563029992356874,-2.5059020221572195,2.095437478726166,-8.726530302990387,0.1,-0.0,1
16,228,world,2.2800000000000002,0.21747255744834337,1.231913201961579,0.7664040135698289,-0.5427271432626575,0.9560917321719283,-0.22828613482413282,-0.14954051680556632,-0.10682543776209678,-0.08421716446331762,0.039473275474225245,0.03673322383203579,-2.7743612492522605,2.4317885998706306,-9.964064227256273,0.1,-0.0,1
16,229,world,2.29,0.21847255744834337,1.2310979412976875,0.7668468607162396,-0.5423554231310709,0.9420951340030538,-0.2820928028082889,-0.1527470992088367,-0.09771761752528535,-0.07855365662412071,0.04918775906636105,0.03754846719919941,-3.0180089097233678,2.747173241446525,-11.15405339112229,0.1,-0.0,1
16,230,world,2.3000000000000003,0.21947255744834337,1.2303480023940434,0.7673887459113853,-0.5419777236139605,0.9230705562042458,-0.3405005848099949,-0.15592989110068387,-0.0876696588003207,-0.07113715356630586,0.059187299933138496,0.03789945789992944,-3.1896828113311706,2.985529701919221,-12.099447495232639,0.1,-0.0,1
16,231,world,2.31,0.22047255744834338,1.2296808583980796,0.7680293722411865,-0.5415995040916467,0.8988337286607756,-0.4012041749933482,-0.15877022091635618,-0.07697502932669555,-0.062035582209229605,0.06881397043762158,0.03763275186020897,-3.242338399989512,3.088283247751523,-12.586257670657366,0.1,-0.0,1
16,232,world,2.32,0.22147255744834338,1.2291114998081916,0.7687613619427581,-0.5412273345322894,0.8701499800000086,-0.4610417160717392,-0.16095397164361233,-0.06613144002482894,-0.051681480055187835,0.07734843117708388,0.03669120894368487,-3.152621205986132,3.022543569919365,-12.483024081539298,0.1,-0.0,1
16,233,world,2.33,0.22247255744834327,1.2286490251545221,0.7695708990460267,-0.5408676722977006,0.8386830371834203,-0.5168862624504085,-0.16227987284546005,-0.05571891689635153,-0.04078957474666382,0.08426320312625368,0.03515569926612239,-2.9769230210308693,2.808078846232897,-11.80448846850314,0.1,-0.0,1
16,234,world,2.34,0.22347255744834338,1.2282949712258657,0.7704406209603276,-0.5405255799679863,0.806541037573308,-0.5665290725326199,-0.16259502826564481,-0.045817261690281184,-0.03011434467370265,0.08938664317899214,0.03321376621319802,-3.203075821194222,2.5184974446866972,-10.29888439783462,0.1,-0.0,1
16,235,world,2.35,0.22447255744834338,1.2280420866674346,0.7713524738781337,-0.5402035227132078,0.7781219092232852,-0.606505442565553,-0.16011547078445545,-0.03225644959607987,-0.020763366716676113,0.09270429684337117,0.03122172239587287,-3.3020062361550666,2.1225823183051986,-8.357654674499553,0.1,-0.0,1
16,236,world,2.36,0.22547255744834338,1.2278742737263177,0.7722902844557021,-0.5399005482218735,0.7538883738741649,-0.6377602729582617,-0.15649350339575463,-0.02058973939839854,-0.013040571141584498,0.094684913293615,0.029405963661847306,-2.9476980389513625,1.6093215749375123,-6.793022554913453,0.1,-0.0,1
16,237,world,2.37,0.22647255744834327,1.2277770219322266,0.7732434264125468,-0.5396147442749466,0.7331038086700626,-0.6628061182687741,-0.152116534642351,-0.010364129839523293,-0.006595733128600307,0.09583519844888834,0.027786886165212462,-2.6865865906283792,1.2381857074781057,-5.63808554617698,0.1,-0.0,1
16,238,world,2.38,0.22747255744834338,1.2277391072144075,0.7742052485903269,-0.539344205382032,0.7150440373984355,-0.683400425231343,-0.14722214891624305,-0.0012337921412766645,-0.0011286994935096304,0.09645959532983112,0.02634905133507805,-2.493772641428361,0.9669408920641758,-4.784632008803091,0.1,-0.0,1
16,239,world,2.39,0.22847255744834338,1.2277519775672696,0.7751714813526659,-0.5390872453741902,0.6990939541709821,-0.700761077422435,-0.14195695517324006,0.0070553872517168485,0.0035953493028800278,0.09674058031857696,0.02506658299440194,-2.3506093344167724,0.7654672655051722,-4.151238182018733,0.1,-0.0,1
16,240,world,2.4,0.22947255744834338,1.2278091396472794,0.7761392880893726,-0.5388424446436014,0.6847535458007336,-0.715743258172899,-0.13641262016893066,0.014689007863454628,0.007755640302027252,0.09678854119000617,0.023912932438662802,-2.2440414571073215,0.6131662574693337,-3.680793336370512,0.1,-0.0,1
16,241,world,2.41,0.23047255744834327,1.2279056723718964,0.7771067023994622,-0.53860863786359,0.6716174701136846,-0.7289622550723512,-0.13064686731014719,0.021803682715797284,0.011489554700396148,0.09667070721716746,0.022864043800677365,-2.165169517751393,0.496032147800538,-3.3343911239009394,0.1,-0.0,1
16,242,world,2.42,0.23147255744834339,1.2280378702201582,0.7780722866550713,-0.5383848848708729,0.6593503087348173,-0.7408750584492362,-0.12469558674592307,0.028501382163539077,0.01490462573350753,0.09642763874158132,0.021898918203124822,-2.1080430871107794,0.40444739739841484,-3.0861327919326182,0.1,-0.0,1
16,243,world,2.43,0.2324725574483434,1.2282029938021264,0.779034916479386,-0.5381704416379818,0.6476637320547228,-0.7518346496838152,-0.11857977787212431,0.034859518005285035,0.018087925611117717,0.09608256715567458,0.020999219886985325,-2.0688290572977523,0.3316888015818545,-2.9195453947413705,0.1,-0.0,1
16,244,world,2.44,0.2334725574483434,1.228399103317378,0.779993635883759,-0.5379647371813835,0.6362960593674475,-0.7621272901363532,-0.11230939301004324,0.04093798608374064,0.021113362177652917,0.09564654741040074,0.020148546002757076,-2.045305665329637,0.2729442527555054,-2.8254344464666676,0.1,-0.0,1
16,245,world,2.45,0.23447255744834328,1.2286249574513808,0.7809475499168473,-0.5377673584423791,0.6249926840857469,-0.7719998193210131,-0.10588516191437553,0.04678414575455456,0.02404767274853262,0.09512097771511963,0.019331555392652727,-2.0366204363716913,0.22465887394196257,-2.8009270141331704,0.1,-0.0,1
16,246,world,2.46,0.2354725574483434,1.2288799694911627,0.7818957324800948,-0.5375780446393388,0.6134847456354806,-0.7816819183809366,-0.09929886682155635,0.05243644149657136,0.026955935908480128,0.09449818543592903,0.018532956283730934,-2.043294134542367,0.18408013587410813,-2.849663449613564,0.1,-0.0,1
16,247,world,2.47,0.2364725574483434,1.2291642193719954,0.7828371309909671,-0.537396692793556,0.6014619396964789,-0.7914074754989159,-0.09253207495911005,0.05792717777299224,0.029907537240435097,0.09376015028249027,0.01773621817685014,-2.0675240738659504,0.1489057337551271,-2.983438810753666,0.1,-0.0,1
16,248,world,2.48,0.2374725574483434,1.2294785335492406,0.7837704466096241,-0.5372233788499268,0.5885323605658502,-0.8014395825670763,-0.08555281894565278,0.06328484203939434,0.03298389430162971,0.09287474555559966,0.01692171252212792,-2.113968162494026,0.1169452820311166,-3.2262300594150943,0.1,-0.0,1
16,249,world,2.49,0.23847255744834328,1.2298246590390791,0.7846939578445946,-0.5370584024516663,0.5741554410643682,-0.8121059195162198,-0.07830884511980732,0.06853633896625938,0.03629018854149947,0.09178769495024686,0.016063663073622055,-2.191478995230495,0.08567125526731956,-3.622993277170099,0.1,-0.0,1
16,250,world,2.5,0.2394725574483434,1.2302055923715283,0.7856052253927563,-0.5369023734309744,0.5575174887698847,-0.8238571843270902,-0.07071414893132151,0.07370955629549879,0.03997562160921209,0.0904057419442207,0.015124533066249377,-2.317015257324018,0.051393980067218216,-4.259448213033967,0.1,-0.0,1
16,251,world,2.5100000000000002,0.2404725574483434,1.2306261921103323,0.7865005411082929,-0.5367563798205047,0.5372752541658339,-0.8373760872567643,-0.06262064203103772,0.07883682479153459,0.04427240669199153,0.08855921818881968,0.014043463941774977,-2.004973233821724,0.15267087137586735,-5.302425367316831,0.1,-0.0,1
16,252,world,2.52,0.2414725574483434,1.231094265412355,0.7873738341111147,-0.5366223462191774,0.5113753014185725,-0.8533834944453151,-0.05884822114654336,0.0822727134307268,0.04952250453501717,0.08594245087993146,0.012704986474993733,-1.4493539563349358,0.34332403949594537,-6.7944836997877465,0.1,-0.0,1
16,253,world,2.5300000000000002,0.24247255744834328,1.2316205278322974,0.7882155553940714,-0.5365037523561835,0.4777699803533394,-0.8724632090954902,-0.05753779855118586,0.08504820036809625,0.05594646299470836,0.08216228863583991,0.01092481599399555,-1.5329302879504365,0.45396129480081415,-8.76915785103186,0.1,-0.0,1
16,254,world,2.54,0.2434725574483434,1.2322179588212354,0.7890109785184192,-0.5364060129059175,0.4330833083538719,-0.8953073624395969,-0.05507357878934714,0.08848997517262135,0.06379562673855947,0.07653750765449457,0.008492816439355018,-2.1283128562145275,0.5394361848186212,-11.469017362752341,0.1,-0.0,1
16,255,world,2.5500000000000003,0.2444725574483434,1.2329016079365385,0.7897365293301543,-0.5363370197044792,0.37256490731143194,-0.9219566920829144,-0.0509228299914375,0.09272601117926692,0.07317560093661786,0.06796389617487568,0.00512252323523986,-2.925031168417192,0.6622400163956725,-15.033809824242608,0.1,-0.0,1
16,256,world,2.56,0.2454725574483434,1.233684947967065,0.7903554225083967,-0.5363076927928202,0.29099057537104034,-0.9506827424299716,-0.04445033682603668,0.09772909416909067,0.08354856772654855,0.05494874044734232,0.0005222586456323628,-3.8416991059660965,0.8183090693134347,-19.051983655127284,0.1,-0.0,1
16,257,world,2.57,0.2464725574483433,1.2345695411265705,0.7908170319849551,-0.5363306894267219,0.18703880637105216,-0.9762920843460507,-0.03535102216749819,0.10305608272319017,0.09295718386972494,0.03648362497062698,-0.005282714833567473,-4.562719595197912,0.9668586528592794,-22.07069473379869,0.1,-0.0,1
16,258,world,2.58,0.2474725574483434,1.2355304106533924,0.7910718163913996,-0.5364147166840872,0.07072332417067095,-0.991350917287188,-0.02449080679568489,0.107804316215064,0.09832491865701928,0.014159195515414662,-0.011477262454383602,-4.674012268315099,1.0382051193385882,-22.274839675400038,0.1,-0.0,1
16,259,world,2.59,0.2484725574483434,1.2365176203781818,0.7911024837367929,-0.536557170322898,-0.03852483627163039,-0.9929426350980568,-0.013881794438752515,0.11130164499202896,0.0982938518260556,-0.007530346943595962,-0.016781316042149417,-4.11236342409843,1.0015053663991127,-19.49645631159891,0.1,-0.0,1
16,260,world,2.6,0.2494725574483434,1.237484035552816,0.7909355137857093,-0.536745222222557,-0.12732579142845268,-0.9853122992891956,-0.005089455458916232,0.1136745932461978,0.09459943937554975,-0.025048317050762103,-0.02057979306883788,-3.243046717605111,0.8979328515727243,-15.445889050557733,0.1,-0.0,1
16,261,world,2.61,0.2504725574483433,1.2384054532864703,0.7906172323127009,-0.5369644277929276,-0.19449398829368564,-0.9740889888983771,0.0015834115454971538,0.11541327060797937,0.08961554463144235,-0.03789823990564284,-0.023081975055534276,-2.428523883581942,0.78478969533344,-11.734592070251221,0.1,-0.0,1
16,262,world,2.62,0.2514725574483433,1.2392766083738316,0.7901897155466957,-0.5372039878776826,-0.24454728676106646,-0.9625440907505292,0.006507899676224874,0.116889456927655,0.08468129337708646,-0.04709688085382652,-0.024717652919002703,-1.7979256750622914,0.6896743294304296,-8.900035680658986,0.1,-0.0,1
16,263,world,2.63,0.2524725574483434,1.2401008651923653,0.7896837151460313,-0.537457015785348,-0.28232396520623987,-0.9519438355893995,0.010147943673756857,0.11829256862864433,0.0802708583939135,-0.05375820654355101,-0.02581946014008032,-1.3398981332079474,0.6165392992760842,-6.862049899762008,0.1,-0.0,1
16,264,world,2.64,0.2534725574483434,1.2408840565183181,0.7891202514212713,-0.537719296712197,-0.3114660368223612,-0.9425997772231286,0.012870463665369486,0.1197034629829829,0.07646584803010671,-0.05870019418220909,-0.026594384520187177,-1.0098927779112195,0.5614224686780968,-5.406282085221665,0.1,-0.0,1
16,265,world,2.65,0.2544725574483433,1.2416320288253486,0.7885136167677607,-0.5379882264477784,-0.3344682758530827,-0.9344678244775882,0.014933405933990314,0.12115218054661797,0.07321403285759812,-0.06246430836663974,-0.027164601469631146,-0.7688000054255442,0.5195787803511371,-4.351001054949749,0.1,-0.0,1
16,266,world,2.66,0.2554725574483433,1.2423499016001736,0.7878737057220734,-0.538262150978546,-0.35300998266714206,-0.9273990389271738,0.01651324252211151,0.12264700385946846,0.07043173436316423,-0.06540235804700707,-0.02760257880140477,-0.58890069476615,0.4872603859059285,-3.5693531238953398,0.1,-0.0,1
16,267,world,2.67,0.2564725574483434,1.2430419579813705,0.7872075441215951,-0.5385399859360175,-0.3682330782963231,-0.9212315056676667,0.017731304155579577,0.12418741428438033,0.06803820944585351,-0.06774559196708847,-0.02795240283823431,-0.45162541862656264,0.46179799832073454,-2.977161260685423,0.1,-0.0,1
16,268,world,2.68,0.2574725574483434,1.2437117316046522,0.7865202533711116,-0.5388209984802758,-0.3809296538951446,-0.9158198148596962,0.01867240892352435,0.12576965706667886,0.06596486382374248,-0.0696494111561441,-0.02824174687085594,-0.34461915968585666,0.4413390014613122,-2.5188094880165504,0.1,-0.0,1
16,269,world,2.69,0.2584725574483433,1.2443621355220829,0.7858156602967257,-0.5391046796831429,-0.3916616728002589,-0.9110416614072427,0.019397068360186263,0.12738908500599316,0.06415597635959397,-0.07122088015602256,-0.028488540277604463,-0.2595665142825065,0.42459535877310484,-2.157077232310973,0.1,-0.0,1
16,270,world,2.7,0.2594725574483433,1.2449955830458703,0.7850966893328175,-0.5393906677516213,-0.4008367985564776,-0.906796711359282,0.019949351660886086,0.12904111189576492,0.06256696642153117,-0.07253559110516652,-0.028704751102057637,-0.1907672294627845,0.4106601679410088,-1.8665732991047461,0.1,-0.0,1
16,271,world,2.71,0.2604725574483434,1.2456140883887774,0.784365620744878,-0.5396787003951057,-0.40875699587241965,-0.9030033112697169,0.02036198777725238,0.1307215652256379,0.061162252465489834,-0.07364815257945148,-0.028898589844169206,-0.13423408268333822,0.3988842948300999,-1.6296138191938843,0.1,-0.0,1
16,272,world,2.72,0.2614725574483434,1.246219346808747,0.7836242647389268,-0.5399685843987055,-0.4156502507546023,-0.8995950156650001,0.020659725952131,0.13242678189062548,0.05991333482625282,-0.07459884958289593,-0.02907583104411269,-0.08712147585531638,0.388794888723011,-1.4336282648321064,0.1,-0.0,1
16,273,world,2.73,0.2624725574483433,1.2468127973638625,0.782874081570605,-0.5402601756562101,-0.42169169836755077,-0.8965175501592866,0.020861589996843143,0.13415359796548657,0.05879724149055842,-0.07541796885812957,-0.02924062869391072,-0.047359248891927525,0.38004146516133275,-1.2695057344739356,0.1,-0.0,1
16,274,world,2.74,0.2634725574483433,1.247395671832396,0.7821162661871751,-0.5405533657442672,-0.42701798590082424,-0.8937263329909182,0.020982419304347705,0.1358992991738607,0.05779531648904895,-0.07612867153672287,-0.029396033099457947,-0.013414345583344811,0.37235992871781143,-1.1305231463013783,0.1,-0.0,1
16,275,world,2.75,0.2644725574483434,1.247969033051309,0.7813518091536024,-0.5408480726751821,-0.43173723977085104,-0.8911845059755426,0.021033943347995604,0.13766156083456352,0.056892287897582786,-0.07674894353438372,-0.02954432676732598,0.015867336402445215,0.3655481776760818,-1.011636711585139,0.1,-0.0,1
16,276,world,2.7600000000000002,0.2654725574483434,1.24853380499668,0.7805815412257624,-0.5411442344154094,-0.4359361037833905,-0.888861392705736,0.021025543028571368,0.1394383896770544,0.05607555527101994,-0.07729294548133869,-0.029687247765085824,0.041367842950493214,0.3594493014519786,-0.9090046435109379,0.1,-0.0,1
16,277,world,2.77,0.2664725574483433,1.249090796687552,0.7798061665998893,-0.5414418042391206,-0.43968480433239404,-0.8867312905998695,0.020964800459055993,0.14122807175624127,0.05533464221791898,-0.07777196577884135,-0.02982614137815405,0.0637707091455178,0.35393982738632485,-0.8196597819339229,0.1,-0.0,1
16,278,world,2.7800000000000002,0.2674725574483433,1.249640721180788,0.7790262880002626,-0.5417407473653207,-0.4430408463148352,-0.8847725272927041,0.020857900875931062,0.14302912785780997,0.05466077534898455,-0.07819510401512424,-0.029962065120944972,0.08361248625203163,0.34892135242860944,-0.7412809301175308,0.1,-0.0,1
16,279,world,2.79,0.2684725574483434,1.2501842109060493,0.7782424259530271,-0.5420410384700868,-0.4460517567954924,-0.8829667170794079,0.02070993170679961,0.14484027588474002,0.054046557064458524,-0.0785697697412759,-0.030095862710364654,0.10131922966261256,0.3443145599751216,-0.6720312263109851,0.1,-0.0,1
16,280,world,2.8000000000000003,0.2694725574483434,1.250721830117194,0.7774550337657627,-0.5423426598231518,-0.44875714779580866,-0.881298172851178,0.020525107779897078,0.14666039950160314,0.05348570979437402,-0.07890205156682736,-0.030228217055223768,0.11723294694551777,0.3400548116788264,-0.6104413654748593,0.1,-0.0,1
16,281,world,2.81,0.2704725574483433,1.2512540850509106,0.776664509289865,-0.5426455998805685,-0.45119028586176607,-0.8797534386477988,0.020306942837684,0.14848852212860983,0.05297287477438611,-0.07919699386190138,-0.03035968875623009,0.13163104069228887,0.3360888522148432,-0.5553240416820265,0.1,-0.0,1
16,282,world,2.82,0.2714725574483433,1.251781432251686,0.775871204245273,-0.5429498522195193,-0.4533792986370542,-0.8783209165450674,0.02005838133861805,0.1503237854262598,0.05250345283314041,-0.0794588065583785,-0.030490744512333363,0.14474062142036906,0.33237237216977267,-0.505711022368656,0.1,-0.0,1
16,283,world,2.83,0.2724725574483434,1.2523042855319317,0.7750754317385004,-0.543255414703998,-0.4553481169840152,-0.8769905645037598,0.01978190155633202,0.15216543136108157,0.05207347661127157,-0.07969102664391814,-0.030621778296723454,0.15674922525660792,0.3288681687858186,-0.4608061038868149,0.1,-0.0,1
16,284,world,2.84,0.2734725574483434,1.2528230217569465,0.7742774723390403,-0.5435622888415915,-0.45711721420353,-0.8757536520893446,0.01947959637845664,0.15401278731297458,0.051679507978274045,-0.07989664329902861,-0.03075312739659655,0.16781305584903894,0.3255446972319099,-0.4199491186453068,0.1,-0.0,1
16,285,world,2.85,0.2744725574483433,1.253337985700209,0.7734775790438351,-0.5438704792827682,-0.45870419212228897,-0.8746025613595242,0.019153237292086536,0.1558652536456766,0.051318554983275456,-0.08007819590987518,-0.030885084656645884,0.17806324552850514,0.32237496888188144,-0.3825885975188692,0.1,-0.0,1
16,286,world,2.86,0.2754725574483433,1.25384949416313,0.7726759813769177,-0.5441799934228013,-0.46012425066596907,-0.8735306230994593,0.018804325621657715,0.1577222932703738,0.05098800398536329,-0.08023785164151527,-0.0310179079491632,0.18761073351719718,0.31933567868287904,-0.3482605470273219,0.1,-0.0,1
16,287,world,2.87,0.2764725574483433,1.2543578394529227,0.7718728887826375,-0.5444908410981735,-0.46139056533687955,-0.8725319822671483,0.018434133552743582,0.15958342288356608,0.050685564173413036,-0.08037746712753331,-0.031151827596228334,0.1965500325020855,0.3164065337695048,-0.31657204924533877,0.1,-0.0,1
16,288,world,2.88,0.2774725574483434,1.254863292408885,0.7710684934900405,-0.5448030343259747,-0.4625145959650527,-0.8716014851901619,0.018043737746664693,0.16144820550788952,0.05040922135637428,-0.08049863829965884,-0.03128705218049091,0.204962279738682,0.31356968757981435,-0.2871880959688097,0.1,-0.0,1
16,289,world,2.89,0.2784725574483433,1.255366104928221,0.7702629728924449,-0.5451165871315734,-0.46350633560131,-0.8707345873729894,0.017634046074054936,0.1633162442284721,0.05015720028565283,-0.08060274024171468,-0.03142377324624747,0.21291760805264437,0.31080930563003445,-0.25982132741233993,0.1,-0.0,0
16,290,world,2.9,0.2794725574483433,1.2558665122351271,0.7694564916056589,-0.5454315153753979,-0.46437451920652323,-0.8699272741427658,0.017205820213647208,0.16518717675722697,0.049927932457498735,-0.08069096012913252,-0.03156216903126578,0.22047705063412548,0.30811121196069424,-0.2342238139160279,0.1,-0.0,0
16,291,world,2.91,0.2804725574483433,1.25636473477862,0.7686492031954806,-0.5457478366535391,-0.46512679262070394,-0.8691759958237962,0.01675969354730975,0.16706067084232934,0.0497200298340826,-0.08076432373697916,-0.031702407552209065,0.227694146243958,0.3054625725940564,-0.21018023091292576,0.1,-0.0,0
16,292,world,2.92,0.28147255744834343,1.2568609799338128,0.7678412516833883,-0.546065570202662,-0.4657698551284924,-0.8684776118449838,0.01629618629025181,0.16893642025925107,0.04953226230439228,-0.08082371751219553,-0.03184464913478713,0.23461612987995092,0.30285168095829285,-0.1875026867123608,0.1,-0.0,0
16,293,world,2.93,0.2824725574483433,1.2573554434909362,0.7670327728480252,-0.5463847368278965,-0.4663095782588635,-0.8678293434828078,0.015815717942642724,0.17081414133554185,0.04936353868490148,-0.08086990678758332,-0.03198904851151128,0.241285026066953,0.30026773102220683,-0.16602613499422345,0.1,-0.0,0
16,294,world,2.94,0.2834725574483433,1.2578483109455831,0.7662238953540899,-0.5467053588702102,-0.4667511041157135,-0.8672287343441097,0.015318617330479149,0.1726935699375008,0.049212890841486924,-0.08090355073215677,-0.032135756626431394,0.24773846785117987,0.29770066088094416,-0.14560486482772364,0.1,-0.0,0
16,295,world,2.95,0.2844725574483433,1.258339758684036,0.7654147417550443,-0.5470274601521044,-0.4670989302810836,-0.8666736154742165,0.014805131320346688,0.1745744587782095,0.04907945974880527,-0.08092521506715121,-0.0322849221324867,0.25401044649512244,0.2951409906712718,-0.1261093901705529,0.1,-0.0,0
16,296,world,2.96,0.28547255744834343,1.2588299549843074,0.7646054293679113,-0.5473510659931645,-0.46735697824704403,-0.8661620772409746,0.014275431368846734,0.1764565750903757,0.04896248420254648,-0.08093538226932974,-0.032436692766569984,0.26013191533731767,0.2925796930547817,-0.10742393878116772,0.1,-0.0,0
16,297,world,2.97,0.2864725574483433,1.2593190609646747,0.7637960710649085,-0.5476762031841788,-0.46752865417717804,-0.8656924436623818,0.013729619452842784,0.1783396984936632,0.04886129059024845,-0.08093446045575009,-0.03259121649450853,0.26613124385747944,0.2900081050599227,-0.0894445139501994,0.1,-0.0,0
16,298,world,2.98,0.2874725574483433,1.2598072314107063,0.7629867759782242,-0.5480028999992131,-0.46761689866616274,-0.8652632512813108,0.013167732561824012,0.18022361910447643,0.04877528444172534,-0.08092279059397167,-0.032748642569013414,0.27203470374135064,0.28741780625633195,-0.07207696852724603,0.1,-0.0,0
16,299,world,2.99,0.2884725574483433,1.260294615527163,0.762177650140249,-0.5483311862160988,-0.4676242290733806,-0.8648732309084253,0.012589746327959131,0.18210813581206609,0.04870394311887177,-0.08090065253299064,-0.03290912251048364,0.27786682675374136,0.28480053606287575,-0.05523554888917936,0.1,-0.0,0
16,300,world,3.0,0.28947255744834344,1.2607813576247004,0.7613687970691277,-0.5486610931432191,-0.4675527752949802,-0.864521291958698,0.01199557785836727,0.18399305469465263,0.04864680954309213,-0.08086827001156027,-0.0330728109875091,0.2836507389731686,0.28214810759371195,-0.03884158347924942,0.1,-0.0,0
16,301,world,3.0100000000000002,0.2904725574483433,1.2612675977475747,0.7605603183095807,-0.548992653658072,-0.4674043095194731,-0.8642065092388022,0.011385087781824432,0.18587818755332508,0.04860348686753116,-0.08082581473022904,-0.03323986668914934,0.289408435742705,0.27945233617793147,-0.022822407252095514,0.1,-0.0,0
16,302,world,3.02,0.29147255744834333,1.2617534722541508,0.7597523139343765,-0.5493259022449611,-0.46718027165665954,-0.8639281113902977,0.010758081781469822,0.18776335052609852,0.04857363381569715,-0.08077340973327105,-0.03341045312472848,0.2951610330824101,0.2767049684539698,-0.007110408267602714,0.1,-0.0,0
16,303,world,3.0300000000000002,0.29247255744834333,1.2622391143511509,0.7589448830178019,-0.5496608750509919,-0.4668817899180028,-0.863685471362931,0.01011431143056171,0.18964836277658562,0.04855696079534075,-0.08071113204494026,-0.03358473942647105,0.3009290257892925,0.27389759905928246,0.008357894018026243,0.1,-0.0,0
16,304,world,3.04,0.29347255744834344,1.262724654593695,0.7581381240880162,-0.5499976099527704,-0.4665096973829402,-0.8634780985371034,0.009453474440424024,0.19153304523092105,0.04855322663784151,-0.08063901467548301,-0.03376290116713364,0.3067324588227549,0.27102161985995443,0.023642485479024842,0.1,-0.0,0
16,305,world,3.0500000000000003,0.29447255744834333,1.2632102213551901,0.7573321355503576,-0.5503361466034984,-0.46606454637358374,-0.8633056315629474,0.008775214666754587,0.19341721932867983,0.048562235640309634,-0.08055704824581304,-0.03394512111536493,0.3125911584541803,0.26806813423010617,0.03880062252286012,0.1,-0.0,0
16,306,world,3.06,0.29547255744834333,1.2636959412703814,0.7565270161177747,-0.5506765265371758,-0.46554661762191646,-0.863167833583368,0.008079121158823352,0.19530070580796555,0.048583835465669044,-0.08046518183584883,-0.03413159011192685,0.3185249164008181,0.26502788685912826,0.053887431304945714,0.1,-0.0,0
16,307,world,3.0700000000000003,0.29647255744834333,1.2641819396575622,0.7557228652120501,-0.5510187932293431,-0.46495592877798253,-0.8630645874075981,0.007364727211447486,0.197183323458799,0.04861791506598169,-0.08036332365640969,-0.034322507856101275,0.324553668289322,0.261891190589817,0.0689564606576379,0.1,-0.0,0
16,308,world,3.08,0.29747255744834344,1.2646683409289683,0.7549197833874257,-0.5513629922195304,-0.46429223812680737,-0.8629958928794661,0.006631508458575742,0.19906488787311788,0.04866440337057923,-0.08025134099021035,-0.034518083867134695,0.33069764816271874,0.25864785982143024,0.0840601431317645,0.1,-0.0,0
16,309,world,3.09,0.29847255744834333,1.2651552689749546,0.7541178727170623,-0.5517091711709736,-0.46355504848182194,-0.8629618637637737,0.005878881094188399,0.20094521012816005,0.048723267863535785,-0.08012906007556476,-0.03471853827718955,0.3369775725763553,0.2552871246841931,0.09925030920456221,0.1,-0.0,0
16,310,world,3.1,0.29947255744834334,1.2656428475534272,0.7533172372274517,-0.5520573800180146,-0.46274360576158874,-0.8629627271038681,0.0051061989355785835,0.2028240954340697,0.04879451398387436,-0.07999626516532542,-0.03492410291870695,0.3434148609852296,0.2517975219601722,0.11457876848529623,0.1,-0.0,0
16,311,world,3.11,0.30047255744834334,1.2661312006635224,0.7525179833161977,-0.5524076710746311,-0.4618568970717473,-0.8629988224348484,0.004312750395784065,0.2047013416842844,0.048878184518576506,-0.0798526974238349,-0.03513502230404103,0.35003177872171054,0.24816681975038934,0.1300976620060458,0.1,-0.0,0
16,312,world,3.12,0.30147255744834334,1.2666204529180585,0.7517202201912271,-0.5527600991676731,-0.46089364557028234,-0.8630706022912144,0.0034977547114038244,0.20657673791013928,0.04897435943214571,-0.07969805326862885,-0.035351554752256674,0.35685165900604104,0.24438189819896194,0.14585999675264585,0.1,-0.0,0
16,313,world,3.13,0.30247255744834334,1.267110729920316,0.7509240603357618,-0.5531147217908443,-0.45985230307380015,-0.8631786334554198,0.0026603576146139456,0.2084500626076148,0.049083155953417765,-0.07953198227647404,-0.03557397358782249,0.3638990523535086,0.24042866253469325,0.16191996911128423,0.1,-0.0,0
16,314,world,3.14,0.30347255744834334,1.2676021586201038,0.750129619961887,-0.5534715992249886,-0.45873104137191806,-0.8633235983862062,0.0017996266584927826,0.21032108190863366,0.04920472874454116,-0.07935408477860849,-0.035802568317448165,0.3712000237898281,0.23629187597804846,0.17833364025128673,0.1,-0.0,0
16,315,world,3.15,0.30447255744834334,1.2680948677190074,0.749337019559503,-0.5538307947612173,-0.45752773789014056,-0.8635062990888309,0.0009145451137382778,0.21218954758016778,0.04933927085983763,-0.07916390850704513,-0.03603764616214225,0.37878238098995665,0.2319550223433109,0.19515940497156772,0.1,-0.0,0
16,316,world,3.16,0.30547255744834334,1.2685889880388659,0.7485463844109059,-0.5541923748471287,-0.4562399619154133,-0.8637276600390239,4.005903577485041e-06,0.2140551947953784,0.04948701441263392,-0.07896094514402147,-0.03627953343810524,0.38667586182186375,0.22740018546098695,0.2124583357515213,0.1,-0.0,0
16,317,world,3.17,0.30647255744834334,1.269084652916138,0.747757845170153,-0.5545564092847971,-0.454864956260295,-0.863988732804855,-0.0009331956828823478,0.21591773965656091,0.04964823180071302,-0.07874462603381287,-0.03652857716716642,0.3949125223181725,0.22260781848256783,0.23029499613467044,0.1,-0.0,0
16,318,world,3.18,0.30747255744834334,1.2695819986289745,0.7469715385135308,-0.5549229714730392,-0.45339961492522324,-0.8642907019483463,-0.0018983704100301354,0.21777687641501414,0.049823237340019505,-0.07851431709330205,-0.0367851468983407,0.4035270276113518,0.21755655732935386,0.24873797716298474,0.1,-0.0,0
16,319,world,3.19,0.30847255744834334,1.2700811648105237,0.7461876078022953,-0.555292138619237,-0.451840458682976,-0.8646348910614357,-0.0028929441994440474,0.21963227433643745,0.05001238894513238,-0.0782693131629018,-0.037049636557035345,0.4125569867835022,0.21222300511504621,0.2678605100823929,0.1,-0.0,0
16,320,world,3.2,0.30947255744834334,1.270582294900844,0.7454062038332389,-0.5556639920019021,-0.45018360578587474,-0.8650227702589649,-0.00391846864368232,0.22148357415082198,0.05021609027529015,-0.07800883135646423,-0.03732246652972756,0.42204339443933875,0.20658145253690471,0.2877412996987711,0.1,-0.0,0
16,321,world,3.21,0.31047255744834334,1.2710855366126552,0.7446274856484183,-0.5560386172413355,-0.4484247383079034,-0.8654559646660291,-0.0049766328427608844,0.2233303840121843,0.05043479320110067,-0.07773200343417683,-0.03760408590660506,0.43203109756101354,0.20060357632988027,0.3084653733083736,0.1,-0.0,0
16,322,world,3.22,0.31147255744834335,1.2715910424375254,0.7438516214446029,-0.5564161046121064,-0.44655906323892797,-0.8659362641346121,-0.006069276824784297,0.22517227487989405,0.050669000644872945,-0.07743786700139144,-0.0378949749693106,0.4425693062293113,0.19425810527634185,0.3301249871186609,0.1,-0.0,0
16,323,world,3.23,0.31247255744834335,1.2720989701597565,0.7430787895485299,-0.5567965493521767,-0.4445812684122646,-0.8664656338780998,-0.007198406567194875,0.227008775222585,0.050919269720007945,-0.07712535549016704,-0.03819564781092794,0.453712169730365,0.18751044112646162,0.35282063609965686,0.1,-0.0,0
16,324,world,3.24,0.31347255744834335,1.2726094834123736,0.7423091795110005,-0.5571800520122488,-0.44248547190078624,-0.8670462264105883,-0.008366211007684634,0.22883936492061938,0.05118621526069117,-0.07679328662835658,-0.038506655218302946,0.4655195296182285,0.18032217103089115,0.37666241713711446,0.1,-0.0,0
16,325,world,3.25,0.31447255744834335,1.273122752299139,0.7415429933599397,-0.5575667188670638,-0.440265162491405,-0.8676803956198417,-0.009575081718294506,0.23066346820313746,0.051470514017575575,-0.07644034895202784,-0.038828587907092066,0.47805765841117087,0.1726505749303144,0.4017712884454109,0.1,-0.0,0
16,326,world,3.2600000000000002,0.31547255744834335,1.2736389539999287,0.7407804469231742,-0.5579566622907466,-0.4379131342124519,-0.8683707109786719,-0.01082763450456841,0.23248044547801952,0.05177290888017148,-0.07606508668564399,-0.03916207979143762,0.49140018560131865,0.16444801500903233,0.42828068618922654,0.1,-0.0,0
16,327,world,3.27,0.31647255744834335,1.274158273495541,0.7400217714063059,-0.5583500012506636,-0.4354214079997616,-0.8691199748523626,-0.01212673479810168,0.2342895837873941,0.0520942140324296,-0.07566588181064504,-0.03950781181185454,0.5056291740481167,0.15566122427789192,0.4563383943760151,0.1,-0.0,0
16,328,world,3.2800000000000002,0.31747255744834335,1.2746809042812648,0.7392672150829299,-0.5587468617679302,-0.4327811443749827,-0.8699312402247774,-0.013475525868746736,0.2360900856813391,0.052435320228543664,-0.07524093375609305,-0.03986651577503733,0.5208362313366551,0.14623055731606768,0.4861083957124332,0.1,-0.0,0
16,329,world,3.29,0.31847255744834335,1.27520704914433,0.7385170452138684,-0.5591473774299988,-0.4299825427652522,-0.8708078302259717,-0.014877461055584346,0.23788105617472538,0.05279720057738522,-0.07478823584349868,-0.040238978498572435,0.5371240525343758,0.13608897550257856,0.5177735782496784,0.1,-0.0,0
16,330,world,3.3000000000000003,0.31947255744834335,1.2757369210646403,0.7377715502986147,-0.5595516900102349,-0.42701472266636303,-0.871753360795128,-0.01633634137011645,0.2396614873508209,0.05318091723353004,-0.07430554750662224,-0.040626046471956084,0.5546080840016787,0.12516093685242355,0.5515385690505216,0.1,-0.0,0
16,331,world,3.31,0.32047255744834335,1.2762707441233583,0.7370310425507924,-0.5599599500704878,-0.42386558918782674,-0.8727717639219593,-0.01785635782827055,0.24143024021053613,0.05358762820019189,-0.0737903624036773,-0.04102863049398515,0.5734182854278401,0.11336120201327193,0.587632636145683,0.1,-0.0,0
16,332,world,3.3200000000000003,0.32147255744834335,1.2768087544606248,0.7362958606904865,-0.5603723175922565,-0.4205216786066194,-0.8738673120982511,-0.0194421397130343,0.24318602318272292,0.054018594406658196,-0.07323987141516863,-0.04144771035194249,0.5937015667331441,0.1005932187275295,0.6263138958718586,0.1,-0.0,0
16,333,world,3.33,0.32247255744834336,1.27735120142244,0.7355663732851572,-0.5607889627686089,-0.41696797403437585,-0.8750446468326293,-0.021098811522609787,0.24492736644066704,0.054475187859897405,-0.07265091853018248,-0.041884340084925274,0.5662611608891027,0.16544117256129914,0.7043938525223924,0.1,-0.0,0
16,334,world,3.34,0.32347255744834336,1.277898336645169,0.7348429699428372,-0.5612100610534949,-0.41300366386397047,-0.8762800980077295,-0.02198095113269413,0.2471396391876518,0.05495350073266297,-0.07202556057009098,-0.0423371158888908,0.5097172963633458,0.2721803993635026,0.7905867984365504,0.1,-0.0,0
16,335,world,3.35,0.32447255744834336,1.2784502848991264,0.7341259274212758,-0.5616357322314287,-0.40883911403739265,-0.8775249570862601,-0.0224867631209572,0.2495894108495374,0.055436725569787404,-0.07137970899828154,-0.04279844157700986,0.49709215338073315,0.3051651647636673,0.8251960539350031,0.1,-0.0,0
16,336,world,3.36,0.32547255744834336,1.2790070822127226,0.7334154413812702,-0.5620660563412346,-0.4045902570911085,-0.8787799535836556,-0.02303600059387163,0.25203543346739615,0.05592326396875572,-0.07071417510013278,-0.04326770142945694,0.5087010101380185,0.3000275205766494,0.838690627380627,0.1,-0.0,0
16,337,world,3.37,0.32647255744834336,1.2795687601628678,0.7327117112498968,-0.5625011126242072,-0.4002558384999961,-0.880044414139242,-0.023629625513409934,0.25447737362500333,0.05641279914409802,-0.07002843871578192,-0.04374487242817874,0.5205695381784147,0.2948056796033215,0.8522816840029881,0.1,-0.0,0
16,338,world,3.38,0.32747255744834336,1.2801353470281316,0.7320149416627588,-0.5629409800227005,-0.3958346916798021,-0.8813175802876101,-0.024268583278139317,0.25691487968667764,0.05690498267839579,-0.0693219864134111,-0.04422991234527064,0.5326908477637771,0.2895047890320728,0.8659471935215723,0.1,-0.0,0
16,339,world,3.39,0.32847255744834336,1.2807068673852806,0.7313253422677728,-0.5633857369017522,-0.3913257528837267,-0.8825986035618456,-0.024953797162955177,0.25934758168877314,0.05739943289183498,-0.0685943147900296,-0.04472275798944045,0.5450563315393667,0.2841308078120672,0.8796627846194549,0.1,-0.0,0
16,340,world,3.4,0.32947255744834336,1.2812833418521528,0.7306431277250436,-0.5638354609127855,-0.38672807456511493,-0.8838865418959799,-0.025686163022893584,0.2617750913045136,0.05789573355609794,-0.06784493363464396,-0.04522332380655,0.5576555603286263,0.27869053940110683,0.89340171322254,0.1,-0.0,0
16,341,world,3.41,0.33047255744834336,1.281864786721201,0.7299685175398296,-0.5642902287490517,-0.3820408413723746,-0.8851803554917007,-0.02646654304727752,0.2641970020159226,0.05839343250362557,-0.06707336971857238,-0.045731500249174245,0.5704760363040886,0.27319174291220927,0.9071345629142415,0.1,-0.0,0
16,342,world,3.42,0.33147255744834336,1.2824512135406976,0.7293017357899219,-0.5647501158430442,-0.3772633874001548,-0.8864789028692455,-0.027295758940353295,0.26661288948392886,0.05889204036210164,-0.0662791710026324,-0.046247152054936354,0.5835031099788967,0.2676431497343869,0.9208292829402217,0.1,-0.0,0
16,343,world,3.43,0.33247255744834336,1.2830426288014283,0.7286430109904918,-0.5652151961669999,-0.37239521268512343,-0.887780938027327,-0.028174585123305833,0.2690223120814528,0.05939102959780634,-0.06546191086771566,-0.04677011683607113,0.5967198469182096,0.26205450757866094,0.9344511332048651,0.1,-0.0,0
16,344,world,3.44,0.33347255744834337,1.283639033516877,0.727992575764488,-0.5656855419194942,-0.3674360019396468,-0.8890851074706545,-0.029103741061390985,0.2714248117043361,0.05988983361736412,-0.06462119295517159,-0.04730020349147481,0.610106854812374,0.2564366448670706,0.9479625644840936,0.1,-0.0,0
16,345,world,3.45,0.33447255744834337,1.2842404228428927,0.7273506665371021,-0.5661612232452962,-0.36238564323865113,-0.8903899481587502,-0.030083883388919663,0.27381991482105406,0.06038784618622792,-0.06375665619469477,-0.047837190802345074,0.6236421585244272,0.2508015071350657,0.9613231995362078,0.1,-0.0,0
16,346,world,3.46,0.33547255744834337,1.2848467856558847,0.7267175231153284,-0.5666423079022074,-0.3572442479397182,-0.8916938858886846,-0.031115597442099484,0.2762071338299283,0.06088442104678526,-0.06286798025982114,-0.048380826076541046,0.6373010986199161,0.2451621799181755,0.9744898623741829,0.1,-0.0,0
16,347,world,3.47,0.33647255744834337,1.285458104188076,0.7260933883147017,-0.5671288609789126,-0.3520121700647316,-0.8929952348908248,-0.032199388738861495,0.278585968694482,0.06137887196806278,-0.06195489113308322,-0.04893082403369031,0.651056224995784,0.23953291389750284,0.9874166012360833,0.1,-0.0,0
16,348,world,3.48,0.33747255744834337,1.2860743535993477,0.7254785074142485,-0.5676209445314885,-0.34669002698398477,-0.8942921979237249,-0.03333567384118527,0.28095590894685135,0.06187047304834051,-0.061017167121425166,-0.049486865744868554,0.6648772141317152,0.23392913705830704,1.0000547559271178,0.1,-0.0,0
16,349,world,3.49,0.33847255744834337,1.286695501604529,0.7248731276404414,-0.5681186172655742,-0.3412787190828528,-0.895582867832521,-0.034524771318923314,0.2833164360064921,0.06235845953748677,-0.06005464488424333,-0.050048597901829917,0.6787307969886394,0.22836746127031043,1.0123530433154344,0.1,-0.0,0
16,350,world,3.5,0.33947255744834337,1.2873215080648182,0.7242774975020211,-0.5686219341602683,-0.3357794505171128,-0.8968652297532008,-0.03576689216465723,0.2856670259148681,0.06284202896919557,-0.059067225859923495,-0.05061563221226792,0.6925807522779319,0.22286565482719675,1.0242577529396404,0.1,-0.0,0
16,351,world,3.5100000000000002,0.34047255744834337,1.2879523246635236,0.7236918662007091,-0.5691309461689222,-0.33019374772769006,-0.8981371652505489,-0.03706213071475805,0.28800715238363983,0.06332034296203759,-0.05805488244998746,-0.051187545271169976,0.706387906717812,0.2174426128003562,1.0357129446641746,0.1,-0.0,0
16,352,world,3.52,0.3414725574483434,1.2885878945094484,0.7231164827926811,-0.569645699812012,-0.324523478949473,-0.8993964571248156,-0.038410455069676774,0.2903362902966166,0.06379252938649253,-0.05701766456928431,-0.051763878540330314,0.7201101313789345,0.21211833090042337,1.0466606298975407,0.1,-0.0,0
16,353,world,3.5300000000000002,0.3424725574483434,1.2892281518245483,0.7225515954010867,-0.5701662368401604,-0.31877087156821043,-0.9006407960489218,-0.03981169802310198,0.2926539195577695,0.06425768518143371,-0.055955705922968293,-0.0523441388293479,0.7337024926265565,0.20691380105002707,1.0570411984201353,0.1,-0.0,0
16,354,world,3.54,0.3434725574483434,1.289873021677537,0.7219974504074504,-0.5706925939246411,-0.31293852770565,-0.9018677887955903,-0.041265548409076036,0.29495952929998875,0.06471487976228081,-0.05486923004880399,-0.05292779922880758,0.7471173557789528,0.20185093517808755,1.06679374148332,0.1,-0.0,0
16,355,world,3.5500000000000003,0.3444725574483434,1.2905224197033558,0.7214542914697392,-0.5712248022960479,-0.3070294386141478,-0.9030749677566987,-0.04277154270181979,0.29725262247863404,0.06516315898963074,-0.053758556225864285,-0.05351430035983558,0.7603045404088711,0.19695246565755686,1.075856438253857,0.1,-0.0,0
16,356,world,3.56,0.3454725574483434,1.2911762518969623,0.720922358552429,-0.5717628874364913,-0.30104699645018057,-0.9042598021504674,-0.044329057358035606,0.2995327207783326,0.0656015497539955,-0.05262410490650349,-0.05410305215663317,0.7732115743554844,0.19224179944529177,1.084167074409579,0.1,-0.0,0
16,357,world,3.5700000000000003,0.3464725574483434,1.2918344144487355,0.7204018868887849,-0.5723068687829679,-0.2949950032165045,-0.9054197108248119,-0.045937302006989866,0.3017993697997516,0.06602906518936218,-0.05146640260220409,-0.05469343610897747,0.7857839739076576,0.18774286417669983,1.0916635674877684,0.1,-0.0,0
16,358,world,3.58,0.3474725574483434,1.2924967936329246,0.7198931058917691,-0.5728567594530274,-0.2888776767795918,-0.906552076505827,-0.04759531355599451,0.30405214448989765,0.06644471042881066,-0.05028608613441796,-0.05528480801552447,0.7979655819299445,0.1834799305327074,1.0982845467466151,0.1,-0.0,0
16,359,world,3.59,0.3484725574483434,1.2931632657644165,0.7193962380484822,-0.5734125660115137,-0.28269965320960977,-0.907654261530786,-0.04930195150099087,0.3062906547356021,0.06684748891961106,-0.04908390605542379,-0.0558765012459156,0.8096989623993448,0.17947741245873686,1.103969979735053,0.1,-0.0,0
16,360,world,3.6,0.3494725574483434,1.2938336972153188,0.7189114977710542,-0.573974288264881,-0.27646598541327594,-0.9087236248328465,-0.05105589449692615,0.3085145510624047,0.06723640922269897,-0.047860729176669135,-0.056467830465808534,0.8209258389457892,0.1757596521119829,1.1086618218982636,0.1,-0.0,0
16,361,world,3.61,0.3504725574483434,1.2945079444924006,0.718439090196291,-0.5745419190804613,-0.2701821375535324,-0.9097575400763458,-0.05285563840389706,0.3107235303451555,0.06761049224441294,-0.04661754004205203,-0.05705809582255486,0.8315875843411347,0.17235068657943362,1.112304696516099,0.1,-0.0,0
16,362,world,3.62,0.35147255744834327,1.2951858544028703,0.7179792100176436,-0.5751154442705726,-0.2638539751355927,-0.9107534146940821,-0.05469949589910575,0.31291734144434874,0.0679687787712324,-0.04535544124456078,-0.05764658759942746,0.8416257626658817,0.16927399608392704,1.1148466037678515,0.1,-0.0,0
16,363,world,3.63,0.3524725574483434,1.2958672643021387,0.7175320403451355,-0.5756948425356231,-0.25748775025747866,-0.9117087096741133,-0.05658559787696315,0.31509579064883186,0.06831033726255148,-0.04407565243938487,-0.05823259126227357,0.8509826951782538,0.16655224834547874,1.1162396129319638,0.1,-0.0,0
16,364,world,3.64,0.3534725574483434,1.2965520023978536,0.7170977515045657,-0.5762800854231006,-0.25109008242666825,-0.9126209596635999,-0.05851189655255922,0.3172587468478713,0.06863427176209998,-0.04277950808629821,-0.058815392777576116,0.8596020353059413,0.16420704616951587,1.116440516646808,0.1,-0.0,0
16,365,world,3.65,0.3544725574483434,1.2972398881416818,0.7166764998868546,-0.5768711373523312,-0.24466793469795697,-0.9134877931543531,-0.06047617040249133,0.3194061463123009,0.06893972978183786,-0.041468453801899126,-0.059394284210578165,0.8674294016886919,0.1622586544515111,1.1154115185179985,0.1,-0.0,0
16,366,world,3.66,0.3554725574483433,1.2979307327266394,0.7162684269626715,-0.5774679557493367,-0.23822858473428343,-0.914306952544065,-0.06247603113466098,0.32153799694397905,0.06922591004165665,-0.04014404118755491,-0.05996856956803587,0.8744129663793354,0.1607257565326076,1.1131208051077042,0.1,-0.0,0
16,367,world,3.67,0.3564725574483434,1.2986243396031447,0.7158736581081286,-0.5780704911309605,-0.23177959227961295,-0.9150763133727802,-0.0645089322177689,0.3236543819738907,0.06949206993700519,-0.038807921457878126,-0.060537570549118874,0.8805040655994847,0.15962520660583318,1.109543103856149,0.1,-0.0,0
16,368,world,3.68,0.3574725574483434,1.2993205051249388,0.7154923017475476,-0.5786786873558469,-0.2253287615161939,-0.9157939028730909,-0.0665721795510975,0.32575546289182394,0.06973753257044601,-0.03746183745527363,-0.06110063244730483,0.8856577787646582,0.15897180396527566,1.1046601520398653,0.1,-0.0,0
16,369,world,3.69,0.3584725574483434,1.3000190192398111,0.7151244485014587,-0.5792924818959856,-0.2188841006996141,-0.9164579169605728,-0.06866294347852626,0.3278414816555005,0.06996169315404897,-0.03610761457809285,-0.06165712984317867,0.8898334608033537,0.15877809530678966,1.0984610621699944,0.1,-0.0,0
16,370,world,3.7,0.3594725574483433,1.3007196662185165,0.7147701702835021,-0.5799118061038204,-0.21245377776472185,-0.9170667358025878,-0.07077827264521676,0.32991276198298886,0.07016402482985891,-0.03474715037523931,-0.062206472014376846,0.8929952530267249,0.15905419216803807,1.0909426247834408,0.1,-0.0,0
16,371,world,3.71,0.3604725574483434,1.3014222254817378,0.714429519762476,-0.5805365856385951,-0.20604607386967164,-0.9176189373113934,-0.07291510903446531,0.3319697097701762,0.07034408353100939,-0.033382403155125286,-0.06274810811308221,0.8951124921834254,0.15980764048464927,1.082109445808627,0.1,-0.0,0
16,372,world,3.72,0.3614725574483434,1.30212647244383,0.7141025298026964,-0.5811667408821904,-0.1996693348353562,-0.9181133084773585,-0.07507030422453045,0.3340128125488627,0.07050151197225688,-0.032015379695462504,-0.0632815318444575,0.896160093504157,0.16104330518575732,1.0719740301868768,0.1,-0.0,0
16,373,world,3.73,0.3624725574483434,1.3028321793860878,0.7137892129570198,-0.5818021873717223,-0.19333192118911563,-0.9185488543182032,-0.07724063663417405,0.33604263796784695,0.07063604267107766,-0.030648122234153682,-0.06380628557822554,0.8961188211030472,0.16276330939423234,1.060556702881908,0.1,-0.0,0
16,374,world,3.74,0.3634725574483433,1.3035391163759733,0.7134895612673792,-0.5824428363395344,-0.18704215811313588,-0.9189248041611507,-0.07942282929999026,0.33805983134906176,0.07074749979428091,-0.02928269501444152,-0.06432196394350399,0.8949754865761843,0.16496700758130126,1.0478854319526956,0.1,-0.0,0
16,375,world,3.75,0.3644725574483434,1.3042470521825542,0.7132035460533254,-0.5830885952274001,-0.18080828529615423,-0.9192406153238084,-0.08161356819247399,0.34006511228625474,0.07083579998279686,-0.027921170509027343,-0.06482821668226744,0.8927230569133457,0.16765100021857224,1.0339955371796445,0.1,-0.0,0
16,376,world,3.7600000000000002,0.3654725574483434,1.3049557552044053,0.7129311179422684,-0.5837393682658115,-0.17463840823384594,-0.9194959739846593,-0.08380952050587613,0.3420592704022602,0.07090095200403254,-0.026565615673716115,-0.06532475081313577,0.889360634584623,0.1708092055350233,1.018929246611138,0.1,-0.0,0
16,377,world,3.77,0.3664725574483434,1.305664994383695,0.7126722070123934,-0.5843950570609762,-0.1685404514828083,-0.9196907933255721,-0.08600735272392154,0.3440431603208729,0.07094305528911608,-0.025218078421863466,-0.06581133205576502,0.884893434723047,0.1744329298309329,1.0027352680102888,0.1,-0.0,0
16,378,world,3.7800000000000002,0.3674725574483433,1.3063745400978504,0.7124267229380069,-0.5850555611451436,-0.1625221134207844,-0.9198252092368828,-0.08820374861615932,0.3460176958359554,0.07096229753459327,-0.023880574332151717,-0.06628778543727672,0.8793325804227834,0.17851101736488362,0.985468155105896,0.1,-0.0,0
16,379,world,3.79,0.3684725574483434,1.3070841650299514,0.7121945555072513,-0.5857207786179828,-0.1565908257224749,-0.9198995732401175,-0.09039542594648137,0.347983843619438,0.07095895111727903,-0.022555074269679735,-0.06675399524391658,0.8726948386228701,0.18303002221891915,0.9671876336544951,0.1,-0.0,0
16,380,world,3.8000000000000003,0.3694725574483434,1.3077936449922583,0.7119755750499687,-0.5863906067067242,-0.1507537151304844,-0.9199144433785292,-0.09257915276488822,0.3499426163119648,0.07093336878316578,-0.021243492571921544,-0.06720990415421016,0.865002323674938,0.1879743893941403,0.9479579238433191,0.1,-0.0,0
16,381,world,3.81,0.3704725574483434,1.3085027597045062,0.7117696330979023,-0.5870649423575748,-0.14501757028064294,-0.9198705728853203,-0.09475176221416522,0.35189506533459913,0.07088597843208436,-0.019947676385579056,-0.06765551173808593,0.8562820958959458,0.19332667735524706,0.9278469742285614,0.1,-0.0,0
16,382,world,3.8200000000000003,0.3714725574483433,1.309211293518158,0.711576563060671,-0.587743682778655,-0.13938881221003308,-0.919768897202156,-0.09691016632595768,0.35384227338304425,0.0708172772958541,-0.018669395962703228,-0.06809087230157879,0.8465657153624456,0.19906779407098246,0.9069256858204251,0.1,-0.0,0
16,383,world,3.83,0.3724725574483434,1.3099190360753907,0.7113961810997601,-0.5884267259956393,-0.13387347033985258,-0.9196105193842351,-0.09905136808003724,0.3557853468855836,0.07072782551231929,-0.017410336333304726,-0.06851609217592701,0.8358887515136575,0.20517724598237913,0.8852671290823931,0.1,-0.0,0
16,384,world,3.84,0.3734725574483434,1.3106257829081773,0.7112282869493138,-0.5891139713329702,-0.1284771625151929,-0.9193966944521953,-0.10117247221762517,0.3577254083900043,0.07061823933788057,-0.01617209010946326,-0.06893132650913675,0.8242902873474711,0.2116333825359249,0.8629458002408807,0.1,-0.0,0
16,385,world,3.85,0.3744725574483434,1.3113313359616252,0.7110726649175537,-0.5898053199004135,-0.12320508029251145,-0.9191288128191825,-0.10327069430210742,0.3596635891136005,0.07048918405617159,-0.014956151703579815,-0.06933677564838642,0.8118123290667143,0.2184136755687932,0.8400368143778941,0.1,-0.0,0
16,386,world,3.86,0.3754725574483433,1.3120355040453726,0.7109290849035985,-0.5905006750292839,-0.11806197933552805,-0.9188083831304443,-0.10534336802092793,0.3616010217610058,0.07034136670282556,-0.013763912949220048,-0.06973268122412128,0.7984993400663148,0.2254949371028314,0.8166152868557225,0.1,-0.0,0
16,387,world,3.87,0.3764725574483433,1.3127381032232743,0.7107973033720745,-0.5911999426414963,-0.1130521728990356,-0.9184370150566451,-0.10738795146677464,0.3635388334915764,0.07017552888887234,-0.012596659738106709,-0.07011932193489472,0.7843976729883243,0.2328535757719175,0.7927556394983878,0.1,-0.0,0
16,388,world,3.88,0.3774725574483434,1.3134389571156042,0.7106770644874858,-0.591903031620743,-0.10817953156739876,-0.9180164018627256,-0.10940203110486467,0.3654781394981146,0.06999243957292055,-0.011455570312624456,-0.07049700923758104,0.7695549994975823,0.24046584770701487,0.7685309478414479,0.1,-0.0,0
16,389,world,3.89,0.3784725574483434,1.3141378971396749,0.710568101174538,-0.5926098541109108,-0.10344748574709164,-0.9175483034387727,-0.11138332474202267,0.367420036904152,0.06979288810317305,-0.010341714490464346,-0.07086608294251691,0.7540198718259234,0.2483080443936273,0.7440124729745947,0.1,-0.0,0
16,390,world,3.9,0.3794725574483433,1.314834762680859,0.7104701361972162,-0.5933203257761532,-0.0988590321886536,-0.9170345297951068,-0.1133296829504096,0.3693655992110662,0.06957767754147524,-0.009256054084469948,-0.07122690678893658,0.737841225487484,0.25635670116431863,0.7192691610367694,0.1,-0.0,0
16,391,world,3.91,0.3804725574483433,1.3155294011965177,0.7103828832393057,-0.5940343660206244,-0.09441674379266003,-0.9164769252639955,-0.1152390891906693,0.37131587129120824,0.06934761834193845,-0.008199444333015093,-0.07157986408851745,0.7210679329597964,0.2645887788863658,0.6943672302930508,0.1,-0.0,0
16,392,world,3.92,0.3814725574483434,1.3162216682579666,0.7103060479659363,-0.5947518981652818,-0.09012278241283687,-0.9158773535548623,-0.11710965870293319,0.3732718649643886,0.06910352242199279,-0.00717263625079755,-0.07192535351381239,0.7037484618150373,0.27298179692583857,0.6693698962685373,0.1,-0.0,0
16,393,world,3.93,0.3824725574483434,1.3169114275496523,0.7102393290026567,-0.5954728495645026,-0.08597891320948035,-0.9152376838887475,-0.11893963671187623,0.37523455503474734,0.06884619776436005,-0.006176279585761112,-0.07226378500929173,0.6859304499328835,0.281513998193573,0.6443370312872274,0.1,-0.0,0
16,394,world,3.94,0.3834725574483433,1.3175985507847066,0.7101824190103506,-0.5961971517270325,-0.08198652290841223,-0.9145597780286421,-0.12072739494903222,0.3772048761381668,0.06857644343010207,-0.005210926844099705,-0.07259557595269461,0.6676603941898588,0.29016446253807704,0.6193249654497455,0.1,-0.0,0
16,395,world,3.95,0.3844725574483433,1.3182829176058124,0.710135005582906,-0.596924740353684,-0.07814663779734501,-0.9138454786462238,-0.12247142815325233,0.37918371991018757,0.06829504512932714,-0.004277037447985668,-0.07292114755989307,0.6489835010062158,0.29891314965278726,0.5943864680700447,0.1,-0.0,0
16,396,world,3.96,0.3854725574483434,1.3189644154386773,0.7100967721375049,-0.5976555553523639,-0.07445994323325064,-0.9130965988264365,-0.12417034980958082,0.38117193271994887,0.06800277136350732,-0.003374982417969721,-0.07324092148902105,0.6299433201404041,0.3077410319292193,0.5695705170809366,0.1,-0.0,0
16,397,world,3.97,0.3864725574483434,1.3196429392799864,0.7100673988433773,-0.5983895408521518,-0.07092680570082839,-0.9123149126196696,-0.1258228866580043,0.38317031413966385,0.06770036995940991,-0.0025050497221117563,-0.07355531682515397,0.6105816002043851,0.3166301319945776,0.54492230737999,0.1,-0.0,0
16,398,world,3.98,0.3874725574483433,1.3203183914934125,0.7100465633693209,-0.5991266451430208,-0.06754729320391073,-0.9115021469609249,-0.12742787370190525,0.3851796155954527,0.06738856522741003,-0.001667449396606598,-0.07386474726891619,0.590938275193602,0.32556350525077116,0.5204833915291811,0.1,-0.0,0
16,399,world,3.99,0.3884725574483433,1.3209906815677839,0.7100339416257245,-0.599866820605051,-0.06432119637433663,-0.910659974677218,-0.12898424872368291,0.38720053951286,0.06706805557388314,-0.0008623189052026135,-0.07416961862949177,0.5710512149715403,0.33452532070937746,0.4962915872614542,0.1,-0.0,0
16,400,world,4.0,0.3894725574483434,1.321659725830353,0.7100292085089547,-0.6006100236358041,-0.06124805101960996,-0.9097900084849736,-0.1304910459768321,0.3892337390657228,0.06673951150872831,-8.972886785426384e-05,-0.07447032665637096,0.5509561507357643,0.3435008681190224,0.4723810634483348,0.1,-0.0,0
16,401,world,4.01,0.3904725574483434,1.3223254471603982,0.7100320385366623,-0.6013562145380063,-0.05832715896208966,-0.9088937961405441,-0.13194739037241987,0.3912798180823419,0.06640357417348473,0.0006503115212453516,-0.07476725507808782,0.5306867511207152,0.3524765033813283,0.44878256807709954,0.1,-0.0,0
16,402,world,4.0200000000000005,0.3914725574483433,1.322987774705511,0.7100421063986054,-0.6021053573764903,-0.05555760831551914,-0.9079728165613176,-0.13335249168428154,0.39333933124664894,0.06606085420092647,0.0013578492018051448,-0.0750607739620975,0.510274607053697,0.36143963277299007,0.4255235606882031,0.1,-0.0,0
16,403,world,4.03,0.3924725574483433,1.32364664357065,0.7100590875007143,-0.6028574198370157,-0.05293829328459118,-0.90702847682959,-0.134705638735247,0.3954127845900255,0.06571193100164072,0.00203298202509688,-0.07535123826534801,0.48974911903319907,0.3703787374887715,0.4026282505045317,0.1,-0.0,0
16,404,world,4.04,0.3934725574483434,1.3243019944788623,0.7100826584944113,-0.6036123730895293,-0.05046793466479512,-0.9060621099344749,-0.13600619304592187,0.3975006364333434,0.06535735228530641,0.002675853407821976,-0.07563898671184194,0.46913762795794983,0.37928329905390323,0.3801178598676748,0.1,-0.0,0
16,405,world,4.05,0.3944725574483434,1.3249537734845995,0.7101124976483062,-0.6043701915945839,-0.0481450967087036,-0.9050749734258865,-0.13725358383436578,0.39960329811659867,0.06499763396958287,0.003286647789945458,-0.07592434079174461,0.448465512629321,0.3881437401026815,0.35801084481756806,0.1,-0.0,0
16,406,world,4.0600000000000005,0.3954725574483433,1.3256019316420335,0.7101482852629817,-0.6051308529392376,-0.045968205196522685,-0.9040682486039522,-0.1384473022768246,0.4017211352038407,0.06463326027531975,0.003865585864348205,-0.07620760403075355,0.42775614513208693,0.3969514238913005,0.33632297827374774,0.1,-0.0,0
16,407,world,4.07,0.3964725574483433,1.3262464246851577,0.7101897040177927,-0.6058943376576437,-0.0439355637456603,-0.9030430403480831,-0.13958689632134463,0.4038544687045268,0.0642646840915178,0.004412920218392783,-0.07648906139941529,0.4070310488838298,0.40569857271014453,0.3150676114262083,0.1,-0.0,0
16,408,world,4.08,0.3974725574483434,1.326887212727096,0.7102364392532228,-0.6066606290354194,-0.042045368775287924,-0.9020003774792215,-0.1406719658915581,0.4060035763439731,0.06389232750902303,0.00492893132485701,-0.07676897890082024,0.38630996317517474,0.41437822563601606,0.2942558400797095,0.1,-0.0,0
16,409,world,4.09,0.3984725574483434,1.3275242599439494,0.710288179246957,-0.6074297129273147,-0.04029572397976098,-0.9009412135437699,-0.14170215811115544,0.4081686939904472,0.0635165825163675,0.005413923682606098,-0.07704760330990444,0.3656109557582258,0.4229841782340251,0.2738967053974041,0.1,-0.0,0
16,410,world,4.1,0.3994725574483434,1.328157534294001,0.710344615415138,-0.6082015775520218,-0.038684652917114086,-0.8998664280226677,-0.14267716318529622,0.4103500169998825,0.06313781182827992,0.005868222429063754,-0.07732516203060781,0.34495051410587607,0.43151093217449366,0.2539973666791247,0.1,-0.0,0
16,411,world,4.11,0.4004725574483433,1.32878700721254,0.7104054425243913,-0.6089762133109707,-0.03721011144677165,-0.8987768278247539,-0.14359671017317005,0.41254770172530886,0.06275634985220496,0.006292170019236181,-0.07760186305544914,0.3243436430265622,0.4399536435548445,0.23456327139856983,0.1,-0.0,0
16,412,world,4.12,0.4014725574483433,1.3294126533484756,0.7104703588327497,-0.6097536125837167,-0.03586999827424764,-0.8976731490911138,-0.14446056345169586,0.4147618668969785,0.062372503705454434,0.006686123394726292,-0.07787789503744671,0.3038039648972761,0.44830807141687984,0.215598319248255,0.1,-0.0,0
16,413,world,4.13,0.4024725574483434,1.3300344502785708,0.7105390662401087,-0.6105337695484871,-0.03466216538102011,-0.8965560591843728,-0.14526851907571223,0.4169925951338175,0.061986554304148615,0.007050451221344323,-0.07815342745570587,0.2833438595526829,0.4565705119096218,0.19710505094585093,0.1,-0.0,0
16,414,world,4.14,0.4034725574483434,1.330652378277756,0.7106112703676495,-0.6113166799723011,-0.03358442615213187,-0.8954261589105176,-0.1460204020543282,0.41923993421748473,0.06159875754400809,0.0073855316801168264,-0.07842861079246845,0.2629745495054229,0.4647377553191345,0.17908478236004327,0.1,-0.0,0
16,415,world,4.15,0.4044725574483433,1.3312664200478528,0.7106866806671837,-0.6121023410417263,-0.0326345641319467,-0.8942839848175541,-0.14671606320568753,0.42150389858242027,0.06120934544692347,0.007691750183732406,-0.07870357685054882,0.24270617188574872,0.4728070492586902,0.1615377213155322,0.1,-0.0,0
16,416,world,4.16,0.4054725574483433,1.3318765605021086,0.7107650104684912,-0.6128907511652693,-0.03181033970065795,-0.8931300116463886,-0.14735537685543248,0.4237844705701755,0.06081852738572635,0.007969497587722073,-0.07897843905035695,0.22254793780041326,0.480776028769891,0.14446314863018692,0.1,-0.0,0
16,417,world,4.17,0.40647255744834343,1.332482786540511,0.7108459770296603,-0.6136819097944013,-0.03110949638547848,-0.8919646548373303,-0.147938238600717,0.4260816017094395,0.060426491287531886,0.008219168536947465,-0.0792532927974547,0.20250816094309865,0.4886426985253849,0.12785948564912372,0.1,-0.0,0
16,418,world,4.18,0.40747255744834343,1.333085086829975,0.7109293015739687,-0.6144758172533391,-0.030529766734209905,-0.8907882730736782,-0.14846456317825688,0.4283952139997111,0.06003340483784027,0.008441159949825878,-0.07952821588767998,0.1825944113688012,0.49640536720822176,0.11172445673470972,0.1,-0.0,0
16,419,world,4.19,0.4084725574483433,1.333683451630761,0.7110147092930001,-0.615272474548948,-0.030068876377938532,-0.8896011708894452,-0.14893428310698895,0.43072520095868955,0.05963941667629555,0.008635869953248079,-0.07980326890962418,0.16281359779536123,0.5040626107537477,0.09605518716199378,0.1,-0.0,0
16,420,world,4.2,0.4094725574483433,1.334277872594995,0.7111019293636266,-0.6160718832128032,-0.029724548574468792,-0.8884036012440127,-0.14934734702595412,0.4330714288024812,0.05924465759113515,0.008803696737036553,-0.08007849568187109,0.14317199581495157,0.5116132570888441,0.08084825443894197,0.1,-0.0,0
16,421,world,4.21,0.41047255744834343,1.3348683425988224,0.7111906949413239,-0.6168740451323056,-0.029494507624575218,-0.8871957681070602,-0.14970371850256142,0.4354337374841472,0.05884924165744289,0.008945037712011111,-0.08035392371673328,0.12367534667216679,0.5190563442969348,0.06609979057064737,0.1,-0.0,0
16,422,world,4.22,0.41147255744834343,1.335454855567987,0.7112807431524294,-0.6176789623989273,-0.02937648197451264,-0.8859778290143172,-0.15000337493260982,0.43781194171779453,0.058453267400260946,0.009060288752118832,-0.08062956466434519,0.10432901259386007,0.5263910581720649,0.05180562056897822,0.1,-0.0,0
16,423,world,4.23,0.4124725574483433,1.3360374063671805,0.7113718150649295,-0.6184866371244813,-0.029368205593531222,-0.884749897632589,-0.15024630723928528,0.44020583174271743,0.058056818856243225,0.009149843888639871,-0.08090541478236721,0.08513793079326276,0.5336167473330943,0.03796124398648399,0.1,-0.0,0
16,424,world,4.24,0.4134725574483433,1.336615990603752,0.7114636556823055,-0.6192970713292636,-0.0294674214192392,-0.883512046202076,-0.15043251851017894,0.44261517446355847,0.057659966673353484,0.009214094530279897,-0.08118145542680812,0.0661067230368224,0.5407328793133405,0.024561931700465084,0.1,-0.0,0
16,425,world,4.25,0.41447255744834344,1.3371906045495012,0.7115560139048387,-0.6201102667600573,-0.02967188130057782,-0.8822643080364844,-0.1505620243310569,0.4450397140192346,0.057262769136157625,0.009253429529562129,-0.08145765349431901,0.04723980825635618,0.5477389964086214,0.01160281885219215,0.1,-0.0,0
16,426,world,4.26,0.41547255744834344,1.3377612449941017,0.7116486425082554,-0.6209262247675472,-0.029979348019122196,-0.8810066798928919,-0.15063485206494232,0.44747917272184295,0.05686527315949537,0.009268234793387727,-0.08173396192716105,0.028541339363378878,0.5546347383414257,-0.0009211332149487398,0.1,-0.0,0
16,427,world,4.2700000000000005,0.41647255744834333,1.338327909137841,0.7117412981123171,-0.6217449461679788,-0.030387595851834075,-0.8797391243270583,-0.15065104083411768,0.4499332517631959,0.05646751525234198,0.009258893249456003,-0.08201032018606991,0.01001540118640921,0.5614197668923059,-0.013014988532900696,0.1,-0.0,0
16,428,world,4.28,0.41747255744834333,1.3388905945179614,0.711833741152562,-0.6225664310928234,-0.030894410259017183,-0.8784615720159829,-0.15061064193923182,0.4524016317837595,0.05606952246255617,0.009225785030568884,-0.08228665469801674,-0.008334085393433175,0.5680938014711211,-0.024683902172806048,0.1,-0.0,0
16,429,world,4.29,0.41847255744834344,1.3394492988673725,0.7119257358486298,-0.6233906788965162,-0.0314975894769353,-0.8771739239519644,-0.1505137182956135,0.454883973778682,0.055671313250226354,0.009169287249215351,-0.08256287938496665,-0.02650324688418301,0.5746565751261511,-0.035933035453108726,0.1,-0.0,0
16,430,world,4.3,0.41947255744834344,1.3400040200935122,0.7120170501815869,-0.6242176879916257,-0.03219494284978045,-0.8758760536882708,-0.15036034553597077,0.457379919455002,0.05527289833715519,0.00908977454223053,-0.08283889610673194,-0.0444881838506477,0.5811078074221169,-0.04676750629673709,0.1,-0.0,0
16,431,world,4.3100000000000005,0.42047255744834333,1.3405547561617501,0.7121074558646396,-0.6250474557609283,-0.032984291584980556,-0.8745678094410753,-0.1501506118726959,0.4598890920127712,0.05487428154938966,0.008987619059670519,-0.08311459515678676,-0.06228504763842955,0.5874472331859638,-0.057192443632586236,0.1,-0.0,0
16,432,world,4.32,0.42147255744834333,1.3411015050483666,0.7121967283225795,-0.6258799784316245,-0.03386346793644358,-0.8732490161891381,-0.14988461877401138,0.4624110966650662,0.054475460578831236,0.008863190850830096,-0.08338985575395827,-0.07988994357012498,0.5936745669070181,-0.06721292321945602,0.1,-0.0,0
16,433,world,4.33,0.42247255744834344,1.3416442646674696,0.7122846466672068,-0.6267152509777502,-0.034830314883779204,-0.8719194777005554,-0.14956248139144232,0.4649455212511697,0.05407642776853014,0.008716858128350515,-0.08366454651861298,-0.09729886863554525,0.5997894804719568,-0.07683393067506467,0.1,-0.0,0
16,434,world,4.34,0.42347255744834345,1.3421830328573046,0.7123709936945526,-0.6275532669916929,-0.03588268465607824,-0.8705789785527495,-0.1491843296128443,0.46749193665975686,0.05367717079594522,0.008548987840866948,-0.08393852597132997,-0.11450777456102437,0.6057916271120592,-0.08606040831529836,0.1,-0.0,0
16,435,world,4.3500000000000005,0.42447255744834334,1.3427178072828156,0.7124555558523011,-0.6283940186231449,-0.037018439130701984,-0.8692272860291044,-0.14875030813287748,0.4700498975823505,0.053277673391040226,0.008359945793800607,-0.08421164304514167,-0.13151250798542793,0.6116806201552153,-0.09489722051835336,0.1,-0.0,0
16,436,world,4.36,0.42547255744834334,1.3432485854546796,0.7125381232547553,-0.6292374964477149,-0.03823544773825935,-0.8678641520691683,-0.14826057787096603,0.47261894284813183,0.0528779159833716,0.008150097380578822,-0.08448373757086376,-0.14830876508690383,0.6174560174312188,-0.10334913093285009,0.1,-0.0,0
16,437,world,4.37,0.42647255744834345,1.343775364661946,0.712618489663613,-0.6300836894043568,-0.039531587413815204,-0.8664893150923916,-0.14771531631358034,0.47519859611918147,0.052477876336544785,0.00791980783621738,-0.08475464081124824,-0.1648921601445116,0.6231173471740038,-0.11142085252457146,0.1,-0.0,0
16,438,world,4.38,0.42747255744834345,1.3442981419639264,0.7126964524963952,-0.630932584701624,-0.04090474129274534,-0.8651025018324933,-0.1471147185500966,0.47778836638082806,0.052077530156296126,0.0076694427934262815,-0.08502417597400419,-0.1812581720213804,0.6286640894220381,-0.11911701932027584,0.1,-0.0,0
16,439,world,4.39,0.42847255744834334,1.3448169141571316,0.7127718128227507,-0.6317841677501325,-0.042352798131354015,-0.8637034291013334,-0.14645899793513684,0.4803877485665912,0.05167685165393598,0.007399368680119091,-0.08529215876194464,-0.1974021052823052,0.6340956630328994,-0.12644216940400346,0.1,-0.0,0
16,440,world,4.4,0.42947255744834334,1.3453316777989293,0.7128443753992342,-0.6326384220661824,-0.0438736506493302,-0.8622918055676327,-0.1457483873680593,0.48299622401135034,0.05127581409312897,0.007109953374951534,-0.08555839790513198,-0.2133191483940499,0.6394114477127677,-0.13340078767912014,0.1,-0.0,0
16,441,world,4.41,0.43047255744834334,1.345842429151186,0.7129139486513777,-0.6334953292380221,-0.045465195627206335,-0.8608673334169896,-0.14498313962163928,0.4856132612146765,0.05087439034523993,0.006801566437374087,-0.08582269572204165,-0.22900436476288474,0.6446107816482696,-0.13999730612400635,0.1,-0.0,0
16,442,world,4.42,0.43147255744834345,1.346349164225381,0.7129803447272958,-0.6343548688335142,-0.04712533221029199,-0.8594297100663588,-0.14416352868771928,0.48823831631246356,0.05047255332682854,0.006474579799917455,-0.08608484870803312,-0.2444526555273103,0.6496929491324701,-0.14623608786913644,0.1,-0.0,0
16,443,world,4.43,0.43247255744834334,1.3468518787522987,0.713043379497979,-0.6352170183668595,-0.048851961672329754,-0.8579786297743021,-0.1432898503289919,0.4908708338087235,0.05007027653506327,0.006129368070573028,-0.08634464809562742,-0.25965883555318847,0.6546572085812479,-0.15212147803556356,0.1,-0.0,0
16,444,world,4.44,0.43347255744834334,1.3473505682047477,0.713102872597778,-0.6360817532391895,-0.05064298657452616,-0.8565137852499745,-0.14236242298588989,0.493510247217988,0.049667534449431755,0.0057663090174703046,-0.08660188047628961,-0.2746175864581492,0.6595027765372397,-0.157657781138783,0.1,-0.0,0
16,445,world,4.45,0.43447255744834334,1.3478452278094206,0.7131586474583945,-0.6369490466953558,-0.052496310091592474,-0.8550348692236961,-0.1413815886082003,0.4961559797493182,0.04926430297250006,0.005385783990014091,-0.08685632840183052,-0.2893234755078863,0.664228835195564,-0.16284927746734085,0.1,-0.0,0
16,446,world,4.46,0.43547255744834346,1.3483358525628317,0.7132105313467297,-0.6378188697869451,-0.054409835424873744,-0.8535415759830662,-0.1403477134537486,0.4988074450183019,0.048860559837237465,0.004988178319568852,-0.08710777100491048,-0.30377102406191614,0.6688345572009444,-0.1677002659593591,0.1,-0.0,0
16,447,world,4.47,0.43647255744834335,1.3488224372334543,0.7132583553878816,-0.6386911913523818,-0.05638146588172342,-0.8520336028360848,-0.1392611885111093,0.5014640478814633,0.04845628495800062,0.004573881565186396,-0.08735598465758766,-0.31795464122659406,0.6733190827645797,-0.17221503034712365,0.1,-0.0,0
16,448,world,4.48,0.43747255744834335,1.3493049764299394,0.7133019546549926,-0.6395659779650045,-0.05840910365521466,-0.8505106516256893,-0.13812243069238653,0.5041251850692116,0.04805146080718504,0.0041432880513262976,-0.08760074359512765,-0.33186870132744417,0.6776815474326541,-0.17639788569293538,0.1,-0.0,0
16,449,world,4.49,0.43847255744834335,1.3497834645690825,0.7133411681562681,-0.6404431939513906,-0.06049065073937151,-0.848972430074375,-0.13693188278364893,0.5067902461808663,0.047646072725097355,0.003696796894112448,-0.08784182060157004,-0.34550756059223053,0.6819210881779233,-0.18025318915869834,0.1,-0.0,0
16,450,world,4.5,0.43947255744834346,1.3502578959641411,0.7133758389468577,-0.641322801344944,-0.06262400791661855,-0.8474186532215543,-0.13569001453309543,0.5094586143747447,0.047240109222763366,0.0032348124813454484,-0.08807898766920474,-0.35886554515041547,0.686036839425757,-0.18378533498635122,0.1,-0.0,0
16,451,world,4.51,0.44047255744834335,1.3507282648143437,0.7134058141345464,-0.6422047599076347,-0.06480707558235113,-0.8458490447005925,-0.13439732265445942,0.5121296673664508,0.046833562252783845,0.0027577444963660983,-0.08831201669086367,-0.37193704321817805,0.6900279652019305,-0.1869988038987449,0.1,-0.0,0
16,452,world,4.5200000000000005,0.44147255744834335,1.3511945652505422,0.7134309449434363,-0.6430890271259949,-0.06703775368880012,-0.844263338037061,-0.13305433134811281,0.5148027782912459,0.046426427484163986,0.0022660081343066265,-0.08854068013175029,-0.3847164312654409,0.693893633427698,-0.18989812382179827,0.1,-0.0,0
16,453,world,4.53,0.44247255744834335,1.3516567913983524,0.7134510868001477,-0.643975558206401,-0.06931394185028744,-0.8426612778989958,-0.1316615927260462,0.5174773166001068,0.04601870451081108,0.001760024280385011,-0.08876475172994691,-0.3971981719353001,0.6976330497475601,-0.19248792022445982,0.1,-0.0,0
16,454,world,4.54,0.44347255744834346,1.3521149373899533,0.7134660993567538,-0.6448643061075581,-0.0716335402843315,-0.8410426212386097,-0.1302196867186378,0.5201526490919002,0.04561039704092396,0.0012402194646175283,-0.08898400720044508,-0.4253991584133585,0.6689862316005988,-0.18026704916864275,0.1,-0.0,0
16,455,world,4.55,0.44447255744834335,1.3525689976686257,0.7134758518448396,-0.6457552213849994,-0.0739127830337493,-0.8396067464154596,-0.12854174201269164,0.522565242279081,0.04520172165067204,0.000711427043997804,-0.08919808423602066,-0.4625219680659644,0.5762316340888558,-0.1325188936493286,0.1,-0.0,0
16,456,world,4.5600000000000005,0.44547255744834335,1.3530189790833491,0.7134804796614675,-0.6466482452283353,-0.07590220947243934,-0.8385290296408414,-0.12660257006662015,0.5244804193669365,0.044794979147312036,0.00022308533973118924,-0.08940559309194855,-0.45558816540182684,0.5060576985844459,-0.08625671304750844,0.1,-0.0,0
16,457,world,4.57,0.44647255744834335,1.353464905222272,0.7134804899100494,-0.6475433131573723,-0.07766647052017707,-0.837464371012282,-0.12479030098605795,0.5263541843870443,0.044390626626899146,-0.00021234161390766494,-0.08960707103075202,-0.41220831082613485,0.49039875563481056,-0.06313246387982031,0.1,-0.0,0
16,458,world,4.58,0.44747255744834347,1.3539067987189224,0.7134764044017783,-0.6484403697597743,-0.07921280727967371,-0.8364135721215384,-0.12310237864682201,0.5281888600730386,0.04398840426946246,-0.0005962895007060948,-0.08980347837727493,-0.36987899683546654,0.47527592168965604,-0.04091207648173809,0.1,-0.0,0
16,459,world,4.59,0.44847255744834336,1.354344679414272,0.7134687315234802,-0.6493393686760887,-0.08054763394077963,-0.8353772896806914,-0.121536654815404,0.5299865131195001,0.04358801265339676,-0.0009300097501161684,-0.08999566786680353,-0.32844979410959035,0.460631394840977,-0.019507680931145382,0.1,-0.0,0
16,460,world,4.6000000000000005,0.44947255744834336,1.354778563959361,0.7134579680364267,-0.6502402715848645,-0.08167657328426434,-0.8343560552240992,-0.12009138205225989,0.5317489731482314,0.04318911621538754,-0.0012145747429354176,-0.09018439470733046,-0.2877751209575606,0.4464102875806372,0.001163455033438886,0.1,-0.0,0
16,461,world,4.61,0.45047255744834336,1.3552084654936016,0.7134446008623976,-0.6511430472587334,-0.08260449037143493,-0.8333502913428601,-0.11876520649436684,0.5334778494141966,0.042791345698301425,-0.0014508829733344579,-0.09037032517328987,-0.2477134418444397,0.43256029925936623,0.02117943722153048,0.1,-0.0,0
16,462,world,4.62,0.45147255744834347,1.355634393292079,0.7134291087843458,-0.652047670723931,-0.08333551926551643,-0.8323603253161712,-0.11755716394045242,0.5351745446810621,0.042394299818815484,-0.0016396628537134865,-0.09055404380036564,-0.20812639690458454,0.4190313767330368,0.04061426424878853,0.1,-0.0,0
16,463,world,4.63,0.45247255744834336,1.3560563524699196,0.7134119641407102,-0.6529541224643647,-0.08387308738810174,-0.8313864000066908,-0.11646667646587754,0.5368402670896579,0.04199754623489891,-0.0017814762573120646,-0.09073605927409545,-0.16887799382551216,0.405775406700742,0.059538293402840316,0.1,-0.0,0
16,464,world,4.64,0.45347255744834336,1.3564743436510822,0.7133936344694211,-0.6538623876979924,-0.08421993364550173,-0.8304286826527243,-0.1154935521706877,0.5384760395889543,0.04160062179570845,-0.001876720756393641,-0.09091680914667513,-0.12983385456641827,0.39274593624790305,0.07801865881801436,0.1,-0.0,0
16,465,world,4.65,0.45447255744834336,1.3568883626942012,0.7133745841506487,-0.6547724556681138,-0.08437812484049909,-0.8294872713073138,-0.11463798528208063,0.540082707664311,0.04120303223444602,-0.0019256316900056474,-0.0910966633707385,-0.09086020988008214,0.37989782213810863,0.09611978070594636,0.1,-0.0,0
16,466,world,4.66,0.45547255744834336,1.3572984003275577,0.7133552760174179,-0.6556843190032186,-0.08434906360615149,-0.8285621997581462,-0.1139005610988661,0.5416609444865587,0.04080425124983139,-0.0019282823024970822,-0.09127592676769988,-0.05182317300987957,0.3671869817037659,0.11390372393478401,0.1,-0.0,0
16,467,world,4.67,0.45647255744834336,1.3577044418841884,0.7133361729791354,-0.6565979730451964,-0.08413349742946581,-0.8276534400635678,-0.11328225968094477,0.5432112548565313,0.04040371906614439,-0.001884584361368549,-0.09145484037167724,-0.012587809202950937,0.35457008807730683,0.13143062588454593,0.1,-0.0,0
16,468,world,4.68,0.45747255744834336,1.3581064668977132,0.7133177396424148,-0.6575134152408634,-0.08373151742127793,-0.8267609039145589,-0.11278446575630592,0.5447339763891881,0.04000084043497305,-0.0017942863698963047,-0.09163358173136435,0.026982953115414578,0.3420042269123666,0.14875916782169984,0.1,-0.0,0
16,469,world,4.69,0.45847255744834337,1.3585044487648013,0.7133004439533082,-0.658430644490579,-0.08314255685122014,-0.8258844418167272,-0.11240897841470564,0.5462292793114235,0.03959498215532656,-0.0016569719161479393,-0.09181226406198939,0.06702889358812818,0.3294467281581295,0.16594679616096508,0.1,-0.0,0
16,470,world,4.7,0.45947255744834337,1.3588983543621624,0.7132847588530964,-0.6593496604911486,-0.0823653844723831,-0.8250238405674478,-0.11215802389842221,0.5476971641438871,0.039185469992253946,-0.0014720568736316321,-0.09199093428184629,0.10769372528443709,0.31685480120112186,0.18305020585913853,0.1,-0.0,0
16,471,world,4.71,0.46047255744834337,1.3592881435966195,0.713271163981471,-0.6602704630677511,-0.08139809162400254,-0.8241788190501262,-0.11203427225272207,0.5491374570632682,0.03877158513674696,-0.0012387852596414696,-0.09216956979971469,0.1491261789409798,0.30418522801193304,0.2001257330739173,0.1,-0.0,0
16,472,world,4.72,0.46147255744834337,1.359673768935652,0.7132601474243357,-0.6611930514587028,-0.08023807565888168,-0.823349021957542,-0.11204085622940413,0.550549803189049,0.038352559999914965,-0.0009562243592394978,-0.09234807402662884,0.19148076883424087,0.29139416660248146,0.21722958819347002,0.1,-0.0,0
16,473,world,4.73,0.46247255744834337,1.360055174929032,0.7132522074867537,-0.66211742353303,-0.07888202030074898,-0.8225340112121724,-0.11218139208118036,0.5519336577372453,0.03792757353968668,-0.0006232593755859951,-0.09252627039464201,0.23491908057998254,0.2784368039105598,0.2344182841535449,0.1,-0.0,0
16,474,world,4.74,0.46347255744834337,1.3604322976086443,0.7132478545744579,-0.663043574971237,-0.07732586766215861,-0.8217332553649078,-0.11246000582092885,0.5532882741468882,0.03749574586218984,-0.0002385862561661681,-0.09270389484178344,0.27961089107289794,0.26526707421812484,0.251748964412414,0.1,-0.0,0
16,475,world,4.75,0.46447255744834337,1.3608050639031641,0.713247613096347,-0.6639714983315961,-0.07556478897983404,-0.8209461159850096,-0.1128813602799107,0.5546126899169522,0.0370561322281854,0.0001992954000256963,-0.09288058648410209,0.3257353237284545,0.2518373794508125,0.2692797176570678,0.1,-0.0,0
16,476,world,4.76,0.46547255744834337,1.3611733909231545,0.7132520235017049,-0.6649011820407881,-0.07359314692206927,-0.8201718313691808,-0.1134506877852755,0.555905708907256,0.03660771629347875,0.0006920911087030609,-0.09305587631994783,0.37348208389036264,0.23809829825675488,0.287069896371848,0.1,-0.0,0
16,477,world,4.7700000000000005,0.4664725574483434,1.3615371852441052,0.7132616443389336,-0.6658326092324134,-0.07140445612095066,-0.8194094965020083,-0.11417382401179801,0.5571658806844866,0.03614940275146592,0.001241720075680252,-0.09322917360979856,0.4230526635163589,0.22399831776761028,0.30518039357500193,0.1,-0.0,0
16,478,world,4.78,0.4674725574483434,1.3618963420529553,0.7132770544645984,-0.6667657564605369,-0.06899133584390654,-0.818658039319734,-0.11505724712107057,0.5583914756875888,0.0356800090445615,0.0018503250562554308,-0.09339974974145382,0.474661773812594,0.20948351104495636,0.3236739797130441,0.1,-0.0,0
16,479,world,4.79,0.4684725574483434,1.3622507442394685,0.7132988553190184,-0.6677005922247927,-0.06634545911080901,-0.8179161922682744,-0.11610811928266712,0.5595804563397342,0.03519825639368014,0.0025202821305878326,-0.093566719109024,0.5285385388359901,0.1944973001941536,0.34261551342215263,0.1,-0.0,0
16,480,world,4.8,0.4694725574483434,1.3626002613845931,0.7133276733101279,-0.6686370752916027,-0.06345749649740877,-0.8171824586127078,-0.11733433174419394,0.5607304433220254,0.03470275996163547,0.0032542106437639024,-0.09372901666042979,0.5849278791564585,0.17898017664240107,0.36207219704739235,0.1,-0.0,0
16,481,world,4.8100000000000005,0.4704725574483434,1.3629447486358701,0.7133641623126749,-0.6695751527752325,-0.06031705504334993,-0.8164550726396987,-0.11874455313045025,0.5618386764309231,0.03419201822234558,0.004054982874797116,-0.09388537161756294,0.6440915381515073,0.16286953959169803,0.382113665304046,0.1,-0.0,0
16,482,world,4.82,0.4714725574483434,1.3632840455137998,0.7134090061945728,-0.6705147579220897,-0.05691261554703808,-0.8157319525765655,-0.12034827864838296,0.5629019697634662,0.033664401607809494,0.004925732209156804,-0.09403427687068046,0.7063092365143263,0.14609950797951904,0.40281209881518426,0.1,-0.0,0
16,483,world,4.83,0.4724725574483434,1.363617974542982,0.7134629215090927,-0.6714558075834858,-0.05323146431064019,-0.815010645493248,-0.12215588279776642,0.5639166598336344,0.03311814038504667,0.0058698603678195484,-0.0941739534940455,0.7718797373888834,0.12860076976181056,0.4242422788056116,0.1,-0.0,0
16,484,world,4.84,0.4734725574483434,1.3639463397816334,0.7135266602164461,-0.6723981992975419,-0.049259624690858046,-0.8142882626061668,-0.12417867177727866,0.5648785464440804,0.03255131206662404,0.00689104170404296,-0.09430230976478995,0.8411208656828839,0.11030073898197851,0.44648123701816866,0.1,-0.0,0
16,485,world,4.8500000000000005,0.4744725574483434,1.364268925281189,0.7136010123207711,-0.6733418079196816,-0.0449817932135733,-0.813561403464021,-0.12642893208644318,0.5657828260069631,0.03196182867512556,0.007993222628637447,-0.09441689414374402,0.9143697805375608,0.09112364020408462,0.4696079993625355,0.1,-0.0,0
16,486,world,4.86,0.4754725574483434,1.3645854933075263,0.7136868086783925,-0.6742864817761861,-0.040381273981470095,-0.8128260680933607,-0.12891997942383435,0.5666240152383933,0.031347423868915425,0.009180616972221256,-0.09451484163236966,0.9919823805191952,0.07099083781719223,0.49370301658585974,0.1,-0.0,0
16,487,world,4.87,0.4764725574483434,1.3648957825205017,0.7137849235693989,-0.6752320382255127,-0.035439926361340815,-0.8120775548200256,-0.13166619718986766,0.5673958663002314,0.030705640939599772,0.010457692334838458,-0.09459281307540356,1.0743310449353123,0.049821620842023864,0.5188470259377235,0.1,-0.0,0
16,488,world,4.88,0.4774725574483434,1.3651995060344184,0.7138962770878124,-0.6761782585814792,-0.030138126888445225,-0.8113103425531234,-0.13468306352267742,0.5680912723974344,0.0300338223026929,0.011829146013369917,-0.0946469271687393,1.1618018514196395,0.027534106353540096,0.5451197879400692,0.1,-0.0,0
16,489,world,4.89,0.4784725574483434,1.3654963493236962,0.7140218373505633,-0.6771248823259997,-0.02445475027079362,-0.8105179561870361,-0.13798716300874342,0.5687021634672946,0.029329101349033146,0.013299867923900456,-0.09467268522263932,1.2547894127336852,0.004046765503953278,0.572598073029753,0.1,-0.0,0
16,490,world,4.9,0.4794725574483434,1.3657859681395932,0.7141626220987638,-0.6780716005270111,-0.018367187133591437,-0.8096928137218584,-0.1415961701821929,0.5692193939367447,0.028588398536849496,0.014874884418391077,-0.09466488938691985,1.3536889433405206,-0.020719351755929618,0.6013528319065156,0.1,-0.0,0
16,491,world,4.91,0.4804725574483434,1.3660679864109209,0.7143196996332776,-0.6790180484189061,-0.011851406838983159,-0.808826054981723,-0.1455287983066746,0.5696326235408704,0.027808423546443473,0.016559279288398173,-0.09461755571409798,1.4588862593106922,-0.04683791888651475,0.6314458626289854,0.1,-0.0,0
16,492,world,4.92,0.4814725574483434,1.3663419940916963,0.7144941890709646,-0.6799637970904571,-0.0048820767878885235,-0.8079073526646533,-0.14980470474173735,0.5699301933341219,0.026985685407105366,0.018358087599513448,-0.09452382452481138,1.5707425318202315,-0.07437333081833443,0.6629249739176448,0.1,-0.0,0
16,493,world,4.93,0.4824725574483434,1.3666075453575617,0.7146872589516297,-0.6809083442894363,0.002567225463456802,-0.8069247078758294,-0.15444432657323,0.5700990047020507,0.026116515155448924,0.02027615155886589,-0.09437587252098445,1.6895743408372639,-0.10337560969570199,0.6958179681733793,0.1,-0.0,0
16,494,world,4.94,0.4834725574483434,1.3668641569352789,0.7149001245642173,-0.6818511043721329,0.010523701159618688,-0.8058642355640053,-0.15946864142067535,0.5701244056836968,0.0251971033064814,0.02231793645613752,-0.0941648325931837,1.815628347657356,-0.1338740951125067,0.7301253504769836,0.1,-0.0,0
16,495,world,4.95,0.4844725574483434,1.3671113069825218,0.7151340430200999,-0.6827913975295443,0.0190148787550415,-0.8047099482634106,-0.1648988234114032,0.5699900977993959,0.02422355789897332,0.02448729628728351,-0.09388073052151798,1.9490479145465462,-0.16586927951114017,0.7658110525585387,0.1,-0.0,0
16,496,world,4.96,0.4854725574483434,1.367348434661608,0.7153903057289321,-0.6837284385158906,0.02806799347163849,-0.8034435518601716,-0.1707557738396638,0.5696780778801352,0.023191987879189843,0.026787184183862923,-0.0935124508379035,2.0898321988113393,-0.19932302570637767,0.8027915556667152,0.1,-0.0,0
16,497,world,4.97,0.4864725574483434,1.367574940700863,0.7156702276763053,-0.6846613252507505,0.03770916317494008,-0.8020442733710258,-0.17705950178397223,0.5691686352860642,0.022098617301615265,0.02921930377558143,-0.09304774795892184,2.2377870377569877,-0.23414707957361816,0.8409233989927867,0.1,-0.0,0
16,498,world,4.98,0.4874725574483434,1.3677901892508035,0.7159751329731561,-0.6855890278317425,0.047962329408395614,-0.8004887484348763,-0.18382833312587327,0.568440430060221,0.02093993554511006,0.03178370237509043,-0.09247332243787021,2.3924678116803957,-0.2701900248467472,0.8799893482577444,0.1,-0.0,0
16,499,world,4.99,0.4884725574483434,1.3679935114556738,0.7163063360327068,-0.6865103787365898,0.05884793496446894,-0.7987510052000504,-0.19107792904394305,0.5674706840662386,0.019712887310641525,0.03447831266575477,-0.09177498585998477,2.5531161171620385,-0.30722324565449266,0.919683991917871,0.1,-0.0,0
16,500,world,5.0,0.4894725574483434,1.3681842111156355,0.7166651180099126,-0.6874240652110567,0.0703813290224449,-0.796802590081235,-0.19882011009963946,0.5662355205961888,0.018415103825834445,0.03729846048772113,-0.090937939257109,2.7185937941510536,-0.34492687172519626,0.959599987397866,0.1,-0.0,0
16,501,world,5.01,0.4904725574483434,1.3683615728946346,0.7170526981771214,-0.6883286251344511,0.08257091001473257,-0.7946128885559566,-0.20706149694112394,0.5647104909992365,0.01704517186755765,0.04023636778862647,-0.08994718907883562,2.8873206438328753,-0.3828773376080845,0.9992168965392783,0.1,-0.0,0
16,502,world,5.0200000000000005,0.4914725574483434,1.3685248733416469,0.7174702005551093,-0.689222447795663,0.09541606155086431,-0.7921496967062387,-0.21580201213172315,0.5628713216768425,0.015602930762762325,0.04328069662893048,-0.08878811773501527,3.057225170000971,-0.4205388507601344,1.0378952290574277,0.1,-0.0,0
16,503,world,5.03,0.4924725574483434,1.3686733949315169,0.7179186164696094,-0.6901037811554854,0.10890498198464098,-0.7893800944057054,-0.22503332095749887,0.5606949044835381,0.014089779078059448,0.046416194239816654,-0.08744721286480828,3.2257193484429765,-0.4572613499177422,1.074878507696259,0.1,-0.0,0
16,504,world,5.04,0.4934725574483434,1.3688064431465738,0.7183987642795242,-0.6909707471639889,0.12301256607555737,-0.7862716543007062,-0.23473733074546613,0.5581605322711657,0.012508963243239147,0.049623510785933286,-0.08591293858236754,3.3897115953851653,-0.49228816738860104,1.1093067350318062,0.1,-0.0,0
16,505,world,5.05,0.4944725574483434,1.3689233661730664,0.718911248533813,-0.6918213662965902,0.13769856463730498,-0.782793987243597,-0.24488491555707187,0.5552513457567692,0.010865811234463235,0.05287926685534649,-0.0841767027333458,3.5456715112170345,-0.5247762669574041,1.1402440444251603,0.1,-0.0,0
16,506,world,5.0600000000000005,0.4954725574483434,1.369023576497227,0.7194564213053851,-0.6926535919404013,0.15290629154873456,-0.7789205758441098,-0.2554350617737766,0.5519559146780844,0.009167868837601968,0.05615643688676189,-0.08223384204304003,3.689756110325606,-0.5538307992080082,1.166721838693052,0.1,-0.0,0
16,507,world,5.07,0.4964725574483434,1.3691065732119914,0.7200343490969631,-0.6934653542954652,0.16856216835738766,-0.774630784840724,-0.2663346407597678,0.5482698256397711,0.007424896453436979,0.05942508822412767,-0.08008451661969612,3.8180005463031446,-0.5785539603354668,1.1877966035666119,0.1,-0.0,0
16,508,world,5.08,0.4974725574483434,1.3691719634635218,0.7206447889034782,-0.694254612261078,0.18457636660529947,-0.7699118707388901,-0.27751898760137556,0.5441971037288202,0.005648694159655064,0.06265347060529662,-0.0777343866985642,3.926564788123944,-0.5981053217802147,1.2026183919203894,0.1,-0.0,0
16,509,world,5.09,0.4984725574483434,1.3692194811301321,0.7212871768562873,-0.6950194103505325,0.20084471508560686,-0.7647607598870555,-0.2889133924308391,0.5397512688574791,0.003852741904556828,0.06580939335818783,-0.0751949474741766,4.012013683897901,-0.611767570163027,1.2105025257598985,0.1,-0.0,0
16,510,world,5.1000000000000005,0.4994725574483434,1.3692490011868814,0.7219606312983519,-0.695757937047294,0.217251881671656,-0.7591853443288376,-0.3004354934239411,0.534955836642187,0.002051669267634684,0.06886176837579382,-0.07248342920540367,4.0715970517106355,-0.6190093512173296,1.2109949351253808,0.1,-0.0,0
16,511,world,5.11,0.5004725574483434,1.3692605478955426,0.7226639717844701,-0.6964685795416146,0.23367565883715222,-0.7532050691623257,-0.31199842966394464,0.5298441187202437,0.0002605980926284878,0.07178215553264194,-0.06962222515635162,4.1034894187048865,-0.6195357212698661,1.2039207616730545,0.1,-0.0,0
16,512,world,5.12,0.5014725574483434,1.3692542962355878,0.7233957524891343,-0.6971499707561349,0.24999198556653604,-0.7468506659994842,-0.3235144742539616,0.5244582679268299,-0.0015055742178983467,0.07454613115667197,-0.06663788393884264,4.106951013244696,-0.6133177308974229,1.1894075813167315,0.1,-0.0,0
16,513,world,5.13,0.5024725574483434,1.3692305661641464,0.7241543078338816,-0.6978010245027492,0.266080209547913,-0.7401630045745506,-0.33489878279023405,0.5188476212065853,-0.003232870841417884,0.07713432348195158,-0.0635597725539068,4.0942933234540675,-0.8455369197403307,1.2525220617225077,0.1,-0.0,0
16,514,world,5.14,0.5034725574483434,1.369189830426177,0.724937804266575,-0.6984209606046802,0.28330605376435636,-0.7342009590533279,-0.3450950012781128,0.5114646338883075,-0.004889109165231726,0.07953079366089034,-0.06042308723691079,4.066382460099376,-1.6196567126977044,1.497193876137135,0.1,-0.0,0
16,515,world,5.15,0.5044725574483434,1.36913410102072,0.725744187439737,-0.6990096084729807,0.3033863534292709,-0.730175987513386,-0.35255419045648223,0.5005050355424164,-0.006182993544065304,0.08171186408140013,-0.05731441231642214,3.98418736126255,-2.1333719436463667,1.668718841178217,0.1,-0.0,0
16,516,world,5.16,0.5054725574483434,1.36906757536057,0.7265714414450619,-0.6995673780779709,0.3229534965800481,-0.7257866527987631,-0.3593619900201789,0.48968738374050996,-0.0070550192659824375,0.08371247594564496,-0.0542443367938666,3.856771195585692,-2.0806620968321217,1.690112923544886,0.1,-0.0,0
16,517,world,5.17,0.5064725574483434,1.3689942922051053,0.7274179671381321,-0.7000945549428383,0.34201703899337443,-0.721062833251904,-0.3655501385655535,0.47902591969083064,-0.007539203482362385,0.08557179408994814,-0.051192074260368196,3.732882613153391,-2.030053936393658,1.7094519489786073,0.1,-0.0,0
16,518,world,5.18,0.5074725574483434,1.368918006306182,0.7282825029802884,-0.7005911984206933,0.36058320718566383,-0.7160342833410126,-0.37114653552305044,0.46853484923243455,-0.007658555192794654,0.08731851828336007,-0.048133386512455516,3.611523168545795,-1.9812815608172087,1.7265698224612618,0.1,-0.0,0
16,519,world,5.19,0.5084725574483433,1.3688422920526633,0.7291640294164379,-0.7010571121360644,0.3786560045594135,-0.7107306646638274,-0.3761762284781243,0.458228106564394,-0.007426327598443755,0.08897256045374301,-0.045041460286114596,3.491970206161884,-1.934157701813767,1.741334540346172,0.1,-0.0,0
16,520,world,5.2,0.5094725574483434,1.368770635730462,0.7300616863129691,-0.7014918202472388,0.39623812810584125,-0.7051814704696885,-0.3806621898721261,0.44811910999548354,-0.0068470411552797985,0.0905459905925077,-0.04188724883588578,3.373723061071532,-1.8885554962488316,1.753648117374886,0.1,-0.0,0
16,521,world,5.21,0.5104725574483434,1.3687065185806881,0.730974696421653,-0.7018945456602905,0.41333165016070395,-0.6994159141030788,-0.3846258770203952,0.43822056181913244,-0.005917307077929901,0.09204331570309225,-0.03863953301123571,3.2564407358184333,-1.8443904464671552,1.7634394972910075,0.1,-0.0,0
16,522,world,5.22,0.5114725574483434,1.3686534922815439,0.7319022885441493,-0.7022641881090038,0.42993844454009394,-0.6934628449210687,-0.3880875850531021,0.4285443302017583,-0.004626543226935173,0.09346112610407391,-0.035264897633875185,3.139875170509878,-1.8016036911800688,1.7706510758529128,0.1,-0.0,0
16,523,world,5.23,0.5124725574483433,1.3686152472332702,0.73284361403718,-0.7025993023062614,0.4460603515063603,-0.6873507489147916,-0.39106661010278476,0.41910144027790447,-0.0029577402846876193,0.09478711846827602,-0.03172781027567686,3.0238008893674744,-1.7601469403138759,1.7752186383019226,0.1,-0.0,0
16,524,world,5.24,0.5134725574483434,1.3685956717674996,0.7337976502864545,-0.7028980787663545,0.4616990734224047,-0.6811078934501007,-0.39358123608517426,0.4099022001435532,-0.0008885156431281048,0.09599850466517636,-0.02799102788398507,2.9079405076169706,-1.7199691807553696,1.7770440701307049,0.1,-0.0,0
16,525,world,5.25,0.5144725574483434,1.368598898510494,0.7347630857407101,-0.7031583306624756,0.476855796656411,-0.6747626741278785,-0.3956485585217321,0.40095648259960787,0.0016072270143114875,0.09705987099593189,-0.024016624733245315,2.8483346255692243,-1.1797965326696787,1.5123428597701556,0.1,-0.0,0
16,526,world,5.26,0.5154725574483434,1.3686286178166205,0.7357381249883379,-0.7033778911551305,0.4880411791397449,-0.6673520012268528,-0.40110167301637617,0.39442941298268597,0.004316057766691321,0.09790422347955119,-0.01990313217111026,2.7901148216077143,-0.5803155660196223,1.2107322863871888,0.1,-0.0,0
16,527,world,5.2700000000000005,0.5164725574483433,1.3686846922049656,0.736720316934412,-0.7035566698420164,0.49827649130082907,-0.6599558709474425,-0.4066619970688863,0.3883359457465696,0.006869870360045768,0.0984932633692099,-0.015870789272106892,2.674857730590889,-0.49707006125311193,1.1363344271163667,0.1,-0.0,0
16,528,world,5.28,0.5174725574483434,1.3687653940289615,0.7377072159582734,-0.7036957486860951,0.5079536789984281,-0.6527499363801607,-0.41186853022767905,0.3824459365135804,0.009237596147964931,0.09885024026487034,-0.011970664851398588,2.5457076377352976,-0.4743842848185007,1.0863086324483529,0.1,-0.0,0
16,529,world,5.29,0.5184725574483434,1.3688687576585046,0.7386966491782837,-0.7037966588117962,0.5170617414709013,-0.6457744646744487,-0.41671859800046535,0.37678655278822604,0.01139964522886739,0.09900556881124856,-0.00824290197788914,2.4112759505963566,-0.45100474550974384,1.033989819351346,0.1,-0.0,0
16,530,world,5.3,0.5194725574483434,1.3689926614400143,0.7396867686097193,-0.7038612826997197,0.5256003371865329,-0.6390616176525519,-0.42121573114834676,0.3713783006933366,0.01334427776625842,0.09899330541808811,-0.004717598255263725,2.274204118958108,-0.4273674445290583,0.9804306790590284,0.1,-0.0,0
16,531,world,5.3100000000000005,0.5204725574483433,1.3691349016161791,0.7406760731132506,-0.7038917543121512,0.5335778947770115,-0.6326357046141087,-0.42536842797390206,0.3662354378480519,0.015066608921306216,0.09884834276239363,-0.0014150719913702137,2.1367392083314827,-0.4038384081133073,0.9265318847347678,0.1,-0.0,0
16,532,world,5.32,0.5214725574483434,1.3692932541864293,0.7416634052803696,-0.703890366213848,0.541009589919663,-0.6265138813965644,-0.4291888780546969,0.3613666932445772,0.016567236761295772,0.09860422941884917,0.0016530598325927494,2.0006854703088166,-0.38070716959439455,0.8730212312664479,0.1,-0.0,0
16,533,world,5.33,0.5224725574483434,1.3694655224013679,0.7426479300626582,-0.7038594898448184,0.5479153981390731,-0.6207071191637034,-0.4326917679031922,0.35677615207635094,0.017850763910689363,0.09829170227030382,0.004482353467854125,1.8674062635346318,-0.35818846018295325,0.8204529487583037,0.1,-0.0,0
16,534,world,5.34,0.5234725574483434,1.3696495697097308,0.7436291020913187,-0.7038015121586731,0.554318365370789,-0.6152212835906833,-0.4358932453784794,0.3524641835181346,0.018924410243300244,0.09793787331641564,0.007073872150455892,1.7378602770957485,-0.3364293397363165,0.7692209209771431,0.1,-0.0,0
16,535,world,5.3500000000000005,0.5244725574483433,1.3698433397935252,0.7446066275939714,-0.7037187886473164,0.5602431612370192,-0.610058210093102,-0.4388100732467547,0.3484283286449735,0.019796825901955625,0.09756593560144425,0.009432597437741885,1.6126560878891671,-0.3155190916582899,0.7195794874411134,0.1,-0.0,0
16,536,world,5.36,0.5254725574483434,1.3700448659382807,0.7455804253148092,-0.7036136113056753,0.5657149293919125,-0.6052166998087273,-0.4414589728577206,0.3446640976648752,0.02047714601950939,0.0971952322190065,0.011566041880829006,1.4921130354822294,-0.29549990853400643,0.6716670297109716,0.1,-0.0,0
16,537,world,5.37,0.5264725574483434,1.3702522721787618,0.7465505893177683,-0.7034881891199911,0.570758412976959,-0.6006933979723748,-0.4438561387766752,0.3411656543655685,0.020974280378729657,0.09684154725747704,0.013483111190384723,1.376321274874744,-0.2763772204483272,0.6255294644303413,0.1,-0.0,0
16,538,world,5.38,0.5274725574483434,1.3704637683271075,0.7475173553701537,-0.7033446389100413,0.5753973240342761,-0.596483533892397,-0.44601690112039377,0.3379263783790677,0.021296410313313235,0.09651750612684683,0.015193219501510978,1.265195275299574,-0.2581287737254404,0.5811413018759526,0.1,-0.0,0
16,539,world,5.39,0.5284725574483433,1.3706776408956107,0.7484810715024373,-0.7031849836551614,0.5796539036620934,-0.5925815332467813,-0.4479555010732286,0.3349393191048541,0.021450648232164433,0.09623300771151898,0.016705625316481672,1.1585182934814626,-0.24071210402443197,0.538423230135466,0.1,-0.0,0
16,540,world,5.4,0.5294725574483434,1.3708922412400864,0.7494421728315841,-0.7030111565639574,0.5835486339765968,-0.5889815108869668,-0.4496849544272205,0.3321975517356239,0.021442821930963037,0.09599563684285664,0.018028951571608273,1.0559789536967883,-0.22407061878971885,0.4972566464533512,0.1,-0.0,0
16,541,world,5.41,0.5304725574483433,1.3711059720122356,0.7504011602905986,-0.7028250092416043,0.5871000644212222,-0.5856776595737719,-0.45121697979890873,0.3296944503232303,0.02127734854340715,0.09581102735906938,0.01917084962546074,0.9571996923877516,-0.20813828621283215,0.45749499991527254,0.1,-0.0,0
16,542,world,5.42,0.5314725574483434,1.3713172726995027,0.7513585826744487,-0.7026283226637411,0.5903247189303545,-0.5826645533977868,-0.45256197120548536,0.32742389444290887,0.02095717045335368,0.09568316058246344,0.020137770172975904,0.8617575836453926,-0.1928430457482217,0.4189721196992626,0.1,-0.0,0
16,543,world,5.43,0.5324725574483433,1.3715246047270875,0.7523150213063471,-0.7024228199488427,0.5932370557133975,-0.5799373850223544,-0.45372899824643564,0.32538042555172103,0.020483731237457475,0.09561459363048344,0.0209348092771137,0.7691994988064521,-0.1781092726836086,0.38150829663259844,0.1,-0.0,0
16,544,world,5.44,0.5334725574483434,1.37172643645412,0.7532710766382116,-0.7022101804428279,0.595849463188548,-0.5774921479799856,-0.45472582416551066,0.3235593625231369,0.019856980085134604,0.09560661530210483,0.021565608091911166,0.6790535853377805,-0.16385962434300264,0.34491490929637625,0.1,-0.0,0
16,545,world,5.45,0.5344725574483433,1.3719212283828448,0.754227356048427,-0.7019920546570781,0.5981722796134293,-0.5753257735713915,-0.45555893457301566,0.32195688422093444,0.01907539805523352,0.09565932970145104,0.022032290623162254,0.5908366604118442,-0.15001622264099132,0.3089974107067097,0.1,-0.0,0
16,546,world,5.46,0.5354725574483434,1.3721074186640074,0.7551844621169715,-0.7017700796095171,0.600213819544006,-0.5734362382210529,-0.45623356730854864,0.320570091531009,0.01813604161475642,0.09577166994287312,0.022335425469446474,0.5040589154876521,-0.1365014021056039,0.2735572334810083,0.1,-0.0,0
16,547,world,5.47,0.5364725574483433,1.3722834091136193,0.7561429806986241,-0.7015458944758263,0.6019804050198904,-0.5718226430489659,-0.45675374230626875,0.3193970503273357,0.017034608298050678,0.09594134168637568,0.022474008889161214,0.41822819804455413,-0.12323837646220391,0.23839353876128203,0.1,-0.0,0
16,548,world,5.48,0.5374725574483434,1.3724475521522363,0.7571034680626517,-0.7013211563252906,0.6034763997406548,-0.5704852672904174,-0.4571222905544341,0.3184368167139378,0.015765535106832124,0.09616469580382685,0.022445471341736044,0.3328531743499976,-0.11015172123292881,0.20330451841323188,0.1,-0.0,0
16,549,world,5.49,0.5384725574483433,1.372598138839569,0.7580664364216847,-0.7010975556256465,0.6047042401709023,-0.5694256019556331,-0.4573408788419061,0.31768944945797245,0.014322139773757403,0.09643653188509117,0.02224571037923385,0.18020033771924604,-0.27135553006524116,0.2651287865674589,0.1,-0.0,0
16,550,world,5.5,0.5394725574483434,1.3727334677253276,0.7590323088474836,-0.7008767533387199,0.6067978388287719,-0.5689206105688788,-0.4556644451597233,0.3170104652530378,0.012733625523598444,0.09673680175986456,0.021905386695911775,0.03193452845143766,-0.5340729092048199,0.39670640555378334,0.1,-0.0,0
16,551,world,5.51,0.5404725574483433,1.3728527657180798,0.7600010909843532,-0.7006594842298381,0.6094937256737776,-0.5685647207463769,-0.45302275369067446,0.31626245639565087,0.011124459097213596,0.09701526424216397,0.02154727160959192,0.0004896503720604877,-0.6293281194002269,0.45304215585002805,0.1,-0.0,0
16,552,world,5.5200000000000005,0.5414725574483434,1.372955929236166,0.7609725260067776,-0.7004458306696508,0.6122261678445998,-0.5681472684237558,-0.4503986435303023,0.3154819530416985,0.00950699137431862,0.09726729198277151,0.02118232813802356,0.01423631429963386,-0.6302228259551277,0.4607050118636471,0.1,-0.0,0
16,553,world,5.53,0.5424725574483433,1.3730428832460995,0.7619463470824136,-0.7002358593447511,0.6149945744074279,-0.5676680952952999,-0.44779173499056,0.3146699367708601,0.007882834755214058,0.09749240021545212,0.020810882164197228,0.02776356828786994,-0.6309667428520552,0.4684763618573423,0.1,-0.0,0
16,554,world,5.54,0.5434725574483434,1.373113569100233,0.762922282937689,-0.7000296335419001,0.6177982718649875,-0.5671271174621948,-0.4452016076642707,0.31382743100756194,0.006253633576451179,0.09769018888701779,0.02043328319948289,0.04104907222279864,-0.6315589037271137,0.4763429289016555,0.1,-0.0,0
16,555,world,5.55,0.5444725574483433,1.3731679446597107,0.763900058743334,-0.6998272129548532,0.6206365057505648,-0.5665243263570523,-0.44262780197921137,0.31295549889795743,0.004621054965515979,0.09786034568485467,0.020049902579474727,0.054071098722524226,-0.6319987943279093,0.4842910807111189,0.1,-0.0,0
16,556,world,5.5600000000000005,0.5454725574483434,1.3732059845411635,0.7648793969934445,-0.6996286534611341,0.6235084426350939,-0.5658597893611541,-0.440069820949515,0.31205524100128823,0.0029867794592190987,0.09800264822201442,0.01966113145101478,0.06680864953237516,-0.6322863582856773,0.49230689756774465,0.1,-0.0,0
16,557,world,5.57,0.5464725574483433,1.373227680210243,0.7658600184123934,-0.6994340069328596,0.6264131726149462,-0.5651336500181513,-0.4375271321557423,0.31112779274634217,0.0013524914449316386,0.09811696535061906,0.019267378578229247,0.07924155637563128,-0.6324219981285366,0.5003762379151231,0.1,-0.0,0
16,558,world,5.58,0.5474725574483434,1.3732330399265387,0.7668416428735442,-0.6992433210833713,0.6293497121154671,-0.5643461280012693,-0.43499916985687387,0.3101743217837098,-0.0002801304181499911,0.09820325759132567,0.018869067952619334,0.09135057619895964,-0.6324065730677448,0.5084848056659548,0.1,-0.0,0
16,559,world,5.59,0.5484725574483433,1.3732220887144608,0.7678239903097901,-0.6990566393090312,0.6323170071376131,-0.5634975186693421,-0.43248533729944705,0.30919602513455763,-0.0019094227023563623,0.09826157666875011,0.018466636280467293,0.10311747095077844,-0.6322413926152026,0.5166182142335981,0.1,-0.0,0
16,560,world,5.6000000000000005,0.5494725574483434,1.3731948680388306,0.7688067816248648,-0.6988740006060349,0.6353139367192228,-0.5625881924396094,-0.4299850090935357,0.30819412631114257,-0.003533746385724757,0.09829206417295455,0.018060530365998733,0.11452510472508329,-0.6319282098447856,0.5247620627560812,0.1,-0.0,0
16,561,world,5.61,0.5504725574483433,1.3731514356905588,0.7697897395761962,-0.6986954394394272,0.6383393169422126,-0.5616185935796986,-0.42749753383350547,0.3071698721515211,-0.005151495840672821,0.09829494937421966,0.017651204438313195,0.12555751009940305,-0.6314692089500642,0.5329020014015621,0.1,-0.0,0
16,562,world,5.62,0.5514725574483434,1.3730918652648818,0.7707725896421351,-0.6985209857185266,0.6413919049538845,-0.560589238987364,-0.4250222366682286,0.30612452977298565,-0.006761107164340055,0.0982705462472811,0.01723911744183262,0.13619993148371393,-0.6308669887343376,0.5410237882064032,0.1,-0.0,0
16,563,world,5.63,0.5524725574483433,1.3730162457294937,0.7717550608477859,-0.6983506647573605,0.6444704033793246,-0.5595007165093969,-0.42255842202514504,0.30505938334885147,-0.008361066048346548,0.09821924976021458,0.016824730341844323,0.14643891551099034,-0.6301245489970568,0.5491133724143337,0.1,-0.0,0
16,564,world,5.64,0.5534725574483434,1.3729246809754734,0.7727368865562817,-0.6981844972460539,0.6475734650342673,-0.5583536828692586,-0.42010537643582874,0.3039757307739534,-0.009949915020981526,0.09814153149438011,0.016408503497054354,0.15626232585731728,-0.6292452678267365,0.5571569427510735,0.1,-0.0,0
16,565,world,5.65,0.5544725574483433,1.372817289120282,0.7737178052084808,-0.6980224992946488,0.6506996975414101,-0.5571488616343625,-0.41766237124534783,0.3028748805113502,-0.01152625984400892,0.09803793470325611,0.015990894069078276,0.16565936949369459,-0.6282328791593765,0.5651409828799233,0.1,-0.0,0
16,566,world,5.66,0.5554725574483433,1.3726942018810628,0.7746975610128687,-0.6978646824684294,0.653847668305607,-0.5558870406758764,-0.4152286654534464,0.301758148267263,-0.013088775205876145,0.09790906887112436,0.015572353592166794,0.17462064890022222,-0.6270914513155381,0.5730523425316097,0.1,-0.0,0
16,567,world,5.67,0.5564725574483433,1.3725555638966012,0.7756759045826994,-0.6977110538460986,0.6570159095440998,-0.554569069442799,-0.4128035085215845,0.3006268537166259,-0.014636209612273639,0.09775560387914695,0.0151533256550799,0.18313814907481865,-0.6258253591080903,0.5808782759837187,0.1,-0.0,0
16,568,world,5.68,0.5574725574483435,1.372401531891272,0.7766525935027914,-0.6975616161309196,0.6602029232497048,-0.5531958561742565,-0.41038614308064986,0.29948231736041525,-0.016167389325410966,0.09757826388758623,0.014734243756812704,0.1912052420970154,-0.6244392571201862,0.5886064902788752,0.1,-0.0,0
16,569,world,5.69,0.5584725574483433,1.3722322739377952,0.7776273928451914,-0.6974163677463696,0.663407186305488,-0.5517683647727061,-0.40797580765943203,0.29832585734214134,-0.017681221548336956,0.09737782100727405,0.014315529345222403,0.1988166886426559,-0.6229380522772602,0.596225192602759,0.1,-0.0,0
16,570,world,5.7,0.5594725574483433,1.3720479686571674,0.7786000756210995,-0.6972753029594547,0.6666271554996431,-0.5502876116143068,-0.4055717392994074,0.2971587864020345,-0.01917669674857768,0.09715508886922435,0.013897590029433526,0.20596861720621729,-0.6213268746683944,0.6037231257426305,0.1,-0.0,0
16,571,world,5.71,0.5604725574483433,1.3718488042887758,0.7795704231512003,-0.6971384120517674,0.6698612725364109,-0.5487546621667647,-0.40317317611039477,0.29598240888809035,-0.020652890081692292,0.09691091618313125,0.013480818069377244,0.21265849447662047,-0.6196110480332232,0.6110895982081872,0.1,-0.0,0
16,572,world,5.72,0.5614725574483435,1.3716349779336194,0.7805382253979489,-0.69700568145387,0.6731079688779237,-0.5471706275992625,-0.4007793596808488,0.294798017936814,-0.02210896215321721,0.0966461803556807,0.013065588971219273,0.21888508733183204,-0.6177960602121297,0.6183145088215287,0.1,-0.0,0
16,573,world,5.73,0.5624725574483433,1.3714066946462566,0.7815032812134884,-0.6968770939332771,0.6763656705156266,-0.5455366612548284,-0.39838953739963406,0.29360689274161683,-0.02354415890415409,0.09636178126323272,0.012652260401716107,0.22464843101958964,-0.6158875344611497,0.6253883739742169,0.1,-0.0,0
16,574,world,5.74,0.5634725574483433,1.3711641665733707,0.7824653985304508,-0.6967526287810779,0.6796328025997629,-0.5438539550613049,-0.39600296465438206,0.29241029595332024,-0.024957810884366927,0.09605863522710938,0.012241171274241682,0.22994979403376148,-0.6138912010498542,0.6323023522014661,0.1,-0.0,0
16,575,world,5.75,0.5644725574483433,1.3709076121941148,0.78342439451453,-0.6966322619798905,0.6829077939657625,-0.5421237358242315,-0.39361890693134277,0.29120947117662477,-0.026349331982017693,0.09573766923565726,0.01183264101649787,0.23479161433205437,-0.6118128683812718,0.6390482504372682,0.1,-0.0,0
16,576,world,5.76,0.5654725574483435,1.3706372553981465,0.7843800956232357,-0.696515966429719,0.6861890813266015,-0.5403472616851609,-0.39123664169686345,0.29000564072318163,-0.027718217396092468,0.095399815520751,0.011426969107757213,0.23917742409860493,-0.6096583951014736,0.645618520951592,0.1,-0.0,0
16,577,world,5.7700000000000005,0.5664725574483434,1.3703533247279878,0.7853323376410385,-0.6964037121366448,0.6894751132792815,-0.5385258185634146,-0.3888554601448792,0.28880000350526386,-0.0290640412274773,0.09504600647088356,0.011024434745793643,0.24311181917205277,-0.6074336649657881,0.6520062834388647,0.1,-0.0,0
16,578,world,5.78,0.5674725574483434,1.3700560526219119,0.786280965662369,-0.6962954664107976,0.692764354252368,-0.5366607164159227,-0.3864746688828779,0.28759373297260477,-0.030386453712563617,0.09467716990118535,0.010625296714742355,0.24660039408667203,-0.6051445614170472,0.6582053246431592,0.1,-0.0,0
16,579,world,5.79,0.5684725574483434,1.369745674623616,0.7872258340120578,-0.6961911940839041,0.696055288042413,-0.5347532857635282,-0.38409359137187615,0.2863879753417697,-0.031685177963115554,0.09429422476297787,0.010229793438516273,0.24964966222228116,-0.6027969433423043,0.6642100860523282,0.1,-0.0,0
16,580,world,5.8,0.5694725574483435,1.3694224287157943,0.7881668061492906,-0.6960908576985508,0.6993464211895475,-0.532804874172573,-0.38171156925941335,0.28518384793118395,-0.03296000652654366,0.09389807723935084,0.00983814314406448,0.25226700325322143,-0.6003966229436346,0.6700156662389485,0.1,-0.0,0
16,581,world,5.8100000000000005,0.5704725574483434,1.3690865546336515,0.7891037545202815,-0.6959944177116395,0.7026362861107645,-0.5308168427996366,-0.37932796356626136,0.283982437656576,-0.03421079769368043,0.09348961726228817,0.009450544180783475,0.2544605677799971,-0.5979493444896449,0.6756177931348479,0.1,-0.0,0
16,582,world,5.82,0.5714725574483434,1.3687382931594156,0.7900365603573105,-0.6959018327120949,0.7059234437963887,-0.5287905632664189,-0.37694215562722194,0.2827847998215847,-0.0354374715099641,0.09306971549223478,0.009067175479440017,0.25623925034104866,-0.5954607653997963,0.6810128380016688,0.1,-0.0,0
16,583,world,5.83,0.5724725574483434,1.368377885670427,0.7909651135212274,-0.6958130595669434,0.7092064866942723,-0.5267274140480959,-0.37455354812436215,0.2815919567537822,-0.03664000604102394,0.09263922057974348,0.008688197033410533,0.2576125977474766,-0.5929364380434151,0.6861977850251786,0.1,-0.0,0
16,584,world,5.84,0.5734725574483435,1.3680055734075698,0.7918893122112081,-0.6957280536612753,0.7124840407467441,-0.5246287777562784,-0.37216156566300057,0.2804048970228763,-0.03781843307198604,0.09219895699538122,0.008313750594259867,0.2585907417771502,-0.590381793603467,0.6911702136776046,0.1,-0.0,0
16,585,world,5.8500000000000005,0.5744725574483434,1.367621597090352,0.7928090627591563,-0.6956467690358032,0.7157547677650639,-0.5224960377538712,-0.369765655527986,0.27922457439316434,-0.038972834299408454,0.09174972305805004,0.007943960312210422,0.2591843506516153,-0.5878021272621404,0.6959282913820818,0.1,-0.0,0
16,586,world,5.86,0.5754725574483434,1.367226196385209,0.7937242793423188,-0.6955691585757469,0.7190173670799953,-0.5203305755335923,-0.367365288056219,0.2780519072648185,-0.04010333720246626,0.09129228944612915,0.007578933494197216,0.2594045342027155,-0.5852025854522104,0.7004707317748763,0.1,-0.0,0
16,587,world,5.87,0.5764725574483434,1.3668196094612308,0.794634883697628,-0.6954951741772369,0.7222705772323841,-0.5181337678490268,-0.36495995703714446,0.2768877780589371,-0.04121011113434185,0.09082739798090347,0.007218761411334163,0.25926279673572294,-0.582588154393029,0.7047967826302097,0.1,-0.0,0
16,588,world,5.88,0.5774725574483435,1.3664020725714114,0.7955408048190811,-0.6954247669101157,0.7255131772472,-0.515906984231627,-0.36254917990015323,0.2757330328695261,-0.04229336341035994,0.09035576076127783,0.006863520138380721,0.25877099843510654,-0.5799636494538756,0.7089062180889343,0.1,-0.0,0
16,589,world,5.89,0.5784725574483434,1.365973819782135,0.7964419786964221,-0.6953578871360426,0.7287439880014579,-0.5136515842005752,-0.3601324979644024,0.2745884810218559,-0.04335333576808697,0.08987805947036333,0.006513271345594739,0.25794128003975336,-0.5773337067451585,0.7127993026046285,0.1,-0.0,0
16,590,world,5.9,0.5794725574483434,1.3655350825591375,0.7973383479720488,-0.6952944846768789,0.7319618729469358,-0.5113689152113017,-0.3577094763585362,0.27345489505754367,-0.04439030061412898,0.08939494509015827,0.006168063206132807,0.2567859825420565,-0.5747027769891313,0.7164767477136619,0.1,-0.0,0
16,591,world,5.91,0.5804725574483434,1.3650860894655468,0.7982298616250143,-0.6952345089498925,0.7351657388955304,-0.5090603103740606,-0.35527970399068887,0.27233301064752025,-0.045404557627571895,0.08890703776328007,0.005827931262737687,0.2553176347339344,-0.5720751183931004,0.7199397157766267,0.1,-0.0,0
16,592,world,5.92,0.5814725574483435,1.3646270660182578,0.7991164747166739,-0.6951779090522073,0.7383545365965336,-0.5067270863294453,-0.35284279342598884,0.2712235266246901,-0.04639643061961609,0.08841492681747519,0.005492899199845248,0.25354887652838315,-0.5694547930904903,0.7231897748209861,0.1,-0.0,0
16,593,world,5.93,0.5824725574483434,1.3641582343188445,0.7999981480148562,-0.6951246339229331,0.741527260971098,-0.5043705414958716,-0.35039838060101,0.2701271052302088,-0.04736626428538504,0.0879191711024126,0.005162979789981542,0.25149243492014955,-0.5668456626999001,0.7262288900082177,0.1,-0.0,0
16,594,world,5.94,0.5834725574483434,1.363679812989287,0.8008748477551584,-0.6950746324045444,0.7446829514763511,-0.5019919540185335,-0.3479461246292836,0.26904437224478095,-0.048314421516082645,0.08742029930317326,0.004838175617926474,0.24916105415659673,-0.5642513874112447,0.7290593785753867,0.1,-0.0,0
16,595,world,5.95,0.5844725574483434,1.3631920168907905,0.8017465452844871,-0.6950278533790509,0.7478206918423023,-0.4995925805402372,-0.34548570729372374,0.2679759175325321,-0.049241280475412624,0.08691881059955589,0.00451847995461752,0.24656746779428254,-0.5616754242234578,0.7316838941675216,0.1,-0.0,0
16,596,world,5.96,0.5854725574483435,1.362695057065754,0.8026132168114676,-0.694984245829295,0.7509396102054354,-0.4971736543063727,-0.3430168327750436,0.2669222952867256,-0.050147232271219214,0.08641517522793021,0.004203877479483629,0.2437243668258315,-0.5591210262281231,0.7341054067784212,0.1,-0.0,0
16,597,world,5.97,0.5864725574483434,1.3621891405925115,0.8034748431069143,-0.6949437589306315,0.7540388785991026,-0.49473638415208643,-0.34053922705960443,0.26588402470019556,-0.05103267850244251,0.08590983530249169,0.0038943450238894985,0.240644348264444,-0.5565912444104105,0.7363271653917401,0.1,-0.0,0
16,598,world,5.98,0.5874725574483434,1.3616744704812203,0.8043314092208196,-0.6949063421291611,0.7571177127161184,-0.4922819530261098,-0.3380526375176895,0.26486159042723795,-0.05189802916406166,0.0854032056149116,0.003589852306619513,0.23733989369578828,-0.55408892842721,0.7383526823528186,0.1,-0.0,0
16,599,world,5.99,0.5884725574483434,1.3611512456116104,0.8051829042200319,-0.6948719452056576,0.7601753712274119,-0.48981151713790955,-0.33555683226809657,0.26385544333313754,-0.05274370062110716,0.0848956745593692,0.0032903625789106033,0.2338233315065731,-0.5516167295391363,0.7401857032034267,0.1,-0.0,0
16,600,world,6.0,0.5894725574483435,1.3606196606688477,0.8060293209231907,-0.6948405183402162,0.7632111552700156,-0.4873262048126862,-0.33305159965830217,0.26286600110953495,-0.053570113830177214,0.08438760505607333,0.0029958332934333404,0.23010681486818899,-0.5491771031875706,0.7418301876321739,0.1,-0.0,0
16,601,world,6.01,0.5904725574483434,1.3600799061105624,0.8068706556532936,-0.6948120121658203,0.7662244075985354,-0.48482711583909105,-0.33053674758797763,0.26189364910471574,-0.05437769266256975,0.08387933554807885,0.002706216677930355,0.22620230515436696,-0.5467723116914626,0.7432902938493874,0.1,-0.0,0
16,602,world,6.0200000000000005,0.5914725574483434,1.359532168177548,0.8077069080187659,-0.694786377805868,0.7692145119419261,-0.4823153204813244,-0.3280121029672833,0.2609387409985763,-0.05516686248277563,0.08337118095456372,0.0024214603130993215,0.22212152924916434,-0.5444044304048992,0.7445703396833877,0.1,-0.0,0
16,603,world,6.03,0.5924725574483434,1.3589766288063931,0.8085380806326893,-0.6947635669466475,0.7721808918646575,-0.4797918592654927,-0.32547751093121113,0.26000159980216847,-0.05593804866057949,0.08286343377420907,0.0021415076917702396,0.21787597658293698,-0.5420753506776149,0.7456747955980781,0.1,-0.0,0
16,604,world,6.04,0.5934725574483435,1.358413465738942,0.8093641789604248,-0.6947435318382901,0.7751230100859718,-0.47725774204443083,-0.3229328343244014,0.25908251853246045,-0.05669167553680396,0.08235636498852192,0.0018662986650339235,0.21347686982354733,-0.5397867861905219,0.7466082544204199,0.1,-0.0,0
16,605,world,6.05,0.5944725574483434,1.3578428524210924,0.8101852110321783,-0.6947262253713891,0.7780403671444566,-0.474713948120691,-0.3203779528538263,0.25818176132054094,-0.057428165130314804,0.08185022521617373,0.0015957699793318137,0.20893516035252158,-0.5375402771296979,0.7473754212653037,0.1,-0.0,0
16,606,world,6.0600000000000005,0.5954725574483434,1.357264958153038,0.8110011873264578,-0.6947116010612736,0.7809325006759092,-0.47216142540132666,-0.31781276259526886,0.2572995640933378,-0.058147936405745906,0.08134524556338474,0.0013298556259857487,0.2042615226310005,-0.5353371946976737,0.7479811021485854,0.1,-0.0,0
16,607,world,6.07,0.5964725574483434,1.3566799480366027,0.8118121205208619,-0.6946996131055301,0.7837989840390498,-0.4696010906356323,-0.3152371751664477,0.2564361356873409,-0.05885140425097318,0.08084163873017054,0.0010684872994684385,0.199466311256047,-0.5331787512406798,0.7484301582019492,0.1,-0.0,0
16,608,world,6.08,0.5974725574483435,1.3560879830483823,0.8126180253319282,-0.6946902163946499,0.7866394253135244,-0.4670338290821477,-0.3126511171217083,0.2555916587015768,-0.05953897880654579,0.08033959992823184,0.0008115947543837287,0.1945595812226466,-0.53106600257134,0.7487275152705456,0.1,-0.0,0
16,609,world,6.09,0.5984725574483434,1.3554892200915705,0.8134189183457995,-0.6946833665294145,0.7894534660562548,-0.46446049461231975,-0.31005452923365584,0.25476629050551636,-0.060211064790808545,0.07983930784449492,0.0005591061339574559,0.18955106980472838,-0.5289998556078673,0.7488781389039998,0.1,-0.0,0
16,610,world,6.1000000000000005,0.5994725574483434,1.354883812052502,0.8142148178572743,-0.6946790198355133,0.7922407801845787,-0.4618819096479773,-0.30744736586137306,0.25396016415448125,-0.060868060962254035,0.07934092554195837,0.00031094829272040533,0.18445019067329735,-0.5269810748045766,0.7488870195580782,0.1,-0.0,0
16,611,world,6.11,0.6004725574483434,1.354271907862444,0.8150057437178864,-0.6946771333751495,0.795001072699956,-0.459298865417636,-0.3048295942476271,0.2531733894050056,-0.06151035961766882,0.07884460136493754,6.704706664428246e-05,0.17926604034503293,-0.5250102868136045,0.7487591690171572,0.1,-0.0,0
16,612,world,6.12,0.6014725574483435,1.3536536525638718,0.8157917171927374,-0.6946776649558969,0.7977340786173491,-0.45671212191463834,-0.30220119394428935,0.2524060535870794,-0.062138346219115626,0.07835046977131638,-0.000172672427905007,0.1740073767685318,-0.523087989946716,0.7484995901035698,0.1,-0.0,0
16,613,world,6.13,0.6024725574483434,1.3530291873805236,0.81657276082577,-0.6946805731370324,0.8004395615612573,-0.45412240848777496,-0.2995621560682571,0.2516582226922496,-0.06275239900836792,0.07785865219458422,-0.00040828560757495084,0.16868262175238552,-0.5212145602448309,0.7481132680361801,0.1,-0.0,0
16,614,world,6.140000000000001,0.6034725574483434,1.3523986497905984,0.8173488983131609,-0.6946858172335778,0.8031173127181184,-0.45153042387797987,-0.2969124827665555,0.2509299422197357,-0.06335288877372532,0.07736925780146653,-0.0006398681693916985,0.16329988273845997,-0.519390253887635,0.7476051808886801,0.1,-0.0,0
16,615,world,6.15,0.6044725574483434,1.3517621736025132,0.8181201543845157,-0.6946933573182553,0.8057671495838943,-0.44893683667172857,-0.2942521865804968,0.2502212381538073,-0.063940178613608,0.07688238426137885,-0.0008674959052311164,0.1578669227019724,-0.5176152191516793,0.7469802592801127,0.1,-0.0,0
16,616,world,6.16,0.6054725574483435,1.3511198890326952,0.818886554691526,-0.6947031542215533,0.8083889147345225,-0.4463422857849276,-0.2915812898327531,0.24953211792091032,-0.06451462375190081,0.0763981184815844,-0.0010912445300992784,0.15239117963861865,-0.5158894995973503,0.7462433939930095,0.1,-0.0,0
16,617,world,6.17,0.6064725574483434,1.3504719227849338,0.8196481257037604,-0.6947151695300902,0.8109824747108386,-0.4437473808105224,-0.2888998240877233,0.2488625712672916,-0.06507657143392072,0.07591653727915003,-0.0013111895169046642,0.14687977101773753,-0.514213039806564,0.745399429243715,0.1,-0.0,0
16,618,world,6.18,0.6074725574483434,1.3498183981308565,0.8204048946112598,-0.6947293655834454,0.8135477188313384,-0.44115270256393296,-0.2862078295803466,0.2482125711799688,-0.06562636083140765,0.07543770804487387,-0.0015274059585636663,0.14133949067032037,-0.5125856927798021,0.7444531480982918,0.1,-0.0,0
16,619,world,6.19,0.6084725574483434,1.3491594349911524,0.8211568892336059,-0.6947457054696161,0.8160845580704384,-0.43855880358143456,-0.2835053546889675,0.2475820747608369,-0.0661643229989893,0.0749616893614024,-0.0017399684393763248,0.1357768118969408,-0.5110072262450915,0.7434092638788017,0.1,-0.0,0
16,620,world,6.2,0.6094725574483433,1.3484951500171962,0.8219041379351398,-0.6947641530192497,0.8185929239056311,-0.43596620874819886,-0.28079245539712916,0.24697102411700608,-0.06669078084469177,0.07448853160457128,-0.0019489509280841838,0.13019789626734143,-0.5094773276920218,0.7422724175243809,0.1,-0.0,0
16,621,world,6.21,0.6104725574483434,1.3478256566727633,0.8226466695460185,-0.6947846727987885,0.821072767266341,-0.4333754158108969,-0.2780691948181309,0.24637934718137727,-0.0672060491532943,0.07401827749227756,-0.0021544266711094355,0.12460860404377283,-0.5079956088224962,0.741047177022705,0.1,-0.0,0
16,622,world,6.22,0.6114725574483434,1.3471510653155725,0.8233845132887977,-0.694807230102655,0.8235240574630255,-0.4307868959977956,-0.27533564271324285,0.24580695854248197,-0.06771043462386349,0.07355096261154642,-0.0023564681119018277,0.11901448601992293,-0.5065616144163286,0.7397380169718798,0.1,-0.0,0
16,623,world,6.23,0.6124725574483434,1.3464714832606985,0.8241176986934681,-0.6948317909517291,0.8259467810977156,-0.4282010947490295,-0.27259187500278226,0.24525376028212612,-0.06820423589514665,0.07308661594850405,-0.0025551467971654147,0.11342080933734766,-0.5051748229794227,0.7383493347152532,0.1,-0.0,0
16,624,world,6.24,0.6134725574483433,1.3457870149033218,0.8248462555735925,-0.6948583220669966,0.8283409411735051,-0.42561843213863526,-0.26983797339360427,0.24471964268213994,-0.0686877436931004,0.07262526029323187,-0.002750533346692577,0.10783255237917347,-0.5038346546799682,0.7368854335137988,0.1,-0.0,0
16,625,world,6.25,0.6144725574483434,1.3450977617548958,0.8255702139269846,-0.694886790876997,0.8307065559872848,-0.4230393037830313,-0.26707402488494403,0.24420448506583275,-0.06916124084859088,0.07216691275457131,-0.0029426973608065437,0.10225440987943538,-0.5025404769416011,0.7353505164985394,0.1,-0.0,0
16,626,world,6.26,0.6154725574483434,1.3444038225418364,0.8262896038999512,-0.694917165499246,0.833043658284508,-0.42046408131617913,-0.2643001214255426,0.24370815646865168,-0.0696250024584643,0.07171158512734695,-0.0031317073908836072,0.09669080525410848,-0.5012916079775595,0.7337486889248569,0.1,-0.0,0
16,627,world,6.2700000000000005,0.6164725574483434,1.343705293265123,0.8270044557192411,-0.694949414736564,0.8353522942464389,-0.4178931132603224,-0.26151635947513546,0.24323051641123922,-0.07007929595605956,0.07125928433280873,-0.003317630883467407,0.09114590249811935,-0.5000873200851755,0.7320839605419589,0.1,-0.0,0
16,628,world,6.28,0.6174725574483434,1.3430022673111413,0.8277147996797172,-0.6949835080515896,0.8376325227337242,-0.41532672546043997,-0.2587228397141576,0.24277141550703124,-0.0705243813086767,0.07081001272081926,-0.0035005341743494026,0.08562361813126083,-0.4989268425665686,0.7303602486272123,0.1,-0.0,0
16,629,world,6.29,0.6184725574483434,1.3422948354915343,0.8284206660667665,-0.6950194155694308,0.8398844143650233,-0.4127652219098304,-0.2559196666576831,0.24233069617007005,-0.07096051110697114,0.07036376846466941,-0.0036804824259626468,0.08012759493139524,-0.49780937615009757,0.7285813360691547,0.1,-0.0,0
16,630,world,6.3,0.6194725574483434,1.3415830861248883,0.8291220851243567,-0.6950571080624618,0.8421080506002505,-0.41020888564143354,-0.2531069482696693,0.2419081933144768,-0.07138793069190329,0.06992054590322767,-0.0038575396462832293,0.07466126153389183,-0.49673408161128707,0.7267509303873259,0.1,-0.0,0
16,631,world,6.3100000000000005,0.6204725574483434,1.3408671051135364,0.8298190870233666,-0.6950965569362559,0.8443035232183888,-0.40765797887889943,-0.25028479580746194,0.24150373480549642,-0.07180687838256875,0.06948033577057956,-0.004031768614207167,0.06922781359999222,-0.4957000912601488,0.7248726317388967,0.1,-0.0,0
16,632,world,6.32,0.6214725574483434,1.3401469760219071,0.8305117018366063,-0.6951377342140367,0.8464709332909143,-0.4051127442772685,-0.24745332336800632,0.2411171422190427,-0.07221758555891684,0.06904312554978459,-0.00420323094264523,0.0638302092580428,-0.4947065168612733,0.7229499164836692,0.1,-0.0,0
16,633,world,6.33,0.6224725574483434,1.3394227801231988,0.8311999594846134,-0.6951806125335928,0.8486103906361664,-0.4025734052426755,-0.2446126477144009,0.24074823129942222,-0.0726202768606292,0.06860889970159563,-0.004371987010725906,0.058471208498040765,-0.4937524428095448,0.7209861750164022,0.1,-0.0,0
16,634,world,6.34,0.6234725574483434,1.3386945964765553,0.8318838897175208,-0.6952251651308102,0.850722013062925,-0.400040166741975,-0.24176288797555667,0.2403968125432109,-0.0730151703304205,0.06817763993066521,-0.0045380959778579,0.05315335763118715,-0.49283693696915165,0.7189846830665443,0.1,-0.0,0
16,635,world,6.3500000000000005,0.6244725574483434,1.3379625020015016,0.8325635220989389,-0.6952713658235609,0.852805925729898,-0.39751321593032074,-0.23890416541120643,0.24006269170756375,-0.07340247759183342,0.06774932540070287,-0.0047016157999212665,0.047879005429624685,-0.4919590510300851,0.7169486118678179,0.1,-0.0,0
16,636,world,6.36,0.6254725574483434,1.3372265715274927,0.8332388859666621,-0.6953191890053867,0.8548622605037791,-0.3949927228371639,-0.23603660317254946,0.23974567031505867,-0.07378240399842484,0.06732393296729895,-0.004862603215136853,0.04265030995447216,-0.49111782370329826,0.7148810273121103,0.1,-0.0,0
16,637,world,6.37,0.6264725574483434,1.3364868778628094,0.8339100104182421,-0.6953686096304136,0.8568911553707195,-0.39247884099265995,-0.2331603260911386,0.23944554612179744,-0.07415514880341982,0.06690143737325022,-0.0050211137545114705,0.03746925539157237,-0.4903122799000288,0.7127849025740365,0.1,-0.0,0
16,638,world,6.38,0.6274725574483434,1.3357434918454079,0.8345769242801575,-0.6954196032052815,0.8588927539125127,-0.3899717079639843,-0.23027546050330613,0.23916211354272482,-0.0745209053351865,0.06648181142380603,-0.005177201737779727,0.03233764387439171,-0.48954143908052655,0.7106630985359261,0.1,-0.0,0
16,639,world,6.390000000000001,0.6284725574483434,1.3349964824209233,0.8352396561116376,-0.6954721457689017,0.8608672046698757,-0.387471446188856,-0.22738213400133558,0.23889516413939743,-0.07487986113488128,0.06606502618641956,-0.00533092031534855,0.02725711443874313,-0.4888043133016168,0.7085183797403412,0.1,-0.0,0
16,640,world,6.4,0.6294725574483434,1.3342459166836014,0.8358982341698876,-0.6955262138874104,0.8628146607487912,-0.38497816332509904,-0.22448047532872656,0.23864448695909735,-0.07523219814815607,0.06565105112164892,-0.005482321444354047,0.022229149604777128,-0.48809990951696175,0.706353414893409,0.1,-0.0,0
16,641,world,6.41,0.6304725574483434,1.3334918599321923,0.8365526863953578,-0.6955817846422364,0.8647352792337005,-0.3824919530707026,-0.22157061415260973,0.2384098689836663,-0.0755780928512782,0.06523985427011444,-0.005631455919902259,0.017255076677593795,-0.4874272339710194,0.7041707703026358,0.1,-0.0,0
16,642,world,6.42,0.6314725574483434,1.3327343757291077,0.8372030404043754,-0.6956388356162093,0.8666292208049678,-0.3800128955756293,-0.2186526809572068,0.23819109545368417,-0.07591771643768026,0.0648314023592631,-0.005778373388706039,0.012336081169424293,-0.4867852914244239,0.7019729201453344,0.1,-0.0,0
16,643,world,6.43,0.6324725574483434,1.3319735259538417,0.8378493234784664,-0.6956973448815862,0.8684966492464905,-0.37754105814107974,-0.21572680686460818,0.2379879502523866,-0.07625123494954716,0.06442566095965742,-0.005923122367487681,0.007473208320136865,-0.4861730891178921,0.6997622407807823,0.1,-0.0,0
16,644,world,6.44,0.6334725574483433,1.3312093708448203,0.8384915625426136,-0.6957572909926195,0.8703377310751887,-0.37507649568478857,-0.21279312352650312,0.23780021621425337,-0.07657880944101927,0.06402259459352848,-0.0060657502511033065,0.0026673785492431746,-0.48558963442596825,0.6975410250304795,0.1,-0.0,0
16,645,world,6.45,0.6344725574483434,1.3304419690554352,0.8391297841635681,-0.6958186529715049,0.8721526351558081,-0.37261925127607104,-0.20985176300225605,0.23762767543803712,-0.07690059612772425,0.06362216684579268,-0.006206303331836376,-0.0020806114567713105,-0.48503393850970256,0.6953114767273925,0.1,-0.0,0
16,646,world,6.46,0.6354725574483433,1.3296713777095355,0.8397640145509983,-0.6958814102940494,0.8739415323393628,-0.3701693566531234,-0.20690285764704403,0.23747010958187212,-0.07721674653802,0.06322434045976331,-0.00634482683066399,-0.006770092784529572,-0.48450502262294554,0.6930756973559421,0.1,-0.0,0
16,647,world,6.47,0.6364725574483434,1.3288976524237914,0.8403942795197555,-0.695945542889412,0.8757045950511748,-0.367726832896512,-0.20394653996236783,0.23732730018170486,-0.077527407623298,0.06282907747339804,-0.006481364906618533,-0.011400499852669794,-0.4840019107373308,0.6908357148355435,0.1,-0.0,0
16,648,world,6.48,0.6374725574483433,1.328120847377183,0.8410206045138309,-0.6960110311188019,0.8774419970961616,-0.3652916906241434,-0.2009829425808616,0.23719902884369667,-0.07783272194406186,0.06243633925219008,-0.0066159606682462185,-0.015971365055012867,-0.48352363038432267,0.6885934856719125,0.1,-0.0,0
16,649,world,6.49,0.6384725574483434,1.3273410153442002,0.8416430145875893,-0.6960778557696409,0.8791539132857346,-0.362863930635788,-0.19801219813242482,0.23708507753270894,-0.07813282778350465,0.06204608659620258,-0.006748656210664241,-0.020482333772508216,-0.4830692239919717,0.6863508657677161,0.1,-0.0,0
16,650,world,6.5,0.6394725574483433,1.3265582077356446,0.8422615343987564,-0.6961459980460336,0.8808405191380146,-0.3604435444186287,-0.1950344391518154,0.2369852288146792,-0.07842785926894508,0.06165827983081307,-0.006879492626327601,-0.024933145828141698,-0.4826377435534916,0.6841096318157358,0.1,-0.0,0
16,651,world,6.51,0.6404725574483434,1.3257724746402748,0.8428761882048925,-0.6962154395584967,0.8825019906318424,-0.3580305145521712,-0.19204979801637462,0.23689926606516273,-0.07871794651047304,0.061272878864045234,-0.0070085100332628394,-0.029323618943200448,-0.48222824519707413,0.6818715015222291,0.1,-0.0,0
16,652,world,6.5200000000000005,0.6414725574483433,1.3249838648651702,0.8434869998605923,-0.6962861623138885,0.884138504021507,-0.3556248149881075,-0.1890584069196986,0.23682697364166916,-0.07900321574315022,0.06088984323169358,-0.007135747575485106,-0.033653658544936245,-0.48183979752701633,0.6796381129569287,0.1,-0.0,0
16,653,world,6.53,0.6424725574483434,1.324192425977626,0.8440939928191599,-0.6963581487042976,0.8857502355217575,-0.3532264116742277,-0.18606039775508357,0.236768137121785,-0.07928378942525417,0.06050913218362028,-0.007261243471825352,-0.037923255498624964,-0.4814714839736288,0.6774110220933489,0.1,-0.0,0
16,654,world,6.54,0.6434725574483433,1.3233982043323262,0.8446971901165173,-0.6964313815021842,0.8873373611351516,-0.3508352628543899,-0.18305590208805886,0.2367225434603214,-0.07955978636509069,0.06013070473041904,-0.007385035014425727,-0.04213247034840303,-0.4811223971762636,0.6751917228245778,0.1,-0.0,0
16,655,world,6.55,0.6444725574483434,1.3226012451234432,0.8452966143911361,-0.6965058438440461,0.8889000564466334,-0.3484513194704945,-0.18004505110306623,0.23668998116045722,-0.07983132184003466,0.059754519685953335,-0.007507158608542929,-0.04628143094926908,-0.48079164037753463,0.6729816461863801,0.1,-0.0,0
16,656,world,6.5600000000000005,0.6454725574483433,1.3218015923965594,0.845892287850901,-0.6965815192318018,0.8904384964654984,-0.3460745254657261,-0.17702797557782385,0.2366702404163918,-0.080098507709412,0.05938053571477941,-0.007627649765889572,-0.050370334260632324,-0.48047833139404184,0.6707821524459481,0.1,-0.0,0
16,657,world,6.57,0.6464725574483434,1.320999289103651,0.8464842323012122,-0.6966583915145482,0.8919528554049033,-0.34370481826738025,-0.17400480581097483,0.2366631132844994,-0.08036145251320226,0.05900871138332591,-0.007746543154703505,-0.05439943736223684,-0.48018160006155947,0.6685945414182357,0.1,-0.0,0
16,658,world,6.58,0.6474725574483433,1.3201943771332711,0.847072469141257,-0.6967364448811377,0.8934433065845994,-0.341342128973482,-0.17097567162946267,0.23666839378734655,-0.0806202615951699,0.05863900517588855,-0.007863872602508941,-0.058369055243828585,-0.47990058949269737,0.6664200518144585,0.1,-0.0,0
16,659,world,6.59,0.6484725574483434,1.3193868973157035,0.8476570193256431,-0.6968156638638942,0.8949100222242237,-0.3389863828387153,-0.16794070231701552,0.23668587807013564,-0.08087503717972988,0.05827137556385012,-0.00797967111315019,-0.06227955882646861,-0.47963445747209577,0.6642598602037394,0.1,-0.0,0
16,660,world,6.6000000000000005,0.6494725574483433,1.3185768895022993,0.8482379034341894,-0.6968960333084057,0.8963531733562004,-0.3366374994674199,-0.1649000266208961,0.23671536449292882,-0.08112587849741401,0.05790578099709315,-0.008093970912939214,-0.06613136425739134,-0.47938237184734594,0.6621150959516683,0.1,-0.0,0
16,661,world,6.61,0.6504725574483434,1.3177643925380256,0.8488151415897394,-0.6969775383915722,0.8977729296945084,-0.33429539313493983,-0.16185377272482035,0.2367566537422711,-0.08137288186417002,0.05754217996050264,-0.008206803428434172,-0.06992493647195604,-0.4791435150965545,0.6599868311193969,0.1,-0.0,0
16,662,world,6.62,0.6514725574483433,1.3169494443444152,0.849388753537595,-0.697060164589188,0.8991694595180986,-0.3319599730854714,-0.15880206822829188,0.23680954893213352,-0.08161614078255304,0.05718053098329227,-0.00831819933827256,-0.07366078825877614,-0.47891708617995205,0.6578760779569723,0.1,-0.0,0
16,663,world,6.63,0.6524725574483434,1.3161320819005806,0.8499587585775552,-0.6971438976897723,0.9005429295425413,-0.3296311438766497,-0.155745040113674,0.2368738557069966,-0.0818557460186584,0.05682079268118009,-0.00842818858422401,-0.07733947023271626,-0.4787022957467768,0.6557838037004146,0.1,-0.0,0
16,664,world,6.640000000000001,0.6534725574483433,1.3153123413068852,0.8505251756193181,-0.6972287237704158,0.901893504873735,-0.32730880551465175,-0.15268281476832438,0.23694938230255774,-0.08209178570514471,0.05646292375520073,-0.008536800381582674,-0.08096156698121765,-0.47849836512791666,0.6537109348471852,0.1,-0.0,0
16,665,world,6.65,0.6544725574483434,1.3144902577882627,0.8510880231498188,-0.6973146292000384,0.9032213489057455,-0.32499285375000847,-0.14961551796406997,0.23703593963079592,-0.08232434541975354,0.05610688301691863,-0.008644063242186051,-0.08452770420404994,-0.4783045336167824,0.6516583400793161,0.1,-0.0,0
16,666,world,6.66,0.6554725574483433,1.313665865723013,0.8516473192395742,-0.6974016006308026,0.9045266232165963,-0.32268318039274124,-0.14654327483137794,0.23713334136241263,-0.08255350825687346,0.05575262941810377,-0.008750004997136717,-0.08803853786544628,-0.4781200523598219,0.6496268478347937,0.1,-0.0,0
16,667,world,6.67,0.6564725574483434,1.3128391986748307,0.8522030815558289,-0.6974896249878091,0.9058094875437299,-0.3203796734165183,-0.14346620988845935,0.2372414039697353,-0.08277935492026228,0.05540012204622026,-0.008854652802292624,-0.09149475343291763,-0.47794418541441896,0.6476172450265243,0.1,-0.0,0
16,668,world,6.68,0.6574725574483433,1.3120102894149503,0.8527553273620956,-0.6975786894631498,0.9070700996825775,-0.31808221728511243,-0.14038444701150626,0.2373599468025284,-0.0830019637883469,0.05504932014954444,-0.008958033174247346,-0.09489706381187665,-0.477776209763121,0.6456302783967378,0.1,-0.0,0
16,669,world,6.69,0.6584725574483434,1.3111791699386384,0.8533040735098426,-0.6976687815124293,0.9083086154735118,-0.31579069303910223,-0.13729810946717216,0.23748879212126212,-0.0832214109988986,0.05470018313410159,-0.009060171987779728,-0.09824620671143568,-0.47761541472696306,0.6436666572674851,0.1,-0.0,0
16,670,world,6.7,0.6594725574483433,1.3103458714871246,0.853849336439645,-0.6977598888486105,0.9095251887176385,-0.3135049785907345,-0.1342073198898657,0.23762776516002146,-0.08343777050697876,0.0543526705917728,-0.00916109449612791,-0.10154294621009859,-0.4774611049004658,0.6417270475324882,0.1,-0.0,0
16,671,world,6.71,0.6604725574483434,1.3095104245798896,0.8543911322004134,-0.6978519994308526,0.9107199711469072,-0.3112249488722954,-0.13111220029669893,0.2377766941627629,-0.0836511141613901,0.0540067422943164,-0.009260825358108037,-0.10478806648494954,-0.47731259633106976,0.6398120823031846,0.1,-0.0,0
16,672,world,6.72,0.6614725574483433,1.3086728590280514,0.8549294764397048,-0.6979451014619898,0.9118931123854312,-0.3089504760150104,-0.12801287209366705,0.2379354104214843,-0.0838615117695128,0.05366235820203949,-0.009359388651395658,-0.10798237102438202,-0.47716921709562804,0.6379223614592386,0.1,-0.0,0
16,673,world,6.73,0.6624725574483434,1.3078332039403608,0.855464384382239,-0.6980391833893735,0.9130447599221938,-0.30668142950012306,-0.12490945608828646,0.23810374830756662,-0.08406903115668408,0.05331947848061426,-0.009456807861630445,-0.11112668041152536,-0.47703030652253275,0.6360584544433183,0.1,-0.0,0
16,674,world,6.74,0.6634725574483433,1.306991487778363,0.8559958708905688,-0.6981342338825035,0.9141750590865683,-0.30441767630599914,-0.12180207250242125,0.2382815453001769,-0.0842737382393883,0.05297806347989991,-0.00955310593884303,-0.11422183640993916,-0.47689522040557597,0.6342208887179005,0.1,-0.0,0
16,675,world,6.75,0.6644725574483434,1.306147738334578,0.8565239503999529,-0.6982302418466341,0.9152841529838064,-0.30215908118068097,-0.11869084095156052,0.2384686420286201,-0.08447569706255437,0.05263807377589367,-0.009648305289485938,-0.11726868949291121,-0.47676332027940727,0.6324101762230909,0.1,-0.0,0
16,676,world,6.76,0.6654725574483433,1.3053019827867127,0.8570486369802249,-0.6983271964005329,0.9163721825681811,-0.29990550650447306,-0.11557588053006047,0.2386648822580001,-0.08467496989206291,0.05229947011846268,-0.009742427782964072,-0.12026810546624962,-0.4766339806398171,0.6306267967477318,0.1,-0.0,0
16,677,world,6.7700000000000005,0.6664725574483434,1.304454247689946,0.8575699442953468,-0.6984250868832466,0.9174392865222969,-0.2976568127389507,-0.11245730974264416,0.23887011295052166,-0.0848716172327435,0.051962213488561775,-0.00983549478510397,-0.12322096596282157,-0.47650659080461377,0.6288711944524834,0.1,-0.0,0
16,678,world,6.78,0.6674725574483433,1.3036045589973757,0.8580878856104692,-0.6985239028475193,0.9184856013202148,-0.2954128583243672,-0.10933524657873582,0.23908418425240482,-0.08506569790607182,0.05162626506443151,-0.00992752714677679,-0.12612815978332975,-0.4763805469890285,0.6271437970490791,0.1,-0.0,0
16,679,world,6.79,0.6684725574483434,1.3027529420946622,0.8586024738251399,-0.6986236340463211,0.9195112611772144,-0.29317349992319625,-0.10620980849569106,0.23930694952378812,-0.08525726909249458,0.05129158622983011,-0.010018545249579531,-0.1289905880126129,-0.47625525847384975,0.6254450019560153,0.1,-0.0,0
16,680,world,6.8,0.6694725574483433,1.301899421795515,0.8591137214397776,-0.6987242704378258,0.9205163980656706,-0.29093859246344983,-0.10308111245325088,0.23953826534186715,-0.08544638638394714,0.05095813857318923,-0.010108568992733704,-0.1318091582881503,-0.47613014224412686,0.6237751891893886,0.1,-0.0,0
16,681,world,6.8100000000000005,0.6704725574483434,1.3010440223671575,0.8596216405745941,-0.6988258021760787,0.921501141711056,-0.28870798924366176,-0.09994927493100968,0.23977799151062137,-0.08563310383203118,0.05062588388507431,-0.01019761780748537,-0.1345847890034427,-0.47600462847152925,0.6221347092873717,0.1,-0.0,0
16,682,world,6.82,0.6714725574483433,1.3001867675446432,0.8601262429701888,-0.6989282196068433,0.922465619567981,-0.2864815421036634,-0.09681441192784837,0.24002599107603478,-0.08581747398891781,0.050294784160963835,-0.010285710688303227,-0.13731840396166445,-0.475878155226962,0.6205238958189416,0.1,-0.0,0
16,683,world,6.83,0.6724725574483434,1.2993276805407243,0.8606275399807545,-0.6990315132654826,0.92340995685945,-0.28425910139498545,-0.09367663901259558,0.24028213031819048,-0.08599954796129866,0.04996480158791289,-0.010372866177329578,-0.14001093057357797,-0.47575016666990105,0.6189430696482475,0.1,-0.0,0
16,684,world,6.84,0.6734725574483433,1.2984667840727848,0.8611255425989326,-0.6991356738665796,0.9243342765673656,-0.2820405161052647,-0.09053607133371201,0.24054627875986356,-0.08617937545318269,0.04963589853606876,-0.010459102400132779,-0.14266330573749822,-0.47562012087157673,0.6173925217822104,0.1,-0.0,0
16,685,world,6.8500000000000005,0.6744725574483434,1.297604100358188,0.8616202614241144,-0.6992406923085871,0.925238699415453,-0.2798256340102437,-0.08739282362090489,0.24081830917588398,-0.08635700479525528,0.049308037578348146,-0.010544437062473502,-0.14527647128456886,-0.4754874850858968,0.6158725244066741,0.1,-0.0,0
16,686,world,6.86,0.6754725574483433,1.2967396511459093,0.8621117066974815,-0.6993465596610132,0.9261233438971929,-0.27761430167959034,-0.0842470102239033,0.24109809758678888,-0.08653248299459314,0.0489811814677658,-0.010628887468227714,-0.14785136974197163,-0.4753517305265512,0.6143833425458671,0.1,-0.0,0
16,687,world,6.87,0.6764725574483434,1.2958734577181774,0.862599888282966,-0.6994532671658934,0.9269883262963138,-0.2754063645038213,-0.08109874514488978,0.24138552325496146,-0.08670585577624605,0.04865529312874656,-0.010712470521059527,-0.15038894886585152,-0.4752123386130902,0.6129252204752488,0.1,-0.0,0
16,688,world,6.88,0.6774725574483433,1.2950055409001584,0.8630848156630313,-0.6995608062353608,0.9278337606703391,-0.2732016668439404,-0.07794814203815018,0.24168046869126375,-0.08687716761149249,0.04833033566526166,-0.010795202744172026,-0.1528901598236041,-0.475068799097837,0.6114983861020771,0.1,-0.0,0
16,689,world,6.890000000000001,0.6784725574483434,1.2941359210908503,0.8635664979755675,-0.6996691684388778,0.928659758884986,-0.2710000520107313,-0.07479531425324498,0.24198281964556712,-0.0870464617626241,0.04800627233932732,-0.010877100288696451,-0.1553559563793917,-0.47492060931706787,0.6101030527754185,0.1,-0.0,0
16,690,world,6.9,0.6794725574483433,1.2932646182510674,0.8640449439700888,-0.6997783455111187,0.9294664306035125,-0.26880136239444335,-0.07164037483821949,0.24229246511003255,-0.08721378030716627,0.04768306658439187,-0.01095817893820824,-0.15778729333378283,-0.47476727211021635,0.6087394238455637,0.1,-0.0,0
16,691,world,6.91,0.6804725574483435,1.2923916519321244,0.8645201620417019,-0.6998883293401252,0.9302538833341922,-0.2666054393945323,-0.06848343659413213,0.24260929730569086,-0.08737916418480159,0.0473606819743845,-0.011038454116709513,-0.1601851269258459,-0.47460829648118646,0.6074076912779023,0.1,-0.0,0
16,692,world,6.92,0.6814725574483433,1.2915170412859116,0.8649921602306954,-0.6999991119643637,0.9310222224146879,-0.2644121235634752,-0.06532461207305275,0.24293321168620435,-0.08754265322014682,0.04703908222969205,-0.011117940913918847,-0.16255041737783366,-0.4744432019765415,0.6061080265512655,0.1,-0.0,0
16,693,world,6.93,0.6824725574483435,1.2906408050554636,0.8654609461836561,-0.7001106855792384,0.9317715510306732,-0.2622212546326389,-0.06216401360605332,0.2432641069314683,-0.08770428615071921,0.04671823122144524,-0.011196654068619907,-0.16488412271737368,-0.4742715088956835,0.6048406013350014,0.1,-0.0,0
16,694,world,6.94,0.6834725574483433,1.2897629616210395,0.8659265272246187,-0.7002230425165331,0.9325019702624329,-0.26003267143500447,-0.05900175335744326,0.24360188493483248,-0.08786410067281965,0.0463980929292986,-0.011274607996768058,-0.1671872040912635,-0.47409274695327186,0.6036055692948483,0.1,-0.0,0
16,695,world,6.95,0.6844725574483435,1.288883528981615,0.8663889102994309,-0.7003361752552117,0.9332135790472057,-0.2578462121243435,-0.05583794330094752,0.2439464508103225,-0.08802213344823534,0.04607863147451611,-0.011351816799824737,-0.16946062342817225,-0.47390645167340956,0.6024030737499967,0.1,-0.0,0
16,696,world,6.96,0.6854725574483433,1.288002524773659,0.866848101993861,-0.7004500764140376,0.9339064742474887,-0.25566171401541754,-0.05267269529418136,0.24429771287461913,-0.08817842015032736,0.04575981108132132,-0.011428294255667588,-0.17170534123602532,-0.47371216021580165,0.6012332562012491,0.1,-0.0,0
16,697,world,6.97,0.6864725574483435,1.2871199662821324,0.8673041085370433,-0.7005647387479126,0.9345807506377838,-0.2534790137116892,-0.04950612107743389,0.24465558264820453,-0.08833299548081702,0.045441596083482,-0.011504053840782992,-0.1739223201488096,-0.47350941772791827,0.600096243222398,0.1,-0.0,0
16,698,world,6.98,0.6874725574483433,1.2862358704543568,0.8677569358115141,-0.7006801551427493,0.9352365009320928,-0.251297947084459,-0.04633833231067827,0.24501997484714838,-0.08848589320005787,0.04512395090609029,-0.011579108739998366,-0.17611252274322198,-0.47329777333124706,0.5989921547043983,0.1,-0.0,0
16,699,world,6.99,0.6884725574483435,1.2853502539010047,0.8682065893370419,-0.7007963186166133,0.9358738157940076,-0.24911834931205248,-0.0431694405943145,0.24539080737871213,-0.08863714614781112,0.04480684006582112,-0.01165347184694332,-0.17827691127626732,-0.4730767792714713,0.5979211054676107,0.1,-0.0,0
16,700,world,7.0,0.6894725574483433,1.2844631329076526,0.8686530742764035,-0.7009132223156472,0.9364927838668828,-0.24694005484094278,-0.039999557509845074,0.24576800133342155,-0.08878678627159967,0.04449022815431253,-0.01172715576508219,-0.18041644863774678,-0.47284599260064397,0.5968832017817887,0.1,-0.0,0
16,701,world,7.01,0.6904725574483435,1.2835745234472187,0.8690963954437263,-0.7010308595095067,0.9370934917724253,-0.2447628974614448,-0.03682879463001902,0.2461514809830353,-0.08893484464442743,0.04417407983458823,-0.011800172830894769,-0.1825320976162785,-0.47260497336191626,0.5958785449251096,0.1,-0.0,0
16,702,world,7.0200000000000005,0.6914725574483434,1.2826844411881382,0.8695365573044247,-0.7011492235888402,0.9376760241490388,-0.2425867102300116,-0.033657263568753266,0.2465411737720397,-0.0890813514934522,0.043858359821970797,-0.011872535105299179,-0.1846248220514107,-0.4723532869108721,0.5949072264902359,0.1,-0.0,0
16,703,world,7.03,0.6924725574483435,1.281792901491152,0.8699735639505883,-0.7012683080683701,0.9382404636359469,-0.24041132559452658,-0.030485075977305424,0.24693701031790227,-0.08922633621003218,0.043543032892085214,-0.01194425439670008,-0.18669558484350776,-0.47209049886997295,0.5939693382443256,0.1,-0.0,0
16,704,world,7.04,0.6934725574483434,1.2808999194426103,0.8704074191558347,-0.7013881065718837,0.938786890936648,-0.23823657521023148,-0.027312343621363044,0.2473389244003265,-0.08936982738672229,0.043228063842448934,-0.012015342246503915,-0.18874534932176854,-0.4718161776414387,0.5930649669664515,0.1,-0.0,0
16,705,world,7.05,0.6944725574483435,1.2800055098308296,0.8708381263068291,-0.7015086128453486,0.9393153847871579,-0.23606229011960048,-0.02413917836206221,0.24774685296416518,-0.08951185281873765,0.042913417515660704,-0.012085809947340452,-0.19077508072817764,-0.47152989801409073,0.5921941873587916,0.1,-0.0,0
16,706,world,7.0600000000000005,0.6954725574483434,1.2791096871804957,0.8712656884616302,-0.7016298207412712,0.9398260219977927,-0.23388830064332347,-0.0209656922126431,0.24816073611276143,-0.08965243953432471,0.042599058763368315,-0.012155668555013599,-0.19278574298082093,-0.47123123200865225,0.5913570796864083,0.1,-0.0,0
16,707,world,7.07,0.6964725574483435,1.2782124657477674,0.8716901083225366,-0.701751724222477,0.9403188774678947,-0.23171443637051106,-0.017791997368738793,0.24858051710591827,-0.08979161381115518,0.04228495244163732,-0.012224928883099437,-0.1947783016202279,-0.4709197559622513,0.5905537158315889,0.1,-0.0,0
16,708,world,7.08,0.6974725574483434,1.2773138595289444,0.8721113882387104,-0.701874317359149,0.9407940241873978,-0.2295405261982109,-0.014618206225347574,0.24900614235934765,-0.08992940118845767,0.041971063410223386,-0.0122936015105598,-0.19675372360803478,-0.4705950497357998,0.5897841607683575,0.1,-0.0,0
16,709,world,7.09,0.6984725574483435,1.2764138822640498,0.8725295301974891,-0.7019975943283697,0.9412515332538933,-0.2273663983050969,-0.01144443141090663,0.24943756144302745,-0.09006582648560284,0.04165735651536845,-0.012361696793594857,-0.1987129752223861,-0.47025668910973045,0.5890484868252083,0.1,-0.0,0
16,710,world,7.1000000000000005,0.6994725574483434,1.275512547456387,0.8729445358527291,-0.7021215494056648,0.9416914739094531,-0.2251918800368763,-0.00827078584460404,0.24987472707981467,-0.09020091382610482,0.04134379656488768,-0.012429224856635146,-0.20065702528398446,-0.4699042549168997,0.5883467560893895,0.1,-0.0,0
16,711,world,7.11,0.7004725574483435,1.274609868371308,0.8733564065060789,-0.7022461769668782,0.9421139135094009,-0.22301679806809208,-0.005097382720281368,0.2503175951483632,-0.09033468663729051,0.04103034834243472,-0.012496195622708324,-0.20258684460260834,-0.46953733104527,0.587679024153306,0.1,-0.0,0
16,712,world,7.12,0.7014725574483434,1.2737058580294771,0.8737651430743609,-0.7023714714928179,0.9425189175668662,-0.22084097824645887,-0.0019243355742813426,0.25076612468259657,-0.09046716767470298,0.04071697658417453,-0.012562618785944413,-0.2045034033154574,-0.4691554929509392,0.5870453613140257,0.1,-0.0,0
16,713,world,7.13,0.7024725574483435,1.2728005292485607,0.8741707461714946,-0.7024974275496136,0.942906549773676,-0.21866424552542205,0.0012482416700316007,0.25122027787468404,-0.09059837904269497,0.040403645944768744,-0.012628503838774561,-0.206407676059126,-0.46875832595819306,0.5864458181783044,0.1,-0.0,0
16,714,world,7.140000000000001,0.7034725574483434,1.2718938946104494,0.8745732160150307,-0.7026240398063656,0.9432768719548155,-0.21648642417787628,0.004420234732737031,0.25168002007851725,-0.09072834218407425,0.040090321036845296,-0.01269386007848729,-0.20830063952503952,-0.4683454157306612,0.5858804434062922,0.1,-0.0,0
16,715,world,7.15,0.7044725574483435,1.2709859664945502,0.8749725524890499,-0.7027513030196527,0.9436299441324728,-0.21430733753679995,0.007591528881998725,0.2521453198131351,-0.0908570779139364,0.03977696637666076,-0.012758696595298893,-0.2101832702380386,-0.46791633530322657,0.5853493071216059,0.1,-0.0,0
16,716,world,7.16,0.7054725574483434,1.2700767570753917,0.8753687551228495,-0.7028792120359152,0.9439658245362033,-0.212126807954927,0.01076200889679112,0.2526161487693234,-0.09098460643281132,0.039463546367087626,-0.012823022280225325,-0.21205655028188497,-0.46747066962662776,0.5848524555877601,0.1,-0.0,0
16,717,world,7.17,0.7064725574483435,1.2691662783258955,0.8757618230827187,-0.7030077617909956,0.9442845695517522,-0.2099446570335795,0.01393155910169482,0.25309248181348803,-0.09111094731517375,0.039150025329736195,-0.012886845851978267,-0.21392146419699834,-0.46700800039849644,0.5843899389277575,0.1,-0.0,0
16,718,world,7.18,0.7074725574483434,1.2682545420265035,0.8761517551781725,-0.7031369473067135,0.9445862337974988,-0.20776070528198068,0.017100063249388408,0.25357429699766043,-0.09123611954634632,0.03883636744355989,-0.012950175825586559,-0.2157789993584751,-0.46652790485521134,0.5839618129146348,0.1,-0.0,0
16,719,world,7.19,0.7084725574483434,1.2673415597706754,0.8765385498595525,-0.7032667636892502,0.9448708700757003,-0.2055747723253813,0.020267404549827492,0.2540615755650005,-0.09136014151146632,0.038522536774297546,-0.013013020536283804,-0.21763014733033237,-0.46602996108272177,0.5835681290875984,0.1,-0.0,0
16,720,world,7.2,0.7094725574483434,1.2664273429710442,0.8769222052173498,-0.703397206127194,0.9451385294211824,-0.20338667666989804,0.023433465580524344,0.2545543019625196,-0.09148303102424027,0.03820849721488494,-0.01307538814712679,-0.21947590362109445,-0.4655137441008866,0.5832089415358105,0.1,-0.0,0
16,721,world,7.21,0.7104725574483434,1.2655119028667716,0.8773027189848024,-0.7035282698889579,0.9453892610673138,-0.2011962358359437,0.026598128295560238,0.25505246384855546,-0.0916048053192054,0.03789421251339513,-0.013137286646036452,-0.2213172686909796,-0.4649788305508721,0.582884298300563,0.1,-0.0,0
16,722,world,7.22,0.7114725574483434,1.2645952505260964,0.8776800885282418,-0.703659950322633,0.9456231124711769,-0.199003266215021,0.029761273960098013,0.2555560521066744,-0.0917254810688701,0.03757964624339861,-0.013198723836241613,-0.22315524759482197,-0.46442479306477846,0.5825942511337255,0.1,-0.0,0
16,723,world,7.23,0.7124725574483434,1.2636773968533537,0.8780543108488551,-0.703792242853566,0.9458401293005418,-0.19680758309584892,0.032922783130192514,0.2560650608569375,-0.09184507438782141,0.03726476178973631,-0.013259707366671335,-0.22499085056614732,-0.463851200569109,0.5823388545946947,0.1,-0.0,0
16,724,world,7.24,0.7134725574483434,1.2627583525944792,0.878425382580688,-0.7039251429826965,0.9460403554534511,-0.19460900052925165,0.0360825355887864,0.25657948747317605,-0.09196360084647137,0.0369495223269895,-0.013320244710897636,-0.22682509364228426,-0.46325761983686625,0.582118163008906,0.1,-0.0,0
16,725,world,7.25,0.7144725574483434,1.2618381283424591,0.8787932999885352,-0.7040586462849194,0.9462238330357468,-0.19240733138585295,0.039240410333486894,0.2570993325953482,-0.09208107546991051,0.036633890819293115,-0.013380343184864862,-0.22865899939072715,-0.4626436219779959,0.5819322190082666,0.1,-0.0,0
16,726,world,7.26,0.7154725574483434,1.2609167345427226,0.8791580589657156,-0.704192748407472,0.9463906023523402,-0.19020238734479367,0.04239628554551038,0.25762460014420074,-0.09219751274107982,0.03631783001511469,-0.01344000994611462,-0.23049359627580387,-0.46200876596433194,0.5817810818111436,0.1,-0.0,0
16,727,world,7.2700000000000005,0.7164725574483434,1.259994181498488,0.8795196550317291,-0.7043274450683418,0.9465407019453673,-0.18799397864080278,0.045550038492420036,0.2581552973481501,-0.09231292662422025,0.03600130239082166,-0.013499251988015696,-0.23232992000268912,-0.4613526104298063,0.5816648063726885,0.1,-0.0,0
16,728,world,7.28,0.7174725574483434,1.2590704793760614,0.879878083329796,-0.7044627320546974,0.9466741685360386,-0.18578191427884022,0.048701545557556854,0.25869143475151063,-0.09242733054804383,0.03568427018563746,-0.01355807615707591,-0.234169013782541,-0.4606747145197799,0.58158344177161,0.1,-0.0,0
16,729,world,7.29,0.7184725574483434,1.2581456382101006,0.8802333386242733,-0.7045986052213405,0.9467910370560693,-0.18356600179743324,0.05185068214623322,0.2592330262435091,-0.09254073742597907,0.035366695352116055,-0.013616489140986732,-0.2360119285803564,-0.45997462952725254,0.5815370451867797,0.1,-0.0,0
16,730,world,7.3,0.7194725574483434,1.25721966790884,0.8805854152979471,-0.7047350604891759,0.9468913406180369,-0.1813460473282622,0.05499732267208776,0.25978008907515393,-0.0926531596517413,0.03504853955749798,-0.013674497483836139,-0.23785972375070885,-0.45925190542033945,0.5815256704359443,0.1,-0.0,0
16,731,world,7.3100000000000005,0.7204725574483434,1.2562925782592873,0.8809343073492008,-0.7048720938437016,0.9469751105182095,-0.17912185548330403,0.05814134049581392,0.2603326438858432,-0.09276460910762252,0.034729764159760694,-0.013732107577404104,-0.23971346751866457,-0.4585060856781401,0.5815493763862083,0.1,-0.0,0
16,732,world,7.32,0.7214725574483434,1.2553643789323954,0.8812800083890511,-0.7050097013335163,0.9470423762221996,-0.1768932293199714,0.06128260788456615,0.26089071472750497,-0.0928750971665353,0.03441033019163117,-0.013789325669137898,-0.24157423725014962,-0.4577367155792027,0.5816082127590262,0.1,-0.0,0
16,733,world,7.33,0.7224725574483434,1.2544350794858006,0.8816225116309749,-0.7051478790700946,0.9470931653349769,-0.17465997038283826,0.06442099599190323,0.26145432908454896,-0.09298463468711382,0.03409019836183081,-0.013846157869785311,-0.2434431203172147,-0.45694332921710057,0.5817022415077138,0.1,-0.0,0
16,734,world,7.34,0.7234725574483434,1.2535046893714163,0.8819618098945887,-0.7052866232250607,0.9471275036277051,-0.17242187843077328,0.06755637475034096,0.2620235179157524,-0.09309323203288833,0.0337693289993925,-0.013902610136287533,-0.24532121439554275,-0.4561254584989561,0.5818315214033507,0.1,-0.0,0
16,735,world,7.3500000000000005,0.7244725574483434,1.2525732179463032,0.8822978956195411,-0.7054259300257475,0.9471454149729595,-0.1701787516465177,0.07068861289613405,0.26259831566587366,-0.09320089905305053,0.033447682085186566,-0.013958688291934036,-0.24720962754145626,-0.4552826363225432,0.5819961026110216,0.1,-0.0,0
16,736,world,7.36,0.7254725574483434,1.25164067446035,0.8826307608100182,-0.7055657957628397,0.947146921357029,-0.16793038642221605,0.0738175778763934,0.26317876030646864,-0.09330764509660976,0.03312521719838987,-0.014014398027907334,-0.2491094796536452,-0.45441438314338545,0.5821960484278422,0.1,-0.0,0
16,737,world,7.37,0.7264725574483434,1.2507070680856673,0.8829603971036855,-0.7057062167763126,0.9471320428564712,-0.165676577325571,0.07694313580508706,0.26376489336659575,-0.09341347901011736,0.03280189351209569,-0.014069744889211758,-0.25102190222454673,-0.45352021826018885,0.5824314163664628,0.1,-0.0,0
16,738,world,7.38,0.7274725574483434,1.249772407893038,0.883286795680998,-0.705847189468991,0.9471007976084329,-0.1634171170927971,0.08006515142571527,0.26435675996222735,-0.09351840913440683,0.03247766977747601,-0.014124734291126229,-0.25294803934284343,-0.4525996539161272,0.5827022674596359,0.1,-0.0,0
16,739,world,7.390000000000001,0.7284725574483434,1.2488367028869949,0.8836099473525454,-0.7059887102894994,0.9470532018022821,-0.16115179648898897,0.08318348803614023,0.26495440883774474,-0.09362244330987425,0.032152504292850576,-0.014179371508907163,-0.2548890477192837,-0.4516521998422103,0.5830086585609425,0.1,-0.0,0
16,740,world,7.4,0.7294725574483434,1.2478999619886837,0.8839298424865947,-0.7061307757425332,0.9469892696318308,-0.15888040438446088,0.08629800747267691,0.2655578923908077,-0.09372558886542087,0.031826354906086395,-0.014233661694094363,-0.25684609753962906,-0.4506773599112348,0.5833506474330339,0.1,-0.0,0
16,741,world,7.41,0.7304725574483434,1.2469621940490927,0.8842464710292541,-0.7062733823832689,0.9469090132929476,-0.15660272755594332,0.08940857001632496,0.266167266721983,-0.09382785262677765,0.031499178974061647,-0.014287609856366127,-0.25882037332441343,-0.4496746303011058,0.5837282952793186,0.1,-0.0,0
16,742,world,7.42,0.7314725574483434,1.2460234078542765,0.884559822500105,-0.7064165268159741,0.9468124429373203,-0.1543185507317391,0.09251503436609396,0.2667825916647486,-0.09392924090678456,0.03117093335625932,-0.0143412208816011,-0.2608130736437671,-0.44864350500416034,0.5841416576185217,0.1,-0.0,0
16,743,world,7.43,0.7324725574483434,1.2450836121305953,0.8848698859876295,-0.7065602056926319,0.9466995666487584,-0.15202765649262923,0.09561725757084542,0.2674039308294526,-0.09402975950523633,0.03084157438848495,-0.014394499526797347,-0.2628254131699276,-0.4475834665717745,0.5845907985645923,0.1,-0.0,0
16,744,world,7.44,0.7334725574483434,1.2441428155462932,0.885176650132138,-0.7067044157135373,0.9465703904197853,-0.14972982515369643,0.09871509495437318,0.2680313516514958,-0.09412941370911188,0.030511057856498894,-0.014447450406775534,-0.2648586206641111,-0.44649400077299317,0.5850757673843381,0.1,-0.0,0
16,745,world,7.45,0.7344725574483434,1.2432010267216154,0.8854801031363257,-0.7068491536233946,0.9464249180815105,-0.14742483492647554,0.10180840011853323,0.26866492541195663,-0.0942282082729801,0.03017933900788853,-0.014500078024301203,-0.26691394220630554,-0.44537458124718576,0.5855966222916339,0.1,-0.0,0
16,746,world,7.46,0.7354725574483434,1.2422582542313427,0.8857802327507277,-0.7069944162114601,0.9462631513190004,-0.14511246152989335,0.104897024789139,0.2693047273163926,-0.09432614743741712,0.02984637247272113,-0.014552386740127694,-0.26899264139090867,-0.4442246728162478,0.586153424716849,0.1,-0.0,0
16,747,world,7.47,0.7364725574483434,1.2413145066116358,0.8860770262730436,-0.7071402003094248,0.9460850895872023,-0.1427924784133026,0.10798081883368925,0.2699508365117027,-0.09442323490328827,0.02951211229411437,-0.014604380792694672,-0.27109599791409195,-0.443043740592024,0.5867462248496633,0.1,-0.0,0
16,748,world,7.48,0.7374725574483434,1.2403697923619428,0.8863704705300909,-0.7072865027919761,0.9458907300956146,-0.14046465652850482,0.1110596301498604,0.270603336151812,-0.09451947383744862,0.029176511874146927,-0.014656064285804455,-0.27322530928585176,-0.4418312437598756,0.5873750710076782,0.1,-0.0,0
16,749,world,7.49,0.7384725574483434,1.2394241199542595,0.8866605518845214,-0.7074333205734572,0.94568006773815,-0.13812876444393365,0.11413330464988738,0.2712623134267942,-0.09461486685400568,0.028839523978307885,-0.014707441208564556,-0.27538189216602804,-0.4405866325560413,0.5880400138552888,0.1,-0.0,0
16,750,world,7.5,0.7394725574483434,1.2384774978387665,0.8869472562290208,-0.7075806506064939,0.9454530950796178,-0.1357845680653715,0.11720168613098678,0.2719278596387751,-0.09470941602152666,0.028501100678833192,-0.014758515404890935,-0.2775670833921146,-0.4393093471792855,0.588741107557898,0.1,-0.0,0
16,751,world,7.51,0.7404725574483434,1.237529934441644,0.8872305689514844,-0.7077284898849013,0.9452098022833733,-0.13343183073304063,0.12026461625166926,0.272600070235674,-0.09480312284428184,0.028161193350189098,-0.014809290599663233,-0.27978223731906854,-0.4379988300268156,0.5894783908683009,0.1,-0.0,0
16,752,world,7.5200000000000005,0.7414725574483434,1.236581438185909,0.8875104749825454,-0.7078768354341822,0.944950177061345,-0.13107031315563902,0.12332193445990079,0.2732790448645551,-0.09489598825352213,0.027819752649169627,-0.014859770386059512,-0.28202873001437206,-0.43665451168789027,0.5902519080090193,0.1,-0.0,0
16,753,world,7.53,0.7424725574483434,1.2356320174809503,0.8877869587295538,-0.708025684319012,0.9446742046321573,-0.12869977326524917,0.12637347789650155,0.27396488743708897,-0.09498801260352044,0.027476728469978468,-0.014909958223298894,-0.2843079577273961,-0.43527581889746214,0.5910616962456327,0.1,-0.0,0
16,754,world,7.54,0.7434725574483434,1.2346816807376775,0.8880600041024527,-0.7081750336369059,0.9443818676461677,-0.12631996629027145,0.12941908135966557,0.274657706168207,-0.09507919565230585,0.027132069940943637,-0.01495985744685719,-0.2866213377379804,-0.43386217323910325,0.5919077875132384,0.1,-0.0,0
16,755,world,7.55,0.7444725574483434,1.2337304363746435,0.8883295945069716,-0.708324880516805,0.9440731461412273,-0.12393064458860176,0.13245857719825477,0.2753576136471854,-0.09516953655740021,0.02678572537938602,-0.01500947125483717,-0.28897031111148025,-0.4324129843398023,0.5927902180841584,0.1,-0.0,0
16,756,world,7.5600000000000005,0.7454725574483434,1.232778292818497,0.8885957128149584,-0.7084752221208447,0.9437480174780656,-0.12153155760502321,0.13549179523886357,0.27606472689437844,-0.09525903386254277,0.02643764226521146,-0.015058802709101253,-0.29135633868077404,-0.43092766434734986,0.5937090067706239,0.1,-0.0,0
16,757,world,7.57,0.7464725574483434,1.2318252585165916,0.8888583413803677,-0.7086260556395106,0.943406456257336,-0.11912245195321802,0.1385185627474078,0.27677916740069325,-0.09534768547583973,0.02608776723375572,-0.015107854750351736,-0.2937809057322966,-0.42940561484562434,0.5946641739210848,0.1,-0.0,0
16,758,world,7.58,0.7474725574483434,1.2308713419371964,0.889117462006524,-0.7087773782936835,0.9430484342789229,-0.1167030711498878,0.1415387042868754,0.2775010612178785,-0.09543548866902901,0.0257360460157838,-0.01515663016561045,-0.2962455216000178,-0.4278462302777345,0.5956557359030057,0.1,-0.0,0
16,759,world,7.59,0.7484725574483434,1.2299165515819832,0.8893730559606475,-0.7089291873299638,0.942673920445718,-0.114273155756546,0.1445520416920251,0.278230538991692,-0.09552244005023763,0.025382423431626666,-0.015205131620159355,-0.2987517177939553,-0.4262489046595927,0.5966836950002977,0.1,-0.0,0
16,760,world,7.6000000000000005,0.7494725574483434,1.2289608959893321,0.8896251039513633,-0.7090814800211451,0.9422828807021423,-0.11183244322833936,0.14755839395602852,0.27896773603836383,-0.09560853555419184,0.025026843353103054,-0.015253361628247029,-0.301301052289232,-0.4246130211643595,0.5977480541615501,0.1,-0.0,0
16,761,world,7.61,0.7504725574483434,1.2280043837408414,0.8898735861175207,-0.7092342536649994,0.9418752779545436,-0.10938066787980513,0.1505575771488626,0.27971279240550156,-0.09569377042418425,0.024669248663684584,-0.01530132256939956,-0.3038951057871233,-0.4229379637092403,0.5988487999039025,0.1,-0.0,0
16,762,world,7.62,0.7514725574483434,1.2270470234678659,0.89011848201588,-0.7093875055831332,0.9414510719796729,-0.10691756093048708,0.15354940435704015,0.2804658529208122,-0.09577813918835675,0.024309581249453375,-0.015349016681598555,-0.30653548653596374,-0.4212231056840374,0.5999859181536057,0.1,-0.0,0
16,763,world,7.63,0.7524725574483434,1.2260888238635081,0.8903597706312374,-0.7095412331168321,0.9410102193613641,-0.10444285028109504,0.15653368554071354,0.28122706728492425,-0.09586163565117686,0.023947781931449662,-0.015396446045914348,-0.30922382744169086,-0.4194678188780412,0.60115938108029,0.1,-0.0,0
16,764,world,7.640000000000001,0.7534725574483434,1.2251297936852639,0.8905974303458682,-0.7096954336282637,0.9405526733756744,-0.10195626071024179,0.15951022751314006,0.2819965900974044,-0.0959442528587848,0.023583790473393512,-0.015443612604460125,-0.31196178770899324,-0.4176714705136081,0.6023691510169995,0.1,-0.0,0
16,765,world,7.65,0.7544725574483434,1.2241699417629714,0.8908314389295853,-0.709850104498801,0.9400783839262142,-0.0994575136012714,0.16247883377736663,0.2827745809603067,-0.09602598309109593,0.023217545502244103,-0.015490518139810087,-0.314751052650394,-0.41583342489493424,0.603615177800011,0.1,-0.0,0
16,766,world,7.66,0.7554725574483434,1.2232092770083256,0.8910617735356945,-0.7100052431265412,0.9395872974211837,-0.0969463271668967,0.16543930450887634,0.2835612044995302,-0.09610681782371142,0.02284898451918178,-0.01553716429217825,-0.31759333449289034,-0.41395304263060795,0.6048973995446262,0.1,-0.0,0
16,767,world,7.67,0.7564725574483434,1.222247808422823,0.891288410688905,-0.7101608469248095,0.9390793567024651,-0.09442241616371953,0.16839143638231419,0.28435663047340864,-0.09618674771833424,0.022478043819775327,-0.01558355252841231,-0.3204903743284118,-0.4120296775214435,0.6062157466053113,0.1,-0.0,0
16,768,world,7.68,0.7574725574483434,1.221285545104571,0.891511326266207,-0.7103169133214435,0.9385545009224402,-0.09188549206556695,0.17133502253298866,0.2851610338032148,-0.09626576258551048,0.022104658489006453,-0.01562968415914184,-0.3234439379247318,-0.41006268682658353,0.6075701270132332,0.1,-0.0,0
16,769,world,7.69,0.7584725574483434,1.2203224962575985,0.8917304954874299,-0.7104734397567543,0.9380126654479736,-0.08933526294936436,0.17426985242875925,0.2859745946538165,-0.09634385136247839,0.0217287623402252,-0.015675560334695617,-0.326455819960629,-0.4080514228208599,0.6089604379243573,0.1,-0.0,0
16,770,world,7.7,0.7594725574483434,1.2193586712047284,0.8919458929219857,-0.7106304236794884,0.9374537817458988,-0.08677143352823372,0.17719571178310922,0.2867974984888213,-0.09642100208203973,0.021350287897009074,-0.01572118202331242,-0.3295278431852238,-0.405995235709082,0.6103865612530485,0.1,-0.0,0
16,771,world,7.71,0.7604725574483434,1.218394079387272,0.8921574924294526,-0.710787862550698,0.936877777274694,-0.08419370508647454,0.1801123824350225,0.2876299361440337,-0.09649720184448124,0.020969166324513407,-0.015766550029741516,-0.33266185813083665,-0.4038934750939981,0.6118483613811555,0.1,-0.0,0
16,772,world,7.72,0.7614725574483434,1.2174287303827436,0.8923652671854152,-0.710945753837148,0.9362845753611427,-0.08160177553728479,0.1830196422628416,0.2884721038782586,-0.09657243678271953,0.020585327416376174,-0.015811664966354274,-0.3358597399676989,-0.40174549679334803,0.6133456757306317,0.1,-0.0,0
16,773,world,7.73,0.7624725574483434,1.2164626339172258,0.8925691896818655,-0.7111040950079053,0.9356740950754365,-0.07899533947006744,0.18591726509172946,0.28932420342512544,-0.09664669202559924,0.020198699545633816,-0.01585652727346646,-0.3391233954839626,-0.3995506497184722,0.6148783322909948,0.1,-0.0,0
16,774,world,7.74,0.7634725574483434,1.21549579986187,0.892769231641911,-0.7112628835407115,0.9350462511203418,-0.07637408799249017,0.18880502053407217,0.2901864420854957,-0.09671995167100157,0.01980920959411228,-0.01590113719252971,-0.34245475795970703,-0.3973082867645429,0.6164461346265129,0.1,-0.0,0
16,775,world,7.75,0.7644725574483434,1.2145282382574487,0.892965364076777,-0.7114221169116298,0.934400953683795,-0.07373770895738128,0.191682673944841,0.2910590327440237,-0.09679219873727607,0.0194167829463415,-0.015945494774961246,-0.34585578525497795,-0.39501776860905247,0.6180488567296586,0.1,-0.0,0
16,776,world,7.76,0.7654725574483434,1.2135599593216135,0.8931575572527138,-0.7115817925952104,0.933738108316109,-0.0710858868669426,0.19454998627364342,0.2919421939485961,-0.09686341513011323,0.01902134342525732,-0.01598959985833833,-0.34932846633333514,-0.3926784520835835,0.6196862583282168,0.1,-0.0,0
16,777,world,7.7700000000000005,0.7664725574483434,1.2125909734545428,0.8933457806433964,-0.7117419080659656,0.9330576157920457,-0.06841830290948497,0.19740671395356635,0.29283614996359986,-0.09693358159958711,0.018622813229907772,-0.016033452082448142,-0.3528748138058367,-0.3902897043014254,0.6213580659743192,0.1,-0.0,0
16,778,world,7.78,0.7674725574483434,1.2116212912578699,0.8935300029529255,-0.711902460791828,0.932359371962588,-0.06573463509491585,0.20025260881710016,0.2937411308012758,-0.09700267769254137,0.01822111292055203,-0.016077050861816346,-0.3564968676681788,-0.38785089605693973,0.6230639817100719,0.1,-0.0,0
16,779,world,7.79,0.7684725574483434,1.210650923541239,0.8937101920667525,-0.7120634482354975,0.9316432676189093,-0.06303455818380788,0.2030874179433001,0.29465737229544575,-0.09707068171120775,0.01781616132889147,-0.016120395392927214,-0.36019669264691134,-0.38536140672847674,0.624803676548869,0.1,-0.0,0
16,780,world,7.8,0.7694725574483434,1.2096798813401675,0.8938863150641607,-0.7122248678489181,0.9309091883323948,-0.06031774390277266,0.2059108835907332,0.2955851161132527,-0.09713757065812573,0.017407875550599833,-0.01616348463211022,-0.3639763767969929,-0.38282062661784066,0.6265767874558335,0.1,-0.0,0
16,781,world,7.8100000000000005,0.7704725574483434,1.2087081759257765,0.8940583381801033,-0.7123867170731163,0.9301570143094227,-0.05758386091161076,0.20872274304811447,0.2965246098184156,-0.09720332018860064,0.016996170853427837,-0.016206317306330757,-0.36783803451779407,-0.38022795189161496,0.6283829238876684,0.1,-0.0,0
16,782,world,7.82,0.7714725574483434,1.2077358188210998,0.8942262268026377,-0.7125489933340916,0.9293866202313454,-0.05483257493672568,0.21152272853298024,0.2974761068972237,-0.09726790455573109,0.016580960650111602,-0.01624889187780625,-0.37178380161331304,-0.3775827927790759,0.6302216572282696,0.1,-0.0,0
16,783,world,7.83,0.7724725574483434,1.2067628218096724,0.8943899454170072,-0.7127116940440539,0.9285978750941039,-0.05206354887140322,0.2143105670756131,0.2984398667895415,-0.09733129655206602,0.01616215642408719,-0.01629120656112133,-0.375815831405657,-0.37488457932082125,0.6320925136628724,0.1,-0.0,0
16,784,world,7.84,0.7734725574483434,1.2057891969596874,0.8945494576460136,-0.7128748165926603,0.9277906420382679,-0.04927644300158601,0.21708598043897118,0.29941615488844414,-0.09739346744561628,0.015739667703409913,-0.016333259304435167,-0.37993630089609276,-0.3721327510508273,0.633994987511437,0.1,-0.0,0
16,785,world,7.8500000000000005,0.7744725574483434,1.204814956632295,0.8947047261835356,-0.7130383583490277,0.9269647781929392,-0.04647091493983387,0.2198486849403931,0.3004052426046351,-0.09745438692547932,0.01531340196549818,-0.01637504776243541,-0.384147410624769,-0.369326757286625,0.6359285408314884,0.1,-0.0,0
16,786,world,7.86,0.7754725574483434,1.2038401134987804,0.8948557127791263,-0.7132023166582682,0.9261201344995634,-0.0436466198565837,0.22259839136389595,0.3014074073605546,-0.09751402303105225,0.01488326458771156,-0.01641656929786438,-0.38845136475484654,-0.36646608701627953,0.6378925661773864,0.1,-0.0,0
16,787,world,7.87,0.7764725574483434,1.2028646805618262,0.8950023782486812,-0.7133666888354392,0.9252565555268057,-0.04080321089430019,0.22533480492831343,0.30242293253539027,-0.09757234207179422,0.014449158832514651,-0.01645782098752879,-0.39285039103295366,-0.3635502372656556,0.6398864267626719,0.1,-0.0,0
16,788,world,7.88,0.7774725574483434,1.2018886711655294,0.8951446823973758,-0.7135314721677426,0.9243738793162182,-0.037940338890562274,0.2280576250260953,0.3034521075725325,-0.09762930857288099,0.014010985698994614,-0.016498799572203942,-0.39734672813708294,-0.36057873171917115,0.6419094334203689,0.1,-0.0,0
16,789,world,7.890000000000001,0.7784725574483434,1.2009120990231734,0.8952825840679841,-0.7136966639045914,0.9234719371800364,-0.03505765309104874,0.2307665452799701,0.30449522784478306,-0.0976848851775307,0.01356864396075795,-0.016539501471290827,-0.4019426201336491,-0.35755112752289375,0.6439608367998128,0.1,-0.0,0
16,790,world,7.9,0.7794725574483434,1.1999349782255955,0.8954160410344656,-0.7138622612620117,0.9225505535375003,-0.032154800981989,0.23346125330782333,0.3055525947286342,-0.09773903257940048,0.013122030006442194,-0.01657992276679615,-0.4066403235877387,-0.35446700369426204,0.6460398422176996,0.1,-0.0,0
16,791,world,7.91,0.7804725574483434,1.1989573232726007,0.8955450100694297,-0.7140282614107417,0.9216095457206405,-0.029231428817230346,0.23614143071070895,0.3066245155035675,-0.09779170942917195,0.012671037857578157,-0.016620059161513975,-0.4114420925907159,-0.3513259812103954,0.6481455856859087,0.1,-0.0,0
16,792,world,7.92,0.7814725574483434,1.1979791490835805,0.8956694468361633,-0.714194661480161,0.9206487237951169,-0.026287181772108936,0.23880675293418663,0.3077113033379389,-0.09784287224503758,0.012215559040434906,-0.016659906007265,-0.4163501865558411,-0.3481277102538083,0.6502771502735407,0.1,-0.0,0
16,793,world,7.930000000000001,0.7824725574483434,1.1970004710263356,0.8957893059223164,-0.7143614585491704,0.9196678903741407,-0.023321704266820793,0.24145688918116753,0.30881327722722995,-0.097892475320152,0.011755482552020595,-0.016699458244583142,-0.4213668563593762,-0.3448718877586278,0.6524335456894512,0.1,-0.0,0
16,794,world,7.94,0.7834725574483434,1.1960213049366717,0.8959045407876142,-0.7145286496445703,0.9186668404305167,-0.020334640399927432,0.24409150235794203,0.3099307618966855,-0.097940470616655,0.01129069478935901,-0.016738710421107143,-0.4264943530890675,-0.34155824345836455,0.6546137260335099,0.1,-0.0,0
16,795,world,7.95,0.7844725574483434,1.1950416671414013,0.8960151037280724,-0.714696231737601,0.9176453611176704,-0.017325634050387045,0.2467102489048361,0.3110640877846338,-0.09798680767101867,0.010821079442638389,-0.016777656634313055,-0.4317349084079862,-0.3381865643199474,0.656816561589968,0.1,-0.0,0
16,796,world,7.96,0.7854725574483434,1.1940615744875909,0.8961209458928574,-0.7148642017359027,0.9166032315757283,-0.014294329698834063,0.24931277886557318,0.31221359082800787,-0.09803143346788745,0.010346517500638265,-0.016816290549349508,-0.4370907382306639,-0.334756686860633,0.6590408493646889,0.1,-0.0,0
16,797,world,7.97,0.7864725574483434,1.1930810443614546,0.896222017182606,-0.7150325564849982,0.9155402227583839,-0.011240372408262353,0.2518987356695917,0.3133796124634048,-0.09807429233738492,0.0098668870826594,-0.01685460535934354,-0.4425640383382491,-0.3312685003854719,0.6612853105372887,0.1,-0.0,0
16,798,world,7.98,0.7874725574483434,1.1921000947244822,0.8963182663165625,-0.7152012927557257,0.9144560972457263,-0.00816340869611713,0.2544677562133298,0.3145624993802159,-0.09811532582185403,0.009382063466941558,-0.016892593760986074,-0.4481569670684147,-0.3277219662593377,0.6635485694305501,0.1,-0.0,0
16,799,world,7.99,0.7884725574483434,1.191118744134267,0.8964096407204116,-0.7153704072459072,0.9133506090721274,-0.005063086820530836,0.2570194707402588,0.31576260342196794,-0.0981544725511273,0.008891918953444952,-0.016930247946659382,-0.4538716648869267,-0.3241170898558494,0.6658291878761354,0.1,-0.0,0
16,800,world,8.0,0.7894725574483434,1.1901370117773933,0.8964960865285269,-0.7155398965724327,0.9122235035540414,-0.001939057209332387,0.2595535027658795,0.3169802814414353,-0.09819166811167877,0.008396322781832399,-0.016967559553135784,-0.45971022219202856,-0.32045395818400246,0.6681256230846159,0.1,-0.0,0
16,801,world,8.01,0.7904725574483434,1.1891549175011733,0.896577548561578,-0.7157097572651314,0.9110745171215907,0.0012090266590456427,0.26206946915735463,0.31821589501748726,-0.0982268448941443,0.007895141110160006,-0.01700451966367716,-0.4656746796467543,-0.3167327352637994,0.6704362352432102,0.1,-0.0,0
16,802,world,8.02,0.7914725574483434,1.188172481844477,0.8966539702695413,-0.7158799857628736,0.9099033771603954,0.004381507899340867,0.2645669800306589,0.3194698103077855,-0.09825993195099332,0.007388236887488089,-0.017041118762584954,-0.4717670175282833,-0.3129536709906287,0.672759279637138,0.1,-0.0,0
16,803,world,8.03,0.7924725574483434,1.18718972607529,0.8967252937506973,-0.7160505784037875,0.9087098018610796,0.00757872519969335,0.2670456388781404,0.32074239769963503,-0.098290854830895,0.006875469859765802,-0.01707734671485529,-0.47798915736926945,-0.3091170948272531,0.675092916220011,0.1,-0.0,0
16,804,world,8.040000000000001,0.7934725574483434,1.1862066722218625,0.8967914596467533,-0.7162215314240702,0.9074935000761369,0.010801012563375357,0.26950504242956047,0.3220340316677867,-0.09831953542212077,0.006356696385235627,-0.017113192730880803,-0.48434294985344784,-0.3052234259948339,0.677435200462747,0.1,-0.0,0
16,805,world,8.05,0.7944725574483434,1.1852233431139225,0.8968524071671933,-0.716392840947136,0.9062541711916694,0.014048698129092502,0.2719447808372423,0.32334509035079284,-0.0983458917703711,0.005831769462835808,-0.017148645334917598,-0.49083015633421534,-0.30127319026898536,0.6797840672912508,0.1,-0.0,0
16,806,world,8.06,0.7954725574483434,1.1842397624200938,0.8969080740228715,-0.716564502978843,0.9049915050073092,0.01732210364784781,0.2743644376317988,0.32467595530437043,-0.09836983790077153,0.005300538587064878,-0.01718369232915236,-0.49745244376024966,-0.297267020296942,0.6821373339375573,0.1,-0.0,0
16,807,world,8.07,0.7964725574483433,1.1832559546901555,0.8969583964121528,-0.7167365133986822,0.9037051816382691,0.020621543299308782,0.27676358991501576,0.3260270110427216,-0.09839128361932657,0.004762849747156602,-0.017218320766766194,-0.5042113724227911,-0.2932056639557452,0.6844926939872158,0.1,-0.0,0
16,808,world,8.08,0.7974725574483433,1.1822719453973336,0.8970033089659742,-0.7169088679532987,0.9023948714254445,0.02394732303681796,0.27914180836804636,0.32739864472145097,-0.09841013431647472,0.004218545299312713,-0.017252516899602107,-0.5111083891864403,-0.289089986009383,0.6868477190963722,0.1,-0.0,0
16,809,world,8.09,0.7984725574483433,1.181287760984451,0.8970427447367102,-0.7170815622467563,0.9010602348733221,0.027299739378395645,0.28149865746296926,0.3287912456353595,-0.09842629074937229,0.0036674639414797173,-0.01728626615431975,-0.5181448135009802,-0.28492097756177265,0.689199852346462,0.1,-0.0,0
16,810,world,8.1,0.7994725574483433,1.1803034289097456,0.8970766351061167,-0.7172545917353526,0.8997009225981748,0.030679078602942066,0.28383369553420296,0.33020520482188803,-0.09843964882355091,0.0031094405987514163,-0.017319553073298643,-0.5253218125933191,-0.2806997765850356,0.691546390095075,0.1,-0.0,0
16,811,world,8.11,0.8004725574483433,1.1793189776990538,0.8971049098378259,-0.717427951713164,0.8983165753194673,0.034085615221743595,0.2861464751215794,0.33164091441912674,-0.0984500993528978,0.002544306457260778,-0.017352361281857184,-0.5326403969071607,-0.27642766526983087,0.6938844895008542,0.1,-0.0,0
16,812,world,8.120000000000001,0.8014725574483433,1.1783344369956832,0.8971274969573622,-0.7176016373075637,0.8969068238524814,0.03751961121574403,0.2884365430432273,0.33309876724230897,-0.09845752781863369,0.0019718888058948784,-0.017384673433233105,-0.5401014117850902,-0.27210607150307686,0.6962111715784984,0.1,-0.0,0
16,813,world,8.13,0.8024725574483433,1.1773498376160674,0.8971443227543476,-0.7177756434668395,0.8954712891534926,0.04098131448537886,0.2907034407677349,0.33457915609109995,-0.09846181410708672,0.0013920110513771086,-0.017416471168820124,-0.5477055078011087,-0.26773659261574123,0.6985233008500729,0.1,-0.0,0
16,814,world,8.14,0.8034725574483433,1.176365211606787,0.8971553117102805,-0.7179499649515769,0.894009582380176,0.04447095771747821,0.2929467046459705,0.33608247316571005,-0.0984628322405009,0.0008044926248745028,-0.017447735062050367,-0.5554531222217112,-0.2633210059481871,0.7008175798570796,0.1,-0.0,0
16,815,world,8.15,0.8044725574483433,1.1753805923047933,0.8971603865269315,-0.718124596320052,0.8925213050104988,0.04798875667311988,0.2951658663738727,0.3376091092714851,-0.09846045009347834,0.00020914902934963047,-0.01747844455531397,-0.5633444830350886,-0.25886125548098204,0.7030905690773777,0.1,-0.0,0
16,816,world,8.16,0.8054725574483433,1.1743960144003893,0.8971594679808592,-0.7182995319222585,0.8910060489586726,0.051534909262880055,0.2973604531767428,0.3391594532559049,-0.09845452909429706,-0.00039420834724190944,-0.017508577914815898,-0.5713795645015229,-0.25435948850723994,0.7053386545911624,0.1,-0.0,0
16,817,world,8.17,0.8064725574483433,1.1734115140028554,0.8971524749971527,-0.7184747658818778,0.8894633967998695,0.055109593267923,0.29952998852367985,0.3407338909737129,-0.09844492391353843,-0.0010057720611102588,-0.017538112162337135,-0.5795580740159746,-0.2498180583970865,0.7075580521780809,0.1,-0.0,0
16,818,world,8.18,0.8074725574483433,1.1724271287100136,0.8971393245289532,-0.7186502920876475,0.8878929219678802,0.05871296537335345,0.3016739923685369,0.34233280465774124,-0.09843148213939808,-0.0016257387946055871,-0.017567023003715553,-0.5878794451530507,-0.24523952094491827,0.7097448181377451,0.1,-0.0,0
16,819,world,8.19,0.8084725574483433,1.1714428976806144,0.8971199315464137,-0.7188261041784453,0.8862941890696614,0.06234515895129413,0.30379198189106915,0.34395657184503065,-0.09841404393109227,-0.002254309254047126,-0.017595284792130038,-0.596342795051417,-0.240626665921966,0.7118948243888044,0.1,-0.0,0
16,820,world,8.2,0.8094725574483433,1.1704588617104748,0.8970942089899514,-0.7190021955294941,0.8846667542050652,0.0660062826067906,0.30588347197554444,0.3456055645282547,-0.09839244166770131,-0.002891688219682427,-0.017622870421930364,-0.6049469337743061,-0.2359824959464697,0.7140037879497434,0.1,-0.0,0
16,821,world,8.21,0.8104725574483433,1.169475063312612,0.8970620677208346,-0.7191785592379007,0.8830101653653123,0.06969641829424521,0.3079479758842757,0.3472801481329664,-0.09836649957287134,-0.003538084528701047,-0.017649751263065196,-0.6136902907351831,-0.2313102864230804,0.7160672187069057,0.1,-0.0,0
16,822,world,8.22,0.8114725574483433,1.1684915467988441,0.8970234165263089,-0.719355188105225,0.8813239629304717,0.07341561894029151,0.30998500616138197,0.34898068028942597,-0.09833603332500189,-0.004193710942570481,-0.017675897104087363,-0.6225709238070757,-0.226613562825355,0.7180804517476362,0.1,-0.0,0
16,823,world,8.23,0.8124725574483433,1.1675083583696086,0.896978162018496,-0.7195320746236994,0.8796076801654935,0.07716390691878458,0.31199407524217204,0.3507075098663984,-0.09830084965048327,-0.004858784214260798,-0.0177012760543508,-0.6315865143441899,-0.22189609250600034,0.7200386645337465,0.1,-0.0,0
16,824,world,8.24,0.8134725574483433,1.1665255462051747,0.8969262086157399,-0.7197092109580725,0.8778608438356937,0.08094127180903399,0.31397469638456554,0.3524609757238946,-0.09826074590325505,-0.005533524971085456,-0.01772585444852574,-0.6407342840477155,-0.21716194982697054,0.72193682227523,0.1,-0.0,0
16,825,world,8.25,0.8144725574483433,1.1655431605585742,0.8968674585509703,-0.7198865889259071,0.8760829749244234,0.08474766787225518,0.31592638476329776,0.3542414053271848,-0.09821550962368276,-0.006218157552953347,-0.017749596784347774,-0.6500110218963684,-0.2124154754341785,0.723769728815885,0.1,-0.0,0
16,826,world,8.26,0.8154725574483433,1.16456125386251,0.8968018117318727,-0.7200641999822373,0.8742735893429805,0.0885830124499076,0.317848658245762,0.35604911365429626,-0.09816491807717792,-0.006912910049559723,-0.01777246560125081,-0.6594130194768419,-0.20766132159908746,0.7255319931407089,0.1,-0.0,0
16,827,world,8.27,0.8164725574483434,1.1635798808250049,0.8967291658443529,-0.7202420351948652,0.8724321988742411,0.09244718275428591,0.3197410388719024,0.35788440148932027,-0.0981087377884131,-0.007618013937406375,-0.017794421407112054,-0.6689360577712176,-0.20290444803233965,0.7272180452779304,0.1,-0.0,0
16,828,world,8.28,0.8174725574483434,1.1625990985503212,0.8966494161669559,-0.7204200852284219,0.8705583120409909,0.09634001434332423,0.3216030537147059,0.3597475542850081,-0.0980467240367306,-0.008333704135114818,-0.017815422561745838,-0.6785753886414047,-0.19815012247123276,0.7288221476684986,0.1,-0.0,0
16,829,world,8.290000000000001,0.8184725574483434,1.161618966643253,0.8965624556748947,-0.7205983403180981,0.8686514352348126,0.1002612979219296,0.3234342364878933,0.3616388403794644,-0.09797862036012789,-0.009060218599638497,-0.01783542517723365,-0.6883256763128591,-0.19340395651812464,0.7303383736356156,0.1,-0.0,0
16,830,world,8.3,0.8194725574483434,1.16063954733635,0.8964681749209082,-0.7207767902493681,0.8667110738265185,0.10421077727991294,0.3252341287620858,0.3635585095876133,-0.09790415802199809,-0.009797798206285766,-0.017854383000051585,-0.6981810118523433,-0.18867187492651727,0.7317606496559779,0.1,-0.0,0
16,831,world,8.31,0.8204725574483434,1.1596609056154648,0.8963664620156998,-0.7209554243333975,0.8647367334461588,0.10818814659024523,0.32700228152021427,0.3655067915194042,-0.0978230554649846,-0.010546686456921157,-0.017872247320187423,-0.708134839761054,-0.18396016293258924,0.7330827243359734,0.1,-0.0,0
16,832,world,8.32,0.8214725574483434,1.1586831093437682,0.8962572026676088,-0.7211342313801852,0.8627279213834796,0.11219304764039972,0.3287382568271185,0.3674838938304195,-0.09773501777126092,-0.011307129069128286,-0.017888966808214092,-0.7181799412912717,-0.17927546163643843,0.7342981873626081,0.1,-0.0,0
16,833,world,8.33,0.8224725574483434,1.157706229405464,0.8961402800924112,-0.7213131996737833,0.8606841480839243,0.11622506722919505,0.3304416295204537,0.36949000049322817,-0.0976397360735815,-0.012079373680581488,-0.017904487453323573,-0.7283084285649266,-0.17462475409956063,0.7354004969402149,0.1,-0.0,0
16,834,world,8.34,0.8234725574483434,1.1567303398452993,0.89601557502434,-0.7214923169438137,0.8586049287508332,0.12028373464201174,0.3321119889623184,0.37152527005957453,-0.09753688698518355,-0.012863669407386558,-0.017918752373337798,-0.7385116882441346,-0.17001539458615975,0.7363829679554086,0.1,-0.0,0
16,835,world,8.35,0.8244725574483434,1.1557555180164145,0.8958829657055265,-0.7216715703364289,0.856489785138459,0.12436851863101421,0.33374894110547343,0.3735898336919498,-0.09742613199691685,-0.01366026633823159,-0.01793170175103053,-0.7487803678640552,-0.16545510004282332,0.7372387955106845,0.1,-0.0,0
16,836,world,8.36,0.8254725574483434,1.1547818447366829,0.8957423278634051,-0.7218509463842041,0.8543382473839319,0.12847882505694222,0.3353521103836651,0.3756837934089803,-0.09730711688116311,-0.01446941502892809,-0.01794327263896677,-0.7591043485494327,-0.16095195298928616,0.737961068254026,0.1,-0.0,0
16,837,world,8.370000000000001,0.8264725574483434,1.1538094044463532,0.8955935347283993,-0.7220304309741163,0.8521498560650835,0.13261399386644787,0.3369211420039824,0.37780722003394746,-0.09717947108242783,-0.015291365840170254,-0.017953398867112873,-0.7694727083617107,-0.15651441156367607,0.738542775866172,0.1,-0.0,0
16,838,world,8.38,0.8274725574483434,1.152838285374487,0.8954364570364655,-0.7222100093145819,0.8499241643169442,0.1367732966219503,0.33845570412042175,0.37996015131807914,-0.09704280710810462,-0.01612636828061022,-0.017962010874546578,-0.779873705919149,-0.15215130208324296,0.7389768325769972,0.1,-0.0,0
16,839,world,8.39,0.8284725574483434,1.1518685797129236,0.8952709630314482,-0.7223896659011229,0.8476607401476067,0.14095593364252826,0.33995549030584155,0.38214258987227484,-0.09689671991541858,-0.01697467021549231,-0.01796903560874107,-0.7902947703226628,-0.1478718065026814,0.7392561051005865,0.1,-0.0,0
16,840,world,8.4,0.8294725574483434,1.1509003837955498,0.8950969184824764,-0.7225693844804696,0.8453591687971204,0.1451610317766026,0.34142022187537624,0.3843545013119564,-0.09674078630860435,-0.017836517062573876,-0.017974396331155697,-0.8007224627156875,-0.14368547280625313,0.7393734207281253,0.1,-0.0,0
16,841,world,8.41,0.8304725574483434,1.149933798279111,0.8949141867341908,-0.7227491480131316,0.8430190553618373,0.14938764144055627,0.34284965067789613,0.38659581207212795,-0.09657456434860737,-0.018712150765554283,-0.017978012532086588,-0.811142471033424,-0.139602198079793,0.7393215994589829,0.1,-0.0,0
16,842,world,8.42,0.8314725574483434,1.1489689283380655,0.894722628721181,-0.7229289386348584,0.8406400273902253,0.15363473470876599,0.3442435615569077,0.38886640760927643,-0.09639759277149144,-0.01960180883291861,-0.017979799730236633,-0.8215395929086307,-0.13563222133223804,0.7390934775523896,0.1,-0.0,0
16,843,world,8.43,0.8324725574483434,1.1480058838557874,0.8945221030436376,-0.7231087376164372,0.8382217377764296,0.15790120252851858,0.3456017753581125,0.3911661302163455,-0.09620939043931656,-0.02050572309586983,-0.017979669396589484,-0.8318977281062194,-0.1317861088134089,0.738681937405478,0.1,-0.0,0
16,844,world,8.44,0.8334725574483434,1.1470447796337007,0.8943124659923866,-0.7232885253222227,0.8357638675937141,0.16218585309983974,0.3469241515552745,0.39349477728011445,-0.09600945580929265,-0.021424118533484676,-0.017977528758610854,-0.8421998808666262,-0.1280747319966836,0.7380799432185916,0.1,-0.0,0
16,845,world,8.45,0.8344725574483434,1.1460857355884497,0.894093571669749,-0.7234682811672944,0.833266129208579,0.16648740950150873,0.34821059137963856,0.3958520992015467,-0.09579726646330039,-0.0223572117882396,-0.017973280702621473,-0.8524281110114313,-0.12450928537669581,0.7372805435438154,0.1,-0.0,0
16,846,world,8.46,0.8354725574483434,1.1451288769627974,0.8938652720764227,-0.7236479835735405,0.8307282694398528,0.17080450787114168,0.34946104085521557,0.3982377975139399,-0.09557227867667073,-0.023305209635997012,-0.017966823658371607,-0.8625636137556182,-0.12110120538954483,0.7362769550983963,0.1,-0.0,0
16,847,world,8.47,0.8364725574483434,1.1441743345557756,0.8936274171546373,-0.7238276099238758,0.8281500726986054,0.1751356963510652,0.35067549362832023,0.40065152329855935,-0.0953339270235753,-0.02426830744885006,-0.01795805144863191,-0.8725867025568507,-0.11786216588224384,0.7350625818741562,0.1,-0.0,0
16,848,world,8.48,0.8374725574483434,1.1432222449251526,0.8933798549815458,-0.7240071365161336,0.8255313643799075,0.1794794334182914,0.3518539942489749,0.40309287532272253,-0.09508162410370441,-0.025246687275057064,-0.017946853190387756,-0.8824767674947114,-0.11480409150415383,0.733631020279022,0.1,-0.0,0
16,849,world,8.49,0.8384725574483434,1.1422727506100436,0.8931224319014011,-0.724186538515729,0.82287201428602,0.18383408670616036,0.35299664138376613,0.40556139836227145,-0.0948147603352921,-0.026240515858100107,-0.017933113228380555,-0.8922123579586141,-0.11193907829874605,0.7319761382018015,0.1,-0.0,0
16,850,world,8.5,0.8394725574483434,1.1413260003600108,0.8928549926630408,-0.7243657899070634,0.8201719399893472,0.1881979326336706,0.35410359079369996,0.4080565818529719,-0.09453270383154869,-0.027249942606366817,-0.01791671103317839,-0.9017712021711177,-0.10927936410118298,0.7300921120288661,0.1,-0.0,0
16,851,world,8.51,0.8404725574483434,1.1403821493540232,0.8925773806208547,-0.7245448634447134,0.8174311103551625,0.19256915576482958,0.35517505859739446,0.410577858416506,-0.09423480043117743,-0.028275097242165915,-0.017897521159150078,-0.9111302354298125,-0.10683729369890277,0.7279734666952038,0.1,-0.0,0
16,852,world,8.52,0.8414725574483434,1.1394413594244353,0.8922894379369697,-0.7247237306038744,0.8146495489560899,0.19694584905212822,0.35621132424782864,0.4131246027585188,-0.09392037384662097,-0.029316087398378116,-0.017875413174570594,-0.9202656364921747,-0.10462527950388315,0.7256151178868171,0.1,-0.0,0
16,853,world,8.53,0.8424725574483434,1.1385037992752318,0.8919910058208522,-0.7249023615308001,0.8118273376076023,0.20132601388109087,0.3572127337513954,0.415696130477008,-0.09358872598111329,-0.03037299595311322,-0.017850251708708725,-0.9291528807362422,-0.1026557518980418,0.7230124205042942,0.1,-0.0,0
16,854,world,8.540000000000001,0.8434725574483434,1.137569644704733,0.8916819247692328,-0.7250807249926466,0.8089646197171235,0.2057075611503797,0.3581797025007771,0.41829169732131605,-0.09323913741490492,-0.03144587829103745,-0.017821896437521464,-0.9377668034467748,-0.10094110459986515,0.7201612187841158,0.1,-0.0,0
16,855,world,8.55,0.8444725574483434,1.1366390787978193,0.8913620349105691,-0.7252587883296936,0.806061603700188,0.21008831222886637,0.35911271829252805,0.4209104984027591,-0.09287086814085077,-0.032534759234538885,-0.01779020214374467,-0.9460816564903878,-0.09949364708444036,0.7170578889053787,0.1,-0.0,0
16,856,world,8.56,0.8454725574483434,1.1357122921434781,0.8910311762748607,-0.72543651740574,0.803118566186797,0.21446600083135248,0.3600123439851353,0.4235516678184592,-0.09248315847068062,-0.033639629987518245,-0.01775501882820289,-0.9540712006212072,-0.09832553443738291,0.7136993959655116,0.1,-0.0,0
16,857,world,8.57,0.8464725574483434,1.1347894830214542,0.8906891891607776,-0.7256138765612449,0.8001358551635634,0.21883827511206091,0.36087922013736035,0.42621427838670717,-0.09207523023755904,-0.03476044480097296,-0.01771619185770491,-0.9617087861188879,-0.09744870851793114,0.7100833396216153,0.1,-0.0,0
16,858,world,8.58,0.8474725574483434,1.1338708575812675,0.8903359145189531,-0.7257908285677266,0.7971138928908232,0.22320270049295007,0.3617140673387356,0.42889734172918376,-0.0916462882642321,-0.03589711754910908,-0.017673562149570204,-0.9689674357644327,-0.0968748402891173,0.7062079961967731,0.1,-0.0,0
16,859,world,8.59,0.8484725574483434,1.1329566299988167,0.8899711943865513,-0.7259673345850348,0.7940531787096151,0.22755676268418124,0.3625176884963698,0.43159980846277074,-0.09119552217083068,-0.03704951807908766,-0.017626966446240448,-0.9758199589210241,-0.09661525391696638,0.7020723708460954,0.1,-0.0,0
16,860,world,8.6,0.8494725574483434,1.1320470226292378,0.889594872317421,-0.7261433541198722,0.7909542914849959,0.23189787170343457,0.3632909706229872,0.43432056887130444,-0.09072210848857687,-0.03821746855624789,-0.01757623761045276,-0.9822390577649399,-0.09668085984803632,0.6976762397808247,0.1,-0.0,0
16,861,world,8.61,0.8504725574483434,1.1311422661022725,0.8892067939360179,-0.7263188449914705,0.7878178919164337,0.2362233659399399,0.3640348866103457,0.4370584536317133,-0.0902252132041895,-0.039400739547194204,-0.017521205021137038,-0.9881974354528176,-0.09708208993192835,0.693020187742179,0.1,-0.0,0
16,862,world,8.620000000000001,0.8514725574483434,1.13024259944344,0.888806807398912,-0.7264937632959052,0.7846447244256392,0.24053051716792442,0.36475049647094415,0.439812235011878,-0.0897039946188015,-0.040599046229392956,-0.017461695069312288,-0.9936679445426929,-0.09782880939193402,0.6881056577468466,0.1,-0.0,0
16,863,world,8.63,0.8524725574483434,1.1293482701085193,0.8883947640310685,-0.7266680633814755,0.7814356187436415,0.2448165359437362,0.3654389483206425,0.44258062828998096,-0.08915760672546963,-0.04181204437659754,-0.017397531665036103,-0.9986237100284691,-0.09893024987015304,0.6829349821469558,0.1,-0.0,0
16,864,world,8.64,0.8534725574483434,1.128459534024272,0.8879705189011275,-0.726841697825414,0.7781914910953341,0.24907857761089972,0.3661014789464363,0.4453622935042701,-0.08858520296635478,-0.043039326483257145,-0.017328536905270735,-1.003038292523929,-0.10039492010691174,0.6775114247032143,0.1,-0.0,0
16,865,world,8.65,0.8544725574483434,1.1275766555789641,0.887533931463452,-0.7270146174183714,0.7749133449084583,0.25331374901012604,0.3667394138647001,0.44815583758710076,-0.08798594049095658,-0.044280417900133456,-0.017254531767376107,-1.0068857923244574,-0.10223055921914181,0.6718391900989326,0.1,-0.0,0
16,866,world,8.66,0.8554725574483434,1.1266999075309587,0.8870848663133424,-0.7271867711613276,0.7716022712555535,0.2575191151295349,0.367354167271899,0.45095981652930267,-0.08735898494685589,-0.04553477295653849,-0.01717533699382639,-1.0101410295298836,-0.1044440444151824,0.6659234597182824,0.1,-0.0,0
16,867,world,8.67,0.8564725574483434,1.1258295709282828,0.8866231938505917,-0.7273581062638745,0.7682594485302547,0.2616917071281669,0.3679472410271329,0.453772738256559,-0.08670351568891371,-0.046801771463652754,-0.017090773974466865,-1.0127797168706938,-0.10704130839899258,0.6597704159121167,0.1,-0.0,0
16,868,world,8.68,0.8574725574483434,1.1249659349295575,0.8861487910703395,-0.7275285681576457,0.7648861418337441,0.2658285301346755,0.36852022354270664,0.4565930654720469,-0.0860187315627392,-0.048080715280031085,-0.017000665825137547,-1.0147786238178573,-0.11002726692511278,0.6533872549216413,0.1,-0.0,0
16,869,world,8.69,0.8584725574483434,1.1241092966027009,0.8856615423135438,-0.7276981005157455,0.7614837015675148,0.2699265722348354,0.3690747877194879,0.4594192191434785,-0.08530385711718365,-0.04937082536415542,-0.016904838472851062,-1.0161156823113269,-0.11340578672801008,0.6467821705098111,0.1,-0.0,0
16,870,world,8.700000000000001,0.8594725574483434,1.1232599605694098,0.8851613402078089,-0.7278666452960841,0.7580535618997395,0.273982812605478,0.3696126890982124,0.46224958166070607,-0.08455814947940592,-0.05067123886120565,-0.016803121998280237,-1.0167702113671806,-0.11717958296806892,0.6399643774094783,0.1,-0.0,0
16,871,world,8.71,0.8604725574483434,1.1224182387403183,0.8846480863434764,-0.7280341427761885,0.754597237998952,0.2779942318760431,0.37013576234387546,0.4650825011566443,-0.083780905390648,-0.051981007270029855,-0.016695351901544104,-1.0167230801813536,-0.12135016007711613,0.6329441024502698,0.1,-0.0,0
16,872,world,8.72,0.8614725574483434,1.1215844497794032,0.8841216923165256,-0.7282005316286501,0.7511163233222243,0.28195782096764177,0.3706459182742942,0.467916295186103,-0.08297146903707263,-0.05329909450131816,-0.016581370605883505,-1.0159568212583248,-0.1259177866473427,0.6257325514883159,0.1,-0.0,0
16,873,world,8.73,0.8624725574483434,1.1207589186702762,0.8835820804713836,-0.728365748986937,0.7476124857986882,0.28587059160679307,0.3711451394655641,0.4707492553189812,-0.08212923991299674,-0.05462437620667119,-0.01646102898805179,-1.014455856656413,-0.13088140513928356,0.6183419110339554,0.1,-0.0,0
16,874,world,8.74,0.8634725574483434,1.1199419760906915,0.8830291848400031,-0.7285297305421132,0.7440874636786279,0.2897295863007519,0.3716354757404093,0.4735796515788041,-0.08125368121176313,-0.05595563950074235,-0.016334187999411966,-1.0122065766627157,-0.13623863466684125,0.6107852910194129,0.1,-0.0,0
16,875,world,8.75,0.8644725574483434,1.1191339576982564,0.8824629520746223,-0.7286924106571864,0.7405430607596257,0.29353188854833623,0.3721190390419651,0.4764057371070346,-0.08034432841005501,-0.05729158360440228,-0.016200720367842075,-1.0091975421707062,-0.14198570236067085,0.6030767057504406,0.1,-0.0,0
16,876,world,8.76,0.8654725574483434,1.1183352034571248,0.8818833421812574,-0.7288537224800028,0.7369811408512597,0.29727463358548806,0.37259799746287753,0.47922575321328803,-0.07940079781211055,-0.05863082167480968,-0.016060512337313808,-1.0054195929759284,-0.14811743431777655,0.5952310169175087,0.1,-0.0,0
16,877,world,8.77,0.8664725574483434,1.1175460566685314,0.8812903295407963,-0.7290135981043832,0.7334036219459166,0.3009550184519787,0.37307456917735327,0.48203793421090063,-0.07842279539293592,-0.05997188325199742,-0.015913465429205,-1.0008659643060962,-0.15462724375672335,0.5872638758383754,0.1,-0.0,0
16,878,world,8.78,0.8674725574483434,1.1167668631183494,0.8806839035996379,-0.7291719687191629,0.7298124696080196,0.30457031262258066,0.37355101546013664,0.48484051266610106,-0.07741012522034428,-0.0613132182228059,-0.015759498232278943,-0.9955324334775913,-0.16150710414781588,0.5791916709968937,0.1,-0.0,0
16,879,world,8.790000000000001,0.8684725574483434,1.1159979700334175,0.8800640696755375,-0.7293287647905412,0.7262096899847135,0.30811786818862297,0.3740296334236049,0.4876317245588196,-0.07636269779010384,-0.06265320169201091,-0.015598548136204041,-0.9894173650349511,-0.1687475828970286,0.5710314409697789,0.1,-0.0,0
16,880,world,8.8,0.8694725574483434,1.1152397249528407,0.8794308497072905,-0.7294839162626133,0.7225973224232635,0.31159512968169145,0.37451274841242777,0.4904098144021485,-0.07528053789733492,-0.0639901400883717,-0.01543057307291234,-0.9825218157410709,-0.1763378414565935,0.5628008041685123,0.1,-0.0,0
16,881,world,8.81,0.8704725574483434,1.1144924745737395,0.8787842828718716,-0.7296373527668731,0.7189774315326956,0.31499964396243707,0.37500270576510564,0.4931730405436165,-0.07416379186994533,-0.0653222785509734,-0.01525555309978868,-0.9748496066004366,-0.18426565560529135,0.5545178764889316,0.1,-0.0,0
16,882,world,8.82,0.8714725574483434,1.1137565634972237,0.8781244261636053,-0.7297890038520233,0.7153520990141963,0.31832906945638145,0.37550186242037653,0.4959196802848688,-0.07301273407779955,-0.06664780944742779,-0.015073491909437768,-0.9664073297670219,-0.19251747250752616,0.546201170246805,0.1,-0.0,0
16,883,world,8.83,0.8724725574483434,1.113032332924058,0.877451354869688,-0.729938799226512,0.7117234152250645,0.3215811849081404,0.376012578267456,0.49864803490849846,-0.07182777247991741,-0.06796488207460337,-0.01488441820020111,-0.9572043746260062,-0.20107845628695006,0.5378694997357186,0.1,-0.0,0
16,884,world,8.84,0.8734725574483434,1.1123201192566405,0.8767651629901271,-0.7300866690206633,0.7080934705021183,0.3247538976767097,0.37653720723735334,0.5013564346270478,-0.07060945311178489,-0.06927161340705157,-0.014688386815394198,-0.9472529376397584,-0.20993254201830452,0.5295418833928291,0.1,-0.0,0
16,885,world,8.85,0.8744725574483434,1.1116202527807504,0.8760659634160535,-0.7302325440404488,0.7044643463413629,0.32784525144429477,0.37707808824150313,0.5040432433902835,-0.0693584631716413,-0.07056609996543324,-0.014485479699911919,-0.9365679707339329,-0.21906252194382358,0.5212374325086274,0.1,-0.0,0
16,886,world,8.86,0.8754725574483434,1.1109330561456958,0.8753538881768144,-0.7303763560578378,0.7008381066373813,0.330853433004242,0.3776375362241358,0.5067068633725051,-0.06807563289396756,-0.07184643033864373,-0.014275806585975354,-0.9251671390106777,-0.22845012424864755,0.5129752462936247,0.1,-0.0,0
16,887,world,8.870000000000001,0.8764725574483434,1.1102588430202465,0.874629088360134,-0.73051803807668,0.6972167888170901,0.33377677860488464,0.37821783302542883,0.5093457393924876,-0.06676193567719446,-0.07311069862114351,-0.014059505388258724,-0.9130707425113358,-0.2380761086976645,0.5047743024356373,0.1,-0.0,0
16,888,world,8.88,0.8774725574483434,1.1095979166247396,0.8738917340331387,-0.7306575246221019,0.6936023952475793,0.3366137791532353,0.37882121859266943,0.5119583628919081,-0.0654184867200575,-0.0743570182097767,-0.013836742326450846,-0.9003015892805006,-0.2479203847157524,0.49665334221849444,0.1,-0.0,0
16,889,world,8.89,0.8784725574483434,1.1089505682987355,0.873142014002967,-0.730794752027454,0.6899968848017954,0.33936308466760584,0.3794498823125823,0.514543275674333,-0.06404653991778848,-0.07558353594948572,-0.01360771170814287,-0.886884898399755,-0.2579621096488012,0.4886307691455846,0.1,-0.0,0
16,890,world,8.9,0.8794725574483434,1.1083170762051486,0.8723801353480893,-0.7309296587012591,0.6864021646630842,0.34202350793179587,0.3801059545462457,0.5170990733760297,-0.06264748301134153,-0.07678844637159388,-0.013372635349119795,-0.8728481461835069,-0.2681798129090158,0.48072454173922846,0.1,-0.0,0
16,891,world,8.91,0.8804725574483434,1.1076977039688032,0.8716063229210989,-0.7310621854072503,0.6828200825828251,0.34459402704462183,0.380791498650599,0.5196244084934668,-0.06122283104809093,-0.0779700057290007,-0.013131761689754776,-0.8582208744609734,-0.27855153464803134,0.4729520670840741,0.1,-0.0,0
16,892,world,8.92,0.8814725574483434,1.1070926994666157,0.8708208186416064,-0.7311922755208676,0.6792524196004288,0.34707378698923785,0.3815085034607473,0.5221179930236585,-0.05977421816587657,-0.07912654562270754,-0.012885364584511194,-0.8430345142420542,-0.2890549509795848,0.4653301068414819,0.1,-0.0,0
16,893,world,8.93,0.8824725574483434,1.1065022936755033,0.8700238806847893,-0.7313198752772214,0.6757008832293175,0.34946210034287234,0.382258876204909,0.5245786007736385,-0.05830338782887843,-0.08025648595332426,-0.012633741729957085,-0.8273221938340503,-0.29966750185613805,0.4578746891537958,0.1,-0.0,0
16,894,world,8.94,0.8834725574483434,1.105926699640544,0.8692157825320846,-0.7314449339994179,0.6721671012318865,0.351758447005009,0.383044436008508,0.5270050692593679,-0.05681218161505352,-0.08135834698151179,-0.012377212795056452,-0.6069933301402197,-0.13966954089392677,0.9074056052060278,0.1,-0.0,0
16,895,world,8.950000000000001,0.8844725574483434,1.105366111542412,0.8683968119213106,-0.7315674043102124,0.6687710027497805,0.35715973601226314,0.3858182442710835,0.5256677194200556,-0.05530252672824169,-0.0824307602668573,-0.012116117336012188,-0.37048597831700114,0.050919580732875426,1.422721056884038,0.1,-0.0,0
16,896,world,8.96,0.8854725574483434,1.1048207039446873,0.867567269658478,-0.7316872423124932,0.6653326415879889,0.36297051946252556,0.3888551122073413,0.5238096789377504,-0.0537764224980052,-0.08347247827848374,-0.011850812350387777,-0.3465160116843882,0.06871625870128616,1.4853147796269055,0.1,-0.0,0
16,897,world,8.97,0.8864725574483434,1.1042906310626095,0.8667274684225698,-0.7318044077654708,0.6618319777554303,0.36874915451088786,0.39188369174302956,0.5219479537403086,-0.05223592596632092,-0.08448238256457134,-0.011581669769703134,-0.3502969069331444,0.06170074058621964,1.4849178428784295,0.1,-0.0,0
16,898,world,8.98,0.8874725574483434,1.1037760264035426,0.8658777313451582,-0.7319188641950848,0.658270576864225,0.37449274267175076,0.3949056992150904,0.520081264850476,-0.05068313701058524,-0.08545949025977434,-0.011309073671427774,-0.35335896155000623,0.05436119945624775,1.4844027085414622,0.1,-0.0,0
16,899,world,8.99,0.8884725574483434,1.1032770022203742,0.8650183907552934,-0.7320305790355655,0.6546500702605802,0.380198471246622,0.3979227984637176,0.5182083118132635,-0.049120182990413874,-0.0864029589904821,-0.0110334174523276,-0.3557009720196327,0.04673031425621165,1.483773059443164,0.1,-0.0,0
16,900,world,9.0,0.8894725574483434,1.1027936494940218,0.8641497866418859,-0.7321395236764081,0.650972144927456,0.3858636268627381,0.4009365913183069,0.5163277812929862,-0.047549203481926955,-0.08731208995319421,-0.010755100940466793,-0.3573262085131856,0.0388418000309818,1.4830331993600918,0.1,-0.0,0
16,901,world,9.01,0.8904725574483434,1.102326037773009,0.8632722652809497,-0.7322456735320352,0.6472385329478982,0.3914856079993131,0.4039486086343386,0.5144383556649355,-0.04597233511592074,-0.0881863293197685,-0.010474527440167476,-0.35824227329241265,0.030730050509895458,1.4821879954511297,0.1,-0.0,0
16,902,world,9.02,0.8914725574483434,1.1018742153487695,0.8623861777440464,-0.732349008049635,0.6434510009676301,0.3970619358756095,0.40696030237076947,0.5125387211974917,-0.044391696897242115,-0.08902526790835572,-0.010192100883962793,-0.3584608754611127,0.022429772888979987,1.4812428104319078,0.1,-0.0,0
16,903,world,9.03,0.8924725574483434,1.1014382094455353,0.8614918784924478,-0.7324495107115376,0.6396113396440404,0.4025902638956114,0.4099730385553451,0.5106275759033344,-0.042809376135588495,-0.0898286392556299,-0.009908223067917598,-0.35799763287311365,0.013975660849360702,1.480203442252507,0.1,-0.0,0
16,904,world,9.040000000000001,0.8934725574483434,1.1010180266270797,0.8605897239522547,-0.7325471689959768,0.6357213530691778,0.40806838582124033,0.4129880910056392,0.5087036371333108,-0.041227415347565154,-0.0905963161272168,-0.009623290909909547,-0.35687175870265325,0.005402054050199137,1.479076049305685,0.1,-0.0,0
16,905,world,9.05,0.8944725574483434,1.1006136533140713,0.8596800711416986,-0.7326419743147906,0.6317828487698987,0.41349424188594835,0.41600663644552227,0.5067656483628694,-0.03964780007633625,-0.09132830568396622,-0.009337694040976927,-0.3551057375767687,-0.0032573717920930073,1.477867078041917,0.1,-0.0,0
16,906,world,9.06,0.8954725574483434,1.1002250563924094,0.8587632763647643,-0.7327339219315095,0.627797627832922,0.4188659237681364,0.4190297503000238,0.5048123857005902,-0.03807244797385437,-0.09202474339457956,-0.009051812439502874,-0.3527249916559667,-0.011969884717272783,1.4765831929778999,0.1,-0.0,0
16,907,world,9.07,0.8964725574483434,1.0998521840008946,0.857839693937563,-0.7328230108436509,0.6237674757706854,0.42418167764366793,0.4220584038120157,0.5028426635576227,-0.03650319916211594,-0.09268588588597707,-0.008766014400087296,-0.34975753991816383,-0.02070394579814619,1.4752312095121307,0.1,-0.0,0
16,908,world,9.08,0.8974725574483434,1.0994949662043294,0.8569096750777341,-0.7329092436825814,0.6196941536458171,0.42943990624262623,0.4250934617614823,0.5008553400246004,-0.034941807793978596,-0.09331210299633089,-0.008480654602729353,-0.34623358236441226,-0.0294294468247001,1.4738180197023236,0.1,-0.0,0
16,909,world,9.09,0.8984725574483434,1.099153316104722,0.8559735667256384,-0.7329926265302554,0.6155793903927467,0.4346391686943911,0.42813568179121464,0.49884932107552776,-0.03338993533790892,-0.0939038689917202,-0.008196072627552408,-0.34218513470563394,-0.03811789804323498,1.4723505295178931,0.1,-0.0,0
16,910,world,9.1,0.8994725574483434,1.0988271305547963,0.8550317106426853,-0.7330731688052755,0.611424875280055,0.43977817990077933,0.43118571396455946,0.496823564703608,-0.0318491447146158,-0.09446175350999658,-0.007912591532747613,-0.3376456882983756,-0.04674257858498209,1.4708356032712435,0.1,-0.0,0
16,911,world,9.11,0.9004725574483434,1.0985162913888145,0.8540844424187005,-0.7331508830510934,0.6072322515733652,0.4448558080444418,0.43424410170556704,0.4947770839804459,-0.03032089646334579,-0.09498641192925449,-0.00763051678885832,-0.3326497890254126,-0.055278676837639706,1.469280000162445,0.1,-0.0,0
16,912,world,9.120000000000001,0.9014725574483433,1.0982206662853695,0.8531320907278941,-0.7332257847886368,0.6030031107981646,0.4498710712673093,0.437311283314555,0.4927089496754824,-0.028806545533056945,-0.09547857583188733,-0.007350135479462828,-0.32723270479693106,-0.06370337803322312,1.4676903268926644,0.1,-0.0,0
16,913,world,9.13,0.9024725574483434,1.0979401099826644,0.8521749765634062,-0.7332978923010802,0.5987389879083809,0.454823133220201,0.4403875943279575,0.4906182921663658,-0.027307339935188107,-0.09593904326578773,-0.007071715697720932,-0.3214301239836398,-0.07199592019675015,1.4660729974288662,0.1,-0.0,0
16,914,world,9.14,0.9034725574483433,1.0976744652028119,0.8512134126686278,-0.7333672264696062,0.5944413569902501,0.459711298104478,0.44347327024185224,0.48850430302678294,-0.025824419988457154,-0.0963686693306936,-0.006795506139443359,-0.315277814371707,-0.08013763468809391,1.4644341901535296,0.1,-0.0,0
16,915,world,9.15,0.9044725574483434,1.0974235638409733,0.8502477029765916,-0.7334338105574735,0.5901116281371411,0.46453500446552576,0.44656845022922503,0.48636623569427057,-0.02435881906832734,-0.09676835687827107,-0.006521736017047972,-0.30881130484025054,-0.08811195757770662,1.4627798109589873,0.1,-0.0,0
16,916,world,9.16,0.9054725574483433,1.0971872279671098,0.8492781421956858,-0.7334976700263897,0.5857511448245806,0.4692938187334685,0.4496731810607462,0.4842034058843049,-0.022911465118332648,-0.09713904764418169,-0.0062506150827600915,-0.1527375246915068,-0.046015959665043266,0.7309784771761515,0.1,-0.0,0
16,917,world,9.17,0.9064725574483434,1.0969581133167385,0.8483067517190426,-0.7335601761770649,0.5857511448239644,0.46929381873423764,0.4496731810601107,0.48420340588489524,-0.022911465117520496,-0.09713904764438304,-0.006250615082607748,-2.5763557953695206e-10,3.8108405320258466e-11,3.327060849045435e-11,0.1,-0.0,0
16,918,world,9.18,0.9074725574483433,1.0967289986663673,0.8473353612423994,-0.7336226823277402,0.5857511448233483,0.46929381873500653,0.44967318105947507,0.48420340588548555,-0.022911465116708364,-0.0971390476445844,-0.006250615082455408,-2.576300284218289e-10,3.811395643538159e-11,3.324562847240028e-11,0.1,-0.0,0
16,919,world,9.19,0.9084725574483434,1.0964998840159963,0.8463639707657562,-0.7336851884784155,0.5857511448227323,0.4692938187357754,0.4496731810588394,0.48420340588607585,-0.02291146511589623,-0.09713904764478576,-0.006250615082303068,-2.576217017491442e-10,3.811950755050472e-11,3.326505737533122e-11,0.1,-0.0,0
16,920,world,9.200000000000001,0.9094725574483433,1.096270769365625,0.8453925802891131,-0.7337476946290907,0.5857511448221162,0.4692938187365444,0.4496731810582038,0.4842034058866661,-0.0229114651150841,-0.09713904764498711,-0.006250615082150729,-2.576300284218289e-10,3.8113956435381585e-11,3.325673070264653e-11,0.1,-0.0,0
16,921,world,9.21,0.9104725574483434,1.0960416547152538,0.8444211898124699,-0.733810200779766,0.5857511448215001,0.46929381873731335,0.44967318105756815,0.4842034058872565,-0.022911465114271966,-0.09713904764518846,-0.006250615081998388,-2.5763835509451357e-10,3.8119507550504705e-11,3.325673070264653e-11,0.1,-0.0,0
16,922,world,9.22,0.9114725574483433,1.0958125400648826,0.8434497993358268,-0.7338727069304413,0.5857511448208841,0.46929381873808235,0.4496731810569325,0.48420340588784677,-0.022911465113459834,-0.09713904764538982,-0.006250615081846049,-2.576244773067058e-10,3.8125058665627843e-11,3.3259506260208095e-11,0.1,-0.0,0
16,923,world,9.23,0.9124725574483434,1.0955834254145114,0.8424784088591836,-0.7339352130811165,0.585751144820268,0.46929381873885123,0.44967318105629683,0.4842034058884371,-0.022911465112647703,-0.09713904764559117,-0.006250615081693708,-2.576272528642673e-10,3.8119507550504724e-11,3.3259506260208095e-11,0.1,-0.0,0
16,924,world,9.24,0.9134725574483433,1.0953543107641401,0.8415070183825404,-0.7339977192317918,0.585751144819652,0.4692938187396202,0.44967318105566123,0.4842034058890274,-0.022911465111835574,-0.09713904764579254,-0.006250615081541369,-2.576300284218289e-10,3.8119507550504724e-11,3.326505737533122e-11,0.1,-0.0,0
16,925,world,9.25,0.9144725574483434,1.0951251961137691,0.8405356279058972,-0.734060225382467,0.5857511448190359,0.46929381874038917,0.4496731810550256,0.4842034058896177,-0.022911465111023432,-0.09713904764599388,-0.0062506150813890285,-2.576272528642673e-10,3.811395643538159e-11,3.3251179587523406e-11,0.1,-0.0,0
16,926,world,9.26,0.9154725574483433,1.094896081463398,0.839564237429254,-0.7341227315331422,0.5857511448184198,0.46929381874115805,0.4496731810543899,0.48420340589020805,-0.022911465110211304,-0.09713904764619524,-0.006250615081236689,-2.5762447730670575e-10,3.812505866562784e-11,3.325950626020809e-11,0.1,-0.0,0
16,927,world,9.27,0.9164725574483434,1.0946669668130267,0.8385928469526109,-0.7341852376838175,0.5857511448178039,0.4692938187419271,0.4496731810537543,0.4842034058907983,-0.022911465109399176,-0.0971390476463966,-0.00625061508108435,-2.5761892619158263e-10,3.81139564353816e-11,3.3262281817769664e-11,0.1,-0.0,0
16,928,world,9.28,0.9174725574483433,1.0944378521626554,0.8376214564759678,-0.7342477438344928,0.5857511448171877,0.46929381874269593,0.4496731810531187,0.4842034058913886,-0.022911465108587038,-0.09713904764659795,-0.006250615080932011,-2.576494573247598e-10,3.8102854205135334e-11,3.3270608490454346e-11,0.1,-0.0,0
16,929,world,9.290000000000001,0.9184725574483434,1.0942087375122842,0.8366500659993246,-0.734310249985168,0.5857511448165715,0.469293818743465,0.4496731810524831,0.484203405891979,-0.022911465107774906,-0.0971390476467993,-0.0062506150807796704,-2.5763280397939044e-10,3.8130609780750956e-11,3.3259506260208095e-11,0.1,-0.0,0
16,930,world,9.3,0.9194725574483433,1.093979622861913,0.8356786755226814,-0.7343727561358433,0.5857511448159557,0.4692938187442339,0.4496731810518474,0.48420340589256927,-0.022911465106962778,-0.09713904764700065,-0.006250615080627331,-2.576217017491442e-10,3.813060978075097e-11,3.324285291483872e-11,0.1,-0.0,0
16,931,world,9.31,0.9204725574483434,1.093750508211542,0.8347072850460382,-0.7344352622865186,0.5857511448153395,0.46929381874500276,0.4496731810512117,0.4842034058931596,-0.022911465106150643,-0.097139047647202,-0.0062506150804749906,-2.5764390620963313e-10,3.810840532025793e-11,3.327893516313857e-11,0.1,-0.0,0
16,932,world,9.32,0.9214725574483434,1.0935213935611707,0.833735894569395,-0.7344977684371938,0.5857511448147233,0.46929381874577186,0.4496731810505762,0.4842034058937499,-0.022911465105338508,-0.09713904764740336,-0.0062506150803226515,-2.5763280397938693e-10,3.8108405320257936e-11,3.328171072070014e-11,0.1,-0.0,0
16,933,world,9.33,0.9224725574483434,1.0932922789107995,0.8327645040927518,-0.7345602745878691,0.5857511448141073,0.46929381874654075,0.44967318104994053,0.48420340589434024,-0.022911465104526376,-0.09713904764760473,-0.006250615080170312,-2.5761892619158263e-10,3.813060978075097e-11,3.324562847240028e-11,0.1,-0.0,0
16,934,world,9.34,0.9234725574483434,1.0930631642604283,0.8317931136161086,-0.7346227807385444,0.5857511448134913,0.46929381874730963,0.44967318104930476,0.48420340589493044,-0.022911465103714244,-0.09713904764780606,-0.006250615080017972,-2.576272528642673e-10,3.8125058665627843e-11,3.3270608490454346e-11,0.1,-0.0,0
16,935,world,9.35,0.9244725574483434,1.092834049610057,0.8308217231394655,-0.7346852868892196,0.5857511448128752,0.4692938187480787,0.4496731810486692,0.4842034058955208,-0.022911465102902113,-0.09713904764800743,-0.0062506150798656325,-2.576300284218289e-10,3.8108405320258466e-11,3.3267832932892783e-11,0.1,-0.0,0
16,936,world,9.36,0.9254725574483434,1.0926049349596858,0.8298503326628223,-0.7347477930398949,0.5857511448122591,0.46929381874884757,0.4496731810480336,0.4842034058961111,-0.02291146510208998,-0.09713904764820878,-0.0062506150797132926,-2.576272528642673e-10,3.8108405320258466e-11,3.325395514508497e-11,0.1,-0.0,0
16,937,world,9.370000000000001,0.9264725574483434,1.0923758203093148,0.8288789421861791,-0.7348102991905702,0.585751144811643,0.46929381874961645,0.44967318104739795,0.48420340589670147,-0.022911465101277846,-0.09713904764841014,-0.006250615079560953,-2.576189261915827e-10,3.8130609780750976e-11,3.3240077357277155e-11,0.1,-0.0,0
16,938,world,9.38,0.9274725574483434,1.0921467056589436,0.827907551709536,-0.7348728053412454,0.5857511448110272,0.4692938187503854,0.44967318104676224,0.4842034058972917,-0.022911465100465715,-0.09713904764861149,-0.006250615079408613,-2.5763835509451357e-10,3.8130609780750956e-11,3.3270608490454346e-11,0.1,-0.0,0
16,939,world,9.39,0.9284725574483434,1.0919175910085723,0.8269361612328928,-0.7349353114919207,0.5857511448104109,0.4692938187511545,0.44967318104612664,0.4842034058978821,-0.022911465099653583,-0.09713904764881284,-0.006250615079256273,-2.5764113065207513e-10,3.810285420513534e-11,3.32817107207006e-11,0.1,-0.0,0
16,940,world,9.4,0.9294725574483435,1.091688476358201,0.8259647707562496,-0.734997817642596,0.5857511448097948,0.4692938187519234,0.44967318104549103,0.4842034058984723,-0.02291146509884145,-0.0971390476490142,-0.006250615079103933,-2.576217017491442e-10,3.810840532025846e-11,3.324840402996184e-11,0.1,-0.0,0
16,941,world,9.41,0.9304725574483435,1.0914593617078299,0.8249933802796064,-0.7350603237932712,0.5857511448091788,0.46929381875269227,0.4496731810448554,0.48420340589906274,-0.022911465098029316,-0.09713904764921555,-0.006250615078951594,-2.5763835509451357e-10,3.8113956435381585e-11,3.324562847240028e-11,0.1,-0.0,0
16,942,world,9.42,0.9314725574483435,1.0912302470574586,0.8240219898029633,-0.7351228299439464,0.5857511448085627,0.4692938187534612,0.4496731810442197,0.48420340589965305,-0.022911465097217185,-0.0971390476494169,-0.006250615078799253,-2.5762170174914776e-10,3.8125058665628367e-11,3.326783293289325e-11,0.1,-0.0,0
16,943,world,9.43,0.9324725574483435,1.0910011324070876,0.8230505993263202,-0.7351853360946217,0.5857511448079467,0.4692938187542302,0.44967318104358417,0.4842034059002433,-0.02291146509640505,-0.09713904764961825,-0.006250615078646913,-2.576217017491478e-10,3.811950755050525e-11,3.326228181777012e-11,0.1,-0.0,0
16,944,world,9.44,0.9334725574483433,1.0907720177567164,0.822079208849677,-0.7352478422452969,0.5857511448073306,0.4692938187549991,0.44967318104294846,0.4842034059008336,-0.022911465095592918,-0.09713904764981962,-0.006250615078494575,-2.5763835509451357e-10,3.8119507550504705e-11,3.326228181776965e-11,0.1,-0.0,0
16,945,world,9.450000000000001,0.9344725574483435,1.0905429031063452,0.8211078183730338,-0.7353103483959722,0.5857511448067145,0.4692938187557681,0.4496731810423128,0.4842034059014239,-0.022911465094780786,-0.09713904765002096,-0.006250615078342234,-2.576300284218289e-10,3.813060978075097e-11,3.3270608490454346e-11,0.1,-0.0,0
16,946,world,9.46,0.9354725574483433,1.090313788455974,0.8201364278963906,-0.7353728545466475,0.5857511448060985,0.4692938187565371,0.44967318104167714,0.48420340590201416,-0.022911465093968655,-0.09713904765022233,-0.006250615078189895,-2.576272528642673e-10,3.810840532025845e-11,3.325395514508497e-11,0.1,-0.0,0
16,947,world,9.47,0.9364725574483435,1.0900846738056027,0.8191650374197474,-0.7354353606973227,0.5857511448054824,0.4692938187573059,0.4496731810410416,0.4842034059026046,-0.022911465093156523,-0.09713904765042368,-0.006250615078037556,-2.5763002842182893e-10,3.810840532025847e-11,3.3253955145084975e-11,0.1,-0.0,0
16,948,world,9.48,0.9374725574483433,1.0898555591552315,0.8181936469431043,-0.735497866847998,0.5857511448048663,0.4692938187580749,0.44967318104040593,0.48420340590319483,-0.022911465092344388,-0.09713904765062503,-0.006250615077885215,-2.576300284218289e-10,3.813060978075097e-11,3.3270608490454346e-11,0.1,-0.0,0
16,949,world,9.49,0.9384725574483435,1.0896264445048605,0.8172222564664611,-0.7355603729986733,0.5857511448042503,0.4692938187588439,0.4496731810397702,0.48420340590378513,-0.02291146509153226,-0.09713904765082639,-0.006250615077732876,-2.576383550945136e-10,3.8125058665627843e-11,3.326505737533123e-11,0.1,-0.0,0
16,950,world,9.5,0.9394725574483433,1.0893973298544892,0.8162508659898179,-0.7356228791493485,0.5857511448036342,0.4692938187596128,0.44967318103913456,0.48420340590437544,-0.022911465090720125,-0.09713904765102774,-0.006250615077580535,-2.5762170174914424e-10,3.8108405320258466e-11,3.3251179587523406e-11,0.1,-0.0,0
16,951,world,9.51,0.9404725574483435,1.089168215204118,0.8152794755131747,-0.7356853853000238,0.5857511448030182,0.4692938187603817,0.449673181038499,0.4842034059049658,-0.02291146508990799,-0.09713904765122909,-0.006250615077428194,-2.576300284218289e-10,3.811395643538159e-11,3.3251179587523406e-11,0.1,-0.0,0
16,952,world,9.52,0.9414725574483434,1.0889391005537468,0.8143080850365316,-0.7357478914506991,0.5857511448024021,0.4692938187611506,0.44967318103786336,0.4842034059055561,-0.02291146508909586,-0.09713904765143044,-0.006250615077275857,-2.5764113065207513e-10,3.811395643538159e-11,3.327615960557747e-11,0.1,-0.0,0
16,953,world,9.53,0.9424725574483435,1.0887099859033755,0.8133366945598884,-0.7358103976013743,0.5857511448017859,0.4692938187619197,0.44967318103722775,0.48420340590614647,-0.022911465088283726,-0.0971390476516318,-0.006250615077123516,-2.576328039793913e-10,3.81306097807511e-11,3.32678329328929e-11,0.1,-0.0,0
16,954,world,9.540000000000001,0.9434725574483434,1.0884808712530043,0.8123653040832453,-0.7358729037520496,0.58575114480117,0.4692938187626886,0.449673181036592,0.48420340590673666,-0.02291146508747159,-0.09713904765183315,-0.006250615076971175,-2.576189261915836e-10,3.8130609780751105e-11,3.325950626020822e-11,0.1,-0.0,0
16,955,world,9.55,0.9444725574483434,1.0882517566026333,0.8113939136066021,-0.7359354099027249,0.5857511448005539,0.4692938187634576,0.44967318103595644,0.48420340590732697,-0.022911465086659463,-0.09713904765203452,-0.006250615076818837,-2.5761615063402107e-10,3.8113956435381585e-11,3.325673070264653e-11,0.1,-0.0,0
16,956,world,9.56,0.9454725574483434,1.088022641952262,0.8104225231299589,-0.7359979160534001,0.585751144799938,0.4692938187642265,0.44967318103532083,0.4842034059079173,-0.02291146508584733,-0.09713904765223587,-0.006250615076666497,-2.5762170174914507e-10,3.811950755050484e-11,3.325673070264665e-11,0.1,-0.0,0
16,957,world,9.57,0.9464725574483434,1.0877935273018908,0.8094511326533157,-0.7360604222040754,0.5857511447993219,0.4692938187649955,0.4496731810346852,0.4842034059085076,-0.022911465085035197,-0.09713904765243722,-0.006250615076514157,-2.576439062096376e-10,3.810285420513546e-11,3.3267832932892893e-11,0.1,-0.0,0
16,958,world,9.58,0.9474725574483434,1.0875644126515196,0.8084797421766725,-0.7361229283547506,0.5857511447987056,0.4692938187657644,0.44967318103404963,0.484203405909098,-0.022911465084223065,-0.09713904765263857,-0.006250615076361817,-2.5763280397939044e-10,3.8113956435381585e-11,3.325673070264653e-11,0.1,-0.0,0
16,959,world,9.59,0.9484725574483434,1.0873352980011484,0.8075083517000294,-0.7361854345054258,0.5857511447980897,0.4692938187665333,0.44967318103341386,0.4842034059096882,-0.022911465083410933,-0.09713904765283993,-0.006250615076209477,-2.576217017491442e-10,3.813616089587408e-11,3.324840402996184e-11,0.1,-0.0,0
16,960,world,9.6,0.9494725574483434,1.0871061833507771,0.8065369612233863,-0.7362479406561011,0.5857511447974736,0.46929381876730225,0.4496731810327782,0.4842034059102785,-0.022911465082598798,-0.09713904765304128,-0.006250615076057138,-2.5762725286426737e-10,3.811950755050472e-11,3.3253955145084975e-11,0.1,-0.0,0
16,961,world,9.61,0.9504725574483434,1.0868770687004061,0.8055655707467431,-0.7363104468067764,0.5857511447968575,0.46929381876807114,0.44967318103214254,0.4842034059108688,-0.022911465081786667,-0.09713904765324263,-0.0062506150759047965,-2.576244773067058e-10,3.8125058665627843e-11,3.3259506260208095e-11,0.1,-0.0,0
16,962,world,9.620000000000001,0.9514725574483434,1.086647954050035,0.8045941802700999,-0.7363729529574516,0.5857511447962415,0.46929381876884013,0.4496731810315069,0.48420340591145905,-0.022911465080974535,-0.097139047653444,-0.006250615075752458,-2.5763835509451357e-10,3.8119507550504724e-11,3.3270608490454346e-11,0.1,-0.0,0
16,963,world,9.63,0.9524725574483434,1.0864188393996637,0.8036227897934567,-0.7364354591081269,0.5857511447956254,0.46929381876960913,0.4496731810308713,0.48420340591204947,-0.022911465080162403,-0.09713904765364534,-0.006250615075600119,-2.5763835509451357e-10,3.810285420513534e-11,3.326228181776966e-11,0.1,-0.0,0
16,964,world,9.64,0.9534725574483434,1.0861897247492924,0.8026513993168135,-0.7364979652588022,0.5857511447950092,0.46929381877037807,0.4496731810302357,0.48420340591263983,-0.02291146507935027,-0.0971390476538467,-0.006250615075447778,-2.576411306520752e-10,3.8108405320258466e-11,3.326505737533122e-11,0.1,-0.0,0
16,965,world,9.65,0.9544725574483434,1.0859606100989212,0.8016800088401703,-0.7365604714094774,0.5857511447943932,0.46929381877114706,0.4496731810296,0.48420340591323013,-0.022911465078538137,-0.09713904765404804,-0.006250615075295438,-2.576217017491442e-10,3.812505866562784e-11,3.327338404801591e-11,0.1,-0.0,0
16,966,world,9.66,0.9554725574483434,1.08573149544855,0.8007086183635271,-0.7366229775601527,0.5857511447937771,0.46929381877191606,0.4496731810289645,0.4842034059138204,-0.022911465077726,-0.09713904765424941,-0.0062506150751430985,-2.576133750764595e-10,3.8125058665627843e-11,3.3251179587523406e-11,0.1,-0.0,0
16,967,world,9.67,0.9564725574483434,1.085502380798179,0.7997372278868841,-0.736685483710828,0.5857511447931611,0.46929381877268483,0.4496731810283287,0.4842034059144107,-0.02291146507691387,-0.09713904765445076,-0.006250615074990759,-2.5763280397939044e-10,3.811950755050471e-11,3.324562847240028e-11,0.1,-0.0,0
16,968,world,9.68,0.9574725574483434,1.0852732661478077,0.7987658374102409,-0.7367479898615032,0.585751144792545,0.4692938187734539,0.44967318102769316,0.48420340591500105,-0.022911465076101742,-0.09713904765465212,-0.00625061507483842,-2.5763557953695294e-10,3.811395643538173e-11,3.326228181776978e-11,0.1,-0.0,0
16,969,world,9.69,0.9584725574483434,1.0850441514974365,0.7977944469335977,-0.7368104960121785,0.5857511447919289,0.46929381877422277,0.44967318102705744,0.48420340591559136,-0.022911465075289603,-0.09713904765485347,-0.006250615074686078,-2.5762725286426825e-10,3.812505866562798e-11,3.324840402996196e-11,0.1,-0.0,0
16,970,world,9.700000000000001,0.9594725574483434,1.0848150368470653,0.7968230564569545,-0.7368730021628538,0.585751144791313,0.4692938187749917,0.44967318102642184,0.4842034059161817,-0.022911465074477475,-0.09713904765505482,-0.0062506150745337405,-2.576244773067058e-10,3.811950755050472e-11,3.327615960557747e-11,0.1,-0.0,0
16,971,world,9.71,0.9604725574483434,1.084585922196694,0.7958516659803113,-0.736935508313529,0.5857511447906968,0.46929381877576076,0.44967318102578624,0.4842034059167719,-0.022911465073665344,-0.09713904765525617,-0.006250615074381401,-2.57635579536952e-10,3.811950755050471e-11,3.326783293289278e-11,0.1,-0.0,0
16,972,world,9.72,0.9614725574483434,1.084356807546323,0.7948802755036681,-0.7369980144642043,0.5857511447900807,0.46929381877652965,0.4496731810251506,0.48420340591736233,-0.022911465072853212,-0.09713904765545754,-0.0062506150742290606,-2.5763280397939044e-10,3.811395643538159e-11,3.3242852914838724e-11,0.1,-0.0,0
16,973,world,9.73,0.9624725574483434,1.0841276928959518,0.793908885027025,-0.7370605206148796,0.5857511447894647,0.46929381877729853,0.44967318102451487,0.4842034059179526,-0.022911465072041077,-0.0971390476556589,-0.0062506150740767215,-2.5761892619158263e-10,3.811395643538159e-11,3.325395514508497e-11,0.1,-0.0,0
16,974,world,9.74,0.9634725574483434,1.0838985782455806,0.7929374945503818,-0.7371230267655549,0.5857511447888486,0.4692938187780675,0.4496731810238793,0.4842034059185429,-0.022911465071228945,-0.09713904765586023,-0.006250615073924381,-2.5762725286426737e-10,3.8119507550504724e-11,3.326505737533123e-11,0.1,-0.0,0
16,975,world,9.75,0.9644725574483434,1.0836694635952093,0.7919661040737387,-0.73718553291623,0.5857511447882325,0.46929381877883647,0.44967318102324366,0.4842034059191332,-0.022911465070416814,-0.0971390476560616,-0.006250615073772042,-2.57635579536952e-10,3.8130609780750956e-11,3.3270608490454346e-11,0.1,-0.0,0
16,976,world,9.76,0.9654725574483434,1.083440348944838,0.7909947135970955,-0.7372480390669053,0.5857511447876165,0.46929381877960546,0.449673181022608,0.4842034059197235,-0.02291146506960468,-0.09713904765626295,-0.006250615073619702,-2.5762447730670575e-10,3.811950755050472e-11,3.326228181776966e-11,0.1,-0.0,0
16,977,world,9.77,0.9664725574483434,1.0832112342944669,0.7900233231204523,-0.7373105452175805,0.5857511447870004,0.46929381878037435,0.44967318102197235,0.48420340592031375,-0.022911465068792547,-0.0971390476564643,-0.00625061507346736,-2.576300284218289e-10,3.810840532025845e-11,3.324840402996184e-11,0.1,-0.0,0
16,978,world,9.78,0.9674725574483434,1.0829821196440959,0.7890519326438091,-0.7373730513682558,0.5857511447863843,0.4692938187811433,0.44967318102133674,0.48420340592090416,-0.022911465067980415,-0.09713904765666566,-0.006250615073315022,-2.576300284218298e-10,3.8119507550504847e-11,3.3262281817769774e-11,0.1,-0.0,0
16,979,world,9.790000000000001,0.9684725574483434,1.0827530049937246,0.7880805421671659,-0.7374355575189311,0.5857511447857683,0.4692938187819123,0.4496731810207011,0.4842034059214944,-0.022911465067168284,-0.09713904765686703,-0.006250615073162683,-2.5763002842182976e-10,3.813060978075109e-11,3.3267832932892893e-11,0.1,-0.0,0
16,980,world,9.8,0.9694725574483434,1.0825238903433534,0.7871091516905228,-0.7374980636696064,0.5857511447851522,0.4692938187826813,0.4496731810200654,0.4842034059220847,-0.02291146506635615,-0.09713904765706838,-0.006250615073010342,-2.576300284218289e-10,3.811395643538159e-11,3.324562847240028e-11,0.1,-0.0,0
16,981,world,9.81,0.9704725574483434,1.0822947756929822,0.7861377612138796,-0.7375605698202816,0.5857511447845362,0.46929381878345006,0.44967318101942977,0.484203405922675,-0.02291146506554402,-0.09713904765726972,-0.006250615072858003,-2.5762170174914424e-10,3.810840532025847e-11,3.325395514508497e-11,0.1,-0.0,0
16,982,world,9.82,0.9714725574483434,1.082065661042611,0.7851663707372365,-0.7376230759709569,0.5857511447839201,0.46929381878421905,0.44967318101879417,0.4842034059232654,-0.022911465064731885,-0.09713904765747108,-0.006250615072705664,-2.5763557953695206e-10,3.811395643538159e-11,3.325673070264654e-11,0.1,-0.0,0
16,983,world,9.83,0.9724725574483434,1.0818365463922397,0.7841949802605933,-0.7376855821216322,0.585751144783304,0.469293818784988,0.4496731810181585,0.4842034059238557,-0.02291146506391975,-0.09713904765767244,-0.006250615072553323,-2.5762170174914424e-10,3.8119507550504724e-11,3.325673070264653e-11,0.1,-0.0,0
16,984,world,9.84,0.9734725574483434,1.0816074317418687,0.7832235897839501,-0.7377480882723074,0.585751144782688,0.4692938187857569,0.44967318101752285,0.48420340592444594,-0.02291146506310762,-0.09713904765787379,-0.006250615072400982,-2.576300284218298e-10,3.81306097807511e-11,3.327060849045446e-11,0.1,-0.0,0
16,985,world,9.85,0.9744725574483434,1.0813783170914975,0.7822521993073069,-0.7378105944229827,0.5857511447820719,0.469293818786526,0.4496731810168872,0.48420340592503625,-0.022911465062295487,-0.09713904765807514,-0.006250615072248643,-2.576383550945145e-10,3.811950755050485e-11,3.327060849045446e-11,0.1,-0.0,0
16,986,world,9.86,0.9754725574483434,1.0811492024411262,0.7812808088306638,-0.737873100573658,0.5857511447814558,0.46929381878729487,0.4496731810162516,0.48420340592562655,-0.022911465061483356,-0.0971390476582765,-0.006250615072096304,-2.576272528642673e-10,3.810285420513534e-11,3.326228181776966e-11,0.1,-0.0,0
16,987,world,9.870000000000001,0.9764725574483434,1.080920087790755,0.7803094183540206,-0.7379356067243332,0.5857511447808397,0.4692938187880638,0.44967318101561604,0.4842034059262169,-0.02291146506067122,-0.09713904765847785,-0.006250615071943963,-2.5763280397939003e-10,3.811395643538152e-11,3.3251179587523354e-11,0.1,-0.0,0
16,988,world,9.88,0.9774725574483434,1.0806909731403838,0.7793380278773774,-0.7379981128750085,0.5857511447802237,0.4692938187888327,0.44967318101498027,0.4842034059268072,-0.02291146505985909,-0.0971390476586792,-0.006250615071791622,-2.576161506340207e-10,3.8125058665627785e-11,3.324840402996179e-11,0.1,-0.0,0
16,989,world,9.89,0.9784725574483434,1.0804618584900125,0.7783666374007342,-0.7380606190256838,0.5857511447796077,0.4692938187896016,0.4496731810143447,0.48420340592739747,-0.022911465059046957,-0.09713904765888055,-0.006250615071639285,-2.5762447730670575e-10,3.812505866562783e-11,3.32733840480159e-11,0.1,-0.0,0
16,990,world,9.9,0.9794725574483434,1.0802327438396415,0.7773952469240911,-0.738123125176359,0.5857511447789916,0.4692938187903707,0.449673181013709,0.4842034059279878,-0.022911465058234826,-0.0971390476590819,-0.006250615071486944,-2.576466817671992e-10,3.811395643538173e-11,3.327060849045447e-11,0.1,-0.0,0
16,991,world,9.91,0.9804725574483434,1.0800036291892703,0.7764238564474479,-0.7381856313270343,0.5857511447783754,0.4692938187911396,0.44967318101307346,0.48420340592857813,-0.022911465057422694,-0.09713904765928327,-0.006250615071334605,-2.5762725286426825e-10,3.811395643538172e-11,3.325117958752352e-11,0.1,-0.0,0
16,992,world,9.92,0.9814725574483434,1.079774514538899,0.7754524659708047,-0.7382481374777095,0.5857511447777595,0.46929381879190846,0.4496731810124377,0.48420340592916844,-0.022911465056610555,-0.09713904765948461,-0.006250615071182264,-2.576272528642673e-10,3.8119507550504724e-11,3.3259506260208095e-11,0.1,-0.0,0
16,993,world,9.93,0.9824725574483434,1.0795453998885278,0.7744810754941616,-0.7383106436283847,0.5857511447771433,0.4692938187926775,0.4496731810118022,0.48420340592975875,-0.022911465055798427,-0.09713904765968598,-0.006250615071029926,-2.5763557953695206e-10,3.810840532025847e-11,3.3278935163139035e-11,0.1,-0.0,0
16,994,world,9.94,0.9834725574483434,1.0793162852381566,0.7735096850175184,-0.73837314977906,0.5857511447765272,0.4692938187934465,0.44967318101116655,0.4842034059303491,-0.022911465054986296,-0.09713904765988733,-0.006250615070877586,-2.5763002842182893e-10,3.8119507550504724e-11,3.325117958752341e-11,0.1,-0.0,0
16,995,world,9.950000000000001,0.9844725574483434,1.0790871705877854,0.7725382945408752,-0.7384356559297353,0.5857511447759112,0.4692938187942154,0.4496731810105309,0.4842034059309394,-0.02291146505417416,-0.09713904766008868,-0.006250615070725245,-2.5761892619158263e-10,3.813060978075096e-11,3.324562847240028e-11,0.1,-0.0,0
16,996,world,9.96,0.9854725574483434,1.0788580559374144,0.771566904064232,-0.7384981620804105,0.5857511447752952,0.4692938187949843,0.4496731810098951,0.4842034059315296,-0.02291146505336203,-0.09713904766029004,-0.006250615070572906,-2.5762447730670575e-10,3.811950755050472e-11,3.326228181776966e-11,0.1,-0.0,0
16,997,world,9.97,0.9864725574483434,1.0786289412870431,0.7705955135875888,-0.7385606682310858,0.585751144774679,0.4692938187957533,0.4496731810092596,0.48420340593211997,-0.022911465052549897,-0.09713904766049139,-0.006250615070420565,-2.5763002842182934e-10,3.8108405320258524e-11,3.326783293289284e-11,0.1,-0.0,0
16,998,world,9.98,0.9874725574483434,1.0783998266366719,0.7696241231109457,-0.7386231743817611,0.585751144774063,0.4692938187965222,0.44967318100862397,0.4842034059327103,-0.022911465051737762,-0.09713904766069274,-0.006250615070268226,-2.576355795369525e-10,3.811950755050478e-11,3.325673070264659e-11,0.1,-0.0,0
16,999,world,9.99,0.9884725574483434,1.0781707119863007,0.7686527326343026,-0.7386856805324363,0.5857511447734469,0.4692938187972912,0.4496731810079883,0.48420340593330063,-0.022911465050925634,-0.0971390476608941,-0.006250615070115886,-2.5763280397939044e-10,3.811950755050472e-11,3.325395514508497e-11,0.1,-0.0,0
16,1000,world,10.0,0.9894725574483434,1.0779415973359294,0.7676813421576594,-0.7387481866831116,0.5857511447728309,0.46929381879806015,0.44967318100735265,0.48420340593389094,-0.0229114650501135,-0.09713904766109545,-0.006250615069963546,-2.5763002842182914e-10,3.8113956435381624e-11,3.3253955145085e-11,0.1,-0.0,0
16,1001,world,10.01,0.9904725574483434,1.0777124826855582,0.7667099516810162,-0.7388106928337869,0.5857511447722148,0.46929381879882903,0.44967318100671705,0.48420340593448125,-0.022911465049301364,-0.0971390476612968,-0.0062506150698112065,-2.576272528642675e-10,3.8113956435381624e-11,3.326228181776969e-11,0.1,-0.0,0
16,1002,world,10.02,0.9914725574483434,1.0774833680351872,0.765738561204373,-0.7388731989844621,0.5857511447715987,0.46929381879959803,0.4496731810060814,0.4842034059350716,-0.022911465048489232,-0.09713904766149817,-0.0062506150696588665,-2.5763002842182914e-10,3.8130609780751e-11,3.327338404801594e-11,0.1,-0.0,0
16,1003,world,10.03,0.9924725574483434,1.077254253384816,0.7647671707277298,-0.7389357051351374,0.5857511447709827,0.469293818800367,0.44967318100544573,0.4842034059356618,-0.0229114650476771,-0.0971390476616995,-0.006250615069506527,-2.57624477306706e-10,3.8125058665627876e-11,3.325950626020813e-11,0.1,-0.0,0
16,1004,world,10.040000000000001,0.9934725574483434,1.0770251387344447,0.7637957802510866,-0.7389982112858127,0.5857511447703666,0.4692938188011359,0.4496731810048101,0.48420340593625216,-0.022911465046864973,-0.09713904766190087,-0.0062506150693541875,-2.576272528642673e-10,3.811395643538159e-11,3.3251179587523406e-11,0.1,-0.0,0
16,1005,world,10.05,0.9944725574483434,1.0767960240840735,0.7628243897744436,-0.7390607174364879,0.5857511447697505,0.46929381880190485,0.44967318100417447,0.48420340593684247,-0.022911465046052834,-0.09713904766210223,-0.006250615069201847,-2.5763002842182934e-10,3.8113956435381656e-11,3.3251179587523464e-11,0.1,-0.0,0
16,1006,world,10.06,0.9954725574483434,1.0765669094337023,0.7618529992978004,-0.7391232235871632,0.5857511447691345,0.46929381880267373,0.4496731810035388,0.4842034059374328,-0.022911465045240706,-0.09713904766230358,-0.006250615069049508,-2.5762795553706806e-10,3.812421545826742e-11,3.326171967952939e-11,0.1,-0.0,0
16,1007,world,10.07,0.9964475574483435,1.0763435226495903,0.7609058935830733,-0.7391841670840715,0.5857511447685338,0.4692938188034235,0.4496731810029191,0.4842034059380083,-0.021765891792226433,-0.0922820952793749,-0.0059380843154559285,-2.44751441336177e-10,3.621547506327256e-11,3.159972283839348e-11,0.095,-0.5,0
16,1008,world,10.08,0.9973725574483434,1.076131591597997,0.7600073573921783,-0.7392419852734462,0.585751144767964,0.46929381880413473,0.44967318100233106,0.4842034059385543,-0.020620318539327886,-0.08742514289641752,-0.005625553561884055,-2.318728542505256e-10,3.4300340345794224e-11,2.995104164682518e-11,0.09,-0.5,0
16,1009,world,10.09,0.9982475574483434,1.0759311162789222,0.7591573907251156,-0.739296678155287,0.5857511447674248,0.4692938188048077,0.449673181001775,0.4842034059390709,-0.01947474528653898,-0.08256819051343299,-0.005313022808332749,-2.1899704272243536e-10,3.239630785856209e-11,2.8282931552325876e-11,0.085,-0.5,0
16,1010,world,10.1,0.9990725574483434,1.075742096692366,0.7583559935818849,-0.7393482457295941,0.5857511447669166,0.4692938188054421,0.44967318100125053,0.48420340593955796,-0.018329172033853623,-0.07771123813042277,-0.005000492054800868,-2.0610735340653695e-10,3.050337760157614e-11,2.6598168112457156e-11,0.08,-0.5,0
16,1011,world,10.11,0.9998475574483434,1.0755645328383283,0.7576031659624864,-0.7393966879963674,0.5857511447664392,0.469293818806038,0.44967318100075787,0.48420340594001543,-0.017183598781265717,-0.07285428574738836,-0.004687961301287266,-1.9320933741795446e-10,2.859379399922091e-11,2.4941160248204142e-11,0.075,-0.5,0
16,1012,world,10.120000000000001,1.0005725574483435,1.0753984247168091,0.7568989078669202,-0.739442004955607,0.5857511447659925,0.4692938188065954,0.44967318100029713,0.48420340594044337,-0.016038025528769182,-0.06799733336433134,-0.004375430547790803,-1.8033352588986423e-10,2.6673108166619396e-11,2.329525461419736e-11,0.07,-0.5,0
16,1013,world,10.13,1.0012475574483435,1.0752437723278088,0.756243219295186,-0.7394841966073128,0.5857511447655767,0.4692938188071145,0.4496731809998681,0.4842034059408418,-0.014892452276357914,-0.06314038098125316,-0.004062899794310334,-1.6746604103445854e-10,2.4780177909633478e-11,2.1613266731890222e-11,0.065,-0.5,0
16,1014,world,10.14,1.0018725574483434,1.0751005756713268,0.755636100247284,-0.7395232629514848,0.5857511447651916,0.469293818807595,0.44967318099947073,0.4842034059412108,-0.013746879024025835,-0.05828342859815535,-0.0037503690408447208,-1.5457912727612203e-10,2.2865043192155086e-11,1.9947932194952487e-11,0.06,-0.5,0
16,1015,world,10.15,1.0024475574483434,1.0749688347473632,0.7550775507232143,-0.7395592039881231,0.5857511447648374,0.4692938188080372,0.44967318099910525,0.4842034059415502,-0.012601305771766845,-0.05342647621503941,-0.003437838287392816,-1.4169221351778563e-10,2.0966561820046084e-11,1.830202656094571e-11,0.055,-0.5,0
16,1016,world,10.16,1.0029725574483435,1.0748485495559184,0.7545675707229765,-0.7395920197172277,0.585751144764514,0.46929381880844095,0.44967318099877157,0.4842034059418601,-0.011455732519574855,-0.048569523831906866,-0.0031253075339534794,-1.2880807531701066e-10,1.907363156306019e-11,1.661726312107703e-11,0.05,-0.5,0
16,1017,world,10.17,1.0034475574483435,1.0747397200969921,0.7541061602465711,-0.7396217101387984,0.5857511447642214,0.4692938188088061,0.44967318099846953,0.4842034059421404,-0.010310159267443775,-0.043712571448759216,-0.0028127767805255686,-1.1592948823135881e-10,1.7152945730458662e-11,1.4957479699262415e-11,0.045,-0.5,0
16,1018,world,10.18,1.0038725574483434,1.0746423463705843,0.7536933192939977,-0.7396482752528354,0.5857511447639595,0.46929381880913296,0.4496731809981995,0.4842034059423914,-0.009164586015367515,-0.03885561906559798,-0.0025002460271079416,-1.0306200337595332e-10,1.5237811012980277e-11,1.3303247392570943e-11,0.04,-0.5,0
16,1019,world,10.19,1.0042475574483434,1.074556428376695,0.7533290478652566,-0.7396717150593386,0.5857511447637285,0.4692938188094213,0.4496731809979611,0.48420340594261274,-0.008019012763339984,-0.03399866668242466,-0.002187715273699454,-0.0,-0.0,-0.0,0.035,-0.5,0
16,1020,world,10.200000000000001,1.0045725574483435,1.0744819661153244,0.7530133459603475,-0.739692029558308,0.5857511447635283,0.4692938188096712,0.44967318099775455,0.48420340594280453,-0.006873439511355089,-0.029141714299240767,-0.0018751845202989645,-0.0,-0.0,-0.0,0.03,-0.5,0
16,1021,world,10.21,1.0048475574483433,1.0744189595864724,0.7527462135792706,-0.7397092187497437,0.5857511447633589,0.4692938188098827,0.44967318099757975,0.48420340594296696,-0.005727866259406741,-0.02428476191604782,-0.0015626537669053307,-0.0,-0.0,-0.0,0.025,-0.5,0
16,1022,world,10.22,1.0050725574483435,1.074367408790139,0.7525276507220259,-0.7397232826336456,0.5857511447632202,0.46929381881005566,0.44967318099743675,0.48420340594309974,-0.004582293007488847,-0.019427809532847316,-0.0012501230135174093,-0.0,-0.0,-0.0,0.02,-0.5,0
16,1023,world,10.23,1.0052475574483435,1.0743273137263238,0.7523576573886134,-0.7397342212100139,0.5857511447631126,0.4692938188101901,0.4496731809973254,0.48420340594320305,-0.0034367197555953163,-0.014570857149640772,-0.0009375922601340581,-0.0,-0.0,-0.0,0.015,-0.5,0
16,1024,world,10.24,1.0053725574483434,1.0742986743950276,0.7522362335790329,-0.7397420344788482,0.5857511447630355,0.4692938188102863,0.4496731809972459,0.4842034059432768,-0.002291146503720059,-0.009713904766429698,-0.0006250615067541344,-0.0,-0.0,-0.0,0.01,-0.5,0
16,1025,world,10.25,1.0054475574483435,1.0742814907962497,0.7521633792932847,-0.7397467224401489,0.5857511447629892,0.46929381881034404,0.44967318099719833,0.4842034059433212,-0.001145573251856984,-0.0048569523832156045,-0.0003125307533764959,-0.0,-0.0,-0.0,0.005,-0.5,0
16,1026,world,10.254725574483434,1.0054725574483434,1.0742757629299904,0.7521390945313686,-0.7397482850939158,0.5857511447629737,0.4692938188103633,0.44967318099718245,0.48420340594333594,-0.0,-0.0,-0.0,-0.0,-0.0,-0.0,0.0,-0.5,0
