row_index,point_index,frame_id,t,s,position_x,position_y,position_z,orientation_x,orientation_y,orientation_z,orientation_w,linear_velocity_x,linear_velocity_y,linear_velocity_z,angular_velocity_x,angular_velocity_y,angular_velocity_z,path_speed,path_acceleration,paint
6,0,world,0.0,0.0,1.191827210694559,0.636764686772278,-0.5899225902988594,0.7057595491557133,0.7074339316929443,0.03648263715163643,0.010474170680742259,-0.0,0.0,0.0,0.0,0.0,0.0,0.0,0.5,0
6,1,world,0.01,2.5e-05,1.1918264111361598,0.6367868007890573,-0.5899109571149336,0.7057595491557133,0.7074339316929443,0.03648263715163643,0.010474170680742259,-0.0001599116798615675,0.004422803355849448,0.0023266367851752694,0.0,0.0,0.0,0.005,0.5,0
6,2,world,0.02,0.0001,1.1918240124609618,0.636853142839395,-0.5898760575631559,0.7057595491557133,0.7074339316929443,0.03648263715163643,0.010474170680742259,-0.00031982335972312916,0.008845606711698942,0.00465327357035045,0.0,0.0,0.0,0.01,0.5,0
6,3,world,0.03,0.000225,1.1918200146689653,0.6369637129232912,-0.5898178916435265,0.7057595491557133,0.7074339316929443,0.03648263715163643,0.010474170680742259,-0.0004797350395846793,0.01326841006754853,0.006979910355525456,0.0,0.0,0.0,0.015,0.5,0
6,4,world,0.04,0.0004,1.1918144177601702,0.637118511040746,-0.5897364593560454,0.7057595491557133,0.7074339316929443,0.03648263715163643,0.010474170680742259,-0.000639646719446212,0.017691213423398258,0.009306547140700198,0.0,0.0,0.0,0.02,0.5,0
6,5,world,0.05,0.0006250000000000001,1.1918072217345763,0.6373175371917592,-0.5896317607007125,0.7057595491557133,0.7074339316929443,0.03648263715163643,0.010474170680742259,-0.0007995583993077216,0.022114016779248173,0.011633183925874589,0.0,0.0,0.0,0.025,0.5,0
6,6,world,0.06,0.0009,1.191798426592184,0.6375607913763309,-0.5895037956775279,0.7057595491557133,0.7074339316929443,0.03648263715163643,0.010474170680742259,-0.000959470079169202,0.026536820135098314,0.013959820711048537,0.0,0.0,0.0,0.03,0.5,0
6,7,world,0.07,0.0012250000000000002,1.191788032332993,0.6378482735944612,-0.5893525642864914,0.7057595491557133,0.7074339316929443,0.03648263715163643,0.010474170680742259,-0.0011193817590306476,0.030959623490948742,0.01628645749622196,0.0,0.0,0.0,0.035,0.5,0
6,8,world,0.08,0.0016,1.1917760389570033,0.6381799838461498,-0.5891780665276033,0.7057595491557133,0.7074339316929443,0.03648263715163643,0.010474170680742259,-0.0012792934388920526,0.03538242684679949,0.01861309428139477,0.0,0.0,0.0,0.04,0.5,0
6,9,world,0.09,0.002025,1.1917624464642151,0.6385559221313971,-0.5889803024008634,0.7057595491557133,0.7074339316929443,0.03648263715163643,0.010474170680742259,-0.0014392051187534114,0.03980523020265061,0.02093973106656687,0.0,0.0,0.0,0.045,0.5,0
6,10,world,0.1,0.0025000000000000005,1.1917472548546284,0.6389760884502028,-0.5887592719062718,0.7057595491557133,0.7074339316929443,0.03648263715163643,0.010474170680742259,-0.001599116798614718,0.044228033558502154,0.023266367851738187,0.0,0.0,0.0,0.05,0.5,0
6,11,world,0.11,0.003025,1.191730464128243,0.6394404828025669,-0.5885149750438283,0.7057595491557133,0.7074339316929443,0.03648263715163643,0.010474170680742259,-0.0017590284784759665,0.04865083691435416,0.02559300463690862,0.0,0.0,0.0,0.055,0.5,0
6,12,world,0.12,0.0036,1.1917120742850589,0.6399491051884897,-0.5882474118135332,0.7057595491557133,0.7074339316929443,0.03648263715163643,0.010474170680742259,-0.001918940158337151,0.05307364027020667,0.02791964142207808,0.0,0.0,0.0,0.06,0.5,0
6,13,world,0.13,0.0042250000000000005,1.191692085325076,0.6405019556079709,-0.5879565822153863,0.7057595491557133,0.7074339316929443,0.03648263715163643,0.010474170680742259,-0.002078851838198266,0.05749644362605975,0.030246278207246492,0.0,0.0,0.0,0.065,0.5,0
6,14,world,0.14,0.004900000000000001,1.1916704972482948,0.6410990340610105,-0.5876424862493876,0.7057595491557133,0.7074339316929443,0.03648263715163643,0.010474170680742259,-0.0022387635180593055,0.06191924698191342,0.032572914992413764,0.0,0.0,0.0,0.07,0.5,0
6,15,world,0.15,0.005625,1.191647310054715,0.6417403405476086,-0.5873051239155372,0.7057595491557133,0.7074339316929443,0.03648263715163643,0.010474170680742259,-0.0023986751979202642,0.06634205033776774,0.03489955177757979,0.0,0.0,0.0,0.075,0.5,0
6,16,world,0.16,0.0064,1.1916225237443363,0.6424258750677653,-0.5869444952138351,0.7057595491557133,0.7074339316929443,0.03648263715163643,0.010474170680742259,-0.002558586877781135,0.07076485369362277,0.037226188562744504,0.0,0.0,0.0,0.08,0.5,0
6,17,world,0.17,0.007225000000000001,1.1915961383171592,0.6431556376214805,-0.5865606001442811,0.7057595491557133,0.7074339316929443,0.03648263715163643,0.010474170680742259,-0.002718498557641914,0.07518765704947855,0.03955282534790783,0.0,0.0,0.0,0.085,0.5,0
6,18,world,0.18,0.0081,1.1915681537731833,0.6439296282087541,-0.5861534387068754,0.7057595491557133,0.7074339316929443,0.03648263715163643,0.010474170680742257,-0.002878410237502594,0.07961046040533509,0.04187946213306964,0.0,0.0,0.0,0.09,0.5,0
6,19,world,0.19,0.009025,1.191538570112409,0.6447478468295863,-0.585723010901618,0.7057595491557133,0.7074339316929443,0.03648263715163643,0.010474170680742257,-0.003038321917363169,0.0840332637611925,0.044206098918229866,0.0,0.0,0.0,0.095,0.5,0
6,20,world,0.2,0.010000000000000002,1.191507387334836,0.6456102934839769,-0.5852693167285088,0.7057595491557133,0.7074339316929443,0.03648263715163643,0.010474170680742257,-0.0031982335972236342,0.08845606711705077,0.04653273570338843,0.0,0.0,0.0,0.1,0.0,0
6,21,world,0.21,0.011,1.1914754049988636,0.6464948541551468,-0.5848039893714738,0.7057595491557133,0.7074339316929443,0.03648263715163643,0.010474170680742257,-0.0031982335972228614,0.08845606711705697,0.04653273570337671,0.0,0.0,0.0,0.1,0.0,0
6,22,world,0.22,0.012,1.1914434226628914,0.6473794148263167,-0.5843386620144387,0.7057595491557133,0.7074339316929443,0.03648263715163643,0.010474170680742257,-0.003198233597222088,0.08845606711706316,0.04653273570336498,0.0,0.0,0.0,0.1,0.0,0
6,23,world,0.23,0.013000000000000001,1.191411440326919,0.6482639754974866,-0.5838733346574037,0.7057595491557133,0.7074339316929443,0.03648263715163643,0.010474170680742257,-0.0031982335972213145,0.08845606711706937,0.046532735703353256,0.0,0.0,0.0,0.1,0.0,0
6,24,world,0.24,0.014,1.1913794579909467,0.6491485361686564,-0.5834080073003686,0.7057595491557133,0.7074339316929443,0.03648263715163643,0.010474170680742257,-0.003198233597220541,0.08845606711707556,0.046532735703341536,0.0,0.0,0.0,0.1,0.0,0
6,25,world,0.25,0.015000000000000001,1.1913474756549745,0.6500330968398264,-0.5829426799433336,0.7057595491557133,0.7074339316929443,0.03648263715163643,0.010474170680742257,-0.003198233597219768,0.08845606711708176,0.04653273570332981,0.0,0.0,0.0,0.1,0.0,0
6,26,world,0.26,0.016,1.191315493319002,0.6509176575109963,-0.5824773525862985,0.7057595491557133,0.7074339316929443,0.03648263715163643,0.010474170680742257,-0.0031982335972189943,0.08845606711708795,0.04653273570331809,0.0,0.0,0.0,0.1,0.0,0
6,27,world,0.27,0.017,1.1912835109830298,0.6518022181821661,-0.5820120252292634,0.7057595491557133,0.7074339316929443,0.03648263715163643,0.010474170680742257,-0.0031982335972182206,0.08845606711709414,0.04653273570330636,0.0,0.0,0.0,0.1,0.0,0
6,28,world,0.28,0.018000000000000002,1.1912515286470575,0.652686778853336,-0.5815466978722283,0.7057595491557133,0.7074339316929443,0.03648263715163643,0.010474170680742257,-0.0031982335972174473,0.08845606711710034,0.046532735703294636,0.0,0.0,0.0,0.1,0.0,0
6,29,world,0.29,0.019,1.191219546311085,0.653571339524506,-0.5810813705151934,0.7057595491557133,0.7074339316929443,0.036482637151636424,0.010474170680742257,-0.0031982335972166737,0.08845606711710653,0.04653273570328291,0.0,0.0,0.0,0.1,0.0,0
6,30,world,0.3,0.02,1.1911875639751128,0.6544559001956758,-0.5806160431581583,0.7057595491557133,0.7074339316929443,0.036482637151636424,0.010474170680742257,-0.0031982335972159,0.08845606711711274,0.04653273570327118,0.0,0.0,0.0,0.1,0.0,0
6,31,world,0.31,0.021,1.1911555816391406,0.6553404608668457,-0.5801507158011232,0.7057595491557133,0.7074339316929443,0.036482637151636424,0.010474170680742257,-0.003198233597215127,0.08845606711711893,0.04653273570325946,0.0,0.0,0.0,0.1,0.0,0
6,32,world,0.32,0.022000000000000002,1.1911235993031681,0.6562250215380155,-0.5796853884440881,0.7057595491557133,0.7074339316929443,0.036482637151636424,0.010474170680742257,-0.0031982335972143526,0.08845606711712511,0.04653273570324773,0.0,0.0,0.0,0.1,0.0,0
6,33,world,0.33,0.023000000000000003,1.191091616967196,0.6571095822091855,-0.5792200610870532,0.7057595491557133,0.7074339316929443,0.036482637151636424,0.010474170680742257,-0.003198233597213579,0.08845606711713132,0.04653273570323601,0.0,0.0,0.0,0.1,0.0,0
6,34,world,0.34,0.024000000000000004,1.1910596346312237,0.6579941428803554,-0.5787547337300181,0.7057595491557133,0.7074339316929443,0.036482637151636424,0.010474170680742257,-0.003198233597212806,0.08845606711713752,0.04653273570322429,0.0,0.0,0.0,0.1,0.0,0
6,35,world,0.35000000000000003,0.025000000000000005,1.1910276522952512,0.6588787035515252,-0.578289406372983,0.7057595491557133,0.7074339316929443,0.036482637151636424,0.010474170680742257,-0.0031982335972120324,0.08845606711714371,0.04653273570321256,0.0,0.0,0.0,0.1,0.0,0
6,36,world,0.36,0.026,1.190995669959279,0.6597632642226952,-0.5778240790159479,0.7057595491557133,0.7074339316929443,0.036482637151636424,0.010474170680742257,-0.0031982335972112596,0.08845606711714991,0.046532735703200837,0.0,0.0,0.0,0.1,0.0,0
6,37,world,0.37,0.027,1.1909636876233067,0.660647824893865,-0.5773587516589129,0.7057595491557133,0.7074339316929441,0.036482637151636424,0.010474170680742257,-0.003198233597210485,0.08845606711715609,0.04653273570318911,0.0,0.0,0.0,0.1,0.0,0
6,38,world,0.38,0.028,1.1909317052873343,0.6615323855650349,-0.5768934243018778,0.7057595491557133,0.7074339316929443,0.036482637151636424,0.010474170680742257,-0.0031982335972097127,0.08845606711716231,0.04653273570317739,0.0,0.0,0.0,0.1,0.0,0
6,39,world,0.39,0.029000000000000005,1.190899722951362,0.6624169462362048,-0.5764280969448428,0.7057595491557133,0.7074339316929441,0.036482637151636424,0.010474170680742257,-0.003198233597208939,0.0884560671171685,0.04653273570316566,0.0,0.0,0.0,0.1,0.0,0
6,40,world,0.4,0.030000000000000006,1.1908677406153898,0.6633015069073747,-0.5759627695878077,0.7057595491557133,0.7074339316929441,0.036482637151636424,0.010474170680742257,-0.0031982335972081653,0.08845606711717469,0.046532735703153943,0.0,0.0,0.0,0.1,0.0,0
6,41,world,0.41000000000000003,0.031000000000000007,1.1908357582794173,0.6641860675785446,-0.5754974422307726,0.7057595491557133,0.7074339316929441,0.036482637151636424,0.010474170680742257,-0.0031982335972073925,0.08845606711718089,0.04653273570314222,0.0,0.0,0.0,0.1,0.0,0
6,42,world,0.42,0.032,1.190803775943445,0.6650706282497144,-0.5750321148737376,0.7057595491557133,0.7074339316929441,0.036482637151636424,0.010474170680742257,-0.0031982335972066188,0.08845606711718708,0.04653273570313049,0.0,0.0,0.0,0.1,0.0,0
6,43,world,0.43,0.033,1.1907717936074727,0.6659551889208843,-0.5745667875167025,0.7057595491557133,0.7074339316929441,0.036482637151636424,0.010474170680742257,-0.003198233597205845,0.08845606711719328,0.04653273570311876,0.0,0.0,0.0,0.1,0.0,0
6,44,world,0.44,0.034,1.1907398112715004,0.6668397495920543,-0.5741014601596675,0.7057595491557133,0.7074339316929441,0.036482637151636424,0.010474170680742257,-0.003198233597205072,0.08845606711719947,0.04653273570310704,0.0,0.0,0.0,0.1,0.0,0
6,45,world,0.45,0.035,1.1907078289355282,0.6677243102632241,-0.5736361328026324,0.7057595491557133,0.7074339316929441,0.036482637151636424,0.010474170680742257,-0.003198233597204298,0.08845606711720566,0.04653273570309532,0.0,0.0,0.0,0.1,0.0,0
6,46,world,0.46,0.036000000000000004,1.1906758465995557,0.668608870934394,-0.5731708054455974,0.7057595491557133,0.7074339316929441,0.036482637151636424,0.010474170680742257,-0.003198233597203524,0.08845606711721186,0.04653273570308358,0.0,0.0,0.0,0.1,0.0,0
6,47,world,0.47000000000000003,0.037000000000000005,1.1906438642635835,0.6694934316055638,-0.5727054780885623,0.7057595491557133,0.7074339316929441,0.036482637151636424,0.010474170680742257,-0.0031982335972027508,0.08845606711721807,0.04653273570307187,0.0,0.0,0.0,0.1,0.0,0
6,48,world,0.48,0.038,1.1906118819276112,0.6703779922767338,-0.5722401507315272,0.7057595491557133,0.7074339316929441,0.036482637151636424,0.010474170680742257,-0.003198233597201977,0.08845606711722426,0.04653273570306014,0.0,0.0,0.0,0.1,0.0,0
6,49,world,0.49,0.039,1.1905798995916388,0.6712625529479037,-0.5717748233744921,0.7057595491557133,0.7074339316929441,0.036482637151636424,0.010474170680742254,-0.0031982335972012043,0.08845606711723046,0.04653273570304842,0.0,0.0,0.0,0.1,0.0,0
6,50,world,0.5,0.04,1.1905479172556666,0.6721471136190735,-0.5713094960174572,0.7057595491557133,0.7074339316929441,0.036482637151636424,0.010474170680742254,-0.0031982335972004297,0.08845606711723664,0.04653273570303668,0.0,0.0,0.0,0.1,0.0,0
6,51,world,0.51,0.041,1.1905159349196943,0.6730316742902435,-0.5708441686604221,0.7057595491557133,0.7074339316929441,0.036482637151636424,0.010474170680742257,-0.0031982335971996578,0.08845606711724285,0.04653273570302496,0.0,0.0,0.0,0.1,0.0,0
6,52,world,0.52,0.042,1.1904839525837219,0.6739162349614134,-0.570378841303387,0.7057595491557133,0.7074339316929441,0.036482637151636424,0.010474170680742254,-0.003198233597198884,0.08845606711724904,0.046532735703013244,0.0,0.0,0.0,0.1,0.0,0
6,53,world,0.53,0.043000000000000003,1.1904519702477496,0.6748007956325832,-0.5699135139463519,0.7057595491557133,0.7074339316929441,0.036482637151636424,0.010474170680742254,-0.0031982335971981104,0.08845606711725523,0.04653273570300152,0.0,0.0,0.0,0.1,0.0,0
6,54,world,0.54,0.044000000000000004,1.1904199879117774,0.6756853563037531,-0.569448186589317,0.7057595491557133,0.7074339316929441,0.036482637151636424,0.010474170680742254,-0.003198233597197337,0.08845606711726144,0.0465327357029898,0.0,0.0,0.0,0.1,0.0,0
6,55,world,0.55,0.045000000000000005,1.190388005575805,0.676569916974923,-0.5689828592322819,0.7057595491557133,0.7074339316929441,0.036482637151636424,0.010474170680742254,-0.0031982335971965634,0.08845606711726763,0.04653273570297807,0.0,0.0,0.0,0.1,0.0,0
6,56,world,0.56,0.046000000000000006,1.1903560232398327,0.6774544776460929,-0.5685175318752468,0.7057595491557133,0.7074339316929441,0.036482637151636424,0.010474170680742254,-0.0031982335971957898,0.08845606711727383,0.046532735702966344,0.0,0.0,0.0,0.1,0.0,0
6,57,world,0.5700000000000001,0.04700000000000001,1.1903240409038605,0.6783390383172628,-0.5680522045182117,0.7057595491557133,0.7074339316929441,0.036482637151636424,0.010474170680742254,-0.003198233597195017,0.08845606711728002,0.04653273570295462,0.0,0.0,0.0,0.1,0.0,0
6,58,world,0.58,0.048,1.190292058567888,0.6792235989884327,-0.5675868771611767,0.7057595491557133,0.7074339316929441,0.036482637151636424,0.010474170680742254,-0.0031982335971942433,0.08845606711728621,0.04653273570294289,0.0,0.0,0.0,0.1,0.0,0
6,59,world,0.59,0.049,1.1902600762319158,0.6801081596596026,-0.5671215498041416,0.7057595491557133,0.7074339316929441,0.036482637151636424,0.010474170680742254,-0.0031982335971934696,0.08845606711729241,0.04653273570293117,0.0,0.0,0.0,0.1,0.0,0
6,60,world,0.6,0.05,1.1902280938959435,0.6809927203307724,-0.5666562224471066,0.7057595491557133,0.7074339316929441,0.036482637151636424,0.010474170680742254,-0.0031982335971926963,0.08845606711729861,0.04653273570291945,0.0,0.0,0.0,0.1,0.0,0
6,61,world,0.61,0.051000000000000004,1.190196111559971,0.6818772810019423,-0.5661908950900715,0.7057595491557133,0.7074339316929441,0.036482637151636424,0.010474170680742254,-0.003198233597191922,0.0884560671173048,0.04653273570290772,0.0,0.0,0.0,0.1,0.0,0
6,62,world,0.62,0.052000000000000005,1.1901641292239988,0.6827618416731123,-0.5657255677330365,0.7057595491557133,0.7074339316929441,0.036482637151636424,0.010474170680742254,-0.003198233597191149,0.08845606711731101,0.046532735702896,0.0,0.0,0.0,0.1,0.0,0
6,63,world,0.63,0.053000000000000005,1.1901321468880264,0.6836464023442821,-0.5652602403760014,0.7057595491557133,0.7074339316929441,0.036482637151636424,0.010474170680742254,-0.003198233597190375,0.08845606711731718,0.04653273570288427,0.0,0.0,0.0,0.1,0.0,0
6,64,world,0.64,0.054000000000000006,1.1901001645520541,0.684530963015452,-0.5647949130189663,0.7057595491557133,0.7074339316929441,0.036482637151636424,0.010474170680742254,-0.0031982335971896016,0.08845606711732339,0.04653273570287254,0.0,0.0,0.0,0.1,0.0,0
6,65,world,0.65,0.05500000000000001,1.190068182216082,0.6854155236866218,-0.5643295856619313,0.7057595491557133,0.7074339316929441,0.036482637151636424,0.010474170680742254,-0.0031982335971888287,0.08845606711732959,0.04653273570286082,0.0,0.0,0.0,0.1,0.0,0
6,66,world,0.66,0.05600000000000001,1.1900361998801094,0.6863000843577918,-0.5638642583048963,0.7057595491557133,0.7074339316929441,0.036482637151636424,0.010474170680742254,-0.003198233597188055,0.08845606711733578,0.0465327357028491,0.0,0.0,0.0,0.1,0.0,0
6,67,world,0.67,0.05700000000000001,1.1900042175441372,0.6871846450289617,-0.5633989309478612,0.7057595491557133,0.7074339316929441,0.036482637151636424,0.010474170680742254,-0.0031982335971872822,0.08845606711734198,0.04653273570283737,0.0,0.0,0.0,0.1,0.0,0
6,68,world,0.68,0.05800000000000001,1.189972235208165,0.6880692057001315,-0.5629336035908261,0.7057595491557133,0.7074339316929441,0.036482637151636424,0.010474170680742254,-0.0031982335971865086,0.08845606711734817,0.04653273570282565,0.0,0.0,0.0,0.1,0.0,0
6,69,world,0.6900000000000001,0.05900000000000001,1.1899402528721925,0.6889537663713015,-0.562468276233791,0.7057595491557133,0.7074339316929441,0.036482637151636424,0.010474170680742254,-0.003198233597185735,0.08845606711735438,0.046532735702813924,0.0,0.0,0.0,0.1,0.0,0
6,70,world,0.7000000000000001,0.060000000000000005,1.1899082705362203,0.6898383270424713,-0.562002948876756,0.7057595491557133,0.7074339316929441,0.036482637151636424,0.010474170680742254,-0.0031982335971849616,0.08845606711736057,0.0465327357028022,0.0,0.0,0.0,0.1,0.0,0
6,71,world,0.71,0.061000000000000006,1.189876288200248,0.6907228877136412,-0.561537621519721,0.7057595491557133,0.7074339316929441,0.036482637151636424,0.010474170680742254,-0.003198233597184188,0.08845606711736675,0.04653273570279047,0.0,0.0,0.0,0.1,0.0,0
6,72,world,0.72,0.062000000000000006,1.1898443058642756,0.6916074483848111,-0.5610722941626859,0.7057595491557133,0.7074339316929441,0.036482637151636424,0.010474170680742254,-0.0031982335971834142,0.08845606711737296,0.046532735702778744,0.0,0.0,0.0,0.1,0.0,0
6,73,world,0.73,0.063,1.1898123235283034,0.692492009055981,-0.5606069668056508,0.7057595491557133,0.7074339316929441,0.036482637151636424,0.010474170680742254,-0.0031982335971826414,0.08845606711737916,0.04653273570276703,0.0,0.0,0.0,0.1,0.0,0
6,74,world,0.74,0.064,1.1897803411923311,0.6933765697271509,-0.5601416394486157,0.7057595491557133,0.7074339316929441,0.036482637151636424,0.010474170680742254,-0.0031982335971818677,0.08845606711738535,0.0465327357027553,0.0,0.0,0.0,0.1,0.0,0
6,75,world,0.75,0.065,1.1897483588563587,0.6942611303983208,-0.5596763120915808,0.7057595491557133,0.7074339316929441,0.036482637151636424,0.010474170680742254,-0.003198233597181093,0.08845606711739154,0.04653273570274357,0.0,0.0,0.0,0.1,0.0,0
6,76,world,0.76,0.066,1.1897163765203864,0.6951456910694906,-0.5592109847345457,0.7057595491557133,0.7074339316929441,0.036482637151636424,0.010474170680742254,-0.0031982335971803195,0.08845606711739773,0.046532735702731844,0.0,0.0,0.0,0.1,0.0,0
6,77,world,0.77,0.067,1.1896843941844142,0.6960302517406606,-0.5587456573775106,0.7057595491557133,0.7074339316929441,0.036482637151636424,0.010474170680742254,-0.0031982335971795467,0.08845606711740393,0.046532735702720124,0.0,0.0,0.0,0.1,0.0,0
6,78,world,0.78,0.068,1.1896524118484417,0.6969148124118304,-0.5582803300204755,0.7057595491557133,0.7074339316929441,0.036482637151636424,0.010474170680742254,-0.0031982335971787734,0.08845606711741014,0.0465327357027084,0.0,0.0,0.0,0.1,0.0,0
6,79,world,0.79,0.069,1.1896204295124695,0.6977993730830003,-0.5578150026634405,0.7057595491557133,0.7074339316929441,0.036482637151636424,0.010474170680742254,-0.0031982335971779997,0.08845606711741633,0.04653273570269667,0.0,0.0,0.0,0.1,0.0,0
6,80,world,0.8,0.07,1.1895884471764973,0.6986839337541703,-0.5573496753064054,0.7057595491557133,0.7074339316929441,0.036482637151636424,0.010474170680742254,-0.003198233597177227,0.08845606711742253,0.04653273570268495,0.0,0.0,0.0,0.1,0.0,0
6,81,world,0.81,0.07100000000000001,1.1895564648405248,0.6995684944253401,-0.5568843479493704,0.7057595491557133,0.7074339316929441,0.036482637151636424,0.010474170680742252,-0.0031982335971764532,0.08845606711742872,0.046532735702673224,0.0,0.0,0.0,0.1,0.0,0
6,82,world,0.8200000000000001,0.07200000000000001,1.1895244825045526,0.70045305509651,-0.5564190205923353,0.7057595491557133,0.7074339316929441,0.036482637151636424,0.010474170680742252,-0.0031982335971756795,0.08845606711743492,0.046532735702661504,0.0,0.0,0.0,0.1,0.0,0
6,83,world,0.8300000000000001,0.07300000000000001,1.18949250016858,0.7013376157676798,-0.5559536932353003,0.7057595491557133,0.7074339316929441,0.036482637151636424,0.010474170680742252,-0.0031982335971749067,0.08845606711744111,0.04653273570264978,0.0,0.0,0.0,0.1,0.0,0
6,84,world,0.84,0.07399999999999998,1.1894605178326079,0.7022221764388498,-0.5554883658782652,0.7057595491557133,0.7074339316929441,0.036482637151636424,0.010474170680742252,-0.003198233597174133,0.0884560671174473,0.04653273570263805,0.0,0.0,0.0,0.1,0.0,0
6,85,world,0.85,0.07499999999999998,1.1894285354966356,0.7031067371100196,-0.5550230385212301,0.7057595491557133,0.7074339316929441,0.036482637151636424,0.010474170680742252,-0.0031982335971733594,0.0884560671174535,0.04653273570262633,0.0,0.0,0.0,0.1,0.0,0
6,86,world,0.86,0.07599999999999998,1.1893965531606632,0.7039912977811895,-0.554557711164195,0.7057595491557133,0.7074339316929441,0.036482637151636424,0.010474170680742252,-0.003198233597172586,0.0884560671174597,0.0465327357026146,0.0,0.0,0.0,0.1,0.0,0
6,87,world,0.87,0.07699999999999999,1.189364570824691,0.7048758584523594,-0.5540923838071601,0.7057595491557133,0.7074339316929441,0.036482637151636424,0.010474170680742252,-0.0031982335971718124,0.0884560671174659,0.04653273570260288,0.0,0.0,0.0,0.1,0.0,0
6,88,world,0.88,0.07799999999999999,1.1893325884887187,0.7057604191235293,-0.553627056450125,0.7057595491557133,0.7074339316929441,0.036482637151636424,0.010474170680742252,-0.0031982335971710387,0.08845606711747209,0.04653273570259115,0.0,0.0,0.0,0.1,0.0,0
6,89,world,0.89,0.07899999999999999,1.1893006061527462,0.7066449797946992,-0.5531617290930899,0.7057595491557133,0.7074339316929441,0.036482637151636424,0.010474170680742252,-0.0031982335971702646,0.08845606711747828,0.046532735702579424,0.0,0.0,0.0,0.1,0.0,0
6,90,world,0.9,0.07999999999999999,1.189268623816774,0.707529540465869,-0.5526964017360548,0.7057595491557133,0.7074339316929441,0.036482637151636424,0.010474170680742252,-0.0031982335971694914,0.08845606711748448,0.0465327357025677,0.0,0.0,0.0,0.1,0.0,0
6,91,world,0.91,0.08099999999999999,1.1892366414808018,0.708414101137039,-0.5522310743790199,0.7057595491557133,0.7074339316929441,0.036482637151636424,0.010474170680742252,-0.0031982335971687177,0.08845606711749067,0.04653273570255598,0.0,0.0,0.0,0.1,0.0,0
6,92,world,0.92,0.08199999999999999,1.1892046591448293,0.7092986618082089,-0.5517657470219848,0.7057595491557133,0.7074339316929441,0.036482637151636424,0.010474170680742252,-0.003198233597167944,0.08845606711749687,0.04653273570254425,0.0,0.0,0.0,0.1,0.0,0
6,93,world,0.93,0.08299999999999999,1.189172676808857,0.7101832224793787,-0.5513004196649497,0.7057595491557133,0.7074339316929441,0.036482637151636424,0.010474170680742252,-0.0031982335971671716,0.08845606711750308,0.046532735702532524,0.0,0.0,0.0,0.1,0.0,0
6,94,world,0.9400000000000001,0.08399999999999999,1.1891406944728848,0.7110677831505486,-0.5508350923079146,0.7057595491557133,0.7074339316929441,0.036482637151636424,0.010474170680742252,-0.003198233597166398,0.08845606711750927,0.046532735702520804,0.0,0.0,0.0,0.1,0.0,0
6,95,world,0.9500000000000001,0.08500000000000002,1.1891087121369124,0.7119523438217186,-0.5503697649508795,0.7057595491557133,0.7074339316929441,0.036482637151636424,0.010474170680742252,-0.0031982335971656242,0.08845606711751547,0.04653273570250908,0.0,0.0,0.0,0.1,0.0,0
6,96,world,0.96,0.08600000000000002,1.1890767298009401,0.7128369044928884,-0.5499044375938446,0.7057595491557133,0.7074339316929441,0.036482637151636424,0.010474170680742252,-0.0031982335971648514,0.08845606711752166,0.04653273570249736,0.0,0.0,0.0,0.1,0.0,0
6,97,world,0.97,0.08700000000000002,1.189044747464968,0.7137214651640583,-0.5494391102368095,0.7057595491557133,0.7074339316929441,0.036482637151636424,0.010474170680742252,-0.0031982335971640777,0.08845606711752785,0.04653273570248563,0.0,0.0,0.0,0.1,0.0,0
6,98,world,0.98,0.08800000000000002,1.1890127651289955,0.7146060258352283,-0.5489737828797744,0.7057595491557133,0.7074339316929441,0.036482637151636424,0.010474170680742252,-0.003198233597163304,0.08845606711753405,0.046532735702473904,0.0,0.0,0.0,0.1,0.0,0
6,99,world,0.99,0.08900000000000002,1.1889807827930232,0.7154905865063981,-0.5485084555227393,0.7057595491557133,0.7074339316929441,0.036482637151636424,0.010474170680742252,-0.003198233597162531,0.08845606711754024,0.046532735702462184,0.0,0.0,0.0,0.1,0.0,0
6,100,world,1.0,0.09000000000000002,1.188948800457051,0.716375147177568,-0.5480431281657043,0.7057595491557133,0.7074339316929441,0.036482637151636424,0.010474170680742252,-0.0031982335971617575,0.08845606711754644,0.04653273570245045,0.0,0.0,0.0,0.1,0.0,0
6,101,world,1.01,0.09100000000000003,1.1889168181210785,0.7172597078487379,-0.5475778008086692,0.7057595491557133,0.7074339316929441,0.036482637151636424,0.010474170680742252,-0.003198233597160984,0.08845606711755263,0.04653273570243873,0.0,0.0,0.0,0.1,0.0,0
6,102,world,1.02,0.09200000000000003,1.1888848357851063,0.7181442685199078,-0.5471124734516342,0.7057595491557133,0.7074339316929441,0.036482637151636424,0.010474170680742252,-0.0031982335971602106,0.08845606711755882,0.046532735702427004,0.0,0.0,0.0,0.1,0.0,0
6,103,world,1.03,0.09300000000000003,1.1888528534491338,0.7190288291910777,-0.5466471460945991,0.7057595491557133,0.7074339316929441,0.036482637151636424,0.010474170680742252,-0.0031982335971594365,0.08845606711756503,0.04653273570241528,0.0,0.0,0.0,0.1,0.0,0
6,104,world,1.04,0.09400000000000003,1.1888208711131616,0.7199133898622475,-0.5461818187375641,0.7057595491557133,0.7074339316929441,0.036482637151636424,0.010474170680742252,-0.0031982335971586628,0.08845606711757122,0.04653273570240355,0.0,0.0,0.0,0.1,0.0,0
6,105,world,1.05,0.09500000000000003,1.1887888887771894,0.7207979505334174,-0.545716491380529,0.7057595491557134,0.707433931692944,0.03648263715163643,0.010474170680742254,-0.003198233597157889,0.08845606711757742,0.04653273570239183,0.0,0.0,0.0,0.1,0.0,0
6,106,world,1.06,0.09600000000000003,1.188756906441217,0.7216825112045873,-0.5452511640234939,0.7057595491557133,0.7074339316929441,0.036482637151636424,0.010474170680742252,-0.0031982335971571167,0.08845606711758362,0.04653273570238011,0.0,0.0,0.0,0.1,0.0,0
6,107,world,1.07,0.09700000000000003,1.1887249241052447,0.7225670718757572,-0.5447858366664589,0.7057595491557134,0.707433931692944,0.03648263715163643,0.010474170680742254,-0.003198233597156343,0.08845606711758981,0.04653273570236838,0.0,0.0,0.0,0.1,0.0,0
6,108,world,1.08,0.09800000000000003,1.1886929417692724,0.7234516325469271,-0.5443205093094239,0.7057595491557134,0.707433931692944,0.03648263715163643,0.010474170680742254,-0.0031982335971555693,0.08845606711759602,0.04653273570235666,0.0,0.0,0.0,0.1,0.0,0
6,109,world,1.09,0.09900000000000003,1.1886609594333,0.724336193218097,-0.5438551819523888,0.7057595491557134,0.707433931692944,0.03648263715163643,0.010474170680742254,-0.003198233597154796,0.0884560671176022,0.04653273570234493,0.0,0.0,0.0,0.1,0.0,0
6,110,world,1.1,0.10000000000000003,1.1886289770973277,0.7252207538892669,-0.5433898545953537,0.7057595491557134,0.707433931692944,0.03648263715163643,0.010474170680742254,-0.003198233597154022,0.0884560671176084,0.046532735702333204,-1.433519969396001e-10,-7.962137893446901e-11,2.155428857316189e-09,0.1,0.0,1
6,111,world,1.11,0.10100000000000003,1.1885970026395951,0.7261053776792228,-0.5429246467082538,0.705759549140421,0.7074339317082001,0.03648263715141001,0.010474170681530883,-0.0031966617070451676,0.08846865941560768,0.046508898666125426,1.5687486032422969e-10,8.713307853014377e-11,-2.358768632889153e-09,0.1,0.0,1
6,112,world,1.12,0.10200000000000004,1.1885650437882067,0.7269901264491676,-0.5424596754833411,0.7057595491724483,0.7074339316762487,0.036482637151884205,0.010474170679879224,-0.0031951123260273774,0.08848106315976012,0.04648540329332004,1.8862238160277635e-10,1.0476723655283837e-10,-2.8361143728644593e-09,0.1,0.0,1
6,113,world,1.1300000000000001,0.10300000000000004,1.1885331003178892,0.7278749983148504,-0.5419949375030801,0.7057595491605427,0.7074339316881262,0.03648263715170793,0.010474170680493198,-0.0031935854888653667,0.0884932786133814,0.04646224975159688,1.9354899627455046e-10,1.0750324241914899e-10,-2.910202607326811e-09,0.1,0.0,1
6,114,world,1.1400000000000001,0.10400000000000004,1.188501172003264,0.7287599913947166,-0.541530429348412,0.7057595491930956,0.7074339316556503,0.036482637152189905,0.01047417067881444,-0.0031920811834144757,0.0885053060444952,0.04643943819307822,4.1229519798235924e-11,2.2900778495760195e-11,-6.199354289464213e-10,0.1,0.0,1
6,115,world,1.1500000000000001,0.10500000000000004,1.1884692586188523,0.7296451038098722,-0.5410661475987824,0.705759549164941,0.7074339316837382,0.036482637151773044,0.010474170680266378,-0.003190599447028466,0.08851714571364612,0.04641696877088984,-3.964373967990704e-10,-2.2019261414208129e-10,5.96083498858286e-09,0.1,0.0,1
6,116,world,1.16,0.10600000000000001,1.1884373599390723,0.730530333684044,-0.540602088832167,0.7057595491508049,0.7074339316978411,0.03648263715156375,0.010474170680995385,-0.003189140269739257,0.08852879788877371,0.046394841617453386,-6.259194551550077e-11,-3.476559318205164e-11,9.411285010856152e-10,0.1,0.0,1
6,117,world,1.17,0.10700000000000001,1.1884054757382438,0.7314156791435434,-0.5401382496250989,0.7057595491582639,0.7074339316903996,0.036482637151674185,0.010474170680610722,-0.0031877036599399023,0.08854026282230198,0.04637305688364848,-1.3964211731387608e-10,-7.756191522378932e-11,2.0996498918852948e-09,0.1,0.0,1
6,118,world,1.18,0.10800000000000001,1.1883736057905894,0.7323011383172291,-0.5396746265526959,0.7057595491359083,0.7074339317127024,0.0364826371513432,0.010474170681763612,-0.0031862896402614217,0.08855154076757457,0.04635161470776334,-2.033661433697984e-10,-1.1295547830414409e-10,3.057816993319234e-09,0.1,0.0,1
6,119,world,1.19,0.10900000000000001,1.188341749870237,0.7331867093364681,-0.5392112161886866,0.7057595491365694,0.7074339317120427,0.03648263715135298,0.010474170681729513,-0.0031848982065988993,0.08856263197445853,0.04633051522668638,2.4784063690219656e-10,1.3765932838083457e-10,-3.72652993532729e-09,0.1,0.0,1
6,120,world,1.2,0.11000000000000001,1.1883099077512207,0.7340723903350982,-0.5387480151054354,0.7057595491623472,0.707433931686326,0.03648263715173464,0.010474170680400142,-0.003183529367619309,0.08857353668865231,0.04630975857451075,1.7507106875314078e-10,9.724061833527023e-11,-2.632367685374141e-09,0.1,0.0,1
6,121,world,1.21,0.11100000000000002,1.188278079207482,0.7349581794493905,-0.5382850198739697,0.7057595491552454,0.7074339316934108,0.036482637151629485,0.010474170680766375,-0.003182183147695028,0.08858425514736425,0.04628934489060305,-1.862093812476926e-10,-1.0342803002938428e-10,2.799846276048745e-09,0.1,0.0,1
6,122,world,1.22,0.11200000000000002,1.1882462640128733,0.73584407481801,-0.5378222270640058,0.705759549142483,0.7074339317061433,0.036482637151440546,0.010474170681424559,-0.0031808595483951586,0.08859478759150828,0.04626927429892234,5.5502824558573087e-11,3.0827077002193416e-11,-8.345415938165726e-10,0.1,0.0,1
6,123,world,1.23,0.11300000000000002,1.1882144619411588,0.736730074581979,-0.5373596332439736,0.7057595491611663,0.707433931687504,0.03648263715171716,0.010474170680461036,-0.003179558568806306,0.08860513425647394,0.04624954692426466,2.4755683614152676e-10,1.3750112159982548e-10,-3.722264152721668e-09,0.1,0.0,1
6,124,world,1.24,0.11400000000000002,1.1881826727660147,0.7376161768846373,-0.5368972349810421,0.7057595491688916,0.7074339316797972,0.036482637151831546,0.010474170680062652,-0.0031782802287089046,0.08861529536881158,0.04623016289703166,-2.1297096031158687e-10,-1.1829114077155357e-10,3.2022229811377842e-09,0.1,0.0,1
6,125,world,1.25,0.11500000000000002,1.1881508962610345,0.7385023798716043,-0.5364350288411454,0.7057595491384472,0.7074339317101693,0.03648263715138078,0.010474170681632672,-0.0031770245434062337,0.08862527115473327,0.04621112233868162,-9.129641487248808e-11,-5.070978359444917e-11,1.3727365381563369e-09,0.1,0.0,1
6,126,world,1.26,0.11600000000000002,1.1881191321997264,0.7393886816907402,-0.5359730113890067,0.7057595491591522,0.7074339316895133,0.03648263715168735,0.01047417068056491,-0.003175791498000509,0.08863506183945419,0.04619242536474309,2.2762278173438204e-10,1.2642838165266555e-10,-3.4225230397151548e-09,0.1,0.0,1
6,127,world,1.27,0.11700000000000002,1.188087380355519,0.7402750804921077,-0.5355111791881636,0.7057595491627293,0.7074339316859448,0.036482637151740306,0.010474170680380432,-0.003174581118404031,0.08864466763752368,0.04617407209848009,-9.392486788328817e-11,-5.216729825896488e-11,1.4122443665887095e-09,0.1,0.0,1
6,128,world,1.28,0.11800000000000002,1.18805564050176,0.7411615744279327,-0.5350495288009933,0.7057595491491326,0.7074339316995092,0.03648263715153899,0.010474170681081618,-0.003173393412210363,0.08865408876580382,0.04615606265006062,-1.6380993783648973e-11,-9.098277686803148e-12,2.4629293287996264e-10,0.1,0.0,1
6,129,world,1.29,0.11900000000000002,1.1880239124117198,0.7420481616525657,-0.5345880567887358,0.7057595491609819,0.7074339316876881,0.03648263715171443,0.010474170680470555,-0.0031722283764485403,0.08866332543353624,0.046138397135081555,9.374480358648177e-11,5.206807207613901e-11,-1.4095344141006037e-09,0.1,0.0,1
6,130,world,1.3,0.12000000000000002,1.187992195858592,0.7429348403224428,-0.5341267597115191,0.705759549159133,0.7074339316895325,0.03648263715168706,0.010474170680565897,-0.0031710860282522604,0.0886723778504464,0.04612107565689559,-1.1156423007641073e-10,-6.196640423006267e-11,1.6774813255040337e-09,0.1,0.0,1
6,131,world,1.31,0.12100000000000002,1.1879604906154946,0.7438216085960463,-0.5336656341283832,0.7057595491490805,0.7074339316995611,0.03648263715153822,0.010474170681084307,-0.00316996637421274,0.08868124621450107,0.046104098332245935,-9.596837213798884e-12,-5.3301113522863334e-12,1.4429043355100577e-10,0.1,0.0,1
6,132,world,1.32,0.12200000000000003,1.1879287964554746,0.7447084646338663,-0.5332046765973039,0.7057595491581092,0.7074339316905538,0.036482637151671896,0.010474170680618693,-0.003168869414441298,0.08868993072580388,0.046087465264281244,4.065643655071223e-10,2.2581728154058544e-10,-6.113106120484222e-09,0.1,0.0,1
6,133,world,1.33,0.12300000000000003,1.1878971131515053,0.7455954065983602,-0.5327438836752161,0.7057595491924517,0.7074339316562928,0.03648263715218037,0.010474170678847653,-0.0031677951538851574,0.08869843158340152,0.04607117654789886,-2.2789027609437775e-10,-1.2657826176098994e-10,3.426558136624538e-09,0.1,0.0,1
6,134,world,1.34,0.12400000000000003,1.187865440476491,0.746482432653915,-0.5322832519180388,0.7057595491337986,0.707433931714807,0.03648263715131196,0.010474170681872405,-0.003166743630828692,0.08870674896845072,0.04605523230019444,-3.9836363374678954e-10,-2.2126259158206073e-10,5.9897921366770735e-09,0.1,0.0,1
6,135,world,1.35,0.12500000000000003,1.1878337782032693,0.7473695409668111,-0.5318227778807065,0.7057595491499554,0.7074339316986885,0.03648263715155118,0.010474170681039195,-0.0031657148076317046,0.08871488308079029,0.04603963259756155,1.6911264055785564e-10,9.393111288780166e-11,-2.5427815885867264e-09,0.1,0.0,1
6,136,world,1.36,0.12600000000000003,1.1878021261046114,0.7482567297051947,-0.5313624581172145,0.7057595491518391,0.7074339316968092,0.03648263715157906,0.010474170680942049,-0.0031647087148814683,0.08872283409313325,0.04602437755399094,-1.531171023305687e-10,-8.504551229915328e-11,2.302262276220738e-09,0.1,0.0,1
6,137,world,1.37,0.12700000000000003,1.1877704839532188,0.7491439970389747,-0.5309022891805196,0.7057595491336213,0.7074339317149838,0.03648263715130933,0.010474170681881547,-0.0031637253600933866,0.08873060218768059,0.046009467256831804,-1.363201218573805e-10,-7.57172102794356e-11,2.0497110952977217e-09,0.1,0.0,1
6,138,world,1.3800000000000001,0.12800000000000003,1.187738851521732,0.7500313411398569,-0.5304422676227067,0.7057595491372969,0.7074339317113171,0.03648263715136376,0.010474170681692001,-0.0031627647387915954,0.08873818753984662,0.045994901797373915,2.1278187545270532e-10,1.1818532263951896e-10,-3.199381200507525e-09,0.1,0.0,1
6,139,world,1.3900000000000001,0.12900000000000003,1.1877072285827293,0.7509187601812783,-0.5299823899949596,0.7057595491563203,0.7074339316923387,0.03648263715164542,0.010474170680710958,-0.00316182685829908,0.0887455903243461,0.04598068125747451,-3.906978907064482e-11,-2.1700002905689056e-11,5.874487528367829e-10,0.1,0.0,1
6,140,world,1.4000000000000001,0.13000000000000003,1.1876756149087297,0.7518062523383666,-0.529522652847584,0.705759549133129,0.707433931715475,0.036482637151302046,0.010474170681906937,-0.003160911740025025,0.08875281070216184,0.045966805734551544,-3.5857775082526654e-11,-1.9916013282994782e-11,5.391615268395752e-10,0.1,0.0,1
6,141,world,1.41,0.131,1.1876440102721937,0.7526938157879008,-0.5290630527300303,0.705759549152495,0.7074339316961548,0.036482637151588775,0.010474170680908218,-0.003160019367574925,0.08875984884104787,0.045953275305584976,8.500422588042622e-11,4.721500967974696e-11,-1.2781223345318004e-09,0.1,0.0,1
6,142,world,1.42,0.132,1.1876124144455222,0.7535814487082704,-0.5286035861909153,0.705759549142197,0.7074339317064284,0.0364826371514363,0.010474170681439292,-0.003159149765499645,0.08876670489627414,0.04594009005886826,7.965572645929335e-11,4.424342836539803e-11,-1.197708116495651e-09,0.1,0.0,1
6,143,world,1.43,0.133,1.187580827201063,0.7544691492794363,-0.5281442497780455,0.7057595491609925,0.7074339316876774,0.036482637151714584,0.010474170680470006,-0.003158302923887462,0.08877337902632661,0.04592725006887655,5.0467963141898015e-11,2.803104970361401e-11,-7.588393943162152e-10,0.1,0.0,1
6,144,world,1.44,0.134,1.1875492483111079,0.75535691568289,-0.5276850400384384,0.7057595491475808,0.7074339317010574,0.03648263715151601,0.010474170681161651,-0.003157478864114506,0.08877987137915337,0.04591475541831469,6.14473749660504e-11,3.412894966636766e-11,-9.239142654063328e-10,0.1,0.0,1
6,145,world,1.45,0.135,1.1875176775478964,0.7562447461016137,-0.5272259535183453,0.7057595491675475,0.707433931681138,0.036482637151811645,0.010474170680131964,-0.003156677574254279,0.0887861821049556,0.04590260617783985,1.0936737626643368e-10,6.074481195827979e-11,-1.6444358461736847e-09,0.1,0.0,1
6,146,world,1.46,0.136,1.1874861146836173,0.7571326387200406,-0.5267669867632726,0.7057595491592477,0.707433931689418,0.03648263715168876,0.010474170680559985,-0.0031558990754709214,0.08879231134363834,0.045890802425756716,-1.7440909827470796e-11,-9.68669588985448e-12,2.6223488983588535e-10,0.1,0.0,1
6,147,world,1.47,0.137,1.1874545594904091,0.7580205917240135,-0.5263081363180041,0.705759549165687,0.7074339316829941,0.03648263715178409,0.010474170680227912,-0.0031551433612584754,0.08879825923762856,0.04587934422740611,-3.8878622543592175e-11,-2.1593143939568885e-11,5.845644064292328e-10,0.1,0.0,1
6,148,world,1.48,0.138,1.1874230117403621,0.758908603300745,-0.5258493987266227,0.7057595491551003,0.7074339316935556,0.03648263715162734,0.010474170680773867,-0.003154410445036115,0.08880402591740727,0.045868231659883116,-1.6537535230121118e-10,-9.185534277644781e-11,2.486582120764244e-09,0.1,0.0,1
6,149,world,1.49,0.139,1.1873914712055207,0.7597966716387781,-0.5253907705325319,0.7057595491480452,0.7074339317005941,0.0364826371515229,0.010474170681137707,-0.0031537003256133763,0.08880961151819872,0.045857464782114304,1.0024377161688126e-10,5.5679072463732324e-11,-1.5072598605423548e-09,0.1,0.0,1
6,150,world,1.5,0.14,1.187359937657883,0.760684794927943,-0.5249322482784771,0.705759549165794,0.7074339316828873,0.036482637151785666,0.010474170680222383,-0.00315301300215628,0.08881501616576565,0.045847043661320405,1.1334683192032445e-11,6.297046217795803e-12,-1.704352425250381e-10,0.1,0.0,1
6,151,world,1.51,0.14100000000000001,1.1873284108694033,0.7615729713593198,-0.5244738285065672,0.7057595491492543,0.7074339316993877,0.036482637151540785,0.010474170681075342,-0.0031523484943307696,0.08882023998067712,0.045836968363376925,-1.3597248327279477e-10,-7.552534986299259e-11,2.0444936867612656e-09,0.1,0.0,1
6,152,world,1.52,0.14200000000000002,1.1872968906119947,0.7624611991251958,-0.5240155077582961,0.7057595491512888,0.7074339316973581,0.03648263715157092,0.010474170680970434,-0.0031517067925247834,0.08882528308393771,0.045827238945329064,1.7738172042314189e-10,9.852119120523629e-11,-2.6670999013923116e-09,0.1,0.0,1
6,153,world,1.53,0.14300000000000002,1.1872653766575283,0.7633494764190252,-0.5235572825745636,0.7057595491681768,0.70743393168051,0.036482637151820964,0.010474170680099506,-0.0031510879014466256,0.08883014559223476,0.045817855461596356,1.4749659826840387e-11,8.192752032343256e-12,-2.217766877261882e-10,0.1,0.0,1
6,154,world,1.54,0.14400000000000002,1.1872338687778363,0.7642378014353896,-0.5230991494956961,0.7057595491528622,0.7074339316957884,0.036482637151594215,0.010474170680889287,-0.0031504918376796098,0.08883482761062758,0.04580881797831935,-1.4644188639500997e-10,-8.133771434160045e-11,2.2018943363500523e-09,0.1,0.0,1
6,155,world,1.55,0.14500000000000002,1.1872023667447127,0.7651261723699557,-0.5226411050614687,0.7057595491525549,0.707433931696095,0.03648263715158966,0.010474170680905134,-0.003149918592640639,0.08883932924772858,0.04580012654647816,1.56774246362623e-10,8.707756737891253e-11,-2.3572607516127144e-09,0.1,0.0,1
6,156,world,1.56,0.14600000000000002,1.187170870329915,0.7660145874194351,-0.522183145811125,0.7057595491695865,0.7074339316791037,0.03648263715184183,0.010474170680026816,-0.0031493681688556426,0.08884365060961669,0.045791781211188515,1.287348699863243e-10,7.150356695628793e-11,-1.9356579978192075e-09,0.1,0.0,1
6,157,world,1.57,0.14700000000000002,1.1871393793051657,0.766903044781544,-0.5217252682833987,0.705759549166288,0.7074339316823945,0.03648263715179299,0.010474170680196914,-0.0031488405798136376,0.08884779179123221,0.045783782028407945,3.6445846340882294e-11,2.0243182130563733e-11,-5.479911554910616e-10,0.1,0.0,1
6,158,world,1.58,0.14800000000000002,1.1871078934421535,0.7677915426549615,-0.5212674690165342,0.7057595491734744,0.7074339316752251,0.036482637151899394,0.010474170679826313,-0.0031483358208422886,0.08885175288769526,0.04577612904498523,-3.5811978382760375e-11,-1.989138020963564e-11,5.384677729744486e-10,0.1,0.0,1
6,159,world,1.59,0.14900000000000002,1.1870764125125355,0.7686800792392899,-0.5208097445483068,0.7057595491624676,0.7074339316862057,0.03648263715173643,0.010474170680393932,-0.0031478539025147933,0.08885553398841949,0.04576882230778124,-3.223487449188764e-10,-1.790415038449565e-10,4.846827659273768e-09,0.1,0.0,1
6,160,world,1.6,0.15000000000000002,1.1870449362879363,0.7695686527350142,-0.5203520914160462,0.7057595491390872,0.7074339317095308,0.03648263715139026,0.010474170681599669,-0.003147394826547325,0.08885913517803613,0.04576186186353575,-1.7443373134806685e-10,-9.688500002269496e-11,2.6227810396607625e-09,0.1,0.0,1
6,161,world,1.61,0.15100000000000002,1.1870134645263346,0.7704572612366515,-0.5198945059501661,0.7057595491438596,0.7074339317047698,0.03648263715146092,0.010474170681353555,-0.003146962671033874,0.08886252449903735,0.04575530969849409,1.5168179212654546e-10,8.424719255550874e-11,-2.280683823220606e-09,0.1,0.0,1
6,162,world,1.62,0.15200000000000002,1.1869819969311892,0.7713459024122955,-0.5194369836545197,0.7057595491552682,0.7074339316933882,0.03648263715162984,0.010474170680765218,-0.0031465615314614907,0.08886566999858184,0.045749227821154315,1.5756146387602123e-10,8.751506463955384e-11,-2.3690945852219257e-09,0.1,0.0,1
6,163,world,1.6300000000000001,0.15300000000000002,1.1869505331923036,0.7722345738242076,-0.5189795198259475,0.7057595491606679,0.7074339316880014,0.036482637151709775,0.010474170680486748,-0.0031461914149890947,0.08886857176981336,0.04574361628876518,8.548023400223307e-12,4.748285098443713e-12,-1.285212930003664e-10,0.1,0.0,1
6,164,world,1.6400000000000001,0.15400000000000003,1.1869190729994499,0.773123273035577,-0.5185221097608018,0.70575954915618,0.7074339316924785,0.036482637151643335,0.010474170680718188,-0.0031458523254845674,0.08887122990454849,0.04573847514291587,-8.837479359424797e-11,-4.908642936563007e-11,1.328808433729774e-09,0.1,0.0,1
6,165,world,1.6500000000000001,0.15500000000000003,1.186887616042367,0.7740119976104481,-0.5180647487549866,0.7057595491512402,0.7074339316974066,0.03648263715157019,0.01047417068097293,-0.0031455442636474855,0.08887364448320721,0.04573380442908647,1.5862450242209987e-10,8.810556451077636e-11,-2.3850753295105695e-09,0.1,0.0,1
6,166,world,1.6600000000000001,0.15600000000000003,1.1868561620107665,0.7749007451136449,-0.5176074321039987,0.7057595491731016,0.707433931675597,0.03648263715189387,0.01047417067984553,-0.0031452672248805874,0.08887581558248593,0.04572960418188685,8.894725234132154e-11,4.940284292764893e-11,-1.337414169211657e-09,0.1,0.0,1
6,167,world,1.67,0.157,1.1868247105943357,0.7757895131106963,-0.5171501551029651,0.7057595491607289,0.7074339316879406,0.03648263715171069,0.010474170680483607,-0.0031450212277206336,0.08887774326480971,0.045725874443598775,-1.5875564751688589e-10,-8.817738206268302e-11,2.3870471734227124e-09,0.1,0.0,1
6,168,world,1.68,0.158,1.1867932614827381,0.7766782991677625,-0.5166929130466843,0.705759549156166,0.7074339316924925,0.03648263715164312,0.010474170680718903,-0.0031448062632001973,0.08887942759235438,0.04572261524040783,-3.590495956107272e-11,-1.9942381079829355e-11,5.398658733599121e-10,0.1,0.0,1
6,169,world,1.69,0.159,1.1867618143656173,0.7775671008515591,-0.5162357012296642,0.7057595491568985,0.7074339316917616,0.03648263715165397,0.01047417068068113,-0.0031446223336534344,0.08888086861827389,0.045719826596782094,-4.876272996501212e-11,-2.7084931519815873e-11,7.331948958556768e-10,0.1,0.0,1
6,170,world,1.7,0.16000000000000003,1.1867303689326008,0.7784559157292834,-0.5157785149461631,0.7057595491509642,0.707433931697682,0.036482637151566105,0.010474170680987169,-0.0031444694439241912,0.08888206638536533,0.045717508538674075,0.0,0.0,0.0,0.1,0.0,1
6,171,world,1.71,0.16100000000000003,1.1866989248732998,0.7793447413685389,-0.5153213494902277,0.7057595491572118,0.7074339316914491,0.03648263715165862,0.010474170680664977,-0.003144347590435249,0.08888302093118994,0.04571566108431746,5.0059262290957866e-11,2.7804147872956238e-11,-7.526874794012283e-10,0.1,0.0,1
6,172,world,1.72,0.16200000000000003,1.186667481877315,0.7802335753372609,-0.5148642001557324,0.7057595491563043,0.7074339316923545,0.036482637151645174,0.010474170680711773,-0.003144256779508253,0.0888837322825386,0.0457142842537267,1.2558322437516965e-10,6.975496569250333e-11,-1.8882834748948346e-09,0.1,0.0,1
6,173,world,1.73,0.16300000000000003,1.1866360396342384,0.7811224152036419,-0.5144070622364199,0.7057595491706088,0.7074339316780839,0.036482637151856956,0.010474170679974087,-0.003144197005487948,0.08888420046703625,0.04571337804763936,-1.1331040272732896e-10,-6.29357677084385e-11,1.7037266888085528e-09,0.1,0.0,1
6,174,world,1.74,0.16400000000000003,1.1866045978336535,0.7820112585360562,-0.5139499310259381,0.7057595491442168,0.7074339317044135,0.036482637151466206,0.010474170681335136,-0.0031441682842133834,0.0888844254908764,0.04571294248850526,-2.3358120992966726e-10,-1.297392748789149e-10,3.512126245212851e-09,0.1,0.0,1
6,175,world,1.75,0.16500000000000004,1.186573156165142,0.782900102902986,-0.5134928018178817,0.705759549145691,0.7074339317029427,0.036482637151488036,0.010474170681259111,-0.0031441705976036137,0.0888844073674598,0.0457129775686142,2.1972111630130774e-10,1.2203987820313942e-10,-3.3037168703856057e-09,0.1,0.0,1
6,176,world,1.76,0.16600000000000004,1.186541714318284,0.7837889458729457,-0.5130356699058294,0.7057595491676559,0.7074339316810297,0.03648263715181324,0.010474170680126366,-0.0031442039473185547,0.0888841460978183,0.045713483284468275,1.966135587672112e-11,1.0920778170664382e-11,-2.9562568755817066e-10,0.1,0.0,1
6,177,world,1.77,0.16700000000000004,1.1865102719826612,0.7846777850144077,-0.5125785305833842,0.7057595491477884,0.7074339317008502,0.03648263715151909,0.010474170681150948,-0.003144268349911876,0.08888364166660775,0.04571445964490683,0.0,0.0,0.0,0.1,0.0,1
6,178,world,1.78,0.16800000000000004,1.1864788288478592,0.785566617895727,-0.512121379144212,0.705759549166982,0.707433931681702,0.03648263715180327,0.010474170680161118,-0.0031443637832910642,0.08888289406522709,0.04571590662983671,8.451885025184675e-11,4.694404587279873e-11,-1.2708172676071512e-09,0.1,0.0,1
6,179,world,1.79,0.16900000000000004,1.1864473846034709,0.7864554420850672,-0.5116642108820811,0.7057595491568046,0.7074339316918554,0.036482637151652585,0.01047417068068598,-0.0031444902645744004,0.08888190326694628,0.045717824233237524,-2.120737613298116e-10,-1.1779119346577703e-10,3.1887304699929733e-09,0.1,0.0,1
6,180,world,1.8,0.17000000000000004,1.1864159389390994,0.787344255150325,-0.5112070210909013,0.7057595491443587,0.7074339317042718,0.03648263715146831,0.010474170681327812,-0.0031446477855646793,0.08888066924270688,0.045720212436878356,-7.090439346768553e-11,-3.938238624101582e-11,1.066120520858137e-09,0.1,0.0,1
6,181,world,1.81,0.17100000000000004,1.1863844915443602,0.7882330546590558,-0.5107498050647632,0.7057595491492407,0.7074339316994014,0.03648263715154059,0.01047417068107605,-0.003144836339846829,0.08887919195491399,0.04572307122052426,6.32195684691083e-11,3.511496649011289e-11,-9.505772850717373e-10,0.1,0.0,1
6,182,world,1.82,0.17200000000000004,1.1863530421088826,0.7891218381783985,-0.5102925580979767,0.7057595491511028,0.7074339316975436,0.03648263715156815,0.010474170680980013,-0.003145055931132388,0.08887747135693225,0.04572640056234188,-1.669549914984357e-10,-9.273068424242573e-11,2.5103297316298574e-09,0.1,0.0,1
6,183,world,1.83,0.17300000000000004,1.1863215903223154,0.7900106032750018,-0.5098352754851116,0.7057595491314305,0.7074339317171695,0.03648263715127689,0.010474170681994528,-0.003145306562155172,0.08887550739652916,0.04573020043296938,1.2576190089319526e-10,6.985072242837726e-11,-1.8909422801454534e-09,0.1,0.0,1
6,184,world,1.84,0.17400000000000004,1.1862901358743265,0.790899347514948,-0.509377952521036,0.7057595491645187,0.7074339316841596,0.03648263715176679,0.010474170680288155,-0.0031455882114280916,0.08887330001603648,0.04573447079680378,2.3330747056515807e-10,1.2958592532363853e-10,-3.508010727607324e-09,0.1,0.0,1
6,185,world,1.85,0.17500000000000004,1.1862586784546085,0.7917880684636787,-0.5089205845009536,0.705759549156319,0.7074339316923398,0.03648263715164539,0.010474170680711017,-0.003145900901282789,0.08887084914155685,0.04573921162829495,-9.121696453728834e-11,-5.066572161815936e-11,1.3715486699931292e-09,0.1,0.0,1
6,186,world,1.86,0.17600000000000005,1.1862272177845603,0.7926767639342885,-0.5084631672007932,0.7057595491547879,0.7074339316938675,0.036482637151622734,0.010474170680789981,-0.0031462351109405153,0.08886822922085703,0.045744278765501335,-8.921127725436397e-11,-4.955133525719186e-11,1.3413872389147332e-09,0.1,0.0,1
6,187,world,1.87,0.17700000000000005,1.186195753712343,0.7935654327328223,-0.5080056983183763,0.7057595491468023,0.7074339317018342,0.036482637151504495,0.010474170681201808,-0.003146581337370283,0.08886551472069631,0.04574952807748973,-9.958769919826683e-11,-5.5312351920910827e-11,1.4973875871876469e-09,0.1,0.0,1
6,188,world,1.8800000000000001,0.17800000000000005,1.186164286117815,0.7944540739133553,-0.5075481760320963,0.7057595491441642,0.7074339317044659,0.03648263715146542,0.010474170681337842,-0.003146939575624763,0.08886270561478776,0.04575495953584631,-1.7674403607337277e-11,-9.816800150552742e-12,2.6576035209308043e-10,0.1,0.0,1
6,189,world,1.8900000000000001,0.17900000000000005,1.1861328148808463,0.7953426865296297,-0.5070905985205115,0.7057595491449167,0.7074339317037152,0.03648263715147657,0.010474170681299038,-0.0031473098257835726,0.08885980186352714,0.045760573134907584,1.2984092967460712e-10,7.211592434330773e-11,-1.9522876425290943e-09,0.1,0.0,1
6,190,world,1.9000000000000001,0.18000000000000005,1.186101339881318,0.7962312696350422,-0.5066329639623497,0.7057595491580152,0.7074339316906476,0.03648263715167051,0.010474170680623547,-0.0031476920837519838,0.08885680343676368,0.04576636884816436,-1.7394766183009816e-11,-9.661021982410023e-12,2.6153437597022074e-10,0.1,0.0,1
6,191,world,1.9100000000000001,0.18100000000000005,1.1860698609991238,0.7971198222826346,-0.5061752705365136,0.7057595491430612,0.7074339317055663,0.036482637151449095,0.010474170681394732,-0.0031480863593356155,0.08885371029267335,0.045772346668046665,2.4877322424288518e-11,1.381811332024103e-11,-3.7405026450353577e-10,0.1,0.0,1
6,192,world,1.92,0.18200000000000002,1.1860383781141697,0.7980083435250805,-0.5057175164220867,0.7057595491606691,0.7074339316880002,0.0364826371517098,0.010474170680486684,-0.003148492634923232,0.08885052240083638,0.045778506563957606,-8.515792238039777e-11,-4.730001113006982e-11,1.2804444082716886e-09,0.1,0.0,1
6,193,world,1.93,0.18300000000000002,1.186006891106374,0.7988968324146751,-0.5052596997983381,0.7057595491339766,0.7074339317146293,0.0364826371513146,0.01047417068186322,-0.003148910929613496,0.08884723971664032,0.04578484852755564,0.0,0.0,0.0,0.1,0.0,1
6,194,world,1.94,0.18400000000000002,1.1859753998556684,0.7997852880033226,-0.504801818844728,0.7057595491609537,0.7074339316877161,0.036482637151714015,0.010474170680472001,-0.003149341216511342,0.08884386220484075,0.04579137253270808,3.3033506485757827e-10,1.8347788566241953e-10,-4.966911880703231e-09,0.1,0.0,1
6,195,world,1.95,0.18500000000000003,1.1859439042419995,0.8006737093425255,-0.5043438717409137,0.7057595491692158,0.7074339316794735,0.03648263715183634,0.010474170680045924,-0.00314978351309027,0.08884038982172349,0.04579807856389694,-6.196813895353863e-11,-3.4418301542160595e-11,9.317425899834492e-10,0.1,0.0,1
6,196,world,1.96,0.18600000000000003,1.1859124041453253,0.8015620954833725,-0.5038858566667539,0.7057595491543432,0.7074339316943109,0.036482637151616135,0.01047417068081291,-0.0031502378189742068,0.08883682252609687,0.04580496659916556,-9.599300521134772e-11,-5.331707297884232e-11,1.443344006596055e-09,0.1,0.0,1
6,197,world,1.97,0.18700000000000003,1.1858808994456203,0.8024504454765278,-0.5034277718023156,0.7057595491589755,0.7074339316896895,0.03648263715168472,0.010474170680574015,-0.0031507041217545815,0.08883316027552561,0.045812036617028276,-6.286360321183789e-11,-3.491651412446115e-11,9.452168973737845e-10,0.1,0.0,1
6,198,world,1.98,0.18800000000000003,1.1858493900228722,0.8033387583722188,-0.5029696153278774,0.7057595491476372,0.7074339317010011,0.036482637151516846,0.010474170681158745,-0.003151182429130025,0.08882940302475814,0.045819288597308355,3.0960997654538825e-11,1.719631381735807e-11,-4.655329561512734e-10,0.1,0.0,1
6,199,world,1.99,0.18900000000000003,1.1858178757570847,0.8042270332202256,-0.5025113854239376,0.7057595491622786,0.7074339316863946,0.03648263715173363,0.010474170680403691,-0.0031516727285872802,0.08882555073068914,0.04582672251428909,1.182443032377022e-10,6.567558996639627e-11,-1.7779130001994281e-09,0.1,0.0,1
6,200,world,2.0,0.19000000000000003,1.1857863565282767,0.8051152690698684,-0.5020530802712176,0.7057595491602511,0.7074339316884171,0.03648263715170361,0.010474170680508243,-0.0031521750296538194,0.08882160334518956,0.0458343383477087,-1.6496665145026875e-10,-9.162705316700798e-11,2.480432162834144e-09,0.1,0.0,1
6,201,world,2.0100000000000002,0.19100000000000006,1.1857548322164824,0.8060034649699973,-0.5015946980506686,0.7057595491446803,0.707433931703951,0.03648263715147307,0.01047417068131123,-0.0031526893301452915,0.08881756081894462,0.04584213607763782,-2.111921748593202e-11,-1.173020014455516e-11,3.1755073288779164e-10,0.1,0.0,1
6,202,world,2.02,0.19200000000000003,1.185723302701753,0.8068916199689797,-0.5011362369434769,0.7057595491579981,0.7074339316906647,0.03648263715167026,0.010474170680624425,-0.0031532156171483307,0.08881342310671665,0.045850115674217234,0.0,0.0,0.0,0.1,0.0,1
6,203,world,2.0300000000000002,0.19300000000000006,1.1856917678641552,0.8077797331146905,-0.5006776951310682,0.7057595491445072,0.7074339317041236,0.03648263715147051,0.010474170681320151,-0.003153753903528571,0.08880919015596604,0.04585827711719493,-1.813268285522083e-10,-1.0071422862356617e-10,2.7264200445908904e-09,0.1,0.0,1
6,204,world,2.04,0.19400000000000003,1.185660227583774,0.8086678034544987,-0.5002190707951156,0.7057595491386548,0.7074339317099624,0.03648263715138386,0.010474170681621972,-0.0031543041786160145,0.08880486191695261,0.04586662037974619,3.109214274932353e-11,1.726951914804477e-11,-4.674981105359924e-10,0.1,0.0,1
6,205,world,2.05,0.195,1.1856286817407105,0.8095558300352574,-0.49976036211754316,0.7057595491478241,0.7074339317008147,0.03648263715151962,0.010474170681149104,-0.0031548664388173875,0.08880043833714027,0.04587514543720789,3.6966540939431483e-10,2.0532429922948102e-10,-5.558293061924673e-09,0.1,0.0,1
6,206,world,2.06,0.19600000000000004,1.185597130215085,0.8104438119032923,-0.49930156728053254,0.7057595491780896,0.7074339316706207,0.036482637151967715,0.0104741706795883,-0.003155440680603001,0.08879591936468151,0.04588385226081368,1.2387764425358925e-10,6.880537806175362e-11,-1.8626237704988374e-09,0.1,0.0,1
6,207,world,2.07,0.197,1.1855655728870333,0.8113317481043895,-0.4988426844665279,0.705759549161039,0.707433931687631,0.03648263715171528,0.010474170680467606,-0.003156026920138549,0.08879130494079421,0.045892740831097206,-3.0635632919384627e-10,-1.7016041353734566e-10,4.60637685764306e-09,0.1,0.0,1
6,208,world,2.08,0.19800000000000004,1.1855340096367128,0.8122196376837849,-0.4983837118582424,0.7057595491454084,0.7074339317032247,0.03648263715148385,0.010474170681273685,-0.0031566251425780914,0.08878659501416322,0.04590181111350849,1.0743697598236669e-10,5.967379368421172e-11,-1.6154207962623667e-09,0.1,0.0,1
6,209,world,2.09,0.199,1.1855024403442984,0.8131074796861536,-0.4979246476386635,0.7057595491725001,0.7074339316761971,0.03648263715188497,0.010474170679876554,-0.0031572353356450495,0.08878178952674837,0.045911063083569646,1.7504851734795308e-10,9.722674054746242e-11,-2.6320173362841234e-09,0.1,0.0,1
6,210,world,2.1,0.20000000000000004,1.185470864889983,0.8139952731555943,-0.4974654899910537,0.7057595491640819,0.7074339316845952,0.03648263715176033,0.010474170680310677,-0.003157857517577866,0.08877688841882078,0.04592049671520249,-2.1202276045961794e-10,-1.1776378483485662e-10,3.187961152657443e-09,0.1,0.0,1
6,211,world,2.11,0.201,1.1854392831123068,0.8148830168072293,-0.49700623646708353,0.7057595491498821,0.7074339316987615,0.03648263715155009,0.01047417068104297,-0.0031585041804338704,0.08877179311247745,0.045930301533276305,-1.2028190943258453e-10,-6.680767050681873e-11,1.8085486504660473e-09,0.1,0.0,1
6,212,world,2.12,0.20200000000000004,1.18540769468315,0.8157707080416228,-0.49654688209148273,0.7057595491512507,0.7074339316973962,0.03648263715157035,0.010474170680972393,-0.003159187815892731,0.08876640493746309,0.04594066702630953,2.53851106801761e-10,1.409962424592236e-10,-3.816911999139635e-09,0.1,0.0,1
6,213,world,2.13,0.203,1.1853760992327813,0.8166583439291049,-0.496087421258003,0.7057595491769623,0.7074339316717454,0.03648263715195103,0.010474170679646443,-0.0031599084143838873,0.08876072369873375,0.04595159308761507,-2.344489186123508e-10,-1.3021909939237007e-10,3.52516447564739e-09,0.1,0.0,1
6,214,world,2.14,0.20400000000000004,1.1853444963915436,0.8175459215379932,-0.49562784836147405,0.7057595491262404,0.7074339317223473,0.036482637151200044,0.010474170682262177,-0.0031606659949325296,0.08875474918230603,0.045963079618911815,-1.757913259403663e-10,-9.763995167944007e-11,2.6432137511730984e-09,0.1,0.0,1
6,215,world,2.15,0.20500000000000002,1.1853128857898576,0.8184334379344871,-0.49516815779786294,0.7057595491582094,0.7074339316904541,0.03648263715167339,0.010474170680613532,-0.003161460507700267,0.08874848118101503,0.045975126487278695,2.697092549297506e-10,1.498030866020626e-10,-4.055349280126723e-09,0.1,0.0,1
6,216,world,2.16,0.20600000000000004,1.1852812670582262,0.8193208901825654,-0.4947083439643375,0.7057595491550122,0.7074339316936435,0.03648263715162604,0.010474170680778416,-0.0031622919750496645,0.0887419194615105,0.04598773357919827,-3.551429983428274e-11,-1.9725887590027446e-11,5.339898336877142e-10,0.1,0.0,1
6,217,world,2.17,0.20700000000000002,1.1852496398272399,0.8202082753438831,-0.49424840125932884,0.7057595491544207,0.7074339316942335,0.036482637151617286,0.01047417068080891,-0.0031631603781850323,0.08873506378843626,0.04600090076165932,-1.6967885430041452e-10,-9.424509783695351e-11,2.5512897675571117e-09,0.1,0.0,1
6,218,world,2.18,0.20800000000000005,1.1852180037275788,0.8210955904776668,-0.4937883240825931,0.7057595491369113,0.7074339317117015,0.03648263715135805,0.010474170681711881,-0.0031640657129613694,0.08872791391239371,0.0460146279015588,7.248368572021486e-11,4.02605032645553e-11,-1.0898667385239583e-09,0.1,0.0,1
6,219,world,2.19,0.20900000000000002,1.1851863583900202,0.821982832640614,-0.4933281068352752,0.7057595491621531,0.7074339316865195,0.036482637151731764,0.010474170680410146,-0.003165007954074113,0.08872046957799345,0.04602891485263354,1.685797335060379e-10,9.363516906280134e-11,-2.534765561508534e-09,0.1,0.0,1
6,220,world,2.2,0.21000000000000002,1.185154703445439,0.8228699988867889,-0.4928677439199707,0.705759549154895,0.7074339316937606,0.03648263715162431,0.01047417068078446,-0.0031659871110306355,0.08871273051280203,0.04604376147292654,-2.4075637317100584e-10,-1.3372393470323547e-10,3.620005629891751e-09,0.1,0.0,1
6,221,world,2.21,0.211,1.1851230385248157,0.8237570862675199,-0.4924072297407913,0.70575954913647,0.7074339317121419,0.036482637151351506,0.010474170681734642,-0.0031670031674248494,0.08870469644093538,0.046059167602758834,-3.015712679577118e-11,-1.6749795994641642e-11,4.534468883276434e-10,0.1,0.0,1
6,222,world,2.22,0.21200000000000002,1.185091363259238,0.8246440918312976,-0.4919465587034269,0.7057595491516778,0.70743393169697,0.03648263715157667,0.01047417068095036,-0.0031680561008302723,0.0886963670731608,0.04607513308244601,3.814726312612035e-11,2.1188606424971096e-11,-5.7357405500516e-10,0.1,0.0,1
6,223,world,2.23,0.213,1.1850596772799062,0.8255310126236727,-0.4914857252152114,0.7057595491405394,0.7074339317080821,0.036482637151411756,0.010474170681524776,-0.0031691459152230583,0.08868774210889478,0.046091657746214744,-9.020596769548909e-11,-5.0103671211942885e-11,1.3563365925187133e-09,0.1,0.0,1
6,224,world,2.24,0.21400000000000002,1.1850279802181398,0.8264178456871543,-0.49102472368518635,0.705759549142055,0.7074339317065702,0.036482637151434204,0.010474170681446621,-0.0031702725883802512,0.08867882124160846,0.046108741415421636,9.748347962190696e-11,5.4145576910968826e-11,-1.4657652424709244e-09,0.1,0.0,1
6,225,world,2.25,0.215,1.1849962717053775,0.8273045880611071,-0.4905635485241665,0.7057595491509386,0.7074339316977074,0.036482637151565724,0.010474170680988479,-0.00317143610956888,0.0886696041494556,0.04612638391400056,5.210901155017206e-11,2.894316730728261e-11,-7.835201508866316e-10,0.1,0.0,1
6,226,world,2.2600000000000002,0.21600000000000003,1.1849645513731855,0.8281912367816514,-0.4901021941448057,0.7057595491476137,0.7074339317010244,0.036482637151516506,0.010474170681159948,-0.0031726364708391354,0.08866009050368047,0.046144585052886655,4.2537501299122443e-11,2.3626239853413703e-11,-6.39597126346827e-10,0.1,0.0,1
6,227,world,2.27,0.217,1.1849328188532595,0.8290777888815614,-0.48964065496166176,0.7057595491554765,0.7074339316931804,0.03648263715163291,0.010474170680754468,-0.0031738736530323567,0.08865027996391989,0.04616334464001946,1.42954051374211e-10,7.940141599771515e-11,-2.149454198614382e-09,0.1,0.0,1
6,228,world,2.2800000000000002,0.21800000000000003,1.1849010737774315,0.8299642413901631,-0.48917892539126445,0.7057595491628637,0.7074339316858106,0.03648263715174229,0.010474170680373504,-0.003175147645018492,0.08864017218327055,0.046182662469291265,-8.240387538993581e-11,-4.5770331968952815e-11,1.2390259554028577e-09,0.1,0.0,1
6,229,world,2.29,0.219,1.1848693157776726,0.8308505913332355,-0.4887169998521807,0.7057595491466858,0.7074339317019502,0.03648263715150277,0.010474170681207805,-0.0031764584390096603,0.08862976679769784,0.04620253834120962,-1.238318475538235e-10,-6.878005109900436e-11,1.8619327705072364e-09,0.1,0.0,1
6,230,world,2.3000000000000003,0.22000000000000003,1.184837544486098,0.831736835732909,-0.4882548727650829,0.7057595491496537,0.7074339316989894,0.036482637151546704,0.010474170681054749,-0.003177806009229088,0.08861906343927023,0.046222972038958136,3.596085235146869e-10,1.9973710185805495e-10,-5.407068223066755e-09,0.1,0.0,1
6,231,world,2.31,0.221,1.1848057595349717,0.8326229716075656,-0.48779253855281657,0.7057595491850478,0.7074339316636791,0.03648263715207075,0.010474170679229466,-0.003179190336813484,0.08860806173100605,0.04624396333659706,0.0,0.0,0.0,0.1,0.0,1
6,232,world,2.32,0.22199999999999998,1.184773960556713,0.833508995971739,-0.48732999164046875,0.7057595491497296,0.7074339316989138,0.036482637151547835,0.01047417068105084,-0.0031806114332206463,0.08859676127677532,0.04626551201680311,-2.629604867188104e-10,-1.4605504305986717e-10,3.953868477199123e-09,0.1,0.0,1
6,233,world,2.33,0.223,1.184742147183897,0.8343949058360147,-0.4868672264554365,0.7057595491569959,0.7074339316916645,0.03648263715165541,0.010474170680676102,-0.0031820692527273473,0.08858516168334124,0.04628761783465574,-1.2444524577492886e-10,-6.91197099556006e-11,1.8711547177148437e-09,0.1,0.0,1
6,234,world,2.34,0.22399999999999998,1.1847103190492634,0.8352806982069315,-0.48640423742749656,0.7057595491364541,0.7074339317121577,0.03648263715135127,0.010474170681735452,-0.0031835637974768783,0.08857326253496328,0.04631028055907095,-7.002592949945093e-11,-3.889527588896155e-11,1.0529050016843532e-09,0.1,0.0,1
6,235,world,2.35,0.225,1.1846784757857167,0.8361663700868709,-0.4859410189888535,0.7057595491495258,0.707433931699117,0.03648263715154481,0.010474170681061346,-0.003185095033506666,0.0885610634225855,0.046333499922715994,1.390214332541716e-10,7.721601136267957e-11,-2.090318830571048e-09,0.1,0.0,1
6,236,world,2.36,0.22599999999999998,1.1846466183692517,0.8370519291809254,-0.48547758593802687,0.7057595491512845,0.7074339316973625,0.03648263715157085,0.010474170680970648,-0.0031862600819495047,0.08855177641515363,0.046351166548543495,8.09696060199982e-11,4.4972706114698685e-11,-1.2174604586186874e-09,0.1,0.0,1
6,237,world,2.37,0.227,1.1846147531472762,0.8379374260443366,-0.4850140345254431,0.7057595491581634,0.7074339316904998,0.0364826371516727,0.010474170680615904,-0.003186656162819087,0.08854861806611462,0.04635717270370712,-2.028106849127907e-10,-1.1264773835950582e-10,3.049452660872085e-09,0.1,0.0,1
6,238,world,2.38,0.22799999999999998,1.184582887808854,0.8388229219792047,-0.4845504813470765,0.7057595491296492,0.7074339317189464,0.036482637151250524,0.01047417068208639,-0.0031862833781855617,0.08855159071023949,0.04635151972611176,-7.541571533931084e-11,-4.188836777441193e-11,1.133940700668786e-09,0.1,0.0,1
6,239,world,2.39,0.229,1.1845510300429969,0.8397084782881153,-0.48408704299812416,0.7057595491501183,0.7074339316985259,0.03648263715155359,0.010474170681030796,-0.0031851416237359503,0.08856069212198786,0.046334206410720204,2.0859078353474538e-10,1.158580176241485e-10,-3.1363689423358185e-09,0.1,0.0,1
6,240,world,2.4,0.22999999999999998,1.1845191875404057,0.8405941562285011,-0.48362383609839243,0.7057595491519011,0.7074339316967473,0.03648263715157998,0.010474170680938854,-0.0031832306622027484,0.08857591549172546,0.046305229049794394,-3.6122146940265015e-11,-2.006311783375734e-11,5.431349976974665e-10,0.1,0.0,1
6,241,world,2.41,0.231,1.1844873679952046,0.8414800169669362,-0.4831609773175568,0.7057595491462648,0.7074339317023701,0.03648263715149653,0.010474170681229515,-0.0031805500612604623,0.08859724945199048,0.04626458138630017,-7.758967079940499e-11,-4.309608225838698e-11,1.1666373433711483e-09,0.1,0.0,1
6,242,world,2.42,0.23199999999999998,1.1844555791066567,0.8423661215332926,-0.48269858340016947,0.705759549143624,0.7074339317050047,0.036482637151457435,0.010474170681365705,-0.0031770992196092766,0.08862467803081997,0.046212254700265964,7.48064804545478e-11,4.154940280720606e-11,-1.1247869443568168e-09,0.1,0.0,1
6,243,world,2.43,0.233,1.1844238285808588,0.8432525307746919,-0.48223677119028835,0.705759549154245,0.7074339316944089,0.036482637151614684,0.010474170680817978,-0.0031728773677767194,0.08865818064327737,0.04614823782370296,1.0240627790203395e-10,5.687950110910828e-11,-1.5397752409045101e-09,0.1,0.0,1
6,244,world,2.44,0.23399999999999999,1.1843921241323958,0.8441393053091844,-0.4817756576555979,0.7057595491545484,0.7074339316941062,0.03648263715161918,0.010474170680802333,-0.003167883581206601,0.08869773205501807,0.046072517208333025,-8.417329333543217e-11,-4.675218545635571e-11,1.2656422839017043e-09,0.1,0.0,1
6,245,world,2.45,0.23500000000000001,1.1843604734859605,0.8450265054790891,-0.4813153599108951,0.7057595491452655,0.7074339317033671,0.036482637151481735,0.010474170681281043,-0.0031621167698902817,0.08874330234670508,0.04598507699389956,1.7876151947593387e-10,9.929071453917963e-11,-2.6878512219760654e-09,0.1,0.0,1
6,246,world,2.46,0.236,1.1843288843779176,0.8459141913039323,-0.4808559952408074,0.7057595491736182,0.7074339316750816,0.03648263715190152,0.010474170679818888,-0.0031555756779901934,0.08879485687218241,0.04588589908881721,1.286696443836276e-10,7.146713776329245e-11,-1.9346939415104668e-09,0.1,0.0,1
6,247,world,2.47,0.23700000000000002,1.184297364557812,0.8468024224329236,-0.48039768112161535,0.7057595491589918,0.7074339316896734,0.03648263715168496,0.010474170680573186,-0.0031482589351864037,0.08885235620488004,0.04577496327161974,-3.672038367819039e-10,-2.0395699018571618e-10,5.521277901023021e-09,0.1,0.0,1
6,248,world,2.48,0.238,1.1842659217898057,0.847691258096907,-0.4799405352420451,0.7057595491344459,0.7074339317141611,0.036482637151321544,0.01047417068183902,-0.003140165001750671,0.08891575608736935,0.04565224729597902,5.859895901849648e-11,3.254722880097202e-11,-8.810853468262789e-10,0.1,0.0,1
6,249,world,2.49,0.23900000000000002,1.1842345638540417,0.8485807570597372,-0.47948467552289636,0.7057595491652429,0.707433931683437,0.03648263715177752,0.01047417068025081,-0.00313129219720233,0.08898500737244111,0.0455177270094009,1.2958349671077217e-10,7.197506479705846e-11,-1.948423209883683e-09,0.1,0.0,1
6,250,world,2.5,0.24,1.1842032985479196,0.8494709775690247,-0.47903022013537333,0.7057595491482695,0.7074339317003702,0.03648263715152621,0.01047417068112613,-0.0031216387620707896,0.08906005594615446,0.04537137650884067,-2.269563009749118e-10,-1.260578447181969e-10,3.4125051037985734e-09,0.1,0.0,1
6,251,world,2.5100000000000002,0.24100000000000002,1.1841721336872773,0.8503619773062033,-0.4785772875179767,0.705759549141032,0.7074339317075908,0.036482637151419056,0.010474170681499381,-0.0031112027818886857,0.08914084267274187,0.04521316826814342,0.0,0.0,0.0,0.1,0.0,1
6,252,world,2.52,0.242,1.1841410771074674,0.8512538133358788,-0.47812599639182185,0.7057595491475787,0.7074339317010595,0.03648263715151598,0.010474170681161755,-0.0030999822537367385,0.0892273033126784,0.04504307331403809,2.862599046693501e-10,1.5899816185882527e-10,-4.30420613430418e-09,0.1,0.0,1
6,253,world,2.5300000000000002,0.24300000000000002,1.1841101366643236,0.8521465420544155,-0.477676465774241,0.7057595491715694,0.7074339316771256,0.03648263715187118,0.010474170679924556,-0.0030879750846829635,0.08931936844362966,0.044861061408614844,9.225120667366576e-11,5.12392211993173e-11,-1.3870863767480302e-09,0.1,0.0,1
6,254,world,2.54,0.244,1.1840793202350002,0.8530402191377338,-0.4772288149905247,0.7057595491574197,0.7074339316912417,0.03648263715166168,0.010474170680654244,-0.00307517911895073,0.08941696338514926,0.04466710123083035,-2.499587342663643e-10,-1.388354708975469e-10,3.758386202083738e-09,0.1,0.0,1
6,255,world,2.5500000000000003,0.24500000000000002,1.184048635718682,0.8539348994882863,-0.47678316368366097,0.7057595491449045,0.7074339317037275,0.03648263715147639,0.010474170681299673,-0.0030615921126951715,0.08952000811026795,0.044461160597459026,3.0307006904095576e-11,1.683306272148853e-11,-4.5570645781228783e-10,0.1,0.0,1
6,256,world,2.56,0.246,1.1840180910371496,0.8548306371811951,-0.4763396318219249,0.7057595491606529,0.7074339316880163,0.03648263715170955,0.01047417068048752,-0.0030472117751689605,0.08962841717068146,0.044243206663572274,8.292533326681558e-11,4.606003078944158e-11,-1.2468685860276572e-09,0.1,0.0,1
6,257,world,2.57,0.247,1.1839876941351974,0.8557274854095368,-0.47589833970417167,0.7057595491537506,0.7074339316949021,0.03648263715160736,0.010474170680843463,-0.0030320358033797128,0.08974209959302198,0.04401320619454062,-1.169644242571265e-10,-6.496643500941695e-11,1.7586753884787902e-09,0.1,0.0,1
6,258,world,2.58,0.248,1.1839574529808847,0.856625496428768,-0.47545940796268177,0.7057595491481754,0.7074339317004642,0.03648263715152482,0.010474170681130986,-0.003016061856649489,0.08986095881496148,0.04377112577639125,3.65794200485325e-11,2.0315346627164365e-11,-5.499978185559412e-10,0.1,0.0,1
6,259,world,2.59,0.249,1.1839273755657365,0.8575247215011761,-0.47502295756523316,0.7057595491576528,0.7074339316910093,0.03648263715166515,0.01047417068064224,-0.0029992875978361836,0.08998489258711567,0.0435169321068331,1.975232477580134e-10,1.097098106805915e-10,-2.9699600959977288e-09,0.1,0.0,1
6,260,world,2.6,0.25,1.183897469904408,0.8584252108368352,-0.4745891098090099,0.7057595491692465,0.7074339316794428,0.0364826371518368,0.01047417068004434,-0.0029817107285113192,0.09011379279980558,0.04325059246259164,9.592257543822306e-11,5.327960295176121e-11,-1.4422877388925436e-09,0.1,0.0,1
6,261,world,2.61,0.251,1.1838677434063611,0.859327008974662,-0.474157976799537,0.7057595491678854,0.7074339316808007,0.03648263715181664,0.010474170680114523,-0.0029635174528488974,0.09024617959621395,0.042974930280275714,-6.914954719938741e-11,-3.8407818592212056e-11,1.039733793853358e-09,0.1,0.0,1
6,262,world,2.62,0.252,1.1838382009883188,0.86023014124243,-0.47372963285419356,0.70575954916187,0.7074339316868021,0.03648263715172759,0.01047417068042476,-0.00294489427520264,0.09038061039335071,0.04269277295553925,-1.8964725623238355e-10,-1.0533691974234921e-10,2.8515256833300924e-09,0.1,0.0,1
6,263,world,2.63,0.253,1.1838088469628565,0.861134627824754,-0.4733041431235024,0.7057595491476545,0.7074339317009838,0.03648263715151711,0.010474170681157852,-0.002925838491691831,0.09051703379183906,0.04240408073107589,1.0603323774560623e-11,5.889733145636449e-12,-1.594337726076865e-10,0.1,0.0,1
6,264,world,2.64,0.254,1.1837796856696712,0.8620404883839765,-0.47288157315653456,0.7057595491630011,0.7074339316856736,0.03648263715174433,0.010474170680366426,-0.002906347362534283,0.09065539680947199,0.04210881349937883,1.1300578528494742e-10,6.276784647596394e-11,-1.6991598883117615e-09,0.1,0.0,1
6,265,world,2.65,0.255,1.1837507214759222,0.8629477420449119,-0.4724619889057402,0.7057595491597097,0.7074339316889572,0.03648263715169559,0.010474170680536162,-0.0028864181386925895,0.09079564491464107,0.041806930703688856,-1.5144691056789826e-10,-8.411708829481051e-11,2.2771589681166282e-09,0.1,0.0,1
6,266,world,2.66,0.256,1.1837219587765166,0.8638564073790791,-0.47204545673098725,0.7057595491468451,0.7074339317017913,0.03648263715150512,0.010474170681199584,-0.0028660480308585505,0.09093772196988076,0.041498391434048126,-8.498861336914124e-11,-4.720564217297603e-11,1.2778980944174585e-09,0.1,0.0,1
6,267,world,2.67,0.257,1.1836934019943424,0.8647665023884361,-0.4716320434027723,0.7057595491506433,0.7074339316980021,0.03648263715156136,0.010474170681003717,-0.0028452342242861316,0.09108157018896877,0.041183154494537064,6.156637699650242e-11,3.4195909992540375e-11,-9.257128321272367e-10,0.1,0.0,1
6,268,world,2.68,0.258,1.1836650555804442,0.8656780444886022,-0.4712218161045786,0.7057595491534129,0.707433931695239,0.03648263715160236,0.010474170680860886,-0.0028239739009358637,0.0912271300836248,0.04086117849637028,-2.4290985889408015e-11,-1.3491985306757202e-11,3.65239500969838e-10,0.1,0.0,1
6,269,world,2.69,0.259,1.1836369240141418,0.8665910504915902,-0.4708148424343411,0.7057595491480521,0.7074339317005872,0.036482637151522994,0.010474170681137351,-0.0028022642319572373,0.09137434040926318,0.04053242196003574,0.0,0.0,0.0,0.1,0.0,1
6,270,world,2.7,0.26,1.1836090118030842,0.8675055365880444,-0.47041119040498985,0.705759549152857,0.7074339316957938,0.03648263715159414,0.010474170680889563,-0.0027801023784662284,0.09152313812650459,0.040196843386539796,9.616751839303096e-11,5.34152583275826e-11,-1.4459700960461186e-09,0.1,0.0,1
6,271,world,2.71,0.261,1.1835813234832462,0.8684215183289927,-0.47001092844403913,0.705759549158311,0.7074339316903527,0.03648263715167488,0.010474170680608292,-0.002757485513461075,0.09167345834251199,0.039854401377599095,9.546738399812672e-11,5.3025986379573395e-11,-1.4354376031994867e-09,0.1,0.0,1
6,272,world,2.72,0.262,1.1835538636188538,0.8693390106071246,-0.469614125392181,0.7057595491630411,0.7074339316856337,0.036482637151744914,0.010474170680364355,-0.0027344108178969807,0.09182523427201349,0.03950505471922308,-3.048776509029235e-11,-1.693471751718077e-11,4.5839662361074577e-10,0.1,0.0,1
6,273,world,2.73,0.263,1.183526636802246,0.8702580276376048,-0.46922085050085466,0.7057595491550587,0.7074339316935973,0.03648263715162673,0.010474170680776022,-0.0027108754928205315,0.09197839718934435,0.03914876249055183,2.0911744558205195e-11,1.1614667561055105e-11,-3.14428442050457e-10,0.1,0.0,1
6,274,world,2.74,0.264,1.1834996476536637,0.8711785829384364,-0.4688311734287487,0.7057595491652718,0.7074339316834082,0.03648263715177794,0.010474170680249313,-0.0026868767529561488,0.09213287638057518,0.03878548418101902,1.294686580166625e-10,7.191157391783768e-11,-1.946680517521738e-09,0.1,0.0,1
6,275,world,2.75,0.265,1.1834729008209677,0.8721006893103834,-0.4684451642372038,0.70575954916887,0.7074339316798187,0.03648263715183122,0.010474170680063758,-0.0026624118592956823,0.09228859910565446,0.03841517978881889,-9.965951675017227e-11,-5.5352944450248684e-11,1.4984696805869069e-09,0.1,0.0,1
6,276,world,2.7600000000000002,0.266,1.1834464009792791,0.8730243588164763,-0.4680628933844753,0.7057595491546406,0.7074339316940144,0.036482637151620534,0.010474170680797576,-0.0026374781091442695,0.09244549055331537,0.03803780994721784,-1.4368090051064526e-10,-7.980387184414176e-11,2.1603679023658708e-09,0.1,0.0,1
6,277,world,2.77,0.267,1.183420152830544,0.8739496027611144,-0.4676844317188187,0.7057595491535426,0.7074339316951097,0.036482637151604276,0.010474170680854199,-0.002612072836010922,0.0926034738046736,0.03765333603821186,7.689647529840462e-11,4.271027975732972e-11,-1.1562054536441006e-09,0.1,0.0,1
6,278,world,2.7800000000000002,0.268,1.1833941611030174,0.8748764316687897,-0.46730985047035684,0.7057595491628436,0.7074339316858307,0.036482637151741985,0.010474170680374538,-0.0025861934380153797,0.09276246979508199,0.03726172031747421,-4.4239611973750874e-11,-2.4573051926601837e-11,6.651989506098457e-10,0.1,0.0,1
6,279,world,2.79,0.269,1.183368430550661,0.8758048552624512,-0.4669392212416949,0.7057595491488232,0.707433931699818,0.036482637151534415,0.01047417068109758,-0.0025598373858502733,0.09292239727859547,0.03686292604442677,1.1573068892101183e-10,6.427948451293014e-11,-1.7401357752747775e-09,0.1,0.0,1
6,280,world,2.8000000000000003,0.27,1.1833429659524608,0.8767348824415387,-0.46657261599723976,0.7057595491751895,0.7074339316735141,0.036482637151924784,0.010474170679737866,-0.0025330021971732737,0.0930831727974068,0.03645691761294727,0.0,0.0,0.0,0.1,0.0,1
6,281,world,2.81,0.271,1.1833177721116503,0.8776665212597125,-0.46621010705118643,0.705759549148167,0.7074339317004726,0.036482637151524694,0.010474170681131429,-0.0025056855139866333,0.09324471064906786,0.03604366069195258,-2.6037158540326983e-11,-1.4462736563914224e-11,3.9150249340169297e-10,0.1,0.0,1
6,282,world,2.82,0.27199999999999996,1.183292853854848,0.8785997789023108,-0.46585176705413456,0.7057595491724118,0.7074339316762851,0.036482637151883664,0.01047417067988111,-0.0024778850154599965,0.09340692287100294,0.03562312234519412,2.0675891554411387e-10,1.148393879990549e-10,-3.108810024731245e-09,0.1,0.0,1
6,283,world,2.83,0.273,1.183268216031097,0.8795346616635712,-0.46549766897829153,0.7057595491702233,0.7074339316784686,0.036482637151851266,0.010474170679993969,-0.0024495985312080527,0.09356971920428178,0.03519527120321373,-1.586980546974813e-10,-8.814511620602865e-11,2.386183834074752e-09,0.1,0.0,1
6,284,world,2.84,0.27399999999999997,1.1832438635108113,0.8804711749236425,-0.4651478861012318,0.7057595491554823,0.7074339316931745,0.036482637151633,0.010474170680754163,-0.0024208239761334127,0.0937330070865257,0.0347600775861318,-1.180923414612066e-10,-6.559197629485418e-11,1.7756342294943087e-09,0.1,0.0,1
6,285,world,2.85,0.275,1.183219801184956,0.8814093231272893,-0.4648024919931989,0.7057595491576255,0.7074339316910364,0.03648263715166474,0.010474170680643638,-0.0023915593904199704,0.09389669158288638,0.03431751380083369,3.965335004796341e-11,2.2023008416915937e-11,-5.96221590978482e-10,0.1,0.0,1
6,286,world,2.86,0.27599999999999997,1.1831960320583128,0.8823490992978866,-0.46446153168495835,0.7057595491597125,0.7074339316889545,0.03648263715169565,0.010474170680536023,-0.0023623726177524253,0.09405755923058123,0.03387616783522895,2.3281446215328543e-10,1.2931287984851978e-10,-3.500604363673717e-09,0.1,0.0,1
6,287,world,2.87,0.277,1.1831725515900753,0.8832904548764645,-0.4641249361072449,0.7057595491824615,0.7074339316662592,0.036482637152032454,0.010474170679362835,-0.0023338286152811065,0.09421259599758572,0.03344458101681334,-1.6329784746638139e-10,-9.070036388614246e-11,2.455337241033873e-09,0.1,0.0,1
6,288,world,2.88,0.27799999999999997,1.1831493533257351,0.884233332236134,-0.46379260727838817,0.7057595491422923,0.7074339317063333,0.03648263715143772,0.010474170681434384,-0.0023059326883841397,0.09436193802680322,0.03302283037933592,-3.424420469411157e-10,-1.9020167385530569e-10,5.1489444056074904e-09,0.1,0.0,1
6,289,world,2.89,0.279,1.1831264307599276,0.8851776751037884,-0.4634644464758486,0.7057595491459309,0.7074339317027034,0.03648263715149158,0.010474170681246734,-0.0022786897007811527,0.09450571989195039,0.03261098712016804,6.879705138906893e-11,3.821248872881706e-11,-1.0344272476352907e-09,0.1,0.0,1
6,290,world,2.9,0.27999999999999997,1.183103777340216,0.8861234285432261,-0.463140354292843,0.7057595491496315,0.7074339316990117,0.036482637151546385,0.010474170681055904,-0.002252104189129909,0.09464407436570167,0.03220911694195971,4.906387796044239e-11,2.7250771084119637e-11,-7.377148425555945e-10,0.1,0.0,1
6,291,world,2.91,0.281,1.1830813864706893,0.8870705389362198,-0.46282023069203165,0.7057595491511648,0.7074339316974818,0.036482637151569075,0.01047417068097682,-0.002226180328309649,0.09477713223436544,0.03181728031393408,1.4614351395714196e-11,8.118158922876254e-12,-2.1974774972767487e-10,0.1,0.0,1
6,292,world,2.92,0.282,1.1830592515153617,0.8880189539616814,-0.4625039750562795,0.7057595491511904,0.7074339316974563,0.03648263715156946,0.010474170680975501,-0.002200921961871457,0.09490502210954327,0.031435532775902796,1.2015909101048537e-10,6.673897545717005e-11,-1.8067074041266238e-09,0.1,0.0,1
6,293,world,2.93,0.28300000000000003,1.1830373658013866,0.8889686225730583,-0.4621914862365202,0.705759549163983,0.7074339316846939,0.03648263715175887,0.010474170680315784,-0.0021763326175165084,0.09502787026134772,0.03106392521769262,-1.3373364915469908e-10,-7.427981840724123e-11,2.010830765135708e-09,0.1,0.0,1
6,294,world,2.94,0.284,1.1830157226220765,0.8899194949741007,-0.4618826625967551,0.7057595491369241,0.7074339317116889,0.03648263715135823,0.010474170681711218,-0.002152415549026841,0.09514580045501572,0.030702504182536006,-1.6680337666663532e-10,-9.264637668149325e-11,2.5080458597535167e-09,0.1,0.0,1
6,295,world,2.95,0.28500000000000003,1.1829943152397402,0.8908715225931209,-0.4615774020562259,0.705759549146189,0.7074339317024458,0.036482637151495405,0.010474170681233425,-0.002129173699698906,0.09525893381670437,0.03035131212091576,5.3336501881773243e-11,2.96242197439511e-11,-8.019724587107055e-10,0.1,0.0,1
6,296,world,2.96,0.286,1.1829731368883365,0.8918246580558771,-0.46127560212881036,0.7057595491426139,0.7074339317060125,0.036482637151442475,0.010474170681417797,-0.002106609791328746,0.09536738869183947,0.03001038768970987,1.2600129273288008e-10,6.998499002541786e-11,-1.8945511121287018e-09,0.1,0.0,1
6,297,world,2.97,0.28700000000000003,1.1829521807759449,0.8927788551571871,-0.4609771599596892,0.7057595491596305,0.7074339316890362,0.03648263715169442,0.010474170680540247,-0.0020847262848252674,0.09547128052804502,0.029679766014116316,1.214823380779605e-10,6.747484515567941e-11,-1.82659526610021e-09,0.1,0.0,1
6,298,world,2.98,0.288,1.1829314400870645,0.8937340688313881,-0.46068197235934766,0.7057595491555732,0.7074339316930839,0.03648263715163435,0.010474170680749476,-0.002063525440272672,0.095570721765737,0.029359478945196468,4.917871665455204e-11,2.7314955852730775e-11,-7.39446812158053e-10,0.1,0.0,1
6,299,world,2.99,0.28900000000000003,1.1829109079847373,0.8946902551217419,-0.4603899358349675,0.7057595491648767,0.7074339316838025,0.0364826371517721,0.010474170680269696,-0.0020430092933343184,0.09566582173520677,0.029049555328007876,-2.9620403352303955e-11,-1.6452117446164022e-11,4.453703681892014e-10,0.1,0.0,1
6,300,world,3.0,0.29,1.1828905776125038,0.8956473711488815,-0.46010094661928097,0.7057595491524133,0.7074339316962363,0.03648263715158757,0.01047417068091243,-0.0020231797115511803,0.09575668656523102,0.028750021250476918,-1.2618205091907684e-10,-7.00856039870245e-11,1.89726950513072e-09,0.1,0.0,1
6,301,world,3.0100000000000002,0.29100000000000004,1.182870442096233,0.8966053750785558,-0.45981490069750436,0.7057595491514159,0.7074339316972313,0.0364826371515728,0.010474170680963873,-0.0020040383721959512,0.09584341910370589,0.02846090027940354,1.1922476894632426e-10,6.622168091663378e-11,-1.7926692411334555e-09,0.1,0.0,1
6,302,world,3.02,0.292,1.1828504945458658,0.897564226088899,-0.4595316938329459,0.705759549165132,0.7074339316835477,0.03648263715177587,0.01047417068025653,-0.0019855868060452897,0.09592611883715477,0.028182213714960765,4.389162644446993e-11,2.4379456786682826e-11,-6.599499213170288e-10,0.1,0.0,1
6,303,world,3.0300000000000002,0.29300000000000004,1.1828307280563557,0.8985238843341172,-0.4592512215805678,0.7057595491560982,0.7074339316925602,0.03648263715164212,0.010474170680722409,-0.0019678264132829775,0.09600488183365015,0.027913980785872497,-2.7643512479080783e-11,-1.5354731375261094e-11,4.1565703786869366e-10,0.1,0.0,1
6,304,world,3.04,0.294,1.182811135709602,0.8994843109126469,-0.45897337931542975,0.7057595491621831,0.7074339316864898,0.036482637151732215,0.01047417068040861,-0.001950758447723363,0.09607980067661426,0.027656218892334397,1.0353350121672367e-10,5.750504239454552e-11,-1.5567261184550722e-09,0.1,0.0,1
6,305,world,3.0500000000000003,0.29500000000000004,1.1827917105754304,0.9004454678311037,-0.45869806224683324,0.7057595491671428,0.7074339316815417,0.03648263715180565,0.010474170680152831,-0.0019343840670097666,0.09615096440783864,0.02740894382722267,1.941780070069397e-11,1.0785469739538189e-11,-2.919728369667193e-10,0.1,0.0,1
6,306,world,3.06,0.296,1.1827724457126425,0.9014073179686578,-0.4584251654334864,0.7057595491642544,0.7074339316844231,0.03648263715176288,0.010474170680301783,-0.0019187043276537468,0.09621845848436691,0.027172169964785754,-8.426696840313489e-11,-4.6804227160635e-11,1.2670348494350772e-09,0.1,0.0,1
6,307,world,3.0700000000000003,0.29700000000000004,1.1827533341700267,0.9023698250413462,-0.45815458379805646,0.7057595491581534,0.7074339316905097,0.036482637151672555,0.010474170680616417,-0.0019037201982266636,0.09628236473253997,0.026945910467397638,-6.173707378653852e-11,-3.42909728390239e-11,9.282810360233114e-10,0.1,0.0,1
6,308,world,3.08,0.298,1.182734368987047,0.9033329535651431,-0.4578862121368746,0.7057595491576685,0.7074339316909936,0.03648263715166537,0.010474170680641423,-0.0018894325731576515,0.09634276131238984,0.026730177463970786,0.0,0.0,0.0,0.1,0.0,1
6,309,world,3.09,0.299,1.1827155431942316,0.9042966688179659,-0.45761994512516285,0.7057595491577126,0.7074339316909495,0.03648263715166602,0.010474170680639138,-0.001875842288828304,0.09639972268672287,0.0265249822173432,-4.8087228643467445e-11,-2.6708843470224482e-11,7.230334603605664e-10,0.1,0.0,1
6,310,world,3.1,0.3,1.182696849814211,0.905260936804556,-0.4573556773319927,0.7057595491525387,0.7074339316961111,0.03648263715158942,0.01047417068090597,-0.0018629501308121852,0.0964533195925009,0.02633033528835115,-3.686009830694556e-11,-2.0472859518783063e-11,5.54218314036819e-10,0.1,0.0,1
6,311,world,3.11,0.301,1.1826782836894896,0.9062257317417783,-0.4570933308141912,0.7057595491537806,0.7074339316948722,0.0364826371516078,0.010474170680841926,-0.0018502091096250315,0.09650586955966745,0.02613797748072934,-2.5805746428630963e-11,-1.4332979247910758e-11,3.8801351996860214e-10,0.1,0.0,1
6,312,world,3.12,0.302,1.182659846947395,0.9071910581713979,-0.4568329376161448,0.7057595491497859,0.7074339316988575,0.03648263715154866,0.010474170681047936,-0.001837073439174617,0.0965596123502322,0.025939668925257477,-8.402480100588855e-11,-4.6670653452984784e-11,1.2634134298646061e-09,0.1,0.0,1
6,313,world,3.13,0.303,1.1826415435394226,0.908156927847934,-0.45657455731730634,0.705759549144817,0.7074339317038146,0.036482637151475095,0.010474170681304181,-0.0018235421537613002,0.09661451288733822,0.02573539573342162,5.0606741019976146e-11,2.810911226003296e-11,-7.609264021830869e-10,0.1,0.0,1
6,314,world,3.14,0.304,1.1826233774264412,0.9091233521680506,-0.4563182496317692,0.7057595491551845,0.7074339316934717,0.03648263715162859,0.010474170680769524,-0.0018096142765616373,0.09667053493205911,0.02552514391966488,5.833562799484321e-11,3.240185897368517e-11,-8.771288437323796e-10,0.1,0.0,1
6,315,world,3.15,0.305,1.182605352579193,0.9100903421606766,-0.45606407441569835,0.70575954915104,0.7074339316976063,0.03648263715156723,0.010474170680983254,-0.001795288836343838,0.09672764107845527,0.025308899410911474,-7.719415384688228e-11,-4.287681321102351e-11,1.1606921261793347e-09,0.1,0.0,1
6,316,world,3.16,0.306,1.18258747297827,0.9110579084749086,-0.4558120916666758,0.7057595491469496,0.707433931701687,0.036482637151506674,0.010474170681194201,-0.0017805648457550533,0.09678579273894904,0.025086648096612353,1.3167592016749539e-11,7.311859451242237e-12,-1.979665075532015e-10,0.1,0.0,1
6,317,world,3.17,0.307,1.182569742614103,0.9120260613679979,-0.4555623615233804,0.7057595491524445,0.707433931696205,0.03648263715158804,0.01047417068091082,-0.0017654413179370488,0.09684495013106159,0.0248583758734378,1.664220844466156e-10,9.243716903029043e-11,-2.5023238797890173e-09,0.1,0.0,1
6,318,world,3.18,0.308,1.1825521654869482,0.9129948106933158,-0.4553149442651847,0.7057595491647031,0.7074339316839756,0.03648263715176952,0.010474170680278646,-0.0017499172729926683,0.09690507225936323,0.024624068712243187,-1.7716279832047361e-10,-9.840010750661311e-11,2.663803184109468e-09,0.1,0.0,1
6,319,world,3.19,0.309,1.182534745606842,0.9139641658881748,-0.4550699003112242,0.7057595491335455,0.7074339317150595,0.036482637151308214,0.010474170681885456,-0.0017339917508732911,0.0969661169031577,0.024383712706047434,-2.2887143569238387e-10,-1.2712296493244315e-10,3.441305476258634e-09,0.1,0.0,1
6,320,world,3.2,0.31000000000000005,1.1825174869935149,0.9149341359615139,-0.454827290218923,0.7057595491402877,0.7074339317083331,0.03648263715140804,0.010474170681537758,-0.0017176637643498494,0.09702804060853881,0.02413729410808892,2.9918151289720614e-10,1.6617401898955096e-10,-4.498485888263997e-09,0.1,0.0,1
6,321,world,3.21,0.311,1.18250039367627,0.9159047294814632,-0.45458717468195425,0.7057595491654612,0.7074339316832192,0.03648263715178075,0.010474170680239548,-0.0017009323690643176,0.09709079866720238,0.02388479941805341,3.924048586068093e-11,2.1795412696867784e-11,-5.900186914563339e-10,0.1,0.0,1
6,322,world,3.22,0.31200000000000006,1.1824834696938238,0.9168759545627765,-0.4543496145276241,0.7057595491444738,0.707433931704157,0.036482637151470015,0.010474170681321877,-0.001683796650996236,0.0971543451088801,0.023626215424877473,-7.703872262343472e-11,-4.278938314783426e-11,1.1583409470321258e-09,0.1,0.0,1
6,323,world,3.23,0.313,1.1824667190941083,0.917847818854153,-0.45411467071365874,0.705759549157243,0.707433931691418,0.03648263715165907,0.010474170680663364,-0.001666255677329476,0.09721863269290994,0.023361529259422018,6.948504271964133e-11,3.859412789353197e-11,-1.0447892009012017e-09,0.1,0.0,1
6,324,world,3.24,0.31400000000000006,1.182450145934028,0.918820329525449,-0.4538824043243746,0.7057595491518863,0.707433931696762,0.03648263715157976,0.010474170680939619,-0.0016483085786420468,0.09728361289136137,0.02309072847775325,-5.850875339774569e-11,-3.2497268764863886e-11,8.797254862514389e-10,0.1,0.0,1
6,325,world,3.25,0.315,1.1824337542791798,0.9197934932547931,-0.45365287656621894,0.7057595491510016,0.7074339316976447,0.03648263715156666,0.010474170680985244,-0.0016299544947115667,0.09734923588498291,0.022813801107117698,8.145428775918611e-11,4.5242282142865475e-11,-1.224739428797027e-09,0.1,0.0,1
6,326,world,3.2600000000000002,0.31600000000000006,1.1824175482035284,0.9207673162156071,-0.45342614876266085,0.7057595491605755,0.7074339316880933,0.03648263715170841,0.010474170680491503,-0.0016111926047843478,0.09741545055204415,0.022530735721066248,1.0021913854352239e-10,5.5665194675924516e-11,-1.506879815154834e-09,0.1,0.0,1
6,327,world,3.27,0.317,1.1824015317890348,0.92174180406355,-0.4532022823484157,0.7057595491616926,0.707433931686979,0.03648263715172495,0.010474170680433893,-0.0015920221344677384,0.09748220446071146,0.022241521508283017,-5.4653157000039647e-11,-3.035453832733734e-11,8.217524588311619e-10,0.1,0.0,1
6,328,world,3.2800000000000002,0.31800000000000006,1.1823857091252428,0.9227169619233984,-0.4529813388629834,0.7057595491547454,0.7074339316939098,0.03648263715162208,0.010474170680792164,-0.0015724423472927912,0.09754944386574796,0.02194614833057802,-6.105289884761328e-11,-3.3911068397784983e-11,9.179885475905916e-10,0.1,0.0,1
6,329,world,3.29,0.319,1.1823700843088183,0.9236927943758657,-0.45276337994348936,0.7057595491551797,0.7074339316934765,0.03648263715162852,0.010474170680769772,-0.0015524525517267387,0.09761711369979931,0.02164460681082229,5.798937718903824e-11,3.2206876054985375e-11,-8.719267224465552e-10,0.1,0.0,1
6,330,world,3.3000000000000003,0.32000000000000006,1.1823546614430374,0.9246693054443849,-0.4525484673168038,0.7057595491609315,0.7074339316877384,0.03648263715171369,0.010474170680473155,-0.0015320521137024787,0.09768515757457186,0.021336888384953553,-2.233629947667735e-11,-1.2406742300186115e-11,3.35843592519369e-10,0.1,0.0,1
6,331,world,3.31,0.321,1.1823394446372326,0.925646498581866,-0.45233666279092966,0.7057595491527969,0.7074339316958536,0.03648263715159324,0.010474170680892653,-0.001511240463473987,0.09775351777230679,0.021022985406474962,-7.920608613432014e-11,-4.399328124016217e-11,1.1909439146667852e-09,0.1,0.0,1
6,332,world,3.3200000000000003,0.32200000000000006,1.1823244380061801,0.9266243766574396,-0.45212802824563597,0.705759549152482,0.7074339316961678,0.03648263715158858,0.010474170680908893,-0.0014900170819906724,0.09782213525416217,0.02070289118485098,5.421357807122712e-11,3.011098315131019e-11,-8.151472769349346e-10,0.1,0.0,1
6,333,world,3.33,0.323,1.1823096456694449,0.9276029419432102,-0.45192262562232877,0.7057595491585803,0.7074339316900841,0.03648263715167888,0.010474170680594409,-0.0014683815259879103,0.09789094965463482,0.02037660009441931,-7.999156892424466e-12,-4.4433207113671124e-12,1.20272525662785e-10,0.1,0.0,1
6,334,world,3.34,0.324,1.1822950717506657,0.9285821961010357,-0.45172051691313586,0.7057595491516288,0.7074339316970192,0.03648263715157595,0.010474170680952903,-0.0014463334308016597,0.09795989928854865,0.02004410763751669,5.7215690518752586e-11,3.177978713519988e-11,-8.602942793908822e-10,0.1,0.0,1
6,335,world,3.35,0.325,1.1822807203767949,0.9295621401693492,-0.4515217641491995,0.7057595491646839,0.7074339316839948,0.03648263715176924,0.01047417068027964,-0.00142387250077859,0.09802892114223641,0.019705410596856987,9.40102162783062e-11,5.221587051629223e-11,-1.413539771344395e-09,0.1,0.0,1
6,336,world,3.36,0.326,1.1822665944028954,0.9305427707213796,-0.45132641017276126,0.7057595491616574,0.7074339316870141,0.03648263715172443,0.010474170680435718,-0.0014013797785847242,0.09809681080859012,0.019366255288512865,-1.527878518148283e-10,-8.48633663341757e-11,2.2973109851075177e-09,0.1,0.0,1
6,337,world,3.37,0.327,1.1822526916291,0.9315240689088129,-0.45113442160274786,0.7057595491483849,0.7074339317002551,0.03648263715152792,0.010474170681120186,-0.001379232704371425,0.09816245737701351,0.019032332459612004,4.2518419340886686e-11,2.3616525401948226e-11,-6.393159168293492e-10,0.1,0.0,1
6,338,world,3.38,0.328,1.182239008592719,0.9325060125748456,-0.4509457460253325,0.7057595491661932,0.707433931682489,0.036482637151791585,0.010474170680201804,-0.0013574324881412136,0.09822591561056997,0.0187036595217441,-7.993883333057278e-11,-4.4400594312321534e-11,1.2019738015230783e-09,0.1,0.0,1
6,339,world,3.39,0.329,1.1822255418193581,0.9334885801072713,-0.4507603308602197,0.7057595491398572,0.7074339317087627,0.03648263715140166,0.010474170681559956,-0.0013359802814945552,0.09828723962770786,0.018380252529630676,-1.1481857131734316e-10,-6.37729452579449e-11,1.7264197450100864e-09,0.1,0.0,1
6,340,world,3.4,0.33,1.1822122878237697,0.9344717504317686,-0.4505781233733058,0.7057595491539447,0.7074339316947086,0.03648263715161023,0.010474170680833457,-0.001314877101741217,0.09834648288167062,0.018062126204093074,2.344943683674214e-10,1.3024546718920491e-10,-3.525867060339204e-09,0.1,0.0,1
6,341,world,3.41,0.331,1.1821992431107162,0.9354555030050701,-0.4503990706895259,0.7057595491648725,0.7074339316838067,0.03648263715177203,0.010474170680269915,-0.001294123918521468,0.09840369812661726,0.01774929402227294,2.7456856233065678e-11,1.524891324322651e-11,-4.1282839776876593e-10,0.1,0.0,1
6,342,world,3.42,0.332,1.1821864041757935,0.9364398178078687,-0.4502231198050971,0.7057595491568736,0.7074339316917866,0.036482637151653605,0.010474170680682413,-0.0012737216131166484,0.09845893739581574,0.017441768262969087,-6.385482420601101e-11,-3.5468503134516954e-11,9.601286237413676e-10,0.1,0.0,1
6,343,world,3.43,0.333,1.1821737675062123,0.9374246753374806,-0.4500502175991657,0.7057595491580605,0.7074339316906024,0.03648263715167118,0.01047417068062121,-0.001253670978213165,0.09851225197726456,0.017139560071551513,-1.7322393519592068e-10,-9.621331509279677e-11,2.6045751926745388e-09,0.1,0.0,1
6,344,world,3.44,0.334,1.1821613295815445,0.9384100566002874,-0.4498803108448621,0.7057595491383947,0.7074339317102217,0.036482637151380004,0.010474170681635385,-0.0012339727499828044,0.09856369239279661,0.016842679512193717,2.0582494042464797e-11,1.143321548546793e-11,-3.0947797493088826e-10,0.1,0.0,1
6,345,world,3.45,0.335,1.1821490868744289,0.9393959431039639,-0.44971334621977316,0.7057595491602562,0.707433931688412,0.03648263715170368,0.010474170680507974,-0.001214627570065955,0.09861330837748507,0.016551135632127185,-6.824714404718428e-11,-3.7905442673569186e-11,1.0261653777144517e-09,0.1,0.0,1
6,346,world,3.46,0.336,1.1821370358512373,0.9403823168495177,-0.4495492703158389,0.7057595491311143,0.7074339317174849,0.03648263715127221,0.010474170682010831,-0.0011956360593604074,0.09866114885904435,0.01626493652699118,-1.3581705204934722e-10,-7.543722591041293e-11,2.042152612378304e-09,0.1,0.0,1
6,347,world,3.47,0.337,1.1821251729727065,0.9413691603231511,-0.44938802964868146,0.7057595491457677,0.7074339317028664,0.036482637151489174,0.010474170681255156,-0.0011769987237414722,0.09870726194686912,0.015984089369009323,2.1069014588537256e-10,1.1702236402122413e-10,-3.1679378033593722e-09,0.1,0.0,1
6,348,world,3.48,0.338,1.1821134946945315,0.9423564564879638,-0.4492295706663759,0.7057595491535901,0.7074339316950623,0.03648263715160499,0.010474170680851755,-0.0011587160534157843,0.09875169490992411,0.015708600495423726,6.397764262811015e-11,3.553546346068966e-11,-9.619825335621658e-10,0.1,0.0,1
6,349,world,3.49,0.339,1.1821019974679767,0.9433441887756365,-0.44907383975851667,0.7057595491525926,0.7074339316960574,0.03648263715159022,0.010474170680903193,-0.0011407884715369568,0.09879449416470443,0.015438475455931392,-1.660199755448842e-11,-9.221096108902308e-12,2.4963560407188753e-10,0.1,0.0,1
6,350,world,3.5,0.34,1.1820906777403257,0.9443323410776758,-0.4489207832628107,0.705759549151819,0.7074339316968292,0.03648263715157877,0.010474170680943086,-0.0011232163463374047,0.09883570526708568,0.015173719036449033,1.2310083508104686e-10,6.83730849715402e-11,-1.8509304928592663e-09,0.1,0.0,1
6,351,world,3.5100000000000002,0.341,1.1820795319552624,0.9453208977364723,-0.4487703474706303,0.7057595491657246,0.7074339316829565,0.03648263715178465,0.01047417068022597,-0.0011059999986761284,0.09887537289485589,0.014914335349123946,-1.0338258027431369e-10,-5.742142872300343e-11,1.554459707654719e-09,0.1,0.0,1
6,352,world,3.52,0.342,1.1820685565535214,0.9463098435369686,-0.4486224786366874,0.7057595491407905,0.7074339317078316,0.03648263715141548,0.010474170681511833,-0.0010891397253105846,0.09891354083922937,0.014660327871669638,-2.2668603105735465e-10,-1.259076176651773e-10,3.4084477970076877e-09,0.1,0.0,1
6,353,world,3.5300000000000002,0.343,1.1820577479732288,0.947299163697564,-0.44847712298394865,0.7057595491415425,0.7074339317070816,0.03648263715142661,0.010474170681473051,-0.0010726357488985289,0.09895025199845676,0.014411699483131405,1.5942802633617232e-11,8.8550694554712e-12,-2.397243211230135e-10,0.1,0.0,1
6,354,world,3.54,0.34400000000000003,1.1820471026502846,0.9482888438611191,-0.44833422670925777,0.7057595491424913,0.7074339317061349,0.036482637151440664,0.010474170681424127,-0.0010564882810349824,0.09898554836634292,0.01416845253111376,1.8482819441611988e-10,1.0265815975074578e-10,-2.779076697500407e-09,0.1,0.0,1
6,355,world,3.5500000000000003,0.34500000000000003,1.182036617018715,0.9492788700858891,-0.44819373598846785,0.7057595491612593,0.7074339316874112,0.03648263715171854,0.010474170680456248,-0.0010406974878452821,0.09901947102589033,0.013930588878136427,1.0075343337412323e-10,5.596217933501174e-11,-1.514918800214064e-09,0.1,0.0,1
6,356,world,3.56,0.34600000000000003,1.1820262875109935,0.9502692288363844,-0.44805559698109676,0.7057595491532394,0.7074339316954124,0.0364826371515998,0.01047417068086984,-0.0010252635223824446,0.0990520601436999,0.01369810994256256,9.700434899784222e-11,5.38798172744492e-11,-1.4585571574306223e-09,0.1,0.0,1
6,357,world,3.5700000000000003,0.34700000000000003,1.1820161105584073,0.9512599069743448,-0.44791975583569626,0.7057595491716074,0.7074339316770876,0.03648263715187175,0.010474170679922587,-0.0010101864827912284,0.09908335496466315,0.01347101674769017,1.3320490543922135e-10,7.398665013980115e-11,-2.002870639521493e-09,0.1,0.0,1
6,358,world,3.58,0.34800000000000003,1.182006082591235,0.9522508917493111,-0.44778615869234306,0.7057595491674492,0.707433931681236,0.03648263715181018,0.010474170680137028,-0.0009954664719057785,0.09911339380628591,0.013249309970840001,-9.080895757574116e-11,-5.043812589811262e-11,1.3654072826812754e-09,0.1,0.0,1
6,359,world,3.59,0.349,1.181996200038746,0.9532421707888902,-0.4476547516824705,0.7057595491619202,0.7074339316867518,0.03648263715172832,0.010474170680422164,-0.0009811035506682231,0.09914221405735701,0.013032989972683552,8.604714163418229e-11,4.779336648663696e-11,-1.2938043323328082e-09,0.1,0.0,1
6,360,world,3.6,0.35000000000000003,1.1819864593297915,0.954233732090234,-0.44752548093759253,0.7057595491766284,0.7074339316720785,0.036482637151946086,0.01047417067966365,-0.0009670977604997772,0.09916985217468383,0.01282205683862759,-5.2276585837951414e-11,-2.9035454596204573e-11,7.860249072715728e-10,0.1,0.0,1
6,361,world,3.61,0.351,1.181976858115306,0.9552255663730346,-0.44739831099969507,0.7057595491563435,0.7074339316923154,0.03648263715164576,0.010474170680709754,-0.0009530828905062881,0.09919704856891555,0.012610994735548636,-1.4352651012128335e-10,-7.97195642832093e-11,2.1580628885471666e-09,0.1,0.0,1
6,362,world,3.62,0.35200000000000004,1.181967398917769,0.9562176738861731,-0.4472732797768587,0.7057595491613174,0.7074339316873532,0.0364826371517194,0.010474170680453247,-0.0009386942563544845,0.09922449233724838,0.012394312143415909,0.0,0.0,0.0,0.1,0.0,1
6,363,world,3.63,0.353,1.1819580854781493,0.9572100569242535,-0.44715044352195543,0.705759549156587,0.7074339316920724,0.036482637151649365,0.010474170680697191,-0.0009239311898421439,0.0992521474804145,0.012171999494022614,-2.564632534118869e-10,-1.4244612434044502e-10,3.85617954126553e-09,0.1,0.0,1
6,364,world,3.64,0.35400000000000004,1.1819489215442414,0.9582027174169179,-0.44702985858411726,0.7057595491339587,0.7074339317146472,0.03648263715131432,0.01047417068186414,-0.0009087930146796554,0.099279976989621,0.01194404722850658,-1.686744494078239e-10,-9.368582298829856e-11,2.53615918413899e-09,0.1,0.0,1
6,365,world,3.65,0.355,1.1819399108706399,0.9591956569186747,-0.44691158140821863,0.7057595491385935,0.7074339317100233,0.036482637151382946,0.010474170681625133,-0.0008932790409606345,0.0993079428398385,0.011710445827309502,2.801234938454298e-10,1.555887363391405e-10,-4.21194584743732e-09,0.1,0.0,1
6,366,world,3.66,0.35600000000000004,1.1819310572184978,0.9601888765983113,-0.44679566853099284,0.7057595491638415,0.7074339316848351,0.036482637151756765,0.010474170680323082,-0.0008773885988348312,0.0993360059795962,0.011471185870182046,1.8196659457014861e-10,1.0106915304675102e-10,-2.7360341368822656e-09,0.1,0.0,1
6,367,world,3.67,0.357,1.1819223643557764,0.9611823772291822,-0.4466821765846859,0.7057595491580051,0.7074339316906577,0.036482637151670355,0.010474170680624064,-0.0008611210378963501,0.09936412632649619,0.011226258055567838,-1.6909633415718143e-10,-9.392105149164099e-11,2.5425222691111113e-09,0.1,0.0,1
6,368,world,3.68,0.35800000000000004,1.1819138360570371,0.9621761591786288,-0.44657116229371463,0.7057595491458029,0.7074339317028311,0.03648263715148969,0.010474170681253343,-0.00084447569668985,0.09939226275900863,0.010975653258093049,0.0,0.0,0.0,0.1,0.0,1
6,369,world,3.69,0.359,1.1819054761033194,0.9631702223975459,-0.4464626824726413,0.7057595491578716,0.707433931690791,0.03648263715166839,0.01047417068063095,-0.0008274519262075393,0.09942037310898934,0.010719362582689601,-2.4538010512387106e-11,-1.3629722350749759e-11,3.689668579345824e-10,0.1,0.0,1
6,370,world,3.7,0.36000000000000004,1.1818972882819816,0.9641645664098933,-0.44635679402364803,0.7057595491431852,0.7074339317054427,0.03648263715145093,0.010474170681388336,-0.0008100491176262624,0.09944841415599683,0.010457377409483005,-1.7821022435526836e-10,-9.898228070515091e-11,2.679551215243808e-09,0.1,0.0,1
6,371,world,3.71,0.361,1.181889276386515,0.9651591903021395,-0.44625355393349875,0.7057595491388607,0.7074339317097568,0.0364826371513869,0.010474170681611347,-0.000792266658198139,0.09947634162156582,0.010189689452178553,5.958948612327924e-11,3.309748308755186e-11,-8.959908444523814e-10,0.1,0.0,1
6,372,world,3.72,0.36200000000000004,1.1818814442163155,0.9661540927126593,-0.44615301926997286,0.7057595491495421,0.7074339316991008,0.03648263715154505,0.010474170681060513,-0.0007741039680994327,0.09950411016547692,0.009916290799649253,1.931621529394077e-10,1.0728813670812788e-10,-2.904382685959062e-09,0.1,0.0,1
6,373,world,3.73,0.363,1.1818737955764238,0.9671492718210918,-0.4460552471777586,0.7057595491594667,0.7074339316891995,0.03648263715169199,0.010474170680548688,-0.0007555605016994634,0.09953167338032089,0.00963717398625735,-2.3275478766571186e-11,-1.292889406645513e-11,3.4997701351541197e-10,0.1,0.0,1
6,374,world,3.74,0.36400000000000005,1.181866334277228,0.9681447253376585,-0.4459602948737911,0.7057595491470591,0.707433931701578,0.0364826371515083,0.010474170681188564,-0.0007366357466905833,0.09955898378938932,0.009352332040769986,-1.0765000002521663e-11,-5.9795918216920476e-12,1.6185568510462807e-10,0.1,0.0,1
6,375,world,3.75,0.365,1.1818590641341256,0.9691404504924599,-0.4458682196420221,0.7057595491583184,0.7074339316903452,0.03648263715167499,0.010474170680607915,-0.0007173292066948037,0.09958599284551184,0.009061758536999951,-1.0186053389649167e-10,-5.657592450081234e-11,1.5315807053595935e-09,0.1,0.0,1
6,376,world,3.7600000000000002,0.36600000000000005,1.1818519889671517,0.9701364440247587,-0.44577907882760764,0.7057595491361928,0.7074339317124184,0.036482637151347405,0.01047417068174893,-0.0006976404543110712,0.09961265092856691,0.008765447665692025,-1.0639891745434216e-10,-5.909786549018741e-11,1.599823301178664e-09,0.1,0.0,1
6,377,world,3.77,0.367,1.1818451126005634,0.971132702172257,-0.44569292983049996,0.705759549146968,0.7074339317016687,0.036482637151506944,0.010474170681193253,-0.0006775690704080052,0.09963890734716474,0.008463394284679765,2.1632383384595479e-10,1.201518051718863e-10,-3.252638149054893e-09,0.1,0.0,1
6,378,world,3.7800000000000002,0.36800000000000005,1.1818384388623844,0.9721292206603875,-0.44560983009842964,0.7057595491592695,0.7074339316893963,0.03648263715168908,0.010474170680558859,-0.0006571147109065396,0.09966471033943802,0.008155593982821249,1.910943625560433e-10,1.0613974976703123e-10,-2.8732839133134544e-09,0.1,0.0,1
6,379,world,3.79,0.369,1.181831971583911,0.973125994691619,-0.445529837119267,0.7057595491673534,0.7074339316813316,0.036482637151808765,0.010474170680141968,-0.0006362770768758395,0.09969000707513438,0.007842043154758815,0.0,0.0,0.0,0.1,0.0,1
6,380,world,3.8000000000000003,0.37000000000000005,1.181825714599171,0.9741230189348031,-0.44545300841274643,0.7057595491591842,0.7074339316894814,0.03648263715168781,0.010474170680563262,-0.0006150559263048812,0.09971474366167668,0.007522739041973168,-1.847216823946949e-10,-1.0259952609725776e-10,2.777462802935543e-09,0.1,0.0,1
6,381,world,3.81,0.371,1.1818196717443452,0.9751202875145677,-0.44537940152154465,0.7057595491476479,0.7074339317009904,0.036482637151517006,0.01047417068115819,-0.0005934510713829232,0.09973886514778343,0.0071976798246483065,7.876581331611725e-11,4.3749379119439854e-11,-1.1843315228261117e-09,0.1,0.0,1
6,382,world,3.8200000000000003,0.37200000000000005,1.1818138468571382,0.9761177940007735,-0.4453090740016977,0.7057595491675868,0.7074339316810988,0.03648263715181222,0.01047417068012994,-0.0005714623816633467,0.09976231553314993,0.006866864656491918,2.6278944298407915e-10,1.4595998021338364e-10,-3.9512925808886346e-09,0.1,0.0,1
6,383,world,3.83,0.373,1.1818082437761113,0.9771155313980562,-0.4452420834123469,0.7057595491756814,0.7074339316730232,0.03648263715193207,0.010474170679712493,-0.0005490898195113889,0.09978503777436416,0.006530293771250084,-1.4026627082053642e-10,-7.790712519551087e-11,2.109047452739849e-09,0.1,0.0,1
6,384,world,3.84,0.374,1.1818028663399642,0.978113492135461,-0.4451784873048003,0.7057595491526236,0.7074339316960266,0.036482637151590676,0.010474170680901592,-0.0005263334141110497,0.09980697379768128,0.00618796852659703,-1.8174767246748031e-10,-1.0094737545873745e-10,2.7327646384949614e-09,0.1,0.0,1
6,385,world,3.85,0.375,1.1817977183869806,0.9791116680563815,-0.44511834321401317,0.7057595491562931,0.7074339316923657,0.03648263715164501,0.010474170680712352,-0.0005031932604608427,0.09982806450324061,0.005839891615386375,-4.237998840750374e-11,-2.3540197569005246e-11,6.372220676467692e-10,0.1,0.0,1
6,386,world,3.86,0.376,1.1817928015818047,0.9801100485722805,-0.4450616759710275,0.7057595491481026,0.7074339317005368,0.03648263715152374,0.010474170681134745,-0.00048031891644807274,0.09984770956415479,0.005495833742999735,3.252224878291796e-11,1.8061940831870503e-11,-4.889870355417182e-10,0.1,0.0,1
6,387,world,3.87,0.377,1.1817881089834923,0.981108615899138,-0.4450083809717792,0.7057595491597624,0.7074339316889046,0.03648263715169638,0.010474170680533442,-0.00045835214830429157,0.09986544986536186,0.0051654463986227014,2.8123094131249334e-10,1.5620421622841703e-10,-4.228574337471892e-09,0.1,0.0,1
6,388,world,3.88,0.378,1.181783631508793,0.9821073516754758,-0.4449583214110865,0.7057595491781035,0.7074339316706071,0.03648263715196794,0.010474170679587586,-0.0004372944030349645,0.09988142173360809,0.004848748918865532,-3.0259822425549e-11,-1.6805654090568096e-11,4.5497120068800587e-10,0.1,0.0,1
6,389,world,3.89,0.379,1.1817793600612907,0.9831062388760448,-0.44491136030898026,0.7057595491565345,0.7074339316921249,0.03648263715164858,0.010474170680699908,-0.00041714688803072276,0.09989575607528614,0.004545756990946607,-3.655027669413608e-11,-2.0300428005270958e-11,5.49555187598013e-10,0.1,0.0,1
6,390,world,3.9,0.38,1.181775285533772,0.9841052617572672,-0.4448673605453433,0.7057595491742045,0.7074339316744969,0.036482637151910205,0.01047417067978866,-0.00039791055015956023,0.09990857830795756,0.004256483017326117,0.0,0.0,0.0,0.1,0.0,1
6,391,world,3.91,0.381,1.1817713988103495,0.9851044058020475,-0.44482618489086784,0.705759549156706,0.7074339316919537,0.03648263715165112,0.010474170680691059,-0.0003795861803360619,0.09992000830125536,0.003980936498961107,-2.234903234699101e-10,-1.2413299554925299e-10,3.3603931052714152e-09,0.1,0.0,1
6,392,world,3.92,0.382,1.181767690768351,0.9861036576640546,-0.4447876960344799,0.7057595491503632,0.7074339316982817,0.03648263715155721,0.010474170681018163,-0.0003621743564669849,0.09993016033125657,0.0037191243465195412,1.1609983807669965e-10,6.448522271718098e-11,-1.7456647564105515e-09,0.1,0.0,1
6,393,world,3.93,0.383,1.181764152279984,0.9871030051115768,-0.4447517566073887,0.7057595491690912,0.707433931679598,0.0364826371518345,0.01047417068005235,-0.00034567551061255364,0.09993914304086576,0.0034710512382756134,1.4815336457640864e-10,8.228799586174052e-11,-2.227630287263829e-09,0.1,0.0,1
6,394,world,3.94,0.384,1.1817607742137872,0.9881024369710413,-0.44471822920391885,0.7057595491661677,0.7074339316825144,0.03648263715179121,0.010474170680203123,-0.00033008995717219306,0.09994705941024001,0.003236719923955211,-7.602807272633063e-11,-4.2228026631008175e-11,1.1431498380277254e-09,0.1,0.0,1
6,395,world,3.95,0.385,1.1817575474358784,0.9891019430702651,-0.44468697639928606,0.7057595491609808,0.7074339316876892,0.03648263715171442,0.01047417068047061,-0.00031541787686769355,0.09995400673405908,0.0030161315240928442,-9.59166773784047e-11,-5.327439878133328e-11,1.442210587065949e-09,0.1,0.0,1
6,396,world,3.96,0.386,1.1817544628110108,0.9901015141815133,-0.4446578607644809,0.7057595491559355,0.7074339316927224,0.03648263715163971,0.010474170680730793,-0.00030165935880011144,0.09996007660499964,0.0028092858085021696,8.350056757144832e-11,4.6378526019630277e-11,-1.2555049285368338e-09,0.1,0.0,1
6,397,world,3.97,0.387,1.1817515112034473,0.9911011419644187,-0.44463074487842336,0.7057595491698884,0.7074339316788028,0.036482637151846305,0.010474170680011243,-0.00028881440842447596,0.09996535490265078,0.002616181458645693,-1.183188963471692e-10,-6.57175702745149e-11,1.7790329864646165e-09,0.1,0.0,1
6,398,world,3.98,0.388,1.1817486834776636,0.9921008189088133,-0.4446054913375564,0.7057595491433137,0.7074339317053144,0.036482637151452835,0.01047417068138171,-0.000276882992020853,0.09996992178636309,0.0024368163322617906,-2.2589395631822364e-10,-1.2546873262575523e-10,3.3965392510267703e-09,0.1,0.0,1
6,399,world,3.99,0.389,1.1817459704988942,0.9931005382775134,-0.4445819627630415,0.7057595491457905,0.7074339317028433,0.036482637151489514,0.01047417068125397,-0.0002658649915453582,0.09997385169323829,0.0022711876683068773,0.0,0.0,0.0,0.1,0.0,1
6,400,world,4.0,0.39,1.1817433631335705,0.9941002940491039,-0.44456002180638626,0.7057595491436526,0.7074339317049763,0.03648263715145785,0.010474170681364236,-0.000255760286657929,0.0999772133373111,0.002119292330367139,7.311130867382326e-11,4.060987657261702e-11,-1.0993170946032435e-09,0.1,0.0,1
6,401,world,4.01,0.391,1.181740852249484,0.9951000808606889,-0.4445395311508584,0.70575954915359,0.7074339316950624,0.03648263715160498,0.010474170680851751,-0.0002465687223568056,0.09998006971280467,0.001981126974193031,2.4107729701405157e-10,1.339015703871699e-10,-3.624827152846795e-09,0.1,0.0,1
6,402,world,4.0200000000000005,0.39200000000000007,1.181738428715936,0.9960998939507194,-0.44452035351282293,0.7057595491693699,0.7074339316793198,0.03648263715183862,0.010474170680037977,-0.00023829014344287989,0.0999824780975981,0.001856688253545756,7.25534216039491e-11,4.029693245755079e-11,-1.0909000428254562e-09,0.1,0.0,1
6,403,world,4.03,0.393,1.1817360834038342,0.9970997291018817,-0.4445023516421253,0.7057595491613297,0.707433931687341,0.03648263715171958,0.010474170680452616,-0.0002309244043303592,0.09998449005882694,0.0017459729653758979,-1.0305541142674732e-10,-5.7239282758027467e-11,1.5495263112983994e-09,0.1,0.0,1
6,404,world,4.04,0.394,1.18173380718556,0.9980995825840016,-0.4444853883191914,0.7057595491583764,0.7074339316902873,0.03648263715167585,0.010474170680604921,-0.00022447135734074246,0.09998615145824036,0.0016489782228866338,-1.4227750921858002e-10,-7.902463405873297e-11,2.139295408572562e-09,0.1,0.0,1
6,405,world,4.05,0.395,1.1817315909347927,0.9990994510970229,-0.444469326351335,0.7057595491461518,0.7074339317024829,0.03648263715149486,0.010474170681235335,-0.00021893088848186847,0.09998750245851959,0.0015657015595601492,1.6276216485699522e-11,9.039990978010077e-12,-2.4472479706778146e-10,0.1,0.0,1
6,406,world,4.0600000000000005,0.3960000000000001,1.1817294255262436,1.000099331714041,-0.4444540285678282,0.7057595491601127,0.7074339316885553,0.036482637151701566,0.010474170680515383,-0.00021430290016917974,0.09998857752852913,0.0014961410656415945,2.7934252133654496e-11,1.5515019824441354e-11,-4.200310184301194e-10,0.1,0.0,1
6,407,world,4.07,0.397,1.1817273018353227,1.0010992218243921,-0.4444393578138985,0.7057595491491319,0.70743393169951,0.03648263715153898,0.010474170681081666,-0.0002105873560469384,0.09998940544824222,0.001440295480970175,-5.1286752622560476e-11,-2.8484159475539935e-11,7.711451919731533e-10,0.1,0.0,1
6,408,world,4.08,0.398,1.181725210737745,1.0020991190767874,-0.4444251769438174,0.7057595491546416,0.7074339316940134,0.03648263715162055,0.010474170680797519,-0.00020778423529707295,0.0999900093128471,0.0013981642708617492,-7.619530006941483e-11,-4.232066086462534e-11,1.1456737631070765e-09,0.1,0.0,1
6,409,world,4.09,0.399,1.1817231431090898,1.0030990213224753,-0.44441134881331223,0.7057595491410036,0.707433931707619,0.03648263715141863,0.010474170681500842,-0.00020589358600594786,0.09999040653509364,0.0013697477059465071,-3.042219254290128e-11,-1.6898288324185732e-11,4.574259048796671e-10,0.1,0.0,1
6,410,world,4.1,0.39999999999999997,1.1817210898242998,1.0040989265584248,-0.4443977362710675,0.7057595491513962,0.707433931697251,0.0364826371515725,0.01047417068096489,-0.00020491547845458407,0.0999906088477916,0.0013550468237780737,3.1412372702987997e-10,1.7447397693270956e-10,-4.7231533137695425e-09,0.1,0.0,1
6,411,world,4.11,0.401,1.1817190432092695,1.0050988331684385,-0.44438422397500854,0.7057595491745133,0.7074339316741886,0.03648263715191478,0.010474170679772727,-0.0002044156130012144,0.09999071140083643,0.0013475339742656232,1.6000638314305857e-10,8.887196534246047e-11,-2.405852134266321e-09,0.1,0.0,1
6,412,world,4.12,0.402,1.1817170013501341,1.0060987407516233,-0.4443707831597252,0.7057595491684652,0.7074339316802224,0.036482637151825224,0.010474170680084634,-0.00020396429634633696,0.09999080350782732,0.0013407506945308373,-2.3763491174832986e-10,-1.3198817039317124e-10,3.5730572959993096e-09,0.1,0.0,1
6,413,world,4.13,0.403,1.1817149637614324,1.0070986492042668,-0.444357406528683,0.7057595491491633,0.7074339316994787,0.03648263715153944,0.010474170681080041,-0.0002035615354061737,0.09999088531565879,0.001334697153692855,-1.1018096157666989e-10,-6.119722784081625e-11,1.6566795515722296e-09,0.1,0.0,1
6,414,world,4.14,0.40399999999999997,1.181712929957588,1.0080985584240458,-0.44434408678365983,0.7057595491567114,0.7074339316919483,0.0364826371516512,0.010474170680690776,-0.0002032073300115725,0.09999095695527473,0.001329373517649208,7.492999276603735e-11,4.161809785685474e-11,-1.1266415860140813e-09,0.1,0.0,1
6,415,world,4.15,0.405,1.181710899452919,1.0090984683098652,-0.4443308166248674,0.7057595491571566,0.7074339316915043,0.03648263715165779,0.010474170680667824,-0.0002029016997051903,0.0999910185418066,0.0013247799335532307,1.3822346045521843e-10,7.677330993160816e-11,-2.0783241013593816e-09,0.1,0.0,1
6,416,world,4.16,0.406,1.1817088717616475,1.0100983787617048,-0.44431758875107125,0.7057595491714567,0.707433931677238,0.036482637151869515,0.010474170679930362,-0.0002026446477566881,0.09999107017452258,0.0013209165380294108,7.9681747311433e-11,4.4257306153205856e-11,-1.1980853700625785e-09,0.1,0.0,1
6,417,world,4.17,0.40700000000000003,1.1817068463979046,1.0110982896804555,-0.44430439585971027,0.7057595491656566,0.7074339316830242,0.03648263715178364,0.010474170680229463,-0.00020243619269126554,0.09999111193666793,0.0013177834634852173,-1.5550581655699305e-10,-8.63736165923635e-11,2.3381869736824254e-09,0.1,0.0,1
6,418,world,4.18,0.408,1.181704822875741,1.0120982009677626,-0.4442912306470169,0.7057595491548678,0.7074339316937878,0.03648263715162391,0.010474170680785861,-0.0002022763378394851,0.09999114389571367,0.001315380823120279,-1.1125371457421088e-10,-6.179431966124577e-11,1.6728111951191936e-09,0.1,0.0,1
6,419,world,4.19,0.40900000000000003,1.1817028007091344,1.0130981125258662,-0.4442780858081374,0.7057595491537885,0.7074339316948643,0.036482637151607926,0.010474170680841517,-0.0002021650859096549,0.09999116610320563,0.0013137087193065991,4.525789465414801e-11,2.5137530945683992e-11,-6.805053699362822e-10,0.1,0.0,1
6,420,world,4.2,0.41000000000000003,1.1817007794119974,1.014098024257442,-0.44426495403725125,0.7057595491596957,0.7074339316889711,0.03648263715169539,0.010474170680536882,-0.0002021024434496006,0.099991178594817,0.0013127672382272654,-6.988611078728716e-11,-3.8817560277237765e-11,1.0508055417555302e-09,0.1,0.0,1
6,421,world,4.21,0.41100000000000003,1.1816987584981864,1.0150979360654435,-0.44425182802769125,0.7057595491463332,0.707433931702302,0.03648263715149755,0.010474170681225988,-0.00020208842361374375,0.0999911813901308,0.0013125564654533222,-1.1667264376847046e-10,-6.480233016859135e-11,1.7542891943799406e-09,0.1,0.0,1
6,422,world,4.22,0.412,1.1816967374815088,1.0160978478529386,-0.44423870047206343,0.7057595491472495,0.7074339317013879,0.03648263715151111,0.010474170681178736,-0.00020212302111291067,0.09999117449296918,0.0013130764642350704,-1.2431687623770658e-10,-6.904823934839037e-11,1.869215497446104e-09,0.1,0.0,1
6,423,world,4.23,0.41300000000000003,1.1816947158757318,1.0170977595229564,-0.4442255640623663,0.7057595491330716,0.7074339317155323,0.03648263715130119,0.010474170681909901,-0.00020220624774805907,0.09999115789116453,0.001314327287086557,7.293124437701484e-12,4.0505793164057274e-12,-1.0965308522292401e-10,0.1,0.0,1
6,424,world,4.24,0.41400000000000003,1.1816926931945906,1.0180976709783218,-0.4442124114901117,0.7057595491480275,0.7074339317006119,0.03648263715152263,0.010474170681138617,-0.00020233809403673184,0.09999113155657453,0.0013163089802570886,3.257095981812338e-10,1.8090806630510754e-10,-4.8973521201908754e-09,0.1,0.0,1
6,425,world,4.25,0.41500000000000004,1.1816906689517963,1.019097582121501,-0.4441992354464436,0.7057595491678172,0.7074339316808689,0.036482637151815635,0.010474170680118054,-0.00020251856873028962,0.0999910954451465,0.0013190215725769855,-1.7621321068972875e-11,-9.787309851461406e-12,2.6496048736134745e-10,0.1,0.0,1
6,426,world,4.26,0.416,1.1816886426610436,1.0200974928544366,-0.444186028622259,0.7057595491461477,0.7074339317024873,0.0364826371514948,0.010474170681235555,-0.00020274768638183454,0.09999104949679279,0.0013224650867239979,-9.783493459813989e-12,-5.433500871454551e-12,1.4710971698618503e-10,0.1,0.0,1
6,427,world,4.2700000000000005,0.41700000000000004,1.1816866138360202,1.0210974030783957,-0.44417278370832197,0.7057595491667735,0.70743393168191,0.036482637151800175,0.010474170680171873,-0.0002030254231963417,0.09999099363569555,0.0013266395229411885,-1.9705417853010384e-11,-1.0945758188718146e-11,2.962845192713058e-10,0.1,0.0,1
6,428,world,4.28,0.41800000000000004,1.181684581990414,1.022097312693803,-0.44415949339539795,0.7057595491440455,0.7074339317045842,0.03648263715146367,0.01047417068134397,-0.00020335180334218276,0.09999092776983737,0.0013315448814242878,-2.498511814108537e-10,-1.3877510252058288e-10,3.7567551391774715e-09,0.1,0.0,1
6,429,world,4.29,0.41900000000000004,1.1816825466379217,1.0230972216000864,-0.4441461503743637,0.7057595491401202,0.7074339317085003,0.03648263715140555,0.010474170681546399,-0.0002037268076247462,0.0999908517914826,0.001337181140166732,1.9396012573836236e-10,1.0773083813920014e-10,-2.916378640319206e-09,0.1,0.0,1
6,430,world,4.3,0.42,1.1816805072922567,1.024097129695514,-0.444132747336329,0.7057595491647366,0.7074339316839422,0.036482637151770025,0.010474170680276923,-0.00020415043160833493,0.09999076557678241,0.0013435482761040946,-1.3927747843922574e-11,-7.735825868770965e-12,2.0941607822844132e-10,0.1,0.0,1
6,431,world,4.3100000000000005,0.42100000000000004,1.181678463467158,1.0250970368770371,-0.4441192769727571,0.7057595491386345,0.7074339317099827,0.03648263715138356,0.010474170681623023,-0.0002046226945198457,0.09999066898605408,0.0013506462431942955,-2.342549765277302e-10,-1.301108526474655e-10,3.5222427134227707e-09,0.1,0.0,1
6,432,world,4.32,0.42200000000000004,1.181676414676397,1.0260969430401319,-0.44410573197558684,0.705759549139747,0.7074339317088726,0.03648263715140002,0.010474170681565639,-0.0002051435704362522,0.0999905618637434,0.0013584749863040147,2.579603197716548e-10,1.4327879160891384e-10,-3.87868469438855e-09,0.1,0.0,1
6,433,world,4.33,0.42300000000000004,1.1816743604337872,1.027096848078637,-0.4440921050373529,0.7057595491661528,0.7074339316825293,0.03648263715179099,0.010474170680203886,-0.00020571305552941237,0.09999044403827441,0.0013670344426891924,1.4071174780916729e-10,7.815414981849e-11,-2.115725736967557e-09,0.1,0.0,1
6,434,world,4.34,0.424,1.1816723002531924,1.0280967518845974,-0.44407838885130757,0.7057595491547576,0.7074339316938975,0.036482637151622276,0.010474170680791534,-0.00020633116223190025,0.09999031532218022,0.0013763245338460177,-1.011003780693186e-10,-5.6155080585540366e-11,1.520147777187701e-09,0.1,0.0,1
6,435,world,4.3500000000000005,0.42500000000000004,1.1816702336485336,1.0290966543481033,-0.44406457611154215,0.7057595491553676,0.7074339316932889,0.03648263715163131,0.010474170680760083,-0.00020699786985019683,0.09999017551223338,0.001386345164323035,1.6257238610872339e-10,9.029860192910375e-11,-2.4444477963059263e-09,0.1,0.0,1
6,436,world,4.36,0.42600000000000005,1.1816681602362409,1.0300965553788133,-0.4440506610528237,0.7057595491721005,0.7074339316765957,0.03648263715187905,0.010474170679897163,-0.000207682522142909,0.099990030888073,0.001396635590340847,1.232312862864403e-11,6.844871891509278e-12,-1.8529239015525868e-10,0.1,0.0,1
6,437,world,4.37,0.42700000000000005,1.1816660800392293,1.0310964549711223,-0.44403664401938875,0.7057595491566823,0.7074339316919774,0.036482637151650774,0.010474170680692287,-0.00020835481356625912,0.09998988784135322,0.0014067401129093458,-1.0453721221992675e-10,-5.806292946442126e-11,1.5718287023521327e-09,0.1,0.0,1
6,438,world,4.38,0.428,1.1816639931811908,1.0320963531410863,-0.4440225268701483,0.7057595491609487,0.7074339316877212,0.03648263715171394,0.010474170680472258,-0.00020901473116887275,0.09998974642836206,0.0014166587570810423,1.1652484532831721e-10,6.472183899930603e-11,-1.7520659402470634e-09,0.1,0.0,1
6,439,world,4.39,0.429,1.1816618997857975,1.0330962499053198,-0.44400831146374675,0.7057595491691128,0.7074339316795764,0.036482637151834814,0.010474170680051237,-0.00020966228117429687,0.09998960670429208,0.001426391548223973,-1.9539370121889882e-10,-1.0852811704875309e-10,2.9379288769576367e-09,0.1,0.0,1
6,440,world,4.4,0.43000000000000005,1.1816597999767045,1.0340961452809827,-0.443993999658571,0.7057595491401047,0.7074339317085158,0.036482637151405324,0.010474170681547197,-0.00021029747721928654,0.09998946872321486,0.0014359385155063272,-1.7953902253786163e-10,-9.972161985060947e-11,2.6995464078113845e-09,0.1,0.0,1
6,441,world,4.41,0.43100000000000005,1.18165769387755,1.0350960392857724,-0.4439795933127577,0.7057595491499601,0.7074339316986837,0.03648263715155124,0.010474170681038949,-0.00021092029925253992,0.09998933253833298,0.0014452996803547753,2.7608366981458256e-10,1.5334435110592588e-10,-4.151174087634157e-09,0.1,0.0,1
6,442,world,4.42,0.432,1.1816555816119547,1.036095931937911,-0.4439650942842014,0.7057595491695564,0.7074339316791337,0.036482637151841385,0.010474170680028358,-0.00021153075717670103,0.09998919820170116,0.001454475066714284,6.2954849666676e-11,3.4966821105265444e-11,-9.465931022964007e-10,0.1,0.0,1
6,443,world,4.43,0.433,1.1816534633035243,1.0370958232561371,-0.4439505044305626,0.7057595491566759,0.7074339316919838,0.036482637151650676,0.010474170680692613,-0.0002121288647498351,0.0999890657642846,0.0014634647007397217,-5.1642717879828074e-11,-2.868330573058049e-11,7.764975674170089e-10,0.1,0.0,1
6,444,world,4.44,0.43400000000000005,1.181651339075847,1.0380957132596942,-0.44393582560927536,0.7057595491640474,0.7074339316846298,0.03648263715175982,0.010474170680312462,-0.0002127146082790748,0.09998893527618011,0.0014722686002533786,-5.7180302159841056e-11,-3.176035823226806e-11,8.59786081306549e-10,0.1,0.0,1
6,445,world,4.45,0.43500000000000005,1.181649209052498,1.0390956019683213,-0.44392105967755563,0.705759549150576,0.7074339316980693,0.036482637151560374,0.010474170681007184,-0.00021328800117737217,0.0999888067862632,0.0014808867910409195,-6.265890584167434e-11,-3.480271626443803e-11,9.421319789853615e-10,0.1,0.0,1
6,446,world,4.46,0.436,1.1816470733570361,1.0400954894022407,-0.44390620849240914,0.7057595491573632,0.7074339316912982,0.03648263715166085,0.010474170680657174,-0.00021384903302094568,0.09998868034253555,0.0014893192905896559,6.080518033524546e-11,3.377367829848855e-11,-9.14267825943168e-10,0.1,0.0,1
6,447,world,4.47,0.437,1.1816449321130074,1.0410953755821493,-0.44389127391063926,0.7057595491570625,0.7074339316915981,0.0364826371516564,0.01047417068067267,-0.00021439771295232764,0.09998855599187183,0.0014975661190729482,-2.6251917306651458e-11,-1.458208553906062e-11,3.9474055534698377e-10,0.1,0.0,1
6,448,world,4.48,0.43800000000000006,1.181642785443944,1.0420952605292082,-0.44387625778885514,0.7057595491545626,0.7074339316940922,0.036482637151619396,0.010474170680801599,-0.00021493404100245535,0.09998843378011596,0.0015056272969712944,-1.9970830544834822e-11,-1.1092515794785779e-11,3.0027842191914486e-10,0.1,0.0,1
6,449,world,4.49,0.43900000000000006,1.1816406334733651,1.0430951442650311,-0.4438611619834797,0.7057595491549321,0.7074339316937235,0.03648263715162486,0.010474170680782536,-0.0002154580169229464,0.09998831375211882,0.0015135028413554334,-5.971438621355122e-11,-3.3166525081896656e-11,8.97855444506625e-10,0.1,0.0,1
6,450,world,4.5,0.44,1.1816384763247776,1.044095026811676,-0.44384598835075795,0.7057595491481925,0.7074339317004472,0.036482637151525076,0.010474170681130107,-0.00021596964471098262,0.09998819595168186,0.0015211927690582639,4.728994973390981e-11,2.6265795094460736e-11,-7.110553736523247e-10,0.1,0.0,1
6,451,world,4.51,0.441,1.1816363141216764,1.0450949081916325,-0.4438307387467646,0.7057595491599769,0.7074339316886906,0.036482637151699554,0.01047417068052238,-0.0002164689183070161,0.09998808042157732,0.0015286970973983152,-5.880539111213609e-11,-3.266172055038558e-11,8.841962264357235e-10,0.1,0.0,1
6,452,world,4.5200000000000005,0.44200000000000006,1.181634146987546,1.046094788427814,-0.44381541502741245,0.7057595491419193,0.7074339317067055,0.03648263715143219,0.010474170681453612,-0.00021695585263740308,0.09998796720348284,0.0015360158440744925,7.631603682334066e-11,4.2389008969577646e-11,-1.1474964533262857e-09,0.1,0.0,1
6,453,world,4.53,0.44300000000000006,1.181631975045859,1.0470946675435455,-0.4438000190484606,0.7057595491681181,0.7074339316805687,0.03648263715182009,0.010474170680102536,-0.00021743042757986963,0.09998785633819166,0.0015431490214206547,2.8090585413310304e-10,1.560220702634438e-10,-4.223699395875776e-09,0.1,0.0,1
6,454,world,4.54,0.444,1.1816297984200783,1.0480945455625534,-0.44378455266552214,0.7057595491718854,0.7074339316768102,0.03648263715187587,0.010474170679908253,-0.00021789266286215698,0.09998774786537602,0.0015500966413304524,-1.3784216823520635e-10,-7.656028588876243e-11,2.0725832671192184e-09,0.1,0.0,1
6,455,world,4.55,0.445,1.1816276172336577,1.0490944225089565,-0.4437690177340729,0.7057595491534135,0.7074339316952384,0.03648263715160237,0.01047417068086085,-0.00021834255992458497,0.09998764182355263,0.0015568587255995053,-1.8785320521352308e-11,-1.0432973929219416e-11,2.8245588918999224e-10,0.1,0.0,1
6,456,world,4.5600000000000005,0.44600000000000006,1.1816254316100412,1.0500942984072548,-0.4437534161094589,0.7057595491698815,0.7074339316788094,0.036482637151846194,0.010474170680011594,-0.0002187801029394151,0.09998753825049665,0.0015634352791299674,-2.652149333481825e-11,-1.4731271757994623e-11,3.987803414307624e-10,0.1,0.0,1
6,457,world,4.57,0.44700000000000006,1.181623241672664,1.0510941732823182,-0.443737749646905,0.7057595491505844,0.707433931698061,0.036482637151560485,0.01047417068100676,-0.00021920531281608734,0.09998743718274344,0.001569826314523141,-2.591205028323954e-10,-1.4392410874198127e-10,3.8961357794535185e-09,0.1,0.0,1
6,458,world,4.58,0.448,1.1816210475449538,1.0520940471593785,-0.44372202020150003,0.7057595491422393,0.7074339317063862,0.03648263715143694,0.010474170681437116,-0.00021961817738533736,0.09998733865581627,0.001576031847163468,1.5364272354379394e-10,8.533798667720532e-11,-2.3101600602100986e-09,0.1,0.0,1
6,459,world,4.59,0.449,1.1816188493503315,1.0530939200640186,-0.4437062296282712,0.7057595491669744,0.7074339316817096,0.03648263715180315,0.01047417068016151,-0.00022001869061827377,0.09998724270438007,0.001582051880051498,1.4414858195976463e-10,8.006408036553606e-11,-2.1674092750590614e-09,0.1,0.0,1
6,460,world,4.6000000000000005,0.45000000000000007,1.1816166472122107,1.0540937920221611,-0.44369037978213316,0.7057595491576165,0.7074339316910453,0.03648263715166461,0.0104741706806441,-0.00022040687270463529,0.09998714936178398,0.0015878864300604295,-3.137150261789311e-10,-1.7424707510204696e-10,4.717013222079115e-09,0.1,0.0,1
6,461,world,4.61,0.45100000000000007,1.1816144412602734,1.0550936630615741,-0.44367447261220816,0.7057595491335082,0.7074339317150966,0.03648263715130766,0.010474170681887378,-0.00022078084128322376,0.09998705911441502,0.0015935072860196434,9.434675263264835e-11,5.240322065169919e-11,-1.4186030497000506e-09,0.1,0.0,1
6,462,world,4.62,0.452,1.1816122316490898,1.0560935332163892,-0.443658510441717,0.7057595491676812,0.7074339316810045,0.03648263715181363,0.010474170680125064,-0.0002211387190717001,0.09998697244888453,0.0015988865416074216,2.921402703082244e-10,1.622639522747037e-10,-4.392614689954201e-09,0.1,0.0,1
6,463,world,4.63,0.453,1.1816100185394043,1.0570934025226217,-0.4436424956866968,0.7057595491646729,0.7074339316840057,0.036482637151769075,0.010474170680280203,-0.00022148053281321925,0.0999868894043923,0.0016040241916532882,0.0,0.0,0.0,0.1,0.0,1
6,464,world,4.64,0.45399999999999996,1.1816078020919647,1.0580932710166717,-0.44362643076323444,0.7057595491677062,0.7074339316809795,0.03648263715181399,0.01047417068012377,-0.00022180626988611425,0.09998681001848528,0.0016089202298350373,3.315958618799091e-11,1.841790608914043e-11,-4.985872175192054e-10,0.1,0.0,1
6,465,world,4.65,0.45500000000000007,1.1816055824675211,1.059093138735305,-0.4436103180874628,0.7057595491682103,0.7074339316804767,0.03648263715182145,0.01047417068009778,-0.0002221159325296485,0.099986734326873,0.0016135746527007667,-6.867319213288229e-11,-3.8143446734472144e-11,1.0325730721849317e-09,0.1,0.0,1
6,466,world,4.66,0.456,1.1816033598268263,1.060093005715636,-0.44359416007555946,0.7057595491603804,0.707433931688288,0.03648263715170553,0.01047417068050157,-0.00022240952218323862,0.09998666236351111,0.001617987456587449,-2.937799309377178e-10,-1.6317433515489639e-10,4.4172780342377286e-09,0.1,0.0,1
6,467,world,4.67,0.457,1.181601134330636,1.0610928719951103,-0.4435779591437429,0.7057595491368706,0.7074339317117422,0.03648263715135744,0.010474170681713971,-0.0002226870406104011,0.0999865941606226,0.001622158636168999,1.2849478425725271e-10,7.13710340827253e-11,-1.9320577581382303e-09,0.1,0.0,1
6,468,world,4.68,0.45799999999999996,1.1815989061397076,1.0620927376114855,-0.4435617177082703,0.7057595491740879,0.707433931674613,0.03648263715190847,0.010474170679794666,-0.00022294846584095023,0.09998652974872593,0.0016260881860233707,1.6937597158150422e-10,9.407682965978112e-11,-2.5467476597647275e-09,0.1,0.0,1
6,469,world,4.69,0.4590000000000001,1.1815966754148004,1.0630926026028162,-0.4435454381854347,0.7057595491549392,0.7074339316937164,0.03648263715162496,0.010474170680782175,-0.00022319383115815551,0.09998646915634937,0.0016297761073627648,-1.2718784359044468e-10,-7.06434910568967e-11,1.9123976057258135e-09,0.1,0.0,1
6,470,world,4.7,0.46,1.181594442316676,1.064092467007434,-0.44352912299156283,0.7057595491605199,0.7074339316881489,0.03648263715170758,0.010474170680494372,-0.0002234231131949593,0.09998641241051157,0.0016332223937936187,8.037910614877789e-11,4.46448433777403e-11,-1.2085649430012047e-09,0.1,0.0,1
6,471,world,4.71,0.461,1.181592207006097,1.065092330863932,-0.44351277454301186,0.7057595491635138,0.7074339316851622,0.03648263715175192,0.010474170680339978,-0.0002236363195873495,0.09998635953633056,0.001636427043348316,8.907666271263064e-11,4.947466047955505e-11,-1.3393601277969177e-09,0.1,0.0,1
6,472,world,4.72,0.46199999999999997,1.1815899696438288,1.0660921942111445,-0.44349639525616696,0.7057595491700223,0.707433931678669,0.03648263715184828,0.010474170680004335,-0.00022383344826046824,0.09998631055724597,0.00163939005041663,-6.666507623709158e-11,-3.7028019539419077e-11,1.0023693518007986e-09,0.1,0.0,1
6,473,world,4.73,0.4630000000000001,1.181587730390637,1.0670920570881322,-0.4434799875474393,0.7057595491564022,0.7074339316922569,0.036482637151646624,0.010474170680706732,-0.00022401450618685082,0.09998626549476385,0.0016421114187586056,-2.5129065495121226e-10,-1.395730753195283e-10,3.778390816368162e-09,0.1,0.0,1
6,474,world,4.74,0.464,1.1815854894072897,1.0680919195341614,-0.4434635538332627,0.7057595491432154,0.7074339317054124,0.03648263715145137,0.01047417068138677,-0.00022417948718273263,0.09998622436881537,0.0016445911426372008,5.863295959862725e-11,3.256596381451347e-11,-8.816096832599499e-10,0.1,0.0,1
6,475,world,4.75,0.465,1.1815832468545548,1.0690917815886902,-0.4434470965300914,0.7057595491626569,0.7074339316860169,0.03648263715173923,0.010474170680384172,-0.0002243283818103359,0.0999861871975688,0.0016468292169643248,6.008318842454392e-11,3.3370875507366736e-11,-9.034004609925311e-10,0.1,0.0,1
6,476,world,4.76,0.46599999999999997,1.1815810028932028,1.0700916432913492,-0.44343061805439765,0.7057595491496248,0.7074339316990181,0.03648263715154628,0.010474170681056234,-0.00022446120893221999,0.09998615399718552,0.0016488256477828302,-1.1543821454295889e-10,-6.411815522966252e-11,1.7357278158172175e-09,0.1,0.0,1
6,477,world,4.7700000000000005,0.4670000000000001,1.1815787576840033,1.0710915046819207,-0.4434141208226686,0.7057595491503423,0.7074339316983024,0.036482637151556904,0.01047417068101924,-0.00022457795484579691,0.09998612478239427,0.0016505804256929557,5.6767784917253804e-11,3.152998695465834e-11,-8.535587438674336e-10,0.1,0.0,1
6,478,world,4.78,0.468,1.1815765113877281,1.0720913658003257,-0.4433976072514047,0.7057595491556806,0.7074339316929766,0.036482637151635945,0.010474170680743931,-0.00022467862218273,0.09998609956596438,0.0016520935511630244,-8.817807595207465e-11,-4.897575400786412e-11,1.3258451031939952e-09,0.1,0.0,1
6,479,world,4.79,0.46900000000000003,1.1815742641651483,1.0730912266866044,-0.44338107975711616,0.7057595491409357,0.7074339317076866,0.03648263715141763,0.010474170681504337,-0.00022476321834351469,0.099986078358805,0.0016533650300487352,1.1892847817663076e-10,6.605688218641782e-11,-1.7882155771334126e-09,0.1,0.0,1
6,480,world,4.8,0.47,1.1815720161770364,1.0740910873808978,-0.443364540756321,0.7057595491683677,0.7074339316803196,0.03648263715182378,0.010474170680089665,-0.00022483172490198253,0.09998606117041858,0.0016543948503288887,2.383794550642125e-10,1.324024223592308e-10,-3.5842669110496357e-09,0.1,0.0,1
6,481,world,4.8100000000000005,0.4710000000000001,1.1815697675841643,1.0750909479234316,-0.4433479926655423,0.7057595491663653,0.7074339316823173,0.03648263715179414,0.010474170680192928,-0.00022488416301326707,0.09998604800804552,0.0016551830249387361,-1.214105205260517e-10,-6.743459957103489e-11,1.8255260855487738e-09,0.1,0.0,1
6,482,world,4.82,0.47200000000000003,1.181567518547305,1.076090808354498,-0.4433314379013054,0.7057595491554159,0.7074339316932408,0.03648263715163202,0.010474170680757589,-0.00022492052619741228,0.09998603887761182,0.0016557295436139278,-1.5214322857115956e-10,-8.450497246404127e-11,2.2876348493468873e-09,0.1,0.0,1
6,483,world,4.83,0.47300000000000003,1.18156526922723,1.0770906687144364,-0.4433148788801371,0.7057595491501351,0.7074339316985091,0.03648263715155384,0.010474170681029921,-0.00022494081073147037,0.09998603378300437,0.0016560344125581238,5.963250726548512e-11,3.312107532682606e-11,-8.966311796764871e-10,0.1,0.0,1
6,484,world,4.84,0.474,1.181563019784713,1.078090529043619,-0.44329831801856245,0.7057595491617774,0.7074339316868945,0.03648263715172621,0.010474170680429532,-0.00022494501304962957,0.09998603272654674,0.0016560976260563182,1.296626001012731e-10,7.201877982865106e-11,-1.9496161195869385e-09,0.1,0.0,1
6,485,world,4.8500000000000005,0.4750000000000001,1.1815607703805242,1.079090389382429,-0.44328175773309997,0.7057595491639672,0.7074339316847098,0.03648263715175863,0.010474170680316601,-0.0002249331410747714,0.09998603570856937,0.0016559191908840976,-1.4918691282339146e-10,-8.286253627698175e-11,2.243167988597657e-09,0.1,0.0,1
6,486,world,4.86,0.47600000000000003,1.1815585211481054,1.0800902497643838,-0.44326520002946285,0.7057595491458626,0.7074339317027716,0.036482637151490575,0.010474170681250264,-0.00022491337456460913,0.09998604067437819,0.0016556220086522177,-1.5463151592510074e-10,-8.58865062403092e-11,2.32502626092846e-09,0.1,0.0,1
6,487,world,4.87,0.47700000000000004,1.1815562721124622,1.0810901101957564,-0.44324864528350977,0.7057595491474716,0.7074339317011663,0.0364826371515144,0.010474170681167285,-0.00022489379053955446,0.09998604559208918,0.0016553276532591766,1.7607998392677372e-10,9.780093401801343e-11,-2.647531689324302e-09,0.1,0.0,1
6,488,world,4.88,0.478,1.181554023271712,1.082089970676065,-0.44323209346694237,0.7057595491646462,0.7074339316840323,0.03648263715176868,0.010474170680281576,-0.0002248743905578606,0.09998605046162855,0.0016550361304646065,0.0,0.0,0.0,0.1,0.0,1
6,489,world,4.89,0.479,1.1815517746239725,1.0830898312048278,-0.4432155445514627,0.7057595491477756,0.7074339317008631,0.0364826371515189,0.010474170681151604,-0.00022485518842733535,0.09998605528305135,0.0016547474365709528,-6.84244327864272e-11,-3.800605663517477e-11,1.0288329378975845e-09,0.1,0.0,1
6,490,world,4.9,0.48000000000000004,1.1815495261673608,1.084089691781565,-0.4431989985087735,0.7057595491573468,0.7074339316913144,0.03648263715166061,0.010474170680658009,-0.00022483616709084633,0.09998606005640126,0.0016544615727445038,2.8115357264545692e-11,1.5615286841352378e-11,-4.22736850949958e-10,0.1,0.0,1
6,491,world,4.91,0.48100000000000004,1.1815472778999943,1.085089552405796,-0.4431824553105774,0.7057595491507748,0.7074339316978709,0.03648263715156331,0.010474170680996934,-0.00022481733852953105,0.09998606478169622,0.0016541785377472932,-1.1720832637785208e-10,-6.510104955115456e-11,1.762332125935079e-09,0.1,0.0,1
6,492,world,4.92,0.482,1.18154502981999,1.0860894130770389,-0.4431659149285779,0.7057595491448435,0.7074339317037882,0.03648263715147549,0.010474170681302814,-0.0002247986981637494,0.09998606945892717,0.0016538983342081596,6.998637780420058e-11,3.8872377539079725e-11,-1.0523320821513865e-09,0.1,0.0,1
6,493,world,4.93,0.483,1.1815427819254662,1.0870892737948146,-0.4431493773344786,0.7057595491582408,0.7074339316904226,0.036482637151673845,0.010474170680611915,-0.00022478024044689715,0.09998607408819332,0.0016536209583279074,6.955998277380162e-11,3.863610820164953e-11,-1.045902058537077e-09,0.1,0.0,1
6,494,world,4.94,0.48400000000000004,1.1815405342145395,1.0880891345586432,-0.44313284249998397,0.7057595491522639,0.7074339316963852,0.03648263715158535,0.010474170680920136,-0.00022476197648737184,0.09998607866945738,0.0016533464122822272,-5.1705861814353617e-11,-2.87193879788808e-11,7.774573140221145e-10,0.1,0.0,1
6,495,world,4.95,0.48500000000000004,1.1815382866853283,1.0890889953680436,-0.44311631039679844,0.705759549152725,0.7074339316959255,0.03648263715159219,0.01047417068089637,-0.00022474389905501082,0.09998608320273872,0.001653074697299195,1.3351819649898648e-10,7.415942859801051e-11,-2.007570070470101e-09,0.1,0.0,1
6,496,world,4.96,0.486,1.1815360393359493,1.0900888562225377,-0.44309978099662695,0.7057595491665072,0.7074339316821757,0.03648263715179624,0.010474170680185607,-0.0002247260058533594,0.09998608768815176,0.001652805808171291,1.9585721933169066e-11,1.0879491751936434e-11,-2.9449198071449753e-10,0.1,0.0,1
6,497,world,4.97,0.487,1.1815337921645208,1.0910887171216461,-0.4430832542711749,0.7057595491548143,0.7074339316938411,0.036482637151623115,0.010474170680788616,-0.0002247083084130804,0.09998609212555924,0.0016525397530206697,-3.948542881548776e-11,-2.1931068072688556e-11,5.937018509195005e-10,0.1,0.0,1
6,498,world,4.98,0.48800000000000004,1.1815315451691595,1.0920885780648895,-0.44306673019214815,0.705759549162295,0.7074339316863779,0.036482637151733874,0.010474170680402833,-0.00022469079356803143,0.09998609651514218,0.0016522765240597214,1.435698782081788e-10,7.974211568839479e-11,-2.15871203833485e-09,0.1,0.0,1
6,499,world,4.99,0.48900000000000005,1.181529298347984,1.093088439051789,-0.4430502087312527,0.7057595491701298,0.7074339316785616,0.03648263715184988,0.010474170679998786,-0.00022467346689203718,0.09998610085685024,0.0016520161249357773,-1.0237644065824999e-10,-5.6862500819045285e-11,1.5393246193766137e-09,0.1,0.0,1
6,500,world,5.0,0.49,1.181527051699111,1.0940883000818662,-0.443033689860195,0.7057595491513738,0.7074339316972733,0.03648263715157218,0.010474170680966042,-0.00022465633616210306,0.09998610515065237,0.0016517585578137374,-2.306540375363104e-10,-1.281121042584522e-10,3.468104612085975e-09,0.1,0.0,1
6,501,world,5.01,0.491,1.1815248052206588,1.0950881611546428,-0.4430171735506819,0.7057595491455244,0.7074339317031089,0.03648263715148557,0.0104741706812677,-0.000224639389819086,0.0999861093966885,0.001651503817126408,-1.4344775367547003e-11,-7.966544091075661e-12,2.1567716146016986e-10,0.1,0.0,1
6,502,world,5.0200000000000005,0.49200000000000005,1.1815225589107448,1.0960880222696407,-0.44300065977442066,0.7057595491498436,0.7074339316987999,0.036482637151549514,0.010474170681044951,-0.00022462262877894618,0.09998611359494342,0.0016512519049835751,-1.6673815106393396e-11,-9.261341693544713e-12,2.5070591761453656e-10,0.1,0.0,1
6,503,world,5.03,0.49300000000000005,1.1815203127674867,1.0970878834263824,-0.44298414850311846,0.7057595491437457,0.7074339317048833,0.03648263715145924,0.01047417068135943,-0.000224606059189803,0.09998611774534627,0.0016510028261427158,2.3135313109712906e-11,1.284944373125575e-11,-3.478622988620321e-10,0.1,0.0,1
6,504,world,5.04,0.494,1.1815180667890024,1.0980877446243895,-0.4429676397084836,0.7057595491523116,0.7074339316963377,0.03648263715158606,0.010474170680917681,-0.00022458967349697773,0.09998612184804684,0.0016507565738439385,1.5010284681871554e-10,8.337219803422835e-11,-2.2569380717617815e-09,0.1,0.0,1
6,505,world,5.05,0.495,1.1815158209734096,1.0990876058631847,-0.44295113336222375,0.7057595491597582,0.7074339316889088,0.036482637151696314,0.010474170680533653,-0.00022457347623088542,0.09998612590304128,0.0016505131489793748,3.8048383887988615e-11,2.113378916312964e-11,-5.720957345009384e-10,0.1,0.0,1
6,506,world,5.0600000000000005,0.49600000000000005,1.181513575318826,1.1000874671422907,-0.4429346294360475,0.7057595491563705,0.7074339316922884,0.03648263715164615,0.010474170680708359,-0.00022455747038479992,0.09998612991028373,0.0016502725551739831,6.525439910642729e-11,3.624531230705836e-11,-9.811767175647573e-10,0.1,0.0,1
6,507,world,5.07,0.49700000000000005,1.181511329823369,1.1010873284612295,-0.44291812790166385,0.7057595491667195,0.707433931681964,0.03648263715179937,0.01047417068017466,-0.0002245416488961824,0.09998613386983594,0.0016500347908931037,-1.4804338310803587e-10,-8.222901526355964e-11,2.225989981534106e-09,0.1,0.0,1
6,508,world,5.08,0.498,1.181509084485157,1.102087189819527,-0.4429016287307823,0.7057595491405776,0.7074339317080439,0.03648263715141233,0.010474170681522807,-0.0002245260260473733,0.09998613778167274,0.0016497998569469997,6.001796282184719e-11,3.3334446314371223e-11,-9.024177564064228e-10,0.1,0.0,1
6,509,world,5.09,0.499,1.1815068393023076,1.1030870512167048,-0.44288513189511136,0.7057595491731219,0.7074339316755767,0.036482637151894176,0.010474170679844486,-0.000224510574571485,0.09998614164595111,0.0016495677487472526,3.129177472693808e-10,1.7380506756037288e-10,-4.705040659381052e-09,0.1,0.0,1
6,510,world,5.1000000000000005,0.5,1.1815045942729385,1.1040869126522868,-0.44286863736636056,0.7057595491739589,0.7074339316747418,0.03648263715190656,0.010474170679801328,-0.00022449532044758046,0.09998614546254014,0.0016493384718920421,-5.1324222649640167e-11,-2.8506363936031656e-11,7.71713687961264e-10,0.1,0.0,1
6,511,world,5.11,0.501,1.1815023493948689,1.1050867741257215,-0.4428521451117492,0.7057595491676468,0.7074339316810389,0.03648263715181311,0.010474170680126835,-0.00022448034597660844,0.09998614920914689,0.0016491133679910623,-3.0186582400393255e-10,-1.6766588117889093e-10,4.538851998241162e-09,0.1,0.0,1
6,512,world,5.12,0.502,1.1815001046647324,1.1060866356361632,-0.44283565508067985,0.7057595491417568,0.7074339317068677,0.036482637151429784,0.01047417068146201,-0.00022446574307206837,0.09998615286368308,0.001648893765646293,-1.318556375196066e-10,-7.323586181939836e-11,1.9825743640105427e-09,0.1,0.0,1
6,513,world,5.13,0.503,1.181497860078869,1.10708649718269,-0.44281916721813697,0.705759549153581,0.7074339316950715,0.03648263715160485,0.010474170680852221,-0.00022445149526588958,0.09998615642628117,0.0016486796612759807,4.72146627350511e-11,2.6224161731036562e-11,-7.099022487477145e-10,0.1,0.0,1
6,514,world,5.14,0.504,1.1814956156336185,1.1080863587643817,-0.4428026814691051,0.7057595491467934,0.7074339317018431,0.03648263715150436,0.010474170681202263,-0.00022443761904704645,0.09998615989680759,0.001648471062889222,6.198409840951762e-11,3.442766904893087e-11,-9.319819764021232e-10,0.1,0.0,1
6,515,world,5.15,0.505,1.1814933713253202,1.1090862203803213,-0.4427861977785683,0.7057595491601931,0.7074339316884749,0.03648263715170275,0.010474170680511223,-0.00022442410296305521,0.099986163275437,0.0016482679635500743,7.556212600068326e-11,4.1969899777782826e-11,-1.1361512316891685e-09,0.1,0.0,1
6,516,world,5.16,0.506,1.1814911271503148,1.1100860820295857,-0.44276971609151083,0.7057595491548541,0.7074339316938013,0.036482637151623705,0.010474170680786566,-0.00022441095816064517,0.0999861665621484,0.0016480703650566101,-1.1647557918159627e-10,-6.46937364789934e-11,1.7513114927442797e-09,0.1,0.0,1
6,517,world,5.17,0.507,1.181488883104941,1.111085943711258,-0.4427532363529167,0.705759549147768,0.7074339317008707,0.03648263715151878,0.010474170681151999,-0.00022439818001670502,0.09998616975693779,0.001647878270269433,-4.9325127315924494e-11,-2.7396834800796884e-11,7.416527786872899e-10,0.1,0.0,1
6,518,world,5.18,0.508,1.1814866391855396,1.1120858054244183,-0.44273675850776983,0.7057595491495922,0.7074339316990507,0.036482637151545795,0.010474170681057918,-0.00022438576522184692,0.0999861728599164,0.0016476916748240018,8.638922910364489e-11,4.798245134551843e-11,-1.2989437054179e-09,0.1,0.0,1
6,519,world,5.19,0.509,1.1814843953884495,1.1130856671681497,-0.44272028250105383,0.7057595491569837,0.7074339316916768,0.036482637151655235,0.010474170680676744,-0.00022437371494189208,0.0999861758710584,0.001647510582006435,1.3018232325467939e-10,7.230778475975081e-11,-1.957426332566818e-09,0.1,0.0,1
6,520,world,5.2,0.51,1.1814821517100105,1.114085528941533,-0.44270380827775263,0.7057595491634797,0.7074339316851961,0.03648263715175141,0.010474170680341736,-0.00022436203108257342,0.09998617879037096,0.0016473349929459061,1.5373119444106448e-11,8.539002838148227e-12,-2.3115763860340179e-10,0.1,0.0,1
6,521,world,5.21,0.511,1.181479908146563,1.1150853907436504,-0.44268733578284974,0.7057595491586237,0.7074339316900407,0.036482637151679514,0.01047417068059217,-0.00022435071641486093,0.09998618161792433,0.0016471649047664545,1.0505138425820342e-11,5.8338750497099974e-12,-1.579577180860213e-10,0.1,0.0,1
6,522,world,5.22,0.512,1.1814776646944465,1.1160852525735854,-0.4426708649613288,0.7057595491646004,0.7074339316840781,0.036482637151768006,0.010474170680283949,-0.00022433976467209902,0.0999861843537564,0.0016470003177368792,-2.694060252661498e-11,-1.4963377759080726e-11,4.0508557337497156e-10,0.1,0.0,1
6,523,world,5.23,0.513,1.1814754213500005,1.11708511443042,-0.44265439575817306,0.7057595491557497,0.7074339316929078,0.03648263715163696,0.010474170680740373,-0.0002243291830266071,0.0999861869979023,0.0016468412304039709,-2.569718743350433e-10,-1.427295781564196e-10,3.863833173767604e-09,0.1,0.0,1
6,524,world,5.24,0.514,1.1814731781095644,1.1180849763132372,-0.4426379281183661,0.7057595491371873,0.7074339317114262,0.03648263715136213,0.01047417068169764,-0.00022431897032434875,0.09998618955031792,0.0016466876472025793,1.0364625824266217e-11,5.756159437986237e-12,-1.5584078081817819e-10,0.1,0.0,1
6,525,world,5.25,0.515,1.181470934969479,1.1190848382211205,-0.4426214619868912,0.7057595491568553,0.7074339316918048,0.036482637151653334,0.01047417068068336,-0.00022430911273937736,0.09998619201112044,0.001646539564449981,2.177025920646612e-10,1.2091785905887765e-10,-3.273379993711659e-09,0.1,0.0,1
6,526,world,5.26,0.516,1.1814686919260826,1.1200847001531535,-0.4426049973087314,0.7057595491604113,0.7074339316882573,0.036482637151705986,0.010474170680499988,-0.00022429962572991505,0.09998619438028385,0.0016463969831100617,1.0366221769864115e-10,5.7577206891146146e-11,-1.5586551905914775e-09,0.1,0.0,1
6,527,world,5.2700000000000005,0.517,1.1814664489757158,1.1210845621084211,-0.4425885340288699,0.7057595491679136,0.7074339316807726,0.03648263715181706,0.01047417068011307,-0.0002242905036938343,0.09998619665782453,0.0016462599043874746,-4.303189748977582e-11,-2.390032616261803e-11,6.470287901381287e-10,0.1,0.0,1
6,528,world,5.28,0.518,1.1814642061147185,1.1220844240860053,-0.44257207209228994,0.7057595491558207,0.707433931692837,0.03648263715163801,0.010474170680736715,-0.00022428175330776974,0.09998619884374838,0.001646128328394991,-2.4444127277867246e-10,-1.3576986757080068e-10,3.6753988307686136e-09,0.1,0.0,1
6,529,world,5.29,0.519,1.1814619633394297,1.123084286084991,-0.4425556114439744,0.7057595491418375,0.7074339317067871,0.03648263715143098,0.010474170681457838,-0.00022427336943473095,0.09998620093811882,0.0016460022533073269,1.099339369536877e-10,6.106087857560276e-11,-1.6529572903576495e-09,0.1,0.0,1
6,530,world,5.3,0.52,1.1814597206461899,1.1240841481044632,-0.4425391520289063,0.7057595491675481,0.7074339316811373,0.036482637151811645,0.010474170680131923,-0.0002242653401438141,0.09998620294102084,0.001645881676855216,8.854375566080809e-12,4.9179410543942425e-12,-1.331411109833923e-10,0.1,0.0,1
6,531,world,5.3100000000000005,0.521,1.1814574780313378,1.1250840101435056,-0.4425226937920686,0.705759549142782,0.7074339317058448,0.03648263715144496,0.010474170681409123,-0.000224257691410269,0.09998620485230937,0.0016457666055276422,-2.8265584317566074e-10,-1.5699698485693845e-10,4.250016858624649e-09,0.1,0.0,1
6,532,world,5.32,0.522,1.1814552354912138,1.1260838722012037,-0.44250623667844435,0.7057595491373951,0.7074339317112188,0.03648263715136521,0.010474170681686927,-0.00022425040332640608,0.0999862066720776,0.0016456570375367133,1.8846764426871927e-10,1.0468015343434433e-10,-2.833807738163507e-09,0.1,0.0,1
6,533,world,5.33,0.523,1.1814529930221573,1.127083734276643,-0.44248978063301647,0.7057595491628873,0.7074339316857872,0.03648263715174264,0.010474170680372295,-0.0002242434722172673,0.09998620840045519,0.0016455529666084745,0.0,0.0,0.0,0.1,0.0,1
6,534,world,5.34,0.524,1.1814507506205085,1.1280835963689082,-0.44247332560076763,0.705759549137099,0.7074339317115145,0.03648263715136083,0.01047417068170221,-0.00022423692189638928,0.0999862100372725,0.0016454544008534693,-9.813365398070307e-11,-5.450813411744798e-11,1.475547022891306e-09,0.1,0.0,1
6,535,world,5.3500000000000005,0.525,1.1814485082826065,1.1290834584770841,-0.4424568715266804,0.7057595491524186,0.707433931696231,0.03648263715158765,0.010474170680912172,-0.0002242307259091509,0.09998621158267523,0.001645361336017557,2.1180938947207272e-10,1.1764617058318537e-10,-3.184767553843223e-09,0.1,0.0,1
6,536,world,5.36,0.526,1.1814462660050253,1.1300833206003158,-0.4424404183592646,0.7057595491596942,0.7074339316889726,0.03648263715169536,0.010474170680536963,-0.0002242248279440692,0.09998621305417638,0.001645272716416099,3.9181505262497725e-11,2.1763146840214615e-11,-5.891375657717658e-10,0.1,0.0,1
6,537,world,5.37,0.527,1.1814440237852712,1.1310831827379788,-0.4424239660610225,0.7057595491565983,0.7074339316920611,0.03648263715164953,0.010474170680696619,-0.0002242191594215606,0.09998621446906562,0.001645187501339557,-3.5264499653742095e-11,-1.958676276725411e-11,5.3023117580625e-10,0.1,0.0,1
6,538,world,5.38,0.528,1.1814417816210796,1.132083044889508,-0.4424075145979265,0.7057595491559323,0.7074339316927256,0.036482637151639664,0.010474170680730963,-0.00022421371638105367,0.09998621582744321,0.001645105685763592,-8.770657811130169e-11,-4.8714504652380645e-11,1.3187595926302655e-09,0.1,0.0,1
6,539,world,5.39,0.529,1.1814395395101864,1.1330829070543385,-0.4423910639359485,0.705759549147242,0.7074339317013953,0.036482637151511,0.010474170681179121,-0.00022420850223473697,0.09998621712919845,0.0016450272764641516,-6.305789224114726e-11,-3.502337309058132e-11,9.481341438962584e-10,0.1,0.0,1
6,540,world,5.4,0.53,1.1814372974503284,1.1340827692319038,-0.44237461404106093,0.7057595491492055,0.7074339316994365,0.036482637151540064,0.01047417068107786,-0.00022420351149732656,0.09998621837439968,0.0016449522705213404,5.374728440088455e-11,2.985285629808484e-11,-8.081494783269962e-10,0.1,0.0,1
6,541,world,5.41,0.531,1.1814350554392417,1.1350826314216391,-0.44235816487923607,0.7057595491529757,0.7074339316956753,0.036482637151595894,0.01047417068088344,-0.00022419874633777893,0.09998621956313317,0.0016448806628657575,-1.7572401866949844e-11,-9.761288999321485e-12,2.6422427071813555e-10,0.1,0.0,1
6,542,world,5.42,0.532,1.181432813474662,1.136082493622977,-0.4423417164164462,0.7057595491473309,0.7074339317013066,0.036482637151512315,0.01047417068117454,-0.0002241942106091297,0.09998622069523086,0.0016448124636321431,6.600657520561265e-11,3.6660952051903425e-11,-9.924556727651515e-10,0.1,0.0,1
6,543,world,5.43,0.533,1.1814305715543252,1.1370823558353549,-0.44232526861866356,0.7057595491600169,0.7074339316886507,0.03648263715170016,0.010474170680520313,-0.0002241898956453209,0.09998622177091858,0.0016447476607008406,-5.4018248207832135e-11,-3.000308335110443e-11,8.122105906675078e-10,0.1,0.0,1
6,544,world,5.44,0.534,1.1814283296759678,1.1380822180582062,-0.44230882145186035,0.7057595491415685,0.7074339317070555,0.036482637151426994,0.010474170681471716,-0.00022418581628312094,0.09998622278996588,0.001644686266460934,1.4372183998467832e-11,7.984932159921237e-12,-2.1611207831964664e-10,0.1,0.0,1
6,545,world,5.45,0.535,1.1814260878373262,1.1390820802909662,-0.442292374882009,0.7057595491615503,0.707433931687121,0.03648263715172284,0.010474170680441241,-0.00022418195220388605,0.09998622375257606,0.0016446282717082848,5.380453027559179e-11,2.988477521004282e-11,-8.08996229381686e-10,0.1,0.0,1
6,546,world,5.46,0.536,1.1814238460361361,1.1400819425330695,-0.4422759288750818,0.7057595491473081,0.7074339317013294,0.036482637151511975,0.010474170681175713,-0.00022417832433062356,0.09998622465862368,0.0016445736815768964,2.5335289421946046e-11,1.4072076837123846e-11,-3.809325522120124e-10,0.1,0.0,1
6,547,world,5.47,0.537,1.1814216042701338,1.141081804783951,-0.442259483397051,0.7057595491642529,0.7074339316844247,0.03648263715176286,0.01047417068030186,-0.00022417491383648768,0.09998622550823008,0.0016445224915974275,9.547224122385944e-12,5.302355776670703e-12,-1.4354903442141668e-10,0.1,0.0,1
6,548,world,5.48,0.538,1.1814193625370548,1.1420816670430456,-0.442243038413889,0.7057595491483266,0.7074339317003134,0.03648263715152706,0.010474170681123189,-0.00022417173920978155,0.09998622630127448,0.001644474706910951,-2.1290955110053725e-11,-1.182595688042908e-11,3.2012361511624095e-10,0.1,0.0,1
6,549,world,5.49,0.539,1.1814171208346365,1.143081529309788,-0.44222659389156815,0.7057595491619817,0.7074339316866906,0.03648263715172923,0.010474170680418995,-0.00022416878242454297,0.0999862270378849,0.0016444303224887264,6.246773931461995e-11,3.4696898132402464e-11,-9.392619928355595e-10,0.1,0.0,1
6,550,world,5.5,0.54,1.181414879160614,1.1440813915836137,-0.44221014979606066,0.7057595491549905,0.7074339316936653,0.036482637151625724,0.010474170680779533,-0.00022416605823290166,0.09998622771790339,0.0016443893462035923,4.549555177035808e-11,2.5269369929858925e-11,-6.840589889239155e-10,0.1,0.0,1
6,551,world,5.51,0.541,1.181412637512724,1.145081253863958,-0.442193706093339,0.705759549166835,0.7074339316818489,0.0364826371518011,0.010474170680168707,-0.0002241635547475834,0.0999862283415345,0.001644351767490028,-7.724272610420959e-11,-4.2902834063163146e-11,1.161413884986569e-09,0.1,0.0,1
6,552,world,5.5200000000000005,0.542,1.1814103958887021,1.1460811161502569,-0.44217726274937547,0.7057595491467504,0.7074339317018857,0.03648263715150372,0.010474170681204474,-0.0002241612869022304,0.09998622890861192,0.0016443175946611302,-8.297633413700813e-11,-4.6087786365056564e-11,1.2476223667460387e-09,0.1,0.0,1
6,553,world,5.53,0.543,1.1814081542862847,1.1470809784419433,-0.4421608197301424,0.7057595491579833,0.7074339316906795,0.036482637151670036,0.010474170680625191,-0.00022415923624324836,0.09998622941931333,0.0016442868196421636,5.5630847151100175e-11,3.0899588443489246e-11,-8.364610057116215e-10,0.1,0.0,1
6,554,world,5.54,0.544,1.181405912703208,1.148080840738454,-0.4421443770016123,0.7057595491526849,0.7074339316959652,0.03648263715159158,0.010474170680898424,-0.00022415741697056607,0.0999862298734505,0.001644259452134528,9.837686221203502e-11,5.464274865918378e-11,-1.479200155375322e-09,0.1,0.0,1
6,555,world,5.55,0.545,1.1814036711372076,1.1490807030392245,-0.4421279345297572,0.7057595491684779,0.7074339316802097,0.03648263715182541,0.010474170680083977,-0.0002241558179395641,0.0999862302711716,0.0016442354848180364,0.0,0.0,0.0,0.1,0.0,1
6,556,world,5.5600000000000005,0.546,1.1814014295860207,1.1500805653436892,-0.4421114922805498,0.7057595491520314,0.7074339316966173,0.036482637151581905,0.01047417068093213,-0.0002241544546695925,0.09998623061234246,0.0016442149238845565,-1.2369966162495403e-11,-6.871586633039322e-12,1.860046079833753e-10,0.1,0.0,1
6,557,world,5.57,0.547,1.1813991880473822,1.1510804276512834,-0.44209505021996226,0.7057595491671582,0.7074339316815262,0.03648263715180588,0.010474170680152032,-0.00022415330850502287,0.09998623089715013,0.0016441977606330895,1.9349105651045287e-11,1.0746958878371504e-11,-2.909309783100802e-10,0.1,0.0,1
6,558,world,5.58,0.548,1.181396946519029,1.1520802899614433,-0.44207860831396717,0.7057595491540956,0.7074339316945581,0.03648263715161247,0.010474170680825684,-0.000224152397038893,0.09998623112539289,0.0016441840050369122,4.927898367146351e-11,2.7371854782742818e-11,-7.409682730667021e-10,0.1,0.0,1
6,559,world,5.59,0.549,1.1813947049986973,1.1530801522736034,-0.4420621665285366,0.7057595491724152,0.7074339316762817,0.036482637151883705,0.010474170679880927,-0.00022415170276490455,0.09998623129726733,0.0016441736476138094,-6.693361143117465e-11,-3.71778996477445e-11,1.0064206683747096e-09,0.1,0.0,1
6,560,world,5.6000000000000005,0.55,1.1813924634841226,1.1540800145871999,-0.44204572482964305,0.7057595491469552,0.7074339317016816,0.03648263715150676,0.010474170681193912,-0.0002241512474968831,0.09998623141259663,0.0016441666962091488,-1.444133007622027e-10,-8.02118788056915e-11,2.171395349767275e-09,0.1,0.0,1
6,561,world,5.61,0.551,1.1813902219731611,1.1550798769016972,-0.44202928318506,0.7057595491570097,0.7074339316916508,0.03648263715165562,0.010474170680675401,-0.0002241509726169965,0.09998623148044916,0.0016441626073823404,1.415943751137404e-10,7.864681128566526e-11,-2.1290256721224317e-09,0.1,0.0,1
6,562,world,5.62,0.552,1.1813879804641447,1.15607973921668,-0.4420128415697069,0.7057595491620601,0.7074339316866123,0.03648263715173039,0.010474170680414946,-0.00022415085439216046,0.09998623150958141,0.001644160851884023,5.182278217663589e-11,2.878426663688314e-11,-7.792078451657879e-10,0.1,0.0,1
6,563,world,5.63,0.553,1.1813857389555222,1.157079601531761,-0.44199639996027523,0.7057595491625379,0.7074339316861356,0.03648263715173746,0.010474170680390301,-0.00022415089234878937,0.09998623150008139,0.0016441614244336327,0.0,0.0,0.0,0.1,0.0,1
6,564,world,5.64,0.5539999999999999,1.1813834974457427,1.1580794638465532,-0.4419799583334563,0.7057595491625636,0.70743393168611,0.03648263715173785,0.010474170680388988,-0.00022415108542119455,0.09998623145192635,0.0016441643265563165,-5.845983419572316e-11,-3.2470900968029045e-11,8.789946580930318e-10,0.1,0.0,1
6,565,world,5.65,0.555,1.1813812559332562,1.15907932616067,-0.4419635166659417,0.7057595491563017,0.7074339316923571,0.03648263715164513,0.010474170680711917,-0.00022415143561620556,0.09998623136502416,0.001644169563571072,-6.929977425240316e-11,-3.8490738374361615e-11,1.0419974778851894e-09,0.1,0.0,1
6,566,world,5.66,0.556,1.1813790144165108,1.160079188473725,-0.44194707493442265,0.7057595491551708,0.7074339316934852,0.03648263715162839,0.01047417068077023,-0.00022415193928071944,0.09998623123948602,0.001644177129188244,-1.9789725413943402e-11,-1.0991901833179432e-11,2.975679273299612e-10,0.1,0.0,1
6,567,world,5.67,0.557,1.1813767728939566,1.161079050785331,-0.44193063311559083,0.7057595491541905,0.7074339316944633,0.03648263715161387,0.010474170680820785,-0.00022415259795275394,0.0999862310752766,0.0016441870253177697,7.687288305913563e-11,4.2697789748305066e-11,-1.1558640438010601e-09,0.1,0.0,1
6,568,world,5.68,0.5579999999999999,1.1813745313640427,1.162078913095101,-0.44191419118613756,0.7057595491633715,0.7074339316853041,0.036482637151749805,0.010474170680347323,-0.00022415340889661182,0.09998623087237656,0.0016441992534654529,1.670344418336354e-10,9.27761339974963e-11,-2.5115276449261924e-09,0.1,0.0,1
6,569,world,5.69,0.559,1.1813722898252186,1.163078775402649,-0.44189774912275437,0.7057595491720092,0.7074339316766868,0.036482637151877696,0.010474170679901864,-0.0002241543749778514,0.0999862306308198,0.0016442138111247909,-9.824224767029379e-11,-5.4567808605018563e-11,1.4771785411624021e-09,0.1,0.0,1
6,570,world,5.7,0.56,1.181370048275933,1.1640786377075885,-0.4418813069021325,0.7057595491528912,0.7074339316957595,0.036482637151594645,0.010474170680887797,-0.00022415550414598676,0.099986230350528,0.00164423070191332,-1.942352528816469e-10,-1.0788488158386388e-10,2.9205115593695202e-09,0.1,0.0,1
6,571,world,5.71,0.561,1.181367806714636,1.1650785000095316,-0.4418648645009636,0.7057595491512888,0.7074339316973581,0.03648263715157092,0.01047417068097043,-0.00022415678323946264,0.09998623003161282,0.001644249920765338,5.6399676595656224e-11,3.1326330418581286e-11,-8.480225202612175e-10,0.1,0.0,1
6,572,world,5.72,0.5619999999999999,1.1813655651397759,1.166078362308092,-0.4418484218959389,0.7057595491589078,0.7074339316897573,0.036482637151683726,0.010474170680577518,-0.00022415821481373648,0.09998622967401627,0.001644271470774229,0.0,0.0,0.0,0.1,0.0,1
6,573,world,5.73,0.5630000000000001,1.1813633235498024,1.167078224602883,-0.44183197906375005,0.7057595491515899,0.7074339316970579,0.03648263715157538,0.010474170680954907,-0.00022415980589240915,0.09998622927767659,0.0016442953546472183,-1.0446678244679339e-10,-5.8023377769164156e-11,1.5707645687617288e-09,0.1,0.0,1
6,574,world,5.74,0.5640000000000001,1.181361081943165,1.1680780868935172,-0.44181553598108836,0.7057595491477635,0.7074339317008751,0.03648263715151872,0.010474170681152223,-0.00022416155098797525,0.0999862288426704,0.0016443215683696088,2.852128255792505e-11,1.5842882561400968e-11,-4.288513825740493e-10,0.1,0.0,1
6,575,world,5.75,0.5650000000000001,1.1813588403183133,1.1690779491796082,-0.44179909262464534,0.7057595491546325,0.7074339316940225,0.036482637151620416,0.010474170680797996,-0.00022416344800693284,0.09998622836901366,0.0016443501111457943,8.399045348106884e-11,4.6650530660666025e-11,-1.262881335964485e-09,0.1,0.0,1
6,576,world,5.76,0.566,1.1813565986736951,1.1700778114607686,-0.44178264897111225,0.7057595491567233,0.7074339316919365,0.03648263715165138,0.010474170680690162,-0.00022416550146125928,0.0999862278566624,0.0016443809849124556,2.2984739111997473e-11,1.2764789225627724e-11,-3.4558061707407014e-10,0.1,0.0,1
6,577,world,5.7700000000000005,0.5670000000000001,1.1813543570077614,1.171077673736611,-0.44176620499718083,0.7057595491570843,0.7074339316915764,0.03648263715165673,0.010474170680671555,-0.00022416771040597731,0.09998622730563675,0.001644414188442635,1.6496456978209075e-10,9.16260123329186e-11,-2.480399138035867e-09,0.1,0.0,1
6,578,world,5.78,0.5680000000000001,1.1813521153189603,1.1720775360067504,-0.44174976067954225,0.7057595491743213,0.7074339316743802,0.03648263715191193,0.010474170679782634,-0.00022417006979461504,0.09998622671589025,0.0016444497251078196,7.414104052916307e-11,4.118129448560377e-11,-1.114787559139406e-09,0.1,0.0,1
6,579,world,5.79,0.5690000000000001,1.181349873605742,1.173077398270799,-0.44173331599488813,0.7057595491649934,0.707433931683686,0.03648263715177382,0.010474170680263671,-0.00022417259178323921,0.09998622608743014,0.0016444875926552756,-9.314701787666534e-11,-5.1736046002839923e-11,1.4005564232239047e-09,0.1,0.0,1
6,580,world,5.8,0.57,1.1813476318665546,1.1740772605283694,-0.44171687091990974,0.7057595491643847,0.7074339316842932,0.03648263715176481,0.010474170680295072,-0.0002241752663934358,0.09998622542027205,0.0016445277913372611,-4.4875908544739186e-11,-2.4925894681615533e-11,6.747562794964797e-10,0.1,0.0,1
6,581,world,5.8100000000000005,0.5710000000000001,1.1813453900998485,1.175077122779075,-0.4417004254312986,0.7057595491602061,0.7074339316884618,0.03648263715170294,0.01047417068051055,-0.00022417809707290322,0.09998622471441365,0.001644570320652166,-8.30238655602453e-12,-4.611241943841287e-12,1.2483970563032647e-10,0.1,0.0,1
6,582,world,5.82,0.5720000000000001,1.1813431483040722,1.1760769850225286,-0.4416839795057461,0.705759549163499,0.707433931685177,0.0364826371517517,0.010474170680340743,-0.00022418108057194704,0.09998622396988945,0.0016446151787638205,2.5455332286483648e-11,1.4138343273906163e-11,-3.8275424496525514e-10,0.1,0.0,1
6,583,world,5.83,0.5730000000000001,1.1813409064776752,1.1770768472583433,-0.44166753311994356,0.7057595491629217,0.7074339316857527,0.03648263715174315,0.010474170680370518,-0.00022418422036146345,0.09998622318662465,0.001644662369553842,-1.389808407248414e-10,-7.719484773627692e-11,2.0897046300404513e-09,0.1,0.0,1
6,584,world,5.84,0.574,1.181338664619107,1.1780767094861317,-0.44165108625058264,0.7057595491486729,0.7074339316999678,0.03648263715153219,0.010474170681105333,-0.00022418751916703932,0.09998622236462243,0.0016447118922560252,0.0,0.0,0.0,0.1,0.0,1
6,585,world,5.8500000000000005,0.5750000000000001,1.1813364227268166,1.1790765717055065,-0.44163463887435483,0.7057595491629214,0.7074339316857531,0.036482637151743144,0.010474170680370529,-0.00022419096478961092,0.09998622150396935,0.0016447637430597691,2.2531247700906373e-10,1.25145033225131e-10,-3.3877880210341803e-09,0.1,0.0,1
6,586,world,5.86,0.5760000000000001,1.1813341807985873,1.180076433915915,-0.4416181909579426,0.7057595491727084,0.7074339316759891,0.036482637151888056,0.0104741706798658,-0.00022419476614187565,0.09998622055484574,0.00164482092173566,7.229009058029584e-11,4.015260346434954e-11,-1.086960285234111e-09,0.1,0.0,1
6,587,world,5.87,0.5770000000000001,1.1813319388295611,1.1810762961161465,-0.44160174242831873,0.7057595491706331,0.7074339316780596,0.03648263715185732,0.010474170679972833,-0.0002241991220140341,0.09998621946815983,0.0016448863847282652,-3.3013279610029783e-10,-1.8336478169179608e-10,4.963864551604379e-09,0.1,0.0,1
6,588,world,5.88,0.578,1.1813296968142237,1.18207615830482,-0.44158529320260903,0.705759549137491,0.7074339317111233,0.036482637151366626,0.010474170681681983,-0.00022420403830967323,0.09998621824376747,0.001644960139003235,-1.2143896999106778e-10,-6.745090597171467e-11,1.825956508390391e-09,0.1,0.0,1
6,589,world,5.89,0.579,1.181327454747062,1.1830760204805635,-0.4415688431979392,0.7057595491576785,0.7074339316909838,0.03648263715166552,0.010474170680640915,-0.0002242094906975834,0.09998621688180949,0.001645042178194641,8.236293591589816e-11,4.57453519508962e-11,-1.2384065561226585e-09,0.1,0.0,1
6,590,world,5.9,0.5800000000000001,1.181325212622562,1.1840758826419981,-0.44155239233143506,0.7057595491462771,0.7074339317023579,0.03648263715149672,0.010474170681228885,-0.00022421550347927348,0.09998621538215006,0.0016451325060004105,-1.0468952094110882e-10,-5.814793091473928e-11,1.5741072562166862e-09,0.1,0.0,1
6,591,world,5.91,0.5810000000000001,1.18132297043521,1.1850757447877485,-0.44153594052022227,0.7057595491465104,0.7074339317021252,0.036482637151500165,0.01047417068121685,-0.0002242220642114242,0.09998621374484377,0.001645231119428892,2.0685224366713292e-10,1.1489420526090216e-10,-3.1102377943093315e-09,0.1,0.0,1
6,592,world,5.92,0.582,1.1813207281794924,1.186075606916437,-0.4415194876814268,0.7057595491683436,0.7074339316803436,0.03648263715182342,0.010474170680090902,-0.00022422917014114363,0.09998621196985481,0.0016453380195330467,4.8125739504636805e-11,2.6730007096632886e-11,-7.236166743932301e-10,0.1,0.0,1
6,593,world,5.93,0.583,1.1813184858498955,1.187075469026686,-0.44150303373217414,0.7057595491516443,0.7074339316970034,0.03648263715157618,0.010474170680952096,-0.00022423683860192564,0.0999862100570436,0.0016454532108113686,-1.543001837411763e-10,-8.570401333062931e-11,2.3200635260611162e-09,0.1,0.0,1
6,594,world,5.94,0.5840000000000001,1.181316243440906,1.1880753311171188,-0.4414865785895903,0.7057595491518833,0.707433931696765,0.03648263715157972,0.01047417068093977,-0.00022424505354283085,0.09998620800650071,0.0016455766881959635,-1.9349209734452774e-10,-1.074699357284043e-10,2.909345784033779e-09,0.1,0.0,1
6,595,world,5.95,0.5850000000000001,1.1813140009470096,1.1890751931863568,-0.44147012217080084,0.7057595491310031,0.7074339317175957,0.036482637151270564,0.01047417068201656,-0.00022425382585104824,0.09998620581814462,0.0016457084532861,3.301768580765876e-11,1.83394965880278e-11,-4.964627884143917e-10,0.1,0.0,1
6,596,world,5.96,0.586,1.181311758362693,1.1900750552330244,-0.4414536643929317,0.7057595491554056,0.7074339316932511,0.036482637151631865,0.010474170680758127,-0.00022426313655433454,0.09998620349202503,0.001645848503644434,1.4775645984511336e-10,8.206768598029604e-11,-2.221657531336958e-09,0.1,0.0,1
6,597,world,5.97,0.587,1.1813095156824425,1.19107491725574,-0.4414372051731087,0.7057595491467654,0.707433931701871,0.03648263715150395,0.010474170681203702,-0.00022427300802097943,0.0999862010280121,0.0016459968419856082,7.609191055024238e-11,4.2263761934610964e-11,-1.1441152821151844e-09,0.1,0.0,1
6,598,world,5.98,0.5880000000000001,1.1813072729007446,1.1920747792531254,-0.4414207444284575,0.7057595491635228,0.707433931685153,0.03648263715175205,0.010474170680339514,-0.00022428342377282015,0.09998619842608679,0.001646153469462397,1.8097572052066053e-10,1.0051924570486078e-10,-2.7211595607019697e-09,0.1,0.0,1
6,599,world,5.99,0.5890000000000001,1.1813050300120858,1.193074641223802,-0.44140428207610416,0.7057595491660714,0.7074339316826106,0.03648263715178979,0.010474170680208087,-0.00022429439479418282,0.09998619568624352,0.0016463183825382744,-3.5556765864976637e-10,-1.9749202273545678e-10,5.346303564788005e-09,0.1,0.0,1
6,600,world,6.0,0.59,1.1813027870109518,1.1940745031663893,-0.4413878180331743,0.705759549125592,0.7074339317229942,0.03648263715119045,0.010474170682295619,-0.0002243059295200637,0.09998619280835506,0.0016464915852903044,0.0,0.0,0.0,0.1,0.0,1
6,601,world,6.01,0.591,1.1813005438918294,1.1950743650795088,-0.44137135221679374,0.7057595491655336,0.707433931683147,0.036482637151781815,0.010474170680235814,-0.00022431799266439865,0.09998618979253539,0.0016466730729746784,2.5011000215345557e-10,1.389173498456053e-10,-3.760633221928027e-09,0.1,0.0,1
6,602,world,6.0200000000000005,0.5920000000000001,1.181298300649205,1.1960742269617797,-0.4413548845440884,0.7057595491522728,0.7074339316963764,0.036482637151585486,0.010474170680919671,-0.0002243306222753103,0.09998618663860544,0.0016468628485306468,-8.474054791207185e-11,-4.7067905128980856e-11,1.274161922888981e-09,0.1,0.0,1
6,603,world,6.03,0.5930000000000001,1.1812960572775644,1.1970740888118203,-0.4413384149321841,0.7057595491564937,0.7074339316921655,0.03648263715164798,0.010474170680702005,-0.00022434379841552803,0.09998618334654122,0.0016470609132504322,-4.934282149538218e-11,-2.740550841817829e-11,7.418984805836597e-10,0.1,0.0,1
6,604,world,6.04,0.594,1.1812938137713946,1.1980739506282516,-0.4413219432982066,0.7057595491470092,0.7074339317016276,0.03648263715150755,0.010474170681191126,-0.0002243575297523635,0.0999861799163152,0.0016472672646216059,-1.3387173314339428e-10,-7.435684012957872e-11,2.0128848403617023e-09,0.1,0.0,1
6,605,world,6.05,0.595,1.1812915701251816,1.1990738124096874,-0.44130546955928185,0.7057595491422127,0.7074339317064127,0.036482637151436535,0.010474170681438489,-0.00022437181115094932,0.0999861763478686,0.0016474819037807153,2.6844949874148134e-10,1.491043399859309e-10,-4.036399231348069e-09,0.1,0.0,1
6,606,world,6.0600000000000005,0.5960000000000001,1.1812893263334123,1.2000736741547484,-0.4412889936325359,0.7057595491756466,0.707433931673058,0.036482637151931556,0.010474170679714286,-0.00022438663279902442,0.0999861726412467,0.0016477048260629243,1.0083184287523177e-10,5.600589436660324e-11,-1.516114051793982e-09,0.1,0.0,1
6,607,world,6.07,0.5970000000000001,1.1812870823905726,1.2010735358620503,-0.44127251543509394,0.7057595491529692,0.7074339316956817,0.03648263715159579,0.01047417068088377,-0.00022440202208810222,0.09998616879616726,0.001647936041487795,-1.7048376599327717e-10,-9.469196260437034e-11,2.5633859021980543e-09,0.1,0.0,1
6,608,world,6.08,0.598,1.1812848382911483,1.2020733975302105,-0.4412560348840818,0.70575954915746,0.7074339316912016,0.036482637151662285,0.01047417068065218,-0.0002244179548515048,0.09998616481276922,0.0016481755414074887,1.311641767420895e-10,7.285144709712596e-11,-1.9721741167240086e-09,0.1,0.0,1
6,609,world,6.09,0.599,1.1812825940296268,1.203073259157844,-0.44123955189662606,0.7057595491669614,0.7074339316817226,0.036482637151802964,0.010474170680162192,-0.0002244344375772993,0.09998616069092583,0.0016484233289992573,5.957734305894409e-11,3.309019724895092e-11,-8.958017433304175e-10,0.1,0.0,1
6,610,world,6.1000000000000005,0.6000000000000001,1.1812803496004936,1.2040731207435666,-0.44122306638985226,0.7057595491638154,0.7074339316848611,0.03648263715175639,0.010474170680324427,-0.00022445147534520024,0.09998615643054455,0.0016486794054310638,-6.859374179768064e-11,-3.809903781348607e-11,1.0313862177507268e-09,0.1,0.0,1
6,611,world,6.11,0.6010000000000001,1.181278104997211,1.2050729822857347,-0.441206578265486,0.705759549159644,0.7074339316890228,0.03648263715169463,0.010474170680539553,-0.00022446937124100022,0.09998615195493513,0.0016489483757834843,7.658110257047631e-12,4.254582797180949e-12,-1.1515465772778749e-10,0.1,0.0,1
6,612,world,6.12,0.602,1.181275860209175,1.206072843781692,-0.4411900873641497,0.7057595491646325,0.7074339316840461,0.03648263715176848,0.010474170680282292,-0.0002244884256636032,0.09998614718812654,0.0016492347986382175,6.923524253910453e-11,3.845673779423674e-11,-1.0410247045910967e-09,0.1,0.0,1
6,613,world,6.13,0.603,1.1812736152247751,1.2070727052285246,-0.441173593511315,0.7057595491670298,0.7074339316816544,0.03648263715180397,0.010474170680158656,-0.00022450864204576193,0.09998614212993459,0.0016495386755602333,-6.794495521766535e-11,-3.773995005395889e-11,1.0216307942851588e-09,0.1,0.0,1
6,614,world,6.140000000000001,0.6040000000000001,1.1812713700323991,1.2080725666233187,-0.4411570965324528,0.7057595491573843,0.7074339316912772,0.036482637151661175,0.010474170680656087,-0.00022453002286859427,0.09998613678024246,0.0016498600035999315,-3.057901154512704e-11,-1.6985024497983154e-11,4.5978342660954643e-10,0.1,0.0,1
6,615,world,6.15,0.6050000000000001,1.1812691246204357,1.2090724279631566,-0.44114059625303415,0.7057595491637677,0.7074339316849088,0.036482637151755676,0.010474170680326885,-0.00022455256041390808,0.09998613113884036,0.0016501987862776292,1.796642695728421e-10,9.979204962374244e-11,-2.7014399235377685e-09,0.1,0.0,1
6,616,world,6.16,0.606,1.1812668789772733,1.2100722892451217,-0.4411240924985305,0.7057595491765504,0.7074339316721564,0.036482637151944934,0.010474170679667683,-0.0002245762572760776,0.09998612520557729,0.001650555021588808,0.0,0.0,0.0,0.1,0.0,1
6,617,world,6.17,0.607,1.1812646330913004,1.2110721504662945,-0.4411075850944128,0.7057595491633881,0.7074339316852873,0.03648263715175005,0.01047417068034645,-0.00022460112273356387,0.0999861189802161,0.0016509287112827999,-2.2146902367570192e-10,-1.2300993557090565e-10,3.3300043386814933e-09,0.1,0.0,1
6,618,world,6.18,0.608,1.1812623869509062,1.2120720116237524,-0.44109107386615254,0.7057595491529247,0.7074339316957261,0.03648263715159513,0.010474170680886064,-0.0002246271483633875,0.09998611246265576,0.0016513198507181808,-1.682154415760711e-10,-9.343324725019114e-11,2.529295929599506e-09,0.1,0.0,1
6,619,world,6.19,0.6090000000000001,1.1812601405444787,1.2130718727145737,-0.44107455863922074,0.7057595491454434,0.7074339317031897,0.03648263715148437,0.010474170681271874,-0.00022465433446027802,0.09998610565259662,0.0016517284455373463,-4.736627756684885e-11,-2.630916318135797e-11,7.122018144504626e-10,0.1,0.0,1
6,620,world,6.2,0.6100000000000001,1.1812578938604064,1.2140717337358304,-0.4410580392390889,0.7057595491478718,0.7074339317007671,0.03648263715152032,0.010474170681146644,-0.00022468267872598584,0.09998609854991222,0.0016521544906951764,1.118584391779426e-10,6.212981518150314e-11,-1.6819158045467773e-09,0.1,0.0,1
6,621,world,6.21,0.611,1.181255646887078,1.2150715946845951,-0.44104151549122816,0.7057595491573763,0.7074339316912852,0.03648263715166105,0.010474170680656503,-0.0002247121821867823,0.09998609115432053,0.0016525979895559988,-5.172806627485043e-11,-2.873083715382464e-11,7.777817940483608e-10,0.1,0.0,1
6,622,world,6.22,0.612,1.1812533996128818,1.216071455557939,-0.44102498722110983,0.7057595491423536,0.7074339317062722,0.03648263715143862,0.010474170681431217,-0.0002247428538324339,0.09998608346555865,0.001653058942684819,9.685342805542681e-11,5.3796550547599314e-11,-1.4562883234383327e-09,0.1,0.0,1
6,623,world,6.23,0.6130000000000001,1.1812511520262068,1.2170713163529283,-0.44100845425420543,0.7057595491677083,0.7074339316809776,0.03648263715181402,0.010474170680123667,-0.00022477467495229302,0.09998607548350676,0.0016535373452059268,1.2814437011509472e-10,7.1175010329934e-11,-1.9267758070462853e-09,0.1,0.0,1
6,624,world,6.24,0.6140000000000001,1.1812489041154417,1.2180711770666297,-0.4409919164159863,0.7057595491560237,0.7074339316926345,0.03648263715164102,0.010474170680726248,-0.00022480766789880234,0.09998606720775793,0.0016540332034661164,-9.910232356969402e-11,-5.504485756091826e-11,1.4901008053327371e-09,0.1,0.0,1
6,625,world,6.25,0.615,1.1812466558689743,1.2190710376961031,-0.4409753735319237,0.7057595491571363,0.7074339316915245,0.03648263715165749,0.010474170680668866,-0.0002248418184580566,0.0999860586381071,0.0016545465160233159,4.092039207481914e-11,2.2728693926944566e-11,-6.15275565956189e-10,0.1,0.0,1
6,626,world,6.26,0.616,1.1812444072751938,1.2200708982384103,-0.4409588254274891,0.7057595491603889,0.7074339316882795,0.036482637151705646,0.010474170680501126,-0.0002248771293438161,0.0999860497743539,0.0016550772782939318,-1.311999120456801e-10,-7.287191683413441e-11,1.9727214761905696e-09,0.1,0.0,1
6,627,world,6.2700000000000005,0.6170000000000001,1.1812421583224886,1.221070758690609,-0.4409422719281541,0.7057595491431403,0.7074339317054873,0.03648263715145026,0.010474170681390645,-0.00022491360744588199,0.09998604061608511,0.0016556254974379138,5.603122132935252e-11,3.112093915902217e-11,-8.424896685235936e-10,0.1,0.0,1
6,628,world,6.28,0.6180000000000001,1.1812399089992474,1.222070619049751,-0.44092571285939,0.7057595491663662,0.7074339316823164,0.03648263715179415,0.010474170680192883,-0.0002249512349189152,0.09998603116319475,0.0016561911648597391,2.0627735630719418e-10,1.1457085280498008e-10,-3.1015648545558053e-09,0.1,0.0,1
6,629,world,6.29,0.619,1.1812376592938587,1.223070479312889,-0.4409091480466684,0.7057595491651453,0.7074339316835344,0.036482637151776076,0.010474170680255844,-0.00022499003066614248,0.09998602141521505,0.0016567742882663138,-2.3840825147393356e-10,-1.324180348705256e-10,3.584704326995412e-09,0.1,0.0,1
6,630,world,6.3,0.62,1.181235409194711,1.2240703394770711,-0.44089257731546083,0.7057595491409336,0.707433931707689,0.0364826371514176,0.01047417068150445,-0.00022502999391928625,0.09998601137192946,0.0016573748623144484,8.90846424406127e-11,4.948125242875965e-11,-1.3394813632837334e-09,0.1,0.0,1
6,631,world,6.3100000000000005,0.6210000000000001,1.1812331586901932,1.2250701995393436,-0.4408760004912388,0.7057595491746487,0.7074339316740537,0.036482637151916776,0.010474170679765752,-0.00022507110193687688,0.09998600103302807,0.0016579928897267962,1.7502284344049885e-10,9.721182192556358e-11,-2.6316279017056416e-09,0.1,0.0,1
6,632,world,6.32,0.6220000000000001,1.1812309077686933,1.226070059496746,-0.4408594173994733,0.7057595491596045,0.7074339316890623,0.036482637151694045,0.010474170680541591,-0.00022511338500406667,0.09998599039810169,0.0016586283714596134,-6.941634766999648e-11,-3.85570048111482e-11,1.0437579077947914e-09,0.1,0.0,1
6,633,world,6.33,0.623,1.1812286564186005,1.2270699193463186,-0.4408428278656347,0.7057595491672435,0.7074339316814414,0.03648263715180715,0.010474170680147641,-0.00022515682269377667,0.09998597946690896,0.0016592813046790275,-1.9178963972522545e-10,-1.0652589921278956e-10,2.8837382622886643e-09,0.1,0.0,1
6,634,world,6.34,0.624,1.1812264046283032,1.2280697790850956,-0.44082623171519647,0.7057595491391448,0.7074339317094733,0.03648263715139112,0.010474170681596697,-0.00022520143184225807,0.09998596823899678,0.0016599516937023636,-1.5424536647933543e-10,-8.567209441867132e-11,2.319221046762986e-09,0.1,0.0,1
6,635,world,6.3500000000000005,0.6250000000000001,1.1812241523861902,1.2290696387101094,-0.44080962877363017,0.705759549150789,0.7074339316978567,0.03648263715156352,0.010474170680996202,-0.0002252471904364839,0.09998595671421939,0.0016606395290516005,1.162302892820867e-10,6.455877499255883e-11,-1.747634437339231e-09,0.1,0.0,1
6,636,world,6.36,0.6260000000000001,1.1812218997035018,1.2300694982241454,-0.44079301920989117,0.7057595491515439,0.7074339316971036,0.03648263715157469,0.010474170680957264,-0.0002252872765794026,0.09998594661486829,0.0016612420569329903,1.8476158103465266e-10,1.0262103666836561e-10,-2.7780529504412145e-09,0.1,0.0,1
6,637,world,6.37,0.627,1.181219646682145,1.231069357652845,-0.44077640455571054,0.7057595491704987,0.7074339316781937,0.036482637151855346,0.010474170679979761,-0.00022531491847387468,0.09998593964730601,0.0016616576159955328,1.0281289708480865e-10,5.710432127159804e-11,-1.5458935997623446e-09,0.1,0.0,1
6,638,world,6.38,0.628,1.181217393446509,1.2320692170275376,-0.44075978668074994,0.7057595491625117,0.7074339316861618,0.036482637151737086,0.010474170680391661,-0.00022533012938376795,0.09998593581372657,0.0016618862133564061,-5.6142937521205427e-11,-3.118165448068135e-11,8.441454187133265e-10,0.1,0.0,1
6,639,world,6.390000000000001,0.6290000000000001,1.181215140120982,1.233069076379571,-0.44074316745467035,0.7057595491645097,0.7074339316841686,0.03648263715176666,0.01047417068028862,-0.0002253328982774372,0.09998593511558625,0.001661927840410379,-9.027605052391355e-11,-5.0140794294326e-11,1.357380538264459e-09,0.1,0.0,1
6,640,world,6.4,0.6300000000000001,1.1812128868299543,1.2340689357403005,-0.44072654874713296,0.7057595491528814,0.7074339316957693,0.03648263715159449,0.010474170680888295,-0.0002253232324031366,0.0999859375529636,0.0016617825055655234,-1.8584300764957665e-10,-1.0322263876983438e-10,2.7943221087707724e-09,0.1,0.0,1
6,641,world,6.41,0.631,1.1812106336978145,1.235068795141079,-0.4407099324277992,0.7057595491446845,0.7074339317039468,0.03648263715147313,0.010474170681311014,-0.00022530112647348215,0.0999859431251649,0.0016614502019922563,4.777706008596544e-11,2.653571806732347e-11,-7.183666205293595e-10,0.1,0.0,1
6,642,world,6.42,0.632,1.1812083808489517,1.2360686546132464,-0.4406933203663304,0.7057595491579781,0.7074339316906848,0.03648263715166997,0.010474170680625462,-0.00022526657540425816,0.09998595183032025,0.001660930930197406,1.4654596980356855e-11,8.139669493978366e-12,-2.2033698108235557e-10,0.1,0.0,1
6,643,world,6.43,0.633,1.1812061284077549,1.237068514188118,-0.4406767144323884,0.7057595491462478,0.7074339317023872,0.03648263715149628,0.010474170681230391,-0.00022521959274390802,0.09998596366537871,0.001660224695821205,-5.3733753557768966e-11,-2.984383573600811e-11,8.079249563200624e-10,0.1,0.0,1
6,644,world,6.44,0.6340000000000001,1.1812038764986135,1.2380683738969747,-0.4406601164956354,0.705759549152246,0.7074339316964032,0.03648263715158508,0.010474170680921064,-0.0002251601661402176,0.0999859786264468,0.0016593314953042765,0.0,0.0,0.0,0.1,0.0,1
6,645,world,6.45,0.635,1.181201625245917,1.2390682337710515,-0.4406435284257344,0.7057595491466763,0.7074339317019598,0.03648263715150263,0.0104741706812083,-0.0002250883037580468,0.09998599670850392,0.0016582513267165246,1.2224700418617783e-10,6.789846462851671e-11,-1.838087857917756e-09,0.1,0.0,1
6,646,world,6.46,0.636,1.1811993747740543,1.2400680938415283,-0.440626952092349,0.7057595491652869,0.7074339316833933,0.03648263715177818,0.010474170680248543,-0.00022500399546400638,0.09998601790548471,0.0016569841900630395,3.095926293106285e-11,1.719631381735807e-11,-4.655135380903642e-10,0.1,0.0,1
6,647,world,6.47,0.637,1.1811971252074158,1.2410679541395198,-0.4406103893651435,0.705759549149979,0.7074339316986649,0.03648263715155152,0.010474170681037977,-0.00022490725795980553,0.09998604221014708,0.0016555300891266723,6.453414191919996e-11,3.584424423941155e-11,-9.703417539960187e-10,0.1,0.0,1
6,648,world,6.48,0.6380000000000001,1.1811948766703906,1.242067814696063,-0.44059384211378366,0.7057595491721712,0.7074339316765251,0.0364826371518801,0.010474170679893516,-0.0002247980707672705,0.09998606961440068,0.0016538890203405044,1.7633464133304225e-11,9.794942634755432e-12,-2.651331790833736e-10,0.1,0.0,1
6,649,world,6.49,0.639,1.1811926292873691,1.2430676755421086,-0.4405773122079358,0.70575954915186,0.7074339316967883,0.036482637151579365,0.010474170680940963,-0.00022467645669043378,0.09998610010890724,0.0016520609859785988,-1.6175429051746617e-10,-8.984236965492932e-11,2.432144682049588e-09,0.1,0.0,1
6,650,world,6.5,0.64,1.1811903831827408,1.2440675367085072,-0.4405608015172678,0.7057595491549158,0.7074339316937399,0.036482637151624614,0.010474170680783382,-0.00022454239700427244,0.0999861336834191,0.0016500459852362673,-1.4710281603935714e-10,-8.170721044198353e-11,2.2118376954201997e-09,0.1,0.0,1
6,651,world,6.51,0.641,1.1811881384808964,1.2450673982260054,-0.4405443119114487,0.7057595491361676,0.7074339317124436,0.03648263715134704,0.010474170681750244,-0.00022439590442316338,0.09998617032656788,0.0016478440170830143,-1.1436164515376455e-10,-6.352002257514397e-11,1.719541089378787e-09,0.1,0.0,1
6,652,world,6.5200000000000005,0.6420000000000001,1.1811858953062269,1.246067260125227,-0.44052784526014915,0.7057595491427159,0.7074339317059107,0.03648263715144398,0.010474170681412528,-0.00022423696559446495,0.09998621002597186,0.0016454550815834163,1.7139276109467958e-10,9.519850185935034e-11,-2.577048562610663e-09,0.1,0.0,1
6,653,world,6.53,0.643,1.181183653783122,1.2470671224366694,-0.4405114034330411,0.7057595491544512,0.7074339316942032,0.03648263715161773,0.010474170680807336,-0.0002240655861592624,0.09998625276816388,0.0016428791781324722,1.501614804722078e-10,8.340307611210309e-11,-2.2578260387621217e-09,0.1,0.0,1
6,654,world,6.54,0.644,1.1811814140359735,1.248066985190687,-0.4404949882997984,0.7057595491587346,0.7074339316899299,0.03648263715168116,0.010474170680586441,-0.0002238817697707938,0.09998629853859549,0.0016401163080779647,1.472277161296275e-10,8.177521160224182e-11,-2.213715951000781e-09,0.1,0.0,1
6,655,world,6.55,0.645,1.1811791761891726,1.2490668484174845,-0.44047860173009645,0.705759549170157,0.7074339316785345,0.03648263715185027,0.010474170679997383,-0.0002236855121393597,0.09998634732173858,0.0016371664693370293,5.227658583794854e-11,2.9036148485593364e-11,-7.860385519558704e-10,0.1,0.0,1
6,656,world,6.5600000000000005,0.6460000000000001,1.181176940367111,1.250066712147109,-0.4404622455936124,0.7057595491643114,0.7074339316843663,0.036482637151763725,0.010474170680298845,-0.0002234768202447073,0.09998639910093096,0.0016340296631849772,-2.7638863420165163e-10,-1.5351539484065297e-10,4.155779653779511e-09,0.1,0.0,1
6,657,world,6.57,0.647,1.181174706694181,1.2510665764094309,-0.44044592176002945,0.7057595491406727,0.7074339317079491,0.036482637151413734,0.010474170681517908,-0.00022325569436537426,0.09998645385845589,0.0016307058918779021,-1.398735294255792e-10,-7.769028476101595e-11,2.103129817651363e-09,0.1,0.0,1
6,658,world,6.58,0.648,1.1811724752947754,1.2520664412341453,-0.4404296320990356,0.7057595491493901,0.7074339316992523,0.036482637151542804,0.010474170681068347,-0.000223022119800574,0.09998651157572913,0.001627195148304688,1.1569113722575953e-10,6.425866783121842e-11,-1.7395335551780704e-09,0.1,0.0,1
6,659,world,6.59,0.649,1.1811702462932863,1.2530663066507461,-0.440413378480305,0.7057595491530143,0.7074339316956366,0.036482637151596456,0.010474170680881445,-0.0002227761074391624,0.09998657223286508,0.0016234974370195093,4.857399205082383e-11,2.6979460332475365e-11,-7.303469515360375e-10,0.1,0.0,1
6,660,world,6.6000000000000005,0.6500000000000001,1.1811680198141064,1.2540661726885325,-0.44039716277352275,0.7057595491545718,0.707433931694083,0.03648263715161953,0.01047417068080112,-0.00022251765636249665,0.0999866358090344,0.0016196127574601379,6.528909357594863e-11,3.626196565242875e-11,-9.816666251584441e-10,0.1,0.0,1
6,661,world,6.61,0.651,1.1811657960076054,1.2550660393829536,-0.4403809872388131,0.7057595491599791,0.7074339316886884,0.03648263715169959,0.01047417068052227,-0.0002222389931308484,0.09998670418698381,0.0016154242955106254,8.560097075616579e-11,4.754495408487972e-11,-1.2870966824893311e-09,0.1,0.0,1
6,662,world,6.62,0.652,1.1811635751272143,1.2560659067944124,-0.44036485568536754,0.7057595491637034,0.7074339316849728,0.036482637151754725,0.010474170680330198,-0.00022193243174812934,0.09998677920699989,0.0016108165030176724,-1.6518453271885373e-10,-9.174709603154686e-11,2.483704236201642e-09,0.1,0.0,1
6,663,world,6.63,0.653,1.1811613574519204,1.2570657749890404,-0.4403487723065116,0.7057595491423578,0.7074339317062681,0.036482637151438686,0.010474170681431009,-0.0002215979787520789,0.09998686081082826,0.001605789379672787,-8.793452077604017e-11,-4.884148641081945e-11,1.3221844300837592e-09,0.1,0.0,1
6,664,world,6.640000000000001,0.6540000000000001,1.1811591432607134,1.2580656440323645,-0.44033274129558264,0.7057595491543228,0.7074339316943312,0.036482637151615836,0.010474170680813959,-0.00022123561699018233,0.09998694893509208,0.0016003429173345612,0.0,0.0,0.0,0.1,0.0,1
6,665,world,6.65,0.655,1.1811569328325844,1.2590655139892473,-0.44031676684593013,0.7057595491426594,0.7074339317059671,0.03648263715144314,0.01047417068141545,-0.00022084536297951808,0.09998704351079611,0.0015944771230149094,1.2033291030278494e-10,6.683611997182847e-11,-1.8093173172803749e-09,0.1,0.0,1
6,666,world,6.66,0.656,1.1811547264465259,1.2600653849238388,-0.4403008531509176,0.7057595491671596,0.7074339316815249,0.0364826371518059,0.010474170680151964,-0.00022042719921497208,0.09998714446394823,0.001588191989463668,-2.32223962282063e-11,-1.289975071205872e-11,3.491835076294133e-10,0.1,0.0,1
6,667,world,6.67,0.657,1.1811525243815328,1.26106525689952,-0.4402850044039232,0.705759549140182,0.7074339317084386,0.03648263715140647,0.01047417068154321,-0.00021998115059645364,0.09998725171500689,0.0015814875191524907,-9.297493330784327e-11,-5.163959537757274e-11,1.3979627893657965e-09,0.1,0.0,1
6,668,world,6.68,0.658,1.1811503269166017,1.2620651299788503,-0.440269224798341,0.7057595491572414,0.7074339316914197,0.036482637151659045,0.010474170680663449,-0.00021950718963590572,0.09998736517936446,0.0015743637070628315,2.1095486468780657e-10,1.1717050940607255e-10,-3.171906384465473e-09,0.1,0.0,1
6,669,world,6.69,0.659,1.1811481343307308,1.2630650042235179,-0.4402535185275821,0.705759549162686,0.7074339316859879,0.03648263715173966,0.010474170680382668,-0.00021900533203202504,0.09998748476692906,0.0015668205537554614,-4.5551409866284535e-11,-2.530059495242651e-11,6.849030619992388e-10,0.1,0.0,1
6,670,world,6.7,0.66,1.1811459469029217,1.264064879694283,-0.44023788978507483,0.7057595491523821,0.7074339316962674,0.0364826371515871,0.010474170680914045,-0.0002184755786005489,0.09998761038240812,0.001558858055534979,1.8594847883690578e-11,1.032784968657551e-11,-2.7959322140488886e-10,0.1,0.0,1
6,671,world,6.71,0.661,1.1811437649121777,1.2650647564509248,-0.4402223427642664,0.7057595491646697,0.7074339316840089,0.03648263715176903,0.010474170680280373,-0.0002179179183536504,0.0999877419251789,0.0015504762122273412,6.41327269068625e-11,3.5621158800402913e-11,-9.642954457936965e-10,0.1,0.0,1
6,672,world,6.72,0.662,1.1811415886375045,1.266064634552191,-0.4402068816586232,0.7057595491592236,0.7074339316894421,0.036482637151688396,0.010474170680561227,-0.00021733236246090313,0.09998787928929802,0.0015416750218499296,-2.9341806762062074e-11,-1.6297033167411696e-11,4.4118036047341394e-10,0.1,0.0,1
6,673,world,6.73,0.663,1.18113941835791,1.2670645140557433,-0.4401915106616309,0.7057595491615396,0.7074339316871316,0.03648263715172269,0.010474170680441793,-0.00021671890347659822,0.09998802236355375,0.0015324544829626921,4.6804227160635e-11,2.5996566010988412e-11,-7.037534563349845e-10,0.1,0.0,1
6,674,world,6.74,0.664,1.1811372543524055,1.2680643950181074,-0.440176233966796,0.7057595491642166,0.707433931684461,0.03648263715176232,0.010474170680303745,-0.00021607754298677583,0.0999881710314785,0.0015228145899029242,-5.972097816275828e-11,-3.317103536293328e-11,8.979776774595263e-10,0.1,0.0,1
6,675,world,6.75,0.665,1.181135096900005,1.2690642774946126,-0.4401610557676456,0.7057595491551686,0.7074339316934874,0.03648263715162836,0.010474170680770337,-0.0002154082844390118,0.09998832517117567,0.0015127553451344958,-3.806399639927345e-11,-2.114211583581491e-11,5.72344857055137e-10,0.1,0.0,1
6,676,world,6.76,0.666,1.1811329462797246,1.2700641615393478,-0.4401459802577279,0.7057595491601559,0.707433931688512,0.036482637151702205,0.010474170680513145,-0.00021471112001103656,0.09998848465559684,0.0015022767429539062,-2.1009305406494134e-10,-1.1669172572670295e-10,3.158948596411121e-09,0.1,0.0,1
6,677,world,6.7700000000000005,0.667,1.181130802770584,1.2710640472051005,-0.44013101163061197,0.7057595491327565,0.7074339317158465,0.03648263715129653,0.010474170681926137,-0.0002139860627401897,0.09998864935225259,0.0014913787839556782,-2.578784408235888e-10,-1.432333418538433e-10,3.8774497555880244e-09,0.1,0.0,1
6,678,world,6.78,0.668,1.1811286666516057,1.2720639345433091,-0.4401161540798888,0.7057595491326463,0.7074339317159565,0.0364826371512949,0.010474170681931834,-0.0002132330953598145,0.09998881912347332,0.0014800614650684362,1.7361390103332026e-10,9.643050247198907e-11,-2.6104510968214656e-09,0.1,0.0,1
6,679,world,6.79,0.669,1.1811265382018157,1.2730638236040093,-0.4401014117991703,0.7057595491512773,0.7074339316973698,0.03648263715157075,0.010474170680971024,-0.00021245221981061404,0.09998899382627184,0.0014683247815356626,4.0450559568583313e-10,2.2467513960400233e-10,-6.0821282363808466e-09,0.1,0.0,1
6,680,world,6.8,0.67,1.1811244177002418,1.2740637144357787,-0.4400867889820897,0.7057595491757976,0.7074339316729072,0.03648263715193379,0.01047417067970649,-0.00021164343958500096,0.0999891733122817,0.0014561687336893483,7.46690903552504e-11,4.147376886365346e-11,-1.12273259265938e-09,0.1,0.0,1
6,681,world,6.8100000000000005,0.671,1.1811223054259157,1.275063607085686,-0.4400722898223007,0.7057595491592428,0.707433931689423,0.03648263715168868,0.010474170680560245,-0.00021080676766854786,0.09998935742785275,0.0014435933193991425,-2.6254588780805196e-10,-1.4582605956103815e-10,3.947633414819528e-09,0.1,0.0,1
6,682,world,6.82,0.672,1.1811202016578737,1.2760635015992365,-0.4400579185134927,0.7057595491477902,0.7074339317008487,0.03648263715151912,0.01047417068115086,-0.0002099421909692239,0.09998954601402221,0.0014305985412370727,-1.7089663018055017e-10,-9.492094610319402e-11,2.5695977355459614e-09,0.1,0.0,1
6,683,world,6.83,0.673,1.1811181066751546,1.2770633980203223,-0.4400436792493844,0.705759549141012,0.7074339317076106,0.03648263715141876,0.01047417068150041,-0.0002090497088687106,0.09998973890665659,0.0014171843909197629,2.5831420336075413e-11,1.4348591759194548e-11,-3.884039249078815e-10,0.1,0.0,1
6,684,world,6.84,0.674,1.1811160207567986,1.2780632963911627,-0.4400295762236539,0.7057595491505457,0.7074339316980994,0.03648263715155991,0.010474170681008746,-0.00020812931758979803,0.09998993593626943,0.0014033508641459053,1.8850650207458115e-10,1.0470166400544648e-10,-2.8343680538462486e-09,0.1,0.0,1
6,685,world,6.8500000000000005,0.675,1.1811139441818488,1.2790631967522565,-0.4400156136300329,0.7057595491611213,0.707433931687549,0.0364826371517165,0.010474170680463368,-0.00020718102194052998,0.09999013692785207,0.001389097971183262,1.0507011927174393e-10,5.835783245533572e-11,-1.5798291277610553e-09,0.1,0.0,1
6,686,world,6.86,0.676,1.1811118771479945,1.2800630991253052,-0.44000179443944587,0.7057595491617543,0.7074339316869175,0.03648263715172587,0.010474170680430725,-0.0002062291650755856,0.099990336621778,0.0013747915460148134,6.665674956440874e-11,3.702350925838256e-11,-1.0022541065309022e-09,0.1,0.0,1
6,687,world,6.87,0.677,1.1811098195301337,1.2810630034637103,-0.43998811677125316,0.705759549168232,0.707433931680455,0.036482637151821776,0.010474170680096661,-0.00020529782130697508,0.09999053002097677,0.0013607934923088388,-1.480815470245032e-10,-8.224775027709787e-11,2.226548220969624e-09,0.1,0.0,1
6,688,world,6.88,0.678,1.1811077711231175,1.2820629097051774,-0.4399745775417444,0.7057595491459574,0.707433931702677,0.03648263715149198,0.010474170681245372,-0.00020438700056614798,0.09999071725555145,0.0013471038097962534,-2.0449128501631704e-10,-1.1358136653427654e-10,3.074734943649818e-09,0.1,0.0,1
6,689,world,6.890000000000001,0.679,1.1811057317217961,1.2830628177886982,-0.4399611736671876,0.7057595491464175,0.7074339317022179,0.0364826371514988,0.010474170681221648,-0.00020349668874925926,0.09999089845271578,0.001333722503503852,3.6002797965117824e-11,1.9996851396975033e-11,-5.413314490675803e-10,0.1,0.0,1
6,690,world,6.9,0.68,1.1811037011210155,1.2840627276545233,-0.4399479020638306,0.705759549149798,0.7074339316988454,0.03648263715154884,0.010474170681047308,-0.0002026268912977535,0.09999107373690704,0.001320649568713827,1.212183131649168e-10,6.732947532839255e-11,-1.8226337919393498e-09,0.1,0.0,1
6,691,world,6.91,0.681,1.1811016791156193,1.2850626392441318,-0.4399347596479025,0.7057595491593487,0.7074339316893173,0.03648263715169025,0.010474170680554772,-0.00020177760806457261,0.09999124322951757,0.0013078850149546562,1.0169677600035943e-10,5.6486412769451936e-11,-1.5291127684804296e-09,0.1,0.0,1
6,692,world,6.92,0.682,1.1810996655004482,1.2860625525002038,-0.4399217433356148,0.7057595491606468,0.7074339316880224,0.03648263715170946,0.01047417068048783,-0.00020094884324247178,0.09999140704919723,0.001295428841793967,-1.741971150659436e-10,-9.675316103852073e-11,2.619206468466165e-09,0.1,0.0,1
6,693,world,6.93,0.683,1.1810976600703413,1.2870624673665916,-0.43990885004316316,0.705759549140766,0.7074339317078561,0.03648263715141511,0.010474170681513094,-0.0002001406005822877,0.09999156531173196,0.0012832810485791306,6.981082378842978e-11,3.877453913503356e-11,-1.0496734449520753e-09,0.1,0.0,1
6,694,world,6.94,0.684,1.1810956626201348,1.2880623837882905,-0.439896076686728,0.7057595491680939,0.7074339316805928,0.03648263715181973,0.010474170680103779,-0.00019935286096041578,0.09999171813005474,0.001271441637084059,1.1553917544926396e-10,6.417227860211478e-11,-1.7372295442463757e-09,0.1,0.0,1
6,695,world,6.95,0.685,1.1810936729446633,1.2890623017114116,-0.43988342018247634,0.7057595491530912,0.7074339316955599,0.03648263715159761,0.010474170680877477,-0.00019858565012784775,0.09999186561411497,0.0012599106112485487,-2.9790336864010633e-10,-1.6546521097726678e-10,4.479269505221894e-09,0.1,0.0,1
6,696,world,6.96,0.686,1.181091690838758,1.2900622210831485,-0.4398708774465617,0.7057595491363146,0.7074339317122971,0.036482637151349216,0.01047417068174266,-0.0001978389567377145,0.09999200787111646,0.0012486879713446437,-1.7788895356751753e-11,-9.879597140383104e-12,2.674666586301164e-10,0.1,0.0,1
6,697,world,6.97,0.687,1.1810897160972502,1.2910621418517578,-0.4398584453951266,0.7057595491511937,0.7074339316974531,0.036482637151569505,0.010474170680975335,-0.0001971127712756352,0.09999214500542591,0.0012377737148922964,1.9800099060329733e-10,1.0997661115119672e-10,-2.9771432010199767e-09,0.1,0.0,1
6,698,world,6.98,0.6880000000000001,1.181087748514967,1.2920620639665197,-0.4398461209443019,0.7057595491574367,0.7074339316912248,0.03648263715166194,0.010474170680653377,-0.00019640710561662147,0.09999227711840519,0.0012271678470882476,2.0303897452222918e-11,1.1277784262020405e-11,-3.0528427550670336e-10,0.1,0.0,1
6,699,world,6.99,0.6890000000000001,1.1810857878867356,1.2930619873777156,-0.439833901010209,0.7057595491533597,0.7074339316952923,0.03648263715160158,0.010474170680863634,-0.00019572196046450108,0.09999240430861578,0.001216870369641792,1.6819184933680718e-10,9.341832862830294e-11,-2.52893376812696e-09,0.1,0.0,1
6,700,world,7.0,0.6900000000000001,1.18108383400738,1.294061912036601,-0.4398217825089593,0.7057595491753789,0.707433931673325,0.03648263715192759,0.010474170679728091,-0.0001950573252779791,0.09999252667185621,0.0012068812775010394,4.848933754519885e-11,2.6932275853930292e-11,-7.290783916261831e-10,0.1,0.0,1
6,701,world,7.01,0.6910000000000001,1.1810818866717232,1.2950618378953709,-0.4398097623566562,0.7057595491585322,0.7074339316901318,0.03648263715167816,0.010474170680596874,-0.00019441321914608046,0.09999264430083285,0.0011972005794114405,-9.139564105531398e-11,-5.076356002220446e-11,1.3742198785166016e-09,0.1,0.0,1
6,702,world,7.0200000000000005,0.6920000000000001,1.1810799456745875,1.2960617649071362,-0.439797837469395,0.7057595491656291,0.7074339316830518,0.03648263715178323,0.010474170680230892,-0.00019378962397290078,0.0999927572856377,0.0011878282692347004,2.5428617544953605e-11,1.4124465486098349e-11,-3.823654012771041e-10,0.1,0.0,1
6,703,world,7.03,0.6930000000000001,1.1810780108107917,1.2970616930258934,-0.43978600476326307,0.7057595491612451,0.7074339316874255,0.036482637151718324,0.010474170680456982,-0.0001931865502414495,0.0999928657133035,0.001178764352218355,-1.301569962919301e-10,-7.229390697194295e-11,1.957040660170021e-09,0.1,0.0,1
6,704,world,7.04,0.6940000000000001,1.1810760818751551,1.2980616222064933,-0.4397742611543417,0.7057595491517443,0.7074339316969037,0.03648263715157766,0.01047417068094694,-0.00019260399624181527,0.0999929696680838,0.0011700088283034796,-4.0564773762241625e-11,-2.2531282395377145e-11,6.099406841143097e-10,0.1,0.0,1
6,705,world,7.05,0.6950000000000001,1.1810741586624942,1.2990615524046158,-0.43976260355870533,0.7057595491569176,0.7074339316917426,0.03648263715165426,0.01047417068068014,-0.00019204195628117564,0.0999930692314035,0.0011615616947774966,0.0,0.0,0.0,0.1,0.0,1
6,706,world,7.0600000000000005,0.6960000000000001,1.1810722409676244,1.300061483576743,-0.4397510288924226,0.7057595491518461,0.7074339316968021,0.036482637151579164,0.010474170680941688,-0.0001915004379202504,0.0999931644816915,0.0011534229578369158,1.1618483952702254e-11,6.452477441243327e-12,-1.7470318811399472e-10,0.1,0.0,1
6,707,world,7.07,0.6970000000000001,1.1810703285853619,1.301061415680125,-0.43973953407156485,0.7057595491581571,0.7074339316905061,0.03648263715167261,0.010474170680616231,-0.0001909794348008747,0.09999325549466445,0.0011455926126870653,0.0,0.0,0.0,0.1,0.0,1
6,708,world,7.08,0.6980000000000001,1.1810684213105194,1.3020613486727555,-0.4397281160122017,0.7057595491515253,0.7074339316971222,0.03648263715157442,0.010474170680958234,-0.00019047895404952206,0.09999334234306408,0.0011380706616260486,3.036911000453554e-11,1.6867063301617675e-11,-4.5662184970651734e-10,0.1,0.0,1
6,709,world,7.09,0.6990000000000001,1.1810665189379093,1.3030612825133385,-0.4397167716303636,0.7057595491613967,0.7074339316872741,0.03648263715172058,0.010474170680449164,-0.00018999898759269657,0.09999342509678935,0.0011308571074603018,8.77423134149068e-12,4.873532133409236e-12,-1.3193265924193996e-10,0.1,0.0,1
6,710,world,7.1000000000000005,0.7000000000000001,1.1810646212623412,1.304061217161265,-0.4397054978420982,0.7057595491524613,0.7074339316961884,0.036482637151588275,0.010474170680909965,-0.0001895395452905413,0.09999350382290746,0.001123951946910154,-8.373648996418116e-11,-4.6507936390938147e-11,1.2590460033053127e-09,0.1,0.0,1
6,711,world,7.11,0.7010000000000001,1.1810627281001065,1.3050611525802382,-0.4396942918862916,0.7057595491524641,0.7074339316961856,0.03648263715158831,0.010474170680909821,-0.0001890941929745661,0.09999357967697951,0.00111725859573145,1.9497944925284103e-11,1.0829184771132808e-11,-2.931643101021506e-10,0.1,0.0,1
6,712,world,7.12,0.7020000000000001,1.1810608393527204,1.3060610887489528,-0.43968315228271015,0.7057595491545412,0.7074339316941133,0.03648263715161907,0.010474170680802699,-0.00018865657488095655,0.0999936537751254,0.001110681501198825,1.0869777300470664e-11,6.036837696399282e-12,-1.6342730120577618e-10,0.1,0.0,1
6,713,world,7.13,0.7030000000000001,1.1810589549428323,1.3070610256499633,-0.4396720778687404,0.7057595491536236,0.7074339316950289,0.03648263715160548,0.010474170680850022,-0.00018822669294934287,0.09999372614030809,0.001104220670486267,0.0,0.0,0.0,0.1,0.0,1
6,714,world,7.140000000000001,0.7040000000000001,1.1810570747930897,1.308060963266057,-0.4396610674817652,0.7057595491543545,0.7074339316942997,0.036482637151616315,0.010474170680812332,-0.00018780454593163418,0.0999937967951629,0.0010978761042121316,-3.638547796391831e-11,-2.0208487661044204e-11,5.470813201329662e-10,0.1,0.0,1
6,715,world,7.15,0.7050000000000001,1.1810551988261404,1.30906090158024,-0.4396501199591637,0.7057595491497421,0.7074339316989011,0.03648263715154801,0.010474170681050186,-0.00018739013549585776,0.09999386576197448,0.001091647797299033,1.0442063880233821e-10,5.7999785529894096e-11,-1.5700849257879718e-09,0.1,0.0,1
6,716,world,7.16,0.7060000000000001,1.1810533269646317,1.310060840575743,-0.43963923413831163,0.7057595491654939,0.7074339316831867,0.03648263715178123,0.01047417068023787,-0.00018698345456124696,0.09999393306255143,0.0010855357523854039,6.499488447442297e-11,3.6099595535077323e-11,-9.772553317792523e-10,0.1,0.0,1
6,717,world,7.17,0.7070000000000001,1.18105145913121,1.31106078023601,-0.43962840885658117,0.7057595491566756,0.7074339316919841,0.03648263715165067,0.010474170680692627,-0.0001865845159456697,0.09999399871827598,0.0010795399704648342,-2.0900330077734424e-10,-1.160866541782887e-10,3.1425740590515834e-09,0.1,0.0,1
6,718,world,7.18,0.708,1.1810495952485214,1.3120607205446964,-0.4396176429513416,0.705759549143198,0.7074339317054299,0.03648263715145113,0.01047417068138767,-0.00018619331428141537,0.09999406275012797,0.0010736604552604512,-7.976085070193754e-11,-4.4301715074190843e-11,1.1992827195737842e-09,0.1,0.0,1
6,719,world,7.19,0.7090000000000001,1.1810477352392121,1.313060661485669,-0.43960693525995886,0.705759549148167,0.7074339317004726,0.036482637151524694,0.01047417068113142,-0.0001858098426636625,0.0999941251787847,0.0010678972010013342,1.29759397671229e-10,7.207255625640432e-11,-1.9510607105615036e-09,0.1,0.0,1
6,720,world,7.2,0.7100000000000001,1.1810458790259275,1.3140606030429953,-0.4395962846197961,0.7057595491570404,0.7074339316916203,0.036482637151656075,0.010474170680673819,-0.00018543410535026977,0.09999418602441416,0.0010622502094281526,2.0095383690410506e-11,1.1161210844434764e-11,-3.0215864532667744e-10,0.1,0.0,1
6,721,world,7.21,0.7110000000000001,1.1810440265313118,1.315060545200945,-0.4395856898682136,0.7057595491503107,0.7074339316983339,0.03648263715155643,0.010474170681020873,-0.0001850661081695894,0.09999424530674828,0.0010567194847535429,-1.0552843321410284e-10,-5.861387764039314e-11,1.58672823144532e-09,0.1,0.0,1
6,722,world,7.22,0.712,1.1810421776780102,1.3160604879439834,-0.43957514984256896,0.7057595491457829,0.7074339317028511,0.036482637151489396,0.010474170681254369,-0.00018470584578396997,0.09999430304522752,0.0010513050222163256,5.5067062021407726e-11,3.0585256549642255e-11,-8.279782621242035e-10,0.1,0.0,1
6,723,world,7.23,0.7130000000000001,1.181040332388667,1.3170604312567673,-0.43956466338021716,0.705759549156185,0.7074339316924735,0.03648263715164341,0.010474170680717926,-0.0001843533148448228,0.0999943592587934,0.001046006825344176,1.6538784231022904e-10,9.186124083626104e-11,-2.4867697907391527e-09,0.1,0.0,1
6,724,world,7.24,0.7140000000000001,1.1810384905859252,1.3180603751241387,-0.43955422931851074,0.705759549163426,0.7074339316852497,0.03648263715175062,0.01047417068034451,-0.0001840085203861099,0.09999441396601944,0.0010408248924612359,4.1230213687626315e-11,2.2901472385150586e-11,-6.19943641777878e-10,0.1,0.0,1
6,725,world,7.25,0.7150000000000001,1.1810366521924287,1.3190603195311257,-0.4395438464948,0.7057595491605834,0.7074339316880855,0.036482637151708526,0.0104741706804911,-0.00018367146450768527,0.09999446718504096,0.0010357592253476063,-1.5072179615494827e-10,-8.37160202271693e-11,2.2662565834359454e-09,0.1,0.0,1
6,726,world,7.26,0.716,1.18103481713082,1.3200602644629371,-0.43953351374643285,0.7057595491473474,0.7074339317012902,0.036482637151512565,0.01047417068117369,-0.0001833421474191802,0.09999451893359244,0.001030809825527472,-4.8762729965012813e-11,-2.708527846451145e-11,7.331928250295377e-10,0.1,0.0,1
6,727,world,7.2700000000000005,0.7170000000000001,1.181032985323743,1.3210602099049542,-0.4395232299107552,0.7057595491553815,0.7074339316932751,0.03648263715163151,0.01047417068075937,-0.00018302055981639609,0.09999456922908902,0.001025976687654295,5.895388344167806e-11,3.274498727723156e-11,-8.864297642261819e-10,0.1,0.0,1
6,728,world,7.28,0.7180000000000001,1.1810311566938387,1.322060155842732,-0.43951299382511055,0.7057595491536365,0.7074339316950161,0.03648263715160568,0.010474170680849363,-0.0001827067110356011,0.0999946180883684,0.001021259819580625,-1.1482481632185671e-10,-6.377641470489686e-11,1.7265098638946636e-09,0.1,0.0,1
6,729,world,7.29,0.7190000000000001,1.18102933116375,1.3230601022619914,-0.43950280432684097,0.7057595491431323,0.7074339317054953,0.03648263715145015,0.01047417068139106,-0.00018240060027319672,0.09999466552804236,0.0010166592132867566,9.590002403304066e-11,5.326676599804193e-11,-1.441949700918275e-09,0.1,0.0,1
6,730,world,7.3,0.72,1.1810275086561184,1.324060049148616,-0.4394926602532863,0.7057595491638667,0.70743393168481,0.03648263715175713,0.01047417068032177,-0.00018210221668082146,0.0999947115641805,0.0010121748757152451,2.9418863178864965e-10,1.6340123698554958e-10,-4.423410547354716e-09,0.1,0.0,1
6,731,world,7.3100000000000005,0.7210000000000001,1.181025689093585,1.3250599964886498,-0.4394825604417846,0.7057595491745156,0.7074339316741866,0.03648263715191481,0.010474170679772618,-0.00018181157165161118,0.09999475621252563,0.0010078068019140072,1.440375596572981e-11,7.999503837118996e-12,-2.165712650447365e-10,0.1,0.0,1
6,732,world,7.32,0.7220000000000001,1.1810238723987911,1.326059944268292,-0.43947250372967683,0.7057595491654033,0.7074339316832771,0.03648263715177989,0.010474170680242537,-0.00018152866821158917,0.09999479948833738,0.0010035549959128782,-2.4928357988951407e-10,-1.3845868895856465e-10,3.748208649923322e-09,0.1,0.0,1
6,733,world,7.33,0.7230000000000001,1.1810220584943791,1.3270598924738919,-0.4394624889543046,0.7057595491479227,0.7074339317007162,0.03648263715152107,0.010474170681144016,-0.00018125350315577196,0.09999484140651957,0.00099941945778276,-7.220474218528177e-11,-4.0104725096414786e-11,1.0856781999021745e-09,0.1,0.0,1
6,734,world,7.34,0.724,1.1810202473029876,1.3280598410919464,-0.43945251495298876,0.7057595491577007,0.7074339316909615,0.03648263715166585,0.010474170680639765,-0.0001809860662938654,0.09999488198159924,0.000995400185778307,-5.116670975802147e-11,-2.841962776223281e-11,7.693417842895281e-10,0.1,0.0,1
6,735,world,7.3500000000000005,0.7250000000000001,1.1810184387472569,1.3290597901090944,-0.4394425805630611,0.7057595491424644,0.7074339317061616,0.03648263715144026,0.010474170681425506,-0.00018072637243428456,0.09999492122763512,0.0009914971797008226,-1.2214881883742398e-11,-6.7841565698497135e-12,1.836631920767197e-10,0.1,0.0,1
6,736,world,7.36,0.7260000000000001,1.1810166327493485,1.3300597395120426,-0.4394326846146473,0.7057595491563976,0.7074339316922614,0.036482637151646555,0.010474170680706961,-0.00018047454978160495,0.09999495913676405,0.0009877125967460508,1.1241736708189609e-10,6.243928984961393e-11,-1.6903045694897904e-09,0.1,0.0,1
6,737,world,7.37,0.7270000000000001,1.1810148292295204,1.3310596892873479,-0.4394228259092861,0.7057595491544568,0.7074339316941978,0.03648263715161783,0.01047417068080706,-0.00018023075306819128,0.09999499570121856,0.0009840485704120416,3.221277411480548e-11,1.7891937931225764e-11,-4.843593245669034e-10,0.1,0.0,1
6,738,world,7.38,0.728,1.181013028107559,1.3320596394216304,-0.4394130032414261,0.705759549159834,0.7074339316888332,0.03648263715169743,0.010474170680529743,-0.00017999497541693833,0.09999503093437125,0.0009805050958375254,0.0,0.0,0.0,0.1,0.0,1
6,739,world,7.390000000000001,0.7290000000000001,1.1810112293032506,1.3330595899016406,-0.43940321540551397,0.7057595491548306,0.7074339316938246,0.03648263715162336,0.010474170680787777,-0.00017976722232123182,0.09999506484901775,0.0009770821800205928,-3.2786273695959806e-11,-1.8211127050803493e-11,4.929742269780823e-10,0.1,0.0,1
6,740,world,7.4,0.7300000000000001,1.181009432736381,1.334059540714258,-0.4393934611959944,0.7057595491563364,0.7074339316923225,0.03648263715164565,0.010474170680710118,-0.00017954748867845649,0.09999509745765266,0.0009737798179556726,-2.118201447576238e-11,-1.17645476693795e-11,3.1849192337271544e-10,0.1,0.0,1
6,741,world,7.41,0.7310000000000001,1.1810076383267356,1.3350594918464818,-0.43938373940731,0.705759549152571,0.7074339316960789,0.0364826371515899,0.010474170680904305,-0.0001793357779910832,0.09999512877224558,0.0009705980119283193,4.2708891978551324e-11,2.372269047867933e-11,-6.421717975088966e-10,0.1,0.0,1
6,742,world,7.42,0.732,1.1810058459941006,1.3360594432854291,-0.43937404883390213,0.7057595491608925,0.7074339316877771,0.0364826371517131,0.010474170680475155,-0.00017913208533398785,0.09999515880436884,0.0009675367616081466,4.9998200024606274e-11,2.7769800348133445e-11,-7.517603781235778e-10,0.1,0.0,1
6,743,world,7.43,0.733,1.1810040556582606,1.3370593950183316,-0.43936438827021046,0.7057595491579046,0.707433931690758,0.03648263715166887,0.010474170680629247,-0.00017893641745506234,0.09999518756511687,0.000964596068625662,3.77548686758523e-11,2.0970725156387246e-11,-5.676878726216069e-10,0.1,0.0,1
6,744,world,7.44,0.7340000000000001,1.1810022672390004,1.3380593470325304,-0.43935475651067285,0.7057595491649201,0.7074339316837591,0.03648263715177273,0.010474170680267451,-0.00017874876825217396,0.0999952150651962,0.0009617759318107833,0.0,0.0,0.0,0.1,0.0,1
6,745,world,7.45,0.7350000000000001,1.1810004806561052,1.339059299315469,-0.4393451523497264,0.7057595491577703,0.707433931690892,0.03648263715166688,0.010474170680636172,-0.0001785691444338186,0.09999524131486248,0.0009590763489290423,-1.990151099473644e-10,-1.1054004933620012e-10,2.9923987170546e-09,0.1,0.0,1
6,746,world,7.46,0.736,1.1809986958293595,1.3400592518546923,-0.43933557458180655,0.7057595491436898,0.7074339317049393,0.03648263715145841,0.010474170681362313,-0.00017839754434962967,0.09999526632387105,0.0009564973258038338,2.5523333446743354e-11,1.4175119411597655e-11,-3.8376023821404965e-10,0.1,0.0,1
6,747,world,7.47,0.737,1.1809969126785473,1.3410592046378425,-0.4393260220013477,0.705759549160493,0.7074339316881757,0.0364826371517072,0.010474170680495769,-0.00017823395692505956,0.09999529010166588,0.0009540388567986487,2.793685421886691e-10,1.5516962714733582e-10,-4.200587414796465e-09,0.1,0.0,1
6,748,world,7.48,0.7380000000000001,1.180995131123453,1.3420591576526515,-0.4393164934027832,0.7057595491734919,0.7074339316752075,0.03648263715189965,0.010474170679825402,-0.00017807839225318168,0.09999531265712404,0.0009517009457923545,-7.387146450099219e-12,-4.1019271312945254e-12,1.1106906952321953e-10,0.1,0.0,1
6,749,world,7.49,0.7390000000000001,1.1809933510838606,1.3430591108869396,-0.43930698758054554,0.7057595491597051,0.707433931688962,0.03648263715169553,0.010474170680536401,-0.00017793085693619155,0.09999533399871618,0.0009494835940368302,-1.4654874536113826e-10,-8.139808271856897e-11,2.203507889391355e-09,0.1,0.0,1
6,750,world,7.5,0.74,1.1809915724795543,1.3440590643286077,-0.43929750332906625,0.7057595491578585,0.7074339316908039,0.03648263715166819,0.010474170680631629,-0.00017779133967041487,0.09999535413456782,0.0009473867963562246,-9.155870506206085e-11,-5.085445953234846e-11,1.3766701157953753e-09,0.1,0.0,1
6,751,world,7.51,0.741,1.1809897952303174,1.3450590179656379,-0.4392880394427763,0.7057595491499378,0.7074339316987059,0.03648263715155091,0.0104741706810401,-0.00017765984573406464,0.09999537307226376,0.0009454105552630162,-2.0964827096568915e-11,-1.1643810915450865e-11,3.152384332304708e-10,0.1,0.0,1
6,752,world,7.5200000000000005,0.7420000000000001,1.1809880192559337,1.3460589717860842,-0.4392785947161056,0.7057595491556221,0.7074339316930353,0.03648263715163508,0.010474170680746958,-0.00017753636960233642,0.09999539081898819,0.0009435548713690352,-2.79526402024983e-11,-1.5525428165296352e-11,4.2030017704042647e-10,0.1,0.0,1
6,753,world,7.53,0.7430000000000001,1.1809862444761863,1.3470589257780696,-0.4392691679434838,0.7057595491469559,0.7074339317016809,0.036482637151506764,0.010474170681193879,-0.00017742091931563847,0.09999540738145268,0.0009418197463995436,1.1956304002414635e-10,6.640799021795733e-11,-1.7977578518729308e-09,0.1,0.0,1
6,754,world,7.54,0.744,1.1809844708108594,1.3480588799297846,-0.4392597579193403,0.7057595491683768,0.7074339316803108,0.03648263715182393,0.010474170680089207,-0.00017731348186614149,0.09999542276604519,0.0009402051739072055,8.303323306702477e-11,4.6118664442931517e-11,-1.248477097528787e-09,0.1,0.0,1
6,755,world,7.55,0.745,1.1809826981797356,1.349058834229482,-0.43925036343810325,0.7057595491558136,0.7074339316928442,0.036482637151637916,0.010474170680737083,-0.00017721407605454726,0.09999543697850692,0.0009387111636182052,-2.4282797994600054e-10,-1.3487232164432276e-10,3.651157620600741e-09,0.1,0.0,1
6,756,world,7.5600000000000005,0.7460000000000001,1.180980926502598,1.350058788665467,-0.43924098329420136,0.7057595491424725,0.7074339317061535,0.03648263715144038,0.010474170681425084,-0.00017712269207994906,0.09999545002434024,0.0009373377094872211,1.866628379643026e-10,1.0367852409930957e-10,-2.8066672575452278e-09,0.1,0.0,1
6,757,world,7.57,0.7470000000000001,1.1809791556992306,1.3510587432260979,-0.439231616282064,0.7057595491757263,0.7074339316729785,0.03648263715193273,0.01047417067971018,-0.0001770393164168055,0.09999546190857514,0.0009360848098033588,1.5618235871262835e-10,8.674762297378652e-11,-2.3483460347748537e-09,0.1,0.0,1
6,758,world,7.58,0.748,1.1809773856894157,1.3520586978997813,-0.43922226119612057,0.7057595491591336,0.7074339316895321,0.03648263715168707,0.010474170680565872,-0.00017696397672608711,0.09999547263566672,0.0009349524696864365,-2.0467828820703866e-10,-1.1368440910875587e-10,3.077543130275933e-09,0.1,0.0,1
6,759,world,7.59,0.749,1.1809756163929361,1.3530586526749673,-0.43921291683079544,0.7057595491538917,0.7074339316947613,0.03648263715160945,0.010474170680836187,-0.00017689665561070172,0.09999548220976959,0.000933940688101342,9.200973316580465e-11,5.1104606657578647e-11,-1.383458229703002e-09,0.1,0.0,1
6,760,world,7.6000000000000005,0.7500000000000001,1.180973847729576,1.3540586075401462,-0.4392035819805164,0.7057595491689489,0.7074339316797399,0.03648263715183239,0.010474170680059694,-0.0001768373499488042,0.0999954906346483,0.0009330494561546791,8.847193810889777e-11,4.9139858848687444e-11,-1.3302676831176917e-09,0.1,0.0,1
6,761,world,7.61,0.7510000000000001,1.180972079714416,1.3550585624973623,-0.4391942568719543,0.7057595491633297,0.7074339316853457,0.036482637151749195,0.010474170680349476,-0.00017675756017789947,0.09999550195790595,0.0009318502837636793,-1.4138898385419253e-10,-7.853093175747434e-11,2.125913431839354e-09,0.1,0.0,1
6,762,world,7.62,0.752,1.180970312740643,1.3560585176022404,-0.43918494741422476,0.705759549153866,0.7074339316947871,0.03648263715160907,0.010474170680837523,-0.00017662907702535396,0.09999552016107122,0.0009299192900189591,-3.08298525597567e-11,-1.7123455431367997e-11,4.635526229361784e-10,0.1,0.0,1
6,763,world,7.63,0.753,1.1809685472951994,1.3570584729233768,-0.43917566092553295,0.7057595491600409,0.7074339316886268,0.0364826371517005,0.010474170680519078,-0.0001764518950110867,0.09999554520155407,0.0009272564762280535,6.594863544151136e-11,3.66297270293338e-11,-9.91599190995909e-10,0.1,0.0,1
6,764,world,7.640000000000001,0.7540000000000001,1.180966783865032,1.3580584285288673,-0.4391664047240889,0.7057595491609011,0.7074339316877685,0.03648263715171323,0.010474170680474714,-0.00017622601985915003,0.09999557702063665,0.0009238618402394018,-8.718060995338068e-11,-4.842272416371866e-11,1.3108442120396364e-09,0.1,0.0,1
6,765,world,7.65,0.7550000000000001,1.180965022937087,1.3590583844861364,-0.43915718612811,0.7057595491507407,0.7074339316979049,0.0364826371515628,0.010474170680998693,-0.0001759514532505345,0.09999561554342737,0.0009197353843188223,-1.1138728828186726e-10,-6.186752499193544e-11,1.6748143562111492e-09,0.1,0.0,1
6,766,world,7.66,0.756,1.1809632649983122,1.36005834086178,-0.43914801245582313,0.7057595491490187,0.7074339316996229,0.0364826371515373,0.010474170681087499,-0.00017562818919614036,0.09999566067898062,0.0009148771028567619,1.519236125791051e-10,8.438423571011561e-11,-2.284316160707081e-09,0.1,0.0,1
6,767,world,7.67,0.757,1.1809615105356581,1.361058297721403,-0.4391388910254681,0.7057595491669474,0.7074339316817365,0.03648263715180275,0.010474170680162896,-0.00017525622436157835,0.09999571232015887,0.0009092869953160502,9.844937365333085e-11,5.468021868626488e-11,-1.4802725505861492e-09,0.1,0.0,1
6,768,world,7.68,0.758,1.1809597600360768,1.3620582551294587,-0.43912982915529886,0.705759549159521,0.7074339316891456,0.03648263715169281,0.010474170680545897,-0.0001748355714774668,0.09999577034363459,0.0009029650635747173,-9.938716516443843e-11,-5.520410517600683e-11,1.4943894483410013e-09,0.1,0.0,1
6,769,world,7.69,0.7590000000000001,1.1809580139865234,1.3630582131490874,-0.4391208341635864,0.7057595491563451,0.7074339316923138,0.036482637151645785,0.010474170680709672,-0.00017436622174945952,0.099995834610029,0.0008959113038909561,-1.5008203013699968e-10,-8.335936108050382e-11,2.2566233766601443e-09,0.1,0.0,1
6,770,world,7.7,0.76,1.1809562728739558,1.3640581718419529,-0.4391119133686206,0.7057595491435107,0.7074339317051179,0.036482637151455756,0.010474170681371553,-0.0001738481788494104,0.0999959049637794,0.0008881257149249201,5.136724379184722e-11,2.8531343954087293e-11,-7.723659223042305e-10,0.1,0.0,1
6,771,world,7.71,0.761,1.1809545371853354,1.3650581312680856,-0.4391030740887115,0.7057595491618248,0.707433931686847,0.03648263715172691,0.010474170680427082,-0.00017328143069474664,0.09999598123324188,0.0008796082917488682,3.711267404504777e-11,2.0613719065032383e-11,-5.580268560602392e-10,0.1,0.0,1
6,772,world,7.72,0.762,1.1809528074076268,1.3660580914857132,-0.439094323642191,0.7057595491474697,0.7074339317011682,0.03648263715151437,0.010474170681167379,-0.00017266599530869092,0.09999606323051463,0.0008703590368258241,-6.997423473986289e-11,-3.8865785589867775e-11,1.0521436532347317e-09,0.1,0.0,1
6,773,world,7.73,0.7630000000000001,1.1809510840277984,1.3670580525511113,-0.4390856693474142,0.7057595491543602,0.7074339316942941,0.03648263715161639,0.010474170680812037,-0.00017200185666226242,0.09999615075170526,0.0008603779422687755,1.8723599060077566e-10,1.0399597849541905e-10,-2.815273377919019e-09,0.1,0.0,1
6,774,world,7.74,0.764,1.1809493675328229,1.3680580145184282,-0.4390771185227599,0.7057595491674435,0.7074339316812418,0.036482637151810104,0.010474170680137326,-0.00017128901898640265,0.09999624357664844,0.0008496650113862243,2.468789062071288e-11,1.3712295188207017e-11,-3.7119915973460954e-10,0.1,0.0,1
6,775,world,7.75,0.765,1.1809476584096765,1.3690579774395368,-0.43906867848663145,0.7057595491569937,0.7074339316916667,0.03648263715165538,0.010474170680676216,-0.00017052748992593995,0.09999634146912628,0.0008382202366177092,-1.9555572439156045e-10,-1.0861832266950688e-10,2.9403601244353645e-09,0.1,0.0,1
6,776,world,7.76,0.766,1.1809459571453411,1.3700579413638625,-0.439060356557457,0.7057595491465822,0.7074339317020536,0.036482637151501233,0.010474170681213157,-0.00016971726261683846,0.09999644417672798,0.0008260436194878523,-7.495983000981998e-11,-4.163405731283141e-11,1.1270823250391557e-09,0.1,0.0,1
6,777,world,7.7700000000000005,0.7670000000000001,1.1809442642268027,1.371057906338228,-0.4390521600536888,0.7057595491489973,0.7074339316996442,0.03648263715153698,0.010474170681088597,-0.0001688583328384868,0.09999655143094739,0.0008131351556335494,5.667966096467575e-11,3.1482108586722265e-11,-8.5221756951706e-10,0.1,0.0,1
6,778,world,7.78,0.768,1.1809425801410511,1.3720578724066896,-0.43904409629380325,0.7057595491526285,0.7074339316960215,0.03648263715159075,0.010474170680901335,-0.00016795070332376594,0.09999666294711783,0.0007994948416136893,1.2329061382932555e-10,6.847820921418821e-11,-1.8537956380464446e-09,0.1,0.0,1
6,779,world,7.79,0.769,1.1809409053750826,1.3730578396103756,-0.43903617259629957,0.7057595491621496,0.707433931686523,0.036482637151731716,0.010474170680410337,-0.0001669943723944973,0.09999677842441324,0.0007851226772893832,7.294165271787273e-11,4.051342594735271e-11,-1.0967452640509015e-09,0.1,0.0,1
6,780,world,7.8,0.77,1.1809392404158965,1.3740578079873265,-0.43902839627969786,0.7057595491604097,0.7074339316882587,0.036482637151705966,0.010474170680500062,-0.00016598934437407013,0.09999689754587715,0.0007700186601014215,2.423530126582781e-10,1.346103783994503e-10,-3.644016577201775e-09,0.1,0.0,1
6,781,world,7.8100000000000005,0.7710000000000001,1.180937585750499,1.3750577775723312,-0.4390207746625387,0.7057595491880031,0.7074339316607308,0.0364826371521145,0.01047417067907706,-0.00016493560703720447,0.09999701997846022,0.0007541827848481573,3.002216530934018e-11,1.667589677456503e-11,-4.5142133303990815e-10,0.1,0.0,1
6,782,world,7.82,0.772,1.1809359418659022,1.3760577483967695,-0.43901331506339825,0.7057595491636125,0.7074339316850636,0.03648263715175338,0.01047417068033489,-0.00016383318339582492,0.09999714537283201,0.0007376150572761512,-4.85860310317525e-10,-2.6986225754034673e-10,7.30538569091275e-09,0.1,0.0,1
6,783,world,7.83,0.773,1.180934309249123,1.377057720488445,-0.43900602480087864,0.705759549136173,0.7074339317124383,0.03648263715134712,0.010474170681749965,-0.00016268205895385844,0.09999727336365449,0.0007203154741154909,1.0310918785449977e-10,5.726946694650788e-11,-1.5503413169134354e-09,0.1,0.0,1
6,784,world,7.84,0.774,1.1809326883871796,1.3780576938714293,-0.43899891119351686,0.7057595491746118,0.7074339316740903,0.036482637151916235,0.01047417067976765,-0.00016148221310675857,0.09999740356950348,0.0007022840256631651,1.0931949789849064e-10,6.072017888491756e-11,-1.643726620743473e-09,0.1,0.0,1
6,785,world,7.8500000000000005,0.7750000000000001,1.1809310797670969,1.3790576685658955,-0.43899198155990093,0.7057595491478348,0.7074339317008039,0.036482637151519774,0.01047417068114855,-0.00016023368358286476,0.09999753559254002,0.0006835207278053399,-1.9183474253559025e-10,-1.0655018534144734e-10,2.884416978269492e-09,0.1,0.0,1
6,786,world,7.86,0.776,1.1809294838090352,1.3800576445811312,-0.438985242213688,0.7057595491541475,0.7074339316945062,0.03648263715161324,0.010474170680823002,-0.0001589564474092291,0.0999976669903659,0.0006643262238649333,1.684312411765013e-11,9.355363705943431e-12,-2.532457696238221e-10,0.1,0.0,1
6,787,world,7.87,0.777,1.1809279006678504,1.3810576218962909,-0.4389786954814371,0.7057595491496316,0.7074339316990115,0.03648263715154638,0.010474170681055888,-0.0001576703076734321,0.09999779556439826,0.0006449979340205121,4.724588775761868e-11,2.624081507640594e-11,-7.103815203180616e-10,0.1,0.0,1
6,788,world,7.88,0.778,1.1809263304326094,1.382057600482748,-0.4389723427010202,0.7057595491591876,0.7074339316894782,0.036482637151687876,0.01047417068056309,-0.00015637525706892414,0.09999792123675422,0.0006255358557900398,9.071528250803084e-11,5.038400252565793e-11,-1.3639898238659082e-09,0.1,0.0,1
6,789,world,7.890000000000001,0.7790000000000001,1.180924773192381,1.3830575803110932,-0.4389661852103156,0.7057595491593088,0.7074339316893572,0.03648263715168967,0.010474170680556843,-0.00015507130226043544,0.09999804392896373,0.0006059399906391027,1.3461107228884818e-11,7.477699015545617e-12,-2.0241456622806221e-10,0.1,0.0,1
6,790,world,7.9,0.78,1.1809232290362366,1.3840575613511312,-0.4389602243472075,0.7057595491606236,0.7074339316880455,0.03648263715170912,0.010474170680489031,-0.00015375843987728866,0.09999816356206688,0.0005862103345106865,-1.4295647998708533e-10,-7.940106905302437e-11,2.1494964282891197e-09,0.1,0.0,1
6,791,world,7.91,0.781,1.1809216980532464,1.3850575435718724,-0.43895446144958394,0.7057595491440586,0.7074339317045713,0.03648263715146387,0.010474170681343287,-0.00015243667557734186,0.09999828005649473,0.0005663468926265666,-7.07003899869107e-11,-3.926928227038215e-11,1.0630523750772966e-09,0.1,0.0,1
6,792,world,7.92,0.782,1.1809201803324834,1.3860575269415318,-0.4389488978553377,0.7057595491530814,0.7074339316955697,0.036482637151597455,0.01047417068087798,-0.0001511059967243915,0.09999839333221895,0.0005463496614658618,8.52869858070045e-11,4.737113479258158e-11,-1.2823901391743854e-09,0.1,0.0,1
6,793,world,7.930000000000001,0.7830000000000001,1.180918675963021,1.387057511427519,-0.4389435349023645,0.7057595491531569,0.7074339316954945,0.03648263715159857,0.010474170680874095,-0.00014976641273008756,0.09999850330863869,0.0005262186368769669,0.0,0.0,0.0,0.1,0.0,1
6,794,world,7.94,0.784,1.1809171850339346,1.3880574969964363,-0.4389383739285626,0.7057595491537634,0.7074339316948896,0.036482637151607565,0.010474170680842816,-0.00014841792116909654,0.09999860990458069,0.0005059538241520715,0.0,0.0,0.0,0.1,0.0,1
6,795,world,7.95,0.785,1.1809157076342995,1.3890574836140697,-0.4389334162718317,0.7057595491528063,0.7074339316958442,0.036482637151593375,0.010474170680892169,-0.0001470605224922914,0.0999987130383615,0.0004855552225605125,-3.136449433505103e-11,-1.7419746201063882e-11,4.715758979059037e-10,0.1,0.0,1
6,796,world,7.96,0.786,1.1809142438531934,1.3900574712453884,-0.4389286632700727,0.7057595491504176,0.7074339316982273,0.036482637151558014,0.010474170681015358,-0.00014569421636354772,0.09999881262776973,0.0004650228290300387,-7.136791158046657e-11,-3.9640166149545987e-11,1.0730938381810207e-09,0.1,0.0,1
6,797,world,7.97,0.787,1.180912793779693,1.3910574598545349,-0.4389241162611859,0.7057595491451929,0.7074339317034396,0.03648263715148066,0.010474170681284789,-0.00014431900329454442,0.09999890859002322,0.000444356646702512,-4.4517514674602365e-11,-2.4727442315963773e-11,6.693739692305987e-10,0.1,0.0,1
6,798,world,7.98,0.788,1.1809113575028778,1.3920574494048212,-0.4389197765830709,0.7057595491456686,0.7074339317029652,0.036482637151487717,0.010474170681260272,-0.0001429348807061792,0.09999900084182489,0.00042355667458196864,-8.8328649949787e-12,-4.9068388241479925e-12,1.32814890812724e-10,0.1,0.0,1
6,799,world,7.99,0.789,1.1809099351118268,1.3930574398587243,-0.4389156455736254,0.7057595491442507,0.7074339317043796,0.03648263715146671,0.010474170681333389,-0.0001415418507447388,0.09999908929932097,0.0004026229140529955,1.182508951869109e-10,6.5680447192129e-11,-1.7780227594063595e-09,0.1,0.0,1
6,800,world,8.0,0.79,1.1809085266956207,1.3940574311778793,-0.4389117245707445,0.7057595491582833,0.7074339316903804,0.036482637151674484,0.01047417068060973,-0.00014013990815542484,0.09999917387814922,0.0003815553614108162,-3.335491605138682e-11,-1.8526499778737085e-11,5.015255138268721e-10,0.1,0.0,1
6,801,world,8.01,0.791,1.1809071323433402,1.3950574233230757,-0.4389080149123193,0.7057595491406925,0.7074339317079295,0.03648263715141403,0.010474170681516888,-0.0001387290665038768,0.09999925449334703,0.0003603540216544807,4.253090934991372e-11,2.3624505129937716e-11,-6.394994397310858e-10,0.1,0.0,1
6,802,world,8.02,0.792,1.1809057521440673,1.3960574162542498,-0.4389045179362362,0.7057595491628204,0.707433931685854,0.036482637151741645,0.010474170680375742,-0.0001373093052307651,0.09999933105949416,0.00033901889089920766,1.8774530541333292e-10,1.0427977925609467e-10,-2.8229399232691256e-09,0.1,0.0,1
6,803,world,8.03,0.7929999999999999,1.180904386186884,1.3970574099304818,-0.4389012349803759,0.7057595491607206,0.7074339316879487,0.03648263715171056,0.010474170680484026,-0.00013588064264041623,0.09999940349054709,0.0003175499735718416,1.0564257801881041e-10,5.867632768552179e-11,-1.5884364570200249e-09,0.1,0.0,1
6,804,world,8.040000000000001,0.7940000000000002,1.180903034560873,1.3980574043099887,-0.43889816738261256,0.7057595491740899,0.707433931674611,0.036482637151908505,0.010474170679794566,-0.00013444306749867412,0.09999947169997564,0.00029594727127201615,2.459941972343395e-11,1.3662335152096606e-11,-3.6987149454321983e-10,0.1,0.0,1
6,805,world,8.05,0.7950000000000002,1.1809016973551185,1.3990573993501187,-0.4388953164808121,0.7057595491633447,0.7074339316853308,0.03648263715174942,0.010474170680348699,-0.00013299659070311294,0.0999995356006944,0.000274210780819884,1.4153261895800348e-11,7.861419848432124e-12,-2.1281871122152738e-10,0.1,0.0,1
6,806,world,8.06,0.796,1.180900374658703,1.400057395007348,-0.438892683612832,0.7057595491755998,0.7074339316731048,0.03648263715193086,0.010474170679716706,-0.00013154119910278864,0.09999959510508866,0.0002523405065923774,8.764031167452424e-11,4.867772851469264e-11,-1.3177511599266774e-09,0.1,0.0,1
6,807,world,8.07,0.797,1.1808990665607126,1.4010573912372715,-0.43889027011653603,0.7057595491726939,0.7074339316760038,0.03648263715188784,0.010474170679866559,-0.00013007690335595606,0.09999965012498789,0.00023033644788741727,1.3373815943573662e-10,7.428190007541239e-11,-2.0108766106245714e-09,0.1,0.0,1
6,808,world,8.08,0.798,1.180897773150234,1.4020573879946028,-0.43888807732981466,0.7057595491898665,0.7074339316588717,0.03648263715214209,0.010474170678980961,-0.00012860369335562796,0.09999970057170782,0.00020819860430573253,-3.572697693243751e-11,-1.9842807952308286e-11,5.371732843695987e-10,0.1,0.0,1
6,809,world,8.09,0.799,1.1808964945163487,1.4030573852331636,-0.4388861065904222,0.7057595491688827,0.7074339316798058,0.0364826371518314,0.0104741706800631,-0.0001271215858536738,0.09999974635597847,0.00018592698131920707,-2.9130239886931954e-10,-1.617973116596615e-10,4.3800203427309775e-09,0.1,0.0,1
6,810,world,8.1,0.8,1.1808952307481408,1.404057382905881,-0.43888435923616936,0.7057595491587912,0.7074339316898735,0.03648263715168199,0.01047417068058352,-0.00012563056659560678,0.09999978738805025,0.0001635215749833882,-1.1630627017034737e-10,-6.460214307946541e-11,1.748790261907425e-09,0.1,0.0,1
6,811,world,8.11,0.8009999999999999,1.1808939819763566,1.4050573809657527,-0.43888283723090304,0.7057595491564754,0.7074339316921837,0.036482637151647714,0.010474170680702954,-0.00012411817224309389,0.09999982385695515,0.00014079508963504118,-3.239179757752269e-11,-1.7991164114049644e-11,4.870486663716564e-10,0.1,0.0,1
6,812,world,8.120000000000001,0.8020000000000002,1.1808927484970397,1.406057379367855,-0.438881545022302,0.7057595491553358,0.7074339316933208,0.03648263715163083,0.010474170680761717,-0.00012257207412153247,0.0999998557759263,0.00011756224133569727,7.565267856612087e-11,4.2020900647971884e-11,-1.1375172342691894e-09,0.1,0.0,1
6,813,world,8.13,0.8030000000000002,1.1808915306472259,1.4070573780649231,-0.43888048767399995,0.705759549164546,0.7074339316841325,0.0364826371517672,0.010474170680286757,-0.00012099226897727266,0.0999998827904842,9.382302633822012e-05,6.44140990546695e-11,3.577659002385242e-11,-9.68540807451454e-10,0.1,0.0,1
6,814,world,8.14,0.804,1.1808903287639594,1.40805737700611,-0.43887967024968244,0.7057595491622074,0.7074339316864655,0.036482637151732576,0.010474170680407359,-0.00011937876239847455,0.09999990453840793,6.957744168457756e-05,-5.096444100072538e-11,-2.830756462568627e-11,7.663058826813395e-10,0.1,0.0,1
6,815,world,8.15,0.805,1.1808891431842927,1.4090573761369045,-0.43887909781308626,0.7057595491591092,0.7074339316895564,0.03648263715168671,0.010474170680567132,-0.00011773155052176565,0.09999992064975959,4.482548160657241e-05,-1.101212870890932e-10,-6.116392115007579e-11,1.6557838000003083e-09,0.1,0.0,1
6,816,world,8.16,0.806,1.180887974245285,1.4100573753990586,-0.43887877542799647,0.70575954915046,0.7074339316981851,0.036482637151558646,0.010474170681013174,-0.00011605063391592986,0.09999993074686288,1.956714077688182e-05,0.0,0.0,0.0,0.1,0.0,1
6,817,world,8.17,0.807,1.1808868222840028,1.4110573747305104,-0.43887870815824515,0.7057595491593542,0.7074339316893118,0.036482637151690325,0.01047417068055449,-0.0001143360051879095,0.09999993444431769,-6.197586989899353e-06,-1.6366422106450768e-11,-9.090991848204046e-12,2.4609072375378323e-10,0.1,0.0,1
6,818,world,8.18,0.808,1.1808856876375202,1.412057374065303,-0.43887890106770777,0.705759549148714,0.7074339316999269,0.03648263715153279,0.010474170681103212,-0.00011258767424852357,0.09999993134897087,-3.2468703746130396e-05,-3.309331975121135e-11,-1.838182384084164e-11,4.975862658105756e-10,0.1,0.0,1
6,819,world,8.19,0.8089999999999999,1.1808845706429194,1.4130573733335114,-0.43887935922030075,0.705759549155824,0.7074339316928338,0.03648263715163806,0.010474170680736554,-0.00011080562973990075,0.09999992105996121,-5.924621461466334e-05,6.508960037621492e-11,3.6150943349968247e-11,-9.786763793037509e-10,0.1,0.0,1
6,820,world,8.2,0.8099999999999999,1.180883471637288,1.4140573724611611,-0.43888008767997766,0.7057595491556574,0.7074339316929998,0.036482637151635605,0.010474170680745135,-0.00010898987804896558,0.09999990316867458,-8.653012305580783e-05,-4.827388488947717e-11,-2.6813620768170505e-11,7.258607235236544e-10,0.1,0.0,1
6,821,world,8.21,0.8110000000000002,1.1808823909577224,1.4150573713701562,-0.43888109151072524,0.7057595491506742,0.7074339316979714,0.036482637151561824,0.010474170681002131,-0.00010714041795965385,0.09999987725877564,-0.000114320429698992,2.04337935461018e-10,1.134953242498555e-10,-3.072426194754289e-09,0.1,0.0,1
6,822,world,8.22,0.8120000000000002,1.1808813289413245,1.416057369978195,-0.43888237577655903,0.7057595491774556,0.7074339316712532,0.03648263715195835,0.010474170679621,-0.00010525723811829152,0.09999984290619948,-0.00014261714220256506,1.1093972962505905e-10,6.16194595348673e-11,-1.6680876406723039e-09,0.1,0.0,1
6,823,world,8.23,0.8130000000000002,1.180880285925203,1.4170573681986998,-0.4388839455415186,0.7057595491625088,0.7074339316861646,0.03648263715173704,0.010474170680391805,-0.00010334035908012671,0.09999979967912788,-0.00017142025692119155,-3.59674443006774e-10,-1.9977283716166007e-10,5.4080513071236225e-09,0.1,0.0,1
6,824,world,8.24,0.8140000000000002,1.1808792622464732,1.4180573659407325,-0.438885805869662,0.7057595491390867,0.7074339317095314,0.03648263715139025,0.010474170681599695,-0.00010138977056291769,0.09999974713803093,-0.00020072977930725606,-1.380711517340315e-10,-7.668761459189705e-11,2.076032575015761e-09,0.1,0.0,1
6,825,world,8.25,0.8150000000000002,1.1808782582422561,1.4190573631089243,-0.4388879618250605,0.7057595491477798,0.7074339317008588,0.036482637151518955,0.010474170681151378,-9.940546057677315e-05,0.09999968483565541,-0.00023054570912700014,5.2485099599766754e-11,2.915202801379183e-11,-7.891744061624696e-10,0.1,0.0,1
6,826,world,8.26,0.8160000000000001,1.180877274249678,1.420057359603393,-0.4388904184717917,0.7057595491446856,0.7074339317039456,0.036482637151473145,0.010474170681310952,-9.738744108769821e-05,0.09999961231699428,-0.00026086804550732185,-8.488765246284412e-11,-4.7149784077052195e-11,1.2763661492738723e-09,0.1,0.0,1
6,827,world,8.27,0.8170000000000001,1.1808763106058706,1.4210573553196684,-0.43889318087393325,0.7057595491387243,0.7074339317098929,0.03648263715138488,0.010474170681618383,-9.533570888856786e-05,0.09999952911931587,-0.0002916967907103929,1.6783796574770786e-10,9.322195793082234e-11,-2.523596701617736e-09,0.1,0.0,1
6,828,world,8.28,0.8180000000000001,1.1808753676479713,1.422057350148615,-0.4388962540955555,0.7057595491625901,0.7074339316860837,0.036482637151738245,0.010474170680387614,-9.325025423875253e-05,0.0999994347721691,-0.0003230319439044677,2.4790031138975646e-10,1.3769124729278491e-10,-3.727426781943153e-09,0.1,0.0,1
6,829,world,8.290000000000001,0.8190000000000002,1.1808744457131204,1.4230573439763539,-0.4388996432007139,0.7057595491651696,0.7074339316835102,0.03648263715177643,0.010474170680254592,-9.113109141744984e-05,0.09999932879736428,-0.0003548734997256589,-1.590675507978555e-10,-8.835154829966497e-11,2.3917256955322017e-09,0.1,0.0,1
6,830,world,8.3,0.8200000000000002,1.1808735451384638,1.4240573366841847,-0.4389033532534406,0.7057595491456212,0.7074339317030123,0.036482637151487,0.010474170681262707,-8.897822000291245e-05,0.09999921070897265,-0.00038722145970789684,-7.519471156847138e-11,-4.1765202407617556e-11,1.1306332281003904e-09,0.1,0.0,1
6,831,world,8.31,0.8210000000000002,1.1808726662611502,1.4250573281485104,-0.43890738931773615,0.705759549157148,0.7074339316915128,0.036482637151657664,0.010474170680668266,-8.679162501952446e-05,0.09999908001338954,-0.00042007581404353907,3.3177280367446794e-11,1.842796748530161e-11,-4.988564682867343e-10,0.1,0.0,1
6,832,world,8.32,0.8220000000000002,1.1808718094183337,1.426057318240759,-0.43891175645760855,0.7057595491491605,0.7074339316994814,0.036482637151539404,0.010474170681080183,-8.457132010187853e-05,0.09999893620921109,-0.0004534365644153482,-1.9835938447343414e-10,-1.1017471657215327e-10,2.9825282922644297e-09,0.1,0.0,1
6,833,world,8.33,0.8230000000000002,1.1808709749471713,1.4270573068273034,-0.4389164597370005,0.7057595491359876,0.7074339317126231,0.036482637151344366,0.010474170681759518,-8.23173013237044e-05,0.09999877878737212,-0.00048730370008771216,2.1477923606295695e-10,1.1929519871945554e-10,-3.229421959884303e-09,0.1,0.0,1
6,834,world,8.34,0.8240000000000001,1.180870163184813,1.4280572937693907,-0.438921504219679,0.7057595491720725,0.7074339316766236,0.03648263715187863,0.0104741706798986,-8.002955259716966e-05,0.09999860723103321,-0.0005216772223000598,1.7182817668715925e-10,9.543789369904041e-11,-2.583594861487045e-09,0.1,0.0,1
6,835,world,8.35,0.8250000000000001,1.1808693744684167,1.4290572789230598,-0.4389268949694194,0.7057595491543176,0.7074339316943364,0.03648263715161576,0.010474170680814228,-7.770810407841586e-05,0.09999842101571771,-0.0005565571074295272,-3.1640766395835103e-10,-1.75742753683039e-10,4.757495574792335e-09,0.1,0.0,1
6,836,world,8.36,0.8260000000000001,1.180868608997268,1.4300572621510363,-0.4389326349784106,0.7057595491383191,0.7074339317102971,0.03648263715137889,0.010474170681639278,-7.539418823341019e-05,0.09999822324481666,-0.0005913235968475652,1.478213385030985e-10,8.210446211797764e-11,-2.222640279290907e-09,0.1,0.0,1
6,837,world,8.370000000000001,0.8270000000000002,1.1808678664236294,1.431057243362522,-0.4389387190198475,0.7057595491700869,0.7074339316786047,0.03648263715184924,0.010474170680001008,-7.312859765199547e-05,0.0999980178432563,-0.0006253635966386108,1.680790923108593e-10,9.335518469377217e-11,-2.527226762279382e-09,0.1,0.0,1
6,838,world,8.38,0.8280000000000002,1.1808671462641054,1.4320572224849504,-0.43894513982877315,0.7057595491562493,0.7074339316924095,0.03648263715164437,0.010474170680714616,-7.091136026115785e-05,0.09999780555622528,-0.0006586770971778443,-5.496054999998272e-11,-3.052662289615423e-11,8.263883175853294e-10,0.1,0.0,1
6,839,world,8.39,0.8290000000000002,1.1808664480352897,1.433057199453127,-0.4389518901402128,0.7057595491642238,0.7074339316844538,0.03648263715176243,0.010474170680303364,-6.874245768371463e-05,0.09999758711297983,-0.000691264100415762,1.9909768278480988e-11,1.1060249938132914e-11,-2.993797917905102e-10,0.1,0.0,1
6,840,world,8.4,0.8300000000000002,1.1808657712537682,1.434057174209068,-0.43895896268918855,0.7057595491583732,0.7074339316902905,0.0364826371516758,0.01047417068060508,-6.662190092050931e-05,0.09999736322687744,-0.0007231246049328496,0.0,0.0,0.0,0.1,0.0,1
6,841,world,8.41,0.8310000000000002,1.1808651154361194,1.4350571467018465,-0.4389663502107328,0.705759549164664,0.7074339316840146,0.03648263715176895,0.010474170680280665,-6.454968307938348e-05,0.09999713459534126,-0.0007542586158720706,-1.4577852813780453e-10,-8.096995296469788e-11,2.1919249726909207e-09,0.1,0.0,1
6,842,world,8.42,0.8320000000000001,1.1808644800989148,1.4360571168874294,-0.43897404543990004,0.705759549142822,0.7074339317058049,0.036482637151445556,0.010474170681407062,-6.252581648261558e-05,0.09999690189993357,-0.0007846661311256599,-2.0915838505609662e-10,-1.1617200257330674e-10,3.144887540489255e-09,0.1,0.0,1
6,843,world,8.43,0.8330000000000001,1.180863864758721,1.4370570847285191,-0.4389820411117789,0.7057595491423517,0.7074339317062741,0.03648263715143859,0.010474170681431319,-6.055028736858808e-05,0.09999666580625731,-0.0008143471583987698,1.8365448051227397e-10,1.0200729150255928e-10,-2.761419402603351e-09,0.1,0.0,1
6,844,world,8.44,0.8340000000000001,1.1808632689320995,1.438057050194395,-0.43899032996150145,0.7057595491624137,0.7074339316862596,0.03648263715173563,0.010474170680396709,-5.8623096371071575e-05,0.099996426964019,-0.0008433017029438905,1.8433414517016168e-10,1.0238337955215105e-10,-2.771634386843771e-09,0.1,0.0,1
6,845,world,8.45,0.8350000000000001,1.1808626921356082,1.4390570132607527,-0.438998904724253,0.7057595491620159,0.7074339316866565,0.036482637151729745,0.010474170680417234,-5.6744255595627065e-05,0.09999618600703085,-0.0008715297681361434,-1.8538469370720297e-10,-1.029686752529399e-10,2.7874405041093483e-09,0.1,0.0,1
6,846,world,8.46,0.8360000000000002,1.1808621338858025,1.440056973909548,-0.4390077581352806,0.7057595491426375,0.7074339317059891,0.03648263715144283,0.010474170681416584,-5.491376495180997e-05,0.09999594355318975,-0.0008990313596927802,4.158166866385691e-11,2.3096802248544295e-11,-6.252240045134451e-10,0.1,0.0,1
6,847,world,8.47,0.8370000000000002,1.180861593699234,1.4410569321288358,-0.4390168829298995,0.7057595491664517,0.7074339316822311,0.03648263715179541,0.010474170680188473,-5.3131606881935185e-05,0.09999570020446004,-0.0009258064873949898,1.8782371491443668e-10,1.0432314734298832e-10,-2.824113778119097e-09,0.1,0.0,1
6,848,world,8.48,0.8380000000000002,1.1808610710924536,1.4420568879126103,-0.4390262718435002,0.7057595491626739,0.707433931686,0.03648263715173948,0.010474170680383291,-5.139780160665495e-05,0.09999545654690078,-0.000951855158556296,-5.880192166518579e-11,-3.2661720550386493e-11,8.841471391823888e-10,0.1,0.0,1
6,849,world,8.49,0.8390000000000002,1.1808605655820106,1.4430568412606468,-0.4390359176115534,0.7057595491601788,0.7074339316884891,0.036482637151702545,0.01047417068051197,-4.9712341220643776e-05,0.09999521315069597,-0.00097717737899143,1.1587085457787714e-10,6.435789401404785e-11,-1.7422212110485954e-09,0.1,0.0,1
6,850,world,8.5,0.8400000000000001,1.1808600766844535,1.4440567921783445,-0.4390458129696153,0.7057595491750346,0.7074339316736685,0.036482637151922494,0.010474170679745841,-4.807522082416507e-05,0.09999497057003391,-0.001001773163544271,1.0661090066311248e-10,5.921513279716675e-11,-1.6029945816912516e-09,0.1,0.0,1
6,851,world,8.51,0.8410000000000001,1.1808596039163302,1.4450567406765629,-0.4390559506533304,0.7057595491715517,0.7074339316771432,0.03648263715187093,0.010474170679925461,-4.6486451101539446e-05,0.09999472934333055,-0.001025642512737026,-1.9014304020181766e-11,-1.0561343466441987e-11,2.8588642954699407e-10,0.1,0.0,1
6,852,world,8.52,0.8420000000000001,1.1808591467941891,1.4460566867714666,-0.43906632339843465,0.7057595491730063,0.707433931675692,0.03648263715189246,0.010474170679850453,-4.49460249265047e-05,0.0999944899929391,-0.0010487854436667437,-1.737408827917617e-10,-9.649919752163772e-11,2.6123488192520526e-09,0.1,0.0,1
6,853,world,8.53,0.8430000000000001,1.1808587048345782,1.4470566304843662,-0.4390769239407581,0.7057595491530176,0.7074339316956334,0.036482637151596504,0.010474170680881266,-4.345395020424156e-05,0.09999425302545331,-0.0010712019584722301,-2.312188635000692e-10,-1.2842470142881252e-10,3.4766054781124162e-09,0.1,0.0,1
6,854,world,8.540000000000001,0.8440000000000002,1.1808582775540477,1.4480565718415557,-0.4390877450162256,0.7057595491483406,0.7074339317002994,0.03648263715152726,0.010474170681122465,-4.201021601889407e-05,0.09999401893142312,-0.0010928920733293422,0.0,0.0,0.0,0.1,0.0,1
6,855,world,8.55,0.8450000000000002,1.1808578644691463,1.4490565108741573,-0.4390987793608572,0.7057595491533702,0.7074339316952818,0.036482637151601736,0.01047417068086309,-4.061482409342473e-05,0.09999378818559386,-0.0011138557943711892,2.571859392119788e-10,1.4284788629748117e-10,-3.867044488445322e-09,0.1,0.0,1
6,856,world,8.56,0.8460000000000002,1.1808574650964254,1.45005644761796,-0.4391100197107686,0.7057595491757764,0.7074339316729286,0.03648263715193348,0.010474170679707594,-3.926777206598504e-05,0.09999356124675808,-0.0011340931323826366,-8.973446985471856e-11,-4.9841034077679984e-11,1.3492340111918146e-09,0.1,0.0,1
6,857,world,8.57,0.8470000000000002,1.1808570789524373,1.4510563821132614,-0.43912145880218495,0.7057595491437977,0.7074339317048317,0.03648263715146,0.010474170681356752,-3.796908050857755e-05,0.09999333855787612,-0.0011536040910516373,-2.3115814817843557e-10,-1.2839174168278316e-10,3.475683261165896e-09,0.1,0.0,1
6,858,world,8.58,0.8480000000000001,1.1808567055537387,1.452056314404709,-0.4391330893714489,0.7057595491511173,0.7074339316975294,0.036482637151568374,0.010474170680979281,-3.671872196818251e-05,0.09999312054581883,-0.001172388691860577,2.1230552038621387e-10,1.1792060383709144e-10,-3.192218136962612e-09,0.1,0.0,1
6,859,world,8.59,0.8490000000000001,1.1808563444168796,1.45305624454114,-0.43914490415489177,0.7057595491664457,0.7074339316822371,0.036482637151795325,0.010474170680188782,-3.551670593464044e-05,0.09999290762181498,-0.00119044693236476,5.887026977013925e-11,3.2698149743382e-11,-8.851711193452035e-10,0.1,0.0,1
6,860,world,8.6,0.8500000000000001,1.1808559950584152,1.4540561725754242,-0.43915689588899354,0.7057595491573972,0.7074339316912641,0.036482637151661355,0.010474170680655412,-3.436304121242188e-05,0.09999270018102206,-0.0012077788247984516,-2.1322527077316496e-11,-1.1843651059884038e-11,3.206054562457368e-10,0.1,0.0,1
6,861,world,8.61,0.8510000000000001,1.1808556569861188,1.4550560985659111,-0.43916905717836235,0.705759549164171,0.7074339316845064,0.03648263715176165,0.010474170680306084,-3.3260344160350524e-05,0.09999249908527512,-0.001224344898614371,2.46903192335765e-11,1.371402991168147e-11,-3.7124606232055e-10,0.1,0.0,1
6,862,world,8.620000000000001,0.8520000000000002,1.1808553296729152,1.456056022581168,-0.43918138010413094,0.7057595491600313,0.7074339316886366,0.03648263715170036,0.010474170680519583,-3.2211222115110396e-05,0.09999230520039593,-0.0012401061035432878,-7.990344497165838e-11,-4.438047151999773e-11,1.2014190965865132e-09,0.1,0.0,1
6,863,world,8.63,0.8530000000000002,1.1808550125830832,1.4570559446952323,-0.4391938566176223,0.7057595491556472,0.70743393169301,0.036482637151635446,0.010474170680745663,-3.121567223373954e-05,0.09999211890866533,-0.0012550624435239113,5.0408982543714784e-11,2.7999130791656028e-11,-7.579492155435066e-10,0.1,0.0,1
6,864,world,8.64,0.8540000000000002,1.1808547051808989,1.4580558649858648,-0.4392064786701632,0.7057595491654086,0.7074339316832717,0.03648263715177997,0.01047417068024226,-3.0273691036804947e-05,0.09999194057292467,-0.0012692139159074696,7.318486094920466e-11,4.0649775212564475e-11,-1.1004079266720134e-09,0.1,0.0,1
6,865,world,8.65,0.8550000000000002,1.1808544069306333,1.4590557835343558,-0.43921923821308834,0.7057595491634544,0.7074339316852214,0.036482637151751034,0.010474170680343045,-2.9385286240647837e-05,0.09999177053645897,-0.0012825605206347286,-8.20583184735258e-11,-4.557847155251232e-11,1.2338368933322693e-09,0.1,0.0,1
6,866,world,8.66,0.8560000000000001,1.1808541172965559,1.4600557004253372,-0.43923212719774285,0.7057595491566548,0.7074339316920047,0.03648263715165037,0.010474170680693699,-2.855045597085904e-05,0.099991609122975,-0.0012951022622359348,5.4679524796877525e-11,3.0369803893927616e-11,-8.22154443049689e-10,0.1,0.0,1
6,867,world,8.67,0.8570000000000001,1.1808538357429323,1.4610556157465737,-0.43924513757548533,0.7057595491692874,0.7074339316794022,0.0364826371518374,0.010474170680042237,-2.776919373123083e-05,0.0999914566367205,-0.0013068391403397838,-6.255551632250438e-11,-3.474442955564423e-11,9.405884057733783e-10,0.1,0.0,1
6,868,world,8.68,0.8580000000000001,1.1808535617340261,1.4620555295887794,-0.43925826129768963,0.7057595491499817,0.7074339316986623,0.03648263715155157,0.010474170681037837,-2.7041514340488085e-05,0.09999131336240122,-0.0013177711556211062,-4.1636485925700083e-11,-2.3125945602941985e-11,6.260420946837397e-10,0.1,0.0,1
6,869,world,8.69,0.8590000000000001,1.1808532947340993,1.463055442045414,-0.4392714903157463,0.7057595491648457,0.7074339316838333,0.036482637151771635,0.010474170680271294,-2.6367399230197712e-05,0.09999117956518495,-0.0013278983105630953,1.682671363356552e-10,9.346065588111156e-11,-2.530061370912269e-09,0.1,0.0,1
6,870,world,8.700000000000001,0.8600000000000002,1.180853034207411,1.4640553532124942,-0.4392848165810637,0.7057595491679319,0.7074339316807545,0.036482637151817335,0.010474170680112138,-2.5746861528563178e-05,0.09999105549070864,-0.0013372206075106296,-8.920537919454071e-11,-4.954717192084677e-11,1.341286370165542e-09,0.1,0.0,1
6,871,world,8.71,0.8610000000000002,1.1808527796182204,1.4650552631883935,-0.43929823204506874,0.7057595491553296,0.7074339316933269,0.03648263715163074,0.010474170680762045,-2.5179902475568794e-05,0.09999094136509423,-0.0013457380483586005,-7.991281247843309e-11,-4.438671652451371e-11,1.2015803120286177e-09,0.1,0.0,1
6,872,world,8.72,0.8620000000000002,1.1808525304307842,1.4660551720736499,-0.4393117286592066,0.705759549159407,0.7074339316892593,0.03648263715169112,0.01047417068055177,-2.4666513012884903e-05,0.09999083739494012,-0.0013534506351479763,-1.0711882769687253e-10,-5.949858661313805e-11,1.6106409554596923e-09,0.1,0.0,1
6,873,world,8.73,0.8630000000000002,1.1808522861093587,1.4670550799707693,-0.43932529837494116,0.7057595491439025,0.7074339317047271,0.03648263715146157,0.010474170681351353,-2.420670364987522e-05,0.09999074376734982,-0.0013603583673774942,-1.461705756433753e-10,-8.118714034389016e-11,2.1978132421636235e-09,0.1,0.0,1
6,874,world,8.74,0.8640000000000001,1.1808520461181988,1.4680549869840318,-0.43933893314375416,0.705759549143814,0.7074339317048154,0.03648263715146025,0.010474170681355912,-2.3800464357667196e-05,0.09999066064983593,-0.0013664612498159587,-4.2481990147893544e-11,-2.3593280107371445e-11,6.387441519717027e-10,0.1,0.0,1
6,875,world,8.75,0.8650000000000001,1.1808518099215595,1.4690548932192946,-0.4393526249171446,0.7057595491393707,0.7074339317092481,0.03648263715139445,0.01047417068158505,-2.3447800796081282e-05,0.09999058819042567,-0.001371759284038257,1.5431024513734552e-10,8.570956444575718e-11,-2.3202033935625063e-09,0.1,0.0,1
6,876,world,8.76,0.8660000000000001,1.1808515769836945,1.4700547987837977,-0.4393663656466274,0.7057595491602753,0.707433931688393,0.03648263715170397,0.010474170680506985,-2.31487047206829e-05,0.09999052651764924,-0.0013762524698455365,3.0892267910420626e-10,1.71583580677037e-10,-4.644947919135372e-09,0.1,0.0,1
6,877,world,8.77,0.8670000000000001,1.180851346768858,1.471054703785969,-0.4393801472837323,0.7057595491723255,0.7074339316763711,0.03648263715188239,0.010474170679885556,-2.2903185725512603e-05,0.09999047574046199,-0.0013799408103846826,-1.4624239319527267e-10,-8.122738592852835e-11,2.1988899904460524e-09,0.1,0.0,1
6,878,world,8.78,0.8680000000000001,1.1808511187413029,1.4720546083352268,-0.43939396178000245,0.7057595491446746,0.7074339317039566,0.036482637151472985,0.010474170681311522,-2.27112528975008e-05,0.09999043594839106,-0.001382824301818161,-8.818987207170393e-11,-4.8981999012373555e-11,1.3260079612022134e-09,0.1,0.0,1
6,879,world,8.790000000000001,0.8690000000000002,1.1808508923652827,1.473054512541788,-0.43940780108699223,0.7057595491629178,0.7074339316857566,0.03648263715174309,0.010474170680370716,-2.257288156243322e-05,0.09999040721128266,-0.0013849029521562678,1.4712536744453666e-11,8.171935350631082e-12,-2.2121225749619084e-10,0.1,0.0,1
6,880,world,8.8,0.8700000000000002,1.1808506671050507,1.4740544165164715,-0.43942165715626647,0.7057595491462442,0.7074339317023909,0.036482637151496224,0.010474170681230584,-2.2488094803761974e-05,0.09999038957959078,-0.0013861767590234687,-3.382676083685252e-11,-1.8788096078914394e-11,5.08627206107989e-10,0.1,0.0,1
6,881,world,8.81,0.8710000000000002,1.1808504424248603,1.4750543203705022,-0.43943552193939756,0.7057595491593093,0.7074339316893568,0.036482637151689666,0.010474170680556803,-2.2456874313369184e-05,0.09999038308421121,-0.0013866457231348204,9.126623068401118e-11,5.0692783304387414e-11,-1.3722803709343619e-09,0.1,0.0,1
6,882,world,8.82,0.8720000000000001,1.1808502177889648,1.4760542242153163,-0.43944938738796313,0.7057595491559802,0.7074339316926779,0.036482637151640365,0.010474170680728489,-2.2479233063028904e-05,0.09999038773649775,-0.0013863098459304393,-1.1423223478246934e-10,-6.344820502324556e-11,1.717594886848247e-09,0.1,0.0,1
6,883,world,8.83,0.8730000000000001,1.1808499926616172,1.4770541281623653,-0.43946324545353993,0.7057595491471232,0.7074339317015138,0.03648263715150924,0.010474170681185243,-2.255516808526804e-05,0.0999904035283273,-0.0013851691256544852,-8.557043962298389e-11,-4.7530035462983694e-11,1.286645583912365e-09,0.1,0.0,1
6,884,world,8.84,0.8740000000000001,1.1808497665070723,1.4780540323229245,-0.4394770880877122,0.7057595491468517,0.7074339317017847,0.03648263715150522,0.010474170681199251,-2.268467508597623e-05,0.09999043043197198,-0.0013832235663443332,6.643019467844618e-11,3.689722138933145e-11,-9.988387721093773e-10,0.1,0.0,1
6,885,world,8.85,0.8750000000000001,1.180849538789584,1.4790539368078905,-0.4394909072420643,0.7057595491542098,0.707433931694444,0.036482637151614164,0.010474170680819786,-2.286775392848572e-05,0.09999046840016117,-0.001380473173301513,2.0364578079412586e-10,1.13111603416982e-10,-3.0620198379887437e-09,0.1,0.0,1
6,886,world,8.86,0.8760000000000001,1.180849309191188,1.4800538416825495,-0.4395046981398578,0.7057595491685761,0.7074339316801118,0.03648263715182687,0.010474170680078916,-2.303924978503406e-05,0.09999050389770003,-0.0013778967584712647,5.1838394687916817e-11,2.8792940254261422e-11,-7.794516822343367e-10,0.1,0.0,1
6,887,world,8.870000000000001,0.8770000000000002,1.1808490782579506,1.4810537468332963,-0.43951846898453956,0.7057595491597398,0.7074339316889271,0.036482637151696036,0.010474170680534604,-2.31347207443819e-05,0.0999905236291415,-0.0013764625511772147,-9.725172056551108e-11,-5.401720737374355e-11,1.462276209406644e-09,0.1,0.0,1
6,888,world,8.88,0.8780000000000002,1.180848846750187,1.4820536521027483,-0.439532231198219,0.7057595491582015,0.7074339316904618,0.03648263715167327,0.010474170680613935,-2.3154157812619173e-05,0.09999052764377747,-0.001376170557725091,-2.5924123958631614e-10,-1.439917629575403e-10,3.897964102102937e-09,0.1,0.0,1
6,889,world,8.89,0.8790000000000002,1.180848615428215,1.483053557333822,-0.4395459962030042,0.7057595491320847,0.7074339317165169,0.03648263715128659,0.01047417068196079,-2.3097570520287293e-05,0.09999051595176173,-0.0013770207706217965,-1.8309520566362928e-10,-1.0169608211097471e-10,2.7529995969522e-09,0.1,0.0,1
6,890,world,8.9,0.8800000000000001,1.1808483850523488,1.4840534623693358,-0.4395597754209983,0.7057595491386696,0.7074339317099475,0.03648263715138408,0.01047417068162121,-2.2964942157004288e-05,0.09999048852373019,-0.0013790131968970177,1.9502316428444638e-10,1.0832237884451125e-10,-2.9323920353563557e-09,0.1,0.0,1
6,891,world,8.91,0.8810000000000001,1.180848156382906,1.4850533670516202,-0.4395735802742966,0.7057595491528893,0.7074339316957614,0.03648263715159461,0.010474170680887898,-2.2756279964944088e-05,0.09999044529113316,-0.0013821478331313532,2.2963020374078246e-10,1.2754450273710903e-10,-3.4527117493202105e-09,0.1,0.0,1
6,892,world,8.92,0.8820000000000001,1.1808479301802022,1.4860532712221228,-0.4395874221849838,0.7057595491631659,0.7074339316855093,0.03648263715174676,0.010474170680357924,-2.2471587330956787e-05,0.09999038614609951,-0.0013864246758035427,-5.3240745145899324e-11,-2.957113720558621e-11,8.005442283468686e-10,0.1,0.0,1
6,893,world,8.93,0.8830000000000001,1.180847707204554,1.487053174721015,-0.43960131257512974,0.7057595491472096,0.7074339317014277,0.03648263715151052,0.010474170681180789,-2.211087045535754e-05,0.0999903109413978,-0.0013918437239833902,-5.0934603756935776e-11,-2.8291952114400923e-11,7.658558195174769e-10,0.1,0.0,1
6,894,world,8.94,0.8840000000000001,1.1808474882162787,1.4880530773868017,-0.43961526286678665,0.7057595491577322,0.7074339316909299,0.03648263715166632,0.010474170680638143,-2.1674114292123772e-05,0.09999021949048179,-0.0013984049764095468,-1.0051334764504247e-11,-5.583380979778637e-12,1.5113868273227395e-10,0.1,0.0,1
6,895,world,8.950000000000001,0.8850000000000002,1.1808472739756954,1.4890529790559233,-0.4396292844819843,0.7057595491461374,0.7074339317024975,0.03648263715149465,0.010474170681236086,-2.116133235412732e-05,0.09999011156746106,-0.0014061084327695792,-1.1130228683153206e-10,-6.182034051338198e-11,1.6735408198130964e-09,0.1,0.0,1
6,896,world,8.96,0.8860000000000002,1.1808470652431229,1.4900528795623653,-0.43964338884272547,0.7057595491458588,0.7074339317027752,0.03648263715149052,0.010474170681250455,-2.0572515404840347e-05,0.09998998690723288,-0.0014149540851240818,-1.186030440525342e-11,-6.587785872369518e-12,1.7833252778133566e-10,0.1,0.0,1
6,897,world,8.97,0.8870000000000002,1.180846862778882,1.4910527787372667,-0.43965758737098154,0.705759549144872,0.7074339317037596,0.03648263715147591,0.010474170681301333,-1.9907666415162485e-05,0.09998984520523839,-0.001424941934706725,4.1711079035169406e-11,2.3167232021671525e-11,-6.271751835322175e-10,0.1,0.0,1
6,898,world,8.98,0.8880000000000001,1.180846667343294,1.4920526764085231,-0.4396718914886854,0.7057595491503085,0.7074339316983361,0.036482637151556405,0.01047417068102099,-1.916678334519528e-05,0.0999896861176911,-0.0014360719759220365,2.8055925638261073e-10,1.558319445704811e-10,-4.218497637797797e-09,0.1,0.0,1
6,899,world,8.99,0.8890000000000001,1.1808464796966824,1.4930525724003958,-0.4396863126177257,0.7057595491748014,0.7074339316739011,0.03648263715191904,0.010474170679757871,-1.834986259255417e-05,0.09998950926148907,-0.0014483442025765441,9.730063976753903e-12,5.40366362766775e-12,-1.462871111138768e-10,0.1,0.0,1
6,900,world,9.0,0.8900000000000001,1.1808463005993715,1.4940524665331192,-0.43970086217993914,0.7057595491513464,0.7074339316973007,0.03648263715157178,0.010474170680967464,-1.7456923019041875e-05,0.09998931421419618,-0.0014617586088628357,-7.737317730960307e-11,-4.297534550445899e-11,1.1633837393876929e-09,0.1,0.0,1
6,901,world,9.01,0.8910000000000001,1.1808461308116858,1.495052358622507,-0.43971555159710146,0.7057595491665475,0.7074339316821355,0.03648263715179683,0.010474170680183529,-1.648793980078741e-05,0.09998910051402057,-0.0014763151915952065,1.6636934885294587e-10,9.240698484180843e-11,-2.501523098906441e-09,0.1,0.0,1
6,902,world,9.02,0.8920000000000001,1.1808459710939512,1.4960522484795584,-0.43973039229091854,0.7057595491690942,0.707433931679595,0.03648263715183455,0.0104741706800522,-1.544292750598115e-05,0.09998886765992837,-0.0014920139413969827,-1.42004116798774e-10,-7.887336617163218e-11,2.135164327244968e-09,0.1,0.0,1
6,903,world,9.03,0.893,1.180845822206495,1.4970521359100641,-0.4397453956830157,0.7057595491513989,0.7074339316972482,0.036482637151572544,0.01047417068096475,-1.4321888393475674e-05,0.09998861511158855,-0.0015088548472672405,-1.1939615962574415e-10,-6.631674376311361e-11,1.7952503632983162e-09,0.1,0.0,1
6,904,world,9.040000000000001,0.8940000000000002,1.1808456849096434,1.4980520207142165,-0.4397605731949248,0.7057595491563573,0.7074339316923017,0.03648263715164597,0.010474170680709044,-1.3124810169194812e-05,0.09998834228929747,-0.001526837901562739,-4.705506817525602e-11,-2.613638472314924e-11,7.075252439046789e-10,0.1,0.0,1
6,905,world,9.05,0.8950000000000002,1.1808455599637235,1.4990519026862137,-0.4397759362480721,0.7057595491463792,0.7074339317022561,0.03648263715149823,0.010474170681223617,-1.1851703532696993e-05,0.09998804857408339,-0.0015459630926596387,-1.9779212989680076e-10,-1.0985830301014124e-10,2.9739782468273206e-09,0.1,0.0,1
6,906,world,9.06,0.8960000000000001,1.180845448129061,1.5000517816138665,-0.43979149626376307,0.7057595491352575,0.7074339317133514,0.036482637151333555,0.010474170681797167,-1.050256471313922e-05,0.09998773330767939,-0.0015662304072254305,-1.7981449662586174e-11,-9.98784388528461e-12,2.7037366486308647e-10,0.1,0.0,1
6,907,world,9.07,0.8970000000000001,1.1808453501659824,1.5010516572782096,-0.4398072646631868,0.7057595491444609,0.7074339317041698,0.03648263715146983,0.010474170681322541,-9.077387632387002e-06,0.09998739579247375,-0.0015876398332868081,4.666857178481361e-11,2.5920932067435823e-11,-7.017146358336689e-10,0.1,0.0,1
6,908,world,9.08,0.8980000000000001,1.1808452668348124,1.502051529453102,-0.4398232528674057,0.7057595491402361,0.7074339317083848,0.03648263715140727,0.010474170681540431,-7.576182194284379e-06,0.09998703529162539,-0.0016101913528282275,1.181145459216991e-10,6.560481324857641e-11,-1.775971573579267e-09,0.1,0.0,1
6,909,world,9.09,0.8990000000000001,1.1808451988958675,1.5030513979048394,-0.4398394722971972,0.7057595491570611,0.7074339316915995,0.03648263715165638,0.010474170680672747,-5.9989391529206545e-06,0.09998665102902411,-0.0016338849448114827,2.0440212022965175e-10,1.1353210038755878e-10,-3.0733775930030066e-09,0.1,0.0,1
6,910,world,9.1,0.9000000000000001,1.1808451471094634,1.5040512623917595,-0.4398559343732037,0.705759549162041,0.7074339316866314,0.0364826371517301,0.010474170680415932,-4.3456684009831735e-06,0.0999862421892706,-0.0016587205863831716,3.5825856170570174e-11,1.989935993762624e-11,-5.386856217169961e-10,0.1,0.0,1
6,911,world,9.11,0.901,1.1808451121160195,1.505051122694072,-0.4398726487148422,0.7057595491608829,0.7074339316877867,0.03648263715171296,0.010474170680475656,-2.652237509806003e-06,0.09998581699403636,-0.0016841594344674958,-1.480118111407608e-10,-8.221166802879303e-11,2.2255162773417293e-09,0.1,0.0,1
6,912,world,9.120000000000001,0.9020000000000002,1.1808450940802881,1.5060509787059628,-0.43988961779592617,0.7057595491462515,0.7074339317023837,0.03648263715149634,0.010474170681230207,-9.541302890222522e-07,0.0999853840958456,-0.0017096684754249988,-1.0576851894316047e-10,-5.874675745864319e-11,1.5903443817929683e-09,0.1,0.0,1
6,913,world,9.13,0.9030000000000002,1.1808450930490733,1.5070508303501307,-0.43990684231840943,0.7057595491495998,0.7074339316990431,0.036482637151545906,0.010474170681057526,7.486626201216698e-07,0.09998494344053155,-0.0017352477152308807,4.599064185040442e-11,2.5544497073150268e-11,-6.91517795716644e-10,0.1,0.0,1
6,914,world,9.14,0.9040000000000001,1.18084510906918,1.508050677548734,-0.4399243229842657,0.7057595491511576,0.707433931697489,0.03648263715156898,0.010474170680977196,2.4561354552850076e-06,0.09998449497393612,-0.001760897150416169,7.691000614152153e-11,4.271756559593121e-11,-1.1564176916404398e-09,0.1,0.0,1
6,915,world,9.15,0.9050000000000001,1.1808451421874155,1.5090505202233888,-0.439942060495489,0.7057595491578044,0.707433931690858,0.036482637151667385,0.010474170680634422,4.168290796733698e-06,0.09998403864153815,-0.001786616789565986,1.2608698807259336e-10,7.003321533805002e-11,-1.895841697605731e-09,0.1,0.0,1
6,916,world,9.16,0.9060000000000001,1.1808451924505892,1.510050358295164,-0.4399600555540926,0.7057595491646081,0.7074339316840703,0.03648263715176812,0.01047417068028354,5.8851271050820506e-06,0.09998357438886823,-0.0018124066295767474,-1.2702824903065833e-10,-7.055467321492865e-11,1.909996499068615e-09,0.1,0.0,1
6,917,world,9.17,0.9070000000000001,1.1808452599055124,1.5110501916845829,-0.4399783088621084,0.7057595491442533,0.707433931704377,0.03648263715146675,0.010474170681333246,7.606636748527427e-06,0.09998310216124302,-0.0018382666709482348,-1.809032090793748e-10,-1.0048004095430932e-10,2.7200726642872378e-09,0.1,0.0,1
6,918,world,9.18,0.9080000000000001,1.1808453445989975,1.5120500203116218,-0.4399968211215869,0.7057595491453098,0.7074339317033229,0.036482637151482394,0.01047417068127876,9.33283417526971e-06,0.09998262190365455,-0.0018641969233603242,-5.377781553406474e-11,-2.986985658815108e-11,8.086066863831785e-10,0.1,0.0,1
6,919,world,9.19,0.909,1.1808454465778597,1.513049844095707,-0.44001559303459614,0.7057595491385165,0.7074339317101003,0.03648263715138181,0.0104741706816291,1.106371073005265e-05,0.09998213356124275,-0.0018901973802016626,1.3396991849211968e-10,7.441131044671612e-11,-2.0143735149964315e-09,0.1,0.0,1
6,920,world,9.200000000000001,0.9100000000000003,1.1808455658889154,1.5140496629557147,-0.4400346253032215,0.7057595491596015,0.7074339316890653,0.036482637151693996,0.010474170680541744,1.2799277014738734e-05,0.09998163707875023,-0.0019162680479488034,1.2283646322329435e-10,6.822702125485538e-11,-1.8469743692359222e-09,0.1,0.0,1
6,921,world,9.21,0.9110000000000003,1.1808457025789825,1.515049476809965,-0.44005391862956467,0.7057595491516203,0.7074339316970274,0.03648263715157582,0.01047417068095333,1.453951692444872e-05,0.09998113240090727,-0.0019424089257157465,-9.826098268384521e-11,-5.4577176111794874e-11,1.4774463119941153e-09,0.1,0.0,1
6,922,world,9.22,0.9120000000000001,1.1808458566948814,1.5160492855762306,-0.4400734737157439,0.7057595491491192,0.7074339316995226,0.036482637151538794,0.010474170681082315,1.6284440434186384e-05,0.09998061947223195,-0.0019686200155830556,3.6063166342083827e-11,2.0029811143019704e-11,-5.422423632068676e-10,0.1,0.0,1
6,923,world,9.23,0.9130000000000001,1.1808460282834339,1.5170490891717228,-0.44009329126389274,0.7057595491554673,0.7074339316931894,0.03648263715163278,0.010474170680754933,1.803404874032494e-05,0.099980098237077,-0.0019949013202460097,2.7156402127026495e-11,1.5083073678923126e-11,-4.0830988221572615e-10,0.1,0.0,1
6,924,world,9.24,0.9140000000000001,1.1808462173914631,1.5180488875130984,-0.44011337197615946,0.7057595491520161,0.7074339316966326,0.03648263715158169,0.010474170680932919,1.9788336591808578e-05,0.0999795686397082,-0.002021252839111158,8.904127435371826e-11,4.945661935540352e-11,-1.3388210136876234e-09,0.1,0.0,1
6,925,world,9.25,0.9150000000000001,1.1808464240657934,1.5190486805164567,-0.440133716554707,0.7057595491649661,0.7074339316837133,0.03648263715177342,0.010474170680265085,2.1547311795176848e-05,0.09997903062412368,-0.002047674577147136,1.7662191154066407e-10,9.810208201344032e-11,-2.6556874429574363e-09,0.1,0.0,1
6,926,world,9.26,0.9160000000000001,1.180846648353252,1.5200484680973347,-0.44015432570171176,0.7057595491708576,0.7074339316778356,0.03648263715186065,0.010474170679961252,2.331096761824961e-05,0.09997848413432035,-0.002074166531945844,-1.154291939808934e-10,-6.411260411454472e-11,1.735590078773369e-09,0.1,0.0,1
6,927,world,9.27,0.917,1.1808468903006666,1.5210482501707094,-0.44017520011936334,0.7057595491526525,0.7074339316959978,0.036482637151591106,0.010474170680900105,2.5079299589600322e-05,0.09997792911400546,-0.0021007287077658672,-9.089812236240886e-11,-5.0487392044831734e-11,1.366735614656977e-09,0.1,0.0,1
6,928,world,9.28,0.918,1.1808471499548665,1.522048026650993,-0.44019634050986395,0.705759549161161,0.7074339316875095,0.03648263715171708,0.010474170680461319,2.6852322042577372e-05,0.09997736550684881,-0.002127361103047901,-8.743353263617325e-11,-4.856393065466046e-11,1.3146617095729284e-09,0.1,0.0,1
6,929,world,9.290000000000001,0.9190000000000003,1.1808474273626826,1.5230477974520364,-0.4402177475754275,0.7057595491433252,0.7074339317053029,0.03648263715145301,0.01047417068138111,2.8630020245289947e-05,0.09997679325627504,-0.002154063720965708,-2.2865320747909965e-10,-1.2700084039973086e-10,3.43802601405327e-09,0.1,0.0,1
6,930,world,9.3,0.9200000000000002,1.180847722570947,1.5240475624871204,-0.44023942201827915,0.7057595491367689,0.7074339317118437,0.03648263715135593,0.010474170681719222,3.0412404834343572e-05,0.099976212305639,-0.002180836560458239,1.5701814848335403e-10,8.721356969943393e-11,-2.360931925221011e-09,0.1,0.0,1
6,931,world,9.31,0.9210000000000002,1.1808480356264939,1.5250473216689604,-0.44026136454065484,0.7057595491600754,0.7074339316885923,0.036482637151701004,0.010474170680517288,3.219948145960188e-05,0.0999756225980129,-0.002207679626460209,1.8875109808469388e-10,1.0483801327065826e-10,-2.8380594098778557e-09,0.1,0.0,1
6,932,world,9.32,0.9220000000000002,1.1808483665761584,1.5260470749097017,-0.44028357584481326,0.7057595491569043,0.707433931691756,0.036482637151654056,0.010474170680680834,3.399123407683978e-05,0.09997502407648695,-0.002234592916363218,-8.49712661343815e-11,-4.719523383212017e-11,1.2776184407300984e-09,0.1,0.0,1
6,933,world,9.33,0.9230000000000002,1.1808487154667822,1.5270468221209192,-0.44030605663308786,0.705759549151011,0.7074339316976352,0.0364826371515668,0.01047417068098475,3.578766954906523e-05,0.09997441668390927,-0.0022615764313396866,6.63687854673966e-11,3.6863220809202314e-11,-9.979072798128864e-10,0.1,0.0,1
6,934,world,9.34,0.9240000000000002,1.1808490823451967,1.5280465632136166,-0.4403288076076511,0.7057595491639842,0.7074339316846927,0.03648263715175888,0.010474170680315711,3.758879431967696e-05,0.09997380036290743,-0.0022886301754706825,9.012617041559914e-11,5.0058221456875065e-11,-1.3551417854616765e-09,0.1,0.0,1
6,935,world,9.35,0.925,1.1808494672582401,1.5290462980982233,-0.4403518294707748,0.7057595491606254,0.7074339316880436,0.03648263715170915,0.010474170680488937,3.939459783145087e-05,0.09997317505628511,-0.0023157541387274585,-1.4123494040952582e-10,-7.844593030715146e-11,2.123595478067721e-09,0.1,0.0,1
6,936,world,9.36,0.926,1.1808498701198669,1.5300460267312843,-0.4403751209287369,0.7057595491489178,0.7074339316997236,0.03648263715153581,0.010474170681092703,4.116532683212895e-05,0.09997255471562394,-0.0023423511793597587,-5.9932961371516e-11,-3.3288302669905613e-11,9.011493970738045e-10,0.1,0.0,1
6,937,world,9.370000000000001,0.9270000000000003,1.1808502903168379,1.53104574925719,-0.4403986727692658,0.705759549154232,0.7074339316944219,0.03648263715161449,0.010474170680818651,4.286166500060054e-05,0.09997195377136829,-0.002367830655489523,1.0308386089174476e-10,5.725628304808725e-11,-1.5499694843572842e-09,0.1,0.0,1
6,938,world,9.38,0.9280000000000002,1.1808507271051947,1.532045465874229,-0.44042247381675365,0.7057595491599145,0.7074339316887529,0.03648263715169862,0.010474170680525599,4.448360716500382e-05,0.09997137308196237,-0.002392192574979147,-1.6605120056746098e-11,-9.223524721769186e-12,2.496857646854114e-10,0.1,0.0,1
6,939,world,9.39,0.9290000000000002,1.1808511797409764,1.5330451767890838,-0.44044651289571624,0.7057595491524605,0.7074339316961892,0.03648263715158827,0.010474170680910002,4.603114957281296e-05,0.09997081346802895,-0.0024154369529819147,-1.1975039015954526e-10,-6.651346140529306e-11,1.8005537328041177e-09,0.1,0.0,1
6,940,world,9.4,0.9300000000000002,1.1808516474802233,1.5340448822164539,-0.4404707788308025,0.7057595491471399,0.7074339317014973,0.036482637151509484,0.010474170681184395,4.750429656731259e-05,0.09997027571256521,-0.0024375638033709785,1.4731896258446382e-10,8.182621247243551e-11,-2.2150874071178553e-09,0.1,0.0,1
6,941,world,9.41,0.9310000000000002,1.1808521295789738,1.535044582378683,-0.44049526044679926,0.7057595491681761,0.7074339316805108,0.03648263715182094,0.01047417068009954,4.890305503536264e-05,0.09996976056092526,-0.0024585731395435247,1.0443416964545082e-10,5.80060305344076e-11,-1.5702549341096284e-09,0.1,0.0,1
6,942,world,9.42,0.9320000000000002,1.18085262529327,1.5360442775053793,-0.4405199465686361,0.7057595491582805,0.707433931690383,0.036482637151674435,0.010474170680609858,5.022740886916808e-05,0.09996926872081513,-0.002478464975111288,-1.2990997166895824e-10,-7.215651687264962e-11,1.9533317563263613e-09,0.1,0.0,1
6,943,world,9.43,0.933,1.1808531338791537,1.5370439678330394,-0.44054482602138717,0.7057595491543176,0.7074339316943364,0.03648263715161576,0.010474170680814226,5.147736873428833e-05,0.09996880086223407,-0.002497239325234649,1.92353424854918e-10,1.0683884332785583e-10,-2.8922322924206983e-09,0.1,0.0,1
6,944,world,9.44,0.934,1.1808536545926704,1.5380436536046729,-0.44056988763027266,0.7057595491788002,0.7074339316699118,0.03648263715197824,0.010474170679551654,5.265294128637084e-05,0.09996835761752332,-0.0025148962051629578,-7.46347428304178e-12,-4.145642162888909e-12,1.1221269681677269e-10,0.1,0.0,1
6,945,world,9.450000000000001,0.9350000000000003,1.1808541866898667,1.5390433350694224,-0.4405951202206572,0.7057595491535215,0.7074339316951307,0.03648263715160397,0.010474170680855288,5.375410446175986e-05,0.0999679395814876,-0.0025314356259442342,-9.443418269582971e-11,-5.245283374310775e-11,1.4199205288118496e-09,0.1,0.0,1
6,946,world,9.46,0.9360000000000002,1.1808547294267935,1.54004301248219,-0.44062051261804835,0.7057595491687262,0.7074339316799619,0.036482637151829096,0.010474170680071176,5.4780884577490155e-05,0.09996754731098192,-0.0025468576091484227,3.695307948525997e-11,2.0524901223063507e-11,-5.556197537650047e-10,0.1,0.0,1
6,947,world,9.47,0.9370000000000002,1.180855282059504,1.5410426861032613,-0.4406460536480928,0.7057595491574635,0.7074339316911981,0.03648263715166234,0.010474170680651994,5.573326249066022e-05,0.09996718132562635,-0.002561162160582037,-1.6638947164526723e-10,-9.24170462379691e-11,2.5018320314734692e-09,0.1,0.0,1
6,948,world,9.48,0.9380000000000002,1.1808558438440548,1.5420423561979277,-0.44067173213657146,0.7057595491509764,0.70743393169767,0.03648263715156629,0.010474170680986541,5.661124763989041e-05,0.09996684210707317,-0.0025743492976177036,-3.7814890108123197e-11,-2.1002644068346383e-11,5.685760998304364e-10,0.1,0.0,1
6,949,world,9.49,0.9390000000000002,1.1808564140365057,1.543042023036109,-0.4406975369093937,0.7057595491534295,0.7074339316952224,0.036482637151602604,0.01047417068086002,5.741484155879782e-05,0.09996653009943057,-0.0025864190332605605,2.3116925040866905e-11,1.283903539039953e-11,-3.475860116224079e-10,0.1,0.0,1
6,950,world,9.5,0.9400000000000002,1.1808569918929197,1.5440416868919784,-0.4407234567925899,0.7057595491534424,0.7074339316952097,0.036482637151602805,0.010474170680859372,5.814404105736863e-05,0.09996624570929474,-0.0025973713749478976,3.3634553475716155e-11,1.8680890168100065e-11,-5.057215388647451e-10,0.1,0.0,1
6,951,world,9.51,0.9410000000000001,1.180857576669363,1.5450413480435858,-0.44074948061230407,0.7057595491570176,0.7074339316916429,0.036482637151655735,0.010474170680674988,5.879884828478649e-05,0.09996598930545268,-0.0026072063358243743,-2.3330296028413345e-11,-1.2958384365547453e-11,3.5080238952429025e-10,0.1,0.0,1
6,952,world,9.52,0.9420000000000001,1.1808581676219043,1.5460410067724824,-0.4407755971947842,0.7057595491509535,0.7074339316976926,0.03648263715156595,0.010474170680987719,5.937926009083125e-05,0.09996576121899961,-0.0026159239303592354,-1.7363679938320313e-10,-9.644195164693051e-11,2.6107891076907593e-09,0.1,0.0,1
6,953,world,9.53,0.9430000000000001,1.180858764006616,1.5470406633633405,-0.44080179536637265,0.7057595491384946,0.707433931710122,0.03648263715138148,0.010474170681630228,5.9885277187417394e-05,0.09996556174369603,-0.002623524160527847,1.0928584426305669e-10,6.070074998198662e-11,-1.6432141183765392e-09,0.1,0.0,1
6,954,world,9.540000000000001,0.9440000000000002,1.1808593650795716,1.5480403181035822,-0.4408280639534959,0.7057595491626117,0.707433931686062,0.036482637151738564,0.010474170680386497,6.0316912155551595e-05,0.09996539113540431,-0.0026300070372033057,8.806289031326244e-11,4.891261007333449e-11,-1.3241075174241724e-09,0.1,0.0,1
6,955,world,9.55,0.9450000000000002,1.1808599700968476,1.549039971283002,-0.44085439178265284,0.705759549147889,0.7074339317007501,0.03648263715152058,0.010474170681145764,6.0674143868447173e-05,0.09996524961245602,-0.002635372567138935,-1.601486304680931e-10,-8.895072178827227e-11,2.4079793822968915e-09,0.1,0.0,1
6,956,world,9.56,0.9460000000000002,1.1808605783145216,1.5500396231933877,-0.4408807676804036,0.7057595491455276,0.7074339317031056,0.036482637151485614,0.010474170681267532,6.0956986951105827e-05,0.09996513735554047,-0.0026396207556523598,4.29749985597638e-11,2.386910114005045e-11,-6.461586474215681e-10,0.1,0.0,1
6,957,world,9.57,0.9470000000000002,1.180861188988674,1.5510392741281465,-0.44090718047335803,0.7057595491524732,0.7074339316961764,0.036482637151588455,0.010474170680909342,6.116544074227666e-05,0.09996505450769252,-0.0026427516082529906,1.2326077658553195e-10,6.846120892411982e-11,-1.853341010391375e-09,0.1,0.0,1
6,958,world,9.58,0.9480000000000002,1.1808618013753849,1.5520389243819264,-0.44093361898816436,0.7057595491586767,0.7074339316899877,0.036482637151680306,0.010474170680589437,6.12995022608044e-05,0.09996500117444296,-0.002644765124664766,1.8848742011635587e-10,1.0469160260929161e-10,-2.8340929592291806e-09,0.1,0.0,1
6,959,world,9.59,0.9490000000000001,1.1808624147307343,1.5530385742502457,-0.4409600720514778,0.7057595491725805,0.7074339316761168,0.03648263715188616,0.010474170679872405,6.135917423823119e-05,0.09996497742348578,-0.002645661311225699,2.6546820297569722e-11,1.474584343519406e-11,-3.9915835936025456e-10,0.1,0.0,1
6,960,world,9.6,0.9500000000000001,1.1808630283108028,1.5540382240291093,-0.44098652848997694,0.7057595491615086,0.7074339316871625,0.03648263715172223,0.010474170680443389,6.134444760284966e-05,0.09996498328495085,-0.0026454401709826054,-2.0069987338722205e-10,-1.1147471834505029e-10,3.017718849330008e-09,0.1,0.0,1
6,961,world,9.61,0.9510000000000001,1.1808636414973828,1.5550378739646062,-0.44101297901845044,0.7057595491511706,0.7074339316974763,0.03648263715156917,0.01047417068097653,6.129293855641509e-05,0.09996500378579909,-0.002644666572719202,-3.651697000339532e-11,-2.028273382581488e-11,5.490616587690674e-10,0.1,0.0,1
6,962,world,9.620000000000001,0.9520000000000002,1.180864254170993,1.5560375241042503,-0.441039421842357,0.7057595491576131,0.7074339316910487,0.036482637151664554,0.010474170680644285,6.124185254144086e-05,0.09996502411421343,-0.00264389925682235,-1.3016566990930274e-10,-7.229702947419572e-11,1.957160833138711e-09,0.1,0.0,1
6,963,world,9.63,0.9530000000000002,1.180864866335817,1.5570371744463163,-0.4410658570245239,0.7057595491372849,0.707433931711329,0.03648263715136357,0.010474170681692617,6.119117726942981e-05,0.0999650442703362,-0.002643138223693597,1.6637281829989785e-10,9.240837262058923e-11,-2.501572446368322e-09,0.1,0.0,1
6,964,world,9.64,0.9540000000000002,1.1808654779960377,1.5580368249890824,-0.4410922846277788,0.7057595491753613,0.7074339316733428,0.03648263715192734,0.010474170679729005,6.114093686799394e-05,0.09996506425427991,-0.002642383473973775,2.253780495564681e-10,1.2518146241813342e-10,-3.388786251395586e-09,0.1,0.0,1
6,965,world,9.65,0.9550000000000002,1.1808660891558378,1.5590364757308286,-0.4411187047149492,0.7057595491613275,0.7074339316873431,0.036482637151719545,0.010474170680452732,6.109110010722637e-05,0.09996508406619856,-0.002641635007972478,-1.6575907313409723e-10,-9.206697904051698e-11,2.49234431378732e-09,0.1,0.0,1
6,966,world,9.66,0.9560000000000002,1.180866699819401,1.5600361266698342,-0.44114511734886347,0.7057595491576787,0.7074339316909836,0.036482637151665526,0.010474170680640906,6.104168438990575e-05,0.09996510370633002,-0.002640892821651821,9.845631254724026e-11,5.4685769801391054e-11,-1.4803768562562358e-09,0.1,0.0,1
6,967,world,9.67,0.9570000000000001,1.1808673099909104,1.5610357778043815,-0.4411715225923498,0.7057595491718305,0.7074339316768651,0.03648263715187505,0.010474170679911084,6.0992692171720834e-05,0.09996512317467107,-0.0026401569204016866,4.332159631026635e-11,2.406165544588521e-11,-6.513786146751875e-10,0.1,0.0,1
6,968,world,9.68,0.9580000000000001,1.1808679196745493,1.5620354291327563,-0.441197920508237,0.7057595491623,0.707433931686373,0.03648263715173395,0.01047417068040258,6.094411164132393e-05,0.09996514247140051,-0.0026394273030062136,-1.0242327819209854e-10,-5.688921556057375e-11,1.5400376015672195e-09,0.1,0.0,1
6,969,world,9.69,0.9590000000000001,1.1808685288745004,1.5630350806532394,-0.4412243111593535,0.7057595491609042,0.7074339316877654,0.03648263715171328,0.010474170680474553,6.089595173134399e-05,0.09996516159667668,-0.0026387039685011014,-7.212806740763559e-11,-4.006170395420612e-11,1.0845154418611612e-09,0.1,0.0,1
6,970,world,9.700000000000001,0.9600000000000002,1.1808691375949476,1.564034732364119,-0.44125069460852867,0.7057595491546056,0.7074339316940492,0.03648263715162003,0.01047417068079938,6.084820865249662e-05,0.09996518055067953,-0.0026379869153485315,-1.1890835538429952e-10,-6.604543301147085e-11,1.7878998032505273e-09,0.1,0.0,1
6,971,world,9.71,0.9610000000000002,1.1808697458400734,1.5650343842636827,-0.4412770709185917,0.7057595491482196,0.7074339317004202,0.03648263715152548,0.010474170681128714,6.080088389805236e-05,0.09996519933349184,-0.002637276145526422,4.5470571752304016e-11,2.5256532976136696e-11,-6.836960685097086e-10,0.1,0.0,1
6,972,world,9.72,0.9620000000000002,1.1808703536140617,1.5660340363502185,-0.44130344015237205,0.7057595491594563,0.70743393168921,0.03648263715169184,0.010474170680549226,6.075398243104856e-05,0.09996521794526304,-0.0026365716583624374,9.931708233601443e-11,5.516316570197682e-11,-1.493328144518481e-09,0.1,0.0,1
6,973,world,9.73,0.9630000000000002,1.180870960921095,1.567033688622018,-0.4413298023726995,0.7057595491588144,0.7074339316898505,0.036482637151682346,0.010474170680582335,6.070749596855588e-05,0.09996523638610816,-0.0026358734547491775,1.4158917094331248e-10,7.864299489401811e-11,-2.128941147721065e-09,0.1,0.0,1
6,974,world,9.74,0.9640000000000002,1.1808715677653574,1.5680333410773721,-0.44135615764240405,0.7057595491745606,0.7074339316741414,0.03648263715191547,0.010474170679770292,6.066143252293774e-05,0.09996525465614697,-0.0026351815349787717,-4.008425535939826e-11,-2.2263441090687554e-11,6.026894640906078e-10,0.1,0.0,1
6,975,world,9.75,0.9650000000000001,1.1808721741510317,1.5690329937145737,-0.441382506024316,0.7057595491545384,0.7074339316941163,0.03648263715161903,0.01047417068080285,6.061577716190777e-05,0.09996527275559237,-0.0026344958962922424,-2.530250314825149e-10,-1.4053688768279273e-10,3.804477425369892e-09,0.1,0.0,1
6,976,world,9.76,0.9660000000000001,1.1808727800823011,1.5700326465319165,-0.4414088475812654,0.7057595491475687,0.7074339317010694,0.036482637151515826,0.01047417068116227,6.0570543878739217e-05,0.09996529068449136,-0.002633816541515509,1.1207978989347101e-10,6.225193971420844e-11,-1.6852174712124456e-09,0.1,0.0,1
6,977,world,9.77,0.9670000000000001,1.1808733855633493,1.571032299527696,-0.4414351823760831,0.7057595491664946,0.7074339316821883,0.03648263715179605,0.010474170680186256,6.052573621831896e-05,0.09996530844300479,-0.0026331434693485575,2.0073179229918005e-10,1.1149067780102929e-10,-3.0181891708114217e-09,0.1,0.0,1
6,978,world,9.78,0.9680000000000001,1.1808739905983592,1.5720319527002093,-0.4414615104715999,0.7057595491689821,0.7074339316797067,0.036482637151832885,0.010474170680057977,6.0481342422453896e-05,0.09996532603118316,-0.002632476682987989,-1.2631527768202486e-10,-7.015846237301161e-11,1.8992659170639532e-09,0.1,0.0,1
6,979,world,9.790000000000001,0.9690000000000002,1.1808745951915145,1.573031606047754,-0.4414878319306469,0.7057595491530197,0.7074339316956313,0.03648263715159654,0.01047417068088116,6.043736143882935e-05,0.0999653434493447,-0.002631816175172924,4.359568261946588e-11,2.4215698890549277e-11,-6.555111488337392e-10,0.1,0.0,1
6,980,world,9.8,0.9700000000000002,1.1808751993469981,1.5740312595686288,-0.4415141468160551,0.7057595491736328,0.707433931675067,0.03648263715190173,0.010474170679818135,6.039380936114277e-05,0.09996536069739358,-0.0026311619539270362,1.6304596561766953e-10,9.055985128458833e-11,-2.4515521665664757e-09,0.1,0.0,1
6,981,world,9.81,0.9710000000000002,1.180875803068994,1.5750309132611366,-0.44154045519065593,0.7057595491704131,0.7074339316782793,0.03648263715185407,0.010474170679984188,6.0350668864111365e-05,0.09996537777556048,-0.0026305140155960284,-1.483493883291941e-10,-8.239797733011749e-11,2.2305811223696077e-09,0.1,0.0,1
6,982,world,9.82,0.9720000000000002,1.1808764063616848,1.576030567123576,-0.44156675711728094,0.7057595491578074,0.707433931690855,0.03648263715166743,0.01047417068063426,6.0307943861680325e-05,0.09996539468403348,-0.0026298723576092865,-2.304781365758527e-10,-1.2801461279910585e-10,3.4654692147603554e-09,0.1,0.0,1
6,983,world,9.83,0.9730000000000001,1.1808770092292544,1.5770302211542515,-0.4415930526587598,0.7057595491458263,0.7074339317028078,0.03648263715149004,0.010474170681252136,6.0265637580103344e-05,0.09996541142277586,-0.0026292369859108695,1.4496598366165694e-10,8.051857791624868e-11,-2.1797100582811112e-09,0.1,0.0,1
6,984,world,9.84,0.9740000000000001,1.180877611675886,1.5780298753514663,-0.4416193418779266,0.705759549173272,0.7074339316754271,0.0364826371518964,0.010474170679836747,6.0223760743953654e-05,0.09996542799199942,-0.002628607896781566,7.72874819698898e-11,4.292781408121722e-11,-1.1620938640630867e-09,0.1,0.0,1
6,985,world,9.85,0.9750000000000001,1.180878213705763,1.5790295297135273,-0.44164562483761377,0.7057595491540711,0.7074339316945826,0.03648263715161212,0.01047417068082695,6.018228900343105e-05,0.09996544439184213,-0.0026279850900668136,-8.92085016968024e-11,-4.954890664432548e-11,1.34133605373017e-09,0.1,0.0,1
6,986,world,9.86,0.9760000000000001,1.1808788153226302,1.5800291842389134,-0.44167190159407255,0.7057595491637555,0.7074339316849211,0.036482637151755495,0.010474170680327518,6.014111279265105e-05,0.09996546067417102,-0.002627366599338867,0.0,0.0,0.0,0.1,0.0,1
6,987,world,9.870000000000001,0.9770000000000002,1.1808794165284953,1.5810288389267917,-0.44169817217744656,0.7057595491536238,0.7074339316950287,0.03648263715160549,0.010474170680850015,6.010008828032788e-05,0.09996547689048293,-0.002626750471154957,6.071879110613676e-11,3.3725106041158396e-11,-9.129627175779625e-10,0.1,0.0,1
6,988,world,9.88,0.9780000000000002,1.1808800173249343,1.582028493776502,-0.4417244366114056,0.7057595491702328,0.7074339316784591,0.0364826371518514,0.01047417067999348,6.005922926295212e-05,0.09996549304056432,-0.002626136714999299,-2.0525942057147946e-11,-1.140025573942437e-11,3.086371869881473e-10,0.1,0.0,1
6,989,world,9.89,0.9790000000000002,1.1808806177135227,1.5830281487873836,-0.44175069491961944,0.7057595491514341,0.7074339316972131,0.036482637151573065,0.010474170680962932,6.001851763016037e-05,0.09996550912468156,-0.0026255253228162747,-1.5193714342220928e-10,-8.439117460401483e-11,2.2845194865613716e-09,0.1,0.0,1
6,990,world,9.9,0.9800000000000002,1.180881217695837,1.5840278039587754,-0.44177694712575816,0.7057595491540245,0.7074339316946289,0.03648263715161142,0.010474170680829346,5.997796968940244e-05,0.0999655251427711,-0.0026249162983137194,-1.5627395211215995e-10,-8.679966467806585e-11,2.3497302465304877e-09,0.1,0.0,1
6,991,world,9.91,0.9810000000000001,1.1808818172734523,1.5850274592900182,-0.4418031932534913,0.7057595491347634,0.7074339317138445,0.03648263715132624,0.010474170681822657,5.9937573154932775e-05,0.0999655410949068,-0.002624309640614968,8.483838631612637e-11,4.7122028501436566e-11,-1.275629217057234e-09,0.1,0.0,1
6,992,world,9.92,0.9820000000000001,1.180882416447946,1.5860271147804548,-0.44182943332648916,0.7057595491630748,0.7074339316856,0.03648263715174542,0.010474170680362617,5.989734778526532e-05,0.09996555698107004,-0.0026237053516294756,1.3862626324634404e-10,7.699674231531609e-11,-2.084370962504923e-09,0.1,0.0,1
6,993,world,9.93,0.9830000000000001,1.1808830152208922,1.5870267704294216,-0.44185566736842125,0.7057595491495515,0.7074339316990914,0.036482637151545205,0.010474170681060022,5.985726813546079e-05,0.09996557280138335,-0.002623103428913639,3.2942745753494736e-11,1.8297863224603348e-11,-4.953307349789961e-10,0.1,0.0,1
6,994,world,9.94,0.9840000000000001,1.1808836135938685,1.5880264262362627,-0.44188189540295764,0.7057595491665892,0.7074339316820941,0.036482637151797455,0.010474170680181388,5.9817354753849974e-05,0.09996558855584717,-0.0026225038736192516,3.909511603339189e-11,2.1715962361666834e-11,-5.878434186905673e-10,0.1,0.0,1
6,995,world,9.950000000000001,0.9850000000000002,1.18088421156845,1.5890260822003197,-0.4419081174537682,0.7057595491537221,0.7074339316949306,0.03648263715160694,0.01047417068084494,5.9777590401826895e-05,0.09996560424456996,-0.002621906683637253,-4.0902004005969235e-11,-2.2717591696695784e-11,6.150016585402748e-10,0.1,0.0,1
6,996,world,9.96,0.9860000000000002,1.1808848091462134,1.5900257383209346,-0.4419343335445229,0.7057595491622258,0.707433931686447,0.03648263715173284,0.0104741706804064,5.9737989793784844e-05,0.09996561986750085,-0.002621311862197358,-2.7957150483537393e-11,-1.552924455694436e-11,4.2036295776724756e-10,0.1,0.0,1
6,997,world,9.97,0.9870000000000002,1.1808854063287337,1.59102539459745,-0.4419605436988915,0.7057595491507397,0.7074339316979059,0.03648263715156279,0.010474170680998752,5.9698541027168714e-05,0.09996563542477081,-0.0026207194061953166,-2.1252444248887043e-11,-1.180548714341255e-11,3.195577049502904e-10,0.1,0.0,1
6,998,world,9.98,0.9880000000000002,1.1808860031175878,1.59202505102921,-0.4419867479405441,0.7057595491599586,0.7074339316887088,0.03648263715169928,0.010474170680523323,5.965925587411448e-05,0.09996565091631093,-0.0026201293196046697,0.0,0.0,0.0,0.1,0.0,1
6,999,world,9.99,0.9890000000000001,1.1808865995143514,1.5930247076155577,-0.4420129462931507,0.7057595491510877,0.7074339316975589,0.03648263715156794,0.0104741706809808,5.9620123022388095e-05,0.09996566634230473,-0.0026195415972904354,-1.8926769873585024e-10,-1.0512389569950503e-10,2.84581155841049e-09,0.1,0.0,1
6,1000,world,10.0,0.9900000000000001,1.1808871955205997,1.5940243643558367,-0.44203913878038087,0.7057595491397682,0.7074339317088515,0.036482637151400335,0.010474170681564551,5.9581147121806665e-05,0.09996568170270204,-0.002618956242660732,7.077116670473055e-11,3.9308833965634416e-11,-1.0641032055069128e-09,0.1,0.0,1
6,1001,world,10.01,0.9910000000000001,1.1808877911379099,1.595024021249393,-0.442065325425905,0.7057595491586373,0.707433931690027,0.03648263715167971,0.010474170680591456,5.954233752044632e-05,0.09996569699749225,-0.0026183732575042126,2.3162756435102218e-10,1.2865195020417262e-10,-3.4827409131545745e-09,0.1,0.0,1
6,1002,world,10.02,0.9920000000000001,1.1808883863678572,1.5960236782955692,-0.44209150625339283,0.7057595491644775,0.7074339316842007,0.03648263715176618,0.010474170680290284,5.95036816501754e-05,0.09996571222686106,-0.002617792636607054,8.11340578055208e-11,4.506360562483987e-11,-1.2199324449929652e-09,0.1,0.0,1
6,1003,world,10.03,0.9930000000000001,1.1808889812120174,1.5970233354937122,-0.44211768128651435,0.7057595491672924,0.7074339316813923,0.03648263715180786,0.010474170680145114,5.946518263196508e-05,0.09996572739073314,-0.0026172143843563363,0.0,0.0,0.0,0.1,0.0,1
6,1004,world,10.040000000000001,0.9940000000000002,1.1808895756719675,1.5980229928431668,-0.44214385054893957,0.7057595491648497,0.7074339316838293,0.0364826371517717,0.010474170680271086,5.942683963953925e-05,0.09996574248922693,-0.002616638497825484,-2.1184928811200842e-10,-1.1766733420958577e-10,3.1853688089998195e-09,0.1,0.0,1
6,1005,world,10.05,0.9950000000000002,1.1808901697492826,1.5990226503432796,-0.4421700140643385,0.7057595491446931,0.7074339317039384,0.03648263715147326,0.010474170681310577,5.938864910635446e-05,0.099965757522403,-0.0026160649763506097,-9.007551649009563e-11,-5.003115977064704e-11,1.3543682180535548e-09,0.1,0.0,1
6,1006,world,10.06,0.9960000000000002,1.1808907634455388,1.6000223079933966,-0.44219617185638105,0.7057595491552408,0.7074339316934155,0.03648263715162943,0.010474170680766628,5.935062511657432e-05,0.09996577249013959,-0.0026154938258296265,1.5621982873970948e-10,8.676913354488864e-11,-2.3489069305057565e-09,0.1,0.0,1
6,1007,world,10.07,0.9970000000000001,1.180891356762312,1.6010219657928648,-0.44222232394873695,0.7057595491613581,0.7074339316873128,0.03648263715172,0.010474170680451152,5.931275741069993e-05,0.09996578739261101,-0.002614925041393074,-2.912600716165219e-11,-1.6176643358179807e-11,4.3794015180782415e-10,0.1,0.0,1
6,1008,world,10.08,0.9980000000000001,1.1808919497011792,1.6020216237410316,-0.44224847036507486,0.7057595491521337,0.7074339316965153,0.036482637151583425,0.010474170680926854,5.927504280583412e-05,0.09996580222989798,-0.0026143586215789036,-1.1856175763380592e-10,-6.585357259503149e-11,1.7826928030550258e-09,0.1,0.0,1
6,1009,world,10.09,0.9990000000000001,1.1808925422637147,1.6030212818372431,-0.4422746111290662,0.7057595491487102,0.7074339316999306,0.03648263715153274,0.01047417068110341,5.92374877018944e-05,0.09996581700187168,-0.002613794572715017,-8.52633935677407e-11,-4.735760394947422e-11,1.282014365543566e-09,0.1,0.0,1
6,1010,world,10.1,1.0,1.1808931344514955,1.6040209400808505,-0.4423007462643814,0.7057595491430381,0.7074339317055893,0.036482637151448755,0.010474170681395922,5.92000892248662e-05,0.09996583170880882,-0.002613232885823331,1.416207429105752e-10,7.866034212877782e-11,-2.1294062867160936e-09,0.1,0.0,1
6,1011,world,10.11,1.0010000000000001,1.1808937262599823,1.6050205984736066,-0.44232687570284324,0.705759549163818,0.7074339316848588,0.03648263715175643,0.0104741706803243,5.916102651466211e-05,0.09996584706978379,-0.0026126460903737447,2.2935715826563822e-10,1.2739150012651373e-10,-3.4485980369109182e-09,0.1,0.0,1
6,1012,world,10.120000000000001,1.0020000000000002,1.1808943176603752,1.6060202570267972,-0.4423529990118905,0.7057595491675052,0.7074339316811802,0.03648263715181101,0.010474170680134141,5.9118477420374825e-05,0.0999658637957001,-0.0026120070032762226,-1.0634965130762441e-10,-5.90683751910958e-11,1.5990627008286e-09,0.1,0.0,1
6,1013,world,10.13,1.0030000000000001,1.1808949086178593,1.6070199157540683,-0.4423791156686104,0.7057595491524729,0.7074339316961769,0.03648263715158844,0.01047417068090936,5.907244149917979e-05,0.09996588188554373,-0.0026113156247717303,-3.352654959209997e-10,-1.8621666708629177e-10,5.041048871737282e-09,0.1,0.0,1
6,1014,world,10.14,1.0040000000000002,1.180895499097619,1.608019574669052,-0.4424052251500892,0.70575954913174,0.7074339317168606,0.03648263715128148,0.01047417068197856,5.902292230490949e-05,0.09996590133827254,-0.002610571952925664,5.7331570046947837e-11,3.184293106972544e-11,-8.620375355379566e-10,0.1,0.0,1
6,1015,world,10.15,1.0050000000000001,1.1808960890648392,1.6090192337853713,-0.4424313269334131,0.7057595491585889,0.7074339316900754,0.036482637151679,0.010474170680593965,5.896993528544426e-05,0.09996592215255559,-0.002609775993438606,2.6641258643603383e-10,1.4797295333492352e-10,-4.005783454507941e-09,0.1,0.0,1
6,1016,world,10.16,1.006,1.1808966784847044,1.6100188931166353,-0.44245742049566766,0.7057595491601601,0.7074339316885078,0.03648263715170227,0.010474170680512932,5.8913459561971875e-05,0.09996594432725855,-0.002608927742143677,-2.7412447312080672e-11,-1.5225321003953224e-11,4.1217957866268543e-10,0.1,0.0,1
6,1017,world,10.17,1.0070000000000001,1.1808972673223992,1.6110185526764453,-0.44248350531393804,0.7057595491556645,0.7074339316929927,0.0364826371516357,0.010474170680744766,5.88535004800152e-05,0.09996596786107492,-0.0026080271977147163,-6.44460179666239e-11,-3.5796365871476584e-11,9.690069330704063e-10,0.1,0.0,1
6,1018,world,10.18,1.008,1.1808978555431084,1.6120182124783815,-0.4425095808653085,0.7057595491532852,0.7074339316953664,0.03648263715160048,0.010474170680867477,5.879006047189576e-05,0.09996599275253705,-0.002607074361904628,-7.117778588749952e-11,-3.95343480175114e-11,1.0702303897703455e-09,0.1,0.0,1
6,1019,world,10.19,1.0090000000000001,1.1808984431120169,1.6130178725360154,-0.44253564662686307,0.7057595491480715,0.7074339317005678,0.03648263715152328,0.010474170681136341,5.872313804596596e-05,0.09996601900017954,-0.00260606923330911,6.628794735340874e-11,3.6820199666994005e-11,-9.967108572944273e-10,0.1,0.0,1
6,1020,world,10.200000000000001,1.0100000000000002,1.1808990299943085,1.6140175328629018,-0.4425617020756847,0.7057595491603567,0.7074339316883117,0.03648263715170517,0.010474170680502791,5.865273923103097e-05,0.09996604660230492,-0.0026050118160924865,4.960892807659429e-11,2.7554694637110773e-11,-7.459327589203612e-10,0.1,0.0,1
6,1021,world,10.21,1.0110000000000001,1.1808996161551686,1.6150171934725746,-0.44258774668885553,0.7057595491533637,0.7074339316952881,0.03648263715160163,0.010474170680863424,5.857885320916088e-05,0.09996607555741616,-0.0026039021039441744,-1.3591038017235478e-10,-7.548892066999708e-11,2.043550636869616e-09,0.1,0.0,1
6,1022,world,10.22,1.0120000000000002,1.180900201559781,1.6160168543785547,-0.4426137799434572,0.7057595491458583,0.707433931702776,0.03648263715149051,0.010474170681250486,5.850148547475535e-05,0.09996610586368682,-0.002602740099656198,-5.4604931687407485e-11,-3.032955830928327e-11,8.210435803457364e-10,0.1,0.0,1
6,1023,world,10.23,1.0130000000000001,1.1809007861733305,1.6170165155943461,-0.4426398013165703,0.7057595491475386,0.7074339317010995,0.03648263715151539,0.010474170681163825,5.842063896230308e-05,0.09996613751920819,-0.002601525806080652,9.156217450900774e-12,5.085862286868797e-12,-1.3767610098844292e-10,0.1,0.0,1
6,1024,world,10.24,1.0140000000000002,1.1809013699610016,1.6180161771334327,-0.4426658102852745,0.7057595491468349,0.7074339317018015,0.03648263715150497,0.010474170681200112,5.833631010979314e-05,0.09996617052218137,-0.0026002592188244158,1.4747404686321617e-10,8.191294864623436e-11,-2.217418262895341e-09,0.1,0.0,1
6,1025,world,10.25,1.0150000000000001,1.1809019528879783,1.6190158390092746,-0.44269180632664856,0.7057595491632707,0.7074339316854046,0.03648263715174831,0.010474170680352508,5.824850463623281e-05,0.09996620487052871,-0.0025989403408298497,8.047451593996335e-11,4.469757897141373e-11,-1.210013453366779e-09,0.1,0.0,1
6,1026,world,10.26,1.016,1.180902534919445,1.6200155012353183,-0.44271778891777,0.7057595491554197,0.707433931693237,0.03648263715163207,0.010474170680757396,5.8157210619796105e-05,0.09996624056225878,-0.0025975691689469273,-1.0527134719495723e-10,-5.847163031535978e-11,1.582849736697643e-09,0.1,0.0,1
6,1027,world,10.27,1.0170000000000001,1.180903116020587,1.6210151638249877,-0.44274375753571577,0.7057595491520408,0.7074339316966081,0.036482637151582044,0.010474170680931653,5.806243626643855e-05,0.09996627759517625,-0.0025961457042427906,3.908331991375744e-11,2.1707635688983357e-11,-5.876463486827184e-10,0.1,0.0,1
6,1028,world,10.28,1.018,1.180903696156587,1.6220148267916854,-0.4427697116575612,0.7057595491595889,0.7074339316890776,0.03648263715169381,0.010474170680542383,5.796418348590799e-05,0.09996631596700292,-0.0025946699479451004,-8.856006206148229e-11,-4.918947194010311e-11,1.331590881396143e-09,0.1,0.0,1
6,1029,world,10.290000000000001,1.0190000000000001,1.1809042752926304,1.6230144901487842,-0.4427956507603806,0.7057595491425933,0.707433931706033,0.03648263715144217,0.010474170681418855,5.786244217854012e-05,0.09996635567544493,-0.0025931418989759264,-1.0211553824744891e-10,-5.6718171825836143e-11,1.5354068168790485e-09,0.1,0.0,1
6,1030,world,10.3,1.0200000000000002,1.180904853393901,1.6240141539096407,-0.4428215743212471,0.7057595491486955,0.7074339316999452,0.03648263715153252,0.010474170681104162,5.7757225763147e-05,0.09996639671810614,-0.0025915615564929845,3.2555208528961507e-10,1.8082202402069904e-10,-4.894999390634558e-09,0.1,0.0,1
6,1031,world,10.31,1.0210000000000001,1.1809054304255824,1.6250138180875844,-0.4428474818172325,0.7057595491773223,0.7074339316713862,0.036482637151956356,0.010474170679627868,5.7648534316946354e-05,0.09996643909240177,-0.00258992892404743,1.1069964389598384e-11,6.148900832947383e-12,-1.6643458529766435e-10,0.1,0.0,1
6,1032,world,10.32,1.0220000000000002,1.1809060063528587,1.6260134826959218,-0.4428733727254065,0.7057595491498765,0.7074339316987672,0.03648263715155001,0.010474170681043261,5.753634526530742e-05,0.0999664827959067,-0.002588243996354952,-1.3082035454914363e-10,-7.266305612763083e-11,1.9670279727962405e-09,0.1,0.0,1
6,1033,world,10.33,1.0230000000000001,1.1809065811409138,1.6270131477479275,-0.44289924652283297,0.7057595491633667,0.7074339316853089,0.03648263715174974,0.010474170680347564,5.742068621678546e-05,0.09996652782587981,-0.002586506776019253,8.064694745347543e-11,4.479368265198285e-11,-1.2126087894222205e-09,0.1,0.0,1
6,1034,world,10.34,1.024,1.1809071547549324,1.6280128132568517,-0.44292510268658536,0.7057595491584797,0.7074339316901844,0.036482637151677384,0.010474170680599595,5.730154031952405e-05,0.09996657417962274,-0.0025847172618033327,-9.314042592745143e-11,-5.173396433466587e-11,1.4004602870171923e-09,0.1,0.0,1
6,1035,world,10.35,1.0250000000000001,1.1809077271600972,1.6290124792359246,-0.44295094069372987,0.7057595491534308,0.7074339316952214,0.036482637151602645,0.010474170680859972,5.717891266601112e-05,0.09996662185433382,-0.0025828754527805493,1.8364303133733252e-10,1.0200035260865537e-10,-2.761241425395727e-09,0.1,0.0,1
6,1036,world,10.36,1.026,1.1809082982987869,1.6300121457071917,-0.44297675967878425,0.70575954917807,0.7074339316706403,0.03648263715196744,0.010474170679589306,5.7045988687448324e-05,0.09996667349680698,-0.0025808788692937472,-1.0299712471795165e-10,-5.7206323011982305e-11,1.5486476521737302e-09,0.1,0.0,1
6,1037,world,10.370000000000001,1.0270000000000001,1.1809088680228976,1.6310118127277833,-0.44300255741728317,0.7057595491424433,0.7074339317061826,0.03648263715143995,0.010474170681426592,5.689599381713904e-05,0.09996673171645554,-0.00257862614120202,-1.5224800586908744e-10,-8.456291222812715e-11,2.289211143780092e-09,0.1,0.0,1
6,1038,world,10.38,1.0280000000000002,1.1809094361618917,1.6320114803633872,-0.4430283313477886,0.7057595491618286,0.7074339316868432,0.03648263715172697,0.010474170680426878,5.6728960758630506e-05,0.0999667964958233,-0.002576117269780806,1.8873028140298208e-10,1.0482725798510716e-10,-2.8377456255061046e-09,0.1,0.0,1
6,1039,world,10.39,1.0290000000000001,1.1809100025452317,1.6330111486795011,-0.4430540789088583,0.7057595491625765,0.7074339316860971,0.03648263715173804,0.010474170680388313,5.6544868628138153e-05,0.0999668678155692,-0.0025733522538410013,-5.864059238191995e-11,-3.257082104024531e-11,8.817147261874069e-10,0.1,0.0,1
6,1040,world,10.4,1.0300000000000002,1.1809105670023794,1.6340108177414265,-0.44307979753904675,0.705759549155573,0.707433931693084,0.03648263715163435,0.010474170680749484,5.634372048070861e-05,0.09996694565434744,-0.0025703310926632255,-9.547224122385945e-11,-5.302910888183016e-11,1.4355204362454648e-09,0.1,0.0,1
6,1041,world,10.41,1.0310000000000001,1.1809111293627967,1.6350104876142408,-0.443105484676905,0.7057595491523918,0.7074339316962577,0.03648263715158725,0.010474170680913546,5.6125519763316224e-05,0.0999670299887577,-0.002567053788460935,1.5077175619106482e-11,8.375591886712143e-12,-2.2670688568616756e-10,0.1,0.0,1
6,1042,world,10.42,1.032,1.1809116894559464,1.6360101583627713,-0.44313113776098056,0.7057595491571815,0.7074339316914794,0.03648263715165816,0.010474170680666535,5.589026729237489e-05,0.09996712079362802,-0.002563520335438852,-8.554303099206343e-11,-4.7512688228223926e-11,1.2862104014233617e-09,0.1,0.0,1
6,1043,world,10.43,1.0330000000000001,1.1809122471112898,1.637009830051591,-0.4431567542298177,0.7057595491432664,0.7074339317053615,0.036482637151452134,0.010474170681384148,5.563795585628056e-05,0.09996721804154718,-0.0025597307381120347,3.5078884241812564e-11,1.948129157991472e-11,-5.2743332162701e-10,0.1,0.0,1
6,1044,world,10.44,1.034,1.1809128021582902,1.6380095027449817,-0.4431823315219575,0.7057595491609235,0.7074339316877462,0.03648263715171358,0.01047417068047357,5.536859968271115e-05,0.09996732170323833,-0.00255568499612659,1.5900128436108198e-10,8.831303743850317e-11,-2.390722391104949e-09,0.1,0.0,1
6,1045,world,10.450000000000001,1.0350000000000001,1.1809133544264097,1.6390091765069303,-0.4432078670759389,0.7057595491602282,0.70743393168844,0.03648263715170328,0.010474170680509423,5.508218457388452e-05,0.09996743174749693,-0.0025513831077452294,-4.9324086481833415e-11,-2.7395100077317863e-11,7.416264271534052e-10,0.1,0.0,1
6,1046,world,10.46,1.0360000000000003,1.1809139037451106,1.6400088514010969,-0.44323335833029714,0.7057595491556619,0.7074339316929954,0.03648263715163567,0.010474170680744911,5.4778714540555586e-05,0.09996754814113183,-0.002546825071127646,-7.803792334559735e-11,-4.334449466014684e-11,1.1733703147564347e-09,0.1,0.0,1
6,1047,world,10.47,1.0370000000000001,1.1809144499438569,1.6410085274907993,-0.4432588027235657,0.7057595491519034,0.7074339316967452,0.036482637151580025,0.01047417068093874,5.44581911604515e-05,0.09996767084884554,-0.002542010889491634,8.076941893087045e-11,4.4861683812236176e-11,-1.2144455417435047e-09,0.1,0.0,1
6,1048,world,10.48,1.0380000000000003,1.180914992852111,1.6420082048389952,-0.4432841976942755,0.7057595491642781,0.7074339316843996,0.03648263715176324,0.010474170680300567,5.412061857762561e-05,0.09996779983353139,-0.0025369405593444606,1.5200375680368676e-10,8.442829768640071e-11,-2.285532565071341e-09,0.1,0.0,1
6,1049,world,10.49,1.0390000000000001,1.1809155322993363,1.6430078835082604,-0.44330954068095557,0.7057595491681187,0.7074339316805681,0.036482637151820096,0.010474170680102507,5.3765990147032234e-05,0.09996793505591206,-0.002531614084977549,-4.922902363536084e-11,-2.734305837304464e-11,7.40203677431715e-10,0.1,0.0,1
6,1050,world,10.5,1.04,1.180916068114997,1.6440075635607672,-0.4433348291221332,0.7057595491590265,0.7074339316896388,0.03648263715168548,0.010474170680571394,5.339430421690177e-05,0.09996807647501084,-0.0025260314595552413,-5.5965995726658894e-11,-3.108520385541877e-11,8.4150349449058e-10,0.1,0.0,1
6,1051,world,10.51,1.0410000000000001,1.1809166001285574,1.6450072450582716,-0.4433600604563342,0.7057595491621483,0.7074339316865242,0.0364826371517317,0.010474170680410396,5.300556819920865e-05,0.09996822404759868,-0.002520192686850532,7.783010347317536e-11,4.322861513195161e-11,-1.170250420005902e-09,0.1,0.0,1
6,1052,world,10.52,1.042,1.1809171281694821,1.646006928062082,-0.44338523212208325,0.7057595491673292,0.7074339316813557,0.03648263715180841,0.010474170680143223,5.259977943934709e-05,0.09996837772850654,-0.002514097769348054,-8.278031038422277e-11,-4.597849878607004e-11,1.2446792023706314e-09,0.1,0.0,1
6,1053,world,10.53,1.0430000000000001,1.1809176520672362,1.647006612633047,-0.4434103415579042,0.7057595491533176,0.7074339316953341,0.03648263715160095,0.010474170680865801,5.217693160569338e-05,0.09996853747079339,-0.0025077467014009438,-2.3944735083600386e-10,-1.3299673862208937e-10,3.600329295761567e-09,0.1,0.0,1
6,1054,world,10.540000000000001,1.0440000000000003,1.1809181716512855,1.6480062988315363,-0.4434353862023205,0.7057595491417856,0.7074339317068388,0.03648263715143022,0.010474170681460514,5.17370311372629e-05,0.09996870322529472,-0.002501139486825681,8.170963905484987e-11,4.538418252320037e-11,-1.228583234496107e-09,0.1,0.0,1
6,1055,world,10.55,1.0450000000000002,1.180918686751096,1.6490059867174205,-0.4434603634938556,0.7057595491620342,0.7074339316866383,0.03648263715173001,0.010474170680416284,5.1280086336807987e-05,0.09996887494097877,-0.002494276124989852,1.1887921202990968e-10,6.602982050019073e-11,-1.787465536912459e-09,0.1,0.0,1
6,1056,world,10.56,1.0460000000000003,1.1809191971961346,1.6500056763500472,-0.44348527087103307,0.7057595491544674,0.7074339316941872,0.03648263715161798,0.010474170680806513,5.080608035930996e-05,0.0999690525648519,-0.002487156615108127,-1.9913445892250058e-10,-1.1060492799419552e-10,2.9941901443040314e-09,0.1,0.0,1
6,1057,world,10.57,1.0470000000000002,1.1809197028158693,1.6510053677882266,-0.4435101057723765,0.7057595491407911,0.7074339317078311,0.03648263715141548,0.010474170681511793,5.0315019544773144e-05,0.0999692360418589,-0.0024797809592604406,1.62776736534216e-10,9.041101201035956e-11,-2.4475003837859305e-09,0.1,0.0,1
6,1058,world,10.58,1.048,1.1809202034397654,1.6520050610902062,-0.4435348656363829,0.7057595491718318,0.7074339316768637,0.03648263715187507,0.010474170679911018,4.980691825981633e-05,0.09996942531504122,-0.002472149156359564,2.0288701274573363e-10,1.1268902477823405e-10,-3.050610924894972e-09,0.1,0.0,1
6,1059,world,10.59,1.0490000000000002,1.1809206988972947,1.6530047563136527,-0.4435595479016078,0.7057595491624344,0.7074339316862388,0.03648263715173593,0.01047417068039564,4.9281752229568014e-05,0.09996962032555094,-0.0024642612024887295,-1.1949954914491899e-10,-6.637329574843414e-11,1.796803721434979e-09,0.1,0.0,1
6,1060,world,10.6,1.05,1.1809211890179272,1.6540044535156357,-0.4435841500065808,0.7057595491590839,0.7074339316895815,0.03648263715168633,0.010474170680568426,4.873953556266142e-05,0.09996982101211566,-0.0024561171110585745,6.774268646037024e-11,3.7625111359851334e-11,-1.0185661667404247e-09,0.1,0.0,1
6,1061,world,10.61,1.0510000000000002,1.1809216737787132,1.6550041526982127,-0.443608671606499,0.705759549169661,0.7074339316790295,0.03648263715184293,0.010474170680022966,4.82244223005985e-05,0.09997001105115244,-0.002448380043529557,0.0,0.0,0.0,0.1,0.0,1
6,1062,world,10.620000000000001,1.0520000000000003,1.1809221537421979,1.656003853648021,-0.44363312115070597,0.7057595491594022,0.7074339316892639,0.03648263715169104,0.010474170680552019,4.778007529303327e-05,0.09997017449734191,-0.0024417059682559413,-2.1842458397536262e-10,-1.2132031490530424e-10,3.2842418400732367e-09,0.1,0.0,1
6,1063,world,10.63,1.0530000000000002,1.180922629616101,1.6570035561002316,-0.44365750926912306,0.7057595491463601,0.7074339317022753,0.03648263715149795,0.010474170681224606,4.7406499178837994e-05,0.09997031156473467,-0.0024360948819199518,-3.3048563885529315e-11,-1.8355456044005778e-11,4.969230376575952e-10,0.1,0.0,1
6,1064,world,10.64,1.0540000000000003,1.180923102108141,1.6580032597919847,-0.44368184659167276,0.7057595491558767,0.7074339316927811,0.03648263715163884,0.010474170680733828,4.710370159751491e-05,0.09997042243296957,-0.002431546794719876,-1.10314535284317e-11,-6.1273902618452716e-12,1.658665284114123e-10,0.1,0.0,1
6,1065,world,10.65,1.0550000000000002,1.1809235719260345,1.6590029644620499,-0.4437061437482812,0.7057595491451832,0.7074339317034493,0.03648263715148053,0.010474170681285299,4.687166954422255e-05,0.09997050724813494,-0.0024280616955083397,2.0030851977106395e-11,1.1125128596135684e-11,-3.0117489448550616e-10,0.1,0.0,1
6,1066,world,10.66,1.056,1.1809240397774958,1.6600026698504786,-0.4437304113688798,0.7057595491580134,0.7074339316906494,0.03648263715167048,0.010474170680623634,4.671041581123712e-05,0.09997056612175392,-0.002425639592578642,1.7162868348741243e-10,9.532895306474379e-11,-2.5806085458650298e-09,0.1,0.0,1
6,1067,world,10.67,1.0570000000000002,1.18092450637024,1.6610023756982748,-0.44375466008340797,0.7057595491634922,0.7074339316851838,0.036482637151751596,0.010474170680341099,4.6619931350296895e-05,0.09997059913156513,-0.0024242804825170845,-2.0941234857296804e-11,-1.1630973961729285e-11,3.1486752766728106e-10,0.1,0.0,1
6,1068,world,10.68,1.058,1.1809249724119815,1.6620020817470453,-0.44377890052181596,0.7057595491557795,0.707433931692878,0.0364826371516374,0.010474170680738836,4.660021469914263e-05,0.0999706063210544,-0.0024239843689160784,-1.2060109855216426e-10,-6.698495924606356e-11,1.813351747405321e-09,0.1,0.0,1
6,1069,world,10.69,1.0590000000000002,1.180925438610436,1.663001787738664,-0.4438031433140679,0.7057595491506268,0.7074339316980186,0.03648263715156111,0.010474170681004568,4.665127039149504e-05,0.09997058769968004,-0.0024247512531296793,-6.476555403089165e-11,-3.5972960721327016e-11,9.738149306033915e-10,0.1,0.0,1
6,1070,world,10.700000000000001,1.0600000000000003,1.1809259056733197,1.6640014934149243,-0.44382739909014396,0.7057595491488705,0.7074339316997706,0.03648263715153511,0.010474170681095135,4.677309858183766e-05,0.09997054324289628,-0.0024265811334991216,-1.2913142777293264e-10,-7.172561156121299e-11,1.941624470794613e-09,0.1,0.0,1
6,1071,world,10.71,1.0610000000000002,1.1809263743083507,1.6650011985172095,-0.4438516784800443,0.7057595491368513,0.7074339317117614,0.03648263715135717,0.010474170681714978,4.696569592132592e-05,0.09997047289187645,-0.00242947401673741,1.9543359985885169e-10,1.085499745645534e-10,-2.9385365831174176e-09,0.1,0.0,1
6,1072,world,10.72,1.0620000000000003,1.18092684522325,1.6660009027861418,-0.44387599211379136,0.7057595491697188,0.7074339316789717,0.036482637151843786,0.01047417068001998,4.722907821278391e-05,0.09997037655383137,-0.002433429904339758,1.6606126196361246e-10,9.223698194116273e-11,-2.4969007547323546e-09,0.1,0.0,1
6,1073,world,10.73,1.0630000000000002,1.1809273191257406,1.6670006059612446,-0.44390035062143224,0.7057595491545664,0.7074339316940884,0.036482637151619444,0.010474170680801404,4.7563219297590346e-05,0.09997025410195831,-0.002438448795865756,-1.0652208282114833e-10,-5.916551970575707e-11,1.601651911141945e-09,0.1,0.0,1
6,1074,world,10.74,1.064,1.1809277967235499,1.6680003077806005,-0.4439247646330415,0.7057595491583555,0.7074339316903082,0.03648263715167554,0.010474170680606,4.796813874646581e-05,0.09997010537517667,-0.0024445306980562295,1.9349799540435674e-11,1.0747999712457088e-11,-2.9093559701133495e-10,0.1,0.0,1
6,1075,world,10.75,1.0650000000000002,1.1809282787244086,1.6690000079805176,-0.4439492447787234,0.7057595491566305,0.7074339316920292,0.03648263715165,0.01047417068069495,4.844382992113905e-05,0.09996993017848026,-0.002451675611724944,-5.027887828301653e-11,-2.792592546096981e-11,7.560014463406366e-10,0.1,0.0,1
6,1076,world,10.76,1.066,1.1809287658360526,1.6699997062951775,-0.44397380168861306,0.7057595491529918,0.7074339316956592,0.03648263715159612,0.010474170680882596,4.89902943977763e-05,0.09996972828268702,-0.0024598835413054774,-3.506535339869996e-11,-1.9476781298877186e-11,5.272298602473214e-10,0.1,0.0,1
6,1077,world,10.77,1.0670000000000002,1.1809292587662223,1.6709994024562993,-0.4439984459928779,0.7057595491528899,0.7074339316957609,0.03648263715159462,0.010474170680887863,4.9607534154698366e-05,0.09996949942458888,-0.0024691544888245332,5.093113430998381e-11,2.828778877805857e-11,-7.658036639719695e-10,0.1,0.0,1
6,1078,world,10.78,1.068,1.180929758222663,1.6719990961928048,-0.4440231883217188,0.705759549158425,0.7074339316902388,0.03648263715167657,0.010474170680602413,5.029555031587709e-05,0.0999692433068723,-0.002479488457118963,9.13553954706713e-11,5.0741355561711947e-11,-1.3736162326940375e-09,0.1,0.0,1
6,1079,world,10.790000000000001,1.0690000000000002,1.1809302649131272,1.6729987872304706,-0.44404803930536924,0.7057595491626353,0.7074339316860384,0.036482637151738904,0.01047417068038528,5.105434166698215e-05,0.09996895959806801,-0.002490885451811023,-5.938027847206985e-11,-3.298125661465776e-11,8.928371334359892e-10,0.1,0.0,1
6,1080,world,10.8,1.0700000000000003,1.1809307795453716,1.6739984752915837,-0.44407300957409523,0.7057595491520905,0.7074339316965583,0.036482637151582786,0.010474170680929087,5.188390487522809e-05,0.09996864793274071,-0.00250334547359195,-8.416843610969942e-11,-4.675010378818452e-11,1.2655593912246067e-09,0.1,0.0,1
6,1081,world,10.81,1.0710000000000002,1.1809313028271617,1.674998160094608,-0.44409810975819364,0.7057595491536565,0.707433931694996,0.03648263715160597,0.010474170680848325,5.2784248179883736e-05,0.09996830791130729,-0.0025168685252120785,4.138148157473611e-11,2.2985433001390426e-11,-6.222008205968014e-10,0.1,0.0,1
6,1082,world,10.82,1.072,1.1809318354662697,1.6759978413538463,-0.4441233504880139,0.7057595491565049,0.7074339316921543,0.03648263715164814,0.010474170680701425,5.375536953564338e-05,0.099967939099969,-0.0025314546144731484,-3.0979038778688984e-11,-1.720672215821393e-11,4.658051667907193e-10,0.1,0.0,1
6,1083,world,10.83,1.0730000000000002,1.180932378170474,1.6769975187790869,-0.4441487423939199,0.7057595491503518,0.707433931698293,0.03648263715155704,0.01047417068101875,5.479726630069317e-05,0.09996754103113148,-0.0025471037373164343,2.2094340246248102e-10,1.2271884897163677e-10,-3.322106543850176e-09,0.1,0.0,1
6,1084,world,10.84,1.074,1.1809329316475579,1.6779971920752754,-0.4441742961062542,0.7057595491800746,0.7074339316686405,0.03648263715199711,0.010474170679485932,5.5909952356659066e-05,0.09996711320275714,-0.0025638159029791256,6.10057143690667e-11,3.3884006711559745e-11,-9.172818917196198e-10,0.1,0.0,1
6,1085,world,10.85,1.0750000000000002,1.1809334966053124,1.6789968609421622,-0.4442000222554048,0.7057595491568597,0.7074339316918005,0.036482637151653396,0.010474170680683136,5.709340381029449e-05,0.0999666550787281,-0.002581591120578678,-2.9227315012647606e-10,-1.6233889232886138e-10,4.394615503748237e-09,0.1,0.0,1
6,1086,world,10.86,1.076,1.1809340741033678,1.6799965249365394,-0.44422593675614724,0.7057595491488957,0.7074339316997456,0.03648263715153549,0.01047417068109385,5.845289895180784e-05,0.09996612488978256,-0.00260201033414608,-1.003301608459849e-10,-5.5726603886974095e-11,1.5085694629254892e-09,0.1,0.0,1
6,1087,world,10.870000000000001,1.0770000000000002,1.1809346665971783,1.680996183057248,-0.44425207648787196,0.7057595491461568,0.7074339317024781,0.03648263715149493,0.010474170681235092,6.009255183086742e-05,0.0999654798684765,-0.0026266373085061345,-7.329553630696385e-12,-4.069661274641135e-12,1.1020688485059869e-10,0.1,0.0,1
6,1088,world,10.88,1.0780000000000003,1.180935276888303,1.6819958341407857,-0.4442784835278671,0.7057595491481138,0.7074339317005256,0.0364826371515239,0.010474170681134161,6.201236128993014e-05,0.09996471689080555,-0.002655471974648358,0.0,0.0,0.0,0.1,0.0,1
6,1089,world,10.89,1.0790000000000002,1.180935907778288,1.6829954769897453,-0.4443051999526418,0.7057595491458052,0.7074339317028288,0.03648263715148973,0.01047417068125322,6.421232319441901e-05,0.0999638322991347,-0.002688514245457082,1.5327877855854675e-10,8.513537097521833e-11,-2.3046993133382418e-09,0.1,0.0,1
6,1090,world,10.9,1.08,1.1809365620686518,1.6839951103674793,-0.44433226783763075,0.7057595491644651,0.707433931684213,0.036482637151766,0.010474170680290922,6.66924411638623e-05,0.09996282190273166,-0.0027257639958446636,6.314254674677495e-11,3.5072292292603865e-11,-9.494171182740366e-10,0.1,0.0,1
6,1091,world,10.91,1.0810000000000002,1.180937242560872,1.6849947329927673,-0.4443597292568657,0.7057595491525411,0.7074339316961088,0.036482637151589455,0.010474170680905844,6.945269539735369e-05,0.09996168097774147,-0.002767221065860779,0.0,0.0,0.0,0.1,0.0,1
6,1092,world,10.92,1.082,1.1809379520563648,1.6859943435344782,-0.4443876262826049,0.7057595491640899,0.7074339316845873,0.03648263715176044,0.010474170680310268,7.249309418489255e-05,0.09996040426722343,-0.0028128852597568183,-1.0754730439543881e-10,-5.973624372934687e-11,1.6170723993787894e-09,0.1,0.0,1
6,1093,world,10.93,1.0830000000000002,1.1809386933564645,1.6869939406062544,-0.44441600098492157,0.7057595491410683,0.7074339317075544,0.0364826371514196,0.010474170681497509,7.581361170804431e-05,0.09995898598152635,-0.0028627563363479765,-1.8046779348690457e-10,-1.0023787355706292e-10,2.7135181796845957e-09,0.1,0.0,1
6,1094,world,10.94,1.084,1.1809394692623987,1.6879935227611775,-0.44444489543124144,0.7057595491448382,0.7074339317037937,0.036482637151475414,0.010474170681303093,7.941425337449259e-05,0.0999574197983867,-0.0029168340071823932,1.2489523304459727e-10,6.937228569370285e-11,-1.877925950594798e-09,0.1,0.0,1
6,1095,world,10.950000000000001,1.0850000000000002,1.1809402825752602,1.688993088486443,-0.44447435168582716,0.7057595491543918,0.7074339316942625,0.03648263715161685,0.0104741706808104,8.329499824949404e-05,0.09995569886331286,-0.0029751179287522285,1.585748893306693e-10,8.807780893515094e-11,-2.3843331063870643e-09,0.1,0.0,1
6,1096,world,10.96,1.0860000000000003,1.180941136095975,1.6899926361980444,-0.4445044118092052,0.7057595491617544,0.7074339316869173,0.036482637151725866,0.010474170680430708,8.745582555072515e-05,0.09995381578993405,-0.0030376076952940904,-6.666368845831266e-11,-3.702836648411531e-11,1.0023565040050828e-09,0.1,0.0,1
6,1097,world,10.97,1.0870000000000002,1.180942032625265,1.690992164235451,-0.444535117857529,0.7057595491472803,0.7074339317013573,0.03648263715151157,0.010474170681177149,9.189670731863747e-05,0.09995176266035774,-0.003104302833600668,-1.491227280548011e-10,-8.282714791808336e-11,2.2422061332196374e-09,0.1,0.0,1
6,1098,world,10.98,1.088,1.18094297496361,1.6919916708562956,-0.44456651188187496,0.7057595491458465,0.7074339317027876,0.03648263715149033,0.010474170681251088,9.661762701175335e-05,0.09994953102543773,-0.003175202801273073,2.5748396470515163e-10,1.4301476669587017e-10,-3.871523880562967e-09,0.1,0.0,1
6,1099,world,10.99,1.0890000000000002,1.1809439659111973,1.6929911542310707,-0.44459863592746574,0.7057595491747479,0.7074339316739546,0.03648263715191825,0.010474170679760631,0.0001016185583239303,0.09994711190544002,-0.003250306974742106,9.96595167501723e-11,5.5352944450248703e-11,-1.4984690517496473e-09,0.1,0.0,1
6,1100,world,11.0,1.09,1.1809450082678774,1.69399061243782,-0.44463153203281774,0.7057595491564778,0.7074339316921814,0.03648263715164774,0.010474170680702825,0.00010689944205124586,0.09994449579105155,-0.0033296146296185923,-1.7554568909616803e-10,-9.750360241422832e-11,2.639510777915214e-09,0.1,0.0,1
6,1101,world,11.01,1.0910000000000002,1.1809461048331016,1.694990043456846,-0.444665242228805,0.7057595491560211,0.707433931692637,0.03648263715164098,0.010474170680726374,0.00011246025435219685,0.09994167264314023,-0.0034131249585371394,1.9503149095712034e-11,1.0832307273389565e-11,-2.932470889380199e-10,0.1,0.0,1
6,1102,world,11.02,1.092,1.1809472584058642,1.6959894451654132,-0.4446998085376383,0.7057595491585583,0.7074339316901058,0.03648263715167855,0.010474170680595536,0.00011830094186174177,0.0999386318942984,-0.0035008370403490823,5.885812670581397e-11,3.2691557794176926e-11,-8.84996356797119e-10,0.1,0.0,1
6,1103,world,11.03,1.093,1.180948471784633,1.6969888153324777,-0.44473527297175386,0.7057595491623,0.707433931686373,0.03648263715173394,0.010474170680402578,0.000124421447721918,0.09993536244949658,-0.0035927498369770225,-3.186097219387206e-11,-1.7696955012523018e-11,4.790684179650943e-10,0.1,0.0,1
6,1104,world,11.040000000000001,1.0940000000000003,1.1809497477672757,1.6979881516134132,-0.44477167753260444,0.7057595491551594,0.7074339316934967,0.03648263715162823,0.010474170680770818,0.00013082170457939387,0.09993185268694316,-0.0036888621872744917,-2.265444776216898e-11,-1.258368409473435e-11,3.4063127752472303e-10,0.1,0.0,1
6,1105,world,11.05,1.0950000000000002,1.1809510891509778,1.6989874515447376,-0.44480906420935207,0.7057595491598833,0.707433931688784,0.036482637151698166,0.010474170680527216,0.00013750164667159743,0.09992809045914679,-0.0037891727970286097,-1.619961109700264e-10,-8.997594336258455e-11,2.4357638790057415e-09,0.1,0.0,1
6,1106,world,11.06,1.096,1.1809524987321551,1.6999867125388815,-0.4448474749774557,0.7057595491378782,0.707433931710737,0.03648263715137236,0.010474170681662013,0.00014446118095836426,0.09992406309474137,-0.0038936802135439725,6.633200932970589e-11,3.684344496157617e-11,-9.973557732727973e-10,0.1,0.0,1
6,1107,world,11.07,1.0970000000000002,1.1809539793063595,1.7009859318789395,-0.44488695179714877,0.7057595491669593,0.7074339316817247,0.03648263715180293,0.010474170680162287,0.00015170023850990242,0.09991975739869559,-0.00400238284318928,1.0191708588180849e-10,5.660888424685589e-11,-1.532433679734753e-09,0.1,0.0,1
6,1108,world,11.08,1.098,1.1809555336681736,1.7019851067134475,-0.4449275366118041,0.7057595491487505,0.7074339316998904,0.036482637151533326,0.010474170681101324,0.0001592186891660732,0.09991515965503761,-0.004115278911248409,-7.986597494458176e-11,-4.436034872767888e-11,1.200860076525436e-09,0.1,0.0,1
6,1109,world,11.09,1.0990000000000002,1.1809571646111328,1.7029842340511683,-0.44496927134661657,0.7057595491584394,0.7074339316902244,0.03648263715167679,0.01047417068060166,0.0001670164407746813,0.0999102556276677,-0.004232366468372768,1.3817419430850451e-11,7.6733758236358e-12,-2.077620410781409e-10,0.1,0.0,1
6,1110,world,11.1,1.1,1.180958874927549,1.7039833107559228,-0.44501219790591723,0.7057595491502245,0.70743393169842,0.03648263715155516,0.010474170681025319,0.0001750933545899031,0.09990503056266212,-0.004353643369722714,1.8044662986051772e-10,1.0022538354804706e-10,-2.7132004542382508e-09,0.1,0.0,1
6,1111,world,11.11,1.101,1.1809606675642952,1.7049823334369296,-0.44505636051214414,0.705759549177689,0.7074339316710204,0.036482637151961796,0.010474170679608959,0.00018349596159127342,0.09989943769377878,-0.004479807774770409,8.285178099142382e-11,4.60183974260124e-11,-1.245749852015823e-09,0.1,0.0,1
6,1112,world,11.120000000000001,1.1020000000000003,1.180962546086096,1.70598129811482,-0.44510181266167637,0.7057595491590628,0.7074339316896024,0.036482637151686016,0.010474170680569515,0.00019227038119880646,0.09989342630388681,-0.00461155216499287,-3.9259151485278084e-10,-2.1805682259843142e-10,5.9030105348065525e-09,0.1,0.0,1
6,1113,world,11.13,1.1030000000000002,1.1809645142115992,1.7069802004937267,-0.44514861015832513,0.7057595491358084,0.7074339317128018,0.036482637151341715,0.01047417068176875,0.0002014167040032874,0.09988697410227404,-0.004748877341328915,-7.604507301640367e-11,-4.2236700248392757e-11,1.1434044466450282e-09,0.1,0.0,1
6,1114,world,11.14,1.104,1.1809665756602603,1.7079790360500902,-0.44519680881414514,0.7057595491509506,0.7074339316976955,0.036482637151565904,0.010474170680987865,0.0002109350253017225,0.09988005784050037,-0.0048917841523723905,2.809693450123161e-10,1.5605954029052056e-10,-4.224653851574163e-09,0.1,0.0,1
6,1115,world,11.15,1.1050000000000002,1.18096873415238,1.7089778000230786,-0.44524646444977234,0.7057595491657815,0.7074339316828998,0.03648263715178549,0.010474170680223032,0.0002208254195417816,0.09987265331183356,-0.005040273463651183,5.521590129564652e-11,3.0666788553013165e-11,-8.302201428504041e-10,0.1,0.0,1
6,1116,world,11.16,1.106,1.1809709934091155,1.7099764874049943,-0.44529763289448343,0.7057595491568408,0.7074339316918192,0.036482637151653126,0.01047417068068411,0.00023108796572758272,0.09986473535065243,-0.005194346127882425,-1.7227885784620847e-11,-9.568734693488057e-12,2.5903733910474765e-10,0.1,0.0,1
6,1117,world,11.17,1.1070000000000002,1.1809733571524803,1.7109750929316834,-0.4453503699859667,0.7057595491639437,0.7074339316847332,0.03648263715175828,0.010474170680317807,0.00024172275993117245,0.09985627783124891,-0.005354002969345328,-1.3984785551812696e-10,-7.767536613911823e-11,2.102754222913642e-09,0.1,0.0,1
6,1118,world,11.18,1.108,1.1809758291053156,1.7119736110729393,-0.44540473156979,0.7057595491419223,0.7074339317067025,0.03648263715143224,0.010474170681453463,0.00025272987000057124,0.09984725366879381,-0.005519244732058268,-3.638617185331274e-11,-2.0209875439827224e-11,5.47098260791972e-10,0.1,0.0,1
6,1119,world,11.19,1.109,1.1809784129912486,1.712972036022903,-0.44546077349855867,0.7057595491600621,0.7074339316886056,0.0364826371517008,0.010474170680517982,0.00026410939135489294,0.09983763481793369,-0.005690072072506207,1.7253663775471948e-10,9.583063509398564e-11,-2.5942382898995343e-09,0.1,0.0,1
6,1120,world,11.200000000000001,1.1100000000000003,1.180981112534623,1.7139703616904716,-0.4455185516307478,0.7057595491603279,0.7074339316883406,0.036482637151704765,0.010474170680504281,0.00027586137524497205,0.0998273922743696,-0.005866485506739263,-6.271962116332482e-11,-3.483636989986714e-11,9.43053008730757e-10,0.1,0.0,1
6,1121,world,11.21,1.1110000000000002,1.1809839314604131,1.714968581689701,-0.44557812182920015,0.7057595491533714,0.7074339316952805,0.03648263715160174,0.010474170680863025,0.0002879858822561229,0.09981649607504443,-0.006048485383322217,2.6762619897982736e-11,1.4866580189122875e-11,-4.0241846855676717e-10,0.1,0.0,1
6,1122,world,11.22,1.112,1.1809868734941091,1.7159666893302232,-0.4456395399592771,0.7057595491631828,0.7074339316854922,0.036482637151747016,0.010474170680357041,0.00030048296438847264,0.09980491529921968,-0.006236071848824216,1.7607339197756018e-10,9.779572984758279e-11,-2.6474235618415668e-09,0.1,0.0,1
6,1123,world,11.23,1.1130000000000002,1.1809899423616141,1.7169646776076597,-0.4457028618871146,0.7057595491721543,0.7074339316765421,0.036482637151879854,0.010474170679894382,0.0003133526472793021,0.09979261806991035,-0.006429244813463399,2.1886069345722327e-10,1.2156178841316021e-10,-3.2907888003128017e-09,0.1,0.0,1
6,1124,world,11.24,1.114,1.1809931417890236,1.7179625391941034,-0.4457681434761975,0.7057595491865303,0.7074339316622,0.0364826371520927,0.01047417067915301,0.0003265949459263346,0.09977957155605288,-0.006628003910063761,-2.8021057696392383e-10,-1.5563696165177266e-10,4.21323229668306e-09,0.1,0.0,1
6,1125,world,11.25,1.1150000000000002,1.180996475502425,1.7189602664286259,-0.44583544058409924,0.7057595491422624,0.7074339317063633,0.03648263715143727,0.010474170681435928,0.0003402098352531206,0.09976574197548314,-0.006832348450519753,-3.34619484898546e-10,-1.858561915479838e-10,5.0313151485781965e-09,0.1,0.0,1
6,1126,world,11.26,1.116,1.1809999472277657,1.7199578513076905,-0.4459048090604137,0.7057595491508342,0.7074339316978117,0.036482637151564176,0.010474170680993869,0.0003541973176602658,0.0997510945969119,-0.007042277399968102,2.2934813770361414e-10,1.273869898455045e-10,-3.4484641325223718e-09,0.1,0.0,1
6,1127,world,11.27,1.117,1.1810035606905775,1.7209552854757273,-0.4459763047424084,0.7057595491667285,0.707433931681955,0.03648263715179951,0.010474170680174196,0.0003685573259338793,0.09973559374464014,-0.00725778932606917,7.528318246574623e-11,4.181377466494492e-11,-1.131947676867236e-09,0.1,0.0,1
6,1128,world,11.28,1.118,1.1810073196157087,1.7219525602157035,-0.4460499834508551,0.7057595491588651,0.7074339316897997,0.03648263715168309,0.010474170680579709,0.00038328976842230255,0.09971920280327792,-0.0074788823518059,-1.1903984742377192e-10,-6.611933223154379e-11,1.7898750678203923e-09,0.1,0.0,1
6,1129,world,11.290000000000001,1.1190000000000002,1.1810112277270304,1.7229496664397494,-0.446125900985435,0.7057595491540297,0.7074339316946238,0.0364826371516115,0.010474170680829085,0.000398394539376704,0.09970188422182491,-0.007705554127304369,-4.421150945344007e-11,-2.4556745525927662e-11,6.647686199255648e-10,0.1,0.0,1
6,1130,world,11.3,1.12,1.1810152887471108,1.7239465946798391,-0.44620411311970554,0.7057595491541487,0.707433931694505,0.03648263715161326,0.010474170680822938,0.0004138714919181468,0.09968359952061755,-0.007937801773873963,-2.4313884239290902e-11,-1.3504128371089038e-11,3.6558746481507546e-10,0.1,0.0,1
6,1131,world,11.31,1.1210000000000002,1.1810195063968618,1.7249433350785286,-0.4462846755956204,0.7057595491514359,0.7074339316972114,0.03648263715157309,0.01047417068096284,0.0004297204393082148,0.09966430929820716,-0.008175621839061517,0.0,0.0,0.0,0.1,0.0,1
6,1132,world,11.32,1.122,1.181023884395154,1.7259398773797825,-0.4463676441175899,0.7057595491540892,0.7074339316945645,0.03648263715161238,0.010474170680826008,0.0004459411596290817,0.09964397323847857,-0.00841901025842805,-4.74838918185227e-11,-2.637438878405615e-11,7.139685327325888e-10,0.1,0.0,1
6,1133,world,11.33,1.1230000000000002,1.1810284264584012,1.7269362109198771,-0.4464530743460734,0.7057595491463705,0.7074339317022649,0.0364826371514981,0.010474170681224072,0.00046253338089649376,0.09962255012005963,-0.008667962300781156,1.795980031360498e-10,9.975388570726541e-11,-2.700449331380705e-09,0.1,0.0,1
6,1134,world,11.34,1.124,1.1810331363001119,1.7279323246183789,-0.44654102189068884,0.7057595491732482,0.7074339316754507,0.03648263715189604,0.010474170679837977,0.0004794968017171894,0.09959999782594187,-0.008922472521085164,2.1680920947455718e-11,1.2042797314927517e-11,-3.2598211781833515e-10,0.1,0.0,1
6,1135,world,11.35,1.125,1.1810380176304085,1.7289282069692549,-0.44663154230283597,0.7057595491486832,0.7074339316999575,0.036482637151532334,0.010474170681104787,0.0004968310293785084,0.09957627336121215,-0.009182534640359478,-3.0087425606506436e-10,-1.6711562689231117e-10,4.523960562717238e-09,0.1,0.0,1
6,1136,world,11.36,1.1260000000000001,1.1810430726270216,1.7299238482001282,-0.44672466813747147,0.7057595491411517,0.7074339317074712,0.03648263715142083,0.0104741706814932,0.0005140782541639248,0.09955198622931878,-0.009441279645584152,1.5911126582944133e-10,8.837479359423816e-11,-2.3924068075998578e-09,0.1,0.0,1
6,1137,world,11.370000000000001,1.1270000000000002,1.181048297394854,1.730919247067109,-0.44682034084384803,0.7057595491656569,0.7074339316830242,0.03648263715178364,0.010474170680229463,0.0005307852732853237,0.09952781101300547,-0.009691909097444747,2.7384171319422253e-10,1.5209951353956076e-10,-4.1174800873532106e-09,0.1,0.0,1
6,1138,world,11.38,1.1280000000000001,1.181053686531736,1.7319144049988617,-0.4469184792714206,0.7057595491703643,0.7074339316783277,0.036482637151853355,0.010474170679986695,0.0005469520788027976,0.09950380927429117,-0.009934424156889152,-9.454520499829747e-11,-5.251389600946505e-11,1.421589815265785e-09,0.1,0.0,1
6,1139,world,11.39,1.1290000000000002,1.1810592346358852,1.7329093240294722,-0.4470190022859038,0.7057595491555709,0.7074339316930861,0.036482637151634315,0.010474170680749595,0.0005625787402633471,0.09948004053458334,-0.010168826893927299,-1.9050490351890643e-10,-1.0581119314068125e-10,2.8644245829434453e-09,0.1,0.0,1
6,1140,world,11.4,1.1300000000000001,1.1810649363065042,1.7339040067780194,-0.4471218287778981,0.7057595491500419,0.707433931698602,0.036482637151552456,0.010474170681034727,0.0005776653920113004,0.09945656227109856,-0.010395120196994713,-3.032088469190339e-11,-1.6841736338868413e-11,4.559111822875074e-10,0.1,0.0,1
6,1141,world,11.41,1.1310000000000002,1.1810707861443106,1.7348984564281302,-0.447226877670517,0.7057595491523364,0.7074339316963131,0.03648263715158643,0.010474170680916403,0.0005922122095920342,0.09943342991715227,-0.010613307665830634,1.4621290289618107e-11,8.121281425133014e-12,-2.1985748725056304e-10,0.1,0.0,1
6,1142,world,11.42,1.1320000000000001,1.1810767787520062,1.7358926767075522,-0.4473340679260537,0.7057595491516018,0.7074339316970459,0.03648263715157555,0.010474170680954291,0.000606219409744976,0.09941069686236575,-0.01082339352357085,-2.2266910537640745e-11,-1.2367537549630409e-11,3.347913526269654e-10,0.1,0.0,1
6,1143,world,11.43,1.133,1.181082908734681,1.7368866718677238,-0.4474433185517138,0.7057595491499611,0.7074339316986827,0.036482637151551256,0.0104741706810389,0.0006196872499128175,0.09938841445615322,-0.011025382515097201,2.8740898549983704e-11,1.5963619315328953e-11,-4.321559874276982e-10,0.1,0.0,1
6,1144,world,11.44,1.1340000000000001,1.1810891707001574,1.7378804466633884,-0.4475545486044556,0.7057595491546679,0.7074339316939872,0.03648263715162094,0.010474170680796178,0.0006326160208535438,0.09936663201037227,-0.011219279829178863,3.194874920175648e-11,1.774518032515516e-11,-4.803841894585897e-10,0.1,0.0,1
6,1145,world,11.450000000000001,1.1350000000000002,1.1810955592592791,1.7388740063322348,-0.44766767719496736,0.7057595491533694,0.7074339316952827,0.03648263715160172,0.010474170680863145,0.0006450060339471889,0.0993453968044059,-0.011405091011969591,-1.387289588761219e-10,-7.705468207941372e-11,2.085933867041615e-09,0.1,0.0,1
6,1146,world,11.46,1.1360000000000001,1.181102069026146,1.739867356574615,-0.44778262349082093,0.7057595491398686,0.7074339317087514,0.03648263715140183,0.010474170681559376,0.0006568576228115642,0.09932475409127822,-0.011582821882877516,1.5084634930051506e-10,8.378471527681334e-11,-2.268118342880346e-09,0.1,0.0,1
6,1147,world,11.47,1.1370000000000002,1.1811086946182923,1.7408605035333038,-0.447899306718833,0.705759549169461,0.7074339316792289,0.03648263715183997,0.010474170680033276,0.0006681711537569596,0.09930474710394943,-0.011752478459028756,2.1106276448801238e-10,1.1722949000425576e-10,-3.173528524387859e-09,0.1,0.0,1
6,1148,world,11.48,1.1380000000000001,1.1811154306568163,1.7418534537733399,-0.4480176461666701,0.705759549162384,0.7074339316862891,0.03648263715173519,0.010474170680398243,0.000678946965720317,0.09928541706314298,-0.011914066879764396,-2.1566082253343645e-10,-1.197843907396744e-10,3.242675301450695e-09,0.1,0.0,1
6,1149,world,11.49,1.1390000000000002,1.1811222717664644,1.7428462142619305,-0.4481375611837325,0.705759549146455,0.7074339317021805,0.036482637151499346,0.010474170681219705,0.0006891854337971353,0.09926680318417513,-0.01206759334051664,-1.619412937081675e-10,-8.994680000817814e-11,2.434944200479028e-09,0.1,0.0,1
6,1150,world,11.5,1.1400000000000001,1.1811292125756658,1.7438387923484517,-0.44825897118135144,0.7057595491451087,0.7074339317035236,0.03648263715147942,0.010474170681289143,0.0006988869331631755,0.09924894268579466,-0.012213064022042228,-6.115732920087387e-11,-3.396900816188638e-11,9.19558662071833e-10,0.1,0.0,1
6,1151,world,11.51,1.141,1.1811362477165244,1.744831195744516,-0.44838179563233377,0.7057595491399309,0.7074339317086891,0.03648263715140275,0.010474170681556157,0.0007080518244893122,0.09923187079848259,-0.012350485028819658,4.66161831358391e-11,2.58921356577346e-11,-7.00922908039233e-10,0.1,0.0,1
6,1152,world,11.52,1.1420000000000001,1.1811433718247717,1.7458234325041382,-0.44850595406988997,0.7057595491500815,0.7074339316985625,0.03648263715155304,0.010474170681032687,0.0007166804718983002,0.09921562077337959,-0.01247986232512728,1.1640202690621481e-10,6.465279700496034e-11,-1.7502123448448465e-09,0.1,0.0,1
6,1153,world,11.53,1.143,1.1811505795396782,1.7468155110039751,-0.44863136608597726,0.7057595491523484,0.7074339316963012,0.03648263715158661,0.010474170680915789,0.000724773217435502,0.09920022388993184,-0.012601201687564718,0.0,0.0,0.0,0.1,0.0,1
6,1154,world,11.540000000000001,1.1440000000000001,1.1811578655039303,1.7478074399236678,-0.4487579513290957,0.7057595491499431,0.7074339316987008,0.036482637151551,0.010474170681039835,0.0007323303959993188,0.09918570946574401,-0.012714508640451564,0.0,0.0,0.0,0.1,0.0,1
6,1155,world,11.55,1.1450000000000002,1.18116522436347,1.7487992282262486,-0.44888562950156674,0.7057595491519947,0.7074339316966539,0.036482637151581364,0.010474170680934022,0.0007393523267120233,0.09917210486419714,-0.012819788412515788,-2.3560320361326577e-11,-1.3085019179293043e-11,3.542427310689041e-10,0.1,0.0,1
6,1156,world,11.56,1.1460000000000001,1.181172650767306,1.749790885138643,-0.449014320356331,0.7057595491474297,0.707433931701208,0.03648263715151377,0.010474170681169438,0.0007458393025740703,0.09915943550251663,-0.012917045891262531,9.345649254477444e-12,5.190639584817798e-12,-1.405281815393399e-10,0.1,0.0,1
6,1157,world,11.57,1.1470000000000002,1.1811801393672918,1.750782420132264,-0.44914394369330113,0.7057595491529917,0.7074339316956593,0.03648263715159612,0.010474170680882614,0.0007517916008092427,0.09914772485983168,-0.013006285576907375,1.8847562399670876e-10,1.0468466371538188e-10,-2.8339106397916983e-09,0.1,0.0,1
6,1158,world,11.58,1.1480000000000001,1.1811876848178782,1.7517738429036431,-0.4492744193552935,0.7057595491675357,0.7074339316811497,0.036482637151811464,0.010474170680132565,0.0007572094673454817,0.09913699448480617,-0.013087511541239293,1.8804680035346818e-10,1.044463127097943e-10,-2.827460769856994e-09,0.1,0.0,1
6,1159,world,11.59,1.149,1.1811952817758558,1.7527651633551462,-0.44940566722383085,0.7057595491730518,0.7074339316756465,0.036482637151893135,0.010474170679848101,0.0007620931150447589,0.09912726400174471,-0.013160727396781955,-6.725418832953516e-11,-3.735553533168453e-11,1.0112275166535004e-09,0.1,0.0,1
6,1160,world,11.6,1.1500000000000001,1.181202924900017,1.7537563915758305,-0.4495376072137422,0.7057595491603612,0.7074339316883071,0.036482637151705244,0.010474170680502555,0.0007664427330403107,0.09911855110802177,-0.013225936329177113,-1.0456878418718666e-10,-5.808131753326501e-11,1.5723028022780737e-09,0.1,0.0,1
6,1161,world,11.61,1.151,1.1812106102152518,1.7547475350728006,-0.4496701797228582,0.7057595491618968,0.7074339316867753,0.03648263715172798,0.010474170680423377,0.0007706666403245359,0.0991100481574898,-0.01328925984205086,3.7670908059617115e-11,2.0924581511927426e-11,-5.664305504672613e-10,0.1,0.0,1
6,1162,world,11.620000000000001,1.1520000000000001,1.1812183391592386,1.7557385905225835,-0.44980340629701787,0.7057595491643799,0.707433931684298,0.03648263715176474,0.010474170680295308,0.0007751684787932045,0.09910094027775132,-0.013356749226329456,-3.6547154191875275e-11,-2.0298693281792736e-11,5.495219784854088e-10,0.1,0.0,1
6,1163,world,11.63,1.1530000000000002,1.1812261145110874,1.7567295518332577,-0.44993732859120494,0.7057595491579981,0.7074339316906648,0.03648263715167026,0.010474170680624433,0.0007799482048272743,0.09909121885591608,-0.013428403719233779,-2.0534615674527836e-10,-1.1405598687730379e-10,3.0875831947586838e-09,0.1,0.0,1
6,1164,world,11.64,1.1540000000000001,1.1812339390494668,1.7577204128241524,-0.4500719882522343,0.7057595491424742,0.7074339317061519,0.03648263715144041,0.010474170681424998,0.0007850057708130054,0.09908087475386414,-0.013504222448881706,-4.395130093204353e-11,-2.4411722643335994e-11,6.60855354814304e-10,0.1,0.0,1
6,1165,world,11.65,1.1550000000000002,1.1812418155525377,1.758711167220583,-0.4502074269176892,0.7057595491533094,0.7074339316953423,0.036482637151600834,0.010474170680866222,0.0007903411327380456,0.09906989830755769,-0.013584204438393997,8.882859725556351e-11,4.933935204842752e-11,-1.335634608554819e-09,0.1,0.0,1
6,1166,world,11.66,1.1560000000000001,1.181249746797886,1.7597018086486025,-0.45034368621477716,0.7057595491519502,0.7074339316966982,0.0364826371515807,0.01047417068093631,0.0007959542184517711,0.09905827932946254,-0.013668348589654357,6.727604584533995e-11,3.736629061723974e-11,-1.0115570924300048e-09,0.1,0.0,1
6,1167,world,11.67,1.157,1.181257735562443,1.7606923306297793,-0.45048080775909954,0.7057595491604861,0.7074339316881825,0.0364826371517071,0.010474170680496116,0.0008018449648456593,0.09904600710912964,-0.013756653677060913,6.578071420904049e-11,3.6536051961633094e-11,-9.890705333741304e-10,0.1,0.0,1
6,1168,world,11.68,1.1580000000000001,1.1812657846224073,1.7616827265759667,-0.45061883315332696,0.7057595491589674,0.7074339316896976,0.0364826371516846,0.010474170680574432,0.0008080132884719968,0.09903307041499998,-0.013849118336678035,-1.0400708072566537e-11,-5.775935285612374e-12,1.5637898961862174e-10,0.1,0.0,1
6,1169,world,11.69,1.159,1.1812738967531533,1.7626729897840927,-0.4507578039857782,0.7057595491593767,0.7074339316892894,0.036482637151690665,0.010474170680553327,0.0008144591057568204,0.09901945749526977,-0.013945741059818684,-1.0295687913330898e-10,-5.718550633027059e-11,1.5480582310836694e-09,0.1,0.0,1
6,1170,world,11.700000000000001,1.1600000000000001,1.1812820747291375,1.7636631134309855,-0.45089776182890107,0.7057595491479844,0.7074339317006548,0.036482637151521995,0.01047417068114084,0.0008211823161749862,0.09900515607978515,-0.01404652018191642,-6.844455557874285e-11,-3.8015771086637085e-11,1.0291208803104676e-09,0.1,0.0,1
6,1171,world,11.71,1.1610000000000003,1.181290321323795,1.7646530905681839,-0.4510387482376425,0.7057595491520753,0.7074339316965735,0.03648263715158256,0.010474170680929866,0.0008281828198688521,0.09899015338228453,-0.014151453867665182,1.4515368074174957e-10,8.06223143801076e-11,-2.182527005260488e-09,0.1,0.0,1
6,1172,world,11.72,1.1620000000000001,1.1812986393094307,1.7656429141167982,-0.45118080474771327,0.705759549163469,0.7074339316852069,0.036482637151751256,0.010474170680342296,0.0008354604955155311,0.09897443610268983,-0.014260540098993552,-6.210518210814081e-11,-3.449567020918917e-11,9.33802449427922e-10,0.1,0.0,1
6,1173,world,11.73,1.1630000000000003,1.181307031457102,1.7666325768623659,-0.4513239728737331,0.7057595491454501,0.707433931703183,0.03648263715148447,0.010474170681271534,0.0008430152021749887,0.09895799042777771,-0.014373776673677584,-1.77444170468277e-10,-9.855831428762219e-11,2.6680557394485853e-09,0.1,0.0,1
6,1174,world,11.74,1.1640000000000001,1.181315500536491,1.7676220714497406,-0.45146829410725964,0.7057595491445396,0.7074339317040913,0.036482637151470994,0.010474170681318484,0.0008508468089357289,0.09894080203476532,-0.014491161182772922,6.76556033418837e-11,3.7577926881308927e-11,-1.0172662408617925e-09,0.1,0.0,1
6,1175,world,11.75,1.165,1.181324049315775,1.7686113903780172,-0.45161380991469335,0.7057595491526674,0.7074339316959828,0.03648263715159133,0.010474170680899333,0.0008589551557806351,0.09892285609393384,-0.01461269099992249,-5.588168816572642e-11,-3.1037672432177007e-11,8.402284510516938e-10,0.1,0.0,1
6,1176,world,11.76,1.1660000000000001,1.1813326805614819,1.769600525995461,-0.4517605617350526,0.7057595491385784,0.7074339317100384,0.036482637151382724,0.010474170681625906,0.0008673400619083751,0.09890413727038251,-0.01473836327474474,1.5788030605090582e-10,8.769165948940829e-11,-2.373878627308018e-09,0.1,0.0,1
6,1177,world,11.77,1.167,1.181341397038338,1.7705894704944851,-0.4519085909776173,0.7057595491695097,0.7074339316791806,0.0364826371518407,0.010474170680030774,0.0008760013577202684,0.09888462972896471,-0.01486817490436613,1.7864459911365298e-10,9.92237542130069e-11,-2.686088108666202e-09,0.1,0.0,1
6,1178,world,11.78,1.1680000000000001,1.181350201509113,1.7715782159066433,-0.45205793901947616,0.7057595491576356,0.7074339316910263,0.03648263715166489,0.010474170680643118,0.0008849388149088487,0.09886431713449091,-0.01500212254398275,-2.828130091225527e-10,-1.5708302714132943e-10,4.252370298332914e-09,0.1,0.0,1
6,1179,world,11.790000000000001,1.1690000000000003,1.1813590967344616,1.772566754097631,-0.4522086472030883,0.7057595491393399,0.7074339317092787,0.03648263715139401,0.010474170681586636,0.0008941522217530986,0.0988431826579448,-0.015140202569731183,-1.60995522469065e-10,-8.942152573965239e-11,2.4207219724830376e-09,0.1,0.0,1
6,1180,world,11.8,1.1700000000000002,1.1813680854726925,1.7735550767624841,-0.45236075683270294,0.7057595491404611,0.7074339317081602,0.036482637151410605,0.010474170681528814,0.0009036413449851297,0.0988212089797256,-0.015282411069757171,-2.771186058403428e-11,-1.5391854457647e-11,4.166678341330912e-10,0.1,0.0,1
6,1181,world,11.81,1.1710000000000003,1.181377170479634,1.7745431754205487,-0.45251430917228974,0.7057595491363837,0.7074339317122279,0.036482637151350236,0.010474170681739087,0.0009134059181636066,0.0987983782926737,-0.015428743836307907,7.404493684859397e-11,4.1127171113153306e-11,-1.1133446378361323e-09,0.1,0.0,1
6,1182,world,11.82,1.1720000000000002,1.181386354508418,1.775531041410694,-0.4526693454421625,0.70575954914836,0.7074339317002799,0.03648263715152755,0.010474170681121464,0.000923445667061486,0.09877467230701181,-0.01557919634456227,1.921084819001207e-10,1.0670457573082113e-10,-2.888546915764233e-09,0.1,0.0,1
6,1183,world,11.83,1.173,1.1813956403092662,1.7765186658864829,-0.4528259068157335,0.7057595491568773,0.7074339316917828,0.03648263715165365,0.01047417068068222,0.000933760284443076,0.0987500722553462,-0.01573376373583585,-1.5670832687053586e-10,-8.704079124122178e-11,2.3562665382205443e-09,0.1,0.0,1
6,1184,world,11.84,1.1740000000000002,1.1814050306292714,1.7775060398114502,-0.45298403441611634,0.705759549131643,0.7074339317169577,0.03648263715128005,0.01047417068198358,0.0009443494377561765,0.09872455889651208,-0.015892440807771795,4.6843778855887256e-11,2.6018076582090518e-11,-7.043420100633072e-10,0.1,0.0,1
6,1185,world,11.85,1.175,1.1814145282121655,1.778493153954368,-0.453143769312552,0.7057595491618746,0.7074339316867976,0.03648263715172765,0.01047417068042452,0.0009552128026739297,0.09869811252424548,-0.016055221974578402,2.93113103233544e-10,1.6280414516511836e-10,-4.4072401815271145e-09,0.1,0.0,1
6,1186,world,11.86,1.1760000000000002,1.1814241357264281,1.779479999061338,-0.45330515144313616,0.7057595491629113,0.7074339316857632,0.036482637151743,0.010474170680371053,0.0009663285602765602,0.09867076594997154,-0.016221780295625095,-1.1064274496595955e-10,-6.14536199705571e-11,1.6636174913779943e-09,0.1,0.0,1
6,1187,world,11.870000000000001,1.1770000000000003,1.1814338555533206,1.780466566384718,-0.45346821643883106,0.7057595491500714,0.7074339316985726,0.03648263715155289,0.010474170681033202,0.0009776753119569756,0.09864255276562976,-0.016391794742014732,-9.989023497247721e-11,-5.5481313987470974e-11,1.5019466031128402e-09,0.1,0.0,1
6,1188,world,11.88,1.1780000000000002,1.1814436900024028,1.7814528471665707,-0.45363299885299757,0.7057595491522552,0.7074339316963939,0.03648263715158522,0.010474170680920583,0.0009892529798269576,0.09861345454309939,-0.01656526370505382,2.3141211169530587e-11,1.2852566233512154e-11,-3.479460317958036e-10,0.1,0.0,1
6,1189,world,11.89,1.1790000000000003,1.181453641382325,1.7824388324628233,-0.4537995332221299,0.70575954915254,0.7074339316961098,0.03648263715158944,0.010474170680905899,0.001001061463781365,0.0985834524810105,-0.01674218542694111,0.0,0.0,0.0,0.1,0.0,1
6,1190,world,11.9,1.1800000000000002,1.1814637120007356,1.7834245131395163,-0.4539678540643863,0.7057595491520654,0.7074339316965833,0.03648263715158241,0.010474170680930369,0.0010131006587976064,0.09855252740537979,-0.01692255799419849,-4.553440957622503e-11,-2.529122744565905e-11,6.846544435991425e-10,0.1,0.0,1
6,1191,world,11.91,1.181,1.1814739041641777,1.7844098798690964,-0.45413799587798365,0.7057595491476826,0.7074339317009558,0.03648263715151752,0.0104741706811564,0.0010253704484378561,0.0985206597701704,-0.01710637933327212,1.0015530071960647e-10,5.562807159353861e-11,-1.5059422838522422e-09,0.1,0.0,1
6,1192,world,11.92,1.1820000000000002,1.1814842201779774,1.785394923126712,-0.4543099931394442,0.7057595491627497,0.7074339316859243,0.03648263715174061,0.010474170680379388,0.001037870711012117,0.09848782966323255,-0.01729364717499791,1.7808324259682693e-11,9.891393260019744e-12,-2.6776737294467697e-10,0.1,0.0,1
6,1193,world,11.93,1.183,1.1814946623461207,1.786379633186553,-0.4544838803016989,0.7057595491495823,0.7074339316990605,0.03648263715154564,0.010474170681058428,0.00105060129316933,0.09845401680503715,-0.01748435906392494,-1.5410242526492355e-11,-8.558431741079169e-12,2.3170826693973114e-10,0.1,0.0,1
6,1194,world,11.94,1.1840000000000002,1.1815052329711235,1.7873640001181967,-0.4546596917920393,0.7057595491611058,0.7074339316875643,0.03648263715171627,0.01047417068046416,0.0010635620555204646,0.09841920055343009,-0.017678512329315575,4.317830815114348e-11,2.398185816598628e-11,-6.492317859533409e-10,0.1,0.0,1
6,1195,world,11.950000000000001,1.1850000000000003,1.181515934353886,1.7883480137830037,-0.4548374620099196,0.7057595491541885,0.7074339316944653,0.036482637151613845,0.010474170680820894,0.0010767528171885686,0.09838335990719195,-0.017876104070591353,-7.304816473929771e-11,-4.0572753490231125e-11,1.0983480455434977e-09,0.1,0.0,1
6,1196,world,11.96,1.1860000000000002,1.1815267687935442,1.789331663830532,-0.4550172253246021,0.7057595491533133,0.7074339316953384,0.03648263715160089,0.010474170680866025,0.0010901734004866628,0.09834647350784026,-0.018077131147628083,1.1463330285010886e-10,6.367059657286227e-11,-1.7236165131880708e-09,0.1,0.0,1
6,1197,world,11.97,1.1870000000000003,1.1815377385873036,1.7903149396949896,-0.45519901607264696,0.7057595491664173,0.7074339316822656,0.03648263715179491,0.010474170680190254,0.001103823606079638,0.09830851964477377,-0.018281590157855295,-5.4149393302615995e-11,-3.0075941737095465e-11,8.141863106023849e-10,0.1,0.0,1
6,1198,world,11.98,1.1880000000000002,1.1815488460302674,1.7912978305917326,-0.45538286855524235,0.7057595491475368,0.7074339317011012,0.03648263715151536,0.01047417068116392,0.0011177032018211772,0.09826947625869445,-0.01848947742351112,1.4263590308873269e-11,7.921788225396558e-12,-2.1445267978962705e-10,0.1,0.0,1
6,1199,world,11.99,1.189,1.1815600934152513,1.792280325513786,-0.4555688170353703,0.7057595491679387,0.7074339316807478,0.03648263715181744,0.010474170680111784,0.001131811969253814,0.09822932094442627,-0.01870078897969696,-4.720945856462317e-11,-2.6221733118170195e-11,7.098514972440205e-10,0.1,0.0,1
6,1200,world,12.0,1.1900000000000002,1.1815714830325879,1.7932624132284318,-0.4557568957348111,0.7057595491425006,0.7074339317061256,0.036482637151440796,0.010474170681423636,0.0011461496262896746,0.09818803095796387,-0.018915520548800302,-1.9298139475321087e-10,-1.0718821663591161e-10,2.901654226139871e-09,0.1,0.0,1
6,1201,world,12.01,1.191,1.1815830171699202,1.794244082273824,-0.45594713883097776,0.7057595491473521,0.7074339317012855,0.036482637151512634,0.010474170681173452,0.0011607159142909007,0.09814558321899357,-0.019133667530557754,1.4819707960800328e-10,8.23133228244898e-11,-2.228282380660471e-09,0.1,0.0,1
6,1202,world,12.02,1.1920000000000002,1.1815946981119834,1.795225320955655,-0.45613958045358033,0.7057595491583099,0.7074339316903538,0.036482637151674865,0.010474170680608349,0.0011755105247297356,0.098101954316728,-0.019355224985643182,4.752101490090333e-11,2.6395205465764945e-11,-7.145258939643299e-10,0.1,0.0,1
6,1203,world,12.030000000000001,1.1930000000000003,1.181606528140375,1.7962061173438957,-0.4563342546811227,0.7057595491524215,0.7074339316962281,0.036482637151587685,0.010474170680912014,0.0011905331253870288,0.09805712051716835,-0.019580187607857104,-8.907145854220023e-11,-4.94732727007729e-11,1.3392729742052455e-09,0.1,0.0,1
6,1204,world,12.040000000000001,1.1940000000000002,1.1816185095333145,1.7971864592695586,-0.45653119553721866,0.7057595491488079,0.7074339316998332,0.036482637151534186,0.010474170681098368,0.0012057833713794619,0.09801105776604331,-0.019808549720830817,2.6888213877640484e-11,1.4934581349379515e-11,-4.042896551391391e-10,0.1,0.0,1
6,1205,world,12.05,1.1950000000000003,1.1816306445653897,1.7981663343215615,-0.4567304369867397,0.7057595491552898,0.7074339316933665,0.03648263715163015,0.010474170680764094,0.00122126088857422,0.09796374169722136,-0.020040305250223454,1.476027633451336e-10,8.198511314283497e-11,-2.2193635601172576e-09,0.1,0.0,1
6,1206,world,12.06,1.1960000000000002,1.1816429355072906,1.799145729843613,-0.45693201293177593,0.7057595491645539,0.7074339316841246,0.036482637151767305,0.010474170680286343,0.0012369652717018455,0.09791514763828729,-0.0202754477111852,-8.694642228413832e-11,-4.829227295833326e-11,1.307323823848827e-09,0.1,0.0,1
6,1207,world,12.07,1.197,1.1816553846255362,1.8001246329312084,-0.45713595720742506,0.7057595491460147,0.7074339317026198,0.036482637151492824,0.010474170681242418,0.0012528960807919685,0.09786525061798859,-0.020513970188362367,-3.349508170824575e-11,-1.860595011393683e-11,5.036324113825981e-10,0.1,0.0,1
6,1208,world,12.08,1.1980000000000002,1.18166799418218,1.8011030304286595,-0.457342303577392,0.7057595491609806,0.7074339316876892,0.03648263715171441,0.01047417068047062,0.001269052871470037,0.09781402537374712,-0.020755865315456548,1.4542846094034427e-10,8.077497004599356e-11,-2.1866551592423347e-09,0.1,0.0,1
6,1209,world,12.09,1.199,1.1816807664345126,1.8020809089262324,-0.45755108572941033,0.7057595491615285,0.7074339316871426,0.03648263715172252,0.010474170680442364,0.0012854351387713743,0.09776144635911364,-0.021001125262189196,1.326924681244178e-11,7.370146160035056e-12,-1.995047735955239e-10,0.1,0.0,1
6,1210,world,12.1,1.2000000000000002,1.1816937036347457,1.803058254757344,-0.4577623372704752,0.7057595491623961,0.7074339316862771,0.03648263715173537,0.01047417068039762,0.0013020423643562748,0.0977074877475506,-0.02124974173357584,8.774578286185879e-12,4.873532133409238e-12,-1.319331579749393e-10,0.1,0.0,1
6,1211,world,12.11,1.201,1.1817068083095148,1.8040350530725937,-0.4579760959107882,0.7057595491624645,0.7074339316862088,0.036482637151736386,0.010474170680394093,0.0013189576212324454,0.09765184666267446,-0.021502957800333174,-6.803377305963915e-11,-3.7788175366593154e-11,1.0229548436622984e-09,0.1,0.0,1
6,1212,world,12.120000000000001,1.2020000000000002,1.1817200840868998,1.8050112850386062,-0.4581924158425995,0.7057595491551385,0.7074339316935175,0.03648263715162792,0.0104741706807719,0.0013362628163076317,0.09759420990765719,-0.02176199885547976,-2.7264648871924424e-11,-1.5143095111190243e-11,4.0995643294998013e-10,0.1,0.0,1
6,1213,world,12.13,1.2030000000000003,1.181733534864134,1.8059869304572291,-0.4584113552790446,0.705759549159556,0.7074339316891105,0.03648263715169332,0.010474170680544083,0.001353957513702069,0.09753452901714936,-0.02202685743482133,1.0265885364013617e-10,5.702140148944318e-11,-1.5435889437302718e-09,0.1,0.0,1
6,1214,world,12.14,1.2040000000000002,1.1817471645338102,1.80696196864042,-0.45863297235506467,0.70575954916609,0.707433931682592,0.03648263715179005,0.010474170680207128,0.0013720412227469583,0.09747275448086838,-0.022297525351380087,-2.2703297575257524e-10,-1.2609982502632955e-10,3.4136421391433038e-09,0.1,0.0,1
6,1215,world,12.15,1.205,1.1817609769833903,1.8079363783998623,-0.45885732511989674,0.7057595491353369,0.7074339317132723,0.03648263715133473,0.010474170681793073,0.00139051339417393,0.09740883575706939,-0.022573993642085222,-2.0626902963449803e-11,-1.14578485588268e-11,3.101486569737768e-10,0.1,0.0,1
6,1216,world,12.16,1.2060000000000002,1.1817749760946772,1.8089101380367525,-0.4590844715289291,0.7057595491638895,0.7074339316847873,0.03648263715175748,0.01047417068032061,0.0014093734603345615,0.09734272129183817,-0.0228562524913605,2.1927078208694416e-10,1.217876494097324e-10,-3.296933277600885e-09,0.1,0.0,1
6,1217,world,12.17,1.207,1.1817891657432402,1.8098832253317574,-0.4593144694349071,0.705759549158728,0.7074339316899366,0.03648263715168107,0.010474170680586791,0.00142862074205154,0.09727435853823475,-0.023144291169753615,-2.030958734522413e-10,-1.1280455736173412e-10,3.053748752349439e-09,0.1,0.0,1
6,1218,world,12.18,1.2080000000000002,1.1818035497978399,1.8108556175350214,-0.4595473765791203,0.7057595491422238,0.7074339317064017,0.036482637151436695,0.010474170681437911,0.0014482545285177256,0.0972036939721541,-0.023438097981458354,7.966335924258765e-11,4.424793864643558e-11,-1.1978237466573467e-09,0.1,0.0,1
6,1219,world,12.19,1.209,1.1818181321196581,1.811827291356924,-0.4597832505796643,0.7057595491672263,0.7074339316814584,0.036482637151806885,0.010474170680148531,0.0014682740477211264,0.09713067312115725,-0.023737660170111356,1.224378237685285e-10,6.800532359463312e-11,-1.8409647992243659e-09,0.1,0.0,1
6,1220,world,12.200000000000001,1.2100000000000002,1.1818329165616555,1.812798222958443,-0.46002214892164145,0.7057595491552852,0.7074339316933714,0.03648263715163009,0.010474170680764337,0.001488678418821305,0.09705524058545745,-0.024042963866052612,-5.916031553531601e-11,-3.2859132081949e-11,8.895361986066943e-10,0.1,0.0,1
6,1221,world,12.21,1.2110000000000003,1.1818479069678354,1.813768387941956,-0.4602641289459066,0.7057595491609152,0.7074339316877545,0.036482637151713446,0.010474170680473995,0.0015094667197646148,0.09697734006195734,-0.02435399402006598,1.068822114147493e-10,5.936570679487824e-11,-1.6070898192950528e-09,0.1,0.0,1
6,1222,world,12.22,1.2120000000000002,1.1818631071724197,1.8147377613424251,-0.46050924783656605,0.705759549166687,0.7074339316819964,0.0364826371517989,0.01047417068017634,0.0015306379259287383,0.09689691437598624,-0.024670734321306707,1.0563598606960756e-10,5.86742460173539e-11,-1.5883351600111383e-09,0.1,0.0,1
6,1223,world,12.23,1.2130000000000003,1.181878520999,1.8157063176188213,-0.46075756260805245,0.7057595491721841,0.7074339316765123,0.036482637151880284,0.010474170679892841,0.001552190930013871,0.09681390550954191,-0.02499316713236387,-1.778129726792697e-10,-9.876266471309226e-11,2.6736002572014915e-09,0.1,0.0,1
6,1224,world,12.24,1.2140000000000002,1.1818941522596382,1.8166740306458602,-0.46100913009147454,0.7057595491477184,0.7074339317009202,0.03648263715151805,0.010474170681154553,0.001574124524612532,0.09672825463393941,-0.02532127341688783,-3.0042635046360045e-11,-1.6687692894203527e-11,4.5172244850932285e-10,0.1,0.0,1
6,1225,world,12.25,1.215,1.1819100047539182,1.8176408737060676,-0.46126400692023345,0.7057595491689792,0.7074339316797096,0.03648263715183284,0.010474170680058122,0.001596437433258326,0.09663990214627866,-0.02565503265792858,1.1539103006441553e-10,6.409144048813425e-11,-1.7350216369952496e-09,0.1,0.0,1
6,1226,world,12.26,1.2160000000000002,1.1819260822679483,1.8186068194822214,-0.46152224951490134,0.705759549160028,0.7074339316886398,0.03648263715170031,0.010474170680519743,0.0016191282362724392,0.0965487877058756,-0.02599442279182734,-9.755564411850762e-11,-5.418478166152591e-11,1.46684126975903e-09,0.1,0.0,1
6,1227,world,12.27,1.217,1.1819423885733142,1.819571840050161,-0.4617839140673516,0.7057595491585723,0.7074339316900918,0.03648263715167875,0.01047417068059481,0.0016421954376638244,0.09645485027303655,-0.02633942013315062,3.2943786587580316e-11,1.8298904058688928e-11,-4.953543217972584e-10,0.1,0.0,1
6,1228,world,12.280000000000001,1.2180000000000002,1.1819589274259787,1.820535906872025,-0.4620490565241394,0.7057595491635423,0.7074339316851336,0.03648263715175233,0.010474170680338499,0.0016656374183147853,0.0963580281539985,-0.02668999929306747,-9.65685864606661e-12,-5.36515276650047e-12,1.4520314204484228e-10,0.1,0.0,1
6,1229,world,12.290000000000001,1.2190000000000003,1.1819757025651356,1.8214989907899277,-0.46231773256912867,0.7057595491575421,0.7074339316911196,0.036482637151663506,0.010474170680647944,0.0016894524376303236,0.09625825904355073,-0.027046133112991783,-2.4508520213295507e-11,-1.3614456784161165e-11,3.685189957011722e-10,0.1,0.0,1
6,1230,world,12.3,1.2200000000000002,1.181992717712007,1.8224610620200914,-0.4625899976053563,0.7057595491609278,0.7074339316877419,0.03648263715171363,0.010474170680473342,0.0017136386426093602,0.0961554800745189,-0.0274077925824273,6.616963921235446e-11,3.675393323021578e-11,-9.949201944074716e-10,0.1,0.0,1
6,1231,world,12.31,1.2210000000000003,1.1820099765685932,1.8234220901474858,-0.46286590673614014,0.7057595491646009,0.7074339316840775,0.036482637151768006,0.01047417068028391,0.001738194044495068,0.09604962786940603,-0.02777494676164658,-3.576618168299459e-11,-1.9864665468105597e-11,5.37783381195089e-10,0.1,0.0,1
6,1232,world,12.32,1.2220000000000002,1.1820274828163708,1.824382044120976,-0.46314551474542154,0.7057595491571124,0.7074339316915483,0.03648263715165714,0.010474170680670105,0.001763116521629666,0.09594063859137075,-0.0281475627152892,-4.365501016235154e-11,-2.4248311691901667e-11,6.563963619606066e-10,0.1,0.0,1
6,1233,world,12.33,1.223,1.1820452401149377,1.825340892249048,-0.4634288760773552,0.705759549159944,0.7074339316887236,0.03648263715169907,0.01047417068052408,0.0017884038229324523,0.09582844800475043,-0.02852560542332035,-6.383678308186085e-11,-3.5456707014880325e-11,9.59841825161691e-10,0.1,0.0,1
6,1234,world,12.34,1.2240000000000002,1.1820632521006946,1.8262986021957117,-0.4637160448164037,0.7057595491503025,0.7074339316983421,0.03648263715155631,0.010474170681021293,0.0018140535432753927,0.09571299153003626,-0.028909037723752362,-8.872937107273759e-11,-4.928418784189142e-11,1.3341342299574133e-09,0.1,0.0,1
6,1235,world,12.35,1.225,1.1820815223855012,1.8272551409768691,-0.46400707466710345,0.7057595491504786,0.7074339316981666,0.03648263715155893,0.010474170681012219,0.0018400631378027545,0.09559420432751593,-0.0292978201687094,8.839109999492216e-12,4.909614381709555e-12,-1.3290384960097644e-10,0.1,0.0,1
6,1236,world,12.36,1.2260000000000002,1.1821000545318565,1.8282104750662584,-0.46430201858290193,0.7057595491512454,0.7074339316974014,0.03648263715157027,0.010474170680972663,0.0018664233098920045,0.0954720521091644,-0.029691812509398792,0.0,0.0,0.0,0.1,0.0,1
6,1237,world,12.370000000000001,1.2270000000000003,1.1821188519958876,1.8291645706602315,-0.4646009279141119,0.7057595491506462,0.7074339316979992,0.03648263715156141,0.010474170681003567,0.001893126703672349,0.0953464923244511,-0.030090903487719218,4.0536324297235605e-11,2.251497599470296e-11,-6.094997119857054e-10,0.1,0.0,1
6,1238,world,12.38,1.2280000000000002,1.1821379182105214,1.8301173932938186,-0.4649038536510002,0.7057595491555697,0.7074339316930874,0.0364826371516343,0.010474170680749661,0.0019201734498830057,0.09521744690175704,-0.03049509369445263,1.7521366302286613e-10,9.731937478107958e-11,-2.634514465306782e-09,0.1,0.0,1
6,1239,world,12.39,1.2290000000000003,1.182157256609568,1.831068907715189,-0.4652108467835597,0.7057595491693376,0.7074339316793521,0.036482637151838145,0.01047417068003965,0.001947563599860494,0.09508483652543263,-0.030904382520222776,-3.974841289444692e-11,-2.2077825678756798e-11,5.976546297789535e-10,0.1,0.0,1
6,1240,world,12.4,1.2300000000000002,1.1821768706269542,1.8320190778730756,-0.46552195828972737,0.7057595491513294,0.7074339316973176,0.03648263715157152,0.010474170680968333,0.001975297113542721,0.09494858063049945,-0.03131876813616357,-2.2829342583022011e-10,-1.2680100025531943e-10,3.432612695605828e-09,0.1,0.0,1
6,1241,world,12.41,1.231,1.1821967636958866,1.832967866904402,-0.46583723912264385,0.705759549144984,0.7074339317036481,0.036482637151477565,0.010474170681295573,0.002003373886114814,0.09480859742716624,-0.03173824738333799,1.8340641505520936e-10,1.0186955445856675e-10,-2.7576815342985457e-09,0.1,0.0,1
6,1242,world,12.42,1.2320000000000002,1.1822169392479547,1.83391523712213,-0.4661567401969321,0.7057595491708946,0.7074339316777987,0.036482637151861196,0.010474170679959342,0.0020317937135898244,0.09466480392200392,-0.03216281568386028,1.0051889876017118e-10,5.583172812961829e-11,-1.5113971435064948e-09,0.1,0.0,1
6,1243,world,12.43,1.233,1.1822374007125114,1.834861150001573,-0.46648051237915217,0.7057595491557069,0.7074339316929504,0.03648263715163633,0.010474170680742575,0.0020605562674594255,0.09451711594468999,-0.032592466942019976,-1.900854473824153e-10,-1.0557874019490038e-10,2.8581164507584367e-09,0.1,0.0,1
6,1244,world,12.44,1.2340000000000002,1.1822581515146207,1.8358055661739774,-0.46680860645689753,0.7057595491506169,0.7074339316980284,0.036482637151560963,0.010474170681005075,0.0020896611443650182,0.0943654481839862,-0.03302719342204462,3.982369989329991e-11,2.21191120974826e-11,-5.987969777138831e-10,0.1,0.0,1
6,1245,world,12.450000000000001,1.2350000000000003,1.1822791950749072,1.8367484454104428,-0.46714107313618636,0.7057595491599553,0.7074339316887122,0.03648263715169923,0.010474170680523495,0.002119107815644709,0.09420971421268305,-0.03346698567290248,5.617763199072808e-11,3.120212421769961e-11,-8.446826625738834e-10,0.1,0.0,1
6,1246,world,12.46,1.2360000000000002,1.182300534808131,1.8376897466122253,-0.46747796301993344,0.7057595491566098,0.7074339316920497,0.0364826371516497,0.010474170680696024,0.002148895622615632,0.09404982653451026,-0.03391183239566444,0.0,0.0,0.0,0.1,0.0,1
6,1247,world,12.47,1.2370000000000003,1.1823221741219099,1.8386294278003747,-0.46781932658855796,0.7057595491600561,0.7074339316886116,0.03648263715170073,0.010474170680518298,0.0021790237916816196,0.0938856966158985,-0.034361720362385086,0.0,0.0,0.0,0.1,0.0,1
6,1248,world,12.48,1.2380000000000002,1.1823441164154014,1.8395674461056482,-0.46816521417998463,0.7057595491570928,0.7074339316915678,0.036482637151656845,0.01047417068067111,0.0022094914046822665,0.0937172349399934,-0.03481663428498969,1.9536802731148146e-11,1.0852083121016905e-11,-2.937592823073672e-10,0.1,0.0,1
6,1249,world,12.49,1.239,1.1823663650779073,1.8405037577589052,-0.46851567596853805,0.7057595491621402,0.7074339316865323,0.03648263715173158,0.01047417068041081,0.002240297407574571,0.09354435105503674,-0.03527655670863672,-6.206528346819333e-11,-3.447311880400146e-11,9.332083283214433e-10,0.1,0.0,1
6,1250,world,12.5,1.2400000000000002,1.1823889234874054,1.8414383180820266,-0.4688707619427127,0.705759549150472,0.7074339316981731,0.036482637151558826,0.010474170681012555,0.002271440585958026,0.09336695362646041,-0.035741467907444036,8.867351297681118e-11,4.925192198523826e-11,-1.33328449734675e-09,0.1,0.0,1
6,1251,world,12.51,1.241,1.1824117950090058,1.8423710814794152,-0.4692305218818146,0.7057595491715996,0.7074339316770953,0.03648263715187163,0.010474170679922986,0.002302919586266029,0.09318495049996091,-0.03621134575929246,2.083618000359164e-10,1.1573068892101179e-10,-3.1329363311526742e-09,0.1,0.0,1
6,1252,world,12.52,1.2420000000000002,1.1824349829933267,1.8433020014301067,-0.46959500533144993,0.7057595491726995,0.7074339316759982,0.03648263715188792,0.010474170679866278,0.0023347328628045456,0.09299824876251452,-0.0366861656427162,-1.921397069226456e-10,-1.067205351867764e-10,2.889005430283346e-09,0.1,0.0,1
6,1253,world,12.530000000000001,1.2430000000000003,1.1824584907747977,1.8442310304805596,-0.46996426157786186,0.7057595491511027,0.7074339316975438,0.03648263715156816,0.010474170680980024,0.0023668787084998445,0.09280675481816696,-0.03716590030256091,-2.0091636687702398e-10,-1.1159510815428309e-10,3.0209897842851907e-09,0.1,0.0,1
6,1254,world,12.540000000000001,1.2440000000000002,1.1824823216698774,1.8451581202381677,-0.4703383396211014,0.7057595491512662,0.7074339316973807,0.03648263715157058,0.010474170680971593,0.002399355247255393,0.09261037445628557,-0.03765051975025098,3.803138359792509e-11,2.112268693288397e-11,-5.718315469575846e-10,0.1,0.0,1
6,1255,world,12.55,1.2450000000000003,1.1825064789752013,1.8460832213655454,-0.4707172881470252,0.7057595491551597,0.7074339316934963,0.036482637151628236,0.010474170680770804,0.002432160397485354,0.0924090129335336,-0.03813999114382341,5.534704639043037e-11,3.074138166248017e-11,-8.322006386958505e-10,0.1,0.0,1
6,1256,world,12.56,1.2460000000000002,1.1825309659656424,1.8470062835756507,-0.4711011554981214,0.7057595491571704,0.7074339316914904,0.036482637151658,0.010474170680667107,0.0024652918822852146,0.0922025750676976,-0.03863427865019259,6.094950932845183e-11,3.3854169467776705e-11,-9.164466603131147e-10,0.1,0.0,1
6,1257,world,12.57,1.247,1.1825557858922975,1.8479272556277893,-0.47148998964315425,0.7057595491616617,0.7074339316870097,0.03648263715172449,0.010474170680435496,0.0024987472226286507,0.09199096531851804,-0.03913334335428826,7.373893162743166e-11,4.0956821267812377e-11,-1.1087357431899942e-09,0.1,0.0,1
6,1258,world,12.58,1.2480000000000002,1.1825809419803917,1.8488460853245816,-0.4718838381456379,0.7057595491650367,0.7074339316836428,0.036482637151774466,0.010474170680261442,0.0025325237237109836,0.0917740878923491,-0.039637143125056645,-1.601392629613228e-11,-8.893233371942693e-12,2.4078796682230876e-10,0.1,0.0,1
6,1259,world,12.59,1.249,1.1826064374273055,1.849762719508592,-0.4722827481341348,0.7057595491599534,0.707433931688714,0.03648263715169919,0.010474170680523585,0.002566618468204628,0.09155184684573946,-0.040145632499350895,-2.218537853426736e-11,-1.232312862864403e-11,3.3358152936972766e-10,0.1,0.0,1
6,1260,world,12.6,1.2500000000000002,1.1826322754002279,1.8506771040619208,-0.472686766266958,0.70575954916267,0.7074339316860039,0.03648263715173943,0.010474170680383501,0.0026010282991722213,0.09132414630342295,-0.04065876232422608,-2.327658898959582e-10,-1.2928720594107535e-10,3.4998672308796777e-09,0.1,0.0,1
6,1261,world,12.61,1.2510000000000001,1.1826584563922773,1.8515892017166653,-0.4730958993113195,0.7057595491351226,0.707433931713486,0.036482637151331564,0.010474170681804125,0.0026349611348589104,0.09109622783710786,-0.04116472098372003,2.4614685290025287e-11,1.367239654825879e-11,-3.7010806203628646e-10,0.1,0.0,1
6,1262,world,12.620000000000001,1.2520000000000002,1.1826849704515527,1.8524990460045112,-0.47350999830412005,0.7057595491652958,0.7074339316833842,0.036482637151778304,0.010474170680248081,0.0026676425236901676,0.09087352489953365,-0.04165196460792262,2.0574132675308302e-10,1.1427629675874015e-10,-3.093525809864939e-09,0.1,0.0,1
6,1263,world,12.63,1.2530000000000003,1.1827118050874865,1.8534066906168827,-0.473928876482832,0.7057595491570706,0.7074339316915902,0.03648263715165652,0.01047417068067226,0.002699077338594596,0.0906563422629223,-0.04212057204060953,-6.692424392440438e-11,-3.71709607538406e-11,1.006274588395e-09,0.1,0.0,1
6,1264,world,12.64,1.2540000000000002,1.1827389478609431,1.8543121922199066,-0.474352347909064,0.7057595491581565,0.7074339316905066,0.036482637151672596,0.01047417068061625,0.0027292709648634966,0.09044497014395872,-0.04257062902587616,-2.7009644520961856e-11,-1.5002235564944274e-11,4.0611406923987984e-10,0.1,0.0,1
6,1265,world,12.65,1.2550000000000001,1.1827663863885753,1.8552156103098991,-0.4747802275315253,0.7057595491541893,0.7074339316944646,0.03648263715161386,0.010474170680820854,0.0027582291685272244,0.09023968441533137,-0.04300222701762419,-4.725490831969377e-11,-2.6247753970309853e-11,7.105216317648121e-10,0.1,0.0,1
6,1266,world,12.66,1.2560000000000002,1.182794108346389,1.8561170070712354,-0.47521233123714235,0.7057595491531156,0.7074339316955357,0.03648263715159797,0.010474170680876227,0.002785958039508754,0.09004074686670813,-0.043415462009375044,1.4854437124789383e-11,8.250691796440882e-12,-2.2334305628882144e-10,0.1,0.0,1
6,1267,world,12.67,1.2570000000000001,1.1828221014725553,1.8570164472369401,-0.47564847589088355,0.7057595491557738,0.7074339316928837,0.03648263715163732,0.01047417068073913,0.0028124639107297883,0.0898484054893538,-0.04381043343510199,2.892911604712719e-10,1.6068188446460833e-10,-4.34978014436475e-09,0.1,0.0,1
6,1268,world,12.68,1.2580000000000002,1.1828503535695798,1.8579139979516588,-0.4760884793660493,0.7057595491839763,0.707433931664748,0.03648263715205488,0.01047417067928472,0.002837753294312328,0.08966289479228835,-0.04418724311051382,0.0,0.0,0.0,0.1,0.0,1
6,1269,world,12.69,1.2590000000000001,1.1828788525054625,1.858809728640287,-0.4765321605593721,0.7057595491563291,0.7074339316923298,0.03648263715164555,0.010474170680710495,0.0028618327866336505,0.08948443611600526,-0.04454599427672395,-2.43859793469525e-10,-1.3544790289365936e-10,3.666681617619374e-09,0.1,0.0,1
6,1270,world,12.700000000000001,1.2600000000000002,1.182907586214677,1.8597037108765742,-0.47697933940352305,0.705759549157962,0.7074339316907007,0.036482637151669724,0.01047417068062629,0.002884709070599422,0.0893132379911705,-0.044886790630546784,-1.4218244637208073e-10,-7.897051068627374e-11,2.1378384522719277e-09,0.1,0.0,1
6,1271,world,12.71,1.2610000000000003,1.1829365426983443,1.860596018256641,-0.47742983686747825,0.7057595491411616,0.7074339317074614,0.036482637151420964,0.010474170681492685,0.0029063887822730824,0.08914949649344414,-0.045209735447264796,-1.5966360178420997e-10,-8.868079881541027e-11,2.400694926055558e-09,0.1,0.0,1
6,1272,world,12.72,1.2620000000000002,1.1829657100237592,1.8614867262765817,-0.4778834749473757,0.7057595491409296,0.7074339317076929,0.03648263715141754,0.010474170681504653,0.0029268785089639317,0.08899339560218643,-0.04551493075229833,-3.367896239670302e-11,-1.8706911020240747e-11,5.063936357914969e-10,0.1,0.0,1
6,1273,world,12.73,1.2630000000000001,1.182995076323537,1.8623759122125785,-0.4783400766515396,0.7057595491375688,0.7074339317110456,0.03648263715136777,0.010474170681677969,0.002946184703732275,0.08884510755861198,-0.04580247655520565,1.896881957064165e-10,1.053587772581465e-10,-2.8521487797396303e-09,0.1,0.0,1
6,1274,world,12.74,1.2640000000000002,1.1830246297939366,1.8632636550070016,-0.47879946597336787,0.705759549161165,0.7074339316875053,0.03648263715171714,0.010474170680461107,0.0029643136628852186,0.08870479322289124,-0.046072470129049324,1.0130958572052143e-10,5.626922539025964e-11,-1.523277435178798e-09,0.1,0.0,1
6,1275,world,12.75,1.2650000000000001,1.1830543586930613,1.8641500351554738,-0.4792614678623565,0.7057595491483761,0.7074339317002639,0.036482637151527796,0.010474170681120632,0.0029812714453671023,0.08857260242976207,-0.04632500533608547,-4.508823869819873e-11,-2.5044202822677138e-11,6.779537272284107e-10,0.1,0.0,1
6,1276,world,12.76,1.2660000000000002,1.1830842513385422,1.8650351345980611,-0.4797259081873654,0.7057595491563551,0.707433931692304,0.03648263715164593,0.010474170680709157,0.0029970638827629538,0.08844867433805921,-0.04656017199197814,1.5950747667137204e-10,8.859649125447778e-11,-2.398364953902843e-09,0.1,0.0,1
6,1277,world,12.77,1.2670000000000001,1.1831142961047434,1.865919036614381,-0.48019261369288063,0.7057595491653921,0.7074339316832884,0.036482637151779726,0.01047417068024312,0.003011696493117804,0.08833313775658078,-0.04677805530705896,-6.930254980996856e-11,-3.849316698723011e-11,1.0420256508786991e-09,0.1,0.0,1
6,1278,world,12.780000000000001,1.2680000000000002,1.1831444814196346,1.86680182572174,-0.480661411950199,0.7057595491489621,0.7074339316996794,0.03648263715153647,0.01047417068109042,0.003025174461553648,0.08822611147076784,-0.04697873534084132,-5.398841096403933e-11,-2.998712389512211e-11,8.117683066541848e-10,0.1,0.0,1
6,1279,world,12.790000000000001,1.2690000000000003,1.1831747957613137,1.8676835875763935,-0.4811321313035188,0.7057595491596327,0.707433931689034,0.036482637151694454,0.010474170680540133,0.0030375026288399125,0.0881277045430092,-0.047162286519632085,-6.516662209854467e-11,-3.619431143686565e-11,9.79837332147972e-10,0.1,0.0,1
6,1280,world,12.8,1.2700000000000002,1.1832052276542666,1.8685644088773832,-0.48160460081205564,0.7057595491420103,0.7074339317066146,0.03648263715143353,0.010474170681448921,0.0030486854158362944,0.08803801659796416,-0.04732877719455528,0.0,0.0,0.0,0.1,0.0,1
6,1281,world,12.81,1.2710000000000001,1.1832357656652708,1.869444377273669,-0.48207865018689894,0.7057595491590322,0.7074339316896331,0.036482637151685565,0.0104741706805711,0.003058726850590853,0.08795713809467519,-0.04747826922127338,1.7602759527779442e-10,9.776970899544316e-11,-2.6467335322109105e-09,0.1,0.0,1
6,1282,world,12.82,1.2720000000000002,1.1832663983988116,1.8703235812756762,-0.48255410972059964,0.7057595491607883,0.707433931687881,0.036482637151711565,0.010474170680480534,0.0030676304912525152,0.08788515053994776,-0.04761081765460304,4.334553549423244e-11,2.4075533233691696e-11,-6.51734390197042e-10,0.1,0.0,1
6,1283,world,12.83,1.2730000000000001,1.1832971144929003,1.871202110164031,-0.4830308102227678,0.7057595491636561,0.7074339316850201,0.036482637151754024,0.010474170680332639,0.003075399443720619,0.08782212674041469,-0.04772647036029487,-1.5840037614900366e-10,-8.798031747581083e-11,2.381712790313834e-09,0.1,0.0,1
6,1284,world,12.84,1.2740000000000002,1.1833279026141483,1.8720800539047195,-0.48350858294459326,0.7057595491438907,0.7074339317047389,0.03648263715146139,0.010474170681351954,0.003082036316942239,0.0877681309931325,-0.047825267736975444,3.28782140401884e-11,1.826178097630303e-11,-4.943487405453108e-10,0.1,0.0,1
6,1285,world,12.85,1.2750000000000001,1.1833587514528123,1.8729575030648105,-0.4839872595029225,0.7057595491671634,0.707433931681521,0.03648263715180595,0.010474170680151761,0.0030875432456033644,0.08772321918762509,-0.047907242584669975,1.6876430808389827e-10,9.373717080319788e-11,-2.537552199616546e-09,0.1,0.0,1
6,1286,world,12.86,1.276,1.1833896511924786,1.8738345366719247,-0.48446669375500556,0.705759549161894,0.707433931686778,0.036482637151727934,0.01047417068042352,0.003092362611930107,0.08768383347791377,-0.04797898123234619,-3.506778201156243e-11,-1.9477475188265412e-11,5.272766760970709e-10,0.1,0.0,1
6,1287,world,12.870000000000001,1.2770000000000004,1.1834205978636037,1.8747111863771562,-0.4849468265986256,0.7057595491634225,0.7074339316852531,0.03648263715175056,0.010474170680344681,0.0030969295484109885,0.08764644063490054,-0.04804696110478826,-9.494210972959039e-11,-5.273351200151785e-11,1.427562294721067e-09,0.1,0.0,1
6,1288,world,12.88,1.2780000000000002,1.1834515889424284,1.8755874721612689,-0.4854276204553067,0.7057595491517658,0.7074339316968823,0.03648263715157798,0.010474170680945827,0.0031012441726320557,0.08761105088797826,-0.04811118421828547,-2.023173295562453e-11,-1.1237885622074186e-11,3.0421489979896036e-10,0.1,0.0,1
6,1289,world,12.89,1.2790000000000001,1.1834826219064578,1.8764634141040017,-0.48590903776721817,0.7057595491612643,0.7074339316874064,0.036482637151718615,0.010474170680455992,0.0031053066100509077,0.08757767390349691,-0.04817165249926902,-8.381177696303858e-11,-4.655199836722798e-11,1.2601922381050976e-09,0.1,0.0,1
6,1290,world,12.9,1.2800000000000002,1.1835136942343496,1.8773390323788393,-0.4863910409955169,0.705759549142825,0.7074339317058019,0.036482637151445604,0.010474170681406911,0.003109116962715061,0.08754631876566188,-0.04822836781701491,-1.4665595127194546e-10,-8.145706331674763e-11,2.205102393000241e-09,0.1,0.0,1
6,1291,world,12.91,1.2810000000000001,1.183544803405876,1.8782143472472677,-0.48687359261960095,0.7057595491456196,0.7074339317030142,0.03648263715148698,0.010474170681262803,0.0031126753513580525,0.08751699398971152,-0.04828133195306286,2.826721495763348e-10,1.5700461764023272e-10,-4.250248352051507e-09,0.1,0.0,1
6,1292,world,12.92,1.2820000000000003,1.183575946901874,1.8790893790530556,-0.4873566551362944,0.7057595491729797,0.7074339316757188,0.036482637151892074,0.010474170679851826,0.0031159818813768494,0.08748970751304914,-0.04833054661594512,0.0,0.0,0.0,0.1,0.0,1
6,1293,world,12.93,1.2830000000000001,1.1836071222041944,1.8799641482165506,-0.48784019105895926,0.7057595491455345,0.707433931703099,0.036482637151485725,0.010474170681267185,0.0031190366317947354,0.08746446671120472,-0.048376013409685635,-1.265335058953238e-10,-7.027954607164649e-11,1.902553613785039e-09,0.1,0.0,1
6,1294,world,12.94,1.284,1.1836383267956418,1.8808386752289896,-0.48832416291654224,0.7057595491594814,0.7074339316891849,0.036482637151692206,0.010474170680547923,0.0031218397184673992,0.08744127838955394,-0.04841773384177255,-1.2644399416393532e-11,-7.022854520143719e-12,1.9011488347137708e-10,0.1,0.0,1
6,1295,world,12.950000000000001,1.2850000000000004,1.183669558159918,1.8817129806468351,-0.4888085332525646,0.7057595491441856,0.7074339317044446,0.03648263715146575,0.010474170681336742,0.0031243912105789326,0.0874201487882688,-0.048455709316861766,-3.6298047900725044e-11,-2.0161650127190587e-11,5.457759678222873e-10,0.1,0.0,1
6,1296,world,12.96,1.2860000000000003,1.183700813781553,1.882587085086116,-0.4892932646240511,0.7057595491556092,0.7074339316930479,0.036482637151634884,0.01047417068074762,0.0031266912017524004,0.08740108357904051,-0.04848994113564649,-1.960171608361921e-10,-1.0887332702048758e-10,2.9473054422374716e-09,0.1,0.0,1
6,1297,world,12.97,1.2870000000000001,1.183732091145845,1.883461009216774,-0.48977831960046647,0.7057595491232751,0.7074339317253056,0.03648263715115614,0.010474170682415107,0.0031287397474673282,0.08738408787616607,-0.04852043047668793,-2.1050175491588148e-10,-1.1691897450205591e-10,3.1651002240125323e-09,0.1,0.0,1
6,1298,world,12.98,1.2880000000000003,1.1837633877387732,1.8843347737571292,-0.49026366076237404,0.7057595491331535,0.7074339317154504,0.036482637151302406,0.01047417068190567,0.0031305369340692553,0.08736916622946521,-0.048547178402791914,2.976601604087744e-10,1.653285147673598e-10,-4.47561003557618e-09,0.1,0.0,1
6,1299,world,12.99,1.2890000000000001,1.1837947010469423,1.8852083994681534,-0.4907492507004485,0.7057595491550286,0.7074339316936272,0.036482637151626286,0.010474170680777571,0.0031320828124549783,0.08735632262757592,-0.04857018585761016,1.4651509172569622e-10,8.137934770502391e-11,-2.2029960212825696e-09,0.1,0.0,1
6,1300,world,13.0,1.2900000000000003,1.1838260285574995,1.8860819071479218,-0.49123505201415074,0.7057595491487834,0.7074339316998577,0.03648263715153382,0.010474170681099636,0.0031333774231462894,0.08734556050200365,-0.04858945365524228,0.0,0.0,0.0,0.1,0.0,1
6,1301,world,13.01,1.2910000000000001,1.1838573677580533,1.8869553176260165,-0.4917210273104511,0.7057595491545071,0.7074339316941475,0.03648263715161856,0.010474170680804458,0.003134420818231891,0.08733688272466379,-0.048604982481969455,-3.194146336316446e-11,-1.774171087820715e-11,4.802839387048175e-10,0.1,0.0,1
6,1302,world,13.02,1.292,1.1838887161365979,1.8878286517579534,-0.4922071392025378,0.7057595491453759,0.7074339317032571,0.03648263715148337,0.01047417068127536,0.003135213025802987,0.08733029160792455,-0.048616772897403425,8.058657907649357e-11,4.476037596123416e-11,-1.2116874615208278e-09,0.1,0.0,1
6,1303,world,13.030000000000001,1.2930000000000004,1.1839200711814304,1.888701930419602,-0.4926933503084945,0.7057595491631038,0.7074339316855711,0.03648263715174584,0.010474170680361118,0.003135754081254133,0.08732578891552868,-0.04862482531199908,5.039545170059658e-11,2.7990804118968238e-11,-7.577562492407638e-10,0.1,0.0,1
6,1304,world,13.040000000000001,1.2940000000000003,1.1839514303810652,1.8895751745016371,-0.4931796232499403,0.7057595491507519,0.7074339316978937,0.03648263715156297,0.010474170680998117,0.003136043989618228,0.08732337584014963,-0.048629140029154895,-8.398039208491284e-11,-4.6644979545545484e-11,1.262719903682083e-09,0.1,0.0,1
6,1305,world,13.05,1.2950000000000002,1.1839827912241536,1.8904484049039425,-0.4936659206507181,0.7057595491541451,0.7074339316945086,0.0364826371516132,0.01047417068082313,0.0031360827709391637,0.08732305302976641,-0.048629717194473,6.662240203958441e-11,3.7004427300146826e-11,-1.0017297213081578e-09,0.1,0.0,1
6,1306,world,13.06,1.2960000000000003,1.1840141511994013,1.8913216425300652,-0.4941522051355263,0.705759549157859,0.7074339316908035,0.03648263715166819,0.0104741706806316,0.0031358704227446837,0.08732482057069524,-0.0486265568284208,0.0,0.0,0.0,0.1,0.0,1
6,1307,world,13.07,1.2970000000000002,1.1840455077954817,1.8921949082816465,-0.4946384393285529,0.7057595491546182,0.7074339316940366,0.03648263715162021,0.010474170680798724,0.00313540693550738,0.08732867799816979,-0.048619658806297185,-1.3750701965964383e-10,-7.637397658744043e-11,2.0675436568969703e-09,0.1,0.0,1
6,1308,world,13.08,1.2980000000000003,1.1840768585009516,1.8930682230528706,-0.49512458585212554,0.7057595491431903,0.7074339317054376,0.036482637151450996,0.010474170681388069,0.003134692293861893,0.08733462428207361,-0.04860902288394452,-5.577587003369185e-11,-3.0980079612774577e-11,8.38649690058229e-10,0.1,0.0,1
6,1309,world,13.09,1.2990000000000002,1.1841082008041703,1.893941607724892,-0.49561060732535267,0.7057595491486682,0.7074339316999725,0.03648263715153212,0.010474170681105574,0.00313372647931576,0.08734265784529843,-0.048594648664970964,9.284517599185051e-11,5.1567430880977834e-11,-1.3960089377888935e-09,0.1,0.0,1
6,1310,world,13.1,1.3,1.1841395321932136,1.8948150831602681,-0.4960964663627838,0.7057595491530946,0.7074339316955566,0.03648263715159765,0.0104741706808773,0.0031325094576128854,0.08735277653000707,-0.04857653566277253,4.950380383395009e-11,2.7496754873013148e-11,-7.443261772991505e-10,0.1,0.0,1
6,1311,world,13.11,1.3010000000000002,1.1841708506315591,1.8956886662443362,-0.4965821326539523,0.7057595491539491,0.7074339316947041,0.036482637151610306,0.010474170680833231,0.003131183407951159,0.08736379612294531,-0.04855679990953087,-1.5696853539191504e-10,-8.718477328971822e-11,2.3601782908695137e-09,0.1,0.0,1
6,1312,world,13.120000000000001,1.3020000000000003,1.184202155965332,1.8965623582001927,-0.4970676039077623,0.7057595491363496,0.7074339317122619,0.03648263715134972,0.010474170681740842,0.0031298885395859137,0.08737455095088964,-0.04853752820097208,-7.895177567274194e-11,-4.385276863860805e-11,1.18711484869624e-09,0.1,0.0,1
6,1313,world,13.13,1.3030000000000002,1.1842334485063999,1.897436156382117,-0.4975528847648549,0.7057595491455267,0.7074339317031065,0.03648263715148561,0.010474170681267577,0.0031286248655495717,0.08738504139856096,-0.04851872057487144,2.2488746975746194e-10,1.2490945777710028e-10,-3.381398074953423e-09,0.1,0.0,1
6,1314,world,13.14,1.3040000000000003,1.1842647285666623,1.8983100581481154,-0.498037979866384,0.70575954916034,0.7074339316883285,0.036482637151704925,0.010474170680503651,0.0031273923845474235,0.08739526782681224,-0.04850037709495499,1.2054419962215222e-10,6.695338727880078e-11,-1.8125057986602394e-09,0.1,0.0,1
6,1315,world,13.15,1.3050000000000002,1.1842959964580468,1.899184060859817,-0.4985228938540141,0.7057595491583861,0.7074339316902777,0.036482637151676,0.01047417068060442,0.003126191093635206,0.08740523059778164,-0.04848249780482326,-3.587859176423787e-11,-1.9928850236716736e-11,5.394722808662456e-10,0.1,0.0,1
6,1316,world,13.16,1.3060000000000003,1.1843272524925108,1.9000581618823857,-0.4990076313699236,0.7057595491565126,0.7074339316921469,0.03648263715164826,0.010474170680701039,0.003125020999923053,0.08741493005893514,-0.048465082755954514,-2.125348508297263e-10,-1.180475855955264e-10,3.1956648752998857e-09,0.1,0.0,1
6,1317,world,13.17,1.3070000000000002,1.1843584969820433,1.9009323585844113,-0.49949219705679715,0.7057595491357135,0.7074339317128965,0.03648263715134031,0.010474170681773648,0.0031238821020014417,0.08742436654679558,-0.04844813200221786,-4.0335790263417145e-11,-2.2402912858157336e-11,6.06483694645385e-10,0.1,0.0,1
6,1318,world,13.18,1.308,1.1843897302386617,1.9018066483378133,-0.4999765955578237,0.7057595491522097,0.7074339316964395,0.03648263715158455,0.010474170680922936,0.0031227744166046033,0.08743354038822493,-0.04843164559586677,1.6188092533120352e-11,8.991418720682978e-12,-2.4340494897412387e-10,0.1,0.0,1
6,1319,world,13.19,1.3090000000000002,1.1844209525744107,1.902681028517775,-0.5004608315166589,0.7057595491374404,0.7074339317111737,0.036482637151365876,0.01047417068168459,0.003121697929811684,0.08744245190465166,-0.04841562358307173,9.474504514271945e-11,5.262318358844574e-11,-1.4245856772876278e-09,0.1,0.0,1
6,1320,world,13.200000000000001,1.3100000000000003,1.1844521643013726,1.9035554965025538,-0.500944909577565,0.7057595491623168,0.7074339316863563,0.03648263715173419,0.010474170680401714,0.003120652662059281,0.08745110140207875,-0.048400066017786854,2.1371446279339052e-11,1.1871059690804477e-11,-3.21343505190613e-10,0.1,0.0,1
6,1321,world,13.21,1.3110000000000002,1.1844833657316558,1.904430049673465,-0.5014288343852615,0.7057595491397203,0.7074339317088992,0.03648263715139963,0.010474170681567014,0.003119638595264992,0.08745948917967407,-0.04838497295096287,-5.5890708727801494e-11,-3.104357049199532e-11,8.403791605746798e-10,0.1,0.0,1
6,1322,world,13.22,1.3120000000000003,1.1845145571774005,1.9053046854147628,-0.5019126105849802,0.7057595491563545,0.7074339316923045,0.03648263715164592,0.01047417068070919,0.0031186557532377783,0.08746761552757126,-0.04837034442934816,2.426142620137737e-10,1.3475436044796383e-10,-3.647948983902593e-09,0.1,0.0,1
6,1323,world,13.23,1.3130000000000002,1.184545738950776,1.906179401113537,-0.5023962428224624,0.7057595491656017,0.7074339316830791,0.03648263715178283,0.010474170680232308,0.0031177041280922185,0.08747548072196056,-0.04835618050913023,6.759072468387466e-11,3.754184463300443e-11,-1.0162955438146316e-09,0.1,0.0,1
6,1324,world,13.24,1.3140000000000003,1.1845769113639841,1.907054194159613,-0.5028797357439623,0.7057595491635649,0.7074339316851112,0.03648263715175268,0.010474170680337349,0.0031167837219761964,0.08748308503163231,-0.04834248124143625,2.3207130661617706e-11,1.2889342371202859e-11,-3.489394157733108e-10,0.1,0.0,1
6,1325,world,13.25,1.3150000000000002,1.1846080747292564,1.9079290619454516,-0.5033630939962458,0.7057595491680773,0.7074339316806093,0.036482637151819486,0.01047417068010464,0.0031158945422556255,0.08749042871590518,-0.04832924667640348,-7.767016196869892e-11,-4.313945034529119e-11,1.1678432906057118e-09,0.1,0.0,1
6,1326,world,13.26,1.316,1.1846392293588572,1.9088040018660535,-0.5038463222265961,0.7057595491552793,0.7074339316933771,0.03648263715163,0.010474170680764639,0.0031150365860147964,0.08749751202608194,-0.04831647686155767,-1.8114711120009714e-10,-1.0061396160665473e-10,2.723731093098867e-09,0.1,0.0,1
6,1327,world,13.27,1.3170000000000002,1.1846703755650814,1.9096790113188569,-0.5043294250828135,0.705759549148753,0.7074339316998879,0.036482637151533374,0.010474170681101194,0.0031142098626568983,0.08750433519668264,-0.04830417185624797,2.1937521244017364e-10,1.2184663000790209e-10,-3.2985217693084825e-09,0.1,0.0,1
6,1328,world,13.280000000000001,1.3180000000000003,1.1847015136602563,1.910554087703638,-0.5048124072132179,0.7057595491786816,0.7074339316700302,0.03648263715197649,0.01047417067955778,0.003113414382259577,0.08751089846013234,-0.04829233170581793,3.561734240875578e-11,1.9782786520039495e-11,-5.35553068906069e-10,0.1,0.0,1
6,1329,world,13.290000000000001,1.3190000000000002,1.1847326439567418,1.9114292284224168,-0.5052952732666542,0.7057595491525527,0.7074339316960973,0.03648263715158963,0.010474170680905252,0.003112650126261665,0.08751720203076728,-0.04828095647247834,-2.1402185579333356e-10,-1.1887366091478655e-10,3.2180380376504284e-09,0.1,0.0,1
6,1330,world,13.3,1.3200000000000003,1.1847637667669297,1.9123044308793493,-0.5057780278924908,0.7057595491558503,0.7074339316928074,0.03648263715163845,0.010474170680735188,0.003111917117923248,0.08752324612311835,-0.048270046197649616,-1.3208323323965474e-10,-7.336319052253506e-11,1.9860013536054218e-09,0.1,0.0,1
6,1331,world,13.31,1.3210000000000002,1.1847948824032444,1.9131796924806306,-0.5062606757406253,0.7057595491384625,0.7074339317101542,0.03648263715138102,0.01047417068163189,0.003111215348762826,0.08752903093350911,-0.048259600940066136,-1.8700561932316602e-10,-1.0386795590289203e-10,2.811813406894054e-09,0.1,0.0,1
6,1332,world,13.32,1.3220000000000003,1.1848259911781442,1.914055010634397,-0.5067432214614864,0.7057595491359011,0.7074339317127094,0.03648263715134308,0.010474170681763977,0.0031105448307789992,0.08753455665037413,-0.048249620753723646,1.6677527414632444e-10,9.263215194899022e-11,-2.5076249128390375e-09,0.1,0.0,1
6,1333,world,13.33,1.3230000000000002,1.1848570934041207,1.9149303827506283,-0.507225669706041,0.7057595491562535,0.7074339316924052,0.036482637151644425,0.010474170680714396,0.0031099055687880545,0.08753982345703246,-0.04824010568463562,2.4101415307955946e-10,1.338654881388882e-10,-3.6238832301728996e-09,0.1,0.0,1
6,1334,world,13.34,1.324,1.1848881893936998,1.915805806241045,-0.5077080251257948,0.7057595491616118,0.7074339316870596,0.03648263715172376,0.010474170680438074,0.003109297557607027,0.08754483151788746,-0.04823105579606319,-1.0476203238241044e-10,-5.8188870388775555e-11,1.5751913499690418e-09,0.1,0.0,1
6,1335,world,13.35,1.3250000000000002,1.1849192794594408,1.9166812785190037,-0.5081902923727949,0.7057595491450779,0.7074339317035544,0.03648263715147897,0.01047417068129074,0.0031087207990655908,0.08754958099166202,-0.04822247114341893,-1.4606441056663744e-10,-8.112885363509286e-11,2.1962282199024914e-09,0.1,0.0,1
6,1336,world,13.36,1.326,1.1849503638962047,1.9175567971454,-0.5086724758356879,0.70575954914603,0.7074339317026045,0.03648263715149306,0.010474170681241629,0.003108170004558505,0.08755411567081514,-0.04821427286939302,-9.647109500132692e-11,-5.3582485670666774e-11,1.450552324739825e-09,0.1,0.0,1
6,1337,world,13.370000000000001,1.3270000000000002,1.1849814429287073,1.9184323602601505,-0.5091545788590651,0.7057595491347864,0.7074339317138213,0.03648263715132659,0.010474170681821455,0.003107639945111673,0.08755847867355254,-0.04820638325309829,3.2557602447354747e-10,1.8083555486379162e-10,-4.895348368208285e-09,0.1,0.0,1
6,1338,world,13.38,1.3280000000000003,1.1850125167643435,1.9193079661469046,-0.5096366045297449,0.7057595491807614,0.7074339316679552,0.03648263715200728,0.010474170679450508,0.0031071306407164656,0.08756267008195211,-0.04819880234301191,-2.8594140943916076e-11,-1.588174036726285e-11,4.299313509370514e-10,0.1,0.0,1
6,1339,world,13.39,1.3290000000000002,1.1850435856105517,1.9201836130900407,-0.5101185559351695,0.7057595491317362,0.7074339317168644,0.03648263715128142,0.010474170681978761,0.003106642059284871,0.08756668996132327,-0.04819153021364821,-2.8358426718000353e-10,-1.5751115689521798e-10,4.2639601593487364e-09,0.1,0.0,1
6,1340,world,13.4,1.3300000000000003,1.185074649674808,1.921059299374625,-0.5106004361634177,0.7057595491505095,0.7074339316981355,0.036482637151559374,0.01047417068101061,0.0031061742436493366,0.08757053838316224,-0.04818456691567538,1.5259668528777568e-10,8.475650736805556e-11,-2.2944345967439145e-09,0.1,0.0,1
6,1341,world,13.41,1.3310000000000002,1.1851057091646264,1.9219350232864008,-0.5110822483031071,0.7057595491480148,0.7074339317006244,0.036482637151522446,0.010474170681139271,0.0031057271761039305,0.08757421541162064,-0.048177912509226435,1.5326663549421494e-10,8.512877902600963e-11,-2.3045078540766026e-09,0.1,0.0,1
6,1342,world,13.42,1.332,1.1851367642875557,1.9228107831117638,-0.5115639954434044,0.7057595491668595,0.7074339316818242,0.03648263715180145,0.010474170680167432,0.003105300870442245,0.08757772110947168,-0.048171567047124705,3.959541028386579e-11,2.1993865062519527e-11,-5.953710669002323e-10,0.1,0.0,1
6,1343,world,13.43,1.3330000000000002,1.185167815251178,1.9236865771377187,-0.5120456806739879,0.7057595491522388,0.7074339316964104,0.03648263715158498,0.010474170680921439,0.0031048953164675794,0.08758105553875573,-0.048165530577282796,-2.2904039775895037e-10,-1.2721559916606385e-10,3.443836134233571e-09,0.1,0.0,1
6,1344,world,13.44,1.334,1.1851988622631084,1.9245624036518647,-0.5125273070850308,0.7057595491424262,0.7074339317061997,0.03648263715143969,0.01047417068142747,0.003104510526453018,0.08758421875764207,-0.048159803145410005,3.907568713046313e-11,2.1702778463250612e-11,-5.875246578308784e-10,0.1,0.0,1
6,1345,world,13.450000000000001,1.3350000000000002,1.1852299055309903,1.925438260942356,-0.5130088777671672,0.7057595491564072,0.7074339316922519,0.0364826371516467,0.010474170680706472,0.00310414650815302,0.08758721081885015,-0.04815438479962364,-2.4539398291165163e-11,-1.3630763184833833e-11,3.6897798726984204e-10,0.1,0.0,1
6,1346,world,13.46,1.3360000000000003,1.1852609452624978,1.9263141472978804,-0.5134903958114688,0.7057595491398084,0.7074339317088113,0.03648263715140094,0.010474170681562476,0.0031038032514667095,0.08759003177174407,-0.048149275587500304,1.4875704834604857e-10,8.262487916077524e-11,-2.236710708140852e-09,0.1,0.0,1
6,1347,world,13.47,1.3370000000000002,1.1852919816653307,1.9271900610076325,-0.5139718643094208,0.7057595491722762,0.7074339316764205,0.03648263715188165,0.010474170679888099,0.0031034807775056493,0.08759268167138867,-0.04814447553643539,2.350557248842475e-10,1.3055702352549035e-10,-3.5342842855893388e-09,0.1,0.0,1
6,1348,world,13.48,1.3380000000000003,1.1853230149472136,1.9280660003612762,-0.5144532863528894,0.7057595491648835,0.7074339316837958,0.0364826371517722,0.010474170680269344,0.003103179067739905,0.08759516055921504,-0.04813998469338021,-9.247602683615231e-11,-5.136412128958762e-11,1.3904578280866231e-09,0.1,0.0,1
6,1349,world,13.49,1.3390000000000002,1.1853540453158946,1.9289419636489222,-0.514934665034099,0.7057595491624111,0.7074339316862621,0.03648263715173559,0.010474170680396846,0.003102898135273158,0.08759746847828377,-0.048135803092482,-1.4949187721048896e-10,-8.303219223294381e-11,2.24774937161398e-09,0.1,0.0,1
6,1350,world,13.5,1.34,1.1853850729791444,1.9298179491611056,-0.5154160034456085,0.7057595491489361,0.7074339316997053,0.03648263715153608,0.010474170681091754,0.003102637977766231,0.08759960547361725,-0.04813193075750785,-9.791854826968197e-11,-5.4386356529434414e-11,1.4723099800960358e-09,0.1,0.0,1
6,1351,world,13.51,1.3410000000000002,1.1854160981447512,1.9306939551887445,-0.5158973046802783,0.7057595491519655,0.7074339316966831,0.03648263715158093,0.010474170680935526,0.0031023986044244863,0.0876015715774764,-0.04812836772689829,8.62244303734271e-11,4.789085794598686e-11,-1.2964755679613346e-09,0.1,0.0,1
6,1352,world,13.52,1.342,1.1854471210205242,1.9315699800231274,-0.5163785718312537,0.7057595491581343,0.7074339316905288,0.03648263715167227,0.010474170680617408,0.0031021800135494987,0.08760336682620629,-0.04812511402455765,-6.43866904237455e-11,-3.576340612543301e-11,9.681124120679969e-10,0.1,0.0,1
6,1353,world,13.530000000000001,1.3430000000000002,1.1854781418142868,1.9324460219558686,-0.5168598079919272,0.7057595491450969,0.7074339317035354,0.03648263715147924,0.010474170681289748,0.003101982200944365,0.0876049912545709,-0.04812216966961883,1.342051469954547e-11,7.453759831576311e-12,-2.0178870510296173e-10,0.1,0.0,1
6,1354,world,13.540000000000001,1.3440000000000003,1.1855091607338786,1.9333220792788888,-0.5173410162559204,0.705759549159566,0.7074339316891005,0.03648263715169347,0.010474170680543576,0.003101805180037966,0.08760644488556768,-0.04811953469368841,2.347597810592459e-10,1.3039187785057738e-10,-3.5298464672039984e-09,0.1,0.0,1
6,1355,world,13.55,1.3450000000000002,1.1855401779871517,1.9341981502843848,-0.517822199717054,0.7057595491701403,0.7074339316785512,0.03648263715185003,0.010474170679998248,0.0031016489434482985,0.08760772775362141,-0.04811720910109978,0.0,0.0,0.0,0.1,0.0,1
6,1356,world,13.56,1.3460000000000003,1.1855711937819686,1.9350742332648043,-0.5183033614693253,0.705759549158879,0.707433931689786,0.036482637151683296,0.010474170680579,0.003101513488762071,0.08760883987484774,-0.04811519292138731,-1.6891384124750873e-10,-9.381939669594878e-11,2.539797598578515e-09,0.1,0.0,1
6,1357,world,13.57,1.3470000000000002,1.1856022083262032,1.9359503265128113,-0.5187845046068769,0.7057595491521211,0.7074339316965279,0.036482637151583244,0.010474170680927502,0.003101398822910516,0.08760978127236808,-0.04811348616291563,-5.5153451250517484e-11,-3.0633828806973005e-11,8.292776513229651e-10,0.1,0.0,1
6,1358,world,13.58,1.348,1.1856332218277361,1.9368264283212602,-0.5192656322239744,0.7057595491529954,0.7074339316956556,0.036482637151596185,0.010474170680882423,0.003101304947205124,0.0876105519650779,-0.04811208883429224,-2.7317384465597146e-11,-1.5172932354978725e-11,4.1073719946049756e-10,0.1,0.0,1
6,1359,world,13.59,1.3490000000000002,1.1856642344944537,1.9377025369831695,-0.5197467474149791,0.7057595491492069,0.707433931699435,0.03648263715154009,0.010474170681077786,0.0031012318592498426,0.08761115196741878,-0.048111000944659504,-1.0644297943063196e-10,-5.912215161885108e-11,1.6004812655300693e-09,0.1,0.0,1
6,1360,world,13.6,1.35,1.1856952465342478,1.938578650791693,-0.5202278532743224,0.7057595491416404,0.7074339317069839,0.03648263715142807,0.010474170681468005,0.0031011795595065374,0.08761158129229939,-0.04811022249795272,2.2117550846356677e-10,1.2284756545355425e-10,-3.3255980217902737e-09,0.1,0.0,1
6,1361,world,13.61,1.3510000000000002,1.1857262581249397,1.939454768286965,-0.5207089524488361,0.7057595491728014,0.7074339316758965,0.03648263715188943,0.010474170679861027,0.003101139068870499,0.08761191374443959,-0.048109619687879523,2.6664399854767e-10,1.481034045402841e-10,-4.009268546496353e-09,0.1,0.0,1
6,1362,world,13.620000000000001,1.3520000000000003,1.1857572693253275,1.9403308889862438,-0.5211900458137299,0.7057595491700852,0.7074339316786062,0.036482637151849205,0.01047417068000109,0.003101101505584639,0.08761222209366774,-0.048109060573470995,-1.6239440348009266e-10,-9.019833491219478e-11,2.44176042232813e-09,0.1,0.0,1
6,1363,world,13.63,1.3530000000000002,1.1857882801647688,1.9412070126484882,-0.521671133805985,0.7057595491554776,0.7074339316931793,0.036482637151632934,0.010474170680754413,0.0031010668755215125,0.08761250633653614,-0.04810854516262116,-3.8746714170478883e-10,-2.1521083526376807e-10,5.825949938404943e-09,0.1,0.0,1
6,1364,world,13.64,1.3540000000000003,1.1858192906726208,1.9420831390326683,-0.5221522168625815,0.7057595491287514,0.7074339317198423,0.03648263715123722,0.010474170682132692,0.0031010351779393827,0.08761276647968232,-0.0481080734451281,-5.668139568815173e-11,-3.1480720807941477e-11,8.52249960056963e-10,0.1,0.0,1
6,1365,world,13.65,1.3550000000000002,1.1858503008782413,1.9429592678977663,-0.5226332954205016,0.7057595491494311,0.7074339316992115,0.0364826371515434,0.010474170681066229,0.003101006427568824,0.08761300252134921,-0.04810764542492426,3.9350640801409827e-10,2.1856405574285553e-10,-5.916750260311034e-09,0.1,0.0,1
6,1366,world,13.66,1.356,1.1858813108109876,1.943835399002767,-0.5231143699167243,0.7057595491707294,0.7074339316779635,0.03648263715185875,0.01047417067996787,0.0031009806131895392,0.08761321446152746,-0.04810726110427636,1.6508426570194228e-10,9.16919318250108e-11,-2.482198702222907e-09,0.1,0.0,1
6,1367,world,13.67,1.3570000000000002,1.1859123205002169,1.944711532106672,-0.5235954407882322,0.7057595491670418,0.7074339316816426,0.03648263715180415,0.010474170680158039,0.003100957728584359,0.08761340230113299,-0.04810692048328766,-2.6092426830270884e-10,-1.4492504418761585e-10,3.923236849322564e-09,0.1,0.0,1
6,1368,world,13.68,1.358,1.1859433299752868,1.945587666968485,-0.5240765084720047,0.7057595491428948,0.7074339317057322,0.03648263715144664,0.010474170681403314,0.0031009377745549694,0.08761356604323732,-0.04810662355752722,7.18650833286815e-11,3.99149463481407e-11,-1.0805668697062138e-09,0.1,0.0,1
6,1369,world,13.69,1.3590000000000002,1.1859743392655548,1.946463803347219,-0.5245575734050206,0.7057595491747082,0.7074339316739944,0.036482637151917664,0.010474170679762692,0.00310092076991951,0.08761370568575515,-0.04810637033063877,1.212387829019199e-10,6.734057755863132e-11,-1.82294155898884e-09,0.1,0.0,1
6,1370,world,13.700000000000001,1.3600000000000003,1.1860053484003774,1.9473399410018881,-0.5250386360242573,0.7057595491558283,0.7074339316928295,0.036482637151638124,0.010474170680736326,0.0031009066886179774,0.08761382123122485,-0.04810616080058208,-9.482449547792971e-11,-5.266793945413178e-11,1.4257833249545893e-09,0.1,0.0,1
6,1371,world,13.71,1.3610000000000002,1.1860363574091122,1.9482160796915158,-0.5255196967666926,0.7057595491645925,0.707433931684086,0.03648263715176789,0.010474170680284355,0.0031008955497720727,0.08761391267870844,-0.048105994968580146,-2.0762905283966388e-11,-1.1532441668293804e-11,3.121863986939308e-10,0.1,0.0,1
6,1372,world,13.72,1.3620000000000003,1.1860673663211165,1.9490922191751292,-0.5260007560693042,0.7057595491536133,0.7074339316950391,0.036482637151605324,0.010474170680850547,0.0031008873419844673,0.08761398002794814,-0.04810587283642847,-1.3021909939237004e-10,-7.232651977329133e-11,1.9579744780801714e-09,0.1,0.0,1
6,1373,world,13.73,1.3630000000000002,1.186098375165747,1.9499683592117572,-0.5264818143690676,0.7057595491507012,0.7074339316979446,0.03648263715156221,0.010474170681000731,0.003100882071801876,0.08761402328068679,-0.04810579440096642,2.3461163567442354e-10,1.3030930501313536e-10,-3.527608820287673e-09,0.1,0.0,1
6,1374,world,13.74,1.364,1.186129383972361,1.9508444995604326,-0.5269628721029591,0.7057595491786409,0.7074339316700707,0.03648263715197589,0.010474170679559868,0.0031008797446301565,0.08761404243796536,-0.04810575966022934,4.555800181549325e-11,2.530337050998807e-11,-6.850036380137696e-10,0.1,0.0,1
6,1375,world,13.75,1.3650000000000002,1.1861603927703155,1.951720639980187,-0.5274439297079513,0.705759549155561,0.707433931693096,0.03648263715163417,0.010474170680750105,0.003100880340979853,0.08761403749719188,-0.04810576862031812,-3.1714075809929883e-10,-1.7614971981050316e-10,4.7685173843424425e-09,0.1,0.0,1
6,1376,world,13.76,1.366,1.1861914015889667,1.9525967802300552,-0.5279249876210184,0.7057595491448093,0.7074339317038223,0.036482637151474984,0.010474170681304578,0.0031008838759055825,0.08761400846061398,-0.048105821276136745,4.420630528301212e-11,2.4553969968366092e-11,-6.646784576729007e-10,0.1,0.0,1
6,1377,world,13.77,1.3670000000000002,1.1862224104576722,1.953472920069074,-0.5284060462791333,0.7057595491602768,0.7074339316883914,0.03648263715170399,0.010474170680506907,0.0031008903530132287,0.08761395532612565,-0.048105917631100746,2.3677587668299983e-10,1.315121622713486e-10,-3.56015254169383e-09,0.1,0.0,1
6,1378,world,13.780000000000001,1.3680000000000003,1.1862534194057885,1.954349059256275,-0.5288871061192669,0.7057595491700678,0.7074339316786235,0.036482637151848955,0.010474170680001988,0.0031008997641055083,0.0876138780974658,-0.04810605767858527,-6.99343360999193e-11,-3.884427501876781e-11,1.051528308870785e-09,0.1,0.0,1
6,1379,world,13.790000000000001,1.3690000000000002,1.186284428462672,1.955225197550688,-0.5293681675783882,0.7057595491528165,0.7074339316958341,0.036482637151593535,0.010474170680891647,0.003100912104552909,0.08761377676992103,-0.048106241426973756,-1.3570637669157993e-10,-7.537581669936339e-11,2.0404811954671792e-09,0.1,0.0,1
6,1380,world,13.8,1.3700000000000003,1.1863154376576794,1.956101334711345,-0.5298492310934672,0.7057595491555911,0.7074339316930661,0.03648263715163463,0.010474170680748563,0.003100927385422401,0.08761365134579319,-0.04810646887070523,-3.629908873481464e-11,-2.0161997071888016e-11,5.457997281129578e-10,0.1,0.0,1
6,1381,world,13.81,1.3710000000000002,1.1863464470201674,1.956977470497272,-0.5303302971014716,0.7057595491489441,0.7074339316996973,0.036482637151536206,0.010474170681091344,0.0031009455996707787,0.08761350182395775,-0.0481067400114707,4.039928114263792e-11,2.2439688995848054e-11,-6.074412620041245e-10,0.1,0.0,1
6,1382,world,13.82,1.372,1.1863774565794922,1.957853604667487,-0.5308113660393661,0.7057595491599007,0.7074339316887666,0.03648263715169842,0.010474170680526305,0.0031009667537004928,0.08761332820501949,-0.0481070548467892,2.728896969506065e-10,1.51572504547559e-10,-4.103161663519466e-09,0.1,0.0,1
6,1383,world,13.83,1.3730000000000002,1.18640846636501,1.9587297369810115,-0.5312924383441179,0.7057595491780552,0.707433931670655,0.03648263715196721,0.010474170679590066,0.00310099084533041,0.08761313048560057,-0.048107413381830305,7.273348590075552e-11,4.039824030854786e-11,-1.0936212168060473e-09,0.1,0.0,1
6,1384,world,13.84,1.374,1.1864394764060777,1.9596058671968526,-0.5317735144526887,0.7057595491676597,0.707433931681026,0.0364826371518133,0.010474170680126172,0.0031010178655722117,0.08761290866777327,-0.04810781561212089,-1.547130479284674e-11,-8.593473155293899e-12,2.3263522727114112e-10,0.1,0.0,1
6,1385,world,13.85,1.3750000000000002,1.186470486732051,1.960481995074021,-0.532254594802044,0.7057595491764047,0.7074339316723016,0.036482637151942776,0.010474170679675182,0.0031010478261741335,0.08761266274905907,-0.04810826153998312,-6.293091048270576e-11,-3.4953984151542233e-11,9.46226370911531e-10,0.1,0.0,1
6,1386,world,13.86,1.3760000000000001,1.1865014973654746,1.9613581204274162,-0.5327356797277569,0.7057595491609465,0.7074339316877234,0.03648263715171391,0.010474170680472381,0.003101078680425072,0.08761240944353671,-0.04810872085719903,-1.058878679183194e-10,-5.881302389543203e-11,1.5921109916550146e-09,0.1,0.0,1
6,1387,world,13.870000000000001,1.3770000000000002,1.1865325083019376,1.9622342432932232,-0.5332167691641657,0.705759549165109,0.7074339316835706,0.03648263715177553,0.010474170680257713,0.0031011084311325537,0.08761216523274783,-0.04810916367728765,-1.1754729134504166e-10,-6.52890935759414e-11,1.7674389187446422e-09,0.1,0.0,1
6,1388,world,13.88,1.3780000000000003,1.1865635195303605,1.963110363762364,-0.5336978629463578,0.7057595491484069,0.7074339317002333,0.03648263715152825,0.01047417068111905,0.0031011370692322626,0.08761193011099785,-0.04810959001179977,-1.1014140988141452e-10,-6.117606421440762e-11,1.6560821724381764e-09,0.1,0.0,1
6,1389,world,13.89,1.3790000000000002,1.186594531039664,1.963986481925757,-0.5341789609094197,0.7057595491533595,0.7074339316952923,0.03648263715160157,0.010474170680863643,0.0031011646044978836,0.08761170408283486,-0.04810999985239648,-9.040060366950369e-11,-5.0210877122763816e-11,1.3592712892753041e-09,0.1,0.0,1
6,1390,world,13.9,1.3800000000000001,1.1866255428187689,1.9648625978743284,-0.5346600628884387,0.7057595491387632,0.7074339317098541,0.03648263715138546,0.010474170681616374,0.0031011910270932626,0.08761148714744972,-0.04811039320173688,3.572940554530386e-11,1.984454267578426e-11,-5.372085155191936e-10,0.1,0.0,1
6,1391,world,13.91,1.3810000000000002,1.1866565548565964,1.9657387116990055,-0.5351411687185018,0.705759549157171,0.70743393169149,0.03648263715165801,0.010474170680667085,0.0031012163499974195,0.08761127930298537,-0.04811077006289544,2.5918156509874254e-10,1.4395637459863038e-10,-3.897045809967896e-09,0.1,0.0,1
6,1392,world,13.92,1.3820000000000001,1.1866875671420667,1.9666148234907148,-0.535622278234697,0.7057595491664119,0.707433931682271,0.03648263715179483,0.010474170680190525,0.003101240562338662,0.08761108055518838,-0.04811113042661542,-1.0716288967316234e-10,-5.952217885241134e-11,1.6113055388653606e-09,0.1,0.0,1
6,1393,world,13.93,1.3830000000000002,1.1867185796641013,1.9674909333403923,-0.5361033912721151,0.7057595491457391,0.7074339317028948,0.03648263715148876,0.01047417068125663,0.0031012636601470372,0.08761089089569699,-0.04811147430886453,-1.7108849059699317e-10,-9.50278050693142e-11,2.5724731427065997e-09,0.1,0.0,1
6,1394,world,13.94,1.3840000000000001,1.1867495924116214,1.9683670413389704,-0.5365845076658453,0.7057595491481607,0.7074339317004789,0.036482637151524604,0.01047417068113175,0.0031012856551317683,0.08761071033394563,-0.0481118016921706,1.8854744154861415e-10,1.0472560318941494e-10,-2.8350064158223747e-09,0.1,0.0,1
6,1395,world,13.950000000000001,1.3850000000000002,1.1867806053735472,1.9692431475773857,-0.537065627250978,0.7057595491658528,0.7074339316828286,0.03648263715178655,0.01047417068021936,0.00310130654594306,0.0876105388657114,-0.04811211258475112,1.66002628310106e-10,9.220367525041374e-11,-2.496011069271357e-09,0.1,0.0,1
6,1396,world,13.96,1.3860000000000003,1.1868116185388002,1.9701192521465798,-0.537546749862606,0.7057595491658694,0.7074339316828121,0.03648263715178679,0.010474170680218501,0.003101326324809553,0.08761037648956849,-0.048112406990121696,-1.7003412566829452e-11,-9.443487658522531e-12,2.556614371162361e-10,0.1,0.0,1
6,1397,world,13.97,1.3870000000000002,1.1868426318963015,1.9709953551374908,-0.5380278753358201,0.7057595491640389,0.7074339316846382,0.036482637151759686,0.010474170680312898,0.0031013449952170236,0.08761022320856178,-0.04811268490290919,-1.0497054614423453e-10,-5.83040560275869e-11,1.5783382250908129e-09,0.1,0.0,1
6,1398,world,13.98,1.3880000000000001,1.1868736454349722,1.9718714566410591,-0.538509003505711,0.7057595491546714,0.7074339316939836,0.036482637151621,0.010474170680795985,0.0031013625558450925,0.08761007902243025,-0.04811294632404807,-1.508626557011893e-10,-8.379304194949804e-11,2.268365410871413e-09,0.1,0.0,1
6,1399,world,13.99,1.3890000000000002,1.1869046591437333,1.9727475567482329,-0.5389901342073734,0.7057595491479454,0.7074339317006937,0.036482637151521405,0.010474170681142843,0.0031013790096422076,0.08760994392738095,-0.04811319126060669,1.424867168697828e-10,7.91415544210138e-11,-2.1424243943583117e-09,0.1,0.0,1
6,1400,world,14.0,1.3900000000000001,1.1869356730115062,1.973623655549954,-0.5394712672758988,0.7057595491698715,0.7074339316788195,0.03648263715184605,0.010474170680012112,0.0031013943621117385,0.08760981793008739,-0.04811341970040791,9.699151204411997e-11,5.38714906017645e-11,-1.4583681972549904e-09,0.1,0.0,1
6,1401,world,14.01,1.3910000000000002,1.1869666870272118,1.9744997531371704,-0.5399524025463809,0.7057595491582922,0.7074339316903714,0.0364826371516746,0.010474170680609263,0.0031014085984288537,0.08760970102893653,-0.048113631647652116,0.0,0.0,0.0,0.1,0.0,1
6,1402,world,14.02,1.3920000000000001,1.1869977011797714,1.9753758496008322,-0.5404335398539145,0.7057595491692354,0.707433931679454,0.03648263715183663,0.01047417068004491,0.0031014217327201402,0.08760959321941865,-0.048113827109925546,4.533179387422589e-11,2.5178123475022554e-11,-6.815904719965899e-10,0.1,0.0,1
6,1403,world,14.030000000000001,1.3930000000000002,1.1870287154581065,1.976251945031888,-0.5409146790335939,0.7057595491631279,0.707433931685547,0.036482637151746204,0.010474170680359876,0.0031014337547965003,0.0876094945067063,-0.0481140060787294,-1.6298525029599227e-10,-9.052585070444915e-11,2.450635056211531e-09,0.1,0.0,1
6,1404,world,14.040000000000001,1.3940000000000003,1.187059729851138,1.9771280395212893,-0.5413958199205139,0.7057595491518487,0.7074339316967996,0.0364826371515792,0.010474170680941551,0.0031014446678102395,0.08760940488865096,-0.04811416855801349,8.843620280529755e-11,4.912042994575923e-11,-1.3297361475816939e-09,0.1,0.0,1
6,1405,world,14.05,1.3950000000000002,1.1870907443477872,1.9780041331599894,-0.5418769623497701,0.7057595491725621,0.7074339316761352,0.036482637151885884,0.010474170679873359,0.003101454480643313,0.08760932436628718,-0.04811431454554016,0.0,0.0,0.0,0.1,0.0,1
6,1406,world,14.06,1.3960000000000001,1.187121758936976,1.978880226038939,-0.5423581061564571,0.7057595491521883,0.7074339316964607,0.03648263715158423,0.010474170680924037,0.0031014631756297027,0.0876092529395685,-0.04811444404272923,-1.8119915290437642e-10,-1.0064345190574631e-10,2.7245110898257956e-09,0.1,0.0,1
6,1407,world,14.07,1.3970000000000002,1.187152773607625,1.9797563182490912,-0.5428392511756704,0.7057595491532324,0.7074339316954193,0.03648263715159969,0.010474170680870202,0.0031014707680813644,0.08760919060706024,-0.04811455705138026,1.8465715068138864e-10,1.0256379079365264e-10,-2.776501701077722e-09,0.1,0.0,1
6,1408,world,14.08,1.3980000000000001,1.1871837883486562,1.980632409881403,-0.5433203972425076,0.705759549171887,0.7074339316768087,0.036482637151875885,0.01047417067990817,0.0031014772567369633,0.08760913737163695,-0.04811465356649251,1.0739222011668647e-10,5.964916061085284e-11,-1.6147448558389408e-09,0.1,0.0,1
6,1409,world,14.09,1.3990000000000002,1.1872148031489904,1.9815085010268279,-0.543801544192064,0.7057595491646885,0.70743393168399,0.036482637151769304,0.010474170680279397,0.003101482631452788,0.08760909323029736,-0.04811473359431459,-3.352249033916618e-11,-1.8619134012354243e-11,5.040372904208801e-10,0.1,0.0,1
6,1410,world,14.1,1.4000000000000001,1.1872458179975498,1.9823845917763243,-0.544282691859438,0.705759549168311,0.7074339316803763,0.036482637151822934,0.010474170680092588,0.003101486900809499,0.08760905818551494,-0.048114797129897226,-1.3730024062132262e-10,-7.626260734029116e-11,2.0644554262711135e-09,0.1,0.0,1
6,1411,world,14.11,1.401,1.187276832884825,1.983260682207953,-0.5447638401030976,0.7057595491500418,0.7074339316986024,0.03648263715155246,0.010474170681034747,0.003101490526507095,0.0876090283817174,-0.04811485116391222,-6.526480744727772e-11,-3.625086342217848e-11,9.813207971913776e-10,0.1,0.0,1
6,1412,world,14.120000000000001,1.4020000000000004,1.187307847807523,1.9841367723487566,-0.545244988874016,0.7057595491613488,0.707433931687322,0.03648263715171986,0.01047417068045164,0.0031014939836433806,0.08760900002055409,-0.04811490258192341,2.834434076337227e-11,1.5744697212658932e-11,-4.2619186717096027e-10,0.1,0.0,1
6,1413,world,14.13,1.4030000000000002,1.1873388627638866,1.9850128622131582,-0.5457261381460478,0.7057595491530655,0.7074339316955858,0.03648263715159722,0.010474170680878804,0.003101497260281619,0.08760897310235033,-0.04811495138411889,-2.541963167735085e-10,-1.4118914370976784e-10,3.822110732294093e-09,0.1,0.0,1
6,1414,world,14.14,1.4040000000000001,1.1873698777521602,1.9858889518155776,-0.5462072878930463,0.7057595491342318,0.707433931714375,0.03648263715131838,0.010474170681850067,0.003101500358842744,0.08760894762519511,-0.04811499757383264,8.714799715203718e-11,4.840329526079042e-11,-1.3103596929308476e-09,0.1,0.0,1
6,1415,world,14.15,1.4050000000000002,1.1874008927705866,1.9867650411704374,-0.5466884380888659,0.705759549162362,0.707433931686311,0.036482637151734866,0.010474170680399379,0.003101503293591046,0.08760892358625089,-0.04811504115532168,1.6415792336577066e-10,9.117880062081687e-11,-2.4682908765939037e-09,0.1,0.0,1
6,1416,world,14.16,1.4060000000000001,1.1874319078174087,1.9876411302921553,-0.5471695887073595,0.7057595491517437,0.7074339316969044,0.03648263715157765,0.010474170680946969,0.0031015060424895314,0.08760890099615735,-0.04811508211064283,2.2352883433107686e-10,1.2415450612035518e-10,-3.3609664259592168e-09,0.1,0.0,1
6,1417,world,14.17,1.4070000000000003,1.187462922890871,1.9885172191951554,-0.5476507397223817,0.7057595491862074,0.7074339316625221,0.03648263715208792,0.010474170679169658,0.0031015086270313554,0.08760887984501076,-0.048115120456452345,3.0438325471227015e-10,1.6906337441113785e-10,-4.576703301279248e-09,0.1,0.0,1
6,1418,world,14.18,1.4080000000000001,1.1874939379892167,1.9893933078938602,-0.5481318911077875,0.7057595491842144,0.7074339316645105,0.036482637152058406,0.010474170679272442,0.0031015110269757623,0.08760886013699494,-0.04811515618644512,-2.9294414116701646e-10,-1.6270908231865295e-10,4.404696724546117e-09,0.1,0.0,1
6,1419,world,14.19,1.409,1.187524953110689,1.9902693964026892,-0.5486130428374303,0.7057595491549571,0.7074339316936985,0.03648263715162522,0.01047417068078125,0.0031015132449482632,0.08760884186882217,-0.04811518930644587,-3.146923693852702e-10,-1.7479039049470835e-10,4.731710162574924e-09,0.1,0.0,1
6,1420,world,14.200000000000001,1.4100000000000004,1.187555968253531,1.9911454847360635,-0.549094194885164,0.7057595491506439,0.7074339316980015,0.03648263715156137,0.010474170681003684,0.0031015152929737746,0.08760882504549611,-0.04811521980657581,-7.644544719464216e-11,-4.2460826521479544e-11,1.1494416475489005e-09,0.1,0.0,1
6,1421,world,14.21,1.4110000000000003,1.1875869834159871,1.9920215729084059,-0.5495753472248432,0.7057595491468021,0.7074339317018342,0.03648263715150448,0.010474170681201806,0.003101517165619178,0.08760880966300529,-0.048115247694495794,-6.59756971277476e-11,-3.6643257872452526e-11,9.920023407318912e-10,0.1,0.0,1
6,1422,world,14.22,1.4120000000000001,1.1876179985963002,1.9928976609341367,-0.5500564998303223,0.7057595491436058,0.7074339317050229,0.03648263715145716,0.010474170681366636,0.0031015188627557476,0.08760879572275586,-0.04811527296765972,1.6903665966960783e-10,9.388739785620704e-11,-2.5416292930967975e-09,0.1,0.0,1
6,1423,world,14.23,1.4130000000000003,1.187649013792714,1.9937737488276788,-0.5505376526754558,0.7057595491648344,0.7074339316838446,0.03648263715177147,0.010474170680271877,0.003101520390031853,0.0876087832256206,-0.04811529562411976,2.462207521203294e-10,1.3675831300741221e-10,-3.7021820505078702e-09,0.1,0.0,1
6,1424,world,14.24,1.4140000000000001,1.1876800290034715,1.9946498366034524,-0.5510188057340973,0.705759549169872,0.707433931678819,0.036482637151846055,0.010474170680012086,0.003101521737837438,0.087608772169808,-0.048115315667762164,-3.63108848544513e-11,-2.0168242076401532e-11,5.459676439244216e-10,0.1,0.0,1
6,1425,world,14.25,1.4150000000000003,1.1877110442268166,1.9955259242758812,-0.5514999589801025,0.705759549160961,0.7074339316877091,0.03648263715171412,0.010474170680471637,0.0031015229064714593,0.08760876255732074,-0.04811533309492547,-1.1184074499848141e-10,-6.211940684064382e-11,1.6816360153340525e-09,0.1,0.0,1
6,1426,world,14.26,1.4160000000000001,1.1877420594609929,1.9964020118593846,-0.5519811123873244,0.7057595491579411,0.7074339316907214,0.036482637151669405,0.010474170680627358,0.003101523901151204,0.08760875438474405,-0.04811534791149471,-7.815970093361962e-12,-4.342359805065621e-12,1.175323347760983e-10,0.1,0.0,1
6,1427,world,14.27,1.417,1.1877730747042434,1.997278099368385,-0.5524622659296181,0.705759549160127,0.7074339316885409,0.036482637151701774,0.010474170680514639,0.0031015247212781948,0.08760874765562997,-0.0481153601110441,-3.925228198031321e-11,-2.1802004646074072e-11,5.902016614148969e-10,0.1,0.0,1
6,1428,world,14.280000000000001,1.4180000000000004,1.187804089954812,1.9981541868173043,-0.552943419580838,0.7057595491537538,0.7074339316948989,0.036482637151607406,0.010474170680843298,0.0031015253637565765,0.08760874236805122,-0.04811536969728494,-7.728713502518603e-11,-4.2927814081212456e-11,1.1620924871261988e-09,0.1,0.0,1
6,1429,world,14.290000000000001,1.4190000000000003,1.1878351052109417,1.9990302742205617,-0.5534245733148374,0.7057595491518822,0.7074339316967662,0.036482637151579705,0.010474170680939825,0.003101525831564384,0.08760873852350622,-0.04811537666729896,-7.566759718803106e-11,-4.202853343127552e-11,1.1377323996115828e-09,0.1,0.0,1
6,1430,world,14.3,1.4200000000000002,1.1878661204708765,1.9999063615925785,-0.55390572710547,0.705759549145682,0.7074339317029518,0.0364826371514879,0.010474170681259578,0.003101526122679286,0.08760873612105657,-0.04811538102292673,6.385621198479179e-11,3.546850313451696e-11,-9.601461932375727e-10,0.1,0.0,1
6,1431,world,14.31,1.4210000000000003,1.1878971357328596,2.0007824489477777,-0.5543868809265917,0.7057595491586942,0.7074339316899703,0.036482637151680555,0.010474170680588523,0.003101526242955642,0.08760873515940852,-0.04811538276614743,1.4711114271204185e-10,8.170859822076431e-11,-2.2119413180428355e-09,0.1,0.0,1
6,1432,world,14.32,1.4220000000000002,1.1879281509951343,2.001658536300582,-0.554868034752057,0.7057595491613752,0.7074339316872956,0.03648263715172026,0.010474170680450267,0.0031015261848799094,0.0876087356415523,-0.048115381892001124,-4.978586987114392e-11,-2.7652533041155862e-11,7.485718804805383e-10,0.1,0.0,1
6,1433,world,14.33,1.4230000000000003,1.187959166255944,2.0025346236654133,-0.5553491885557207,0.7057595491533832,0.7074339316952687,0.036482637151601924,0.010474170680862416,0.003101525948684842,0.08760873756489834,-0.04811537840518775,-1.3627085571066278e-10,-7.568876081442959e-11,2.0489586373059737e-09,0.1,0.0,1
6,1434,world,14.34,1.4240000000000002,1.1879901815135332,2.0034107110566914,-0.555830342311436,0.7057595491468382,0.7074339317017981,0.03648263715150502,0.010474170681199943,0.003101525537261143,0.08760874092979276,-0.04811537230488997,-5.4370397073461456e-11,-3.019945404858836e-11,8.17521191801791e-10,0.1,0.0,1
6,1435,world,14.35,1.425,1.1880211967661443,2.004286798488839,-0.5563114959930582,0.7057595491475831,0.7074339317010551,0.036482637151516055,0.010474170681161531,0.0031015249514681903,0.08760874574078745,-0.04811536358276303,1.0863983324060903e-10,6.034270305654838e-11,-1.6335119563427857e-09,0.1,0.0,1
6,1436,world,14.36,1.4260000000000002,1.1880522120120212,2.00516288597628,-0.5567926495744423,0.7057595491584276,0.7074339316902362,0.03648263715167661,0.01047417068060227,0.0031015241931545063,0.08760875198828742,-0.04811535225615651,5.664566038454031e-11,3.1463026628483024e-11,-8.517298628537165e-10,0.1,0.0,1
6,1437,world,14.370000000000001,1.4270000000000003,1.1880832272494068,2.0060389735334296,-0.5572738030294402,0.7057595491536259,0.7074339316950264,0.03648263715160552,0.0104741706808499,0.0031015232551320233,0.08760875968015482,-0.048115338311215866,4.04988542701545e-11,2.2494159312991235e-11,-6.089411364474518e-10,0.1,0.0,1
6,1438,world,14.38,1.4280000000000002,1.1881142424765454,2.006915061174713,-0.5577549563319072,0.705759549162748,0.707433931685926,0.03648263715174057,0.010474170680379473,0.003101522144746064,0.0876087688148312,-0.048115321750302274,-1.7453226364150244e-10,-9.694085811862147e-11,2.6242794992203233e-09,0.1,0.0,1
6,1439,world,14.39,1.4290000000000003,1.18814525769168,2.0077911489145515,-0.5582361094556985,0.7057595491350073,0.707433931713601,0.03648263715132986,0.01047417068181007,0.0031015208498080434,0.08760877939148326,-0.048115302575715196,-6.577204059166058e-11,-3.653292945937633e-11,9.88963874985412e-10,0.1,0.0,1
6,1440,world,14.4,1.4300000000000002,1.1881762728952008,2.008667236749741,-0.5587172624066218,0.7057595491557316,0.707433931692926,0.0364826371516367,0.010474170680741312,0.0031015201988024506,0.08760878477757594,-0.048115292810631406,1.9426994735116644e-10,1.0790465743149003e-10,-2.9210461903027946e-09,0.1,0.0,0
6,1441,world,14.41,1.4310000000000003,1.1882072880971888,2.0095433245975167,-0.5591984153347281,0.7057595491557316,0.707433931692926,0.036482637151636695,0.010474170680741312,0.003101520198802451,0.08760878477757596,-0.0481152928106314,0.0,0.0,0.0,0.1,0.0,0
6,1442,world,14.42,1.4320000000000002,1.1882383032991768,2.0104194124452928,-0.5596795682628344,0.7057595491557316,0.707433931692926,0.036482637151636695,0.010474170680741312,0.0031015201988024515,0.08760878477757596,-0.048115292810631385,0.0,0.0,0.0,0.1,0.0,0
6,1443,world,14.43,1.433,1.1882693185011648,2.0112955002930684,-0.5601607211909406,0.7057595491557316,0.707433931692926,0.036482637151636695,0.010474170680741312,0.003101520198802452,0.08760878477757597,-0.04811529281063137,0.0,0.0,0.0,0.1,0.0,0
6,1444,world,14.44,1.4340000000000002,1.188300333703153,2.012171588140844,-0.560641874119047,0.7057595491557316,0.707433931692926,0.036482637151636695,0.010474170680741312,0.0031015201988024523,0.08760878477757597,-0.048115292810631365,0.0,0.0,0.0,0.1,0.0,0
6,1445,world,14.450000000000001,1.4350000000000003,1.188331348905141,2.01304767598862,-0.5611230270471533,0.7057595491557317,0.7074339316929259,0.03648263715163671,0.010474170680741314,0.0031015201988024528,0.08760878477757598,-0.04811529281063135,0.0,0.0,0.0,0.1,0.0,0
6,1446,world,14.46,1.4360000000000002,1.188362364107129,2.0139237638363956,-0.5616041799752596,0.7057595491557317,0.7074339316929259,0.0364826371516367,0.010474170680741312,0.0031015201988024536,0.087608784777576,-0.048115292810631344,0.0,0.0,0.0,0.1,0.0,0
6,1447,world,14.47,1.4370000000000003,1.188393379309117,2.0147998516841716,-0.5620853329033659,0.7057595491557317,0.7074339316929259,0.0364826371516367,0.010474170680741312,0.0031015201988024536,0.087608784777576,-0.04811529281063133,0.0,0.0,0.0,0.1,0.0,0
6,1448,world,14.48,1.4380000000000002,1.188424394511105,2.0156759395319472,-0.5625664858314722,0.7057595491557317,0.7074339316929259,0.0364826371516367,0.010474170680741312,0.0031015201988024545,0.087608784777576,-0.048115292810631316,0.0,0.0,0.0,0.1,0.0,0
6,1449,world,14.49,1.4390000000000003,1.188455409713093,2.016552027379723,-0.5630476387595785,0.7057595491557317,0.7074339316929259,0.0364826371516367,0.010474170680741312,0.003101520198802455,0.087608784777576,-0.04811529281063131,0.0,0.0,0.0,0.1,0.0,0
6,1450,world,14.5,1.4400000000000002,1.188486424915081,2.017428115227499,-0.5635287916876848,0.7057595491557317,0.7074339316929259,0.03648263715163671,0.010474170680741312,0.0031015201988024554,0.08760878477757601,-0.048115292810631295,0.0,0.0,0.0,0.1,0.0,0
6,1451,world,14.51,1.441,1.188517440117069,2.0183042030752745,-0.5640099446157911,0.7057595491557317,0.7074339316929259,0.03648263715163671,0.010474170680741312,0.003101520198802456,0.08760878477757601,-0.04811529281063129,0.0,0.0,0.0,0.1,0.0,0
6,1452,world,14.52,1.4420000000000002,1.188548455319057,2.01918029092305,-0.5644910975438975,0.7057595491557317,0.7074339316929259,0.0364826371516367,0.010474170680741312,0.0031015201988024562,0.08760878477757603,-0.048115292810631274,0.0,0.0,0.0,0.1,0.0,0
6,1453,world,14.530000000000001,1.4430000000000003,1.188579470521045,2.020056378770826,-0.5649722504720038,0.7057595491557317,0.7074339316929259,0.0364826371516367,0.010474170680741308,0.0031015201988024567,0.08760878477757603,-0.04811529281063126,0.0,0.0,0.0,0.1,0.0,0
6,1454,world,14.540000000000001,1.4440000000000002,1.188610485723033,2.0209324666186017,-0.5654534034001101,0.7057595491557317,0.7074339316929259,0.0364826371516367,0.010474170680741308,0.003101520198802457,0.08760878477757604,-0.048115292810631254,0.0,0.0,0.0,0.1,0.0,0
6,1455,world,14.55,1.4450000000000003,1.1886415009250213,2.0218085544663777,-0.5659345563282164,0.7057595491557317,0.7074339316929259,0.03648263715163671,0.010474170680741308,0.0031015201988024575,0.08760878477757605,-0.04811529281063124,0.0,0.0,0.0,0.1,0.0,0
6,1456,world,14.56,1.4460000000000002,1.1886725161270093,2.0226846423141533,-0.5664157092563227,0.7057595491557317,0.7074339316929259,0.03648263715163671,0.010474170680741308,0.003101520198802458,0.08760878477757605,-0.04811529281063123,0.0,0.0,0.0,0.1,0.0,0
6,1457,world,14.57,1.4470000000000003,1.1887035313289973,2.023560730161929,-0.566896862184429,0.7057595491557317,0.7074339316929259,0.03648263715163671,0.010474170680741308,0.003101520198802459,0.08760878477757605,-0.04811529281063122,0.0,0.0,0.0,0.1,0.0,0
6,1458,world,14.58,1.4480000000000002,1.1887345465309853,2.024436818009705,-0.5673780151125353,0.7057595491557317,0.7074339316929259,0.03648263715163671,0.010474170680741308,0.003101520198802459,0.08760878477757605,-0.048115292810631205,0.0,0.0,0.0,0.1,0.0,0
6,1459,world,14.59,1.449,1.1887655617329733,2.0253129058574806,-0.5678591680406415,0.7057595491557317,0.7074339316929259,0.0364826371516367,0.010474170680741308,0.0031015201988024593,0.08760878477757607,-0.0481152928106312,0.0,0.0,0.0,0.1,0.0,0
6,1460,world,14.6,1.4500000000000002,1.1887965769349613,2.026188993705256,-0.5683403209687479,0.7057595491557317,0.7074339316929259,0.0364826371516367,0.010474170680741307,0.00310152019880246,0.08760878477757607,-0.048115292810631184,0.0,0.0,0.0,0.1,0.0,0
6,1461,world,14.61,1.451,1.1888275921369493,2.027065081553032,-0.5688214738968541,0.7057595491557317,0.7074339316929259,0.036482637151636695,0.010474170680741307,0.0031015201988024606,0.08760878477757608,-0.04811529281063117,0.0,0.0,0.0,0.1,0.0,0
6,1462,world,14.620000000000001,1.4520000000000002,1.1888586073389373,2.027941169400808,-0.5693026268249605,0.7057595491557317,0.7074339316929259,0.036482637151636695,0.010474170680741307,0.0031015201988024606,0.08760878477757608,-0.048115292810631156,0.0,0.0,0.0,0.1,0.0,0
6,1463,world,14.63,1.4530000000000003,1.1888896225409253,2.028817257248584,-0.5697837797530668,0.7057595491557317,0.7074339316929259,0.0364826371516367,0.010474170680741307,0.0031015201988024614,0.0876087847775761,-0.04811529281063115,0.0,0.0,0.0,0.1,0.0,0
6,1464,world,14.64,1.4540000000000002,1.1889206377429133,2.0296933450963595,-0.5702649326811731,0.7057595491557317,0.7074339316929259,0.0364826371516367,0.010474170680741307,0.003101520198802462,0.0876087847775761,-0.048115292810631136,0.0,0.0,0.0,0.1,0.0,0
6,1465,world,14.65,1.4550000000000003,1.1889516529449013,2.030569432944135,-0.5707460856092794,0.7057595491557317,0.7074339316929259,0.036482637151636695,0.010474170680741307,0.0031015201988024623,0.08760878477757611,-0.04811529281063112,0.0,0.0,0.0,0.1,0.0,0
6,1466,world,14.66,1.4560000000000002,1.1889826681468896,2.031445520791911,-0.5712272385373857,0.7057595491557317,0.7074339316929259,0.036482637151636695,0.010474170680741307,0.0031015201988024627,0.08760878477757611,-0.048115292810631115,0.0,0.0,0.0,0.1,0.0,0
6,1467,world,14.67,1.457,1.1890136833488776,2.0323216086396867,-0.5717083914654919,0.7057595491557317,0.7074339316929259,0.036482637151636695,0.010474170680741307,0.003101520198802463,0.08760878477757611,-0.0481152928106311,0.0,0.0,0.0,0.1,0.0,0
6,1468,world,14.68,1.4580000000000002,1.1890446985508656,2.0331976964874623,-0.5721895443935983,0.7057595491557317,0.7074339316929259,0.0364826371516367,0.010474170680741303,0.003101520198802464,0.08760878477757612,-0.048115292810631094,0.0,0.0,0.0,0.1,0.0,0
6,1469,world,14.69,1.459,1.1890757137528536,2.0340737843352383,-0.5726706973217045,0.7057595491557317,0.7074339316929259,0.0364826371516367,0.010474170680741303,0.003101520198802464,0.08760878477757612,-0.04811529281063108,0.0,0.0,0.0,0.1,0.0,0
6,1470,world,14.700000000000001,1.4600000000000002,1.1891067289548416,2.034949872183014,-0.5731518502498109,0.7057595491557317,0.7074339316929259,0.0364826371516367,0.010474170680741303,0.0031015201988024645,0.08760878477757614,-0.048115292810631066,0.0,0.0,0.0,0.1,0.0,0
6,1471,world,14.71,1.4610000000000003,1.1891377441568296,2.03582596003079,-0.5736330031779172,0.7057595491557317,0.7074339316929259,0.0364826371516367,0.010474170680741303,0.0031015201988024653,0.08760878477757614,-0.04811529281063106,0.0,0.0,0.0,0.1,0.0,0
6,1472,world,14.72,1.4620000000000002,1.1891687593588176,2.0367020478785656,-0.5741141561060235,0.7057595491557317,0.7074339316929259,0.036482637151636695,0.010474170680741303,0.0031015201988024658,0.08760878477757615,-0.048115292810631045,0.0,0.0,0.0,0.1,0.0,0
6,1473,world,14.73,1.4630000000000003,1.1891997745608056,2.0375781357263416,-0.5745953090341298,0.7057595491557317,0.7074339316929259,0.036482637151636695,0.010474170680741303,0.0031015201988024658,0.08760878477757615,-0.04811529281063104,0.0,0.0,0.0,0.1,0.0,0
6,1474,world,14.74,1.4640000000000002,1.1892307897627936,2.038454223574117,-0.575076461962236,0.7057595491557317,0.7074339316929259,0.0364826371516367,0.010474170680741303,0.0031015201988024666,0.08760878477757617,-0.048115292810631025,0.0,0.0,0.0,0.1,0.0,0
6,1475,world,14.75,1.465,1.1892618049647816,2.039330311421893,-0.5755576148903423,0.7057595491557317,0.7074339316929259,0.036482637151636695,0.010474170680741302,0.003101520198802467,0.08760878477757617,-0.04811529281063101,0.0,0.0,0.0,0.1,0.0,0
6,1476,world,14.76,1.4660000000000002,1.1892928201667696,2.0402063992696684,-0.5760387678184488,0.7057595491557318,0.7074339316929258,0.0364826371516367,0.010474170680741303,0.0031015201988024675,0.08760878477757617,-0.048115292810631004,0.0,0.0,0.0,0.1,0.0,0
6,1477,world,14.77,1.467,1.1893238353687579,2.0410824871174444,-0.576519920746555,0.7057595491557318,0.7074339316929258,0.0364826371516367,0.010474170680741303,0.003101520198802468,0.08760878477757618,-0.04811529281063099,0.0,0.0,0.0,0.1,0.0,0
6,1478,world,14.780000000000001,1.4680000000000002,1.1893548505707459,2.04195857496522,-0.5770010736746614,0.7057595491557318,0.7074339316929258,0.0364826371516367,0.010474170680741303,0.0031015201988024684,0.08760878477757618,-0.04811529281063098,0.0,0.0,0.0,0.1,0.0,0
6,1479,world,14.790000000000001,1.4690000000000003,1.1893858657727339,2.042834662812996,-0.5774822266027677,0.7057595491557318,0.7074339316929258,0.03648263715163671,0.010474170680741303,0.003101520198802469,0.08760878477757619,-0.04811529281063097,0.0,0.0,0.0,0.1,0.0,0
6,1480,world,14.8,1.4700000000000002,1.1894168809747219,2.0437107506607717,-0.577963379530874,0.7057595491557318,0.7074339316929258,0.03648263715163671,0.010474170680741303,0.0031015201988024692,0.08760878477757619,-0.048115292810630955,0.0,0.0,0.0,0.1,0.0,0
6,1481,world,14.81,1.4710000000000003,1.1894478961767099,2.0445868385085477,-0.5784445324589803,0.7057595491557318,0.7074339316929258,0.03648263715163671,0.010474170680741303,0.0031015201988024697,0.0876087847775762,-0.04811529281063095,0.0,0.0,0.0,0.1,0.0,0
6,1482,world,14.82,1.4720000000000002,1.1894789113786979,2.0454629263563233,-0.5789256853870866,0.7057595491557318,0.7074339316929258,0.03648263715163671,0.010474170680741303,0.00310152019880247,0.0876087847775762,-0.048115292810630934,0.0,0.0,0.0,0.1,0.0,0
6,1483,world,14.83,1.473,1.1895099265806859,2.046339014204099,-0.5794068383151928,0.7057595491557318,0.7074339316929258,0.0364826371516367,0.0104741706807413,0.003101520198802471,0.08760878477757622,-0.04811529281063093,0.0,0.0,0.0,0.1,0.0,0
6,1484,world,14.84,1.4740000000000002,1.1895409417826739,2.0472151020518745,-0.5798879912432992,0.7057595491557318,0.7074339316929258,0.0364826371516367,0.0104741706807413,0.003101520198802471,0.08760878477757622,-0.048115292810630914,0.0,0.0,0.0,0.1,0.0,0
6,1485,world,14.85,1.475,1.189571956984662,2.0480911898996506,-0.5803691441714054,0.7057595491557318,0.7074339316929258,0.0364826371516367,0.0104741706807413,0.0031015201988024714,0.08760878477757622,-0.0481152928106309,0.0,0.0,0.0,0.1,0.0,0
6,1486,world,14.86,1.4760000000000002,1.18960297218665,2.048967277747426,-0.5808502970995117,0.7057595491557318,0.7074339316929258,0.03648263715163671,0.0104741706807413,0.0031015201988024723,0.08760878477757623,-0.04811529281063089,0.0,0.0,0.0,0.1,0.0,0
6,1487,world,14.870000000000001,1.4770000000000003,1.189633987388638,2.049843365595202,-0.5813314500276181,0.7057595491557319,0.7074339316929257,0.036482637151636715,0.010474170680741302,0.0031015201988024727,0.08760878477757623,-0.04811529281063088,0.0,0.0,0.0,0.1,0.0,0
6,1488,world,14.88,1.4780000000000002,1.1896650025906261,2.050719453442978,-0.5818126029557243,0.7057595491557319,0.7074339316929257,0.03648263715163671,0.010474170680741302,0.003101520198802473,0.08760878477757625,-0.04811529281063087,0.0,0.0,0.0,0.1,0.0,0
6,1489,world,14.89,1.4790000000000003,1.1896960177926141,2.051595541290754,-0.5822937558838307,0.7057595491557319,0.7074339316929257,0.03648263715163671,0.010474170680741302,0.0031015201988024736,0.08760878477757625,-0.04811529281063086,0.0,0.0,0.0,0.1,0.0,0
6,1490,world,14.9,1.4800000000000002,1.1897270329946021,2.0524716291385294,-0.5827749088119369,0.7057595491557319,0.7074339316929257,0.0364826371516367,0.0104741706807413,0.003101520198802474,0.08760878477757626,-0.048115292810630844,0.0,0.0,0.0,0.1,0.0,0
6,1491,world,14.91,1.481,1.1897580481965901,2.053347716986305,-0.5832560617400432,0.7057595491557319,0.7074339316929257,0.0364826371516367,0.0104741706807413,0.0031015201988024745,0.08760878477757626,-0.04811529281063084,0.0,0.0,0.0,0.1,0.0,0
6,1492,world,14.92,1.4820000000000002,1.1897890633985782,2.054223804834081,-0.5837372146681495,0.7057595491557319,0.7074339316929257,0.03648263715163671,0.0104741706807413,0.003101520198802475,0.08760878477757628,-0.04811529281063082,0.0,0.0,0.0,0.1,0.0,0
6,1493,world,14.93,1.483,1.1898200786005662,2.0550998926818567,-0.5842183675962558,0.7057595491557319,0.7074339316929257,0.03648263715163671,0.0104741706807413,0.0031015201988024753,0.08760878477757628,-0.048115292810630816,0.0,0.0,0.0,0.1,0.0,0
6,1494,world,14.94,1.4840000000000002,1.1898510938025542,2.0559759805296323,-0.5846995205243621,0.7057595491557319,0.7074339316929257,0.03648263715163671,0.0104741706807413,0.003101520198802476,0.08760878477757628,-0.0481152928106308,0.0,0.0,0.0,0.1,0.0,0
6,1495,world,14.950000000000001,1.4850000000000003,1.1898821090045422,2.0568520683774083,-0.5851806734524685,0.7057595491557319,0.7074339316929257,0.0364826371516367,0.0104741706807413,0.003101520198802476,0.08760878477757629,-0.04811529281063079,0.0,0.0,0.0,0.1,0.0,0
6,1496,world,14.96,1.4860000000000002,1.1899131242065302,2.057728156225184,-0.5856618263805747,0.7057595491557319,0.7074339316929257,0.0364826371516367,0.0104741706807413,0.0031015201988024766,0.08760878477757629,-0.04811529281063078,0.0,0.0,0.0,0.1,0.0,0
6,1497,world,14.97,1.4870000000000003,1.1899441394085182,2.05860424407296,-0.5861429793086811,0.7057595491557319,0.7074339316929257,0.0364826371516367,0.010474170680741298,0.0031015201988024775,0.0876087847775763,-0.04811529281063077,0.0,0.0,0.0,0.1,0.0,0
6,1498,world,14.98,1.4880000000000002,1.1899751546105062,2.0594803319207355,-0.5866241322367873,0.7057595491557319,0.7074339316929257,0.0364826371516367,0.010474170680741298,0.003101520198802478,0.0876087847775763,-0.04811529281063076,0.0,0.0,0.0,0.1,0.0,0
6,1499,world,14.99,1.489,1.1900061698124944,2.060356419768511,-0.5871052851648936,0.7057595491557319,0.7074339316929257,0.03648263715163671,0.010474170680741298,0.003101520198802478,0.08760878477757632,-0.04811529281063075,0.0,0.0,0.0,0.1,0.0,0
6,1500,world,15.0,1.4900000000000002,1.1900371850144824,2.061232507616287,-0.587586438093,0.7057595491557319,0.7074339316929257,0.03648263715163671,0.010474170680741298,0.003101520198802479,0.08760878477757632,-0.04811529281063073,0.0,0.0,0.0,0.1,0.0,0
6,1501,world,15.01,1.491,1.1900682002164704,2.0621085954640628,-0.5880675910211063,0.7057595491557319,0.7074339316929257,0.03648263715163671,0.010474170680741298,0.0031015201988024792,0.08760878477757633,-0.048115292810630726,0.0,0.0,0.0,0.1,0.0,0
6,1502,world,15.02,1.4920000000000002,1.1900992154184584,2.0629846833118384,-0.5885487439492126,0.7057595491557319,0.7074339316929257,0.0364826371516367,0.010474170680741298,0.0031015201988024797,0.08760878477757633,-0.04811529281063071,0.0,0.0,0.0,0.1,0.0,0
6,1503,world,15.030000000000001,1.4930000000000003,1.1901302306204464,2.0638607711596144,-0.589029896877319,0.7057595491557319,0.7074339316929257,0.03648263715163671,0.010474170680741298,0.00310152019880248,0.08760878477757633,-0.048115292810630705,0.0,0.0,0.0,0.1,0.0,0
6,1504,world,15.040000000000001,1.4940000000000002,1.1901612458224344,2.06473685900739,-0.5895110498054252,0.7057595491557319,0.7074339316929257,0.03648263715163671,0.010474170680741298,0.003101520198802481,0.08760878477757635,-0.0481152928106307,0.0,0.0,0.0,0.1,0.0,0
6,1505,world,15.05,1.4950000000000003,1.1901922610244224,2.065612946855166,-0.5899922027335316,0.7057595491557319,0.7074339316929257,0.03648263715163671,0.010474170680741295,0.003101520198802481,0.08760878477757635,-0.04811529281063068,0.0,0.0,0.0,0.1,0.0,0
6,1506,world,15.06,1.4960000000000002,1.1902232762264104,2.0664890347029417,-0.5904733556616378,0.7057595491557319,0.7074339316929257,0.0364826371516367,0.010474170680741295,0.0031015201988024814,0.08760878477757636,-0.04811529281063067,0.0,0.0,0.0,0.1,0.0,0
6,1507,world,15.07,1.497,1.1902542914283984,2.0673651225507172,-0.5909545085897441,0.705759549155732,0.7074339316929256,0.03648263715163671,0.010474170680741296,0.003101520198802482,0.08760878477757636,-0.04811529281063066,0.0,0.0,0.0,0.1,0.0,0
6,1508,world,15.08,1.4980000000000002,1.1902853066303865,2.0682412103984933,-0.5914356615178504,0.705759549155732,0.7074339316929256,0.03648263715163671,0.010474170680741296,0.0031015201988024827,0.08760878477757637,-0.04811529281063065,0.0,0.0,0.0,0.1,0.0,0
6,1509,world,15.09,1.499,1.1903163218323745,2.069117298246269,-0.5919168144459567,0.705759549155732,0.7074339316929256,0.03648263715163671,0.010474170680741296,0.003101520198802483,0.08760878477757637,-0.048115292810630636,0.0,0.0,0.0,0.1,0.0,0
6,1510,world,15.1,1.5000000000000002,1.1903473370343627,2.0699933860940445,-0.592397967374063,0.705759549155732,0.7074339316929256,0.036482637151636715,0.010474170680741296,0.003101520198802483,0.08760878477757639,-0.04811529281063062,0.0,0.0,0.0,0.1,0.0,0
6,1511,world,15.11,1.5010000000000001,1.1903783522363507,2.0708694739418205,-0.5928791203021693,0.705759549155732,0.7074339316929256,0.036482637151636715,0.010474170680741296,0.0031015201988024844,0.08760878477757639,-0.048115292810630615,0.0,0.0,0.0,0.1,0.0,0
6,1512,world,15.120000000000001,1.5020000000000002,1.1904093674383387,2.071745561789596,-0.5933602732302756,0.705759549155732,0.7074339316929256,0.036482637151636715,0.010474170680741295,0.0031015201988024844,0.08760878477757639,-0.048115292810630594,0.0,0.0,0.0,0.1,0.0,0
6,1513,world,15.13,1.5030000000000003,1.1904403826403267,2.072621649637372,-0.593841426158382,0.705759549155732,0.7074339316929256,0.03648263715163671,0.010474170680741295,0.003101520198802485,0.0876087847775764,-0.048115292810630594,0.0,0.0,0.0,0.1,0.0,0
6,1514,world,15.14,1.5040000000000002,1.1904713978423147,2.0734977374851478,-0.5943225790864882,0.705759549155732,0.7074339316929256,0.03648263715163671,0.010474170680741295,0.0031015201988024853,0.0876087847775764,-0.048115292810630574,0.0,0.0,0.0,0.1,0.0,0
6,1515,world,15.15,1.5050000000000001,1.1905024130443027,2.0743738253329234,-0.5948037320145945,0.705759549155732,0.7074339316929256,0.03648263715163671,0.010474170680741295,0.0031015201988024857,0.08760878477757642,-0.04811529281063057,0.0,0.0,0.0,0.1,0.0,0
6,1516,world,15.16,1.5060000000000002,1.1905334282462907,2.0752499131806994,-0.5952848849427008,0.705759549155732,0.7074339316929256,0.03648263715163671,0.010474170680741295,0.003101520198802486,0.08760878477757642,-0.04811529281063055,0.0,0.0,0.0,0.1,0.0,0
6,1517,world,15.17,1.5070000000000001,1.1905644434482787,2.076126001028475,-0.5957660378708071,0.705759549155732,0.7074339316929256,0.03648263715163671,0.010474170680741295,0.0031015201988024866,0.08760878477757643,-0.04811529281063054,0.0,0.0,0.0,0.1,0.0,0
6,1518,world,15.18,1.5080000000000002,1.1905954586502667,2.0770020888762506,-0.5962471907989134,0.705759549155732,0.7074339316929256,0.03648263715163671,0.010474170680741295,0.003101520198802487,0.08760878477757643,-0.04811529281063053,0.0,0.0,0.0,0.1,0.0,0
6,1519,world,15.19,1.5090000000000001,1.1906264738522547,2.0778781767240266,-0.5967283437270197,0.705759549155732,0.7074339316929256,0.03648263715163671,0.010474170680741295,0.0031015201988024875,0.08760878477757644,-0.04811529281063052,0.0,0.0,0.0,0.1,0.0,0
6,1520,world,15.200000000000001,1.5100000000000002,1.1906574890542427,2.0787542645718022,-0.597209496655126,0.705759549155732,0.7074339316929256,0.03648263715163671,0.010474170680741291,0.0031015201988024883,0.08760878477757644,-0.04811529281063051,0.0,0.0,0.0,0.1,0.0,0
6,1521,world,15.21,1.5110000000000003,1.190688504256231,2.0796303524195783,-0.5976906495832324,0.705759549155732,0.7074339316929256,0.03648263715163671,0.010474170680741291,0.0031015201988024883,0.08760878477757644,-0.0481152928106305,0.0,0.0,0.0,0.1,0.0,0
6,1522,world,15.22,1.5120000000000002,1.190719519458219,2.080506440267354,-0.5981718025113386,0.705759549155732,0.7074339316929256,0.03648263715163671,0.010474170680741291,0.0031015201988024888,0.08760878477757644,-0.04811529281063048,0.0,0.0,0.0,0.1,0.0,0
6,1523,world,15.23,1.5130000000000001,1.190750534660207,2.0813825281151295,-0.5986529554394449,0.705759549155732,0.7074339316929256,0.03648263715163671,0.010474170680741291,0.0031015201988024896,0.08760878477757646,-0.048115292810630476,0.0,0.0,0.0,0.1,0.0,0
6,1524,world,15.24,1.5140000000000002,1.190781549862195,2.0822586159629055,-0.5991341083675512,0.705759549155732,0.7074339316929256,0.03648263715163671,0.010474170680741291,0.00310152019880249,0.08760878477757646,-0.04811529281063046,0.0,0.0,0.0,0.1,0.0,0
6,1525,world,15.25,1.5150000000000001,1.190812565064183,2.083134703810681,-0.5996152612956576,0.705759549155732,0.7074339316929256,0.03648263715163671,0.010474170680741291,0.00310152019880249,0.08760878477757647,-0.048115292810630456,0.0,0.0,0.0,0.1,0.0,0
6,1526,world,15.26,1.5160000000000002,1.190843580266171,2.0840107916584567,-0.6000964142237639,0.705759549155732,0.7074339316929256,0.03648263715163671,0.010474170680741291,0.003101520198802491,0.08760878477757648,-0.04811529281063044,0.0,0.0,0.0,0.1,0.0,0
6,1527,world,15.27,1.5170000000000001,1.190874595468159,2.0848868795062327,-0.6005775671518702,0.705759549155732,0.7074339316929256,0.03648263715163671,0.01047417068074129,0.0031015201988024914,0.08760878477757648,-0.04811529281063043,0.0,0.0,0.0,0.1,0.0,0
6,1528,world,15.280000000000001,1.5180000000000002,1.190905610670147,2.0857629673540083,-0.6010587200799765,0.705759549155732,0.7074339316929256,0.03648263715163671,0.01047417068074129,0.003101520198802492,0.0876087847775765,-0.04811529281063042,0.0,0.0,0.0,0.1,0.0,0
6,1529,world,15.290000000000001,1.5190000000000003,1.190936625872135,2.0866390552017844,-0.6015398730080829,0.705759549155732,0.7074339316929256,0.03648263715163671,0.01047417068074129,0.0031015201988024922,0.0876087847775765,-0.04811529281063041,0.0,0.0,0.0,0.1,0.0,0
6,1530,world,15.3,1.5199927903599637,1.190967417465681,2.087508826771537,-0.602017556996775,0.705759549155732,0.7074339316929256,0.03648263715163671,0.01047417068074129,0.003018241984396684,0.08525642119620878,-0.04682336001185996,0.0,0.0,0.0,0.0973149227131275,-0.5,0
6,1531,world,15.31,1.520940939587095,1.1909968245054754,2.088339488787305,-0.6024737617736908,0.705759549155732,0.7074339316929256,0.03648263715163671,0.01047417068074129,0.002863165974456563,0.08087598195733005,-0.04441759537132848,0.0,0.0,0.0,0.0923149227131276,-0.5,0
6,1532,world,15.32,1.5218390888142264,1.1910246807851703,2.089126346410684,-0.6029059089042015,0.705759549155732,0.7074339316929256,0.03648263715163671,0.01047417068074129,0.0027080899645164423,0.07649554271845133,-0.042011830730797006,0.0,0.0,0.0,0.08731492271312771,-0.5,0
6,1533,world,15.33,1.5226872380413574,1.1910509863047656,2.0898693996416737,-0.6033139983883067,0.705759549155732,0.7074339316929256,0.03648263715163671,0.01047417068074129,0.002553013954576321,0.07211510347957259,-0.03960606609026553,0.0,0.0,0.0,0.08231492271312782,-0.5,0
6,1534,world,15.34,1.5234853872684888,1.1910757410642618,2.090568648480275,-0.6036980302260068,0.705759549155732,0.7074339316929256,0.03648263715163671,0.01047417068074129,0.0023979379446362,0.06773466424069387,-0.037200301449734054,0.0,0.0,0.0,0.07731492271312793,-0.5,0
6,1535,world,15.35,1.52423353649562,1.1910989450636584,2.091224092926488,-0.6040580044173015,0.705759549155732,0.7074339316929256,0.03648263715163671,0.010474170680741286,0.002242861934696079,0.06335422500181513,-0.03479453680920259,0.0,0.0,0.0,0.07231492271312803,-0.5,0
6,1536,world,15.36,1.5249316857227513,1.1911205983029556,2.0918357329803112,-0.6043939209621908,0.705759549155732,0.7074339316929256,0.03648263715163671,0.010474170680741286,0.0020877859247559576,0.05897378576293641,-0.032388772168671115,0.0,0.0,0.0,0.06731492271312814,-0.5,0
6,1537,world,15.370000000000001,1.5255798349498828,1.1911407007821535,2.0924035686417466,-0.604705779860675,0.705759549155732,0.7074339316929256,0.03648263715163671,0.010474170680741286,0.001932709914815809,0.0545933465240569,-0.029983007528139215,0.0,0.0,0.0,0.06231492271312736,-0.5,0
6,1538,world,15.38,1.526177984177014,1.191159252501252,2.0929275999107926,-0.6049935811127537,0.705759549155732,0.7074339316929256,0.03648263715163671,0.010474170680741286,0.0017776339048756877,0.05021290728517817,-0.027577242887607746,0.0,0.0,0.0,0.057314922713127464,-0.5,0
6,1539,world,15.39,1.526726133404145,1.191176253460251,2.09340782678745,-0.605257324718427,0.705759549155732,0.7074339316929256,0.03648263715163671,0.010474170680741286,0.0016225578949355661,0.04583246804629944,-0.02517147824707628,0.0,0.0,0.0,0.05231492271312757,-0.5,0
6,1540,world,15.4,1.5272242826312765,1.1911917036591506,2.0938442492717186,-0.6054970106776951,0.705759549155732,0.7074339316929256,0.03648263715163671,0.010474170680741286,0.0014674818849954448,0.04145202880742071,-0.02276571360654481,0.0,0.0,0.0,0.04731492271312768,-0.5,0
6,1541,world,15.41,1.5276724318584076,1.191205603097951,2.0942368673635983,-0.6057126389905578,0.705759549155732,0.7074339316929256,0.03648263715163671,0.010474170680741286,0.0013124058750553236,0.03707158956854197,-0.020359948966013345,0.0,0.0,0.0,0.042314922713127784,-0.5,0
6,1542,world,15.42,1.528070581085539,1.191217951776652,2.0945856810630894,-0.6059042096570154,0.705759549155732,0.7074339316929256,0.03648263715163671,0.010474170680741286,0.001157329865115202,0.032691150329663236,-0.01795418432548188,0.0,0.0,0.0,0.03731492271312789,-0.5,0
6,1543,world,15.43,1.5284187303126704,1.1912287496952532,2.0948906903701916,-0.6060717226770677,0.7057595491557321,0.7074339316929255,0.03648263715163671,0.010474170680741288,0.0010022538551750805,0.028310711090784504,-0.015548419684950413,0.0,0.0,0.0,0.032314922713128,-0.5,0
6,1544,world,15.44,1.5287168795398014,1.1912379968537552,2.095151895284905,-0.6062151780507143,0.7057595491557321,0.7074339316929255,0.036482637151636715,0.010474170680741288,0.000847177845234959,0.023930271851905775,-0.013142655044418949,0.0,0.0,0.0,0.027314922713128104,-0.5,0
6,1545,world,15.450000000000001,1.528965028766933,1.191245693252158,2.09536929580723,-0.606334575777956,0.7057595491557321,0.7074339316929255,0.036482637151636715,0.010474170680741288,0.00069210183529481,0.01954983261302626,-0.010736890403887056,0.0,0.0,0.0,0.022314922713127322,-0.5,0
6,1546,world,15.46,1.5291631779940642,1.1912518388904612,2.095542891937166,-0.6064299158587922,0.7057595491557321,0.7074339316929255,0.036482637151636715,0.010474170680741288,0.0005370258253546886,0.015169393374147529,-0.008331125763355594,0.0,0.0,0.0,0.01731492271312743,-0.5,0
6,1547,world,15.47,1.5293113272211953,1.191256433768665,2.095672683674713,-0.606501198293223,0.7057595491557321,0.7074339316929255,0.036482637151636715,0.010474170680741288,0.000381949815414567,0.010788954135268794,-0.00592536112282413,0.0,0.0,0.0,0.012314922713127535,-0.5,0
6,1548,world,15.48,1.5294094764483268,1.1912594778867696,2.0957586710198712,-0.6065484230812487,0.7057595491557321,0.7074339316929255,0.036482637151636715,0.010474170680741288,0.00022687380547444544,0.006408514896390059,-0.003519596482292666,0.0,0.0,0.0,0.007314922713127642,-0.5,0
6,1549,world,15.49,1.529457625675458,1.1912609712447746,2.0958008539726407,-0.6065715902228689,0.7057595491557321,0.7074339316929255,0.036482637151636715,0.010474170680741288,7.17977955343239e-05,0.0020280756575113247,-0.001113831841761203,0.0,0.0,0.0,0.0023149227131277483,-0.5,0
6,1550,world,15.494629845426257,1.5294629845426257,1.1912611374511222,2.095805548811044,-0.606574168657498,0.7057595491557321,0.7074339316929255,0.036482637151636715,0.010474170680741288,0.0,0.0,-0.0,0.0,0.0,0.0,0.0,0.0,0
