ply
format ascii 1.0
element vertex 13257
property float x
property float y
property float z
property uchar red
property uchar green
property uchar blue
property uchar alpha
element face 25653
property list uchar int vertex_indices
end_header
4.1475 0.1775 -0.646468 46 44 43 255
4.1425 0.1775 -0.64267 46 44 43 255
4.1475 0.175119 -0.6425 46 44 43 255
4.1501 0.1775 -0.6475 48 48 45 255
4.1525 0.176929 -0.6475 48 48 45 255
4.1525 0.173375 -0.6425 48 48 45 255
4.1425 0.179768 -0.6475 36 35 33 255
4.1475 0.178058 -0.6475 36 35 33 255
4.1225 0.1875 -0.643951 81 76 75 255
4.12083 0.1875 -0.6425 81 76 75 255
4.1225 0.187083 -0.6425 81 76 75 255
4.12446 0.1875 -0.6475 53 50 49 255
4.1275 0.186058 -0.6475 53 50 49 255
4.1275 0.184762 -0.6425 53 50 49 255
4.1175 0.188311 -0.6425 60 57 53 255
4.1225 0.188524 -0.6475 60 57 53 255
4.1175 0.189508 -0.6475 60 57 53 255
3.6725 0.2325 -0.562938 95 91 84 255
3.6693 0.2325 -0.5625 95 91 84 255
3.6775 0.2325 -0.563236 97 92 84 255
3.6775 0.231217 -0.5625 97 92 84 255
3.6425 0.2375 -0.566934 78 77 73 255
3.6375 0.2375 -0.565998 78 77 73 255
3.6375 0.232963 -0.5625 78 77 73 255
3.6425 0.23255 -0.5625 78 77 73 255
3.6475 0.2375 -0.566923 75 72 70 255
3.6475 0.232959 -0.5625 75 72 70 255
3.6525 0.2375 -0.566691 74 70 68 255
3.6525 0.233098 -0.5625 74 70 68 255
3.6575 0.2375 -0.566067 76 73 70 255
3.6575 0.233659 -0.5625 76 73 70 255
3.6625 0.2375 -0.565238 73 70 66 255
3.6625 0.234044 -0.5625 73 70 66 255
3.6675 0.2375 -0.565586 66 62 60 255
3.6675 0.232963 -0.5625 66 62 60 255
3.6725 0.2375 -0.566508 71 66 63 255
3.6775 0.2375 -0.566496 76 71 67 255
4.0725 0.2025 -0.641698 61 59 51 255
4.0684 0.2025 -0.6375 61 59 51 255
4.0725 0.201388 -0.6375 61 59 51 255
4.07334 0.2025 -0.6425 58 57 50 255
4.0775 0.201283 -0.6425 58 57 50 255
4.0775 0.199662 -0.6375 58 57 50 255
4.0575 0.2075 -0.6425 43 41 36 255
4.05479 0.2075 -0.6375 43 41 36 255
4.0575 0.20635 -0.6375 43 41 36 255
4.0625 0.205668 -0.6425 42 39 34 255
4.0625 0.204373 -0.6375 42 39 34 255
4.0675 0.20421 -0.6425 43 41 35 255
4.0675 0.202769 -0.6375 43 41 35 255
4.0725 0.202767 -0.6425 43 42 36 255
4.0425 0.2125 -0.642021 45 41 38 255
4.0375 0.2125 -0.637826 45 41 38 255
4.0425 0.211357 -0.6375 45 41 38 255
4.0475 0.211032 -0.6425 44 41 37 255
4.0475 0.210096 -0.6375 44 41 37 255
4.0525 0.209411 -0.6425 41 40 35 255
4.0525 0.208433 -0.6375 41 40 35 255
4.0375 0.213689 -0.6425 42 40 35 255
4.0675 0.2025 -0.635861 57 55 46 255
4.06578 0.2025 -0.6325 57 55 46 255
4.0675 0.20197 -0.6325 57 55 46 255
4.0725 0.2002 -0.6325 110 106 92 255
4.0775 0.198431 -0.6325 112 107 96 255
4.0525 0.2075 -0.632867 44 42 37 255
4.0575 0.205253 -0.6325 42 40 34 255
4.0625 0.203473 -0.6325 50 47 41 255
4.0425 0.210251 -0.6325 46 42 38 255
4.0375 0.211171 -0.6325 46 42 38 255
4.0475 0.209275 -0.6325 44 41 36 255
4.0625 0.2025 -0.628421 41 40 34 255
4.06174 0.2025 -0.6275 41 40 34 255
4.0625 0.202258 -0.6275 41 40 34 255
4.0675 0.200775 -0.6275 91 88 76 255
4.0725 0.199003 -0.6275 102 98 88 255
4.0775 0.1975 -0.628209 107 104 94 255
4.04829 0.2075 -0.6275 44 43 37 255
4.0525 0.205852 -0.6275 44 43 37 255
4.0575 0.203839 -0.6275 44 42 37 255
4.0425 0.20883 -0.6275 48 45 40 255
4.0375 0.209881 -0.6275 48 45 40 255
4.0475 0.207786 -0.6275 46 42 38 255
4.0575 0.2025 -0.623201 45 44 40 255
4.0625 0.20065 -0.6225 47 45 37 255
4.0675 0.199138 -0.6225 95 92 83 255
4.0725 0.1975 -0.623009 97 93 89 255
4.0425 0.2075 -0.623259 48 45 42 255
4.04165 0.2075 -0.6225 48 45 42 255
4.0425 0.207244 -0.6225 48 45 42 255
4.0475 0.205808 -0.6225 46 44 41 255
4.0525 0.204085 -0.6225 45 43 39 255
4.0375 0.208706 -0.6225 47 44 41 255
4.0525 0.2025 -0.618604 38 36 33 255
4.0511 0.2025 -0.6175 38 36 33 255
4.0525 0.202034 -0.6175 38 36 33 255
4.0575 0.200426 -0.6175 45 44 40 255
4.0625 0.198955 -0.6175 53 52 46 255
4.0675 0.1975 -0.618597 75 72 64 255
4.06627 0.1975 -0.6175 75 72 64 255
4.0375 0.2075 -0.618252 40 39 35 255
4.0375 0.20727 -0.6175 40 39 35 255
4.0425 0.205366 -0.6175 40 39 35 255
4.0475 0.203674 -0.6175 41 39 36 255
4.0475 0.2025 -0.614833 41 40 37 255
4.04403 0.2025 -0.6125 41 40 37 255
4.0475 0.201344 -0.6125 41 40 37 255
4.0525 0.199255 -0.6125 44 43 40 255
4.0575 0.1975 -0.61272 47 45 42 255
4.0625 0.1975 -0.615025 82 80 69 255
4.0425 0.20299 -0.6125 36 35 32 255
4.0375 0.205018 -0.6125 36 35 32 255
4.0425 0.2025 -0.611726 52 51 47 255
4.0375 0.2025 -0.608633 52 51 47 255
4.0375 0.201654 -0.6075 52 51 47 255
4.0425 0.199597 -0.6075 52 51 47 255
4.0475 0.197731 -0.6075 49 48 43 255
4.0525 0.1975 -0.610392 50 48 44 255
4.0425 0.1975 -0.605034 57 55 49 255
4.0375 0.1975 -0.602713 57 55 49 255
3.2375 0.298814 -1.1625 39 39 37 255
3.2325 0.298916 -1.1625 39 39 37 255
3.2375 0.298989 -1.1575 39 39 37 255
3.2325 0.299022 -1.1575 39 39 37 255
3.2375 0.299254 -1.1525 36 37 35 255
3.2325 0.299518 -1.1525 36 37 35 255
3.2375 0.299958 -1.1475 37 38 34 255
3.2325 0.29995 -1.1475 37 38 34 255
3.2375 0.300935 -1.1425 38 40 36 255
3.2325 0.300176 -1.1425 38 40 36 255
3.2525 0.320277 -0.8425 44 41 34 255
3.2475 0.321169 -0.8425 44 41 34 255
3.2525 0.319884 -0.8375 44 41 34 255
3.2475 0.320469 -0.8375 44 41 34 255
3.2575 0.320227 -0.8425 44 40 35 255
3.2575 0.320153 -0.8375 44 40 35 255
3.2625 0.320751 -0.8425 42 38 33 255
3.2625 0.320697 -0.8375 42 38 33 255
3.2675 0.321483 -0.8425 42 39 35 255
3.2675 0.321173 -0.8375 42 39 35 255
3.2725 0.321588 -0.8425 40 37 30 255
3.2725 0.320933 -0.8375 40 37 30 255
3.2775 0.320763 -0.8425 40 36 31 255
3.2775 0.320128 -0.8375 40 36 31 255
3.2525 0.319623 -0.8325 42 39 33 255
3.2475 0.319772 -0.8325 42 39 33 255
3.2575 0.319961 -0.8325 45 42 37 255
3.2625 0.320234 -0.8325 42 39 35 255
3.2675 0.320472 -0.8325 41 38 33 255
3.2725 0.320084 -0.8325 40 36 31 255
3.2775 0.319411 -0.8325 39 34 29 255
3.2525 0.319512 -0.8275 43 39 32 255
3.2475 0.31957 -0.8275 43 39 32 255
3.2575 0.319777 -0.8275 44 41 35 255
3.2625 0.319769 -0.8275 43 40 35 255
3.2675 0.319737 -0.8275 41 37 32 255
3.2725 0.319471 -0.8275 42 37 32 255
3.2775 0.319021 -0.8275 42 38 31 255
3.2525 0.319346 -0.8225 41 38 32 255
3.2475 0.319405 -0.8225 41 38 32 255
3.2575 0.319363 -0.8225 44 40 34 255
3.2625 0.319103 -0.8225 43 39 34 255
3.2675 0.318922 -0.8225 40 38 30 255
3.2725 0.318892 -0.8225 43 38 31 255
3.2775 0.318698 -0.8225 41 38 32 255
3.2525 0.318605 -0.8175 44 40 34 255
3.2475 0.318656 -0.8175 44 40 34 255
3.2575 0.318544 -0.8175 43 39 33 255
3.2625 0.318247 -0.8175 43 39 34 255
3.2675 0.317944 -0.8175 42 39 32 255
3.2725 0.317987 -0.8175 41 38 32 255
3.2775 0.318095 -0.8175 40 37 31 255
3.2525 0.317558 -0.8125 43 40 33 255
3.2475 0.317613 -0.8125 43 40 33 255
3.2575 0.317721 -0.8125 44 41 34 255
3.2625 0.317638 -0.8125 43 39 33 255
3.2675 0.3175 -0.815032 43 40 33 255
3.26374 0.3175 -0.8125 43 40 33 255
3.2725 0.3175 -0.815281 42 39 32 255
3.2775 0.3175 -0.814252 40 37 31 255
3.2575 0.3175 -0.811086 44 41 35 255
3.2625 0.3175 -0.811395 45 42 35 255
3.3575 0.314752 -0.9525 218 217 218 255
3.3575 0.313668 -0.9575 218 217 218 255
3.36333 0.3125 -0.9475 217 216 217 255
3.3625 0.313498 -0.9475 59 59 61 255
3.3575 0.315523 -0.9475 59 59 61 255
3.3675 0.311574 -0.9425 39 40 43 255
3.36643 0.3125 -0.9425 39 40 43 255
3.3625 0.315005 -0.9425 48 48 50 255
3.3575 0.316013 -0.9425 48 48 50 255
3.3675 0.3125 -0.941175 31 29 28 255
3.3725 0.3125 -0.937574 28 28 30 255
3.3625 0.315713 -0.9375 31 30 27 255
3.3575 0.316373 -0.9375 31 30 27 255
3.3675 0.314628 -0.9375 44 45 47 255
3.3625 0.316167 -0.9325 34 32 28 255
3.3575 0.316907 -0.9325 34 32 28 255
3.3675 0.315523 -0.9325 41 41 42 255
3.3725 0.315079 -0.9325 40 41 43 255
3.3625 0.316575 -0.9275 32 31 29 255
3.3575 0.317316 -0.9275 32 31 29 255
3.3675 0.316118 -0.9275 29 27 23 255
3.3725 0.315367 -0.9275 41 42 43 255
3.3775 0.314822 -0.9325 43 44 46 255
3.3775 0.314731 -0.9275 43 44 46 255
3.3625 0.316834 -0.9225 31 30 27 255
3.3575 0.317222 -0.9225 31 30 27 255
3.3675 0.316629 -0.9225 29 28 26 255
3.3725 0.316132 -0.9225 39 40 41 255
3.3775 0.315444 -0.9225 46 46 48 255
3.7475 0.3075 -0.719198 43 39 32 255
3.74431 0.3075 -0.7175 43 39 32 255
3.7475 0.307186 -0.7175 43 39 32 255
3.7525 0.3075 -0.720712 44 41 35 255
3.7525 0.307042 -0.7175 44 41 35 255
3.7575 0.3075 -0.7225 45 40 34 255
3.7575 0.30692 -0.7175 45 40 34 255
3.7225 0.309427 -0.7225 39 35 32 255
3.7175 0.30986 -0.7225 39 35 32 255
3.7225 0.308829 -0.7175 39 35 32 255
3.7175 0.309595 -0.7175 39 35 32 255
3.7275 0.30908 -0.7225 40 37 31 255
3.7275 0.308476 -0.7175 40 37 31 255
3.7325 0.308907 -0.7225 39 36 30 255
3.7325 0.308721 -0.7175 39 36 30 255
3.7375 0.308602 -0.7225 39 35 31 255
3.7375 0.308474 -0.7175 39 35 31 255
3.7425 0.308146 -0.7225 37 34 29 255
3.7425 0.307669 -0.7175 37 34 29 255
3.7475 0.308063 -0.7225 39 36 31 255
3.7525 0.307742 -0.7225 39 35 30 255
3.7275 0.3075 -0.713371 60 55 47 255
3.72537 0.3075 -0.7125 60 55 47 255
3.7275 0.307296 -0.7125 60 55 47 255
3.73038 0.3075 -0.7125 58 52 45 255
3.7425 0.3075 -0.716474 54 49 41 255
3.73772 0.3075 -0.7125 54 49 41 255
3.7425 0.306769 -0.7125 54 49 41 255
3.7475 0.306302 -0.7125 54 51 43 255
3.7525 0.306096 -0.7125 54 50 42 255
3.7575 0.305773 -0.7125 53 48 41 255
3.7225 0.307765 -0.7125 38 34 28 255
3.7175 0.308853 -0.7125 38 34 28 255
3.7325 0.307655 -0.7125 41 37 31 255
3.7225 0.3075 -0.71163 56 52 45 255
3.7175 0.3075 -0.70858 56 52 45 255
3.7175 0.307064 -0.7075 56 52 45 255
3.7225 0.306092 -0.7075 56 52 45 255
3.7275 0.305461 -0.7075 59 53 46 255
3.7325 0.305634 -0.7075 57 53 46 255
3.7375 0.305724 -0.7075 56 51 44 255
3.7425 0.305057 -0.7075 53 50 41 255
3.7475 0.304453 -0.7075 54 50 41 255
3.7525 0.304126 -0.7075 55 51 43 255
3.7575 0.303807 -0.7075 56 52 44 255
3.7475 0.3025 -0.703061 61 55 47 255
3.74566 0.3025 -0.7025 61 55 47 255
3.7525 0.3025 -0.703742 58 54 45 255
3.7525 0.301967 -0.7025 58 54 45 255
3.7575 0.3025 -0.704485 59 54 45 255
3.7575 0.301611 -0.7025 59 54 45 255
3.7225 0.303844 -0.7025 59 54 46 255
3.7175 0.304162 -0.7025 59 54 46 255
3.7275 0.303567 -0.7025 62 56 48 255
3.7325 0.303426 -0.7025 60 55 48 255
3.7375 0.303411 -0.7025 59 53 45 255
3.7425 0.302926 -0.7025 58 54 44 255
3.7225 0.3025 -0.699573 59 53 46 255
3.7175 0.3025 -0.699223 59 53 46 255
3.7175 0.30169 -0.6975 59 53 46 255
3.7225 0.301575 -0.6975 59 53 46 255
3.7275 0.3025 -0.699738 63 56 48 255
3.7275 0.301621 -0.6975 63 56 48 255
3.7325 0.3025 -0.700283 66 60 51 255
3.7325 0.301317 -0.6975 66 60 51 255
3.7375 0.3025 -0.700554 66 59 51 255
3.7375 0.301049 -0.6975 66 59 51 255
3.7425 0.3025 -0.701539 65 58 49 255
3.7425 0.300737 -0.6975 65 58 49 255
3.7475 0.300307 -0.6975 62 56 47 255
3.7525 0.300058 -0.6975 62 57 48 255
3.7575 0.299467 -0.6975 62 57 48 255
3.7575 0.2975 -0.693259 62 57 48 255
3.75537 0.2975 -0.6925 62 57 48 255
3.7575 0.29714 -0.6925 62 57 48 255
3.7225 0.299519 -0.6925 60 54 45 255
3.7175 0.299887 -0.6925 60 54 45 255
3.7275 0.299077 -0.6925 65 59 50 255
3.7325 0.29862 -0.6925 65 59 50 255
3.7375 0.298373 -0.6925 70 64 54 255
3.7425 0.298204 -0.6925 68 61 53 255
3.7475 0.298157 -0.6925 64 58 49 255
3.7525 0.297937 -0.6925 63 58 49 255
3.7225 0.2975 -0.687582 59 53 46 255
3.7275 0.2975 -0.689341 58 52 45 255
3.7275 0.296595 -0.6875 58 52 45 255
3.7325 0.2975 -0.690479 62 57 48 255
3.7325 0.295953 -0.6875 62 57 48 255
3.7375 0.2975 -0.690899 61 56 47 255
3.7375 0.29574 -0.6875 61 56 47 255
3.7425 0.2975 -0.691227 60 56 47 255
3.7425 0.295409 -0.6875 60 56 47 255
3.7475 0.2975 -0.691315 63 58 49 255
3.7475 0.295199 -0.6875 63 58 49 255
3.7525 0.2975 -0.691743 65 59 51 255
3.7525 0.294901 -0.6875 65 59 51 255
3.7575 0.294324 -0.6875 62 58 48 255
3.7175 0.297792 -0.6875 58 54 44 255
3.7475 0.2925 -0.683048 67 62 54 255
3.74469 0.2925 -0.6825 67 62 54 255
3.7525 0.2925 -0.683306 66 59 52 255
3.7525 0.292034 -0.6825 66 59 52 255
3.7575 0.2925 -0.683833 64 60 52 255
3.7575 0.291854 -0.6825 64 60 52 255
3.7175 0.295292 -0.6825 58 52 44 255
3.7225 0.2951 -0.6825 58 52 44 255
3.7275 0.294403 -0.6825 57 51 44 255
3.7325 0.293755 -0.6825 60 55 46 255
3.7375 0.293392 -0.6825 60 56 47 255
3.7425 0.292759 -0.6825 64 59 51 255
3.3225 0.320442 -0.8825 39 36 29 255
3.3175 0.319871 -0.8825 39 36 29 255
3.3225 0.320703 -0.8775 39 36 29 255
3.3175 0.320249 -0.8775 39 36 29 255
3.3275 0.320892 -0.8825 33 30 25 255
3.3275 0.321045 -0.8775 33 30 25 255
3.3325 0.320853 -0.8825 32 29 25 255
3.3325 0.320927 -0.8775 32 29 25 255
3.3375 0.320745 -0.8825 35 31 25 255
3.3375 0.320715 -0.8775 35 31 25 255
3.3425 0.320521 -0.8825 32 30 24 255
3.3425 0.320477 -0.8775 32 30 24 255
3.3475 0.320183 -0.8825 34 32 26 255
3.3475 0.320188 -0.8775 34 32 26 255
3.3525 0.320165 -0.8825 33 30 25 255
3.3525 0.320334 -0.8775 33 30 25 255
3.3575 0.320397 -0.8825 36 33 27 255
3.3575 0.320699 -0.8775 36 33 27 255
3.3225 0.320894 -0.8725 36 33 27 255
3.3175 0.320673 -0.8725 36 33 27 255
3.3275 0.321141 -0.8725 33 30 25 255
3.3325 0.32114 -0.8725 31 29 24 255
3.3375 0.32082 -0.8725 32 30 24 255
3.3425 0.320303 -0.8725 34 32 25 255
3.3475 0.319939 -0.8725 33 31 25 255
3.3525 0.320196 -0.8725 33 31 25 255
3.3575 0.320616 -0.8725 35 32 27 255
3.3225 0.32099 -0.8675 37 34 27 255
3.3175 0.320733 -0.8675 37 34 27 255
3.3275 0.321127 -0.8675 32 29 24 255
3.3325 0.321215 -0.8675 32 29 23 255
3.3375 0.321011 -0.8675 31 30 25 255
3.3425 0.320455 -0.8675 33 30 25 255
3.3475 0.320039 -0.8675 32 30 24 255
3.3525 0.320294 -0.8675 33 30 24 255
3.3575 0.320899 -0.8675 33 29 24 255
3.3225 0.320835 -0.8625 37 34 27 255
3.3175 0.320504 -0.8625 37 34 27 255
3.3275 0.320871 -0.8625 34 32 26 255
3.3325 0.320792 -0.8625 33 30 23 255
3.3375 0.320738 -0.8625 33 30 25 255
3.3425 0.320436 -0.8625 31 29 24 255
3.3475 0.320224 -0.8625 33 30 25 255
3.3525 0.32044 -0.8625 34 30 26 255
3.3575 0.320944 -0.8625 32 30 23 255
3.3225 0.320616 -0.8575 38 33 29 255
3.3175 0.320396 -0.8575 38 33 29 255
3.3275 0.320693 -0.8575 37 32 28 255
3.3325 0.320574 -0.8575 35 32 26 255
3.3375 0.320597 -0.8575 31 29 24 255
3.3425 0.320495 -0.8575 31 28 23 255
3.3475 0.320418 -0.8575 33 30 25 255
3.3525 0.320551 -0.8575 33 30 25 255
3.3575 0.320778 -0.8575 34 31 25 255
3.3225 0.32022 -0.8525 40 37 30 255
3.3175 0.320219 -0.8525 40 37 30 255
3.3275 0.320466 -0.8525 37 34 28 255
3.3325 0.320574 -0.8525 37 33 27 255
3.3375 0.320646 -0.8525 32 28 23 255
3.3425 0.320792 -0.8525 30 27 21 255
3.3475 0.320848 -0.8525 33 30 25 255
3.3525 0.320642 -0.8525 33 30 25 255
3.3575 0.32073 -0.8525 35 30 25 255
3.3225 0.319932 -0.8475 41 37 31 255
3.3175 0.32025 -0.8475 41 37 31 255
3.3275 0.320033 -0.8475 39 36 29 255
3.3325 0.320296 -0.8475 38 33 28 255
3.3375 0.320505 -0.8475 35 32 26 255
3.3425 0.320769 -0.8475 32 28 23 255
3.3475 0.320961 -0.8475 34 30 25 255
3.3525 0.320585 -0.8475 33 30 24 255
3.3575 0.32064 -0.8475 34 30 26 255
3.3225 0.319913 -0.8425 41 37 32 255
3.3175 0.32035 -0.8425 41 37 32 255
3.3275 0.319776 -0.8425 39 36 30 255
3.3325 0.320012 -0.8425 37 34 27 255
3.3375 0.32036 -0.8425 34 30 25 255
3.3425 0.320762 -0.8425 34 30 24 255
3.3475 0.321056 -0.8425 35 31 26 255
3.3525 0.320695 -0.8425 34 31 24 255
3.3575 0.320651 -0.8425 34 30 26 255
3.5975 0.3125 -0.786201 42 42 42 255
3.6025 0.313727 -0.7825 42 42 42 255
3.6025 0.3125 -0.784829 42 42 42 255
3.5975 0.314292 -0.7825 42 42 42 255
3.6075 0.313239 -0.7825 43 42 41 255
3.6075 0.3125 -0.783447 43 42 41 255
3.6125 0.313196 -0.7825 51 50 51 255
3.6188 0.3125 -0.7825 36 35 34 255
3.6225 0.3125 -0.780835 36 35 34 255
3.6225 0.311707 -0.7825 36 35 34 255
3.6275 0.311157 -0.7825 39 37 36 255
3.6275 0.3125 -0.779542 39 37 36 255
3.6325 0.311376 -0.7825 37 36 34 255
3.6325 0.3125 -0.779338 37 36 34 255
3.6375 0.311439 -0.7825 47 45 44 255
3.6375 0.3125 -0.779123 47 45 44 255
3.6025 0.314994 -0.7775 38 36 34 255
3.5975 0.315027 -0.7775 38 36 34 255
3.6075 0.314737 -0.7775 40 39 38 255
3.6125 0.314451 -0.7775 41 40 39 255
3.6175 0.312822 -0.7825 40 40 39 255
3.6175 0.314381 -0.7775 40 40 39 255
3.6225 0.314239 -0.7775 39 39 38 255
3.6275 0.313714 -0.7775 40 40 39 255
3.6325 0.313498 -0.7775 40 40 40 255
3.6375 0.313251 -0.7775 42 42 41 255
3.6025 0.315111 -0.7725 37 35 30 255
3.5975 0.315032 -0.7725 37 35 30 255
3.6075 0.314558 -0.7725 39 37 32 255
3.6125 0.314288 -0.7725 38 36 31 255
3.6175 0.314501 -0.7725 45 43 38 255
3.6225 0.314842 -0.7725 39 37 37 255
3.6275 0.314674 -0.7725 44 43 42 255
3.6325 0.314322 -0.7725 38 37 35 255
3.6375 0.313659 -0.7725 37 37 35 255
3.6025 0.315298 -0.7675 43 40 34 255
3.5975 0.315375 -0.7675 43 40 34 255
3.6075 0.314592 -0.7675 44 41 35 255
3.6125 0.314228 -0.7675 44 41 35 255
3.6175 0.3145 -0.7675 43 40 35 255
3.6225 0.31483 -0.7675 40 37 32 255
3.6275 0.314616 -0.7675 38 35 30 255
3.6325 0.314139 -0.7675 38 35 30 255
3.6375 0.313352 -0.7675 38 36 31 255
3.6025 0.315485 -0.7625 38 35 31 255
3.5975 0.31576 -0.7625 38 35 31 255
3.6075 0.314916 -0.7625 39 36 30 255
3.6125 0.314457 -0.7625 38 35 29 255
3.6175 0.314501 -0.7625 41 37 33 255
3.6225 0.314678 -0.7625 42 39 33 255
3.6275 0.314521 -0.7625 40 36 33 255
3.6325 0.31409 -0.7625 38 35 30 255
3.6375 0.313473 -0.7625 40 36 32 255
3.2825 0.31004 -0.7625 49 46 38 255
3.2775 0.309859 -0.7625 49 46 38 255
3.2825 0.308943 -0.7575 49 46 38 255
3.2775 0.308759 -0.7575 49 46 38 255
3.2875 0.310132 -0.7625 49 45 36 255
3.2875 0.309105 -0.7575 49 45 36 255
3.2925 0.310003 -0.7625 48 43 35 255
3.2925 0.309051 -0.7575 48 43 35 255
3.2975 0.309572 -0.7625 46 40 33 255
3.2975 0.308421 -0.7575 46 40 33 255
3.3025 0.309099 -0.7625 46 41 34 255
3.3025 0.307819 -0.7575 46 41 34 255
3.3075 0.309193 -0.7625 46 42 35 255
3.3075 0.307675 -0.7575 46 42 35 255
3.3125 0.309901 -0.7625 46 43 34 255
3.3125 0.308012 -0.7575 46 43 34 255
3.3175 0.310417 -0.7625 48 43 35 255
3.3175 0.308768 -0.7575 48 43 35 255
3.28192 0.3075 -0.7525 48 43 35 255
3.2775 0.3075 -0.753485 48 43 35 255
3.2775 0.307195 -0.7525 48 43 35 255
3.3025 0.3075 -0.756001 45 42 34 255
3.29781 0.3075 -0.7525 45 42 34 255
3.3025 0.306766 -0.7525 45 42 34 255
3.3075 0.306506 -0.7525 45 42 33 255
3.3125 0.3075 -0.755398 46 43 35 255
3.3125 0.306855 -0.7525 46 43 35 255
3.31731 0.3075 -0.7525 45 41 34 255
3.2875 0.307819 -0.7525 48 43 35 255
3.2925 0.308013 -0.7525 49 43 36 255
3.2825 0.306199 -0.7475 48 43 36 255
3.2775 0.305862 -0.7475 48 43 36 255
3.2875 0.3075 -0.751411 50 46 38 255
3.2875 0.306433 -0.7475 50 46 38 255
3.2925 0.3075 -0.750615 50 45 37 255
3.2925 0.306632 -0.7475 50 45 37 255
3.2975 0.306462 -0.7475 49 45 37 255
3.3025 0.306009 -0.7475 47 42 35 255
3.3075 0.305888 -0.7475 48 44 36 255
3.3125 0.306327 -0.7475 49 43 35 255
3.3175 0.30698 -0.7475 47 42 33 255
3.2825 0.305405 -0.7425 50 44 38 255
3.2775 0.305048 -0.7425 50 44 38 255
3.2875 0.305309 -0.7425 50 45 38 255
3.2925 0.304971 -0.7425 51 46 38 255
3.2975 0.304708 -0.7425 51 46 38 255
3.3025 0.304953 -0.7425 49 45 37 255
3.3075 0.305389 -0.7425 49 46 38 255
3.3125 0.305857 -0.7425 48 44 36 255
3.3175 0.306465 -0.7425 50 44 37 255
3.2825 0.304505 -0.7375 51 47 39 255
3.2775 0.30406 -0.7375 51 47 39 255
3.2875 0.304438 -0.7375 49 44 36 255
3.2925 0.303978 -0.7375 51 46 38 255
3.2975 0.303609 -0.7375 51 46 37 255
3.3025 0.303908 -0.7375 50 46 37 255
3.3075 0.304343 -0.7375 48 45 36 255
3.3125 0.304601 -0.7375 50 47 39 255
3.3175 0.304939 -0.7375 49 46 37 255
3.28169 0.3025 -0.7325 54 50 41 255
3.2775 0.3025 -0.73324 54 50 41 255
3.2825 0.302555 -0.7325 52 48 40 255
3.2875 0.303065 -0.7325 54 50 41 255
3.2925 0.303201 -0.7325 51 48 38 255
3.2975 0.302957 -0.7325 51 47 38 255
3.3025 0.302793 -0.7325 48 45 37 255
3.3075 0.302765 -0.7325 50 46 37 255
3.3125 0.302794 -0.7325 51 47 39 255
3.3175 0.302759 -0.7325 50 46 38 255
3.2825 0.300834 -0.7275 54 50 40 255
3.2775 0.300661 -0.7275 54 50 40 255
3.2875 0.3025 -0.731015 56 51 42 255
3.2875 0.301302 -0.7275 56 51 42 255
3.2925 0.3025 -0.729857 55 51 42 255
3.2925 0.301863 -0.7275 55 51 42 255
3.2975 0.3025 -0.730071 52 49 40 255
3.2975 0.301978 -0.7275 52 49 40 255
3.3025 0.3025 -0.731334 52 48 40 255
3.3025 0.301452 -0.7275 52 48 40 255
3.3075 0.300867 -0.7275 52 48 39 255
3.3125 0.3025 -0.731738 51 47 39 255
3.3125 0.300759 -0.7275 51 47 39 255
3.3175 0.300897 -0.7275 52 48 39 255
3.2825 0.299368 -0.7225 57 51 43 255
3.2775 0.299237 -0.7225 57 51 43 255
3.2875 0.299512 -0.7225 55 51 41 255
3.2925 0.300005 -0.7225 55 51 42 255
3.2975 0.300441 -0.7225 54 50 41 255
3.3025 0.299962 -0.7225 51 48 39 255
3.3075 0.299221 -0.7225 51 48 39 255
3.3125 0.298913 -0.7225 52 49 40 255
3.3175 0.299065 -0.7225 52 49 40 255
3.4025 0.3175 -0.7825 42 40 33 255
3.4225 0.3175 -0.78436 42 39 32 255
3.41981 0.3175 -0.7825 42 39 32 255
3.4225 0.31723 -0.7825 42 39 32 255
3.4275 0.3175 -0.783963 41 38 32 255
3.4275 0.317369 -0.7825 41 38 32 255
3.42909 0.3175 -0.7825 41 37 31 255
3.3975 0.3175 -0.781899 44 42 34 255
3.3975 0.316759 -0.7775 44 42 34 255
3.4025 0.316712 -0.7775 44 42 34 255
3.4075 0.3175 -0.780908 43 39 33 255
3.4075 0.316898 -0.7775 43 39 33 255
3.41214 0.3175 -0.7775 44 40 34 255
3.4175 0.3175 -0.779698 41 39 32 255
3.41343 0.3175 -0.7775 41 39 32 255
3.4175 0.317309 -0.7775 41 39 32 255
3.4225 0.316753 -0.7775 42 39 32 255
3.4275 0.317044 -0.7775 43 39 32 255
3.43133 0.3175 -0.7775 42 38 32 255
3.4025 0.315631 -0.7725 43 40 33 255
3.3975 0.315314 -0.7725 43 40 33 255
3.4075 0.315805 -0.7725 43 41 33 255
3.4125 0.316233 -0.7725 45 41 34 255
3.4175 0.316251 -0.7725 43 40 33 255
3.4225 0.316 -0.7725 44 39 32 255
3.4275 0.316182 -0.7725 44 39 31 255
3.4325 0.3175 -0.776783 44 39 32 255
3.4325 0.316625 -0.7725 44 39 32 255
3.4375 0.3175 -0.77662 47 41 35 255
3.4375 0.316872 -0.7725 47 41 35 255
3.4025 0.314538 -0.7675 44 41 34 255
3.3975 0.313927 -0.7675 44 41 34 255
3.4075 0.31484 -0.7675 44 41 33 255
3.4125 0.31511 -0.7675 44 41 32 255
3.4175 0.315121 -0.7675 44 40 32 255
3.4225 0.315203 -0.7675 45 41 32 255
3.4275 0.315526 -0.7675 44 40 32 255
3.4325 0.31593 -0.7675 46 41 34 255
3.4375 0.316232 -0.7675 46 40 34 255
3.4025 0.313495 -0.7625 45 42 34 255
3.3975 0.313126 -0.7625 45 42 34 255
3.4075 0.31385 -0.7625 45 42 35 255
3.4125 0.314261 -0.7625 45 41 33 255
3.4175 0.314435 -0.7625 45 40 32 255
3.4225 0.314557 -0.7625 44 40 33 255
3.4275 0.314896 -0.7625 44 39 31 255
3.4325 0.315445 -0.7625 45 40 33 255
3.4375 0.315695 -0.7625 45 42 34 255
3.2575 0.318683 -0.9625 41 39 36 255
3.2525 0.318577 -0.9625 41 39 36 255
3.2575 0.319598 -0.9575 41 39 36 255
3.2525 0.319434 -0.9575 41 39 36 255
3.2625 0.318835 -0.9625 38 35 32 255
3.2625 0.319566 -0.9575 38 35 32 255
3.2675 0.31923 -0.9625 34 34 29 255
3.2675 0.319671 -0.9575 34 34 29 255
3.2725 0.31937 -0.9625 36 35 31 255
3.2725 0.31947 -0.9575 36 35 31 255
3.2775 0.318759 -0.9625 35 33 29 255
3.2775 0.318788 -0.9575 35 33 29 255
3.2575 0.320263 -0.9525 43 42 39 255
3.2525 0.320016 -0.9525 43 42 39 255
3.2625 0.319912 -0.9525 38 37 34 255
3.2675 0.319493 -0.9525 36 36 31 255
3.2725 0.318886 -0.9525 34 32 27 255
3.2775 0.318283 -0.9525 33 33 29 255
3.2575 0.320224 -0.9475 41 40 37 255
3.2525 0.319781 -0.9475 41 40 37 255
3.2625 0.320103 -0.9475 38 37 33 255
3.2675 0.319518 -0.9475 36 34 30 255
3.2725 0.318712 -0.9475 36 34 30 255
3.2775 0.31795 -0.9475 33 31 27 255
3.2575 0.32015 -0.9425 42 40 36 255
3.2525 0.319436 -0.9425 42 40 36 255
3.2625 0.320418 -0.9425 38 37 33 255
3.2675 0.320002 -0.9425 38 37 33 255
3.2725 0.319341 -0.9425 37 35 32 255
3.2775 0.318631 -0.9425 35 33 29 255
3.2575 0.319979 -0.9375 44 42 39 255
3.2525 0.319083 -0.9375 44 42 39 255
3.2625 0.32045 -0.9375 40 38 34 255
3.2675 0.320365 -0.9375 38 36 33 255
3.2725 0.319853 -0.9375 36 34 30 255
3.2775 0.319362 -0.9375 36 33 30 255
3.2625 0.320325 -0.9325 43 41 38 255
3.2575 0.319651 -0.9325 43 41 38 255
3.2675 0.320618 -0.9325 40 38 35 255
3.2725 0.320282 -0.9325 37 35 31 255
3.2775 0.3199 -0.9325 36 34 31 255
3.2625 0.320451 -0.9275 42 41 37 255
3.2575 0.319615 -0.9275 42 41 37 255
3.2675 0.321153 -0.9275 40 38 34 255
3.2725 0.321228 -0.9275 38 36 33 255
3.2775 0.320758 -0.9275 36 34 30 255
3.2625 0.320455 -0.9225 41 39 35 255
3.2575 0.319819 -0.9225 41 39 35 255
3.2675 0.321195 -0.9225 39 38 34 255
3.2725 0.321708 -0.9225 39 37 32 255
3.2775 0.321411 -0.9225 36 36 32 255
3.4825 0.2475 -0.599172 77 72 64 255
3.4775 0.2475 -0.599626 77 72 64 255
3.4775 0.246639 -0.5975 77 72 64 255
3.4825 0.246859 -0.5975 77 72 64 255
3.4875 0.2475 -0.598647 77 72 65 255
3.4875 0.247101 -0.5975 77 72 65 255
3.49079 0.2475 -0.5975 77 71 64 255
3.5075 0.2475 -0.598034 77 72 64 255
3.50516 0.2475 -0.5975 77 72 64 255
3.5125 0.2475 -0.598276 74 69 63 255
3.5125 0.247081 -0.5975 74 69 63 255
3.5175 0.2475 -0.598089 74 69 63 255
3.4775 0.24871 -0.6025 74 69 61 255
3.4825 0.248796 -0.6025 74 69 61 255
3.4875 0.248911 -0.6025 76 72 65 255
3.4925 0.247704 -0.5975 77 73 64 255
3.4925 0.24974 -0.6025 77 73 64 255
3.4975 0.250199 -0.6025 77 73 64 255
3.4975 0.24819 -0.5975 77 73 64 255
3.5025 0.249877 -0.6025 78 71 63 255
3.5025 0.247787 -0.5975 78 71 63 255
3.5075 0.249533 -0.6025 74 69 62 255
3.5125 0.249487 -0.6025 75 69 62 255
3.5175 0.249862 -0.6025 75 69 63 255
3.4825 0.24509 -0.5925 75 71 63 255
3.4775 0.244628 -0.5925 75 71 63 255
3.4875 0.245701 -0.5925 76 72 65 255
3.4925 0.2475 -0.596743 78 74 66 255
3.4925 0.246263 -0.5925 78 74 66 255
3.4975 0.2475 -0.595295 77 72 65 255
3.4975 0.246537 -0.5925 77 72 65 255
3.5025 0.2475 -0.59671 75 70 64 255
3.5025 0.245948 -0.5925 75 70 64 255
3.5075 0.245135 -0.5925 77 72 65 255
3.5125 0.244766 -0.5925 76 71 65 255
3.5175 0.24501 -0.5925 76 71 65 255
3.4825 0.24336 -0.5875 75 71 64 255
3.4775 0.243194 -0.5875 75 71 64 255
3.4875 0.243965 -0.5875 73 68 62 255
3.4925 0.244507 -0.5875 75 71 63 255
3.4975 0.244795 -0.5875 76 71 64 255
3.5025 0.244486 -0.5875 78 74 66 255
3.5075 0.243892 -0.5875 77 72 66 255
3.5125 0.243485 -0.5875 76 71 65 255
3.5175 0.243428 -0.5875 77 72 65 255
3.4825 0.2425 -0.583266 76 71 66 255
3.47884 0.2425 -0.5825 76 71 66 255
3.4825 0.242345 -0.5825 76 71 66 255
3.4875 0.2425 -0.582766 76 71 65 255
3.4887 0.2425 -0.5825 73 70 63 255
3.5175 0.2425 -0.584115 74 70 64 255
3.51394 0.2425 -0.5825 74 70 64 255
3.5175 0.242088 -0.5825 74 70 64 255
3.4775 0.242554 -0.5825 77 72 66 255
3.4925 0.242752 -0.5825 76 72 66 255
3.4975 0.243177 -0.5825 72 68 62 255
3.5025 0.243144 -0.5825 77 72 65 255
3.5075 0.242909 -0.5825 75 71 65 255
3.5125 0.242681 -0.5825 78 73 67 255
3.4775 0.241713 -0.5775 77 72 67 255
3.4825 0.241701 -0.5775 77 72 67 255
3.4875 0.241211 -0.5775 79 74 68 255
3.4925 0.2425 -0.581706 75 72 65 255
3.4925 0.241246 -0.5775 75 72 65 255
3.4975 0.2425 -0.58037 76 73 66 255
3.4975 0.241603 -0.5775 76 73 66 255
3.5025 0.2425 -0.580397 75 72 66 255
3.5025 0.241559 -0.5775 75 72 66 255
3.5075 0.2425 -0.580833 75 71 65 255
3.5075 0.24165 -0.5775 75 71 65 255
3.5125 0.2425 -0.581385 76 72 65 255
3.5125 0.241861 -0.5775 76 72 65 255
3.5175 0.241527 -0.5775 77 72 67 255
3.4825 0.239471 -0.5725 85 82 74 255
3.4775 0.239215 -0.5725 85 82 74 255
3.4875 0.238795 -0.5725 83 80 73 255
3.4925 0.238523 -0.5725 84 80 73 255
3.4975 0.238632 -0.5725 87 82 76 255
3.5025 0.238653 -0.5725 88 83 77 255
3.5075 0.239106 -0.5725 84 80 73 255
3.5125 0.240067 -0.5725 84 79 72 255
3.5175 0.240559 -0.5725 85 80 74 255
3.4825 0.2375 -0.57035 89 85 79 255
3.4775 0.2375 -0.570852 89 85 79 255
3.4875 0.2375 -0.570615 67 63 58 255
3.4925 0.2375 -0.570693 74 71 68 255
3.4975 0.2375 -0.57049 87 82 78 255
3.5025 0.2375 -0.570243 85 81 78 255
3.5075 0.2375 -0.570017 78 75 71 255
3.5125 0.2375 -0.569342 65 63 59 255
3.5175 0.2375 -0.568324 66 63 59 255
3.4425 0.3175 -0.774728 45 40 34 255
3.4425 0.317178 -0.7725 45 40 34 255
3.4475 0.3175 -0.77458 45 39 34 255
3.4475 0.317146 -0.7725 45 39 34 255
3.4525 0.3175 -0.77595 44 39 32 255
3.4525 0.316831 -0.7725 44 39 32 255
3.4575 0.3175 -0.772806 45 40 34 255
3.4425 0.316088 -0.7675 46 41 35 255
3.4475 0.315717 -0.7675 45 40 34 255
3.4525 0.315544 -0.7675 46 41 33 255
3.4575 0.316098 -0.7675 44 40 33 255
3.4625 0.3175 -0.769112 47 41 35 255
3.4625 0.317135 -0.7675 47 41 35 255
3.4675 0.3175 -0.767555 44 39 33 255
3.4725 0.3175 -0.768544 41 38 30 255
3.4725 0.317296 -0.7675 41 38 30 255
3.4775 0.3175 -0.7694 40 37 31 255
3.4775 0.31723 -0.7675 40 37 31 255
3.4425 0.315357 -0.7625 46 40 33 255
3.4475 0.314786 -0.7625 48 44 36 255
3.4525 0.314504 -0.7625 46 41 33 255
3.4575 0.315083 -0.7625 46 41 34 255
3.4625 0.31598 -0.7625 45 42 34 255
3.4675 0.316302 -0.7625 45 42 34 255
3.4725 0.316418 -0.7625 45 42 35 255
3.4775 0.3168 -0.7625 45 42 34 255
4.1525 0.1725 -0.640879 41 40 38 255
4.1482 0.1725 -0.6375 41 40 38 255
4.1525 0.170493 -0.6375 41 40 38 255
4.15494 0.1725 -0.6425 41 41 40 255
4.1575 0.17153 -0.6425 41 41 40 255
4.1575 0.168333 -0.6375 41 41 40 255
4.1375 0.1775 -0.637624 41 40 39 255
4.1425 0.175255 -0.6375 36 35 34 255
4.1275 0.1825 -0.637793 39 37 36 255
4.1318 0.1825 -0.6425 44 41 41 255
4.1325 0.179821 -0.6375 44 41 41 255
4.1375 0.179746 -0.6425 39 39 36 255
4.1175 0.1875 -0.640777 50 49 47 255
4.1175 0.186093 -0.6375 50 49 47 255
4.1225 0.184394 -0.6375 50 49 47 255
4.1575 0.1675 -0.635716 39 39 38 255
4.15375 0.1675 -0.6325 39 39 38 255
4.1575 0.166002 -0.6325 39 39 38 255
4.14355 0.1725 -0.6325 39 39 37 255
4.1475 0.170439 -0.6325 39 39 37 255
4.1525 0.167998 -0.6325 41 40 38 255
4.1325 0.1775 -0.633393 38 37 35 255
4.13159 0.1775 -0.6325 38 37 35 255
4.1325 0.176978 -0.6325 38 37 35 255
4.1375 0.174811 -0.6325 39 39 37 255
4.1425 0.173036 -0.6325 40 39 37 255
4.1225 0.1825 -0.63409 39 38 35 255
4.1204 0.1825 -0.6325 39 38 35 255
4.1225 0.181762 -0.6325 39 38 35 255
4.1275 0.179754 -0.6325 38 36 34 255
4.1175 0.183531 -0.6325 38 37 34 255
4.1525 0.1675 -0.63155 44 43 41 255
4.14763 0.1675 -0.6275 44 43 41 255
4.1525 0.165251 -0.6275 44 43 41 255
4.1375 0.1725 -0.629159 40 40 37 255
4.13436 0.1725 -0.6275 40 40 37 255
4.1375 0.171206 -0.6275 40 40 37 255
4.1425 0.1725 -0.631595 42 41 39 255
4.1425 0.16959 -0.6275 42 41 39 255
4.1275 0.1775 -0.629018 40 39 36 255
4.12581 0.1775 -0.6275 40 39 36 255
4.1275 0.17644 -0.6275 40 39 36 255
4.1325 0.173231 -0.6275 41 40 36 255
4.1175 0.1825 -0.63035 41 40 38 255
4.1175 0.181095 -0.6275 41 40 38 255
4.1225 0.179321 -0.6275 41 40 38 255
4.1375 0.1675 -0.623788 43 42 40 255
4.13537 0.1675 -0.6225 43 42 40 255
4.1375 0.166165 -0.6225 43 42 40 255
4.1425 0.1675 -0.625463 39 38 35 255
4.1275 0.1725 -0.622629 42 42 39 255
4.1325 0.1725 -0.626555 40 37 34 255
4.1325 0.169223 -0.6225 40 37 34 255
4.1225 0.1775 -0.624048 40 40 38 255
4.12026 0.1775 -0.6225 40 40 38 255
4.1225 0.176392 -0.6225 40 40 38 255
4.1175 0.178711 -0.6225 41 40 38 255
4.1225 0.1725 -0.618405 44 43 40 255
4.12107 0.1725 -0.6175 44 43 40 255
4.1225 0.171566 -0.6175 44 43 40 255
4.1175 0.175023 -0.6175 35 36 31 255
4.1175 0.1775 -0.620535 35 36 31 255
4.0225 0.2175 -0.638189 45 42 38 255
4.02608 0.2175 -0.6425 45 42 38 255
4.0275 0.217117 -0.6425 45 42 38 255
4.0275 0.215999 -0.6375 45 42 38 255
4.0325 0.21528 -0.6425 44 41 37 255
4.0325 0.214288 -0.6375 44 41 37 255
4.0075 0.2225 -0.639039 44 41 36 255
4.00618 0.2225 -0.6375 44 41 36 255
4.0075 0.222028 -0.6375 44 41 36 255
4.00982 0.2225 -0.6425 43 40 35 255
4.0125 0.221343 -0.6425 43 40 35 255
4.0125 0.22009 -0.6375 43 40 35 255
4.0175 0.21967 -0.6425 44 42 35 255
4.0175 0.218548 -0.6375 44 42 35 255
4.0225 0.218537 -0.6425 43 41 36 255
4.0025 0.225181 -0.6425 47 44 40 255
3.9975 0.226288 -0.6425 47 44 40 255
4.0025 0.223724 -0.6375 47 44 40 255
3.9975 0.224913 -0.6375 47 44 40 255
4.0075 0.223526 -0.6425 46 42 37 255
4.03424 0.2125 -0.6325 45 42 38 255
4.0175 0.2175 -0.632733 46 44 38 255
4.0225 0.216383 -0.6325 45 43 38 255
4.0275 0.215006 -0.6325 46 44 39 255
4.0325 0.213212 -0.6325 47 44 39 255
4.0025 0.2225 -0.634198 47 44 39 255
3.9996 0.2225 -0.6325 47 44 39 255
4.0025 0.221799 -0.6325 47 44 39 255
4.0075 0.220185 -0.6325 46 43 39 255
4.0125 0.218597 -0.6325 47 43 39 255
3.9975 0.222984 -0.6325 45 42 36 255
4.0325 0.2125 -0.629856 48 45 41 255
4.03066 0.2125 -0.6275 48 45 41 255
4.0325 0.211824 -0.6275 48 45 41 255
4.0125 0.2175 -0.62871 47 44 39 255
4.01096 0.2175 -0.6275 47 44 39 255
4.0125 0.217162 -0.6275 47 44 39 255
4.0175 0.216344 -0.6275 47 46 40 255
4.0225 0.215136 -0.6275 47 44 40 255
4.0275 0.213636 -0.6275 46 44 39 255
3.9975 0.2225 -0.631083 49 46 40 255
3.9975 0.221315 -0.6275 49 46 40 255
4.0025 0.219817 -0.6275 49 46 40 255
4.0075 0.218285 -0.6275 48 45 40 255
4.0275 0.2125 -0.623249 49 46 41 255
4.0325 0.21053 -0.6225 49 46 41 255
4.0075 0.2175 -0.624815 53 50 45 255
4.00508 0.2175 -0.6225 53 50 45 255
4.0075 0.216827 -0.6225 53 50 45 255
4.0125 0.216043 -0.6225 50 47 41 255
4.0175 0.215227 -0.6225 47 46 40 255
4.0225 0.213786 -0.6225 47 45 39 255
4.0025 0.21822 -0.6225 50 47 41 255
3.9975 0.219926 -0.6225 50 47 41 255
4.0225 0.2125 -0.617575 50 47 44 255
4.0275 0.210853 -0.6175 49 46 42 255
4.0325 0.20908 -0.6175 45 44 40 255
4.0025 0.2175 -0.619682 54 51 46 255
4.00119 0.2175 -0.6175 54 51 46 255
4.0025 0.216988 -0.6175 54 51 46 255
4.0075 0.215239 -0.6175 52 49 45 255
4.0125 0.214398 -0.6175 50 48 41 255
4.0175 0.2137 -0.6175 51 47 43 255
3.9975 0.218935 -0.6175 53 51 44 255
4.0325 0.2075 -0.613227 35 33 30 255
4.03171 0.2075 -0.6125 35 33 30 255
4.0125 0.2125 -0.612775 39 38 34 255
4.0175 0.2125 -0.614448 39 38 34 255
4.0175 0.211705 -0.6125 39 38 34 255
4.0225 0.210808 -0.6125 38 37 34 255
4.0275 0.209086 -0.6125 39 38 35 255
3.99868 0.2175 -0.6125 50 49 44 255
4.0025 0.215779 -0.6125 50 49 44 255
4.0075 0.213614 -0.6125 47 45 40 255
3.9975 0.217986 -0.6125 50 46 42 255
4.03575 0.2025 -0.6075 51 49 45 255
4.0275 0.2075 -0.609496 47 45 42 255
4.02441 0.2075 -0.6075 47 45 42 255
4.0275 0.206299 -0.6075 47 45 42 255
4.0325 0.204034 -0.6075 47 46 42 255
4.0075 0.2125 -0.609004 78 77 74 255
4.00641 0.2125 -0.6075 78 77 74 255
4.0075 0.212048 -0.6075 78 77 74 255
4.0125 0.210504 -0.6075 110 110 106 255
4.0175 0.209399 -0.6075 106 104 101 255
4.0225 0.208188 -0.6075 34 30 28 255
3.9975 0.2175 -0.611309 38 37 34 255
3.9975 0.215833 -0.6075 38 37 34 255
4.0025 0.214009 -0.6075 38 37 34 255
4.0275 0.2025 -0.603148 57 54 49 255
4.02604 0.2025 -0.6025 57 54 49 255
4.0325 0.2025 -0.605541 61 57 53 255
4.0325 0.199806 -0.6025 61 57 53 255
4.0125 0.2075 -0.60293 52 51 45 255
4.0175 0.2075 -0.604916 53 52 46 255
4.0175 0.205507 -0.6025 53 52 46 255
4.0225 0.2075 -0.60665 57 54 49 255
4.0225 0.203866 -0.6025 57 54 49 255
4.0025 0.2125 -0.604406 41 40 36 255
3.99899 0.2125 -0.6025 41 40 36 255
4.0025 0.211451 -0.6025 41 40 36 255
4.0075 0.209295 -0.6025 37 36 34 255
3.9975 0.212928 -0.6025 79 78 75 255
3.26808 0.3075 -1.0825 37 37 35 255
3.2725 0.3075 -1.07943 37 37 35 255
3.2725 0.30711 -1.0825 37 37 35 255
3.27503 0.3075 -1.0775 36 36 33 255
3.2775 0.307252 -1.0775 36 36 33 255
3.2775 0.306849 -1.0825 36 36 33 255
3.2475 0.308858 -1.0825 39 39 36 255
3.2425 0.309602 -1.0825 39 39 36 255
3.2475 0.309462 -1.0775 39 39 36 255
3.2425 0.310394 -1.0775 39 39 36 255
3.2525 0.308936 -1.0825 38 37 35 255
3.2525 0.309316 -1.0775 38 37 35 255
3.2575 0.308793 -1.0825 37 37 34 255
3.2575 0.309113 -1.0775 37 37 34 255
3.2625 0.308074 -1.0825 36 36 34 255
3.2625 0.308604 -1.0775 36 36 34 255
3.2675 0.308273 -1.0775 37 37 34 255
3.2725 0.307739 -1.0775 34 35 32 255
3.27543 0.3075 -1.0725 35 35 32 255
3.2775 0.307271 -1.0725 35 35 32 255
3.2475 0.309992 -1.0725 37 37 35 255
3.2425 0.310989 -1.0725 37 37 35 255
3.2525 0.309823 -1.0725 36 36 34 255
3.2575 0.309533 -1.0725 34 35 32 255
3.2625 0.309191 -1.0725 36 36 33 255
3.2675 0.308725 -1.0725 36 36 33 255
3.2725 0.307835 -1.0725 36 36 33 255
3.27671 0.3075 -1.0675 35 35 32 255
3.2775 0.30741 -1.0675 35 35 32 255
3.2475 0.310752 -1.0675 36 36 34 255
3.2425 0.311873 -1.0675 36 36 34 255
3.2525 0.310522 -1.0675 35 36 34 255
3.2575 0.310235 -1.0675 37 37 34 255
3.2625 0.309742 -1.0675 36 36 33 255
3.2675 0.309011 -1.0675 34 34 31 255
3.2725 0.308032 -1.0675 34 34 31 255
3.2475 0.311436 -1.0625 18 17 12 255
3.2425 0.312373 -1.0625 18 17 12 255
3.2525 0.311286 -1.0625 37 37 35 255
3.2575 0.310889 -1.0625 36 35 33 255
3.2625 0.31017 -1.0625 36 35 32 255
3.2675 0.309538 -1.0625 35 35 31 255
3.2725 0.308834 -1.0625 34 35 31 255
3.2775 0.308137 -1.0625 35 34 31 255
3.2475 0.311843 -1.0575 37 36 33 255
3.2425 0.31243 -1.0575 37 36 33 255
3.2525 0.311645 -1.0575 36 36 32 255
3.2575 0.311206 -1.0575 36 36 33 255
3.2625 0.310617 -1.0575 35 35 31 255
3.2675 0.310271 -1.0575 35 34 31 255
3.2725 0.309784 -1.0575 35 34 32 255
3.2775 0.30913 -1.0575 34 34 31 255
3.24653 0.3125 -1.0525 19 18 14 255
3.2475 0.312306 -1.0525 19 18 14 255
3.2525 0.311793 -1.0525 37 36 33 255
3.2575 0.311487 -1.0525 37 35 33 255
3.2625 0.311175 -1.0525 35 34 32 255
3.2675 0.310904 -1.0525 35 35 31 255
3.2725 0.310537 -1.0525 35 34 31 255
3.2775 0.309948 -1.0525 34 34 32 255
3.2475 0.3125 -1.051 37 36 33 255
3.25002 0.3125 -1.0475 37 36 33 255
3.2525 0.312042 -1.0475 37 36 33 255
3.2575 0.312037 -1.0475 36 35 32 255
3.2625 0.311898 -1.0475 35 34 31 255
3.2675 0.311327 -1.0475 33 34 30 255
3.2725 0.310939 -1.0475 34 33 31 255
3.2775 0.310588 -1.0475 34 33 30 255
3.2475 0.312929 -1.0475 37 36 32 255
3.25154 0.3125 -1.0425 36 35 32 255
3.2525 0.312264 -1.0425 36 35 32 255
3.25541 0.3125 -1.0425 37 35 31 255
3.2575 0.3125 -1.04376 37 35 31 255
3.2625 0.3125 -1.04313 35 33 30 255
3.2675 0.311763 -1.0425 34 34 30 255
3.2725 0.311349 -1.0425 34 33 30 255
3.2775 0.31126 -1.0425 34 33 30 255
3.2475 0.313367 -1.0425 36 35 32 255
3.2575 0.312654 -1.0425 36 34 31 255
3.2825 0.2775 -0.667684 33 29 23 255
3.2775 0.2775 -0.668051 33 29 23 255
3.2875 0.2775 -0.667778 46 41 34 255
3.2925 0.2775 -0.668189 46 42 33 255
3.2975 0.2775 -0.667798 45 42 34 255
3.29891 0.2775 -0.6675 45 41 33 255
3.2825 0.274933 -0.6625 34 30 24 255
3.2775 0.274566 -0.6625 34 30 24 255
3.2875 0.274962 -0.6625 45 41 33 255
3.2925 0.274873 -0.6625 44 40 33 255
3.2975 0.274732 -0.6625 46 42 34 255
3.3025 0.2775 -0.666963 46 42 33 255
3.3025 0.274781 -0.6625 46 42 33 255
3.3075 0.2775 -0.667016 46 42 33 255
3.3075 0.275013 -0.6625 46 42 33 255
3.3125 0.2775 -0.667392 47 43 34 255
3.3125 0.275102 -0.6625 47 43 34 255
3.3175 0.2775 -0.666195 48 44 35 255
3.3175 0.275405 -0.6625 48 44 35 255
3.2825 0.2725 -0.658187 34 31 23 255
3.2775 0.2725 -0.658932 34 31 23 255
3.2775 0.271733 -0.6575 34 31 23 255
3.2875 0.2725 -0.657752 46 41 34 255
3.2925 0.2725 -0.65828 47 43 36 255
3.2925 0.272065 -0.6575 47 43 36 255
3.2975 0.2725 -0.658951 49 44 37 255
3.2975 0.271609 -0.6575 49 44 37 255
3.3025 0.2725 -0.658954 48 43 36 255
3.3025 0.271572 -0.6575 48 43 36 255
3.3075 0.2725 -0.658278 48 43 36 255
3.3075 0.272059 -0.6575 48 43 36 255
3.31171 0.2725 -0.6575 49 45 36 255
3.3125 0.272584 -0.6575 47 42 34 255
3.3175 0.272734 -0.6575 48 44 36 255
3.2825 0.269372 -0.6525 35 29 22 255
3.2775 0.269392 -0.6525 35 29 22 255
3.2875 0.26955 -0.6525 48 43 36 255
3.2925 0.269379 -0.6525 50 45 38 255
3.2975 0.269159 -0.6525 46 43 35 255
3.3025 0.269207 -0.6525 49 44 38 255
3.3075 0.269261 -0.6525 49 45 37 255
3.3125 0.269874 -0.6525 49 46 37 255
3.3175 0.270444 -0.6525 48 44 36 255
3.2825 0.2675 -0.649529 40 35 27 255
3.2775 0.2675 -0.649192 40 35 27 255
3.2775 0.266485 -0.6475 40 35 27 255
3.2825 0.266256 -0.6475 40 35 27 255
3.2875 0.2675 -0.648879 49 46 37 255
3.2875 0.266761 -0.6475 49 46 37 255
3.2925 0.2675 -0.648396 50 46 38 255
3.2925 0.267094 -0.6475 50 46 38 255
3.2975 0.2675 -0.648242 50 46 37 255
3.3025 0.2675 -0.648307 52 46 37 255
3.3025 0.267153 -0.6475 52 46 37 255
3.3075 0.2675 -0.648939 51 47 38 255
3.3075 0.266709 -0.6475 51 47 38 255
3.3125 0.2675 -0.648303 50 45 38 255
3.3125 0.266991 -0.6475 50 45 38 255
3.31558 0.2675 -0.6475 49 45 37 255
3.3175 0.2678 -0.6475 49 45 36 255
3.2825 0.26315 -0.6425 35 32 25 255
3.2775 0.263127 -0.6425 35 32 25 255
3.2875 0.263806 -0.6425 37 34 26 255
3.2925 0.264482 -0.6425 50 46 37 255
3.2975 0.264686 -0.6425 49 44 37 255
3.3025 0.26445 -0.6425 53 47 40 255
3.3075 0.263962 -0.6425 53 48 39 255
3.3125 0.264063 -0.6425 52 47 39 255
3.3175 0.264662 -0.6425 52 47 38 255
3.5225 0.31658 -0.8175 72 74 81 255
3.5175 0.314538 -0.8175 72 74 81 255
3.5225 0.316144 -0.8125 72 74 81 255
3.5175 0.315539 -0.8125 72 74 81 255
3.5225 0.316253 -0.8075 50 51 53 255
3.5175 0.315808 -0.8075 50 51 53 255
3.5225 0.316277 -0.8025 48 47 49 255
3.5175 0.316007 -0.8025 48 47 49 255
3.5275 0.315911 -0.8075 49 49 50 255
3.5275 0.316278 -0.8025 49 49 50 255
3.5325 0.315694 -0.8075 52 51 53 255
3.5325 0.316244 -0.8025 52 51 53 255
3.5375 0.316049 -0.8075 49 50 51 255
3.5375 0.315994 -0.8025 49 50 51 255
4.1025 0.1925 -0.643792 39 38 34 255
4.10094 0.1925 -0.6425 39 38 34 255
4.1025 0.19206 -0.6425 39 38 34 255
4.10557 0.1925 -0.6475 46 43 39 255
4.1075 0.191726 -0.6475 46 43 39 255
4.1075 0.190154 -0.6425 46 43 39 255
4.1125 0.190236 -0.6475 72 67 59 255
4.1125 0.189061 -0.6425 72 67 59 255
4.0875 0.1975 -0.645042 43 41 37 255
4.08551 0.1975 -0.6425 43 41 37 255
4.0875 0.196473 -0.6425 43 41 37 255
4.08994 0.1975 -0.6475 42 41 37 255
4.0925 0.196397 -0.6475 42 41 37 255
4.0925 0.194411 -0.6425 42 41 37 255
4.0975 0.195164 -0.6475 54 54 50 255
4.0975 0.193478 -0.6425 54 54 50 255
4.1025 0.193711 -0.6475 39 38 36 255
3.3625 0.2375 -0.580863 49 46 42 255
3.3575 0.2375 -0.580869 49 46 42 255
3.3575 0.236229 -0.5775 49 46 42 255
3.3625 0.236206 -0.5775 49 46 42 255
3.3675 0.2375 -0.580084 47 45 39 255
3.3675 0.236421 -0.5775 47 45 39 255
3.3725 0.2375 -0.579553 47 45 40 255
3.3725 0.236547 -0.5775 47 45 40 255
3.3775 0.2375 -0.578995 48 46 41 255
3.3775 0.236752 -0.5775 48 46 41 255
3.3825 0.2375 -0.578275 49 46 41 255
3.3825 0.237133 -0.5775 49 46 41 255
3.38463 0.2375 -0.5775 49 47 41 255
3.3625 0.233412 -0.5725 39 36 31 255
3.3575 0.233774 -0.5725 39 36 31 255
3.3675 0.233358 -0.5725 36 32 29 255
3.3725 0.233736 -0.5725 35 32 29 255
3.3775 0.234077 -0.5725 40 38 35 255
3.3825 0.234136 -0.5725 42 40 36 255
3.3875 0.2375 -0.576688 47 46 41 255
3.3875 0.234563 -0.5725 47 46 41 255
3.3925 0.2375 -0.576035 50 46 40 255
3.3925 0.235068 -0.5725 50 46 40 255
3.3975 0.2375 -0.577063 52 49 42 255
3.3975 0.234692 -0.5725 52 49 42 255
3.3625 0.2325 -0.571411 41 39 36 255
3.3575 0.2325 -0.570827 41 39 36 255
3.3575 0.22949 -0.5675 41 39 36 255
3.3625 0.228774 -0.5675 41 39 36 255
3.3675 0.2325 -0.571505 43 42 39 255
3.3675 0.228567 -0.5675 43 42 39 255
3.3725 0.2325 -0.570938 41 40 36 255
3.3725 0.22915 -0.5675 41 40 36 255
3.3775 0.2325 -0.570475 36 35 32 255
3.3775 0.229605 -0.5675 36 35 32 255
3.3825 0.2325 -0.570542 32 32 29 255
3.3825 0.229809 -0.5675 32 32 29 255
3.3875 0.2325 -0.570279 34 32 30 255
3.3875 0.230089 -0.5675 34 32 30 255
3.3925 0.2325 -0.56977 35 34 32 255
3.3925 0.230465 -0.5675 35 34 32 255
3.3975 0.2325 -0.569808 93 94 87 255
3.3975 0.230579 -0.5675 93 94 87 255
3.3625 0.2275 -0.566017 42 43 39 255
3.3575 0.2275 -0.565365 42 43 39 255
3.3575 0.224525 -0.5625 42 43 39 255
3.3625 0.223845 -0.5625 42 43 39 255
3.3675 0.2275 -0.56626 40 40 36 255
3.3675 0.22337 -0.5625 40 40 36 255
3.3725 0.2275 -0.565737 39 38 34 255
3.3725 0.22377 -0.5625 39 38 34 255
3.3775 0.2275 -0.565234 40 39 34 255
3.3775 0.224568 -0.5625 40 39 34 255
3.3825 0.2275 -0.56463 44 43 39 255
3.3825 0.22541 -0.5625 44 43 39 255
3.3875 0.2275 -0.564125 45 46 41 255
3.3875 0.225825 -0.5625 45 46 41 255
3.3925 0.2275 -0.563592 46 45 41 255
3.3925 0.226285 -0.5625 46 45 41 255
3.3975 0.2275 -0.563309 50 48 43 255
3.3975 0.226569 -0.5625 50 48 43 255
3.2025 0.1975 -0.542558 55 51 44 255
3.2075 0.1975 -0.542773 54 51 43 255
3.2125 0.1975 -0.543214 56 53 45 255
3.2125 0.196505 -0.5425 56 53 45 255
3.2175 0.1975 -0.543624 54 50 43 255
3.2175 0.195757 -0.5425 54 50 43 255
3.2225 0.1975 -0.543819 53 50 42 255
3.2225 0.195205 -0.5425 53 50 42 255
3.2275 0.1975 -0.544446 52 48 43 255
3.2275 0.193649 -0.5425 52 48 43 255
3.2325 0.1975 -0.544576 54 49 42 255
3.2325 0.194 -0.5425 54 49 42 255
3.2375 0.1975 -0.544586 56 51 44 255
3.2375 0.194272 -0.5425 56 51 44 255
3.2275 0.1875 -0.538259 54 51 44 255
3.2227 0.1875 -0.5375 54 51 44 255
3.2275 0.185789 -0.5375 54 51 44 255
3.2325 0.1875 -0.53851 57 54 47 255
3.2325 0.185283 -0.5375 57 54 47 255
3.2375 0.1875 -0.538108 53 51 43 255
3.2375 0.186233 -0.5375 53 51 43 255
3.2025 0.1925 -0.538147 56 51 45 255
3.1975 0.1925 -0.538261 56 51 45 255
3.1975 0.191111 -0.5375 56 51 45 255
3.2025 0.191423 -0.5375 56 51 45 255
3.2075 0.1925 -0.538629 54 50 45 255
3.2075 0.190524 -0.5375 54 50 45 255
3.2125 0.1925 -0.539366 55 51 46 255
3.2125 0.189366 -0.5375 55 51 46 255
3.2175 0.1925 -0.539966 54 51 45 255
3.2175 0.188559 -0.5375 54 51 45 255
3.2225 0.1925 -0.54047 55 53 44 255
3.2275 0.1925 -0.541716 53 50 43 255
3.2325 0.1925 -0.541493 52 49 41 255
3.2375 0.1925 -0.541098 59 56 47 255
3.1975 0.1975 -0.541731 57 54 46 255
3.2025 0.1825 -0.533209 59 55 49 255
3.1975 0.1825 -0.532867 59 55 49 255
3.1975 0.181398 -0.5325 59 55 49 255
3.2025 0.180108 -0.5325 59 55 49 255
3.2075 0.1825 -0.533233 56 53 47 255
3.2075 0.180469 -0.5325 56 53 47 255
3.2125 0.1825 -0.533426 59 56 48 255
3.2125 0.180659 -0.5325 59 56 48 255
3.2175 0.1825 -0.534295 61 57 49 255
3.2175 0.179688 -0.5325 61 57 49 255
3.2225 0.1825 -0.534999 60 57 49 255
3.2225 0.178885 -0.5325 60 57 49 255
3.2275 0.1825 -0.53547 61 58 50 255
3.2275 0.178553 -0.5325 61 58 50 255
3.2325 0.1825 -0.535588 62 58 52 255
3.2325 0.177878 -0.5325 62 58 52 255
3.2375 0.1825 -0.535149 63 60 52 255
3.2375 0.177982 -0.5325 63 60 52 255
3.2025 0.1875 -0.535118 59 57 50 255
3.1975 0.1875 -0.535195 59 57 50 255
3.2075 0.1875 -0.535629 58 54 49 255
3.2125 0.1875 -0.536377 61 57 51 255
3.2175 0.1875 -0.536927 60 57 49 255
3.2175 0.1775 -0.530575 64 61 53 255
3.2225 0.1775 -0.531143 64 61 53 255
3.2275 0.1775 -0.531448 65 62 52 255
3.2025 0.1775 -0.531144 62 59 51 255
3.1975 0.1775 -0.530297 62 59 51 255
3.2075 0.1775 -0.530782 60 57 49 255
3.2125 0.1775 -0.530258 62 59 51 255
3.9625 0.2375 -0.648301 51 49 43 255
3.9575 0.238436 -0.6475 51 49 43 255
3.96157 0.2375 -0.6475 51 49 43 255
3.9575 0.2375 -0.644149 41 39 33 255
3.1975 0.275845 -0.6675 36 33 28 255
3.1925 0.274912 -0.6675 36 33 28 255
3.1975 0.273441 -0.6625 36 33 28 255
3.1925 0.272835 -0.6625 36 33 28 255
3.1975 0.2725 -0.660654 37 32 27 255
3.1925 0.270517 -0.6575 37 32 27 255
3.1975 0.270938 -0.6575 37 32 27 255
3.1975 0.268753 -0.6525 35 32 25 255
3.1925 0.268397 -0.6525 35 32 25 255
3.1925 0.2675 -0.650766 65 61 56 255
3.1875 0.2675 -0.651053 65 61 56 255
3.1875 0.265538 -0.6475 65 61 56 255
3.1925 0.265712 -0.6475 65 61 56 255
3.1975 0.2675 -0.650146 40 38 34 255
3.1975 0.265986 -0.6475 40 38 34 255
3.1875 0.268207 -0.6525 46 42 35 255
3.1825 0.2625 -0.644308 23 21 19 255
3.1775 0.2625 -0.645676 23 21 19 255
3.1775 0.26045 -0.6425 23 21 19 255
3.1825 0.261052 -0.6425 23 21 19 255
3.1875 0.2625 -0.643694 25 22 15 255
3.1875 0.261487 -0.6425 25 22 15 255
3.1925 0.2625 -0.643513 30 26 19 255
3.1925 0.261625 -0.6425 30 26 19 255
3.1975 0.2625 -0.643054 29 24 18 255
3.1775 0.263672 -0.6475 97 90 77 255
3.1825 0.265058 -0.6475 97 90 77 255
3.1075 0.1875 -0.518868 43 41 34 255
3.1125 0.1875 -0.519822 43 41 34 255
3.1175 0.1875 -0.521849 60 56 47 255
3.1075 0.1925 -0.521635 58 56 50 255
3.1025 0.1925 -0.521713 58 56 50 255
3.11094 0.1925 -0.5225 56 54 47 255
3.1125 0.19193 -0.5225 56 54 47 255
3.1175 0.188451 -0.5225 60 58 50 255
3.1025 0.193694 -0.5225 62 61 54 255
3.1075 0.193803 -0.5225 62 61 54 255
3.2475 0.316164 -0.8025 44 41 34 255
3.2425 0.316106 -0.8025 44 41 34 255
3.2475 0.316323 -0.7975 44 41 34 255
3.2425 0.31575 -0.7975 44 41 34 255
3.2525 0.316173 -0.8025 45 42 35 255
3.2525 0.316273 -0.7975 45 42 35 255
3.2575 0.316295 -0.8025 46 42 35 255
3.2575 0.31608 -0.7975 46 42 35 255
3.2625 0.316537 -0.8025 44 41 34 255
3.2625 0.316313 -0.7975 44 41 34 255
3.2675 0.316403 -0.8025 42 39 32 255
3.2675 0.316279 -0.7975 42 39 32 255
3.2725 0.316149 -0.8025 44 40 33 255
3.2725 0.315844 -0.7975 44 40 33 255
3.2775 0.31605 -0.8025 43 40 32 255
3.2775 0.315671 -0.7975 43 40 32 255
3.2475 0.315947 -0.7925 45 44 35 255
3.2425 0.315397 -0.7925 45 44 35 255
3.2525 0.316129 -0.7925 43 40 33 255
3.2575 0.31599 -0.7925 47 44 36 255
3.2625 0.315947 -0.7925 45 41 34 255
3.2675 0.315739 -0.7925 43 40 33 255
3.2725 0.315267 -0.7925 44 41 34 255
3.2775 0.315095 -0.7925 43 40 33 255
3.2375 0.314716 -0.7925 44 40 33 255
3.2425 0.315004 -0.7875 44 40 33 255
3.2375 0.314623 -0.7875 44 40 33 255
3.2475 0.314889 -0.7875 46 42 36 255
3.2525 0.315056 -0.7875 45 39 34 255
3.2575 0.315297 -0.7875 46 41 35 255
3.2625 0.315217 -0.7875 46 42 35 255
3.2675 0.314973 -0.7875 45 41 33 255
3.2725 0.314791 -0.7875 43 39 31 255
3.2775 0.314819 -0.7875 44 41 33 255
3.2425 0.314458 -0.7825 47 44 37 255
3.2375 0.314517 -0.7825 47 44 37 255
3.2475 0.313979 -0.7825 46 42 36 255
3.2525 0.313767 -0.7825 48 43 37 255
3.2575 0.314019 -0.7825 45 41 33 255
3.2625 0.31423 -0.7825 47 41 34 255
3.2675 0.314054 -0.7825 45 41 33 255
3.2725 0.314081 -0.7825 44 41 33 255
3.2775 0.314327 -0.7825 44 41 33 255
3.2425 0.312969 -0.7775 47 42 36 255
3.2375 0.31306 -0.7775 47 42 36 255
3.2475 0.3127 -0.7775 47 42 35 255
3.2525 0.312678 -0.7775 46 41 33 255
3.2575 0.312912 -0.7775 44 41 32 255
3.2625 0.313159 -0.7775 49 43 36 255
3.2675 0.313105 -0.7775 47 42 35 255
3.2725 0.313172 -0.7775 46 41 34 255
3.2775 0.313305 -0.7775 45 41 33 255
3.2425 0.3125 -0.775745 48 43 35 255
3.2375 0.3125 -0.775759 48 43 35 255
3.2375 0.311471 -0.7725 48 43 35 255
3.2425 0.31168 -0.7725 48 43 35 255
3.2475 0.3125 -0.776727 50 45 37 255
3.2475 0.311488 -0.7725 50 45 37 255
3.2525 0.3125 -0.776572 45 43 34 255
3.2525 0.311782 -0.7725 45 43 34 255
3.2575 0.3125 -0.77364 45 42 33 255
3.2575 0.312395 -0.7725 45 42 33 255
3.2625 0.3125 -0.773099 49 45 37 255
3.2675 0.3125 -0.77374 46 43 34 255
3.2675 0.312306 -0.7725 46 43 34 255
3.2725 0.3125 -0.773168 46 42 34 255
3.2775 0.3125 -0.773153 46 43 35 255
3.2425 0.310824 -0.7675 49 44 36 255
3.2375 0.310197 -0.7675 49 44 36 255
3.2475 0.310675 -0.7675 50 45 37 255
3.2525 0.310832 -0.7675 48 45 36 255
3.2575 0.311359 -0.7675 48 42 34 255
3.2625 0.311323 -0.7675 49 45 37 255
3.2675 0.311168 -0.7675 46 43 34 255
3.2725 0.311087 -0.7675 46 43 34 255
3.2775 0.311156 -0.7675 46 42 35 255
3.2425 0.309678 -0.7625 45 41 33 255
3.2375 0.30879 -0.7625 45 41 33 255
3.2475 0.309679 -0.7625 48 43 36 255
3.2525 0.309592 -0.7625 46 43 34 255
3.2575 0.309766 -0.7625 46 43 33 255
3.2625 0.309795 -0.7625 47 44 35 255
3.2675 0.309873 -0.7625 45 42 33 255
3.2725 0.309792 -0.7625 47 43 35 255
3.8375 0.2775 -0.677895 58 53 45 255
3.83605 0.2775 -0.6775 58 53 45 255
3.8275 0.2775 -0.674248 64 58 48 255
3.82372 0.2775 -0.6725 64 58 48 255
3.8275 0.276685 -0.6725 64 58 48 255
3.8325 0.2775 -0.676295 65 60 51 255
3.8325 0.275909 -0.6725 65 60 51 255
3.8375 0.275183 -0.6725 62 58 49 255
3.8075 0.2775 -0.668767 64 59 50 255
3.80326 0.2775 -0.6675 64 59 50 255
3.8075 0.276894 -0.6675 64 59 50 255
3.8125 0.2775 -0.669302 63 58 49 255
3.8125 0.276705 -0.6675 63 58 49 255
3.8175 0.2775 -0.670424 61 57 47 255
3.8175 0.276007 -0.6675 61 57 47 255
3.8225 0.2775 -0.672008 60 55 47 255
3.8225 0.275031 -0.6675 60 55 47 255
3.8275 0.274341 -0.6675 61 58 49 255
3.8325 0.273647 -0.6675 62 58 49 255
3.8375 0.272777 -0.6675 62 57 49 255
3.8225 0.2725 -0.663104 58 55 46 255
3.81928 0.2725 -0.6625 58 55 46 255
3.8275 0.2725 -0.663729 58 54 46 255
3.8275 0.271841 -0.6625 58 54 46 255
3.8325 0.2725 -0.665218 58 55 47 255
3.8325 0.271128 -0.6625 58 55 47 255
3.8375 0.27022 -0.6625 57 53 44 255
3.8025 0.2775 -0.667311 64 61 50 255
3.7975 0.2775 -0.665235 64 61 50 255
3.7975 0.275792 -0.6625 64 61 50 255
3.8025 0.274767 -0.6625 64 61 50 255
3.8075 0.274223 -0.6625 64 60 50 255
3.8125 0.273718 -0.6625 62 58 48 255
3.8175 0.272709 -0.6625 62 57 49 255
3.8025 0.2725 -0.658702 58 54 46 255
3.79899 0.2725 -0.6575 58 54 46 255
3.8025 0.271832 -0.6575 58 54 46 255
3.8075 0.2725 -0.659717 58 55 46 255
3.8075 0.271162 -0.6575 58 55 46 255
3.8125 0.2725 -0.660583 60 57 48 255
3.8125 0.270595 -0.6575 60 57 48 255
3.8175 0.269711 -0.6575 57 53 45 255
3.8225 0.269147 -0.6575 57 54 46 255
3.8275 0.268976 -0.6575 55 52 46 255
3.8325 0.268656 -0.6575 56 53 45 255
3.8375 0.267931 -0.6575 55 51 44 255
3.7975 0.272775 -0.6575 63 58 50 255
3.8175 0.2675 -0.653824 57 52 44 255
3.81408 0.2675 -0.6525 57 52 44 255
3.8175 0.266682 -0.6525 57 52 44 255
3.8225 0.2675 -0.654816 55 51 44 255
3.8225 0.266107 -0.6525 55 51 44 255
3.8275 0.2675 -0.654767 57 53 46 255
3.8275 0.266262 -0.6525 57 53 46 255
3.8325 0.2675 -0.655295 55 51 44 255
3.8325 0.265963 -0.6525 55 51 44 255
3.8375 0.2675 -0.656742 55 51 43 255
3.8375 0.264935 -0.6525 55 51 43 255
3.7975 0.270149 -0.6525 58 55 47 255
3.8025 0.26917 -0.6525 58 55 47 255
3.8075 0.268512 -0.6525 56 51 44 255
3.8125 0.26788 -0.6525 57 53 45 255
3.8375 0.2625 -0.648693 56 52 45 255
3.83417 0.2625 -0.6475 56 52 45 255
3.8375 0.261771 -0.6475 56 52 45 255
3.8025 0.2675 -0.649171 56 52 44 255
3.79808 0.2675 -0.6475 56 52 44 255
3.8025 0.266598 -0.6475 56 52 44 255
3.8075 0.2675 -0.650452 57 51 45 255
3.8075 0.266005 -0.6475 57 51 45 255
3.8125 0.26535 -0.6475 57 52 45 255
3.8175 0.264111 -0.6475 57 51 44 255
3.8225 0.263486 -0.6475 56 52 45 255
3.8275 0.26346 -0.6475 56 52 45 255
3.8325 0.262878 -0.6475 56 50 44 255
3.8175 0.2625 -0.643748 55 53 45 255
3.81442 0.2625 -0.6425 55 53 45 255
3.8175 0.261949 -0.6425 55 53 45 255
3.8225 0.2625 -0.645173 55 51 44 255
3.8225 0.261379 -0.6425 55 51 44 255
3.8275 0.2625 -0.64571 55 51 43 255
3.8275 0.260829 -0.6425 55 51 43 255
3.8325 0.259982 -0.6425 57 53 45 255
3.8375 0.2589 -0.6425 57 53 44 255
3.7975 0.264956 -0.6425 57 54 46 255
3.8025 0.26398 -0.6425 57 54 46 255
3.8075 0.263373 -0.6425 56 52 44 255
3.8125 0.262819 -0.6425 57 53 46 255
3.51976 0.2475 -0.5975 76 71 63 255
3.5225 0.247885 -0.5975 74 69 62 255
3.5225 0.25019 -0.6025 74 69 62 255
3.5275 0.250293 -0.6025 70 65 59 255
3.5275 0.24859 -0.5975 70 65 59 255
3.5325 0.250568 -0.6025 70 65 58 255
3.5325 0.248706 -0.5975 70 65 58 255
3.5375 0.250994 -0.6025 71 65 59 255
3.5375 0.248774 -0.5975 71 65 59 255
3.5425 0.251096 -0.6025 71 66 60 255
3.5425 0.248842 -0.5975 71 66 60 255
3.5475 0.251135 -0.6025 69 63 57 255
3.5475 0.249072 -0.5975 69 63 57 255
3.5525 0.251241 -0.6025 69 64 58 255
3.5525 0.249403 -0.5975 69 64 58 255
3.5575 0.251542 -0.6025 69 66 59 255
3.5575 0.249431 -0.5975 69 66 59 255
3.5225 0.2475 -0.596562 76 71 65 255
3.5225 0.245969 -0.5925 76 71 65 255
3.5275 0.2475 -0.593906 72 68 63 255
3.5275 0.247063 -0.5925 72 68 63 255
3.5325 0.2475 -0.593887 70 66 59 255
3.5325 0.247039 -0.5925 70 66 59 255
3.5375 0.2475 -0.594404 71 67 60 255
3.5375 0.246747 -0.5925 71 67 60 255
3.5425 0.2475 -0.594184 72 67 61 255
3.5425 0.24683 -0.5925 72 67 61 255
3.5475 0.2475 -0.593999 72 68 61 255
3.5475 0.246826 -0.5925 72 68 61 255
3.5525 0.2475 -0.593528 71 66 60 255
3.5525 0.246991 -0.5925 71 66 60 255
3.5575 0.2475 -0.593479 71 67 61 255
3.5575 0.247023 -0.5925 71 67 61 255
3.5225 0.24412 -0.5875 72 67 61 255
3.5275 0.245264 -0.5875 71 66 61 255
3.5325 0.245756 -0.5875 70 66 60 255
3.5375 0.245526 -0.5875 73 68 64 255
3.5425 0.245254 -0.5875 71 66 59 255
3.5475 0.245062 -0.5875 72 67 61 255
3.5525 0.245197 -0.5875 71 67 61 255
3.5575 0.245373 -0.5875 69 66 59 255
3.5225 0.2425 -0.583559 73 70 63 255
3.5225 0.24207 -0.5825 73 70 63 255
3.52489 0.2425 -0.5825 70 65 59 255
3.5275 0.243078 -0.5825 75 69 64 255
3.5325 0.24426 -0.5825 75 70 63 255
3.5375 0.244391 -0.5825 75 69 63 255
3.5425 0.243741 -0.5825 75 71 64 255
3.5475 0.24347 -0.5825 75 70 64 255
3.5525 0.243739 -0.5825 72 67 62 255
3.5575 0.243959 -0.5825 73 70 64 255
3.5225 0.241173 -0.5775 73 72 65 255
3.5275 0.2425 -0.580853 75 70 66 255
3.5275 0.241417 -0.5775 75 70 66 255
3.5325 0.2425 -0.578457 77 73 66 255
3.5325 0.242118 -0.5775 77 73 66 255
3.53729 0.2425 -0.5775 75 70 66 255
3.5425 0.2425 -0.57821 77 72 68 255
3.5475 0.2425 -0.579217 74 70 64 255
3.5475 0.242002 -0.5775 74 70 64 255
3.5525 0.2425 -0.579038 74 69 63 255
3.5525 0.241995 -0.5775 74 69 63 255
3.5575 0.2425 -0.578912 75 70 64 255
3.5575 0.241958 -0.5775 75 70 64 255
3.5225 0.239937 -0.5725 86 82 75 255
3.5275 0.239262 -0.5725 86 80 75 255
3.5325 0.239283 -0.5725 87 81 76 255
3.5375 0.239791 -0.5725 86 80 74 255
3.5425 0.24021 -0.5725 85 79 75 255
3.5475 0.240154 -0.5725 84 78 74 255
3.5525 0.239794 -0.5725 84 80 75 255
3.5575 0.239329 -0.5725 85 79 74 255
3.5225 0.2375 -0.568435 61 59 53 255
3.5275 0.2375 -0.569103 81 78 70 255
3.5325 0.2375 -0.569375 89 86 80 255
3.5375 0.2375 -0.569229 90 87 80 255
3.5425 0.2375 -0.568367 65 61 56 255
3.5475 0.2375 -0.5675 70 65 61 255
3.5525 0.2375 -0.568479 76 72 68 255
3.5575 0.2375 -0.569738 76 73 69 255
3.2425 0.285513 -1.2425 30 30 24 255
3.2375 0.285198 -1.2425 30 30 24 255
3.2425 0.286396 -1.2375 30 30 24 255
3.2375 0.285923 -1.2375 30 30 24 255
3.2475 0.285765 -1.2425 29 29 24 255
3.2475 0.28673 -1.2375 29 29 24 255
3.2525 0.285685 -1.2425 30 28 24 255
3.2525 0.286696 -1.2375 30 28 24 255
3.2575 0.285516 -1.2425 30 27 23 255
3.2575 0.286551 -1.2375 30 27 23 255
3.2625 0.285408 -1.2425 28 27 21 255
3.2625 0.286247 -1.2375 28 27 21 255
3.2675 0.285357 -1.2425 28 28 23 255
3.2675 0.286115 -1.2375 28 28 23 255
3.2725 0.285508 -1.2425 28 27 23 255
3.2725 0.286363 -1.2375 28 27 23 255
3.2775 0.285498 -1.2425 28 28 23 255
3.2775 0.286496 -1.2375 28 28 23 255
3.2425 0.287161 -1.2325 30 31 26 255
3.2375 0.28673 -1.2325 30 31 26 255
3.2475 0.287381 -1.2325 29 29 24 255
3.2525 0.287483 -1.2325 28 26 22 255
3.2575 0.2875 -1.2325 28 28 23 255
3.2625 0.287063 -1.2325 29 29 23 255
3.2675 0.286864 -1.2325 28 28 23 255
3.2725 0.287063 -1.2325 28 28 24 255
3.2775 0.287243 -1.2325 28 28 25 255
3.2375 0.2875 -1.22776 30 31 26 255
3.2425 0.2875 -1.23012 30 31 26 255
3.2625 0.2875 -1.2299 31 31 26 255
3.26739 0.2875 -1.2275 29 29 24 255
3.2725 0.2875 -1.22857 28 28 24 255
3.2775 0.2875 -1.23047 28 28 24 255
3.2425 0.287863 -1.2275 31 31 25 255
3.2475 0.288156 -1.2275 31 31 26 255
3.2525 0.288377 -1.2275 31 29 25 255
3.2575 0.288398 -1.2275 31 28 24 255
3.2625 0.287889 -1.2275 30 28 24 255
3.2725 0.287621 -1.2275 29 28 24 255
3.2775 0.287867 -1.2275 30 30 25 255
3.2425 0.288257 -1.2225 31 31 26 255
3.2375 0.288064 -1.2225 31 31 26 255
3.2475 0.288835 -1.2225 31 31 26 255
3.2525 0.289277 -1.2225 29 29 25 255
3.2575 0.289157 -1.2225 29 29 24 255
3.2625 0.28851 -1.2225 32 30 26 255
3.2675 0.287898 -1.2225 30 29 25 255
3.2725 0.288031 -1.2225 30 30 25 255
3.2775 0.288556 -1.2225 29 29 24 255
3.2425 0.28861 -1.2175 32 33 28 255
3.2375 0.288521 -1.2175 32 33 28 255
3.2475 0.289308 -1.2175 31 32 27 255
3.2525 0.289932 -1.2175 30 30 25 255
3.2575 0.289702 -1.2175 30 31 26 255
3.2625 0.289073 -1.2175 32 32 27 255
3.2675 0.288474 -1.2175 30 30 26 255
3.2725 0.288581 -1.2175 30 30 26 255
3.2775 0.289253 -1.2175 29 29 24 255
3.2425 0.289243 -1.2125 30 31 27 255
3.2375 0.289173 -1.2125 30 31 27 255
3.2475 0.289769 -1.2125 31 31 27 255
3.2525 0.290348 -1.2125 30 30 25 255
3.2575 0.290294 -1.2125 29 29 25 255
3.2625 0.28985 -1.2125 32 31 27 255
3.2675 0.289333 -1.2125 31 31 27 255
3.2725 0.289355 -1.2125 30 30 26 255
3.2775 0.289906 -1.2125 30 30 26 255
3.2425 0.290199 -1.2075 31 31 27 255
3.2375 0.290146 -1.2075 31 31 27 255
3.2475 0.290476 -1.2075 31 31 27 255
3.2525 0.290799 -1.2075 30 30 25 255
3.2575 0.290818 -1.2075 31 31 27 255
3.2625 0.290542 -1.2075 33 30 27 255
3.2675 0.29003 -1.2075 31 31 27 255
3.2725 0.289968 -1.2075 29 30 25 255
3.2775 0.290497 -1.2075 28 29 25 255
3.2425 0.2913 -1.2025 31 32 28 255
3.2375 0.291325 -1.2025 31 32 28 255
3.2475 0.291357 -1.2025 31 32 27 255
3.2525 0.291448 -1.2025 30 31 26 255
3.2575 0.291317 -1.2025 32 32 28 255
3.2625 0.290996 -1.2025 32 30 26 255
3.2675 0.290589 -1.2025 31 29 26 255
3.2725 0.290633 -1.2025 31 30 26 255
3.2775 0.291216 -1.2025 31 32 28 255
3.8325 0.2975 -0.719231 51 47 40 255
3.8299 0.2975 -0.7175 51 47 40 255
3.8325 0.29696 -0.7175 51 47 40 255
3.8375 0.2975 -0.722072 50 47 39 255
3.8375 0.295983 -0.7175 50 47 39 255
3.8025 0.3025 -0.719691 49 46 38 255
3.7975 0.3025 -0.718829 49 46 38 255
3.7975 0.302038 -0.7175 49 46 38 255
3.8025 0.301553 -0.7175 49 46 38 255
3.8075 0.3025 -0.720636 48 44 38 255
3.8075 0.301215 -0.7175 48 44 38 255
3.81096 0.3025 -0.7225 47 44 38 255
3.8125 0.302199 -0.7225 47 44 38 255
3.8125 0.300493 -0.7175 47 44 38 255
3.8175 0.301193 -0.7225 48 44 38 255
3.8175 0.299644 -0.7175 48 44 38 255
3.8225 0.300234 -0.7225 48 45 37 255
3.8225 0.298806 -0.7175 48 45 37 255
3.8275 0.29941 -0.7225 47 43 35 255
3.8275 0.298013 -0.7175 47 43 35 255
3.8325 0.298567 -0.7225 48 46 38 255
3.7975 0.303715 -0.7225 47 42 36 255
3.8025 0.303643 -0.7225 47 42 36 255
3.8075 0.30317 -0.7225 45 42 35 255
3.8225 0.2975 -0.714385 50 47 38 255
3.8175 0.2975 -0.7125 50 47 38 255
3.8225 0.296734 -0.7125 50 47 38 255
3.8275 0.2975 -0.71621 51 48 40 255
3.8275 0.296044 -0.7125 51 48 40 255
3.8325 0.295187 -0.7125 50 48 40 255
3.8375 0.294374 -0.7125 53 50 42 255
3.8025 0.299546 -0.7125 48 45 37 255
3.7975 0.30018 -0.7125 48 45 37 255
3.8075 0.299106 -0.7125 50 46 39 255
3.8125 0.298402 -0.7125 48 45 38 255
3.8375 0.2925 -0.708081 52 50 43 255
3.83581 0.2925 -0.7075 52 50 43 255
3.8025 0.2975 -0.707608 51 49 41 255
3.8075 0.2975 -0.708687 52 50 42 255
3.8075 0.297049 -0.7075 52 50 42 255
3.8125 0.2975 -0.710425 50 47 39 255
3.8125 0.296332 -0.7075 50 47 39 255
3.8175 0.295288 -0.7075 50 48 41 255
3.8225 0.294491 -0.7075 52 48 41 255
3.8275 0.293795 -0.7075 54 49 42 255
3.8325 0.293014 -0.7075 54 51 43 255
3.7975 0.298251 -0.7075 49 46 39 255
3.8225 0.2925 -0.702941 54 50 42 255
3.82169 0.2925 -0.7025 54 50 42 255
3.8275 0.2925 -0.704911 55 51 44 255
3.8275 0.291321 -0.7025 55 51 44 255
3.8325 0.2925 -0.706567 56 52 45 255
3.8325 0.290267 -0.7025 56 52 45 255
3.8375 0.28948 -0.7025 56 51 44 255
3.7975 0.2975 -0.70581 56 52 44 255
3.7975 0.295967 -0.7025 56 52 44 255
3.8025 0.295284 -0.7025 56 52 44 255
3.8075 0.295163 -0.7025 56 51 43 255
3.8125 0.294694 -0.7025 54 50 42 255
3.8175 0.293503 -0.7025 54 50 43 255
3.8375 0.2875 -0.698859 59 56 47 255
3.83422 0.2875 -0.6975 59 56 47 255
3.8375 0.286754 -0.6975 59 56 47 255
3.8175 0.2925 -0.69938 57 53 45 255
3.81486 0.2925 -0.6975 57 53 45 255
3.8175 0.291856 -0.6975 57 53 45 255
3.8225 0.290385 -0.6975 57 51 44 255
3.8275 0.289216 -0.6975 56 52 44 255
3.8325 0.287904 -0.6975 56 52 44 255
3.8025 0.29335 -0.6975 56 51 44 255
3.7975 0.293859 -0.6975 56 51 44 255
3.8075 0.293298 -0.6975 54 50 43 255
3.8125 0.293028 -0.6975 55 51 43 255
3.8275 0.2875 -0.693915 60 56 48 255
3.82402 0.2875 -0.6925 60 56 48 255
3.8275 0.286766 -0.6925 60 56 48 255
3.8325 0.2875 -0.696436 60 56 48 255
3.8325 0.285929 -0.6925 60 56 48 255
3.8375 0.284801 -0.6925 62 58 49 255
3.8025 0.2925 -0.695676 64 59 51 255
3.7975 0.2925 -0.694414 64 59 51 255
3.7975 0.291647 -0.6925 64 59 51 255
3.8025 0.290978 -0.6925 64 59 51 255
3.8075 0.2925 -0.695972 61 56 48 255
3.8075 0.290584 -0.6925 61 56 48 255
3.8125 0.2925 -0.696485 59 55 47 255
3.8125 0.290265 -0.6925 59 55 47 255
3.8175 0.289263 -0.6925 57 52 44 255
3.8225 0.287818 -0.6925 57 52 43 255
3.8075 0.2875 -0.687577 62 57 48 255
3.8125 0.2875 -0.688613 66 60 52 255
3.8125 0.286752 -0.6875 66 60 52 255
3.8175 0.2875 -0.689934 65 60 51 255
3.8175 0.285899 -0.6875 65 60 51 255
3.8225 0.284903 -0.6875 64 58 49 255
3.8275 0.284175 -0.6875 64 59 50 255
3.8325 0.283667 -0.6875 61 58 49 255
3.8375 0.282799 -0.6875 61 56 48 255
3.8025 0.288234 -0.6875 59 55 46 255
3.7975 0.288913 -0.6875 59 55 46 255
3.8225 0.2825 -0.682614 60 55 47 255
3.8275 0.2825 -0.684407 60 55 46 255
3.8275 0.281496 -0.6825 60 55 46 255
3.8325 0.2825 -0.685498 58 54 46 255
3.8325 0.28073 -0.6825 58 54 46 255
3.8375 0.280009 -0.6825 61 54 47 255
3.8025 0.2875 -0.68613 63 59 51 255
3.7975 0.2875 -0.684943 63 59 51 255
3.7975 0.286134 -0.6825 63 59 51 255
3.8025 0.28545 -0.6825 63 59 51 255
3.8075 0.284556 -0.6825 61 56 49 255
3.8125 0.2838 -0.6825 62 57 48 255
3.8175 0.28323 -0.6825 60 56 47 255
4.11268 0.1875 -0.6375 35 35 32 255
4.0975 0.1925 -0.639098 54 52 49 255
4.09613 0.1925 -0.6375 54 52 49 255
4.0975 0.192064 -0.6375 54 52 49 255
4.1025 0.19035 -0.6375 41 40 36 255
4.1075 0.18873 -0.6375 41 39 34 255
4.08258 0.1975 -0.6375 107 102 94 255
4.0875 0.195515 -0.6375 107 102 94 255
4.0925 0.193623 -0.6375 63 61 58 255
4.1075 0.1875 -0.633984 39 37 35 255
4.10574 0.1875 -0.6325 39 37 35 255
4.1075 0.18696 -0.6325 39 37 35 255
4.1125 0.185434 -0.6325 34 33 32 255
4.09366 0.1925 -0.6325 36 35 33 255
4.0975 0.190636 -0.6325 36 35 33 255
4.1025 0.188435 -0.6325 36 35 32 255
4.08039 0.1975 -0.6325 96 92 80 255
4.0825 0.196824 -0.6325 96 92 80 255
4.0875 0.195154 -0.6325 112 108 102 255
4.0925 0.193038 -0.6325 62 60 58 255
4.11318 0.1825 -0.6275 40 39 38 255
4.1025 0.1875 -0.63043 49 46 44 255
4.09977 0.1875 -0.6275 49 46 44 255
4.1025 0.18607 -0.6275 49 46 44 255
4.1075 0.184239 -0.6275 47 45 40 255
4.0925 0.1925 -0.630833 40 37 34 255
4.09002 0.1925 -0.6275 40 37 34 255
4.0925 0.191312 -0.6275 40 37 34 255
4.0975 0.188611 -0.6275 43 41 37 255
4.0825 0.195624 -0.6275 62 59 56 255
4.0875 0.193621 -0.6275 62 60 57 255
4.1075 0.1825 -0.62482 62 59 55 255
4.10391 0.1825 -0.6225 62 59 55 255
4.1075 0.180854 -0.6225 62 59 55 255
4.1125 0.179529 -0.6225 42 42 40 255
4.0975 0.1875 -0.625179 60 58 52 255
4.09485 0.1875 -0.6225 60 58 52 255
4.0975 0.186155 -0.6225 60 58 52 255
4.1025 0.183134 -0.6225 66 64 59 255
4.0875 0.1925 -0.625353 46 44 39 255
4.08393 0.1925 -0.6225 46 44 39 255
4.0875 0.190817 -0.6225 46 44 39 255
4.0925 0.1887 -0.6225 46 45 39 255
4.0825 0.193133 -0.6225 44 42 39 255
4.0775 0.195266 -0.6225 44 42 39 255
4.1075 0.1775 -0.6177 54 51 47 255
4.1125 0.1775 -0.61929 41 41 38 255
4.1125 0.176309 -0.6175 41 41 38 255
4.1025 0.1825 -0.621527 59 58 53 255
4.09864 0.1825 -0.6175 59 58 53 255
4.1025 0.179868 -0.6175 59 58 53 255
4.0925 0.1875 -0.620211 51 49 46 255
4.08867 0.1875 -0.6175 51 49 46 255
4.0925 0.186076 -0.6175 51 49 46 255
4.0975 0.183223 -0.6175 78 75 70 255
4.0825 0.1925 -0.621488 46 45 42 255
4.0775 0.1925 -0.618329 46 45 42 255
4.0775 0.191827 -0.6175 46 45 42 255
4.0825 0.189739 -0.6175 46 45 42 255
4.0875 0.18796 -0.6175 46 45 39 255
4.1025 0.1775 -0.614556 54 51 48 255
4.09982 0.1775 -0.6125 54 51 48 255
4.0925 0.1825 -0.612623 53 51 47 255
4.0975 0.1825 -0.616485 53 51 47 255
4.0975 0.179092 -0.6125 53 51 47 255
4.0825 0.1875 -0.61467 54 52 48 255
4.0775 0.1875 -0.612857 54 52 48 255
4.0825 0.185518 -0.6125 54 52 48 255
4.0875 0.184237 -0.6125 47 45 42 255
4.0825 0.1825 -0.608974 108 105 101 255
4.07966 0.1825 -0.6075 108 105 101 255
4.0875 0.1825 -0.61058 48 45 42 255
4.0775 0.183378 -0.6075 65 61 58 255
4.0825 0.199246 -0.6425 58 55 51 255
3.4025 0.26728 -0.6425 49 45 37 255
3.3975 0.267473 -0.6425 49 45 37 255
3.4025 0.263968 -0.6375 49 45 37 255
3.3975 0.263627 -0.6375 49 45 37 255
3.4075 0.26721 -0.6425 50 46 37 255
3.4075 0.264034 -0.6375 50 46 37 255
3.4125 0.267173 -0.6425 51 46 39 255
3.4125 0.263988 -0.6375 51 46 39 255
3.4175 0.267312 -0.6425 51 46 38 255
3.4175 0.263981 -0.6375 51 46 38 255
3.4225 0.2675 -0.642247 50 45 37 255
3.42008 0.2675 -0.6425 50 45 37 255
3.4225 0.264246 -0.6375 50 45 37 255
3.4275 0.2675 -0.641774 49 45 37 255
3.4275 0.264876 -0.6375 49 45 37 255
3.4325 0.2675 -0.641244 49 45 36 255
3.4325 0.265407 -0.6375 49 45 36 255
3.4375 0.2675 -0.641638 48 45 37 255
3.4375 0.265365 -0.6375 48 45 37 255
3.4325 0.26817 -0.6425 51 46 38 255
3.4375 0.267965 -0.6425 52 47 39 255
3.4025 0.2625 -0.634874 55 50 41 255
3.3975 0.2625 -0.635784 55 50 41 255
3.3975 0.260381 -0.6325 55 50 41 255
3.4025 0.261114 -0.6325 55 50 41 255
3.4075 0.2625 -0.634739 55 49 41 255
3.4075 0.261202 -0.6325 55 49 41 255
3.4125 0.2625 -0.634902 54 49 41 255
3.4125 0.261094 -0.6325 54 49 41 255
3.4175 0.2625 -0.634832 52 48 41 255
3.4175 0.261188 -0.6325 52 48 41 255
3.4225 0.2625 -0.634478 53 49 41 255
3.4225 0.261316 -0.6325 53 49 41 255
3.4275 0.2625 -0.63351 50 47 39 255
3.4275 0.261874 -0.6325 50 47 39 255
3.4325 0.2625 -0.632528 49 47 38 255
3.4375 0.262602 -0.6325 50 46 38 255
3.4025 0.258349 -0.6275 51 46 38 255
3.3975 0.25752 -0.6275 51 46 38 255
3.4075 0.258553 -0.6275 50 47 37 255
3.4125 0.258313 -0.6275 51 48 39 255
3.4175 0.258391 -0.6275 51 47 39 255
3.4225 0.258275 -0.6275 50 46 38 255
3.4275 0.25842 -0.6275 50 47 38 255
3.4325 0.259003 -0.6275 49 47 38 255
3.4375 0.259311 -0.6275 50 46 40 255
3.4025 0.2575 -0.626014 47 43 36 255
3.3975 0.254483 -0.6225 47 43 36 255
3.4025 0.25558 -0.6225 47 43 36 255
3.4075 0.2575 -0.625519 48 44 37 255
3.4075 0.255984 -0.6225 48 44 37 255
3.4125 0.2575 -0.626098 46 42 35 255
3.4125 0.255484 -0.6225 46 42 35 255
3.4175 0.2575 -0.62606 47 43 37 255
3.4175 0.255424 -0.6225 47 43 37 255
3.4225 0.2575 -0.626145 47 44 37 255
3.4225 0.255558 -0.6225 47 44 37 255
3.4275 0.2575 -0.625975 46 44 36 255
3.4275 0.255439 -0.6225 46 44 36 255
3.4325 0.2575 -0.625215 45 41 35 255
3.4325 0.255651 -0.6225 45 41 35 255
3.4375 0.2575 -0.624517 45 42 34 255
3.4375 0.256227 -0.6225 45 42 34 255
3.40168 0.2525 -0.6175 47 43 36 255
3.3975 0.2525 -0.618997 47 43 36 255
3.3975 0.251717 -0.6175 47 43 36 255
3.4025 0.252662 -0.6175 47 42 37 255
3.4075 0.253249 -0.6175 47 43 36 255
3.4125 0.252929 -0.6175 48 45 37 255
3.4175 0.252832 -0.6175 47 43 36 255
3.4225 0.25315 -0.6175 44 41 34 255
3.4275 0.252775 -0.6175 46 43 36 255
3.4325 0.252612 -0.6175 45 42 35 255
3.4375 0.253307 -0.6175 46 42 35 255
3.4025 0.250209 -0.6125 49 45 38 255
3.3975 0.249848 -0.6125 49 45 38 255
3.4075 0.2525 -0.616255 50 46 38 255
3.4075 0.250253 -0.6125 50 46 38 255
3.4125 0.2525 -0.616653 49 46 39 255
3.4125 0.250244 -0.6125 49 46 39 255
3.4175 0.250458 -0.6125 49 45 37 255
3.4225 0.2525 -0.616071 48 45 38 255
3.4225 0.250839 -0.6125 48 45 38 255
3.4275 0.250541 -0.6125 49 45 37 255
3.4325 0.250406 -0.6125 50 46 38 255
3.4375 0.2525 -0.615806 50 46 39 255
3.4375 0.251044 -0.6125 50 46 39 255
3.4025 0.248234 -0.6075 50 46 39 255
3.3975 0.248037 -0.6075 50 46 39 255
3.4075 0.24792 -0.6075 48 44 37 255
3.4125 0.247664 -0.6075 49 45 38 255
3.4175 0.247775 -0.6075 51 47 41 255
3.4225 0.248233 -0.6075 50 48 41 255
3.4275 0.248257 -0.6075 51 48 39 255
3.4325 0.248114 -0.6075 51 47 40 255
3.4375 0.248934 -0.6075 51 48 40 255
3.4025 0.2475 -0.605516 50 47 40 255
3.3975 0.2475 -0.60623 50 47 40 255
3.3975 0.245871 -0.6025 50 47 40 255
3.4025 0.246369 -0.6025 50 47 40 255
3.4075 0.2475 -0.606027 52 49 41 255
3.4075 0.246474 -0.6025 52 49 41 255
3.4125 0.245894 -0.6025 51 48 41 255
3.4175 0.245581 -0.6025 50 46 38 255
3.4225 0.2475 -0.606044 50 47 39 255
3.4225 0.245827 -0.6025 50 47 39 255
3.4275 0.2475 -0.605982 49 45 38 255
3.4275 0.245872 -0.6025 49 45 38 255
3.4325 0.2475 -0.606292 49 46 39 255
3.4325 0.245747 -0.6025 49 46 39 255
3.4375 0.2475 -0.60451 50 45 39 255
3.4375 0.246587 -0.6025 50 45 39 255
3.48177 0.3175 -0.8025 38 34 29 255
3.48088 0.3175 -0.7975 38 34 29 255
3.4825 0.317336 -0.7975 38 34 29 255
3.4875 0.317227 -0.8025 36 32 27 255
3.4875 0.317089 -0.7975 36 32 27 255
3.4925 0.317153 -0.8025 36 33 27 255
3.4925 0.317223 -0.7975 36 33 27 255
3.4975 0.316873 -0.8025 37 34 29 255
3.4975 0.3172 -0.7975 37 34 29 255
3.5025 0.316445 -0.8025 36 33 28 255
3.5025 0.316882 -0.7975 36 33 28 255
3.5075 0.316272 -0.8025 36 35 29 255
3.5075 0.316781 -0.7975 36 35 29 255
3.5125 0.315981 -0.8025 37 34 28 255
3.5125 0.316641 -0.7975 37 34 28 255
3.5175 0.31654 -0.7975 35 33 28 255
3.4825 0.3175 -0.795008 37 34 27 255
3.48567 0.3175 -0.7925 37 34 29 255
3.4875 0.317401 -0.7925 37 34 29 255
3.4925 0.3175 -0.7925 38 36 29 255
3.4975 0.3175 -0.793032 38 34 28 255
3.50077 0.3175 -0.7925 38 34 29 255
3.5025 0.31748 -0.7925 38 34 29 255
3.50429 0.3175 -0.7925 37 33 29 255
3.5075 0.3175 -0.792723 37 33 29 255
3.5125 0.3175 -0.79256 34 32 26 255
3.5175 0.317162 -0.7925 36 33 28 255
3.5025 0.3175 -0.791647 36 32 27 255
3.51444 0.3175 -0.7875 37 34 28 255
3.5175 0.31734 -0.7875 37 34 28 255
3.5025 0.3175 -0.784161 36 32 27 255
3.50203 0.3175 -0.7825 36 32 27 255
3.5075 0.3175 -0.786657 36 33 28 255
3.5075 0.317248 -0.7825 36 33 28 255
3.5125 0.3175 -0.786283 39 35 30 255
3.5125 0.317173 -0.7825 39 35 30 255
3.5175 0.31697 -0.7825 36 32 28 255
3.49915 0.3175 -0.7775 37 33 27 255
3.5025 0.317197 -0.7775 37 33 27 255
3.5075 0.317151 -0.7775 37 34 29 255
3.5125 0.317013 -0.7775 38 34 28 255
3.5175 0.316706 -0.7775 36 33 28 255
3.49843 0.3175 -0.7725 38 35 28 255
3.5025 0.317051 -0.7725 38 35 28 255
3.5075 0.317343 -0.7725 36 32 26 255
3.5125 0.317348 -0.7725 36 33 27 255
3.5175 0.317058 -0.7725 35 33 28 255
3.47957 0.3175 -0.7675 40 35 28 255
3.49858 0.3175 -0.7675 35 32 27 255
3.5025 0.317045 -0.7675 35 32 27 255
3.5075 0.3175 -0.7675 37 33 29 255
3.5125 0.3175 -0.770243 36 32 27 255
3.51687 0.3175 -0.7675 37 34 29 255
3.4825 0.3175 -0.764003 43 40 34 255
3.4825 0.31733 -0.7625 43 40 34 255
3.48414 0.3175 -0.7625 39 36 29 255
3.4975 0.3175 -0.765932 39 34 29 255
3.49511 0.3175 -0.7625 39 34 29 255
3.4975 0.317214 -0.7625 39 34 29 255
3.5025 0.317184 -0.7625 37 34 27 255
3.50547 0.3175 -0.7625 38 34 29 255
3.5175 0.3175 -0.76578 37 33 27 255
3.2225 0.2975 -0.72001 27 26 20 255
3.2175 0.2975 -0.719845 27 26 20 255
3.2175 0.296482 -0.7175 27 26 20 255
3.2225 0.296441 -0.7175 27 26 20 255
3.2275 0.2975 -0.719714 28 24 20 255
3.2275 0.296549 -0.7175 28 24 20 255
3.2325 0.2975 -0.719542 26 24 18 255
3.2325 0.296746 -0.7175 26 24 18 255
3.2375 0.2975 -0.719576 29 25 21 255
3.2375 0.296814 -0.7175 29 25 21 255
3.2175 0.298467 -0.7225 29 27 22 255
3.2225 0.298552 -0.7225 29 27 22 255
3.2275 0.298755 -0.7225 27 24 17 255
3.2325 0.298653 -0.7225 29 25 20 255
3.2375 0.298556 -0.7225 26 25 18 255
3.2125 0.29608 -0.7175 27 24 18 255
3.2175 0.294447 -0.7125 27 24 18 255
3.2125 0.294185 -0.7125 27 24 18 255
3.2225 0.294393 -0.7125 27 26 19 255
3.2275 0.294534 -0.7125 29 27 21 255
3.2325 0.294864 -0.7125 28 26 20 255
3.2375 0.295197 -0.7125 28 25 20 255
3.2225 0.2925 -0.707664 31 27 23 255
3.2275 0.2925 -0.70753 31 28 23 255
3.2175 0.29289 -0.7075 31 29 22 255
3.2125 0.293017 -0.7075 31 29 22 255
3.2325 0.292945 -0.7075 30 27 21 255
3.2375 0.293531 -0.7075 28 25 20 255
3.2175 0.2925 -0.706326 30 27 22 255
3.2125 0.2925 -0.705906 30 27 22 255
3.2125 0.29122 -0.7025 30 27 22 255
3.2175 0.291139 -0.7025 30 27 22 255
3.2225 0.290641 -0.7025 30 28 21 255
3.2275 0.290537 -0.7025 27 26 21 255
3.2325 0.2925 -0.706214 28 26 21 255
3.2325 0.291182 -0.7025 28 26 21 255
3.2375 0.2925 -0.704039 29 27 20 255
3.2375 0.292037 -0.7025 29 27 20 255
3.2075 0.290685 -0.7025 29 26 20 255
3.2125 0.288906 -0.6975 29 26 20 255
3.2075 0.288649 -0.6975 29 26 20 255
3.2175 0.288988 -0.6975 28 26 21 255
3.2225 0.288952 -0.6975 29 27 21 255
3.2275 0.289034 -0.6975 28 27 21 255
3.2325 0.28957 -0.6975 30 28 21 255
3.2375 0.290274 -0.6975 31 28 22 255
3.2125 0.2875 -0.693956 31 28 23 255
3.2075 0.2875 -0.694573 31 28 23 255
3.2075 0.286666 -0.6925 31 28 23 255
3.2125 0.286956 -0.6925 31 28 23 255
3.2175 0.2875 -0.69399 33 30 24 255
3.2175 0.286917 -0.6925 33 30 24 255
3.2225 0.2875 -0.693407 33 29 24 255
3.2225 0.287207 -0.6925 33 29 24 255
3.226 0.2875 -0.6925 33 30 23 255
3.2275 0.287631 -0.6925 30 27 21 255
3.2325 0.287858 -0.6925 32 28 22 255
3.2375 0.288179 -0.6925 31 29 23 255
3.2025 0.286653 -0.6925 34 30 26 255
3.2075 0.28446 -0.6875 34 30 26 255
3.2025 0.284387 -0.6875 34 30 26 255
3.2125 0.284767 -0.6875 34 31 26 255
3.2175 0.284893 -0.6875 34 30 25 255
3.2225 0.285394 -0.6875 33 30 25 255
3.2275 0.28576 -0.6875 33 30 25 255
3.2325 0.2875 -0.691663 32 29 23 255
3.2325 0.285662 -0.6875 32 29 23 255
3.2375 0.2875 -0.691049 33 30 25 255
3.2375 0.285799 -0.6875 33 30 25 255
3.2125 0.2825 -0.682525 32 29 23 255
3.2175 0.2825 -0.6825 34 31 24 255
3.2075 0.282856 -0.6825 35 31 25 255
3.2025 0.282628 -0.6825 35 31 25 255
3.2225 0.283083 -0.6825 34 31 25 255
3.2275 0.283455 -0.6825 32 29 23 255
3.2325 0.283349 -0.6825 33 30 23 255
3.2375 0.283147 -0.6825 32 28 22 255
3.44567 0.3175 -0.8425 38 35 29 255
3.44511 0.3175 -0.8375 38 35 29 255
3.4475 0.317064 -0.8375 38 35 29 255
3.4475 0.317122 -0.8425 38 35 29 255
3.4525 0.316977 -0.8425 42 39 33 255
3.4525 0.317133 -0.8375 42 39 33 255
3.4575 0.316775 -0.8425 40 39 33 255
3.4575 0.316814 -0.8375 40 39 33 255
3.4625 0.315724 -0.8425 36 35 30 255
3.4625 0.316058 -0.8375 36 35 30 255
3.4675 0.315132 -0.8425 51 48 44 255
3.4675 0.315846 -0.8375 51 48 44 255
3.4475 0.3175 -0.833985 36 33 28 255
3.4525 0.3175 -0.833525 39 36 30 255
3.45382 0.3175 -0.8325 39 36 31 255
3.4575 0.317255 -0.8325 39 36 31 255
3.4625 0.316492 -0.8325 38 36 31 255
3.4675 0.315868 -0.8325 36 34 28 255
3.4725 0.315741 -0.8375 34 32 27 255
3.4725 0.316126 -0.8325 34 32 27 255
3.4775 0.316667 -0.8325 63 60 57 255
3.4575 0.3175 -0.83048 35 33 27 255
3.46034 0.3175 -0.8275 36 33 28 255
3.4625 0.317202 -0.8275 36 33 28 255
3.4675 0.316176 -0.8275 37 34 29 255
3.4725 0.316051 -0.8275 37 35 28 255
3.4775 0.316679 -0.8275 34 32 27 255
3.4625 0.3175 -0.823382 36 33 28 255
3.46283 0.3175 -0.8225 36 33 27 255
3.4675 0.316518 -0.8225 36 33 27 255
3.4725 0.316131 -0.8225 37 34 28 255
3.4775 0.316603 -0.8225 37 34 29 255
3.46262 0.3175 -0.8175 34 32 26 255
3.4675 0.316451 -0.8175 34 32 26 255
3.4725 0.316191 -0.8175 35 32 28 255
3.4775 0.316903 -0.8175 35 32 27 255
3.4625 0.3175 -0.816058 36 32 28 255
3.46195 0.3175 -0.8125 36 32 28 255
3.4675 0.316622 -0.8125 34 31 27 255
3.4725 0.316482 -0.8125 34 33 28 255
3.4775 0.317143 -0.8125 37 34 29 255
3.4625 0.3175 -0.811644 36 32 28 255
3.46639 0.3175 -0.8075 36 33 28 255
3.4675 0.317417 -0.8075 36 33 28 255
3.4725 0.317271 -0.8075 37 33 29 255
3.47707 0.3175 -0.8075 38 34 29 255
3.4725 0.3175 -0.80616 36 33 26 255
3.47844 0.3175 -0.8075 35 32 28 255
3.4775 0.317814 -0.8025 37 33 29 255
3.5625 0.2775 -0.649217 61 58 49 255
3.5575 0.2775 -0.650094 61 58 49 255
3.5575 0.276052 -0.6475 61 58 49 255
3.5625 0.276378 -0.6475 61 58 49 255
3.5675 0.2775 -0.648835 63 59 50 255
3.5675 0.276641 -0.6475 63 59 50 255
3.5725 0.2775 -0.648451 64 60 51 255
3.5725 0.276944 -0.6475 64 60 51 255
3.5775 0.2775 -0.648432 64 59 51 255
3.5775 0.276958 -0.6475 64 59 51 255
3.5825 0.2775 -0.648834 65 61 52 255
3.5825 0.276782 -0.6475 65 61 52 255
3.5875 0.2775 -0.648822 65 60 51 255
3.5875 0.276848 -0.6475 65 60 51 255
3.5925 0.2775 -0.648328 65 60 51 255
3.5925 0.277064 -0.6475 65 60 51 255
3.5975 0.2775 -0.648886 66 60 52 255
3.5975 0.276746 -0.6475 66 60 52 255
3.5625 0.273608 -0.6425 62 59 50 255
3.5575 0.273261 -0.6425 62 59 50 255
3.5675 0.273942 -0.6425 64 60 51 255
3.5725 0.274065 -0.6425 65 59 51 255
3.5775 0.273729 -0.6425 66 61 53 255
3.5825 0.27359 -0.6425 64 59 51 255
3.5875 0.273945 -0.6425 65 59 51 255
3.5925 0.274235 -0.6425 66 60 52 255
3.5975 0.274178 -0.6425 65 61 52 255
3.2825 0.316077 -0.8025 42 38 30 255
3.2825 0.315895 -0.7975 42 38 30 255
3.2875 0.316462 -0.8025 43 38 32 255
3.2875 0.316293 -0.7975 43 38 32 255
3.2925 0.317006 -0.8025 42 37 31 255
3.2925 0.316766 -0.7975 42 37 31 255
3.2975 0.316743 -0.8025 41 38 32 255
3.2975 0.316722 -0.7975 41 38 32 255
3.3025 0.316129 -0.8025 46 43 34 255
3.3025 0.316209 -0.7975 46 43 34 255
3.3075 0.316054 -0.8025 47 44 35 255
3.3075 0.31604 -0.7975 47 44 35 255
3.3125 0.316699 -0.8025 45 42 35 255
3.3125 0.316479 -0.7975 45 42 35 255
3.3175 0.3175 -0.801415 48 42 35 255
3.31719 0.3175 -0.8025 48 42 35 255
3.3175 0.317279 -0.7975 48 42 35 255
3.2825 0.315346 -0.7925 44 42 34 255
3.2875 0.315768 -0.7925 45 41 34 255
3.2925 0.315956 -0.7925 44 38 32 255
3.2975 0.315842 -0.7925 43 38 32 255
3.3025 0.315593 -0.7925 44 38 31 255
3.3075 0.315549 -0.7925 45 42 34 255
3.3125 0.315884 -0.7925 45 41 33 255
3.3175 0.316524 -0.7925 48 43 36 255
3.2825 0.314904 -0.7875 45 41 34 255
3.2875 0.315056 -0.7875 45 42 33 255
3.2925 0.315074 -0.7875 43 40 33 255
3.2975 0.314795 -0.7875 42 39 32 255
3.3025 0.314421 -0.7875 42 38 31 255
3.3075 0.314296 -0.7875 45 41 34 255
3.3125 0.31468 -0.7875 46 43 36 255
3.3175 0.315285 -0.7875 47 44 36 255
3.2825 0.314293 -0.7825 43 40 33 255
3.2875 0.314186 -0.7825 43 39 32 255
3.2925 0.314145 -0.7825 43 40 33 255
3.2975 0.313822 -0.7825 43 40 33 255
3.3025 0.313224 -0.7825 43 40 33 255
3.3075 0.31286 -0.7825 45 41 33 255
3.3125 0.313281 -0.7825 46 43 35 255
3.3175 0.314022 -0.7825 47 44 37 255
3.3025 0.3125 -0.779752 43 40 33 255
3.2987 0.3125 -0.7775 43 40 33 255
3.3025 0.311937 -0.7775 43 40 33 255
3.3075 0.3125 -0.780545 46 42 34 255
3.3075 0.311979 -0.7775 46 42 34 255
3.3125 0.3125 -0.778093 46 42 35 255
3.31488 0.3125 -0.7775 45 41 34 255
3.2825 0.313094 -0.7775 44 40 33 255
3.2875 0.31298 -0.7775 44 40 33 255
3.2925 0.313154 -0.7775 45 41 34 255
3.2975 0.312691 -0.7775 42 39 32 255
3.3175 0.312623 -0.7775 47 44 36 255
3.2825 0.3125 -0.774071 47 43 35 255
3.2825 0.312247 -0.7725 47 43 35 255
3.2875 0.3125 -0.774941 44 41 34 255
3.2875 0.312099 -0.7725 44 41 34 255
3.2925 0.3125 -0.774262 46 41 35 255
3.2925 0.312167 -0.7725 46 41 35 255
3.2975 0.3125 -0.77662 43 40 33 255
3.2975 0.311606 -0.7725 43 40 33 255
3.3025 0.310871 -0.7725 43 40 33 255
3.3075 0.311502 -0.7725 44 41 34 255
3.3125 0.312198 -0.7725 44 40 32 255
3.3175 0.311762 -0.7725 44 40 32 255
3.2825 0.311374 -0.7675 46 43 35 255
3.2875 0.311261 -0.7675 47 42 35 255
3.2925 0.31107 -0.7675 45 42 34 255
3.2975 0.310587 -0.7675 45 42 34 255
3.3025 0.310028 -0.7675 44 39 33 255
3.3075 0.310611 -0.7675 44 41 33 255
3.3125 0.31158 -0.7675 42 39 32 255
3.3175 0.31144 -0.7675 45 40 34 255
3.1225 0.2325 -0.59975 77 71 63 255
3.1175 0.2325 -0.600538 77 71 63 255
3.1175 0.231209 -0.5975 77 71 63 255
3.1225 0.231585 -0.5975 77 71 63 255
3.1275 0.2325 -0.599194 52 49 42 255
3.1275 0.23197 -0.5975 52 49 42 255
3.13184 0.2325 -0.5975 41 39 33 255
3.1175 0.233421 -0.6025 79 70 64 255
3.1225 0.233737 -0.6025 79 70 64 255
3.1275 0.233579 -0.6025 87 81 72 255
3.1325 0.233759 -0.6025 45 43 35 255
3.1375 0.234678 -0.6025 38 33 29 255
3.1375 0.233351 -0.5975 38 33 29 255
3.1425 0.235424 -0.6025 33 30 25 255
3.1425 0.2337 -0.5975 33 30 25 255
3.1475 0.235603 -0.6025 33 30 26 255
3.1475 0.233661 -0.5975 33 30 26 255
3.1525 0.235827 -0.6025 35 31 26 255
3.1525 0.233719 -0.5975 35 31 26 255
3.1575 0.236045 -0.6025 32 30 25 255
3.1575 0.234014 -0.5975 32 30 25 255
3.1225 0.229445 -0.5925 40 36 30 255
3.1175 0.229103 -0.5925 40 36 30 255
3.1275 0.230289 -0.5925 36 33 29 255
3.1325 0.231322 -0.5925 34 32 27 255
3.1375 0.2325 -0.594566 35 32 28 255
3.1375 0.231926 -0.5925 35 32 28 255
3.1425 0.2325 -0.594342 32 28 25 255
3.1425 0.23186 -0.5925 32 28 25 255
3.1475 0.2325 -0.59466 32 30 24 255
3.1475 0.231623 -0.5925 32 30 24 255
3.1525 0.2325 -0.594349 31 30 25 255
3.1525 0.231784 -0.5925 31 30 25 255
3.1575 0.2325 -0.593928 33 31 25 255
3.1575 0.231933 -0.5925 33 31 25 255
3.12104 0.2275 -0.5875 36 34 29 255
3.1175 0.2275 -0.588074 36 34 29 255
3.1225 0.227586 -0.5875 36 33 28 255
3.1275 0.22858 -0.5875 37 35 29 255
3.1325 0.229741 -0.5875 36 32 28 255
3.1375 0.230282 -0.5875 34 30 26 255
3.1425 0.230212 -0.5875 34 31 27 255
3.1475 0.229966 -0.5875 34 31 25 255
3.1525 0.230203 -0.5875 31 29 25 255
3.1575 0.230459 -0.5875 33 29 24 255
3.1225 0.226287 -0.5825 39 36 30 255
3.1175 0.225981 -0.5825 39 36 30 255
3.1275 0.2275 -0.584118 39 36 30 255
3.1275 0.227002 -0.5825 39 36 30 255
3.1303 0.2275 -0.5825 36 34 27 255
3.1325 0.227898 -0.5825 36 34 28 255
3.1375 0.228402 -0.5825 34 32 25 255
3.1425 0.228605 -0.5825 35 32 27 255
3.1475 0.228639 -0.5825 34 31 27 255
3.1525 0.228637 -0.5825 34 33 26 255
3.1575 0.229081 -0.5825 34 32 27 255
3.1225 0.224741 -0.5775 40 38 30 255
3.1175 0.224623 -0.5775 40 38 30 255
3.1275 0.225318 -0.5775 40 37 29 255
3.1325 0.2275 -0.581484 39 37 29 255
3.1325 0.225964 -0.5775 39 37 29 255
3.1375 0.2275 -0.580325 41 38 30 255
3.1375 0.226323 -0.5775 41 38 30 255
3.1425 0.2275 -0.579695 40 36 30 255
3.1425 0.226602 -0.5775 40 36 30 255
3.1475 0.2275 -0.579601 39 37 30 255
3.1475 0.226609 -0.5775 39 37 30 255
3.1525 0.2275 -0.579732 38 36 29 255
3.1525 0.226513 -0.5775 38 36 29 255
3.1575 0.2275 -0.578173 38 34 29 255
3.1225 0.223017 -0.5725 41 38 31 255
3.1175 0.22334 -0.5725 41 38 31 255
3.1275 0.223209 -0.5725 42 39 31 255
3.1325 0.223535 -0.5725 41 38 32 255
3.1375 0.223773 -0.5725 41 38 31 255
3.1425 0.223969 -0.5725 41 39 32 255
3.1475 0.224133 -0.5725 41 39 32 255
3.1525 0.224553 -0.5725 41 39 31 255
3.1575 0.225164 -0.5725 41 38 32 255
3.1225 0.2225 -0.571145 44 42 35 255
3.1175 0.2225 -0.570046 44 42 35 255
3.1175 0.221616 -0.5675 44 42 35 255
3.1225 0.221112 -0.5675 44 42 35 255
3.1275 0.2225 -0.571124 42 39 32 255
3.1275 0.220657 -0.5675 42 39 32 255
3.1325 0.2225 -0.570604 43 40 33 255
3.1325 0.220807 -0.5675 43 40 33 255
3.1375 0.2225 -0.569711 41 38 31 255
3.1375 0.221469 -0.5675 41 38 31 255
3.1425 0.2225 -0.569153 42 39 32 255
3.1425 0.221784 -0.5675 42 39 32 255
3.1475 0.2225 -0.568766 41 39 31 255
3.1475 0.221969 -0.5675 41 39 31 255
3.15133 0.2225 -0.5675 41 38 32 255
3.1525 0.222654 -0.5675 41 38 32 255
3.1575 0.222731 -0.5675 40 37 31 255
3.1225 0.21869 -0.5625 44 42 35 255
3.1175 0.219028 -0.5625 44 42 35 255
3.1275 0.218427 -0.5625 43 40 32 255
3.1325 0.218657 -0.5625 42 39 32 255
3.1375 0.219654 -0.5625 41 38 32 255
3.1425 0.219932 -0.5625 43 41 33 255
3.1475 0.219579 -0.5625 43 40 33 255
3.1525 0.220286 -0.5625 41 38 31 255
3.1575 0.220343 -0.5625 41 39 32 255
3.29984 0.2875 -1.2025 63 60 59 255
3.30092 0.2875 -1.1975 63 60 59 255
3.3025 0.286377 -1.1975 63 60 59 255
3.3025 0.285685 -1.2025 63 60 59 255
3.30435 0.2825 -1.2025 111 108 100 255
3.30472 0.2825 -1.1975 111 108 100 255
3.2825 0.29162 -1.2025 33 32 30 255
3.2825 0.292305 -1.1975 33 32 30 255
3.2775 0.292099 -1.1975 33 32 30 255
3.2875 0.291207 -1.2025 33 33 29 255
3.2875 0.291797 -1.1975 33 33 29 255
3.2925 0.290224 -1.2025 32 31 29 255
3.2925 0.290842 -1.1975 32 31 29 255
3.2975 0.288706 -1.2025 32 32 28 255
3.2975 0.289304 -1.1975 32 32 28 255
3.30217 0.2875 -1.1925 72 70 67 255
3.2775 0.2925 -1.19478 33 32 31 255
3.2825 0.2925 -1.19581 33 32 31 255
3.28666 0.2925 -1.1925 30 30 29 255
3.2875 0.292416 -1.1925 30 30 29 255
3.2925 0.291527 -1.1925 31 32 30 255
3.2975 0.290082 -1.1925 33 33 31 255
3.2825 0.29287 -1.1925 34 33 30 255
3.2775 0.292828 -1.1925 34 33 30 255
3.3025 0.2875 -1.19161 78 75 72 255
3.2875 0.2925 -1.19172 33 33 32 255
3.28999 0.2925 -1.1875 32 32 31 255
3.2925 0.292054 -1.1875 32 32 31 255
3.2975 0.290635 -1.1875 33 34 34 255
3.3025 0.288325 -1.1875 46 43 44 255
3.30334 0.2875 -1.1875 91 88 78 255
3.2825 0.293289 -1.1875 33 33 31 255
3.2775 0.293288 -1.1875 33 33 31 255
3.2875 0.292952 -1.1875 32 31 30 255
3.2925 0.2925 -1.18506 34 33 33 255
3.29418 0.2925 -1.1825 34 34 35 255
3.2975 0.291552 -1.1825 34 34 35 255
3.3025 0.288721 -1.1825 57 54 54 255
3.2825 0.293735 -1.1825 33 33 31 255
3.2775 0.29374 -1.1825 33 33 31 255
3.2875 0.293583 -1.1825 33 32 31 255
3.2925 0.292971 -1.1825 34 35 33 255
3.2975 0.2925 -1.17966 34 34 34 255
3.29883 0.2925 -1.1775 58 56 56 255
3.3025 0.289668 -1.1775 58 56 56 255
3.2825 0.294359 -1.1775 32 32 31 255
3.2775 0.294321 -1.1775 32 32 31 255
3.2875 0.294288 -1.1775 34 34 33 255
3.2925 0.294043 -1.1775 34 34 33 255
3.2975 0.293163 -1.1775 36 35 35 255
3.30214 0.2925 -1.1725 65 63 65 255
3.2825 0.295349 -1.1725 33 34 32 255
3.2775 0.295224 -1.1725 33 34 32 255
3.2875 0.295044 -1.1725 35 35 33 255
3.2925 0.294692 -1.1725 35 36 34 255
3.2975 0.294186 -1.1725 35 36 36 255
3.2825 0.29609 -1.1675 35 35 34 255
3.2775 0.295895 -1.1675 35 35 34 255
3.2875 0.295666 -1.1675 35 35 34 255
3.2925 0.295002 -1.1675 36 38 36 255
3.2975 0.294366 -1.1675 35 36 36 255
3.3025 0.293617 -1.1675 40 40 41 255
3.2825 0.296651 -1.1625 35 34 33 255
3.2775 0.296495 -1.1625 35 34 33 255
3.2875 0.296233 -1.1625 36 36 35 255
3.2925 0.295251 -1.1625 35 37 36 255
3.2975 0.294288 -1.1625 38 39 39 255
3.3025 0.293817 -1.1625 43 43 44 255
3.2425 0.2775 -0.669649 36 31 26 255
3.2375 0.2775 -0.670158 36 31 26 255
3.2375 0.275937 -0.6675 36 31 26 255
3.2425 0.276361 -0.6675 36 31 26 255
3.2475 0.2775 -0.669646 37 33 26 255
3.2475 0.276278 -0.6675 37 33 26 255
3.2525 0.2775 -0.670165 40 35 29 255
3.2525 0.276009 -0.6675 40 35 29 255
3.2575 0.2775 -0.671013 36 31 26 255
3.2575 0.275916 -0.6675 36 31 26 255
3.2625 0.2775 -0.671373 35 31 25 255
3.2625 0.275964 -0.6675 35 31 25 255
3.2675 0.2775 -0.670421 35 31 24 255
3.2675 0.276324 -0.6675 35 31 24 255
3.2725 0.2775 -0.669115 34 29 24 255
3.2725 0.276825 -0.6675 34 29 24 255
3.2425 0.273386 -0.6625 38 34 28 255
3.2375 0.273028 -0.6625 38 34 28 255
3.2475 0.273471 -0.6625 37 33 26 255
3.2525 0.273594 -0.6625 38 33 27 255
3.2575 0.274055 -0.6625 36 32 26 255
3.2625 0.274219 -0.6625 37 32 27 255
3.2675 0.273973 -0.6625 36 32 25 255
3.2725 0.274022 -0.6625 35 31 25 255
3.2425 0.2725 -0.661004 36 31 26 255
3.2375 0.2725 -0.661553 36 31 26 255
3.2375 0.270422 -0.6575 36 31 26 255
3.2425 0.270559 -0.6575 36 31 26 255
3.2475 0.2725 -0.660699 39 35 27 255
3.2475 0.270867 -0.6575 39 35 27 255
3.2525 0.2725 -0.660361 39 34 26 255
3.2525 0.271077 -0.6575 39 34 26 255
3.2575 0.2725 -0.659329 37 34 26 255
3.2575 0.271577 -0.6575 37 34 26 255
3.2625 0.2725 -0.658807 37 34 27 255
3.2625 0.271857 -0.6575 37 34 27 255
3.2675 0.2725 -0.659698 39 35 28 255
3.2675 0.271308 -0.6575 39 35 28 255
3.2725 0.2725 -0.659812 36 32 26 255
3.2725 0.271228 -0.6575 36 32 26 255
3.2425 0.268007 -0.6525 36 31 26 255
3.2375 0.267644 -0.6525 36 31 26 255
3.2475 0.268516 -0.6525 37 32 27 255
3.2525 0.268429 -0.6525 34 31 24 255
3.2575 0.268569 -0.6525 36 32 26 255
3.2625 0.268882 -0.6525 36 33 26 255
3.2675 0.268708 -0.6525 36 32 25 255
3.2725 0.269048 -0.6525 35 31 25 255
3.2425 0.2675 -0.651521 42 37 30 255
3.2375 0.264691 -0.6475 42 37 30 255
3.2425 0.265263 -0.6475 42 37 30 255
3.2475 0.2675 -0.650426 38 34 29 255
3.2475 0.265911 -0.6475 38 34 29 255
3.2525 0.2675 -0.650742 41 36 28 255
3.2525 0.265699 -0.6475 41 36 28 255
3.2575 0.2675 -0.650751 39 34 27 255
3.2575 0.265425 -0.6475 39 34 27 255
3.2625 0.2675 -0.650403 39 34 27 255
3.2625 0.265435 -0.6475 39 34 27 255
3.2675 0.2675 -0.650358 37 34 26 255
3.2675 0.265778 -0.6475 37 34 26 255
3.2725 0.2675 -0.649343 39 35 27 255
3.2725 0.266527 -0.6475 39 35 27 255
3.2425 0.2625 -0.643086 24 20 18 255
3.2375 0.2625 -0.64404 24 20 18 255
3.2375 0.26141 -0.6425 24 20 18 255
3.2475 0.2625 -0.642555 25 21 18 255
3.2525 0.2625 -0.642941 24 20 17 255
3.2575 0.2625 -0.643589 22 20 17 255
3.2575 0.261654 -0.6425 22 20 17 255
3.2625 0.2625 -0.643756 20 18 14 255
3.2625 0.261496 -0.6425 20 18 14 255
3.2675 0.2625 -0.642832 20 18 15 255
3.26892 0.2625 -0.6425 13 12 10 255
3.2725 0.263088 -0.6425 37 34 25 255
3.3175 0.3175 -0.9475 31 29 24 255
3.3225 0.318286 -0.9425 31 29 24 255
3.3225 0.3175 -0.946208 31 29 24 255
3.3175 0.318407 -0.9425 31 29 24 255
3.3275 0.317862 -0.9425 31 29 24 255
3.3275 0.3175 -0.945029 31 29 24 255
3.3325 0.3175 -0.9425 30 28 24 255
3.3225 0.318725 -0.9375 31 29 23 255
3.3175 0.318835 -0.9375 31 29 23 255
3.3275 0.318314 -0.9375 31 28 23 255
3.3325 0.317905 -0.9375 31 29 24 255
3.3375 0.31786 -0.9375 31 29 24 255
3.3375 0.3175 -0.941204 31 29 24 255
3.3425 0.317665 -0.9375 34 32 27 255
3.3425 0.3175 -0.93865 34 32 27 255
3.34443 0.3175 -0.9375 35 32 27 255
3.3225 0.318736 -0.9325 32 30 26 255
3.3175 0.319139 -0.9325 32 30 26 255
3.3275 0.318428 -0.9325 30 28 23 255
3.3325 0.318256 -0.9325 31 27 23 255
3.3375 0.318335 -0.9325 32 30 25 255
3.3425 0.318347 -0.9325 32 30 25 255
3.3475 0.318081 -0.9325 34 33 28 255
3.3475 0.3175 -0.93586 34 33 28 255
3.3525 0.317625 -0.9325 34 32 27 255
3.3525 0.3175 -0.93326 34 32 27 255
3.35342 0.3175 -0.9325 33 32 28 255
3.3225 0.318771 -0.9275 31 29 24 255
3.3175 0.319382 -0.9275 31 29 24 255
3.3275 0.318687 -0.9275 31 28 24 255
3.3325 0.318715 -0.9275 32 29 25 255
3.3375 0.318797 -0.9275 30 29 24 255
3.3425 0.318878 -0.9275 32 29 25 255
3.3475 0.31863 -0.9275 34 32 26 255
3.3525 0.318057 -0.9275 35 33 28 255
3.35635 0.3175 -0.9275 34 31 27 255
3.3225 0.31912 -0.9225 32 30 25 255
3.3175 0.31969 -0.9225 32 30 25 255
3.3275 0.319212 -0.9225 33 31 25 255
3.3325 0.319178 -0.9225 34 32 25 255
3.3375 0.318885 -0.9225 32 32 27 255
3.3425 0.318783 -0.9225 32 30 26 255
3.3475 0.318553 -0.9225 32 31 24 255
3.3525 0.317913 -0.9225 32 30 27 255
3.35547 0.3175 -0.9225 32 32 27 255
3.44029 0.2375 -0.5725 50 46 41 255
3.4375 0.2375 -0.572688 50 46 41 255
3.4675 0.2375 -0.572731 53 50 44 255
3.46561 0.2375 -0.5725 53 50 44 255
3.469 0.2375 -0.5725 85 80 73 255
3.4475 0.2325 -0.567618 140 135 118 255
3.44671 0.2325 -0.5675 140 135 118 255
3.4525 0.2325 -0.567515 135 130 115 255
3.4425 0.2375 -0.572386 65 63 59 255
3.4425 0.233332 -0.5675 65 63 59 255
3.4375 0.233266 -0.5675 65 63 59 255
3.4475 0.2375 -0.572309 68 65 59 255
3.4525 0.2375 -0.572388 85 79 73 255
3.4575 0.233306 -0.5675 93 88 82 255
3.4575 0.2375 -0.572312 93 88 82 255
3.4625 0.2375 -0.572183 104 98 90 255
3.4625 0.233821 -0.5675 104 98 90 255
3.4675 0.2333 -0.5675 105 99 94 255
3.4725 0.2375 -0.57216 164 160 152 255
3.4725 0.232743 -0.5675 164 160 152 255
3.4775 0.233653 -0.5675 169 164 153 255
3.43887 0.2275 -0.5625 55 53 48 255
3.4375 0.2275 -0.562793 55 53 48 255
3.4425 0.228461 -0.5625 45 44 39 255
3.4425 0.2325 -0.566644 45 44 39 255
3.4375 0.2325 -0.56685 45 44 39 255
3.4475 0.227909 -0.5625 45 43 39 255
3.4525 0.227927 -0.5625 42 41 37 255
3.4575 0.2325 -0.566365 46 45 41 255
3.4575 0.229063 -0.5625 46 45 41 255
3.4625 0.2325 -0.565537 46 44 39 255
3.4625 0.230057 -0.5625 46 44 39 255
3.4675 0.2325 -0.566194 46 44 40 255
3.4675 0.229944 -0.5625 46 44 40 255
3.4725 0.229405 -0.5625 83 78 72 255
3.4775 0.2325 -0.566186 93 88 82 255
3.4775 0.228859 -0.5625 93 88 82 255
3.13741 0.2375 -0.6125 35 31 26 255
3.1325 0.2375 -0.616801 35 31 26 255
3.1325 0.236029 -0.6125 35 31 26 255
3.1275 0.235803 -0.6125 46 42 35 255
3.1325 0.234937 -0.6075 46 42 35 255
3.1275 0.234864 -0.6075 46 42 35 255
3.1375 0.236066 -0.6075 66 60 53 255
3.1425 0.2375 -0.609111 55 51 44 255
3.1425 0.236962 -0.6075 55 51 44 255
3.1475 0.2375 -0.607812 36 33 28 255
3.14921 0.2375 -0.6075 35 32 26 255
3.1225 0.23552 -0.6075 70 65 58 255
3.1525 0.2375 -0.606913 35 32 28 255
3.1575 0.2375 -0.606795 34 31 24 255
3.3625 0.2775 -0.666169 47 44 37 255
3.3575 0.2775 -0.666918 47 44 37 255
3.3575 0.275333 -0.6625 47 44 37 255
3.3625 0.275706 -0.6625 47 44 37 255
3.3675 0.2775 -0.666731 48 43 36 255
3.3675 0.27545 -0.6625 48 43 36 255
3.3725 0.2775 -0.66743 48 43 34 255
3.3725 0.275164 -0.6625 48 43 34 255
3.3775 0.2775 -0.666442 47 43 35 255
3.3775 0.275508 -0.6625 47 43 35 255
3.3825 0.2775 -0.665028 50 45 38 255
3.3825 0.27609 -0.6625 50 45 38 255
3.3875 0.2775 -0.664825 47 42 36 255
3.3875 0.276281 -0.6625 47 42 36 255
3.3925 0.2775 -0.664566 48 43 37 255
3.3925 0.276539 -0.6625 48 43 37 255
3.3975 0.2775 -0.663737 49 45 37 255
3.3975 0.276895 -0.6625 49 45 37 255
3.3625 0.273225 -0.6575 50 46 38 255
3.3575 0.272585 -0.6575 50 46 38 255
3.3675 0.273353 -0.6575 51 45 39 255
3.3725 0.273406 -0.6575 48 44 37 255
3.3775 0.273573 -0.6575 51 46 37 255
3.3825 0.273715 -0.6575 50 45 38 255
3.3875 0.273824 -0.6575 49 45 37 255
3.3925 0.274256 -0.6575 50 45 37 255
3.3975 0.274592 -0.6575 50 46 37 255
3.3625 0.2725 -0.656066 52 48 40 255
3.3575 0.269936 -0.6525 52 48 40 255
3.3625 0.270816 -0.6525 52 48 40 255
3.3675 0.2725 -0.655376 54 48 40 255
3.3675 0.271321 -0.6525 54 48 40 255
3.3725 0.2725 -0.655121 49 45 38 255
3.3725 0.271435 -0.6525 49 45 38 255
3.3775 0.2725 -0.654903 48 44 36 255
3.3775 0.271476 -0.6525 48 44 36 255
3.3825 0.2725 -0.654603 49 46 37 255
3.3825 0.271615 -0.6525 49 46 37 255
3.3875 0.2725 -0.654166 51 46 38 255
3.3875 0.271839 -0.6525 51 46 38 255
3.3925 0.2725 -0.653056 51 47 37 255
3.39605 0.2725 -0.6525 50 47 38 255
3.3975 0.272589 -0.6525 53 48 40 255
3.3625 0.268407 -0.6475 52 47 39 255
3.3575 0.267847 -0.6475 52 47 39 255
3.3675 0.269003 -0.6475 51 46 38 255
3.3725 0.268947 -0.6475 50 46 38 255
3.3775 0.268794 -0.6475 48 44 37 255
3.3825 0.269081 -0.6475 49 44 36 255
3.3875 0.269907 -0.6475 50 45 37 255
3.3925 0.270554 -0.6475 51 46 37 255
3.3975 0.27049 -0.6475 52 47 40 255
3.3625 0.2675 -0.645905 51 46 38 255
3.3575 0.2675 -0.646733 51 46 38 255
3.3575 0.265384 -0.6425 51 46 38 255
3.3625 0.265272 -0.6425 51 46 38 255
3.3675 0.2675 -0.645128 52 46 38 255
3.3675 0.265642 -0.6425 52 46 38 255
3.3725 0.2675 -0.644917 52 46 38 255
3.3725 0.266064 -0.6425 52 46 38 255
3.3775 0.2675 -0.645164 51 46 38 255
3.3775 0.265942 -0.6425 51 46 38 255
3.3825 0.2675 -0.644895 50 47 38 255
3.3825 0.265988 -0.6425 50 47 38 255
3.3875 0.2675 -0.643461 52 48 39 255
3.3875 0.266874 -0.6425 52 48 39 255
3.39197 0.2675 -0.6425 50 45 36 255
3.39616 0.2675 -0.6425 50 46 39 255
3.53264 0.3175 -0.7625 35 31 25 255
3.53329 0.3175 -0.7575 35 31 25 255
3.5375 0.317181 -0.7575 35 31 25 255
3.5375 0.31711 -0.7625 35 31 25 255
3.5425 0.317191 -0.7625 35 33 27 255
3.5425 0.317075 -0.7575 35 33 27 255
3.5475 0.317018 -0.7625 37 33 28 255
3.5475 0.316843 -0.7575 37 33 28 255
3.5525 0.316432 -0.7625 35 32 26 255
3.5525 0.316459 -0.7575 35 32 26 255
3.5575 0.316044 -0.7625 38 34 29 255
3.5575 0.31623 -0.7575 38 34 29 255
3.52008 0.3175 -0.7525 39 36 28 255
3.5175 0.3175 -0.75617 39 36 28 255
3.5175 0.31737 -0.7525 39 36 28 255
3.5325 0.3175 -0.755694 36 33 28 255
3.52961 0.3175 -0.7525 36 33 28 255
3.5325 0.317395 -0.7525 36 33 28 255
3.5375 0.317148 -0.7525 36 32 28 255
3.5425 0.31685 -0.7525 36 32 27 255
3.5475 0.316688 -0.7525 37 33 26 255
3.5525 0.316489 -0.7525 37 35 27 255
3.5575 0.316216 -0.7525 37 34 29 255
3.5225 0.3175 -0.751679 38 34 28 255
3.5225 0.316911 -0.7475 38 34 28 255
3.5175 0.316659 -0.7475 38 34 28 255
3.5275 0.3175 -0.752091 39 36 31 255
3.5275 0.316629 -0.7475 39 36 31 255
3.5325 0.316511 -0.7475 37 35 30 255
3.5375 0.316552 -0.7475 38 36 30 255
3.5425 0.316268 -0.7475 37 34 29 255
3.5475 0.316145 -0.7475 37 33 27 255
3.5525 0.316255 -0.7475 37 33 27 255
3.5575 0.3163 -0.7475 38 33 28 255
3.5225 0.315881 -0.7425 42 39 32 255
3.5175 0.315703 -0.7425 42 39 32 255
3.5275 0.315639 -0.7425 40 37 31 255
3.5325 0.315567 -0.7425 37 35 30 255
3.5375 0.315796 -0.7425 39 35 31 255
3.5425 0.315822 -0.7425 38 34 28 255
3.5475 0.31581 -0.7425 37 34 28 255
3.5525 0.31607 -0.7425 37 33 27 255
3.5575 0.316428 -0.7425 38 34 28 255
3.5225 0.314761 -0.7375 48 43 36 255
3.5175 0.314521 -0.7375 48 43 36 255
3.5275 0.314842 -0.7375 47 42 36 255
3.5325 0.314867 -0.7375 45 41 35 255
3.5375 0.315086 -0.7375 41 37 32 255
3.5425 0.315494 -0.7375 40 36 29 255
3.5475 0.315872 -0.7375 38 35 27 255
3.5525 0.316239 -0.7375 39 36 29 255
3.5575 0.316416 -0.7375 36 34 28 255
3.5225 0.313152 -0.7325 47 44 37 255
3.5175 0.312943 -0.7325 47 44 37 255
3.5275 0.313678 -0.7325 49 44 37 255
3.5325 0.313933 -0.7325 47 42 36 255
3.5375 0.314069 -0.7325 49 44 38 255
3.5425 0.314523 -0.7325 49 44 37 255
3.5475 0.315202 -0.7325 45 41 34 255
3.5525 0.315615 -0.7325 43 40 33 255
3.5575 0.315509 -0.7325 39 36 30 255
3.5225 0.3125 -0.730582 53 48 40 255
3.5175 0.3125 -0.730969 53 48 40 255
3.5175 0.311453 -0.7275 53 48 40 255
3.5225 0.311402 -0.7275 53 48 40 255
3.5275 0.3125 -0.728975 51 48 41 255
3.5275 0.311969 -0.7275 51 48 41 255
3.5325 0.3125 -0.7275 50 47 39 255
3.5375 0.312641 -0.7275 49 44 37 255
3.5425 0.312898 -0.7275 48 43 35 255
3.5475 0.31332 -0.7275 48 43 36 255
3.5525 0.313639 -0.7275 48 43 36 255
3.5575 0.313807 -0.7275 45 42 37 255
3.5225 0.310156 -0.7225 57 52 44 255
3.5175 0.310095 -0.7225 57 52 44 255
3.5275 0.31038 -0.7225 58 51 43 255
3.5325 0.310581 -0.7225 57 52 44 255
3.5375 0.310611 -0.7225 56 49 43 255
3.5425 0.3125 -0.726502 52 49 40 255
3.5425 0.310846 -0.7225 52 49 40 255
3.5475 0.3125 -0.725531 53 49 41 255
3.5475 0.31127 -0.7225 53 49 41 255
3.5525 0.3125 -0.724523 54 49 41 255
3.5525 0.311755 -0.7225 54 49 41 255
3.5575 0.3125 -0.723393 48 45 37 255
3.5575 0.312222 -0.7225 48 45 37 255
3.6025 0.296173 -0.6825 64 60 50 255
3.5975 0.29667 -0.6825 64 60 50 255
3.6025 0.293355 -0.6775 64 60 50 255
3.5975 0.293533 -0.6775 64 60 50 255
3.6075 0.296158 -0.6825 65 60 51 255
3.6075 0.293738 -0.6775 65 60 51 255
3.6125 0.296777 -0.6825 64 60 50 255
3.6125 0.294294 -0.6775 64 60 50 255
3.6175 0.297102 -0.6825 64 59 50 255
3.6175 0.294258 -0.6775 64 59 50 255
3.6225 0.297003 -0.6825 63 58 49 255
3.6225 0.293732 -0.6775 63 58 49 255
3.6275 0.297119 -0.6825 65 59 51 255
3.6275 0.293721 -0.6775 65 59 51 255
3.6325 0.296993 -0.6825 64 58 49 255
3.6325 0.293937 -0.6775 64 58 49 255
3.6375 0.296591 -0.6825 64 60 50 255
3.6375 0.294028 -0.6775 64 60 50 255
3.6025 0.2925 -0.67575 65 59 50 255
3.5975 0.2925 -0.675685 65 59 50 255
3.5975 0.290662 -0.6725 65 59 50 255
3.6025 0.290858 -0.6725 65 59 50 255
3.6075 0.2925 -0.674796 66 61 51 255
3.6075 0.291403 -0.6725 66 61 51 255
3.6125 0.2925 -0.673707 65 60 50 255
3.6125 0.291924 -0.6725 65 60 50 255
3.6175 0.2925 -0.673978 66 61 51 255
3.6175 0.291781 -0.6725 66 61 51 255
3.6225 0.2925 -0.675419 64 59 50 255
3.6225 0.290913 -0.6725 64 59 50 255
3.6275 0.2925 -0.675835 64 60 50 255
3.6275 0.290235 -0.6725 64 60 50 255
3.6325 0.2925 -0.67555 63 59 49 255
3.6325 0.2902 -0.6725 63 59 49 255
3.6375 0.2925 -0.674995 64 60 50 255
3.6375 0.290869 -0.6725 64 60 50 255
3.6025 0.288295 -0.6675 65 60 50 255
3.5975 0.288129 -0.6675 65 60 50 255
3.6075 0.288444 -0.6675 65 61 51 255
3.6125 0.289095 -0.6675 67 62 52 255
3.6175 0.289271 -0.6675 65 60 51 255
3.6225 0.288544 -0.6675 64 59 51 255
3.6275 0.287851 -0.6675 63 59 50 255
3.6325 0.28758 -0.6675 65 61 51 255
3.6375 0.28816 -0.6675 64 59 50 255
3.6025 0.2875 -0.666177 66 61 52 255
3.5975 0.2875 -0.666281 66 61 52 255
3.5975 0.285529 -0.6625 66 61 52 255
3.6025 0.285265 -0.6625 66 61 52 255
3.6075 0.2875 -0.666132 64 59 49 255
3.6075 0.28506 -0.6625 64 59 49 255
3.6125 0.2875 -0.664987 66 60 51 255
3.6125 0.285903 -0.6625 66 60 51 255
3.6175 0.2875 -0.664238 66 61 52 255
3.6175 0.28649 -0.6625 66 61 52 255
3.6225 0.2875 -0.665338 67 61 53 255
3.6225 0.286038 -0.6625 67 61 53 255
3.6275 0.2875 -0.666739 64 59 50 255
3.6275 0.285495 -0.6625 64 59 50 255
3.6325 0.285373 -0.6625 65 61 52 255
3.6375 0.2875 -0.666047 66 61 52 255
3.6375 0.285919 -0.6625 66 61 52 255
3.6025 0.2825 -0.658033 65 60 52 255
3.59841 0.2825 -0.6575 65 60 52 255
3.6075 0.2825 -0.657797 67 62 54 255
3.60845 0.2825 -0.6575 67 61 53 255
3.5975 0.282576 -0.6575 65 60 50 255
3.6125 0.28316 -0.6575 68 62 53 255
3.6175 0.283763 -0.6575 67 61 53 255
3.6225 0.283483 -0.6575 68 62 53 255
3.6275 0.282804 -0.6575 65 61 53 255
3.6325 0.282759 -0.6575 66 61 52 255
3.6375 0.283277 -0.6575 64 59 51 255
3.5975 0.279523 -0.6525 64 59 51 255
3.6025 0.279333 -0.6525 64 59 51 255
3.6075 0.279883 -0.6525 64 58 50 255
3.6125 0.2825 -0.656193 66 61 52 255
3.6125 0.280569 -0.6525 66 61 52 255
3.6175 0.2825 -0.655135 64 59 51 255
3.6175 0.281096 -0.6525 64 59 51 255
3.6225 0.2825 -0.655611 64 59 51 255
3.6225 0.280926 -0.6525 64 59 51 255
3.6275 0.280237 -0.6525 66 62 53 255
3.6325 0.280091 -0.6525 65 61 52 255
3.6375 0.2825 -0.656096 58 55 46 255
3.6375 0.280416 -0.6525 58 55 46 255
3.6025 0.2775 -0.6491 64 59 51 255
3.6075 0.2775 -0.648036 65 60 52 255
3.6113 0.2775 -0.6475 65 59 51 255
3.6125 0.277594 -0.6475 65 59 51 255
3.6175 0.277882 -0.6475 64 60 51 255
3.6225 0.278024 -0.6475 65 60 51 255
3.6275 0.277813 -0.6475 63 59 51 255
3.6325 0.277539 -0.6475 65 61 52 255
3.6375 0.277525 -0.6475 65 61 53 255
3.6225 0.2775 -0.646719 65 61 52 255
3.5175 0.236668 -0.5675 184 179 167 255
3.5225 0.236757 -0.5675 184 179 167 255
3.5275 0.23625 -0.5675 143 141 134 255
3.5325 0.235976 -0.5675 162 159 153 255
3.5375 0.236116 -0.5675 168 166 158 255
3.5425 0.236859 -0.5675 170 166 159 255
3.5525 0.236619 -0.5675 165 161 157 255
3.5575 0.235403 -0.5675 166 165 158 255
3.5225 0.2325 -0.563684 96 92 84 255
3.5175 0.2325 -0.564074 96 92 84 255
3.5175 0.230768 -0.5625 96 92 84 255
3.5225 0.231168 -0.5625 96 92 84 255
3.5275 0.2325 -0.564541 96 94 85 255
3.5275 0.229708 -0.5625 96 94 85 255
3.5325 0.2325 -0.564934 110 104 95 255
3.5325 0.228717 -0.5625 110 104 95 255
3.5375 0.2325 -0.563945 90 87 80 255
3.5375 0.230519 -0.5625 90 87 80 255
3.5425 0.2325 -0.562688 96 92 85 255
3.5475 0.2325 -0.563697 96 94 83 255
3.5475 0.23066 -0.5625 96 94 83 255
3.5525 0.2325 -0.564692 98 96 85 255
3.5525 0.22872 -0.5625 98 96 85 255
3.5575 0.2325 -0.56531 98 94 85 255
3.5575 0.228158 -0.5625 98 94 85 255
3.5625 0.2725 -0.640448 64 60 51 255
3.5575 0.2725 -0.641123 64 60 51 255
3.5575 0.27053 -0.6375 64 60 51 255
3.5625 0.270896 -0.6375 64 60 51 255
3.5675 0.2725 -0.639875 61 57 49 255
3.5675 0.271191 -0.6375 61 57 49 255
3.5725 0.2725 -0.639945 61 57 48 255
3.5725 0.271048 -0.6375 61 57 48 255
3.5775 0.2725 -0.640585 60 56 47 255
3.5775 0.270601 -0.6375 60 56 47 255
3.5825 0.2725 -0.640782 61 56 49 255
3.5825 0.270425 -0.6375 61 56 49 255
3.5875 0.2725 -0.640114 60 57 49 255
3.5875 0.270826 -0.6375 60 57 49 255
3.5925 0.2725 -0.639496 62 57 50 255
3.5925 0.271324 -0.6375 62 57 50 255
3.5975 0.2725 -0.639357 61 57 50 255
3.5975 0.271526 -0.6375 61 57 50 255
3.5825 0.2675 -0.6325 59 56 47 255
3.5625 0.268048 -0.6325 63 60 51 255
3.5575 0.267861 -0.6325 63 60 51 255
3.5675 0.268498 -0.6325 58 55 48 255
3.5725 0.268262 -0.6325 58 55 47 255
3.5775 0.267648 -0.6325 58 55 46 255
3.5875 0.26802 -0.6325 57 54 47 255
3.5925 0.26868 -0.6325 61 56 49 255
3.5975 0.268754 -0.6325 61 58 50 255
3.5625 0.2675 -0.631664 62 59 50 255
3.5575 0.264956 -0.6275 62 59 50 255
3.5625 0.2649 -0.6275 62 59 50 255
3.5675 0.2675 -0.630917 60 55 48 255
3.5675 0.265195 -0.6275 60 55 48 255
3.5725 0.2675 -0.63111 61 57 49 255
3.5725 0.265273 -0.6275 61 57 49 255
3.5775 0.264965 -0.6275 61 58 50 255
3.5825 0.264852 -0.6275 61 57 50 255
3.5875 0.2675 -0.631515 59 56 48 255
3.5875 0.265323 -0.6275 59 56 48 255
3.5925 0.2675 -0.630416 60 57 50 255
3.5925 0.265774 -0.6275 60 57 50 255
3.5975 0.2675 -0.630338 60 57 49 255
3.5975 0.265866 -0.6275 60 57 49 255
3.5625 0.2625 -0.623568 64 60 52 255
3.5575 0.2625 -0.623762 64 60 52 255
3.5575 0.261694 -0.6225 64 60 52 255
3.5625 0.261851 -0.6225 64 60 52 255
3.5675 0.2625 -0.623221 57 54 47 255
3.5725 0.2625 -0.622994 59 55 48 255
3.5775 0.2625 -0.622826 60 56 49 255
3.5825 0.2625 -0.622787 60 56 49 255
3.5875 0.2625 -0.62259 59 55 48 255
3.5925 0.2625 -0.6227 60 56 50 255
3.59446 0.2625 -0.6225 59 56 48 255
3.5975 0.262709 -0.6225 60 58 50 255
3.5625 0.259125 -0.6175 64 60 51 255
3.5575 0.258586 -0.6175 64 60 51 255
3.5675 0.259526 -0.6175 60 56 49 255
3.5725 0.259763 -0.6175 59 57 49 255
3.5775 0.259943 -0.6175 59 54 48 255
3.5825 0.259766 -0.6175 58 54 47 255
3.5875 0.259665 -0.6175 59 56 49 255
3.5925 0.259516 -0.6175 58 54 48 255
3.5975 0.259762 -0.6175 59 56 49 255
3.5625 0.2575 -0.614248 63 59 51 255
3.5575 0.2575 -0.615334 63 59 51 255
3.5575 0.255974 -0.6125 63 59 51 255
3.5625 0.256549 -0.6125 63 59 51 255
3.5675 0.2575 -0.613571 58 56 50 255
3.5675 0.256929 -0.6125 58 56 50 255
3.5725 0.2575 -0.612732 58 55 48 255
3.57674 0.2575 -0.6125 57 54 47 255
3.5825 0.2575 -0.613467 58 55 48 255
3.57768 0.2575 -0.6125 58 55 48 255
3.5825 0.256945 -0.6125 58 55 48 255
3.5875 0.2575 -0.613613 58 55 48 255
3.5875 0.256856 -0.6125 58 55 48 255
3.5925 0.2575 -0.613159 58 56 48 255
3.5975 0.2575 -0.612621 57 56 48 255
3.5625 0.254156 -0.6075 66 62 56 255
3.5575 0.253505 -0.6075 66 62 56 255
3.5675 0.254318 -0.6075 68 64 57 255
3.5725 0.254468 -0.6075 60 57 51 255
3.5775 0.254324 -0.6075 61 57 51 255
3.5825 0.254022 -0.6075 60 55 50 255
3.5875 0.254313 -0.6075 62 58 51 255
3.5925 0.254784 -0.6075 62 58 51 255
3.5975 0.254939 -0.6075 61 57 50 255
3.5625 0.2525 -0.603625 73 68 61 255
3.5575 0.2525 -0.605039 73 68 61 255
3.5625 0.252035 -0.6025 73 68 61 255
3.5675 0.2525 -0.603423 72 68 61 255
3.5675 0.252109 -0.6025 72 68 61 255
3.5725 0.2525 -0.603794 65 61 53 255
3.5725 0.251837 -0.6025 65 61 53 255
3.5775 0.2525 -0.604517 65 62 55 255
3.5775 0.251339 -0.6025 65 62 55 255
3.5825 0.2525 -0.604796 64 61 53 255
3.5825 0.251365 -0.6025 64 61 53 255
3.5875 0.2525 -0.603513 63 60 53 255
3.5875 0.25209 -0.6025 63 60 53 255
3.59103 0.2525 -0.6025 60 58 52 255
3.5925 0.252682 -0.6025 62 59 52 255
3.5975 0.252586 -0.6025 63 60 53 255
3.6975 0.2375 -0.567736 65 64 59 255
3.6925 0.2375 -0.5675 65 64 59 255
3.7025 0.2375 -0.568663 65 62 58 255
3.7025 0.236565 -0.5675 65 62 58 255
3.7075 0.2375 -0.569528 64 63 57 255
3.7075 0.23562 -0.5675 64 63 57 255
3.7125 0.2375 -0.569534 65 62 57 255
3.7125 0.235486 -0.5675 65 62 57 255
3.7175 0.2375 -0.569595 66 62 57 255
3.7175 0.235539 -0.5675 66 62 57 255
3.6825 0.2325 -0.562997 97 91 83 255
3.6825 0.231547 -0.5625 97 91 83 255
3.6875 0.2325 -0.562738 99 93 85 255
3.6925 0.2325 -0.562656 87 84 76 255
3.6975 0.2325 -0.562947 98 94 85 255
3.7025 0.2325 -0.564045 86 84 75 255
3.7025 0.230111 -0.5625 86 84 75 255
3.7075 0.2325 -0.564877 87 85 76 255
3.7075 0.22919 -0.5625 87 85 76 255
3.7125 0.2325 -0.565037 86 85 75 255
3.7125 0.228603 -0.5625 86 85 75 255
3.7175 0.2325 -0.565094 96 93 83 255
3.7175 0.228095 -0.5625 96 93 83 255
3.6825 0.2375 -0.566529 71 68 64 255
3.6875 0.2375 -0.567162 74 71 68 255
3.64067 0.3125 -0.7775 58 54 53 255
3.6425 0.312101 -0.7775 58 54 53 255
3.6425 0.311247 -0.7825 58 54 53 255
3.6425 0.3125 -0.773049 36 32 27 255
3.64374 0.3125 -0.7725 33 31 26 255
3.6475 0.312363 -0.7725 33 31 26 255
3.6475 0.311633 -0.7775 33 31 26 255
3.64918 0.3125 -0.7725 38 35 30 255
3.6525 0.3125 -0.773639 38 35 30 255
3.6525 0.311601 -0.7775 38 35 30 255
3.6575 0.311206 -0.7775 40 38 40 255
3.6575 0.3125 -0.77345 40 38 40 255
3.66212 0.3125 -0.7725 41 40 40 255
3.6625 0.310483 -0.7775 41 40 40 255
3.6675 0.310465 -0.7775 40 39 39 255
3.6675 0.312269 -0.7725 40 39 39 255
3.6725 0.310418 -0.7775 47 45 45 255
3.6725 0.311827 -0.7725 47 45 45 255
3.6775 0.309257 -0.7775 49 48 46 255
3.6775 0.311043 -0.7725 49 48 46 255
3.6525 0.312799 -0.7725 38 37 38 255
3.6575 0.312823 -0.7725 40 37 39 255
3.6475 0.3125 -0.770785 38 34 30 255
3.6675 0.3125 -0.768075 38 35 31 255
3.6725 0.312018 -0.7675 38 34 31 255
3.6775 0.311419 -0.7675 38 36 32 255
3.6425 0.312697 -0.7675 35 32 28 255
3.6475 0.312783 -0.7675 50 47 42 255
3.6525 0.313073 -0.7675 37 35 35 255
3.6575 0.31302 -0.7675 36 35 35 255
3.6625 0.31284 -0.7675 39 38 36 255
3.6625 0.3125 -0.763487 40 37 34 255
3.65841 0.3125 -0.7625 40 37 34 255
3.6625 0.312422 -0.7625 40 37 34 255
3.6675 0.3125 -0.766991 40 37 32 255
3.6675 0.312266 -0.7625 40 37 32 255
3.6725 0.311876 -0.7625 39 37 32 255
3.6775 0.311347 -0.7625 42 38 35 255
3.6425 0.312937 -0.7625 38 36 30 255
3.6475 0.312823 -0.7625 36 32 28 255
3.6525 0.312811 -0.7625 38 34 30 255
3.6575 0.31252 -0.7625 34 32 28 255
3.81597 0.3025 -0.7625 42 39 35 255
3.8175 0.3025 -0.758971 42 39 35 255
3.8175 0.302118 -0.7625 42 39 35 255
3.8025 0.303853 -0.7625 41 38 33 255
3.7975 0.30397 -0.7625 41 38 33 255
3.8025 0.304036 -0.7575 41 38 33 255
3.7975 0.30416 -0.7575 41 38 33 255
3.8075 0.303766 -0.7625 38 37 30 255
3.8075 0.303891 -0.7575 38 37 30 255
3.8125 0.303353 -0.7625 51 48 44 255
3.8125 0.303256 -0.7575 51 48 44 255
3.8175 0.302661 -0.7575 45 44 42 255
3.81863 0.3025 -0.7575 22 22 21 255
3.8198 0.3025 -0.7525 46 44 40 255
3.8225 0.302347 -0.7525 46 44 40 255
3.8225 0.301991 -0.7575 46 44 40 255
3.8025 0.304122 -0.7525 40 37 33 255
3.7975 0.303843 -0.7525 40 37 33 255
3.8075 0.303916 -0.7525 41 38 34 255
3.8125 0.30312 -0.7525 41 38 32 255
3.8175 0.302646 -0.7525 49 47 42 255
3.83567 0.2925 -0.7475 36 34 25 255
3.8329 0.2925 -0.7525 36 34 25 255
3.82923 0.2975 -0.7525 49 47 41 255
3.83236 0.2975 -0.7475 49 47 41 255
3.8225 0.3025 -0.750766 37 35 30 255
3.82437 0.3025 -0.7475 42 40 35 255
3.8275 0.30203 -0.7475 42 40 35 255
3.8275 0.301426 -0.7525 42 40 35 255
3.8025 0.304341 -0.7475 41 39 34 255
3.7975 0.30397 -0.7475 41 39 34 255
3.8075 0.304 -0.7475 41 39 34 255
3.8125 0.303221 -0.7475 42 39 35 255
3.8175 0.302844 -0.7475 38 36 33 255
3.8225 0.302815 -0.7475 47 44 40 255
3.8375 0.2925 -0.74511 51 49 43 255
3.8375 0.2975 -0.742762 58 55 49 255
3.8275 0.3025 -0.745038 37 34 28 255
3.8325 0.302224 -0.7425 51 49 43 255
3.83089 0.3025 -0.7425 51 49 43 255
3.8025 0.30456 -0.7425 41 39 33 255
3.7975 0.30451 -0.7425 41 39 33 255
3.8075 0.304129 -0.7425 40 38 33 255
3.8125 0.303416 -0.7425 42 39 34 255
3.8175 0.303172 -0.7425 39 35 31 255
3.8225 0.303325 -0.7425 37 35 31 255
3.8275 0.303059 -0.7425 54 51 46 255
3.83018 0.3025 -0.7375 46 42 37 255
3.8325 0.30223 -0.7375 46 42 37 255
3.8375 0.301479 -0.7375 41 40 37 255
3.8025 0.304393 -0.7375 41 36 33 255
3.7975 0.304595 -0.7375 41 36 33 255
3.8075 0.304229 -0.7375 41 38 33 255
3.8125 0.303656 -0.7375 41 38 31 255
3.8175 0.303285 -0.7375 41 37 31 255
3.8225 0.303184 -0.7375 37 35 29 255
3.8275 0.302798 -0.7375 46 43 37 255
3.8225 0.3025 -0.732621 39 36 30 255
3.8275 0.3025 -0.736106 39 36 31 255
3.8275 0.301772 -0.7325 39 36 31 255
3.8325 0.301228 -0.7325 38 36 31 255
3.8375 0.300711 -0.7325 48 45 40 255
3.8025 0.304427 -0.7325 41 38 32 255
3.7975 0.304511 -0.7325 41 38 32 255
3.8075 0.30438 -0.7325 39 36 30 255
3.8125 0.303669 -0.7325 39 35 29 255
3.8175 0.302922 -0.7325 39 35 29 255
3.8175 0.3025 -0.729393 43 40 34 255
3.81617 0.3025 -0.7275 43 40 34 255
3.8175 0.302227 -0.7275 43 40 34 255
3.8225 0.301409 -0.7275 44 40 34 255
3.8275 0.300561 -0.7275 47 44 38 255
3.8325 0.299915 -0.7275 46 44 37 255
3.8375 0.299341 -0.7275 42 40 34 255
3.8025 0.304561 -0.7275 38 35 30 255
3.7975 0.304452 -0.7275 38 35 30 255
3.8075 0.304206 -0.7275 39 35 31 255
3.8125 0.303235 -0.7275 36 33 28 255
3.8125 0.3025 -0.723853 45 42 35 255
3.7475 0.307731 -0.7775 46 43 44 255
3.7425 0.308425 -0.7775 46 43 44 255
3.74836 0.3075 -0.7775 48 47 45 255
3.7225 0.307409 -0.7775 47 45 42 255
3.7175 0.307357 -0.7775 47 45 42 255
3.75206 0.3075 -0.7725 59 56 50 255
3.7525 0.306559 -0.7775 59 56 50 255
3.7575 0.305624 -0.7775 62 58 54 255
3.7575 0.306815 -0.7725 62 58 54 255
3.7225 0.309552 -0.7725 44 43 44 255
3.7175 0.309322 -0.7725 44 43 44 255
3.7275 0.308594 -0.7775 41 38 35 255
3.7275 0.310045 -0.7725 41 38 35 255
3.7325 0.30936 -0.7775 41 38 37 255
3.7325 0.309624 -0.7725 41 38 37 255
3.7375 0.308831 -0.7775 47 44 42 255
3.7375 0.308737 -0.7725 47 44 42 255
3.7425 0.308407 -0.7725 40 37 36 255
3.7475 0.308047 -0.7725 41 38 36 255
3.75238 0.3075 -0.7675 40 38 33 255
3.7575 0.307178 -0.7675 42 39 34 255
3.7225 0.310351 -0.7675 46 44 41 255
3.7175 0.309974 -0.7675 46 44 41 255
3.7275 0.310994 -0.7675 40 37 35 255
3.7325 0.31033 -0.7675 43 40 38 255
3.7375 0.308967 -0.7675 37 35 33 255
3.7425 0.308226 -0.7675 40 37 36 255
3.7475 0.30802 -0.7675 62 60 56 255
3.75019 0.3075 -0.7625 38 35 31 255
3.7525 0.307009 -0.7625 38 35 31 255
3.7575 0.30686 -0.7625 39 37 32 255
3.7225 0.309555 -0.7625 40 38 33 255
3.7175 0.309815 -0.7625 40 38 33 255
3.7275 0.310111 -0.7625 39 37 31 255
3.7325 0.31007 -0.7625 39 36 32 255
3.7375 0.309139 -0.7625 39 37 33 255
3.7425 0.308593 -0.7625 39 37 32 255
3.7475 0.3081 -0.7625 39 37 32 255
3.23814 0.3075 -0.7575 51 47 38 255
3.2425 0.308049 -0.7575 47 43 35 255
3.2475 0.307906 -0.7575 49 44 36 255
3.2525 0.308074 -0.7575 46 43 34 255
3.2575 0.308469 -0.7575 50 46 38 255
3.2625 0.308557 -0.7575 46 42 34 255
3.2675 0.308654 -0.7575 47 44 36 255
3.2725 0.308589 -0.7575 48 45 36 255
3.2425 0.3075 -0.755742 51 48 40 255
3.2425 0.30662 -0.7525 51 48 40 255
3.2375 0.306394 -0.7525 51 48 40 255
3.2475 0.3075 -0.75628 54 49 41 255
3.2475 0.306404 -0.7525 54 49 41 255
3.2525 0.3075 -0.755533 48 43 36 255
3.2525 0.306671 -0.7525 48 43 36 255
3.2575 0.3075 -0.754113 49 45 37 255
3.2575 0.307057 -0.7525 49 45 37 255
3.2625 0.3075 -0.753521 46 43 34 255
3.2625 0.307235 -0.7525 46 43 34 255
3.2675 0.3075 -0.753462 50 45 37 255
3.2675 0.307228 -0.7525 50 45 37 255
3.2725 0.3075 -0.754106 52 46 38 255
3.2725 0.307001 -0.7525 52 46 38 255
3.2425 0.305921 -0.7475 51 45 38 255
3.2375 0.305733 -0.7475 51 45 38 255
3.2475 0.305731 -0.7475 52 47 39 255
3.2525 0.305803 -0.7475 49 44 37 255
3.2575 0.305723 -0.7475 47 42 34 255
3.2625 0.305629 -0.7475 48 43 36 255
3.2675 0.305731 -0.7475 52 46 38 255
3.2725 0.305698 -0.7475 50 46 37 255
3.2425 0.305181 -0.7425 52 49 40 255
3.2375 0.304735 -0.7425 52 49 40 255
3.2475 0.305099 -0.7425 50 46 38 255
3.2525 0.304939 -0.7425 48 46 37 255
3.2575 0.304692 -0.7425 49 46 37 255
3.2625 0.304449 -0.7425 48 44 35 255
3.2675 0.304559 -0.7425 48 43 36 255
3.2725 0.304717 -0.7425 50 45 37 255
3.2425 0.304042 -0.7375 52 48 40 255
3.2375 0.303478 -0.7375 52 48 40 255
3.2475 0.303944 -0.7375 49 45 37 255
3.2525 0.303521 -0.7375 49 46 37 255
3.2575 0.303426 -0.7375 50 46 38 255
3.2625 0.303502 -0.7375 46 43 35 255
3.2675 0.303502 -0.7375 50 45 37 255
3.2725 0.303555 -0.7375 52 47 39 255
3.2411 0.3025 -0.7325 48 45 35 255
3.2375 0.3025 -0.733763 48 45 35 255
3.2375 0.302198 -0.7325 48 45 35 255
3.2475 0.3025 -0.732962 51 48 39 255
3.24486 0.3025 -0.7325 51 48 39 255
3.2525 0.3025 -0.734845 50 48 39 255
3.2525 0.301644 -0.7325 50 48 39 255
3.2575 0.3025 -0.735073 49 45 37 255
3.2575 0.30154 -0.7325 49 45 37 255
3.2625 0.3025 -0.734203 48 45 37 255
3.2625 0.301971 -0.7325 48 45 37 255
3.2675 0.3025 -0.733643 49 47 38 255
3.2675 0.302207 -0.7325 49 47 38 255
3.2725 0.3025 -0.733919 51 48 39 255
3.2725 0.302113 -0.7325 51 48 39 255
3.2425 0.302624 -0.7325 51 47 38 255
3.2425 0.300832 -0.7275 28 25 20 255
3.2375 0.300529 -0.7275 28 25 20 255
3.2475 0.30039 -0.7275 52 48 39 255
3.2525 0.299569 -0.7275 48 45 37 255
3.2575 0.299472 -0.7275 50 48 39 255
3.2625 0.300097 -0.7275 51 47 40 255
3.2675 0.30064 -0.7275 50 44 37 255
3.2725 0.300645 -0.7275 52 49 40 255
3.2425 0.298738 -0.7225 25 24 19 255
3.2475 0.298347 -0.7225 26 24 19 255
3.2525 0.297643 -0.7225 26 24 19 255
3.2575 0.297562 -0.7225 26 24 19 255
3.2625 0.298073 -0.7225 51 47 40 255
3.2675 0.298722 -0.7225 50 47 39 255
3.2725 0.299069 -0.7225 48 46 37 255
3.5225 0.2925 -0.679704 67 61 52 255
3.5175 0.2925 -0.680227 67 61 52 255
3.5175 0.291021 -0.6775 67 61 52 255
3.5225 0.291296 -0.6775 67 61 52 255
3.5275 0.2925 -0.679805 67 61 51 255
3.5275 0.291408 -0.6775 67 61 51 255
3.5325 0.2925 -0.680772 67 62 51 255
3.5325 0.291106 -0.6775 67 62 51 255
3.5375 0.2925 -0.68123 65 60 50 255
3.5375 0.290638 -0.6775 65 60 50 255
3.5425 0.2925 -0.680476 70 64 53 255
3.5425 0.290906 -0.6775 70 64 53 255
3.5475 0.2925 -0.678971 64 59 51 255
3.5475 0.291825 -0.6775 64 59 51 255
3.5525 0.2925 -0.677654 63 59 50 255
3.55435 0.2925 -0.6775 60 55 45 255
3.5175 0.293761 -0.6825 67 61 52 255
3.5225 0.294051 -0.6825 67 61 52 255
3.5275 0.293769 -0.6825 66 61 50 255
3.5325 0.293268 -0.6825 69 63 53 255
3.5375 0.293217 -0.6825 66 61 51 255
3.5425 0.293801 -0.6825 68 62 51 255
3.5475 0.294336 -0.6825 64 59 50 255
3.5525 0.294668 -0.6825 62 57 47 255
3.5575 0.292619 -0.6775 61 56 47 255
3.5575 0.294968 -0.6825 61 56 47 255
3.5225 0.288468 -0.6725 66 61 51 255
3.5175 0.288299 -0.6725 66 61 51 255
3.5275 0.288786 -0.6725 66 61 51 255
3.5325 0.288661 -0.6725 66 60 50 255
3.5375 0.28838 -0.6725 67 62 51 255
3.5425 0.288857 -0.6725 69 63 53 255
3.5475 0.289766 -0.6725 64 59 50 255
3.5525 0.290039 -0.6725 63 59 49 255
3.5575 0.290037 -0.6725 64 59 50 255
3.5225 0.2875 -0.670634 65 59 50 255
3.5175 0.2875 -0.671015 65 59 50 255
3.5175 0.28552 -0.6675 65 59 50 255
3.5225 0.285768 -0.6675 65 59 50 255
3.5275 0.2875 -0.670085 66 62 51 255
3.5275 0.286064 -0.6675 66 62 51 255
3.5325 0.2875 -0.670318 66 62 52 255
3.5325 0.285984 -0.6675 66 62 52 255
3.5375 0.2875 -0.670427 67 62 52 255
3.5375 0.28621 -0.6675 67 62 52 255
3.5425 0.2875 -0.66896 62 58 49 255
3.5425 0.286914 -0.6675 62 58 49 255
3.5475 0.2875 -0.667726 63 59 49 255
3.5525 0.2875 -0.66787 62 57 49 255
3.5575 0.2875 -0.667828 62 57 48 255
3.5225 0.282803 -0.6625 65 60 51 255
3.5175 0.282543 -0.6625 65 60 51 255
3.5275 0.282932 -0.6625 66 61 50 255
3.5325 0.283106 -0.6625 66 60 51 255
3.5375 0.28343 -0.6625 67 62 51 255
3.5425 0.284206 -0.6625 62 57 48 255
3.5475 0.284542 -0.6625 62 57 48 255
3.5525 0.284464 -0.6625 64 59 50 255
3.5575 0.284794 -0.6625 64 58 50 255
3.5175 0.279346 -0.6575 68 63 53 255
3.5225 0.279581 -0.6575 68 63 53 255
3.5275 0.279889 -0.6575 69 64 55 255
3.5325 0.2825 -0.661482 66 62 52 255
3.5325 0.280368 -0.6575 66 62 52 255
3.5375 0.2825 -0.660988 71 65 55 255
3.5375 0.280482 -0.6575 71 65 55 255
3.5425 0.2825 -0.65982 64 60 50 255
3.5425 0.281012 -0.6575 64 60 50 255
3.5475 0.2825 -0.659226 64 58 50 255
3.5475 0.281384 -0.6575 64 58 50 255
3.5525 0.2825 -0.659388 62 57 49 255
3.5525 0.281272 -0.6575 62 57 49 255
3.5575 0.2825 -0.658633 63 59 51 255
3.5575 0.28183 -0.6575 63 59 51 255
3.5225 0.2775 -0.653798 70 65 55 255
3.5175 0.2775 -0.653724 70 65 55 255
3.5275 0.2775 -0.653225 68 62 53 255
3.53016 0.2775 -0.6525 69 64 55 255
3.5325 0.277872 -0.6525 69 64 55 255
3.5375 0.278102 -0.6525 70 66 57 255
3.5425 0.278393 -0.6525 64 59 50 255
3.5475 0.278687 -0.6525 63 58 50 255
3.5525 0.278411 -0.6525 65 60 52 255
3.5575 0.278814 -0.6525 64 60 52 255
3.5375 0.2775 -0.6513 67 63 52 255
3.5425 0.2775 -0.650609 63 58 49 255
3.5475 0.2775 -0.649999 61 57 49 255
3.5525 0.2775 -0.650636 62 57 48 255
3.2825 0.285338 -1.2425 27 27 23 255
3.2825 0.286622 -1.2375 27 27 23 255
3.2875 0.285493 -1.2425 29 29 24 255
3.2875 0.286665 -1.2375 29 29 24 255
3.2925 0.285436 -1.2425 30 29 25 255
3.2925 0.28621 -1.2375 30 29 25 255
3.2975 0.284443 -1.2425 30 30 26 255
3.2975 0.285074 -1.2375 30 30 26 255
3.3025 0.282968 -1.2425 29 28 25 255
3.3025 0.283273 -1.2375 29 28 25 255
3.3075 0.2825 -1.23777 40 37 35 255
3.3075 0.282919 -1.2425 40 37 35 255
3.28099 0.2875 -1.2325 27 27 23 255
3.2825 0.2875 -1.23305 27 27 23 255
3.2875 0.2875 -1.23276 28 28 23 255
3.2925 0.286855 -1.2325 28 28 25 255
3.2975 0.285622 -1.2325 29 29 25 255
3.3025 0.283603 -1.2325 29 28 26 255
3.30532 0.2825 -1.2325 31 30 28 255
3.30471 0.2825 -1.2275 49 47 44 255
3.3075 0.28025 -1.2275 49 47 44 255
3.3075 0.281061 -1.2325 49 47 44 255
3.2925 0.2875 -1.22774 28 28 24 255
3.2975 0.286099 -1.2275 29 30 25 255
3.3025 0.283818 -1.2275 29 30 26 255
3.2825 0.288184 -1.2275 30 30 26 255
3.2875 0.288142 -1.2275 29 29 25 255
3.30473 0.2825 -1.2225 50 49 46 255
3.29479 0.2875 -1.2225 29 29 25 255
3.2975 0.286717 -1.2225 29 29 25 255
3.3025 0.284516 -1.2225 27 27 24 255
3.2825 0.288844 -1.2225 29 29 26 255
3.2875 0.288714 -1.2225 29 29 25 255
3.2925 0.288092 -1.2225 28 28 24 255
3.30494 0.2825 -1.2175 54 54 50 255
3.29722 0.2875 -1.2175 30 30 28 255
3.3025 0.285246 -1.2175 34 33 30 255
3.2825 0.289678 -1.2175 28 28 25 255
3.2875 0.289531 -1.2175 29 29 25 255
3.2925 0.288734 -1.2175 30 29 25 255
3.30459 0.2825 -1.2125 55 55 51 255
3.2975 0.2875 -1.21672 30 30 26 255
3.29861 0.2875 -1.2125 33 32 29 255
3.3025 0.285382 -1.2125 33 32 29 255
3.2825 0.290469 -1.2125 29 28 26 255
3.2875 0.290382 -1.2125 30 30 27 255
3.2925 0.289316 -1.2125 32 32 28 255
3.2975 0.28792 -1.2125 31 31 29 255
3.30429 0.2825 -1.2075 69 68 64 255
3.29919 0.2875 -1.2075 35 32 31 255
3.3025 0.285402 -1.2075 35 32 31 255
3.2825 0.291019 -1.2075 31 30 26 255
3.2875 0.290785 -1.2075 32 31 27 255
3.2925 0.289712 -1.2075 32 31 27 255
3.2975 0.288295 -1.2075 32 31 29 255
3.4375 0.3175 -0.851032 50 47 42 255
3.4425 0.317849 -0.8475 50 47 42 255
3.4425 0.3175 -0.850018 50 47 42 255
3.4375 0.318169 -0.8475 50 47 42 255
3.44539 0.3175 -0.8475 64 61 55 255
3.4425 0.318102 -0.8425 52 50 44 255
3.4375 0.318987 -0.8425 52 50 44 255
3.74958 0.3075 -0.7575 38 35 30 255
3.7525 0.306898 -0.7575 38 35 30 255
3.7575 0.306824 -0.7575 39 36 32 255
3.7225 0.30914 -0.7575 38 36 31 255
3.7175 0.309588 -0.7575 38 36 31 255
3.7275 0.30942 -0.7575 39 37 32 255
3.7325 0.309479 -0.7575 40 37 33 255
3.7375 0.309133 -0.7575 37 35 31 255
3.7425 0.308751 -0.7575 38 36 32 255
3.7475 0.307934 -0.7575 38 35 31 255
3.75058 0.3075 -0.7525 38 35 31 255
3.7525 0.307309 -0.7525 38 35 31 255
3.7575 0.307353 -0.7525 40 35 31 255
3.7225 0.309305 -0.7525 39 35 32 255
3.7175 0.309656 -0.7525 39 35 32 255
3.7275 0.309082 -0.7525 40 37 32 255
3.7325 0.30903 -0.7525 38 36 31 255
3.7375 0.30899 -0.7525 39 37 31 255
3.7425 0.308555 -0.7525 39 37 32 255
3.7475 0.307802 -0.7525 38 35 30 255
3.7525 0.3075 -0.750451 40 37 31 255
3.7575 0.3075 -0.751169 39 36 31 255
3.7225 0.309677 -0.7475 40 37 32 255
3.7175 0.309945 -0.7475 40 37 32 255
3.7275 0.309022 -0.7475 40 37 32 255
3.7325 0.308966 -0.7475 40 38 32 255
3.7375 0.309266 -0.7475 39 36 32 255
3.7425 0.30875 -0.7475 38 36 31 255
3.7475 0.30802 -0.7475 38 35 31 255
3.7525 0.307789 -0.7475 39 35 31 255
3.7575 0.307905 -0.7475 40 36 32 255
3.7225 0.309871 -0.7425 39 37 32 255
3.7175 0.310167 -0.7425 39 37 32 255
3.7275 0.309141 -0.7425 40 38 32 255
3.7325 0.308815 -0.7425 41 38 33 255
3.7375 0.309191 -0.7425 39 37 31 255
3.7425 0.308991 -0.7425 39 36 31 255
3.7475 0.308309 -0.7425 40 38 33 255
3.7525 0.30798 -0.7425 39 36 31 255
3.7575 0.307817 -0.7425 40 37 32 255
3.7225 0.309781 -0.7375 40 36 33 255
3.7175 0.310262 -0.7375 40 36 33 255
3.7275 0.309217 -0.7375 42 38 34 255
3.7325 0.308614 -0.7375 39 38 33 255
3.7375 0.308721 -0.7375 40 38 32 255
3.7425 0.30895 -0.7375 40 38 33 255
3.7475 0.308562 -0.7375 42 38 34 255
3.7525 0.307997 -0.7375 40 38 32 255
3.7575 0.307533 -0.7375 39 37 30 255
3.7225 0.309532 -0.7325 38 36 32 255
3.7175 0.3102 -0.7325 38 36 32 255
3.7275 0.309058 -0.7325 40 37 32 255
3.7325 0.3084 -0.7325 39 37 31 255
3.7375 0.308315 -0.7325 40 36 32 255
3.7425 0.30877 -0.7325 40 38 32 255
3.7475 0.308842 -0.7325 39 37 31 255
3.7525 0.308254 -0.7325 38 37 30 255
3.7575 0.307698 -0.7325 40 38 32 255
3.7225 0.309474 -0.7275 38 35 31 255
3.7175 0.310012 -0.7275 38 35 31 255
3.7275 0.309077 -0.7275 40 36 31 255
3.7325 0.308518 -0.7275 39 36 31 255
3.7375 0.308279 -0.7275 38 35 29 255
3.7425 0.308496 -0.7275 40 37 31 255
3.7475 0.308839 -0.7275 40 37 32 255
3.7525 0.308396 -0.7275 41 37 31 255
3.7575 0.307845 -0.7275 41 37 32 255
3.3225 0.3175 -0.802913 47 44 36 255
3.32043 0.3175 -0.8025 47 44 36 255
3.3275 0.3175 -0.804048 42 38 31 255
3.3275 0.317204 -0.8025 42 38 31 255
3.3325 0.3175 -0.803142 38 35 28 255
3.33646 0.3175 -0.8025 39 35 29 255
3.3425 0.3175 -0.802707 40 36 29 255
3.33984 0.3175 -0.8025 40 36 29 255
3.3475 0.3175 -0.802795 42 37 29 255
3.34854 0.3175 -0.8025 42 38 31 255
3.2875 0.3175 -0.982808 32 31 27 255
3.28615 0.3175 -0.9825 32 31 27 255
3.2775 0.3175 -0.978866 33 31 28 255
3.2825 0.317641 -0.9775 33 31 28 255
3.2825 0.3175 -0.98098 33 31 28 255
3.2775 0.317634 -0.9775 33 31 28 255
3.2875 0.31765 -0.9775 34 32 28 255
3.28959 0.3175 -0.9775 33 31 27 255
3.2825 0.317604 -0.9725 34 33 30 255
3.2775 0.317949 -0.9725 34 33 30 255
3.2875 0.317719 -0.9725 34 32 28 255
3.2925 0.317515 -0.9725 34 32 29 255
3.2825 0.317873 -0.9675 34 32 29 255
3.2775 0.318375 -0.9675 34 32 29 255
3.2875 0.318042 -0.9675 33 33 29 255
3.2925 0.31796 -0.9675 32 32 28 255
3.2975 0.317507 -0.9675 33 31 27 255
3.2825 0.318239 -0.9625 34 32 28 255
3.2875 0.318316 -0.9625 33 32 29 255
3.2925 0.318194 -0.9625 32 31 28 255
3.2975 0.317787 -0.9625 33 32 27 255
3.3025 0.317656 -0.9625 32 30 26 255
3.3025 0.3175 -0.964215 32 30 26 255
3.30558 0.3175 -0.9625 32 32 27 255
3.5225 0.2225 -0.557608 119 114 104 255
3.5175 0.2225 -0.558106 119 114 104 255
3.5175 0.220857 -0.5575 119 114 104 255
3.5275 0.2225 -0.557524 116 110 102 255
3.52853 0.2225 -0.5575 116 111 101 255
3.5475 0.2225 -0.557688 118 113 103 255
3.54626 0.2225 -0.5575 118 113 103 255
3.5525 0.2225 -0.558548 119 116 105 255
3.5525 0.220792 -0.5575 119 116 105 255
3.5575 0.2225 -0.558662 118 115 104 255
3.5575 0.220498 -0.5575 118 115 104 255
3.5225 0.2275 -0.559816 118 110 102 255
3.5175 0.2275 -0.56012 118 110 102 255
3.5275 0.2275 -0.560763 118 113 102 255
3.5325 0.222649 -0.5575 116 111 101 255
3.5325 0.2275 -0.561482 116 111 101 255
3.5375 0.2275 -0.560208 116 111 101 255
3.5375 0.223462 -0.5575 116 111 101 255
3.5425 0.2275 -0.559378 116 112 102 255
3.5425 0.223796 -0.5575 116 112 102 255
3.5475 0.2275 -0.56059 115 110 99 255
3.5525 0.2275 -0.561792 113 110 100 255
3.5225 0.2125 -0.553965 127 122 112 255
3.5175 0.2125 -0.553573 127 122 112 255
3.5175 0.209906 -0.5525 127 122 112 255
3.5225 0.208742 -0.5525 127 122 112 255
3.5275 0.2125 -0.55326 123 120 110 255
3.5275 0.210797 -0.5525 123 120 110 255
3.53117 0.2125 -0.5525 127 122 112 255
3.5475 0.2125 -0.552736 125 120 109 255
3.54488 0.2125 -0.5525 125 120 109 255
3.5475 0.211704 -0.5525 125 120 109 255
3.5525 0.2125 -0.553045 126 121 111 255
3.5525 0.211102 -0.5525 126 121 111 255
3.5575 0.2125 -0.552899 127 122 112 255
3.5575 0.211635 -0.5525 127 122 112 255
3.5225 0.2175 -0.555796 123 118 108 255
3.5175 0.2175 -0.556015 123 118 108 255
3.5275 0.2175 -0.555324 124 121 108 255
3.5325 0.213066 -0.5525 124 122 109 255
3.5325 0.2175 -0.554793 124 122 109 255
3.5375 0.2175 -0.55444 124 119 108 255
3.5375 0.213482 -0.5525 124 119 108 255
3.5425 0.2175 -0.554318 125 120 108 255
3.5425 0.213176 -0.5525 125 120 108 255
3.5475 0.2175 -0.554612 124 119 107 255
3.5525 0.2175 -0.555399 121 118 106 255
3.5575 0.2175 -0.55562 125 120 108 255
3.5375 0.2225 -0.556937 121 116 105 255
3.5425 0.2225 -0.55687 120 115 104 255
3.5225 0.2075 -0.552019 129 124 115 255
3.5175 0.2075 -0.551275 129 124 115 255
3.5375 0.2125 -0.552074 125 121 111 255
3.2625 0.320083 -0.9175 41 38 34 255
3.2575 0.32009 -0.9175 41 38 34 255
3.2675 0.32057 -0.9175 42 39 35 255
3.2725 0.321495 -0.9175 40 37 33 255
3.2775 0.321723 -0.9175 38 36 32 255
3.2625 0.319926 -0.9125 40 39 33 255
3.2575 0.320383 -0.9125 40 39 33 255
3.2675 0.32008 -0.9125 41 39 32 255
3.2725 0.321053 -0.9125 41 37 34 255
3.2775 0.321656 -0.9125 38 36 32 255
3.2525 0.321323 -0.9125 44 43 36 255
3.2575 0.320847 -0.9075 44 43 36 255
3.2525 0.321302 -0.9075 44 43 36 255
3.2625 0.320382 -0.9075 40 39 33 255
3.2675 0.320011 -0.9075 41 39 32 255
3.2725 0.320403 -0.9075 41 38 34 255
3.2775 0.320872 -0.9075 38 35 31 255
3.2575 0.321466 -0.9025 44 40 37 255
3.2525 0.321762 -0.9025 44 40 37 255
3.2625 0.320821 -0.9025 42 40 36 255
3.2675 0.320306 -0.9025 42 40 33 255
3.2725 0.320341 -0.9025 40 38 32 255
3.2775 0.320355 -0.9025 38 35 30 255
3.2575 0.321868 -0.8975 44 41 38 255
3.2525 0.322053 -0.8975 44 41 38 255
3.2625 0.321022 -0.8975 42 39 34 255
3.2675 0.320572 -0.8975 42 37 34 255
3.2725 0.320555 -0.8975 43 40 33 255
3.2775 0.320336 -0.8975 39 36 31 255
3.2575 0.322113 -0.8925 42 41 35 255
3.2525 0.322062 -0.8925 42 41 35 255
3.2625 0.321442 -0.8925 41 38 32 255
3.2675 0.320824 -0.8925 41 39 33 255
3.2725 0.320532 -0.8925 40 36 31 255
3.2775 0.3203 -0.8925 39 36 31 255
3.2575 0.322294 -0.8875 42 40 33 255
3.2525 0.322174 -0.8875 42 40 33 255
3.2625 0.321802 -0.8875 42 38 33 255
3.2675 0.321147 -0.8875 40 37 32 255
3.2725 0.320824 -0.8875 39 36 32 255
3.2775 0.320663 -0.8875 38 35 31 255
3.2575 0.322009 -0.8825 42 40 34 255
3.2525 0.322057 -0.8825 42 40 34 255
3.2625 0.321657 -0.8825 43 40 33 255
3.2675 0.321283 -0.8825 40 37 32 255
3.2725 0.321177 -0.8825 39 37 32 255
3.2775 0.320976 -0.8825 39 37 32 255
3.4025 0.314379 -0.9025 40 41 40 255
3.3975 0.316252 -0.9025 40 41 40 255
3.4025 0.314197 -0.8975 40 41 40 255
3.3975 0.315793 -0.8975 40 41 40 255
3.4025 0.315302 -0.8925 35 33 29 255
3.3975 0.315758 -0.8925 35 33 29 255
3.4025 0.316306 -0.8875 32 30 26 255
3.3975 0.316164 -0.8875 32 30 26 255
3.4075 0.314523 -0.8925 37 37 36 255
3.4075 0.315826 -0.8875 37 37 36 255
3.4025 0.316421 -0.8825 32 30 24 255
3.3975 0.316591 -0.8825 32 30 24 255
3.4075 0.315992 -0.8825 31 29 24 255
3.4125 0.315327 -0.8875 33 31 26 255
3.4125 0.31619 -0.8825 33 31 26 255
3.3175 0.302989 -1.0525 216 216 217 255
3.3175 0.3025 -1.05343 216 216 217 255
3.3175 0.307973 -1.0425 126 128 141 255
3.3175 0.3075 -1.04356 126 128 141 255
3.2525 0.3175 -0.984814 38 37 33 255
3.2575 0.317844 -0.9825 38 37 33 255
3.2575 0.3175 -0.985194 38 37 33 255
3.2525 0.317726 -0.9825 38 37 33 255
3.2625 0.317893 -0.9825 35 34 30 255
3.2625 0.3175 -0.98588 35 34 30 255
3.2675 0.31775 -0.9825 34 33 30 255
3.2675 0.3175 -0.984877 34 33 30 255
3.27088 0.3175 -0.9825 34 32 29 255
3.2575 0.317761 -0.9775 37 37 34 255
3.2525 0.317999 -0.9775 37 37 34 255
3.2625 0.317883 -0.9775 36 35 31 255
3.2675 0.318191 -0.9775 34 32 28 255
3.2725 0.318017 -0.9775 33 31 27 255
3.2725 0.3175 -0.98154 33 31 27 255
3.2575 0.318008 -0.9725 39 40 36 255
3.2525 0.317981 -0.9725 39 40 36 255
3.2625 0.318113 -0.9725 38 36 34 255
3.2675 0.318509 -0.9725 34 32 29 255
3.2725 0.318547 -0.9725 33 32 29 255
3.2575 0.318335 -0.9675 38 38 35 255
3.2525 0.317983 -0.9675 38 38 35 255
3.2625 0.318421 -0.9675 36 35 32 255
3.2675 0.318715 -0.9675 35 33 30 255
3.2725 0.318943 -0.9675 32 32 29 255
3.2325 0.266156 -1.3025 34 34 31 255
3.2375 0.264354 -1.3025 43 44 39 255
3.2225 0.2675 -1.29876 17 18 15 255
3.2275 0.2675 -1.30033 17 18 15 255
3.2325 0.2675 -1.30019 20 19 16 255
3.2375 0.2675 -1.2979 21 21 18 255
3.2275 0.269082 -1.2975 20 19 18 255
3.2225 0.268004 -1.2975 20 19 18 255
3.2325 0.26908 -1.2975 36 35 31 255
3.2275 0.271346 -1.2925 27 26 24 255
3.2225 0.271055 -1.2925 27 26 24 255
3.2325 0.271676 -1.2925 27 26 23 255
3.2375 0.271548 -1.2925 32 33 29 255
3.2175 0.271028 -1.2925 28 27 24 255
3.2175 0.2725 -1.2897 28 27 24 255
3.2225 0.2725 -1.28999 28 27 24 255
3.2275 0.2725 -1.29032 27 26 21 255
3.2325 0.2725 -1.29114 19 19 15 255
3.2375 0.2725 -1.291 20 21 18 255
3.2275 0.274263 -1.2875 16 15 14 255
3.2225 0.274159 -1.2875 16 15 14 255
3.2325 0.274787 -1.2875 18 18 14 255
3.2375 0.274713 -1.2875 34 34 30 255
3.2175 0.273993 -1.2875 18 17 16 255
3.2225 0.27696 -1.2825 18 17 16 255
3.2175 0.276846 -1.2825 18 17 16 255
3.2275 0.27732 -1.2825 17 17 15 255
3.2325 0.277337 -1.2825 16 16 13 255
3.2339 0.2775 -1.2825 18 18 15 255
3.2375 0.2775 -1.2831 18 18 15 255
3.30825 0.2675 -1.2825 21 20 19 255
3.30943 0.2675 -1.2775 21 20 19 255
3.29809 0.2725 -1.2825 31 30 27 255
3.3025 0.2725 -1.28066 31 30 27 255
3.3025 0.271448 -1.2825 31 30 27 255
3.30571 0.2725 -1.2775 37 35 30 255
3.3075 0.271165 -1.2775 37 35 30 255
3.3075 0.268501 -1.2825 37 35 30 255
3.2825 0.274718 -1.2825 34 33 27 255
3.2775 0.274904 -1.2825 34 33 27 255
3.2825 0.277253 -1.2775 34 33 27 255
3.2775 0.277479 -1.2775 34 33 27 255
3.2875 0.27395 -1.2825 56 56 51 255
3.2875 0.276413 -1.2775 56 56 51 255
3.2925 0.273155 -1.2825 62 62 58 255
3.2925 0.275596 -1.2775 62 62 58 255
3.2975 0.275085 -1.2775 56 55 48 255
3.3025 0.27414 -1.2775 53 52 47 255
3.3075 0.2725 -1.27507 55 53 48 255
3.30826 0.2725 -1.2725 94 91 85 255
3.2875 0.2775 -1.27488 21 22 17 255
3.2925 0.2775 -1.27313 28 28 25 255
3.2965 0.2775 -1.2725 36 35 30 255
3.2975 0.277419 -1.2725 36 35 30 255
3.3025 0.276488 -1.2725 38 37 32 255
3.3075 0.273699 -1.2725 38 35 32 255
3.3025 0.2775 -1.27022 29 28 24 255
3.30526 0.2775 -1.2675 36 35 31 255
3.3075 0.276285 -1.2675 36 35 31 255
3.3092 0.2725 -1.2675 64 60 54 255
3.3225 0.312217 -1.0025 36 35 32 255
3.3175 0.312351 -1.0025 36 35 32 255
3.3175 0.3125 -1.00044 36 35 32 255
3.3225 0.3125 -0.998512 36 35 32 255
3.3275 0.311991 -1.0025 53 50 46 255
3.3275 0.3125 -0.997942 53 50 46 255
3.3325 0.312033 -0.9975 43 43 39 255
3.3325 0.311355 -1.0025 43 43 39 255
3.3375 0.3125 -1.00093 65 65 65 255
3.33505 0.3125 -1.0025 65 65 65 255
3.3375 0.310087 -0.9975 65 65 65 255
3.3225 0.312574 -0.9975 34 33 30 255
3.3175 0.312714 -0.9975 34 33 30 255
3.3325 0.3125 -0.995006 57 55 50 255
3.33426 0.3125 -0.9925 53 52 48 255
3.3375 0.311632 -0.9925 53 52 48 255
3.3225 0.313384 -0.9925 33 32 29 255
3.3175 0.313728 -0.9925 33 32 29 255
3.3275 0.313232 -0.9925 47 44 42 255
3.3325 0.312999 -0.9925 40 40 34 255
3.3375 0.3125 -0.989561 40 39 35 255
3.34196 0.3075 -0.9925 45 45 47 255
3.3425 0.30946 -0.9875 45 45 47 255
3.3425 0.3075 -0.991456 45 45 47 255
3.33836 0.3125 -0.9875 45 45 47 255
3.3225 0.313933 -0.9875 33 31 29 255
3.3175 0.314505 -0.9875 33 31 29 255
3.3275 0.313614 -0.9875 46 43 38 255
3.3325 0.313649 -0.9875 48 48 43 255
3.3375 0.313133 -0.9875 58 53 50 255
3.3414 0.3125 -0.9825 49 46 43 255
3.3425 0.312058 -0.9825 49 46 43 255
3.3225 0.314507 -0.9825 31 30 27 255
3.3175 0.315134 -0.9825 31 30 27 255
3.3275 0.314169 -0.9825 42 40 38 255
3.3325 0.31422 -0.9825 58 55 49 255
3.3375 0.314022 -0.9825 42 40 36 255
3.3425 0.3125 -0.981039 33 33 29 255
3.3225 0.315355 -0.9775 31 31 27 255
3.3175 0.315934 -0.9775 31 31 27 255
3.3275 0.315003 -0.9775 40 38 34 255
3.3325 0.314771 -0.9775 52 48 46 255
3.3375 0.314563 -0.9775 44 44 39 255
3.3425 0.313593 -0.9775 58 56 51 255
3.3225 0.316124 -0.9725 33 31 28 255
3.3175 0.316771 -0.9725 33 31 28 255
3.3275 0.315695 -0.9725 34 33 28 255
3.3325 0.315211 -0.9725 43 40 37 255
3.3375 0.314938 -0.9725 47 47 42 255
3.3425 0.314781 -0.9725 37 36 32 255
3.3225 0.316376 -0.9675 33 31 27 255
3.3175 0.316961 -0.9675 33 31 27 255
3.3275 0.31597 -0.9675 34 32 27 255
3.3325 0.315689 -0.9675 35 32 28 255
3.3375 0.31569 -0.9675 43 43 36 255
3.3425 0.315845 -0.9675 39 38 34 255
3.3475 0.313028 -0.9725 46 47 49 255
3.3475 0.315144 -0.9675 46 47 49 255
3.3225 0.316284 -0.9625 32 30 26 255
3.3175 0.31651 -0.9625 32 30 26 255
3.3275 0.316131 -0.9625 32 31 26 255
3.3325 0.31616 -0.9625 34 32 28 255
3.3375 0.316278 -0.9625 37 35 30 255
3.3425 0.315974 -0.9625 42 41 34 255
3.3475 0.315501 -0.9625 34 33 29 255
3.3525 0.313727 -0.9675 53 53 55 255
3.3525 0.314747 -0.9625 53 53 55 255
3.2025 0.2775 -0.670963 35 32 26 255
3.1975 0.2775 -0.671508 35 32 26 255
3.2025 0.275779 -0.6675 35 32 26 255
3.2075 0.2775 -0.670766 36 32 25 255
3.2075 0.275824 -0.6675 36 32 25 255
3.2125 0.2775 -0.670053 35 31 23 255
3.2125 0.276313 -0.6675 35 31 23 255
3.2175 0.2775 -0.669742 36 33 25 255
3.2175 0.276399 -0.6675 36 33 25 255
3.2225 0.2775 -0.67019 38 33 26 255
3.2225 0.275952 -0.6675 38 33 26 255
3.2275 0.2775 -0.670201 35 31 26 255
3.2275 0.275676 -0.6675 35 31 26 255
3.2325 0.2775 -0.670135 34 29 23 255
3.2325 0.275692 -0.6675 34 29 23 255
3.2025 0.273525 -0.6625 34 31 24 255
3.2075 0.273863 -0.6625 34 31 23 255
3.2125 0.273976 -0.6625 36 33 25 255
3.2175 0.273489 -0.6625 37 34 26 255
3.2225 0.272916 -0.6625 38 33 26 255
3.2275 0.272678 -0.6625 34 30 24 255
3.2325 0.272759 -0.6625 36 31 25 255
3.2025 0.2725 -0.66012 37 33 26 255
3.2025 0.271471 -0.6575 37 33 26 255
3.2075 0.2725 -0.658646 38 33 26 255
3.2075 0.272099 -0.6575 38 33 26 255
3.2125 0.2725 -0.65899 38 35 27 255
3.2125 0.271811 -0.6575 38 35 27 255
3.2175 0.2725 -0.660628 36 34 26 255
3.2175 0.270676 -0.6575 36 34 26 255
3.2225 0.2725 -0.661743 36 32 26 255
3.2225 0.270058 -0.6575 36 32 26 255
3.2275 0.270097 -0.6575 37 32 26 255
3.2325 0.270354 -0.6575 34 29 24 255
3.2225 0.2675 -0.65254 38 35 28 255
3.22417 0.2675 -0.6525 39 35 29 255
3.2025 0.269288 -0.6525 37 33 26 255
3.2075 0.269789 -0.6525 35 32 24 255
3.2125 0.269533 -0.6525 37 34 27 255
3.2175 0.268364 -0.6525 39 34 27 255
3.2275 0.267539 -0.6525 38 34 28 255
3.2325 0.267765 -0.6525 35 32 26 255
3.2025 0.2675 -0.649468 24 21 19 255
3.2025 0.266282 -0.6475 24 21 19 255
3.2075 0.2675 -0.649101 19 16 11 255
3.2075 0.266419 -0.6475 19 16 11 255
3.2125 0.2675 -0.649254 33 30 25 255
3.2125 0.266445 -0.6475 33 30 25 255
3.2175 0.2675 -0.650696 35 32 25 255
3.2175 0.266054 -0.6475 35 32 25 255
3.2225 0.265377 -0.6475 36 33 27 255
3.2275 0.265153 -0.6475 37 35 27 255
3.2325 0.264982 -0.6475 38 34 27 255
3.2025 0.2625 -0.642587 24 21 16 255
3.2075 0.2625 -0.642661 20 17 15 255
3.21127 0.2625 -0.6425 20 17 14 255
3.2225 0.2625 -0.642676 17 16 13 255
3.22063 0.2625 -0.6425 17 16 13 255
3.2275 0.2625 -0.64315 18 17 12 255
3.2325 0.2625 -0.64373 21 18 16 255
3.2325 0.261614 -0.6425 21 18 16 255
3.2125 0.26254 -0.6425 18 17 13 255
3.2175 0.262669 -0.6425 15 13 11 255
3.89398 0.2625 -0.6825 37 34 29 255
3.89582 0.2625 -0.6775 37 34 29 255
3.8975 0.261669 -0.6775 37 34 29 255
3.88732 0.2675 -0.6825 52 49 43 255
3.88438 0.2675 -0.6775 52 49 43 255
3.8875 0.266471 -0.6775 52 49 43 255
3.8925 0.263565 -0.6825 33 31 27 255
3.8925 0.264022 -0.6775 33 31 27 255
3.8825 0.270467 -0.6825 53 50 42 255
3.8775 0.272218 -0.6825 53 50 42 255
3.8825 0.268112 -0.6775 53 50 42 255
3.8775 0.269732 -0.6775 53 50 42 255
3.90521 0.2575 -0.6725 67 65 66 255
3.8975 0.2625 -0.6725 49 45 39 255
3.9025 0.259351 -0.6725 31 30 27 255
3.8825 0.2675 -0.675952 52 48 42 255
3.8775 0.2675 -0.67301 52 48 42 255
3.8825 0.26601 -0.6725 52 48 42 255
3.8875 0.265074 -0.6725 53 49 43 255
3.8925 0.263584 -0.6725 44 42 36 255
3.90558 0.2575 -0.6675 34 33 29 255
3.9075 0.256508 -0.6675 34 33 29 255
3.8925 0.2625 -0.667884 51 48 41 255
3.8975 0.261063 -0.6675 55 52 45 255
3.9025 0.258969 -0.6675 37 36 32 255
3.8825 0.264023 -0.6675 50 47 40 255
3.8775 0.264965 -0.6675 50 47 40 255
3.8875 0.263286 -0.6675 52 49 42 255
3.9025 0.2575 -0.66324 55 51 45 255
3.90131 0.2575 -0.6625 55 51 45 255
3.9075 0.255251 -0.6625 38 37 33 255
3.9125 0.253991 -0.6625 37 36 32 255
3.8825 0.2625 -0.663737 51 49 42 255
3.87971 0.2625 -0.6625 51 49 42 255
3.8825 0.261982 -0.6625 51 49 42 255
3.8875 0.2625 -0.665703 52 48 42 255
3.8875 0.260982 -0.6625 52 48 42 255
3.8925 0.260047 -0.6625 52 48 42 255
3.8975 0.258562 -0.6625 55 52 44 255
3.8775 0.262901 -0.6625 50 47 39 255
3.9125 0.2525 -0.658552 52 49 42 255
3.91062 0.2525 -0.6575 52 49 42 255
3.9125 0.252072 -0.6575 52 49 42 255
3.9175 0.25194 -0.6575 39 38 34 255
3.8925 0.2575 -0.657695 54 51 43 255
3.8975 0.2575 -0.660265 53 50 43 255
3.8975 0.256269 -0.6575 53 50 43 255
3.9025 0.254948 -0.6575 55 52 45 255
3.9075 0.253235 -0.6575 53 51 43 255
3.8775 0.2625 -0.661663 52 49 41 255
3.8775 0.260481 -0.6575 52 49 41 255
3.8825 0.259534 -0.6575 52 49 41 255
3.8875 0.258361 -0.6575 53 50 43 255
3.9075 0.2525 -0.655292 57 52 45 255
3.90498 0.2525 -0.6525 57 52 45 255
3.9075 0.251583 -0.6525 57 52 45 255
3.9125 0.250215 -0.6525 54 52 44 255
3.9175 0.249746 -0.6525 52 50 42 255
3.8825 0.2575 -0.653933 55 51 43 255
3.87857 0.2575 -0.6525 55 51 43 255
3.8825 0.25675 -0.6525 55 51 43 255
3.8875 0.2575 -0.655944 54 50 43 255
3.8875 0.255676 -0.6525 54 50 43 255
3.8925 0.255165 -0.6525 55 51 44 255
3.8975 0.254625 -0.6525 53 49 42 255
3.9025 0.253369 -0.6525 55 52 45 255
3.8775 0.257702 -0.6525 57 52 44 255
3.9175 0.2475 -0.647592 57 52 46 255
3.9025 0.2525 -0.649677 55 53 45 255
3.89907 0.2525 -0.6475 55 53 45 255
3.9025 0.251769 -0.6475 55 53 45 255
3.9075 0.249986 -0.6475 57 52 46 255
3.9125 0.248462 -0.6475 54 50 43 255
3.8775 0.254954 -0.6475 55 50 43 255
3.8825 0.253958 -0.6475 55 50 43 255
3.8875 0.253119 -0.6475 56 51 44 255
3.8925 0.252892 -0.6475 57 53 46 255
3.8975 0.25282 -0.6475 59 55 46 255
3.9125 0.2475 -0.645086 35 33 28 255
3.90897 0.2475 -0.6425 35 33 28 255
3.9125 0.246506 -0.6425 35 33 28 255
3.9175 0.245379 -0.6425 58 53 45 255
3.8825 0.2525 -0.644604 57 52 44 255
3.8775 0.2525 -0.642935 57 52 44 255
3.8825 0.251426 -0.6425 57 52 44 255
3.8875 0.2525 -0.646031 62 57 50 255
3.8875 0.251014 -0.6425 62 57 50 255
3.8925 0.2525 -0.646648 55 51 46 255
3.8925 0.250534 -0.6425 55 51 46 255
3.8975 0.250219 -0.6425 38 35 32 255
3.9025 0.249505 -0.6425 31 30 27 255
3.9075 0.247913 -0.6425 34 32 28 255
3.32208 0.2175 -0.5575 51 50 45 255
3.3175 0.2175 -0.558273 51 50 45 255
3.3175 0.21669 -0.5575 51 50 45 255
3.3275 0.2175 -0.557564 50 48 43 255
3.32529 0.2175 -0.5575 50 48 43 255
3.3325 0.2175 -0.558303 53 51 45 255
3.3325 0.216623 -0.5575 53 51 45 255
3.3375 0.2175 -0.558527 59 57 51 255
3.3375 0.216305 -0.5575 59 57 51 255
3.3425 0.2175 -0.558153 61 58 51 255
3.3425 0.216615 -0.5575 61 58 51 255
3.3475 0.2175 -0.558049 59 57 49 255
3.3475 0.216608 -0.5575 59 57 49 255
3.3525 0.2175 -0.558172 61 59 50 255
3.3525 0.216268 -0.5575 61 59 50 255
3.3575 0.2175 -0.558293 61 58 49 255
3.3575 0.21608 -0.5575 61 58 49 255
3.3175 0.221165 -0.5625 41 40 36 255
3.3225 0.221249 -0.5625 41 40 36 255
3.3275 0.221643 -0.5625 42 43 38 255
3.3325 0.221791 -0.5625 43 44 40 255
3.3375 0.221786 -0.5625 41 39 36 255
3.3425 0.2225 -0.5625 41 39 36 255
3.3475 0.2225 -0.561345 52 50 43 255
3.3525 0.2225 -0.560876 59 56 48 255
3.3575 0.2225 -0.560941 61 58 49 255
3.3475 0.223829 -0.5625 44 43 39 255
3.3525 0.224581 -0.5625 38 38 34 255
3.3525 0.2075 -0.5525 55 54 48 255
3.3575 0.2075 -0.552535 44 43 40 255
3.3225 0.2125 -0.553575 67 63 54 255
3.3175 0.2125 -0.554046 67 63 54 255
3.3175 0.210303 -0.5525 67 63 54 255
3.3225 0.210643 -0.5525 67 63 54 255
3.3275 0.2125 -0.553368 65 61 54 255
3.3275 0.211269 -0.5525 65 61 54 255
3.3325 0.2125 -0.553351 64 61 53 255
3.3325 0.211436 -0.5525 64 61 53 255
3.3375 0.2125 -0.553915 65 61 53 255
3.3375 0.210407 -0.5525 65 61 53 255
3.3425 0.2125 -0.554487 67 64 54 255
3.3425 0.208884 -0.5525 67 64 54 255
3.3475 0.2125 -0.554928 64 61 52 255
3.3475 0.207951 -0.5525 64 61 52 255
3.3525 0.2125 -0.555277 65 63 53 255
3.3575 0.2125 -0.555199 65 62 56 255
3.3225 0.2025 -0.54831 69 66 58 255
3.31807 0.2025 -0.5475 69 66 58 255
3.3225 0.200324 -0.5475 69 66 58 255
3.3275 0.2025 -0.548354 71 68 60 255
3.3275 0.199733 -0.5475 71 68 60 255
3.3325 0.2025 -0.54831 74 71 63 255
3.3325 0.200269 -0.5475 74 71 63 255
3.3375 0.2025 -0.548637 70 67 58 255
3.3375 0.200256 -0.5475 70 67 58 255
3.3425 0.2025 -0.548615 73 69 60 255
3.3425 0.200739 -0.5475 73 69 60 255
3.3475 0.2025 -0.548367 70 68 59 255
3.3475 0.201182 -0.5475 70 68 59 255
3.3525 0.2025 -0.548941 73 70 61 255
3.3525 0.200098 -0.5475 73 70 61 255
3.3575 0.2025 -0.549681 70 68 59 255
3.3575 0.198789 -0.5475 70 68 59 255
3.3175 0.2075 -0.550313 70 66 58 255
3.3225 0.2075 -0.550697 70 66 58 255
3.3275 0.2075 -0.55029 69 65 57 255
3.3325 0.2075 -0.550208 70 67 59 255
3.3375 0.2075 -0.550982 68 65 56 255
3.3425 0.2075 -0.55175 67 64 56 255
3.3225 0.1975 -0.54628 72 70 62 255
3.3175 0.1975 -0.545313 72 70 62 255
3.3275 0.1975 -0.546642 74 70 62 255
3.3325 0.1975 -0.546318 73 69 61 255
3.3375 0.1975 -0.545975 73 71 61 255
3.3425 0.1975 -0.545383 73 70 60 255
3.3475 0.1975 -0.545219 73 70 61 255
3.3525 0.1975 -0.546122 73 70 62 255
3.3575 0.1975 -0.546854 73 71 60 255
3.7725 0.2875 -0.6775 66 60 50 255
3.7775 0.2875 -0.678112 64 58 49 255
3.7825 0.2875 -0.679444 66 60 52 255
3.7825 0.286375 -0.6775 66 60 52 255
3.7875 0.2875 -0.681256 63 59 50 255
3.7875 0.28564 -0.6775 63 59 50 255
3.79016 0.2875 -0.6825 58 55 46 255
3.7925 0.286985 -0.6825 58 55 46 255
3.7925 0.284845 -0.6775 58 55 46 255
3.7975 0.283853 -0.6775 58 53 45 255
3.7625 0.291241 -0.6825 66 60 51 255
3.7625 0.288958 -0.6775 66 60 51 255
3.7575 0.289545 -0.6775 66 60 51 255
3.7675 0.290401 -0.6825 66 60 50 255
3.7675 0.288007 -0.6775 66 60 50 255
3.7725 0.289928 -0.6825 65 59 50 255
3.7775 0.289719 -0.6825 65 60 51 255
3.7825 0.289153 -0.6825 65 60 51 255
3.7875 0.288087 -0.6825 65 60 51 255
3.7975 0.2825 -0.674175 61 57 49 255
3.79371 0.2825 -0.6725 61 57 49 255
3.7975 0.281773 -0.6725 61 57 49 255
3.7625 0.2875 -0.674946 59 56 46 255
3.7575 0.2875 -0.674076 59 56 46 255
3.7575 0.286539 -0.6725 59 56 46 255
3.7625 0.286004 -0.6725 59 56 46 255
3.7675 0.2875 -0.676504 61 56 48 255
3.7675 0.285178 -0.6725 61 56 48 255
3.7725 0.284496 -0.6725 65 60 50 255
3.7775 0.283892 -0.6725 66 59 51 255
3.7825 0.283371 -0.6725 65 60 52 255
3.7875 0.283132 -0.6725 62 57 48 255
3.7925 0.282714 -0.6725 60 54 46 255
3.7625 0.2825 -0.667719 61 56 47 255
3.7675 0.2825 -0.668638 62 56 46 255
3.7675 0.28176 -0.6675 62 56 46 255
3.7725 0.2825 -0.6692 66 60 51 255
3.7725 0.281541 -0.6675 66 60 51 255
3.7775 0.2825 -0.669919 68 63 53 255
3.7775 0.281288 -0.6675 68 63 53 255
3.7825 0.2825 -0.670817 69 63 54 255
3.7825 0.280874 -0.6675 69 63 54 255
3.7875 0.2825 -0.671336 67 62 53 255
3.7875 0.280453 -0.6675 67 62 53 255
3.7925 0.279957 -0.6675 66 62 52 255
3.7975 0.279022 -0.6675 65 61 52 255
3.7575 0.283463 -0.6675 63 56 48 255
3.7575 0.2825 -0.665863 65 60 49 255
3.7575 0.280494 -0.6625 65 60 49 255
3.7625 0.279248 -0.6625 65 60 49 255
3.7675 0.279055 -0.6625 66 61 52 255
3.7725 0.279182 -0.6625 67 60 51 255
3.7775 0.278867 -0.6625 69 64 55 255
3.7825 0.278121 -0.6625 69 64 54 255
3.7875 0.2775 -0.662742 68 63 53 255
3.78654 0.2775 -0.6625 68 63 53 255
3.7925 0.2775 -0.663772 67 62 52 255
3.7625 0.2775 -0.65945 61 58 47 255
3.7575 0.2775 -0.657891 61 58 47 255
3.7675 0.2775 -0.659539 63 58 49 255
3.7725 0.2775 -0.659278 65 60 51 255
3.7775 0.2775 -0.660119 67 63 53 255
3.7825 0.2775 -0.661493 66 61 51 255
3.6025 0.2325 -0.562802 84 79 71 255
3.5975 0.2325 -0.562745 84 79 71 255
3.6075 0.2325 -0.563288 86 82 75 255
3.6075 0.231268 -0.5625 86 82 75 255
3.6125 0.2325 -0.563202 85 82 75 255
3.6125 0.231456 -0.5625 85 82 75 255
3.6175 0.2325 -0.562608 79 76 69 255
3.61855 0.2325 -0.5625 84 82 73 255
3.6025 0.2375 -0.566167 65 64 59 255
3.5975 0.2375 -0.56644 65 64 59 255
3.6075 0.2375 -0.566474 68 65 61 255
3.6125 0.2375 -0.567029 68 65 61 255
3.6175 0.2375 -0.56728 68 65 61 255
3.6225 0.233061 -0.5625 72 69 65 255
3.6225 0.2375 -0.567015 72 69 65 255
3.6275 0.2375 -0.565799 75 72 67 255
3.6275 0.233948 -0.5625 75 72 67 255
3.6325 0.2375 -0.56494 80 79 73 255
3.6325 0.234268 -0.5625 80 79 73 255
3.6825 0.2725 -0.640427 55 52 44 255
3.6775 0.2725 -0.639463 55 52 44 255
3.6775 0.271412 -0.6375 55 52 44 255
3.6825 0.270939 -0.6375 55 52 44 255
3.6875 0.2725 -0.640658 55 52 45 255
3.6875 0.270682 -0.6375 55 52 45 255
3.6925 0.2725 -0.640459 54 51 44 255
3.6925 0.270817 -0.6375 54 51 44 255
3.6975 0.2725 -0.641293 53 50 43 255
3.6975 0.27053 -0.6375 53 50 43 255
3.70179 0.2725 -0.6425 55 51 43 255
3.7025 0.269761 -0.6375 55 51 43 255
3.7075 0.272096 -0.6425 56 53 45 255
3.7075 0.269388 -0.6375 56 53 45 255
3.7125 0.272309 -0.6425 53 51 43 255
3.7125 0.269579 -0.6375 53 51 43 255
3.7175 0.2725 -0.642257 53 51 43 255
3.71536 0.2725 -0.6425 53 51 43 255
3.7175 0.269724 -0.6375 53 51 43 255
3.6775 0.274095 -0.6425 54 51 43 255
3.6825 0.273537 -0.6425 54 51 43 255
3.6875 0.273465 -0.6425 55 52 45 255
3.6925 0.273547 -0.6425 54 51 43 255
3.6975 0.273092 -0.6425 57 53 46 255
3.7025 0.2675 -0.633558 55 51 44 255
3.69837 0.2675 -0.6325 55 51 44 255
3.7025 0.26689 -0.6325 55 51 44 255
3.7075 0.2675 -0.634254 54 50 42 255
3.7075 0.266498 -0.6325 54 50 42 255
3.7125 0.2675 -0.634073 54 50 44 255
3.7125 0.266543 -0.6325 54 50 44 255
3.7175 0.2675 -0.633904 56 53 45 255
3.7175 0.266623 -0.6325 56 53 45 255
3.6825 0.26788 -0.6325 54 52 44 255
3.6775 0.268706 -0.6325 54 52 44 255
3.6875 0.267652 -0.6325 56 52 45 255
3.6925 0.267913 -0.6325 54 51 43 255
3.6975 0.267627 -0.6325 53 50 42 255
3.6775 0.2675 -0.630504 57 53 46 255
3.6775 0.265682 -0.6275 57 53 46 255
3.6825 0.265083 -0.6275 57 53 46 255
3.6875 0.265229 -0.6275 56 53 45 255
3.6925 0.265264 -0.6275 58 54 47 255
3.6975 0.264595 -0.6275 57 53 45 255
3.7025 0.263784 -0.6275 55 52 44 255
3.7075 0.263426 -0.6275 52 51 42 255
3.7125 0.263515 -0.6275 56 52 46 255
3.7175 0.263597 -0.6275 56 53 45 255
3.6975 0.2625 -0.623584 54 50 43 255
3.69315 0.2625 -0.6225 54 50 43 255
3.6975 0.261905 -0.6225 54 50 43 255
3.7025 0.2625 -0.625092 52 49 43 255
3.7025 0.261065 -0.6225 52 49 43 255
3.7075 0.2625 -0.625887 55 52 44 255
3.7075 0.260503 -0.6225 55 52 44 255
3.7125 0.2625 -0.625742 53 50 42 255
3.7125 0.260568 -0.6225 53 50 42 255
3.7175 0.2625 -0.625628 53 50 43 255
3.7175 0.260591 -0.6225 53 50 43 255
3.6825 0.262527 -0.6225 56 52 45 255
3.6775 0.262786 -0.6225 56 52 45 255
3.6875 0.262755 -0.6225 55 52 44 255
3.6775 0.259978 -0.6175 54 50 44 255
3.6825 0.259914 -0.6175 54 50 44 255
3.6875 0.259781 -0.6175 53 49 42 255
3.6925 0.259464 -0.6175 52 50 43 255
3.6975 0.259178 -0.6175 52 49 42 255
3.7025 0.25877 -0.6175 53 51 44 255
3.7075 0.258286 -0.6175 54 50 44 255
3.7125 0.25819 -0.6175 52 49 42 255
3.7175 0.258056 -0.6175 53 50 43 255
3.6825 0.2575 -0.612814 56 52 46 255
3.6775 0.2575 -0.612866 56 52 46 255
3.6875 0.2575 -0.613615 55 53 45 255
3.6875 0.256844 -0.6125 55 53 45 255
3.6925 0.2575 -0.614181 55 52 45 255
3.6925 0.256477 -0.6125 55 52 45 255
3.6975 0.2575 -0.614205 56 52 45 255
3.6975 0.256587 -0.6125 56 52 45 255
3.7025 0.2575 -0.614492 56 52 46 255
3.7025 0.256651 -0.6125 56 52 46 255
3.7075 0.2575 -0.615456 54 51 45 255
3.7075 0.25636 -0.6125 54 51 45 255
3.7125 0.2575 -0.615851 53 50 43 255
3.7125 0.256086 -0.6125 53 50 43 255
3.7175 0.2575 -0.616276 55 51 44 255
3.7175 0.25582 -0.6125 55 51 44 255
3.6825 0.254729 -0.6075 54 50 44 255
3.6775 0.254785 -0.6075 54 50 44 255
3.6875 0.254277 -0.6075 55 52 45 255
3.6925 0.253962 -0.6075 56 52 45 255
3.6975 0.253875 -0.6075 56 53 46 255
3.7025 0.254077 -0.6075 56 53 47 255
3.7075 0.254159 -0.6075 56 52 45 255
3.7125 0.253798 -0.6075 55 52 45 255
3.7175 0.2533 -0.6075 58 54 47 255
3.6825 0.2525 -0.603338 58 55 49 255
3.6775 0.2525 -0.603047 58 55 49 255
3.6825 0.252044 -0.6025 58 55 49 255
3.6875 0.2525 -0.603802 58 55 48 255
3.6875 0.251889 -0.6025 58 55 48 255
3.6925 0.2525 -0.60417 59 56 49 255
3.6925 0.251797 -0.6025 59 56 49 255
3.6975 0.2525 -0.604356 56 52 47 255
3.6975 0.251721 -0.6025 56 52 47 255
3.7025 0.2525 -0.603975 58 55 48 255
3.7025 0.251822 -0.6025 58 55 48 255
3.7075 0.2525 -0.603846 59 55 48 255
3.7075 0.251843 -0.6025 59 55 48 255
3.7125 0.2525 -0.604766 58 55 48 255
3.7125 0.251379 -0.6025 58 55 48 255
3.7175 0.2525 -0.60594 60 57 49 255
3.7175 0.250665 -0.6025 60 57 49 255
3.2825 0.318394 -0.9575 34 32 29 255
3.2875 0.318433 -0.9575 33 30 26 255
3.2925 0.318331 -0.9575 34 32 28 255
3.2975 0.31823 -0.9575 33 32 28 255
3.3025 0.318447 -0.9575 31 30 27 255
3.3075 0.318111 -0.9575 32 31 27 255
3.3075 0.3175 -0.961846 32 31 27 255
3.31059 0.3175 -0.9575 33 31 26 255
3.2825 0.318421 -0.9525 35 33 28 255
3.2875 0.318853 -0.9525 35 32 29 255
3.2925 0.318924 -0.9525 34 32 28 255
3.2975 0.318835 -0.9525 33 31 28 255
3.3025 0.3191 -0.9525 31 29 26 255
3.3075 0.318764 -0.9525 30 29 26 255
3.3125 0.317651 -0.9525 32 31 26 255
3.3125 0.3175 -0.953932 32 31 26 255
3.31327 0.3175 -0.9525 32 30 26 255
3.2825 0.31834 -0.9475 33 31 27 255
3.2875 0.319305 -0.9475 34 32 27 255
3.2925 0.319515 -0.9475 33 31 27 255
3.2975 0.319139 -0.9475 33 32 27 255
3.3025 0.319317 -0.9475 30 30 24 255
3.3075 0.319218 -0.9475 31 30 26 255
3.3125 0.318239 -0.9475 32 31 25 255
3.2825 0.318653 -0.9425 33 32 28 255
3.2875 0.319263 -0.9425 35 32 29 255
3.2925 0.31952 -0.9425 33 31 26 255
3.2975 0.319367 -0.9425 32 32 27 255
3.3025 0.31949 -0.9425 33 30 25 255
3.3075 0.319568 -0.9425 34 31 28 255
3.3125 0.31889 -0.9425 33 31 27 255
3.2825 0.319077 -0.9375 35 32 29 255
3.2875 0.319034 -0.9375 32 30 25 255
3.2925 0.319324 -0.9375 33 30 26 255
3.2975 0.319703 -0.9375 33 31 26 255
3.3025 0.319914 -0.9375 33 31 25 255
3.3075 0.319946 -0.9375 33 32 28 255
3.3125 0.319374 -0.9375 34 30 26 255
3.2825 0.319542 -0.9325 35 32 28 255
3.2875 0.319405 -0.9325 32 30 25 255
3.2925 0.319598 -0.9325 33 31 26 255
3.2975 0.319921 -0.9325 32 31 27 255
3.3025 0.320162 -0.9325 36 32 29 255
3.3075 0.320185 -0.9325 34 31 27 255
3.3125 0.319771 -0.9325 33 30 26 255
3.2825 0.320153 -0.9275 35 33 29 255
3.2875 0.319953 -0.9275 33 31 27 255
3.2925 0.319914 -0.9275 34 31 27 255
3.2975 0.319894 -0.9275 32 32 26 255
3.3025 0.32015 -0.9275 34 31 26 255
3.3075 0.320295 -0.9275 33 32 27 255
3.3125 0.320076 -0.9275 33 32 26 255
3.2825 0.320563 -0.9225 36 33 30 255
3.2875 0.320052 -0.9225 33 32 28 255
3.2925 0.319931 -0.9225 33 32 27 255
3.2975 0.319848 -0.9225 34 31 27 255
3.3025 0.3202 -0.9225 34 31 26 255
3.3075 0.320568 -0.9225 34 32 27 255
3.3125 0.320388 -0.9225 31 29 24 255
4.0375 0.1925 -0.598762 61 59 55 255
4.03432 0.1925 -0.5975 61 59 55 255
4.0275 0.1975 -0.598282 65 62 58 255
4.02527 0.1975 -0.5975 65 62 58 255
4.0275 0.196528 -0.5975 65 62 58 255
4.0325 0.1975 -0.600307 65 62 58 255
4.0325 0.193643 -0.5975 65 62 58 255
4.0125 0.1975 -0.593736 71 68 63 255
4.0175 0.1975 -0.595087 68 65 60 255
4.0225 0.1975 -0.596538 70 67 62 255
3.3625 0.245136 -0.6025 47 43 37 255
3.3575 0.245104 -0.6025 47 43 37 255
3.3625 0.243838 -0.5975 47 43 37 255
3.3575 0.243554 -0.5975 47 43 37 255
3.3675 0.244821 -0.6025 46 44 37 255
3.3675 0.243545 -0.5975 46 44 37 255
3.3725 0.244814 -0.6025 48 45 38 255
3.3725 0.243276 -0.5975 48 45 38 255
3.3775 0.245103 -0.6025 47 45 38 255
3.3775 0.243573 -0.5975 47 45 38 255
3.3825 0.245206 -0.6025 49 45 40 255
3.3825 0.243822 -0.5975 49 45 40 255
3.3875 0.245347 -0.6025 48 45 38 255
3.3875 0.243847 -0.5975 48 45 38 255
3.3925 0.245584 -0.6025 50 47 41 255
3.3925 0.243885 -0.5975 50 47 41 255
3.3975 0.244079 -0.5975 49 46 39 255
3.3625 0.2425 -0.5925 46 44 38 255
3.3575 0.2425 -0.594601 46 44 38 255
3.3575 0.24179 -0.5925 46 44 38 255
3.3675 0.2425 -0.593037 47 44 38 255
3.3725 0.2425 -0.593813 46 43 36 255
3.3725 0.242256 -0.5925 46 43 36 255
3.37553 0.2425 -0.5925 45 43 37 255
3.3875 0.2425 -0.593145 47 44 38 255
3.38467 0.2425 -0.5925 47 44 38 255
3.3925 0.2425 -0.592897 48 44 39 255
3.39454 0.2425 -0.5925 46 43 38 255
3.3775 0.242656 -0.5925 48 44 38 255
3.3825 0.242635 -0.5925 47 44 38 255
3.3975 0.242666 -0.5925 48 46 40 255
3.3625 0.240421 -0.5875 44 41 36 255
3.3575 0.240004 -0.5875 44 41 36 255
3.3675 0.2405 -0.5875 46 43 38 255
3.3725 0.240721 -0.5875 45 43 37 255
3.3775 0.241384 -0.5875 46 43 38 255
3.3825 0.241304 -0.5875 46 43 38 255
3.3875 0.240966 -0.5875 46 43 37 255
3.3925 0.241064 -0.5875 45 42 37 255
3.3975 0.241108 -0.5875 47 43 38 255
3.3625 0.238114 -0.5825 46 44 38 255
3.3575 0.23806 -0.5825 46 44 38 255
3.3675 0.23846 -0.5825 46 44 39 255
3.3725 0.238803 -0.5825 46 44 38 255
3.3775 0.23922 -0.5825 44 42 37 255
3.3825 0.23939 -0.5825 46 43 37 255
3.3875 0.239686 -0.5825 45 42 37 255
3.3925 0.239845 -0.5825 47 44 38 255
3.3975 0.239536 -0.5825 48 43 39 255
3.3875 0.237988 -0.5775 44 41 37 255
3.3925 0.238319 -0.5775 45 44 38 255
3.3575 0.317754 -0.8025 42 37 31 255
3.3575 0.3175 -0.800575 42 37 31 255
3.36203 0.3175 -0.8025 42 37 31 255
3.3675 0.317592 -0.8025 42 37 31 255
3.36512 0.3175 -0.7975 42 37 31 255
3.3675 0.317703 -0.7975 42 37 31 255
3.36358 0.3175 -0.8025 42 37 31 255
3.3725 0.317874 -0.8025 41 37 31 255
3.3725 0.318099 -0.7975 41 37 31 255
3.3775 0.318075 -0.8025 40 36 30 255
3.3775 0.318019 -0.7975 40 36 30 255
3.3825 0.318507 -0.8025 40 36 29 255
3.3825 0.317853 -0.7975 40 36 29 255
3.3875 0.319004 -0.8025 41 37 30 255
3.3875 0.318006 -0.7975 41 37 30 255
3.3925 0.318757 -0.8025 40 38 30 255
3.3925 0.317971 -0.7975 40 38 30 255
3.3975 0.318383 -0.8025 39 35 28 255
3.3975 0.3182 -0.7975 39 35 28 255
3.3675 0.3175 -0.795446 43 38 31 255
3.3725 0.3175 -0.792836 42 36 30 255
3.3775 0.3175 -0.794452 43 37 31 255
3.3825 0.3175 -0.795569 42 37 30 255
3.3875 0.3175 -0.794092 42 38 31 255
3.39015 0.3175 -0.7925 41 38 31 255
3.3925 0.317711 -0.7925 41 38 31 255
3.3975 0.318312 -0.7925 40 37 29 255
3.39139 0.3175 -0.7875 39 37 29 255
3.3925 0.317676 -0.7875 39 37 29 255
3.3975 0.318129 -0.7875 42 39 32 255
3.3925 0.3175 -0.78599 42 39 31 255
3.39656 0.3175 -0.7825 41 38 30 255
3.4025 0.287442 -0.6825 43 40 32 255
3.3975 0.287036 -0.6825 43 40 32 255
3.4025 0.284709 -0.6775 43 40 32 255
3.3975 0.28415 -0.6775 43 40 32 255
3.4075 0.287089 -0.6825 45 41 33 255
3.4075 0.284976 -0.6775 45 41 33 255
3.4125 0.287336 -0.6825 45 40 31 255
3.4125 0.28538 -0.6775 45 40 31 255
3.4175 0.2875 -0.681155 44 41 33 255
3.41358 0.2875 -0.6825 44 41 33 255
3.4175 0.285874 -0.6775 44 41 33 255
3.4225 0.2875 -0.681382 44 40 32 255
3.4225 0.28567 -0.6775 44 40 32 255
3.4275 0.2875 -0.6825 43 40 31 255
3.4275 0.285134 -0.6775 43 40 31 255
3.4325 0.2875 -0.6825 45 41 32 255
3.4325 0.285172 -0.6775 45 41 32 255
3.4375 0.2875 -0.681783 44 41 33 255
3.4375 0.285647 -0.6775 44 41 33 255
3.4175 0.288139 -0.6825 43 40 32 255
3.4225 0.288086 -0.6825 67 63 53 255
3.4025 0.2825 -0.672735 47 43 36 255
3.3975 0.2825 -0.674091 47 43 36 255
3.3975 0.281769 -0.6725 47 43 36 255
3.40354 0.2825 -0.6725 46 41 35 255
3.4075 0.282913 -0.6725 45 41 33 255
3.4125 0.283417 -0.6725 45 40 33 255
3.4175 0.283883 -0.6725 45 41 33 255
3.4225 0.283744 -0.6725 46 42 34 255
3.4275 0.283297 -0.6725 45 41 34 255
3.4325 0.283308 -0.6725 46 42 34 255
3.4375 0.283755 -0.6725 47 43 35 255
3.4025 0.279825 -0.6675 46 42 34 255
3.3975 0.279305 -0.6675 46 42 34 255
3.4075 0.2825 -0.671656 48 43 35 255
3.4075 0.280214 -0.6675 48 43 35 255
3.4125 0.2825 -0.670563 48 43 34 255
3.4125 0.280848 -0.6675 48 43 34 255
3.4175 0.2825 -0.669519 46 43 35 255
3.4175 0.281473 -0.6675 46 43 35 255
3.4225 0.2825 -0.66957 47 43 35 255
3.4225 0.281513 -0.6675 47 43 35 255
3.4275 0.2825 -0.670372 48 45 36 255
3.4275 0.281275 -0.6675 48 45 36 255
3.4325 0.2825 -0.67051 47 44 36 255
3.4325 0.281232 -0.6675 47 44 36 255
3.4375 0.2825 -0.669739 48 44 35 255
3.4375 0.281521 -0.6675 48 44 35 255
3.4025 0.2775 -0.663547 47 43 35 255
3.4075 0.2775 -0.663526 48 44 36 255
3.412 0.2775 -0.6625 47 43 36 255
3.4175 0.278555 -0.6625 50 44 36 255
3.4225 0.278746 -0.6625 49 46 37 255
3.4275 0.27852 -0.6625 48 44 36 255
3.4325 0.278541 -0.6625 49 45 36 255
3.4375 0.279006 -0.6625 51 45 39 255
3.4175 0.2775 -0.660636 50 45 36 255
3.4225 0.2775 -0.660119 49 44 36 255
3.4275 0.2775 -0.660711 50 46 37 255
3.4325 0.2775 -0.660698 51 47 38 255
3.4375 0.2775 -0.659792 54 48 40 255
3.4425 0.31465 -0.7575 46 43 34 255
3.4375 0.314698 -0.7575 46 43 34 255
3.4475 0.314285 -0.7575 47 43 35 255
3.4525 0.314034 -0.7575 47 43 35 255
3.4575 0.314611 -0.7575 45 41 33 255
3.4625 0.315302 -0.7575 44 40 32 255
3.4675 0.315478 -0.7575 44 42 34 255
3.4725 0.315822 -0.7575 45 41 33 255
3.4775 0.316474 -0.7575 46 43 36 255
3.4425 0.313497 -0.7525 47 43 35 255
3.4375 0.313377 -0.7525 47 43 35 255
3.4475 0.313471 -0.7525 48 43 36 255
3.4525 0.313535 -0.7525 45 42 34 255
3.4575 0.314039 -0.7525 46 41 33 255
3.4625 0.314536 -0.7525 44 42 33 255
3.4675 0.314677 -0.7525 46 41 35 255
3.4725 0.315049 -0.7525 46 44 36 255
3.4775 0.315631 -0.7525 45 42 35 255
3.4425 0.3125 -0.748271 50 46 37 255
3.4375 0.3125 -0.748019 50 46 37 255
3.4425 0.312315 -0.7475 50 46 37 255
3.4475 0.3125 -0.7477 50 45 37 255
3.4525 0.312739 -0.7475 48 43 35 255
3.4575 0.313019 -0.7475 46 42 34 255
3.4625 0.313486 -0.7475 48 43 35 255
3.4675 0.313879 -0.7475 47 42 36 255
3.4725 0.314194 -0.7475 48 44 36 255
3.4775 0.314355 -0.7475 48 43 35 255
3.4425 0.311059 -0.7425 51 46 38 255
3.4375 0.311368 -0.7425 51 46 38 255
3.4475 0.311241 -0.7425 50 45 37 255
3.4525 0.3125 -0.746181 50 45 36 255
3.4525 0.311812 -0.7425 50 45 36 255
3.4575 0.3125 -0.745042 48 43 35 255
3.4575 0.311972 -0.7425 48 43 35 255
3.4625 0.3125 -0.742668 48 46 38 255
3.4675 0.313037 -0.7425 48 43 35 255
3.4725 0.313128 -0.7425 45 43 34 255
3.4775 0.312923 -0.7425 51 47 38 255
3.4425 0.30964 -0.7375 51 47 39 255
3.4375 0.309934 -0.7375 51 47 39 255
3.4475 0.309821 -0.7375 52 48 40 255
3.4525 0.310512 -0.7375 50 46 37 255
3.4575 0.310727 -0.7375 50 46 38 255
3.4625 0.311215 -0.7375 51 47 39 255
3.4675 0.3125 -0.74052 51 46 39 255
3.4675 0.31169 -0.7375 51 46 39 255
3.4725 0.3125 -0.740547 50 47 39 255
3.4725 0.311561 -0.7375 50 47 39 255
3.4775 0.3125 -0.741148 52 48 40 255
3.4775 0.311397 -0.7375 52 48 40 255
3.4425 0.308132 -0.7325 55 50 42 255
3.4375 0.308195 -0.7325 55 50 42 255
3.4475 0.308456 -0.7325 54 49 41 255
3.4525 0.309107 -0.7325 52 48 40 255
3.4575 0.309163 -0.7325 52 47 39 255
3.4625 0.30939 -0.7325 53 49 41 255
3.4675 0.309842 -0.7325 52 47 40 255
3.4725 0.309958 -0.7325 54 49 41 255
3.4775 0.310293 -0.7325 54 49 41 255
3.4425 0.3075 -0.730821 57 53 44 255
3.4375 0.3075 -0.730802 57 53 44 255
3.4375 0.306267 -0.7275 57 53 44 255
3.4425 0.306281 -0.7275 57 53 44 255
3.4475 0.3075 -0.729822 54 50 43 255
3.4475 0.306601 -0.7275 54 50 43 255
3.4525 0.3075 -0.727976 55 51 43 255
3.4575 0.3075 -0.728262 56 52 43 255
3.4575 0.307213 -0.7275 56 52 43 255
3.4625 0.3075 -0.728318 55 50 41 255
3.4625 0.307148 -0.7275 55 50 41 255
3.46626 0.3075 -0.7275 56 50 43 255
3.4675 0.307626 -0.7275 55 49 42 255
3.4725 0.3082 -0.7275 55 51 43 255
3.4775 0.309006 -0.7275 56 50 43 255
3.4425 0.304581 -0.7225 55 50 42 255
3.4375 0.304577 -0.7225 55 50 42 255
3.4475 0.304845 -0.7225 55 50 41 255
3.4525 0.305392 -0.7225 54 50 41 255
3.4575 0.305327 -0.7225 56 49 41 255
3.4625 0.305314 -0.7225 55 50 41 255
3.4675 0.305703 -0.7225 57 50 44 255
3.4725 0.3075 -0.725778 60 53 45 255
3.4725 0.306266 -0.7225 60 53 45 255
3.4775 0.3075 -0.723496 57 52 44 255
3.4775 0.307146 -0.7225 57 52 44 255
3.4025 0.276881 -0.6625 47 44 35 255
3.4075 0.276775 -0.6625 49 46 38 255
3.4025 0.274207 -0.6575 50 46 38 255
3.4075 0.273841 -0.6575 49 45 37 255
3.4125 0.274735 -0.6575 52 48 40 255
3.4175 0.27594 -0.6575 51 46 38 255
3.4225 0.276233 -0.6575 53 48 40 255
3.4275 0.27579 -0.6575 52 46 38 255
3.4325 0.275762 -0.6575 51 47 38 255
3.4375 0.276199 -0.6575 51 46 37 255
3.4025 0.2725 -0.653129 53 49 41 255
3.3989 0.2725 -0.6525 53 49 41 255
3.4075 0.2725 -0.653936 51 47 39 255
3.4075 0.272 -0.6525 51 47 39 255
3.4125 0.2725 -0.652548 52 48 40 255
3.4175 0.273316 -0.6525 50 46 38 255
3.4225 0.2736 -0.6525 52 47 39 255
3.4275 0.273189 -0.6525 52 47 39 255
3.4325 0.273013 -0.6525 50 45 37 255
3.4375 0.273161 -0.6525 52 46 38 255
3.4025 0.270147 -0.6475 50 46 37 255
3.4075 0.270028 -0.6475 51 47 39 255
3.4125 0.270108 -0.6475 53 48 40 255
3.4175 0.2725 -0.651101 51 47 39 255
3.4175 0.270361 -0.6475 51 47 39 255
3.4225 0.2725 -0.65066 51 46 38 255
3.4225 0.270618 -0.6475 51 46 38 255
3.4275 0.2725 -0.651204 51 48 39 255
3.4275 0.270605 -0.6475 51 48 39 255
3.4325 0.2725 -0.651482 51 47 40 255
3.4325 0.27055 -0.6475 51 47 40 255
3.4375 0.2725 -0.651271 52 48 40 255
3.4375 0.270502 -0.6475 52 48 40 255
3.1975 0.237613 -0.6025 34 31 25 255
3.19494 0.2375 -0.6025 34 31 25 255
3.9925 0.2275 -0.6425 49 45 41 255
3.98931 0.2275 -0.6375 49 45 41 255
3.9925 0.226227 -0.6375 49 45 41 255
3.9675 0.2325 -0.637822 49 47 41 255
3.9725 0.2325 -0.641209 52 48 42 255
3.9725 0.230978 -0.6375 52 48 42 255
3.97494 0.2325 -0.6425 50 48 41 255
3.9775 0.231893 -0.6425 50 48 41 255
3.9775 0.229946 -0.6375 50 48 41 255
3.9825 0.231037 -0.6425 51 48 43 255
3.9825 0.229454 -0.6375 51 48 43 255
3.9875 0.229322 -0.6425 49 45 41 255
3.9875 0.228184 -0.6375 49 45 41 255
3.9625 0.235686 -0.6425 51 47 41 255
3.9575 0.237061 -0.6425 51 47 41 255
3.9625 0.233683 -0.6375 51 47 41 255
3.9575 0.235116 -0.6375 51 47 41 255
3.9675 0.234485 -0.6425 53 49 43 255
3.9725 0.23307 -0.6425 51 47 41 255
3.9875 0.2275 -0.635161 49 46 41 255
3.98397 0.2275 -0.6325 49 46 41 255
3.9875 0.226654 -0.6325 49 46 41 255
3.9925 0.224471 -0.6325 47 44 38 255
3.9625 0.2325 -0.633955 55 51 45 255
3.9603 0.2325 -0.6325 55 51 45 255
3.9625 0.232016 -0.6325 55 51 45 255
3.9675 0.230883 -0.6325 53 49 44 255
3.9725 0.229467 -0.6325 50 48 41 255
3.9775 0.228387 -0.6325 50 48 41 255
3.9825 0.227846 -0.6325 50 47 42 255
3.9575 0.233125 -0.6325 53 49 43 255
3.99377 0.2225 -0.6275 50 46 40 255
3.9775 0.2275 -0.629289 52 48 44 255
3.97545 0.2275 -0.6275 52 48 44 255
3.9775 0.22701 -0.6275 52 48 44 255
3.9825 0.2275 -0.631425 49 46 41 255
3.9825 0.226208 -0.6275 49 46 41 255
3.9875 0.224854 -0.6275 50 47 41 255
3.9925 0.222901 -0.6275 49 46 40 255
3.9575 0.2325 -0.630356 53 50 44 255
3.9575 0.23168 -0.6275 53 50 44 255
3.9625 0.230867 -0.6275 53 50 44 255
3.9675 0.229749 -0.6275 52 48 44 255
3.9725 0.228215 -0.6275 50 47 41 255
3.9925 0.2225 -0.625907 50 48 42 255
3.98977 0.2225 -0.6225 50 48 42 255
3.9925 0.221635 -0.6225 50 48 42 255
3.9725 0.2275 -0.62418 52 50 43 255
3.97126 0.2275 -0.6225 52 50 43 255
3.9725 0.227132 -0.6225 52 50 43 255
3.9775 0.225562 -0.6225 53 50 44 255
3.9825 0.224415 -0.6225 52 49 44 255
3.9875 0.223216 -0.6225 52 49 43 255
3.9625 0.229705 -0.6225 53 50 44 255
3.9575 0.230705 -0.6225 53 50 44 255
3.9675 0.228582 -0.6225 51 49 43 255
3.9825 0.2225 -0.61813 54 50 46 255
3.98148 0.2225 -0.6175 54 50 46 255
3.9875 0.2225 -0.620627 52 51 45 255
3.9875 0.221268 -0.6175 52 51 45 255
3.9925 0.220352 -0.6175 54 51 45 255
3.9675 0.2275 -0.619452 54 51 47 255
3.96461 0.2275 -0.6175 54 51 47 255
3.9675 0.226803 -0.6175 54 51 47 255
3.9725 0.225529 -0.6175 54 51 45 255
3.9775 0.223702 -0.6175 52 50 43 255
3.9625 0.228005 -0.6175 56 52 47 255
3.9575 0.229369 -0.6175 56 52 47 255
3.9775 0.2225 -0.614612 55 52 47 255
3.97476 0.2225 -0.6125 55 52 47 255
3.9775 0.221749 -0.6125 55 52 47 255
3.9825 0.220541 -0.6125 55 51 46 255
3.9875 0.219938 -0.6125 55 52 46 255
3.9925 0.219364 -0.6125 52 49 44 255
3.9625 0.2275 -0.616194 53 51 46 255
3.95774 0.2275 -0.6125 53 51 46 255
3.9625 0.225997 -0.6125 53 51 46 255
3.9675 0.224466 -0.6125 53 50 45 255
3.9725 0.22316 -0.6125 54 51 44 255
3.9926 0.2175 -0.6075 41 40 37 255
3.9725 0.2225 -0.610505 55 52 47 255
3.96788 0.2225 -0.6075 55 52 47 255
3.9725 0.221598 -0.6075 55 52 47 255
3.9775 0.220758 -0.6075 59 57 51 255
3.9825 0.219661 -0.6075 57 53 48 255
3.9875 0.218747 -0.6075 52 49 45 255
3.9575 0.226019 -0.6075 53 50 44 255
3.9625 0.224297 -0.6075 53 50 44 255
3.9875 0.2175 -0.6045 34 32 31 255
3.98486 0.2175 -0.6025 34 32 31 255
3.9875 0.216594 -0.6025 34 32 31 255
3.9925 0.21459 -0.6025 37 35 34 255
3.96333 0.2225 -0.6025 57 54 49 255
3.9675 0.221188 -0.6025 57 54 49 255
3.9725 0.22029 -0.6025 57 54 49 255
3.9775 0.219507 -0.6025 46 43 39 255
3.9825 0.21827 -0.6025 44 40 38 255
3.9625 0.22276 -0.6025 55 52 47 255
3.9575 0.224494 -0.6025 55 52 47 255
3.7225 0.2225 -0.55965 102 99 90 255
3.7175 0.2225 -0.559246 102 99 90 255
3.7275 0.2225 -0.5595 102 99 89 255
3.7325 0.2225 -0.559261 104 100 90 255
3.7375 0.2225 -0.559472 104 100 90 255
3.7425 0.2225 -0.559155 101 99 88 255
3.7475 0.2225 -0.559149 100 97 87 255
3.7525 0.2225 -0.559845 105 99 92 255
3.7575 0.2225 -0.559952 101 98 90 255
3.7225 0.2275 -0.562305 100 99 89 255
3.7275 0.2275 -0.562059 101 98 88 255
3.7325 0.2275 -0.561494 101 98 88 255
3.7375 0.2275 -0.561296 100 97 87 255
3.7425 0.2275 -0.561464 99 96 87 255
3.7475 0.2275 -0.562199 102 99 89 255
3.75036 0.2275 -0.5625 100 96 88 255
3.7525 0.227159 -0.5625 100 96 88 255
3.7575 0.2275 -0.562455 100 97 89 255
3.75652 0.2275 -0.5625 100 97 89 255
3.7275 0.228479 -0.5625 98 95 85 255
3.7325 0.229561 -0.5625 101 98 88 255
3.7375 0.230068 -0.5625 98 95 85 255
3.7425 0.229371 -0.5625 101 97 89 255
3.8075 0.2825 -0.678601 63 58 50 255
3.80444 0.2825 -0.6775 63 58 50 255
3.8075 0.281884 -0.6775 63 58 50 255
3.8125 0.2825 -0.679858 60 56 47 255
3.8125 0.281215 -0.6775 60 56 47 255
3.8175 0.2825 -0.680849 60 56 46 255
3.8175 0.280912 -0.6775 60 56 46 255
3.8225 0.280267 -0.6775 60 56 47 255
3.8275 0.279052 -0.6775 60 54 47 255
3.8325 0.27802 -0.6775 59 54 46 255
3.8025 0.282886 -0.6775 60 55 47 255
3.8025 0.2825 -0.676667 62 57 49 255
3.8025 0.280403 -0.6725 62 57 49 255
3.8075 0.279332 -0.6725 63 58 49 255
3.8125 0.278898 -0.6725 62 58 48 255
3.8175 0.278551 -0.6725 62 59 49 255
3.5625 0.249599 -0.5975 70 66 59 255
3.5675 0.250044 -0.5975 73 69 61 255
3.5725 0.250031 -0.5975 64 60 53 255
3.5775 0.249525 -0.5975 66 62 54 255
3.5825 0.249667 -0.5975 65 62 55 255
3.5875 0.250478 -0.5975 64 61 54 255
3.5925 0.251014 -0.5975 63 60 55 255
3.5975 0.250948 -0.5975 62 58 54 255
3.5625 0.2475 -0.593248 71 67 60 255
3.56427 0.2475 -0.5925 71 68 62 255
3.5675 0.248179 -0.5925 72 68 61 255
3.5725 0.248787 -0.5925 64 60 55 255
3.5775 0.248379 -0.5925 63 59 52 255
3.5825 0.248272 -0.5925 65 60 55 255
3.5875 0.248915 -0.5925 62 59 53 255
3.5925 0.249474 -0.5925 63 61 56 255
3.5975 0.249632 -0.5925 62 60 53 255
3.5625 0.24554 -0.5875 69 66 60 255
3.5675 0.2475 -0.590535 69 65 60 255
3.5675 0.246454 -0.5875 69 65 60 255
3.5725 0.2475 -0.588454 60 58 52 255
3.5725 0.247156 -0.5875 60 58 52 255
3.5775 0.2475 -0.589625 60 57 52 255
3.5775 0.246782 -0.5875 60 57 52 255
3.5825 0.2475 -0.590258 60 57 52 255
3.5825 0.246536 -0.5875 60 57 52 255
3.5875 0.2475 -0.58887 58 56 51 255
3.5875 0.246948 -0.5875 58 56 51 255
3.59159 0.2475 -0.5875 61 58 52 255
3.5925 0.247616 -0.5875 61 58 52 255
3.5975 0.247952 -0.5875 60 58 52 255
3.5625 0.244017 -0.5825 74 70 63 255
3.5675 0.244428 -0.5825 69 65 59 255
3.5725 0.24463 -0.5825 60 57 51 255
3.5775 0.244477 -0.5825 59 57 52 255
3.5825 0.2447 -0.5825 61 57 52 255
3.5875 0.244906 -0.5825 59 56 52 255
3.5925 0.245189 -0.5825 60 56 51 255
3.5975 0.2475 -0.586545 59 57 51 255
3.5975 0.245437 -0.5825 59 57 51 255
3.5625 0.2425 -0.578836 77 72 67 255
3.5625 0.241958 -0.5775 77 72 67 255
3.5675 0.2425 -0.57855 76 71 66 255
3.5675 0.242012 -0.5775 76 71 66 255
3.5725 0.2425 -0.578161 64 61 56 255
3.57662 0.2425 -0.5775 66 63 58 255
3.5775 0.242571 -0.5775 64 61 56 255
3.5825 0.243034 -0.5775 64 61 56 255
3.5875 0.243051 -0.5775 64 60 54 255
3.5925 0.242834 -0.5775 65 61 55 255
3.5975 0.242953 -0.5775 63 60 54 255
3.5625 0.239596 -0.5725 84 77 73 255
3.5675 0.239843 -0.5725 86 80 75 255
3.5725 0.239883 -0.5725 84 78 73 255
3.5775 0.240525 -0.5725 73 68 63 255
3.5825 0.2425 -0.576216 73 68 63 255
3.5825 0.240944 -0.5725 73 68 63 255
3.5875 0.2425 -0.576159 74 69 63 255
3.5875 0.240934 -0.5725 74 69 63 255
3.5925 0.2425 -0.576731 73 68 63 255
3.5925 0.240681 -0.5725 73 68 63 255
3.5975 0.2425 -0.576538 74 70 64 255
3.5975 0.240743 -0.5725 74 70 64 255
3.5625 0.2375 -0.569687 74 70 69 255
3.5675 0.2375 -0.569446 71 67 64 255
3.5725 0.2375 -0.569167 72 69 65 255
3.5775 0.2375 -0.567767 78 74 71 255
3.57907 0.2375 -0.5675 77 74 70 255
3.5825 0.237903 -0.5675 77 74 70 255
3.5875 0.237969 -0.5675 68 64 58 255
3.5925 0.238102 -0.5675 67 64 58 255
3.5975 0.238363 -0.5675 70 69 62 255
3.3625 0.300398 -0.7225 58 52 45 255
3.3575 0.300155 -0.7225 58 52 45 255
3.3625 0.29877 -0.7175 58 52 45 255
3.3575 0.298836 -0.7175 58 52 45 255
3.3675 0.300957 -0.7225 56 51 44 255
3.3675 0.29924 -0.7175 56 51 44 255
3.3725 0.300942 -0.7225 58 51 44 255
3.3725 0.299565 -0.7175 58 51 44 255
3.3775 0.300651 -0.7225 59 52 44 255
3.3775 0.299499 -0.7175 59 52 44 255
3.3825 0.300923 -0.7225 59 54 46 255
3.3825 0.29982 -0.7175 59 54 46 255
3.3875 0.301574 -0.7225 59 54 46 255
3.3875 0.300214 -0.7175 59 54 46 255
3.3925 0.3025 -0.7225 58 52 44 255
3.3925 0.300662 -0.7175 58 52 44 255
3.3975 0.3025 -0.7205 57 53 44 255
3.3975 0.30136 -0.7175 57 53 44 255
3.3975 0.303277 -0.7225 55 52 42 255
3.3625 0.2975 -0.71418 61 55 46 255
3.3575 0.2975 -0.7125 61 55 46 255
3.3625 0.296871 -0.7125 61 55 46 255
3.3675 0.2975 -0.713181 60 56 46 255
3.36946 0.2975 -0.7125 62 58 48 255
3.3725 0.297949 -0.7125 58 53 45 255
3.3775 0.298149 -0.7125 60 54 46 255
3.3825 0.298244 -0.7125 57 52 45 255
3.3875 0.298352 -0.7125 58 53 45 255
3.3925 0.298447 -0.7125 59 53 45 255
3.3975 0.298815 -0.7125 58 54 45 255
3.3625 0.295058 -0.7075 60 55 45 255
3.3575 0.295818 -0.7075 60 55 45 255
3.3675 0.295449 -0.7075 62 57 49 255
3.3725 0.2975 -0.711427 58 53 44 255
3.3725 0.296055 -0.7075 58 53 44 255
3.3775 0.2975 -0.710871 62 55 48 255
3.3775 0.296244 -0.7075 62 55 48 255
3.3825 0.2975 -0.710873 60 54 46 255
3.3825 0.296021 -0.7075 60 54 46 255
3.3875 0.2975 -0.710866 62 56 47 255
3.3875 0.295847 -0.7075 62 56 47 255
3.3925 0.2975 -0.710607 61 55 46 255
3.3925 0.296019 -0.7075 61 55 46 255
3.3975 0.2975 -0.709932 61 55 47 255
3.3975 0.296266 -0.7075 61 55 47 255
3.3625 0.293543 -0.7025 62 55 47 255
3.3575 0.293913 -0.7025 62 55 47 255
3.3675 0.293904 -0.7025 63 57 49 255
3.3725 0.294323 -0.7025 60 56 46 255
3.3775 0.294367 -0.7025 59 55 47 255
3.3825 0.293996 -0.7025 61 55 47 255
3.3875 0.293823 -0.7025 60 55 46 255
3.3925 0.294301 -0.7025 61 56 48 255
3.3975 0.294658 -0.7025 61 57 47 255
3.3625 0.2925 -0.699171 38 35 28 255
3.3575 0.2925 -0.698889 38 35 28 255
3.3575 0.291888 -0.6975 38 35 28 255
3.3625 0.291901 -0.6975 38 35 28 255
3.3675 0.2925 -0.698161 39 36 31 255
3.36985 0.2925 -0.6975 39 37 30 255
3.3825 0.2925 -0.698368 62 58 48 255
3.37972 0.2925 -0.6975 62 58 48 255
3.3825 0.292178 -0.6975 62 58 48 255
3.3875 0.2925 -0.69877 63 57 48 255
3.3875 0.29205 -0.6975 63 57 48 255
3.38991 0.2925 -0.6975 66 61 51 255
3.3725 0.292754 -0.6975 64 60 51 255
3.3775 0.292751 -0.6975 62 57 49 255
3.3925 0.292976 -0.6975 62 56 48 255
3.3975 0.293732 -0.6975 60 56 47 255
3.3625 0.28989 -0.6925 39 36 30 255
3.3575 0.289815 -0.6925 39 36 30 255
3.3675 0.290184 -0.6925 40 36 30 255
3.3725 0.290763 -0.6925 38 36 29 255
3.3775 0.2925 -0.696705 41 38 31 255
3.3775 0.291025 -0.6925 41 38 31 255
3.3825 0.290385 -0.6925 40 37 31 255
3.3875 0.290278 -0.6925 66 62 51 255
3.3925 0.2925 -0.695965 65 61 51 255
3.3925 0.291436 -0.6925 65 61 51 255
3.39724 0.2925 -0.6925 64 59 50 255
3.3625 0.28782 -0.6875 42 38 32 255
3.3575 0.287661 -0.6875 42 38 32 255
3.3675 0.287861 -0.6875 41 38 31 255
3.3725 0.288121 -0.6875 40 38 30 255
3.3775 0.288469 -0.6875 41 39 31 255
3.3825 0.288111 -0.6875 40 39 33 255
3.3875 0.288177 -0.6875 40 38 31 255
3.3925 0.289123 -0.6875 41 39 31 255
3.3975 0.290151 -0.6875 68 64 53 255
3.3575 0.285542 -0.6825 43 40 33 255
3.3625 0.285673 -0.6825 43 40 33 255
3.3675 0.2875 -0.686709 42 37 31 255
3.3675 0.285618 -0.6825 42 37 31 255
3.3725 0.2875 -0.686346 44 40 33 255
3.3725 0.285644 -0.6825 44 40 33 255
3.3775 0.2875 -0.685869 44 41 34 255
3.3775 0.285742 -0.6825 44 41 34 255
3.3825 0.2875 -0.686278 43 40 32 255
3.3825 0.285693 -0.6825 43 40 32 255
3.3875 0.2875 -0.685959 42 39 32 255
3.3875 0.285891 -0.6825 42 39 32 255
3.3925 0.2875 -0.684561 42 38 33 255
3.3925 0.286257 -0.6825 42 38 33 255
3.3225 0.2375 -0.585653 47 44 38 255
3.3175 0.2375 -0.585031 47 44 38 255
3.3175 0.236548 -0.5825 47 44 38 255
3.3225 0.236422 -0.5825 47 44 38 255
3.3275 0.2375 -0.585844 47 43 38 255
3.3275 0.236218 -0.5825 47 43 38 255
3.3325 0.2375 -0.585329 47 44 38 255
3.3325 0.236349 -0.5825 47 44 38 255
3.3375 0.2375 -0.585115 48 45 39 255
3.3375 0.236478 -0.5825 48 45 39 255
3.3425 0.2375 -0.583903 47 46 38 255
3.3425 0.23694 -0.5825 47 46 38 255
3.34514 0.2375 -0.5825 45 43 38 255
3.3225 0.234177 -0.5775 47 45 39 255
3.3175 0.233955 -0.5775 47 45 39 255
3.3275 0.233937 -0.5775 47 45 39 255
3.3325 0.233803 -0.5775 49 46 39 255
3.3375 0.233866 -0.5775 48 45 39 255
3.3425 0.234704 -0.5775 50 46 39 255
3.3475 0.2375 -0.581165 48 46 40 255
3.3475 0.236193 -0.5775 48 46 40 255
3.3525 0.2375 -0.579965 47 45 38 255
3.3525 0.236615 -0.5775 47 45 38 255
3.3225 0.2325 -0.574729 49 46 41 255
3.3175 0.2325 -0.575225 49 46 41 255
3.3175 0.230455 -0.5725 49 46 41 255
3.3225 0.230918 -0.5725 49 46 41 255
3.3275 0.2325 -0.574861 48 46 41 255
3.3275 0.231027 -0.5725 48 46 41 255
3.3325 0.2325 -0.575102 53 51 45 255
3.3325 0.230827 -0.5725 53 51 45 255
3.3375 0.2325 -0.575043 50 46 42 255
3.3375 0.230891 -0.5725 50 46 42 255
3.3425 0.2325 -0.573242 54 53 46 255
3.34367 0.2325 -0.5725 52 50 44 255
3.3475 0.233799 -0.5725 50 47 39 255
3.3525 0.234253 -0.5725 51 49 41 255
3.3225 0.2275 -0.568791 51 48 42 255
3.3175 0.2275 -0.569443 51 48 42 255
3.3175 0.225662 -0.5675 51 48 42 255
3.3225 0.226288 -0.5675 51 48 42 255
3.3275 0.2275 -0.568042 46 45 41 255
3.3325 0.2275 -0.568034 34 33 31 255
3.3375 0.2275 -0.568222 38 37 33 255
3.34186 0.2275 -0.5675 42 41 38 255
3.3475 0.2325 -0.570968 32 30 28 255
3.3475 0.22891 -0.5675 32 30 28 255
3.3525 0.2325 -0.570294 33 31 29 255
3.3525 0.229699 -0.5675 33 31 29 255
3.3225 0.2225 -0.563829 38 36 33 255
3.3175 0.2225 -0.564056 38 36 33 255
3.3275 0.2225 -0.563326 42 41 38 255
3.3475 0.2275 -0.565953 47 47 42 255
3.3525 0.2275 -0.565183 46 45 42 255
3.4825 0.234868 -0.5675 167 160 147 255
3.4875 0.235192 -0.5675 178 173 165 255
3.4925 0.235295 -0.5675 175 172 163 255
3.4975 0.235429 -0.5675 171 168 160 255
3.5025 0.235776 -0.5675 185 182 173 255
3.5075 0.235417 -0.5675 184 181 173 255
3.5125 0.235338 -0.5675 185 183 173 255
3.4825 0.2325 -0.564978 87 82 76 255
3.4825 0.229067 -0.5625 87 82 76 255
3.4875 0.2325 -0.564253 89 84 78 255
3.4875 0.2305 -0.5625 89 84 78 255
3.4925 0.2325 -0.563688 94 90 82 255
3.4925 0.231413 -0.5625 94 90 82 255
3.4975 0.2325 -0.563697 92 89 80 255
3.4975 0.231157 -0.5625 92 89 80 255
3.5025 0.2325 -0.563838 86 84 75 255
3.5025 0.230598 -0.5625 86 84 75 255
3.5075 0.2325 -0.564465 90 87 78 255
3.5075 0.229875 -0.5625 90 87 78 255
3.5125 0.2325 -0.565082 92 90 80 255
3.5125 0.229482 -0.5625 92 90 80 255
3.1625 0.235858 -0.6025 31 29 24 255
3.1625 0.234154 -0.5975 31 29 24 255
3.1675 0.235808 -0.6025 33 29 26 255
3.1675 0.234267 -0.5975 33 29 26 255
3.1725 0.236381 -0.6025 32 29 23 255
3.1725 0.23488 -0.5975 32 29 23 255
3.1775 0.236873 -0.6025 34 31 24 255
3.1775 0.235198 -0.5975 34 31 24 255
3.1825 0.237102 -0.6025 34 31 26 255
3.1825 0.235236 -0.5975 34 31 26 255
3.1875 0.237212 -0.6025 32 30 25 255
3.1875 0.235383 -0.5975 32 30 25 255
3.1925 0.237389 -0.6025 33 30 24 255
3.1925 0.235656 -0.5975 33 30 24 255
3.1975 0.236041 -0.5975 33 30 26 255
3.1625 0.2325 -0.593408 32 30 23 255
3.1625 0.232151 -0.5925 32 30 23 255
3.16532 0.2325 -0.5925 32 30 24 255
3.1675 0.232776 -0.5925 34 31 25 255
3.1725 0.233381 -0.5925 31 29 23 255
3.1775 0.233502 -0.5925 34 31 25 255
3.1825 0.233498 -0.5925 32 29 24 255
3.1875 0.233624 -0.5925 32 30 25 255
3.1925 0.233829 -0.5925 33 29 25 255
3.1975 0.234135 -0.5925 34 31 25 255
3.1625 0.230658 -0.5875 34 31 26 255
3.1675 0.2325 -0.591609 32 29 25 255
3.1675 0.231319 -0.5875 32 29 25 255
3.1725 0.2325 -0.589278 31 30 26 255
3.1725 0.232042 -0.5875 31 30 26 255
3.1775 0.2325 -0.588475 33 30 25 255
3.1775 0.232264 -0.5875 33 30 25 255
3.1825 0.2325 -0.588621 34 31 26 255
3.1825 0.23221 -0.5875 34 31 26 255
3.1875 0.2325 -0.588654 34 31 27 255
3.1875 0.23216 -0.5875 34 31 27 255
3.1925 0.2325 -0.588936 33 31 25 255
3.1925 0.231961 -0.5875 33 31 25 255
3.1975 0.2325 -0.588702 32 29 25 255
3.1975 0.231965 -0.5875 32 29 25 255
3.1625 0.229199 -0.5825 35 32 28 255
3.1675 0.229533 -0.5825 34 31 27 255
3.1725 0.230485 -0.5825 35 31 27 255
3.1775 0.23068 -0.5825 36 32 27 255
3.1825 0.230447 -0.5825 34 31 24 255
3.1875 0.23047 -0.5825 35 32 26 255
3.1925 0.230188 -0.5825 34 31 27 255
3.1975 0.230301 -0.5825 33 30 26 255
3.1625 0.2275 -0.577938 45 39 33 255
3.1675 0.2275 -0.578107 43 39 33 255
3.16956 0.2275 -0.5775 41 38 32 255
3.1725 0.227914 -0.5775 36 34 28 255
3.1775 0.228197 -0.5775 37 34 28 255
3.1825 0.228335 -0.5775 37 34 28 255
3.1875 0.228508 -0.5775 38 34 28 255
3.1925 0.228198 -0.5775 37 34 29 255
3.1975 0.228441 -0.5775 36 33 28 255
3.1625 0.22487 -0.5725 44 40 35 255
3.1675 0.224495 -0.5725 43 40 33 255
3.1725 0.224884 -0.5725 42 38 32 255
3.1775 0.2275 -0.576278 42 40 32 255
3.1775 0.225293 -0.5725 42 40 32 255
3.1825 0.2275 -0.575863 44 41 33 255
3.1825 0.225721 -0.5725 44 41 33 255
3.1875 0.2275 -0.575444 45 41 34 255
3.1875 0.225891 -0.5725 45 41 34 255
3.1925 0.2275 -0.576093 46 43 36 255
3.1925 0.22551 -0.5725 46 43 36 255
3.1975 0.2275 -0.575736 45 41 35 255
3.1975 0.225712 -0.5725 45 41 35 255
3.1625 0.2225 -0.568564 39 36 31 255
3.15888 0.2225 -0.5675 39 36 31 255
3.1625 0.221896 -0.5675 39 36 31 255
3.1675 0.2225 -0.569085 43 38 33 255
3.1675 0.221645 -0.5675 43 38 33 255
3.1725 0.2225 -0.568259 39 36 30 255
3.1725 0.222107 -0.5675 39 36 30 255
3.17654 0.2225 -0.5675 42 37 31 255
3.1875 0.2225 -0.567745 44 42 35 255
3.18508 0.2225 -0.5675 44 42 35 255
3.1925 0.2225 -0.567993 47 43 36 255
3.1975 0.2225 -0.567591 50 45 38 255
3.1775 0.222595 -0.5675 43 41 34 255
3.1825 0.222677 -0.5675 44 42 34 255
3.1625 0.219605 -0.5625 41 38 32 255
3.1675 0.219498 -0.5625 43 41 34 255
3.1725 0.219562 -0.5625 40 37 30 255
3.1775 0.219448 -0.5625 41 38 32 255
3.1825 0.218993 -0.5625 42 38 31 255
3.1875 0.218533 -0.5625 46 41 34 255
3.1925 0.218595 -0.5625 50 45 38 255
3.1975 0.218601 -0.5625 47 43 36 255
4.07847 0.2025 -0.6475 54 52 44 255
4.0775 0.2025 -0.646321 54 52 44 255
4.0825 0.200902 -0.6475 54 52 44 255
4.0875 0.198456 -0.6475 78 74 65 255
4.0775 0.202894 -0.6475 70 70 65 255
3.2025 0.2375 -0.601729 34 32 26 255
3.2025 0.236247 -0.5975 34 32 26 255
3.2075 0.2375 -0.602228 36 33 27 255
3.2075 0.236219 -0.5975 36 33 27 255
3.2125 0.2375 -0.601234 34 31 25 255
3.2125 0.236421 -0.5975 34 31 25 255
3.2175 0.2375 -0.598667 34 30 25 255
3.2175 0.237051 -0.5975 34 30 25 255
3.22207 0.2375 -0.5975 32 28 24 255
3.2275 0.2375 -0.597762 33 29 24 255
3.22378 0.2375 -0.5975 33 29 24 255
3.2325 0.2375 -0.598845 33 30 25 255
3.2325 0.236973 -0.5975 33 30 25 255
3.2375 0.2375 -0.599281 32 29 23 255
3.2375 0.236966 -0.5975 32 29 23 255
3.2025 0.234518 -0.5925 34 31 27 255
3.2075 0.234764 -0.5925 31 27 23 255
3.2125 0.234858 -0.5925 34 30 25 255
3.2175 0.235144 -0.5925 33 31 24 255
3.2225 0.235233 -0.5925 32 29 23 255
3.2275 0.235057 -0.5925 31 28 24 255
3.2325 0.235275 -0.5925 34 31 25 255
3.2375 0.235583 -0.5925 33 30 23 255
3.20194 0.2325 -0.5875 33 30 25 255
3.2075 0.233012 -0.5875 32 29 25 255
3.2125 0.233085 -0.5875 33 31 26 255
3.2175 0.233521 -0.5875 33 30 25 255
3.2225 0.233839 -0.5875 34 31 25 255
3.2275 0.233733 -0.5875 33 31 25 255
3.2325 0.233791 -0.5875 33 30 24 255
3.2375 0.234113 -0.5875 33 31 24 255
3.2025 0.230995 -0.5825 32 29 24 255
3.2075 0.2325 -0.586226 35 31 26 255
3.2075 0.231098 -0.5825 35 31 26 255
3.2125 0.2325 -0.58602 34 33 26 255
3.2125 0.231178 -0.5825 34 33 26 255
3.2175 0.2325 -0.583876 35 32 26 255
3.2175 0.232104 -0.5825 35 32 26 255
3.22013 0.2325 -0.5825 35 32 25 255
3.2325 0.2325 -0.583419 35 33 27 255
3.2293 0.2325 -0.5825 35 33 27 255
3.2325 0.232188 -0.5825 35 33 27 255
3.2375 0.2325 -0.5825 38 34 29 255
3.2225 0.232822 -0.5825 35 33 27 255
3.2275 0.232665 -0.5825 34 31 26 255
3.2025 0.229108 -0.5775 37 34 27 255
3.2075 0.228987 -0.5775 39 36 31 255
3.2125 0.228953 -0.5775 37 34 28 255
3.2175 0.229892 -0.5775 36 32 27 255
3.2225 0.2325 -0.581673 40 35 30 255
3.2225 0.230679 -0.5775 40 35 30 255
3.2275 0.230517 -0.5775 38 35 29 255
3.2325 0.230073 -0.5775 39 36 28 255
3.2375 0.230166 -0.5775 39 35 29 255
3.2025 0.2275 -0.574696 43 40 32 255
3.2025 0.226277 -0.5725 43 40 32 255
3.2075 0.2275 -0.574862 45 43 35 255
3.2075 0.226226 -0.5725 45 43 35 255
3.2125 0.2275 -0.574933 45 42 34 255
3.2125 0.226163 -0.5725 45 42 34 255
3.2175 0.2275 -0.573736 43 41 34 255
3.2175 0.226755 -0.5725 43 41 34 255
3.2225 0.2275 -0.572804 45 42 35 255
3.2275 0.2275 -0.57293 44 41 35 255
3.2325 0.2275 -0.573363 46 44 36 255
3.2325 0.226959 -0.5725 46 44 36 255
3.2375 0.2275 -0.573586 47 44 36 255
3.2375 0.226718 -0.5725 47 44 36 255
3.19878 0.2225 -0.5675 51 46 38 255
3.2375 0.2225 -0.567825 45 42 34 255
3.235 0.2225 -0.5675 45 42 34 255
3.2025 0.222669 -0.5675 45 42 34 255
3.2075 0.222734 -0.5675 46 43 34 255
3.2125 0.222928 -0.5675 44 42 36 255
3.2175 0.223301 -0.5675 45 42 34 255
3.2225 0.223598 -0.5675 43 41 33 255
3.2275 0.223426 -0.5675 46 43 36 255
3.2325 0.222844 -0.5675 45 43 36 255
3.2025 0.218721 -0.5625 46 43 35 255
3.2075 0.219029 -0.5625 48 45 38 255
3.2125 0.219187 -0.5625 46 44 36 255
3.2175 0.2225 -0.566503 45 42 35 255
3.2175 0.21923 -0.5625 45 42 35 255
3.2225 0.2225 -0.566225 41 38 33 255
3.2225 0.219146 -0.5625 41 38 33 255
3.2275 0.2225 -0.566402 45 42 36 255
3.2275 0.218851 -0.5625 45 42 36 255
3.2325 0.218103 -0.5625 47 42 34 255
3.2375 0.217614 -0.5625 48 44 36 255
4.07618 0.1925 -0.6175 48 45 42 255
4.0675 0.196958 -0.6175 89 86 74 255
4.0725 0.194202 -0.6175 63 60 58 255
4.0725 0.1925 -0.6155 85 83 74 255
4.06789 0.1925 -0.6125 85 83 74 255
4.0725 0.189615 -0.6125 85 83 74 255
4.0625 0.195633 -0.6125 47 45 41 255
4.0725 0.1875 -0.609852 129 126 113 255
4.06941 0.1875 -0.6075 129 126 113 255
4.0725 0.185944 -0.6075 129 126 113 255
4.0575 0.1925 -0.607624 48 48 44 255
4.0625 0.1925 -0.609378 86 84 76 255
4.0625 0.190716 -0.6075 86 84 76 255
4.0675 0.18855 -0.6075 113 108 95 255
4.0525 0.194995 -0.6075 55 54 48 255
4.0625 0.1875 -0.603619 63 63 56 255
4.05896 0.1875 -0.6025 63 63 56 255
4.0675 0.1875 -0.606072 53 51 47 255
4.0525 0.1925 -0.604664 63 61 54 255
4.04848 0.1925 -0.6025 63 61 54 255
4.0525 0.190357 -0.6025 63 61 54 255
4.0575 0.187956 -0.6025 59 57 52 255
4.0425 0.194993 -0.6025 62 59 54 255
4.0475 0.192996 -0.6025 59 56 52 255
3.2325 0.291569 -1.2025 36 36 32 255
3.2275 0.292401 -1.2025 36 36 32 255
3.2325 0.2925 -1.19808 36 36 32 255
3.23516 0.2925 -1.1975 33 32 30 255
3.2375 0.292401 -1.1975 33 32 30 255
3.2275 0.293662 -1.1975 39 39 34 255
3.2325 0.293405 -1.1925 27 27 19 255
3.2275 0.294178 -1.1925 27 27 19 255
3.2375 0.293432 -1.1925 35 36 31 255
3.2325 0.294048 -1.1875 20 18 12 255
3.2275 0.294672 -1.1875 20 18 12 255
3.2375 0.294364 -1.1875 35 35 32 255
3.2325 0.295013 -1.1825 34 35 32 255
3.2275 0.295401 -1.1825 34 35 32 255
3.2375 0.295207 -1.1825 35 35 32 255
3.2325 0.295977 -1.1775 37 37 33 255
3.2275 0.296275 -1.1775 37 37 33 255
3.2375 0.295924 -1.1775 35 36 32 255
3.2325 0.297076 -1.1725 16 16 11 255
3.2275 0.297265 -1.1725 16 16 11 255
3.2375 0.296866 -1.1725 35 36 33 255
3.2325 0.2975 -1.17084 35 35 33 255
3.2375 0.2975 -1.16995 35 35 33 255
3.2375 0.298092 -1.1675 38 39 36 255
3.2325 0.298257 -1.1675 38 39 36 255
3.2825 0.3175 -0.814935 43 40 33 255
3.2775 0.317209 -0.8125 43 40 33 255
3.2825 0.317093 -0.8125 43 40 33 255
3.2875 0.3175 -0.815111 43 40 34 255
3.2875 0.317017 -0.8125 43 40 34 255
3.2925 0.3175 -0.813634 41 37 33 255
3.2925 0.317199 -0.8125 41 37 33 255
3.2975 0.3175 -0.813294 41 37 31 255
3.2975 0.317242 -0.8125 41 37 31 255
3.3025 0.3175 -0.8147 53 47 40 255
3.3025 0.316877 -0.8125 53 47 40 255
3.3075 0.3175 -0.816388 70 65 55 255
3.3075 0.316693 -0.8125 70 65 55 255
3.3125 0.3175 -0.814683 75 69 60 255
3.3125 0.31721 -0.8125 75 69 60 255
3.31448 0.3175 -0.8125 59 53 47 255
3.2825 0.316289 -0.8075 42 39 33 255
3.2775 0.316433 -0.8075 42 39 33 255
3.2875 0.316532 -0.8075 42 38 32 255
3.2925 0.316733 -0.8075 41 37 32 255
3.2975 0.316426 -0.8075 38 35 28 255
3.3025 0.31605 -0.8075 46 41 34 255
3.3075 0.316053 -0.8075 61 57 47 255
3.3125 0.316804 -0.8075 69 65 54 255
3.31627 0.3175 -0.8075 53 48 41 255
3.3225 0.2775 -0.665089 50 45 38 255
3.3225 0.275937 -0.6625 50 45 38 255
3.3275 0.2775 -0.665251 48 44 35 255
3.3275 0.275941 -0.6625 48 44 35 255
3.3325 0.2775 -0.665688 49 44 35 255
3.3325 0.275856 -0.6625 49 44 35 255
3.3375 0.2775 -0.665832 47 43 35 255
3.3375 0.275937 -0.6625 47 43 35 255
3.3425 0.2775 -0.665674 46 40 34 255
3.3425 0.276109 -0.6625 46 40 34 255
3.3475 0.2775 -0.665863 46 42 35 255
3.3475 0.276019 -0.6625 46 42 35 255
3.3525 0.2775 -0.666951 47 43 36 255
3.3525 0.27536 -0.6625 47 43 36 255
3.3325 0.2725 -0.657598 49 45 37 255
3.32911 0.2725 -0.6575 49 45 37 255
3.3343 0.2725 -0.6575 49 45 38 255
3.3225 0.272702 -0.6575 48 43 35 255
3.3275 0.272531 -0.6575 50 45 38 255
3.3375 0.272619 -0.6575 49 44 36 255
3.3425 0.273147 -0.6575 47 43 36 255
3.3475 0.27328 -0.6575 48 44 35 255
3.3525 0.272552 -0.6575 49 45 38 255
3.3225 0.270042 -0.6525 48 46 37 255
3.3275 0.269678 -0.6525 49 45 37 255
3.3325 0.269717 -0.6525 51 45 39 255
3.3375 0.269883 -0.6525 50 45 38 255
3.3425 0.2725 -0.656446 51 48 39 255
3.3425 0.270322 -0.6525 51 48 39 255
3.3475 0.2725 -0.656177 51 47 39 255
3.3475 0.270508 -0.6525 51 47 39 255
3.3525 0.269915 -0.6525 50 46 38 255
3.3275 0.2675 -0.647721 50 46 37 255
3.32572 0.2675 -0.6475 50 46 37 255
3.33025 0.2675 -0.6475 50 46 38 255
3.3225 0.26768 -0.6475 49 46 38 255
3.3325 0.267579 -0.6475 51 45 38 255
3.3375 0.267769 -0.6475 49 44 36 255
3.3425 0.267967 -0.6475 51 46 38 255
3.3475 0.268232 -0.6475 49 46 36 255
3.3525 0.268049 -0.6475 51 47 38 255
3.3225 0.264781 -0.6425 52 48 41 255
3.3275 0.264462 -0.6425 53 49 40 255
3.3325 0.264239 -0.6425 52 47 39 255
3.3375 0.264454 -0.6425 52 47 39 255
3.3425 0.2675 -0.646609 54 49 40 255
3.3425 0.26489 -0.6425 54 49 40 255
3.3475 0.2675 -0.645987 52 49 39 255
3.3475 0.265399 -0.6425 52 49 39 255
3.3525 0.2675 -0.646245 53 48 40 255
3.3525 0.26562 -0.6425 53 48 40 255
3.4825 0.316862 -0.7575 45 41 34 255
3.4875 0.3175 -0.76069 46 40 35 255
3.4875 0.316898 -0.7575 46 40 35 255
3.4925 0.3175 -0.760974 44 40 34 255
3.4925 0.316758 -0.7575 44 40 34 255
3.4975 0.316755 -0.7575 39 35 30 255
3.5025 0.317102 -0.7575 39 35 29 255
3.50711 0.3175 -0.7575 38 35 30 255
3.4825 0.315974 -0.7525 49 43 36 255
3.4875 0.315903 -0.7525 47 42 37 255
3.4925 0.315731 -0.7525 47 42 35 255
3.4975 0.315972 -0.7525 47 42 36 255
3.5025 0.316229 -0.7525 46 41 35 255
3.5075 0.316394 -0.7525 40 35 29 255
3.5125 0.3175 -0.756467 38 34 28 255
3.5125 0.316853 -0.7525 38 34 28 255
3.4825 0.314461 -0.7475 49 43 37 255
3.4875 0.314545 -0.7475 48 43 36 255
3.4925 0.314635 -0.7475 49 44 38 255
3.4975 0.315154 -0.7475 46 41 35 255
3.5025 0.315464 -0.7475 48 43 37 255
3.5075 0.315366 -0.7475 45 41 34 255
3.5125 0.315851 -0.7475 47 43 36 255
3.4825 0.313067 -0.7425 48 45 37 255
3.4875 0.313483 -0.7425 50 45 38 255
3.4925 0.313846 -0.7425 49 45 37 255
3.4975 0.314601 -0.7425 45 40 33 255
3.5025 0.315095 -0.7425 48 43 36 255
3.5075 0.314853 -0.7425 49 45 37 255
3.5125 0.315067 -0.7425 48 43 37 255
3.4825 0.3125 -0.740127 50 46 38 255
3.4825 0.311853 -0.7375 50 46 38 255
3.48646 0.3125 -0.7375 50 46 39 255
3.4875 0.312655 -0.7375 50 45 37 255
3.4925 0.313046 -0.7375 49 46 38 255
3.4975 0.313722 -0.7375 48 46 37 255
3.5025 0.314458 -0.7375 49 44 37 255
3.5075 0.314338 -0.7375 48 44 36 255
3.5125 0.314247 -0.7375 49 45 38 255
3.4825 0.310743 -0.7325 52 49 40 255
3.4875 0.31129 -0.7325 51 46 38 255
3.4925 0.3125 -0.735214 52 48 39 255
3.4925 0.311788 -0.7325 52 48 39 255
3.4975 0.3125 -0.733156 51 47 38 255
3.49881 0.3125 -0.7325 54 49 41 255
3.5025 0.313073 -0.7325 50 48 40 255
3.5075 0.313201 -0.7325 50 47 39 255
3.5125 0.313007 -0.7325 50 46 39 255
3.4825 0.309368 -0.7275 55 49 42 255
3.4875 0.309663 -0.7275 55 48 41 255
3.4925 0.310283 -0.7275 55 49 43 255
3.4975 0.310452 -0.7275 56 50 43 255
3.5025 0.3125 -0.731309 58 51 44 255
3.5025 0.310653 -0.7275 58 51 44 255
3.5075 0.3125 -0.730872 57 52 44 255
3.5075 0.311035 -0.7275 57 52 44 255
3.5125 0.3125 -0.730875 58 52 43 255
3.5125 0.311413 -0.7275 58 52 43 255
3.4814 0.3075 -0.7225 56 51 43 255
3.4825 0.307598 -0.7225 56 51 42 255
3.4875 0.307791 -0.7225 56 50 42 255
3.4925 0.308281 -0.7225 57 52 43 255
3.4975 0.308425 -0.7225 58 53 44 255
3.5025 0.308345 -0.7225 60 54 46 255
3.5075 0.308688 -0.7225 60 54 46 255
3.5125 0.309544 -0.7225 58 52 44 255
3.3625 0.317034 -0.9175 30 29 25 255
3.3575 0.317212 -0.9175 30 29 25 255
3.3675 0.317069 -0.9175 30 30 25 255
3.3725 0.316639 -0.9175 28 28 23 255
3.3775 0.316193 -0.9175 30 30 24 255
3.3825 0.314808 -0.9225 44 41 38 255
3.3825 0.315851 -0.9175 44 41 38 255
3.3625 0.317071 -0.9125 32 29 26 255
3.3575 0.317232 -0.9125 32 29 26 255
3.3675 0.317367 -0.9125 30 28 25 255
3.3725 0.316849 -0.9125 30 28 24 255
3.3775 0.316109 -0.9125 29 27 23 255
3.3825 0.315835 -0.9125 29 29 23 255
3.3875 0.313723 -0.9175 71 67 63 255
3.3875 0.315644 -0.9125 71 67 63 255
3.36158 0.3175 -0.9075 31 29 25 255
3.3625 0.3175 -0.907642 31 29 25 255
3.3575 0.317446 -0.9075 31 29 25 255
3.3675 0.3175 -0.910548 31 28 25 255
3.36879 0.3175 -0.9075 31 29 26 255
3.3725 0.316898 -0.9075 31 29 26 255
3.3775 0.31589 -0.9075 31 29 25 255
3.3825 0.31589 -0.9075 32 29 25 255
3.3875 0.316688 -0.9075 31 28 24 255
3.3925 0.314265 -0.9125 73 70 66 255
3.3925 0.316489 -0.9075 73 70 66 255
3.36872 0.3175 -0.9025 29 26 23 255
3.3725 0.316787 -0.9025 29 26 23 255
3.3775 0.316023 -0.9025 31 28 25 255
3.3825 0.316347 -0.9025 29 28 23 255
3.3875 0.317211 -0.9025 31 28 24 255
3.3925 0.31726 -0.9025 42 39 35 255
3.3975 0.314165 -0.9075 71 67 63 255
3.36785 0.3175 -0.8975 31 28 23 255
3.3725 0.316902 -0.8975 31 28 23 255
3.3775 0.316468 -0.8975 31 29 24 255
3.3825 0.316795 -0.8975 32 29 25 255
3.3875 0.317276 -0.8975 30 29 25 255
3.3925 0.31676 -0.8975 30 28 24 255
3.3725 0.3175 -0.8925 31 28 23 255
3.3775 0.317174 -0.8925 30 28 23 255
3.3825 0.317182 -0.8925 29 28 23 255
3.3875 0.317092 -0.8925 32 30 25 255
3.3925 0.316369 -0.8925 31 30 23 255
3.3775 0.3175 -0.890617 31 27 23 255
3.3825 0.3175 -0.889955 30 28 23 255
3.38558 0.3175 -0.8875 30 29 24 255
3.3875 0.3173 -0.8875 30 29 24 255
3.3925 0.316555 -0.8875 31 28 22 255
3.3875 0.3175 -0.885391 30 28 23 255
3.38935 0.3175 -0.8825 31 28 22 255
3.3925 0.317023 -0.8825 31 28 22 255
3.9125 0.2375 -0.61791 60 56 48 255
3.9175 0.2375 -0.61999 59 54 47 255
3.9175 0.236674 -0.6175 59 54 47 255
3.9075 0.2375 -0.613976 60 57 51 255
3.90593 0.2375 -0.6125 60 57 51 255
3.9075 0.237098 -0.6125 60 57 51 255
3.9125 0.236054 -0.6125 61 57 50 255
3.9175 0.23518 -0.6125 60 56 49 255
3.9025 0.2375 -0.609758 56 53 47 255
3.89855 0.2375 -0.6075 56 53 47 255
3.9025 0.23677 -0.6075 56 53 47 255
3.9075 0.235427 -0.6075 60 56 50 255
3.9125 0.234339 -0.6075 61 57 51 255
3.9175 0.23355 -0.6075 58 54 48 255
3.9175 0.2325 -0.603756 62 57 50 255
3.9154 0.2325 -0.6025 62 57 50 255
3.9175 0.232169 -0.6025 62 57 50 255
3.8825 0.2375 -0.603118 58 54 48 255
3.8775 0.2375 -0.6025 58 54 48 255
3.8875 0.2375 -0.603678 58 54 48 255
3.8875 0.237109 -0.6025 58 54 48 255
3.8925 0.2375 -0.604924 58 55 49 255
3.8925 0.236735 -0.6025 58 55 49 255
3.8975 0.2375 -0.606993 57 54 48 255
3.8975 0.235842 -0.6025 57 54 48 255
3.9025 0.23459 -0.6025 59 55 50 255
3.9075 0.233559 -0.6025 61 57 52 255
3.9125 0.232974 -0.6025 62 57 51 255
3.2425 0.1975 -0.544922 52 48 41 255
3.2425 0.193515 -0.5425 52 48 41 255
3.2475 0.1975 -0.545115 53 51 43 255
3.2475 0.193706 -0.5425 53 51 43 255
3.2525 0.1975 -0.545131 53 50 42 255
3.2525 0.193652 -0.5425 53 50 42 255
3.2575 0.1975 -0.545327 54 51 44 255
3.2575 0.193353 -0.5425 54 51 44 255
3.2625 0.1975 -0.545324 53 49 44 255
3.2625 0.193699 -0.5425 53 49 44 255
3.2675 0.1975 -0.545197 55 51 45 255
3.2675 0.193614 -0.5425 55 51 45 255
3.2725 0.1975 -0.545636 55 50 44 255
3.2725 0.192693 -0.5425 55 50 44 255
3.2775 0.1975 -0.546224 61 56 50 255
3.2775 0.192558 -0.5425 61 56 50 255
3.2425 0.1875 -0.538238 54 51 43 255
3.2425 0.18625 -0.5375 54 51 43 255
3.2475 0.1875 -0.538425 57 53 46 255
3.2475 0.186122 -0.5375 57 53 46 255
3.2525 0.1875 -0.538507 54 51 44 255
3.2525 0.18608 -0.5375 54 51 44 255
3.2575 0.1875 -0.538601 54 51 46 255
3.2575 0.185866 -0.5375 54 51 46 255
3.2625 0.1875 -0.538622 60 58 51 255
3.2625 0.185408 -0.5375 60 58 51 255
3.2675 0.1875 -0.538616 61 58 50 255
3.2675 0.185201 -0.5375 61 58 50 255
3.2725 0.1875 -0.538591 61 58 50 255
3.2725 0.185492 -0.5375 61 58 50 255
3.2775 0.1875 -0.538584 63 59 51 255
3.2775 0.185386 -0.5375 63 59 51 255
3.2425 0.1925 -0.541719 54 50 43 255
3.2475 0.1925 -0.54173 58 54 47 255
3.2525 0.1925 -0.541765 52 49 42 255
3.2575 0.1925 -0.541858 52 50 42 255
3.2625 0.1925 -0.541551 58 55 47 255
3.2675 0.1925 -0.541678 62 58 50 255
3.2425 0.1825 -0.53485 57 55 48 255
3.2425 0.178983 -0.5325 57 55 48 255
3.2475 0.1825 -0.534576 63 60 52 255
3.2475 0.179502 -0.5325 63 60 52 255
3.2525 0.1825 -0.534612 63 61 53 255
3.2525 0.179019 -0.5325 63 61 53 255
3.2575 0.1825 -0.534971 63 61 55 255
3.2625 0.1825 -0.535616 45 43 39 255
3.2675 0.1825 -0.535916 46 43 39 255
3.2725 0.1825 -0.535755 59 57 51 255
3.2775 0.1825 -0.536085 51 50 48 255
3.2425 0.1775 -0.531443 40 39 36 255
3.26771 0.2975 -1.1625 33 35 33 255
3.2725 0.2975 -1.15901 33 35 33 255
3.2725 0.296695 -1.1625 33 35 33 255
3.27588 0.2975 -1.1575 34 34 33 255
3.2775 0.297336 -1.1575 34 34 33 255
3.2425 0.298697 -1.1625 36 36 33 255
3.2425 0.299206 -1.1575 36 36 33 255
3.2475 0.298683 -1.1625 38 38 35 255
3.2475 0.299293 -1.1575 38 38 35 255
3.2525 0.298454 -1.1625 36 35 33 255
3.2525 0.298962 -1.1575 36 35 33 255
3.2575 0.29827 -1.1625 36 35 32 255
3.2575 0.298513 -1.1575 36 35 32 255
3.2625 0.298117 -1.1625 36 35 32 255
3.2625 0.298383 -1.1575 36 35 32 255
3.2675 0.29837 -1.1575 36 37 33 255
3.2725 0.297854 -1.1575 34 35 33 255
3.2775 0.2975 -1.15656 34 34 33 255
3.2425 0.299459 -1.1525 38 37 35 255
3.2475 0.299816 -1.1525 39 38 35 255
3.2525 0.299738 -1.1525 37 36 34 255
3.2575 0.299099 -1.1525 37 35 32 255
3.2625 0.298774 -1.1525 37 35 33 255
3.2675 0.299142 -1.1525 37 37 34 255
3.2725 0.29898 -1.1525 36 36 34 255
3.2775 0.29821 -1.1525 34 35 33 255
3.2425 0.300021 -1.1475 38 39 35 255
3.2475 0.300477 -1.1475 38 38 35 255
3.2525 0.300534 -1.1475 36 35 33 255
3.2575 0.299904 -1.1475 37 35 34 255
3.2625 0.299435 -1.1475 36 37 33 255
3.2675 0.299636 -1.1475 37 37 34 255
3.2725 0.29957 -1.1475 36 35 35 255
3.2775 0.298848 -1.1475 36 36 35 255
3.2425 0.300897 -1.1425 38 39 36 255
3.2475 0.301167 -1.1425 36 36 35 255
3.2525 0.301056 -1.1425 37 38 35 255
3.2575 0.300567 -1.1425 35 36 34 255
3.2625 0.300109 -1.1425 35 36 32 255
3.2675 0.30002 -1.1425 36 36 35 255
3.2725 0.299894 -1.1425 36 36 34 255
3.2775 0.299386 -1.1425 36 36 35 255
3.2425 0.3016 -1.1375 37 38 36 255
3.2375 0.301362 -1.1375 37 38 36 255
3.2475 0.301659 -1.1375 37 37 36 255
3.2525 0.301459 -1.1375 36 36 34 255
3.2575 0.301038 -1.1375 37 38 34 255
3.2625 0.300671 -1.1375 36 36 32 255
3.2675 0.300535 -1.1375 36 35 34 255
3.2725 0.300461 -1.1375 36 36 35 255
3.2775 0.300184 -1.1375 36 36 34 255
3.2425 0.302189 -1.1325 39 40 38 255
3.2375 0.301791 -1.1325 39 40 38 255
3.2475 0.302189 -1.1325 37 38 35 255
3.2525 0.302012 -1.1325 37 38 35 255
3.2575 0.301538 -1.1325 35 35 32 255
3.2625 0.301265 -1.1325 36 36 32 255
3.2675 0.301125 -1.1325 35 35 34 255
3.2725 0.301186 -1.1325 36 36 35 255
3.2775 0.301089 -1.1325 35 35 34 255
3.23839 0.3025 -1.1275 40 40 39 255
3.2425 0.3025 -1.13014 40 40 39 255
3.2375 0.302429 -1.1275 40 40 39 255
3.2475 0.3025 -1.13044 38 39 36 255
3.2525 0.3025 -1.12921 38 39 37 255
3.25499 0.3025 -1.1275 35 36 34 255
3.2575 0.302231 -1.1275 35 36 34 255
3.2625 0.301909 -1.1275 36 37 35 255
3.2675 0.30175 -1.1275 38 37 34 255
3.2725 0.30178 -1.1275 36 37 34 255
3.2775 0.301494 -1.1275 36 36 34 255
3.2425 0.302868 -1.1275 39 40 38 255
3.2475 0.302964 -1.1275 37 38 36 255
3.2525 0.302751 -1.1275 38 39 35 255
3.2575 0.3025 -1.12435 35 35 34 255
3.25974 0.3025 -1.1225 36 37 35 255
3.2625 0.302307 -1.1225 36 37 35 255
3.2675 0.302368 -1.1225 37 37 35 255
3.2725 0.302479 -1.1225 37 37 35 255
3.2775 0.302054 -1.1225 35 36 34 255
3.2375 0.302933 -1.1225 42 43 42 255
3.2425 0.303362 -1.1225 42 43 42 255
3.2475 0.303574 -1.1225 38 38 36 255
3.2525 0.30326 -1.1225 38 38 34 255
3.2575 0.302655 -1.1225 36 37 34 255
3.7225 0.2375 -0.569852 67 63 58 255
3.7225 0.235558 -0.5675 67 63 58 255
3.7275 0.2375 -0.569908 67 63 58 255
3.7275 0.235658 -0.5675 67 63 58 255
3.7325 0.2375 -0.569616 66 64 58 255
3.7325 0.236043 -0.5675 66 64 58 255
3.7375 0.2375 -0.568845 72 70 63 255
3.7375 0.236621 -0.5675 72 70 63 255
3.7425 0.2375 -0.569503 71 69 62 255
3.7425 0.236013 -0.5675 71 69 62 255
3.7475 0.2375 -0.570826 65 63 57 255
3.7475 0.234731 -0.5675 65 63 57 255
3.7525 0.2375 -0.570792 69 66 60 255
3.7525 0.234624 -0.5675 69 66 60 255
3.7575 0.2375 -0.570766 75 71 63 255
3.7575 0.234733 -0.5675 75 71 63 255
3.7225 0.2325 -0.564948 86 83 74 255
3.7275 0.2325 -0.564666 95 93 82 255
3.7325 0.2325 -0.564288 95 93 83 255
3.7375 0.2325 -0.563916 95 91 82 255
3.7425 0.2325 -0.564476 97 93 84 255
3.7475 0.2325 -0.565671 93 90 81 255
3.7525 0.2325 -0.565736 97 94 84 255
3.7575 0.2325 -0.565435 97 93 85 255
3.31822 0.2975 -0.7175 54 49 41 255
3.3225 0.29779 -0.7175 54 49 42 255
3.3225 0.299399 -0.7225 54 49 42 255
3.3275 0.299601 -0.7225 56 50 42 255
3.3275 0.297968 -0.7175 56 50 42 255
3.3325 0.299776 -0.7225 53 47 39 255
3.3325 0.298278 -0.7175 53 47 39 255
3.3375 0.299763 -0.7225 55 49 41 255
3.3375 0.298723 -0.7175 55 49 41 255
3.3425 0.299771 -0.7225 56 52 43 255
3.3425 0.298848 -0.7175 56 52 43 255
3.3475 0.300074 -0.7225 56 51 42 255
3.3475 0.298936 -0.7175 56 51 42 255
3.3525 0.300262 -0.7225 59 54 46 255
3.3525 0.299022 -0.7175 59 54 46 255
3.3225 0.2975 -0.716502 56 50 43 255
3.3225 0.296304 -0.7125 56 50 43 255
3.3175 0.296154 -0.7125 56 50 43 255
3.3275 0.2975 -0.716166 57 51 44 255
3.3275 0.2962 -0.7125 57 51 44 255
3.3325 0.2975 -0.715247 57 52 44 255
3.3325 0.296526 -0.7125 57 52 44 255
3.3375 0.2975 -0.713229 56 51 42 255
3.3425 0.2975 -0.713229 56 49 42 255
3.3475 0.2975 -0.712587 56 51 43 255
3.3525 0.297932 -0.7125 59 54 46 255
3.3225 0.294266 -0.7075 57 52 44 255
3.3175 0.294368 -0.7075 57 52 44 255
3.3275 0.294244 -0.7075 59 54 45 255
3.3325 0.294749 -0.7075 55 51 43 255
3.3375 0.29543 -0.7075 58 53 45 255
3.3425 0.295256 -0.7075 59 53 45 255
3.3475 0.295576 -0.7075 61 56 46 255
3.3525 0.2975 -0.711051 61 54 45 255
3.3525 0.296357 -0.7075 61 54 45 255
3.3225 0.2925 -0.703786 39 36 29 255
3.3175 0.2925 -0.703158 39 36 29 255
3.3225 0.291925 -0.7025 39 36 29 255
3.3275 0.2925 -0.703395 39 36 29 255
3.3275 0.292147 -0.7025 39 36 29 255
3.33057 0.2925 -0.7025 39 36 29 255
3.3325 0.292741 -0.7025 37 33 27 255
3.3375 0.293342 -0.7025 60 56 47 255
3.3425 0.293517 -0.7025 60 54 46 255
3.3475 0.293677 -0.7025 62 58 48 255
3.3525 0.294103 -0.7025 63 58 49 255
3.3225 0.289855 -0.6975 41 37 30 255
3.3175 0.290117 -0.6975 41 37 30 255
3.3275 0.290253 -0.6975 39 36 29 255
3.3325 0.29062 -0.6975 39 37 29 255
3.3375 0.2925 -0.700821 41 37 30 255
3.3375 0.290899 -0.6975 41 37 30 255
3.3425 0.2925 -0.700275 41 39 31 255
3.3425 0.291328 -0.6975 41 39 31 255
3.3475 0.2925 -0.699648 41 37 30 255
3.3475 0.291652 -0.6975 41 37 30 255
3.3525 0.2925 -0.698873 41 37 30 255
3.3525 0.291875 -0.6975 41 37 30 255
3.3225 0.288086 -0.6925 38 36 28 255
3.3175 0.288253 -0.6925 38 36 28 255
3.3275 0.288521 -0.6925 39 35 28 255
3.3325 0.288626 -0.6925 39 35 27 255
3.3375 0.288583 -0.6925 42 38 31 255
3.3425 0.289143 -0.6925 43 39 32 255
3.3475 0.289679 -0.6925 42 39 31 255
3.3525 0.289814 -0.6925 40 37 29 255
3.3225 0.2875 -0.690713 40 37 31 255
3.3175 0.2875 -0.690407 40 37 31 255
3.3175 0.286418 -0.6875 40 37 31 255
3.3225 0.286423 -0.6875 40 37 31 255
3.3275 0.2875 -0.689714 44 40 32 255
3.3275 0.286721 -0.6875 44 40 32 255
3.3325 0.2875 -0.689661 44 40 32 255
3.3325 0.28672 -0.6875 44 40 32 255
3.3375 0.2875 -0.689708 43 40 31 255
3.3375 0.286718 -0.6875 43 40 31 255
3.3425 0.2875 -0.688011 44 40 33 255
3.34468 0.2875 -0.6875 44 40 33 255
3.3475 0.287732 -0.6875 44 40 33 255
3.3525 0.287667 -0.6875 42 39 32 255
3.3225 0.284753 -0.6825 45 41 34 255
3.3175 0.284452 -0.6825 45 41 34 255
3.3275 0.284789 -0.6825 44 40 31 255
3.3325 0.284732 -0.6825 43 39 31 255
3.3375 0.284936 -0.6825 45 40 32 255
3.3425 0.285302 -0.6825 41 39 32 255
3.3475 0.285499 -0.6825 43 40 32 255
3.3525 0.28551 -0.6825 44 41 32 255
3.6975 0.2925 -0.6775 54 52 44 255
3.6825 0.295894 -0.6825 57 53 45 255
3.6775 0.296764 -0.6825 57 53 45 255
3.6825 0.293577 -0.6775 57 53 45 255
3.6775 0.29414 -0.6775 57 53 45 255
3.6875 0.295443 -0.6825 60 57 48 255
3.6875 0.292968 -0.6775 60 57 48 255
3.6925 0.295465 -0.6825 60 56 47 255
3.6925 0.292609 -0.6775 60 56 47 255
3.6975 0.295455 -0.6825 57 53 46 255
3.7025 0.292695 -0.6775 56 52 45 255
3.7025 0.295538 -0.6825 56 52 45 255
3.7075 0.29559 -0.6825 57 53 45 255
3.7075 0.292838 -0.6775 57 53 45 255
3.7125 0.295384 -0.6825 58 54 46 255
3.7125 0.29284 -0.6775 58 54 46 255
3.7175 0.292839 -0.6775 58 55 46 255
3.6825 0.2925 -0.67523 61 56 47 255
3.6775 0.2925 -0.674508 61 56 47 255
3.6775 0.291381 -0.6725 61 56 47 255
3.6825 0.291157 -0.6725 61 56 47 255
3.6875 0.2925 -0.676478 62 57 47 255
3.6875 0.290637 -0.6725 62 57 47 255
3.6925 0.290044 -0.6725 56 52 43 255
3.6975 0.289931 -0.6725 57 53 45 255
3.7025 0.290025 -0.6725 58 54 45 255
3.7075 0.289924 -0.6725 57 54 45 255
3.7125 0.289983 -0.6725 59 56 47 255
3.7175 0.289975 -0.6725 58 54 46 255
3.7025 0.2875 -0.667659 58 54 45 255
3.70056 0.2875 -0.6675 58 54 45 255
3.7075 0.2875 -0.668633 58 54 46 255
3.7075 0.28676 -0.6675 58 54 46 255
3.7125 0.2875 -0.668956 59 55 47 255
3.7125 0.286444 -0.6675 59 55 47 255
3.7175 0.2875 -0.668985 56 51 44 255
3.7175 0.286441 -0.6675 56 51 44 255
3.6825 0.288777 -0.6675 58 53 45 255
3.6775 0.288441 -0.6675 58 53 45 255
3.6875 0.288692 -0.6675 58 53 45 255
3.6925 0.288033 -0.6675 57 52 44 255
3.6975 0.287642 -0.6675 57 54 45 255
3.6825 0.2875 -0.665313 56 52 44 255
3.6775 0.2875 -0.665997 56 52 44 255
3.6775 0.285361 -0.6625 56 52 44 255
3.6825 0.285826 -0.6625 56 52 44 255
3.6875 0.2875 -0.664999 59 54 45 255
3.6875 0.286314 -0.6625 59 54 45 255
3.6925 0.2875 -0.666201 61 56 47 255
3.6925 0.286011 -0.6625 61 56 47 255
3.6975 0.285229 -0.6625 59 55 46 255
3.7025 0.284549 -0.6625 59 54 46 255
3.7075 0.283608 -0.6625 59 55 46 255
3.7125 0.282982 -0.6625 61 57 47 255
3.7175 0.282933 -0.6625 59 55 47 255
3.7025 0.2825 -0.659046 60 55 46 255
3.69766 0.2825 -0.6575 60 55 46 255
3.7025 0.281624 -0.6575 60 55 46 255
3.7075 0.2825 -0.660388 57 54 45 255
3.7075 0.281039 -0.6575 57 54 45 255
3.7125 0.2825 -0.66148 58 55 47 255
3.7125 0.280656 -0.6575 58 55 47 255
3.7175 0.2825 -0.661639 61 58 48 255
3.7175 0.28039 -0.6575 61 58 48 255
3.6825 0.282721 -0.6575 60 58 48 255
3.6775 0.282648 -0.6575 60 58 48 255
3.6875 0.283306 -0.6575 62 57 48 255
3.6925 0.28335 -0.6575 62 57 48 255
3.6775 0.279978 -0.6525 61 57 49 255
3.6825 0.27974 -0.6525 61 57 49 255
3.6875 0.2825 -0.656242 63 58 50 255
3.6875 0.280054 -0.6525 63 58 50 255
3.6925 0.2825 -0.656235 61 57 49 255
3.6925 0.279981 -0.6525 61 57 49 255
3.6975 0.279293 -0.6525 60 56 47 255
3.7025 0.278753 -0.6525 59 54 46 255
3.7075 0.278475 -0.6525 59 54 45 255
3.7125 0.27833 -0.6525 58 54 45 255
3.7175 0.278183 -0.6525 58 55 46 255
3.6825 0.2775 -0.648989 61 56 48 255
3.6775 0.2775 -0.648384 61 56 48 255
3.6875 0.2775 -0.648816 60 57 48 255
3.6925 0.2775 -0.648957 60 57 48 255
3.6975 0.2775 -0.649693 59 55 47 255
3.7025 0.2775 -0.650389 58 54 45 255
3.7075 0.2775 -0.650934 59 54 46 255
3.7125 0.2775 -0.651183 59 54 45 255
3.7175 0.2775 -0.651323 59 54 47 255
3.5625 0.3125 -0.722159 51 48 41 255
3.56082 0.3125 -0.7225 51 48 41 255
3.5625 0.31065 -0.7175 51 48 41 255
3.5575 0.310761 -0.7175 51 48 41 255
3.5675 0.3125 -0.721061 50 47 40 255
3.5675 0.311035 -0.7175 50 47 40 255
3.5725 0.3125 -0.719808 53 48 41 255
3.5725 0.311595 -0.7175 53 48 41 255
3.5775 0.3125 -0.719617 51 46 39 255
3.5775 0.311814 -0.7175 51 46 39 255
3.5825 0.3125 -0.72176 50 45 38 255
3.5825 0.311668 -0.7175 50 45 38 255
3.5875 0.3125 -0.722053 49 45 37 255
3.5875 0.311514 -0.7175 49 45 37 255
3.5925 0.3125 -0.718639 51 46 39 255
3.5925 0.31211 -0.7175 51 46 39 255
3.59571 0.3125 -0.7175 49 45 37 255
3.5675 0.313116 -0.7225 48 45 37 255
3.5725 0.313538 -0.7225 47 43 36 255
3.5775 0.313405 -0.7225 48 44 37 255
3.5925 0.313829 -0.7225 46 42 34 255
3.5975 0.312722 -0.7175 48 43 38 255
3.5975 0.314408 -0.7225 48 43 38 255
3.5625 0.308822 -0.7125 56 52 45 255
3.5575 0.308869 -0.7125 56 52 45 255
3.5675 0.309382 -0.7125 55 51 44 255
3.5725 0.309817 -0.7125 56 52 43 255
3.5775 0.309878 -0.7125 55 50 41 255
3.5825 0.310076 -0.7125 54 49 43 255
3.5875 0.310063 -0.7125 54 50 42 255
3.5925 0.310572 -0.7125 52 47 40 255
3.5975 0.3125 -0.716738 54 50 42 255
3.5975 0.311265 -0.7125 54 50 42 255
3.5625 0.3075 -0.70841 60 54 46 255
3.5575 0.3075 -0.709496 60 54 46 255
3.5575 0.306595 -0.7075 60 54 46 255
3.5625 0.307195 -0.7075 60 54 46 255
3.56474 0.3075 -0.7075 60 56 46 255
3.5675 0.307842 -0.7075 58 53 45 255
3.5725 0.307898 -0.7075 57 53 44 255
3.5775 0.307703 -0.7075 59 53 46 255
3.5825 0.30769 -0.7075 57 52 45 255
3.5875 0.307988 -0.7075 57 51 44 255
3.5925 0.308721 -0.7075 55 51 43 255
3.5975 0.309174 -0.7075 56 52 44 255
3.5625 0.304987 -0.7025 58 54 46 255
3.5575 0.30423 -0.7025 58 54 46 255
3.5675 0.3075 -0.706718 60 54 45 255
3.5675 0.305443 -0.7025 60 54 45 255
3.5725 0.3075 -0.706663 61 57 48 255
3.5725 0.30538 -0.7025 61 57 48 255
3.5775 0.305274 -0.7025 61 55 47 255
3.5825 0.30517 -0.7025 59 54 46 255
3.5875 0.3075 -0.706466 60 56 48 255
3.5875 0.30571 -0.7025 60 56 48 255
3.5925 0.3075 -0.704966 59 55 46 255
3.5925 0.30631 -0.7025 59 55 46 255
3.5975 0.3075 -0.704707 58 54 46 255
3.5975 0.306124 -0.7025 58 54 46 255
3.5625 0.3025 -0.69825 58 54 45 255
3.5575 0.3025 -0.698766 58 54 45 255
3.5575 0.301912 -0.6975 58 54 45 255
3.5625 0.302058 -0.6975 58 54 45 255
3.5675 0.3025 -0.698168 64 58 49 255
3.5725 0.3025 -0.698019 63 58 49 255
3.57566 0.3025 -0.6975 63 58 48 255
3.5775 0.302695 -0.6975 63 57 48 255
3.5825 0.303147 -0.6975 62 56 47 255
3.5875 0.303659 -0.6975 61 55 47 255
3.5925 0.30377 -0.6975 59 54 46 255
3.5975 0.303153 -0.6975 59 55 47 255
3.5625 0.299499 -0.6925 61 58 48 255
3.5575 0.299696 -0.6925 61 58 48 255
3.5675 0.2994 -0.6925 62 57 48 255
3.5725 0.299539 -0.6925 61 57 47 255
3.5775 0.30032 -0.6925 63 57 48 255
3.5825 0.3025 -0.695794 63 58 48 255
3.5825 0.301054 -0.6925 63 58 48 255
3.5875 0.3025 -0.694743 62 57 48 255
3.5875 0.301413 -0.6925 62 57 48 255
3.5925 0.3025 -0.694884 61 57 48 255
3.5925 0.301273 -0.6925 61 57 48 255
3.5975 0.3025 -0.696157 61 56 48 255
3.5975 0.300798 -0.6925 61 56 48 255
3.5625 0.2975 -0.687882 62 57 47 255
3.5575 0.2975 -0.687885 62 57 47 255
3.5675 0.2975 -0.687648 63 59 50 255
3.56928 0.2975 -0.6875 61 56 48 255
3.5725 0.297598 -0.6875 62 57 49 255
3.5775 0.298088 -0.6875 63 59 50 255
3.5825 0.298482 -0.6875 62 57 47 255
3.5875 0.298586 -0.6875 62 57 49 255
3.5925 0.298891 -0.6875 62 57 49 255
3.5975 0.298951 -0.6875 65 59 51 255
3.5625 0.295087 -0.6825 58 54 45 255
3.5675 0.29529 -0.6825 60 56 47 255
3.5725 0.295413 -0.6825 61 56 48 255
3.5775 0.2975 -0.686345 61 57 48 255
3.5775 0.295571 -0.6825 61 57 48 255
3.5825 0.2975 -0.685666 60 56 47 255
3.5825 0.295819 -0.6825 60 56 47 255
3.5875 0.2975 -0.68563 62 58 49 255
3.5875 0.295805 -0.6825 62 58 49 255
3.5925 0.2975 -0.684822 63 59 49 255
3.5925 0.296331 -0.6825 63 59 49 255
3.5975 0.2975 -0.684312 63 58 50 255
3.2175 0.2775 -1.28126 27 26 23 255
3.2225 0.2775 -1.28152 27 26 23 255
3.2625 0.3025 -1.12013 35 35 33 255
3.2675 0.3025 -1.12151 38 37 33 255
3.2775 0.3025 -1.12026 38 37 35 255
3.2425 0.30361 -1.1175 42 43 42 255
3.2375 0.30348 -1.1175 42 43 42 255
3.2475 0.303988 -1.1175 38 38 38 255
3.2525 0.30373 -1.1175 38 39 37 255
3.2575 0.303025 -1.1175 35 35 33 255
3.2625 0.302702 -1.1175 36 36 35 255
3.2675 0.303015 -1.1175 37 36 34 255
3.2725 0.303243 -1.1175 38 38 36 255
3.2775 0.303046 -1.1175 36 37 34 255
3.2425 0.304038 -1.1125 42 44 42 255
3.2375 0.303971 -1.1125 42 44 42 255
3.2475 0.304556 -1.1125 37 38 37 255
3.2525 0.304507 -1.1125 37 38 36 255
3.2575 0.303848 -1.1125 36 36 34 255
3.2625 0.303572 -1.1125 35 35 34 255
3.2675 0.303872 -1.1125 38 37 34 255
3.2725 0.303874 -1.1125 36 37 35 255
3.2775 0.303652 -1.1125 37 37 34 255
3.2425 0.304916 -1.1075 39 40 38 255
3.2375 0.304824 -1.1075 39 40 38 255
3.2475 0.30526 -1.1075 39 40 37 255
3.2525 0.305389 -1.1075 38 38 37 255
3.2575 0.304859 -1.1075 37 37 36 255
3.2625 0.304575 -1.1075 36 36 34 255
3.2675 0.304661 -1.1075 38 38 34 255
3.2725 0.304519 -1.1075 37 36 33 255
3.2775 0.30435 -1.1075 37 36 34 255
3.2425 0.305835 -1.1025 38 38 37 255
3.2375 0.305807 -1.1025 38 38 37 255
3.2475 0.305951 -1.1025 39 38 37 255
3.2525 0.306205 -1.1025 39 39 37 255
3.2575 0.305933 -1.1025 38 38 35 255
3.2625 0.305406 -1.1025 39 38 35 255
3.2675 0.30512 -1.1025 37 37 35 255
3.2725 0.305144 -1.1025 37 37 34 255
3.2775 0.305347 -1.1025 38 36 35 255
3.2425 0.306832 -1.0975 40 40 37 255
3.2375 0.306854 -1.0975 40 40 37 255
3.2475 0.30676 -1.0975 37 38 36 255
3.2525 0.306941 -1.0975 38 38 36 255
3.2575 0.306717 -1.0975 37 37 35 255
3.2625 0.305947 -1.0975 37 36 35 255
3.2675 0.305358 -1.0975 36 37 35 255
3.2725 0.305594 -1.0975 37 37 33 255
3.2775 0.306018 -1.0975 38 38 36 255
3.2375 0.3075 -1.09453 17 16 11 255
3.2425 0.3075 -1.09382 17 16 11 255
3.2475 0.3075 -1.09316 39 39 38 255
3.2525 0.3075 -1.09318 39 38 35 255
3.25372 0.3075 -1.0925 36 37 34 255
3.2575 0.307218 -1.0925 36 37 34 255
3.2625 0.306504 -1.0925 37 37 35 255
3.2675 0.305901 -1.0925 36 36 34 255
3.2725 0.305784 -1.0925 37 38 34 255
3.2775 0.305956 -1.0925 38 38 35 255
3.2425 0.307724 -1.0925 38 39 36 255
3.2575 0.3075 -1.09086 35 36 34 255
3.26156 0.3075 -1.0875 37 36 34 255
3.2625 0.307366 -1.0875 37 36 34 255
3.2675 0.306774 -1.0875 37 37 34 255
3.2725 0.30629 -1.0875 35 36 34 255
3.2775 0.306152 -1.0875 38 36 35 255
3.2475 0.308255 -1.0875 39 40 37 255
3.2425 0.308528 -1.0875 39 40 37 255
3.2525 0.308327 -1.0875 39 38 36 255
3.2575 0.308061 -1.0875 36 36 34 255
3.2625 0.3075 -1.08654 37 37 34 255
3.7475 0.2675 -0.63796 57 54 46 255
3.74598 0.2675 -0.6375 57 54 46 255
3.7525 0.2675 -0.639636 54 52 44 255
3.7525 0.266241 -0.6375 54 52 44 255
3.7575 0.2675 -0.640348 54 50 43 255
3.7575 0.265774 -0.6375 54 50 43 255
3.7225 0.2725 -0.642412 54 51 43 255
3.7225 0.269469 -0.6375 54 51 43 255
3.72337 0.2725 -0.6425 52 49 42 255
3.7275 0.272226 -0.6425 52 49 42 255
3.7275 0.269153 -0.6375 52 49 42 255
3.7325 0.271901 -0.6425 53 50 43 255
3.7325 0.268983 -0.6375 53 50 43 255
3.7375 0.271354 -0.6425 52 48 41 255
3.7375 0.268632 -0.6375 52 48 41 255
3.7425 0.27064 -0.6425 54 51 43 255
3.7425 0.268029 -0.6375 54 51 43 255
3.7475 0.269952 -0.6425 56 52 46 255
3.7525 0.269222 -0.6425 56 52 45 255
3.7575 0.26884 -0.6425 56 52 45 255
3.7225 0.2675 -0.63416 54 50 43 255
3.7225 0.266522 -0.6325 54 50 43 255
3.7275 0.2675 -0.634693 53 51 43 255
3.7275 0.266221 -0.6325 53 51 43 255
3.7325 0.2675 -0.63531 52 51 43 255
3.7325 0.265665 -0.6325 52 51 43 255
3.7375 0.2675 -0.635841 50 47 40 255
3.7375 0.265345 -0.6325 50 47 40 255
3.7425 0.2675 -0.636634 54 51 44 255
3.7425 0.265126 -0.6325 54 51 44 255
3.7475 0.264447 -0.6325 56 52 45 255
3.7525 0.263585 -0.6325 53 49 42 255
3.7575 0.26314 -0.6325 56 52 45 255
3.7325 0.2625 -0.627875 52 49 41 255
3.73067 0.2625 -0.6275 52 49 41 255
3.7375 0.2625 -0.628327 52 50 43 255
3.7375 0.261923 -0.6275 52 50 43 255
3.7425 0.2625 -0.628439 52 50 42 255
3.7425 0.26183 -0.6275 52 50 42 255
3.7475 0.2625 -0.629061 55 53 45 255
3.7475 0.261587 -0.6275 55 53 45 255
3.7525 0.2625 -0.629993 56 53 46 255
3.7525 0.261411 -0.6275 56 53 46 255
3.7575 0.2625 -0.631003 57 54 46 255
3.7575 0.260963 -0.6275 57 54 46 255
3.7225 0.263427 -0.6275 53 51 43 255
3.7275 0.262923 -0.6275 53 50 43 255
3.7225 0.2625 -0.626045 56 52 46 255
3.7225 0.260166 -0.6225 56 52 46 255
3.7275 0.259639 -0.6225 52 50 42 255
3.7325 0.259189 -0.6225 53 50 42 255
3.7375 0.258778 -0.6225 54 50 43 255
3.7425 0.258531 -0.6225 54 51 44 255
3.7475 0.258473 -0.6225 58 54 47 255
3.7525 0.258569 -0.6225 57 54 46 255
3.7575 0.258342 -0.6225 59 55 48 255
3.7275 0.2575 -0.618486 54 52 44 255
3.7228 0.2575 -0.6175 54 52 44 255
3.7275 0.256994 -0.6175 54 52 44 255
3.7325 0.2575 -0.619296 53 50 42 255
3.7325 0.256543 -0.6175 53 50 42 255
3.7375 0.2575 -0.619965 53 49 43 255
3.7375 0.256261 -0.6175 53 49 43 255
3.7425 0.2575 -0.620557 54 50 44 255
3.7425 0.25596 -0.6175 54 50 44 255
3.7475 0.2575 -0.620908 60 56 49 255
3.7475 0.255489 -0.6175 60 56 49 255
3.7525 0.2575 -0.620869 59 56 49 255
3.7525 0.255237 -0.6175 59 56 49 255
3.7575 0.2575 -0.62112 61 58 50 255
3.7575 0.255137 -0.6175 61 58 50 255
3.7575 0.2525 -0.612804 61 57 50 255
3.75595 0.2525 -0.6125 61 57 50 255
3.7225 0.255239 -0.6125 57 53 47 255
3.7275 0.254567 -0.6125 55 53 45 255
3.7325 0.254088 -0.6125 54 52 44 255
3.7375 0.253946 -0.6125 55 51 44 255
3.7425 0.253724 -0.6125 54 51 44 255
3.7475 0.253208 -0.6125 59 56 48 255
3.7525 0.252842 -0.6125 61 58 51 255
3.7275 0.2525 -0.607996 56 53 46 255
3.72543 0.2525 -0.6075 56 53 46 255
3.7325 0.2525 -0.609257 55 52 45 255
3.7325 0.251644 -0.6075 55 52 45 255
3.7375 0.2525 -0.609602 55 51 45 255
3.7375 0.251467 -0.6075 55 51 45 255
3.7425 0.2525 -0.609795 58 54 47 255
3.7425 0.251475 -0.6075 58 54 47 255
3.7475 0.2525 -0.610707 59 56 49 255
3.7475 0.251265 -0.6075 59 56 49 255
3.7525 0.2525 -0.61161 63 59 52 255
3.7525 0.251018 -0.6075 63 59 52 255
3.7575 0.250501 -0.6075 64 59 51 255
3.7225 0.252831 -0.6075 56 54 46 255
3.7225 0.250283 -0.6025 60 56 49 255
3.7275 0.250045 -0.6025 57 52 46 255
3.7325 0.249398 -0.6025 56 53 46 255
3.7375 0.249071 -0.6025 56 52 46 255
3.7425 0.249215 -0.6025 56 52 47 255
3.7475 0.249164 -0.6025 56 53 47 255
3.7525 0.248984 -0.6025 62 58 51 255
3.7575 0.248853 -0.6025 61 56 50 255
3.5225 0.316754 -0.7975 37 34 29 255
3.5275 0.31695 -0.7975 38 34 30 255
3.5325 0.316826 -0.7975 38 35 32 255
3.5375 0.316501 -0.7975 37 34 30 255
3.5425 0.315443 -0.8025 46 46 48 255
3.5425 0.316178 -0.7975 46 46 48 255
3.5225 0.316997 -0.7925 36 33 29 255
3.5275 0.3169 -0.7925 37 34 30 255
3.5325 0.316549 -0.7925 39 35 32 255
3.5375 0.316484 -0.7925 37 34 29 255
3.5425 0.316514 -0.7925 36 33 28 255
3.5475 0.315675 -0.7975 35 32 28 255
3.5475 0.315954 -0.7925 35 32 28 255
3.5525 0.315215 -0.7975 43 43 43 255
3.5525 0.315475 -0.7925 43 43 43 255
3.5575 0.314469 -0.7975 50 50 51 255
3.5575 0.315234 -0.7925 50 50 51 255
3.5225 0.317034 -0.7875 37 34 30 255
3.5275 0.316735 -0.7875 35 32 28 255
3.5325 0.316407 -0.7875 35 34 29 255
3.5375 0.316648 -0.7875 38 36 31 255
3.5425 0.316783 -0.7875 38 36 31 255
3.5475 0.316105 -0.7875 37 36 31 255
3.5525 0.315588 -0.7875 34 32 27 255
3.5575 0.315481 -0.7875 36 33 29 255
3.5225 0.316942 -0.7825 36 33 28 255
3.5275 0.316915 -0.7825 35 33 29 255
3.5325 0.31663 -0.7825 37 34 30 255
3.5375 0.316744 -0.7825 37 35 30 255
3.5425 0.316793 -0.7825 37 35 30 255
3.5475 0.316276 -0.7825 36 33 29 255
3.5525 0.31581 -0.7825 36 33 28 255
3.5575 0.315373 -0.7825 35 31 27 255
3.5225 0.316806 -0.7775 37 34 29 255
3.5275 0.316922 -0.7775 37 34 29 255
3.5325 0.31671 -0.7775 35 33 27 255
3.5375 0.316652 -0.7775 37 35 29 255
3.5425 0.316641 -0.7775 37 36 30 255
3.5475 0.316409 -0.7775 37 36 30 255
3.5525 0.315994 -0.7775 38 33 30 255
3.5575 0.315292 -0.7775 35 32 27 255
3.5225 0.317048 -0.7725 36 33 29 255
3.5275 0.317066 -0.7725 33 32 27 255
3.5325 0.316949 -0.7725 35 33 28 255
3.5375 0.316914 -0.7725 36 34 29 255
3.5425 0.317051 -0.7725 39 37 31 255
3.5475 0.316959 -0.7725 35 33 27 255
3.5525 0.316377 -0.7725 38 33 29 255
3.5575 0.315565 -0.7725 36 33 28 255
3.5225 0.317348 -0.7675 35 32 27 255
3.5275 0.3175 -0.7675 36 34 27 255
3.5325 0.317403 -0.7675 36 33 27 255
3.5375 0.317179 -0.7675 36 35 28 255
3.5425 0.317367 -0.7675 37 34 28 255
3.5475 0.317271 -0.7675 37 33 28 255
3.5525 0.316497 -0.7675 38 34 29 255
3.5575 0.315742 -0.7675 37 34 28 255
3.5225 0.3175 -0.7625 38 34 28 255
3.2375 0.238496 -0.6025 34 32 26 255
3.2425 0.2375 -0.598237 34 32 26 255
3.2425 0.238815 -0.6025 34 32 26 255
3.24385 0.2375 -0.5975 35 32 27 255
3.2475 0.238057 -0.5975 35 32 27 255
3.2475 0.239603 -0.6025 35 32 27 255
3.2525 0.23974 -0.6025 36 33 27 255
3.2525 0.238361 -0.5975 36 33 27 255
3.2575 0.23932 -0.6025 34 31 26 255
3.2575 0.237908 -0.5975 34 31 26 255
3.2625 0.239528 -0.6025 35 32 27 255
3.2625 0.238065 -0.5975 35 32 27 255
3.2675 0.240382 -0.6025 33 31 26 255
3.2675 0.238725 -0.5975 33 31 26 255
3.2725 0.240722 -0.6025 34 31 26 255
3.2725 0.23882 -0.5975 34 31 26 255
3.2775 0.241205 -0.6025 33 29 25 255
3.2775 0.239659 -0.5975 33 29 25 255
3.2475 0.2375 -0.596126 35 32 26 255
3.2525 0.2375 -0.595334 36 33 28 255
3.2575 0.2375 -0.596172 36 33 26 255
3.2625 0.2375 -0.595053 33 31 25 255
3.26687 0.2375 -0.5925 34 31 26 255
3.2725 0.23766 -0.5925 33 31 24 255
3.2775 0.238109 -0.5925 34 32 26 255
3.2775 0.2375 -0.590516 33 30 24 255
3.1625 0.2175 -0.558704 39 38 31 255
3.1575 0.2175 -0.558191 39 38 31 255
3.1625 0.21678 -0.5575 39 38 31 255
3.1675 0.2175 -0.558362 46 43 36 255
3.1675 0.217053 -0.5575 46 43 36 255
3.1725 0.2175 -0.558848 45 42 35 255
3.1725 0.216672 -0.5575 45 42 35 255
3.1775 0.2175 -0.559803 45 42 36 255
3.1775 0.21578 -0.5575 45 42 36 255
3.1825 0.2175 -0.560664 46 44 37 255
3.1825 0.214917 -0.5575 46 44 37 255
3.1875 0.2175 -0.561132 47 43 36 255
3.1875 0.214472 -0.5575 47 43 36 255
3.1925 0.2175 -0.560966 47 43 36 255
3.1925 0.214582 -0.5575 47 43 36 255
3.1975 0.2175 -0.560946 46 42 35 255
3.1975 0.214639 -0.5575 46 42 35 255
3.1775 0.2125 -0.553671 46 42 36 255
3.17316 0.2125 -0.5525 46 42 36 255
3.1775 0.211381 -0.5525 46 42 36 255
3.1825 0.2125 -0.554323 47 44 37 255
3.1825 0.210998 -0.5525 47 44 37 255
3.1875 0.2125 -0.554756 49 47 39 255
3.1875 0.2108 -0.5525 49 47 39 255
3.1925 0.2125 -0.554877 49 46 37 255
3.1925 0.210664 -0.5525 49 46 37 255
3.1975 0.2125 -0.554928 50 47 40 255
3.1975 0.210443 -0.5525 50 47 40 255
3.1625 0.213473 -0.5525 45 43 35 255
3.1575 0.213345 -0.5525 45 43 35 255
3.1675 0.213771 -0.5525 47 45 38 255
3.1775 0.2075 -0.548534 51 47 42 255
3.17296 0.2075 -0.5475 51 47 42 255
3.1775 0.20658 -0.5475 51 47 42 255
3.1825 0.2075 -0.548968 49 45 39 255
3.1825 0.206095 -0.5475 49 45 39 255
3.1875 0.2075 -0.549127 52 50 41 255
3.1875 0.205883 -0.5475 52 50 41 255
3.1925 0.2075 -0.549167 55 52 43 255
3.1925 0.20554 -0.5475 55 52 43 255
3.1975 0.2075 -0.549747 56 54 45 255
3.1975 0.204452 -0.5475 56 54 45 255
3.1625 0.2125 -0.551 47 46 38 255
3.1575 0.2125 -0.551144 47 46 38 255
3.1575 0.210318 -0.5475 47 46 38 255
3.1625 0.210005 -0.5475 47 46 38 255
3.1675 0.2125 -0.550862 48 46 40 255
3.1675 0.209301 -0.5475 48 46 40 255
3.1725 0.2025 -0.542809 53 51 42 255
3.17082 0.2025 -0.5425 53 51 42 255
3.1775 0.2025 -0.543252 57 55 46 255
3.1775 0.201456 -0.5425 57 55 46 255
3.1825 0.2025 -0.543526 55 53 44 255
3.1825 0.201189 -0.5425 55 53 44 255
3.1875 0.2025 -0.543765 57 53 45 255
3.1875 0.201019 -0.5425 57 53 45 255
3.1925 0.2025 -0.54481 60 55 48 255
3.1925 0.199885 -0.5425 60 55 48 255
3.1975 0.2025 -0.546002 55 50 43 255
3.1975 0.198352 -0.5425 55 50 43 255
3.1625 0.2075 -0.545039 49 46 39 255
3.1575 0.2075 -0.544275 49 46 39 255
3.1575 0.205798 -0.5425 49 46 39 255
3.1625 0.204892 -0.5425 49 46 39 255
3.1675 0.2075 -0.546064 49 45 37 255
3.1675 0.203265 -0.5425 49 45 37 255
3.1625 0.2025 -0.540311 54 50 44 255
3.1575 0.2025 -0.539679 54 50 44 255
3.1575 0.198794 -0.5375 54 50 44 255
3.1625 0.198388 -0.5375 54 50 44 255
3.16645 0.1975 -0.5375 53 50 42 255
3.1675 0.1975 -0.537642 53 50 42 255
3.1675 0.2025 -0.541717 53 50 42 255
3.1725 0.1975 -0.539279 54 50 44 255
3.1775 0.1975 -0.540209 54 51 43 255
3.1825 0.1975 -0.540325 58 55 46 255
3.1875 0.1975 -0.540145 57 53 44 255
3.1925 0.1975 -0.540655 60 56 48 255
3.1625 0.1975 -0.5369 56 53 45 255
3.1575 0.1975 -0.536589 56 53 45 255
3.4875 0.317835 -0.7625 39 35 29 255
3.4925 0.317817 -0.7625 36 32 26 255
3.5075 0.317707 -0.7625 38 34 30 255
3.5125 0.317807 -0.7625 37 34 28 255
3.5125 0.317649 -0.7575 37 34 28 255
3.5175 0.317551 -0.7625 37 34 29 255
3.5175 0.317544 -0.7575 37 34 29 255
3.8675 0.2525 -0.638017 57 53 46 255
3.86608 0.2525 -0.6375 57 53 46 255
3.8725 0.2525 -0.639894 60 55 49 255
3.8725 0.251493 -0.6375 60 55 49 255
3.8766 0.2525 -0.6425 58 54 45 255
3.8775 0.250184 -0.6375 58 54 45 255
3.8425 0.2575 -0.641584 58 53 45 255
3.8375 0.2575 -0.639761 58 53 45 255
3.8375 0.25631 -0.6375 58 53 45 255
3.8425 0.255413 -0.6375 58 53 45 255
3.8475 0.2575 -0.642305 56 53 45 255
3.8475 0.25501 -0.6375 56 53 45 255
3.84831 0.2575 -0.6425 56 51 44 255
3.8525 0.256966 -0.6425 56 51 44 255
3.8525 0.254613 -0.6375 56 51 44 255
3.8575 0.256043 -0.6425 57 54 46 255
3.8575 0.253931 -0.6375 57 54 46 255
3.8625 0.255198 -0.6425 58 53 45 255
3.8625 0.253061 -0.6375 58 53 45 255
3.8675 0.254477 -0.6425 58 53 46 255
3.8725 0.253583 -0.6425 57 53 46 255
3.8425 0.257982 -0.6425 58 54 47 255
3.8575 0.2525 -0.632957 59 54 47 255
3.85507 0.2525 -0.6325 59 54 47 255
3.8625 0.2525 -0.636148 58 55 46 255
3.8625 0.251013 -0.6325 58 55 46 255
3.8675 0.2498 -0.6325 59 55 48 255
3.8725 0.249108 -0.6325 59 56 48 255
3.8775 0.24838 -0.6325 58 55 48 255
3.8425 0.253133 -0.6325 59 53 47 255
3.8375 0.253853 -0.6325 59 53 47 255
3.8475 0.252631 -0.6325 57 53 46 255
3.8525 0.252651 -0.6325 58 53 47 255
3.8675 0.2475 -0.627792 59 55 47 255
3.8725 0.2475 -0.629556 59 54 47 255
3.8725 0.24634 -0.6275 59 54 47 255
3.8775 0.2475 -0.630367 60 57 50 255
3.8775 0.246209 -0.6275 60 57 50 255
3.8425 0.2525 -0.630817 60 56 48 255
3.8375 0.2525 -0.629463 60 56 48 255
3.8375 0.251638 -0.6275 60 56 48 255
3.8425 0.2512 -0.6275 60 56 48 255
3.8475 0.250758 -0.6275 60 56 47 255
3.8525 0.250714 -0.6275 57 55 46 255
3.8575 0.2503 -0.6275 58 55 47 255
3.8625 0.248963 -0.6275 59 55 48 255
3.8625 0.2475 -0.624223 60 56 49 255
3.8591 0.2475 -0.6225 60 56 49 255
3.8625 0.246671 -0.6225 60 56 49 255
3.8675 0.244953 -0.6225 59 56 48 255
3.8725 0.243777 -0.6225 61 57 49 255
3.8775 0.243895 -0.6225 61 57 49 255
3.8425 0.248968 -0.6225 61 59 50 255
3.8375 0.249584 -0.6225 61 59 50 255
3.8475 0.24858 -0.6225 61 57 49 255
3.8525 0.24852 -0.6225 61 56 48 255
3.8575 0.247918 -0.6225 59 55 49 255
3.8725 0.2425 -0.618396 55 52 45 255
3.87066 0.2425 -0.6175 55 52 45 255
3.8725 0.242247 -0.6175 55 52 45 255
3.8775 0.2425 -0.61808 57 53 47 255
3.8425 0.2475 -0.619586 60 57 49 255
3.8375 0.2475 -0.6175 60 57 49 255
3.8425 0.246529 -0.6175 60 57 49 255
3.8475 0.2475 -0.620495 60 56 48 255
3.8475 0.246083 -0.6175 60 56 48 255
3.8525 0.2475 -0.620591 60 56 49 255
3.8525 0.246054 -0.6175 60 56 49 255
3.8575 0.2475 -0.62168 59 54 47 255
3.8575 0.245533 -0.6175 59 54 47 255
3.8625 0.244357 -0.6175 58 53 47 255
3.8675 0.242952 -0.6175 59 54 47 255
3.8675 0.2425 -0.61606 56 52 46 255
3.86259 0.2425 -0.6125 56 52 46 255
3.8675 0.24148 -0.6125 56 52 46 255
3.8725 0.240939 -0.6125 57 53 47 255
3.8775 0.240801 -0.6125 56 53 45 255
3.8375 0.24543 -0.6125 60 56 49 255
3.8425 0.244572 -0.6125 60 56 49 255
3.8475 0.244155 -0.6125 61 57 50 255
3.8525 0.244058 -0.6125 58 55 48 255
3.8575 0.243652 -0.6125 57 53 47 255
3.8475 0.2425 -0.607943 61 57 51 255
3.84604 0.2425 -0.6075 61 57 51 255
3.8525 0.2425 -0.608361 60 57 50 255
3.8525 0.242155 -0.6075 60 57 50 255
3.8575 0.2425 -0.608866 58 55 49 255
3.8575 0.242057 -0.6075 58 55 49 255
3.8625 0.24126 -0.6075 58 53 48 255
3.8675 0.240221 -0.6075 56 52 46 255
3.8725 0.239445 -0.6075 57 54 47 255
3.8775 0.23909 -0.6075 57 54 47 255
3.8425 0.242915 -0.6075 62 58 51 255
3.8375 0.243661 -0.6075 62 58 51 255
3.8425 0.2425 -0.606173 59 56 49 255
3.8375 0.2425 -0.603679 59 56 49 255
3.8375 0.242122 -0.6025 59 56 49 255
3.8425 0.241296 -0.6025 59 56 49 255
3.8475 0.240624 -0.6025 60 56 49 255
3.8525 0.240508 -0.6025 59 55 49 255
3.8575 0.240416 -0.6025 58 55 49 255
3.8625 0.239658 -0.6025 58 55 51 255
3.8675 0.238587 -0.6025 59 55 49 255
3.8725 0.237829 -0.6025 57 54 48 255
3.3625 0.283106 -0.6775 43 40 32 255
3.3575 0.282991 -0.6775 43 40 32 255
3.3675 0.283231 -0.6775 45 40 33 255
3.3725 0.28321 -0.6775 43 40 34 255
3.3775 0.28317 -0.6775 43 39 31 255
3.3825 0.283415 -0.6775 43 39 32 255
3.3875 0.283787 -0.6775 45 41 33 255
3.3925 0.283853 -0.6775 44 39 33 255
3.3625 0.2825 -0.676282 44 40 33 255
3.3575 0.2825 -0.676612 44 40 33 255
3.3575 0.280216 -0.6725 44 40 33 255
3.3625 0.280581 -0.6725 44 40 33 255
3.3675 0.2825 -0.676004 45 42 34 255
3.3675 0.280679 -0.6725 45 42 34 255
3.3725 0.2825 -0.676125 45 42 34 255
3.3725 0.280507 -0.6725 45 42 34 255
3.3775 0.2825 -0.676071 44 40 33 255
3.3775 0.280791 -0.6725 44 40 33 255
3.3825 0.2825 -0.675151 44 40 32 255
3.3825 0.281455 -0.6725 44 40 32 255
3.3875 0.2825 -0.6745 47 42 35 255
3.3875 0.281656 -0.6725 47 42 35 255
3.3925 0.2825 -0.674648 48 43 36 255
3.3925 0.281542 -0.6725 48 43 36 255
3.3625 0.27819 -0.6675 45 41 33 255
3.3675 0.277917 -0.6675 44 42 34 255
3.3775 0.27806 -0.6675 45 42 34 255
3.3825 0.278971 -0.6675 44 40 33 255
3.3875 0.279004 -0.6675 46 43 34 255
3.3925 0.278901 -0.6675 45 42 34 255
3.5625 0.23549 -0.5675 163 163 158 255
3.5675 0.235803 -0.5675 160 158 155 255
3.5725 0.236131 -0.5675 90 89 86 255
3.5625 0.2325 -0.565007 97 93 84 255
3.5625 0.228592 -0.5625 97 93 84 255
3.5675 0.2325 -0.56418 96 91 83 255
3.5675 0.230146 -0.5625 96 91 83 255
3.5725 0.2325 -0.563398 97 91 83 255
3.5725 0.231563 -0.5625 97 91 83 255
3.5773 0.2325 -0.5625 85 81 74 255
3.5825 0.2325 -0.562838 87 83 76 255
3.5875 0.2325 -0.563476 93 91 81 255
3.5875 0.230847 -0.5625 93 91 81 255
3.5925 0.2325 -0.563224 92 89 80 255
3.5925 0.231296 -0.5625 92 89 80 255
4.0125 0.2025 -0.598148 76 74 66 255
4.01085 0.2025 -0.5975 76 74 66 255
4.0175 0.2025 -0.599481 81 76 70 255
4.0175 0.200308 -0.5975 81 76 70 255
4.0225 0.2025 -0.600994 71 67 61 255
4.0225 0.198656 -0.5975 71 67 61 255
4.0025 0.2075 -0.598275 56 55 49 255
4.00048 0.2075 -0.5975 56 55 49 255
4.0025 0.206591 -0.5975 56 55 49 255
4.0075 0.2075 -0.600573 64 60 54 255
4.0075 0.204036 -0.5975 64 60 54 255
3.9975 0.208744 -0.5975 53 53 47 255
4.0025 0.2025 -0.594492 77 73 67 255
3.9975 0.2025 -0.592778 77 73 67 255
4.0025 0.199761 -0.5925 77 73 67 255
4.0075 0.2025 -0.596201 81 77 70 255
3.9975 0.2075 -0.59648 77 73 67 255
3.26586 0.2625 -1.3125 80 77 65 255
3.2775 0.2625 -1.31626 67 66 55 255
3.2675 0.263213 -1.3125 53 50 44 255
3.2725 0.264068 -1.3125 64 60 56 255
3.2775 0.264567 -1.3125 56 53 48 255
3.2525 0.261005 -1.3075 40 38 33 255
3.2575 0.261983 -1.3075 38 37 32 255
3.25945 0.2625 -1.3075 76 74 65 255
3.2625 0.2625 -1.30973 76 74 65 255
3.2625 0.263417 -1.3075 42 41 36 255
3.2675 0.265338 -1.3075 79 73 64 255
3.2725 0.266204 -1.3075 88 83 74 255
3.2775 0.266302 -1.3075 74 70 61 255
3.24175 0.2625 -1.3025 28 27 20 255
3.2475 0.26171 -1.3025 24 24 23 255
3.25117 0.2625 -1.3025 25 25 21 255
3.2525 0.2625 -1.30336 25 25 21 255
3.2575 0.2625 -1.30625 28 26 21 255
3.2525 0.262848 -1.3025 40 39 34 255
3.2575 0.264132 -1.3025 39 38 34 255
3.2625 0.264967 -1.3025 36 35 31 255
3.2675 0.266454 -1.3025 73 70 59 255
3.27148 0.2675 -1.3025 85 80 69 255
3.2725 0.2675 -1.30343 85 80 69 255
3.2775 0.2675 -1.30292 71 70 58 255
3.2725 0.267802 -1.3025 78 73 65 255
3.2475 0.2625 -1.30142 29 27 21 255
3.2425 0.266456 -1.2975 39 37 29 255
3.23859 0.2675 -1.2975 39 37 29 255
3.2475 0.265646 -1.2975 20 20 18 255
3.2525 0.26565 -1.2975 25 25 22 255
3.2575 0.266506 -1.2975 24 24 20 255
3.26239 0.2675 -1.2975 63 61 56 255
3.2675 0.2675 -1.29928 69 67 59 255
3.2675 0.268135 -1.2975 40 40 33 255
3.2725 0.268968 -1.2975 78 73 63 255
3.2775 0.269348 -1.2975 76 73 63 255
3.2425 0.2675 -1.29603 29 29 25 255
3.2475 0.2675 -1.29456 27 27 21 255
3.2525 0.2675 -1.29399 26 26 20 255
3.2575 0.2675 -1.29542 27 27 21 255
3.2425 0.270131 -1.2925 31 30 28 255
3.2475 0.269007 -1.2925 17 16 14 255
3.2525 0.268384 -1.2925 16 16 14 255
3.2575 0.268994 -1.2925 28 29 24 255
3.2625 0.270392 -1.2925 31 30 28 255
3.2675 0.270886 -1.2925 68 65 57 255
3.2725 0.270877 -1.2925 81 76 67 255
3.2775 0.270964 -1.2925 68 65 55 255
3.2425 0.2725 -1.28883 47 45 38 255
3.24667 0.2725 -1.2875 18 18 15 255
3.2475 0.272305 -1.2875 18 18 15 255
3.2525 0.271179 -1.2875 14 14 12 255
3.2575 0.271321 -1.2875 16 16 13 255
3.26171 0.2725 -1.2875 58 56 51 255
3.2625 0.2725 -1.28802 58 56 51 255
3.2675 0.2725 -1.28944 55 53 46 255
3.2725 0.2725 -1.28837 63 60 53 255
3.2775 0.2725 -1.28785 51 50 42 255
3.2425 0.273538 -1.2875 19 18 17 255
3.2675 0.27359 -1.2875 65 62 52 255
3.2725 0.272838 -1.2875 73 68 59 255
3.2525 0.2725 -1.28547 29 29 22 255
3.2575 0.2725 -1.28532 29 29 21 255
3.2425 0.2775 -1.28257 20 20 17 255
3.2475 0.27606 -1.2825 21 20 17 255
3.2525 0.274993 -1.2825 17 17 13 255
3.2575 0.274231 -1.2825 16 15 13 255
3.2625 0.274801 -1.2825 21 21 18 255
3.2675 0.275778 -1.2825 63 61 54 255
3.2725 0.275287 -1.2825 69 64 56 255
3.6425 0.2525 -0.601595 56 53 46 255
3.6375 0.2525 -0.600941 56 53 46 255
3.6375 0.25095 -0.5975 56 53 46 255
3.6425 0.250797 -0.5975 56 53 46 255
3.6475 0.2525 -0.6025 56 54 47 255
3.6475 0.250552 -0.5975 56 54 47 255
3.6525 0.2525 -0.60235 57 55 47 255
3.6525 0.250401 -0.5975 57 55 47 255
3.6575 0.2525 -0.602113 58 55 48 255
3.6575 0.250321 -0.5975 58 55 48 255
3.6625 0.2525 -0.601721 58 55 49 255
3.6625 0.25056 -0.5975 58 55 49 255
3.6675 0.2525 -0.601755 59 56 49 255
3.6675 0.251 -0.5975 59 56 49 255
3.67103 0.2525 -0.6025 59 55 50 255
3.6725 0.252401 -0.6025 59 55 50 255
3.6725 0.250679 -0.5975 59 55 50 255
3.6775 0.249881 -0.5975 58 54 49 255
3.6375 0.253153 -0.6025 58 54 49 255
3.6425 0.252864 -0.6025 58 54 49 255
3.6625 0.252849 -0.6025 61 56 51 255
3.6425 0.24877 -0.5925 56 53 47 255
3.6375 0.248865 -0.5925 56 53 47 255
3.6475 0.248632 -0.5925 56 54 47 255
3.6525 0.248415 -0.5925 57 53 47 255
3.6575 0.248429 -0.5925 57 54 47 255
3.6625 0.248768 -0.5925 57 54 49 255
3.6675 0.249295 -0.5925 56 55 48 255
3.6725 0.249119 -0.5925 55 52 46 255
3.6775 0.247972 -0.5925 56 53 47 255
3.6425 0.2475 -0.588936 55 52 48 255
3.6375 0.2475 -0.588177 55 52 48 255
3.6425 0.246986 -0.5875 55 52 48 255
3.6475 0.2475 -0.589339 56 53 47 255
3.6475 0.246839 -0.5875 56 53 47 255
3.6525 0.2475 -0.589778 55 52 48 255
3.6525 0.246767 -0.5875 55 52 48 255
3.6575 0.2475 -0.589683 56 53 49 255
3.6575 0.246824 -0.5875 56 53 49 255
3.6625 0.2475 -0.588707 55 53 47 255
3.6625 0.247118 -0.5875 55 53 47 255
3.6675 0.2475 -0.587686 55 51 46 255
3.6725 0.2475 -0.588051 52 49 45 255
3.6775 0.2475 -0.59116 53 52 46 255
3.6775 0.246321 -0.5875 53 52 46 255
3.6425 0.245037 -0.5825 54 51 47 255
3.6375 0.24541 -0.5825 54 51 47 255
3.6475 0.245148 -0.5825 56 52 47 255
3.6525 0.245178 -0.5825 55 54 48 255
3.6575 0.245047 -0.5825 56 53 49 255
3.6625 0.245333 -0.5825 55 52 47 255
3.6675 0.245632 -0.5825 55 50 47 255
3.6725 0.245279 -0.5825 54 51 47 255
3.6775 0.244493 -0.5825 52 51 45 255
3.6425 0.243133 -0.5775 58 55 49 255
3.6375 0.243293 -0.5775 58 55 49 255
3.6475 0.243625 -0.5775 59 56 52 255
3.6525 0.243566 -0.5775 60 57 53 255
3.6575 0.243388 -0.5775 60 57 51 255
3.6625 0.243725 -0.5775 59 55 50 255
3.6675 0.243863 -0.5775 56 53 49 255
3.6725 0.243352 -0.5775 59 56 49 255
3.6775 0.242906 -0.5775 59 58 52 255
3.6425 0.2425 -0.5762 66 62 57 255
3.6375 0.2425 -0.575908 66 62 57 255
3.6375 0.240928 -0.5725 66 62 57 255
3.6425 0.240766 -0.5725 66 62 57 255
3.6475 0.2425 -0.575152 66 62 57 255
3.6475 0.241152 -0.5725 66 62 57 255
3.6525 0.2425 -0.574934 67 63 58 255
3.6525 0.241408 -0.5725 67 63 58 255
3.6575 0.2425 -0.57505 66 62 57 255
3.6575 0.24149 -0.5725 66 62 57 255
3.6625 0.2425 -0.574237 67 63 58 255
3.6625 0.24177 -0.5725 67 63 58 255
3.6675 0.2425 -0.574206 66 63 56 255
3.6675 0.241682 -0.5725 66 63 56 255
3.6725 0.2425 -0.575347 67 63 56 255
3.6725 0.241194 -0.5725 67 63 56 255
3.6775 0.2425 -0.576288 61 58 52 255
3.6775 0.241117 -0.5725 61 58 52 255
3.6375 0.238557 -0.5675 70 67 62 255
3.6525 0.238157 -0.5675 71 68 63 255
3.6575 0.238621 -0.5675 70 68 62 255
3.6625 0.239258 -0.5675 71 67 62 255
3.6675 0.239149 -0.5675 68 66 60 255
3.6725 0.238395 -0.5675 72 68 63 255
3.6775 0.238433 -0.5675 73 70 65 255
3.30952 0.3025 -1.0825 57 57 58 255
3.31085 0.3025 -1.0775 57 57 58 255
3.3125 0.301036 -1.0775 57 57 58 255
3.3125 0.300036 -1.0825 57 57 58 255
3.2825 0.30691 -1.0825 37 37 34 255
3.2825 0.307257 -1.0775 37 37 34 255
3.2875 0.306729 -1.0825 35 35 33 255
3.2875 0.30715 -1.0775 35 35 33 255
3.2925 0.30603 -1.0825 38 38 35 255
3.2925 0.306581 -1.0775 38 38 35 255
3.2975 0.304987 -1.0825 43 43 40 255
3.2975 0.305711 -1.0775 43 43 40 255
3.3025 0.304503 -1.0825 43 42 41 255
3.3025 0.305292 -1.0775 43 42 41 255
3.3075 0.30399 -1.0825 38 39 39 255
3.3075 0.304944 -1.0775 38 39 39 255
3.3125 0.3025 -1.0725 46 47 48 255
3.2825 0.307399 -1.0725 36 36 33 255
3.2875 0.307331 -1.0725 36 36 33 255
3.2925 0.306814 -1.0725 38 37 34 255
3.2975 0.30628 -1.0725 43 42 39 255
3.3025 0.305834 -1.0725 46 45 42 255
3.3075 0.305357 -1.0725 42 41 39 255
3.28044 0.3075 -1.0675 36 35 33 255
3.2825 0.3075 -1.06947 36 35 33 255
3.2875 0.3075 -1.06946 34 34 33 255
3.28907 0.3075 -1.0675 36 36 33 255
3.2925 0.307287 -1.0675 36 36 33 255
3.2975 0.306995 -1.0675 40 39 37 255
3.3025 0.306373 -1.0675 46 46 42 255
3.3075 0.305888 -1.0675 43 42 40 255
3.3125 0.304222 -1.0675 37 39 39 255
3.2825 0.307568 -1.0675 35 35 31 255
3.2875 0.307614 -1.0675 34 33 32 255
3.31399 0.3025 -1.0675 59 57 57 255
3.31497 0.3025 -1.0625 59 57 57 255
3.31701 0.2975 -1.0675 59 57 57 255
3.31713 0.2975 -1.0625 59 57 57 255
3.2925 0.3075 -1.06597 34 35 34 255
3.2975 0.3075 -1.06444 38 37 36 255
3.29962 0.3075 -1.0625 47 46 43 255
3.3025 0.307053 -1.0625 47 46 43 255
3.3075 0.306675 -1.0625 44 44 42 255
3.3125 0.305673 -1.0625 37 38 38 255
3.2825 0.30806 -1.0625 35 35 31 255
3.2875 0.308055 -1.0625 35 35 32 255
3.2925 0.307992 -1.0625 36 36 34 255
3.2975 0.307814 -1.0625 40 39 36 255
3.3175 0.300097 -1.0575 61 60 61 255
3.3175 0.2975 -1.06128 61 60 61 255
3.316 0.3025 -1.0575 61 60 61 255
3.3025 0.3075 -1.05893 40 38 37 255
3.30507 0.3075 -1.0575 50 50 47 255
3.3075 0.307325 -1.0575 50 50 47 255
3.3125 0.30651 -1.0575 38 39 36 255
3.2825 0.30866 -1.0575 34 35 32 255
3.2875 0.308342 -1.0575 35 34 31 255
3.2925 0.308347 -1.0575 34 34 32 255
3.2975 0.308288 -1.0575 37 35 34 255
3.3025 0.30768 -1.0575 44 44 39 255
3.3075 0.3075 -1.05599 47 46 44 255
3.31052 0.3075 -1.0525 41 41 39 255
3.3125 0.307211 -1.0525 41 41 39 255
3.2825 0.309228 -1.0525 33 33 30 255
3.2875 0.308673 -1.0525 34 33 30 255
3.2925 0.308657 -1.0525 33 33 31 255
3.2975 0.30882 -1.0525 35 34 32 255
3.3025 0.308392 -1.0525 41 38 36 255
3.3075 0.307927 -1.0525 48 47 44 255
3.3125 0.3075 -1.05083 41 39 38 255
3.31381 0.3075 -1.0475 39 39 41 255
3.3175 0.305601 -1.0475 39 39 41 255
3.2825 0.309981 -1.0475 34 34 31 255
3.2875 0.309387 -1.0475 35 33 31 255
3.2925 0.309428 -1.0475 34 33 31 255
3.2975 0.309752 -1.0475 32 33 31 255
3.3025 0.309162 -1.0475 35 33 31 255
3.3075 0.308334 -1.0475 46 47 43 255
3.3125 0.308069 -1.0475 42 42 41 255
3.2825 0.310938 -1.0425 35 34 31 255
3.2875 0.310391 -1.0425 35 32 30 255
3.2925 0.310393 -1.0425 32 33 29 255
3.2975 0.310706 -1.0425 33 32 29 255
3.3025 0.309878 -1.0425 34 34 32 255
3.3075 0.308615 -1.0425 45 44 39 255
3.3125 0.308716 -1.0425 44 44 42 255
3.7925 0.276698 -0.6625 68 62 53 255
3.7625 0.276312 -0.6575 66 61 52 255
3.7675 0.276351 -0.6575 64 59 50 255
3.7725 0.2765 -0.6575 67 61 52 255
3.7775 0.275921 -0.6575 67 63 53 255
3.7825 0.275027 -0.6575 64 61 51 255
3.7875 0.274147 -0.6575 62 58 49 255
3.7925 0.273396 -0.6575 65 60 51 255
3.7825 0.2725 -0.652801 58 54 46 255
3.78148 0.2725 -0.6525 58 54 46 255
3.7875 0.2725 -0.65446 58 54 45 255
3.7875 0.271344 -0.6525 58 54 45 255
3.7925 0.2725 -0.655852 58 55 48 255
3.7925 0.270711 -0.6525 58 55 48 255
3.7625 0.273683 -0.6525 64 61 51 255
3.7575 0.274098 -0.6525 64 61 51 255
3.7675 0.273541 -0.6525 64 59 49 255
3.7725 0.273571 -0.6525 66 62 52 255
3.7775 0.273176 -0.6525 63 60 50 255
3.7625 0.2725 -0.649877 59 56 47 255
3.7575 0.2725 -0.649292 59 56 47 255
3.7575 0.271565 -0.6475 59 56 47 255
3.7625 0.271374 -0.6475 59 56 47 255
3.7675 0.2725 -0.650375 56 53 45 255
3.7675 0.271101 -0.6475 56 53 45 255
3.7725 0.2725 -0.650541 55 51 43 255
3.7725 0.270931 -0.6475 55 51 43 255
3.7775 0.2725 -0.651306 56 52 44 255
3.7775 0.270316 -0.6475 56 52 44 255
3.7825 0.269266 -0.6475 57 53 46 255
3.7875 0.268618 -0.6475 60 56 47 255
3.7925 0.268263 -0.6475 58 54 47 255
3.7775 0.2675 -0.642964 55 52 44 255
3.77559 0.2675 -0.6425 55 52 44 255
3.7825 0.2675 -0.644545 58 54 46 255
3.7825 0.266391 -0.6425 58 54 46 255
3.7875 0.2675 -0.645498 58 55 46 255
3.7875 0.26597 -0.6425 58 55 46 255
3.7925 0.2675 -0.646063 59 55 47 255
3.7925 0.265609 -0.6425 59 55 47 255
3.7625 0.268708 -0.6425 55 52 44 255
3.7675 0.268346 -0.6425 56 53 45 255
3.7725 0.267951 -0.6425 57 53 46 255
3.1525 0.1925 -0.532973 57 53 48 255
3.14899 0.1925 -0.5325 57 53 48 255
3.1525 0.191597 -0.5325 57 53 48 255
3.1575 0.1925 -0.533007 53 52 44 255
3.1575 0.191699 -0.5325 53 52 44 255
3.1375 0.1975 -0.532926 52 50 42 255
3.13532 0.1975 -0.5325 52 50 42 255
3.1425 0.1975 -0.53366 54 52 44 255
3.1425 0.195749 -0.5325 54 52 44 255
3.1475 0.1975 -0.534905 54 51 43 255
3.1475 0.193029 -0.5325 54 51 43 255
3.1525 0.1975 -0.536002 59 55 47 255
3.1425 0.1875 -0.528298 59 56 48 255
3.14029 0.1875 -0.5275 59 56 48 255
3.1425 0.18584 -0.5275 59 56 48 255
3.1475 0.1875 -0.529705 59 55 49 255
3.1475 0.183584 -0.5275 59 55 49 255
3.1525 0.1875 -0.529671 59 57 49 255
3.1525 0.183946 -0.5275 59 57 49 255
3.1575 0.1875 -0.529507 60 57 49 255
3.1575 0.183316 -0.5275 60 57 49 255
3.1275 0.1925 -0.527553 55 53 46 255
3.1325 0.1925 -0.52816 55 53 45 255
3.1325 0.191422 -0.5275 55 53 45 255
3.1375 0.1925 -0.529098 57 55 48 255
3.1375 0.189656 -0.5275 57 55 48 255
3.1425 0.1925 -0.53045 61 58 50 255
3.1225 0.1975 -0.530325 56 52 45 255
3.1175 0.1975 -0.528447 56 52 45 255
3.1175 0.196224 -0.5275 56 52 45 255
3.1225 0.19367 -0.5275 56 52 45 255
3.1275 0.1975 -0.531279 53 51 43 255
3.1325 0.1975 -0.531888 54 51 44 255
3.1225 0.1875 -0.523644 62 59 51 255
3.11911 0.1875 -0.5225 62 59 51 255
3.1225 0.185776 -0.5225 62 59 51 255
3.1275 0.1875 -0.524416 62 59 51 255
3.1275 0.184079 -0.5225 62 59 51 255
3.1325 0.1875 -0.525133 62 59 51 255
3.1375 0.1875 -0.526317 64 61 53 255
3.1375 0.1825 -0.52366 64 61 53 255
3.1425 0.1825 -0.525421 64 61 53 255
3.1475 0.1825 -0.526663 60 57 49 255
3.1525 0.1825 -0.52654 62 60 52 255
3.1575 0.1825 -0.527017 71 68 60 255
3.1175 0.1925 -0.524968 60 57 49 255
3.1225 0.1925 -0.526695 60 57 49 255
3.2325 0.2575 -0.637697 36 33 26 255
3.23116 0.2575 -0.6375 36 33 26 255
3.2375 0.2575 -0.637845 34 30 23 255
3.2025 0.258112 -0.6375 36 32 25 255
3.1975 0.257788 -0.6375 36 32 25 255
3.2075 0.257991 -0.6375 37 33 27 255
3.2125 0.257983 -0.6375 33 29 24 255
3.2175 0.258087 -0.6375 26 23 17 255
3.2225 0.258105 -0.6375 25 23 18 255
3.2275 0.257949 -0.6375 24 21 18 255
3.2025 0.2575 -0.636733 33 28 23 255
3.1975 0.254139 -0.6325 33 28 23 255
3.2025 0.254227 -0.6325 33 28 23 255
3.2075 0.25387 -0.6325 33 29 24 255
3.2125 0.253378 -0.6325 33 30 23 255
3.2175 0.253181 -0.6325 33 30 23 255
3.2225 0.253547 -0.6325 33 29 23 255
3.2275 0.253792 -0.6325 33 30 23 255
3.2325 0.253581 -0.6325 33 30 22 255
3.2375 0.253609 -0.6325 34 29 23 255
3.2025 0.2525 -0.630009 36 33 25 255
3.1975 0.2525 -0.630244 36 33 25 255
3.1975 0.250378 -0.6275 36 33 25 255
3.2025 0.250674 -0.6275 36 33 25 255
3.2075 0.2525 -0.630738 35 32 24 255
3.2075 0.24996 -0.6275 35 32 24 255
3.2125 0.2525 -0.631421 36 32 25 255
3.2125 0.249488 -0.6275 36 32 25 255
3.2175 0.2525 -0.631537 37 35 27 255
3.2175 0.249816 -0.6275 37 35 27 255
3.2225 0.2525 -0.630978 37 33 27 255
3.2225 0.250165 -0.6275 37 33 27 255
3.2275 0.2525 -0.630601 39 34 28 255
3.2275 0.25037 -0.6275 39 34 28 255
3.2325 0.2525 -0.630723 35 31 25 255
3.2325 0.250502 -0.6275 35 31 25 255
3.2375 0.2525 -0.630633 35 31 25 255
3.2375 0.250628 -0.6275 35 31 25 255
3.2025 0.2475 -0.622997 39 35 27 255
3.1975 0.2475 -0.623655 39 35 27 255
3.1975 0.24667 -0.6225 39 35 27 255
3.2075 0.2475 -0.623568 39 37 28 255
3.2075 0.246838 -0.6225 39 37 28 255
3.2125 0.2475 -0.623793 40 37 28 255
3.2125 0.246818 -0.6225 40 37 28 255
3.2175 0.2475 -0.623069 39 35 27 255
3.2225 0.2475 -0.622737 37 33 26 255
3.225 0.2475 -0.6225 37 34 27 255
3.2275 0.247637 -0.6225 38 34 26 255
3.2325 0.247717 -0.6225 36 32 27 255
3.2375 0.247764 -0.6225 36 33 25 255
3.2025 0.24422 -0.6175 40 38 29 255
3.1975 0.243735 -0.6175 40 38 29 255
3.2075 0.244365 -0.6175 40 38 28 255
3.2125 0.244704 -0.6175 38 35 27 255
3.2175 0.244882 -0.6175 38 35 27 255
3.2225 0.244693 -0.6175 39 36 28 255
3.2275 0.244807 -0.6175 37 34 26 255
3.2325 0.244828 -0.6175 38 34 27 255
3.2375 0.244991 -0.6175 36 32 27 255
3.2025 0.2425 -0.613747 35 33 25 255
3.1975 0.2425 -0.614898 35 33 25 255
3.1975 0.241358 -0.6125 35 33 25 255
3.2025 0.241911 -0.6125 35 33 25 255
3.2075 0.2425 -0.61386 35 32 25 255
3.2075 0.241807 -0.6125 35 32 25 255
3.2125 0.2425 -0.613238 37 33 27 255
3.21514 0.2425 -0.6125 35 31 27 255
3.2175 0.242817 -0.6125 39 35 28 255
3.2225 0.243005 -0.6125 38 34 27 255
3.2275 0.242908 -0.6125 38 33 27 255
3.2325 0.242683 -0.6125 35 32 25 255
3.2375 0.242563 -0.6125 36 33 25 255
3.2025 0.239649 -0.6075 35 31 27 255
3.1975 0.239285 -0.6075 35 31 27 255
3.2075 0.239426 -0.6075 34 31 25 255
3.2125 0.239775 -0.6075 35 31 25 255
3.2175 0.2425 -0.611682 34 30 24 255
3.2175 0.240917 -0.6075 34 30 24 255
3.2225 0.2425 -0.610441 34 32 26 255
3.2225 0.241738 -0.6075 34 32 26 255
3.2275 0.2425 -0.610893 36 32 25 255
3.2275 0.241606 -0.6075 36 32 25 255
3.2325 0.240952 -0.6075 34 31 25 255
3.2375 0.24048 -0.6075 34 30 26 255
3.2025 0.237746 -0.6025 35 31 26 255
3.2125 0.23786 -0.6025 35 32 26 255
3.2175 0.238937 -0.6025 32 30 23 255
3.2225 0.239888 -0.6025 35 32 26 255
3.2275 0.239771 -0.6025 34 30 25 255
3.2325 0.238929 -0.6025 33 29 23 255
3.2425 0.280416 -1.2775 32 31 27 255
3.2375 0.280682 -1.2775 32 31 27 255
3.2475 0.279129 -1.2775 17 16 15 255
3.2475 0.2775 -1.27983 17 16 15 255
3.2525 0.278234 -1.2775 16 17 14 255
3.2525 0.2775 -1.27835 16 17 14 255
3.25433 0.2775 -1.2775 18 17 13 255
3.2675 0.2775 -1.27824 27 26 23 255
3.2662 0.2775 -1.2775 27 26 23 255
3.2725 0.277793 -1.2775 64 60 51 255
3.24097 0.2825 -1.2725 30 28 23 255
3.2425 0.2825 -1.27262 30 28 23 255
3.2375 0.282363 -1.2725 30 28 23 255
3.2475 0.281728 -1.2725 17 16 15 255
3.2525 0.28059 -1.2725 18 18 16 255
3.2575 0.27985 -1.2725 13 13 12 255
3.2575 0.2775 -1.27581 13 13 12 255
3.2625 0.279395 -1.2725 17 18 16 255
3.2625 0.2775 -1.27578 17 18 16 255
3.2675 0.279444 -1.2725 53 52 45 255
3.2725 0.279425 -1.2725 60 60 52 255
3.2775 0.279441 -1.2725 58 57 49 255
3.2475 0.2825 -1.26926 28 26 20 255
3.24979 0.2825 -1.2675 19 18 17 255
3.2525 0.282043 -1.2675 19 18 17 255
3.2575 0.282304 -1.2675 18 17 16 255
3.2625 0.281587 -1.2675 28 25 21 255
3.2675 0.280456 -1.2675 24 23 16 255
3.2725 0.28039 -1.2675 27 27 21 255
3.2775 0.280737 -1.2675 26 25 20 255
3.2375 0.283474 -1.2675 26 25 24 255
3.2425 0.283865 -1.2675 26 25 24 255
3.2475 0.283006 -1.2675 27 27 25 255
3.2525 0.2825 -1.265 31 28 22 255
3.2575 0.2825 -1.26646 27 27 21 255
3.2625 0.2825 -1.26391 28 28 23 255
3.26406 0.2825 -1.2625 28 28 23 255
3.2675 0.281751 -1.2625 28 28 23 255
3.2725 0.281418 -1.2625 28 29 23 255
3.2775 0.281715 -1.2625 28 29 24 255
3.2425 0.28397 -1.2625 19 18 18 255
3.2375 0.28388 -1.2625 19 18 18 255
3.2475 0.283435 -1.2625 38 36 28 255
3.2525 0.283049 -1.2625 18 17 16 255
3.2575 0.283416 -1.2625 17 16 15 255
3.2625 0.283026 -1.2625 16 14 15 255
3.2675 0.2825 -1.25983 29 28 22 255
3.2725 0.2825 -1.25807 29 29 23 255
3.2775 0.2825 -1.25829 29 29 23 255
3.2425 0.284307 -1.2575 31 29 23 255
3.2375 0.284159 -1.2575 31 29 23 255
3.2475 0.284329 -1.2575 29 30 25 255
3.2525 0.284028 -1.2575 29 29 23 255
3.2575 0.284206 -1.2575 30 28 23 255
3.2625 0.284273 -1.2575 28 28 22 255
3.2675 0.283189 -1.2575 27 27 22 255
3.2775 0.282639 -1.2575 30 29 24 255
3.2425 0.284471 -1.2525 31 28 23 255
3.2375 0.28429 -1.2525 31 28 23 255
3.2475 0.284578 -1.2525 31 29 24 255
3.2525 0.284433 -1.2525 31 29 24 255
3.2575 0.284425 -1.2525 30 28 22 255
3.2625 0.284618 -1.2525 28 28 22 255
3.2675 0.284029 -1.2525 28 29 23 255
3.2725 0.283438 -1.2525 29 28 23 255
3.2775 0.283413 -1.2525 30 29 24 255
3.2425 0.284762 -1.2475 31 30 25 255
3.2375 0.284614 -1.2475 31 30 25 255
3.2475 0.28487 -1.2475 31 29 23 255
3.2525 0.284811 -1.2475 30 28 24 255
3.2575 0.284754 -1.2475 29 27 22 255
3.2625 0.284859 -1.2475 28 28 22 255
3.2675 0.284711 -1.2475 29 29 23 255
3.2725 0.284488 -1.2475 30 29 24 255
3.2775 0.284432 -1.2475 29 29 23 255
3.6375 0.2225 -0.557512 103 100 91 255
3.6025 0.2275 -0.559914 102 97 89 255
3.5975 0.2275 -0.559908 102 97 89 255
3.5975 0.222639 -0.5575 102 97 89 255
3.6025 0.22278 -0.5575 102 97 89 255
3.6075 0.2275 -0.560001 104 99 91 255
3.6075 0.223204 -0.5575 104 99 91 255
3.6125 0.2275 -0.559805 103 99 91 255
3.6125 0.223815 -0.5575 103 99 91 255
3.6175 0.2275 -0.559509 103 100 91 255
3.6175 0.223829 -0.5575 103 100 91 255
3.6225 0.2275 -0.55919 103 100 92 255
3.6225 0.22369 -0.5575 103 100 92 255
3.6275 0.2275 -0.559107 106 103 94 255
3.6275 0.223721 -0.5575 106 103 94 255
3.6325 0.2275 -0.559516 105 101 93 255
3.6325 0.223117 -0.5575 105 101 93 255
3.6375 0.2275 -0.559696 103 99 91 255
3.6275 0.2325 -0.561548 100 98 88 255
3.6325 0.2325 -0.561637 101 97 88 255
3.5975 0.2125 -0.553381 109 106 96 255
3.6025 0.2175 -0.554979 105 101 92 255
3.5975 0.2175 -0.555239 105 101 92 255
3.6075 0.2175 -0.554689 106 104 95 255
3.6125 0.2175 -0.554414 107 104 95 255
3.6175 0.2175 -0.554637 107 104 96 255
3.6225 0.2175 -0.554925 108 106 97 255
3.6275 0.2175 -0.554728 108 105 96 255
3.6325 0.2175 -0.555014 107 104 96 255
3.6375 0.2175 -0.555382 108 106 97 255
3.6125 0.2225 -0.556782 105 101 93 255
3.6175 0.2225 -0.556797 106 103 94 255
3.6225 0.2225 -0.556944 105 102 93 255
3.6275 0.2225 -0.556929 107 105 96 255
3.7566 0.2775 -0.6575 67 63 53 255
3.7325 0.2775 -0.653423 57 52 44 255
3.7282 0.2775 -0.6525 57 52 44 255
3.7325 0.276993 -0.6525 57 52 44 255
3.7375 0.2775 -0.654075 59 54 45 255
3.7375 0.276626 -0.6525 59 54 45 255
3.7425 0.2775 -0.654283 64 59 51 255
3.7425 0.276392 -0.6525 64 59 51 255
3.7475 0.2775 -0.65477 63 59 49 255
3.7475 0.275812 -0.6525 63 59 49 255
3.7525 0.2775 -0.655954 63 58 50 255
3.7525 0.274872 -0.6525 63 58 50 255
3.7525 0.2725 -0.648582 58 54 46 255
3.74802 0.2725 -0.6475 58 54 46 255
3.7525 0.271837 -0.6475 58 54 46 255
3.7225 0.2775 -0.651573 57 53 44 255
3.7175 0.275433 -0.6475 57 53 44 255
3.7225 0.275452 -0.6475 57 53 44 255
3.7275 0.275099 -0.6475 56 53 44 255
3.7325 0.274412 -0.6475 57 52 44 255
3.7375 0.27386 -0.6475 57 54 45 255
3.7425 0.273384 -0.6475 62 57 49 255
3.7325 0.2725 -0.643629 51 48 41 255
3.7375 0.2725 -0.644661 51 48 41 255
3.7425 0.2725 -0.645801 56 53 45 255
3.95599 0.2375 -0.6425 51 47 41 255
3.2325 0.3075 -0.75932 52 47 39 255
3.2325 0.307069 -0.7575 52 47 39 255
3.2325 0.308237 -0.7625 50 44 36 255
3.2325 0.306074 -0.7525 51 46 38 255
3.2275 0.306006 -0.7525 49 47 38 255
3.2325 0.305044 -0.7475 49 47 38 255
3.2275 0.304531 -0.7475 49 47 38 255
3.22441 0.3025 -0.7425 52 49 40 255
3.2225 0.3025 -0.744723 52 49 40 255
3.2225 0.302188 -0.7425 52 49 40 255
3.2325 0.303845 -0.7425 50 47 38 255
3.2275 0.303162 -0.7425 50 47 38 255
3.2275 0.3025 -0.737659 53 49 40 255
3.2225 0.301892 -0.7375 53 49 40 255
3.2325 0.302942 -0.7375 49 46 37 255
3.2275 0.30196 -0.7325 27 24 18 255
3.2225 0.301102 -0.7325 27 24 18 255
3.2325 0.3025 -0.734642 29 26 21 255
3.2325 0.302173 -0.7325 29 26 21 255
3.2275 0.30075 -0.7275 28 25 19 255
3.2225 0.300117 -0.7275 28 25 19 255
3.2325 0.300655 -0.7275 27 25 19 255
3.2175 0.299456 -0.7275 29 26 21 255
3.3625 0.320836 -0.8425 34 31 26 255
3.3625 0.320341 -0.8375 34 31 26 255
3.3575 0.320361 -0.8375 34 31 26 255
3.3675 0.320574 -0.8425 35 32 26 255
3.3675 0.320284 -0.8375 35 32 26 255
3.3725 0.320628 -0.8425 35 31 25 255
3.3725 0.320479 -0.8375 35 31 25 255
3.3775 0.320643 -0.8425 36 33 27 255
3.3775 0.320536 -0.8375 36 33 27 255
3.3825 0.320327 -0.8425 35 32 26 255
3.3825 0.320394 -0.8375 35 32 26 255
3.3875 0.320272 -0.8425 34 31 27 255
3.3875 0.32025 -0.8375 34 31 27 255
3.3925 0.320292 -0.8425 35 32 26 255
3.3925 0.320197 -0.8375 35 32 26 255
3.3975 0.319914 -0.8425 36 33 29 255
3.3975 0.319932 -0.8375 36 33 29 255
3.3625 0.319795 -0.8325 35 32 25 255
3.3575 0.319777 -0.8325 35 32 25 255
3.3675 0.320126 -0.8325 35 32 25 255
3.3725 0.320583 -0.8325 35 30 25 255
3.3775 0.320758 -0.8325 35 32 27 255
3.3825 0.320728 -0.8325 37 34 28 255
3.3875 0.320436 -0.8325 34 31 26 255
3.3925 0.320194 -0.8325 34 32 27 255
3.3975 0.319966 -0.8325 34 32 26 255
3.3625 0.319564 -0.8275 36 33 26 255
3.3575 0.319463 -0.8275 36 33 26 255
3.3675 0.319813 -0.8275 37 33 27 255
3.3725 0.320409 -0.8275 36 32 28 255
3.3775 0.320929 -0.8275 36 32 25 255
3.3825 0.320743 -0.8275 37 33 27 255
3.3875 0.320369 -0.8275 36 33 27 255
3.3925 0.32008 -0.8275 35 31 26 255
3.3975 0.319811 -0.8275 35 32 26 255
3.3625 0.319318 -0.8225 37 33 26 255
3.3575 0.319298 -0.8225 37 33 26 255
3.3675 0.319384 -0.8225 39 35 28 255
3.3725 0.320014 -0.8225 37 33 28 255
3.3775 0.320835 -0.8225 37 33 26 255
3.3825 0.320449 -0.8225 36 32 26 255
3.3875 0.31996 -0.8225 38 35 28 255
3.3925 0.319892 -0.8225 37 33 26 255
3.3975 0.319714 -0.8225 36 34 28 255
3.3625 0.31904 -0.8175 38 35 28 255
3.3575 0.319025 -0.8175 38 35 28 255
3.3675 0.319106 -0.8175 38 35 28 255
3.3725 0.319545 -0.8175 37 33 28 255
3.3775 0.320342 -0.8175 37 33 26 255
3.3825 0.32027 -0.8175 37 33 26 255
3.3875 0.31986 -0.8175 38 34 28 255
3.3925 0.319827 -0.8175 38 34 28 255
3.3975 0.319728 -0.8175 37 34 28 255
3.3625 0.318791 -0.8125 38 34 27 255
3.3575 0.318924 -0.8125 38 34 27 255
3.3675 0.318678 -0.8125 40 36 29 255
3.3725 0.318457 -0.8125 37 33 28 255
3.3775 0.318885 -0.8125 36 32 28 255
3.3825 0.319555 -0.8125 37 34 29 255
3.3875 0.319706 -0.8125 39 36 29 255
3.3925 0.319563 -0.8125 39 35 29 255
3.3975 0.319268 -0.8125 38 34 28 255
3.3625 0.318085 -0.8075 39 36 29 255
3.3575 0.318472 -0.8075 39 36 29 255
3.3675 0.317897 -0.8075 39 36 29 255
3.3725 0.317613 -0.8075 36 33 28 255
3.3775 0.317844 -0.8075 38 34 27 255
3.3825 0.318819 -0.8075 37 34 28 255
3.3875 0.319471 -0.8075 38 34 30 255
3.3925 0.319262 -0.8075 38 34 29 255
3.3975 0.318728 -0.8075 38 35 28 255
3.2425 0.2825 -0.680646 31 27 23 255
3.2375 0.2825 -0.681137 31 27 23 255
3.2375 0.28092 -0.6775 31 27 23 255
3.2425 0.281 -0.6775 31 27 23 255
3.2475 0.2825 -0.680326 31 27 21 255
3.2475 0.281316 -0.6775 31 27 21 255
3.2525 0.2825 -0.681892 33 29 24 255
3.2525 0.280952 -0.6775 33 29 24 255
3.2575 0.2825 -0.682358 31 28 22 255
3.2575 0.280551 -0.6775 31 28 22 255
3.2625 0.2825 -0.681346 33 29 23 255
3.2625 0.280466 -0.6775 33 29 23 255
3.2675 0.2825 -0.681195 33 29 23 255
3.2675 0.280447 -0.6775 33 29 23 255
3.2725 0.2825 -0.680415 33 29 23 255
3.2725 0.280966 -0.6775 33 29 23 255
3.2775 0.2825 -0.679146 31 29 23 255
3.2775 0.281615 -0.6775 31 29 23 255
3.2425 0.283439 -0.6825 32 29 23 255
3.2475 0.283446 -0.6825 30 27 21 255
3.2625 0.28308 -0.6825 30 28 21 255
3.2675 0.283177 -0.6825 29 27 20 255
3.2725 0.283516 -0.6825 31 28 21 255
3.2775 0.284209 -0.6825 33 30 22 255
3.2425 0.278902 -0.6725 32 29 23 255
3.2375 0.278767 -0.6725 32 29 23 255
3.2475 0.279004 -0.6725 33 30 24 255
3.2525 0.278723 -0.6725 32 29 24 255
3.2575 0.27818 -0.6725 34 29 24 255
3.2625 0.277968 -0.6725 35 31 24 255
3.2675 0.278358 -0.6725 33 30 22 255
3.2725 0.278955 -0.6725 34 29 24 255
3.2775 0.279275 -0.6725 33 29 24 255
3.23916 0.2575 -0.6375 33 30 23 255
3.2425 0.258067 -0.6375 20 19 15 255
3.2475 0.258528 -0.6375 21 18 16 255
3.2525 0.25847 -0.6375 23 22 21 255
3.2575 0.258136 -0.6375 24 23 20 255
3.2625 0.258027 -0.6375 22 20 16 255
3.2675 0.258702 -0.6375 22 21 17 255
3.2725 0.2625 -0.641748 23 22 19 255
3.2725 0.259249 -0.6375 23 22 19 255
3.2775 0.2625 -0.641605 22 20 18 255
3.2775 0.259383 -0.6375 22 20 18 255
3.2425 0.254383 -0.6325 33 30 24 255
3.2475 0.2575 -0.636045 35 31 24 255
3.2475 0.25502 -0.6325 35 31 24 255
3.2525 0.2575 -0.635995 37 32 27 255
3.2525 0.255179 -0.6325 37 32 27 255
3.2575 0.2575 -0.636447 35 32 25 255
3.2575 0.255098 -0.6325 35 32 25 255
3.2625 0.2575 -0.636669 32 29 23 255
3.2625 0.254858 -0.6325 32 29 23 255
3.2675 0.2575 -0.635821 34 32 25 255
3.2675 0.255111 -0.6325 34 32 25 255
3.2725 0.2575 -0.635175 32 30 22 255
3.2725 0.255544 -0.6325 32 30 22 255
3.2775 0.2575 -0.635022 35 30 24 255
3.2775 0.255696 -0.6325 35 30 24 255
3.2425 0.2525 -0.629442 34 30 25 255
3.2425 0.251223 -0.6275 34 30 25 255
3.2475 0.2525 -0.628847 34 31 25 255
3.2475 0.251521 -0.6275 34 31 25 255
3.2525 0.2525 -0.628818 33 29 23 255
3.2525 0.25154 -0.6275 33 29 23 255
3.2575 0.2525 -0.628105 31 28 22 255
3.2625 0.2525 -0.627897 32 28 23 255
3.2675 0.2525 -0.628415 33 30 24 255
3.2675 0.251942 -0.6275 33 30 24 255
3.2725 0.2525 -0.628485 34 30 25 255
3.2725 0.251773 -0.6275 34 30 25 255
3.2775 0.2525 -0.62825 34 30 25 255
3.2425 0.248439 -0.6225 34 31 25 255
3.2475 0.248684 -0.6225 35 31 25 255
3.2525 0.248611 -0.6225 35 32 24 255
3.2575 0.249356 -0.6225 33 29 23 255
3.2625 0.24989 -0.6225 33 30 24 255
3.2675 0.249365 -0.6225 35 31 27 255
3.2725 0.248709 -0.6225 35 31 26 255
3.2775 0.2489 -0.6225 35 31 24 255
3.2425 0.2475 -0.620796 35 32 24 255
3.2425 0.245717 -0.6175 35 32 24 255
3.2475 0.2475 -0.620334 37 33 27 255
3.2475 0.246 -0.6175 37 33 27 255
3.2525 0.2475 -0.620354 35 33 26 255
3.2525 0.246059 -0.6175 35 33 26 255
3.2575 0.2475 -0.619206 37 34 28 255
3.2575 0.246559 -0.6175 37 34 28 255
3.2625 0.2475 -0.618551 36 32 26 255
3.2625 0.246849 -0.6175 36 32 26 255
3.2675 0.2475 -0.61944 37 33 26 255
3.2675 0.246234 -0.6175 37 33 26 255
3.2725 0.2475 -0.620289 34 30 25 255
3.2725 0.245944 -0.6175 34 30 25 255
3.2775 0.2475 -0.619365 37 33 26 255
3.2775 0.246677 -0.6175 37 33 26 255
3.2425 0.242986 -0.6125 35 33 26 255
3.2475 0.243495 -0.6125 37 32 27 255
3.2525 0.243725 -0.6125 36 32 26 255
3.2575 0.243783 -0.6125 38 34 29 255
3.2625 0.243895 -0.6125 37 33 28 255
3.2675 0.243752 -0.6125 36 32 26 255
3.2725 0.243896 -0.6125 35 31 26 255
3.2775 0.244668 -0.6125 34 32 25 255
3.2425 0.2425 -0.611472 36 32 28 255
3.2425 0.240651 -0.6075 36 32 28 255
3.2475 0.2425 -0.610166 34 30 26 255
3.2475 0.241313 -0.6075 34 30 26 255
3.2525 0.2425 -0.609738 34 32 26 255
3.2525 0.24149 -0.6075 34 32 26 255
3.2575 0.2425 -0.609861 34 31 26 255
3.2575 0.241373 -0.6075 34 31 26 255
3.2625 0.2425 -0.609409 34 32 26 255
3.2625 0.241685 -0.6075 34 32 26 255
3.2675 0.2425 -0.608495 34 30 25 255
3.2675 0.242205 -0.6075 34 30 25 255
3.2725 0.2425 -0.60767 34 32 26 255
3.2775 0.242826 -0.6075 33 31 24 255
3.2775 0.2425 -0.606481 33 29 25 255
3.9275 0.2425 -0.637761 56 54 46 255
3.92591 0.2425 -0.6375 56 54 46 255
3.9325 0.2425 -0.640278 54 51 44 255
3.9325 0.241387 -0.6375 54 51 44 255
3.93624 0.2425 -0.6425 56 52 46 255
3.9375 0.24218 -0.6425 56 52 46 255
3.9375 0.239963 -0.6375 56 52 46 255
3.9425 0.241118 -0.6425 55 50 44 255
3.9425 0.23917 -0.6375 55 50 44 255
3.9475 0.239925 -0.6425 52 49 42 255
3.9475 0.238235 -0.6375 52 49 42 255
3.9525 0.2375 -0.639497 52 49 42 255
3.95011 0.2375 -0.6375 52 49 42 255
3.9525 0.238538 -0.6425 52 49 42 255
3.9225 0.244354 -0.6425 55 50 43 255
3.9225 0.242683 -0.6375 55 50 43 255
3.9175 0.243605 -0.6375 55 50 43 255
3.9275 0.24405 -0.6425 54 50 43 255
3.9325 0.243433 -0.6425 55 50 44 255
3.9175 0.2425 -0.634441 55 51 45 255
3.9175 0.241781 -0.6325 55 51 45 255
3.9225 0.241091 -0.6325 55 51 45 255
3.9275 0.240577 -0.6325 56 51 45 255
3.9325 0.239455 -0.6325 58 54 48 255
3.9375 0.238096 -0.6325 56 52 46 255
3.9425 0.2375 -0.633537 55 53 45 255
3.94041 0.2375 -0.6325 55 53 45 255
3.9475 0.2375 -0.635737 52 50 42 255
3.9225 0.239524 -0.6275 60 57 49 255
3.9175 0.24016 -0.6275 60 57 49 255
3.9275 0.238531 -0.6275 60 55 48 255
3.9325 0.2375 -0.627536 59 54 47 255
3.9375 0.2375 -0.630614 57 53 46 255
3.9225 0.237588 -0.6225 58 53 47 255
3.9175 0.23837 -0.6225 58 53 47 255
3.9275 0.2375 -0.625203 59 55 47 255
3.4025 0.3025 -0.71902 57 51 44 255
3.4025 0.302058 -0.7175 57 51 44 255
3.4075 0.3025 -0.719008 58 52 44 255
3.4075 0.302112 -0.7175 58 52 44 255
3.4125 0.3025 -0.720016 57 52 44 255
3.4125 0.301705 -0.7175 57 52 44 255
3.4175 0.3025 -0.719486 56 51 43 255
3.4175 0.301838 -0.7175 56 51 43 255
3.4225 0.3025 -0.718728 57 51 43 255
3.4225 0.302112 -0.7175 57 51 43 255
3.4275 0.3025 -0.7175 56 52 43 255
3.4025 0.303571 -0.7225 56 50 43 255
3.4075 0.303369 -0.7225 57 52 44 255
3.4125 0.303209 -0.7225 57 52 44 255
3.4175 0.30341 -0.7225 54 50 41 255
3.4225 0.303574 -0.7225 55 49 41 255
3.4275 0.303762 -0.7225 54 50 42 255
3.4325 0.304178 -0.7225 56 50 42 255
3.4325 0.302911 -0.7175 56 50 42 255
3.4375 0.302985 -0.7175 58 54 46 255
3.4025 0.299665 -0.7125 57 54 45 255
3.4075 0.300056 -0.7125 59 53 44 255
3.4125 0.299578 -0.7125 61 55 48 255
3.4175 0.299503 -0.7125 59 53 45 255
3.4225 0.299896 -0.7125 59 54 45 255
3.4275 0.300495 -0.7125 56 52 44 255
3.4325 0.3025 -0.716381 58 54 45 255
3.4325 0.300969 -0.7125 58 54 45 255
3.4375 0.3025 -0.716148 58 53 44 255
3.4375 0.301128 -0.7125 58 53 44 255
3.4025 0.2975 -0.708955 60 55 45 255
3.4025 0.296583 -0.7075 60 55 45 255
3.4075 0.2975 -0.708161 60 54 47 255
3.4125 0.2975 -0.70757 59 54 47 255
3.4175 0.2975 -0.7075 60 55 47 255
3.4225 0.297559 -0.7075 60 53 46 255
3.4275 0.29798 -0.7075 60 55 46 255
3.4325 0.298541 -0.7075 57 54 45 255
3.4375 0.299097 -0.7075 60 56 47 255
3.4025 0.294379 -0.7025 60 55 47 255
3.4075 0.294396 -0.7025 60 56 47 255
3.4125 0.29515 -0.7025 59 54 46 255
3.4175 0.295521 -0.7025 59 55 46 255
3.4225 0.295536 -0.7025 62 55 47 255
3.4275 0.2975 -0.706414 59 55 46 255
3.4275 0.295872 -0.7025 59 55 46 255
3.4325 0.2975 -0.705242 63 58 48 255
3.4325 0.296311 -0.7025 63 58 48 255
3.4375 0.2975 -0.704165 63 59 49 255
3.4375 0.296735 -0.7025 63 59 49 255
3.4025 0.293268 -0.6975 62 57 48 255
3.4075 0.292704 -0.6975 64 58 50 255
3.4125 0.293011 -0.6975 61 57 47 255
3.4175 0.293659 -0.6975 63 58 49 255
3.4225 0.294083 -0.6975 61 56 49 255
3.4275 0.294424 -0.6975 59 54 46 255
3.4325 0.294644 -0.6975 62 58 48 255
3.4375 0.294682 -0.6975 63 59 49 255
3.4025 0.2925 -0.693571 64 59 50 255
3.39854 0.2925 -0.6925 64 59 50 255
3.4025 0.292274 -0.6925 64 59 50 255
3.4075 0.2925 -0.696708 67 62 53 255
3.4075 0.291449 -0.6925 67 62 53 255
3.4125 0.2925 -0.695999 66 59 50 255
3.4125 0.291424 -0.6925 66 59 50 255
3.4175 0.2925 -0.693418 64 58 49 255
3.4175 0.292257 -0.6925 64 58 49 255
3.41902 0.2925 -0.6925 63 58 49 255
3.4225 0.293044 -0.6925 62 57 48 255
3.4275 0.292971 -0.6925 64 59 50 255
3.4325 0.292725 -0.6925 62 58 48 255
3.4375 0.292787 -0.6925 63 59 50 255
3.4025 0.290128 -0.6875 65 61 50 255
3.4075 0.289394 -0.6875 66 63 54 255
3.4125 0.289555 -0.6875 65 61 52 255
3.4175 0.29054 -0.6875 64 59 50 255
3.4225 0.2925 -0.690958 67 63 53 255
3.4225 0.291109 -0.6875 67 63 53 255
3.4275 0.2925 -0.691431 65 60 51 255
3.4275 0.290569 -0.6875 65 60 51 255
3.4325 0.290276 -0.6875 66 62 51 255
3.4375 0.29054 -0.6875 65 60 50 255
3.4075 0.2875 -0.683401 42 40 33 255
3.8025 0.3025 -0.7775 47 45 43 255
3.7975 0.30294 -0.7775 47 45 43 255
3.8025 0.303351 -0.7725 47 45 43 255
3.7975 0.303225 -0.7725 47 45 43 255
3.8075 0.302688 -0.7725 40 38 38 255
3.8075 0.3025 -0.773301 40 38 38 255
3.81227 0.3025 -0.7675 59 56 51 255
3.8125 0.300689 -0.7725 59 56 51 255
3.8025 0.303615 -0.7675 39 38 35 255
3.7975 0.303479 -0.7675 39 38 35 255
3.8075 0.303473 -0.7675 47 45 43 255
3.8175 0.299301 -0.7675 49 47 43 255
3.7275 0.2925 -0.678679 58 54 46 255
3.72323 0.2925 -0.6775 58 54 46 255
3.7275 0.291865 -0.6775 58 54 46 255
3.7325 0.2925 -0.679992 56 52 44 255
3.7325 0.291108 -0.6775 56 52 44 255
3.7375 0.2925 -0.680758 65 60 51 255
3.7375 0.290685 -0.6775 65 60 51 255
3.7425 0.290097 -0.6775 67 62 54 255
3.7475 0.289734 -0.6775 67 61 53 255
3.7525 0.289743 -0.6775 65 61 51 255
3.7375 0.2875 -0.672631 63 58 50 255
3.7425 0.2875 -0.672985 62 58 49 255
3.7475 0.2875 -0.672953 64 59 51 255
3.7525 0.2875 -0.673333 66 60 51 255
3.7525 0.287055 -0.6725 66 60 51 255
3.7225 0.289717 -0.6725 57 54 46 255
3.7275 0.289161 -0.6725 58 54 45 255
3.7325 0.288169 -0.6725 61 56 46 255
3.7225 0.2875 -0.669244 55 51 43 255
3.7225 0.286364 -0.6675 55 51 43 255
3.7275 0.2875 -0.669702 56 52 44 255
3.7275 0.286291 -0.6675 56 52 44 255
3.7325 0.2875 -0.671316 54 50 42 255
3.7325 0.28555 -0.6675 54 50 42 255
3.7375 0.284903 -0.6675 64 59 51 255
3.7425 0.284941 -0.6675 66 61 52 255
3.7475 0.28498 -0.6675 66 60 52 255
3.7525 0.284528 -0.6675 64 59 50 255
3.7525 0.2825 -0.663529 62 57 47 255
3.74857 0.2825 -0.6625 62 57 47 255
3.7525 0.281965 -0.6625 62 57 47 255
3.7225 0.283073 -0.6625 59 55 46 255
3.7275 0.283264 -0.6625 56 54 46 255
3.7325 0.282936 -0.6625 56 52 44 255
3.7375 0.282592 -0.6625 66 60 52 255
3.7425 0.282706 -0.6625 65 60 51 255
3.7475 0.28263 -0.6625 64 59 50 255
3.7225 0.2825 -0.661437 62 58 50 255
3.7225 0.28026 -0.6575 62 58 50 255
3.7275 0.2825 -0.661144 60 56 48 255
3.7275 0.280228 -0.6575 60 56 48 255
3.7325 0.2825 -0.661727 61 56 48 255
3.7325 0.279895 -0.6575 61 56 48 255
3.7375 0.279554 -0.6575 68 63 54 255
3.7425 0.279589 -0.6575 68 63 53 255
3.7475 0.279466 -0.6575 66 60 51 255
3.7525 0.27864 -0.6575 69 63 54 255
3.7225 0.277998 -0.6525 58 54 46 255
3.5325 0.318906 -0.8125 68 67 73 255
3.53024 0.3175 -0.8125 68 67 73 255
3.5325 0.3175 -0.81043 68 67 73 255
3.20104 0.2825 -0.6825 35 31 26 255
3.1975 0.28217 -0.6825 35 31 26 255
3.2025 0.28083 -0.6775 35 31 26 255
3.1975 0.280063 -0.6775 35 31 26 255
3.2075 0.2825 -0.681316 35 31 25 255
3.2075 0.281192 -0.6775 35 31 25 255
3.2125 0.280659 -0.6775 34 30 24 255
3.2175 0.280624 -0.6775 34 30 23 255
3.2225 0.2825 -0.681058 34 31 24 255
3.2225 0.281104 -0.6775 34 31 24 255
3.2275 0.2825 -0.679907 33 31 24 255
3.2275 0.281613 -0.6775 33 31 24 255
3.2325 0.2825 -0.680236 34 30 24 255
3.2325 0.281522 -0.6775 34 30 24 255
3.2025 0.278294 -0.6725 35 30 26 255
3.1975 0.277927 -0.6725 35 30 26 255
3.2075 0.278428 -0.6725 37 32 27 255
3.2125 0.278665 -0.6725 34 30 24 255
3.2175 0.278853 -0.6725 35 31 25 255
3.2225 0.278841 -0.6725 35 32 25 255
3.2275 0.279088 -0.6725 34 31 25 255
3.2325 0.279066 -0.6725 35 31 24 255
3.0875 0.2175 -0.559449 52 48 39 255
3.0825 0.2175 -0.558299 52 48 39 255
3.0825 0.217138 -0.5575 52 48 39 255
3.0875 0.216643 -0.5575 52 48 39 255
3.0925 0.2175 -0.55881 45 42 34 255
3.0925 0.216931 -0.5575 45 42 34 255
3.0975 0.2175 -0.558266 46 42 36 255
3.0975 0.217186 -0.5575 46 42 36 255
3.1025 0.2175 -0.558775 44 42 34 255
3.1025 0.216964 -0.5575 44 42 34 255
3.1075 0.2175 -0.560142 44 41 33 255
3.1075 0.216253 -0.5575 44 41 33 255
3.1125 0.2175 -0.560323 44 41 33 255
3.1125 0.215986 -0.5575 44 41 33 255
3.1175 0.2175 -0.559668 46 44 37 255
3.1175 0.216317 -0.5575 46 44 37 255
3.0775 0.21817 -0.5625 47 43 33 255
3.0825 0.219005 -0.5625 47 43 33 255
3.0775 0.2175 -0.561206 47 43 33 255
3.0875 0.218913 -0.5625 46 42 33 255
3.0925 0.219187 -0.5625 42 39 31 255
3.0975 0.219118 -0.5625 41 39 30 255
3.1025 0.218974 -0.5625 42 38 29 255
3.1075 0.218618 -0.5625 45 41 32 255
3.1125 0.218641 -0.5625 41 39 31 255
3.0875 0.214916 -0.5525 52 49 39 255
3.0825 0.213906 -0.5525 52 49 39 255
3.0925 0.215206 -0.5525 50 47 37 255
3.0975 0.214894 -0.5525 43 40 31 255
3.1025 0.21427 -0.5525 44 41 32 255
3.1075 0.213666 -0.5525 43 40 32 255
3.1125 0.213501 -0.5525 46 42 35 255
3.1175 0.213893 -0.5525 45 42 34 255
3.1025 0.2125 -0.548846 49 46 37 255
3.0976 0.2125 -0.5475 49 46 37 255
3.1025 0.211906 -0.5475 49 46 37 255
3.1075 0.2125 -0.549763 50 48 38 255
3.1075 0.211628 -0.5475 50 48 38 255
3.1125 0.2125 -0.549697 49 46 37 255
3.1125 0.211795 -0.5475 49 46 37 255
3.1175 0.2125 -0.548915 52 48 40 255
3.1175 0.211983 -0.5475 52 48 40 255
3.0925 0.213348 -0.5475 48 45 36 255
3.0875 0.212658 -0.5475 48 45 36 255
3.0925 0.2125 -0.546258 54 50 41 255
3.0925 0.209345 -0.5425 54 50 41 255
3.0975 0.209916 -0.5425 54 50 41 255
3.1025 0.210263 -0.5425 49 46 38 255
3.1075 0.210165 -0.5425 51 48 40 255
3.1125 0.210478 -0.5425 50 47 39 255
3.1175 0.210355 -0.5425 52 49 42 255
3.09716 0.2075 -0.5375 33 32 27 255
3.0925 0.2075 -0.539371 33 32 27 255
3.0925 0.206623 -0.5375 33 32 27 255
3.1025 0.208373 -0.5375 53 49 41 255
3.1075 0.208141 -0.5375 52 48 40 255
3.1125 0.208095 -0.5375 51 48 40 255
3.1175 0.207642 -0.5375 54 49 41 255
3.1175 0.2025 -0.532906 45 43 36 255
3.11582 0.2025 -0.5325 45 43 36 255
3.1025 0.2075 -0.53624 43 39 33 255
3.0975 0.20391 -0.5325 43 39 33 255
3.1025 0.204553 -0.5325 43 39 33 255
3.1075 0.2075 -0.536583 32 30 26 255
3.1075 0.204329 -0.5325 32 30 26 255
3.1125 0.203365 -0.5325 31 29 24 255
3.1025 0.2025 -0.530182 45 44 38 255
3.0975 0.2025 -0.530857 45 44 38 255
3.0975 0.199229 -0.5275 45 44 38 255
3.1025 0.199901 -0.5275 45 44 38 255
3.1075 0.2025 -0.530349 44 44 37 255
3.1075 0.199889 -0.5275 44 44 37 255
3.1125 0.2025 -0.531417 49 48 40 255
3.1125 0.198846 -0.5275 49 48 40 255
3.1152 0.1975 -0.5275 48 47 40 255
3.1025 0.1975 -0.525349 57 56 50 255
3.0975 0.1975 -0.526017 57 56 50 255
3.1075 0.1975 -0.525245 53 51 44 255
3.1125 0.1975 -0.526247 56 54 46 255
3.6525 0.3125 -0.718298 36 33 27 255
3.64959 0.3125 -0.7175 36 33 27 255
3.6525 0.312333 -0.7175 36 33 27 255
3.6575 0.3125 -0.719039 37 34 28 255
3.6575 0.312133 -0.7175 37 34 28 255
3.6625 0.3125 -0.71942 38 35 29 255
3.6625 0.312114 -0.7175 38 35 29 255
3.6675 0.3125 -0.719297 36 33 29 255
3.6675 0.312208 -0.7175 36 33 29 255
3.6725 0.3125 -0.718959 36 32 29 255
3.6725 0.312274 -0.7175 36 32 29 255
3.6775 0.3125 -0.719714 38 34 30 255
3.6775 0.31223 -0.7175 38 34 30 255
3.6425 0.313381 -0.7225 35 31 26 255
3.6375 0.313788 -0.7225 35 31 26 255
3.6425 0.312856 -0.7175 35 31 26 255
3.6375 0.312868 -0.7175 35 31 26 255
3.6475 0.313228 -0.7225 35 32 26 255
3.6475 0.31261 -0.7175 35 32 26 255
3.6525 0.313302 -0.7225 34 31 26 255
3.6575 0.313273 -0.7225 35 31 27 255
3.6625 0.313069 -0.7225 35 32 27 255
3.6675 0.312959 -0.7225 36 33 28 255
3.6725 0.313012 -0.7225 35 32 28 255
3.6775 0.312835 -0.7225 36 33 28 255
3.6425 0.3125 -0.716226 49 45 38 255
3.6375 0.3125 -0.71634 49 45 38 255
3.6375 0.311244 -0.7125 49 45 38 255
3.6425 0.311345 -0.7125 49 45 38 255
3.6475 0.310907 -0.7125 50 46 39 255
3.6525 0.310819 -0.7125 47 44 36 255
3.6575 0.310824 -0.7125 46 42 35 255
3.6625 0.310746 -0.7125 45 42 35 255
3.6675 0.310551 -0.7125 47 42 37 255
3.6725 0.310633 -0.7125 45 41 36 255
3.6775 0.310844 -0.7125 46 42 37 255
3.6425 0.309022 -0.7075 55 50 43 255
3.6375 0.309282 -0.7075 55 50 43 255
3.6475 0.308659 -0.7075 56 51 43 255
3.6525 0.308991 -0.7075 55 51 43 255
3.6575 0.309114 -0.7075 53 49 40 255
3.6625 0.308932 -0.7075 51 46 40 255
3.6675 0.308622 -0.7075 49 44 38 255
3.6725 0.308631 -0.7075 52 47 41 255
3.6775 0.308912 -0.7075 51 48 41 255
3.6425 0.3075 -0.704528 60 55 45 255
3.6375 0.3075 -0.703687 60 55 45 255
3.6375 0.306899 -0.7025 60 55 45 255
3.6425 0.306478 -0.7025 60 55 45 255
3.6475 0.3075 -0.70494 61 57 47 255
3.6475 0.306453 -0.7025 61 57 47 255
3.6525 0.3075 -0.704175 58 53 45 255
3.6525 0.30675 -0.7025 58 53 45 255
3.6575 0.3075 -0.704 60 54 46 255
3.6575 0.306784 -0.7025 60 54 46 255
3.6625 0.3075 -0.704397 59 53 46 255
3.6625 0.306609 -0.7025 59 53 46 255
3.6675 0.3075 -0.704908 57 52 44 255
3.6675 0.306452 -0.7025 57 52 44 255
3.6725 0.3075 -0.704972 57 53 45 255
3.6725 0.306378 -0.7025 57 53 45 255
3.6775 0.3075 -0.704418 55 53 42 255
3.6775 0.306618 -0.7025 55 53 42 255
3.6425 0.304045 -0.6975 61 56 47 255
3.6375 0.304114 -0.6975 61 56 47 255
3.6475 0.304303 -0.6975 61 57 48 255
3.6525 0.304421 -0.6975 59 53 45 255
3.6575 0.304284 -0.6975 57 52 44 255
3.6625 0.304088 -0.6975 60 54 48 255
3.6675 0.303944 -0.6975 58 54 46 255
3.6725 0.304093 -0.6975 59 54 45 255
3.6775 0.304481 -0.6975 57 53 45 255
3.6425 0.3025 -0.694421 59 55 46 255
3.6375 0.3025 -0.694715 59 55 46 255
3.6375 0.301282 -0.6925 59 55 46 255
3.6425 0.301531 -0.6925 59 55 46 255
3.6475 0.3025 -0.693547 60 56 46 255
3.6475 0.301998 -0.6925 60 56 46 255
3.6525 0.3025 -0.693463 55 51 43 255
3.6525 0.302029 -0.6925 55 51 43 255
3.6575 0.3025 -0.693713 56 51 42 255
3.6575 0.30193 -0.6925 56 51 42 255
3.6625 0.3025 -0.693867 57 52 44 255
3.6625 0.301909 -0.6925 57 52 44 255
3.6675 0.3025 -0.694272 57 53 46 255
3.6675 0.301737 -0.6925 57 53 46 255
3.6725 0.3025 -0.693945 58 55 46 255
3.6725 0.301855 -0.6925 58 55 46 255
3.6775 0.3025 -0.693342 58 54 45 255
3.6775 0.302077 -0.6925 58 54 45 255
3.6425 0.29905 -0.6875 63 58 49 255
3.6375 0.298767 -0.6875 63 58 49 255
3.6475 0.299497 -0.6875 63 59 50 255
3.6525 0.299601 -0.6875 59 55 47 255
3.6575 0.299698 -0.6875 57 53 45 255
3.6625 0.299652 -0.6875 56 52 44 255
3.6675 0.299554 -0.6875 57 53 44 255
3.6725 0.299622 -0.6875 57 51 43 255
3.6775 0.299313 -0.6875 56 52 44 255
3.6425 0.2975 -0.683991 62 56 48 255
3.6375 0.2975 -0.684594 62 56 48 255
3.6425 0.296848 -0.6825 62 56 48 255
3.6475 0.2975 -0.683158 57 52 44 255
3.6525 0.2975 -0.683245 58 53 45 255
3.6575 0.2975 -0.683206 57 53 44 255
3.6625 0.2975 -0.683188 57 52 43 255
3.6675 0.2975 -0.683172 56 52 43 255
3.6725 0.2975 -0.683008 55 50 42 255
3.6775 0.2975 -0.683959 54 51 42 255
3.5625 0.2225 -0.558416 114 111 100 255
3.5625 0.221034 -0.5575 114 111 100 255
3.5675 0.2225 -0.558123 113 110 99 255
3.5675 0.221392 -0.5575 113 110 99 255
3.57192 0.2225 -0.5575 101 97 88 255
3.5625 0.2275 -0.561746 110 107 97 255
3.5675 0.2275 -0.560854 117 112 101 255
3.5725 0.2275 -0.559664 118 113 102 255
3.5775 0.2275 -0.558926 97 93 84 255
3.5775 0.224166 -0.5575 97 93 84 255
3.5825 0.2275 -0.559632 100 95 86 255
3.5825 0.223223 -0.5575 100 95 86 255
3.5875 0.2275 -0.560432 100 96 87 255
3.5875 0.22262 -0.5575 100 96 87 255
3.5925 0.2275 -0.56019 101 96 88 255
3.5925 0.222753 -0.5575 101 96 88 255
3.5625 0.2125 -0.552671 123 118 107 255
3.5675 0.2125 -0.552525 125 120 110 255
3.5875 0.2125 -0.552735 107 103 94 255
3.58515 0.2125 -0.5525 107 103 94 255
3.5925 0.2125 -0.553095 107 103 94 255
3.5625 0.2175 -0.555271 123 118 106 255
3.5675 0.2175 -0.555115 124 119 108 255
3.5725 0.213009 -0.5525 105 102 92 255
3.5725 0.2175 -0.554657 105 102 92 255
3.5775 0.2175 -0.554192 107 105 95 255
3.5775 0.213661 -0.5525 107 105 95 255
3.5825 0.2175 -0.554171 105 102 93 255
3.5825 0.213284 -0.5525 105 102 93 255
3.5875 0.2175 -0.554736 108 103 94 255
3.5925 0.2175 -0.555245 108 104 94 255
3.5775 0.2225 -0.556799 107 103 94 255
3.5775 0.2125 -0.552004 111 106 99 255
3.5825 0.2125 -0.552204 109 106 98 255
3.47931 0.2775 -0.6575 53 48 40 255
3.4775 0.2775 -0.657737 53 48 40 255
3.4975 0.2775 -0.657552 51 46 37 255
3.49613 0.2775 -0.6575 51 46 37 255
3.4825 0.2775 -0.657071 52 49 39 255
3.4825 0.274715 -0.6525 52 49 39 255
3.4775 0.274594 -0.6525 52 49 39 255
3.4875 0.2775 -0.656667 50 46 37 255
3.4875 0.275049 -0.6525 50 46 37 255
3.4925 0.2775 -0.65734 49 47 36 255
3.4925 0.275455 -0.6525 49 47 36 255
3.4975 0.275693 -0.6525 50 46 38 255
3.5025 0.2775 -0.656593 50 47 38 255
3.5025 0.275607 -0.6525 50 47 38 255
3.5075 0.2775 -0.656499 69 64 54 255
3.5075 0.275535 -0.6525 69 64 54 255
3.5125 0.2775 -0.655387 70 64 55 255
3.5125 0.276247 -0.6525 70 64 55 255
3.5175 0.276955 -0.6525 67 62 52 255
3.4825 0.272615 -0.6475 52 48 37 255
3.4775 0.272526 -0.6475 52 48 37 255
3.4875 0.272659 -0.6475 51 46 38 255
3.4925 0.273099 -0.6475 51 47 39 255
3.4975 0.273414 -0.6475 51 47 39 255
3.5025 0.273273 -0.6475 70 65 55 255
3.5075 0.273532 -0.6475 70 64 54 255
3.5125 0.274562 -0.6475 70 65 55 255
3.5175 0.274821 -0.6475 69 64 54 255
3.4775 0.269882 -0.6425 50 47 37 255
3.4825 0.269975 -0.6425 50 47 37 255
3.4875 0.269791 -0.6425 50 46 38 255
3.4925 0.2725 -0.646445 49 44 37 255
3.4925 0.270248 -0.6425 49 44 37 255
3.4975 0.2725 -0.645838 48 44 36 255
3.4975 0.270719 -0.6425 48 44 36 255
3.5025 0.2725 -0.646041 69 64 53 255
3.5025 0.270653 -0.6425 69 64 53 255
3.5075 0.2725 -0.64514 70 65 55 255
3.5075 0.271274 -0.6425 70 65 55 255
3.51197 0.2725 -0.6425 68 63 52 255
3.5175 0.272576 -0.6425 68 65 54 255
3.2825 0.301281 -1.1225 38 37 36 255
3.2825 0.3025 -1.11761 38 37 36 255
3.2875 0.301939 -1.1175 40 40 38 255
3.2875 0.300859 -1.1225 40 40 38 255
3.2925 0.300578 -1.1225 45 45 43 255
3.2925 0.30138 -1.1175 45 45 43 255
3.2975 0.299715 -1.1225 43 43 43 255
3.2975 0.300441 -1.1175 43 43 43 255
3.3025 0.298094 -1.1225 44 43 44 255
3.3025 0.29862 -1.1175 44 43 44 255
3.2875 0.3025 -1.1144 40 39 37 255
3.29003 0.3025 -1.1125 43 42 39 255
3.2925 0.302157 -1.1125 43 42 39 255
3.2975 0.301242 -1.1125 43 44 43 255
3.3025 0.299678 -1.1125 37 38 40 255
3.2825 0.303328 -1.1125 37 38 36 255
3.2875 0.302828 -1.1125 38 39 38 255
3.2925 0.3025 -1.1105 43 43 40 255
3.29555 0.3025 -1.1075 44 44 44 255
3.2975 0.302159 -1.1075 44 44 44 255
3.3025 0.300961 -1.1075 37 38 38 255
3.2825 0.304121 -1.1075 38 37 35 255
3.2875 0.303665 -1.1075 39 40 38 255
3.2925 0.303022 -1.1075 43 44 40 255
3.2975 0.3025 -1.10569 43 45 41 255
3.30119 0.3025 -1.1025 38 38 40 255
3.3025 0.302256 -1.1025 38 38 40 255
3.30612 0.2975 -1.1075 55 55 57 255
3.3075 0.29882 -1.1025 55 55 57 255
3.3075 0.2975 -1.10499 55 55 57 255
3.2825 0.305277 -1.1025 37 37 35 255
3.2875 0.304767 -1.1025 38 38 35 255
3.2925 0.303842 -1.1025 42 41 37 255
3.2975 0.30308 -1.1025 45 47 43 255
3.3025 0.3025 -1.10071 42 42 41 255
3.30341 0.3025 -1.0975 40 41 43 255
3.3075 0.300638 -1.0975 40 41 43 255
3.2825 0.306036 -1.0975 37 37 34 255
3.2875 0.305532 -1.0975 37 37 35 255
3.2925 0.304301 -1.0975 41 41 39 255
3.2975 0.303516 -1.0975 44 44 42 255
3.3025 0.30291 -1.0975 42 42 41 255
3.30458 0.3025 -1.0925 43 44 45 255
3.3075 0.301531 -1.0925 43 44 45 255
3.2825 0.306148 -1.0925 39 38 36 255
3.2875 0.305826 -1.0925 38 38 35 255
3.2925 0.304756 -1.0925 40 40 38 255
3.2975 0.303903 -1.0925 42 44 41 255
3.3025 0.303177 -1.0925 41 42 40 255
3.3075 0.3025 -1.08809 39 41 43 255
3.2825 0.306381 -1.0875 38 36 34 255
3.2875 0.306198 -1.0875 37 36 34 255
3.2925 0.305361 -1.0875 39 39 37 255
3.2975 0.304407 -1.0875 44 45 41 255
3.3025 0.303743 -1.0875 42 43 41 255
3.4425 0.317983 -0.8375 41 38 33 255
3.4375 0.319168 -0.8375 41 38 33 255
3.4425 0.318407 -0.8325 36 35 28 255
3.4375 0.319203 -0.8325 36 35 28 255
3.4475 0.317691 -0.8325 38 34 29 255
3.4525 0.317595 -0.8325 41 38 32 255
3.4425 0.318833 -0.8275 35 32 26 255
3.4375 0.319314 -0.8275 35 32 26 255
3.4475 0.318309 -0.8275 36 32 26 255
3.4525 0.318051 -0.8275 38 36 30 255
3.4575 0.317871 -0.8275 39 37 30 255
3.4425 0.318436 -0.8225 35 32 28 255
3.4375 0.318895 -0.8225 35 32 28 255
3.4475 0.318426 -0.8225 35 32 27 255
3.4525 0.318458 -0.8225 36 33 29 255
3.4575 0.318177 -0.8225 36 33 27 255
3.4425 0.3179 -0.8175 35 32 26 255
3.4375 0.318423 -0.8175 35 32 26 255
3.4475 0.318273 -0.8175 36 32 28 255
3.4525 0.318707 -0.8175 35 31 27 255
3.4575 0.318314 -0.8175 37 33 29 255
3.4425 0.318179 -0.8125 36 32 26 255
3.4375 0.318595 -0.8125 36 32 26 255
3.4475 0.318347 -0.8125 35 31 27 255
3.4525 0.318476 -0.8125 35 31 27 255
3.4575 0.318046 -0.8125 35 31 27 255
3.4425 0.318807 -0.8075 37 33 27 255
3.4375 0.318958 -0.8075 37 33 27 255
3.4475 0.318647 -0.8075 36 32 26 255
3.4525 0.318237 -0.8075 36 33 28 255
3.4575 0.317846 -0.8075 36 32 26 255
3.4625 0.317821 -0.8075 36 33 27 255
3.4425 0.319175 -0.8025 36 33 26 255
3.4375 0.319127 -0.8025 36 33 26 255
3.4475 0.318988 -0.8025 35 32 26 255
3.4525 0.318425 -0.8025 37 34 27 255
3.4575 0.317952 -0.8025 35 32 28 255
3.4625 0.318167 -0.8025 35 32 28 255
3.4675 0.318214 -0.8025 35 31 27 255
3.4725 0.318084 -0.8025 38 34 30 255
3.4025 0.318792 -0.8025 41 37 30 255
3.4025 0.318877 -0.7975 41 37 30 255
3.4075 0.318983 -0.8025 37 33 28 255
3.4075 0.318826 -0.7975 37 33 28 255
3.4125 0.319199 -0.8025 38 35 28 255
3.4125 0.318786 -0.7975 38 35 28 255
3.4175 0.319827 -0.8025 39 34 29 255
3.4175 0.319278 -0.7975 39 34 29 255
3.4225 0.319695 -0.8025 39 35 29 255
3.4225 0.319362 -0.7975 39 35 29 255
3.4275 0.318986 -0.8025 39 35 30 255
3.4275 0.319133 -0.7975 39 35 30 255
3.4325 0.318846 -0.8025 37 33 29 255
3.4325 0.319026 -0.7975 37 33 29 255
3.4375 0.319172 -0.7975 38 35 29 255
3.4025 0.318847 -0.7925 40 37 30 255
3.4075 0.31861 -0.7925 37 35 28 255
3.4125 0.318488 -0.7925 37 34 28 255
3.4175 0.318739 -0.7925 38 34 29 255
3.4225 0.318855 -0.7925 39 35 29 255
3.4275 0.318821 -0.7925 36 32 28 255
3.4325 0.318687 -0.7925 39 35 30 255
3.4375 0.318933 -0.7925 37 33 29 255
3.4025 0.318236 -0.7875 39 36 30 255
3.4075 0.318232 -0.7875 40 37 31 255
3.4125 0.318276 -0.7875 37 35 28 255
3.4175 0.318202 -0.7875 39 35 30 255
3.4225 0.318006 -0.7875 38 35 30 255
3.4275 0.317843 -0.7875 39 36 29 255
3.4325 0.317893 -0.7875 38 34 29 255
3.4375 0.318327 -0.7875 38 34 28 255
3.4075 0.31775 -0.7825 40 38 31 255
3.4125 0.318124 -0.7825 39 36 29 255
3.4175 0.317743 -0.7825 40 37 30 255
3.4325 0.317788 -0.7825 40 37 31 255
3.4375 0.317956 -0.7825 39 36 29 255
3.4375 0.317621 -0.7775 43 39 33 255
3.8425 0.239959 -0.5975 59 57 49 255
3.8375 0.240834 -0.5975 59 57 49 255
3.8475 0.239307 -0.5975 59 55 49 255
3.8525 0.239274 -0.5975 59 55 48 255
3.8575 0.238867 -0.5975 59 56 49 255
3.8625 0.237636 -0.5975 60 56 51 255
3.8675 0.2375 -0.599744 61 56 52 255
3.8725 0.2375 -0.601425 57 54 48 255
3.8425 0.23883 -0.5925 63 59 52 255
3.8375 0.239629 -0.5925 63 59 52 255
3.8475 0.238402 -0.5925 61 57 52 255
3.8525 0.23853 -0.5925 60 56 50 255
3.8575 0.237826 -0.5925 60 57 50 255
3.8585 0.2375 -0.5925 59 56 52 255
3.8425 0.237684 -0.5875 60 56 51 255
3.8375 0.237997 -0.5875 60 56 51 255
3.8475 0.237519 -0.5875 60 57 50 255
3.8525 0.2375 -0.587955 60 57 51 255
3.84827 0.2375 -0.5875 60 57 51 255
3.8575 0.2375 -0.591368 60 56 50 255
3.8375 0.2375 -0.58596 61 58 53 255
4.15949 0.1675 -0.6375 38 38 38 255
3.8675 0.236632 -0.5975 58 55 49 255
3.8725 0.236309 -0.5975 60 56 50 255
3.8775 0.236093 -0.5975 60 55 50 255
3.8625 0.236204 -0.5925 61 57 53 255
3.8675 0.235203 -0.5925 61 57 52 255
3.8725 0.235015 -0.5925 59 56 49 255
3.8775 0.234726 -0.5925 59 55 49 255
3.8575 0.236387 -0.5875 60 57 52 255
3.8625 0.235015 -0.5875 62 58 52 255
3.8675 0.234327 -0.5875 62 58 52 255
3.8725 0.233967 -0.5875 62 58 53 255
3.8775 0.233391 -0.5875 61 58 51 255
3.8775 0.2325 -0.584897 67 63 57 255
3.87265 0.2325 -0.5825 67 63 57 255
3.8775 0.231595 -0.5825 67 63 57 255
3.8375 0.236324 -0.5825 61 57 52 255
3.8425 0.236252 -0.5825 61 57 52 255
3.8475 0.236059 -0.5825 60 57 52 255
3.8525 0.235589 -0.5825 58 56 51 255
3.8575 0.234713 -0.5825 60 58 52 255
3.8625 0.233994 -0.5825 65 60 55 255
3.8675 0.23343 -0.5825 66 62 56 255
3.8575 0.2325 -0.577619 57 57 53 255
3.8625 0.2325 -0.578725 73 70 64 255
3.8625 0.231858 -0.5775 73 70 64 255
3.8675 0.2325 -0.580618 79 76 70 255
3.8675 0.230471 -0.5775 79 76 70 255
3.8725 0.22874 -0.5775 81 77 69 255
3.8775 0.228435 -0.5775 76 72 65 255
3.8425 0.233692 -0.5775 71 67 61 255
3.8375 0.234214 -0.5775 71 67 61 255
3.8475 0.233364 -0.5775 72 68 62 255
3.8525 0.232945 -0.5775 71 67 62 255
3.8625 0.2275 -0.573272 66 64 62 255
3.85903 0.2275 -0.5725 66 64 62 255
3.8625 0.22652 -0.5725 66 64 62 255
3.8675 0.2275 -0.574649 64 62 59 255
3.8675 0.224774 -0.5725 64 62 59 255
3.8725 0.2275 -0.576163 65 64 61 255
3.8725 0.223698 -0.5725 65 64 61 255
3.8775 0.2275 -0.576342 65 63 61 255
3.8775 0.223572 -0.5725 65 63 61 255
3.8425 0.2325 -0.575657 64 61 59 255
3.8375 0.2325 -0.574567 64 61 59 255
3.8375 0.230897 -0.5725 64 61 59 255
3.8425 0.22978 -0.5725 64 61 59 255
3.8475 0.2325 -0.576173 64 62 60 255
3.8475 0.22905 -0.5725 64 62 60 255
3.8525 0.228607 -0.5725 66 63 61 255
3.8575 0.227953 -0.5725 66 63 60 255
3.8525 0.2225 -0.567759 85 82 76 255
3.85046 0.2225 -0.5675 85 82 76 255
3.8575 0.2225 -0.568571 85 82 75 255
3.8625 0.2225 -0.56937 85 82 77 255
3.8675 0.2225 -0.570495 95 93 87 255
3.8725 0.2225 -0.571483 95 92 85 255
3.8775 0.2225 -0.571801 94 91 84 255
3.8425 0.2275 -0.570409 93 90 82 255
3.8375 0.2275 -0.569285 93 90 82 255
3.8375 0.225045 -0.5675 93 90 82 255
3.8425 0.223796 -0.5675 93 90 82 255
3.8475 0.2275 -0.571229 80 78 71 255
3.8475 0.223054 -0.5675 80 78 71 255
3.8525 0.2275 -0.571663 81 79 72 255
3.8425 0.2225 -0.566567 82 80 75 255
3.8375 0.2225 -0.566031 82 80 75 255
3.7625 0.2475 -0.59879 59 58 50 255
3.7575 0.2475 -0.59877 59 58 50 255
3.7575 0.247038 -0.5975 59 58 50 255
3.7625 0.247065 -0.5975 59 58 50 255
3.7675 0.2475 -0.599271 59 56 49 255
3.7675 0.246952 -0.5975 59 56 49 255
3.7725 0.2475 -0.599408 60 57 51 255
3.7725 0.24699 -0.5975 60 57 51 255
3.7775 0.2475 -0.600029 59 56 50 255
3.7775 0.246739 -0.5975 59 56 50 255
3.7825 0.2475 -0.601312 61 57 50 255
3.7825 0.246037 -0.5975 61 57 50 255
3.7875 0.2475 -0.6023 60 55 49 255
3.7875 0.245213 -0.5975 60 55 49 255
3.7925 0.246924 -0.6025 60 55 49 255
3.7925 0.2445 -0.5975 60 55 49 255
3.7975 0.245774 -0.6025 60 56 50 255
3.7975 0.244058 -0.5975 60 56 50 255
3.7625 0.248754 -0.6025 60 57 51 255
3.7675 0.248486 -0.6025 61 57 50 255
3.7725 0.248296 -0.6025 60 57 50 255
3.7775 0.248214 -0.6025 61 57 51 255
3.7825 0.247948 -0.6025 63 59 53 255
3.7925 0.2425 -0.592807 59 56 49 255
3.79138 0.2425 -0.5925 59 56 49 255
3.7975 0.2425 -0.592544 61 57 52 255
3.7625 0.244969 -0.5925 57 56 49 255
3.7575 0.245289 -0.5925 57 56 49 255
3.7675 0.244691 -0.5925 60 57 52 255
3.7725 0.244705 -0.5925 59 58 52 255
3.7775 0.244413 -0.5925 62 60 53 255
3.7825 0.243795 -0.5925 60 56 50 255
3.7875 0.242957 -0.5925 60 56 50 255
3.7725 0.2425 -0.588105 59 55 50 255
3.7691 0.2425 -0.5875 59 55 50 255
3.7775 0.2425 -0.58843 59 55 50 255
3.7775 0.242111 -0.5875 59 55 50 255
3.7825 0.2425 -0.588738 61 56 50 255
3.7825 0.242097 -0.5875 61 56 50 255
3.7875 0.2425 -0.590893 60 56 50 255
3.7875 0.241599 -0.5875 60 56 50 255
3.7925 0.241273 -0.5875 62 58 52 255
3.7975 0.241286 -0.5875 60 56 50 255
3.7625 0.243181 -0.5875 58 56 49 255
3.7575 0.243814 -0.5875 58 56 49 255
3.7675 0.242641 -0.5875 59 56 51 255
3.7625 0.2425 -0.584719 59 55 50 255
3.7586 0.2425 -0.5825 59 55 50 255
3.7625 0.241952 -0.5825 59 55 50 255
3.7675 0.241338 -0.5825 59 54 50 255
3.7725 0.240597 -0.5825 58 54 49 255
3.7775 0.240601 -0.5825 59 56 50 255
3.7825 0.240807 -0.5825 60 56 50 255
3.7875 0.240405 -0.5825 60 57 50 255
3.7925 0.240241 -0.5825 61 57 52 255
3.7975 0.240316 -0.5825 60 56 51 255
3.7575 0.242646 -0.5825 60 57 51 255
3.7575 0.241339 -0.5775 60 56 50 255
3.7625 0.240497 -0.5775 60 56 50 255
3.7675 0.239695 -0.5775 59 57 50 255
3.7725 0.239158 -0.5775 60 56 52 255
3.7775 0.239298 -0.5775 61 57 52 255
3.7825 0.239476 -0.5775 63 59 53 255
3.7875 0.239235 -0.5775 63 58 54 255
3.7925 0.239026 -0.5775 70 66 60 255
3.7975 0.238853 -0.5775 64 61 55 255
3.7625 0.237674 -0.5725 76 71 64 255
3.7575 0.238753 -0.5725 76 71 64 255
3.7675 0.2375 -0.573188 71 66 59 255
3.76401 0.2375 -0.5725 71 66 59 255
3.7725 0.2375 -0.5725 73 68 61 255
3.7775 0.237859 -0.5725 73 70 64 255
3.7825 0.238069 -0.5725 74 69 61 255
3.7875 0.237783 -0.5725 72 67 61 255
3.7925 0.2375 -0.573661 72 67 62 255
3.78926 0.2375 -0.5725 72 67 62 255
3.7975 0.2375 -0.57472 73 67 62 255
3.7775 0.2375 -0.571728 86 81 73 255
3.7825 0.2375 -0.571352 90 85 78 255
3.3225 0.2625 -0.639017 48 45 37 255
3.3175 0.2625 -0.639176 48 45 37 255
3.3175 0.261338 -0.6375 48 45 37 255
3.3225 0.261461 -0.6375 48 45 37 255
3.3275 0.2625 -0.63929 52 47 39 255
3.3275 0.261391 -0.6375 52 47 39 255
3.3325 0.2625 -0.640019 53 47 39 255
3.3325 0.260756 -0.6375 53 47 39 255
3.3375 0.2625 -0.640037 54 49 40 255
3.3375 0.260561 -0.6375 54 49 40 255
3.3425 0.2625 -0.63938 54 49 41 255
3.3425 0.261098 -0.6375 54 49 41 255
3.3475 0.2625 -0.638517 55 50 42 255
3.3475 0.261742 -0.6375 55 50 42 255
3.3525 0.2625 -0.637941 55 48 41 255
3.3575 0.2625 -0.638144 55 51 42 255
3.3225 0.25809 -0.6325 36 35 29 255
3.3175 0.257552 -0.6325 36 35 29 255
3.3275 0.258374 -0.6325 40 37 31 255
3.3325 0.257882 -0.6325 50 47 39 255
3.3375 0.257625 -0.6325 51 47 38 255
3.3425 0.257971 -0.6325 53 47 39 255
3.3475 0.258352 -0.6325 53 49 40 255
3.3525 0.258329 -0.6325 55 50 41 255
3.3575 0.25826 -0.6325 53 48 39 255
3.3225 0.2575 -0.631623 45 41 34 255
3.3175 0.254103 -0.6275 45 41 34 255
3.3225 0.254627 -0.6275 45 41 34 255
3.3275 0.2575 -0.631174 46 41 34 255
3.3275 0.254794 -0.6275 46 41 34 255
3.3325 0.254727 -0.6275 45 41 34 255
3.3375 0.25477 -0.6275 45 41 34 255
3.3425 0.2575 -0.631711 44 39 34 255
3.3425 0.254781 -0.6275 44 39 34 255
3.3475 0.2575 -0.631222 46 42 35 255
3.3475 0.255021 -0.6275 46 42 35 255
3.3525 0.2575 -0.631287 46 43 35 255
3.3525 0.255118 -0.6275 46 43 35 255
3.3575 0.2575 -0.631359 47 43 34 255
3.3575 0.255174 -0.6275 47 43 34 255
3.3225 0.2525 -0.624581 48 44 37 255
3.3175 0.2525 -0.625171 48 44 37 255
3.3175 0.250661 -0.6225 48 44 37 255
3.3225 0.250902 -0.6225 48 44 37 255
3.3275 0.2525 -0.624305 46 42 34 255
3.3275 0.251239 -0.6225 46 42 34 255
3.3325 0.2525 -0.624163 48 43 37 255
3.3325 0.251434 -0.6225 48 43 37 255
3.3375 0.2525 -0.624306 46 43 36 255
3.3375 0.251204 -0.6225 46 43 36 255
3.3425 0.2525 -0.624379 47 42 36 255
3.3425 0.251157 -0.6225 47 42 36 255
3.3475 0.2525 -0.623704 47 43 36 255
3.3475 0.251744 -0.6225 47 43 36 255
3.3525 0.2525 -0.622983 46 43 35 255
3.35562 0.2525 -0.6225 46 43 35 255
3.3575 0.252663 -0.6225 45 42 34 255
3.3225 0.248035 -0.6175 48 46 38 255
3.3175 0.247931 -0.6175 48 46 38 255
3.3275 0.248546 -0.6175 48 44 38 255
3.3325 0.248597 -0.6175 48 44 37 255
3.3375 0.24817 -0.6175 48 45 37 255
3.3425 0.248136 -0.6175 50 46 39 255
3.3475 0.248775 -0.6175 47 42 36 255
3.3525 0.249538 -0.6175 47 42 36 255
3.3575 0.25017 -0.6175 46 44 36 255
3.3225 0.2475 -0.615909 47 43 36 255
3.3175 0.2475 -0.616159 47 43 36 255
3.3175 0.246274 -0.6125 47 43 36 255
3.3225 0.246447 -0.6125 47 43 36 255
3.3275 0.2475 -0.615152 47 43 37 255
3.3275 0.246463 -0.6125 47 43 37 255
3.3325 0.2475 -0.615291 48 44 37 255
3.3325 0.246283 -0.6125 48 44 37 255
3.3375 0.2475 -0.615978 47 43 36 255
3.3375 0.246182 -0.6125 47 43 36 255
3.3425 0.2475 -0.615935 46 42 35 255
3.3425 0.246253 -0.6125 46 42 35 255
3.3475 0.2475 -0.614785 48 44 37 255
3.3475 0.24649 -0.6125 48 44 37 255
3.3525 0.2475 -0.613686 49 45 37 255
3.3525 0.246921 -0.6125 49 45 37 255
3.3575 0.2475 -0.6125 49 45 38 255
3.3225 0.244942 -0.6075 46 43 37 255
3.3175 0.244526 -0.6075 46 43 37 255
3.3275 0.244727 -0.6075 48 44 39 255
3.3325 0.24467 -0.6075 47 43 37 255
3.3375 0.244956 -0.6075 47 44 37 255
3.3425 0.245158 -0.6075 48 45 38 255
3.3475 0.245326 -0.6075 47 44 38 255
3.3525 0.245658 -0.6075 47 43 37 255
3.3575 0.246184 -0.6075 45 42 35 255
3.3225 0.242957 -0.6025 48 45 38 255
3.3175 0.242665 -0.6025 48 45 38 255
3.3275 0.242677 -0.6025 46 42 35 255
3.3325 0.242761 -0.6025 49 45 39 255
3.3375 0.243254 -0.6025 51 46 40 255
3.3425 0.243711 -0.6025 48 45 39 255
3.3475 0.244276 -0.6025 47 43 39 255
3.3525 0.244778 -0.6025 45 42 35 255
3.3625 0.2625 -0.638569 55 50 41 255
3.3625 0.261763 -0.6375 55 50 41 255
3.3675 0.2625 -0.63818 54 48 40 255
3.37057 0.2625 -0.6375 53 47 40 255
3.3725 0.262793 -0.6375 53 47 39 255
3.3775 0.262987 -0.6375 53 48 40 255
3.3825 0.262945 -0.6375 51 47 39 255
3.3875 0.263282 -0.6375 49 46 37 255
3.3925 0.263423 -0.6375 50 46 38 255
3.3625 0.258551 -0.6325 52 47 39 255
3.3675 0.258894 -0.6325 54 48 40 255
3.3725 0.259235 -0.6325 53 47 39 255
3.3775 0.25957 -0.6325 54 49 41 255
3.3825 0.259846 -0.6325 53 48 40 255
3.3875 0.2625 -0.636296 54 50 42 255
3.3875 0.260153 -0.6325 54 50 42 255
3.3925 0.2625 -0.636178 55 50 42 255
3.3925 0.260116 -0.6325 55 50 42 255
3.3625 0.2575 -0.630704 47 42 35 255
3.3625 0.255754 -0.6275 47 42 35 255
3.3675 0.2575 -0.630245 47 44 35 255
3.3675 0.255897 -0.6275 47 44 35 255
3.3725 0.2575 -0.630094 50 47 38 255
3.3725 0.255797 -0.6275 50 47 38 255
3.3775 0.2575 -0.629606 47 44 36 255
3.3775 0.256121 -0.6275 47 44 36 255
3.3825 0.2575 -0.62895 48 45 37 255
3.3825 0.256532 -0.6275 48 45 37 255
3.3875 0.2575 -0.628234 47 43 36 255
3.3925 0.2575 -0.627931 51 46 38 255
3.3625 0.253409 -0.6225 45 42 35 255
3.3675 0.253198 -0.6225 44 40 34 255
3.3725 0.253026 -0.6225 45 41 34 255
3.3775 0.253538 -0.6225 44 41 34 255
3.3825 0.253651 -0.6225 45 42 35 255
3.3875 0.2539 -0.6225 47 43 37 255
3.3925 0.254146 -0.6225 45 42 35 255
3.3625 0.2525 -0.620628 48 45 38 255
3.3625 0.250854 -0.6175 48 45 38 255
3.3675 0.2525 -0.621028 47 43 36 255
3.3675 0.250719 -0.6175 47 43 36 255
3.3725 0.2525 -0.621242 46 43 35 255
3.3725 0.250822 -0.6175 46 43 35 255
3.3775 0.2525 -0.619671 46 42 36 255
3.3775 0.251646 -0.6175 46 42 36 255
3.3825 0.2525 -0.619529 47 44 38 255
3.3825 0.251684 -0.6175 47 44 38 255
3.3875 0.2525 -0.61959 44 42 35 255
3.3875 0.25146 -0.6175 44 42 35 255
3.3925 0.2525 -0.619479 45 43 36 255
3.3925 0.251423 -0.6175 45 43 36 255
3.3625 0.248093 -0.6125 48 44 37 255
3.3675 0.248362 -0.6125 46 44 37 255
3.3725 0.248918 -0.6125 46 44 36 255
3.3775 0.24953 -0.6125 48 43 37 255
3.3825 0.249423 -0.6125 49 45 39 255
3.3875 0.249051 -0.6125 48 45 39 255
3.3925 0.249245 -0.6125 48 44 37 255
3.3625 0.2475 -0.61081 47 43 36 255
3.3625 0.24642 -0.6075 47 43 36 255
3.3675 0.2475 -0.610181 46 43 38 255
3.3675 0.246517 -0.6075 46 43 38 255
3.3725 0.2475 -0.608927 49 46 40 255
3.3725 0.246934 -0.6075 49 46 40 255
3.3775 0.2475 -0.608417 49 46 38 255
3.3775 0.247077 -0.6075 49 46 38 255
3.3825 0.2475 -0.608747 48 45 39 255
3.3825 0.246939 -0.6075 48 45 39 255
3.3875 0.2475 -0.608851 48 46 39 255
3.3875 0.246978 -0.6075 48 46 39 255
3.3925 0.2475 -0.607755 49 47 38 255
3.3625 0.2175 -0.558216 63 61 53 255
3.3625 0.216384 -0.5575 63 61 53 255
3.3675 0.2175 -0.557614 63 61 53 255
3.36844 0.2175 -0.5575 62 59 51 255
3.3875 0.2175 -0.557547 62 59 52 255
3.38621 0.2175 -0.5575 62 59 52 255
3.3625 0.2225 -0.561444 63 59 52 255
3.3675 0.2225 -0.561808 57 54 47 255
3.3725 0.218142 -0.5575 59 56 50 255
3.3725 0.2225 -0.561409 59 56 50 255
3.3775 0.2225 -0.560449 61 57 50 255
3.3775 0.218604 -0.5575 61 57 50 255
3.3825 0.2225 -0.559898 63 60 51 255
3.3825 0.21787 -0.5575 63 60 51 255
3.3875 0.2225 -0.560003 63 60 51 255
3.3925 0.218094 -0.5575 61 58 50 255
3.3925 0.2225 -0.56 61 58 50 255
3.3975 0.2225 -0.560012 60 57 50 255
3.3975 0.218086 -0.5575 60 57 50 255
3.3625 0.2075 -0.5525 43 44 39 255
3.3625 0.2125 -0.554916 61 59 53 255
3.3675 0.2125 -0.554269 61 59 54 255
3.3675 0.208743 -0.5525 61 59 54 255
3.3725 0.2125 -0.553518 53 51 46 255
3.3725 0.210465 -0.5525 53 51 46 255
3.3775 0.2125 -0.553895 45 43 41 255
3.3775 0.209766 -0.5525 45 43 41 255
3.3825 0.2125 -0.554987 44 42 39 255
3.3825 0.207992 -0.5525 44 42 39 255
3.3875 0.2125 -0.555298 43 44 40 255
3.3875 0.2075 -0.5525 43 44 40 255
3.3925 0.2125 -0.554977 43 42 39 255
3.3925 0.207609 -0.5525 43 42 39 255
3.3975 0.2125 -0.554667 51 50 47 255
3.3975 0.208653 -0.5525 51 50 47 255
3.3775 0.2175 -0.556771 64 62 53 255
3.3625 0.2025 -0.549528 72 70 60 255
3.3625 0.198708 -0.5475 72 70 60 255
3.3675 0.2025 -0.549126 73 70 60 255
3.3675 0.199272 -0.5475 73 70 60 255
3.3725 0.2025 -0.548793 72 69 61 255
3.3725 0.20015 -0.5475 72 69 61 255
3.3775 0.2025 -0.54859 72 69 61 255
3.3775 0.20081 -0.5475 72 69 61 255
3.3825 0.2025 -0.548934 71 68 60 255
3.3825 0.200186 -0.5475 71 68 60 255
3.3875 0.2025 -0.549094 72 69 61 255
3.3875 0.199622 -0.5475 72 69 61 255
3.3925 0.2025 -0.548381 73 69 61 255
3.3925 0.200752 -0.5475 73 69 61 255
3.3975 0.2025 -0.547795 72 69 61 255
3.3975 0.201707 -0.5475 72 69 61 255
3.3675 0.2075 -0.551897 56 56 50 255
3.3725 0.2075 -0.551133 54 53 48 255
3.3775 0.2075 -0.551407 63 61 56 255
3.3975 0.2075 -0.551549 58 56 50 255
3.3625 0.1975 -0.546994 74 71 61 255
3.3675 0.1975 -0.546832 71 69 59 255
3.3725 0.1975 -0.546472 71 68 61 255
3.3775 0.1975 -0.546136 71 68 62 255
3.3825 0.1975 -0.546306 72 69 61 255
3.3875 0.1975 -0.54675 71 68 60 255
3.3925 0.1975 -0.546526 71 69 61 255
3.3975 0.1975 -0.546083 72 70 61 255
3.3225 0.319864 -0.8375 42 37 31 255
3.3175 0.320062 -0.8375 42 37 31 255
3.3275 0.319675 -0.8375 40 37 30 255
3.3325 0.319749 -0.8375 37 35 28 255
3.3375 0.3202 -0.8375 36 32 26 255
3.3425 0.3207 -0.8375 34 30 23 255
3.3475 0.320976 -0.8375 35 31 24 255
3.3525 0.320645 -0.8375 34 32 24 255
3.3225 0.319705 -0.8325 44 40 33 255
3.3175 0.319785 -0.8325 44 40 33 255
3.3275 0.319528 -0.8325 41 38 31 255
3.3325 0.319385 -0.8325 40 34 28 255
3.3375 0.319527 -0.8325 37 33 27 255
3.3425 0.31985 -0.8325 35 32 26 255
3.3475 0.32012 -0.8325 36 31 26 255
3.3525 0.320003 -0.8325 35 30 25 255
3.3225 0.319428 -0.8275 45 41 34 255
3.3175 0.319559 -0.8275 45 41 34 255
3.3275 0.319396 -0.8275 43 39 33 255
3.3325 0.31923 -0.8275 41 37 30 255
3.3375 0.319044 -0.8275 38 35 28 255
3.3425 0.319169 -0.8275 38 33 27 255
3.3475 0.319399 -0.8275 36 32 26 255
3.3525 0.319466 -0.8275 37 33 27 255
3.3225 0.319101 -0.8225 50 44 37 255
3.3175 0.318956 -0.8225 50 44 37 255
3.3275 0.319432 -0.8225 45 41 33 255
3.3325 0.319428 -0.8225 42 38 31 255
3.3375 0.319214 -0.8225 39 35 30 255
3.3425 0.319083 -0.8225 37 33 26 255
3.3475 0.319092 -0.8225 38 32 26 255
3.3525 0.319267 -0.8225 37 34 27 255
3.3225 0.318953 -0.8175 52 47 40 255
3.3175 0.318366 -0.8175 52 47 40 255
3.3275 0.319534 -0.8175 45 42 35 255
3.3325 0.319603 -0.8175 42 39 31 255
3.3375 0.319326 -0.8175 40 36 32 255
3.3425 0.318924 -0.8175 38 34 27 255
3.3475 0.318792 -0.8175 38 35 28 255
3.3525 0.319007 -0.8175 40 34 28 255
3.3225 0.318576 -0.8125 51 47 39 255
3.3175 0.317964 -0.8125 51 47 39 255
3.3275 0.319083 -0.8125 46 42 34 255
3.3325 0.319347 -0.8125 43 40 33 255
3.3375 0.319283 -0.8125 39 36 30 255
3.3425 0.318921 -0.8125 39 36 29 255
3.3475 0.318889 -0.8125 37 34 27 255
3.3525 0.319089 -0.8125 41 36 30 255
3.3225 0.31795 -0.8075 51 46 38 255
3.3175 0.317733 -0.8075 51 46 38 255
3.3275 0.318165 -0.8075 44 42 34 255
3.3325 0.318494 -0.8075 43 40 33 255
3.3375 0.318634 -0.8075 39 36 29 255
3.3425 0.318522 -0.8075 40 36 29 255
3.3475 0.318552 -0.8075 40 37 30 255
3.3525 0.318731 -0.8075 41 35 29 255
3.3375 0.317541 -0.8025 38 35 28 255
3.3525 0.317752 -0.8025 43 37 31 255
3.3975 0.317808 -0.8725 32 29 23 255
3.40171 0.3175 -0.8725 32 29 23 255
3.3975 0.3175 -0.875229 32 29 23 255
3.4025 0.317971 -0.8675 31 30 25 255
3.4025 0.3175 -0.87197 31 30 25 255
3.3975 0.318013 -0.8675 31 30 25 255
3.4075 0.317741 -0.8675 32 30 25 255
3.4075 0.3175 -0.869049 32 30 25 255
3.41135 0.3175 -0.8675 33 30 26 255
3.4175 0.3175 -0.868699 33 30 26 255
3.41502 0.3175 -0.8675 33 30 26 255
3.4175 0.317574 -0.8675 33 30 26 255
3.4225 0.318178 -0.8675 43 42 43 255
3.4225 0.3175 -0.87077 43 42 43 255
3.4275 0.317669 -0.8725 48 47 47 255
3.42577 0.3175 -0.8725 48 47 47 255
3.4275 0.318608 -0.8675 48 47 47 255
3.4025 0.318244 -0.8625 31 29 24 255
3.3975 0.318161 -0.8625 31 29 24 255
3.4075 0.318268 -0.8625 32 30 25 255
3.4125 0.318048 -0.8625 32 30 25 255
3.4125 0.3175 -0.866905 32 30 25 255
3.4175 0.317941 -0.8625 36 34 28 255
3.4225 0.318246 -0.8625 31 31 25 255
3.4275 0.31841 -0.8625 49 48 48 255
3.4325 0.318335 -0.8675 72 70 62 255
3.4325 0.317631 -0.8625 72 70 62 255
3.4025 0.31855 -0.8575 32 29 24 255
3.3975 0.318549 -0.8575 32 29 24 255
3.4075 0.318778 -0.8575 33 31 25 255
3.4125 0.318584 -0.8575 33 30 25 255
3.4175 0.318187 -0.8575 33 31 27 255
3.4225 0.318147 -0.8575 41 39 34 255
3.4275 0.317989 -0.8575 51 48 42 255
3.4325 0.3175 -0.861204 70 67 62 255
3.43059 0.3175 -0.8575 70 67 62 255
3.4025 0.319035 -0.8525 31 29 25 255
3.3975 0.319202 -0.8525 31 29 25 255
3.4075 0.319096 -0.8525 33 31 26 255
3.4125 0.31894 -0.8525 34 30 26 255
3.4175 0.318518 -0.8525 34 32 27 255
3.4225 0.318258 -0.8525 36 33 27 255
3.4275 0.31785 -0.8525 49 46 40 255
3.43063 0.3175 -0.8525 53 50 44 255
3.4025 0.319361 -0.8475 32 30 26 255
3.3975 0.319725 -0.8475 32 30 26 255
3.4075 0.319271 -0.8475 33 32 27 255
3.4125 0.319334 -0.8475 31 28 23 255
3.4175 0.319096 -0.8475 31 28 25 255
3.4225 0.318596 -0.8475 35 31 26 255
3.4275 0.31809 -0.8475 39 35 29 255
3.4325 0.318008 -0.8475 54 51 43 255
3.4325 0.3175 -0.851044 54 51 43 255
3.4025 0.319476 -0.8425 33 31 27 255
3.4075 0.319277 -0.8425 33 30 27 255
3.4125 0.319458 -0.8425 33 29 27 255
3.4175 0.31955 -0.8425 34 30 25 255
3.4225 0.31908 -0.8425 34 31 26 255
3.4275 0.318753 -0.8425 34 30 26 255
3.4325 0.319022 -0.8425 36 34 28 255
3.3225 0.317126 -0.7975 45 40 32 255
3.3275 0.316525 -0.7975 43 40 33 255
3.3325 0.316487 -0.7975 39 36 30 255
3.3375 0.316692 -0.7975 42 36 30 255
3.3425 0.316535 -0.7975 40 36 29 255
3.3475 0.316347 -0.7975 42 37 30 255
3.3525 0.3175 -0.801287 42 38 29 255
3.3525 0.316677 -0.7975 42 38 29 255
3.3575 0.317067 -0.7975 42 38 31 255
3.3225 0.316645 -0.7925 43 40 32 255
3.3275 0.316066 -0.7925 43 38 32 255
3.3325 0.315766 -0.7925 41 36 30 255
3.3375 0.315878 -0.7925 44 39 33 255
3.3425 0.315887 -0.7925 43 38 31 255
3.3475 0.315793 -0.7925 44 41 34 255
3.3525 0.315832 -0.7925 43 39 32 255
3.3575 0.316118 -0.7925 43 39 32 255
3.3225 0.315717 -0.7875 44 41 34 255
3.3275 0.315582 -0.7875 40 37 30 255
3.3325 0.315201 -0.7875 41 38 31 255
3.3375 0.315097 -0.7875 43 37 31 255
3.3425 0.315202 -0.7875 44 39 33 255
3.3475 0.315407 -0.7875 45 40 33 255
3.3525 0.315338 -0.7875 43 39 32 255
3.3575 0.3152 -0.7875 44 40 33 255
3.3225 0.314511 -0.7825 46 42 36 255
3.3275 0.314641 -0.7825 41 37 30 255
3.3325 0.314519 -0.7825 42 37 31 255
3.3375 0.314501 -0.7825 44 39 33 255
3.3425 0.314583 -0.7825 45 39 34 255
3.3475 0.314825 -0.7825 46 41 34 255
3.3525 0.314808 -0.7825 43 38 30 255
3.3575 0.31472 -0.7825 44 38 32 255
3.3225 0.312823 -0.7775 44 41 34 255
3.3275 0.313165 -0.7775 42 37 32 255
3.3325 0.31339 -0.7775 45 40 33 255
3.3375 0.31351 -0.7775 45 40 34 255
3.3425 0.313682 -0.7775 44 39 32 255
3.3475 0.313812 -0.7775 46 40 34 255
3.3525 0.31357 -0.7775 44 39 33 255
3.3575 0.313643 -0.7775 45 40 33 255
3.3225 0.3125 -0.776509 47 42 35 255
3.3225 0.311325 -0.7725 47 42 35 255
3.3275 0.3125 -0.775171 43 39 31 255
3.3275 0.311821 -0.7725 43 39 31 255
3.3325 0.3125 -0.77406 48 42 35 255
3.3325 0.312114 -0.7725 48 42 35 255
3.3375 0.3125 -0.774274 46 42 34 255
3.3375 0.311963 -0.7725 46 42 34 255
3.3425 0.3125 -0.773919 46 42 34 255
3.3425 0.312048 -0.7725 46 42 34 255
3.3475 0.3125 -0.773359 48 44 35 255
3.3475 0.31223 -0.7725 48 44 35 255
3.3525 0.3125 -0.774043 47 43 35 255
3.3525 0.312047 -0.7725 47 43 35 255
3.3575 0.3125 -0.773746 45 42 34 255
3.3575 0.312145 -0.7725 45 42 34 255
3.3225 0.310941 -0.7675 45 41 34 255
3.3275 0.311222 -0.7675 45 43 34 255
3.3325 0.311353 -0.7675 49 44 36 255
3.3375 0.31098 -0.7675 48 43 35 255
3.3425 0.311023 -0.7675 46 43 35 255
3.3475 0.311299 -0.7675 48 43 35 255
3.3525 0.311412 -0.7675 49 46 37 255
3.3575 0.311699 -0.7675 47 44 36 255
3.3225 0.310532 -0.7625 45 43 35 255
3.3275 0.310686 -0.7625 44 40 32 255
3.3325 0.310702 -0.7625 48 43 36 255
3.3375 0.310519 -0.7625 49 44 38 255
3.3425 0.310663 -0.7625 47 42 35 255
3.3475 0.310826 -0.7625 48 43 36 255
3.3525 0.310984 -0.7625 49 45 37 255
3.3575 0.31145 -0.7625 51 45 38 255
3.3125 0.317123 -0.9575 30 28 24 255
3.3125 0.316914 -0.9625 30 28 24 255
3.3175 0.316389 -0.9575 33 31 27 255
3.3175 0.316705 -0.9525 30 30 24 255
3.6075 0.3125 -0.717617 48 44 37 255
3.60915 0.3125 -0.7175 47 44 37 255
3.6025 0.314051 -0.7225 46 43 37 255
3.6025 0.312704 -0.7175 46 43 37 255
3.6075 0.313768 -0.7225 46 43 36 255
3.6125 0.312565 -0.7175 42 40 33 255
3.6125 0.313816 -0.7225 42 40 33 255
3.6175 0.314212 -0.7225 38 35 29 255
3.6175 0.312948 -0.7175 38 35 29 255
3.6225 0.314365 -0.7225 39 36 30 255
3.6225 0.313002 -0.7175 39 36 30 255
3.6275 0.314305 -0.7225 38 36 30 255
3.6275 0.312901 -0.7175 38 36 30 255
3.6325 0.314184 -0.7225 35 34 29 255
3.6325 0.312849 -0.7175 35 34 29 255
3.6025 0.311189 -0.7125 53 48 40 255
3.6075 0.31081 -0.7125 51 47 40 255
3.6125 0.310717 -0.7125 53 48 41 255
3.6175 0.3125 -0.716277 53 49 42 255
3.6175 0.310939 -0.7125 53 49 42 255
3.6225 0.3125 -0.716218 53 50 42 255
3.6225 0.310906 -0.7125 53 50 42 255
3.6275 0.3125 -0.71651 53 48 41 255
3.6275 0.310789 -0.7125 53 48 41 255
3.6325 0.3125 -0.716615 52 48 40 255
3.6325 0.31084 -0.7125 52 48 40 255
3.6025 0.30896 -0.7075 55 51 44 255
3.6075 0.308604 -0.7075 55 51 43 255
3.6125 0.308331 -0.7075 56 52 44 255
3.6175 0.308442 -0.7075 59 54 46 255
3.6225 0.308658 -0.7075 55 51 42 255
3.6275 0.308803 -0.7075 56 51 44 255
3.6325 0.308983 -0.7075 57 53 45 255
3.6025 0.3075 -0.705037 59 56 47 255
3.6025 0.305934 -0.7025 59 56 47 255
3.6075 0.3075 -0.70542 59 55 47 255
3.6075 0.305876 -0.7025 59 55 47 255
3.6125 0.3075 -0.705905 58 54 45 255
3.6125 0.305668 -0.7025 58 54 45 255
3.6175 0.3075 -0.705719 59 55 45 255
3.6175 0.305876 -0.7025 59 55 45 255
3.6225 0.3075 -0.705176 61 56 48 255
3.6225 0.306277 -0.7025 61 56 48 255
3.6275 0.3075 -0.704417 61 56 47 255
3.6275 0.306703 -0.7025 61 56 47 255
3.6325 0.3075 -0.703556 61 57 47 255
3.6325 0.307066 -0.7025 61 57 47 255
3.6025 0.303071 -0.6975 58 54 46 255
3.6075 0.303421 -0.6975 59 55 47 255
3.6125 0.30357 -0.6975 61 57 49 255
3.6175 0.303808 -0.6975 62 58 48 255
3.6225 0.30386 -0.6975 61 57 46 255
3.6275 0.303977 -0.6975 61 56 47 255
3.6325 0.304243 -0.6975 61 56 47 255
3.6025 0.3025 -0.69627 60 56 47 255
3.6025 0.300826 -0.6925 60 56 47 255
3.6075 0.3025 -0.695094 61 56 47 255
3.6075 0.301505 -0.6925 61 56 47 255
3.6125 0.3025 -0.694038 63 59 49 255
3.6125 0.302024 -0.6925 63 59 49 255
3.6175 0.3025 -0.694021 63 58 49 255
3.6175 0.301916 -0.6925 63 58 49 255
3.6225 0.3025 -0.694694 62 57 48 255
3.6225 0.301413 -0.6925 62 57 48 255
3.6275 0.3025 -0.694937 62 57 49 255
3.6275 0.301134 -0.6925 62 57 49 255
3.6325 0.3025 -0.694652 60 56 46 255
3.6325 0.301269 -0.6925 60 56 46 255
3.6025 0.298738 -0.6875 62 57 48 255
3.6075 0.299099 -0.6875 64 59 50 255
3.6125 0.299675 -0.6875 63 59 50 255
3.6175 0.299654 -0.6875 63 58 49 255
3.6225 0.299333 -0.6875 62 58 48 255
3.6275 0.299141 -0.6875 62 57 49 255
3.6325 0.298998 -0.6875 64 59 50 255
3.6025 0.2975 -0.685143 62 57 48 255
3.6075 0.2975 -0.684825 64 59 49 255
3.6125 0.2975 -0.683741 63 59 49 255
3.6175 0.2975 -0.683253 62 57 48 255
3.6225 0.2975 -0.683494 62 56 48 255
3.6275 0.2975 -0.683373 63 58 49 255
3.6325 0.2975 -0.68373 66 60 51 255
3.2825 0.2825 -0.678805 42 39 32 255
3.2825 0.281832 -0.6775 42 39 32 255
3.2875 0.2825 -0.679045 41 39 31 255
3.2875 0.281768 -0.6775 41 39 31 255
3.2925 0.2825 -0.679372 41 38 32 255
3.2925 0.281556 -0.6775 41 38 32 255
3.2975 0.2825 -0.678954 42 38 30 255
3.2975 0.281767 -0.6775 42 38 30 255
3.3025 0.2825 -0.678079 43 40 32 255
3.3075 0.2825 -0.678361 41 38 31 255
3.3075 0.282104 -0.6775 41 38 31 255
3.3125 0.2825 -0.679054 44 40 33 255
3.3125 0.281751 -0.6775 44 40 33 255
3.3175 0.2825 -0.677602 45 40 33 255
3.2825 0.284419 -0.6825 32 30 22 255
3.2875 0.284246 -0.6825 41 37 30 255
3.2925 0.284159 -0.6825 39 36 29 255
3.2975 0.284344 -0.6825 41 38 32 255
3.3025 0.284613 -0.6825 42 40 32 255
3.3075 0.284454 -0.6825 42 39 31 255
3.3125 0.284153 -0.6825 43 39 31 255
3.2825 0.27945 -0.6725 32 30 23 255
3.2875 0.279571 -0.6725 41 39 32 255
3.2925 0.279257 -0.6725 42 38 31 255
3.2975 0.279406 -0.6725 44 40 32 255
3.3025 0.280088 -0.6725 43 41 33 255
3.3075 0.280132 -0.6725 44 41 34 255
3.3125 0.279653 -0.6725 45 41 35 255
3.3175 0.280277 -0.6725 45 41 34 255
3.3175 0.278152 -0.6675 46 42 34 255
3.31774 0.1875 -0.5425 55 55 51 255
3.3225 0.1875 -0.54336 55 55 51 255
3.3275 0.1875 -0.544176 33 32 28 255
3.3325 0.1875 -0.544699 68 66 61 255
3.3375 0.1875 -0.545015 151 150 147 255
3.3175 0.1925 -0.543404 73 69 62 255
3.3225 0.1925 -0.54416 73 69 62 255
3.3275 0.1925 -0.544515 74 71 61 255
3.3325 0.1925 -0.544622 76 74 65 255
3.3375 0.1925 -0.544844 75 72 65 255
3.3425 0.1925 -0.544671 73 70 62 255
3.3475 0.1925 -0.54497 56 53 45 255
3.3525 0.1925 -0.545672 145 142 136 255
3.3575 0.1925 -0.546151 61 59 53 255
3.9025 0.2475 -0.638546 60 56 49 255
3.89848 0.2475 -0.6375 60 56 49 255
3.9025 0.247003 -0.6375 60 56 49 255
3.9075 0.2475 -0.641537 58 53 47 255
3.9075 0.245747 -0.6375 58 53 47 255
3.9125 0.244635 -0.6375 57 53 45 255
3.8825 0.249417 -0.6375 59 56 47 255
3.8875 0.249294 -0.6375 61 55 48 255
3.8925 0.248495 -0.6375 56 52 46 255
3.8975 0.24763 -0.6375 42 40 35 255
3.91419 0.2425 -0.6325 57 53 46 255
3.8875 0.2475 -0.632894 59 55 48 255
3.88568 0.2475 -0.6325 59 55 48 255
3.8925 0.2475 -0.635102 59 55 47 255
3.8925 0.246519 -0.6325 59 55 47 255
3.8975 0.24551 -0.6325 57 53 46 255
3.9025 0.244737 -0.6325 61 56 48 255
3.9075 0.243942 -0.6325 61 56 50 255
3.9125 0.242856 -0.6325 58 53 47 255
3.8825 0.247768 -0.6325 60 56 49 255
3.9075 0.2425 -0.628024 61 56 49 255
3.90626 0.2425 -0.6275 61 56 49 255
3.9125 0.2425 -0.631498 59 55 48 255
3.9125 0.241064 -0.6275 59 55 48 255
3.8825 0.2475 -0.631749 60 55 48 255
3.8825 0.245868 -0.6275 60 55 48 255
3.8875 0.245011 -0.6275 58 54 46 255
3.8925 0.244328 -0.6275 58 55 47 255
3.8975 0.243677 -0.6275 57 53 46 255
3.9025 0.243038 -0.6275 57 52 45 255
3.8925 0.2425 -0.623517 58 55 47 255
3.88762 0.2425 -0.6225 58 55 47 255
3.8925 0.242034 -0.6225 58 55 47 255
3.8975 0.2425 -0.624053 60 56 48 255
3.8975 0.241975 -0.6225 60 56 48 255
3.9025 0.2425 -0.625668 58 55 47 255
3.9025 0.24154 -0.6225 58 55 47 255
3.9075 0.240383 -0.6225 62 59 51 255
3.9125 0.239036 -0.6225 60 56 50 255
3.8825 0.243626 -0.6225 58 55 47 255
3.8825 0.2425 -0.619509 56 53 46 255
3.8825 0.241802 -0.6175 56 53 46 255
3.8875 0.240586 -0.6175 57 54 47 255
3.8925 0.240269 -0.6175 56 54 46 255
3.8975 0.240417 -0.6175 59 55 49 255
3.9025 0.239809 -0.6175 58 55 48 255
3.9075 0.238474 -0.6175 60 56 50 255
3.8825 0.240422 -0.6125 59 54 47 255
3.8875 0.239628 -0.6125 57 53 45 255
3.8925 0.239182 -0.6125 57 53 46 255
3.8975 0.239012 -0.6125 58 55 48 255
3.9025 0.238338 -0.6125 58 56 48 255
3.8825 0.238978 -0.6075 57 55 48 255
3.8875 0.238712 -0.6075 57 54 47 255
3.8925 0.238265 -0.6075 57 54 49 255
3.3225 0.2425 -0.601212 47 43 37 255
3.3175 0.241152 -0.5975 47 43 37 255
3.3225 0.241269 -0.5975 47 43 37 255
3.3275 0.240984 -0.5975 47 44 38 255
3.3325 0.240786 -0.5975 47 44 38 255
3.3375 0.2425 -0.600804 47 43 38 255
3.3375 0.240987 -0.5975 47 43 38 255
3.3425 0.2425 -0.599819 47 44 38 255
3.3425 0.241403 -0.5975 47 44 38 255
3.3475 0.2425 -0.598362 47 44 38 255
3.3475 0.242121 -0.5975 47 44 38 255
3.34978 0.2425 -0.5975 47 44 37 255
3.3525 0.242957 -0.5975 47 43 38 255
3.3225 0.23979 -0.5925 47 43 38 255
3.3175 0.239857 -0.5925 47 43 38 255
3.3275 0.2397 -0.5925 47 44 36 255
3.3325 0.239534 -0.5925 46 42 37 255
3.3375 0.239453 -0.5925 46 43 37 255
3.3425 0.239802 -0.5925 47 45 38 255
3.3475 0.240299 -0.5925 44 41 35 255
3.3525 0.2425 -0.596419 45 43 36 255
3.3525 0.240949 -0.5925 45 43 36 255
3.3225 0.238139 -0.5875 47 43 37 255
3.3175 0.238418 -0.5875 47 43 37 255
3.3275 0.238165 -0.5875 46 43 38 255
3.3325 0.238432 -0.5875 47 44 37 255
3.3375 0.238424 -0.5875 46 44 38 255
3.3425 0.23878 -0.5875 46 44 38 255
3.3475 0.239391 -0.5875 46 44 38 255
3.3525 0.239758 -0.5875 47 43 38 255
3.3475 0.237971 -0.5825 46 43 38 255
3.3525 0.238338 -0.5825 46 43 37 255
3.5275 0.317791 -0.7625 36 33 27 255
3.2675 0.317129 -0.8125 44 40 34 255
3.2725 0.317016 -0.8125 42 38 32 255
3.24553 0.3175 -0.8125 42 40 32 255
3.2425 0.317353 -0.8125 42 40 32 255
3.2475 0.316755 -0.8075 42 40 32 255
3.2425 0.316765 -0.8075 42 40 32 255
3.2525 0.316689 -0.8075 45 42 34 255
3.2575 0.316946 -0.8075 44 41 34 255
3.2625 0.317051 -0.8075 44 41 34 255
3.2675 0.316649 -0.8075 44 40 33 255
3.2725 0.316453 -0.8075 42 39 32 255
3.4025 0.319453 -0.8375 33 30 25 255
3.4075 0.319073 -0.8375 33 31 26 255
3.4125 0.319156 -0.8375 34 31 25 255
3.4175 0.319537 -0.8375 33 30 23 255
3.4225 0.319531 -0.8375 35 31 25 255
3.4275 0.319477 -0.8375 34 31 26 255
3.4325 0.319528 -0.8375 35 32 28 255
3.4025 0.319494 -0.8325 34 32 26 255
3.4075 0.319031 -0.8325 33 30 25 255
3.4125 0.319076 -0.8325 34 32 25 255
3.4175 0.319441 -0.8325 35 32 26 255
3.4225 0.31956 -0.8325 34 30 26 255
3.4275 0.319557 -0.8325 34 32 27 255
3.4325 0.319454 -0.8325 33 31 26 255
3.4025 0.319606 -0.8275 35 31 26 255
3.4075 0.31934 -0.8275 35 32 27 255
3.4125 0.319338 -0.8275 35 32 26 255
3.4175 0.319543 -0.8275 36 33 26 255
3.4225 0.319334 -0.8275 34 31 26 255
3.4275 0.319164 -0.8275 35 32 27 255
3.4325 0.319332 -0.8275 35 32 26 255
3.4025 0.319665 -0.8225 36 33 26 255
3.4075 0.319636 -0.8225 34 31 26 255
3.4125 0.319659 -0.8225 35 32 27 255
3.4175 0.319621 -0.8225 34 31 25 255
3.4225 0.319173 -0.8225 34 32 26 255
3.4275 0.318855 -0.8225 35 32 26 255
3.4325 0.319003 -0.8225 34 32 26 255
3.4025 0.319668 -0.8175 38 35 28 255
3.4075 0.319754 -0.8175 35 33 27 255
3.4125 0.319851 -0.8175 35 33 28 255
3.4175 0.319743 -0.8175 36 33 27 255
3.4225 0.319304 -0.8175 36 33 26 255
3.4275 0.318873 -0.8175 35 33 26 255
3.4325 0.318719 -0.8175 35 33 27 255
3.4025 0.319253 -0.8125 38 35 28 255
3.4075 0.319553 -0.8125 39 36 29 255
3.4125 0.319881 -0.8125 36 34 27 255
3.4175 0.320047 -0.8125 37 34 27 255
3.4225 0.319806 -0.8125 37 34 27 255
3.4275 0.319285 -0.8125 36 33 27 255
3.4325 0.318927 -0.8125 37 33 28 255
3.4025 0.318855 -0.8075 39 35 29 255
3.4075 0.31923 -0.8075 37 33 27 255
3.4125 0.31968 -0.8075 37 33 26 255
3.4175 0.320158 -0.8075 37 33 27 255
3.4225 0.319991 -0.8075 36 32 27 255
3.4275 0.319265 -0.8075 37 33 28 255
3.4325 0.318931 -0.8075 34 30 25 255
3.68085 0.3125 -0.7225 38 36 31 255
3.6825 0.312338 -0.7225 38 36 31 255
3.6825 0.311655 -0.7175 38 36 31 255
3.6875 0.311947 -0.7225 37 34 29 255
3.6875 0.31126 -0.7175 37 34 29 255
3.6925 0.311777 -0.7225 38 34 30 255
3.6925 0.311559 -0.7175 38 34 30 255
3.6975 0.311638 -0.7225 38 36 30 255
3.6975 0.311538 -0.7175 38 36 30 255
3.7025 0.311605 -0.7225 38 36 30 255
3.7025 0.310999 -0.7175 38 36 30 255
3.7075 0.311514 -0.7225 38 35 31 255
3.7075 0.310582 -0.7175 38 35 31 255
3.7125 0.310751 -0.7225 39 37 32 255
3.7125 0.31021 -0.7175 39 37 32 255
3.6825 0.310394 -0.7125 44 40 35 255
3.6875 0.30998 -0.7125 42 39 33 255
3.6925 0.310299 -0.7125 41 37 31 255
3.6975 0.310247 -0.7125 41 37 32 255
3.7025 0.309581 -0.7125 41 38 32 255
3.7075 0.309274 -0.7125 40 36 31 255
3.7125 0.309366 -0.7125 37 34 30 255
3.71322 0.3075 -0.7075 57 52 44 255
3.6825 0.308842 -0.7075 52 47 41 255
3.6875 0.308595 -0.7075 54 49 43 255
3.6925 0.308583 -0.7075 51 47 39 255
3.6975 0.308259 -0.7075 54 50 41 255
3.7025 0.307666 -0.7075 55 51 43 255
3.7075 0.307528 -0.7075 55 52 45 255
3.6825 0.3075 -0.704154 55 51 42 255
3.6825 0.306852 -0.7025 55 51 42 255
3.6875 0.3075 -0.704685 59 54 46 255
3.6875 0.306675 -0.7025 59 54 46 255
3.6925 0.3075 -0.705129 59 55 45 255
3.6925 0.306292 -0.7025 59 55 45 255
3.6975 0.3075 -0.705841 62 56 48 255
3.6975 0.305929 -0.7025 62 56 48 255
3.7025 0.305798 -0.7025 61 56 47 255
3.7075 0.305601 -0.7025 62 56 48 255
3.7125 0.304878 -0.7025 62 57 49 255
3.7125 0.3025 -0.697595 60 53 46 255
3.6825 0.304552 -0.6975 57 53 44 255
3.6875 0.304211 -0.6975 60 56 46 255
3.6925 0.303697 -0.6975 63 57 49 255
3.6975 0.303606 -0.6975 61 55 47 255
3.7025 0.303877 -0.6975 58 54 45 255
3.7075 0.303517 -0.6975 59 54 45 255
3.6825 0.3025 -0.693633 62 57 49 255
3.6825 0.301858 -0.6925 62 57 49 255
3.6875 0.3025 -0.694364 62 57 49 255
3.6875 0.301428 -0.6925 62 57 49 255
3.6925 0.3025 -0.695363 59 53 45 255
3.6925 0.300884 -0.6925 59 53 45 255
3.6975 0.3025 -0.695367 56 51 44 255
3.6975 0.30101 -0.6925 56 51 44 255
3.7025 0.3025 -0.694672 58 51 44 255
3.7025 0.301409 -0.6925 58 51 44 255
3.7075 0.3025 -0.695515 58 53 45 255
3.7075 0.30094 -0.6925 58 53 45 255
3.7125 0.300264 -0.6925 59 55 46 255
3.6825 0.29865 -0.6875 60 56 47 255
3.6875 0.298253 -0.6875 61 56 48 255
3.6925 0.298114 -0.6875 60 55 47 255
3.6975 0.298313 -0.6875 56 52 44 255
3.7025 0.298495 -0.6875 57 52 44 255
3.7075 0.298153 -0.6875 59 54 45 255
3.7125 0.297856 -0.6875 59 55 47 255
3.6825 0.2975 -0.685502 56 52 43 255
3.6875 0.2975 -0.686208 57 55 45 255
3.6925 0.2975 -0.686349 60 55 47 255
3.6975 0.2975 -0.68606 56 53 45 255
3.7025 0.2975 -0.685775 57 53 45 255
3.7075 0.2975 -0.68619 58 55 47 255
3.8175 0.2425 -0.598952 60 56 50 255
3.81351 0.2425 -0.5975 60 56 50 255
3.8175 0.242029 -0.5975 60 56 50 255
3.8225 0.2425 -0.599738 59 55 49 255
3.8225 0.241713 -0.5975 59 55 49 255
3.8275 0.2425 -0.600444 61 56 50 255
3.8275 0.241531 -0.5975 61 56 50 255
3.8325 0.2425 -0.601865 63 59 53 255
3.8325 0.241298 -0.5975 63 59 53 255
3.83418 0.2425 -0.6025 60 56 49 255
3.8025 0.244974 -0.6025 61 58 50 255
3.8025 0.243672 -0.5975 61 58 50 255
3.8075 0.244833 -0.6025 61 56 50 255
3.8075 0.243274 -0.5975 61 56 50 255
3.8125 0.244327 -0.6025 61 56 49 255
3.8125 0.242626 -0.5975 61 56 49 255
3.8175 0.243743 -0.6025 60 55 49 255
3.8225 0.24359 -0.6025 61 58 52 255
3.8275 0.243238 -0.6025 61 56 50 255
3.8025 0.2425 -0.592805 62 57 53 255
3.8075 0.2425 -0.594106 59 55 49 255
3.8075 0.24212 -0.5925 59 55 49 255
3.8125 0.241592 -0.5925 60 55 50 255
3.8175 0.240851 -0.5925 62 56 51 255
3.8225 0.240248 -0.5925 61 56 50 255
3.8275 0.240084 -0.5925 61 57 50 255
3.8325 0.240048 -0.5925 60 56 50 255
3.8025 0.240956 -0.5875 61 56 50 255
3.8075 0.240797 -0.5875 60 56 50 255
3.8125 0.24074 -0.5875 60 56 50 255
3.8175 0.23992 -0.5875 59 55 50 255
3.8225 0.238924 -0.5875 60 56 51 255
3.8275 0.238628 -0.5875 60 56 50 255
3.8325 0.238454 -0.5875 60 57 49 255
3.8025 0.239954 -0.5825 60 55 49 255
3.8075 0.239624 -0.5825 60 56 51 255
3.8125 0.239734 -0.5825 60 56 51 255
3.8175 0.239013 -0.5825 60 56 52 255
3.8225 0.237645 -0.5825 60 56 52 255
3.8275 0.2375 -0.583844 59 56 51 255
3.82378 0.2375 -0.5825 59 56 51 255
3.8325 0.2375 -0.584584 58 56 50 255
3.8025 0.238475 -0.5775 71 67 61 255
3.8075 0.237943 -0.5775 72 67 61 255
3.8125 0.237734 -0.5775 71 67 60 255
3.8175 0.2375 -0.578576 71 68 60 255
3.81426 0.2375 -0.5775 71 68 60 255
3.8025 0.2375 -0.575578 73 69 62 255
3.8075 0.2375 -0.576673 73 69 63 255
3.3225 0.31621 -0.9575 32 29 26 255
3.3275 0.316304 -0.9575 31 29 25 255
3.3325 0.316432 -0.9575 31 29 25 255
3.3375 0.316387 -0.9575 35 33 28 255
3.3425 0.315906 -0.9575 41 38 33 255
3.3475 0.315668 -0.9575 43 41 37 255
3.3525 0.315344 -0.9575 31 30 26 255
3.3225 0.316359 -0.9525 32 30 26 255
3.3275 0.316495 -0.9525 30 29 24 255
3.3325 0.316633 -0.9525 31 29 25 255
3.3375 0.316481 -0.9525 32 31 26 255
3.3425 0.31606 -0.9525 35 32 28 255
3.3475 0.316006 -0.9525 39 37 32 255
3.3525 0.31596 -0.9525 36 34 31 255
3.3225 0.317221 -0.9475 31 28 24 255
3.3275 0.317128 -0.9475 30 28 24 255
3.3325 0.317061 -0.9475 31 29 25 255
3.3375 0.316827 -0.9475 32 29 25 255
3.3425 0.316295 -0.9475 33 30 26 255
3.3475 0.315952 -0.9475 34 32 28 255
3.3525 0.315913 -0.9475 35 34 28 255
3.3375 0.317372 -0.9425 32 30 26 255
3.3425 0.316935 -0.9425 35 32 29 255
3.3475 0.316374 -0.9425 35 32 28 255
3.3525 0.31614 -0.9425 34 33 28 255
3.3475 0.31722 -0.9375 34 33 27 255
3.3525 0.316818 -0.9375 34 32 28 255
3.1125 0.2325 -0.600515 80 76 68 255
3.1125 0.23129 -0.5975 80 76 68 255
3.1125 0.233333 -0.6025 50 46 39 255
3.1075 0.231649 -0.5975 38 36 29 255
3.1075 0.229586 -0.5925 38 36 29 255
3.1025 0.229066 -0.5925 38 36 29 255
3.1125 0.229284 -0.5925 55 53 44 255
3.0975 0.2275 -0.589986 37 35 28 255
3.0925 0.22683 -0.5875 37 35 28 255
3.0975 0.226945 -0.5875 37 35 28 255
3.1025 0.2275 -0.587896 36 34 28 255
3.10414 0.2275 -0.5875 37 34 30 255
3.11395 0.2275 -0.5875 36 34 29 255
3.0975 0.228073 -0.5925 50 48 41 255
3.1075 0.227748 -0.5875 40 38 32 255
3.1125 0.227585 -0.5875 43 41 33 255
3.0925 0.225237 -0.5825 45 43 36 255
3.0875 0.225535 -0.5825 45 43 36 255
3.0975 0.225237 -0.5825 38 35 30 255
3.1025 0.2258 -0.5825 38 35 30 255
3.1075 0.226212 -0.5825 37 36 28 255
3.1125 0.226168 -0.5825 37 35 29 255
3.0875 0.223761 -0.5775 69 64 54 255
3.0825 0.223464 -0.5775 69 64 54 255
3.0925 0.223358 -0.5775 44 42 35 255
3.0975 0.223485 -0.5775 38 37 29 255
3.1025 0.22404 -0.5775 39 37 30 255
3.1075 0.2245 -0.5775 40 38 30 255
3.1125 0.224734 -0.5775 40 38 30 255
3.0825 0.2225 -0.574571 74 68 59 255
3.0775 0.2225 -0.576963 74 68 59 255
3.0775 0.221394 -0.5725 74 68 59 255
3.0825 0.221882 -0.5725 74 68 59 255
3.0875 0.2225 -0.574081 54 50 43 255
3.0875 0.221963 -0.5725 54 50 43 255
3.0925 0.2225 -0.574844 41 38 32 255
3.0925 0.221776 -0.5725 41 38 32 255
3.0975 0.2225 -0.574178 40 38 31 255
3.0975 0.221986 -0.5725 40 38 31 255
3.1025 0.2225 -0.572953 42 39 33 255
3.10388 0.2225 -0.5725 41 39 32 255
3.1075 0.222916 -0.5725 41 37 29 255
3.1125 0.223526 -0.5725 41 39 31 255
3.0825 0.220448 -0.5675 71 66 54 255
3.0775 0.220257 -0.5675 71 66 54 255
3.0875 0.220636 -0.5675 45 42 35 255
3.0925 0.220784 -0.5675 41 39 33 255
3.0975 0.220645 -0.5675 42 39 32 255
3.1025 0.220639 -0.5675 42 41 33 255
3.1075 0.2225 -0.571387 41 39 31 255
3.1075 0.220912 -0.5675 41 39 31 255
3.1125 0.2225 -0.56999 42 41 34 255
3.1125 0.221403 -0.5675 42 41 34 255
3.2825 0.2175 -0.560328 34 30 26 255
3.2775 0.2175 -0.560372 34 30 26 255
3.2775 0.213825 -0.5575 34 30 26 255
3.2825 0.213524 -0.5575 34 30 26 255
3.2875 0.2175 -0.559814 28 27 22 255
3.2875 0.213774 -0.5575 28 27 22 255
3.2925 0.2175 -0.559658 30 29 25 255
3.2925 0.214291 -0.5575 30 29 25 255
3.2975 0.2175 -0.559733 33 30 26 255
3.2975 0.214648 -0.5575 33 30 26 255
3.3025 0.2175 -0.559513 49 47 42 255
3.3025 0.214868 -0.5575 49 47 42 255
3.3075 0.2175 -0.559101 49 48 43 255
3.3075 0.215218 -0.5575 49 48 43 255
3.3125 0.2175 -0.558862 42 41 36 255
3.3125 0.215723 -0.5575 42 41 36 255
3.2775 0.220548 -0.5625 49 45 36 255
3.2825 0.220769 -0.5625 49 45 36 255
3.2875 0.221306 -0.5625 45 42 34 255
3.2925 0.221288 -0.5625 37 37 31 255
3.2975 0.220963 -0.5625 29 27 22 255
3.3025 0.221219 -0.5625 41 40 37 255
3.3075 0.221803 -0.5625 43 41 38 255
3.3125 0.221626 -0.5625 41 40 36 255
3.2825 0.2075 -0.55319 52 49 41 255
3.2775 0.2075 -0.552556 52 49 41 255
3.2825 0.206345 -0.5525 52 49 41 255
3.2875 0.2075 -0.553121 51 47 39 255
3.2875 0.206419 -0.5525 51 47 39 255
3.2925 0.2075 -0.552532 52 48 39 255
3.2825 0.2125 -0.556727 51 49 40 255
3.2775 0.2125 -0.556404 51 49 40 255
3.2875 0.2125 -0.556656 50 46 38 255
3.2925 0.2125 -0.556102 54 49 43 255
3.2975 0.208346 -0.5525 51 47 41 255
3.2975 0.2125 -0.555354 51 47 41 255
3.3025 0.2125 -0.555138 67 63 55 255
3.3025 0.208932 -0.5525 67 63 55 255
3.3075 0.2125 -0.555114 67 63 55 255
3.3075 0.209364 -0.5525 67 63 55 255
3.3125 0.2125 -0.554762 66 63 55 255
3.3125 0.209942 -0.5525 66 63 55 255
3.2825 0.2025 -0.549726 56 52 44 255
3.2775 0.2025 -0.549026 56 52 44 255
3.2775 0.199489 -0.5475 56 52 44 255
3.2825 0.198784 -0.5475 56 52 44 255
3.2875 0.2025 -0.549742 53 49 41 255
3.2875 0.199414 -0.5475 53 49 41 255
3.2925 0.2025 -0.548887 53 49 41 255
3.2925 0.200524 -0.5475 53 49 41 255
3.2975 0.2025 -0.548326 70 67 60 255
3.2975 0.201155 -0.5475 70 67 60 255
3.3025 0.2025 -0.54834 68 65 59 255
3.3025 0.200952 -0.5475 68 65 59 255
3.3075 0.2025 -0.54802 69 66 58 255
3.3075 0.201436 -0.5475 69 66 58 255
3.3105 0.2025 -0.5475 67 64 56 255
3.2975 0.2075 -0.551901 51 47 42 255
3.3025 0.2075 -0.551494 65 62 55 255
3.3075 0.2075 -0.551094 69 65 57 255
3.3125 0.203188 -0.5475 67 64 56 255
3.3125 0.2075 -0.550295 67 64 56 255
3.2825 0.1975 -0.546461 58 54 45 255
3.2875 0.1975 -0.545785 59 54 48 255
3.2925 0.1975 -0.545283 60 55 49 255
3.2975 0.1975 -0.545244 58 54 46 255
3.3025 0.1975 -0.545457 71 68 60 255
3.3075 0.1975 -0.54563 73 70 62 255
3.3125 0.1975 -0.545249 71 68 60 255
3.7325 0.2475 -0.59811 54 52 45 255
3.72985 0.2475 -0.5975 54 52 45 255
3.7375 0.2475 -0.598554 54 50 45 255
3.7375 0.247099 -0.5975 54 50 45 255
3.7425 0.2475 -0.598316 55 51 46 255
3.7425 0.24716 -0.5975 55 51 46 255
3.7475 0.2475 -0.598822 57 53 48 255
3.7475 0.24689 -0.5975 57 53 48 255
3.7525 0.2475 -0.599137 59 54 48 255
3.7525 0.246772 -0.5975 59 54 48 255
3.7225 0.248101 -0.5975 58 54 48 255
3.7175 0.248651 -0.5975 58 54 48 255
3.7275 0.247733 -0.5975 58 54 46 255
3.7225 0.2475 -0.595393 55 52 46 255
3.7175 0.2475 -0.593588 55 52 46 255
3.7175 0.247198 -0.5925 55 52 46 255
3.7225 0.246759 -0.5925 55 52 46 255
3.7275 0.24615 -0.5925 56 51 46 255
3.7325 0.245617 -0.5925 56 52 45 255
3.7375 0.245534 -0.5925 55 52 46 255
3.7425 0.245406 -0.5925 54 51 46 255
3.7475 0.244965 -0.5925 52 49 43 255
3.7525 0.245009 -0.5925 57 54 49 255
3.7225 0.245568 -0.5875 54 53 46 255
3.7175 0.245958 -0.5875 54 53 46 255
3.7275 0.244881 -0.5875 55 52 47 255
3.7325 0.244239 -0.5875 55 52 47 255
3.7375 0.243966 -0.5875 54 51 45 255
3.7425 0.243888 -0.5875 55 51 46 255
3.7475 0.24382 -0.5875 54 51 45 255
3.7525 0.243966 -0.5875 59 55 49 255
3.7375 0.2425 -0.582726 52 50 44 255
3.73666 0.2425 -0.5825 52 50 44 255
3.73966 0.2425 -0.5825 54 51 45 255
3.7225 0.244046 -0.5825 54 52 45 255
3.7175 0.244329 -0.5825 54 52 45 255
3.7275 0.243486 -0.5825 54 51 46 255
3.7325 0.242839 -0.5825 53 50 45 255
3.7425 0.242584 -0.5825 53 51 46 255
3.7475 0.242975 -0.5825 54 51 47 255
3.7525 0.243164 -0.5825 60 56 51 255
3.7225 0.2425 -0.578875 54 52 46 255
3.7175 0.2425 -0.578605 54 52 46 255
3.7175 0.241986 -0.5775 54 52 46 255
3.7225 0.241921 -0.5775 54 52 46 255
3.7275 0.2425 -0.579824 53 50 46 255
3.7275 0.241627 -0.5775 53 50 46 255
3.7325 0.2425 -0.581521 53 50 44 255
3.7325 0.241092 -0.5775 53 50 44 255
3.7375 0.240902 -0.5775 54 51 46 255
3.7425 0.241054 -0.5775 52 50 45 255
3.7475 0.2425 -0.580937 52 49 44 255
3.7475 0.241306 -0.5775 52 49 44 255
3.7525 0.2425 -0.580093 55 51 46 255
3.7525 0.241662 -0.5775 55 51 46 255
3.7225 0.239074 -0.5725 65 61 56 255
3.7175 0.239369 -0.5725 65 61 56 255
3.7275 0.238934 -0.5725 65 61 55 255
3.7325 0.238925 -0.5725 69 65 59 255
3.7375 0.239203 -0.5725 64 60 54 255
3.7425 0.23916 -0.5725 63 60 53 255
3.7475 0.238631 -0.5725 62 58 52 255
3.7525 0.238745 -0.5725 61 58 52 255
3.9925 0.2125 -0.599519 49 47 43 255
3.98938 0.2125 -0.5975 49 47 43 255
3.9925 0.210958 -0.5975 49 47 43 255
3.9775 0.2175 -0.5982 36 34 32 255
3.97576 0.2175 -0.5975 36 34 32 255
3.9825 0.2175 -0.600841 38 36 34 255
3.9825 0.21575 -0.5975 38 36 34 255
3.9875 0.213403 -0.5975 40 40 36 255
3.9625 0.2225 -0.601687 55 51 49 255
3.9575 0.2225 -0.597581 55 51 49 255
3.9625 0.221124 -0.5975 55 51 49 255
3.9675 0.219651 -0.5975 44 42 39 255
3.9725 0.218151 -0.5975 45 43 40 255
3.9925 0.2075 -0.594527 62 60 54 255
3.98824 0.2075 -0.5925 62 60 54 255
3.9925 0.204788 -0.5925 62 60 54 255
3.9825 0.2125 -0.593775 55 53 50 255
3.97898 0.2125 -0.5925 55 53 50 255
3.9825 0.211184 -0.5925 55 53 50 255
3.9875 0.2125 -0.596536 62 60 55 255
3.9675 0.2175 -0.593599 43 42 40 255
3.96583 0.2175 -0.5925 43 42 40 255
3.9675 0.216789 -0.5925 43 42 40 255
3.9725 0.2175 -0.596524 51 49 47 255
3.9725 0.214552 -0.5925 51 49 47 255
3.9775 0.213004 -0.5925 53 50 49 255
3.9625 0.218833 -0.5925 42 39 38 255
3.9575 0.220154 -0.5925 42 39 38 255
3.9925 0.2025 -0.590383 71 67 60 255
3.9775 0.2075 -0.588211 70 67 62 255
3.97454 0.2075 -0.5875 70 67 62 255
3.9775 0.206345 -0.5875 70 67 62 255
3.9825 0.2075 -0.589333 71 66 60 255
3.9825 0.204707 -0.5875 71 66 60 255
3.9675 0.2125 -0.588313 66 65 59 255
3.96527 0.2125 -0.5875 66 65 59 255
3.9675 0.211476 -0.5875 66 65 59 255
3.9725 0.2125 -0.590386 68 67 62 255
3.9725 0.208317 -0.5875 68 67 62 255
3.9625 0.2175 -0.590813 58 56 53 255
3.9575 0.2175 -0.588743 58 56 53 255
3.9575 0.216289 -0.5875 58 56 53 255
3.9625 0.213856 -0.5875 58 56 53 255
3.9675 0.2075 -0.584466 75 72 67 255
3.9725 0.2075 -0.586921 73 70 64 255
3.9575 0.209561 -0.5825 76 72 66 255
3.9575 0.2125 -0.584609 76 72 66 255
3.9625 0.2125 -0.586495 76 72 66 255
3.6625 0.3125 -0.75982 39 36 32 255
3.6675 0.3125 -0.7575 41 38 32 255
3.6725 0.311895 -0.7575 40 38 33 255
3.6775 0.311378 -0.7575 42 39 35 255
3.6425 0.313067 -0.7575 38 35 31 255
3.6375 0.313542 -0.7575 38 35 31 255
3.6475 0.31291 -0.7575 37 35 30 255
3.6525 0.312907 -0.7575 38 35 31 255
3.6575 0.312631 -0.7575 36 33 28 255
3.6625 0.31257 -0.7575 39 35 32 255
3.6685 0.3125 -0.7525 39 37 32 255
3.6725 0.311879 -0.7525 39 37 32 255
3.6775 0.311382 -0.7525 40 38 34 255
3.6425 0.31326 -0.7525 38 36 29 255
3.6375 0.313541 -0.7525 38 36 29 255
3.6475 0.313234 -0.7525 38 36 31 255
3.6525 0.313102 -0.7525 38 36 30 255
3.6575 0.312895 -0.7525 38 34 30 255
3.6625 0.31281 -0.7525 40 37 33 255
3.6675 0.312657 -0.7525 41 37 32 255
3.66832 0.3125 -0.7475 39 36 31 255
3.6725 0.311826 -0.7475 39 36 31 255
3.6775 0.311562 -0.7475 39 37 31 255
3.6425 0.313315 -0.7475 37 34 29 255
3.6375 0.313549 -0.7475 37 34 29 255
3.6475 0.31332 -0.7475 38 36 30 255
3.6525 0.313375 -0.7475 38 35 29 255
3.6575 0.31345 -0.7475 37 35 28 255
3.6625 0.313238 -0.7475 40 37 33 255
3.6675 0.312638 -0.7475 40 38 31 255
3.66867 0.3125 -0.7425 39 37 32 255
3.6725 0.311937 -0.7425 39 37 32 255
3.6775 0.311937 -0.7425 41 38 33 255
3.6425 0.31378 -0.7425 37 35 30 255
3.6375 0.313865 -0.7425 37 35 30 255
3.6475 0.313609 -0.7425 38 36 30 255
3.6525 0.313856 -0.7425 38 36 30 255
3.6575 0.314208 -0.7425 41 37 32 255
3.6625 0.313827 -0.7425 40 37 32 255
3.6675 0.312683 -0.7425 39 36 31 255
3.6703 0.3125 -0.7375 40 36 32 255
3.6725 0.312153 -0.7375 40 36 32 255
3.6775 0.311934 -0.7375 39 37 31 255
3.6425 0.314089 -0.7375 36 33 28 255
3.6375 0.314185 -0.7375 36 33 28 255
3.6475 0.313801 -0.7375 36 34 28 255
3.6525 0.313981 -0.7375 38 35 30 255
3.6575 0.314423 -0.7375 38 36 31 255
3.6625 0.314121 -0.7375 39 35 32 255
3.6675 0.31297 -0.7375 39 36 31 255
3.6725 0.3125 -0.734657 39 36 33 255
3.67456 0.3125 -0.7325 38 36 31 255
3.6775 0.312115 -0.7325 38 36 31 255
3.6425 0.313595 -0.7325 38 35 29 255
3.6375 0.313956 -0.7325 38 35 29 255
3.6475 0.313525 -0.7325 37 35 29 255
3.6525 0.313884 -0.7325 37 35 29 255
3.6575 0.314273 -0.7325 38 36 29 255
3.6625 0.314162 -0.7325 39 36 32 255
3.6675 0.313581 -0.7325 38 35 31 255
3.6725 0.31277 -0.7325 39 36 31 255
3.6775 0.3125 -0.729364 38 34 30 255
3.6425 0.313344 -0.7275 37 34 28 255
3.6375 0.313922 -0.7275 37 34 28 255
3.6475 0.313301 -0.7275 37 33 27 255
3.6525 0.313731 -0.7275 37 35 29 255
3.6575 0.31401 -0.7275 36 34 29 255
3.6625 0.313811 -0.7275 36 34 30 255
3.6675 0.313529 -0.7275 38 35 30 255
3.6725 0.313241 -0.7275 35 34 29 255
3.6775 0.31273 -0.7275 37 34 29 255
3.2825 0.319691 -0.8425 38 35 29 255
3.2825 0.31953 -0.8375 38 35 29 255
3.2875 0.319221 -0.8425 38 35 29 255
3.2875 0.319263 -0.8375 38 35 29 255
3.2925 0.319454 -0.8425 40 36 31 255
3.2925 0.319212 -0.8375 40 36 31 255
3.2975 0.319998 -0.8425 41 36 31 255
3.2975 0.319689 -0.8375 41 36 31 255
3.3025 0.320407 -0.8425 41 37 31 255
3.3025 0.320316 -0.8375 41 37 31 255
3.3075 0.320284 -0.8425 42 37 32 255
3.3075 0.320289 -0.8375 42 37 32 255
3.3125 0.320417 -0.8425 45 40 33 255
3.3125 0.320162 -0.8375 45 40 33 255
3.2825 0.31913 -0.8325 40 35 30 255
3.2875 0.31925 -0.8325 37 34 29 255
3.2925 0.319525 -0.8325 39 35 30 255
3.2975 0.31972 -0.8325 43 40 35 255
3.3025 0.319988 -0.8325 43 38 33 255
3.3075 0.32009 -0.8325 44 40 35 255
3.3125 0.319926 -0.8325 49 44 38 255
3.2825 0.318752 -0.8275 41 36 30 255
3.2875 0.319149 -0.8275 39 35 30 255
3.2925 0.319845 -0.8275 37 34 29 255
3.2975 0.319832 -0.8275 40 37 32 255
3.3025 0.319545 -0.8275 46 41 36 255
3.3075 0.31948 -0.8275 55 49 44 255
3.3125 0.319557 -0.8275 56 50 45 255
3.2825 0.318442 -0.8225 40 38 31 255
3.2875 0.318835 -0.8225 40 37 30 255
3.2925 0.319728 -0.8225 37 35 28 255
3.2975 0.319766 -0.8225 42 37 33 255
3.3025 0.319096 -0.8225 47 42 36 255
3.3075 0.318615 -0.8225 59 53 47 255
3.3125 0.318717 -0.8225 65 58 52 255
3.2825 0.317942 -0.8175 40 37 33 255
3.2875 0.317998 -0.8175 38 35 30 255
3.2925 0.31866 -0.8175 39 36 29 255
3.2975 0.318861 -0.8175 41 38 33 255
3.3025 0.318248 -0.8175 50 43 37 255
3.3075 0.317742 -0.8175 68 62 55 255
3.3125 0.317914 -0.8175 70 64 56 255
3.4775 0.317834 -0.7975 37 34 30 255
3.4825 0.317669 -0.7925 37 33 29 255
3.4775 0.318213 -0.7925 37 33 29 255
3.4825 0.318267 -0.7875 37 33 27 255
3.4775 0.318623 -0.7875 37 33 27 255
3.4875 0.318247 -0.7875 37 33 28 255
3.4925 0.318213 -0.7875 37 35 28 255
3.4975 0.317876 -0.7875 36 33 28 255
3.5025 0.317594 -0.7875 36 33 26 255
3.5075 0.317546 -0.7875 38 34 30 255
3.5125 0.317593 -0.7875 35 33 27 255
3.4825 0.318582 -0.7825 37 33 28 255
3.4775 0.318715 -0.7825 37 33 28 255
3.4875 0.318693 -0.7825 38 34 29 255
3.4925 0.318546 -0.7825 38 35 30 255
3.4975 0.31797 -0.7825 36 33 27 255
3.4825 0.318481 -0.7775 38 35 29 255
3.4775 0.318534 -0.7775 38 35 29 255
3.4875 0.318624 -0.7775 36 33 27 255
3.4925 0.318319 -0.7775 37 34 27 255
3.4975 0.317652 -0.7775 36 33 27 255
3.4825 0.318248 -0.7725 40 36 29 255
3.4775 0.317935 -0.7725 40 36 29 255
3.4875 0.318814 -0.7725 37 35 29 255
3.4925 0.318554 -0.7725 36 34 26 255
3.4975 0.317603 -0.7725 37 34 28 255
3.4825 0.317902 -0.7675 42 39 32 255
3.4875 0.318774 -0.7675 39 36 30 255
3.4925 0.318699 -0.7675 38 35 28 255
3.4975 0.317625 -0.7675 37 34 27 255
3.5125 0.317686 -0.7675 35 33 27 255
3.3925 0.3175 -0.878585 32 30 24 255
3.39417 0.3175 -0.8775 31 28 23 255
3.3975 0.317233 -0.8775 31 28 23 255
3.2325 0.309272 -0.7675 49 44 37 255
3.3125 0.2975 -0.717658 54 49 41 255
3.31123 0.2975 -0.7175 54 49 41 255
3.2825 0.297654 -0.7175 57 51 43 255
3.2775 0.297589 -0.7175 57 51 43 255
3.2875 0.297665 -0.7175 55 50 42 255
3.2925 0.298035 -0.7175 55 52 42 255
3.2975 0.298639 -0.7175 55 52 42 255
3.3025 0.298254 -0.7175 54 50 41 255
3.3075 0.297641 -0.7175 53 49 40 255
3.2775 0.295833 -0.7125 34 31 25 255
3.2825 0.295885 -0.7125 34 31 25 255
3.2875 0.295816 -0.7125 35 32 25 255
3.2925 0.2975 -0.715843 35 32 26 255
3.2925 0.296418 -0.7125 35 32 26 255
3.2975 0.2975 -0.713443 35 31 25 255
3.2975 0.297231 -0.7125 35 31 25 255
3.3025 0.2975 -0.714959 34 31 25 255
3.3025 0.296747 -0.7125 34 31 25 255
3.3075 0.296147 -0.7125 33 31 24 255
3.3125 0.29612 -0.7125 54 49 41 255
3.2825 0.293973 -0.7075 36 32 26 255
3.2775 0.294037 -0.7075 36 32 26 255
3.2875 0.293651 -0.7075 38 34 28 255
3.2925 0.294052 -0.7075 36 32 25 255
3.2975 0.294832 -0.7075 36 34 27 255
3.3025 0.2946 -0.7075 35 33 26 255
3.3075 0.294375 -0.7075 37 33 26 255
3.3125 0.294474 -0.7075 36 33 26 255
3.2825 0.2925 -0.703702 38 34 28 255
3.2775 0.2925 -0.703957 38 34 28 255
3.2775 0.291848 -0.7025 38 34 28 255
3.2825 0.292072 -0.7025 38 34 28 255
3.2875 0.2925 -0.704621 40 35 30 255
3.2875 0.291773 -0.7025 40 35 30 255
3.2925 0.2925 -0.704466 39 35 28 255
3.2925 0.291636 -0.7025 39 35 28 255
3.2975 0.2925 -0.703753 39 35 28 255
3.2975 0.291813 -0.7025 39 35 28 255
3.3025 0.2925 -0.703871 38 34 28 255
3.3025 0.291788 -0.7025 38 34 28 255
3.3075 0.2925 -0.703532 40 36 29 255
3.3075 0.292048 -0.7025 40 36 29 255
3.3125 0.2925 -0.702638 39 35 28 255
3.2825 0.290274 -0.6975 41 36 29 255
3.2775 0.289597 -0.6975 41 36 29 255
3.2875 0.290398 -0.6975 41 36 30 255
3.2925 0.290196 -0.6975 40 36 30 255
3.2975 0.290081 -0.6975 40 36 29 255
3.3025 0.289862 -0.6975 39 36 29 255
3.3075 0.289938 -0.6975 40 36 29 255
3.3125 0.290317 -0.6975 39 36 29 255
3.2825 0.288408 -0.6925 39 34 28 255
3.2775 0.288097 -0.6925 39 34 28 255
3.2875 0.28871 -0.6925 40 36 29 255
3.2925 0.288752 -0.6925 41 38 31 255
3.2975 0.288728 -0.6925 39 36 30 255
3.3025 0.288684 -0.6925 40 37 29 255
3.3075 0.288561 -0.6925 40 37 30 255
3.3125 0.288558 -0.6925 40 37 29 255
3.2825 0.2875 -0.689821 41 38 30 255
3.2775 0.2875 -0.690558 41 38 30 255
3.2775 0.286507 -0.6875 41 38 30 255
3.2825 0.286641 -0.6875 41 38 30 255
3.2875 0.2875 -0.689422 41 38 31 255
3.2875 0.286672 -0.6875 41 38 31 255
3.2925 0.2875 -0.689411 40 36 30 255
3.2925 0.28669 -0.6875 40 36 30 255
3.2975 0.2875 -0.689356 39 36 30 255
3.2975 0.286754 -0.6875 39 36 30 255
3.3025 0.2875 -0.688787 39 37 30 255
3.3025 0.287053 -0.6875 39 37 30 255
3.3075 0.2875 -0.688984 42 39 33 255
3.3075 0.287007 -0.6875 42 39 33 255
3.3125 0.2875 -0.689707 41 37 30 255
3.3125 0.286623 -0.6875 41 37 30 255
3.8425 0.2775 -0.67952 55 50 43 255
3.8425 0.279012 -0.6825 55 50 43 255
3.8475 0.2775 -0.682083 57 53 45 255
3.84826 0.2775 -0.6825 54 51 44 255
3.6025 0.31566 -0.7575 37 35 29 255
3.5975 0.316024 -0.7575 37 35 29 255
3.6075 0.315108 -0.7575 38 35 30 255
3.6125 0.314643 -0.7575 38 36 30 255
3.6175 0.314588 -0.7575 38 35 30 255
3.6225 0.314598 -0.7575 39 36 30 255
3.6275 0.314421 -0.7575 39 35 29 255
3.6325 0.314046 -0.7575 39 35 31 255
3.6025 0.315742 -0.7525 36 33 28 255
3.5975 0.316181 -0.7525 36 33 28 255
3.6075 0.315022 -0.7525 36 33 28 255
3.6125 0.314708 -0.7525 37 34 28 255
3.6175 0.314931 -0.7525 38 35 30 255
3.6225 0.314797 -0.7525 37 34 29 255
3.6275 0.314329 -0.7525 38 35 28 255
3.6325 0.313971 -0.7525 39 35 31 255
3.6025 0.315768 -0.7475 38 35 28 255
3.5975 0.316179 -0.7475 38 35 28 255
3.6075 0.315035 -0.7475 38 34 29 255
3.6125 0.314888 -0.7475 38 35 31 255
3.6175 0.315266 -0.7475 37 34 28 255
3.6225 0.315117 -0.7475 36 34 29 255
3.6275 0.314509 -0.7475 38 35 29 255
3.6325 0.314014 -0.7475 37 33 28 255
3.6025 0.31583 -0.7425 37 34 28 255
3.5975 0.315992 -0.7425 37 34 28 255
3.6075 0.315484 -0.7425 36 34 29 255
3.6125 0.315393 -0.7425 38 35 29 255
3.6175 0.315528 -0.7425 37 34 29 255
3.6225 0.315407 -0.7425 36 33 28 255
3.6275 0.314928 -0.7425 37 35 30 255
3.6325 0.314233 -0.7425 37 34 29 255
3.6025 0.315705 -0.7375 38 34 28 255
3.5975 0.315816 -0.7375 38 34 28 255
3.6075 0.315602 -0.7375 38 33 29 255
3.6125 0.315447 -0.7375 37 34 29 255
3.6175 0.315404 -0.7375 35 33 28 255
3.6225 0.315413 -0.7375 35 33 28 255
3.6275 0.315152 -0.7375 35 33 29 255
3.6325 0.31451 -0.7375 37 33 30 255
3.6025 0.31547 -0.7325 38 36 31 255
3.5975 0.316029 -0.7325 38 36 31 255
3.6075 0.315091 -0.7325 36 34 28 255
3.6125 0.314896 -0.7325 37 34 30 255
3.6175 0.314884 -0.7325 36 34 28 255
3.6225 0.314988 -0.7325 36 34 29 255
3.6275 0.314921 -0.7325 35 32 27 255
3.6325 0.314487 -0.7325 37 34 29 255
3.6025 0.315023 -0.7275 36 32 29 255
3.5975 0.315742 -0.7275 36 32 29 255
3.6075 0.314561 -0.7275 37 34 30 255
3.6125 0.314453 -0.7275 37 34 30 255
3.6175 0.314622 -0.7275 36 34 29 255
3.6225 0.31476 -0.7275 37 34 29 255
3.6275 0.314748 -0.7275 36 34 28 255
3.6325 0.314533 -0.7275 38 35 29 255
3.7625 0.2225 -0.559934 103 100 92 255
3.7675 0.2225 -0.560465 101 99 88 255
3.7725 0.2225 -0.561022 102 99 90 255
3.7775 0.2225 -0.561216 102 99 91 255
3.7825 0.2225 -0.561593 102 98 90 255
3.7875 0.2225 -0.561832 96 93 86 255
3.7925 0.2225 -0.561939 85 81 80 255
3.7959 0.2225 -0.5625 78 75 73 255
3.7625 0.2275 -0.562461 100 96 86 255
3.7675 0.226637 -0.5625 100 98 88 255
3.7725 0.225771 -0.5625 100 97 87 255
3.7775 0.225705 -0.5625 101 97 89 255
3.7825 0.225044 -0.5625 99 94 86 255
3.7875 0.22429 -0.5625 99 93 86 255
3.7925 0.223834 -0.5625 91 87 81 255
3.9525 0.236809 -0.6375 52 48 42 255
3.9425 0.237058 -0.6325 55 53 45 255
3.9475 0.236043 -0.6325 54 51 45 255
3.9525 0.234677 -0.6325 54 51 45 255
3.95358 0.2325 -0.6275 54 50 45 255
3.9375 0.236448 -0.6275 59 55 47 255
3.9425 0.235192 -0.6275 56 52 46 255
3.9475 0.233874 -0.6275 56 52 44 255
3.9525 0.232732 -0.6275 54 52 44 255
3.9475 0.2325 -0.622658 57 53 47 255
3.9525 0.2325 -0.626538 58 55 47 255
3.9525 0.231569 -0.6225 58 55 47 255
3.9275 0.236312 -0.6225 58 53 46 255
3.9325 0.235296 -0.6225 56 52 46 255
3.9375 0.234703 -0.6225 56 53 47 255
3.9425 0.233722 -0.6225 57 53 47 255
3.9425 0.2325 -0.618575 57 52 46 255
3.94077 0.2325 -0.6175 57 52 46 255
3.9425 0.232168 -0.6175 57 52 46 255
3.9475 0.23115 -0.6175 58 54 49 255
3.9525 0.230402 -0.6175 58 55 48 255
3.9225 0.235619 -0.6175 58 53 47 255
3.9275 0.234482 -0.6175 60 54 49 255
3.9325 0.233701 -0.6175 60 55 48 255
3.9375 0.233166 -0.6175 57 53 47 255
3.9375 0.2325 -0.614827 57 52 47 255
3.93277 0.2325 -0.6125 57 52 47 255
3.9375 0.231931 -0.6125 57 52 47 255
3.9425 0.230854 -0.6125 56 52 47 255
3.9475 0.229781 -0.6125 58 54 47 255
3.9525 0.22879 -0.6125 56 52 47 255
3.9225 0.233953 -0.6125 61 57 49 255
3.9275 0.23302 -0.6125 61 56 50 255
3.9525 0.2275 -0.607948 58 53 48 255
3.9275 0.2325 -0.610433 61 57 50 255
3.92304 0.2325 -0.6075 61 57 50 255
3.9275 0.231693 -0.6075 61 57 50 255
3.9325 0.230989 -0.6075 60 57 50 255
3.9375 0.230543 -0.6075 58 53 47 255
3.9425 0.229969 -0.6075 57 53 48 255
3.9475 0.22883 -0.6075 56 53 47 255
3.94836 0.2275 -0.6025 56 53 48 255
3.9525 0.226075 -0.6025 56 53 48 255
3.9225 0.231237 -0.6025 63 58 52 255
3.9275 0.230191 -0.6025 62 57 50 255
3.9325 0.229189 -0.6025 61 56 50 255
3.9375 0.228815 -0.6025 60 55 50 255
3.9425 0.228667 -0.6025 60 55 50 255
3.9475 0.22779 -0.6025 58 55 50 255
3.2825 0.2625 -0.641429 22 19 17 255
3.2825 0.259843 -0.6375 22 19 17 255
3.2875 0.2625 -0.640348 19 18 14 255
3.2875 0.260689 -0.6375 19 18 14 255
3.2925 0.2625 -0.639543 29 28 25 255
3.2925 0.261173 -0.6375 29 28 25 255
3.2975 0.2625 -0.639543 29 25 21 255
3.2975 0.261003 -0.6375 29 25 21 255
3.3025 0.2625 -0.639586 28 24 20 255
3.3025 0.260965 -0.6375 28 24 20 255
3.3075 0.2625 -0.639815 37 32 26 255
3.3075 0.261197 -0.6375 37 32 26 255
3.3125 0.2625 -0.639644 42 38 31 255
3.3125 0.261322 -0.6375 42 38 31 255
3.2825 0.2575 -0.634146 33 30 24 255
3.2825 0.256366 -0.6325 33 30 24 255
3.2875 0.2575 -0.6325 35 33 24 255
3.2975 0.2575 -0.632945 46 41 34 255
3.29447 0.2575 -0.6325 46 41 34 255
3.3025 0.2575 -0.632993 46 41 34 255
3.30562 0.2575 -0.6325 46 44 36 255
3.2925 0.257698 -0.6325 35 32 28 255
3.3075 0.25773 -0.6325 39 35 33 255
3.3125 0.257772 -0.6325 36 34 30 255
3.28035 0.2525 -0.6275 35 31 25 255
3.2825 0.252953 -0.6275 34 31 24 255
3.2875 0.254033 -0.6275 36 31 25 255
3.2925 0.253793 -0.6275 47 42 36 255
3.2975 0.253588 -0.6275 45 40 33 255
3.3025 0.254163 -0.6275 47 42 34 255
3.3075 0.254444 -0.6275 47 43 35 255
3.3125 0.25411 -0.6275 46 43 36 255
3.2825 0.249898 -0.6225 36 34 26 255
3.2875 0.2525 -0.625432 37 34 27 255
3.2875 0.250474 -0.6225 37 34 27 255
3.2925 0.2525 -0.625736 48 43 38 255
3.2925 0.250244 -0.6225 48 43 38 255
3.2975 0.2525 -0.625729 49 45 37 255
3.2975 0.250479 -0.6225 49 45 37 255
3.3025 0.2525 -0.624415 47 43 35 255
3.3025 0.251356 -0.6225 47 43 35 255
3.3075 0.2525 -0.624291 48 44 36 255
3.3075 0.251402 -0.6225 48 44 36 255
3.3125 0.2525 -0.625139 48 45 37 255
3.3125 0.250813 -0.6225 48 45 37 255
3.2825 0.2475 -0.617902 35 31 25 255
3.2875 0.2475 -0.617681 35 31 24 255
3.2925 0.2475 -0.61775 48 44 36 255
3.29594 0.2475 -0.6175 49 46 38 255
3.2975 0.247575 -0.6175 49 45 38 255
3.3025 0.248306 -0.6175 50 47 39 255
3.3075 0.248523 -0.6175 51 47 39 255
3.3125 0.248176 -0.6175 50 46 38 255
3.2825 0.244969 -0.6125 35 32 26 255
3.2875 0.244915 -0.6125 35 31 25 255
3.2925 0.245247 -0.6125 47 43 35 255
3.2975 0.245738 -0.6125 48 44 38 255
3.3025 0.2475 -0.615605 48 44 37 255
3.3025 0.246369 -0.6125 48 44 37 255
3.3075 0.2475 -0.614999 48 44 37 255
3.3075 0.246516 -0.6125 48 44 37 255
3.3125 0.2475 -0.615705 47 43 36 255
3.3125 0.24623 -0.6125 47 43 36 255
3.2825 0.243176 -0.6075 34 31 24 255
3.2875 0.243122 -0.6075 35 32 27 255
3.2925 0.243417 -0.6075 35 32 25 255
3.2975 0.244038 -0.6075 47 44 38 255
3.3025 0.244591 -0.6075 47 44 38 255
3.3075 0.244635 -0.6075 47 43 37 255
3.3125 0.244246 -0.6075 47 44 38 255
3.2825 0.2425 -0.605421 33 31 24 255
3.2825 0.241644 -0.6025 33 31 24 255
3.2875 0.2425 -0.605975 34 31 25 255
3.2875 0.241228 -0.6025 34 31 25 255
3.2925 0.2425 -0.605504 37 33 27 255
3.2925 0.241124 -0.6025 37 33 27 255
3.2975 0.2425 -0.604119 44 41 35 255
3.2975 0.241737 -0.6025 44 41 35 255
3.3025 0.2425 -0.602972 46 42 36 255
3.3075 0.2425 -0.602801 46 42 36 255
3.3125 0.2425 -0.603206 46 42 36 255
3.31552 0.2425 -0.6025 43 42 35 255
3.8725 0.2725 -0.679983 56 53 45 255
3.86825 0.2725 -0.6775 56 53 45 255
3.8725 0.271325 -0.6775 56 53 45 255
3.87651 0.2725 -0.6825 54 51 43 255
3.8425 0.276463 -0.6775 55 52 43 255
3.8475 0.275418 -0.6775 59 54 47 255
3.8525 0.276443 -0.6825 58 53 46 255
3.8525 0.274345 -0.6775 58 53 46 255
3.8575 0.275951 -0.6825 55 51 44 255
3.8575 0.273621 -0.6775 55 51 44 255
3.8625 0.275847 -0.6825 57 52 45 255
3.8625 0.273316 -0.6775 57 52 45 255
3.8675 0.275051 -0.6825 54 50 42 255
3.8725 0.27363 -0.6825 55 51 43 255
3.87657 0.2675 -0.6725 51 47 41 255
3.8525 0.2725 -0.672858 61 56 49 255
3.85175 0.2725 -0.6725 61 56 49 255
3.8575 0.2725 -0.675167 57 53 43 255
3.8575 0.271229 -0.6725 57 53 43 255
3.8625 0.2725 -0.67602 58 52 45 255
3.8625 0.270643 -0.6725 58 52 45 255
3.8675 0.270048 -0.6725 56 52 44 255
3.8725 0.268677 -0.6725 56 52 44 255
3.8425 0.27426 -0.6725 58 54 45 255
3.8475 0.273342 -0.6725 57 54 45 255
3.8675 0.2675 -0.667624 53 50 42 255
3.8725 0.2675 -0.670264 51 48 42 255
3.8725 0.266011 -0.6675 51 48 42 255
3.8425 0.2725 -0.668756 59 53 45 255
3.83905 0.2725 -0.6675 59 53 45 255
3.8425 0.271874 -0.6675 59 53 45 255
3.8475 0.2725 -0.670669 60 56 47 255
3.8475 0.270979 -0.6675 60 56 47 255
3.8525 0.269978 -0.6675 57 52 45 255
3.8575 0.268868 -0.6675 56 52 43 255
3.8625 0.268257 -0.6675 53 50 42 255
3.8575 0.2675 -0.664373 53 50 43 255
3.8534 0.2675 -0.6625 53 50 43 255
3.8575 0.266641 -0.6625 53 50 43 255
3.8625 0.2675 -0.665981 53 49 41 255
3.8625 0.265664 -0.6625 53 49 41 255
3.8675 0.264629 -0.6625 51 49 41 255
3.8725 0.263583 -0.6625 50 47 40 255
3.8425 0.269192 -0.6625 54 50 43 255
3.8475 0.268324 -0.6625 53 49 43 255
3.8525 0.267679 -0.6625 55 52 43 255
3.8675 0.2625 -0.658556 53 50 42 255
3.86433 0.2625 -0.6575 53 50 42 255
3.8675 0.261878 -0.6575 53 50 42 255
3.8725 0.2625 -0.66026 52 50 41 255
3.8725 0.261084 -0.6575 52 50 41 255
3.8425 0.2675 -0.659281 54 50 43 255
3.83916 0.2675 -0.6575 54 50 43 255
3.8425 0.266581 -0.6575 54 50 43 255
3.8475 0.2675 -0.66103 55 50 44 255
3.8475 0.265539 -0.6575 55 50 44 255
3.8525 0.264978 -0.6575 56 52 43 255
3.8575 0.264016 -0.6575 54 50 43 255
3.8625 0.262854 -0.6575 53 49 41 255
3.8525 0.2625 -0.653441 55 51 44 255
3.84927 0.2625 -0.6525 55 51 44 255
3.8525 0.261918 -0.6525 55 51 44 255
3.8575 0.2625 -0.654974 57 53 45 255
3.8575 0.261015 -0.6525 57 53 45 255
3.8625 0.260084 -0.6525 55 51 44 255
3.8675 0.259178 -0.6525 55 52 43 255
3.8725 0.258379 -0.6525 56 52 45 255
3.8425 0.263739 -0.6525 54 50 43 255
3.8475 0.262822 -0.6525 52 49 41 255
3.8675 0.2575 -0.649112 55 52 43 255
3.86305 0.2575 -0.6475 55 52 43 255
3.8675 0.256738 -0.6475 55 52 43 255
3.8725 0.2575 -0.650752 57 54 46 255
3.8725 0.255885 -0.6475 57 54 46 255
3.8425 0.2625 -0.650374 56 52 44 255
3.8425 0.260812 -0.6475 56 52 44 255
3.8475 0.260173 -0.6475 55 52 44 255
3.8525 0.259409 -0.6475 56 52 44 255
3.8575 0.258524 -0.6475 55 52 43 255
3.8525 0.2575 -0.643594 56 53 45 255
3.8575 0.2575 -0.645474 56 52 44 255
3.2225 0.280257 -1.2775 20 19 18 255
3.2175 0.280048 -1.2775 20 19 18 255
3.2275 0.280238 -1.2775 18 16 15 255
3.2325 0.280022 -1.2775 17 17 16 255
3.2175 0.2825 -1.27255 24 23 18 255
3.2225 0.2825 -1.27294 24 23 18 255
3.22571 0.2825 -1.2725 25 24 18 255
3.2275 0.282361 -1.2725 25 24 18 255
3.2325 0.281997 -1.2725 13 13 12 255
3.2275 0.2825 -1.27146 28 28 23 255
3.2325 0.2825 -1.26965 18 17 16 255
3.2225 0.283523 -1.2675 56 54 46 255
3.2175 0.283694 -1.2675 56 54 46 255
3.2275 0.283129 -1.2675 16 14 15 255
3.2325 0.282931 -1.2675 16 14 15 255
3.2225 0.283786 -1.2625 26 26 21 255
3.2175 0.284329 -1.2625 26 26 21 255
3.2275 0.283728 -1.2625 28 27 21 255
3.2325 0.283705 -1.2625 19 17 17 255
3.2225 0.284291 -1.2575 30 29 24 255
3.2175 0.284832 -1.2575 30 29 24 255
3.2275 0.283993 -1.2575 30 29 25 255
3.2325 0.284068 -1.2575 29 29 23 255
3.2225 0.284583 -1.2525 35 34 27 255
3.2175 0.284636 -1.2525 35 34 27 255
3.2275 0.284204 -1.2525 34 32 26 255
3.2325 0.284112 -1.2525 31 30 24 255
3.2225 0.285184 -1.2475 44 41 36 255
3.2175 0.284845 -1.2475 44 41 36 255
3.2275 0.284707 -1.2475 38 36 31 255
3.2325 0.284449 -1.2475 31 29 24 255
3.2225 0.2858 -1.2425 40 38 30 255
3.2175 0.285335 -1.2425 40 38 30 255
3.2275 0.285289 -1.2425 40 38 33 255
3.2325 0.285013 -1.2425 33 32 27 255
3.3225 0.31918 -0.9175 33 30 25 255
3.3175 0.319494 -0.9175 33 30 25 255
3.3275 0.319317 -0.9175 34 32 25 255
3.3325 0.319348 -0.9175 35 32 26 255
3.3375 0.319027 -0.9175 35 33 27 255
3.3425 0.318721 -0.9175 34 31 26 255
3.3475 0.318651 -0.9175 32 30 25 255
3.3525 0.318121 -0.9175 32 31 25 255
3.35578 0.3175 -0.9175 32 31 28 255
3.3225 0.318826 -0.9125 33 30 25 255
3.3175 0.319145 -0.9125 33 30 25 255
3.3275 0.319143 -0.9125 35 32 27 255
3.3325 0.31953 -0.9125 32 30 24 255
3.3375 0.319379 -0.9125 34 32 27 255
3.3425 0.318859 -0.9125 34 33 26 255
3.3475 0.318746 -0.9125 31 29 24 255
3.3525 0.318288 -0.9125 32 30 26 255
3.35613 0.3175 -0.9125 29 28 25 255
3.3225 0.318929 -0.9075 33 30 27 255
3.3175 0.319526 -0.9075 33 30 27 255
3.3275 0.319281 -0.9075 33 30 25 255
3.3325 0.319907 -0.9075 33 30 25 255
3.3375 0.319886 -0.9075 34 31 26 255
3.3425 0.319312 -0.9075 35 32 26 255
3.3475 0.318797 -0.9075 34 31 24 255
3.3525 0.318133 -0.9075 32 30 26 255
3.3225 0.319122 -0.9025 33 32 27 255
3.3175 0.319635 -0.9025 33 32 27 255
3.3275 0.319411 -0.9025 34 31 27 255
3.3325 0.319837 -0.9025 33 32 26 255
3.3375 0.319934 -0.9025 34 33 26 255
3.3425 0.319647 -0.9025 34 32 25 255
3.3475 0.319103 -0.9025 34 31 26 255
3.3525 0.318492 -0.9025 33 30 25 255
3.3575 0.318187 -0.9025 32 29 24 255
3.3225 0.319552 -0.8975 34 32 27 255
3.3175 0.319675 -0.8975 34 32 27 255
3.3275 0.319895 -0.8975 35 32 26 255
3.3325 0.319849 -0.8975 35 33 26 255
3.3375 0.319708 -0.8975 33 31 26 255
3.3425 0.319702 -0.8975 35 32 25 255
3.3475 0.319617 -0.8975 36 32 28 255
3.3525 0.319239 -0.8975 31 29 23 255
3.3575 0.318714 -0.8975 32 29 24 255
3.3225 0.320008 -0.8925 34 31 26 255
3.3175 0.319751 -0.8925 34 31 26 255
3.3275 0.320421 -0.8925 35 31 26 255
3.3325 0.320174 -0.8925 33 30 26 255
3.3375 0.319829 -0.8925 32 30 24 255
3.3425 0.319997 -0.8925 34 32 25 255
3.3475 0.320269 -0.8925 34 31 25 255
3.3525 0.319932 -0.8925 32 29 23 255
3.3575 0.319071 -0.8925 32 29 26 255
3.3225 0.320092 -0.8875 33 29 26 255
3.3175 0.319647 -0.8875 33 29 26 255
3.3275 0.32056 -0.8875 33 30 25 255
3.3325 0.320486 -0.8875 35 32 27 255
3.3375 0.320269 -0.8875 32 32 27 255
3.3425 0.320273 -0.8875 33 32 26 255
3.3475 0.320331 -0.8875 34 32 26 255
3.3525 0.320117 -0.8875 33 31 25 255
3.3575 0.31969 -0.8875 33 29 26 255
3.6625 0.2775 -0.647839 59 56 47 255
3.65969 0.2775 -0.6475 59 56 47 255
3.6675 0.2775 -0.647865 60 57 47 255
3.6725 0.2775 -0.647813 61 57 48 255
3.6775 0.277003 -0.6475 62 58 48 255
3.6425 0.2775 -0.647101 59 56 47 255
3.6375 0.274952 -0.6425 59 56 47 255
3.6425 0.275049 -0.6425 59 56 47 255
3.6475 0.2775 -0.646892 60 55 46 255
3.6475 0.275114 -0.6425 60 55 46 255
3.6525 0.2775 -0.646821 59 54 45 255
3.6525 0.275138 -0.6425 59 54 45 255
3.6575 0.2775 -0.647246 60 55 47 255
3.6575 0.274854 -0.6425 60 55 47 255
3.6625 0.2745 -0.6425 59 57 47 255
3.6675 0.274249 -0.6425 60 57 47 255
3.6725 0.274272 -0.6425 60 56 47 255
3.2425 0.2175 -0.562088 52 48 40 255
3.2375 0.213066 -0.5575 52 48 40 255
3.2425 0.213401 -0.5575 52 48 40 255
3.2475 0.2175 -0.561552 48 43 35 255
3.2475 0.21372 -0.5575 48 43 35 255
3.2525 0.2175 -0.560918 51 46 39 255
3.2525 0.214195 -0.5575 51 46 39 255
3.2575 0.2175 -0.560329 50 46 38 255
3.2575 0.214302 -0.5575 50 46 38 255
3.2625 0.2175 -0.560129 49 44 36 255
3.2625 0.214171 -0.5575 49 44 36 255
3.2675 0.2175 -0.560026 48 44 36 255
3.2675 0.214468 -0.5575 48 44 36 255
3.2725 0.2175 -0.560016 47 43 36 255
3.2725 0.214416 -0.5575 47 43 36 255
3.2475 0.218608 -0.5625 49 46 37 255
3.2525 0.219433 -0.5625 45 42 33 255
3.2575 0.220219 -0.5625 47 44 38 255
3.2625 0.220599 -0.5625 49 44 36 255
3.2675 0.220471 -0.5625 51 44 37 255
3.2725 0.220553 -0.5625 49 44 36 255
3.2375 0.2075 -0.5525 50 47 39 255
3.2575 0.2075 -0.552559 51 49 40 255
3.25669 0.2075 -0.5525 51 49 40 255
3.2625 0.2075 -0.552642 52 48 40 255
3.26515 0.2075 -0.5525 52 48 40 255
3.27662 0.2075 -0.5525 51 47 40 255
3.2425 0.207828 -0.5525 49 45 38 255
3.2425 0.2125 -0.556615 49 45 38 255
3.2475 0.2125 -0.556253 49 47 38 255
3.2475 0.208016 -0.5525 49 47 38 255
3.2525 0.2125 -0.555905 52 49 41 255
3.2525 0.207991 -0.5525 52 49 41 255
3.2575 0.2125 -0.556059 53 50 41 255
3.2625 0.2125 -0.556232 52 49 40 255
3.2675 0.207702 -0.5525 50 46 38 255
3.2675 0.2125 -0.555969 50 46 38 255
3.2725 0.2125 -0.555981 50 47 40 255
3.2725 0.207912 -0.5525 50 47 40 255
3.2425 0.2025 -0.548831 54 50 42 255
3.2375 0.2025 -0.548781 54 50 42 255
3.2375 0.20094 -0.5475 54 50 42 255
3.2425 0.200694 -0.5475 54 50 42 255
3.2475 0.2025 -0.549041 53 50 42 255
3.2475 0.200066 -0.5475 53 50 42 255
3.2525 0.2025 -0.549017 53 51 43 255
3.2525 0.200037 -0.5475 53 51 43 255
3.2575 0.2025 -0.549063 54 51 42 255
3.2575 0.200011 -0.5475 54 51 42 255
3.2625 0.2025 -0.548966 57 52 45 255
3.2625 0.200211 -0.5475 57 52 45 255
3.2675 0.2025 -0.548759 56 52 44 255
3.2675 0.200569 -0.5475 56 52 44 255
3.2725 0.2025 -0.54878 56 51 43 255
3.2725 0.200306 -0.5475 56 51 43 255
3.3625 0.319982 -0.8825 36 34 27 255
3.3625 0.320271 -0.8775 36 34 27 255
3.3675 0.319197 -0.8825 34 30 26 255
3.3675 0.319497 -0.8775 34 30 26 255
3.3725 0.318735 -0.8825 32 29 24 255
3.3725 0.319122 -0.8775 32 29 24 255
3.3775 0.318626 -0.8825 31 27 23 255
3.3775 0.31905 -0.8775 31 27 23 255
3.3825 0.318412 -0.8825 30 28 23 255
3.3825 0.318835 -0.8775 30 28 23 255
3.3875 0.31778 -0.8825 30 26 22 255
3.3875 0.318252 -0.8775 30 26 22 255
3.3925 0.317631 -0.8775 30 27 22 255
3.3625 0.320526 -0.8725 38 34 30 255
3.3675 0.319884 -0.8725 34 31 27 255
3.3725 0.319354 -0.8725 32 29 24 255
3.3775 0.319244 -0.8725 33 31 26 255
3.3825 0.318995 -0.8725 31 28 23 255
3.3875 0.318638 -0.8725 30 26 21 255
3.3925 0.318219 -0.8725 30 28 23 255
3.3625 0.321119 -0.8675 37 34 27 255
3.3675 0.320604 -0.8675 37 34 28 255
3.3725 0.319935 -0.8675 36 34 27 255
3.3775 0.319544 -0.8675 33 31 26 255
3.3825 0.319252 -0.8675 31 28 24 255
3.3875 0.318958 -0.8675 32 28 24 255
3.3925 0.318408 -0.8675 32 30 25 255
3.3625 0.321202 -0.8625 35 32 26 255
3.3675 0.321038 -0.8625 38 35 26 255
3.3725 0.32064 -0.8625 38 35 29 255
3.3775 0.320004 -0.8625 35 32 26 255
3.3825 0.31938 -0.8625 33 29 24 255
3.3875 0.31895 -0.8625 32 29 23 255
3.3925 0.318473 -0.8625 32 29 23 255
3.3625 0.321083 -0.8575 34 32 26 255
3.3675 0.32118 -0.8575 37 34 27 255
3.3725 0.321015 -0.8575 37 34 27 255
3.3775 0.320348 -0.8575 38 34 28 255
3.3825 0.319302 -0.8575 35 32 27 255
3.3875 0.31888 -0.8575 33 29 24 255
3.3925 0.318803 -0.8575 31 28 23 255
3.3625 0.321248 -0.8525 36 33 27 255
3.3675 0.321423 -0.8525 35 32 27 255
3.3725 0.321373 -0.8525 35 32 24 255
3.3775 0.320871 -0.8525 36 33 27 255
3.3825 0.319772 -0.8525 35 32 25 255
3.3875 0.319363 -0.8525 33 30 25 255
3.3925 0.319406 -0.8525 32 30 25 255
3.3625 0.321098 -0.8475 35 30 25 255
3.3675 0.321095 -0.8475 37 34 29 255
3.3725 0.321123 -0.8475 34 30 24 255
3.3775 0.320939 -0.8475 35 32 27 255
3.3825 0.320256 -0.8475 34 32 26 255
3.3875 0.319999 -0.8475 35 32 27 255
3.3925 0.320022 -0.8475 32 29 24 255
3.4425 0.2875 -0.68149 46 42 34 255
3.4425 0.285923 -0.6775 46 42 34 255
3.4475 0.2875 -0.681337 47 42 33 255
3.4475 0.286113 -0.6775 47 42 33 255
3.4525 0.2875 -0.679856 69 63 54 255
3.4525 0.286489 -0.6775 69 63 54 255
3.4575 0.2875 -0.678063 70 63 54 255
3.46005 0.2875 -0.6775 68 62 52 255
3.4425 0.287945 -0.6825 66 61 52 255
3.4475 0.287992 -0.6825 67 62 52 255
3.4525 0.288786 -0.6825 70 64 55 255
3.4575 0.290013 -0.6825 69 63 53 255
3.4625 0.287811 -0.6775 68 62 53 255
3.4625 0.290496 -0.6825 68 62 53 255
3.4675 0.290386 -0.6825 69 63 54 255
3.4675 0.28794 -0.6775 69 63 54 255
3.4725 0.290724 -0.6825 66 61 52 255
3.4725 0.288267 -0.6775 66 61 52 255
3.4775 0.291142 -0.6825 66 61 52 255
3.4775 0.288856 -0.6775 66 61 52 255
3.4425 0.284091 -0.6725 45 42 33 255
3.4475 0.284487 -0.6725 48 44 35 255
3.4525 0.284696 -0.6725 49 43 36 255
3.4575 0.284944 -0.6725 48 43 37 255
3.4625 0.28528 -0.6725 46 42 34 255
3.4675 0.2875 -0.676684 67 61 51 255
3.4675 0.285213 -0.6725 67 61 51 255
3.4725 0.2875 -0.67616 70 65 54 255
3.4725 0.285314 -0.6725 70 65 54 255
3.4775 0.2875 -0.675149 69 64 53 255
3.4775 0.28585 -0.6725 69 64 53 255
3.4425 0.2825 -0.668895 50 46 37 255
3.4425 0.281913 -0.6675 50 46 37 255
3.4475 0.2825 -0.668435 51 46 37 255
3.4475 0.282063 -0.6675 51 46 37 255
3.4525 0.2825 -0.668361 51 46 38 255
3.4525 0.282066 -0.6675 51 46 38 255
3.45701 0.2825 -0.6675 49 44 36 255
3.4625 0.283007 -0.6675 47 44 36 255
3.4675 0.282669 -0.6675 47 43 35 255
3.4725 0.282595 -0.6675 48 44 36 255
3.4775 0.283009 -0.6675 48 44 36 255
3.4425 0.279546 -0.6625 49 45 37 255
3.4475 0.279558 -0.6625 51 46 37 255
3.4525 0.279481 -0.6625 50 45 37 255
3.4575 0.280224 -0.6625 47 42 35 255
3.4625 0.2825 -0.666463 49 45 37 255
3.4625 0.280629 -0.6625 49 45 37 255
3.4675 0.28011 -0.6625 48 44 36 255
3.4725 0.279972 -0.6625 49 45 37 255
3.4775 0.2825 -0.666498 49 45 37 255
3.4775 0.280414 -0.6625 49 45 37 255
3.4425 0.2775 -0.65904 51 47 38 255
3.4475 0.2775 -0.659146 51 46 38 255
3.4525 0.2775 -0.659038 51 46 37 255
3.4575 0.2775 -0.657812 49 44 35 255
3.46018 0.2775 -0.6575 50 45 37 255
3.4625 0.277662 -0.6575 50 45 37 255
3.4675 0.2775 -0.657567 51 46 38 255
3.46662 0.2775 -0.6575 51 46 38 255
3.4725 0.2775 -0.657898 50 45 37 255
3.7975 0.2625 -0.637876 57 54 45 255
3.79553 0.2625 -0.6375 57 54 45 255
3.7625 0.2675 -0.640522 55 51 44 255
3.7625 0.265654 -0.6375 55 51 44 255
3.7675 0.2675 -0.641179 54 51 42 255
3.7675 0.265124 -0.6375 54 51 42 255
3.7725 0.264625 -0.6375 55 51 44 255
3.7775 0.264208 -0.6375 55 52 44 255
3.7825 0.263909 -0.6375 56 52 45 255
3.7875 0.263417 -0.6375 58 54 46 255
3.7925 0.262793 -0.6375 58 55 47 255
3.7675 0.2625 -0.632792 53 51 43 255
3.76544 0.2625 -0.6325 53 51 43 255
3.7725 0.2625 -0.633679 55 51 44 255
3.7725 0.261812 -0.6325 55 51 44 255
3.7775 0.2625 -0.634605 58 55 47 255
3.7775 0.261202 -0.6325 58 55 47 255
3.7825 0.2625 -0.634967 61 57 48 255
3.7825 0.261046 -0.6325 61 57 48 255
3.7875 0.2625 -0.635769 60 55 47 255
3.7875 0.260676 -0.6325 60 55 47 255
3.7925 0.260017 -0.6325 59 56 48 255
3.7975 0.259722 -0.6325 58 55 48 255
3.7625 0.262721 -0.6325 56 52 45 255
3.7925 0.2575 -0.62798 58 55 46 255
3.7903 0.2575 -0.6275 58 55 46 255
3.7975 0.2575 -0.628663 58 56 47 255
3.7975 0.256793 -0.6275 58 56 47 255
3.7625 0.260159 -0.6275 57 53 45 255
3.7675 0.259724 -0.6275 57 52 46 255
3.7725 0.259131 -0.6275 56 53 44 255
3.7775 0.258443 -0.6275 60 56 48 255
3.7825 0.258236 -0.6275 61 56 48 255
3.7875 0.25785 -0.6275 61 58 50 255
3.7675 0.2575 -0.623719 60 56 48 255
3.76292 0.2575 -0.6225 60 56 48 255
3.7675 0.256794 -0.6225 60 56 48 255
3.7725 0.2575 -0.624711 62 56 49 255
3.7725 0.256272 -0.6225 62 56 49 255
3.7775 0.2575 -0.625628 61 56 48 255
3.7775 0.25596 -0.6225 61 56 48 255
3.7825 0.2575 -0.626134 58 55 47 255
3.7825 0.255534 -0.6225 58 55 47 255
3.7875 0.25489 -0.6225 59 57 48 255
3.7925 0.254372 -0.6225 59 57 48 255
3.7975 0.253973 -0.6225 61 58 49 255
3.7925 0.2525 -0.617943 58 55 47 255
3.78831 0.2525 -0.6175 58 55 47 255
3.7975 0.2525 -0.618866 60 58 50 255
3.7975 0.25194 -0.6175 60 58 50 255
3.7625 0.254639 -0.6175 62 59 51 255
3.7675 0.253853 -0.6175 60 56 49 255
3.7725 0.253379 -0.6175 60 55 48 255
3.7775 0.253281 -0.6175 61 55 49 255
3.7825 0.25298 -0.6175 60 56 49 255
3.7875 0.252537 -0.6175 58 55 46 255
3.7625 0.2525 -0.61402 62 58 51 255
3.7625 0.251664 -0.6125 62 58 51 255
3.7675 0.2525 -0.615153 60 57 50 255
3.7675 0.251084 -0.6125 60 57 50 255
3.7725 0.2525 -0.61583 62 58 51 255
3.7725 0.250784 -0.6125 62 58 51 255
3.7775 0.2525 -0.615927 61 58 50 255
3.7775 0.25074 -0.6125 61 58 50 255
3.7825 0.2525 -0.616355 59 56 48 255
3.7825 0.250786 -0.6125 59 56 48 255
3.7875 0.250931 -0.6125 60 56 50 255
3.7925 0.250715 -0.6125 61 57 50 255
3.7975 0.24977 -0.6125 61 56 50 255
3.7625 0.249895 -0.6075 62 58 50 255
3.7675 0.24945 -0.6075 62 58 51 255
3.7725 0.249283 -0.6075 62 59 51 255
3.7775 0.249217 -0.6075 60 59 50 255
3.7825 0.249136 -0.6075 62 58 51 255
3.7875 0.249335 -0.6075 61 58 51 255
3.7925 0.248945 -0.6075 61 57 49 255
3.7975 0.247515 -0.6075 59 56 49 255
3.7925 0.2475 -0.604003 60 56 50 255
3.25185 0.3125 -1.0375 37 35 31 255
3.25375 0.3125 -1.0375 36 35 32 255
3.26598 0.3125 -1.0375 36 34 30 255
3.2675 0.312258 -1.0375 36 34 30 255
3.2725 0.311945 -1.0375 33 32 27 255
3.2775 0.312113 -1.0375 35 34 30 255
3.2475 0.313598 -1.0375 36 34 32 255
3.2575 0.312995 -1.0375 36 34 31 255
3.2625 0.313024 -1.0375 34 32 30 255
3.25238 0.3125 -1.0325 35 34 29 255
3.2675 0.3125 -1.03522 36 35 32 255
3.2725 0.3125 -1.0333 35 34 29 255
3.2775 0.3125 -1.03431 34 34 29 255
3.2475 0.313794 -1.0325 36 35 32 255
3.2575 0.313119 -1.0325 36 35 32 255
3.2625 0.313282 -1.0325 34 32 30 255
3.2675 0.312793 -1.0325 35 32 30 255
3.2725 0.312607 -1.0325 33 32 29 255
3.2775 0.312707 -1.0325 32 32 29 255
3.2525 0.313062 -1.0275 34 35 30 255
3.2475 0.31334 -1.0275 34 35 30 255
3.2575 0.313322 -1.0275 35 33 30 255
3.2625 0.313217 -1.0275 35 33 30 255
3.2675 0.313008 -1.0275 36 34 30 255
3.2725 0.312996 -1.0275 34 33 28 255
3.2775 0.312908 -1.0275 34 32 28 255
3.2525 0.313661 -1.0225 37 35 31 255
3.2475 0.313222 -1.0225 37 35 31 255
3.2575 0.313779 -1.0225 34 33 30 255
3.2625 0.313569 -1.0225 34 33 30 255
3.2675 0.313343 -1.0225 35 32 29 255
3.2725 0.313226 -1.0225 33 33 29 255
3.2775 0.313133 -1.0225 33 33 28 255
3.2525 0.314186 -1.0175 35 33 28 255
3.2475 0.313914 -1.0175 35 33 28 255
3.2575 0.31431 -1.0175 35 35 29 255
3.2625 0.314344 -1.0175 33 32 29 255
3.2675 0.314295 -1.0175 33 33 29 255
3.2725 0.31395 -1.0175 34 32 28 255
3.2775 0.313481 -1.0175 34 32 27 255
3.2525 0.314809 -1.0125 38 36 32 255
3.2475 0.314639 -1.0125 38 36 32 255
3.2575 0.31481 -1.0125 36 34 30 255
3.2625 0.31495 -1.0125 33 32 28 255
3.2675 0.315104 -1.0125 34 32 29 255
3.2725 0.31466 -1.0125 34 32 29 255
3.2775 0.313791 -1.0125 36 33 29 255
3.2575 0.315638 -1.0075 37 34 31 255
3.2525 0.315509 -1.0075 37 34 31 255
3.2625 0.315657 -1.0075 34 32 30 255
3.2675 0.315601 -1.0075 33 31 28 255
3.2725 0.315061 -1.0075 33 33 28 255
3.2775 0.314346 -1.0075 34 33 29 255
3.2575 0.316333 -1.0025 35 33 29 255
3.2525 0.316164 -1.0025 35 33 29 255
3.2625 0.316308 -1.0025 33 32 28 255
3.2675 0.316155 -1.0025 33 32 27 255
3.2725 0.315555 -1.0025 32 31 28 255
3.2775 0.315019 -1.0025 35 32 29 255
3.6825 0.2225 -0.558178 102 99 90 255
3.6775 0.2225 -0.558332 102 99 90 255
3.6775 0.220621 -0.5575 102 99 90 255
3.6825 0.221276 -0.5575 102 99 90 255
3.6875 0.2225 -0.557716 101 98 89 255
3.6925 0.2225 -0.557912 104 101 91 255
3.6925 0.221374 -0.5575 104 101 91 255
3.6975 0.2225 -0.558313 106 102 93 255
3.6975 0.220305 -0.5575 106 102 93 255
3.7025 0.2225 -0.558714 106 103 95 255
3.7075 0.2225 -0.558982 104 100 91 255
3.7125 0.2225 -0.559026 101 98 90 255
3.6825 0.2275 -0.560633 102 100 90 255
3.6775 0.2275 -0.56059 102 100 90 255
3.6875 0.2275 -0.560046 100 97 88 255
3.6925 0.2275 -0.559883 99 96 87 255
3.6975 0.2275 -0.560469 104 100 92 255
3.7025 0.2275 -0.561116 102 99 89 255
3.7075 0.2275 -0.561486 103 100 92 255
3.7125 0.2275 -0.561832 101 98 90 255
3.6825 0.311124 -0.7625 42 40 35 255
3.6825 0.311267 -0.7575 42 40 35 255
3.6875 0.311509 -0.7625 43 40 34 255
3.6875 0.311355 -0.7575 43 40 34 255
3.6925 0.311312 -0.7625 40 36 33 255
3.6925 0.310953 -0.7575 40 36 33 255
3.6975 0.310504 -0.7625 40 38 34 255
3.6975 0.310375 -0.7575 40 38 34 255
3.7025 0.309994 -0.7625 38 36 32 255
3.7025 0.310315 -0.7575 38 36 32 255
3.7075 0.309876 -0.7625 38 36 32 255
3.7075 0.310298 -0.7575 38 36 32 255
3.7125 0.310072 -0.7625 37 35 32 255
3.7125 0.310107 -0.7575 37 35 32 255
3.6825 0.311391 -0.7525 40 38 34 255
3.6875 0.3112 -0.7525 40 38 33 255
3.6925 0.310833 -0.7525 42 39 34 255
3.6975 0.310635 -0.7525 39 38 33 255
3.7025 0.310602 -0.7525 38 36 31 255
3.7075 0.310414 -0.7525 39 37 33 255
3.7125 0.310055 -0.7525 38 36 31 255
3.6825 0.311648 -0.7475 40 37 32 255
3.6875 0.311272 -0.7475 39 37 33 255
3.6925 0.310823 -0.7475 41 37 33 255
3.6975 0.310747 -0.7475 40 38 32 255
3.7025 0.310669 -0.7475 39 37 32 255
3.7075 0.310511 -0.7475 40 37 33 255
3.7125 0.310219 -0.7475 40 37 33 255
3.6825 0.311954 -0.7425 39 37 32 255
3.6875 0.311628 -0.7425 39 37 32 255
3.6925 0.311203 -0.7425 39 37 32 255
3.6975 0.31095 -0.7425 39 36 33 255
3.7025 0.310909 -0.7425 41 39 34 255
3.7075 0.310946 -0.7425 39 36 32 255
3.7125 0.310577 -0.7425 41 38 34 255
3.6825 0.311901 -0.7375 38 36 30 255
3.6875 0.311858 -0.7375 39 37 32 255
3.6925 0.311566 -0.7375 39 35 31 255
3.6975 0.31109 -0.7375 38 37 32 255
3.7025 0.311053 -0.7375 39 37 31 255
3.7075 0.311369 -0.7375 39 36 32 255
3.7125 0.311052 -0.7375 40 37 32 255
3.6825 0.31191 -0.7325 38 36 32 255
3.6875 0.311805 -0.7325 40 37 32 255
3.6925 0.31146 -0.7325 40 37 33 255
3.6975 0.310988 -0.7325 38 36 32 255
3.7025 0.311045 -0.7325 37 36 31 255
3.7075 0.311586 -0.7325 39 37 31 255
3.7125 0.311348 -0.7325 37 36 30 255
3.67998 0.3125 -0.7275 38 35 30 255
3.6825 0.312266 -0.7275 38 35 30 255
3.6875 0.311899 -0.7275 36 34 30 255
3.6925 0.311446 -0.7275 38 35 30 255
3.6975 0.311131 -0.7275 38 35 30 255
3.7025 0.311425 -0.7275 38 35 30 255
3.7075 0.311825 -0.7275 39 35 31 255
3.7125 0.311195 -0.7275 39 36 30 255
3.2825 0.26134 -1.3175 52 49 44 255
3.2875 0.261318 -1.3175 57 53 47 255
3.2925 0.261811 -1.3175 64 60 50 255
3.2975 0.262151 -1.3175 68 64 56 255
3.3025 0.262148 -1.3175 69 65 56 255
3.3075 0.261357 -1.3175 74 70 61 255
3.2825 0.2625 -1.31481 66 64 55 255
3.2875 0.2625 -1.31425 55 52 45 255
3.2925 0.2625 -1.31471 60 58 49 255
3.2975 0.2625 -1.31376 62 59 52 255
3.3025 0.2625 -1.31384 62 59 51 255
3.30527 0.2625 -1.3125 62 58 50 255
3.3075 0.262369 -1.3125 62 58 50 255
3.2825 0.263703 -1.3125 53 49 45 255
3.2875 0.263209 -1.3125 54 50 46 255
3.2925 0.263132 -1.3125 45 40 37 255
3.2975 0.262638 -1.3125 77 72 62 255
3.3025 0.262655 -1.3125 78 74 65 255
3.3075 0.2625 -1.31008 62 56 49 255
3.30781 0.2625 -1.3075 62 57 51 255
3.2825 0.265616 -1.3075 49 47 42 255
3.2875 0.264811 -1.3075 64 63 54 255
3.2925 0.264264 -1.3075 62 59 50 255
3.2975 0.263607 -1.3075 62 60 51 255
3.3025 0.263228 -1.3075 62 58 50 255
3.30809 0.2625 -1.3025 58 54 50 255
3.27855 0.2675 -1.3025 65 62 53 255
3.2825 0.267088 -1.3025 65 62 53 255
3.2875 0.266065 -1.3025 49 45 40 255
3.2925 0.265444 -1.3025 56 55 46 255
3.2975 0.26494 -1.3025 62 59 50 255
3.3025 0.264239 -1.3025 59 57 48 255
3.30842 0.2625 -1.2975 65 61 57 255
3.2825 0.2675 -1.30129 59 57 50 255
3.2875 0.2675 -1.29792 116 114 110 255
3.28838 0.2675 -1.2975 87 85 78 255
3.2925 0.266851 -1.2975 87 85 78 255
3.2975 0.266248 -1.2975 62 59 50 255
3.3025 0.265394 -1.2975 59 56 49 255
3.3075 0.263172 -1.2975 62 59 50 255
3.2825 0.268948 -1.2975 62 62 51 255
3.30909 0.2625 -1.2925 68 64 59 255
3.2925 0.2675 -1.29566 55 55 49 255
3.2975 0.2675 -1.29395 54 53 44 255
3.3003 0.2675 -1.2925 56 55 49 255
3.3025 0.267 -1.2925 56 55 49 255
3.3075 0.263882 -1.2925 60 57 49 255
3.2825 0.270636 -1.2925 64 63 53 255
3.2875 0.269591 -1.2925 56 54 46 255
3.2925 0.268635 -1.2925 65 61 55 255
3.2975 0.268004 -1.2925 62 61 52 255
3.30947 0.2625 -1.2875 78 75 70 255
3.3025 0.2675 -1.2915 33 33 29 255
3.30561 0.2675 -1.2875 40 36 33 255
3.3075 0.265644 -1.2875 40 36 33 255
3.28155 0.2725 -1.2875 52 50 43 255
3.2825 0.272471 -1.2875 52 50 43 255
3.2875 0.271563 -1.2875 89 89 82 255
3.2925 0.270726 -1.2875 99 98 94 255
3.2975 0.270247 -1.2875 54 55 47 255
3.3025 0.26922 -1.2875 55 54 46 255
3.3075 0.2675 -1.28457 33 30 30 255
3.2875 0.2725 -1.28555 23 23 18 255
3.2925 0.2725 -1.28386 25 26 22 255
3.6825 0.249585 -0.5975 58 54 49 255
3.6875 0.249786 -0.5975 56 53 47 255
3.6925 0.249923 -0.5975 57 54 48 255
3.6975 0.24997 -0.5975 57 54 47 255
3.7025 0.249872 -0.5975 57 54 47 255
3.7075 0.249643 -0.5975 58 54 48 255
3.7125 0.249316 -0.5975 57 53 48 255
3.6825 0.2475 -0.592675 52 49 43 255
3.6847 0.2475 -0.5925 54 52 45 255
3.71386 0.2475 -0.5925 54 51 45 255
3.6875 0.247595 -0.5925 57 53 47 255
3.6925 0.247979 -0.5925 56 52 47 255
3.6975 0.24825 -0.5925 55 52 46 255
3.7025 0.248023 -0.5925 55 52 46 255
3.7075 0.247803 -0.5925 55 52 46 255
3.7125 0.247612 -0.5925 55 52 46 255
3.6825 0.245721 -0.5875 53 51 46 255
3.6875 0.245706 -0.5875 52 50 44 255
3.6925 0.2475 -0.591278 54 50 46 255
3.6925 0.246159 -0.5875 54 50 46 255
3.6975 0.2475 -0.590359 53 50 45 255
3.6975 0.246507 -0.5875 53 50 45 255
3.7025 0.2475 -0.59095 54 50 45 255
3.7025 0.246322 -0.5875 54 50 45 255
3.7075 0.2475 -0.591514 53 50 44 255
3.7075 0.246287 -0.5875 53 50 44 255
3.7125 0.246164 -0.5875 53 50 44 255
3.6825 0.244212 -0.5825 53 50 45 255
3.6875 0.244328 -0.5825 54 52 46 255
3.6925 0.24461 -0.5825 54 51 46 255
3.6975 0.244751 -0.5825 54 51 46 255
3.7025 0.244748 -0.5825 54 51 47 255
3.7075 0.24473 -0.5825 53 50 46 255
3.7125 0.244448 -0.5825 54 50 45 255
3.6975 0.2425 -0.577564 54 52 46 255
3.7025 0.2425 -0.577653 55 52 46 255
3.7075 0.2425 -0.577584 55 52 48 255
3.7125 0.2425 -0.578226 56 52 48 255
3.6825 0.242871 -0.5775 56 54 49 255
3.6875 0.242811 -0.5775 53 52 47 255
3.6925 0.24272 -0.5775 59 55 50 255
3.6825 0.2425 -0.576456 66 63 56 255
3.6825 0.240991 -0.5725 66 63 56 255
3.6875 0.24053 -0.5725 67 63 57 255
3.6925 0.240116 -0.5725 66 62 56 255
3.6975 0.239824 -0.5725 66 64 57 255
3.7025 0.239726 -0.5725 67 65 58 255
3.7075 0.239677 -0.5725 67 64 58 255
3.7125 0.239638 -0.5725 67 64 57 255
3.6825 0.238358 -0.5675 70 66 61 255
3.1625 0.2375 -0.607986 32 31 25 255
3.16026 0.2375 -0.6075 32 31 25 255
3.1675 0.2375 -0.607781 33 31 26 255
3.16881 0.2375 -0.6075 34 31 26 255
3.1725 0.2375 -0.606463 34 30 25 255
3.1775 0.2375 -0.605201 34 30 26 255
3.1825 0.2375 -0.604077 33 31 25 255
3.1875 0.2375 -0.603443 34 32 25 255
3.3325 0.2825 -0.67761 45 40 33 255
3.33173 0.2825 -0.6775 45 40 33 255
3.33629 0.2825 -0.6775 44 40 33 255
3.3225 0.283039 -0.6775 44 40 31 255
3.3275 0.282782 -0.6775 45 41 33 255
3.3375 0.282517 -0.6775 45 40 33 255
3.3425 0.282794 -0.6775 46 42 34 255
3.3475 0.283051 -0.6775 44 42 34 255
3.3525 0.28305 -0.6775 45 41 35 255
3.3225 0.2825 -0.676149 45 41 33 255
3.3225 0.28101 -0.6725 45 41 33 255
3.3275 0.280801 -0.6725 45 41 34 255
3.3325 0.28025 -0.6725 45 41 34 255
3.3375 0.279961 -0.6725 44 41 33 255
3.3425 0.280166 -0.6725 43 40 33 255
3.3475 0.2825 -0.676412 44 40 32 255
3.3475 0.280455 -0.6725 44 40 32 255
3.3525 0.2825 -0.676506 42 39 32 255
3.3525 0.280242 -0.6725 42 39 32 255
3.3225 0.278756 -0.6675 48 42 36 255
3.3275 0.278675 -0.6675 47 42 35 255
3.3325 0.278389 -0.6675 47 43 36 255
3.3375 0.278225 -0.6675 45 42 34 255
3.3425 0.278254 -0.6675 45 41 34 255
3.3475 0.278226 -0.6675 46 42 34 255
3.2025 0.2175 -0.56084 46 42 36 255
3.2025 0.214682 -0.5575 46 42 36 255
3.2075 0.2175 -0.560601 45 43 37 255
3.2075 0.214757 -0.5575 45 43 37 255
3.2125 0.2175 -0.56042 31 30 26 255
3.2125 0.214922 -0.5575 31 30 26 255
3.2175 0.2175 -0.560486 39 38 33 255
3.2175 0.214709 -0.5575 39 38 33 255
3.2225 0.2175 -0.560843 41 40 36 255
3.2225 0.214144 -0.5575 41 40 36 255
3.2275 0.2175 -0.561283 34 33 29 255
3.2275 0.213491 -0.5575 34 33 29 255
3.2325 0.21297 -0.5575 34 32 28 255
3.2025 0.2125 -0.555029 53 49 41 255
3.2025 0.210111 -0.5525 53 49 41 255
3.2075 0.2125 -0.55531 27 26 22 255
3.2075 0.209512 -0.5525 27 26 22 255
3.2125 0.2125 -0.555411 43 42 37 255
3.2125 0.20871 -0.5525 43 42 37 255
3.2175 0.2125 -0.555543 44 42 38 255
3.2175 0.208686 -0.5525 44 42 38 255
3.2225 0.2125 -0.555914 26 26 23 255
3.2225 0.209018 -0.5525 26 26 23 255
3.2275 0.2125 -0.556571 47 44 38 255
3.2275 0.208468 -0.5525 47 44 38 255
3.2325 0.207621 -0.5525 48 45 36 255
3.2125 0.2025 -0.54803 55 51 43 255
3.20974 0.2025 -0.5475 55 51 43 255
3.2175 0.2025 -0.54834 53 49 41 255
3.2175 0.201492 -0.5475 53 49 41 255
3.2225 0.2025 -0.54777 54 50 43 255
3.2275 0.2025 -0.548009 55 50 42 255
3.2325 0.2025 -0.548693 51 47 41 255
3.2325 0.200949 -0.5475 51 47 41 255
3.2025 0.2075 -0.550407 51 48 39 255
3.2025 0.203719 -0.5475 51 48 39 255
3.2075 0.2075 -0.551 53 50 42 255
3.2075 0.203094 -0.5475 53 50 42 255
3.2125 0.2075 -0.551702 50 48 40 255
3.2175 0.2075 -0.551693 52 48 39 255
3.2225 0.2075 -0.551255 53 49 41 255
3.2275 0.2075 -0.551683 53 50 42 255
3.2025 0.2025 -0.546463 55 51 44 255
3.4425 0.316617 -0.8575 41 38 34 255
3.4375 0.31676 -0.8575 41 38 34 255
3.4425 0.317157 -0.8525 41 38 34 255
3.4375 0.317224 -0.8525 41 38 34 255
3.4475 0.315294 -0.8575 59 55 50 255
3.4475 0.31648 -0.8525 59 55 50 255
3.4475 0.317235 -0.8475 44 41 36 255
3.4525 0.315813 -0.8525 55 52 48 255
3.4525 0.316775 -0.8475 55 52 48 255
3.4575 0.31594 -0.8475 34 32 29 255
3.2825 0.311994 -1.0375 35 33 29 255
3.2875 0.311297 -1.0375 35 32 30 255
3.2925 0.310954 -1.0375 32 31 29 255
3.2975 0.311072 -1.0375 32 31 28 255
3.3025 0.310331 -1.0375 33 33 31 255
3.3075 0.309005 -1.0375 36 34 31 255
3.3125 0.308876 -1.0375 43 42 40 255
3.3175 0.308807 -1.0375 36 37 38 255
3.2821 0.3125 -1.0325 35 33 28 255
3.2875 0.311697 -1.0325 36 34 29 255
3.2925 0.311031 -1.0325 33 32 29 255
3.2975 0.310817 -1.0325 33 33 29 255
3.3025 0.310295 -1.0325 34 34 31 255
3.3075 0.309275 -1.0325 35 34 30 255
3.3125 0.30881 -1.0325 38 36 34 255
3.3175 0.308698 -1.0325 35 36 34 255
3.28147 0.3125 -1.0275 35 32 28 255
3.2825 0.312379 -1.0275 35 32 28 255
3.2875 0.311613 -1.0275 34 32 29 255
3.2925 0.311307 -1.0275 33 33 28 255
3.2975 0.311004 -1.0275 32 31 28 255
3.3025 0.310556 -1.0275 33 31 29 255
3.3075 0.310047 -1.0275 35 33 30 255
3.3125 0.309476 -1.0275 38 36 33 255
3.3175 0.309186 -1.0275 36 36 35 255
3.2825 0.3125 -1.02436 35 33 30 255
3.28297 0.3125 -1.0225 35 34 29 255
3.2875 0.311838 -1.0225 35 34 29 255
3.2925 0.311922 -1.0225 33 32 27 255
3.2975 0.311881 -1.0225 33 32 28 255
3.3025 0.311494 -1.0225 32 31 28 255
3.3075 0.311208 -1.0225 33 32 29 255
3.3125 0.310555 -1.0225 34 32 29 255
3.3175 0.309936 -1.0225 37 36 33 255
3.28721 0.3125 -1.0175 34 33 28 255
3.2925 0.312302 -1.0175 35 34 29 255
3.2975 0.312287 -1.0175 33 32 29 255
3.3025 0.312156 -1.0175 32 30 28 255
3.3075 0.312112 -1.0175 33 31 28 255
3.3125 0.311629 -1.0175 34 34 30 255
3.3175 0.310597 -1.0175 37 34 32 255
3.2825 0.313026 -1.0175 34 32 27 255
3.2925 0.3125 -1.01635 34 32 28 255
3.2975 0.3125 -1.01539 33 31 28 255
3.3025 0.3125 -1.01407 32 31 28 255
3.3075 0.3125 -1.01509 33 31 29 255
3.3125 0.3125 -1.0133 32 31 29 255
3.31317 0.3125 -1.0125 34 33 30 255
3.3175 0.311421 -1.0125 34 33 30 255
3.2825 0.313419 -1.0125 34 31 28 255
3.2875 0.313394 -1.0125 34 32 27 255
3.2925 0.313194 -1.0125 36 34 29 255
3.2975 0.312796 -1.0125 33 32 28 255
3.3025 0.312653 -1.0125 33 32 28 255
3.3075 0.312895 -1.0125 32 30 27 255
3.31579 0.3125 -1.0075 33 32 29 255
3.3175 0.312205 -1.0075 33 32 29 255
3.2825 0.313989 -1.0075 32 30 27 255
3.2875 0.31418 -1.0075 33 31 26 255
3.2925 0.314254 -1.0075 34 32 27 255
3.2975 0.313798 -1.0075 34 32 28 255
3.3025 0.31348 -1.0075 31 29 26 255
3.3075 0.313479 -1.0075 32 31 27 255
3.3125 0.313072 -1.0075 32 30 27 255
3.31646 0.3125 -1.0025 34 31 29 255
3.2825 0.314779 -1.0025 31 30 27 255
3.2875 0.314932 -1.0025 34 32 28 255
3.2925 0.315131 -1.0025 33 32 26 255
3.2975 0.314757 -1.0025 34 33 30 255
3.3025 0.314226 -1.0025 32 30 27 255
3.3075 0.313888 -1.0025 33 31 29 255
3.3125 0.313087 -1.0025 31 30 27 255
3.4425 0.319312 -0.7975 38 34 28 255
3.4475 0.319226 -0.7975 36 32 26 255
3.4525 0.31875 -0.7975 36 33 27 255
3.4575 0.317973 -0.7975 35 32 26 255
3.4625 0.317918 -0.7975 37 34 28 255
3.4675 0.318138 -0.7975 34 32 25 255
3.4725 0.318134 -0.7975 36 33 28 255
3.4425 0.319285 -0.7925 35 33 27 255
3.4475 0.319353 -0.7925 36 33 27 255
3.4525 0.319004 -0.7925 35 33 26 255
3.4575 0.318092 -0.7925 36 33 27 255
3.4625 0.31773 -0.7925 37 35 28 255
3.4675 0.317957 -0.7925 37 33 28 255
3.4725 0.318273 -0.7925 35 31 27 255
3.4425 0.318828 -0.7875 38 35 29 255
3.4475 0.319119 -0.7875 40 36 30 255
3.4525 0.31906 -0.7875 36 34 27 255
3.4575 0.318491 -0.7875 38 33 27 255
3.4625 0.318096 -0.7875 37 34 28 255
3.4675 0.318344 -0.7875 37 35 28 255
3.4725 0.318697 -0.7875 35 32 26 255
3.4425 0.31823 -0.7825 41 37 30 255
3.4475 0.318412 -0.7825 38 35 28 255
3.4525 0.318526 -0.7825 38 35 28 255
3.4575 0.318648 -0.7825 39 35 28 255
3.4625 0.318499 -0.7825 39 36 30 255
3.4675 0.318641 -0.7825 37 35 27 255
3.4725 0.318858 -0.7825 37 34 27 255
3.4425 0.317874 -0.7775 43 38 31 255
3.4475 0.317956 -0.7775 42 37 31 255
3.4525 0.317774 -0.7775 39 36 29 255
3.4575 0.318312 -0.7775 40 34 28 255
3.4625 0.318626 -0.7775 41 37 32 255
3.4675 0.318712 -0.7775 41 37 31 255
3.4725 0.31881 -0.7775 38 35 28 255
3.4625 0.318294 -0.7725 39 35 28 255
3.4675 0.318496 -0.7725 39 36 29 255
3.4725 0.318294 -0.7725 43 40 33 255
3.3625 0.317252 -0.7975 42 36 30 255
3.3625 0.316598 -0.7925 42 39 32 255
3.3675 0.317163 -0.7925 41 38 31 255
3.3775 0.317143 -0.7925 41 36 30 255
3.3825 0.316916 -0.7925 43 37 31 255
3.3875 0.317252 -0.7925 42 39 31 255
3.3625 0.315524 -0.7875 42 38 31 255
3.3675 0.315879 -0.7875 42 39 30 255
3.3725 0.316139 -0.7875 42 38 30 255
3.3775 0.316189 -0.7875 41 38 30 255
3.3825 0.316224 -0.7875 41 38 30 255
3.3875 0.316845 -0.7875 43 40 33 255
3.3625 0.314857 -0.7825 43 40 33 255
3.3675 0.314753 -0.7825 43 40 33 255
3.3725 0.314938 -0.7825 45 41 34 255
3.3775 0.315601 -0.7825 44 40 34 255
3.3825 0.315901 -0.7825 44 41 34 255
3.3875 0.31621 -0.7825 44 41 34 255
3.3925 0.31708 -0.7825 42 39 32 255
3.3625 0.313953 -0.7775 44 40 33 255
3.3675 0.313722 -0.7775 46 40 34 255
3.3725 0.313912 -0.7775 47 41 34 255
3.3775 0.31479 -0.7775 43 39 32 255
3.3825 0.315305 -0.7775 41 38 31 255
3.3875 0.315476 -0.7775 43 42 34 255
3.3925 0.316113 -0.7775 43 41 34 255
3.36159 0.3125 -0.7725 46 43 35 255
3.3625 0.312584 -0.7725 45 41 33 255
3.3675 0.31264 -0.7725 45 41 34 255
3.3725 0.313052 -0.7725 45 41 34 255
3.3775 0.313826 -0.7725 46 42 35 255
3.3825 0.314291 -0.7725 44 42 34 255
3.3875 0.314298 -0.7725 44 42 35 255
3.3925 0.314567 -0.7725 44 41 34 255
3.3625 0.3125 -0.771746 48 45 37 255
3.3625 0.312066 -0.7675 48 45 37 255
3.3675 0.3125 -0.771025 46 42 35 255
3.3675 0.312185 -0.7675 46 42 35 255
3.3725 0.3125 -0.767723 48 43 36 255
3.3775 0.31322 -0.7675 46 42 34 255
3.3825 0.313694 -0.7675 46 41 34 255
3.3875 0.313198 -0.7675 45 42 35 255
3.3925 0.313032 -0.7675 45 42 35 255
3.3625 0.311883 -0.7625 50 44 36 255
3.3675 0.3119 -0.7625 50 46 38 255
3.3725 0.311713 -0.7625 49 44 37 255
3.3775 0.3125 -0.764055 47 42 35 255
3.3775 0.312145 -0.7625 47 42 35 255
3.38048 0.3125 -0.7625 48 43 36 255
3.3825 0.312725 -0.7625 48 43 36 255
3.3875 0.312522 -0.7625 45 42 34 255
3.3925 0.312554 -0.7625 47 42 34 255
3.9075 0.2325 -0.599088 61 58 52 255
3.903 0.2325 -0.5975 61 58 52 255
3.9075 0.232031 -0.5975 61 58 52 255
3.9125 0.2325 -0.600612 63 60 54 255
3.9125 0.231759 -0.5975 63 60 54 255
3.9175 0.230757 -0.5975 63 59 55 255
3.8825 0.23563 -0.5975 59 55 48 255
3.8875 0.23519 -0.5975 61 57 51 255
3.8925 0.234524 -0.5975 60 56 50 255
3.8975 0.233552 -0.5975 61 57 51 255
3.8975 0.2325 -0.595071 60 56 51 255
3.89268 0.2325 -0.5925 60 56 51 255
3.8975 0.231482 -0.5925 60 56 51 255
3.9025 0.230674 -0.5925 58 54 49 255
3.9075 0.230426 -0.5925 60 56 51 255
3.9125 0.230284 -0.5925 61 58 54 255
3.9175 0.229174 -0.5925 60 57 52 255
3.8825 0.234083 -0.5925 62 57 51 255
3.8875 0.233467 -0.5925 61 57 51 255
3.9175 0.2275 -0.589032 69 66 60 255
3.91414 0.2275 -0.5875 69 66 60 255
3.9175 0.226667 -0.5875 69 66 60 255
3.8875 0.2325 -0.588357 62 58 52 255
3.88492 0.2325 -0.5875 62 58 52 255
3.8875 0.232284 -0.5875 62 58 52 255
3.8925 0.231369 -0.5875 66 61 55 255
3.8975 0.229926 -0.5875 61 57 51 255
3.9025 0.228622 -0.5875 63 60 54 255
3.9075 0.228064 -0.5875 62 59 54 255
3.9125 0.227911 -0.5875 64 59 55 255
3.8825 0.232703 -0.5875 60 57 50 255
3.9025 0.2275 -0.585179 72 68 62 255
3.89856 0.2275 -0.5825 72 68 62 255
3.9025 0.226174 -0.5825 72 68 62 255
3.9075 0.2275 -0.586505 79 75 69 255
3.9075 0.225295 -0.5825 79 75 69 255
3.9125 0.224454 -0.5825 70 67 63 255
3.9175 0.22316 -0.5825 57 56 52 255
3.8825 0.230936 -0.5825 67 63 56 255
3.8875 0.230512 -0.5825 75 71 63 255
3.8925 0.229559 -0.5825 74 69 62 255
3.8975 0.22784 -0.5825 75 70 63 255
3.9075 0.2225 -0.577785 60 60 56 255
3.90587 0.2225 -0.5775 60 60 56 255
3.9125 0.2225 -0.579392 52 50 47 255
3.9125 0.220873 -0.5775 52 50 47 255
3.9175 0.2225 -0.58147 66 65 62 255
3.9175 0.219379 -0.5775 66 65 62 255
3.8875 0.2275 -0.577522 58 57 52 255
3.8925 0.2275 -0.578785 57 55 52 255
3.8925 0.226459 -0.5775 57 55 52 255
3.8975 0.224588 -0.5775 58 55 51 255
3.9025 0.222964 -0.5775 57 57 52 255
3.8825 0.228298 -0.5775 78 73 67 255
3.9025 0.2175 -0.573707 81 78 72 255
3.9075 0.2175 -0.574676 84 81 74 255
3.9125 0.2175 -0.575069 85 83 76 255
3.9175 0.2175 -0.575946 92 88 81 255
3.8875 0.2225 -0.573497 67 65 64 255
3.88314 0.2225 -0.5725 67 65 64 255
3.8875 0.220559 -0.5725 67 65 64 255
3.8925 0.2225 -0.574471 70 69 67 255
3.8975 0.2225 -0.575612 69 68 65 255
3.8825 0.2275 -0.576508 67 65 62 255
3.4825 0.2225 -0.558765 107 102 92 255
3.4775 0.2225 -0.55811 107 102 92 255
3.4775 0.221321 -0.5575 107 102 92 255
3.4825 0.220236 -0.5575 107 102 92 255
3.4875 0.2225 -0.558287 108 105 95 255
3.4875 0.220956 -0.5575 108 105 95 255
3.49167 0.2225 -0.5575 118 116 103 255
3.4975 0.2225 -0.557605 122 118 108 255
3.49565 0.2225 -0.5575 122 118 108 255
3.5025 0.2225 -0.558211 120 115 105 255
3.5025 0.220685 -0.5575 120 115 105 255
3.5075 0.2225 -0.558205 118 113 103 255
3.5075 0.220811 -0.5575 118 113 103 255
3.5125 0.2225 -0.558399 122 117 106 255
3.5125 0.220563 -0.5575 122 117 106 255
3.4825 0.2275 -0.561481 104 100 89 255
3.4775 0.2275 -0.561207 104 100 89 255
3.4875 0.2275 -0.56069 105 101 91 255
3.4925 0.222866 -0.5575 118 113 103 255
3.4925 0.2275 -0.559881 118 113 103 255
3.4975 0.2275 -0.560203 117 114 103 255
3.5025 0.2275 -0.560672 116 113 102 255
3.5075 0.2275 -0.560816 117 112 102 255
3.5125 0.2275 -0.56092 117 112 101 255
3.4825 0.2125 -0.553182 129 126 116 255
3.4775 0.2125 -0.553239 129 126 116 255
3.4775 0.210811 -0.5525 129 126 116 255
3.4825 0.210932 -0.5525 129 126 116 255
3.4875 0.2125 -0.553304 112 110 101 255
3.4875 0.210837 -0.5525 112 110 101 255
3.4925 0.2125 -0.553217 126 123 113 255
3.4925 0.211036 -0.5525 126 123 113 255
3.4975 0.2125 -0.553067 128 124 114 255
3.4975 0.211206 -0.5525 128 124 114 255
3.5025 0.2125 -0.553748 127 122 112 255
3.5025 0.20903 -0.5525 127 122 112 255
3.5075 0.2125 -0.553279 126 122 112 255
3.5075 0.210427 -0.5525 126 122 112 255
3.5125 0.2125 -0.552921 127 122 112 255
3.5125 0.211567 -0.5525 127 122 112 255
3.4825 0.2175 -0.555994 124 121 110 255
3.4775 0.2175 -0.555644 124 121 110 255
3.4875 0.2175 -0.5558 126 125 113 255
3.4925 0.2175 -0.555307 127 122 112 255
3.4975 0.2175 -0.555486 125 120 110 255
3.5025 0.2175 -0.556062 124 119 108 255
3.5075 0.2175 -0.555899 124 119 109 255
3.5125 0.2175 -0.555836 125 120 110 255
3.4825 0.2075 -0.550867 134 131 121 255
3.4775 0.2075 -0.5509 134 131 121 255
3.4875 0.2075 -0.550651 132 129 119 255
3.4925 0.2075 -0.550583 132 127 118 255
3.4975 0.2075 -0.551105 131 128 118 255
3.5025 0.2075 -0.552076 131 128 118 255
3.5075 0.2075 -0.551562 129 126 117 255
3.2575 0.276739 -1.2775 18 18 16 255
3.2625 0.276781 -1.2775 26 25 20 255
3.8775 0.272491 -0.7025 30 29 28 255
3.87943 0.2725 -0.6975 36 35 33 255
3.8775 0.27527 -0.6975 32 32 29 255
3.88601 0.2675 -0.6925 55 55 51 255
3.88072 0.2725 -0.6925 45 43 39 255
3.8825 0.27104 -0.6925 45 43 39 255
3.8775 0.276003 -0.6925 29 27 25 255
3.8875 0.2675 -0.688664 57 55 47 255
3.8879 0.2675 -0.6875 59 58 54 255
3.88074 0.2725 -0.6875 53 50 43 255
3.8825 0.271672 -0.6875 53 50 43 255
3.8775 0.274324 -0.6875 40 39 35 255
3.8875 0.2675 -0.683288 55 52 45 255
3.8325 0.2575 -0.6375 58 53 47 255
3.8025 0.2625 -0.639394 58 55 46 255
3.8025 0.261639 -0.6375 58 55 46 255
3.8075 0.2625 -0.640673 59 55 46 255
3.8075 0.261063 -0.6375 59 55 46 255
3.8125 0.26027 -0.6375 57 54 46 255
3.8175 0.259132 -0.6375 55 52 44 255
3.8225 0.258709 -0.6375 56 52 44 255
3.8275 0.258422 -0.6375 55 52 44 255
3.8175 0.2575 -0.634147 57 54 47 255
3.81433 0.2575 -0.6325 57 54 47 255
3.8175 0.256753 -0.6325 57 54 47 255
3.8225 0.2575 -0.635259 58 55 47 255
3.8225 0.256077 -0.6325 58 55 47 255
3.8275 0.2575 -0.635793 59 54 47 255
3.8275 0.255681 -0.6325 59 54 47 255
3.8325 0.254789 -0.6325 57 52 46 255
3.8025 0.259298 -0.6325 60 55 47 255
3.8075 0.258669 -0.6325 57 55 46 255
3.8125 0.257926 -0.6325 58 54 46 255
3.8325 0.2525 -0.62846 61 56 48 255
3.82886 0.2525 -0.6275 61 56 48 255
3.8325 0.251955 -0.6275 61 56 48 255
3.8025 0.2575 -0.629444 60 56 48 255
3.8025 0.256329 -0.6275 60 56 48 255
3.8075 0.2575 -0.630361 59 56 48 255
3.8075 0.25581 -0.6275 59 56 48 255
3.8125 0.2575 -0.631477 57 54 46 255
3.8125 0.255654 -0.6275 57 54 46 255
3.8175 0.25518 -0.6275 58 55 48 255
3.8225 0.253926 -0.6275 60 55 49 255
3.8275 0.252702 -0.6275 60 57 48 255
3.8225 0.2525 -0.624332 59 57 49 255
3.81977 0.2525 -0.6225 59 57 49 255
3.8225 0.251703 -0.6225 59 57 49 255
3.8275 0.250224 -0.6225 62 59 51 255
3.8325 0.249711 -0.6225 61 58 50 255
3.8025 0.253554 -0.6225 60 57 49 255
3.8075 0.253109 -0.6225 59 55 47 255
3.8125 0.253245 -0.6225 60 56 49 255
3.8175 0.25319 -0.6225 60 56 49 255
3.8025 0.2525 -0.620097 59 54 48 255
3.8025 0.251356 -0.6175 59 54 48 255
3.8075 0.2525 -0.621066 59 54 48 255
3.8075 0.251039 -0.6175 59 54 48 255
3.8125 0.2525 -0.620874 60 57 48 255
3.8125 0.251041 -0.6175 60 57 48 255
3.8175 0.2525 -0.62123 59 56 47 255
3.8175 0.250573 -0.6175 59 56 47 255
3.8225 0.249372 -0.6175 60 56 48 255
3.8275 0.248359 -0.6175 62 58 50 255
3.8325 0.247981 -0.6175 62 59 52 255
3.8225 0.2475 -0.61323 60 56 50 255
3.8209 0.2475 -0.6125 60 56 50 255
3.8275 0.2475 -0.615163 60 55 50 255
3.8275 0.246473 -0.6125 60 55 50 255
3.8325 0.2475 -0.616215 61 57 50 255
3.8325 0.24606 -0.6125 61 57 50 255
3.8025 0.249075 -0.6125 60 55 49 255
3.8075 0.249234 -0.6125 61 56 49 255
3.8125 0.249126 -0.6125 61 58 50 255
3.8175 0.24818 -0.6125 60 55 48 255
3.8025 0.2475 -0.609232 60 57 50 255
3.8025 0.246758 -0.6075 60 57 50 255
3.8075 0.2475 -0.6087 57 52 46 255
3.8075 0.246981 -0.6075 57 52 46 255
3.8125 0.2475 -0.609174 59 55 47 255
3.8125 0.246696 -0.6075 59 55 47 255
3.8175 0.2475 -0.611038 59 54 49 255
3.8175 0.245857 -0.6075 59 54 49 255
3.8225 0.245401 -0.6075 57 54 47 255
3.8275 0.244811 -0.6075 59 54 49 255
3.8325 0.244235 -0.6075 60 55 49 255
3.1725 0.2575 -0.639893 60 56 51 255
3.17051 0.2575 -0.6425 60 56 51 255
3.1675 0.255088 -0.6425 60 56 51 255
3.1725 0.255731 -0.6375 60 56 51 255
3.1675 0.253855 -0.6375 60 56 51 255
3.1775 0.2575 -0.638501 39 36 28 255
3.1775 0.256667 -0.6375 39 36 28 255
3.1825 0.2575 -0.638324 36 30 26 255
3.1825 0.256777 -0.6375 36 30 26 255
3.1875 0.2575 -0.638168 30 28 22 255
3.1925 0.2575 -0.63779 34 29 23 255
3.19476 0.2575 -0.6375 32 29 23 255
3.1725 0.259073 -0.6425 48 45 37 255
3.1675 0.2525 -0.6353 38 34 30 255
3.16422 0.2525 -0.6375 38 34 30 255
3.1625 0.251772 -0.6375 38 34 30 255
3.1675 0.250683 -0.6325 38 34 30 255
3.1625 0.250129 -0.6325 38 34 30 255
3.1725 0.2525 -0.633558 35 32 25 255
3.1725 0.251611 -0.6325 35 32 25 255
3.1775 0.2525 -0.632555 36 32 27 255
3.17916 0.2525 -0.6325 34 30 23 255
3.1825 0.252594 -0.6325 32 28 23 255
3.1875 0.252917 -0.6325 33 29 24 255
3.1925 0.25361 -0.6325 34 30 25 255
3.16097 0.2475 -0.6275 39 35 28 255
3.1575 0.2475 -0.6295 39 35 28 255
3.1575 0.246843 -0.6275 39 35 28 255
3.1575 0.248359 -0.6325 31 29 22 255
3.1625 0.247769 -0.6275 31 29 22 255
3.1675 0.247555 -0.6275 37 35 27 255
3.1725 0.247543 -0.6275 36 33 25 255
3.1775 0.24841 -0.6275 36 32 26 255
3.1825 0.24896 -0.6275 38 34 28 255
3.1875 0.249121 -0.6275 36 33 26 255
3.1925 0.2525 -0.631088 37 34 26 255
3.1925 0.249537 -0.6275 37 34 26 255
3.1625 0.245148 -0.6225 41 36 29 255
3.1575 0.244434 -0.6225 41 36 29 255
3.1675 0.244969 -0.6225 40 35 28 255
3.1725 0.244563 -0.6225 40 36 30 255
3.1775 0.2475 -0.626242 43 38 32 255
3.1775 0.244875 -0.6225 43 38 32 255
3.1825 0.2475 -0.62543 41 37 30 255
3.1825 0.245366 -0.6225 41 37 30 255
3.1875 0.2475 -0.6252 39 35 28 255
3.1875 0.24551 -0.6225 39 35 28 255
3.1925 0.2475 -0.624766 40 36 29 255
3.1925 0.245833 -0.6225 40 36 29 255
3.1625 0.2425 -0.617976 38 34 27 255
3.1575 0.2425 -0.618842 38 34 27 255
3.1575 0.241828 -0.6175 38 34 27 255
3.1675 0.2425 -0.618231 39 35 28 255
3.1725 0.2425 -0.619063 41 37 29 255
3.1725 0.241546 -0.6175 41 37 29 255
3.1775 0.2425 -0.618872 40 36 29 255
3.1775 0.24162 -0.6175 40 36 29 255
3.1825 0.2425 -0.618032 39 35 29 255
3.18697 0.2425 -0.6175 39 36 28 255
3.1925 0.242968 -0.6175 41 37 29 255
3.1625 0.239414 -0.6125 35 32 26 255
3.1575 0.239555 -0.6125 35 32 26 255
3.1675 0.239326 -0.6125 38 35 27 255
3.1725 0.239127 -0.6125 38 33 26 255
3.1775 0.239236 -0.6125 37 33 26 255
3.1825 0.239746 -0.6125 38 35 27 255
3.1875 0.240255 -0.6125 35 33 26 255
3.1925 0.2425 -0.616526 37 34 27 255
3.1925 0.240664 -0.6125 37 34 27 255
3.1725 0.237773 -0.6075 36 33 27 255
3.1775 0.238012 -0.6075 36 33 27 255
3.1825 0.238315 -0.6075 35 32 25 255
3.1875 0.238698 -0.6075 36 33 28 255
3.1925 0.238965 -0.6075 35 33 26 255
3.2425 0.292447 -1.1975 32 33 29 255
3.2475 0.292346 -1.1975 32 32 28 255
3.2525 0.292198 -1.1975 32 32 28 255
3.2575 0.291996 -1.1975 31 32 27 255
3.2625 0.291598 -1.1975 32 31 26 255
3.2675 0.291345 -1.1975 32 32 28 255
3.2725 0.291609 -1.1975 31 31 26 255
3.2475 0.2925 -1.1967 31 31 29 255
3.2525 0.2925 -1.19561 33 32 30 255
3.2575 0.2925 -1.19415 32 33 29 255
3.26023 0.2925 -1.1925 33 32 28 255
3.2625 0.292295 -1.1925 33 32 28 255
3.2675 0.292153 -1.1925 31 31 27 255
3.27206 0.2925 -1.1925 32 33 29 255
3.2425 0.293584 -1.1925 35 36 31 255
3.2475 0.293283 -1.1925 32 33 28 255
3.2525 0.292993 -1.1925 33 33 29 255
3.2575 0.292753 -1.1925 33 34 29 255
3.2625 0.2925 -1.19072 35 33 29 255
3.2675 0.2925 -1.18913 33 32 28 255
3.2425 0.294523 -1.1875 33 33 30 255
3.2475 0.294171 -1.1875 33 34 31 255
3.2525 0.293994 -1.1875 33 32 30 255
3.2575 0.29365 -1.1875 34 34 31 255
3.2625 0.292878 -1.1875 34 33 29 255
3.2675 0.292668 -1.1875 32 33 28 255
3.2725 0.293056 -1.1875 32 32 28 255
3.2425 0.295286 -1.1825 36 35 32 255
3.2475 0.295073 -1.1825 34 33 30 255
3.2525 0.294964 -1.1825 32 31 28 255
3.2575 0.294704 -1.1825 34 33 29 255
3.2625 0.293835 -1.1825 34 34 29 255
3.2675 0.293297 -1.1825 34 33 29 255
3.2725 0.293547 -1.1825 32 32 28 255
3.2425 0.295998 -1.1775 35 34 33 255
3.2475 0.296077 -1.1775 35 34 31 255
3.2525 0.296061 -1.1775 35 34 31 255
3.2575 0.296019 -1.1775 35 34 30 255
3.2625 0.295389 -1.1775 36 34 31 255
3.2675 0.294505 -1.1775 33 32 28 255
3.2725 0.294298 -1.1775 33 34 30 255
3.2425 0.296779 -1.1725 34 35 31 255
3.2475 0.297002 -1.1725 35 34 31 255
3.2525 0.297146 -1.1725 36 35 31 255
3.2575 0.297231 -1.1725 36 35 32 255
3.2625 0.296794 -1.1725 35 34 30 255
3.2675 0.295732 -1.1725 35 34 31 255
3.2725 0.295168 -1.1725 34 34 31 255
3.2425 0.2975 -1.16899 36 36 34 255
3.2475 0.2975 -1.16969 36 37 33 255
3.2525 0.2975 -1.17019 36 35 32 255
3.2575 0.2975 -1.17051 35 33 31 255
3.2625 0.2975 -1.16833 35 34 31 255
3.26326 0.2975 -1.1675 36 35 31 255
3.2675 0.29666 -1.1675 36 35 31 255
3.2725 0.295859 -1.1675 33 34 32 255
3.2425 0.297797 -1.1675 37 36 34 255
3.2475 0.29787 -1.1675 36 36 32 255
3.2525 0.297916 -1.1675 37 37 33 255
3.2575 0.297927 -1.1675 36 35 32 255
3.2625 0.29764 -1.1675 35 34 32 255
3.2825 0.297286 -1.1575 34 34 33 255
3.2875 0.296897 -1.1575 36 36 36 255
3.2925 0.295834 -1.1575 36 37 36 255
3.2975 0.29469 -1.1575 38 38 39 255
3.3025 0.294106 -1.1575 32 33 36 255
3.2825 0.2975 -1.15594 35 35 34 255
3.2875 0.2975 -1.15357 36 37 35 255
3.2883 0.2975 -1.1525 38 38 39 255
3.2925 0.296642 -1.1525 38 38 39 255
3.2975 0.295467 -1.1525 38 39 38 255
3.3025 0.294118 -1.1525 33 35 38 255
3.2825 0.297965 -1.1525 35 35 34 255
3.2875 0.297658 -1.1525 37 37 37 255
3.2925 0.2975 -1.1482 39 39 39 255
3.2934 0.2975 -1.1475 40 40 41 255
3.2975 0.296652 -1.1475 40 40 41 255
3.3025 0.294972 -1.1475 35 35 39 255
3.2825 0.298675 -1.1475 35 37 35 255
3.2875 0.298564 -1.1475 38 38 38 255
3.2975 0.2975 -1.14447 40 41 41 255
3.30045 0.2975 -1.1425 37 37 40 255
3.3025 0.29701 -1.1425 37 37 40 255
3.2825 0.299334 -1.1425 36 37 35 255
3.2875 0.299388 -1.1425 38 38 37 255
3.2925 0.298633 -1.1425 38 38 38 255
3.2975 0.297927 -1.1425 40 39 40 255
3.3025 0.2975 -1.13973 39 39 43 255
3.2825 0.299986 -1.1375 36 36 35 255
3.2875 0.299832 -1.1375 37 36 36 255
3.2925 0.299283 -1.1375 36 36 37 255
3.2975 0.29867 -1.1375 40 40 41 255
3.3025 0.297817 -1.1375 35 36 39 255
3.2825 0.30049 -1.1325 35 35 35 255
3.2875 0.299989 -1.1325 36 37 36 255
3.2925 0.299619 -1.1325 37 38 39 255
3.2975 0.299097 -1.1325 40 40 41 255
3.3025 0.298349 -1.1325 35 35 38 255
3.2825 0.300668 -1.1275 36 36 35 255
3.2875 0.300179 -1.1275 36 36 36 255
3.2925 0.299973 -1.1275 40 40 39 255
3.2975 0.299379 -1.1275 41 41 40 255
3.3025 0.298449 -1.1275 36 37 38 255
3.60068 0.2525 -0.6025 61 58 53 255
3.6025 0.252455 -0.6025 61 58 53 255
3.6025 0.250627 -0.5975 61 58 53 255
3.6075 0.2525 -0.602097 61 58 52 255
3.60357 0.2525 -0.6025 61 58 52 255
3.6075 0.250589 -0.5975 61 58 52 255
3.6125 0.2525 -0.601909 63 60 53 255
3.6125 0.250617 -0.5975 63 60 53 255
3.6175 0.2525 -0.601309 62 59 53 255
3.6175 0.250789 -0.5975 62 59 53 255
3.6225 0.2525 -0.600547 56 54 47 255
3.6225 0.251095 -0.5975 56 54 47 255
3.6275 0.2525 -0.600931 57 54 48 255
3.6275 0.251059 -0.5975 57 54 48 255
3.6325 0.2525 -0.60121 56 54 47 255
3.6325 0.250973 -0.5975 56 54 47 255
3.6175 0.253067 -0.6025 62 59 52 255
3.6225 0.25344 -0.6025 57 54 48 255
3.6275 0.253164 -0.6025 58 54 48 255
3.6325 0.253001 -0.6025 57 53 48 255
3.6025 0.249264 -0.5925 61 59 51 255
3.6075 0.248709 -0.5925 62 59 53 255
3.6125 0.248669 -0.5925 62 59 52 255
3.6175 0.2488 -0.5925 62 59 54 255
3.6225 0.248696 -0.5925 56 53 48 255
3.6275 0.248597 -0.5925 56 53 47 255
3.6325 0.248756 -0.5925 57 53 48 255
3.6075 0.2475 -0.589239 62 59 54 255
3.60298 0.2475 -0.5875 62 59 54 255
3.6075 0.246811 -0.5875 62 59 54 255
3.6125 0.2475 -0.589289 61 58 54 255
3.6125 0.246832 -0.5875 61 58 54 255
3.6175 0.2475 -0.588649 57 54 51 255
3.6175 0.247101 -0.5875 57 54 51 255
3.6225 0.2475 -0.589149 57 55 49 255
3.6225 0.246908 -0.5875 57 55 49 255
3.6275 0.2475 -0.589623 55 52 47 255
3.6275 0.246719 -0.5875 55 52 47 255
3.6325 0.2475 -0.588937 56 52 47 255
3.6325 0.247001 -0.5875 56 52 47 255
3.6025 0.245137 -0.5825 61 58 53 255
3.6075 0.24474 -0.5825 62 59 54 255
3.6125 0.245019 -0.5825 59 57 52 255
3.6175 0.245625 -0.5825 55 52 47 255
3.6225 0.245696 -0.5825 55 52 46 255
3.6275 0.245472 -0.5825 55 52 48 255
3.6325 0.245547 -0.5825 54 51 45 255
3.6025 0.242968 -0.5775 66 63 58 255
3.6075 0.242836 -0.5775 64 61 57 255
3.6125 0.243006 -0.5775 65 61 55 255
3.6175 0.24359 -0.5775 58 55 49 255
3.6225 0.244003 -0.5775 60 56 51 255
3.6275 0.243987 -0.5775 58 55 50 255
3.6325 0.243864 -0.5775 55 53 48 255
3.6025 0.2425 -0.57645 75 70 65 255
3.6025 0.240883 -0.5725 75 70 65 255
3.6075 0.2425 -0.576709 72 68 62 255
3.6075 0.240776 -0.5725 72 68 62 255
3.6125 0.2425 -0.576509 72 69 63 255
3.6125 0.240464 -0.5725 72 69 63 255
3.6175 0.2425 -0.575874 66 62 57 255
3.6175 0.240348 -0.5725 66 62 57 255
3.6225 0.2425 -0.575259 69 65 59 255
3.6225 0.240771 -0.5725 69 65 59 255
3.6275 0.2425 -0.57487 65 61 55 255
3.6275 0.241258 -0.5725 65 61 55 255
3.6325 0.2425 -0.57493 67 64 58 255
3.6325 0.241313 -0.5725 67 64 58 255
3.6025 0.238552 -0.5675 77 74 67 255
3.6075 0.238346 -0.5675 78 74 67 255
3.6275 0.238617 -0.5675 71 67 62 255
3.6325 0.239119 -0.5675 70 67 62 255
3.2825 0.321005 -0.9175 36 34 30 255
3.2875 0.320307 -0.9175 34 32 27 255
3.2925 0.320209 -0.9175 35 32 27 255
3.2975 0.320133 -0.9175 32 29 24 255
3.3025 0.320291 -0.9175 35 32 28 255
3.3075 0.320552 -0.9175 33 30 25 255
3.3125 0.320162 -0.9175 33 30 25 255
3.2825 0.321266 -0.9125 35 33 29 255
3.2875 0.320777 -0.9125 35 33 27 255
3.2925 0.320614 -0.9125 36 33 29 255
3.2975 0.320502 -0.9125 35 32 27 255
3.3025 0.320501 -0.9125 34 32 27 255
3.3075 0.320409 -0.9125 35 32 26 255
3.3125 0.319863 -0.9125 31 30 23 255
3.2825 0.320933 -0.9075 38 35 31 255
3.2875 0.321006 -0.9075 37 33 30 255
3.2925 0.320753 -0.9075 37 34 29 255
3.2975 0.320533 -0.9075 37 34 29 255
3.3025 0.320713 -0.9075 36 34 28 255
3.3075 0.320674 -0.9075 35 33 27 255
3.3125 0.320265 -0.9075 35 33 26 255
3.2825 0.320597 -0.9025 35 32 30 255
3.2875 0.32112 -0.9025 36 33 28 255
3.2925 0.320907 -0.9025 37 34 28 255
3.2975 0.320591 -0.9025 39 35 30 255
3.3025 0.3209 -0.9025 38 35 29 255
3.3075 0.321075 -0.9025 38 36 30 255
3.3125 0.320603 -0.9025 34 32 26 255
3.2825 0.320602 -0.8975 36 34 29 255
3.2875 0.321215 -0.8975 36 34 28 255
3.2925 0.321233 -0.8975 41 38 32 255
3.2975 0.321016 -0.8975 39 37 31 255
3.3025 0.321294 -0.8975 40 37 30 255
3.3075 0.321505 -0.8975 39 35 28 255
3.3125 0.320772 -0.8975 37 33 28 255
3.2825 0.320511 -0.8925 36 34 30 255
3.2875 0.320943 -0.8925 39 35 29 255
3.2925 0.321237 -0.8925 40 37 31 255
3.2975 0.321327 -0.8925 41 38 32 255
3.3025 0.321549 -0.8925 44 39 33 255
3.3075 0.321591 -0.8925 44 41 33 255
3.3125 0.320638 -0.8925 41 38 31 255
3.2825 0.320613 -0.8875 37 34 30 255
3.2875 0.320889 -0.8875 36 32 26 255
3.2925 0.321219 -0.8875 39 35 30 255
3.2975 0.321319 -0.8875 42 37 31 255
3.3025 0.321508 -0.8875 50 46 39 255
3.3075 0.321352 -0.8875 50 46 38 255
3.3125 0.320344 -0.8875 47 43 36 255
3.2825 0.32076 -0.8825 35 33 29 255
3.2875 0.321044 -0.8825 36 32 27 255
3.2925 0.321269 -0.8825 40 37 31 255
3.2975 0.321223 -0.8825 43 37 32 255
3.3025 0.32139 -0.8825 57 52 45 255
3.3075 0.321119 -0.8825 60 57 48 255
3.3125 0.320257 -0.8825 58 54 47 255
3.6425 0.2225 -0.557622 103 100 91 255
3.6475 0.2225 -0.557626 106 104 95 255
3.65 0.2225 -0.5575 107 104 95 255
3.6725 0.2225 -0.557549 103 100 92 255
3.6425 0.2275 -0.559631 104 100 91 255
3.6475 0.2275 -0.559611 102 100 90 255
3.6525 0.22283 -0.5575 102 99 90 255
3.6525 0.2275 -0.559456 102 99 90 255
3.6575 0.2275 -0.559066 104 101 92 255
3.6575 0.223732 -0.5575 104 101 92 255
3.6625 0.2275 -0.559229 100 95 87 255
3.6625 0.223663 -0.5575 100 95 87 255
3.6675 0.2275 -0.559461 100 98 88 255
3.6675 0.223672 -0.5575 100 98 88 255
3.6725 0.2275 -0.559807 101 99 90 255
3.6575 0.2325 -0.561673 98 96 86 255
3.6625 0.2325 -0.561603 98 93 86 255
3.6425 0.2175 -0.555022 108 107 97 255
3.6575 0.2225 -0.556942 111 107 99 255
3.6625 0.2225 -0.556954 111 108 100 255
3.6675 0.2225 -0.556873 110 106 99 255
3.4825 0.291398 -0.6825 68 63 53 255
3.4825 0.289242 -0.6775 68 63 53 255
3.4875 0.292115 -0.6825 66 62 53 255
3.4875 0.289658 -0.6775 66 62 53 255
3.4925 0.2925 -0.681909 66 62 52 255
3.4902 0.2925 -0.6825 66 62 52 255
3.4925 0.289929 -0.6775 66 62 52 255
3.4975 0.2925 -0.682147 66 62 52 255
3.4975 0.289743 -0.6775 66 62 52 255
3.49977 0.2925 -0.6825 66 62 52 255
3.5025 0.292253 -0.6825 66 62 52 255
3.5025 0.289525 -0.6775 66 62 52 255
3.5075 0.292374 -0.6825 67 63 53 255
3.5075 0.289816 -0.6775 67 63 53 255
3.5125 0.2925 -0.681412 67 62 53 255
3.50847 0.2925 -0.6825 67 62 53 255
3.5125 0.290519 -0.6775 67 62 53 255
3.5125 0.293051 -0.6825 65 59 51 255
3.4825 0.2875 -0.674199 68 62 52 255
3.4825 0.286475 -0.6725 68 62 52 255
3.4875 0.2875 -0.673307 67 62 51 255
3.4875 0.287032 -0.6725 67 62 51 255
3.4925 0.2875 -0.673476 68 63 53 255
3.4925 0.286897 -0.6725 68 63 53 255
3.4975 0.2875 -0.673812 70 65 55 255
3.4975 0.286698 -0.6725 70 65 55 255
3.5025 0.2875 -0.673513 69 64 53 255
3.5025 0.286933 -0.6725 69 64 53 255
3.5075 0.2875 -0.6725 68 63 53 255
3.5125 0.288138 -0.6725 67 62 53 255
3.4825 0.283469 -0.6675 68 62 52 255
3.4875 0.283934 -0.6675 68 63 54 255
3.4925 0.283774 -0.6675 67 63 53 255
3.4975 0.283635 -0.6675 68 63 53 255
3.5025 0.284048 -0.6675 70 66 55 255
3.5075 0.284594 -0.6675 68 63 54 255
3.5125 0.2875 -0.671327 70 65 56 255
3.5125 0.285264 -0.6675 70 65 56 255
3.4825 0.2825 -0.665583 49 45 36 255
3.4825 0.280961 -0.6625 49 45 36 255
3.4875 0.2825 -0.664908 49 46 37 255
3.4875 0.281202 -0.6625 49 46 37 255
3.4925 0.2825 -0.665469 49 46 37 255
3.4925 0.280514 -0.6625 49 46 37 255
3.4975 0.2825 -0.665776 49 44 36 255
3.4975 0.280135 -0.6625 49 44 36 255
3.5025 0.2825 -0.665023 48 46 37 255
3.5025 0.280906 -0.6625 48 46 37 255
3.5075 0.2825 -0.664391 47 44 35 255
3.5075 0.281284 -0.6625 47 44 35 255
3.5125 0.2825 -0.663534 70 65 56 255
3.5125 0.281777 -0.6625 70 65 56 255
3.4875 0.278026 -0.6575 51 47 39 255
3.5025 0.277922 -0.6575 50 47 39 255
3.5075 0.27802 -0.6575 50 45 36 255
3.5125 0.278502 -0.6575 67 63 53 255
3.1925 0.1925 -0.537895 63 60 51 255
3.18912 0.1925 -0.5375 63 60 51 255
3.1725 0.194779 -0.5375 58 53 47 255
3.1775 0.193301 -0.5375 56 52 47 255
3.1825 0.192794 -0.5375 55 53 44 255
3.1875 0.192887 -0.5375 59 55 47 255
3.19392 0.1825 -0.5325 58 54 48 255
3.1775 0.1875 -0.533253 65 61 53 255
3.17392 0.1875 -0.5325 65 61 53 255
3.1775 0.186474 -0.5325 65 61 53 255
3.1825 0.1875 -0.533975 67 64 56 255
3.1825 0.185285 -0.5325 67 64 56 255
3.1875 0.1875 -0.534197 69 63 55 255
3.1875 0.184264 -0.5325 69 63 55 255
3.1925 0.1875 -0.534708 66 63 55 255
3.1925 0.182881 -0.5325 66 63 55 255
3.1625 0.1925 -0.533755 56 54 46 255
3.1625 0.190417 -0.5325 56 54 46 255
3.1675 0.1925 -0.534641 55 51 44 255
3.1675 0.18903 -0.5325 55 51 44 255
3.1725 0.1925 -0.535731 61 58 50 255
3.1725 0.18804 -0.5325 61 58 50 255
3.1775 0.1925 -0.53687 58 54 49 255
3.1625 0.1825 -0.527508 64 61 53 255
3.1675 0.1825 -0.527697 65 59 54 255
3.1725 0.1825 -0.528443 64 58 53 255
3.1725 0.180122 -0.5275 64 58 53 255
3.1775 0.1825 -0.529416 63 60 52 255
3.1825 0.1825 -0.530308 66 63 55 255
3.1875 0.1825 -0.53119 61 57 50 255
3.1625 0.1875 -0.530281 61 58 50 255
3.1675 0.1875 -0.531117 67 63 56 255
3.6025 0.2725 -0.639031 61 57 49 255
3.6025 0.271726 -0.6375 61 57 49 255
3.6075 0.2725 -0.638421 61 57 50 255
3.6075 0.272008 -0.6375 61 57 50 255
3.6125 0.2725 -0.638567 62 58 51 255
3.6125 0.271889 -0.6375 62 58 51 255
3.6175 0.2725 -0.638608 61 58 51 255
3.6175 0.271859 -0.6375 61 58 51 255
3.6225 0.2725 -0.638501 62 59 51 255
3.6225 0.271908 -0.6375 62 59 51 255
3.6275 0.2725 -0.638532 64 61 52 255
3.6275 0.271876 -0.6375 64 61 52 255
3.6325 0.2725 -0.638082 58 55 47 255
3.6375 0.2725 -0.63761 56 53 47 255
3.6025 0.274258 -0.6425 66 62 54 255
3.6075 0.274639 -0.6425 67 62 54 255
3.6125 0.274689 -0.6425 65 62 53 255
3.6175 0.274667 -0.6425 67 63 54 255
3.6225 0.274767 -0.6425 66 62 53 255
3.6275 0.274817 -0.6425 68 64 56 255
3.6325 0.274846 -0.6425 62 58 50 255
3.6025 0.268633 -0.6325 60 57 49 255
3.6075 0.269033 -0.6325 62 57 50 255
3.6125 0.26922 -0.6325 59 55 48 255
3.6175 0.269053 -0.6325 61 57 50 255
3.6225 0.268949 -0.6325 63 59 51 255
3.6275 0.268958 -0.6325 63 59 51 255
3.6325 0.269143 -0.6325 57 54 46 255
3.6375 0.26926 -0.6325 57 53 45 255
3.6025 0.2675 -0.630577 61 56 49 255
3.6025 0.265782 -0.6275 61 56 49 255
3.6075 0.2675 -0.629964 60 56 49 255
3.6075 0.265989 -0.6275 60 56 49 255
3.6125 0.2675 -0.629334 61 57 49 255
3.6125 0.266443 -0.6275 61 57 49 255
3.6175 0.2675 -0.629635 61 57 50 255
3.6175 0.266302 -0.6275 61 57 50 255
3.6225 0.2675 -0.629939 61 56 48 255
3.6225 0.266076 -0.6275 61 56 48 255
3.6275 0.2675 -0.629998 62 58 50 255
3.6275 0.265993 -0.6275 62 58 50 255
3.6325 0.2675 -0.630037 55 52 45 255
3.6325 0.265762 -0.6275 55 52 45 255
3.6375 0.2675 -0.629948 57 55 46 255
3.6375 0.265767 -0.6275 57 55 46 255
3.6325 0.2625 -0.622697 54 50 43 255
3.63113 0.2625 -0.6225 54 50 43 255
3.6375 0.2625 -0.622521 54 51 44 255
3.6025 0.263085 -0.6225 59 55 48 255
3.6075 0.262878 -0.6225 60 56 50 255
3.6125 0.263011 -0.6225 60 55 49 255
3.6175 0.26319 -0.6225 59 54 48 255
3.6225 0.263136 -0.6225 60 55 49 255
3.6275 0.262849 -0.6225 54 51 44 255
3.6025 0.2625 -0.621428 58 54 47 255
3.6025 0.260188 -0.6175 58 54 47 255
3.6075 0.259783 -0.6175 60 55 48 255
3.6125 0.259766 -0.6175 59 55 48 255
3.6175 0.2625 -0.621446 59 55 48 255
3.6175 0.260146 -0.6175 59 55 48 255
3.6225 0.2625 -0.621442 59 55 49 255
3.6225 0.260196 -0.6175 59 55 49 255
3.6275 0.259863 -0.6175 54 49 43 255
3.6325 0.259533 -0.6175 52 49 43 255
3.6375 0.259771 -0.6175 54 50 45 255
3.59945 0.2575 -0.6125 58 55 47 255
3.6075 0.2575 -0.613162 57 54 48 255
3.60353 0.2575 -0.6125 57 54 48 255
3.6125 0.2575 -0.613137 58 55 49 255
3.61671 0.2575 -0.6125 58 54 47 255
3.6275 0.2575 -0.613075 54 50 44 255
3.62408 0.2575 -0.6125 54 50 44 255
3.6325 0.2575 -0.613792 54 51 44 255
3.6325 0.256827 -0.6125 54 51 44 255
3.6375 0.2575 -0.613202 54 51 44 255
3.6025 0.25759 -0.6125 59 55 48 255
3.6175 0.257563 -0.6125 59 55 49 255
3.6225 0.257638 -0.6125 59 55 48 255
3.6025 0.25501 -0.6075 61 56 50 255
3.6075 0.254942 -0.6075 60 56 49 255
3.6125 0.25498 -0.6075 59 56 49 255
3.6175 0.255326 -0.6075 59 56 49 255
3.6225 0.255489 -0.6075 54 51 44 255
3.6275 0.255041 -0.6075 55 50 45 255
3.6325 0.254704 -0.6075 54 51 45 255
3.6375 0.254962 -0.6075 55 51 45 255
3.79522 0.3025 -0.7175 48 44 38 255
3.7625 0.307311 -0.7225 43 41 34 255
3.7625 0.306233 -0.7175 43 41 34 255
3.7675 0.306878 -0.7225 44 42 35 255
3.7675 0.305364 -0.7175 44 42 35 255
3.7725 0.306568 -0.7225 48 44 36 255
3.7725 0.305212 -0.7175 48 44 36 255
3.7775 0.306362 -0.7225 42 40 33 255
3.7775 0.305159 -0.7175 42 40 33 255
3.7825 0.30579 -0.7225 41 38 33 255
3.7825 0.30468 -0.7175 41 38 33 255
3.7875 0.30494 -0.7225 44 42 36 255
3.7875 0.30395 -0.7175 44 42 36 255
3.7925 0.304204 -0.7225 47 42 37 255
3.7925 0.303038 -0.7175 47 42 37 255
3.7925 0.3025 -0.715858 51 48 40 255
3.78761 0.3025 -0.7125 51 48 40 255
3.7925 0.301438 -0.7125 51 48 40 255
3.7625 0.304791 -0.7125 51 48 40 255
3.7675 0.303687 -0.7125 51 48 40 255
3.7725 0.303615 -0.7125 51 47 40 255
3.7775 0.303651 -0.7125 50 48 39 255
3.7825 0.303176 -0.7125 47 44 37 255
3.7675 0.3025 -0.708739 55 51 44 255
3.76534 0.3025 -0.7075 55 51 44 255
3.7675 0.302081 -0.7075 55 51 44 255
3.7725 0.3025 -0.709542 55 48 42 255
3.7725 0.301654 -0.7075 55 48 42 255
3.7775 0.3025 -0.709628 55 51 42 255
3.7775 0.301562 -0.7075 55 51 42 255
3.7825 0.3025 -0.710536 55 50 42 255
3.7825 0.301341 -0.7075 55 50 42 255
3.7875 0.300676 -0.7075 55 51 44 255
3.7925 0.299557 -0.7075 53 50 43 255
3.7625 0.303017 -0.7075 54 50 42 255
3.7925 0.2975 -0.703227 58 54 45 255
3.79053 0.2975 -0.7025 58 54 45 255
3.7625 0.3025 -0.706302 57 52 45 255
3.7625 0.300761 -0.7025 57 52 45 255
3.7675 0.299894 -0.7025 58 52 45 255
3.7725 0.299334 -0.7025 56 51 43 255
3.7775 0.299133 -0.7025 59 52 46 255
3.7825 0.298848 -0.7025 56 52 44 255
3.7875 0.29808 -0.7025 55 51 44 255
3.7725 0.2975 -0.698087 63 58 49 255
3.76816 0.2975 -0.6975 63 58 49 255
3.7775 0.2975 -0.698963 63 57 49 255
3.7775 0.296823 -0.6975 63 57 49 255
3.7825 0.2975 -0.700213 61 57 48 255
3.7825 0.296008 -0.6975 61 57 48 255
3.7875 0.2975 -0.701534 60 56 48 255
3.7875 0.295278 -0.6975 60 56 48 255
3.7925 0.29468 -0.6975 57 53 45 255
3.7625 0.298323 -0.6975 60 54 46 255
3.7925 0.2925 -0.692979 63 58 48 255
3.79065 0.2925 -0.6925 63 58 48 255
3.7625 0.2975 -0.695747 62 58 49 255
3.7625 0.296039 -0.6925 62 58 49 255
3.7675 0.295549 -0.6925 61 57 47 255
3.7725 0.295286 -0.6925 63 57 48 255
3.7775 0.294479 -0.6925 62 57 48 255
3.7825 0.293587 -0.6925 61 57 47 255
3.7875 0.292883 -0.6925 60 55 47 255
3.7775 0.2925 -0.688472 60 56 47 255
3.77415 0.2925 -0.6875 60 56 47 255
3.7775 0.292029 -0.6875 60 56 47 255
3.7825 0.2925 -0.690067 61 57 48 255
3.7825 0.291342 -0.6875 61 57 48 255
3.7875 0.2925 -0.691709 60 55 47 255
3.7875 0.29042 -0.6875 60 55 47 255
3.7925 0.289522 -0.6875 61 57 48 255
3.7625 0.293622 -0.6875 60 56 47 255
3.7675 0.293153 -0.6875 61 56 47 255
3.7725 0.292728 -0.6875 60 56 47 255
3.7925 0.2875 -0.683526 62 57 49 255
3.7625 0.2925 -0.685174 62 57 48 255
3.7675 0.2925 -0.686352 62 57 49 255
3.6425 0.2725 -0.637608 57 53 46 255
3.6475 0.2725 -0.637772 56 53 45 255
3.6525 0.2725 -0.637926 56 53 45 255
3.6575 0.2725 -0.63789 56 53 45 255
3.6625 0.2725 -0.63826 57 54 46 255
3.6625 0.272089 -0.6375 57 54 46 255
3.6675 0.2725 -0.639063 55 54 45 255
3.6675 0.271644 -0.6375 55 54 45 255
3.6725 0.2725 -0.639199 58 55 47 255
3.6725 0.271548 -0.6375 58 55 47 255
3.6425 0.26944 -0.6325 57 52 45 255
3.6475 0.269453 -0.6325 55 52 45 255
3.6525 0.269261 -0.6325 57 54 46 255
3.6575 0.269451 -0.6325 57 55 46 255
3.6625 0.269483 -0.6325 56 53 46 255
3.6675 0.269394 -0.6325 59 56 48 255
3.6725 0.269278 -0.6325 56 52 44 255
3.6425 0.2675 -0.62963 58 53 46 255
3.6425 0.266027 -0.6275 58 53 46 255
3.6475 0.2675 -0.629719 57 53 46 255
3.6475 0.265937 -0.6275 57 53 46 255
3.6525 0.2675 -0.629893 58 55 47 255
3.6525 0.265885 -0.6275 58 55 47 255
3.6575 0.2675 -0.629261 57 54 46 255
3.6575 0.266403 -0.6275 57 54 46 255
3.6625 0.2675 -0.629013 57 54 47 255
3.6625 0.26664 -0.6275 57 54 47 255
3.6675 0.2675 -0.629114 59 54 48 255
3.6675 0.266648 -0.6275 59 54 48 255
3.6725 0.2675 -0.629376 57 54 48 255
3.6725 0.266461 -0.6275 57 54 48 255
3.6425 0.262817 -0.6225 56 51 45 255
3.6475 0.262659 -0.6225 54 51 44 255
3.6525 0.262536 -0.6225 56 52 45 255
3.6575 0.262885 -0.6225 54 52 44 255
3.6625 0.263362 -0.6225 57 53 46 255
3.6675 0.26372 -0.6225 55 52 45 255
3.6725 0.263478 -0.6225 56 54 46 255
3.6425 0.259992 -0.6175 54 50 44 255
3.6475 0.259848 -0.6175 54 52 45 255
3.6525 0.2596 -0.6175 55 50 44 255
3.6575 0.259613 -0.6175 54 51 44 255
3.6625 0.2625 -0.621161 54 51 43 255
3.6625 0.260153 -0.6175 54 51 43 255
3.6675 0.2625 -0.620478 53 50 43 255
3.6675 0.260634 -0.6175 53 50 43 255
3.6725 0.2625 -0.620869 56 53 46 255
3.6725 0.260375 -0.6175 56 53 46 255
3.6425 0.2575 -0.613007 55 52 45 255
3.6475 0.2575 -0.613447 53 50 44 255
3.6475 0.256947 -0.6125 53 50 44 255
3.6525 0.2575 -0.613777 56 52 46 255
3.6525 0.256826 -0.6125 56 52 46 255
3.6575 0.2575 -0.61353 57 54 47 255
3.6575 0.256989 -0.6125 57 54 47 255
3.6625 0.2575 -0.612624 57 53 47 255
3.66528 0.2575 -0.6125 56 54 47 255
3.6725 0.2575 -0.612842 56 53 46 255
3.66849 0.2575 -0.6125 56 53 46 255
3.6675 0.257556 -0.6125 55 52 46 255
3.6425 0.254825 -0.6075 54 50 44 255
3.6475 0.254479 -0.6075 56 53 46 255
3.6525 0.254576 -0.6075 58 53 47 255
3.6575 0.254959 -0.6075 58 54 48 255
3.6625 0.255206 -0.6075 56 52 46 255
3.6675 0.25482 -0.6075 53 51 44 255
3.6725 0.254576 -0.6075 55 52 45 255
3.5225 0.31764 -0.7575 37 33 29 255
3.5275 0.317854 -0.7575 37 33 28 255
3.5325 0.317561 -0.7575 36 33 27 255
3.5225 0.317614 -0.7525 37 34 28 255
3.31862 0.3075 -1.0375 51 51 52 255
3.32094 0.3075 -1.0325 35 36 36 255
3.3225 0.3075 -1.03084 36 35 34 255
3.3225 0.307113 -1.0325 36 35 34 255
3.3225 0.308549 -1.0275 35 37 35 255
3.3225 0.3092 -1.0225 37 34 32 255
3.3225 0.309578 -1.0175 37 35 33 255
3.3275 0.309844 -1.0225 99 101 104 255
3.3275 0.309758 -1.0175 99 101 104 255
3.3225 0.310421 -1.0125 38 38 34 255
3.3275 0.310463 -1.0125 38 38 38 255
3.3225 0.311654 -1.0075 39 38 34 255
3.3275 0.311369 -1.0075 37 36 32 255
3.3325 0.31218 -1.0125 97 97 100 255
3.3325 0.311625 -1.0075 97 97 100 255
3.4425 0.2475 -0.602197 50 47 41 255
3.4425 0.245876 -0.5975 50 47 41 255
3.4375 0.245173 -0.5975 50 47 41 255
3.4475 0.2475 -0.601692 52 48 42 255
3.4475 0.246164 -0.5975 52 48 42 255
3.4525 0.2475 -0.601535 49 46 40 255
3.4525 0.246306 -0.5975 49 46 40 255
3.4575 0.2475 -0.600689 50 46 41 255
3.4575 0.246503 -0.5975 50 46 41 255
3.4625 0.2475 -0.600354 47 45 39 255
3.4625 0.246441 -0.5975 47 45 39 255
3.4675 0.2475 -0.600281 49 46 41 255
3.4675 0.246288 -0.5975 49 46 41 255
3.4725 0.2475 -0.599957 48 45 39 255
3.4725 0.246437 -0.5975 48 45 39 255
3.4475 0.247746 -0.6025 48 46 40 255
3.4525 0.247777 -0.6025 49 46 40 255
3.4575 0.248072 -0.6025 50 46 41 255
3.4625 0.248278 -0.6025 48 44 38 255
3.4675 0.248421 -0.6025 51 48 40 255
3.4725 0.248593 -0.6025 51 47 41 255
3.4425 0.244503 -0.5925 49 45 39 255
3.4375 0.244415 -0.5925 49 45 39 255
3.4475 0.244682 -0.5925 48 45 39 255
3.4525 0.244856 -0.5925 49 45 39 255
3.4575 0.244891 -0.5925 48 44 38 255
3.4625 0.244718 -0.5925 46 43 38 255
3.4675 0.244485 -0.5925 44 43 37 255
3.4725 0.244456 -0.5925 46 44 37 255
3.4425 0.242982 -0.5875 46 44 39 255
3.4375 0.243089 -0.5875 46 44 39 255
3.4475 0.243205 -0.5875 46 45 37 255
3.4525 0.243518 -0.5875 48 45 38 255
3.4575 0.243391 -0.5875 47 44 39 255
3.4625 0.243224 -0.5875 45 44 37 255
3.4675 0.243289 -0.5875 46 44 38 255
3.4725 0.243322 -0.5875 47 44 39 255
3.4425 0.2425 -0.585937 45 44 38 255
3.4375 0.2425 -0.585799 45 44 38 255
3.4375 0.241366 -0.5825 45 44 38 255
3.4425 0.241365 -0.5825 45 44 38 255
3.4475 0.2425 -0.585327 44 44 37 255
3.4475 0.241493 -0.5825 44 44 37 255
3.4525 0.2425 -0.584057 46 44 37 255
3.4525 0.242017 -0.5825 46 44 37 255
3.4575 0.2425 -0.583989 46 43 38 255
3.4575 0.242138 -0.5825 46 43 38 255
3.4625 0.2425 -0.584469 46 43 37 255
3.4625 0.242059 -0.5825 46 43 37 255
3.4675 0.2425 -0.584223 46 43 38 255
3.4675 0.242085 -0.5825 46 43 38 255
3.4725 0.2425 -0.583049 46 43 38 255
3.47576 0.2425 -0.5825 78 73 67 255
3.4425 0.239877 -0.5775 46 44 39 255
3.4375 0.239743 -0.5775 46 44 39 255
3.4475 0.239755 -0.5775 47 46 41 255
3.4525 0.23993 -0.5775 46 44 39 255
3.4575 0.240341 -0.5775 47 43 39 255
3.4625 0.240403 -0.5775 47 44 39 255
3.4675 0.240143 -0.5775 46 44 38 255
3.4725 0.240751 -0.5775 47 43 39 255
3.2825 0.315618 -0.9975 32 31 27 255
3.2775 0.315687 -0.9975 32 31 27 255
3.2875 0.315644 -0.9975 32 31 27 255
3.2925 0.315944 -0.9975 33 31 29 255
3.2975 0.315619 -0.9975 33 32 27 255
3.3025 0.31479 -0.9975 33 31 27 255
3.3075 0.31435 -0.9975 32 29 28 255
3.3125 0.313537 -0.9975 30 29 26 255
3.2825 0.316469 -0.9925 32 30 27 255
3.2775 0.316382 -0.9925 32 30 27 255
3.2875 0.316351 -0.9925 32 30 27 255
3.2925 0.316604 -0.9925 34 32 29 255
3.2975 0.316519 -0.9925 32 31 27 255
3.3025 0.315565 -0.9925 32 30 27 255
3.3075 0.314898 -0.9925 31 31 27 255
3.3125 0.314342 -0.9925 29 29 26 255
3.2825 0.317056 -0.9875 33 31 28 255
3.2775 0.316767 -0.9875 33 31 28 255
3.2875 0.317118 -0.9875 33 32 29 255
3.2925 0.317104 -0.9875 34 32 29 255
3.2975 0.317243 -0.9875 32 32 27 255
3.3025 0.316449 -0.9875 30 29 26 255
3.3075 0.315504 -0.9875 31 30 27 255
3.3125 0.315054 -0.9875 30 28 26 255
3.2825 0.317437 -0.9825 33 31 28 255
3.2775 0.317153 -0.9825 33 31 28 255
3.2925 0.317248 -0.9825 35 33 29 255
3.2975 0.317222 -0.9825 32 30 27 255
3.3025 0.316698 -0.9825 33 31 27 255
3.3075 0.315941 -0.9825 31 30 26 255
3.3125 0.315624 -0.9825 30 28 25 255
3.2925 0.317285 -0.9775 35 34 30 255
3.2975 0.317026 -0.9775 33 31 28 255
3.3025 0.316843 -0.9775 32 29 26 255
3.3075 0.316615 -0.9775 31 30 26 255
3.3125 0.316454 -0.9775 30 29 26 255
3.2975 0.317198 -0.9725 33 32 28 255
3.3025 0.317112 -0.9725 34 32 28 255
3.3075 0.317264 -0.9725 31 30 26 255
3.3125 0.31733 -0.9725 30 28 25 255
3.3025 0.317212 -0.9675 31 30 27 255
3.3075 0.317181 -0.9675 32 31 27 255
3.3125 0.317262 -0.9675 33 31 26 255
3.4425 0.2225 -0.558111 63 59 50 255
3.4375 0.2225 -0.558895 63 59 50 255
3.4375 0.219665 -0.5575 63 59 50 255
3.4425 0.221106 -0.5575 63 59 50 255
3.4475 0.2225 -0.557856 62 58 51 255
3.4525 0.2225 -0.558127 59 56 48 255
3.4525 0.221045 -0.5575 59 56 48 255
3.4575 0.2225 -0.558362 59 56 48 255
3.4575 0.219899 -0.5575 59 56 48 255
3.4625 0.2225 -0.558166 61 58 49 255
3.4625 0.220478 -0.5575 61 58 49 255
3.4675 0.2225 -0.558022 59 58 48 255
3.4675 0.221154 -0.5575 59 58 48 255
3.4725 0.2225 -0.557824 122 117 107 255
3.4425 0.2275 -0.561538 61 57 49 255
3.4575 0.2275 -0.561002 60 57 49 255
3.4625 0.2275 -0.560344 61 59 49 255
3.4675 0.2275 -0.560362 118 114 105 255
3.4725 0.2275 -0.560577 117 114 104 255
3.4425 0.2125 -0.553815 44 44 40 255
3.4375 0.2125 -0.554222 44 44 40 255
3.4375 0.209087 -0.5525 44 44 40 255
3.4425 0.209734 -0.5525 44 44 40 255
3.4475 0.2125 -0.55349 45 42 39 255
3.4475 0.21025 -0.5525 45 42 39 255
3.4525 0.2125 -0.553531 51 50 46 255
3.4525 0.210303 -0.5525 51 50 46 255
3.4575 0.2125 -0.553905 62 59 54 255
3.4575 0.209886 -0.5525 62 59 54 255
3.4625 0.2125 -0.554002 65 63 55 255
3.4625 0.209316 -0.5525 65 63 55 255
3.4675 0.2125 -0.553726 64 62 54 255
3.4675 0.20966 -0.5525 64 62 54 255
3.4725 0.2125 -0.553305 127 124 114 255
3.4725 0.210683 -0.5525 127 124 114 255
3.4425 0.2175 -0.556071 43 43 41 255
3.4375 0.2175 -0.55653 43 43 41 255
3.4475 0.2175 -0.555672 44 43 40 255
3.4525 0.2175 -0.556014 45 44 41 255
3.4575 0.2175 -0.556661 44 42 39 255
3.4625 0.2175 -0.556495 43 42 38 255
3.4675 0.2175 -0.556034 105 99 93 255
3.4725 0.2175 -0.555627 127 121 111 255
3.4425 0.2075 -0.551247 71 68 60 255
3.4375 0.2075 -0.551393 71 68 60 255
3.4475 0.2075 -0.551233 72 68 60 255
3.4525 0.2075 -0.55112 72 69 61 255
3.4575 0.2075 -0.551059 71 68 59 255
3.4625 0.2075 -0.551457 75 72 63 255
3.4675 0.2075 -0.551351 137 134 123 255
3.4725 0.2075 -0.550838 136 132 122 255
3.1225 0.2175 -0.560078 43 40 33 255
3.1225 0.216308 -0.5575 43 40 33 255
3.1275 0.2175 -0.560245 43 41 32 255
3.1275 0.216396 -0.5575 43 41 32 255
3.1325 0.2175 -0.5599 43 41 33 255
3.1325 0.216448 -0.5575 43 41 33 255
3.1375 0.2175 -0.55821 44 43 34 255
3.14202 0.2175 -0.5575 44 42 35 255
3.1475 0.2175 -0.558435 44 40 33 255
3.14288 0.2175 -0.5575 44 40 33 255
3.1475 0.217021 -0.5575 44 40 33 255
3.1525 0.2175 -0.558049 41 40 32 255
3.1225 0.214169 -0.5525 43 40 32 255
3.1275 0.214147 -0.5525 45 43 34 255
3.1325 0.214038 -0.5525 50 46 37 255
3.1375 0.214537 -0.5525 46 44 35 255
3.1425 0.214901 -0.5525 49 47 37 255
3.1475 0.214491 -0.5525 45 43 35 255
3.1525 0.213905 -0.5525 43 40 33 255
3.1225 0.2125 -0.548934 49 46 38 255
3.1225 0.211788 -0.5475 49 46 38 255
3.1275 0.2125 -0.54946 52 48 40 255
3.1275 0.211298 -0.5475 52 48 40 255
3.1325 0.2125 -0.549748 51 49 41 255
3.1325 0.211087 -0.5475 51 49 41 255
3.1375 0.2125 -0.548751 48 45 36 255
3.1375 0.211731 -0.5475 48 45 36 255
3.1425 0.2125 -0.548385 47 45 37 255
3.1425 0.211921 -0.5475 47 45 37 255
3.1475 0.2125 -0.549304 46 43 35 255
3.1475 0.211294 -0.5475 46 43 35 255
3.1525 0.2125 -0.550278 43 41 35 255
3.1525 0.21075 -0.5475 43 41 35 255
3.1425 0.2075 -0.542863 46 43 36 255
3.1475 0.2075 -0.543783 46 45 37 255
3.1475 0.20615 -0.5425 46 45 37 255
3.1525 0.2075 -0.544056 48 46 37 255
3.1525 0.205877 -0.5425 48 46 37 255
3.1225 0.209296 -0.5425 50 47 39 255
3.1275 0.208307 -0.5425 49 47 39 255
3.1325 0.207661 -0.5425 50 48 39 255
3.1375 0.207653 -0.5425 49 46 37 255
3.1425 0.2025 -0.537946 50 46 38 255
3.13836 0.2025 -0.5375 50 46 38 255
3.1475 0.2025 -0.538924 50 47 39 255
3.1475 0.200704 -0.5375 50 47 39 255
3.1525 0.2025 -0.539534 51 49 41 255
3.1525 0.199511 -0.5375 51 49 41 255
3.1225 0.2075 -0.539744 50 47 38 255
3.1225 0.205856 -0.5375 50 47 38 255
3.1275 0.2075 -0.541407 48 46 37 255
3.1275 0.20452 -0.5375 48 46 37 255
3.1325 0.203521 -0.5375 50 48 40 255
3.1375 0.202602 -0.5375 50 48 40 255
3.1225 0.2025 -0.534371 48 46 39 255
3.1225 0.200182 -0.5325 48 46 39 255
3.1275 0.2025 -0.535455 50 49 40 255
3.1275 0.198952 -0.5325 50 49 40 255
3.1325 0.2025 -0.536341 50 48 40 255
3.2825 0.2375 -0.590282 33 31 25 255
3.2775 0.236563 -0.5875 33 31 25 255
3.2825 0.236411 -0.5875 33 31 25 255
3.2875 0.2375 -0.591332 34 31 25 255
3.2875 0.236474 -0.5875 34 31 25 255
3.29219 0.2375 -0.5875 31 28 24 255
3.2825 0.234363 -0.5825 33 30 25 255
3.2775 0.23465 -0.5825 33 30 25 255
3.2875 0.234763 -0.5825 34 30 26 255
3.2925 0.236043 -0.5825 33 30 25 255
3.2975 0.2375 -0.585278 32 29 23 255
3.2975 0.236599 -0.5825 32 29 23 255
3.3025 0.2375 -0.585919 46 44 38 255
3.3025 0.236406 -0.5825 46 44 38 255
3.3075 0.2375 -0.58546 47 44 39 255
3.3075 0.236484 -0.5825 47 44 39 255
3.3125 0.2375 -0.584879 45 43 37 255
3.3125 0.236575 -0.5825 45 43 37 255
3.2825 0.2325 -0.578165 39 36 30 255
3.2775 0.2325 -0.578061 39 36 30 255
3.28491 0.2325 -0.5775 39 37 30 255
3.2875 0.232809 -0.5775 34 31 26 255
3.2925 0.233978 -0.5775 32 31 24 255
3.2975 0.234489 -0.5775 35 32 27 255
3.3025 0.234329 -0.5775 48 45 40 255
3.3075 0.234273 -0.5775 48 45 40 255
3.3125 0.233943 -0.5775 49 47 41 255
3.2825 0.229444 -0.5725 44 42 33 255
3.2775 0.229077 -0.5725 44 42 33 255
3.2875 0.230243 -0.5725 48 43 36 255
3.2925 0.2325 -0.575096 48 44 37 255
3.2925 0.230581 -0.5725 48 44 37 255
3.2975 0.2325 -0.574211 47 45 37 255
3.2975 0.231313 -0.5725 47 45 37 255
3.3025 0.2325 -0.573811 61 56 49 255
3.3025 0.231762 -0.5725 61 56 49 255
3.3075 0.2325 -0.574186 58 53 47 255
3.3075 0.231407 -0.5725 58 53 47 255
3.3125 0.2325 -0.575142 49 45 40 255
3.3125 0.230605 -0.5725 49 45 40 255
3.2825 0.2275 -0.56983 46 43 35 255
3.2775 0.2275 -0.570343 46 43 35 255
3.2775 0.225357 -0.5675 46 43 35 255
3.2825 0.225688 -0.5675 46 43 35 255
3.2875 0.2275 -0.568851 44 42 34 255
3.2875 0.226324 -0.5675 44 42 34 255
3.2925 0.2275 -0.568915 45 43 35 255
3.2925 0.226199 -0.5675 45 43 35 255
3.2975 0.2275 -0.568223 45 43 35 255
3.3025 0.2275 -0.56761 59 56 48 255
3.3075 0.2275 -0.568343 57 53 47 255
3.3075 0.226686 -0.5675 57 53 47 255
3.3125 0.2275 -0.569312 55 53 45 255
3.3125 0.225786 -0.5675 55 53 45 255
3.2825 0.2225 -0.564111 48 47 36 255
3.2775 0.2225 -0.564266 48 47 36 255
3.2875 0.2225 -0.563718 45 43 35 255
3.2925 0.2225 -0.563712 44 42 32 255
3.2975 0.2225 -0.563816 46 44 35 255
3.3025 0.2225 -0.563567 59 56 49 255
3.3125 0.2225 -0.563517 45 43 39 255
3.2825 0.321085 -0.8775 36 33 27 255
3.2775 0.321105 -0.8775 36 33 27 255
3.2875 0.32138 -0.8775 37 35 29 255
3.2925 0.321641 -0.8775 41 37 31 255
3.2975 0.321621 -0.8775 45 39 34 255
3.3025 0.321411 -0.8775 55 50 42 255
3.3075 0.320732 -0.8775 58 54 46 255
3.3125 0.320186 -0.8775 54 52 43 255
3.2825 0.32146 -0.8725 37 34 29 255
3.2775 0.321227 -0.8725 37 34 29 255
3.2875 0.321725 -0.8725 38 35 28 255
3.2925 0.322091 -0.8725 41 38 32 255
3.2975 0.322197 -0.8725 46 42 36 255
3.3025 0.321773 -0.8725 54 51 42 255
3.3075 0.320838 -0.8725 54 51 42 255
3.3125 0.320435 -0.8725 50 46 39 255
3.2825 0.321303 -0.8675 36 34 28 255
3.2775 0.321075 -0.8675 36 34 28 255
3.2875 0.321522 -0.8675 38 36 30 255
3.2925 0.321899 -0.8675 40 36 30 255
3.2975 0.322187 -0.8675 42 39 33 255
3.3025 0.322086 -0.8675 50 47 40 255
3.3075 0.321264 -0.8675 47 43 37 255
3.3125 0.320603 -0.8675 42 38 32 255
3.2825 0.321075 -0.8625 38 35 30 255
3.2775 0.320979 -0.8625 38 35 30 255
3.2875 0.321015 -0.8625 35 33 27 255
3.2925 0.321322 -0.8625 39 36 30 255
3.2975 0.321719 -0.8625 40 38 31 255
3.3025 0.321759 -0.8625 41 38 32 255
3.3075 0.321177 -0.8625 40 36 30 255
3.3125 0.320544 -0.8625 39 35 29 255
3.2825 0.320844 -0.8575 37 33 27 255
3.2775 0.320886 -0.8575 37 33 27 255
3.2875 0.320477 -0.8575 39 36 31 255
3.2925 0.320577 -0.8575 37 35 29 255
3.2975 0.321007 -0.8575 41 38 32 255
3.3025 0.321011 -0.8575 39 37 30 255
3.3075 0.320768 -0.8575 39 36 29 255
3.3125 0.320538 -0.8575 38 35 28 255
3.2825 0.320419 -0.8525 37 34 29 255
3.2775 0.320781 -0.8525 37 34 29 255
3.2875 0.320129 -0.8525 35 32 27 255
3.2925 0.320173 -0.8525 37 34 29 255
3.2975 0.320475 -0.8525 39 35 29 255
3.3025 0.320554 -0.8525 39 35 30 255
3.3075 0.320506 -0.8525 37 34 26 255
3.3125 0.320451 -0.8525 38 35 28 255
3.2825 0.31992 -0.8475 38 35 28 255
3.2775 0.320817 -0.8475 38 35 28 255
3.2875 0.319608 -0.8475 35 32 26 255
3.2925 0.319955 -0.8475 37 34 28 255
3.2975 0.320314 -0.8475 37 34 29 255
3.3025 0.320447 -0.8475 37 35 30 255
3.3075 0.320357 -0.8475 38 35 28 255
3.3125 0.320424 -0.8475 39 35 28 255
3.3625 0.310738 -0.7575 51 47 39 255
3.3575 0.310295 -0.7575 51 47 39 255
3.3675 0.310921 -0.7575 52 46 39 255
3.3725 0.310774 -0.7575 50 45 38 255
3.3775 0.310787 -0.7575 49 44 37 255
3.3825 0.311046 -0.7575 49 44 37 255
3.3875 0.311564 -0.7575 48 44 37 255
3.3925 0.31214 -0.7575 49 45 37 255
3.3975 0.3125 -0.758379 48 43 36 255
3.3975 0.312371 -0.7575 48 43 36 255
3.3625 0.308935 -0.7525 51 47 39 255
3.3575 0.308636 -0.7525 51 47 39 255
3.3675 0.309394 -0.7525 49 46 38 255
3.3725 0.309841 -0.7525 53 49 39 255
3.3775 0.309987 -0.7525 49 46 37 255
3.3825 0.309853 -0.7525 49 46 37 255
3.3875 0.310479 -0.7525 47 44 36 255
3.3925 0.311189 -0.7525 50 47 40 255
3.3975 0.311168 -0.7525 48 46 39 255
3.3625 0.307635 -0.7475 49 46 37 255
3.3575 0.3075 -0.7475 49 46 37 255
3.3675 0.307952 -0.7475 50 47 38 255
3.3725 0.30874 -0.7475 50 48 39 255
3.3775 0.309052 -0.7475 50 47 39 255
3.3825 0.308661 -0.7475 51 48 39 255
3.3875 0.308929 -0.7475 49 46 39 255
3.3925 0.309686 -0.7475 49 46 38 255
3.3975 0.309911 -0.7475 49 46 38 255
3.3575 0.306567 -0.7425 52 47 39 255
3.3625 0.306524 -0.7425 52 47 39 255
3.3675 0.3075 -0.74587 51 47 38 255
3.3675 0.3066 -0.7425 51 47 38 255
3.3725 0.3075 -0.743201 54 49 40 255
3.37581 0.3075 -0.7425 50 47 38 255
3.3825 0.3075 -0.743164 51 47 40 255
3.37932 0.3075 -0.7425 51 47 40 255
3.3875 0.3075 -0.74357 52 48 41 255
3.3875 0.307107 -0.7425 52 48 41 255
3.39004 0.3075 -0.7425 51 46 39 255
3.3775 0.30761 -0.7425 50 48 39 255
3.3925 0.307878 -0.7425 50 47 40 255
3.3975 0.308757 -0.7425 50 48 39 255
3.3625 0.305109 -0.7375 56 51 43 255
3.3575 0.30526 -0.7375 56 51 43 255
3.3675 0.305273 -0.7375 55 50 42 255
3.3725 0.305696 -0.7375 54 49 41 255
3.3775 0.305881 -0.7375 54 49 42 255
3.3825 0.305957 -0.7375 54 49 43 255
3.3875 0.305783 -0.7375 53 49 40 255
3.3925 0.3075 -0.741319 53 49 40 255
3.3925 0.306281 -0.7375 53 49 40 255
3.3975 0.3075 -0.73794 54 49 41 255
3.3625 0.30375 -0.7325 55 51 42 255
3.3575 0.303737 -0.7325 55 51 42 255
3.3675 0.303992 -0.7325 55 51 42 255
3.3725 0.304057 -0.7325 56 50 43 255
3.3775 0.304048 -0.7325 52 48 41 255
3.3825 0.304459 -0.7325 53 48 41 255
3.3875 0.304927 -0.7325 54 50 41 255
3.3925 0.305224 -0.7325 51 48 39 255
3.3975 0.305806 -0.7325 55 51 43 255
3.3625 0.3025 -0.728633 55 51 43 255
3.3575 0.3025 -0.729133 55 51 43 255
3.3575 0.30184 -0.7275 55 51 43 255
3.3625 0.302115 -0.7275 55 51 43 255
3.36738 0.3025 -0.7275 56 51 44 255
3.3725 0.3025 -0.72792 57 50 43 255
3.3775 0.3025 -0.728476 58 52 45 255
3.3775 0.302124 -0.7275 58 52 45 255
3.38183 0.3025 -0.7275 56 51 43 255
3.3875 0.30343 -0.7275 53 49 41 255
3.3925 0.304059 -0.7275 54 51 42 255
3.3975 0.304487 -0.7275 55 50 42 255
3.3875 0.3025 -0.725001 57 51 44 255
3.8625 0.282002 -0.7175 51 48 42 255
3.85845 0.2825 -0.7225 51 48 42 255
3.85654 0.2875 -0.7225 57 54 47 255
3.8575 0.2875 -0.721169 57 54 47 255
3.8575 0.285909 -0.7225 57 54 47 255
3.85896 0.2875 -0.7175 41 40 40 255
3.85204 0.2925 -0.7225 51 48 40 255
3.8575 0.290151 -0.7175 36 34 31 255
3.85268 0.2925 -0.7175 36 34 31 255
3.83832 0.2975 -0.7225 49 46 38 255
3.8425 0.296726 -0.7225 49 46 38 255
3.8425 0.295044 -0.7175 49 46 38 255
3.8475 0.294925 -0.7225 48 45 39 255
3.8475 0.293688 -0.7175 48 45 39 255
3.8675 0.278636 -0.7125 31 31 29 255
3.86527 0.2825 -0.7125 31 31 29 255
3.8625 0.28655 -0.7125 46 45 42 255
3.86105 0.2875 -0.7125 46 45 42 255
3.8475 0.2925 -0.713838 55 51 44 255
3.84563 0.2925 -0.7125 55 51 44 255
3.8475 0.292077 -0.7125 55 51 44 255
3.8525 0.291542 -0.7125 52 50 41 255
3.8575 0.290525 -0.7125 40 38 33 255
3.8425 0.293183 -0.7125 50 47 40 255
3.8675 0.2825 -0.70933 48 47 43 255
3.86857 0.2825 -0.7075 44 43 41 255
3.87186 0.2775 -0.7075 44 43 41 255
3.86183 0.2875 -0.7075 41 39 35 255
3.8675 0.284043 -0.7075 28 27 25 255
3.8425 0.2925 -0.710939 53 49 42 255
3.8425 0.291118 -0.7075 53 49 42 255
3.8475 0.290188 -0.7075 54 51 43 255
3.8525 0.289596 -0.7075 53 50 42 255
3.8575 0.288707 -0.7075 42 40 36 255
3.8725 0.279784 -0.7025 33 31 29 255
3.8725 0.2775 -0.706394 33 31 29 255
3.86891 0.2825 -0.7025 33 31 29 255
3.87416 0.2775 -0.7025 40 39 38 255
3.8525 0.2875 -0.703152 60 56 48 255
3.85047 0.2875 -0.7025 60 56 48 255
3.8575 0.2875 -0.705067 58 54 46 255
3.8575 0.286225 -0.7025 58 54 46 255
3.8625 0.285178 -0.7025 54 51 43 255
3.8675 0.283949 -0.7025 40 39 35 255
3.8425 0.288736 -0.7025 58 54 46 255
3.8475 0.287928 -0.7025 59 54 47 255
3.8675 0.2825 -0.699384 52 48 40 255
3.86314 0.2825 -0.6975 52 48 40 255
3.8675 0.281592 -0.6975 52 48 40 255
3.8725 0.279807 -0.6975 61 57 51 255
3.87487 0.2775 -0.6975 28 27 25 255
3.8425 0.2875 -0.700202 59 55 47 255
3.8425 0.285954 -0.6975 59 55 47 255
3.8475 0.2875 -0.701622 63 57 50 255
3.8475 0.285319 -0.6975 63 57 50 255
3.8525 0.284598 -0.6975 59 55 47 255
3.8575 0.283593 -0.6975 56 51 43 255
3.8525 0.2825 -0.693411 60 55 48 255
3.84985 0.2825 -0.6925 60 55 48 255
3.8525 0.282038 -0.6925 60 55 48 255
3.8575 0.2825 -0.695386 60 55 48 255
3.8575 0.280933 -0.6925 60 55 48 255
3.8625 0.280143 -0.6925 56 51 45 255
3.8675 0.279555 -0.6925 53 50 43 255
3.8725 0.278376 -0.6925 53 48 42 255
3.87445 0.2775 -0.6925 32 31 28 255
3.8425 0.283702 -0.6925 61 57 49 255
3.8475 0.282885 -0.6925 59 54 46 255
3.8425 0.2825 -0.68961 62 57 49 255
3.83875 0.2825 -0.6875 62 57 49 255
3.8425 0.281621 -0.6875 62 57 49 255
3.8475 0.2825 -0.691731 58 53 46 255
3.8475 0.280426 -0.6875 58 53 46 255
3.8525 0.279179 -0.6875 60 55 48 255
3.8575 0.278359 -0.6875 58 53 47 255
3.8625 0.278097 -0.6875 57 53 46 255
3.8675 0.2775 -0.687618 55 51 43 255
3.8725 0.2775 -0.690534 51 47 41 255
3.8525 0.2775 -0.68457 57 53 46 255
3.8575 0.2775 -0.685782 58 54 47 255
3.8625 0.2775 -0.686119 58 53 46 255
3.40136 0.3125 -0.7575 48 44 37 255
3.4025 0.312538 -0.7575 47 42 36 255
3.4075 0.312785 -0.7575 45 42 34 255
3.4125 0.313059 -0.7575 44 41 33 255
3.4175 0.31346 -0.7575 47 41 33 255
3.4225 0.31383 -0.7575 46 41 35 255
3.4275 0.314208 -0.7575 45 39 32 255
3.4325 0.314569 -0.7575 48 42 35 255
3.4025 0.311437 -0.7525 48 43 36 255
3.4075 0.3125 -0.756079 48 45 37 255
3.4075 0.311774 -0.7525 48 45 37 255
3.4125 0.3125 -0.755302 47 43 34 255
3.4125 0.311752 -0.7525 47 43 34 255
3.4175 0.3125 -0.754165 48 43 35 255
3.4175 0.311999 -0.7525 48 43 35 255
3.42102 0.3125 -0.7525 45 42 34 255
3.4225 0.312698 -0.7525 47 42 34 255
3.4275 0.31328 -0.7525 46 41 33 255
3.4325 0.31339 -0.7525 45 41 33 255
3.4025 0.31014 -0.7475 50 46 38 255
3.4075 0.310597 -0.7475 50 45 37 255
3.4125 0.310669 -0.7475 49 45 36 255
3.4175 0.310587 -0.7475 47 44 35 255
3.4225 0.311073 -0.7475 48 43 35 255
3.4275 0.3125 -0.7499 47 42 35 255
3.4275 0.311691 -0.7475 47 42 35 255
3.4325 0.3125 -0.748855 48 43 36 255
3.4325 0.312123 -0.7475 48 43 36 255
3.4025 0.308945 -0.7425 50 46 38 255
3.4075 0.309159 -0.7425 51 45 38 255
3.4125 0.309402 -0.7425 49 44 36 255
3.4175 0.309403 -0.7425 50 45 37 255
3.4225 0.309688 -0.7425 49 44 36 255
3.4275 0.310226 -0.7425 48 45 37 255
3.4325 0.31092 -0.7425 48 45 36 255
3.39879 0.3075 -0.7375 51 49 40 255
3.4025 0.307838 -0.7375 49 47 38 255
3.4075 0.307954 -0.7375 48 45 37 255
3.4125 0.308078 -0.7375 52 47 38 255
3.4175 0.308253 -0.7375 48 44 36 255
3.4225 0.308548 -0.7375 50 45 37 255
3.4275 0.309005 -0.7375 49 45 38 255
3.4325 0.309566 -0.7375 50 47 38 255
3.4025 0.3075 -0.736334 51 48 39 255
3.4025 0.306348 -0.7325 51 48 39 255
3.4075 0.3075 -0.735894 52 48 39 255
3.4075 0.306492 -0.7325 52 48 39 255
3.4125 0.3075 -0.735764 52 49 40 255
3.4125 0.306382 -0.7325 52 49 40 255
3.4175 0.3075 -0.735234 52 48 40 255
3.4175 0.3066 -0.7325 52 48 40 255
3.4225 0.3075 -0.734141 52 47 40 255
3.4225 0.306996 -0.7325 52 47 40 255
3.4275 0.3075 -0.733556 52 48 40 255
3.4275 0.307116 -0.7325 52 48 40 255
3.43223 0.3075 -0.7325 53 50 42 255
3.4025 0.304814 -0.7275 52 49 40 255
3.4075 0.30472 -0.7275 53 49 40 255
3.4125 0.304487 -0.7275 53 50 41 255
3.4175 0.304717 -0.7275 53 49 41 255
3.4225 0.305091 -0.7275 54 48 41 255
3.4275 0.305129 -0.7275 52 49 40 255
3.4325 0.305513 -0.7275 54 50 42 255
3.2575 0.32151 -0.8775 43 40 35 255
3.2525 0.32191 -0.8775 43 40 35 255
3.2625 0.321204 -0.8775 42 39 34 255
3.2675 0.321237 -0.8775 40 37 33 255
3.2725 0.321266 -0.8775 39 36 32 255
3.2575 0.32133 -0.8725 44 42 37 255
3.2525 0.321968 -0.8725 44 42 37 255
3.2625 0.320859 -0.8725 42 40 34 255
3.2675 0.320898 -0.8725 42 38 34 255
3.2725 0.321088 -0.8725 40 37 33 255
3.2575 0.321142 -0.8675 44 41 35 255
3.2525 0.321716 -0.8675 44 41 35 255
3.2625 0.320764 -0.8675 43 41 34 255
3.2675 0.320739 -0.8675 41 40 33 255
3.2725 0.320872 -0.8675 39 35 30 255
3.2575 0.320852 -0.8625 45 42 36 255
3.2525 0.321422 -0.8625 45 42 36 255
3.2625 0.320636 -0.8625 43 39 36 255
3.2675 0.320698 -0.8625 43 40 33 255
3.2725 0.320763 -0.8625 40 37 32 255
3.2575 0.320933 -0.8575 43 40 35 255
3.2525 0.321485 -0.8575 43 40 35 255
3.2625 0.320678 -0.8575 41 37 32 255
3.2675 0.320754 -0.8575 42 38 33 255
3.2725 0.320794 -0.8575 38 36 30 255
3.2575 0.320975 -0.8525 43 41 35 255
3.2525 0.321514 -0.8525 43 41 35 255
3.2625 0.320801 -0.8525 40 39 32 255
3.2675 0.321065 -0.8525 40 39 33 255
3.2725 0.321152 -0.8525 40 37 31 255
3.2475 0.321549 -0.8525 44 40 35 255
3.2525 0.32102 -0.8475 44 40 35 255
3.2475 0.32139 -0.8475 44 40 35 255
3.2575 0.320526 -0.8475 45 43 35 255
3.2625 0.320687 -0.8475 42 38 34 255
3.2675 0.321285 -0.8475 40 38 32 255
3.2725 0.321474 -0.8475 40 37 32 255
3.3625 0.1925 -0.546457 59 59 54 255
3.3675 0.1925 -0.546731 61 59 55 255
3.3725 0.1925 -0.546737 141 140 136 255
3.4025 0.2225 -0.559677 59 56 49 255
3.4025 0.219142 -0.5575 59 56 49 255
3.4075 0.2225 -0.559261 61 58 51 255
3.4075 0.220069 -0.5575 61 58 51 255
3.4125 0.2225 -0.5591 58 56 50 255
3.4125 0.22025 -0.5575 58 56 50 255
3.4175 0.2225 -0.558841 63 61 52 255
3.4175 0.220684 -0.5575 63 61 52 255
3.4225 0.2225 -0.559061 60 60 52 255
3.4225 0.220596 -0.5575 60 60 52 255
3.4275 0.2225 -0.559574 60 59 51 255
3.4275 0.22004 -0.5575 60 59 51 255
3.4325 0.2225 -0.559647 60 58 50 255
3.4325 0.219305 -0.5575 60 58 50 255
3.4025 0.226355 -0.5625 59 56 49 255
3.4075 0.226219 -0.5625 59 56 48 255
3.4125 0.226303 -0.5625 60 57 48 255
3.4175 0.226335 -0.5625 59 56 49 255
3.4225 0.225985 -0.5625 60 57 48 255
3.4275 0.225733 -0.5625 60 57 48 255
3.4325 0.225843 -0.5625 61 57 50 255
3.4025 0.2125 -0.553943 54 55 50 255
3.4025 0.209855 -0.5525 54 55 50 255
3.4075 0.2125 -0.553211 54 55 50 255
3.4075 0.211041 -0.5525 54 55 50 255
3.4125 0.2125 -0.552926 54 55 51 255
3.4125 0.211673 -0.5525 54 55 51 255
3.4175 0.2125 -0.552811 54 54 50 255
3.4225 0.2125 -0.553041 55 53 50 255
3.4225 0.210912 -0.5525 55 53 50 255
3.4275 0.2125 -0.553527 49 50 46 255
3.4275 0.209343 -0.5525 49 50 46 255
3.4325 0.2125 -0.554129 43 44 40 255
3.4325 0.208895 -0.5525 43 44 40 255
3.4025 0.2175 -0.55658 54 54 48 255
3.4075 0.2175 -0.556014 53 52 48 255
3.4125 0.2175 -0.555819 50 49 46 255
3.4175 0.2175 -0.555406 45 44 41 255
3.4225 0.2175 -0.555373 45 44 40 255
3.4275 0.2175 -0.555809 42 42 39 255
3.4325 0.2175 -0.556482 41 41 37 255
3.4025 0.2025 -0.548107 71 69 61 255
3.4025 0.201001 -0.5475 71 69 61 255
3.4075 0.2025 -0.548316 71 69 61 255
3.4075 0.200541 -0.5475 71 69 61 255
3.4125 0.2025 -0.548133 71 69 61 255
3.4125 0.19996 -0.5475 71 69 61 255
3.4175 0.2025 -0.548236 72 70 61 255
3.4225 0.2025 -0.548908 72 70 62 255
3.4275 0.2025 -0.549312 75 72 63 255
3.4325 0.2025 -0.548722 72 69 61 255
3.4025 0.2075 -0.550968 59 57 52 255
3.4075 0.2075 -0.550656 58 57 52 255
3.4125 0.2075 -0.550221 58 57 52 255
3.4175 0.2075 -0.550205 70 68 61 255
3.4225 0.2075 -0.551059 72 70 63 255
3.4275 0.2075 -0.551744 70 67 59 255
3.4325 0.2075 -0.551663 70 67 59 255
3.3225 0.309404 -0.7575 48 43 35 255
3.3275 0.309524 -0.7575 46 42 33 255
3.3325 0.309627 -0.7575 47 43 35 255
3.3375 0.309927 -0.7575 49 44 35 255
3.3425 0.310081 -0.7575 47 42 35 255
3.3475 0.310033 -0.7575 48 43 36 255
3.3525 0.310028 -0.7575 49 45 37 255
3.3225 0.308091 -0.7525 48 43 35 255
3.3275 0.307929 -0.7525 47 43 35 255
3.3325 0.308073 -0.7525 50 45 37 255
3.3375 0.308773 -0.7525 50 46 38 255
3.3425 0.308956 -0.7525 48 43 35 255
3.3475 0.308724 -0.7525 51 46 39 255
3.3525 0.308601 -0.7525 51 47 39 255
3.3225 0.3075 -0.748533 48 44 36 255
3.3225 0.307365 -0.7475 48 44 36 255
3.3275 0.3075 -0.750365 51 46 38 255
3.3275 0.306984 -0.7475 51 46 38 255
3.3325 0.3075 -0.750581 52 47 39 255
3.3325 0.306637 -0.7475 52 47 39 255
3.3375 0.3075 -0.748943 51 47 39 255
3.3375 0.306955 -0.7475 51 47 39 255
3.3425 0.3075 -0.748648 49 46 38 255
3.3425 0.307024 -0.7475 49 46 38 255
3.3475 0.3075 -0.749389 53 50 41 255
3.3475 0.306709 -0.7475 53 50 41 255
3.3525 0.3075 -0.749124 50 47 38 255
3.3525 0.306924 -0.7475 50 47 38 255
3.3225 0.306558 -0.7425 50 46 38 255
3.3275 0.30595 -0.7425 48 45 36 255
3.3325 0.305491 -0.7425 50 46 38 255
3.3375 0.305275 -0.7425 49 46 37 255
3.3425 0.304916 -0.7425 49 46 37 255
3.3475 0.304771 -0.7425 51 47 39 255
3.3525 0.305569 -0.7425 51 47 38 255
3.3225 0.304881 -0.7375 51 48 40 255
3.3275 0.304427 -0.7375 52 48 40 255
3.3325 0.304284 -0.7375 52 48 40 255
3.3375 0.304158 -0.7375 49 46 38 255
3.3425 0.303752 -0.7375 49 46 36 255
3.3475 0.30379 -0.7375 53 50 41 255
3.3525 0.304706 -0.7375 54 48 40 255
3.3225 0.302632 -0.7325 53 49 41 255
3.3275 0.302739 -0.7325 53 50 41 255
3.3325 0.302856 -0.7325 53 49 40 255
3.3375 0.302898 -0.7325 50 47 38 255
3.3425 0.302873 -0.7325 54 50 41 255
3.3475 0.302902 -0.7325 55 51 43 255
3.3525 0.303481 -0.7325 53 50 41 255
3.3225 0.300978 -0.7275 54 48 41 255
3.3275 0.301094 -0.7275 57 52 45 255
3.3325 0.3025 -0.731505 55 52 43 255
3.3325 0.301159 -0.7275 55 52 43 255
3.3375 0.3025 -0.731416 57 51 43 255
3.3375 0.301133 -0.7275 57 51 43 255
3.3425 0.3025 -0.731325 55 49 41 255
3.3425 0.301231 -0.7275 55 49 41 255
3.3475 0.3025 -0.731025 55 50 42 255
3.3475 0.301419 -0.7275 55 50 42 255
3.3525 0.3025 -0.729539 53 50 41 255
3.3525 0.301726 -0.7275 53 50 41 255
4.0425 0.1925 -0.600387 56 55 50 255
3.5625 0.314165 -0.7975 48 47 48 255
3.5625 0.315448 -0.7925 48 47 48 255
3.5625 0.315791 -0.7875 41 40 40 255
3.5675 0.31564 -0.7925 43 42 41 255
3.5675 0.316064 -0.7875 43 42 41 255
3.5725 0.314513 -0.7925 42 42 41 255
3.5725 0.315527 -0.7875 42 42 41 255
3.5775 0.313604 -0.7925 46 46 46 255
3.5775 0.315119 -0.7875 46 46 46 255
3.5825 0.313097 -0.7925 44 43 44 255
3.5825 0.314913 -0.7875 44 43 44 255
3.5852 0.3125 -0.7925 45 44 45 255
3.5875 0.314187 -0.7875 45 44 45 255
3.5875 0.3125 -0.791342 45 44 45 255
3.59482 0.3125 -0.7875 40 39 38 255
3.5975 0.311989 -0.7875 40 39 38 255
3.5625 0.315305 -0.7825 35 32 28 255
3.5675 0.315747 -0.7825 34 31 27 255
3.5725 0.31586 -0.7825 36 32 29 255
3.5775 0.315614 -0.7825 34 31 28 255
3.5825 0.315106 -0.7825 45 42 38 255
3.5875 0.314474 -0.7825 43 43 44 255
3.5925 0.31308 -0.7875 42 42 42 255
3.5925 0.314426 -0.7825 42 42 42 255
3.5625 0.315138 -0.7775 35 32 29 255
3.5675 0.315796 -0.7775 35 32 29 255
3.5725 0.316155 -0.7775 35 32 28 255
3.5775 0.315861 -0.7775 37 33 29 255
3.5825 0.315203 -0.7775 35 33 28 255
3.5875 0.314603 -0.7775 36 34 29 255
3.5925 0.314667 -0.7775 40 39 37 255
3.5625 0.315528 -0.7725 36 33 29 255
3.5675 0.316169 -0.7725 36 33 29 255
3.5725 0.316454 -0.7725 37 33 29 255
3.5775 0.316163 -0.7725 37 34 30 255
3.5825 0.315488 -0.7725 38 36 30 255
3.5875 0.314835 -0.7725 39 36 31 255
3.5925 0.314606 -0.7725 37 34 31 255
3.5625 0.315897 -0.7675 37 33 29 255
3.5675 0.316469 -0.7675 35 32 28 255
3.5725 0.316667 -0.7675 36 34 29 255
3.5775 0.316276 -0.7675 36 33 28 255
3.5825 0.315617 -0.7675 37 35 30 255
3.5875 0.315112 -0.7675 38 35 30 255
3.5925 0.315013 -0.7675 38 35 30 255
3.5625 0.316195 -0.7625 37 34 28 255
3.5675 0.316625 -0.7625 36 33 28 255
3.5725 0.3169 -0.7625 37 36 29 255
3.5775 0.316418 -0.7625 37 35 29 255
3.5825 0.315876 -0.7625 38 36 32 255
3.5875 0.315853 -0.7625 38 34 30 255
3.5925 0.315851 -0.7625 39 36 31 255
3.2425 0.2975 -0.719159 29 25 20 255
3.2425 0.296928 -0.7175 29 25 20 255
3.2475 0.2975 -0.719917 30 26 21 255
3.2475 0.296714 -0.7175 30 26 21 255
3.2525 0.296131 -0.7175 26 25 19 255
3.2575 0.296035 -0.7175 26 24 19 255
3.2625 0.2975 -0.720952 26 24 19 255
3.2625 0.296289 -0.7175 26 24 19 255
3.2675 0.2975 -0.71951 26 23 19 255
3.2675 0.296667 -0.7175 26 23 19 255
3.2725 0.2975 -0.718232 25 22 17 255
3.27632 0.2975 -0.7175 33 31 24 255
3.2425 0.295442 -0.7125 28 25 20 255
3.2475 0.295294 -0.7125 28 24 17 255
3.2525 0.294794 -0.7125 27 24 18 255
3.2575 0.294514 -0.7125 26 24 19 255
3.2625 0.294467 -0.7125 26 24 19 255
3.2675 0.294714 -0.7125 26 24 18 255
3.2725 0.295363 -0.7125 25 23 18 255
3.2625 0.2925 -0.707534 27 24 19 255
3.2425 0.293932 -0.7075 29 26 21 255
3.2475 0.29394 -0.7075 27 25 18 255
3.2525 0.293503 -0.7075 27 23 19 255
3.2575 0.292928 -0.7075 28 24 19 255
3.2675 0.292837 -0.7075 29 25 20 255
3.2725 0.293674 -0.7075 25 24 20 255
3.2425 0.2925 -0.702864 31 27 21 255
3.2475 0.2925 -0.703047 31 28 21 255
3.2525 0.2925 -0.704642 29 27 20 255
3.2525 0.29173 -0.7025 29 27 20 255
3.2575 0.2925 -0.706328 29 25 20 255
3.2575 0.29103 -0.7025 29 25 20 255
3.2625 0.290729 -0.7025 27 25 19 255
3.2675 0.2925 -0.706553 27 24 19 255
3.2675 0.291066 -0.7025 27 24 19 255
3.2725 0.2925 -0.70472 27 24 19 255
3.2725 0.29152 -0.7025 27 24 19 255
3.2425 0.290492 -0.6975 31 27 22 255
3.2475 0.29026 -0.6975 30 27 20 255
3.2525 0.289599 -0.6975 28 26 20 255
3.2575 0.289058 -0.6975 28 25 19 255
3.2625 0.28913 -0.6975 29 27 21 255
3.2675 0.289374 -0.6975 28 25 19 255
3.2725 0.289335 -0.6975 29 25 21 255
3.2525 0.2875 -0.692722 30 27 21 255
3.2514 0.2875 -0.6925 30 27 21 255
3.2575 0.2875 -0.692979 31 27 22 255
3.26025 0.2875 -0.6925 30 26 20 255
3.2425 0.288223 -0.6925 31 28 21 255
3.2475 0.287851 -0.6925 30 26 20 255
3.2625 0.287628 -0.6925 29 26 21 255
3.2675 0.287871 -0.6925 31 27 23 255
3.2725 0.287973 -0.6925 29 26 20 255
3.2425 0.2875 -0.690927 30 26 20 255
3.2425 0.285925 -0.6875 30 26 20 255
3.2475 0.285501 -0.6875 30 27 21 255
3.2525 0.284874 -0.6875 31 27 21 255
3.2575 0.284975 -0.6875 33 29 22 255
3.2625 0.28558 -0.6875 33 29 22 255
3.2675 0.2875 -0.691596 31 28 21 255
3.2675 0.285846 -0.6875 31 28 21 255
3.2725 0.2875 -0.691188 31 28 20 255
3.2725 0.286136 -0.6875 31 28 20 255
3.71513 0.3075 -0.7775 44 42 39 255
3.6825 0.30932 -0.7775 47 46 45 255
3.6825 0.310812 -0.7725 47 46 45 255
3.6875 0.30958 -0.7775 49 47 46 255
3.6875 0.310881 -0.7725 49 47 46 255
3.6925 0.308852 -0.7775 45 45 44 255
3.6925 0.310634 -0.7725 45 45 44 255
3.6975 0.308577 -0.7775 40 40 40 255
3.6975 0.310198 -0.7725 40 40 40 255
3.7025 0.308329 -0.7775 43 43 43 255
3.7025 0.30974 -0.7725 43 43 43 255
3.7075 0.307751 -0.7775 43 43 43 255
3.7075 0.309407 -0.7725 43 43 43 255
3.7125 0.307731 -0.7775 41 40 40 255
3.7125 0.309349 -0.7725 41 40 40 255
3.6825 0.31118 -0.7675 37 34 31 255
3.6875 0.311497 -0.7675 37 36 32 255
3.6925 0.311499 -0.7675 38 38 37 255
3.6975 0.310773 -0.7675 40 38 35 255
3.7025 0.310011 -0.7675 41 37 34 255
3.7075 0.309662 -0.7675 42 41 37 255
3.7125 0.309816 -0.7675 40 38 35 255
3.5225 0.276826 -0.6525 69 63 53 255
3.5225 0.274224 -0.6475 68 64 53 255
3.5275 0.273938 -0.6475 68 64 52 255
3.5325 0.274751 -0.6475 68 64 54 255
3.5375 0.275563 -0.6475 60 57 48 255
3.5425 0.275979 -0.6475 62 58 49 255
3.5475 0.276265 -0.6475 63 59 49 255
3.5525 0.275966 -0.6475 65 61 52 255
3.5225 0.2725 -0.644024 69 65 54 255
3.5225 0.271706 -0.6425 69 65 54 255
3.5275 0.2725 -0.64493 68 64 54 255
3.5275 0.271198 -0.6425 68 64 54 255
3.5325 0.2725 -0.643665 69 65 55 255
3.5325 0.27188 -0.6425 69 65 55 255
3.53567 0.2725 -0.6425 64 60 51 255
3.5375 0.272854 -0.6425 64 60 51 255
3.5425 0.273213 -0.6425 63 59 51 255
3.5475 0.273269 -0.6425 65 60 52 255
3.5525 0.273125 -0.6425 63 59 51 255
3.3675 0.317695 -0.9075 30 28 23 255
3.3625 0.318104 -0.9025 31 28 25 255
3.3675 0.317729 -0.9025 29 27 23 255
3.3625 0.318176 -0.8975 31 29 24 255
3.3625 0.318418 -0.8925 32 28 24 255
3.3675 0.318009 -0.8925 31 27 24 255
3.3625 0.319262 -0.8875 31 28 22 255
3.3675 0.318791 -0.8875 31 27 23 255
3.3725 0.318262 -0.8875 31 28 23 255
3.3775 0.318037 -0.8875 30 28 23 255
3.3825 0.317806 -0.8875 30 27 23 255
3.6825 0.27654 -0.6475 59 56 47 255
3.6875 0.27653 -0.6475 59 55 47 255
3.6925 0.276476 -0.6475 60 56 48 255
3.6975 0.276079 -0.6475 58 54 45 255
3.7025 0.275619 -0.6475 58 54 45 255
3.7075 0.275235 -0.6475 58 54 45 255
3.7125 0.275236 -0.6475 56 52 44 255
3.1525 0.244875 -0.6275 40 38 30 255
3.1475 0.243256 -0.6275 40 38 30 255
3.1525 0.243682 -0.6225 40 38 30 255
3.1475 0.243001 -0.6225 40 38 30 255
3.1425 0.242261 -0.6225 34 30 24 255
3.1375 0.240922 -0.6225 34 30 24 255
3.1425 0.240394 -0.6175 34 30 24 255
3.1375 0.239191 -0.6175 34 30 24 255
3.1475 0.2425 -0.620971 40 38 29 255
3.14405 0.2425 -0.6225 40 38 29 255
3.1475 0.241278 -0.6175 40 38 29 255
3.1525 0.2425 -0.619866 38 36 28 255
3.1525 0.241503 -0.6175 38 36 28 255
3.1425 0.238623 -0.6125 40 36 31 255
3.1475 0.239237 -0.6125 43 38 33 255
3.1525 0.239468 -0.6125 37 34 27 255
3.6025 0.276655 -0.6475 65 60 51 255
3.9225 0.249471 -0.6525 26 25 23 255
3.9475 0.2425 -0.649747 52 50 43 255
3.94445 0.2425 -0.6475 52 50 43 255
3.9475 0.241812 -0.6475 52 50 43 255
3.9525 0.240199 -0.6475 43 40 33 255
3.9225 0.2475 -0.649035 53 50 43 255
3.9225 0.246569 -0.6475 53 50 43 255
3.9275 0.2475 -0.650708 54 49 43 255
3.9275 0.245849 -0.6475 54 49 43 255
3.9325 0.245167 -0.6475 55 51 45 255
3.9375 0.244139 -0.6475 43 41 35 255
3.9425 0.242948 -0.6475 48 46 41 255
3.9375 0.2425 -0.64335 54 50 43 255
3.9425 0.2425 -0.646347 52 50 42 255
3.4025 0.316783 -0.8775 33 31 24 255
3.4075 0.3162 -0.8775 32 30 25 255
3.4125 0.3162 -0.8775 30 28 24 255
3.4175 0.314994 -0.8825 42 39 34 255
3.4175 0.316411 -0.8775 42 39 34 255
3.4225 0.314262 -0.8825 42 40 41 255
3.4225 0.315259 -0.8775 42 40 41 255
3.4075 0.316968 -0.8725 33 30 26 255
3.4125 0.316699 -0.8725 31 30 25 255
3.4175 0.31726 -0.8725 34 31 27 255
3.4225 0.317143 -0.8725 39 39 39 255
3.4325 0.317233 -0.8575 60 58 52 255
3.4375 0.316679 -0.8625 59 56 50 255
3.4325 0.317301 -0.8525 52 49 43 255
3.5625 0.316199 -0.7575 38 35 30 255
3.5675 0.316613 -0.7575 38 34 28 255
3.5725 0.317104 -0.7575 37 34 29 255
3.5775 0.316746 -0.7575 37 35 29 255
3.5825 0.316256 -0.7575 37 35 29 255
3.5875 0.316315 -0.7575 35 33 27 255
3.5925 0.316319 -0.7575 37 34 28 255
3.5625 0.316116 -0.7525 36 32 28 255
3.5675 0.316542 -0.7525 37 35 30 255
3.5725 0.317025 -0.7525 38 36 30 255
3.5775 0.316952 -0.7525 37 35 29 255
3.5825 0.316521 -0.7525 37 35 29 255
3.5875 0.316194 -0.7525 36 33 27 255
3.5925 0.316196 -0.7525 38 34 28 255
3.5625 0.316366 -0.7475 37 34 28 255
3.5675 0.316619 -0.7475 37 33 29 255
3.5725 0.316771 -0.7475 36 34 28 255
3.5775 0.316734 -0.7475 39 36 29 255
3.5825 0.316704 -0.7475 36 33 28 255
3.5875 0.316357 -0.7475 37 32 27 255
3.5925 0.316116 -0.7475 36 33 28 255
3.5625 0.316516 -0.7425 37 34 28 255
3.5675 0.316551 -0.7425 37 33 28 255
3.5725 0.316509 -0.7425 37 33 28 255
3.5775 0.316437 -0.7425 37 33 28 255
3.5825 0.316853 -0.7425 36 33 27 255
3.5875 0.316919 -0.7425 37 32 28 255
3.5925 0.3163 -0.7425 37 33 27 255
3.5625 0.31615 -0.7375 36 35 28 255
3.5675 0.316016 -0.7375 39 35 30 255
3.5725 0.316128 -0.7375 38 34 29 255
3.5775 0.31626 -0.7375 38 35 30 255
3.5825 0.316644 -0.7375 37 34 28 255
3.5875 0.316793 -0.7375 37 32 27 255
3.5925 0.316256 -0.7375 37 33 29 255
3.5625 0.315283 -0.7325 37 34 28 255
3.5675 0.315429 -0.7325 37 35 28 255
3.5725 0.315815 -0.7325 38 36 30 255
3.5775 0.315876 -0.7325 37 33 27 255
3.5825 0.315651 -0.7325 38 34 28 255
3.5875 0.315764 -0.7325 39 36 30 255
3.5925 0.316122 -0.7325 38 34 30 255
3.5625 0.314127 -0.7275 45 42 35 255
3.5675 0.31467 -0.7275 44 41 33 255
3.5725 0.315106 -0.7275 42 39 33 255
3.5775 0.314832 -0.7275 39 35 29 255
3.5825 0.314004 -0.7275 37 33 27 255
3.5875 0.314095 -0.7275 37 33 28 255
3.5925 0.315383 -0.7275 37 34 28 255
3.8725 0.276518 -0.7075 38 38 36 255
3.8725 0.276019 -0.6875 59 54 48 255
3.4425 0.276537 -0.6575 53 48 40 255
3.4475 0.276439 -0.6575 53 49 40 255
3.4525 0.276542 -0.6575 50 45 37 255
3.4425 0.273524 -0.6525 52 48 39 255
3.4475 0.273758 -0.6525 53 49 40 255
3.4525 0.27376 -0.6525 53 48 39 255
3.4575 0.27408 -0.6525 54 48 39 255
3.4625 0.274555 -0.6525 53 48 40 255
3.4675 0.274818 -0.6525 52 47 38 255
3.4725 0.274699 -0.6525 51 48 38 255
3.4425 0.2725 -0.65057 51 47 39 255
3.4425 0.270833 -0.6475 51 47 39 255
3.4475 0.2725 -0.649808 51 47 39 255
3.4475 0.271399 -0.6475 51 47 39 255
3.4525 0.2725 -0.649849 51 46 38 255
3.4525 0.271456 -0.6475 51 46 38 255
3.4575 0.2725 -0.649323 51 46 37 255
3.4575 0.271622 -0.6475 51 46 37 255
3.4625 0.2725 -0.648556 52 47 38 255
3.4625 0.271939 -0.6475 52 47 38 255
3.4675 0.2725 -0.648401 51 47 39 255
3.4675 0.271999 -0.6475 51 47 39 255
3.4725 0.2725 -0.648261 54 50 41 255
3.4725 0.272108 -0.6475 54 50 41 255
3.4425 0.268161 -0.6425 51 48 40 255
3.4475 0.268964 -0.6425 52 48 40 255
3.4525 0.269109 -0.6425 51 46 40 255
3.4575 0.269055 -0.6425 51 47 39 255
3.4625 0.269308 -0.6425 48 45 36 255
3.4675 0.2694 -0.6425 51 48 40 255
3.4725 0.269421 -0.6425 50 46 38 255
3.4025 0.244669 -0.5975 48 46 38 255
3.4075 0.245047 -0.5975 49 45 39 255
3.4125 0.24434 -0.5975 52 48 41 255
3.4175 0.243759 -0.5975 50 46 40 255
3.4225 0.243935 -0.5975 51 47 41 255
3.4275 0.244177 -0.5975 51 47 40 255
3.4325 0.244485 -0.5975 49 45 40 255
3.4175 0.2425 -0.593184 47 45 39 255
3.41336 0.2425 -0.5925 47 45 39 255
3.41911 0.2425 -0.5925 48 45 39 255
3.4025 0.24289 -0.5925 48 46 39 255
3.4075 0.24303 -0.5925 48 45 38 255
3.4125 0.242543 -0.5925 49 44 39 255
3.4225 0.242921 -0.5925 49 46 39 255
3.4275 0.243689 -0.5925 48 45 39 255
3.4325 0.244238 -0.5925 48 46 39 255
3.4025 0.2425 -0.59149 45 43 38 255
3.4025 0.241009 -0.5875 45 43 38 255
3.4075 0.2425 -0.591257 44 43 37 255
3.4075 0.241005 -0.5875 44 43 37 255
3.4125 0.241071 -0.5875 46 43 38 255
3.4175 0.241516 -0.5875 48 45 40 255
3.4225 0.2425 -0.587823 46 43 38 255
3.4275 0.24317 -0.5875 48 46 39 255
3.4325 0.243313 -0.5875 47 44 38 255
3.4025 0.239425 -0.5825 45 43 37 255
3.4075 0.239352 -0.5825 45 42 37 255
3.4125 0.239409 -0.5825 47 43 38 255
3.4175 0.240223 -0.5825 46 43 38 255
3.4225 0.241101 -0.5825 45 44 38 255
3.4275 0.2425 -0.585607 44 42 37 255
3.4275 0.241297 -0.5825 44 42 37 255
3.4325 0.2425 -0.585512 46 43 38 255
3.4325 0.241259 -0.5825 46 43 38 255
3.4025 0.2375 -0.5775 45 44 38 255
3.4075 0.237574 -0.5775 43 42 38 255
3.4125 0.237511 -0.5775 44 43 38 255
3.4175 0.238063 -0.5775 46 44 39 255
3.4225 0.238795 -0.5775 46 43 38 255
3.4275 0.239042 -0.5775 47 44 38 255
3.4325 0.239317 -0.5775 46 45 39 255
3.4175 0.2375 -0.576354 46 43 37 255
3.4225 0.2375 -0.575291 46 44 38 255
3.4275 0.2375 -0.574608 45 42 37 255
3.4325 0.2375 -0.573358 48 45 37 255
3.6425 0.294614 -0.6775 62 57 48 255
3.6475 0.294814 -0.6775 58 54 44 255
3.6525 0.294317 -0.6775 59 54 46 255
3.6575 0.294193 -0.6775 57 53 45 255
3.6625 0.294408 -0.6775 56 52 43 255
3.6675 0.294401 -0.6775 56 52 44 255
3.6725 0.294364 -0.6775 57 53 45 255
3.6425 0.2925 -0.673662 59 55 46 255
3.6425 0.291825 -0.6725 59 55 46 255
3.6475 0.2925 -0.673343 59 54 45 255
3.6475 0.292026 -0.6725 59 54 45 255
3.6525 0.2925 -0.674389 59 55 46 255
3.6525 0.291403 -0.6725 59 55 46 255
3.6575 0.2925 -0.674846 60 55 46 255
3.6575 0.291027 -0.6725 60 55 46 255
3.6625 0.2925 -0.674423 60 55 47 255
3.6625 0.291365 -0.6725 60 55 47 255
3.6675 0.2925 -0.674015 60 56 47 255
3.6675 0.291713 -0.6725 60 56 47 255
3.6725 0.2925 -0.67415 61 57 47 255
3.6725 0.291611 -0.6725 61 57 47 255
3.6425 0.2889 -0.6675 60 55 47 255
3.6475 0.289034 -0.6675 60 55 46 255
3.6525 0.288701 -0.6675 60 55 46 255
3.6575 0.288314 -0.6675 59 55 46 255
3.6625 0.288524 -0.6675 59 54 45 255
3.6675 0.288974 -0.6675 57 54 44 255
3.6725 0.288701 -0.6675 57 53 45 255
3.6425 0.2875 -0.664944 60 56 48 255
3.6425 0.286171 -0.6625 60 56 48 255
3.6475 0.2875 -0.665084 59 54 46 255
3.6475 0.285872 -0.6625 59 54 46 255
3.6525 0.2875 -0.665312 60 56 47 255
3.6525 0.285929 -0.6625 60 56 47 255
3.6575 0.2875 -0.665679 60 56 47 255
3.6575 0.286047 -0.6625 60 56 47 255
3.6625 0.2875 -0.665473 61 57 49 255
3.6625 0.285973 -0.6625 61 57 49 255
3.6675 0.2875 -0.66511 59 55 46 255
3.6675 0.285892 -0.6625 59 55 46 255
3.6725 0.2875 -0.665642 60 56 48 255
3.6725 0.285553 -0.6625 60 56 48 255
3.6425 0.283218 -0.6575 59 54 47 255
3.6475 0.28279 -0.6575 58 54 46 255
3.6525 0.282974 -0.6575 57 53 45 255
3.6575 0.283427 -0.6575 60 55 47 255
3.6625 0.283278 -0.6575 62 57 49 255
3.6675 0.282885 -0.6575 60 57 48 255
3.6725 0.282802 -0.6575 60 56 48 255
3.6425 0.2825 -0.656198 58 54 46 255
3.6425 0.280385 -0.6525 58 54 46 255
3.6475 0.280164 -0.6525 58 55 46 255
3.6525 0.2825 -0.65666 59 54 46 255
3.6525 0.280305 -0.6525 59 54 46 255
3.6575 0.2825 -0.655964 60 55 46 255
3.6575 0.280528 -0.6525 60 55 46 255
3.6625 0.2825 -0.656212 60 55 47 255
3.6625 0.280334 -0.6525 60 55 47 255
3.6675 0.280157 -0.6525 60 55 47 255
3.6725 0.280211 -0.6525 60 56 46 255
3.4825 0.2675 -0.638301 51 47 39 255
3.4775 0.2675 -0.638405 51 47 39 255
3.4775 0.266964 -0.6375 51 47 39 255
3.4825 0.267023 -0.6375 51 47 39 255
3.4875 0.2675 -0.638278 49 45 36 255
3.4875 0.267082 -0.6375 49 45 36 255
3.4925 0.2675 -0.637974 49 46 37 255
3.4975 0.2675 -0.637586 49 45 37 255
3.49932 0.2675 -0.6375 67 62 52 255
3.5025 0.267603 -0.6375 67 64 53 255
3.5075 0.268363 -0.6375 69 64 54 255
3.5125 0.269367 -0.6375 69 63 53 255
3.5175 0.269238 -0.6375 69 63 53 255
3.4825 0.264056 -0.6325 50 46 37 255
3.4775 0.263948 -0.6325 50 46 37 255
3.4875 0.264291 -0.6325 47 42 34 255
3.4925 0.264408 -0.6325 47 43 35 255
3.4975 0.264491 -0.6325 67 63 53 255
3.5025 0.264767 -0.6325 68 64 54 255
3.5075 0.2675 -0.636009 68 64 53 255
3.5075 0.265491 -0.6325 68 64 53 255
3.5125 0.2675 -0.63483 68 63 54 255
3.5125 0.265942 -0.6325 68 63 54 255
3.5175 0.2675 -0.635067 70 66 56 255
3.5175 0.2658 -0.6325 70 66 56 255
3.4825 0.2625 -0.629589 48 44 37 255
3.4775 0.2625 -0.629954 48 44 37 255
3.4775 0.261127 -0.6275 48 44 37 255
3.4825 0.261429 -0.6275 48 44 37 255
3.4875 0.2625 -0.629377 47 42 34 255
3.4875 0.261482 -0.6275 47 42 34 255
3.4925 0.2625 -0.629053 48 44 36 255
3.4925 0.26161 -0.6275 48 44 36 255
3.4975 0.2625 -0.62892 67 63 54 255
3.4975 0.261639 -0.6275 67 63 54 255
3.5025 0.2625 -0.628469 67 63 54 255
3.5025 0.261928 -0.6275 67 63 54 255
3.50636 0.2625 -0.6275 68 64 55 255
3.5075 0.262667 -0.6275 70 66 56 255
3.5125 0.26296 -0.6275 67 62 54 255
3.5175 0.263142 -0.6275 67 63 53 255
3.4825 0.258692 -0.6225 47 44 36 255
3.4775 0.258193 -0.6225 47 44 36 255
3.4875 0.258851 -0.6225 46 42 35 255
3.4925 0.25869 -0.6225 46 44 35 255
3.4975 0.258513 -0.6225 69 64 56 255
3.5025 0.258844 -0.6225 68 63 56 255
3.5075 0.259504 -0.6225 70 66 57 255
3.5125 0.259779 -0.6225 68 65 55 255
3.5175 0.2625 -0.626501 69 64 56 255
3.5175 0.25986 -0.6225 69 64 56 255
3.4825 0.2575 -0.620463 45 40 34 255
3.4775 0.2575 -0.621216 45 40 34 255
3.4775 0.255582 -0.6175 45 40 34 255
3.4825 0.255791 -0.6175 45 40 34 255
3.4875 0.2575 -0.620176 44 41 33 255
3.4875 0.255882 -0.6175 44 41 33 255
3.4925 0.2575 -0.620268 69 64 55 255
3.4925 0.256036 -0.6175 69 64 55 255
3.4975 0.2575 -0.620496 69 64 56 255
3.4975 0.256085 -0.6175 69 64 56 255
3.5025 0.2575 -0.620007 67 63 54 255
3.5025 0.256222 -0.6175 67 63 54 255
3.5075 0.2575 -0.618947 68 64 55 255
3.5075 0.256696 -0.6175 68 64 55 255
3.5125 0.2575 -0.61842 69 65 57 255
3.5125 0.256998 -0.6175 69 65 57 255
3.5175 0.2575 -0.618614 69 65 56 255
3.5175 0.256884 -0.6175 69 65 56 255
3.4825 0.253057 -0.6125 47 43 35 255
3.4775 0.253096 -0.6125 47 43 35 255
3.4875 0.253067 -0.6125 46 42 37 255
3.4925 0.253824 -0.6125 71 66 58 255
3.4975 0.254214 -0.6125 69 65 56 255
3.5025 0.253964 -0.6125 72 67 58 255
3.5075 0.253976 -0.6125 71 66 57 255
3.5125 0.254467 -0.6125 70 63 56 255
3.5175 0.254794 -0.6125 69 65 56 255
3.4825 0.2525 -0.611262 48 45 37 255
3.4775 0.2525 -0.611298 48 45 37 255
3.4775 0.250702 -0.6075 48 45 37 255
3.4825 0.250848 -0.6075 48 45 37 255
3.4875 0.2525 -0.611136 49 45 39 255
3.4875 0.251009 -0.6075 49 45 39 255
3.4925 0.2525 -0.608836 74 70 62 255
3.4925 0.252007 -0.6075 74 70 62 255
3.4975 0.2525 -0.60788 73 69 60 255
3.5025 0.2525 -0.609086 73 68 60 255
3.5025 0.251834 -0.6075 73 68 60 255
3.5075 0.2525 -0.609598 73 67 60 255
3.5075 0.251509 -0.6075 73 67 60 255
3.5125 0.2525 -0.608921 73 68 59 255
3.5125 0.251773 -0.6075 73 68 59 255
3.5175 0.2525 -0.607778 75 68 62 255
3.4025 0.234352 -0.5725 55 53 46 255
3.4075 0.234429 -0.5725 52 50 41 255
3.4125 0.234856 -0.5725 50 50 41 255
3.4175 0.235422 -0.5725 52 50 42 255
3.4225 0.235747 -0.5725 51 48 42 255
3.4275 0.236295 -0.5725 51 49 41 255
3.4325 0.237084 -0.5725 55 52 44 255
3.4025 0.2325 -0.570011 124 117 109 255
3.4025 0.23055 -0.5675 124 117 109 255
3.4075 0.2325 -0.57 124 118 108 255
3.4075 0.230514 -0.5675 124 118 108 255
3.4125 0.2325 -0.569376 117 112 100 255
3.4125 0.230938 -0.5675 117 112 100 255
3.4175 0.2325 -0.568872 137 130 117 255
3.4175 0.231248 -0.5675 137 130 117 255
3.4225 0.2325 -0.568858 135 129 113 255
3.4225 0.231059 -0.5675 135 129 113 255
3.4275 0.2325 -0.568166 153 144 130 255
3.4275 0.231725 -0.5675 153 144 130 255
3.43235 0.2325 -0.5675 149 141 125 255
3.4025 0.2275 -0.563509 52 51 45 255
3.4075 0.2275 -0.563732 55 52 46 255
3.4125 0.2275 -0.56366 54 52 45 255
3.4175 0.2275 -0.563629 55 54 47 255
3.4225 0.2275 -0.563945 52 51 45 255
3.4275 0.2275 -0.563901 55 53 46 255
3.4325 0.2275 -0.563713 55 52 46 255
3.9975 0.2275 -0.64852 32 30 25 255
3.99705 0.2275 -0.6475 32 30 25 255
3.9825 0.2325 -0.648085 34 31 26 255
3.9875 0.230745 -0.6475 43 41 36 255
3.9925 0.228872 -0.6475 46 43 38 255
3.9625 0.237301 -0.6475 41 38 33 255
3.9675 0.236435 -0.6475 36 33 28 255
3.9725 0.235034 -0.6475 45 42 35 255
3.9775 0.233574 -0.6475 64 60 51 255
3.9775 0.2325 -0.644266 50 48 42 255
3.2425 0.235695 -0.5925 32 29 24 255
3.2475 0.236153 -0.5925 34 32 26 255
3.2525 0.236377 -0.5925 35 31 26 255
3.2575 0.236298 -0.5925 33 29 24 255
3.2625 0.236911 -0.5925 32 30 25 255
3.2425 0.234166 -0.5875 33 31 24 255
3.2475 0.23422 -0.5875 33 31 25 255
3.2525 0.234417 -0.5875 34 31 25 255
3.2575 0.234795 -0.5875 32 30 25 255
3.2625 0.235463 -0.5875 33 32 25 255
3.2675 0.23602 -0.5875 33 30 25 255
3.2725 0.236341 -0.5875 33 31 26 255
3.2475 0.2325 -0.582673 35 32 26 255
3.2459 0.2325 -0.5825 35 32 26 255
3.24838 0.2325 -0.5825 37 34 28 255
3.2425 0.232633 -0.5825 33 31 25 255
3.2525 0.232816 -0.5825 36 33 27 255
3.2575 0.233399 -0.5825 35 32 27 255
3.2625 0.233797 -0.5825 33 30 24 255
3.2675 0.234046 -0.5825 35 32 27 255
3.2725 0.234412 -0.5825 34 32 27 255
3.2425 0.23007 -0.5775 38 35 29 255
3.2475 0.229871 -0.5775 38 35 29 255
3.2525 0.230387 -0.5775 39 36 30 255
3.2575 0.2325 -0.580582 39 35 30 255
3.2575 0.230965 -0.5775 39 35 30 255
3.2625 0.2325 -0.579646 38 35 28 255
3.2625 0.231504 -0.5775 38 35 28 255
3.2675 0.2325 -0.579026 37 35 29 255
3.2675 0.231861 -0.5775 37 35 29 255
3.2725 0.2325 -0.578418 40 36 31 255
3.2725 0.232104 -0.5775 40 36 31 255
3.2425 0.2275 -0.573965 47 44 37 255
3.2425 0.226401 -0.5725 47 44 37 255
3.2475 0.2275 -0.573819 48 44 37 255
3.2475 0.226693 -0.5725 48 44 37 255
3.2525 0.2275 -0.572864 46 42 35 255
3.25425 0.2275 -0.5725 43 40 33 255
3.2575 0.227915 -0.5725 43 40 32 255
3.2625 0.228827 -0.5725 44 42 34 255
3.2675 0.229393 -0.5725 44 42 35 255
3.2725 0.229402 -0.5725 45 41 34 255
3.2425 0.2225 -0.567696 45 40 33 255
3.2475 0.22363 -0.5675 45 42 34 255
3.2525 0.224426 -0.5675 43 40 33 255
3.2575 0.224927 -0.5675 43 41 33 255
3.2625 0.2275 -0.570532 43 41 33 255
3.2625 0.225485 -0.5675 43 41 33 255
3.2675 0.2275 -0.569889 41 38 31 255
3.2675 0.225635 -0.5675 41 38 31 255
3.2725 0.2275 -0.569818 43 39 31 255
3.2725 0.225659 -0.5675 43 39 31 255
3.2475 0.2225 -0.566174 51 47 39 255
3.2525 0.2225 -0.565218 50 45 38 255
3.2575 0.2225 -0.564661 47 44 36 255
3.2625 0.2225 -0.564229 49 45 36 255
3.2675 0.2225 -0.564319 46 42 33 255
3.2725 0.2225 -0.564268 48 43 35 255
3.5225 0.268905 -0.6375 67 62 51 255
3.5275 0.26898 -0.6375 66 62 53 255
3.5325 0.269431 -0.6375 66 62 53 255
3.5375 0.27003 -0.6375 63 59 50 255
3.5425 0.2725 -0.641365 63 60 51 255
3.5425 0.270157 -0.6375 63 60 51 255
3.5475 0.2725 -0.641362 65 59 51 255
3.5475 0.269936 -0.6375 65 59 51 255
3.5525 0.2725 -0.641473 66 60 52 255
3.5525 0.270128 -0.6375 66 60 52 255
3.5225 0.2675 -0.635208 69 64 55 255
3.5225 0.265926 -0.6325 69 64 55 255
3.5275 0.2675 -0.634674 68 64 55 255
3.5275 0.266365 -0.6325 68 64 55 255
3.5325 0.2675 -0.63399 63 59 50 255
3.5325 0.266679 -0.6325 63 59 50 255
3.5375 0.2675 -0.633469 62 58 49 255
3.5375 0.266857 -0.6325 62 58 49 255
3.5425 0.2675 -0.633515 61 57 48 255
3.5425 0.266766 -0.6325 61 57 48 255
3.5475 0.2675 -0.633667 62 58 50 255
3.5475 0.266745 -0.6325 62 58 50 255
3.5525 0.2675 -0.632603 61 57 50 255
3.5225 0.263469 -0.6275 66 62 53 255
3.5275 0.263541 -0.6275 65 62 53 255
3.5325 0.263556 -0.6275 61 58 50 255
3.5375 0.263443 -0.6275 62 59 49 255
3.5425 0.263189 -0.6275 61 56 49 255
3.5475 0.263672 -0.6275 62 58 51 255
3.5525 0.264712 -0.6275 62 56 50 255
3.5225 0.2625 -0.626031 67 63 54 255
3.5225 0.259916 -0.6225 67 63 54 255
3.5275 0.2625 -0.626032 66 62 53 255
3.5275 0.259821 -0.6225 66 62 53 255
3.5325 0.2625 -0.626036 63 59 51 255
3.5325 0.259969 -0.6225 63 59 51 255
3.5375 0.2625 -0.625993 63 58 50 255
3.5375 0.260412 -0.6225 63 58 50 255
3.5425 0.2625 -0.626239 63 58 51 255
3.5425 0.260601 -0.6225 63 58 51 255
3.5475 0.2625 -0.625405 63 58 52 255
3.5475 0.260929 -0.6225 63 58 52 255
3.5525 0.2625 -0.624041 62 59 51 255
3.5525 0.261535 -0.6225 62 59 51 255
3.5225 0.2575 -0.619074 69 64 55 255
3.5225 0.256574 -0.6175 69 64 55 255
3.5275 0.2575 -0.619173 68 64 54 255
3.5275 0.256505 -0.6175 68 64 54 255
3.5325 0.2575 -0.618484 63 59 51 255
3.5325 0.256932 -0.6175 63 59 51 255
3.53549 0.2575 -0.6175 62 60 51 255
3.5375 0.257877 -0.6175 61 57 50 255
3.5425 0.258344 -0.6175 63 59 52 255
3.5475 0.258131 -0.6175 62 58 49 255
3.5525 0.258245 -0.6175 62 59 51 255
3.5225 0.254508 -0.6125 69 65 56 255
3.5275 0.254351 -0.6125 68 64 55 255
3.5325 0.254679 -0.6125 64 60 52 255
3.5375 0.2575 -0.61674 65 60 52 255
3.5375 0.255401 -0.6125 65 60 52 255
3.5425 0.2575 -0.615912 64 60 53 255
3.5425 0.255678 -0.6125 64 60 53 255
3.5475 0.2575 -0.616383 64 60 52 255
3.5475 0.2553 -0.6125 64 60 52 255
3.5525 0.2575 -0.616147 65 61 54 255
3.5525 0.255411 -0.6125 65 61 54 255
3.5225 0.2525 -0.607542 75 69 62 255
3.5275 0.2525 -0.607871 70 66 58 255
3.53037 0.2525 -0.6075 70 66 58 255
3.5325 0.25261 -0.6075 67 62 55 255
3.5375 0.253208 -0.6075 67 64 55 255
3.5425 0.253245 -0.6075 67 63 54 255
3.5475 0.252902 -0.6075 67 62 55 255
3.5525 0.25292 -0.6075 67 63 57 255
3.5375 0.2525 -0.605851 72 66 60 255
3.5425 0.2525 -0.605756 72 68 59 255
3.5475 0.2525 -0.606447 74 69 61 255
3.5525 0.2525 -0.606369 71 67 60 255
3.4825 0.315805 -0.8325 55 53 49 255
3.4825 0.316657 -0.8275 55 53 49 255
3.4875 0.312631 -0.8325 60 61 64 255
3.4875 0.315961 -0.8275 60 61 64 255
3.4825 0.316982 -0.8225 36 34 29 255
3.4875 0.316862 -0.8225 41 40 34 255
3.4925 0.31551 -0.8275 66 62 57 255
3.4925 0.316673 -0.8225 66 62 57 255
3.4975 0.315487 -0.8275 66 66 70 255
3.4975 0.316764 -0.8225 66 66 70 255
3.5025 0.315672 -0.8275 83 84 88 255
3.5025 0.316581 -0.8225 83 84 88 255
3.4825 0.317171 -0.8175 35 33 29 255
3.4875 0.316886 -0.8175 37 35 30 255
3.4925 0.316564 -0.8175 37 35 31 255
3.4975 0.316431 -0.8175 35 32 28 255
3.5025 0.316752 -0.8175 52 51 55 255
3.5075 0.316594 -0.8225 57 56 60 255
3.5075 0.317102 -0.8175 57 56 60 255
3.4825 0.317191 -0.8125 37 36 31 255
3.4875 0.316872 -0.8125 36 33 29 255
3.4925 0.3165 -0.8125 36 34 29 255
3.4975 0.316195 -0.8125 38 34 30 255
3.5025 0.316567 -0.8125 38 35 29 255
3.5075 0.316753 -0.8125 49 46 42 255
3.5125 0.315782 -0.8175 59 57 54 255
3.5125 0.315792 -0.8125 59 57 54 255
3.4825 0.317404 -0.8075 38 34 30 255
3.4875 0.317158 -0.8075 36 33 29 255
3.4925 0.316856 -0.8075 37 35 31 255
3.4975 0.316491 -0.8075 35 32 28 255
3.5025 0.316438 -0.8075 36 34 29 255
3.5075 0.316377 -0.8075 37 33 30 255
3.5125 0.315852 -0.8075 39 37 32 255
3.4425 0.303077 -0.7175 54 51 42 255
3.4475 0.303506 -0.7175 54 49 42 255
3.4525 0.303928 -0.7175 54 50 42 255
3.4575 0.303964 -0.7175 56 51 42 255
3.4625 0.304129 -0.7175 57 50 43 255
3.4675 0.304535 -0.7175 59 52 44 255
3.4725 0.304938 -0.7175 55 49 41 255
3.4775 0.305423 -0.7175 56 50 42 255
3.4425 0.3025 -0.715831 56 52 44 255
3.4425 0.301322 -0.7125 56 52 44 255
3.4475 0.3025 -0.714441 56 52 45 255
3.4475 0.301835 -0.7125 56 52 45 255
3.4525 0.3025 -0.713213 58 54 45 255
3.4575 0.3025 -0.71321 60 55 47 255
3.46097 0.3025 -0.7125 58 53 45 255
3.4625 0.302611 -0.7125 60 54 46 255
3.4675 0.303237 -0.7125 59 53 45 255
3.4725 0.303682 -0.7125 59 53 45 255
3.4775 0.303777 -0.7125 56 51 43 255
3.4425 0.299411 -0.7075 58 53 45 255
3.4475 0.299598 -0.7075 57 52 44 255
3.4525 0.299841 -0.7075 59 54 46 255
3.4575 0.300029 -0.7075 60 55 47 255
3.4625 0.300667 -0.7075 60 54 46 255
3.4675 0.3025 -0.710625 60 54 46 255
3.4675 0.301291 -0.7075 60 54 46 255
3.4725 0.3025 -0.709529 63 56 48 255
3.4725 0.301704 -0.7075 63 56 48 255
3.4775 0.3025 -0.709217 59 54 46 255
3.4775 0.301829 -0.7075 59 54 46 255
3.4425 0.2975 -0.703056 61 56 47 255
3.4475 0.2975 -0.702733 61 56 47 255
3.4525 0.2975 -0.702888 61 57 48 255
3.45432 0.2975 -0.7025 60 55 46 255
3.4575 0.297846 -0.7025 61 55 47 255
3.4625 0.298841 -0.7025 61 57 47 255
3.4675 0.299327 -0.7025 58 53 43 255
3.4725 0.29938 -0.7025 61 55 46 255
3.4775 0.299369 -0.7025 61 57 47 255
3.4425 0.295217 -0.6975 64 60 49 255
3.4475 0.295529 -0.6975 63 59 49 255
3.4525 0.295116 -0.6975 64 59 49 255
3.4575 0.2975 -0.701655 63 58 49 255
3.4575 0.295589 -0.6975 63 58 49 255
3.4625 0.2975 -0.699424 65 61 51 255
3.4625 0.296545 -0.6975 65 61 51 255
3.4675 0.2975 -0.698551 65 61 51 255
3.4675 0.296929 -0.6975 65 61 51 255
3.4725 0.2975 -0.698609 63 59 49 255
3.4725 0.29691 -0.6975 63 59 49 255
3.4775 0.2975 -0.698703 63 59 50 255
3.4775 0.296923 -0.6975 63 59 50 255
3.4425 0.29334 -0.6925 65 61 51 255
3.4475 0.293727 -0.6925 66 62 51 255
3.4525 0.293464 -0.6925 65 60 49 255
3.4575 0.293912 -0.6925 66 60 50 255
3.4625 0.294251 -0.6925 68 62 52 255
3.4675 0.294067 -0.6925 65 60 50 255
3.4725 0.294529 -0.6925 64 60 51 255
3.4775 0.295091 -0.6925 65 60 51 255
3.4425 0.2925 -0.690599 65 61 52 255
3.4425 0.290904 -0.6875 65 61 52 255
3.4475 0.2925 -0.689879 68 62 53 255
3.4475 0.291226 -0.6875 68 62 53 255
3.4525 0.2925 -0.68972 66 61 51 255
3.4525 0.291716 -0.6875 66 61 51 255
3.45722 0.2925 -0.6875 67 62 52 255
3.4675 0.2925 -0.688703 66 61 50 255
3.46271 0.2925 -0.6875 66 61 50 255
3.4675 0.292073 -0.6875 66 61 50 255
3.47197 0.2925 -0.6875 67 63 53 255
3.4775 0.293172 -0.6875 67 62 54 255
3.4775 0.2925 -0.685887 67 63 54 255
3.83923 0.2925 -0.7425 49 45 41 255
3.8425 0.2925 -0.73863 39 35 31 255
3.84343 0.2925 -0.7375 47 44 38 255
3.8425 0.294701 -0.7375 54 50 44 255
3.84023 0.2975 -0.7375 54 50 44 255
3.84927 0.2875 -0.7325 43 40 36 255
3.8475 0.292171 -0.7325 52 50 45 255
3.8425 0.2975 -0.734161 50 47 42 255
3.84357 0.2975 -0.7325 59 58 56 255
3.8425 0.299045 -0.7325 26 25 23 255
3.8525 0.2875 -0.727801 58 55 48 255
3.84953 0.2925 -0.7275 56 53 48 255
3.8475 0.295458 -0.7275 45 42 37 255
3.84377 0.2975 -0.7275 45 42 37 255
3.8425 0.298267 -0.7275 46 43 37 255
3.8425 0.2975 -0.724924 50 46 39 255
3.9325 0.2275 -0.597749 62 58 54 255
3.9375 0.2275 -0.599227 61 57 52 255
3.9375 0.226789 -0.5975 61 57 52 255
3.9425 0.2275 -0.599607 62 58 53 255
3.9425 0.22657 -0.5975 62 58 53 255
3.9475 0.2275 -0.601745 60 57 52 255
3.9475 0.2257 -0.5975 60 57 52 255
3.9525 0.224021 -0.5975 60 56 52 255
3.9225 0.229524 -0.5975 63 58 53 255
3.9275 0.228462 -0.5975 60 57 52 255
3.9525 0.2225 -0.594478 45 42 40 255
3.94861 0.2225 -0.5925 45 42 40 255
3.9525 0.221382 -0.5925 45 42 40 255
3.9275 0.2275 -0.595065 63 59 55 255
3.92281 0.2275 -0.5925 63 59 55 255
3.9275 0.226533 -0.5925 63 59 55 255
3.9325 0.225652 -0.5925 64 61 56 255
3.9375 0.224626 -0.5925 64 62 58 255
3.9425 0.223817 -0.5925 61 57 54 255
3.9475 0.222805 -0.5925 58 56 52 255
3.9525 0.2175 -0.5875 54 52 48 255
3.9375 0.2225 -0.588484 43 41 38 255
3.93556 0.2225 -0.5875 43 41 38 255
3.9375 0.221919 -0.5875 43 41 38 255
3.9425 0.2225 -0.590526 58 57 54 255
3.9425 0.220343 -0.5875 58 57 54 255
3.9475 0.218715 -0.5875 94 94 91 255
3.9225 0.224994 -0.5875 67 63 59 255
3.9275 0.224083 -0.5875 68 63 60 255
3.9325 0.223346 -0.5875 55 51 49 255
3.9525 0.2125 -0.582934 76 75 67 255
3.95128 0.2125 -0.5825 76 75 67 255
3.9425 0.2175 -0.583845 60 59 55 255
3.93877 0.2175 -0.5825 60 59 55 255
3.9425 0.216212 -0.5825 60 59 55 255
3.9475 0.2175 -0.586107 57 56 53 255
3.9475 0.214079 -0.5825 57 56 53 255
3.9225 0.2225 -0.583502 141 135 124 255
3.92004 0.2225 -0.5825 141 135 124 255
3.9225 0.221831 -0.5825 141 135 124 255
3.9275 0.2225 -0.585003 149 144 132 255
3.9275 0.220475 -0.5825 149 144 132 255
3.9325 0.2225 -0.586131 145 140 132 255
3.9325 0.219216 -0.5825 145 140 132 255
3.9375 0.217951 -0.5825 111 108 104 255
3.9475 0.2125 -0.58096 92 89 81 255
3.9275 0.2175 -0.579564 66 63 61 255
3.92296 0.2175 -0.5775 66 63 61 255
3.9275 0.215056 -0.5775 66 63 61 255
3.9325 0.2175 -0.581087 82 79 75 255
4.06002 0.2075 -0.6475 40 38 34 255
4.0625 0.206343 -0.6475 40 38 34 255
4.0675 0.204603 -0.6475 49 45 38 255
4.0725 0.20371 -0.6475 41 40 38 255
4.0475 0.2125 -0.646895 39 37 32 255
4.0525 0.210997 -0.6475 41 38 33 255
4.0575 0.208757 -0.6475 50 46 40 255
4.0425 0.214154 -0.6475 39 38 36 255
4.0375 0.215184 -0.6475 39 38 36 255
3.5625 0.292756 -0.6775 61 55 46 255
3.5675 0.293189 -0.6775 62 58 48 255
3.5725 0.29324 -0.6775 61 57 48 255
3.5775 0.292808 -0.6775 62 57 49 255
3.5825 0.292781 -0.6775 61 56 46 255
3.5875 0.293055 -0.6775 63 58 50 255
3.5925 0.293478 -0.6775 66 60 52 255
3.5625 0.290473 -0.6725 63 60 50 255
3.5675 0.2925 -0.675785 61 56 47 255
3.5675 0.291102 -0.6725 61 56 47 255
3.5725 0.2925 -0.675748 63 57 47 255
3.5725 0.29107 -0.6725 63 57 47 255
3.5775 0.290603 -0.6725 59 55 46 255
3.5825 0.290279 -0.6725 64 59 49 255
3.5875 0.2925 -0.676557 66 61 51 255
3.5875 0.290318 -0.6725 66 61 51 255
3.5925 0.2925 -0.675809 65 61 50 255
3.5925 0.290611 -0.6725 65 61 50 255
3.55938 0.2875 -0.6675 63 58 50 255
3.5625 0.287809 -0.6675 64 58 50 255
3.5675 0.288389 -0.6675 64 59 50 255
3.5725 0.288446 -0.6675 64 59 51 255
3.5775 0.288215 -0.6675 64 58 49 255
3.5825 0.287745 -0.6675 65 59 51 255
3.5875 0.28761 -0.6675 65 61 52 255
3.5925 0.287893 -0.6675 65 60 50 255
3.5625 0.285318 -0.6625 63 58 50 255
3.5675 0.2875 -0.665873 64 59 50 255
3.5675 0.285677 -0.6625 64 59 50 255
3.5725 0.2875 -0.665912 63 58 49 255
3.5725 0.285398 -0.6625 63 58 49 255
3.5775 0.2875 -0.666339 63 59 50 255
3.5775 0.284868 -0.6625 63 59 50 255
3.5825 0.284561 -0.6625 62 58 49 255
3.5875 0.28473 -0.6625 62 57 49 255
3.5925 0.285176 -0.6625 63 59 49 255
3.56115 0.2825 -0.6575 65 60 52 255
3.5775 0.2825 -0.658248 64 60 52 255
3.57349 0.2825 -0.6575 64 60 52 255
3.5825 0.2825 -0.658399 63 59 49 255
3.5825 0.282047 -0.6575 63 59 49 255
3.5875 0.2825 -0.658076 65 59 51 255
3.59195 0.2825 -0.6575 63 59 49 255
3.5625 0.28274 -0.6575 64 58 50 255
3.5675 0.283127 -0.6575 65 60 50 255
3.5725 0.282594 -0.6575 64 60 51 255
3.5625 0.279609 -0.6525 64 60 50 255
3.5675 0.2825 -0.656529 63 59 50 255
3.5675 0.279895 -0.6525 63 59 50 255
3.5725 0.279813 -0.6525 65 60 51 255
3.5775 0.279811 -0.6525 65 61 52 255
3.5825 0.279641 -0.6525 67 61 51 255
3.5875 0.279507 -0.6525 67 61 53 255
3.5925 0.279743 -0.6525 66 62 52 255
3.2825 0.279523 -1.2725 56 55 47 255
3.2875 0.278677 -1.2725 58 58 51 255
3.2825 0.280801 -1.2675 29 28 23 255
3.2875 0.280289 -1.2675 42 42 37 255
3.2925 0.279557 -1.2675 50 50 46 255
3.2975 0.27918 -1.2675 41 40 34 255
3.3025 0.278547 -1.2675 45 43 37 255
3.2825 0.281907 -1.2625 29 29 24 255
3.2875 0.281604 -1.2625 28 28 23 255
3.2925 0.280992 -1.2625 30 30 26 255
3.2975 0.280662 -1.2625 28 28 23 255
3.3025 0.280113 -1.2625 29 28 25 255
3.3075 0.278531 -1.2625 27 27 24 255
3.3075 0.2775 -1.265 27 27 24 255
3.3081 0.2775 -1.2625 58 54 50 255
3.2825 0.2825 -1.25942 29 29 23 255
3.2875 0.2825 -1.25849 27 27 22 255
3.29031 0.2825 -1.2575 28 28 23 255
3.2925 0.282314 -1.2575 28 28 23 255
3.2975 0.281967 -1.2575 30 28 24 255
3.3025 0.281277 -1.2575 29 28 24 255
3.2825 0.282873 -1.2575 28 28 23 255
3.2875 0.282724 -1.2575 25 25 21 255
3.2925 0.2825 -1.25662 29 28 23 255
3.2975 0.2825 -1.25476 31 30 26 255
3.30023 0.2825 -1.2525 29 28 25 255
3.3025 0.282034 -1.2525 29 28 25 255
3.2825 0.283616 -1.2525 30 30 25 255
3.2875 0.28356 -1.2525 29 29 24 255
3.2925 0.283292 -1.2525 29 29 26 255
3.2975 0.282877 -1.2525 28 26 22 255
3.3025 0.2825 -1.24896 29 28 26 255
3.2825 0.284346 -1.2475 29 29 24 255
3.2875 0.284398 -1.2475 30 30 25 255
3.2925 0.28437 -1.2475 30 29 25 255
3.2975 0.283717 -1.2475 30 27 25 255
3.3025 0.282667 -1.2475 29 28 25 255
3.30502 0.2825 -1.2475 29 29 23 255
3.3075 0.2825 -1.24603 37 34 31 255
3.7675 0.305908 -0.7775 44 41 40 255
3.7625 0.305461 -0.7775 44 41 40 255
3.7725 0.305812 -0.7775 45 42 40 255
3.7775 0.305273 -0.7775 45 43 41 255
3.7825 0.304782 -0.7775 52 49 48 255
3.7875 0.304337 -0.7775 63 59 56 255
3.7925 0.303667 -0.7775 70 66 64 255
3.7625 0.306342 -0.7725 52 51 47 255
3.7675 0.306406 -0.7725 44 43 40 255
3.7725 0.30631 -0.7725 49 47 41 255
3.7775 0.305442 -0.7725 47 44 40 255
3.7825 0.304787 -0.7725 59 53 48 255
3.7875 0.304419 -0.7725 72 67 62 255
3.7925 0.303629 -0.7725 62 60 56 255
3.7625 0.306992 -0.7675 45 41 37 255
3.7675 0.306634 -0.7675 48 46 40 255
3.7725 0.306017 -0.7675 47 45 39 255
3.7775 0.304943 -0.7675 46 44 39 255
3.7825 0.304478 -0.7675 49 47 41 255
3.7875 0.304189 -0.7675 48 46 41 255
3.7925 0.303671 -0.7675 49 46 42 255
3.7625 0.30731 -0.7625 39 37 31 255
3.7675 0.306851 -0.7625 39 37 31 255
3.7725 0.305823 -0.7625 38 37 32 255
3.7775 0.305064 -0.7625 40 37 33 255
3.7825 0.304963 -0.7625 39 37 32 255
3.7875 0.304689 -0.7625 41 38 34 255
3.7925 0.304247 -0.7625 40 37 32 255
3.2825 0.240184 -0.5975 34 31 25 255
3.2875 0.23935 -0.5975 34 31 25 255
3.2925 0.239127 -0.5975 32 31 24 255
3.2975 0.239716 -0.5975 45 42 36 255
3.3025 0.240245 -0.5975 46 42 37 255
3.3075 0.240633 -0.5975 46 44 36 255
3.3125 0.240875 -0.5975 46 43 38 255
3.2825 0.238385 -0.5925 36 33 26 255
3.2875 0.237822 -0.5925 34 30 24 255
3.2925 0.238236 -0.5925 34 30 24 255
3.2975 0.238926 -0.5925 46 43 37 255
3.3025 0.23896 -0.5925 45 42 36 255
3.3075 0.239322 -0.5925 46 43 38 255
3.3125 0.239723 -0.5925 45 42 37 255
3.2975 0.238234 -0.5875 32 29 24 255
3.3025 0.238001 -0.5875 45 43 37 255
3.3075 0.238171 -0.5875 44 42 37 255
3.3125 0.238468 -0.5875 45 42 37 255
4.0325 0.2175 -0.649189 49 45 40 255
4.03143 0.2175 -0.6475 49 45 40 255
4.0325 0.217078 -0.6475 49 45 40 255
4.01362 0.2225 -0.6475 52 48 43 255
4.0175 0.220966 -0.6475 52 48 43 255
4.0225 0.219868 -0.6475 62 58 52 255
4.0275 0.219144 -0.6475 68 63 55 255
4.0025 0.226318 -0.6475 47 44 37 255
4.0075 0.225016 -0.6475 63 60 53 255
4.0125 0.222966 -0.6475 68 62 54 255
4.0275 0.2175 -0.643635 42 39 35 255
4.0125 0.2225 -0.646102 44 40 35 255
3.7925 0.236864 -0.5725 78 72 67 255
3.7975 0.236035 -0.5725 77 72 66 255
3.7975 0.2325 -0.568079 78 76 67 255
3.79314 0.2325 -0.5675 78 76 67 255
3.7625 0.23396 -0.5675 74 72 63 255
3.7675 0.233559 -0.5675 73 70 63 255
3.7725 0.233823 -0.5675 75 72 65 255
3.7775 0.234102 -0.5675 76 72 66 255
3.7825 0.234251 -0.5675 76 73 65 255
3.7875 0.233696 -0.5675 77 73 67 255
3.7675 0.2275 -0.562958 99 96 88 255
3.7725 0.2275 -0.563332 100 97 87 255
3.7775 0.2275 -0.563309 98 93 83 255
3.7825 0.2275 -0.56344 100 95 87 255
3.7875 0.2275 -0.563796 99 93 85 255
3.7925 0.2275 -0.564268 98 93 85 255
3.7975 0.2275 -0.564788 99 93 86 255
3.7625 0.2325 -0.566001 97 94 86 255
3.7675 0.2325 -0.56648 98 95 86 255
3.7725 0.2325 -0.566452 99 94 85 255
3.7775 0.2325 -0.566283 98 94 86 255
3.7825 0.2325 -0.566198 95 91 82 255
3.7875 0.2325 -0.566615 95 92 82 255
3.3025 0.1925 -0.542512 71 68 60 255
3.3075 0.1925 -0.543175 73 71 62 255
3.3075 0.191272 -0.5425 73 71 62 255
3.3125 0.1925 -0.543287 73 73 64 255
3.3125 0.190357 -0.5425 73 73 64 255
3.2825 0.192662 -0.5425 61 57 48 255
3.2875 0.192913 -0.5425 54 50 45 255
3.2925 0.193366 -0.5425 54 51 44 255
3.2975 0.193277 -0.5425 72 69 61 255
3.2825 0.1875 -0.538879 64 61 53 255
3.2825 0.184581 -0.5375 64 61 53 255
3.3125 0.1875 -0.541665 207 207 202 255
3.2875 0.1875 -0.539571 59 57 49 255
3.2925 0.1925 -0.541968 60 59 48 255
3.2925 0.1875 -0.539606 60 59 48 255
3.2975 0.1925 -0.542006 75 72 65 255
3.2975 0.1875 -0.539333 75 72 65 255
3.3025 0.1875 -0.5397 74 73 63 255
3.3075 0.1875 -0.540573 69 67 57 255
3.2825 0.1825 -0.536769 39 38 35 255
3.7625 0.307295 -0.7575 38 36 31 255
3.7675 0.306911 -0.7575 38 36 31 255
3.7725 0.306108 -0.7575 38 34 30 255
3.7775 0.305856 -0.7575 38 37 31 255
3.7825 0.30586 -0.7575 38 36 32 255
3.7875 0.305371 -0.7575 38 35 31 255
3.7925 0.304665 -0.7575 40 36 32 255
3.7625 0.307375 -0.7525 39 36 31 255
3.7675 0.307023 -0.7525 39 35 31 255
3.7725 0.306508 -0.7525 40 37 32 255
3.7775 0.306366 -0.7525 39 36 31 255
3.7825 0.306249 -0.7525 40 37 32 255
3.7875 0.305471 -0.7525 40 37 32 255
3.7925 0.304332 -0.7525 42 38 33 255
3.7625 0.3075 -0.750409 39 36 30 255
3.76414 0.3075 -0.7475 39 36 31 255
3.7675 0.30716 -0.7475 39 36 31 255
3.7725 0.306655 -0.7475 39 35 31 255
3.7775 0.30637 -0.7475 41 37 33 255
3.7825 0.306236 -0.7475 41 38 33 255
3.7875 0.305598 -0.7475 41 38 33 255
3.7925 0.304403 -0.7475 39 36 31 255
3.7625 0.307666 -0.7475 38 35 30 255
3.7625 0.3075 -0.7425 41 39 33 255
3.7675 0.307323 -0.7425 41 39 33 255
3.7725 0.30698 -0.7425 40 37 31 255
3.7775 0.306292 -0.7425 42 38 33 255
3.7825 0.306005 -0.7425 42 38 33 255
3.7875 0.305746 -0.7425 41 38 33 255
3.7925 0.304953 -0.7425 40 36 31 255
3.7625 0.307235 -0.7375 40 37 31 255
3.7675 0.307417 -0.7375 42 38 33 255
3.7725 0.307305 -0.7375 42 37 33 255
3.7775 0.30645 -0.7375 40 36 31 255
3.7825 0.305914 -0.7375 41 37 31 255
3.7875 0.305686 -0.7375 41 38 34 255
3.7925 0.30519 -0.7375 40 37 32 255
3.76151 0.3075 -0.7325 42 37 32 255
3.7625 0.307449 -0.7325 42 37 32 255
3.7675 0.307469 -0.7325 41 37 33 255
3.7725 0.307338 -0.7325 41 38 33 255
3.7775 0.306743 -0.7325 40 37 30 255
3.7825 0.305989 -0.7325 40 38 32 255
3.7875 0.305445 -0.7325 42 39 33 255
3.7925 0.305006 -0.7325 40 37 32 255
3.7625 0.3075 -0.731505 39 36 30 255
3.7675 0.3075 -0.729787 40 36 31 255
3.76805 0.3075 -0.7275 39 36 30 255
3.7725 0.307282 -0.7275 39 36 30 255
3.7775 0.306938 -0.7275 43 40 34 255
3.7825 0.306103 -0.7275 43 40 34 255
3.7875 0.305272 -0.7275 41 38 32 255
3.7925 0.304737 -0.7275 40 37 32 255
3.7625 0.307699 -0.7275 42 38 32 255
3.7625 0.3075 -0.724952 40 37 31 255
3.4425 0.2675 -0.641189 51 47 38 255
3.4425 0.265787 -0.6375 51 47 38 255
3.4475 0.2675 -0.639514 50 46 37 255
3.4475 0.26649 -0.6375 50 46 37 255
3.4525 0.2675 -0.639499 50 46 38 255
3.4525 0.266379 -0.6375 50 46 38 255
3.4575 0.2675 -0.639979 50 46 37 255
3.4575 0.266057 -0.6375 50 46 37 255
3.4625 0.2675 -0.639535 49 45 37 255
3.4625 0.266368 -0.6375 49 45 37 255
3.4675 0.2675 -0.638861 50 46 37 255
3.4675 0.266833 -0.6375 50 46 37 255
3.4725 0.2675 -0.638713 49 46 37 255
3.4725 0.266906 -0.6375 49 46 37 255
3.4425 0.263195 -0.6325 51 47 39 255
3.4475 0.263884 -0.6325 49 46 39 255
3.4525 0.263602 -0.6325 48 46 37 255
3.4575 0.263323 -0.6325 49 46 37 255
3.4625 0.263648 -0.6325 50 45 38 255
3.4675 0.264031 -0.6325 50 45 38 255
3.4725 0.264049 -0.6325 49 45 38 255
3.4425 0.2625 -0.631306 50 46 39 255
3.4425 0.26008 -0.6275 50 46 39 255
3.4475 0.2625 -0.630264 50 46 38 255
3.4475 0.260746 -0.6275 50 46 38 255
3.4525 0.2625 -0.63085 47 45 37 255
3.4525 0.260294 -0.6275 47 45 37 255
3.4575 0.2625 -0.631214 47 44 36 255
3.4575 0.25999 -0.6275 47 44 36 255
3.4625 0.2625 -0.63068 48 45 37 255
3.4625 0.260375 -0.6275 48 45 37 255
3.4675 0.2625 -0.630152 48 44 37 255
3.4675 0.26072 -0.6275 48 44 37 255
3.4725 0.2625 -0.630082 48 45 37 255
3.4725 0.260837 -0.6275 48 45 37 255
3.4425 0.2575 -0.623161 45 42 35 255
3.44663 0.2575 -0.6225 44 41 35 255
3.4525 0.2575 -0.623384 44 42 34 255
3.44805 0.2575 -0.6225 44 42 34 255
3.4525 0.256925 -0.6225 44 42 34 255
3.4575 0.2575 -0.624113 45 42 34 255
3.4575 0.256398 -0.6225 45 42 34 255
3.4625 0.2575 -0.623312 43 40 32 255
3.4625 0.256964 -0.6225 43 40 32 255
3.46624 0.2575 -0.6225 45 42 35 255
3.4675 0.25768 -0.6225 45 43 35 255
3.4725 0.257923 -0.6225 46 41 34 255
3.4425 0.254044 -0.6175 46 43 36 255
3.4475 0.25442 -0.6175 46 43 36 255
3.4525 0.254134 -0.6175 44 42 34 255
3.4575 0.253838 -0.6175 45 43 35 255
3.4625 0.254371 -0.6175 44 41 35 255
3.4675 0.255205 -0.6175 46 43 36 255
3.4725 0.2575 -0.62159 45 43 35 255
3.4725 0.255493 -0.6175 45 43 35 255
3.4425 0.2525 -0.614675 49 45 39 255
3.4425 0.251433 -0.6125 49 45 39 255
3.4475 0.2525 -0.614195 48 44 37 255
3.4475 0.251569 -0.6125 48 44 37 255
3.4525 0.2525 -0.614113 46 43 37 255
3.4525 0.25172 -0.6125 46 43 37 255
3.4575 0.2525 -0.614015 46 43 36 255
3.4575 0.251884 -0.6125 46 43 36 255
3.4625 0.2525 -0.613183 47 44 37 255
3.46623 0.2525 -0.6125 47 43 38 255
3.4675 0.252618 -0.6125 46 43 35 255
3.4725 0.252915 -0.6125 46 44 36 255
3.4425 0.249536 -0.6075 49 46 38 255
3.4475 0.249422 -0.6075 49 45 38 255
3.4525 0.249501 -0.6075 50 46 38 255
3.4575 0.249854 -0.6075 49 45 40 255
3.4625 0.250132 -0.6075 49 46 38 255
3.4675 0.25033 -0.6075 47 44 37 255
3.4725 0.2525 -0.611746 49 46 38 255
3.4725 0.25044 -0.6075 49 46 38 255
3.8275 0.237075 -0.5825 59 56 51 255
3.8325 0.236769 -0.5825 58 56 50 255
3.8175 0.237005 -0.5775 66 62 57 255
3.8225 0.23556 -0.5775 65 62 56 255
3.8275 0.23507 -0.5775 65 63 58 255
3.8325 0.234898 -0.5775 65 62 58 255
3.8225 0.2325 -0.572603 71 67 64 255
3.82383 0.2325 -0.5725 75 72 68 255
3.8325 0.2325 -0.572552 64 62 60 255
3.8025 0.235437 -0.5725 64 61 55 255
3.8075 0.234719 -0.5725 51 47 45 255
3.8125 0.234187 -0.5725 55 51 50 255
3.8175 0.233283 -0.5725 53 49 48 255
3.8275 0.232686 -0.5725 52 50 46 255
3.8225 0.2275 -0.56778 84 80 72 255
3.82108 0.2275 -0.5675 84 80 72 255
3.8275 0.2275 -0.567726 85 82 75 255
3.8325 0.2275 -0.568191 94 91 83 255
3.8325 0.226432 -0.5675 94 91 83 255
3.8025 0.2325 -0.56911 79 76 69 255
3.8025 0.2308 -0.5675 79 76 69 255
3.8075 0.2325 -0.569823 73 69 64 255
3.8075 0.230237 -0.5675 73 69 64 255
3.8125 0.2325 -0.570017 66 63 58 255
3.8125 0.230304 -0.5675 66 63 58 255
3.8175 0.2325 -0.57146 67 65 59 255
3.8175 0.228515 -0.5675 67 65 59 255
3.8025 0.2225 -0.563468 96 93 89 255
3.8075 0.2225 -0.563106 74 72 69 255
3.8175 0.2225 -0.564377 90 87 83 255
3.8225 0.2225 -0.564825 77 76 71 255
3.8275 0.2225 -0.565028 76 75 70 255
3.8325 0.2225 -0.56556 76 74 72 255
3.8025 0.2275 -0.565331 99 95 87 255
3.8075 0.2275 -0.565237 96 93 85 255
3.8125 0.2275 -0.565387 97 94 85 255
3.8175 0.2275 -0.566859 97 93 85 255
3.5225 0.308867 -0.7175 58 53 45 255
3.5175 0.308291 -0.7175 58 53 45 255
3.5275 0.308972 -0.7175 60 53 46 255
3.5325 0.308669 -0.7175 60 53 45 255
3.5375 0.308551 -0.7175 57 51 44 255
3.5425 0.308734 -0.7175 58 53 44 255
3.5475 0.309394 -0.7175 56 52 43 255
3.5525 0.310411 -0.7175 58 54 44 255
3.5225 0.3075 -0.713983 61 57 48 255
3.5175 0.3075 -0.715615 61 57 48 255
3.5175 0.306132 -0.7125 61 57 48 255
3.5225 0.306874 -0.7125 61 57 48 255
3.5275 0.3075 -0.713333 57 52 44 255
3.5275 0.3072 -0.7125 57 52 44 255
3.5325 0.3075 -0.713892 59 54 45 255
3.5325 0.307068 -0.7125 59 54 45 255
3.5375 0.3075 -0.71408 58 53 45 255
3.5375 0.307027 -0.7125 58 53 45 255
3.5425 0.3075 -0.713864 58 55 45 255
3.5425 0.307038 -0.7125 58 55 45 255
3.5462 0.3075 -0.7125 59 54 44 255
3.5475 0.307675 -0.7125 61 57 47 255
3.5525 0.308695 -0.7125 59 54 45 255
3.5225 0.304278 -0.7075 58 54 45 255
3.5175 0.304058 -0.7075 58 54 45 255
3.5275 0.304916 -0.7075 60 55 46 255
3.5325 0.305418 -0.7075 60 56 46 255
3.5375 0.305628 -0.7075 63 57 49 255
3.5425 0.305735 -0.7075 60 56 47 255
3.5475 0.306325 -0.7075 61 57 48 255
3.5525 0.3075 -0.709564 58 54 46 255
3.5525 0.306682 -0.7075 58 54 46 255
3.5225 0.3025 -0.703955 59 54 45 255
3.5175 0.3025 -0.703737 59 54 45 255
3.5175 0.301998 -0.7025 59 54 45 255
3.5225 0.301797 -0.7025 59 54 45 255
3.5275 0.3025 -0.702879 61 57 48 255
3.52866 0.3025 -0.7025 62 57 48 255
3.5325 0.303163 -0.7025 61 56 47 255
3.5375 0.303678 -0.7025 61 56 47 255
3.5425 0.304056 -0.7025 63 58 49 255
3.5475 0.30442 -0.7025 63 58 48 255
3.5525 0.304321 -0.7025 58 53 46 255
3.5225 0.299492 -0.6975 59 55 45 255
3.5175 0.299687 -0.6975 59 55 45 255
3.5275 0.299644 -0.6975 62 56 47 255
3.5325 0.3025 -0.701354 62 56 48 255
3.5325 0.300342 -0.6975 62 56 48 255
3.5375 0.3025 -0.700345 63 56 48 255
3.5375 0.300927 -0.6975 63 56 48 255
3.5425 0.3025 -0.699483 63 58 48 255
3.5425 0.301519 -0.6975 63 58 48 255
3.5475 0.3025 -0.698716 61 57 48 255
3.5475 0.301915 -0.6975 61 57 48 255
3.5525 0.3025 -0.698674 55 52 44 255
3.5525 0.301948 -0.6975 55 52 44 255
3.5225 0.2975 -0.692588 66 60 51 255
3.52054 0.2975 -0.6925 66 60 51 255
3.5275 0.2975 -0.692753 67 62 52 255
3.52876 0.2975 -0.6925 67 62 53 255
3.5175 0.297556 -0.6925 67 60 52 255
3.5325 0.297837 -0.6925 64 58 49 255
3.5375 0.298269 -0.6925 62 56 46 255
3.5425 0.298956 -0.6925 63 57 48 255
3.5475 0.299422 -0.6925 63 58 49 255
3.5525 0.299664 -0.6925 60 55 46 255
3.5175 0.295785 -0.6875 66 60 52 255
3.5225 0.295869 -0.6875 66 60 52 255
3.5275 0.295543 -0.6875 68 63 53 255
3.5325 0.2975 -0.691733 68 61 52 255
3.5325 0.295589 -0.6875 68 61 52 255
3.5375 0.2975 -0.690762 71 65 54 255
3.5375 0.296002 -0.6875 71 65 54 255
3.5425 0.2975 -0.689196 69 63 54 255
3.5425 0.296692 -0.6875 69 63 54 255
3.5475 0.2975 -0.688373 68 62 53 255
3.5475 0.297069 -0.6875 68 62 53 255
3.5525 0.2975 -0.688074 63 58 49 255
3.2275 0.285928 -1.2375 36 34 28 255
3.2225 0.286216 -1.2375 36 34 28 255
3.2325 0.285712 -1.2375 30 30 25 255
3.2275 0.286643 -1.2325 36 36 28 255
3.2225 0.28671 -1.2325 36 36 28 255
3.2325 0.286503 -1.2325 33 32 26 255
3.2275 0.287411 -1.2275 48 47 40 255
3.2225 0.287347 -1.2275 48 47 40 255
3.2325 0.287409 -1.2275 36 36 30 255
3.23589 0.2875 -1.2275 30 30 25 255
3.2275 0.288066 -1.2225 38 37 30 255
3.2225 0.288321 -1.2225 38 37 30 255
3.2325 0.288142 -1.2225 35 36 30 255
3.2275 0.288798 -1.2175 41 40 33 255
3.2225 0.289145 -1.2175 41 40 33 255
3.2325 0.288713 -1.2175 37 37 31 255
3.2325 0.289354 -1.2125 37 36 31 255
3.2275 0.289662 -1.2125 37 36 31 255
3.2325 0.290349 -1.2075 36 36 30 255
3.2275 0.290695 -1.2075 36 36 30 255
3.4825 0.305811 -0.7175 58 52 44 255
3.4875 0.3075 -0.721718 58 52 44 255
3.4875 0.305809 -0.7175 58 52 44 255
3.4925 0.3075 -0.720949 60 54 47 255
3.4925 0.305671 -0.7175 60 54 47 255
3.4975 0.3075 -0.720595 61 57 48 255
3.4975 0.305912 -0.7175 61 57 48 255
3.5025 0.3075 -0.720317 61 56 47 255
3.5025 0.306328 -0.7175 61 56 47 255
3.5075 0.3075 -0.719534 57 53 43 255
3.5075 0.30666 -0.7175 57 53 43 255
3.5125 0.3075 -0.717736 57 52 44 255
3.4825 0.30372 -0.7125 60 53 46 255
3.4875 0.30365 -0.7125 59 53 45 255
3.4925 0.303505 -0.7125 59 54 45 255
3.4975 0.303709 -0.7125 61 56 47 255
3.5025 0.304477 -0.7125 61 56 48 255
3.5075 0.305079 -0.7125 59 55 45 255
3.5125 0.305522 -0.7125 59 54 46 255
3.4825 0.3025 -0.709709 61 56 47 255
3.4825 0.301563 -0.7075 61 56 47 255
3.4875 0.3025 -0.710032 59 55 46 255
3.4875 0.30141 -0.7075 59 55 46 255
3.4925 0.3025 -0.709723 61 56 48 255
3.4925 0.301744 -0.7075 61 56 48 255
3.4975 0.3025 -0.708227 60 56 46 255
3.49893 0.3025 -0.7075 63 58 51 255
3.5025 0.303001 -0.7075 62 57 49 255
3.5075 0.303658 -0.7075 63 58 48 255
3.5125 0.303992 -0.7075 62 54 47 255
3.4825 0.299262 -0.7025 62 56 47 255
3.4875 0.299195 -0.7025 60 54 46 255
3.4925 0.299808 -0.7025 60 56 47 255
3.4975 0.3008 -0.7025 62 58 49 255
3.5025 0.3025 -0.706042 64 60 51 255
3.5025 0.301236 -0.7025 64 60 51 255
3.5075 0.3025 -0.704527 66 61 52 255
3.5075 0.301642 -0.7025 66 61 52 255
3.5125 0.3025 -0.703583 65 60 52 255
3.5125 0.302057 -0.7025 65 60 52 255
3.4825 0.2975 -0.698324 64 59 50 255
3.4825 0.297166 -0.6975 64 59 50 255
3.4875 0.2975 -0.698022 64 60 50 255
3.4905 0.2975 -0.6975 63 59 50 255
3.4925 0.297637 -0.6975 61 57 47 255
3.4975 0.298542 -0.6975 62 57 48 255
3.5025 0.298956 -0.6975 65 59 50 255
3.5075 0.298915 -0.6975 64 59 50 255
3.5125 0.299288 -0.6975 66 59 51 255
3.4825 0.295617 -0.6925 66 62 53 255
3.4875 0.296078 -0.6925 64 59 50 255
3.4925 0.296094 -0.6925 64 59 50 255
3.4975 0.2975 -0.695156 62 58 46 255
3.4975 0.296378 -0.6925 62 58 46 255
3.5025 0.2975 -0.694252 64 58 49 255
3.5025 0.296709 -0.6925 64 58 49 255
3.5075 0.2975 -0.694592 63 58 50 255
3.5075 0.296529 -0.6925 63 58 50 255
3.5125 0.2975 -0.69389 65 60 50 255
3.5125 0.296823 -0.6925 65 60 50 255
3.4825 0.293689 -0.6875 65 60 51 255
3.4875 0.294491 -0.6875 66 61 51 255
3.4925 0.294809 -0.6875 63 57 49 255
3.4975 0.294805 -0.6875 65 60 50 255
3.5025 0.294806 -0.6875 65 60 49 255
3.5075 0.294672 -0.6875 64 58 50 255
3.5125 0.294992 -0.6875 66 60 51 255
3.4825 0.2925 -0.684966 66 62 53 255
3.4875 0.2925 -0.683297 68 62 54 255
3.2575 0.316484 -0.9975 35 35 31 255
3.2525 0.316408 -0.9975 35 35 31 255
3.2625 0.316584 -0.9975 33 33 30 255
3.2675 0.316668 -0.9975 34 32 28 255
3.2725 0.316135 -0.9975 35 32 28 255
3.2575 0.316545 -0.9925 36 36 31 255
3.2525 0.316613 -0.9925 36 36 31 255
3.2625 0.316696 -0.9925 33 33 28 255
3.2675 0.316911 -0.9925 34 32 30 255
3.2725 0.316584 -0.9925 34 33 29 255
3.2575 0.317211 -0.9875 38 37 33 255
3.2525 0.31725 -0.9875 38 37 33 255
3.2625 0.317307 -0.9875 36 34 30 255
3.2675 0.31722 -0.9875 34 33 29 255
3.2725 0.316886 -0.9875 33 31 28 255
3.2725 0.31738 -0.9825 33 31 27 255
3.29677 0.264037 -1.30625 54 53 51 255
3.28874 0.29892 -1.1442 54 53 51 255
3.34643 0.316411 -0.943146 54 53 51 255
3.46997 0.316314 -0.82268 54 53 51 255
3.65317 0.312817 -0.763375 54 53 51 255
3.80926 0.30356 -0.763544 54 53 51 255
3.91552 0.243724 -0.636687 54 53 51 255
4.14615 0.173129 -0.636689 54 53 51 255
3.9179 0.226517 -0.587475 54 53 51 255
3.65843 0.233761 -0.562525 54 53 51 255
3.45395 0.220116 -0.557291 54 53 51 255
3.23669 0.189838 -0.53957 54 53 51 255
3.10876 0.199393 -0.527283 54 53 51 255
3.08941 0.220736 -0.567663 54 53 51 255
3.19554 0.263048 -0.643915 54 53 51 255
3.25407 0.316983 -0.808851 54 53 51 255
3.26108 0.317659 -0.984318 54 53 51 255
3.22649 0.274277 -1.28744 54 53 51 255
3 2 0 1
3 3 0 2
3 3 2 4
3 4 2 5
3 6 0 7
3 1 0 6
3 7 0 3
3 8 9 10
3 11 8 10
3 11 10 12
3 12 10 13
3 8 14 9
3 8 15 14
3 15 16 14
3 15 8 11
3 20 19 17
3 21 22 23
3 24 21 23
3 25 21 24
3 26 25 24
3 27 25 26
3 28 27 26
3 29 27 28
3 30 29 28
3 31 29 30
3 33 31 32
3 34 33 32
3 34 18 17
3 34 17 33
3 33 17 35
3 36 35 19
3 19 35 17
3 37 38 39
3 40 37 39
3 40 39 41
3 41 39 42
3 43 44 45
3 43 45 46
3 46 45 47
3 48 46 49
3 46 47 49
3 37 49 38
3 37 50 49
3 50 48 49
3 50 37 40
3 53 51 52
3 51 53 54
3 54 53 55
3 56 54 57
3 54 55 57
3 43 57 44
3 43 56 57
3 52 51 58
3 59 60 61
3 38 59 61
3 38 61 39
3 39 61 62
3 42 39 63
3 39 62 63
3 44 64 45
3 45 64 65
3 47 45 66
3 45 65 66
3 59 66 60
3 59 49 66
3 49 47 66
3 49 59 38
3 53 52 67
3 52 68 67
3 55 53 69
3 53 67 69
3 64 57 69
3 57 55 69
3 57 64 44
3 70 71 72
3 60 70 72
3 60 72 61
3 61 72 73
3 62 61 74
3 61 73 74
3 75 63 74
3 63 62 74
3 64 76 77
3 65 64 78
3 64 77 78
3 70 78 71
3 70 66 78
3 66 65 78
3 66 70 60
3 67 68 79
3 68 80 79
3 69 67 81
3 67 79 81
3 81 64 69
3 76 64 81
3 71 82 72
3 72 82 83
3 73 72 84
3 72 83 84
3 85 74 84
3 74 73 84
3 74 85 75
3 86 87 88
3 81 86 88
3 89 81 88
3 76 81 89
3 76 89 77
3 77 89 90
3 82 78 90
3 78 77 90
3 78 82 71
3 86 91 87
3 86 79 91
3 79 80 91
3 86 81 79
3 92 93 94
3 82 92 94
3 82 94 95
3 83 82 96
3 82 95 96
3 97 96 98
3 97 84 96
3 84 83 96
3 84 97 85
3 87 99 100
3 87 100 88
3 88 100 101
3 89 88 102
3 88 101 102
3 92 102 93
3 92 90 102
3 90 89 102
3 90 92 82
3 91 99 87
3 103 104 105
3 93 103 105
3 93 105 94
3 94 105 106
3 107 95 106
3 95 94 106
3 95 108 96
3 107 108 95
3 96 108 98
3 101 100 109
3 100 110 109
3 103 109 104
3 103 102 109
3 102 101 109
3 102 103 93
3 111 112 113
3 114 111 113
3 104 111 114
3 104 114 105
3 105 114 115
3 116 106 115
3 106 105 115
3 106 116 107
3 110 111 109
3 112 111 110
3 109 111 104
3 113 117 114
3 118 117 113
3 117 115 114
3 119 120 121
3 120 122 121
3 121 122 123
3 122 124 123
3 123 124 125
3 124 126 125
3 125 126 127
3 126 128 127
3 129 130 131
3 130 132 131
3 133 129 134
3 129 131 134
3 135 133 136
3 133 134 136
3 137 135 138
3 135 136 138
3 139 137 140
3 137 138 140
3 141 139 142
3 139 140 142
3 131 132 143
3 132 144 143
3 134 131 145
3 131 143 145
3 136 134 146
3 134 145 146
3 138 136 147
3 136 146 147
3 140 138 148
3 138 147 148
3 142 140 149
3 140 148 149
3 143 144 150
3 144 151 150
3 145 143 152
3 143 150 152
3 146 145 153
3 145 152 153
3 147 146 154
3 146 153 154
3 148 147 155
3 147 154 155
3 149 148 156
3 148 155 156
3 150 151 157
3 151 158 157
3 152 150 159
3 150 157 159
3 153 152 160
3 152 159 160
3 154 153 161
3 153 160 161
3 155 154 162
3 154 161 162
3 156 155 163
3 155 162 163
3 157 158 164
3 158 165 164
3 159 157 166
3 157 164 166
3 160 159 167
3 159 166 167
3 161 160 168
3 160 167 168
3 162 161 169
3 161 168 169
3 163 162 170
3 162 169 170
3 164 165 171
3 165 172 171
3 166 164 173
3 164 171 173
3 167 166 174
3 166 173 174
3 175 174 176
3 175 168 174
3 168 167 174
3 168 177 169
3 175 177 168
3 169 178 170
3 177 178 169
3 171 179 173
3 173 180 174
3 179 180 173
3 174 180 176
3 181 185 184
3 184 185 188
3 185 189 188
3 188 183 184
3 187 183 188
3 187 190 186
3 188 189 192
3 189 193 192
3 187 194 190
3 187 188 194
3 188 192 194
3 194 191 190
3 192 193 195
3 193 196 195
3 194 192 197
3 192 195 197
3 191 194 198
3 194 197 198
3 195 196 199
3 196 200 199
3 197 195 201
3 195 199 201
3 198 197 202
3 197 201 202
3 203 198 204
3 198 202 204
3 199 200 205
3 200 206 205
3 201 199 207
3 199 205 207
3 202 201 208
3 201 207 208
3 204 202 209
3 202 208 209
3 210 211 212
3 213 210 212
3 214 213 212
3 215 213 214
3 216 215 214
3 217 218 219
3 218 220 219
3 221 217 222
3 217 219 222
3 223 221 224
3 221 222 224
3 225 223 226
3 223 224 226
3 227 225 228
3 225 226 228
3 210 228 211
3 210 229 228
3 229 227 228
3 229 213 230
3 210 213 229
3 213 215 230
3 231 232 233
3 234 231 233
3 235 236 237
3 211 235 237
3 211 237 212
3 212 237 238
3 214 212 239
3 212 238 239
3 216 214 240
3 214 239 240
3 219 220 241
3 220 242 241
3 231 241 232
3 231 222 241
3 222 219 241
3 234 222 231
3 234 243 222
3 243 224 222
3 226 224 236
3 224 243 236
3 235 228 236
3 228 226 236
3 228 235 211
3 244 245 246
3 247 244 246
3 232 244 247
3 232 247 233
3 233 247 248
3 243 234 233
3 243 233 249
3 249 233 248
3 236 243 249
3 250 236 249
3 236 250 237
3 237 250 251
3 238 237 252
3 237 251 252
3 239 238 253
3 238 252 253
3 240 239 254
3 239 253 254
3 242 244 241
3 245 244 242
3 241 244 232
3 258 257 255
3 259 257 258
3 260 259 258
3 247 246 261
3 246 262 261
3 248 247 263
3 247 261 263
3 249 248 264
3 248 263 264
3 250 249 265
3 249 264 265
3 251 250 266
3 250 265 266
3 255 266 256
3 255 252 266
3 252 251 266
3 252 257 253
3 255 257 252
3 253 259 254
3 257 259 253
3 267 268 269
3 270 267 269
3 271 267 270
3 272 271 270
3 273 271 272
3 274 273 272
3 275 273 274
3 276 275 274
3 277 275 276
3 278 277 276
3 256 277 278
3 256 278 255
3 255 278 279
3 258 255 280
3 255 279 280
3 260 258 281
3 258 280 281
3 262 267 261
3 268 267 262
3 261 271 263
3 267 271 261
3 263 273 264
3 271 273 263
3 264 275 265
3 273 275 264
3 265 277 266
3 275 277 265
3 266 277 256
3 282 283 284
3 270 269 285
3 269 286 285
3 272 270 287
3 270 285 287
3 274 272 288
3 272 287 288
3 276 274 289
3 274 288 289
3 278 276 290
3 276 289 290
3 279 278 291
3 278 290 291
3 280 279 292
3 279 291 292
3 282 292 283
3 282 281 292
3 281 280 292
3 295 294 293
3 296 294 295
3 297 296 295
3 298 296 297
3 299 298 297
3 300 298 299
3 301 300 299
3 302 300 301
3 303 302 301
3 304 302 303
3 305 304 303
3 283 304 305
3 283 305 284
3 284 305 306
3 293 285 307
3 285 286 307
3 285 294 287
3 293 294 285
3 287 296 288
3 294 296 287
3 288 298 289
3 296 298 288
3 289 300 290
3 298 300 289
3 290 302 291
3 300 302 290
3 291 304 292
3 302 304 291
3 292 304 283
3 311 310 308
3 312 310 311
3 313 312 311
3 293 307 314
3 293 314 315
3 295 293 316
3 293 315 316
3 297 295 317
3 295 316 317
3 299 297 318
3 297 317 318
3 301 299 319
3 299 318 319
3 308 319 309
3 308 303 319
3 303 301 319
3 303 310 305
3 308 310 303
3 305 312 306
3 310 312 305
3 320 321 322
3 321 323 322
3 324 320 325
3 320 322 325
3 326 324 327
3 324 325 327
3 328 326 329
3 326 327 329
3 330 328 331
3 328 329 331
3 332 330 333
3 330 331 333
3 334 332 335
3 332 333 335
3 336 334 337
3 334 335 337
3 322 323 338
3 323 339 338
3 325 322 340
3 322 338 340
3 327 325 341
3 325 340 341
3 329 327 342
3 327 341 342
3 331 329 343
3 329 342 343
3 333 331 344
3 331 343 344
3 335 333 345
3 333 344 345
3 337 335 346
3 335 345 346
3 338 339 347
3 339 348 347
3 340 338 349
3 338 347 349
3 341 340 350
3 340 349 350
3 342 341 351
3 341 350 351
3 343 342 352
3 342 351 352
3 344 343 353
3 343 352 353
3 345 344 354
3 344 353 354
3 346 345 355
3 345 354 355
3 347 348 356
3 348 357 356
3 349 347 358
3 347 356 358
3 350 349 359
3 349 358 359
3 351 350 360
3 350 359 360
3 352 351 361
3 351 360 361
3 353 352 362
3 352 361 362
3 354 353 363
3 353 362 363
3 355 354 364
3 354 363 364
3 356 357 365
3 357 366 365
3 358 356 367
3 356 365 367
3 359 358 368
3 358 367 368
3 360 359 369
3 359 368 369
3 361 360 370
3 360 369 370
3 362 361 371
3 361 370 371
3 363 362 372
3 362 371 372
3 364 363 373
3 363 372 373
3 365 366 374
3 366 375 374
3 367 365 376
3 365 374 376
3 368 367 377
3 367 376 377
3 369 368 378
3 368 377 378
3 370 369 379
3 369 378 379
3 371 370 380
3 370 379 380
3 372 371 381
3 371 380 381
3 373 372 382
3 372 381 382
3 374 375 383
3 375 384 383
3 376 374 385
3 374 383 385
3 377 376 386
3 376 385 386
3 378 377 387
3 377 386 387
3 379 378 388
3 378 387 388
3 380 379 389
3 379 388 389
3 381 380 390
3 380 389 390
3 382 381 391
3 381 390 391
3 383 384 392
3 384 393 392
3 385 383 394
3 383 392 394
3 386 385 395
3 385 394 395
3 387 386 396
3 386 395 396
3 388 387 397
3 387 396 397
3 389 388 398
3 388 397 398
3 390 389 399
3 389 398 399
3 391 390 400
3 390 399 400
3 401 402 403
3 404 402 401
3 403 405 406
3 402 405 403
3 405 407 406
3 408 409 410
3 411 410 409
3 412 411 409
3 413 411 412
3 414 413 412
3 415 413 414
3 416 415 414
3 402 404 417
3 404 418 417
3 405 402 419
3 402 417 419
3 407 405 420
3 405 419 420
3 421 407 422
3 407 420 422
3 408 423 409
3 408 421 423
3 421 422 423
3 409 424 412
3 423 424 409
3 412 425 414
3 424 425 412
3 414 426 416
3 425 426 414
3 417 418 427
3 418 428 427
3 419 417 429
3 417 427 429
3 420 419 430
3 419 429 430
3 422 420 431
3 420 430 431
3 423 422 432
3 422 431 432
3 424 423 433
3 423 432 433
3 425 424 434
3 424 433 434
3 426 425 435
3 425 434 435
3 427 428 436
3 428 437 436
3 429 427 438
3 427 436 438
3 430 429 439
3 429 438 439
3 431 430 440
3 430 439 440
3 432 431 441
3 431 440 441
3 433 432 442
3 432 441 442
3 434 433 443
3 433 442 443
3 435 434 444
3 434 443 444
3 436 437 445
3 437 446 445
3 438 436 447
3 436 445 447
3 439 438 448
3 438 447 448
3 440 439 449
3 439 448 449
3 441 440 450
3 440 449 450
3 442 441 451
3 441 450 451
3 443 442 452
3 442 451 452
3 444 443 453
3 443 452 453
3 454 455 456
3 455 457 456
3 458 454 459
3 454 456 459
3 460 458 461
3 458 459 461
3 462 460 463
3 460 461 463
3 464 462 465
3 462 463 465
3 466 464 467
3 464 465 467
3 468 466 469
3 466 467 469
3 470 468 471
3 468 469 471
3 472 473 474
3 475 476 477
3 467 475 477
3 478 467 477
3 479 467 478
3 480 479 478
3 481 479 480
3 472 457 473
3 472 456 457
3 459 456 482
3 456 472 482
3 461 459 483
3 459 482 483
3 463 461 476
3 461 483 476
3 475 465 476
3 465 463 476
3 475 467 465
3 467 479 469
3 481 469 479
3 481 471 469
3 472 474 484
3 484 474 485
3 486 472 484
3 487 486 484
3 488 486 487
3 489 488 487
3 476 488 489
3 490 476 489
3 476 490 477
3 477 490 491
3 478 477 492
3 477 491 492
3 480 478 493
3 478 492 493
3 481 480 494
3 494 480 493
3 472 486 482
3 482 488 483
3 486 488 482
3 488 476 483
3 484 485 495
3 485 496 495
3 487 484 497
3 484 495 497
3 489 487 498
3 487 497 498
3 490 489 499
3 489 498 499
3 491 490 500
3 490 499 500
3 492 491 501
3 491 500 501
3 493 492 502
3 492 501 502
3 494 493 503
3 493 502 503
3 495 496 504
3 496 505 504
3 497 495 506
3 495 504 506
3 498 497 507
3 497 506 507
3 499 498 508
3 498 507 508
3 500 499 509
3 499 508 509
3 501 500 510
3 500 509 510
3 502 501 511
3 501 510 511
3 503 502 512
3 502 511 512
3 513 505 514
3 513 515 505
3 515 504 505
3 506 504 516
3 504 515 516
3 507 506 517
3 506 516 517
3 508 507 518
3 507 517 518
3 509 508 519
3 508 518 519
3 510 509 520
3 509 519 520
3 511 510 521
3 510 520 521
3 512 511 522
3 511 521 522
3 515 513 514
3 515 514 523
3 523 514 524
3 525 515 523
3 526 525 523
3 527 525 526
3 528 527 526
3 529 527 528
3 530 529 528
3 531 529 530
3 532 531 530
3 520 531 532
3 533 520 532
3 534 520 533
3 535 534 533
3 522 534 535
3 536 522 535
3 515 525 516
3 516 527 517
3 525 527 516
3 517 529 518
3 527 529 517
3 518 531 519
3 529 531 518
3 531 520 519
3 520 534 521
3 534 522 521
3 523 524 537
3 524 538 537
3 526 523 539
3 523 537 539
3 528 526 540
3 526 539 540
3 530 528 541
3 528 540 541
3 532 530 542
3 530 541 542
3 533 532 543
3 532 542 543
3 535 533 544
3 533 543 544
3 536 535 545
3 535 544 545
3 547 548 549
3 550 547 549
3 551 550 549
3 552 550 551
3 546 553 554
3 546 554 555
3 556 546 557
3 557 546 555
3 558 556 557
3 559 560 561
3 548 559 561
3 548 561 549
3 549 561 562
3 551 549 563
3 549 562 563
3 564 552 551
3 563 564 551
3 555 554 565
3 554 566 565
3 557 555 567
3 555 565 567
3 558 557 568
3 568 557 567
3 560 558 568
3 560 568 561
3 561 568 569
3 562 561 570
3 561 569 570
3 563 562 571
3 562 570 571
3 572 564 563
3 572 563 573
3 573 563 571
3 574 572 573
3 575 574 573
3 565 566 576
3 566 577 576
3 567 565 578
3 565 576 578
3 568 567 579
3 567 578 579
3 569 568 580
3 568 579 580
3 570 569 581
3 569 580 581
3 571 570 582
3 570 581 582
3 573 571 583
3 571 582 583
3 575 573 584
3 573 583 584
3 576 577 585
3 577 586 585
3 578 576 587
3 576 585 587
3 579 578 588
3 578 587 588
3 580 579 589
3 579 588 589
3 581 580 590
3 580 589 590
3 582 581 591
3 581 590 591
3 583 582 592
3 582 591 592
3 584 583 593
3 583 592 593
3 594 595 596
3 595 597 596
3 598 594 599
3 594 596 599
3 600 598 601
3 598 599 601
3 602 600 603
3 600 601 603
3 604 602 605
3 602 603 605
3 596 597 606
3 597 607 606
3 599 596 608
3 596 606 608
3 601 599 609
3 599 608 609
3 603 601 610
3 601 609 610
3 605 603 611
3 603 610 611
3 606 607 612
3 607 613 612
3 608 606 614
3 606 612 614
3 609 608 615
3 608 614 615
3 610 609 616
3 609 615 616
3 611 610 617
3 610 616 617
3 612 613 618
3 613 619 618
3 614 612 620
3 612 618 620
3 615 614 621
3 614 620 621
3 616 615 622
3 615 621 622
3 617 616 623
3 616 622 623
3 618 619 624
3 619 625 624
3 620 618 626
3 618 624 626
3 621 620 627
3 620 626 627
3 622 621 628
3 621 627 628
3 623 622 629
3 622 628 629
3 626 624 630
3 624 631 630
3 627 626 632
3 626 630 632
3 628 627 633
3 627 632 633
3 629 628 634
3 628 633 634
3 630 631 635
3 631 636 635
3 632 630 637
3 630 635 637
3 633 632 638
3 632 637 638
3 634 633 639
3 633 638 639
3 635 636 640
3 636 641 640
3 637 635 642
3 635 640 642
3 638 637 643
3 637 642 643
3 639 638 644
3 638 643 644
3 645 646 647
3 648 645 647
3 649 645 648
3 650 649 648
3 651 649 650
3 655 654 652
3 656 654 655
3 657 645 658
3 646 645 657
3 658 649 659
3 645 649 658
3 651 659 649
3 651 660 659
3 660 661 659
3 662 661 663
3 661 660 663
3 664 662 665
3 662 663 665
3 652 665 653
3 652 666 665
3 666 664 665
3 666 654 667
3 652 654 666
3 667 656 668
3 654 656 667
3 648 647 669
3 647 670 669
3 650 648 671
3 648 669 671
3 672 651 650
3 672 650 673
3 673 650 671
3 674 672 673
3 675 674 673
3 676 674 675
3 677 676 675
3 653 676 677
3 653 677 652
3 652 677 678
3 655 652 679
3 652 678 679
3 656 655 680
3 655 679 680
3 660 651 672
3 660 674 663
3 672 674 660
3 663 676 665
3 674 676 663
3 665 676 653
3 669 670 681
3 670 682 681
3 671 669 683
3 669 681 683
3 673 671 684
3 671 683 684
3 675 673 685
3 673 684 685
3 677 675 686
3 675 685 686
3 678 677 687
3 677 686 687
3 679 678 688
3 678 687 688
3 680 679 689
3 679 688 689
3 690 691 692
3 693 690 692
3 695 696 697
3 690 698 691
3 690 681 698
3 681 682 698
3 681 693 683
3 690 693 681
3 694 683 693
3 694 699 683
3 699 684 683
3 685 684 700
3 684 699 700
3 686 685 701
3 685 700 701
3 687 686 702
3 686 701 702
3 688 687 703
3 687 702 703
3 695 703 696
3 695 689 703
3 689 688 703
3 691 698 704
3 691 704 692
3 692 704 705
3 693 692 706
3 692 705 706
3 707 694 693
3 707 693 708
3 708 693 706
3 709 707 708
3 710 709 708
3 711 709 710
3 712 711 710
3 713 711 712
3 714 713 712
3 715 713 714
3 716 715 714
3 696 715 716
3 696 716 697
3 697 716 717
3 699 694 707
3 699 709 700
3 707 709 699
3 700 711 701
3 709 711 700
3 701 713 702
3 711 713 701
3 702 715 703
3 713 715 702
3 703 715 696
3 705 704 718
3 704 719 718
3 706 705 720
3 705 718 720
3 708 706 721
3 706 720 721
3 710 708 722
3 708 721 722
3 712 710 723
3 710 722 723
3 714 712 724
3 712 723 724
3 716 714 725
3 714 724 725
3 717 716 726
3 716 725 726
3 719 727 718
3 728 727 719
3 718 729 720
3 727 729 718
3 720 730 721
3 729 730 720
3 721 731 722
3 730 731 721
3 722 732 723
3 731 732 722
3 723 733 724
3 732 733 723
3 724 734 725
3 733 734 724
3 725 735 726
3 734 735 725
3 736 574 575
3 737 736 575
3 738 736 737
3 739 738 737
3 740 738 739
3 741 740 739
3 742 740 741
3 737 575 743
3 575 584 743
3 739 737 744
3 737 743 744
3 741 739 745
3 739 744 745
3 742 741 746
3 741 745 746
3 747 742 748
3 748 742 746
3 749 747 748
3 751 750 749
3 752 750 751
3 753 752 751
3 743 584 754
3 584 593 754
3 744 743 755
3 743 754 755
3 745 744 756
3 744 755 756
3 746 745 757
3 745 756 757
3 748 746 758
3 746 757 758
3 749 748 759
3 748 758 759
3 751 749 760
3 749 759 760
3 753 751 761
3 751 760 761
3 762 763 764
3 765 762 764
3 765 764 766
3 766 764 767
3 1 768 769
3 2 1 763
3 1 769 763
3 762 5 763
3 5 2 763
3 5 762 765
3 771 770 772
3 768 773 772
3 773 771 772
3 773 768 1
3 9 774 775
3 9 775 10
3 10 775 776
3 770 13 776
3 13 10 776
3 13 770 771
3 14 774 9
3 777 778 779
3 763 780 781
3 763 781 764
3 764 781 782
3 777 782 778
3 777 767 782
3 767 764 782
3 783 784 785
3 768 783 785
3 768 785 786
3 769 768 787
3 768 786 787
3 763 787 780
3 788 789 790
3 770 788 790
3 770 790 791
3 783 791 784
3 783 772 791
3 772 770 791
3 772 783 768
3 788 792 789
3 788 776 792
3 776 775 792
3 776 788 770
3 793 794 795
3 778 793 795
3 778 795 779
3 796 797 798
3 799 796 798
3 800 799 798
3 780 799 800
3 780 800 781
3 781 800 794
3 793 782 794
3 782 781 794
3 782 793 778
3 801 802 803
3 784 801 803
3 784 803 785
3 785 803 804
3 796 804 797
3 796 786 804
3 786 785 804
3 786 799 787
3 796 799 786
3 787 799 780
3 789 805 806
3 789 806 790
3 790 806 807
3 801 807 802
3 801 791 807
3 791 790 807
3 791 801 784
3 792 805 789
3 808 809 810
3 811 808 810
3 814 813 812
3 808 814 809
3 798 814 808
3 798 813 814
3 798 797 813
3 798 811 800
3 808 811 798
3 811 794 800
3 815 816 817
3 803 817 812
3 803 815 817
3 803 802 815
3 803 813 804
3 812 813 803
3 804 813 797
3 815 818 816
3 815 807 818
3 807 806 818
3 807 815 802
3 819 820 821
3 812 819 821
3 819 822 820
3 817 822 819
3 817 823 822
3 817 816 823
3 817 819 812
3 818 823 816
3 825 824 826
3 826 824 827
3 828 826 829
3 826 827 829
3 52 58 829
3 58 828 829
3 830 831 832
3 833 830 832
3 833 832 834
3 834 832 835
3 836 834 837
3 834 835 837
3 824 838 837
3 838 836 837
3 838 824 825
3 839 840 841
3 840 842 841
3 830 841 831
3 830 843 841
3 843 839 841
3 843 830 833
3 52 844 68
3 824 845 846
3 827 824 847
3 824 846 847
3 829 827 848
3 827 847 848
3 848 52 829
3 844 52 848
3 849 850 851
3 831 849 851
3 831 851 832
3 832 851 852
3 835 832 853
3 832 852 853
3 845 837 853
3 837 835 853
3 837 845 824
3 849 854 850
3 849 841 854
3 841 842 854
3 841 849 831
3 855 856 857
3 844 855 857
3 844 857 68
3 68 857 80
3 858 859 860
3 845 858 860
3 845 860 861
3 846 845 862
3 845 861 862
3 847 846 863
3 846 862 863
3 855 863 856
3 855 848 863
3 848 847 863
3 848 855 844
3 850 864 865
3 850 865 851
3 851 865 866
3 852 851 867
3 851 866 867
3 858 867 859
3 858 853 867
3 853 852 867
3 853 858 845
3 854 864 850
3 856 868 857
3 857 868 869
3 80 857 91
3 857 869 91
3 870 871 872
3 859 870 872
3 859 872 860
3 860 872 873
3 861 860 874
3 860 873 874
3 862 861 875
3 861 874 875
3 868 863 875
3 863 862 875
3 863 868 856
3 866 865 876
3 865 877 876
3 870 876 871
3 870 867 876
3 867 866 876
3 867 870 859
3 868 878 879
3 869 868 880
3 868 879 880
3 99 880 100
3 99 91 880
3 91 869 880
3 881 882 883
3 871 881 883
3 871 883 872
3 872 883 884
3 873 872 885
3 872 884 885
3 874 873 886
3 873 885 886
3 878 875 886
3 875 874 886
3 875 878 868
3 881 887 882
3 881 876 887
3 876 877 887
3 876 881 871
3 100 888 110
3 892 891 890
3 878 891 892
3 878 892 893
3 879 878 894
3 878 893 894
3 888 894 889
3 888 880 894
3 880 879 894
3 880 888 100
3 882 895 896
3 883 882 896
3 884 883 897
3 883 896 897
3 890 885 897
3 885 884 897
3 885 891 886
3 890 891 885
3 886 891 878
3 898 882 887
3 895 882 898
3 112 899 113
3 900 901 902
3 889 900 902
3 889 902 888
3 888 902 903
3 112 903 899
3 112 110 903
3 110 888 903
3 904 905 906
3 890 904 906
3 890 906 907
3 892 890 908
3 890 907 908
3 893 892 909
3 892 908 909
3 900 909 901
3 900 894 909
3 894 893 909
3 894 900 889
3 895 910 911
3 895 911 896
3 896 911 912
3 904 912 905
3 904 897 912
3 897 896 912
3 897 904 890
3 898 910 895
3 916 915 913
3 113 916 118
3 113 915 916
3 113 899 915
3 919 918 917
3 920 918 919
3 921 920 919
3 913 921 914
3 902 921 913
3 902 920 921
3 902 901 920
3 902 915 903
3 913 915 902
3 903 915 899
3 922 923 924
3 905 922 924
3 905 924 906
3 906 924 925
3 917 907 925
3 907 906 925
3 907 918 908
3 917 918 907
3 908 920 909
3 918 920 908
3 909 920 901
3 922 926 923
3 922 912 926
3 912 911 926
3 912 922 905
3 927 928 929
3 928 930 931
3 928 931 929
3 929 931 932
3 933 934 935
3 934 936 935
3 937 933 938
3 933 935 938
3 939 937 940
3 937 938 940
3 941 939 942
3 939 940 942
3 927 941 943
3 941 942 943
3 927 944 928
3 927 943 944
3 944 930 928
3 930 945 946
3 931 930 946
3 935 936 947
3 936 948 947
3 938 935 949
3 935 947 949
3 940 938 950
3 938 949 950
3 942 940 951
3 940 950 951
3 943 942 952
3 942 951 952
3 944 943 953
3 943 952 953
3 953 930 944
3 945 930 953
3 945 954 955
3 946 945 955
3 947 948 956
3 948 957 956
3 949 947 958
3 947 956 958
3 950 949 959
3 949 958 959
3 951 950 960
3 950 959 960
3 952 951 961
3 951 960 961
3 953 952 962
3 952 961 962
3 962 945 953
3 954 945 962
3 956 957 963
3 957 964 963
3 958 956 965
3 956 963 965
3 959 958 966
3 958 965 966
3 960 959 967
3 959 966 967
3 961 960 968
3 960 967 968
3 962 961 969
3 961 968 969
3 954 970 955
3 954 962 970
3 962 969 970
3 963 964 971
3 964 972 971
3 965 963 973
3 963 971 973
3 966 965 974
3 965 973 974
3 967 966 975
3 966 974 975
3 968 967 976
3 967 975 976
3 969 968 977
3 968 976 977
3 970 969 978
3 969 977 978
3 972 979 980
3 972 980 971
3 973 971 981
3 971 980 981
3 974 973 982
3 973 981 982
3 975 974 983
3 974 982 983
3 976 975 984
3 975 983 984
3 977 976 985
3 976 984 985
3 978 977 986
3 977 985 986
3 987 988 989
3 987 989 980
3 980 989 981
3 982 981 990
3 981 989 990
3 983 982 991
3 982 990 991
3 984 983 992
3 983 991 992
3 985 984 993
3 984 992 993
3 986 985 994
3 985 993 994
3 995 988 987
3 988 996 997
3 989 988 997
3 998 999 990
3 998 990 997
3 997 990 989
3 991 990 999
3 1000 991 999
3 1000 1001 991
3 991 1001 992
3 993 992 1002
3 992 1001 1002
3 994 993 1003
3 993 1002 1003
3 1004 988 995
3 996 988 1004
3 999 998 1005
3 1005 1000 999
3 1006 1007 1012
3 1007 1013 1012
3 1008 1006 1014
3 1006 1012 1014
3 1009 1008 1015
3 1008 1014 1015
3 1010 1009 1016
3 1009 1015 1016
3 1017 1011 1010
3 1017 1010 1018
3 1018 1010 1016
3 1019 1017 1018
3 1020 1019 1018
3 1021 1019 1020
3 1022 1021 1020
3 1023 1021 1022
3 1024 1023 1022
3 1025 1026 1027
3 1030 1029 1028
3 1031 1029 1030
3 1032 1031 1030
3 1033 1031 1032
3 1034 1033 1032
3 1035 1033 1034
3 1036 1035 1034
3 1037 1035 1036
3 1013 1025 1012
3 1026 1025 1013
3 1012 1028 1014
3 1025 1028 1012
3 1014 1029 1015
3 1028 1029 1014
3 1015 1031 1016
3 1029 1031 1015
3 1016 1033 1018
3 1031 1033 1016
3 1018 1035 1020
3 1033 1035 1018
3 1037 1020 1035
3 1037 1038 1020
3 1038 1022 1020
3 1024 1022 1039
3 1022 1038 1039
3 1025 1027 1040
3 1027 1041 1040
3 1028 1025 1042
3 1025 1040 1042
3 1030 1028 1043
3 1028 1042 1043
3 1032 1030 1044
3 1030 1043 1044
3 1034 1032 1045
3 1032 1044 1045
3 1036 1034 1046
3 1034 1045 1046
3 1038 1037 1036
3 1038 1036 1047
3 1047 1036 1046
3 1039 1038 1047
3 1048 1039 1047
3 1049 1050 1051
3 1052 1049 1051
3 1053 1049 1052
3 1054 1053 1052
3 1055 1053 1054
3 1056 1055 1054
3 1057 1055 1056
3 1059 1058 1057
3 1060 1058 1059
3 1061 1060 1059
3 1062 1060 1061
3 1063 1062 1061
3 1064 1062 1063
3 1041 1049 1040
3 1050 1049 1041
3 1040 1053 1042
3 1049 1053 1040
3 1042 1055 1043
3 1053 1055 1042
3 1043 1057 1044
3 1055 1057 1043
3 1044 1058 1045
3 1057 1058 1044
3 1045 1060 1046
3 1058 1060 1045
3 1046 1062 1047
3 1060 1062 1046
3 1064 1047 1062
3 1064 1065 1047
3 1065 1048 1047
3 1052 1051 1066
3 1051 1067 1066
3 1054 1052 1068
3 1052 1066 1068
3 1056 1054 1069
3 1054 1068 1069
3 1057 1056 1070
3 1056 1069 1070
3 1059 1057 1071
3 1057 1070 1071
3 1061 1059 1072
3 1059 1071 1072
3 1063 1061 1073
3 1061 1072 1073
3 1065 1064 1063
3 1065 1063 1074
3 1074 1063 1073
3 1075 1076 1077
3 1076 1078 1077
3 1077 1078 1079
3 1078 1080 1079
3 1079 1080 1081
3 1080 1082 1081
3 1083 1079 1084
3 1079 1081 1084
3 1085 1083 1086
3 1083 1084 1086
3 1087 1085 1088
3 1085 1086 1088
3 1089 1090 1091
3 1092 1089 1091
3 1092 1091 1093
3 1093 1091 1094
3 1095 1093 1096
3 1093 1094 1096
3 16 1095 14
3 1095 1096 14
3 1097 1098 1099
3 1100 1097 1099
3 1100 1099 1101
3 1101 1099 1102
3 1103 1101 1104
3 1101 1102 1104
3 1089 1104 1090
3 1089 1105 1104
3 1105 1103 1104
3 1105 1089 1092
3 1106 1107 1108
3 1109 1106 1108
3 1110 1106 1109
3 1111 1110 1109
3 1112 1110 1111
3 1113 1112 1111
3 1114 1112 1113
3 1115 1114 1113
3 1116 1114 1115
3 1117 1116 1115
3 1118 1116 1117
3 1109 1108 1119
3 1108 1120 1119
3 1111 1109 1121
3 1109 1119 1121
3 1113 1111 1122
3 1111 1121 1122
3 1115 1113 1123
3 1113 1122 1123
3 1117 1115 1124
3 1115 1123 1124
3 1125 1118 1117
3 1125 1117 1126
3 1126 1117 1124
3 1127 1125 1126
3 1128 1127 1126
3 1129 1127 1128
3 1130 1129 1128
3 1131 1132 1133
3 1134 1131 1133
3 1135 1131 1134
3 1136 1135 1134
3 1137 1135 1136
3 1138 1137 1136
3 1139 1137 1138
3 1140 1139 1138
3 1141 1139 1140
3 1142 1141 1140
3 1143 1141 1142
3 1144 1143 1142
3 1145 1143 1144
3 1146 1145 1144
3 1147 1145 1146
3 1148 1147 1146
3 1120 1131 1119
3 1132 1131 1120
3 1119 1135 1121
3 1131 1135 1119
3 1121 1137 1122
3 1135 1137 1121
3 1122 1139 1123
3 1137 1139 1122
3 1123 1141 1124
3 1139 1141 1123
3 1124 1143 1126
3 1141 1143 1124
3 1126 1145 1128
3 1143 1145 1126
3 1128 1147 1130
3 1145 1147 1128
3 1149 1150 1151
3 1152 1149 1151
3 1153 1149 1152
3 1154 1153 1152
3 1155 1153 1154
3 1156 1155 1154
3 1157 1155 1156
3 1158 1157 1156
3 1159 1157 1158
3 1160 1159 1158
3 1161 1159 1160
3 1162 1161 1160
3 1163 1161 1162
3 1164 1163 1162
3 1165 1163 1164
3 1166 1165 1164
3 1133 1149 1134
3 1150 1149 1133
3 1134 1153 1136
3 1149 1153 1134
3 1136 1155 1138
3 1153 1155 1136
3 1138 1157 1140
3 1155 1157 1138
3 1140 1159 1142
3 1157 1159 1140
3 1142 1161 1144
3 1159 1161 1142
3 1144 1163 1146
3 1161 1163 1144
3 1146 1165 1148
3 1163 1165 1146
3 1170 1169 1168
3 1171 1169 1170
3 1172 1171 1170
3 1173 1171 1172
3 1174 1173 1172
3 1175 1173 1174
3 1176 1175 1174
3 1177 1175 1176
3 1178 1177 1176
3 1179 1177 1178
3 1180 1179 1178
3 1181 1182 1183
3 1184 1181 1183
3 1185 1184 1183
3 1186 1184 1185
3 1187 1186 1185
3 1188 1189 1190
3 1191 1188 1190
3 1192 1188 1191
3 1193 1192 1191
3 1194 1192 1193
3 1195 1194 1193
3 1196 1194 1195
3 1197 1196 1195
3 1198 1196 1197
3 1182 1198 1197
3 1182 1181 1198
3 1198 1181 1199
3 1200 1199 1184
3 1184 1199 1181
3 1186 1200 1184
3 1167 1202 1188
3 1202 1189 1188
3 1167 1192 1168
3 1188 1192 1167
3 1168 1194 1170
3 1192 1194 1168
3 1170 1196 1172
3 1194 1196 1170
3 1172 1198 1174
3 1196 1198 1172
3 1174 1199 1176
3 1198 1199 1174
3 1176 1200 1178
3 1199 1200 1176
3 1178 1201 1180
3 1200 1201 1178
3 1203 1204 1205
3 1206 1203 1205
3 1207 1203 1206
3 1208 1207 1206
3 1209 1207 1208
3 1210 1209 1208
3 1211 1209 1210
3 1212 1211 1210
3 1213 1211 1212
3 1214 1213 1212
3 1215 1213 1214
3 1216 1215 1214
3 1217 1215 1216
3 1218 1217 1216
3 1219 1217 1218
3 1220 1219 1218
3 1221 1222 1203
3 1203 1222 1204
3 1223 1221 1207
3 1207 1221 1203
3 1224 1223 1209
3 1209 1223 1207
3 1225 1224 1211
3 1211 1224 1209
3 1182 1225 1213
3 1213 1225 1211
3 1182 1215 1183
3 1182 1213 1215
3 1183 1217 1185
3 1215 1217 1183
3 1185 1219 1187
3 1217 1219 1185
3 1190 1221 1191
3 1222 1221 1190
3 1191 1223 1193
3 1221 1223 1191
3 1193 1224 1195
3 1223 1224 1193
3 1195 1225 1197
3 1224 1225 1195
3 1225 1182 1197
3 1205 1229 1206
3 1230 1229 1205
3 1206 1231 1208
3 1229 1231 1206
3 1208 1232 1210
3 1231 1232 1208
3 1210 1226 1212
3 1232 1226 1210
3 1212 1227 1214
3 1226 1227 1212
3 1214 1228 1216
3 1227 1228 1214
3 1228 1218 1216
3 1233 1234 1235
3 1234 1236 1235
3 1237 1238 1239
3 1238 1240 1239
3 1241 1240 1242
3 1243 1241 1242
3 1240 1241 1239
3 1243 1242 1244
3 1242 1245 1244
3 1246 1247 1248
3 1249 1246 1248
3 1250 1246 1249
3 1251 1250 1249
3 1252 1246 1245
3 1247 1246 1252
3 1245 1250 1244
3 1246 1250 1245
3 1253 1254 1255
3 1256 1253 1255
3 1257 1253 1256
3 1258 1257 1256
3 1259 1257 1258
3 1260 1259 1258
3 1261 1259 1260
3 1262 1253 1263
3 1254 1253 1262
3 1263 1257 1248
3 1253 1257 1263
3 1248 1259 1249
3 1257 1259 1248
3 1249 1261 1251
3 1267 1268 1264
3 1269 1265 1270
3 1269 1267 1265
3 1267 1264 1265
3 1270 1266 1271
3 1265 1266 1270
3 1272 1267 1273
3 1268 1267 1272
3 1273 1267 1269
3 1274 1275 1276
3 1275 1277 1276
3 1278 1274 1279
3 1274 1276 1279
3 1280 1278 1281
3 1278 1279 1281
3 1282 1280 1283
3 1280 1281 1283
3 1284 1282 1285
3 1282 1283 1285
3 1286 1284 1287
3 1284 1285 1287
3 1288 1286 1289
3 1286 1287 1289
3 1276 1277 1290
3 1277 1291 1290
3 1279 1276 1292
3 1276 1290 1292
3 1281 1279 1293
3 1279 1292 1293
3 1283 1281 1294
3 1281 1293 1294
3 1285 1283 1295
3 1283 1294 1295
3 1287 1285 1296
3 1285 1295 1296
3 1289 1287 1297
3 1287 1296 1297
3 1291 1298 1299
3 1298 1300 1299
3 1290 1291 1301
3 1291 1299 1301
3 1292 1290 1302
3 1290 1301 1302
3 1293 1292 1303
3 1292 1302 1303
3 1294 1293 1304
3 1293 1303 1304
3 1295 1294 1305
3 1294 1304 1305
3 1296 1295 1306
3 1295 1305 1306
3 1297 1296 1307
3 1296 1306 1307
3 1299 1300 1308
3 1300 1309 1308
3 1301 1299 1310
3 1299 1308 1310
3 1302 1301 1311
3 1301 1310 1311
3 1303 1302 1312
3 1302 1311 1312
3 1304 1303 1313
3 1303 1312 1313
3 1305 1304 1314
3 1304 1313 1314
3 1306 1305 1315
3 1305 1314 1315
3 1307 1306 1316
3 1306 1315 1316
3 1308 1309 1317
3 1309 1318 1317
3 1310 1308 1319
3 1308 1317 1319
3 1311 1310 1320
3 1310 1319 1320
3 1312 1311 1321
3 1311 1320 1321
3 1313 1312 1322
3 1312 1321 1322
3 1314 1313 1323
3 1313 1322 1323
3 1315 1314 1324
3 1314 1323 1324
3 1316 1315 1325
3 1315 1324 1325
3 1326 1327 1328
3 1329 1326 1328
3 1330 1326 1329
3 1331 1330 1329
3 1332 1330 1331
3 1333 1332 1331
3 1334 1332 1333
3 1335 1334 1333
3 1336 1334 1335
3 1338 1337 1336
3 1339 1337 1338
3 1318 1326 1317
3 1327 1326 1318
3 1317 1330 1319
3 1326 1330 1317
3 1319 1332 1320
3 1330 1332 1319
3 1320 1334 1321
3 1332 1334 1320
3 1321 1336 1322
3 1334 1336 1321
3 1322 1337 1323
3 1336 1337 1322
3 1323 1339 1324
3 1337 1339 1323
3 1324 1340 1325
3 1339 1340 1324
3 1329 1328 1341
3 1328 1342 1341
3 1331 1329 1343
3 1329 1341 1343
3 1333 1331 1344
3 1331 1343 1344
3 1335 1333 1345
3 1333 1344 1345
3 1336 1335 1346
3 1335 1345 1346
3 1338 1336 1347
3 1336 1346 1347
3 1339 1338 1348
3 1338 1347 1348
3 1340 1339 1349
3 1339 1348 1349
3 1341 1342 1350
3 1342 1351 1350
3 1343 1341 1352
3 1341 1350 1352
3 1344 1343 1353
3 1343 1352 1353
3 1345 1344 1354
3 1344 1353 1354
3 1346 1345 1355
3 1345 1354 1355
3 1347 1346 1356
3 1346 1355 1356
3 1348 1347 1357
3 1347 1356 1357
3 1349 1348 455
3 1348 1357 455
3 1360 1361 1362
3 1363 1360 1362
3 1364 1363 1362
3 1359 1363 1364
3 1359 1364 1358
3 1358 1364 1365
3 1366 1367 1368
3 1369 1366 1368
3 1370 1369 1368
3 1371 1369 1370
3 1372 1371 1370
3 1373 1371 1372
3 1374 1373 1372
3 1361 1373 1374
3 1361 1374 1362
3 1362 1374 1375
3 1364 1362 1376
3 1362 1375 1376
3 1365 1364 1377
3 1364 1376 1377
3 1381 1380 1378
3 1382 1380 1381
3 1383 1382 1381
3 1377 1382 1383
3 1384 1377 1383
3 1385 1386 1387
3 1388 1385 1387
3 1367 1385 1388
3 1367 1388 1368
3 1368 1388 1389
3 1370 1368 1390
3 1368 1389 1390
3 1372 1370 1391
3 1370 1390 1391
3 1378 1391 1379
3 1378 1374 1391
3 1374 1372 1391
3 1374 1380 1375
3 1378 1380 1374
3 1375 1382 1376
3 1380 1382 1375
3 1382 1377 1376
3 1392 1393 1394
3 1395 1392 1394
3 1396 1395 1394
3 1397 1395 1396
3 1398 1397 1396
3 1391 1397 1398
3 1399 1391 1398
3 1379 1391 1399
3 1379 1399 1378
3 1378 1399 1400
3 1381 1378 1401
3 1378 1400 1401
3 1383 1381 1402
3 1381 1401 1402
3 1384 1383 1403
3 1383 1402 1403
3 1392 1404 1393
3 1392 1388 1404
3 1388 1387 1404
3 1388 1395 1389
3 1392 1395 1388
3 1389 1397 1390
3 1395 1397 1389
3 1397 1391 1390
3 1405 1406 1407
3 1408 1405 1407
3 1409 1408 1407
3 1410 1408 1409
3 1411 1410 1409
3 1412 1410 1411
3 1413 1412 1411
3 1414 1412 1413
3 1415 1414 1413
3 1393 1404 1416
3 1393 1416 1394
3 1394 1416 1417
3 1396 1394 1418
3 1394 1417 1418
3 1398 1396 1419
3 1396 1418 1419
3 1405 1419 1406
3 1405 1399 1419
3 1399 1398 1419
3 1399 1408 1400
3 1405 1408 1399
3 1400 1410 1401
3 1408 1410 1400
3 1401 1412 1402
3 1410 1412 1401
3 1402 1414 1403
3 1412 1414 1402
3 1420 1421 1422
3 1423 1424 1425
3 1426 1423 1425
3 1427 1426 1425
3 1419 1426 1427
3 1428 1419 1427
3 1406 1419 1428
3 1406 1428 1407
3 1407 1428 1429
3 1409 1407 1430
3 1407 1429 1430
3 1411 1409 1431
3 1409 1430 1431
3 1413 1411 1432
3 1411 1431 1432
3 1420 1432 1421
3 1420 1415 1432
3 1415 1413 1432
3 1423 1417 1424
3 1417 1416 1424
3 1417 1426 1418
3 1423 1426 1417
3 1426 1419 1418
3 1433 1434 1435
3 1436 1433 1435
3 1437 1436 1435
3 1438 1436 1437
3 1439 1438 1437
3 1432 1438 1439
3 1440 1432 1439
3 1421 1432 1440
3 1421 1440 1422
3 1422 1440 1441
3 1424 1442 1425
3 1425 1442 1443
3 1427 1425 1444
3 1425 1443 1444
3 1428 1427 1445
3 1427 1444 1445
3 1433 1445 1434
3 1433 1429 1445
3 1429 1428 1445
3 1429 1436 1430
3 1433 1436 1429
3 1430 1438 1431
3 1436 1438 1430
3 1438 1432 1431
3 1446 668 656
3 1446 1447 668
3 1447 1448 668
3 1449 1448 1450
3 1448 1447 1450
3 1451 1449 1452
3 1449 1450 1452
3 1453 1451 1454
3 1451 1452 1454
3 1455 1453 1456
3 1453 1454 1456
3 1457 1455 1458
3 1455 1456 1458
3 1459 1457 1460
3 1457 1458 1460
3 1461 1459 1462
3 1459 1460 1462
3 1463 1446 656
3 1463 656 1464
3 1464 656 680
3 1465 1463 1464
3 1466 1465 1464
3 1467 1465 1466
3 1468 1467 1466
3 1469 1467 1468
3 1470 1469 1468
3 1471 1469 1470
3 1472 1471 1470
3 1473 1471 1472
3 1474 1473 1472
3 1475 1473 1474
3 1476 1475 1474
3 1477 1475 1476
3 1478 1477 1476
3 1447 1446 1463
3 1447 1465 1450
3 1463 1465 1447
3 1450 1467 1452
3 1465 1467 1450
3 1452 1469 1454
3 1467 1469 1452
3 1454 1471 1456
3 1469 1471 1454
3 1456 1473 1458
3 1471 1473 1456
3 1458 1475 1460
3 1473 1475 1458
3 1460 1477 1462
3 1475 1477 1460
3 1464 680 1479
3 680 689 1479
3 1466 1464 1480
3 1464 1479 1480
3 1468 1466 1481
3 1466 1480 1481
3 1470 1468 1482
3 1468 1481 1482
3 1472 1470 1483
3 1470 1482 1483
3 1474 1472 1484
3 1472 1483 1484
3 1476 1474 1485
3 1474 1484 1485
3 1478 1476 1486
3 1476 1485 1486
3 1487 695 697
3 1488 1487 697
3 1489 1487 1488
3 689 1487 1479
3 695 1487 689
3 1489 1479 1487
3 1489 1490 1479
3 1490 1480 1479
3 1481 1480 1491
3 1480 1490 1491
3 1482 1481 1492
3 1481 1491 1492
3 1483 1482 1493
3 1482 1492 1493
3 1484 1483 1494
3 1483 1493 1494
3 1485 1484 1495
3 1484 1494 1495
3 1486 1485 1496
3 1485 1495 1496
3 1488 697 1497
3 697 717 1497
3 1498 1489 1488
3 1498 1488 1499
3 1499 1488 1497
3 1500 1498 1499
3 1501 1500 1499
3 1502 1500 1501
3 1505 1504 1503
3 1506 1504 1505
3 1507 1506 1505
3 1508 1506 1507
3 1509 1508 1507
3 1490 1489 1498
3 1490 1500 1491
3 1498 1500 1490
3 1502 1491 1500
3 1502 1492 1491
3 1503 1493 1502
3 1493 1492 1502
3 1493 1504 1494
3 1503 1504 1493
3 1494 1506 1495
3 1504 1506 1494
3 1495 1508 1496
3 1506 1508 1495
3 1497 717 1510
3 717 726 1510
3 1499 1497 1511
3 1497 1510 1511
3 1501 1499 1512
3 1499 1511 1512
3 1502 1501 1513
3 1513 1501 1512
3 1502 1513 1503
3 1503 1513 1514
3 1505 1503 1515
3 1503 1514 1515
3 1507 1505 1516
3 1505 1515 1516
3 1509 1507 1517
3 1507 1516 1517
3 726 1518 1510
3 735 1518 726
3 1510 1519 1511
3 1518 1519 1510
3 1511 1520 1512
3 1519 1520 1511
3 1512 1521 1513
3 1520 1521 1512
3 1513 1522 1514
3 1521 1522 1513
3 1514 1523 1515
3 1522 1523 1514
3 1515 1524 1516
3 1523 1524 1515
3 1516 1525 1517
3 1524 1525 1516
3 1526 1527 1528
3 1527 1529 1528
3 1530 1526 1531
3 1526 1528 1531
3 1532 1530 1533
3 1530 1531 1533
3 1534 1532 1535
3 1532 1533 1535
3 1536 1534 1537
3 1534 1535 1537
3 1538 1536 1539
3 1536 1537 1539
3 1540 1538 1541
3 1538 1539 1541
3 1542 1540 1543
3 1540 1541 1543
3 1528 1529 1544
3 1529 1545 1544
3 1531 1528 1546
3 1528 1544 1546
3 1533 1531 1547
3 1531 1546 1547
3 1535 1533 1548
3 1533 1547 1548
3 1537 1535 1549
3 1535 1548 1549
3 1539 1537 1550
3 1537 1549 1550
3 1541 1539 1551
3 1539 1550 1551
3 1543 1541 1552
3 1541 1551 1552
3 1544 1545 1553
3 1554 1544 1553
3 1546 1544 1554
3 1555 1549 1548
3 1555 1556 1549
3 1549 1556 1550
3 1556 1557 1551
3 1556 1551 1550
3 1552 1551 1557
3 1558 1552 1557
3 1553 1559 1554
3 1554 1560 1546
3 1559 1560 1554
3 1546 1561 1547
3 1560 1561 1546
3 1547 1562 1548
3 1561 1562 1547
3 1548 1563 1555
3 1562 1563 1548
3 1563 1556 1555
3 1557 1556 1564
3 1557 1565 1558
3 1564 1565 1557
3 1559 1553 1566
3 1553 1567 1566
3 1560 1559 1568
3 1559 1566 1568
3 1561 1560 1569
3 1560 1568 1569
3 1562 1561 1570
3 1561 1569 1570
3 1563 1562 1571
3 1562 1570 1571
3 1556 1563 1572
3 1563 1571 1572
3 1556 1572 1564
3 1572 1573 1564
3 1565 1564 1574
3 1564 1573 1574
3 1566 1567 1575
3 1567 1576 1575
3 1568 1566 1577
3 1566 1575 1577
3 1569 1568 1578
3 1568 1577 1578
3 1570 1569 1579
3 1569 1578 1579
3 1571 1570 1580
3 1570 1579 1580
3 1572 1571 1581
3 1571 1580 1581
3 1573 1572 1582
3 1572 1581 1582
3 1574 1573 1583
3 1573 1582 1583
3 1575 1576 1584
3 1576 1585 1584
3 1577 1575 1586
3 1575 1584 1586
3 1578 1577 1587
3 1577 1586 1587
3 1579 1578 1588
3 1578 1587 1588
3 1580 1579 1589
3 1579 1588 1589
3 1581 1580 1590
3 1580 1589 1590
3 1582 1581 1591
3 1581 1590 1591
3 1583 1582 1592
3 1582 1591 1592
3 1584 1585 1593
3 1585 1594 1593
3 1586 1584 1595
3 1584 1593 1595
3 1587 1586 1596
3 1586 1595 1596
3 1588 1587 1597
3 1587 1596 1597
3 1589 1588 1598
3 1588 1597 1598
3 1590 1589 1599
3 1589 1598 1599
3 1591 1590 1600
3 1590 1599 1600
3 1592 1591 1601
3 1591 1600 1601
3 1593 1594 1602
3 1594 1603 1602
3 1595 1593 1604
3 1593 1602 1604
3 1596 1595 1605
3 1595 1604 1605
3 1597 1596 1606
3 1596 1605 1606
3 1598 1597 1607
3 1597 1606 1607
3 1599 1598 1608
3 1598 1607 1608
3 1600 1599 1609
3 1599 1608 1609
3 1601 1600 1610
3 1600 1609 1610
3 1611 1612 1613
3 1614 1611 1613
3 1615 1614 1613
3 1616 1617 1618
3 1619 1616 1618
3 1620 1616 1619
3 1621 1620 1619
3 1622 1620 1621
3 1622 1621 1623
3 1623 1621 1624
3 1625 1623 1626
3 1623 1624 1626
3 1627 1625 1628
3 1625 1626 1628
3 1629 1627 1630
3 1627 1628 1630
3 1611 1630 1612
3 1611 1631 1630
3 1631 1629 1630
3 1611 1614 1631
3 1632 1616 1633
3 1617 1616 1632
3 1633 1620 1634
3 1616 1620 1633
3 1634 1620 1622
3 1635 1636 1637
3 1638 1635 1637
3 1639 1638 1637
3 1612 1638 1639
3 1612 1639 1613
3 1613 1639 1640
3 1615 1613 1641
3 1613 1640 1641
3 1619 1618 1642
3 1618 1643 1642
3 1621 1619 1644
3 1619 1642 1644
3 1624 1621 1645
3 1621 1644 1645
3 1626 1624 1636
3 1624 1645 1636
3 1635 1628 1636
3 1628 1626 1636
3 1628 1638 1630
3 1635 1638 1628
3 1630 1638 1612
3 1650 1649 1648
3 1651 1649 1650
3 1652 1651 1650
3 1636 1651 1652
3 1653 1636 1652
3 1636 1653 1637
3 1637 1653 1654
3 1639 1637 1655
3 1637 1654 1655
3 1640 1639 1656
3 1639 1655 1656
3 1646 1656 1647
3 1646 1641 1656
3 1641 1640 1656
3 1648 1642 1657
3 1642 1643 1657
3 1642 1649 1644
3 1648 1649 1642
3 1644 1651 1645
3 1649 1651 1644
3 1651 1636 1645
3 1661 1660 1658
3 1662 1660 1661
3 1663 1662 1661
3 1647 1662 1663
3 1647 1663 1646
3 1646 1663 1664
3 1648 1665 1666
3 1648 1666 1667
3 1650 1648 1668
3 1648 1667 1668
3 1652 1650 1669
3 1650 1668 1669
3 1653 1652 1670
3 1652 1669 1670
3 1658 1670 1659
3 1658 1654 1670
3 1654 1653 1670
3 1654 1660 1655
3 1658 1660 1654
3 1655 1662 1656
3 1660 1662 1655
3 1656 1662 1647
3 1657 1665 1648
3 1671 1672 1673
3 1674 1675 1676
3 1659 1674 1676
3 1659 1676 1658
3 1658 1676 1677
3 1661 1658 1678
3 1658 1677 1678
3 1663 1661 1679
3 1661 1678 1679
3 1671 1679 1672
3 1671 1664 1679
3 1664 1663 1679
3 1667 1666 1680
3 1666 1681 1680
3 1668 1667 1682
3 1667 1680 1682
3 1669 1668 1683
3 1668 1682 1683
3 1674 1683 1675
3 1674 1670 1683
3 1670 1669 1683
3 1670 1674 1659
3 1684 1685 1686
3 1687 1684 1686
3 1688 1687 1686
3 1672 1687 1688
3 1672 1688 1673
3 1673 1688 1689
3 1690 1691 1692
3 1693 1690 1692
3 1694 1690 1693
3 1695 1694 1693
3 1696 1694 1695
3 1697 1696 1695
3 1675 1696 1697
3 1675 1697 1676
3 1676 1697 1698
3 1677 1676 1699
3 1676 1698 1699
3 1684 1699 1685
3 1684 1678 1699
3 1678 1677 1699
3 1678 1687 1679
3 1684 1687 1678
3 1679 1687 1672
3 1681 1690 1680
3 1691 1690 1681
3 1680 1694 1682
3 1690 1694 1680
3 1682 1696 1683
3 1694 1696 1682
3 1683 1696 1675
3 1702 1701 1700
3 1703 1701 1702
3 1704 1703 1702
3 1699 1703 1704
3 1705 1699 1704
3 1685 1699 1705
3 1685 1705 1686
3 1686 1705 1706
3 1688 1686 1707
3 1686 1706 1707
3 1689 1688 1708
3 1688 1707 1708
3 1693 1692 1709
3 1692 1710 1709
3 1700 1695 1709
3 1695 1693 1709
3 1695 1701 1697
3 1700 1701 1695
3 1697 1703 1698
3 1701 1703 1697
3 1703 1699 1698
3 1713 1712 1711
3 1714 1712 1713
3 1715 1714 1713
3 1708 1714 1715
3 1716 1708 1715
3 1717 1718 1719
3 1720 1717 1719
3 1700 1717 1720
3 1700 1720 1721
3 1702 1700 1722
3 1700 1721 1722
3 1704 1702 1723
3 1702 1722 1723
3 1711 1705 1723
3 1705 1704 1723
3 1705 1712 1706
3 1711 1712 1705
3 1706 1714 1707
3 1712 1714 1706
3 1714 1708 1707
3 1710 1717 1709
3 1718 1717 1710
3 1709 1717 1700
3 774 1724 775
3 1725 1726 1727
3 1090 1725 1727
3 1090 1727 1091
3 1091 1727 1728
3 1094 1091 1729
3 1091 1728 1729
3 1096 1094 1724
3 1094 1729 1724
3 774 14 1724
3 14 1096 1724
3 1098 1730 1731
3 1099 1098 1731
3 1102 1099 1732
3 1099 1731 1732
3 1725 1732 1726
3 1725 1104 1732
3 1104 1102 1732
3 1104 1725 1090
3 1733 1734 1735
3 1724 1733 1735
3 1736 1724 1735
3 1724 1736 775
3 775 1736 792
3 1726 1737 1738
3 1727 1726 1738
3 1728 1727 1739
3 1727 1738 1739
3 1733 1739 1734
3 1733 1729 1739
3 1729 1728 1739
3 1733 1724 1729
3 1730 1740 1741
3 1730 1741 1731
3 1731 1741 1742
3 1732 1731 1743
3 1731 1742 1743
3 1743 1726 1732
3 1737 1726 1743
3 805 1744 806
3 1745 1746 1747
3 1734 1745 1747
3 1734 1747 1735
3 1735 1747 1748
3 1736 1735 1744
3 1735 1748 1744
3 805 792 1744
3 792 1736 1744
3 1749 1750 1751
3 1737 1749 1751
3 1737 1751 1738
3 1738 1751 1752
3 1745 1752 1746
3 1745 1739 1752
3 1739 1738 1752
3 1739 1745 1734
3 1740 75 1741
3 1741 75 1753
3 1742 1741 1754
3 1741 1753 1754
3 1749 1754 1750
3 1749 1743 1754
3 1743 1742 1754
3 1743 1749 1737
3 1755 1756 1757
3 1744 1755 1757
3 1758 1744 1757
3 1744 1758 806
3 806 1758 818
3 1759 1760 1761
3 1746 1759 1761
3 1746 1761 1747
3 1747 1761 1762
3 1755 1762 1756
3 1755 1748 1762
3 1748 1747 1762
3 1755 1744 1748
3 1763 1764 1765
3 1750 1763 1765
3 1750 1765 1751
3 1751 1765 1766
3 1759 1766 1760
3 1759 1752 1766
3 1752 1751 1766
3 1752 1759 1746
3 1753 75 1767
3 75 1768 1767
3 1763 1767 1764
3 1763 1754 1767
3 1754 1753 1767
3 1754 1763 1750
3 1771 1770 1769
3 823 1770 1771
3 822 823 1771
3 1772 1773 1774
3 1757 1774 1769
3 1757 1772 1774
3 1757 1756 1772
3 1757 1770 1758
3 1769 1770 1757
3 1758 823 818
3 1770 823 1758
3 1775 1776 1777
3 1760 1775 1777
3 1760 1777 1761
3 1761 1777 1778
3 1772 1778 1773
3 1772 1762 1778
3 1762 1761 1778
3 1762 1772 1756
3 1779 1780 1781
3 1782 1779 1781
3 1764 1779 1782
3 1764 1782 1765
3 1765 1782 1783
3 1775 1783 1776
3 1775 1766 1783
3 1766 1765 1783
3 1766 1775 1760
3 1768 1779 1767
3 1780 1779 1768
3 1767 1779 1764
3 1788 1787 1786
3 1784 1788 1785
3 1774 1788 1784
3 1774 1787 1788
3 1774 1773 1787
3 1774 1784 1769
3 1791 1789 1790
3 1783 1789 1791
3 1792 1783 1791
3 1777 1792 1786
3 1777 1783 1792
3 1777 1776 1783
3 1777 1787 1778
3 1786 1787 1777
3 1778 1787 1773
3 1781 1789 1782
3 1790 1789 1781
3 1789 1783 1782
3 1793 1796 1794
3 1793 1791 1796
3 1791 1790 1796
3 1791 1795 1792
3 1793 1795 1791
3 1792 1795 1786
3 1797 41 1730
3 41 42 1730
3 1730 1098 1797
3 1730 63 1740
3 1730 42 63
3 63 75 1740
3 1798 1799 1800
3 1799 1801 1800
3 1802 1798 1803
3 1798 1800 1803
3 1804 1802 1805
3 1802 1803 1805
3 1806 1804 1807
3 1804 1805 1807
3 1808 1809 1806
3 1808 1806 1810
3 1810 1806 1807
3 1811 1808 1810
3 1812 1811 1810
3 1813 1811 1812
3 1814 1813 1812
3 1815 1813 1814
3 1816 1815 1814
3 1811 1813 1817
3 1817 1815 1818
3 1813 1815 1817
3 1819 1820 1821
3 1822 1819 1821
3 1823 1819 1822
3 1824 1823 1822
3 1825 1823 1824
3 1826 1825 1824
3 1827 1825 1826
3 1828 1827 1826
3 1829 1827 1828
3 1830 1829 1828
3 1831 1829 1830
3 1832 1831 1830
3 1833 1831 1832
3 1801 1819 1800
3 1820 1819 1801
3 1800 1823 1803
3 1819 1823 1800
3 1803 1825 1805
3 1823 1825 1803
3 1805 1827 1807
3 1825 1827 1805
3 1807 1829 1810
3 1827 1829 1807
3 1810 1831 1812
3 1829 1831 1810
3 1812 1833 1814
3 1831 1833 1812
3 1833 1834 1814
3 1834 1816 1814
3 1822 1821 1835
3 1821 1836 1835
3 1824 1822 1837
3 1822 1835 1837
3 1826 1824 1838
3 1824 1837 1838
3 1828 1826 1839
3 1826 1838 1839
3 1830 1828 1840
3 1828 1839 1840
3 1832 1830 1841
3 1830 1840 1841
3 1833 1832 1842
3 1832 1841 1842
3 1834 1833 1843
3 1843 1833 1842
3 1844 1836 1845
3 1846 1844 1845
3 1847 1844 1846
3 1848 1847 1846
3 1849 1847 1848
3 1850 1849 1848
3 1851 1849 1850
3 1852 1851 1850
3 1853 1851 1852
3 1854 1853 1852
3 1855 1853 1854
3 1856 1855 1854
3 1857 1855 1856
3 1858 1857 1856
3 1859 1857 1858
3 1860 1859 1858
3 1836 1844 1835
3 1835 1847 1837
3 1844 1847 1835
3 1837 1849 1838
3 1847 1849 1837
3 1838 1851 1839
3 1849 1851 1838
3 1839 1853 1840
3 1851 1853 1839
3 1840 1855 1841
3 1853 1855 1840
3 1841 1857 1842
3 1855 1857 1841
3 1842 1859 1843
3 1857 1859 1842
3 1861 1862 1863
3 1861 1845 1862
3 1861 1864 1845
3 1864 1846 1845
3 1848 1846 1865
3 1846 1864 1865
3 1850 1848 1866
3 1848 1865 1866
3 1852 1850 1867
3 1850 1866 1867
3 1854 1852 1868
3 1852 1867 1868
3 1856 1854 1869
3 1854 1868 1869
3 1858 1856 1870
3 1856 1869 1870
3 1860 1858 1871
3 1858 1870 1871
3 1864 1861 1863
3 1864 1863 1872
3 1872 1863 1873
3 1874 1864 1872
3 1875 1874 1872
3 1876 1874 1875
3 1877 1876 1875
3 1867 1876 1877
3 1878 1867 1877
3 1879 1867 1878
3 1880 1879 1878
3 1869 1879 1880
3 1881 1869 1880
3 1870 1869 1881
3 1882 1870 1881
3 1883 1870 1882
3 1884 1883 1882
3 1864 1874 1865
3 1865 1876 1866
3 1874 1876 1865
3 1876 1867 1866
3 1867 1879 1868
3 1879 1869 1868
3 1870 1883 1871
3 1872 1873 1885
3 1873 1886 1885
3 1875 1872 1887
3 1872 1885 1887
3 1877 1875 1888
3 1875 1887 1888
3 1878 1877 1889
3 1877 1888 1889
3 1880 1878 1890
3 1878 1889 1890
3 1881 1880 1891
3 1880 1890 1891
3 1882 1881 1892
3 1881 1891 1892
3 1884 1882 1893
3 1882 1892 1893
3 1894 1895 1896
3 1897 1894 1896
3 1898 1894 1897
3 1899 1898 1897
3 1888 1898 1899
3 1900 1888 1899
3 1889 1888 1900
3 1901 1889 1900
3 1902 1889 1901
3 1903 1902 1901
3 1904 1902 1903
3 1905 1904 1903
3 1906 1904 1905
3 1907 1906 1905
3 1908 1906 1907
3 1909 1908 1907
3 1886 1894 1885
3 1895 1894 1886
3 1885 1898 1887
3 1894 1898 1885
3 1898 1888 1887
3 1889 1902 1890
3 1890 1904 1891
3 1902 1904 1890
3 1891 1906 1892
3 1904 1906 1891
3 1892 1908 1893
3 1906 1908 1892
3 1910 1911 1912
3 1913 1910 1914
3 1910 1912 1914
3 1915 1913 1916
3 1913 1914 1916
3 1917 1915 1918
3 1915 1916 1918
3 1919 1917 1920
3 1917 1918 1920
3 1921 1919 1922
3 1919 1920 1922
3 1923 1921 1924
3 1921 1922 1924
3 1082 1923 1925
3 1923 1924 1925
3 1911 1926 1912
3 1926 1927 1928
3 1926 1928 1912
3 1912 1928 1914
3 1916 1914 1929
3 1914 1928 1929
3 1929 1930 1918
3 1929 1918 1916
3 1930 1931 1932
3 1930 1932 1918
3 1918 1932 1920
3 1933 1934 1922
3 1933 1922 1932
3 1932 1922 1920
3 1924 1922 1934
3 1935 1924 1934
3 1935 1936 1924
3 1924 1936 1925
3 1931 1937 1932
3 1933 1932 1937
3 1935 1938 1939
3 1936 1935 1939
3 1942 1940 1941
3 1943 1942 1941
3 1944 1942 1943
3 1945 1944 1943
3 1938 1944 1945
3 1938 1945 1939
3 1939 1945 1946
3 1941 1947 1948
3 1943 1941 1949
3 1941 1948 1949
3 1945 1943 1950
3 1943 1949 1950
3 1946 1945 1951
3 1945 1950 1951
3 1947 1952 1953
3 1948 1947 1953
3 1949 1948 1954
3 1948 1953 1954
3 1950 1949 1955
3 1949 1954 1955
3 1951 1950 1956
3 1950 1955 1956
3 1957 752 753
3 1952 1958 1959
3 1953 1952 1959
3 1954 1953 1960
3 1953 1959 1960
3 1960 1961 1955
3 1960 1955 1954
3 1961 1962 1955
3 1955 1962 1956
3 1963 1957 753
3 1963 753 1964
3 1964 753 761
3 1965 1963 1964
3 1966 1967 1968
3 1958 1966 1968
3 1958 1968 1959
3 1959 1968 1969
3 1970 1960 1969
3 1969 1960 1959
3 1972 1973 1974
3 1975 1972 1974
3 1976 1972 1975
3 1977 1976 1975
3 1978 1976 1977
3 1979 1978 1977
3 1980 1978 1979
3 1981 1980 1979
3 1982 1972 1983
3 1973 1972 1982
3 1983 1976 1984
3 1972 1976 1983
3 1984 1978 1985
3 1976 1978 1984
3 1985 1980 1986
3 1978 1980 1985
3 1974 1987 1988
3 1987 1989 1988
3 1975 1974 1990
3 1974 1988 1990
3 1977 1975 1991
3 1975 1990 1991
3 1979 1977 1992
3 1977 1991 1992
3 1981 1979 1993
3 1979 1992 1993
3 1988 1989 1996
3 1989 1997 1996
3 1994 1990 1996
3 1990 1988 1996
3 1990 1995 1991
3 1994 1995 1990
3 1995 1998 1991
3 1998 1992 1991
3 1993 1992 1999
3 1992 1998 1999
3 2000 2001 2002
3 2003 2000 2002
3 1994 2000 2003
3 1994 2003 2004
3 1995 1994 2005
3 1994 2004 2005
3 2006 1995 2007
3 2007 1995 2005
3 2008 2006 2007
3 2009 2008 2007
3 1997 2000 1996
3 2001 2000 1997
3 1996 2000 1994
3 1998 1995 2006
3 1998 2008 1999
3 2006 2008 1998
3 2002 2010 2011
3 2010 2012 2011
3 2003 2002 2013
3 2002 2011 2013
3 2004 2003 2014
3 2003 2013 2014
3 2005 2004 2015
3 2004 2014 2015
3 2007 2005 2016
3 2005 2015 2016
3 2009 2007 2017
3 2007 2016 2017
3 2018 2019 2020
3 2021 2018 2020
3 2022 2018 2021
3 2023 2022 2021
3 2024 2022 2023
3 2025 2024 2023
3 2026 2024 2025
3 2012 2018 2011
3 2019 2018 2012
3 2011 2022 2013
3 2018 2022 2011
3 2013 2024 2014
3 2022 2024 2013
3 2026 2014 2024
3 2026 2027 2014
3 2027 2015 2014
3 2016 2015 2028
3 2015 2027 2028
3 2017 2016 2029
3 2016 2028 2029
3 2020 2030 2031
3 2030 2032 2031
3 2021 2020 2033
3 2020 2031 2033
3 2023 2021 2034
3 2021 2033 2034
3 2025 2023 2035
3 2023 2034 2035
3 2027 2026 2025
3 2027 2025 2036
3 2036 2025 2035
3 2037 2027 2036
3 2038 2037 2036
3 2039 2037 2038
3 2040 2039 2038
3 2027 2037 2028
3 2028 2039 2029
3 2037 2039 2028
3 2031 2032 2043
3 2032 2044 2043
3 2041 2033 2043
3 2033 2031 2043
3 2033 2042 2034
3 2041 2042 2033
3 2042 2045 2034
3 2045 2035 2034
3 2036 2035 2046
3 2035 2045 2046
3 2038 2036 2047
3 2036 2046 2047
3 2040 2038 2048
3 2038 2047 2048
3 2049 2050 2051
3 2052 2049 2051
3 2053 2052 2054
3 2052 2051 2054
3 2055 2053 2056
3 2053 2054 2056
3 2057 2055 2058
3 2055 2056 2058
3 2059 2057 2060
3 2057 2058 2060
3 2050 2061 2051
3 2054 2051 2061
3 2062 2054 2061
3 2062 2063 2064
3 2062 2064 2054
3 2054 2064 2056
3 2058 2056 2065
3 2056 2064 2065
3 2060 2058 2066
3 2058 2065 2066
3 2067 2060 2068
3 2060 2066 2068
3 2067 2068 2069
3 2063 2070 2064
3 2070 2071 2072
3 2070 2072 2064
3 2064 2072 2065
3 2066 2065 2073
3 2065 2072 2073
3 2068 2066 2074
3 2066 2073 2074
3 2069 2068 2075
3 2068 2074 2075
3 2071 2076 2072
3 2076 2077 2078
3 2076 2078 2072
3 2072 2078 2073
3 2074 2073 2079
3 2075 2074 2080
3 2074 2079 2080
3 2077 2081 2082
3 2078 2077 2082
3 2079 2078 2083
3 2078 2082 2083
3 2080 2079 2084
3 2079 2083 2084
3 2081 2085 2086
3 2081 2086 2082
3 2082 2086 2087
3 2083 2082 2088
3 2082 2087 2088
3 2084 2083 2089
3 2083 2088 2089
3 2090 2091 2092
3 2090 2092 2086
3 2086 2092 2087
3 2088 2087 2093
3 2087 2092 2093
3 2094 2089 2093
3 2093 2089 2088
3 2095 2093 2092
3 2094 2093 2095
3 2097 2096 2094
3 1910 2096 2097
3 2098 2099 2100
3 2101 2098 2100
3 2102 2098 2101
3 2103 2102 2101
3 2104 2102 2103
3 2105 2104 2103
3 2106 2104 2105
3 2107 2106 2105
3 2108 2106 2107
3 2109 2108 2107
3 2110 2108 2109
3 2111 2110 2109
3 2112 2110 2111
3 2113 2112 2111
3 2114 2112 2113
3 2115 2114 2113
3 2101 2100 2116
3 2100 2117 2116
3 2103 2101 2118
3 2101 2116 2118
3 2105 2103 2119
3 2103 2118 2119
3 2107 2105 2120
3 2105 2119 2120
3 2109 2107 2121
3 2107 2120 2121
3 2111 2109 2122
3 2109 2121 2122
3 2113 2111 2123
3 2111 2122 2123
3 2115 2113 2124
3 2113 2123 2124
3 2125 1288 2126
3 1288 1289 2126
3 2127 2125 2128
3 2125 2126 2128
3 2129 2127 2130
3 2127 2128 2130
3 2131 2129 2132
3 2129 2130 2132
3 2133 2131 2134
3 2131 2132 2134
3 2135 2133 2136
3 2133 2134 2136
3 2137 2135 2138
3 2135 2136 2138
3 2139 2140 2137
3 2139 2137 2141
3 2141 2137 2138
3 2126 1289 2142
3 1289 1297 2142
3 2128 2126 2143
3 2126 2142 2143
3 2130 2128 2144
3 2128 2143 2144
3 2132 2130 2145
3 2130 2144 2145
3 2134 2132 2146
3 2132 2145 2146
3 2136 2134 2147
3 2134 2146 2147
3 2138 2136 2148
3 2136 2147 2148
3 2141 2138 2149
3 2138 2148 2149
3 2142 1297 2150
3 1297 1307 2150
3 2143 2142 2151
3 2142 2150 2151
3 2144 2143 2152
3 2143 2151 2152
3 2145 2144 2153
3 2144 2152 2153
3 2146 2145 2154
3 2145 2153 2154
3 2147 2146 2155
3 2146 2154 2155
3 2148 2147 2156
3 2147 2155 2156
3 2149 2148 2157
3 2148 2156 2157
3 2150 1307 2158
3 1307 1316 2158
3 2151 2150 2159
3 2150 2158 2159
3 2152 2151 2160
3 2151 2159 2160
3 2153 2152 2161
3 2152 2160 2161
3 2154 2153 2162
3 2153 2161 2162
3 2155 2154 2163
3 2154 2162 2163
3 2156 2155 2164
3 2155 2163 2164
3 2157 2156 2165
3 2156 2164 2165
3 2166 2167 2168
3 2169 2166 2168
3 2170 2169 2168
3 2171 2169 2170
3 2158 1316 2173
3 1316 1325 2173
3 2159 2158 2174
3 2158 2173 2174
3 2160 2159 2175
3 2159 2174 2175
3 2161 2160 2176
3 2160 2175 2176
3 2166 2176 2167
3 2166 2162 2176
3 2162 2161 2176
3 2162 2169 2163
3 2166 2169 2162
3 2163 2171 2164
3 2169 2171 2163
3 2172 2164 2171
3 2172 2177 2164
3 2177 2165 2164
3 2179 2178 1340
3 2180 2178 2179
3 2181 2180 2179
3 2182 2180 2181
3 2183 2182 2181
3 2184 2182 2183
3 2185 2184 2183
3 2167 2184 2185
3 2167 2185 2168
3 2168 2185 2186
3 2170 2168 2187
3 2168 2186 2187
3 2171 2170 2188
3 2170 2187 2188
3 2177 2172 2171
3 2177 2171 2189
3 2189 2171 2188
3 1325 2178 2173
3 1340 2178 1325
3 2173 2180 2174
3 2178 2180 2173
3 2174 2182 2175
3 2180 2182 2174
3 2175 2184 2176
3 2182 2184 2175
3 2176 2184 2167
3 2179 1340 2190
3 1340 1349 2190
3 2181 2179 2191
3 2179 2190 2191
3 2183 2181 2192
3 2181 2191 2192
3 2185 2183 2193
3 2183 2192 2193
3 2186 2185 2194
3 2185 2193 2194
3 2187 2186 2195
3 2186 2194 2195
3 2188 2187 2196
3 2187 2195 2196
3 2189 2188 2197
3 2188 2196 2197
3 2190 1349 454
3 1349 455 454
3 2191 2190 458
3 2190 454 458
3 2192 2191 460
3 2191 458 460
3 2193 2192 462
3 2192 460 462
3 2194 2193 464
3 2193 462 464
3 2195 2194 466
3 2194 464 466
3 2196 2195 468
3 2195 466 468
3 2197 2196 470
3 2196 468 470
3 2198 2199 2200
3 2201 2198 2200
3 2202 2198 2201
3 2203 2202 2201
3 2204 2202 2203
3 2205 2198 2206
3 2199 2198 2205
3 2206 2202 2207
3 2198 2202 2206
3 2204 2207 2202
3 2204 2208 2207
3 2209 2208 2210
3 2208 2204 2210
3 2211 2209 2212
3 2209 2210 2212
3 2213 2211 2214
3 2211 2212 2214
3 2215 2213 2216
3 2213 2214 2216
3 2217 2215 2218
3 2215 2216 2218
3 2201 2200 2219
3 2200 2220 2219
3 2203 2201 2221
3 2201 2219 2221
3 2204 2203 2222
3 2222 2203 2221
3 2223 2204 2222
3 2224 2223 2222
3 2225 2223 2224
3 2226 2225 2224
3 2227 2225 2226
3 2228 2227 2226
3 2229 2227 2228
3 2230 2229 2228
3 2231 2229 2230
3 2232 2231 2230
3 2204 2223 2210
3 2210 2225 2212
3 2223 2225 2210
3 2212 2227 2214
3 2225 2227 2212
3 2214 2229 2216
3 2227 2229 2214
3 2216 2231 2218
3 2229 2231 2216
3 2233 2220 2234
3 2233 2235 2220
3 2235 2219 2220
3 2221 2219 2236
3 2219 2235 2236
3 2222 2221 2237
3 2221 2236 2237
3 2224 2222 2238
3 2222 2237 2238
3 2226 2224 2239
3 2224 2238 2239
3 2228 2226 2240
3 2226 2239 2240
3 2230 2228 2241
3 2228 2240 2241
3 2232 2230 2242
3 2230 2241 2242
3 2235 2233 2234
3 2235 2234 2243
3 2243 2234 2244
3 2245 2235 2243
3 2246 2245 2243
3 2247 2245 2246
3 2235 2245 2236
3 2247 2236 2245
3 2247 2248 2236
3 2248 2237 2236
3 2238 2237 2249
3 2237 2248 2249
3 2239 2238 2250
3 2238 2249 2250
3 2240 2239 2251
3 2239 2250 2251
3 2241 2240 2252
3 2240 2251 2252
3 2242 2241 2253
3 2241 2252 2253
3 2243 2244 2254
3 2244 2255 2254
3 2246 2243 2256
3 2243 2254 2256
3 2257 2247 2246
3 2257 2246 2258
3 2258 2246 2256
3 2259 2257 2258
3 2260 2259 2258
3 2261 2259 2260
3 2262 2261 2260
3 2263 2261 2262
3 2264 2263 2262
3 2265 2263 2264
3 2266 2265 2264
3 2267 2265 2266
3 2248 2247 2257
3 2248 2259 2249
3 2257 2259 2248
3 2249 2261 2250
3 2259 2261 2249
3 2250 2263 2251
3 2261 2263 2250
3 2251 2265 2252
3 2263 2265 2251
3 2252 2267 2253
3 2265 2267 2252
3 2254 2255 2268
3 2255 2269 2268
3 2256 2254 2270
3 2254 2268 2270
3 2258 2256 2271
3 2256 2270 2271
3 2260 2258 2272
3 2258 2271 2272
3 2262 2260 2273
3 2260 2272 2273
3 2264 2262 2274
3 2262 2273 2274
3 2266 2264 2275
3 2264 2274 2275
3 2267 2266 2276
3 2266 2275 2276
3 2277 2278 2279
3 2280 2277 2279
3 2281 2277 2280
3 2282 2281 2280
3 2283 2281 2282
3 2284 2283 2282
3 2285 2283 2284
3 2286 2285 2284
3 2287 2285 2286
3 2288 2287 2286
3 2289 2287 2288
3 2290 2289 2288
3 2291 2289 2290
3 2269 2277 2268
3 2278 2277 2269
3 2268 2281 2270
3 2277 2281 2268
3 2270 2283 2271
3 2281 2283 2270
3 2271 2285 2272
3 2283 2285 2271
3 2272 2287 2273
3 2285 2287 2272
3 2273 2289 2274
3 2287 2289 2273
3 2291 2274 2289
3 2291 2292 2274
3 2292 2275 2274
3 2276 2275 2293
3 2275 2292 2293
3 2280 2279 2294
3 2279 2295 2294
3 2282 2280 2296
3 2280 2294 2296
3 2284 2282 2297
3 2282 2296 2297
3 2286 2284 2298
3 2284 2297 2298
3 2288 2286 2299
3 2286 2298 2299
3 2290 2288 2300
3 2288 2299 2300
3 2292 2291 2290
3 2292 2290 2301
3 2301 2290 2300
3 2293 2292 2301
3 2302 2293 2301
3 2303 2304 2305
3 2306 2303 2305
3 2305 2307 2306
3 2308 2307 2305
3 2309 1610 2310
3 1610 2311 2310
3 2312 2309 2313
3 2309 2310 2313
3 2314 2312 2315
3 2312 2313 2315
3 2316 2314 2317
3 2314 2315 2317
3 2317 2303 2316
3 2304 2303 2317
3 2305 2304 2318
3 2318 2308 2305
3 2310 2311 2319
3 2320 2310 2319
3 2320 2321 2322
3 2320 2322 2310
3 2310 2322 2313
3 2315 2313 2323
3 2313 2322 2323
3 2317 2315 2324
3 2315 2323 2324
3 2324 2304 2317
3 2318 2304 2324
3 2319 2325 2320
3 2326 2325 2319
3 2325 2321 2320
3 2321 2328 2322
3 2328 2329 2330
3 2328 2330 2322
3 2322 2330 2323
3 2324 2323 2331
3 2323 2330 2331
3 2318 2332 2327
3 2318 2324 2332
3 2324 2331 2332
3 2332 2333 2327
3 2325 2326 2334
3 2326 2335 2334
3 2321 2336 2328
3 2321 2325 2336
3 2325 2334 2336
3 2336 2329 2328
3 2329 2337 2330
3 2337 2338 2339
3 2337 2339 2330
3 2330 2339 2331
3 2332 2331 2340
3 2331 2339 2340
3 2334 2335 2341
3 2335 2342 2341
3 2336 2334 2343
3 2334 2341 2343
3 2329 2344 2337
3 2329 2336 2344
3 2336 2343 2344
3 2344 2338 2337
3 2338 2345 2339
3 2345 2346 2347
3 2345 2347 2339
3 2339 2347 2340
3 2341 2342 2348
3 2342 2349 2348
3 2343 2341 2350
3 2341 2348 2350
3 2344 2343 2351
3 2343 2350 2351
3 2338 2352 2345
3 2338 2344 2352
3 2344 2351 2352
3 2352 2346 2345
3 2347 2346 2353
3 2348 2349 2354
3 2349 2355 2354
3 2350 2348 2356
3 2348 2354 2356
3 2351 2350 2357
3 2350 2356 2357
3 2352 2351 2358
3 2351 2357 2358
3 2358 2346 2352
3 2353 2346 2358
3 2354 2355 2359
3 2355 2360 2359
3 2356 2354 2361
3 2354 2359 2361
3 2357 2356 2362
3 2356 2361 2362
3 2358 2357 2363
3 2357 2362 2363
3 2353 2358 2364
3 2358 2363 2364
3 2359 2360 2365
3 2360 2366 2365
3 2361 2359 2367
3 2359 2365 2367
3 2362 2361 2368
3 2361 2367 2368
3 2363 2362 2369
3 2362 2368 2369
3 2364 2363 2370
3 2363 2369 2370
3 2371 2372 2373
3 2374 2371 2373
3 2375 2371 2374
3 2376 2375 2374
3 2377 2375 2376
3 2378 2377 2376
3 2379 2377 2378
3 2380 2379 2378
3 2381 2379 2380
3 2382 2381 2380
3 2383 2381 2382
3 2384 2383 2382
3 2385 2383 2384
3 2386 2385 2384
3 1007 2385 2386
3 2374 2373 2387
3 2373 2388 2387
3 2376 2374 2389
3 2374 2387 2389
3 2378 2376 2390
3 2376 2389 2390
3 2380 2378 2391
3 2378 2390 2391
3 2382 2380 2392
3 2380 2391 2392
3 2384 2382 2393
3 2382 2392 2393
3 2386 2384 2394
3 2384 2393 2394
3 1007 2386 1013
3 2386 2394 1013
3 2395 2396 2397
3 2398 2395 2397
3 2399 2395 2398
3 2400 2399 2398
3 2401 2399 2400
3 2402 2401 2400
3 2403 2401 2402
3 2404 2403 2402
3 2405 2403 2404
3 2406 2405 2404
3 2407 2405 2406
3 2408 2407 2406
3 2409 2407 2408
3 2410 2409 2408
3 1026 2409 2410
3 1027 1026 2410
3 2388 2395 2387
3 2396 2395 2388
3 2387 2399 2389
3 2395 2399 2387
3 2389 2401 2390
3 2399 2401 2389
3 2390 2403 2391
3 2401 2403 2390
3 2391 2405 2392
3 2403 2405 2391
3 2392 2407 2393
3 2405 2407 2392
3 2393 2409 2394
3 2407 2409 2393
3 2394 1026 1013
3 2409 1026 2394
3 2398 2397 2411
3 2397 2412 2411
3 2400 2398 2413
3 2398 2411 2413
3 2402 2400 2414
3 2400 2413 2414
3 2404 2402 2415
3 2402 2414 2415
3 2406 2404 2416
3 2404 2415 2416
3 2408 2406 2417
3 2406 2416 2417
3 2410 2408 2418
3 2408 2417 2418
3 1027 2410 1041
3 2410 2418 1041
3 2419 2412 2420
3 2421 2419 2420
3 2422 2419 2421
3 2423 2422 2421
3 2424 2422 2423
3 2425 2424 2423
3 2426 2424 2425
3 2427 2426 2425
3 2428 2426 2427
3 2429 2428 2427
3 2430 2428 2429
3 2431 2430 2429
3 2432 2430 2431
3 2433 2432 2431
3 1050 2432 2433
3 1051 1050 2433
3 2412 2419 2411
3 2411 2422 2413
3 2419 2422 2411
3 2413 2424 2414
3 2422 2424 2413
3 2414 2426 2415
3 2424 2426 2414
3 2415 2428 2416
3 2426 2428 2415
3 2416 2430 2417
3 2428 2430 2416
3 2417 2432 2418
3 2430 2432 2417
3 2418 1050 1041
3 2432 1050 2418
3 2434 2435 2436
3 2440 2439 2438
3 2441 2439 2440
3 2442 2441 2440
3 2443 2441 2442
3 2420 2434 2421
3 2435 2434 2420
3 2421 2437 2423
3 2434 2437 2421
3 2423 2438 2425
3 2437 2438 2423
3 2425 2439 2427
3 2438 2439 2425
3 2427 2441 2429
3 2439 2441 2427
3 2429 2443 2431
3 2441 2443 2429
3 2444 2431 2443
3 2444 2445 2431
3 2445 2433 2431
3 1051 2433 1067
3 2433 2445 1067
3 2446 2447 2448
3 2449 2447 2446
3 2448 2450 2451
3 2447 2450 2448
3 2450 2452 2451
3 2447 2449 2453
3 2449 2454 2453
3 2450 2447 2455
3 2447 2453 2455
3 2452 2450 2456
3 2450 2455 2456
3 2452 2457 2458
3 2456 2457 2452
3 2458 2459 2460
3 2457 2459 2458
3 2459 2461 2460
3 2453 2454 2462
3 2454 2463 2462
3 2455 2453 2464
3 2453 2462 2464
3 2456 2455 2465
3 2455 2464 2465
3 2457 2456 2466
3 2456 2465 2466
3 2459 2457 2467
3 2457 2466 2467
3 2461 2468 2469
3 2461 2459 2468
3 2459 2467 2468
3 2469 2470 2471
3 2468 2470 2469
3 2470 2472 2471
3 2462 2463 2473
3 2463 2474 2473
3 2464 2462 2475
3 2462 2473 2475
3 2465 2464 2476
3 2464 2475 2476
3 2466 2465 2477
3 2465 2476 2477
3 2467 2466 2478
3 2466 2477 2478
3 2468 2467 2479
3 2467 2478 2479
3 2470 2468 2480
3 2468 2479 2480
3 2480 2472 2470
3 2481 2472 2480
3 2473 2474 2482
3 2474 2483 2482
3 2475 2473 2484
3 2473 2482 2484
3 2476 2475 2485
3 2475 2484 2485
3 2477 2476 2486
3 2476 2485 2486
3 2478 2477 2487
3 2477 2486 2487
3 2479 2478 2488
3 2478 2487 2488
3 2480 2479 2489
3 2479 2488 2489
3 2489 2481 2480
3 2490 2481 2489
3 2499 2491 2492
3 2499 2492 2500
3 2500 2492 2501
3 2500 2497 2496
3 2500 2496 2499
3 2499 2496 2502
3 2503 2502 2498
3 2498 2502 2496
3 2498 2504 2505
3 2498 2505 2503
3 2506 2505 2504
3 2507 2506 2504
3 2494 2506 2507
3 2494 2507 2493
3 2493 2507 2508
3 2509 2495 2493
3 2509 2493 2510
3 2510 2493 2508
3 728 2509 2510
3 2511 728 2510
3 2512 2514 2515
3 2512 2515 2513
3 2513 2515 2516
3 2497 2515 2514
3 2497 2514 2496
3 2496 2514 2517
3 2498 2496 2518
3 2496 2517 2518
3 2519 2498 2520
3 2520 2498 2518
3 2521 2519 2520
3 2522 2521 2520
3 2523 2521 2522
3 2524 2523 2522
3 2510 2523 2524
3 2525 2510 2524
3 2526 2510 2525
3 2527 2526 2525
3 2501 2515 2500
3 2516 2515 2501
3 2500 2515 2497
3 2504 2498 2519
3 2504 2521 2507
3 2519 2521 2504
3 2507 2523 2508
3 2521 2523 2507
3 2523 2510 2508
3 2510 2526 2511
3 2528 2529 2530
3 2530 2531 2532
3 2531 2533 2532
3 2528 2530 2534
3 2534 2530 2532
3 2535 2528 2534
3 2536 2535 2534
3 2537 2535 2536
3 2533 2539 2207
3 2539 2206 2207
3 2532 2533 2208
3 2533 2207 2208
3 2534 2532 2209
3 2532 2208 2209
3 2536 2534 2211
3 2534 2209 2211
3 2537 2536 2213
3 2536 2211 2213
3 2540 2538 2537
3 2540 2537 2215
3 2215 2537 2213
3 2541 2540 2215
3 2217 2541 2215
3 2542 2543 2544
3 2545 2542 2544
3 2546 2542 2545
3 2547 2546 2545
3 2548 2546 2547
3 2549 2548 2547
3 2550 2548 2549
3 2551 2550 2549
3 2552 2550 2551
3 2553 2552 2551
3 2554 2552 2553
3 2555 2554 2553
3 2556 2554 2555
3 2557 2556 2555
3 2558 2556 2557
3 2559 2558 2557
3 2545 2544 2560
3 2544 2561 2560
3 2547 2545 2562
3 2545 2560 2562
3 2549 2547 2563
3 2547 2562 2563
3 2551 2549 2564
3 2549 2563 2564
3 2553 2551 2565
3 2551 2564 2565
3 2555 2553 2566
3 2553 2565 2566
3 2557 2555 2567
3 2555 2566 2567
3 2559 2557 2568
3 2557 2567 2568
3 2569 2561 2570
3 2571 2569 2570
3 2572 2569 2571
3 2573 2572 2571
3 2574 2572 2573
3 2575 2574 2573
3 2576 2574 2575
3 2577 2576 2575
3 2578 2576 2577
3 2579 2578 2577
3 2580 2578 2579
3 2581 2580 2579
3 2582 2580 2581
3 2561 2569 2560
3 2560 2572 2562
3 2569 2572 2560
3 2562 2574 2563
3 2572 2574 2562
3 2563 2576 2564
3 2574 2576 2563
3 2564 2578 2565
3 2576 2578 2564
3 2565 2580 2566
3 2578 2580 2565
3 2566 2582 2567
3 2580 2582 2566
3 2583 2567 2582
3 2583 2584 2567
3 2584 2568 2567
3 2571 2570 2585
3 2570 2586 2585
3 2573 2571 2587
3 2571 2585 2587
3 2575 2573 2588
3 2573 2587 2588
3 2577 2575 2589
3 2575 2588 2589
3 2579 2577 2590
3 2577 2589 2590
3 2581 2579 2591
3 2579 2590 2591
3 2582 2581 2592
3 2581 2591 2592
3 2584 2583 2582
3 2584 2582 2593
3 2593 2582 2592
3 2594 2595 2596
3 2597 2594 2596
3 2598 2594 2597
3 2599 2598 2597
3 2600 2598 2599
3 2601 2600 2599
3 2602 2600 2601
3 2603 2602 2601
3 2604 2602 2603
3 2605 2604 2603
3 2606 2604 2605
3 2607 2606 2605
3 2608 2606 2607
3 2586 2594 2585
3 2595 2594 2586
3 2585 2598 2587
3 2594 2598 2585
3 2587 2600 2588
3 2598 2600 2587
3 2588 2602 2589
3 2600 2602 2588
3 2589 2604 2590
3 2602 2604 2589
3 2590 2606 2591
3 2604 2606 2590
3 2608 2591 2606
3 2608 2592 2591
3 1799 2608 2609
3 1799 2593 2608
3 2593 2592 2608
3 2610 2611 2612
3 2613 2610 2612
3 2614 2613 2615
3 2613 2612 2615
3 2616 2614 2617
3 2614 2615 2617
3 2618 2616 2619
3 2616 2617 2619
3 2620 2618 2621
3 2618 2619 2621
3 2622 2623 2624
3 2625 2626 2627
3 2611 2625 2627
3 2611 2627 2612
3 2612 2627 2628
3 2615 2612 2629
3 2612 2628 2629
3 2617 2615 2630
3 2615 2629 2630
3 2619 2617 2631
3 2617 2630 2631
3 2621 2619 2632
3 2619 2631 2632
3 2633 2622 2624
3 2633 2624 2634
3 2634 2624 2635
3 2636 2633 2634
3 2637 2636 2634
3 2626 2636 2637
3 2626 2637 2627
3 2627 2637 2638
3 2628 2627 2639
3 2627 2638 2639
3 2629 2628 2640
3 2628 2639 2640
3 2630 2629 2641
3 2629 2640 2641
3 2631 2630 2642
3 2630 2641 2642
3 2632 2631 2643
3 2631 2642 2643
3 2634 2635 2644
3 2635 2645 2644
3 2637 2634 2646
3 2634 2644 2646
3 2638 2637 2647
3 2637 2646 2647
3 2639 2638 2648
3 2638 2647 2648
3 2640 2639 2649
3 2639 2648 2649
3 2641 2640 2650
3 2640 2649 2650
3 2642 2641 2651
3 2641 2650 2651
3 2643 2642 2652
3 2642 2651 2652
3 2644 2645 2653
3 2645 2654 2653
3 2646 2644 2655
3 2644 2653 2655
3 2647 2646 2656
3 2646 2655 2656
3 2648 2647 2657
3 2647 2656 2657
3 2649 2648 2658
3 2648 2657 2658
3 2650 2649 2659
3 2649 2658 2659
3 2651 2650 2660
3 2650 2659 2660
3 2652 2651 2661
3 2651 2660 2661
3 2653 2654 2662
3 2654 2663 2662
3 2655 2653 2664
3 2653 2662 2664
3 2656 2655 2665
3 2655 2664 2665
3 2657 2656 2666
3 2656 2665 2666
3 2658 2657 2667
3 2657 2666 2667
3 2659 2658 2668
3 2658 2667 2668
3 2660 2659 2669
3 2659 2668 2669
3 2661 2660 2670
3 2660 2669 2670
3 2671 2672 2673
3 2674 2671 2673
3 2675 2671 2674
3 2676 2675 2674
3 2677 2675 2676
3 2663 2671 2662
3 2672 2671 2663
3 2662 2675 2664
3 2671 2675 2662
3 2664 2677 2665
3 2675 2677 2664
3 2677 2678 2665
3 2678 2666 2665
3 2667 2666 2679
3 2666 2678 2679
3 2668 2667 2680
3 2667 2679 2680
3 2669 2668 2681
3 2668 2680 2681
3 2670 2669 2682
3 2669 2681 2682
3 2674 2673 2683
3 2673 2684 2683
3 2676 2674 2685
3 2674 2683 2685
3 2677 2676 2686
3 2676 2685 2686
3 2678 2677 2687
3 2687 2677 2686
3 2688 2678 2687
3 2689 2688 2687
3 2690 2688 2689
3 2691 2690 2689
3 2692 2690 2691
3 2693 2692 2691
3 2694 2692 2693
3 2695 2694 2693
3 2678 2688 2679
3 2679 2690 2680
3 2688 2690 2679
3 2680 2692 2681
3 2690 2692 2680
3 2681 2694 2682
3 2692 2694 2681
3 2696 2697 2698
3 2697 2699 2698
3 2700 2696 2701
3 2696 2698 2701
3 2702 2700 2703
3 2700 2701 2703
3 2704 2702 2705
3 2702 2703 2705
3 2706 2704 2707
3 2704 2705 2707
3 2708 2706 2709
3 2706 2707 2709
3 2710 2708 2711
3 2708 2709 2711
3 2712 2710 2713
3 2710 2711 2713
3 2714 2715 2716
3 2717 2714 2716
3 2718 2714 2717
3 2719 2718 2717
3 2720 2718 2719
3 2721 2720 2719
3 2722 2720 2721
3 2723 2722 2721
3 2724 2722 2723
3 2725 2724 2723
3 2726 2724 2725
3 2727 2726 2725
3 2728 2726 2727
3 2729 2728 2727
3 2730 2728 2729
3 2731 2730 2729
3 2699 2714 2698
3 2715 2714 2699
3 2698 2718 2701
3 2714 2718 2698
3 2701 2720 2703
3 2718 2720 2701
3 2703 2722 2705
3 2720 2722 2703
3 2705 2724 2707
3 2722 2724 2705
3 2707 2726 2709
3 2724 2726 2707
3 2709 2728 2711
3 2726 2728 2709
3 2711 2730 2713
3 2728 2730 2711
3 2717 2716 2732
3 2716 2733 2732
3 2719 2717 2734
3 2717 2732 2734
3 2721 2719 2735
3 2719 2734 2735
3 2723 2721 2736
3 2721 2735 2736
3 2725 2723 2737
3 2723 2736 2737
3 2727 2725 2738
3 2725 2737 2738
3 2729 2727 2739
3 2727 2738 2739
3 2731 2729 2740
3 2729 2739 2740
3 2741 2742 2743
3 2744 2741 2743
3 2745 2741 2744
3 2746 2745 2744
3 2747 2745 2746
3 2748 2747 2746
3 2749 2747 2748
3 2750 2749 2748
3 2751 2749 2750
3 2752 2751 2750
3 2753 2751 2752
3 2754 2753 2752
3 2739 2753 2754
3 2755 2739 2754
3 2756 2739 2755
3 2757 2756 2755
3 2733 2741 2732
3 2742 2741 2733
3 2732 2745 2734
3 2741 2745 2732
3 2734 2747 2735
3 2745 2747 2734
3 2735 2749 2736
3 2747 2749 2735
3 2736 2751 2737
3 2749 2751 2736
3 2737 2753 2738
3 2751 2753 2737
3 2753 2739 2738
3 2739 2756 2740
3 2758 2762 2759
3 2758 2744 2762
3 2744 2743 2762
3 2744 2760 2746
3 2758 2760 2744
3 2761 2746 2760
3 2761 2763 2746
3 2763 2748 2746
3 2750 2748 2764
3 2748 2763 2764
3 2752 2750 2765
3 2750 2764 2765
3 2754 2752 2766
3 2752 2765 2766
3 2755 2754 2767
3 2754 2766 2767
3 2757 2755 2768
3 2755 2767 2768
3 2759 2762 2769
3 2759 2769 2758
3 2758 2769 2770
3 2760 2758 2771
3 2758 2770 2771
3 2772 2761 2760
3 2772 2760 2773
3 2773 2760 2771
3 2774 2772 2773
3 2775 2774 2773
3 2776 2774 2775
3 2777 2776 2775
3 2766 2776 2777
3 2778 2766 2777
3 2767 2766 2778
3 2779 2767 2778
3 2780 2767 2779
3 2781 2780 2779
3 2763 2761 2772
3 2763 2774 2764
3 2772 2774 2763
3 2764 2776 2765
3 2774 2776 2764
3 2776 2766 2765
3 2767 2780 2768
3 2769 2782 2770
3 2114 2782 2769
3 2770 2783 2771
3 2782 2783 2770
3 2784 2771 2783
3 2784 2785 2771
3 2785 2773 2771
3 2775 2773 2786
3 2773 2785 2786
3 2777 2775 2787
3 2775 2786 2787
3 2778 2777 2788
3 2777 2787 2788
3 2779 2778 2789
3 2778 2788 2789
3 2781 2779 2790
3 2779 2789 2790
3 2786 2791 2787
3 2791 2788 2787
3 1518 735 2792
3 2793 1518 2792
3 1519 1518 2793
3 2794 1519 2793
3 1520 1519 2794
3 2795 1520 2794
3 1521 1520 2795
3 2796 1521 2795
3 1522 1521 2796
3 2797 1522 2796
3 1523 1522 2797
3 2798 1524 1523
3 1525 1524 2798
3 2799 1525 2798
3 2800 2801 2802
3 2803 2800 2802
3 2804 2800 2803
3 2805 2804 2803
3 2806 2804 2805
3 2807 2806 2805
3 2808 2806 2807
3 2809 2808 2807
3 2810 2808 2809
3 2812 2811 2810
3 2813 2811 2812
3 2814 2813 2812
3 2815 2813 2814
3 2816 2815 2814
3 2792 2800 2793
3 2801 2800 2792
3 2793 2804 2794
3 2800 2804 2793
3 2794 2806 2795
3 2804 2806 2794
3 2795 2808 2796
3 2806 2808 2795
3 2796 2810 2797
3 2808 2810 2796
3 2797 2811 1523
3 2810 2811 2797
3 1523 2813 2798
3 2811 2813 1523
3 2798 2815 2799
3 2813 2815 2798
3 2817 2818 2819
3 2820 2817 2819
3 2821 2817 2820
3 2822 2821 2820
3 2823 2821 2822
3 2824 2823 2822
3 2825 2823 2824
3 2826 2825 2824
3 2827 2825 2826
3 2828 2827 2826
3 2829 2827 2828
3 2830 2829 2828
3 2831 2829 2830
3 2832 2831 2830
3 2833 2831 2832
3 2834 2833 2832
3 2117 2817 2116
3 2818 2817 2117
3 2116 2821 2118
3 2817 2821 2116
3 2118 2823 2119
3 2821 2823 2118
3 2119 2825 2120
3 2823 2825 2119
3 2120 2827 2121
3 2825 2827 2120
3 2121 2829 2122
3 2827 2829 2121
3 2122 2831 2123
3 2829 2831 2122
3 2123 2833 2124
3 2831 2833 2123
3 2820 2819 2836
3 2819 2837 2836
3 2822 2820 2838
3 2820 2836 2838
3 2824 2822 2839
3 2822 2838 2839
3 2826 2824 2840
3 2824 2839 2840
3 2835 2828 2840
3 2828 2826 2840
3 2835 2841 2828
3 2841 2830 2828
3 2832 2830 2842
3 2830 2841 2842
3 2834 2832 2843
3 2832 2842 2843
3 2844 2837 2845
3 2846 2844 2845
3 2847 2844 2846
3 2848 2847 2846
3 2849 2847 2848
3 2850 2849 2848
3 2840 2849 2850
3 2851 2840 2850
3 2835 2840 2851
3 2835 2851 2852
3 2853 2835 2854
3 2854 2835 2852
3 2855 2853 2854
3 2856 2855 2854
3 2857 2855 2856
3 2858 2857 2856
3 2837 2844 2836
3 2836 2847 2838
3 2844 2847 2836
3 2838 2849 2839
3 2847 2849 2838
3 2849 2840 2839
3 2841 2835 2853
3 2841 2855 2842
3 2853 2855 2841
3 2842 2857 2843
3 2855 2857 2842
3 2859 2860 2861
3 2862 2859 2861
3 2863 2859 2862
3 2845 2859 2846
3 2860 2859 2845
3 2846 2863 2848
3 2859 2863 2846
3 2848 2864 2850
3 2863 2864 2848
3 2850 2865 2851
3 2864 2865 2850
3 2851 2866 2852
3 2865 2866 2851
3 2852 2867 2854
3 2866 2867 2852
3 2854 2868 2856
3 2867 2868 2854
3 2869 2856 2868
3 2869 2870 2856
3 2870 2858 2856
3 2862 2861 2871
3 2861 2872 2871
3 2863 2862 2873
3 2862 2871 2873
3 2864 2863 2874
3 2863 2873 2874
3 2865 2864 2875
3 2864 2874 2875
3 2866 2865 2876
3 2865 2875 2876
3 2867 2866 2877
3 2866 2876 2877
3 2868 2867 2878
3 2867 2877 2878
3 2870 2869 2868
3 2870 2868 2879
3 2879 2868 2878
3 2880 2881 2882
3 2883 2880 2882
3 2884 2880 2883
3 2885 2884 2883
3 2886 2884 2885
3 2888 2889 2890
3 2891 2888 2890
3 2892 2891 2890
3 2893 2891 2892
3 2872 2880 2871
3 2881 2880 2872
3 2871 2884 2873
3 2880 2884 2871
3 2873 2886 2874
3 2884 2886 2873
3 2887 2874 2886
3 2887 2889 2874
3 2889 2875 2874
3 2888 2876 2889
3 2876 2875 2889
3 2876 2891 2877
3 2888 2891 2876
3 2877 2893 2878
3 2891 2893 2877
3 2878 2894 2879
3 2893 2894 2878
3 2883 2882 2895
3 2882 2896 2895
3 2885 2883 2897
3 2883 2895 2897
3 2886 2885 2898
3 2885 2897 2898
3 2889 2887 2886
3 2889 2886 2899
3 2899 2886 2898
3 2889 2899 2890
3 2890 2899 2900
3 2892 2890 2901
3 2890 2900 2901
3 2893 2892 2902
3 2892 2901 2902
3 2894 2893 2903
3 2893 2902 2903
3 2904 2905 1461
3 2906 2904 1461
3 2907 2904 2906
3 2908 2907 2906
3 2909 2907 2908
3 2910 2909 2908
3 2911 2909 2910
3 2912 2911 2910
3 2913 2911 2912
3 2914 2913 2912
3 2915 2913 2914
3 2916 2915 2914
3 2917 2915 2916
3 2896 2904 2895
3 2905 2904 2896
3 2895 2907 2897
3 2904 2907 2895
3 2897 2909 2898
3 2907 2909 2897
3 2898 2911 2899
3 2909 2911 2898
3 2899 2913 2900
3 2911 2913 2899
3 2900 2915 2901
3 2913 2915 2900
3 2917 2901 2915
3 2917 2918 2901
3 2918 2902 2901
3 2903 2902 2919
3 2902 2918 2919
3 2923 2922 2920
3 2924 2922 2923
3 2925 2924 2923
3 2926 2924 2925
3 2927 2926 2925
3 2928 2926 2927
3 2929 2928 2927
3 2930 19 20
3 2931 2930 20
3 2932 2930 2931
3 2936 2935 2934
3 2937 2935 2936
3 2938 2937 2936
3 2939 2937 2938
3 2940 2939 2938
3 2941 2939 2940
3 2942 2941 2940
3 2943 36 2930
3 2930 36 19
3 2944 2943 2932
3 2932 2943 2930
3 2921 2944 2933
3 2933 2944 2932
3 2921 2934 2920
3 2921 2933 2934
3 2920 2935 2923
3 2934 2935 2920
3 2923 2937 2925
3 2935 2937 2923
3 2925 2939 2927
3 2937 2939 2925
3 2927 2941 2929
3 2939 2941 2927
3 416 2945 2946
3 416 2946 415
3 415 2946 2947
3 426 2945 416
3 2945 2948 2946
3 2948 2949 2950
3 2948 2950 2946
3 2946 2950 2951
3 2952 2953 2954
3 2952 2954 2950
3 2950 2954 2951
3 2955 2954 2953
3 2956 2955 2953
3 2956 2957 2955
3 2955 2957 2958
3 2959 2958 2960
3 2958 2957 2960
3 2961 2959 2962
3 2959 2960 2962
3 2963 2961 2964
3 2961 2962 2964
3 2945 426 2948
3 426 435 2948
3 2953 2952 2965
3 2953 2966 2956
3 2965 2966 2953
3 2966 2957 2956
3 2949 2967 2950
3 2952 2950 2967
3 2968 2960 2957
3 2968 2969 2960
3 2960 2969 2962
3 2964 2962 2970
3 2962 2969 2970
3 2948 435 2971
3 435 444 2971
3 2949 2972 2967
3 2949 2948 2972
3 2948 2971 2972
3 2967 2965 2952
3 2967 2972 2965
3 2972 2973 2965
3 2966 2965 2974
3 2965 2973 2974
3 2957 2966 2975
3 2966 2974 2975
3 2975 2968 2957
3 2976 2977 2978
3 2979 2976 2978
3 2980 2979 2978
3 2968 2979 2980
3 2968 2980 2969
3 2969 2980 2981
3 2970 2969 2982
3 2969 2981 2982
3 2971 444 2983
3 444 453 2983
3 2972 2971 2984
3 2971 2983 2984
3 2973 2972 2985
3 2972 2984 2985
3 2974 2973 2986
3 2976 2986 2977
3 2976 2975 2986
3 2975 2974 2986
3 2975 2979 2968
3 2976 2979 2975
3 2987 2988 2989
3 2990 2991 2992
3 2991 2993 2992
3 2994 2990 2995
3 2990 2992 2995
3 2996 2994 2997
3 2994 2995 2997
3 2987 2998 2988
3 2987 2996 2998
3 2996 2997 2998
3 2998 2999 2988
3 2999 3000 3001
3 3002 2999 3001
3 2992 2993 3003
3 2993 3004 3003
3 2995 2992 3005
3 2992 3003 3005
3 2997 2995 3006
3 2995 3005 3006
3 2998 2997 3007
3 2997 3006 3007
3 3007 2999 2998
3 3000 2999 3007
3 3009 3010 3011
3 3008 3009 3011
3 3000 3012 3001
3 3012 3013 3014
3 3012 3014 3001
3 3001 3014 3015
3 3014 3010 3015
3 3011 3010 3014
3 3003 3004 3016
3 3004 3017 3016
3 3005 3003 3018
3 3003 3016 3018
3 3006 3005 3019
3 3005 3018 3019
3 3007 3006 3020
3 3006 3019 3020
3 3000 3021 3012
3 3000 3007 3021
3 3007 3020 3021
3 3021 3013 3012
3 3008 3011 3022
3 3022 3011 3023
3 3013 3024 3014
3 3014 3025 3011
3 3014 3026 3025
3 3014 3024 3026
3 3025 3023 3011
3 3016 3017 3027
3 3017 3028 3027
3 3018 3016 3029
3 3016 3027 3029
3 3019 3018 3030
3 3018 3029 3030
3 3020 3019 3031
3 3019 3030 3031
3 3021 3020 3032
3 3020 3031 3032
3 3013 3033 3024
3 3013 3021 3033
3 3021 3032 3033
3 3033 3026 3024
3 3026 3034 3035
3 3025 3026 3035
3 3023 3025 3036
3 3025 3035 3036
3 3027 3028 3037
3 3028 3038 3037
3 3029 3027 3039
3 3027 3037 3039
3 3030 3029 3040
3 3029 3039 3040
3 3031 3030 3041
3 3030 3040 3041
3 3032 3031 3042
3 3031 3041 3042
3 3033 3032 3043
3 3032 3042 3043
3 3043 3026 3033
3 3034 3026 3043
3 3046 3045 3044
3 3034 3045 3046
3 3034 3046 3035
3 3035 3046 3047
3 3036 3035 3048
3 3035 3047 3048
3 3037 3038 3049
3 3038 3050 3049
3 3039 3037 3051
3 3037 3049 3051
3 3040 3039 3052
3 3039 3051 3052
3 3041 3040 3053
3 3040 3052 3053
3 3044 3042 3053
3 3042 3041 3053
3 3042 3045 3043
3 3044 3045 3042
3 3043 3045 3034
3 3054 3055 3056
3 3044 3054 3056
3 3044 3056 3057
3 3046 3044 3058
3 3044 3057 3058
3 3047 3046 3059
3 3046 3058 3059
3 3048 3047 3060
3 3047 3059 3060
3 3049 3050 3061
3 3050 3062 3061
3 3051 3049 3063
3 3049 3061 3063
3 3052 3051 3064
3 3051 3063 3064
3 3054 3064 3055
3 3054 3053 3064
3 3053 3052 3064
3 3053 3054 3044
3 3065 1622 1623
3 3055 3065 1623
3 3055 1623 3056
3 3056 1623 1625
3 3057 3056 1627
3 3056 1625 1627
3 3058 3057 1629
3 3057 1627 1629
3 3059 3058 1631
3 3058 1629 1631
3 3060 3059 1614
3 3059 1631 1614
3 3061 3062 1633
3 3062 1632 1633
3 3063 3061 1634
3 3061 1633 1634
3 3065 1634 1622
3 3065 3064 1634
3 3064 3063 1634
3 3064 3065 3055
3 3072 3068 3071
3 3073 3072 3074
3 3072 3071 3074
3 3070 3075 3069
3 3076 3075 3070
3 3069 3075 3077
3 3075 3078 3077
3 3079 3077 3080
3 3077 3078 3080
3 3081 3079 3082
3 3079 3080 3082
3 3067 3081 3083
3 3081 3082 3083
3 3066 3067 3084
3 3067 3083 3084
3 3084 3068 3066
3 3071 3068 3084
3 3074 3071 3086
3 3071 3085 3086
3 3075 3076 3087
3 3076 3088 3087
3 3078 3075 3089
3 3075 3087 3089
3 3080 3078 3090
3 3078 3089 3090
3 3082 3080 3091
3 3080 3090 3091
3 3083 3082 3092
3 3082 3091 3092
3 3084 3083 3093
3 3083 3092 3093
3 3093 3071 3084
3 3085 3071 3093
3 3085 3094 3095
3 3086 3085 3096
3 3085 3095 3096
3 3087 3088 3097
3 3088 3098 3097
3 3089 3087 3099
3 3087 3097 3099
3 3090 3089 3100
3 3089 3099 3100
3 3091 3090 3101
3 3090 3100 3101
3 3092 3091 3102
3 3091 3101 3102
3 3093 3092 3103
3 3092 3102 3103
3 3103 3085 3093
3 3094 3085 3103
3 3104 3105 1351
3 3105 1350 1351
3 1352 1350 3106
3 1350 3105 3106
3 1353 1352 3107
3 1352 3106 3107
3 1354 1353 3108
3 1353 3107 3108
3 1355 1354 3109
3 1354 3108 3109
3 1356 1355 3110
3 1355 3109 3110
3 1357 1356 3111
3 1356 3110 3111
3 455 1357 457
3 1357 3111 457
3 3112 3104 3113
3 3113 3104 3114
3 3115 3112 3113
3 3116 3115 3113
3 3117 3115 3116
3 3118 3117 3116
3 3119 3117 3118
3 3120 3119 3118
3 3121 3119 3120
3 3122 3121 3120
3 3123 3121 3122
3 3124 3123 3122
3 3125 3123 3124
3 3126 3125 3124
3 473 3125 3126
3 474 473 3126
3 3105 3104 3112
3 3105 3115 3106
3 3112 3115 3105
3 3106 3117 3107
3 3115 3117 3106
3 3107 3119 3108
3 3117 3119 3107
3 3108 3121 3109
3 3119 3121 3108
3 3109 3123 3110
3 3121 3123 3109
3 3110 3125 3111
3 3123 3125 3110
3 3111 473 457
3 3125 473 3111
3 3113 3114 3127
3 3114 3128 3127
3 3116 3113 3129
3 3113 3127 3129
3 3118 3116 3130
3 3116 3129 3130
3 3120 3118 3131
3 3118 3130 3131
3 3122 3120 3132
3 3120 3131 3132
3 3124 3122 3133
3 3122 3132 3133
3 3126 3124 3134
3 3124 3133 3134
3 474 3126 485
3 3126 3134 485
3 3127 3128 3135
3 3128 3136 3135
3 3129 3127 3137
3 3127 3135 3137
3 3130 3129 3138
3 3129 3137 3138
3 3131 3130 3139
3 3130 3138 3139
3 3132 3131 3140
3 3131 3139 3140
3 3133 3132 3141
3 3132 3140 3141
3 3134 3133 3142
3 3133 3141 3142
3 485 3134 496
3 3134 3142 496
3 3135 3136 3143
3 3136 3144 3143
3 3137 3135 3145
3 3135 3143 3145
3 3138 3137 3146
3 3137 3145 3146
3 3139 3138 3147
3 3138 3146 3147
3 3140 3139 3148
3 3139 3147 3148
3 3141 3140 3149
3 3140 3148 3149
3 3142 3141 3150
3 3141 3149 3150
3 496 3142 505
3 3142 3150 505
3 3151 3152 3153
3 3157 3156 3154
3 3158 3156 3157
3 3159 3158 3157
3 3160 3158 3159
3 3161 3160 3159
3 3162 3160 3161
3 3163 3162 3161
3 3164 3162 3163
3 3165 3164 3163
3 514 3164 3165
3 3151 3144 3152
3 3151 3166 3144
3 3166 3143 3144
3 3154 3166 3155
3 3154 3145 3166
3 3145 3143 3166
3 3145 3156 3146
3 3154 3156 3145
3 3146 3158 3147
3 3156 3158 3146
3 3147 3160 3148
3 3158 3160 3147
3 3148 3162 3149
3 3160 3162 3148
3 3149 3164 3150
3 3162 3164 3149
3 3150 514 505
3 3164 514 3150
3 3166 3151 3153
3 3166 3153 3167
3 3167 3153 3168
3 3155 3166 3167
3 3155 3167 3154
3 3154 3167 3169
3 3157 3154 3170
3 3154 3169 3170
3 3159 3157 3171
3 3157 3170 3171
3 3161 3159 3172
3 3159 3171 3172
3 3163 3161 3173
3 3161 3172 3173
3 3165 3163 3174
3 3163 3173 3174
3 514 3165 524
3 3165 3174 524
3 3167 3168 3175
3 3168 1986 3175
3 3169 3167 3176
3 3167 3175 3176
3 3170 3169 3177
3 3169 3176 3177
3 3171 3170 3178
3 3170 3177 3178
3 3172 3171 3179
3 3171 3178 3179
3 3173 3172 3180
3 3172 3179 3180
3 3174 3173 3181
3 3173 3180 3181
3 524 3174 538
3 3174 3181 538
3 3182 3183 3184
3 3185 3182 3184
3 3186 3182 3185
3 3187 3186 3185
3 3188 3186 3187
3 3189 3188 3187
3 3190 3188 3189
3 3191 3190 3189
3 3192 3190 3191
3 3193 3192 3191
3 3194 3192 3193
3 3195 3194 3193
3 3196 3194 3195
3 3198 3182 3199
3 3183 3182 3198
3 3199 3186 3200
3 3182 3186 3199
3 3200 3188 3201
3 3186 3188 3200
3 3201 3190 3202
3 3188 3190 3201
3 3202 3192 3203
3 3190 3192 3202
3 3203 3194 3204
3 3192 3194 3203
3 3204 3196 3205
3 3194 3196 3204
3 3197 3205 3196
3 3197 3206 3205
3 3206 3207 3205
3 3185 3184 3208
3 3184 3209 3208
3 3187 3185 3210
3 3185 3208 3210
3 3189 3187 3211
3 3187 3210 3211
3 3191 3189 3212
3 3189 3211 3212
3 3193 3191 3213
3 3191 3212 3213
3 3195 3193 3214
3 3193 3213 3214
3 3196 3195 3215
3 3195 3214 3215
3 3206 3197 3196
3 3206 3196 3216
3 3216 3196 3215
3 3217 3218 3219
3 3220 3217 3219
3 3221 3217 3220
3 3222 3221 3220
3 3223 3221 3222
3 3224 3223 3222
3 3225 3223 3224
3 3226 3225 3224
3 3227 3225 3226
3 3228 3227 3226
3 3229 3227 3228
3 3209 3217 3208
3 3218 3217 3209
3 3208 3221 3210
3 3217 3221 3208
3 3210 3223 3211
3 3221 3223 3210
3 3211 3225 3212
3 3223 3225 3211
3 3212 3227 3213
3 3225 3227 3212
3 3213 3229 3214
3 3227 3229 3213
3 3214 3230 3215
3 3229 3230 3214
3 3215 3231 3216
3 3230 3231 3215
3 3220 3219 3232
3 3219 3233 3232
3 3222 3220 3234
3 3220 3232 3234
3 3224 3222 3235
3 3222 3234 3235
3 3226 3224 3236
3 3224 3235 3236
3 3228 3226 3237
3 3226 3236 3237
3 3229 3228 3238
3 3228 3237 3238
3 3230 3229 3239
3 3229 3238 3239
3 3231 3230 3240
3 3230 3239 3240
3 3232 3233 3241
3 3242 3232 3241
3 3234 3232 3242
3 3243 3234 3242
3 3244 3234 3243
3 3245 3244 3243
3 3246 3244 3245
3 3247 3246 3245
3 3248 3246 3247
3 3249 3248 3247
3 3250 3248 3249
3 3251 3250 3249
3 3252 3250 3251
3 3253 3252 3251
3 3254 3252 3253
3 3255 3254 3253
3 3234 3244 3235
3 3235 3246 3236
3 3244 3246 3235
3 3236 3248 3237
3 3246 3248 3236
3 3237 3250 3238
3 3248 3250 3237
3 3238 3252 3239
3 3250 3252 3238
3 3239 3254 3240
3 3252 3254 3239
3 3241 3256 3242
3 3257 3256 3241
3 3242 3258 3243
3 3256 3258 3242
3 3259 3243 3258
3 3259 3260 3243
3 3260 3245 3243
3 3247 3245 3261
3 3245 3260 3261
3 3249 3247 3262
3 3247 3261 3262
3 3251 3249 3263
3 3249 3262 3263
3 3253 3251 3264
3 3251 3263 3264
3 3255 3253 3265
3 3253 3264 3265
3 3260 3266 3261
3 3261 3267 3262
3 3266 3267 3261
3 3262 3268 3263
3 3267 3268 3262
3 3263 3269 3264
3 3268 3269 3263
3 3264 2099 3265
3 3269 2099 3264
3 3270 1542 3271
3 1542 1543 3271
3 3272 3270 3273
3 3270 3271 3273
3 3274 3272 3275
3 3272 3273 3275
3 3276 3274 3277
3 3274 3275 3277
3 3278 3276 3279
3 3276 3277 3279
3 3280 3281 3279
3 3281 3278 3279
3 3282 3283 3271
3 3282 3271 1552
3 1552 3271 1543
3 3273 3271 3283
3 3284 3273 3283
3 3284 3285 3273
3 3273 3285 3275
3 3277 3275 3286
3 3275 3285 3286
3 3279 3277 3287
3 3277 3286 3287
3 3287 3280 3279
3 3288 3280 3287
3 3288 3289 3290
3 3291 3288 3290
3 3282 1552 1558
3 3284 3292 3285
3 3292 3293 3285
3 3285 3293 3286
3 3287 3286 3294
3 3286 3293 3294
3 3294 3288 3287
3 3289 3288 3294
3 1558 3283 3282
3 1558 1565 3283
3 1565 3295 3283
3 3284 3283 3296
3 3283 3295 3296
3 3284 3296 3292
3 3292 3298 3299
3 3293 3292 3299
3 3294 3293 3300
3 3293 3299 3300
3 3300 3289 3294
3 3297 3289 3300
3 3295 1565 3301
3 1565 1574 3301
3 3296 3295 3302
3 3295 3301 3302
3 3292 3296 3303
3 3296 3302 3303
3 3298 3292 3303
3 3299 3298 3305
3 3300 3299 3306
3 3299 3305 3306
3 3306 3297 3300
3 3304 3297 3306
3 3301 1574 3307
3 1574 1583 3307
3 3302 3301 3308
3 3301 3307 3308
3 3303 3302 3309
3 3302 3308 3309
3 3309 3298 3303
3 3305 3298 3309
3 3311 3312 3313
3 3311 3313 3305
3 3305 3313 3306
3 3313 3304 3306
3 3310 3304 3313
3 3307 1583 3314
3 1583 1592 3314
3 3308 3307 3315
3 3307 3314 3315
3 3309 3308 3316
3 3308 3315 3316
3 3305 3317 3311
3 3305 3309 3317
3 3309 3316 3317
3 3317 3312 3311
3 3312 3319 3320
3 3313 3312 3320
3 3320 3310 3313
3 3318 3310 3320
3 3314 1592 3321
3 1592 1601 3321
3 3315 3314 3322
3 3314 3321 3322
3 3316 3315 3323
3 3315 3322 3323
3 3317 3316 3324
3 3316 3323 3324
3 3324 3312 3317
3 3319 3312 3324
3 3319 2303 2306
3 3320 3319 2306
3 2306 3318 3320
3 2307 3318 2306
3 3321 1601 2309
3 1601 1610 2309
3 3322 3321 2312
3 3321 2309 2312
3 3323 3322 2314
3 3322 2312 2314
3 3324 3323 2316
3 3323 2314 2316
3 2316 3319 3324
3 2303 3319 2316
3 3325 3326 3327
3 3328 3326 3325
3 3326 3329 3327
3 3326 3328 3330
3 3328 3331 3330
3 3330 3329 3326
3 2049 3329 3330
3 3094 3332 3333
3 3095 3094 3333
3 3096 3095 3334
3 3095 3333 3334
3 3097 3098 3335
3 3098 3336 3335
3 3099 3097 3337
3 3097 3335 3337
3 3100 3099 3338
3 3099 3337 3338
3 3101 3100 3339
3 3100 3338 3339
3 3102 3101 3340
3 3101 3339 3340
3 3103 3102 3341
3 3102 3340 3341
3 3341 3094 3103
3 3332 3094 3341
3 3332 3342 3343
3 3333 3332 3343
3 3334 3333 3344
3 3333 3343 3344
3 3335 3336 3345
3 3336 3346 3345
3 3337 3335 3347
3 3335 3345 3347
3 3338 3337 3348
3 3337 3347 3348
3 3339 3338 3349
3 3338 3348 3349
3 3340 3339 3350
3 3339 3349 3350
3 3341 3340 3351
3 3340 3350 3351
3 3351 3332 3341
3 3342 3332 3351
3 3342 3352 3343
3 3344 3343 3352
3 3353 3344 3352
3 3345 3346 3354
3 3346 3355 3354
3 3347 3345 3356
3 3345 3354 3356
3 3348 3347 3357
3 3347 3356 3357
3 3349 3348 3358
3 3348 3357 3358
3 3350 3349 3359
3 3349 3358 3359
3 3351 3350 3360
3 3350 3359 3360
3 3342 3361 3352
3 3342 3351 3361
3 3351 3360 3361
3 3352 3362 3353
3 3361 3362 3352
3 3354 3355 3363
3 3355 3364 3363
3 3356 3354 3365
3 3354 3363 3365
3 3357 3356 3366
3 3356 3365 3366
3 3358 3357 3367
3 3357 3366 3367
3 3359 3358 3368
3 3358 3367 3368
3 3360 3359 3369
3 3359 3368 3369
3 3361 3360 3370
3 3360 3369 3370
3 3362 3361 3371
3 3361 3370 3371
3 3363 3364 3372
3 3364 3373 3372
3 3365 3363 3374
3 3363 3372 3374
3 3366 3365 3375
3 3365 3374 3375
3 3367 3366 3376
3 3366 3375 3376
3 3368 3367 3377
3 3367 3376 3377
3 3369 3368 3378
3 3368 3377 3378
3 3370 3369 3379
3 3369 3378 3379
3 3371 3370 3380
3 3370 3379 3380
3 3372 3373 3381
3 3373 3382 3381
3 3374 3372 3383
3 3372 3381 3383
3 3375 3374 3384
3 3374 3383 3384
3 3376 3375 3385
3 3375 3384 3385
3 3377 3376 3386
3 3376 3385 3386
3 3378 3377 3387
3 3377 3386 3387
3 3379 3378 3388
3 3378 3387 3388
3 3380 3379 3389
3 3379 3388 3389
3 3381 3382 3390
3 3382 3391 3390
3 3383 3381 3392
3 3381 3390 3392
3 3384 3383 3393
3 3383 3392 3393
3 3385 3384 3394
3 3384 3393 3394
3 3386 3385 3395
3 3385 3394 3395
3 3387 3386 3396
3 3386 3395 3396
3 3388 3387 3397
3 3387 3396 3397
3 3389 3388 3398
3 3388 3397 3398
3 3390 3391 217
3 3391 218 217
3 3392 3390 221
3 3390 217 221
3 3393 3392 223
3 3392 221 223
3 3394 3393 225
3 3393 223 225
3 3395 3394 227
3 3394 225 227
3 3396 3395 229
3 3395 227 229
3 3397 3396 230
3 3396 229 230
3 3398 3397 215
3 3397 230 215
3 3402 3401 3399
3 3403 3401 3402
3 3411 3412 3413
3 3414 3412 3411
3 3413 3409 3410
3 3413 3412 3409
3 3412 3415 3409
3 3416 3409 3415
3 3412 3414 3417
3 3414 3418 3417
3 3415 3412 3419
3 3412 3417 3419
3 3416 3415 3420
3 3415 3419 3420
3 3417 3418 3421
3 3418 3422 3421
3 3419 3417 3423
3 3417 3421 3423
3 3420 3419 3424
3 3419 3423 3424
3 3420 3424 3425
3 3421 3422 3426
3 3422 604 3426
3 3423 3421 3427
3 3421 3426 3427
3 3424 3423 3428
3 3423 3427 3428
3 3425 3424 3429
3 3424 3428 3429
3 3425 3430 3431
3 3425 3429 3430
3 3430 3432 3431
3 3433 3434 3435
3 3441 3440 3438
3 3442 3440 3441
3 3443 3442 3441
3 3444 3445 3433
3 3433 3445 3434
3 3446 3444 3436
3 3436 3444 3433
3 3437 3447 3448
3 3437 3448 3436
3 3436 3448 3446
3 3449 3448 3447
3 3450 3449 3447
3 3451 3449 3450
3 3452 3451 3450
3 3452 3439 3438
3 3452 3438 3451
3 3451 3438 3453
3 3454 3453 3440
3 3440 3453 3438
3 2816 3454 3442
3 3442 3454 3440
3 2802 3444 2803
3 3445 3444 2802
3 2803 3446 2805
3 3444 3446 2803
3 2805 3448 2807
3 3446 3448 2805
3 2807 3449 2809
3 3448 3449 2807
3 2809 3451 2810
3 3449 3451 2809
3 2810 3453 2812
3 3451 3453 2810
3 2812 3454 2814
3 3453 3454 2812
3 3454 2816 2814
3 3455 3456 3457
3 3458 3455 3457
3 3459 3455 3458
3 3460 3459 3458
3 3461 3459 3460
3 3462 3463 3464
3 3465 3462 3464
3 3466 3465 3464
3 3467 3465 3466
3 3468 3467 3466
3 3469 3470 3455
3 3455 3470 3456
3 3471 3469 3459
3 3459 3469 3455
3 3461 3472 3473
3 3461 3473 3459
3 3459 3473 3471
3 3474 3473 3472
3 3475 3474 3472
3 3476 3474 3475
3 3477 3476 3475
3 3477 3463 3462
3 3477 3462 3476
3 3476 3462 3478
3 3479 3478 3465
3 3465 3478 3462
3 3480 3479 3467
3 3467 3479 3465
3 3435 3469 3433
3 3470 3469 3435
3 3433 3471 3436
3 3469 3471 3433
3 3436 3447 3437
3 3436 3471 3447
3 3471 3473 3447
3 3481 3447 3474
3 3474 3447 3473
3 3482 3481 3476
3 3476 3481 3474
3 3439 3478 3438
3 3439 3482 3478
3 3482 3476 3478
3 3438 3479 3441
3 3478 3479 3438
3 3441 3480 3443
3 3479 3480 3441
3 3447 3481 3450
3 3450 3482 3452
3 3481 3482 3450
3 3452 3482 3439
3 3457 3483 3458
3 3484 3483 3457
3 3460 3472 3461
3 3472 3485 3475
3 3485 3477 3475
3 640 641 3486
3 641 3487 3486
3 642 640 3488
3 640 3486 3488
3 643 642 3489
3 642 3488 3489
3 644 643 3490
3 643 3489 3490
3 3486 3487 3491
3 3487 3492 3491
3 3488 3486 3493
3 3486 3491 3493
3 3489 3488 3494
3 3488 3493 3494
3 3490 3489 3495
3 3489 3494 3495
3 3492 3496 3497
3 3496 3498 3497
3 3491 3492 3499
3 3492 3497 3499
3 3493 3491 3500
3 3491 3499 3500
3 3494 3493 3501
3 3493 3500 3501
3 3495 3494 3502
3 3494 3501 3502
3 3497 3498 3503
3 3498 3504 3503
3 3499 3497 3505
3 3497 3503 3505
3 3500 3499 3506
3 3499 3505 3506
3 3501 3500 3507
3 3500 3506 3507
3 3502 3501 3508
3 3501 3507 3508
3 3503 3504 3509
3 3504 3510 3509
3 3505 3503 3511
3 3503 3509 3511
3 3506 3505 3512
3 3505 3511 3512
3 3507 3506 3513
3 3506 3512 3513
3 3508 3507 3514
3 3507 3513 3514
3 3509 3510 3515
3 3510 3516 3515
3 3511 3509 3517
3 3509 3515 3517
3 3512 3511 3518
3 3511 3517 3518
3 3513 3512 3519
3 3512 3518 3519
3 3514 3513 3520
3 3513 3519 3520
3 3515 3516 3521
3 3516 3522 3521
3 3517 3515 3523
3 3515 3521 3523
3 3518 3517 3524
3 3517 3523 3524
3 3519 3518 3525
3 3518 3524 3525
3 3520 3519 3526
3 3519 3525 3526
3 3521 3522 3527
3 3522 3528 3527
3 3523 3521 3529
3 3521 3527 3529
3 3524 3523 3530
3 3523 3529 3530
3 3525 3524 3531
3 3524 3530 3531
3 3526 3525 3532
3 3525 3531 3532
3 3533 3534 3535
3 3534 3536 3535
3 3535 3536 3537
3 3536 3538 3537
3 3537 3538 3539
3 3538 3540 3539
3 3541 3537 3542
3 3537 3539 3542
3 3539 3540 3543
3 3540 3544 3543
3 3542 3539 3545
3 3539 3543 3545
3 3546 3542 3547
3 3542 3545 3547
3 3552 3553 3554
3 3555 3553 3552
3 3553 3556 3554
3 3557 3558 3559
3 3556 3558 3557
3 3558 3560 3559
3 3553 3555 3561
3 3555 3562 3561
3 3556 3553 3563
3 3553 3561 3563
3 3558 3556 3564
3 3556 3563 3564
3 3560 3565 3566
3 3560 3558 3565
3 3558 3564 3565
3 3566 3414 3411
3 3565 3414 3566
3 3561 3562 3567
3 3562 3568 3567
3 3563 3561 3569
3 3561 3567 3569
3 3564 3563 3570
3 3563 3569 3570
3 3565 3564 3571
3 3564 3570 3571
3 3414 3565 3418
3 3565 3571 3418
3 3567 3568 3572
3 3568 3573 3572
3 3569 3567 3574
3 3567 3572 3574
3 3570 3569 3575
3 3569 3574 3575
3 3571 3570 3576
3 3570 3575 3576
3 3418 3571 3422
3 3571 3576 3422
3 3572 3573 594
3 3573 595 594
3 3574 3572 598
3 3572 594 598
3 3575 3574 600
3 3574 598 600
3 3576 3575 602
3 3575 600 602
3 3422 3576 604
3 3576 602 604
3 3581 3577 3580
3 3578 3577 3581
3 3582 3578 3581
3 3579 3583 3580
3 3584 3583 3579
3 3580 3585 3581
3 3583 3585 3580
3 3585 3582 3581
3 3583 3584 3586
3 3584 3587 3586
3 3585 3583 3588
3 3583 3586 3588
3 3582 3585 3589
3 3585 3588 3589
3 3587 3590 3591
3 3592 3587 3591
3 3586 3587 3592
3 3593 3586 3592
3 3588 3586 3593
3 3594 3588 3593
3 3589 3588 3594
3 3595 3589 3594
3 3592 3596 3593
3 3597 3596 3592
3 3593 3598 3594
3 3596 3598 3593
3 3594 3599 3595
3 3598 3599 3594
3 3597 3600 3601
3 3600 3602 3601
3 3597 3601 3603
3 3598 3596 3604
3 3596 3603 3604
3 3605 3606 3599
3 3605 3599 3604
3 3604 3599 3598
3 3609 3610 3611
3 3610 3612 3613
3 3610 3613 3611
3 3611 3613 3614
3 3613 3607 3614
3 3608 3607 3613
3 3615 3616 3617
3 3616 3618 3617
3 3619 3615 3620
3 3615 3617 3620
3 3621 3619 3622
3 3619 3620 3622
3 3609 3621 3623
3 3621 3622 3623
3 3609 3624 3610
3 3609 3623 3624
3 3624 3612 3610
3 3612 3625 3613
3 3625 3608 3613
3 3625 3626 3608
3 3627 3620 3617
3 3622 3620 3627
3 3628 3622 3627
3 3628 3629 3630
3 3628 3630 3622
3 3622 3630 3623
3 3624 3623 3631
3 3623 3630 3631
3 3612 3632 3625
3 3612 3624 3632
3 3624 3631 3632
3 3632 3626 3625
3 3633 3631 3630
3 3633 3634 3635
3 3633 3635 3631
3 3631 3635 3632
3 3635 3626 3632
3 3636 3626 3635
3 3637 3638 3639
3 3640 3637 3639
3 3641 3637 3640
3 3642 3641 3640
3 3642 3643 3641
3 3641 3643 3644
3 3645 3646 3644
3 3645 3644 3647
3 3647 3644 3643
3 3639 3648 3640
3 3649 3648 3639
3 3648 3642 3640
3 3642 3650 3643
3 3650 3651 3652
3 3650 3652 3643
3 3643 3652 3647
3 3648 3649 3653
3 3649 3654 3653
3 3642 3648 3655
3 3648 3653 3655
3 3642 3656 3650
3 3642 3655 3656
3 3656 3651 3650
3 3651 3657 3652
3 3658 3659 3660
3 3652 3659 3658
3 3652 3661 3659
3 3652 3657 3661
3 3653 3654 3662
3 3654 3663 3662
3 3655 3653 3664
3 3653 3662 3664
3 3656 3655 3665
3 3655 3664 3665
3 3651 3666 3657
3 3651 3656 3666
3 3656 3665 3666
3 3666 3661 3657
3 3661 3667 3668
3 3659 3661 3668
3 3662 3663 3669
3 3663 3670 3669
3 3664 3662 3671
3 3662 3669 3671
3 3665 3664 3672
3 3664 3671 3672
3 3666 3665 3673
3 3665 3672 3673
3 3673 3661 3666
3 3667 3661 3673
3 3667 3674 3668
3 3669 3670 3675
3 3670 3676 3675
3 3671 3669 3677
3 3669 3675 3677
3 3672 3671 3678
3 3671 3677 3678
3 3673 3672 3679
3 3672 3678 3679
3 3667 3680 3674
3 3667 3673 3680
3 3673 3679 3680
3 3675 3676 3681
3 3676 3682 3681
3 3677 3675 3683
3 3675 3681 3683
3 3678 3677 3684
3 3677 3683 3684
3 3679 3678 3685
3 3678 3684 3685
3 3680 3679 3686
3 3679 3685 3686
3 3681 3682 3687
3 3682 3688 3687
3 3683 3681 3689
3 3681 3687 3689
3 3684 3683 3690
3 3683 3689 3690
3 3685 3684 3691
3 3684 3690 3691
3 3686 3685 3692
3 3685 3691 3692
3 3693 3686 3694
3 3686 3692 3694
3 3687 3688 3695
3 3688 3696 3695
3 3689 3687 3697
3 3687 3695 3697
3 3690 3689 3698
3 3689 3697 3698
3 3691 3690 3699
3 3690 3698 3699
3 3692 3691 3700
3 3691 3699 3700
3 3694 3692 3701
3 3692 3700 3701
3 3702 3694 3703
3 3694 3701 3703
3 3704 3705 1237
3 3706 3704 1237
3 3707 3704 3706
3 3708 3707 3706
3 3709 3707 3708
3 3710 3709 3708
3 3711 3709 3710
3 3712 3711 3710
3 3713 3711 3712
3 3714 3713 3712
3 3715 3713 3714
3 3716 3715 3714
3 3717 3715 3716
3 3718 3717 3716
3 2372 3717 3718
3 2373 2372 3718
3 3706 1237 3719
3 1237 1239 3719
3 3708 3706 3720
3 3706 3719 3720
3 3710 3708 3721
3 3708 3720 3721
3 3712 3710 3722
3 3710 3721 3722
3 3714 3712 3723
3 3712 3722 3723
3 3716 3714 3724
3 3714 3723 3724
3 3718 3716 3725
3 3716 3724 3725
3 2373 3718 2388
3 3718 3725 2388
3 3726 1241 1243
3 3727 3726 1243
3 3728 3726 3727
3 3729 3728 3727
3 3730 3728 3729
3 3731 3730 3729
3 3732 3730 3731
3 3733 3732 3731
3 3734 3732 3733
3 3735 3734 3733
3 3724 3734 3735
3 3736 3724 3735
3 3725 3724 3736
3 3737 3725 3736
3 2396 3725 3737
3 2397 2396 3737
3 1239 3726 3719
3 1241 3726 1239
3 3719 3728 3720
3 3726 3728 3719
3 3720 3730 3721
3 3728 3730 3720
3 3721 3732 3722
3 3730 3732 3721
3 3722 3734 3723
3 3732 3734 3722
3 3734 3724 3723
3 3725 2396 2388
3 3727 1243 3740
3 1243 1244 3740
3 3729 3727 3741
3 3727 3740 3741
3 3731 3729 3742
3 3729 3741 3742
3 3733 3731 3743
3 3731 3742 3743
3 3738 3735 3743
3 3735 3733 3743
3 3739 3735 3738
3 3739 3744 3735
3 3744 3736 3735
3 3737 3736 3745
3 3736 3744 3745
3 2397 3737 2412
3 3737 3745 2412
3 3746 1250 1251
3 3747 3746 1251
3 3748 3746 3747
3 3749 3748 3747
3 3750 3748 3749
3 3751 3750 3749
3 3752 3750 3751
3 3753 3752 3751
3 3738 3752 3753
3 3738 3753 3754
3 3744 3739 3738
3 3744 3738 3755
3 3755 3738 3754
3 3745 3744 3755
3 3756 3745 3755
3 2412 3745 3756
3 2420 2412 3756
3 1244 3746 3740
3 1250 3746 1244
3 3740 3748 3741
3 3746 3748 3740
3 3741 3750 3742
3 3748 3750 3741
3 3742 3752 3743
3 3750 3752 3742
3 3743 3752 3738
3 3764 3763 3762
3 2435 3763 3764
3 2436 2435 3764
3 1251 3757 3747
3 1261 3757 1251
3 3747 3758 3749
3 3757 3758 3747
3 3759 3749 3758
3 3759 3765 3749
3 3765 3751 3749
3 3753 3751 3766
3 3751 3765 3766
3 3760 3766 3761
3 3760 3754 3766
3 3754 3753 3766
3 3754 3762 3755
3 3760 3762 3754
3 3755 3763 3756
3 3762 3763 3755
3 3756 2435 2420
3 3763 2435 3756
3 3767 3768 3769
3 3770 3771 3772
3 3773 3770 3774
3 3770 3772 3774
3 3774 3767 3773
3 3768 3767 3774
3 3775 3776 3777
3 3776 3778 3777
3 3777 3770 3775
3 3771 3770 3777
3 3769 3768 3780
3 3769 3780 3781
3 3784 3782 3783
3 3771 3782 3784
3 3771 3784 3772
3 3772 3784 3785
3 3774 3772 3786
3 3772 3785 3786
3 3786 3768 3774
3 3780 3768 3786
3 3778 3782 3777
3 3783 3782 3778
3 3777 3782 3771
3 3779 3787 3788
3 3780 3789 3790
3 3781 3780 3791
3 3780 3790 3791
3 3791 3779 3781
3 3787 3779 3791
3 3784 3783 3792
3 3783 3793 3792
3 3785 3784 3794
3 3784 3792 3794
3 3789 3786 3794
3 3786 3785 3794
3 3786 3789 3780
3 3787 3795 3788
3 3788 3795 3797
3 3788 3797 3798
3 3799 3800 3801
3 3802 3799 3801
3 3803 3802 3801
3 3789 3802 3803
3 3789 3803 3804
3 3790 3789 3805
3 3789 3804 3805
3 3795 3805 3796
3 3795 3791 3805
3 3791 3790 3805
3 3791 3795 3787
3 3799 3806 3800
3 3799 3792 3806
3 3792 3793 3806
3 3792 3802 3794
3 3799 3802 3792
3 3794 3802 3789
3 3807 3808 3809
3 3813 3812 3811
3 3796 3812 3813
3 3796 3813 3795
3 3795 3813 3814
3 3797 3795 3815
3 3795 3814 3815
3 3807 3815 3808
3 3807 3798 3815
3 3798 3797 3815
3 3800 3816 3817
3 3800 3817 3801
3 3801 3817 3818
3 3803 3801 3819
3 3801 3818 3819
3 3811 3804 3819
3 3804 3803 3819
3 3804 3812 3805
3 3811 3812 3804
3 3805 3812 3796
3 3806 3816 3800
3 3820 3821 3822
3 3808 3820 3822
3 3808 3822 3809
3 3809 3822 3823
3 3810 3809 3824
3 3809 3823 3824
3 3825 3826 3827
3 3828 3825 3827
3 3829 3828 3827
3 3811 3828 3829
3 3811 3829 3830
3 3813 3811 3831
3 3811 3830 3831
3 3814 3813 3832
3 3813 3831 3832
3 3820 3832 3821
3 3820 3815 3832
3 3815 3814 3832
3 3815 3820 3808
3 3825 3833 3826
3 3825 3818 3833
3 3818 3817 3833
3 3818 3828 3819
3 3825 3828 3818
3 3819 3828 3811
3 3835 3836 3837
3 3821 3835 3837
3 3821 3837 3822
3 3822 3837 3838
3 3823 3822 3839
3 3822 3838 3839
3 3834 3824 3839
3 3824 3823 3839
3 3826 3833 3840
3 3826 3840 3827
3 3827 3840 3841
3 3829 3827 3842
3 3827 3841 3842
3 3830 3829 3843
3 3829 3842 3843
3 3831 3830 3844
3 3830 3843 3844
3 3835 3844 3836
3 3835 3832 3844
3 3832 3831 3844
3 3832 3835 3821
3 3845 3846 3847
3 3834 3845 3847
3 3834 3847 3848
3 3851 3849 3850
3 3852 3849 3851
3 3853 3852 3851
3 3854 3852 3853
3 3855 3854 3853
3 3844 3854 3855
3 3856 3844 3855
3 3836 3844 3856
3 3836 3856 3837
3 3837 3856 3857
3 3838 3837 3858
3 3837 3857 3858
3 3845 3858 3846
3 3845 3839 3858
3 3839 3838 3858
3 3839 3845 3834
3 3840 3849 3841
3 3850 3849 3840
3 3841 3852 3842
3 3849 3852 3841
3 3842 3854 3843
3 3852 3854 3842
3 3854 3844 3843
3 3859 3860 3861
3 3865 3864 3862
3 3866 3864 3865
3 3867 3866 3865
3 3868 3866 3867
3 3869 3868 3867
3 3870 3868 3869
3 3871 3870 3869
3 3872 3870 3871
3 3873 3872 3871
3 3874 3872 3873
3 3875 3874 3873
3 3859 3876 3860
3 3859 3877 3876
3 3862 3859 3863
3 3862 3878 3859
3 3878 3877 3859
3 3878 3864 3879
3 3862 3864 3878
3 3879 3866 3880
3 3864 3866 3879
3 3880 3868 3881
3 3866 3868 3880
3 3881 3868 3882
3 3868 3870 3882
3 3883 3882 3872
3 3872 3882 3870
3 3884 3883 3874
3 3874 3883 3872
3 3885 3881 3882
3 3885 3883 3886
3 3882 3883 3885
3 3886 3884 1151
3 3883 3884 3886
3 3889 3890 3891
3 3892 3889 3891
3 3893 3889 3892
3 3894 3893 3892
3 3895 3893 3894
3 3896 3895 3894
3 3897 3895 3896
3 3898 3897 3896
3 3899 3897 3898
3 3900 3899 3898
3 3901 3899 3900
3 3902 3901 3900
3 3902 3887 3901
3 3901 3887 3903
3 3904 3903 3888
3 3888 3903 3887
3 3861 3890 3859
3 3890 3889 3859
3 3863 3893 3862
3 3863 3859 3893
3 3859 3889 3893
3 3862 3895 3865
3 3893 3895 3862
3 3865 3897 3867
3 3895 3897 3865
3 3867 3899 3869
3 3897 3899 3867
3 3869 3901 3871
3 3899 3901 3869
3 3871 3903 3873
3 3901 3903 3871
3 3873 3904 3875
3 3903 3904 3873
3 3905 3906 3907
3 3908 3905 3907
3 3909 3908 3907
3 3910 3908 3909
3 3911 3910 3909
3 3912 3910 3911
3 3913 3912 3911
3 3914 3912 3913
3 3915 3914 3913
3 3916 3914 3915
3 3917 3916 3915
3 3918 3916 3917
3 3919 3918 3917
3 3920 3918 3919
3 3921 3920 3919
3 3906 3905 3922
3 3922 3905 3923
3 3924 3923 3908
3 3908 3923 3905
3 3925 3924 3910
3 3910 3924 3908
3 3926 3925 3912
3 3912 3925 3910
3 3927 3926 3914
3 3914 3926 3912
3 3902 3927 3916
3 3916 3927 3914
3 3887 3902 3918
3 3902 3916 3918
3 3887 3920 3888
3 3918 3920 3887
3 3891 3923 3892
3 3922 3923 3891
3 3892 3924 3894
3 3923 3924 3892
3 3894 3925 3896
3 3924 3925 3894
3 3896 3926 3898
3 3925 3926 3896
3 3898 3927 3900
3 3926 3927 3898
3 3927 3902 3900
3 3906 3928 3907
3 3906 3929 3928
3 3907 3930 3909
3 3928 3930 3907
3 3909 3931 3911
3 3930 3931 3909
3 3911 3932 3913
3 3931 3932 3911
3 3913 3933 3915
3 3932 3933 3913
3 3915 3934 3917
3 3933 3934 3915
3 3917 3935 3919
3 3934 3935 3917
3 3919 3936 3921
3 3935 3936 3919
3 3940 3939 3938
3 3941 3939 3940
3 3942 3941 3940
3 3943 3941 3942
3 3943 3942 3944
3 3944 3942 3945
3 1719 3944 3946
3 3944 3945 3946
3 3947 313 3948
3 313 3949 3948
3 3950 3947 3951
3 3947 3948 3951
3 3937 3952 3951
3 3952 3950 3951
3 3952 3938 3953
3 3937 3938 3952
3 3953 3939 3954
3 3938 3939 3953
3 3954 3941 3955
3 3939 3941 3954
3 3955 3941 3943
3 3956 3957 3958
3 3959 3960 3961
3 3962 3959 3961
3 3963 3959 3962
3 3964 3963 3962
3 3937 3963 3964
3 3937 3964 3965
3 3938 3937 3966
3 3937 3965 3966
3 3940 3938 3967
3 3938 3966 3967
3 3942 3940 3968
3 3940 3967 3968
3 3945 3942 3969
3 3942 3968 3969
3 3956 3969 3957
3 3956 3946 3969
3 3946 3945 3969
3 3949 3959 3948
3 3960 3959 3949
3 3948 3963 3951
3 3959 3963 3948
3 3951 3963 3937
3 3972 3971 3970
3 3973 3971 3972
3 3974 3973 3972
3 3975 3973 3974
3 3976 3975 3974
3 3977 3975 3976
3 3978 3977 3976
3 3979 3977 3978
3 3980 3979 3978
3 3969 3979 3980
3 3981 3969 3980
3 3957 3969 3981
3 3957 3981 3958
3 3958 3981 3982
3 3970 3962 3983
3 3962 3961 3983
3 3962 3971 3964
3 3970 3971 3962
3 3964 3973 3965
3 3971 3973 3964
3 3965 3975 3966
3 3973 3975 3965
3 3966 3977 3967
3 3975 3977 3966
3 3967 3979 3968
3 3977 3979 3967
3 3979 3969 3968
3 3970 3984 3985
3 3970 3985 3986
3 3972 3970 3987
3 3970 3986 3987
3 3974 3972 3988
3 3972 3987 3988
3 3976 3974 3989
3 3974 3988 3989
3 3978 3976 3990
3 3976 3989 3990
3 3991 3990 3992
3 3991 3980 3990
3 3980 3978 3990
3 3980 3993 3981
3 3991 3993 3980
3 3981 1386 3982
3 3993 1386 3981
3 3983 3984 3970
3 3985 3994 3986
3 3995 3994 3985
3 3986 3996 3987
3 3994 3996 3986
3 3987 3997 3988
3 3996 3997 3987
3 3988 3998 3989
3 3997 3998 3988
3 3989 3999 3990
3 3998 3999 3989
3 3990 3999 3992
3 4003 4002 4000
3 4004 4002 4003
3 4005 4004 4003
3 4006 4004 4005
3 4008 4009 4000
3 4000 4009 4001
3 4010 4008 4002
3 4002 4008 4000
3 4011 4010 4004
3 4004 4010 4002
3 4012 4011 4006
3 4006 4011 4004
3 4007 4013 4014
3 4007 4014 4006
3 4006 4014 4012
3 4015 4014 4013
3 4016 4015 4013
3 4017 4015 4016
3 4018 4017 4016
3 22 4017 4018
3 23 22 4018
3 4019 4020 4021
3 4022 4019 4021
3 4023 4019 4022
3 4024 4023 4022
3 4025 4023 4024
3 4026 4025 4024
3 4027 4025 4026
3 4028 4027 4026
3 4029 4027 4028
3 4029 4028 4030
3 4031 4029 4032
3 4029 4030 4032
3 4033 4031 4034
3 4031 4032 4034
3 4035 4036 4033
3 4035 4033 4037
3 4037 4033 4034
3 4038 4019 4039
3 4020 4019 4038
3 4039 4023 4040
3 4019 4023 4039
3 4040 4025 4041
3 4023 4025 4040
3 4041 4027 4042
3 4025 4027 4041
3 4042 4027 4029
3 4043 4044 4045
3 4046 4043 4045
3 4047 4046 4045
3 4048 4046 4047
3 4049 4048 4047
3 4050 4048 4049
3 4051 4050 4049
3 4022 4021 4052
3 4021 4053 4052
3 4024 4022 4054
3 4022 4052 4054
3 4026 4024 4055
3 4024 4054 4055
3 4028 4026 4056
3 4026 4055 4056
3 4043 4056 4044
3 4043 4030 4056
3 4030 4028 4056
3 4030 4046 4032
3 4043 4046 4030
3 4032 4048 4034
3 4046 4048 4032
3 4034 4050 4037
3 4048 4050 4034
3 4052 4057 4058
3 4059 4052 4058
3 4054 4052 4059
3 4060 4054 4059
3 4055 4054 4060
3 4061 4055 4060
3 4056 4055 4061
3 4062 4056 4061
3 4044 4056 4062
3 4044 4062 4045
3 4045 4062 4063
3 4047 4045 4064
3 4045 4063 4064
3 4049 4047 4065
3 4047 4064 4065
3 4051 4049 4066
3 4049 4065 4066
3 4057 4052 4053
3 4067 4068 4069
3 4070 4067 4069
3 4071 4070 4069
3 4072 4070 4071
3 4073 4072 4071
3 4074 4072 4073
3 4075 4074 4073
3 4076 4074 4075
3 4077 4076 4075
3 4059 4058 4078
3 4058 4079 4078
3 4060 4059 4080
3 4059 4078 4080
3 4061 4060 4068
3 4060 4080 4068
3 4067 4062 4068
3 4062 4061 4068
3 4062 4070 4063
3 4067 4070 4062
3 4063 4072 4064
3 4070 4072 4063
3 4064 4074 4065
3 4072 4074 4064
3 4065 4076 4066
3 4074 4076 4065
3 4078 4079 4081
3 4082 4078 4081
3 4080 4078 4082
3 4083 4080 4082
3 4068 4080 4083
3 4084 4068 4083
3 4068 4084 4069
3 4069 4084 4085
3 4071 4069 4086
3 4069 4085 4086
3 4073 4071 4087
3 4071 4086 4087
3 4075 4073 4088
3 4073 4087 4088
3 4077 4075 4089
3 4075 4088 4089
3 4093 4092 4090
3 4094 4092 4093
3 4095 4094 4093
3 4096 4094 4095
3 4097 4096 4095
3 4098 4096 4097
3 4099 4098 4097
3 4100 4098 4099
3 4101 4100 4099
3 4102 4100 4101
3 4103 4102 4101
3 4104 4102 4103
3 4105 4104 4103
3 4081 4090 4082
3 4091 4090 4081
3 4082 4092 4083
3 4090 4092 4082
3 4083 4094 4084
3 4092 4094 4083
3 4084 4096 4085
3 4094 4096 4084
3 4085 4098 4086
3 4096 4098 4085
3 4086 4100 4087
3 4098 4100 4086
3 4087 4102 4088
3 4100 4102 4087
3 4088 4104 4089
3 4102 4104 4088
3 4090 4091 4106
3 4091 4107 4106
3 4093 4090 4108
3 4090 4106 4108
3 4095 4093 4109
3 4093 4108 4109
3 4097 4095 4110
3 4095 4109 4110
3 4099 4097 4111
3 4097 4110 4111
3 4101 4099 4112
3 4099 4111 4112
3 4103 4101 4113
3 4101 4112 4113
3 4105 4103 4114
3 4103 4113 4114
3 4117 4115 4116
3 4118 4115 4117
3 4119 4118 4117
3 4120 4118 4119
3 4121 4120 4119
3 4122 4120 4121
3 4123 4122 4121
3 4124 4122 4123
3 4125 4124 4123
3 4126 4124 4125
3 4127 4126 4125
3 4128 4126 4127
3 4129 4128 4127
3 4130 4128 4129
3 4131 4130 4129
3 4107 4115 4106
3 4116 4115 4107
3 4106 4118 4108
3 4115 4118 4106
3 4108 4120 4109
3 4118 4120 4108
3 4109 4122 4110
3 4120 4122 4109
3 4110 4124 4111
3 4122 4124 4110
3 4111 4126 4112
3 4124 4126 4111
3 4112 4128 4113
3 4126 4128 4112
3 4113 4130 4114
3 4128 4130 4113
3 3426 604 4132
3 604 605 4132
3 3427 3426 4133
3 3426 4132 4133
3 3428 3427 4134
3 3427 4133 4134
3 3429 3428 4135
3 3428 4134 4135
3 3430 3429 4136
3 3429 4135 4136
3 3432 4137 4138
3 3432 3430 4137
3 3430 4136 4137
3 4137 4139 4138
3 4132 605 4140
3 605 611 4140
3 4133 4132 4141
3 4132 4140 4141
3 4134 4133 4142
3 4133 4141 4142
3 4135 4134 4143
3 4134 4142 4143
3 4136 4135 4144
3 4135 4143 4144
3 4137 4136 4145
3 4136 4144 4145
3 4139 4146 4147
3 4139 4137 4146
3 4137 4145 4146
3 4146 4148 4147
3 4140 611 4149
3 611 617 4149
3 4141 4140 4150
3 4140 4149 4150
3 4142 4141 4151
3 4141 4150 4151
3 4143 4142 4152
3 4142 4151 4152
3 4144 4143 4153
3 4143 4152 4153
3 4145 4144 4154
3 4144 4153 4154
3 4146 4145 4155
3 4145 4154 4155
3 4155 4148 4146
3 2446 4148 4155
3 4149 617 4156
3 617 623 4156
3 4150 4149 4157
3 4149 4156 4157
3 4151 4150 4158
3 4150 4157 4158
3 4152 4151 4159
3 4151 4158 4159
3 4153 4152 4160
3 4152 4159 4160
3 4154 4153 4161
3 4153 4160 4161
3 4155 4154 4162
3 4154 4161 4162
3 2446 4155 2449
3 4155 4162 2449
3 4156 623 4163
3 623 629 4163
3 4157 4156 4164
3 4156 4163 4164
3 4158 4157 4165
3 4157 4164 4165
3 4159 4158 4166
3 4158 4165 4166
3 4160 4159 4167
3 4159 4166 4167
3 4161 4160 4168
3 4160 4167 4168
3 4162 4161 4169
3 4161 4168 4169
3 2449 4162 2454
3 4162 4169 2454
3 4163 629 4170
3 629 634 4170
3 4164 4163 4171
3 4163 4170 4171
3 4165 4164 4172
3 4164 4171 4172
3 4166 4165 4173
3 4165 4172 4173
3 4167 4166 4174
3 4166 4173 4174
3 4168 4167 4175
3 4167 4174 4175
3 4169 4168 4176
3 4168 4175 4176
3 2454 4169 2463
3 4169 4176 2463
3 4170 634 4177
3 634 639 4177
3 4171 4170 4178
3 4170 4177 4178
3 4172 4171 4179
3 4171 4178 4179
3 4173 4172 4180
3 4172 4179 4180
3 4174 4173 4181
3 4173 4180 4181
3 4175 4174 4182
3 4174 4181 4182
3 4176 4175 4183
3 4175 4182 4183
3 2463 4176 2474
3 4176 4183 2474
3 4177 639 4184
3 639 644 4184
3 4178 4177 4185
3 4177 4184 4185
3 4179 4178 4186
3 4178 4185 4186
3 4180 4179 4187
3 4179 4186 4187
3 4181 4180 4188
3 4180 4187 4188
3 4182 4181 4189
3 4181 4188 4189
3 4183 4182 4190
3 4182 4189 4190
3 2474 4183 2483
3 4183 4190 2483
3 4193 4194 4195
3 4196 4193 4195
3 4197 4196 4195
3 4191 4197 4192
3 118 4197 4191
3 118 4196 4197
3 4201 4202 4203
3 4202 4204 4203
3 4205 4201 4206
3 4201 4203 4206
3 4207 4205 4208
3 4205 4206 4208
3 4209 4207 4210
3 4207 4208 4210
3 4211 4209 4212
3 4209 4210 4212
3 4213 4211 4214
3 4211 4212 4214
3 4215 4213 4216
3 4213 4214 4216
3 1896 4215 4217
3 4215 4216 4217
3 4218 4219 4220
3 4223 4222 4221
3 4224 4222 4223
3 4218 4204 4219
3 4218 4203 4204
3 4221 4206 4218
3 4206 4203 4218
3 4206 4222 4208
3 4221 4222 4206
3 4224 4208 4222
3 4224 4229 4208
3 4229 4210 4208
3 4212 4210 4230
3 4210 4229 4230
3 4225 4230 4226
3 4225 4214 4230
3 4214 4212 4230
3 4214 4227 4216
3 4225 4227 4214
3 4228 4216 4227
3 4228 4231 4216
3 4231 4217 4216
3 4218 4220 4232
3 4232 4220 4233
3 4218 4232 4221
3 4221 4232 4234
3 4223 4221 4235
3 4221 4234 4235
3 4229 4224 4223
3 4229 4223 4236
3 4236 4223 4235
3 4230 4229 4236
3 4237 4230 4236
3 4226 4230 4237
3 4226 4237 4225
3 4225 4237 4238
3 4227 4225 4239
3 4225 4238 4239
3 4231 4228 4227
3 4231 4227 4240
3 4240 4227 4239
3 4232 4233 4241
3 4233 4242 4241
3 4234 4232 4243
3 4232 4241 4243
3 4235 4234 4244
3 4234 4243 4244
3 4236 4235 4245
3 4235 4244 4245
3 4237 4236 4246
3 4236 4245 4246
3 4238 4237 4247
3 4237 4246 4247
3 4239 4238 4248
3 4238 4247 4248
3 4240 4239 4249
3 4239 4248 4249
3 4242 1106 4241
3 1107 1106 4242
3 4241 1110 4243
3 1106 1110 4241
3 4243 1112 4244
3 1110 1112 4243
3 4244 1114 4245
3 1112 1114 4244
3 4245 1116 4246
3 1114 1116 4245
3 1118 4246 1116
3 1118 4250 4246
3 4250 4247 4246
3 4248 4247 4251
3 4247 4250 4251
3 4249 4248 1129
3 4248 4251 1129
3 4250 1118 1125
3 4250 1127 4251
3 1125 1127 4250
3 1127 1129 4251
3 4252 4253 4254
3 4255 4256 4257
3 4258 4256 4255
3 4259 4255 4260
3 4255 4257 4260
3 4261 4259 4262
3 4259 4260 4262
3 4263 4261 4264
3 4261 4262 4264
3 4265 4263 4266
3 4263 4264 4266
3 4267 4265 4268
3 4265 4266 4268
3 4269 4267 4270
3 4267 4268 4270
3 4257 4256 4271
3 4257 4272 4260
3 4271 4272 4257
3 4260 4273 4262
3 4272 4273 4260
3 4262 4274 4264
3 4273 4274 4262
3 4264 4275 4266
3 4274 4275 4264
3 4276 4266 4275
3 4276 4277 4266
3 4277 4268 4266
3 4270 4268 4278
3 4268 4277 4278
3 4277 4279 4280
3 4276 4279 4277
3 4278 4277 4281
3 4277 4280 4281
3 4280 4279 4282
3 4283 4280 4282
3 4283 553 4280
3 553 4281 4280
3 4284 4285 4286
3 4285 4287 4286
3 4288 4284 4289
3 4284 4286 4289
3 4290 4288 4291
3 4288 4289 4291
3 4292 4293 4290
3 4292 4290 4294
3 4294 4290 4291
3 4295 4292 4294
3 4296 4295 4294
3 4297 4295 4296
3 4298 4297 4296
3 4299 4297 4298
3 4300 4299 4298
3 4301 4299 4300
3 4302 4301 4300
3 4303 4293 4292
3 4303 4295 4304
3 4292 4295 4303
3 4295 4297 4304
3 4305 4306 4307
3 4287 4305 4286
3 4306 4305 4287
3 4308 4286 4305
3 4308 4309 4286
3 4309 4289 4286
3 4291 4289 4310
3 4289 4309 4310
3 4294 4291 4311
3 4291 4310 4311
3 4296 4294 4312
3 4294 4311 4312
3 4298 4296 4313
3 4296 4312 4313
3 4300 4298 4314
3 4298 4313 4314
3 4302 4300 4315
3 4300 4314 4315
3 4305 4307 4316
3 4307 4317 4316
3 4318 4308 4305
3 4318 4305 4319
3 4319 4305 4316
3 4320 4318 4319
3 4321 4320 4319
3 4322 4320 4321
3 4323 4322 4321
3 4324 4322 4323
3 4325 4324 4323
3 4326 4324 4325
3 4327 4326 4325
3 4328 4326 4327
3 4329 4328 4327
3 4330 4328 4329
3 4331 4330 4329
3 4309 4308 4318
3 4309 4320 4310
3 4318 4320 4309
3 4310 4322 4311
3 4320 4322 4310
3 4311 4324 4312
3 4322 4324 4311
3 4312 4326 4313
3 4324 4326 4312
3 4313 4328 4314
3 4326 4328 4313
3 4314 4330 4315
3 4328 4330 4314
3 4317 4332 4316
3 2558 4332 4317
3 4316 4333 4319
3 4332 4333 4316
3 4334 4319 4333
3 4334 4321 4319
3 4323 4321 4335
3 4321 4334 4335
3 4325 4323 4336
3 4323 4335 4336
3 4327 4325 4337
3 4325 4336 4337
3 4329 4327 4338
3 4327 4337 4338
3 4331 4329 4339
3 4329 4338 4339
3 4334 4340 4335
3 4335 4341 4336
3 4340 4341 4335
3 4336 4342 4337
3 4341 4342 4336
3 4337 4343 4338
3 4342 4343 4337
3 4338 4344 4339
3 4343 4344 4338
3 754 593 4345
3 593 4346 4345
3 755 754 4347
3 754 4345 4347
3 756 755 4348
3 755 4347 4348
3 757 756 4349
3 756 4348 4349
3 758 757 4350
3 757 4349 4350
3 759 758 4351
3 758 4350 4351
3 760 759 4352
3 759 4351 4352
3 761 760 4353
3 760 4352 4353
3 4345 4346 4354
3 4346 4355 4354
3 4347 4345 4356
3 4345 4354 4356
3 4348 4347 4357
3 4347 4356 4357
3 4349 4348 4358
3 4348 4357 4358
3 4350 4349 4359
3 4349 4358 4359
3 4351 4350 4360
3 4350 4359 4360
3 4352 4351 4361
3 4351 4360 4361
3 4353 4352 4362
3 4352 4361 4362
3 4365 4363 4364
3 4366 4363 4365
3 4355 4363 4354
3 4364 4363 4355
3 4354 4366 4356
3 4363 4366 4354
3 4366 4367 4356
3 4367 4357 4356
3 4358 4357 4368
3 4357 4367 4368
3 4359 4358 4369
3 4358 4368 4369
3 4360 4359 4370
3 4359 4369 4370
3 4361 4360 4371
3 4360 4370 4371
3 4362 4361 4372
3 4361 4371 4372
3 4365 4364 4373
3 4364 4374 4373
3 4366 4365 4375
3 4365 4373 4375
3 4376 4366 4377
3 4377 4366 4375
3 4378 4376 4377
3 4379 4378 4377
3 4380 4378 4379
3 4367 4366 4376
3 4367 4378 4368
3 4376 4378 4367
3 4368 4380 4369
3 4378 4380 4368
3 4380 4381 4369
3 4381 4370 4369
3 4371 4370 4382
3 4370 4381 4382
3 4372 4371 4383
3 4371 4382 4383
3 4373 4374 4384
3 4374 4385 4384
3 4375 4373 4386
3 4373 4384 4386
3 4377 4375 4387
3 4375 4386 4387
3 4379 4377 4388
3 4377 4387 4388
3 4380 4379 4389
3 4379 4388 4389
3 4390 4380 4391
3 4391 4380 4389
3 4392 4390 4391
3 4393 4392 4391
3 4394 4392 4393
3 4395 4394 4393
3 4381 4380 4390
3 4381 4392 4382
3 4390 4392 4381
3 4382 4394 4383
3 4392 4394 4382
3 4384 4385 4396
3 4385 4397 4396
3 4386 4384 4398
3 4384 4396 4398
3 4387 4386 4399
3 4386 4398 4399
3 4388 4387 4400
3 4387 4399 4400
3 4389 4388 4401
3 4388 4400 4401
3 4391 4389 4402
3 4389 4401 4402
3 4393 4391 4403
3 4391 4402 4403
3 4395 4393 4404
3 4393 4403 4404
3 4405 4406 4407
3 4408 4405 4407
3 4409 4405 4408
3 4410 4409 4408
3 4411 4409 4410
3 4413 4412 4411
3 4414 4412 4413
3 4415 4414 4413
3 4416 4414 4415
3 4397 4405 4396
3 4406 4405 4397
3 4396 4409 4398
3 4405 4409 4396
3 4398 4411 4399
3 4409 4411 4398
3 4399 4412 4400
3 4411 4412 4399
3 4400 4414 4401
3 4412 4414 4400
3 4416 4401 4414
3 4416 4417 4401
3 4417 4402 4401
3 4403 4402 4418
3 4402 4417 4418
3 4404 4403 4419
3 4403 4418 4419
3 4408 4407 4420
3 4407 4421 4420
3 4410 4408 4422
3 4408 4420 4422
3 4411 4410 4423
3 4410 4422 4423
3 4413 4411 4424
3 4411 4423 4424
3 4415 4413 4425
3 4413 4424 4425
3 4417 4416 4415
3 4417 4415 4426
3 4426 4415 4425
3 4427 4417 4426
3 4428 4427 4426
3 4429 4427 4428
3 4430 4429 4428
3 4417 4427 4418
3 4418 4429 4419
3 4427 4429 4418
3 4332 2558 2559
3 4431 4332 2559
3 4333 4332 4431
3 4432 4333 4431
3 4334 4333 4432
3 4431 2559 4433
3 2559 2568 4433
3 4432 4431 4434
3 4431 4433 4434
3 4334 4432 4435
3 4435 4432 4434
3 4340 4334 4435
3 4436 4340 4435
3 4341 4340 4436
3 4437 4341 4436
3 4342 4341 4437
3 4438 4342 4437
3 4343 4342 4438
3 4439 4343 4438
3 4344 4343 4439
3 4440 4344 4439
3 4444 4443 4441
3 4445 4443 4444
3 4441 2584 4442
3 4441 4433 2584
3 4433 2568 2584
3 4433 4443 4434
3 4441 4443 4433
3 4434 4445 4435
3 4443 4445 4434
3 4445 4446 4435
3 4446 4436 4435
3 4437 4436 4447
3 4436 4446 4447
3 4438 4437 4448
3 4437 4447 4448
3 4439 4438 4449
3 4438 4448 4449
3 4440 4439 4450
3 4439 4449 4450
3 4442 2584 2593
3 4442 2593 4441
3 4441 2593 4451
3 4444 4441 4452
3 4441 4451 4452
3 4445 4444 4453
3 4444 4452 4453
3 4454 4445 4455
3 4455 4445 4453
3 4456 4454 4455
3 4457 4456 4455
3 4458 4456 4457
3 4459 4458 4457
3 4460 4458 4459
3 4461 4460 4459
3 4462 4460 4461
3 4463 4462 4461
3 4446 4445 4454
3 4446 4456 4447
3 4454 4456 4446
3 4447 4458 4448
3 4456 4458 4447
3 4448 4460 4449
3 4458 4460 4448
3 4449 4462 4450
3 4460 4462 4449
3 2593 1798 4451
3 1799 1798 2593
3 4451 1802 4452
3 1798 1802 4451
3 4452 1804 4453
3 1802 1804 4452
3 4453 1806 4455
3 1804 1806 4453
3 1809 4455 1806
3 1809 1808 4455
3 1808 4457 4455
3 4459 4457 1811
3 4457 1808 1811
3 4461 4459 1817
3 4459 1811 1817
3 4463 4461 1818
3 4461 1817 1818
3 4466 4467 4468
3 4466 4468 840
3 840 4468 842
3 4471 4470 4469
3 4472 4470 4471
3 4472 4471 4473
3 4473 4471 4474
3 4475 4473 4476
3 4473 4474 4476
3 4477 4475 4478
3 4475 4476 4478
3 4466 4478 4467
3 4466 4477 4478
3 4479 4480 4481
3 4480 4482 4481
3 4469 4483 4481
3 4483 4479 4481
3 4483 4470 4484
3 4469 4470 4483
3 4484 4470 4472
3 4485 4486 4487
3 4467 4485 4487
3 4467 4487 4468
3 4468 4487 4488
3 842 4468 854
3 4468 4488 854
3 4489 4490 4491
3 4469 4489 4491
3 4469 4491 4492
3 4471 4469 4493
3 4469 4492 4493
3 4474 4471 4494
3 4471 4493 4494
3 4476 4474 4495
3 4474 4494 4495
3 4485 4495 4486
3 4485 4478 4495
3 4478 4476 4495
3 4478 4485 4467
3 4489 4496 4490
3 4489 4481 4496
3 4481 4482 4496
3 4481 4489 4469
3 864 4497 865
3 4498 4499 4500
3 4501 4498 4500
3 4502 4501 4500
3 4486 4501 4502
3 4486 4502 4487
3 4487 4502 4503
3 4488 4487 4504
3 4487 4503 4504
3 864 4504 4497
3 864 854 4504
3 854 4488 4504
3 4490 4505 4506
3 4490 4506 4491
3 4491 4506 4507
3 4492 4491 4508
3 4491 4507 4508
3 4493 4492 4509
3 4492 4508 4509
3 4498 4509 4499
3 4498 4494 4509
3 4494 4493 4509
3 4494 4501 4495
3 4498 4501 4494
3 4495 4501 4486
3 4496 4505 4490
3 4510 4511 4512
3 4497 4510 4512
3 4497 4512 865
3 865 4512 877
3 4513 4514 4515
3 4499 4513 4515
3 4499 4515 4500
3 4500 4515 4516
3 4502 4500 4517
3 4500 4516 4517
3 4503 4502 4518
3 4502 4517 4518
3 4510 4518 4511
3 4510 4504 4518
3 4504 4503 4518
3 4504 4510 4497
3 4507 4506 4519
3 4506 4520 4519
3 4508 4507 4521
3 4507 4519 4521
3 4513 4521 4514
3 4513 4509 4521
3 4509 4508 4521
3 4509 4513 4499
3 4525 4524 4522
3 4511 4524 4525
3 4511 4525 4512
3 4512 4525 4526
3 877 4512 887
3 4512 4526 887
3 4527 4528 4529
3 4514 4527 4529
3 4514 4529 4515
3 4515 4529 4530
3 4516 4515 4531
3 4515 4530 4531
3 4522 4531 4523
3 4522 4517 4531
3 4517 4516 4531
3 4517 4524 4518
3 4522 4524 4517
3 4518 4524 4511
3 4519 4520 4532
3 4520 4533 4532
3 4527 4532 4528
3 4527 4521 4532
3 4521 4519 4532
3 4521 4527 4514
3 4534 4535 4536
3 4523 4534 4536
3 4523 4536 4522
3 4522 4536 4537
3 4525 4522 4538
3 4522 4537 4538
3 4526 4525 4539
3 4525 4538 4539
3 887 4526 898
3 4526 4539 898
3 4540 4541 4542
3 4528 4540 4542
3 4528 4542 4529
3 4529 4542 4543
3 4530 4529 4544
3 4529 4543 4544
3 4534 4544 4535
3 4534 4531 4544
3 4531 4530 4544
3 4531 4534 4523
3 4540 4532 4541
3 4532 4533 4541
3 4532 4540 4528
3 910 4545 911
3 4546 4547 4548
3 4535 4546 4548
3 4535 4548 4536
3 4536 4548 4549
3 4537 4536 4550
3 4536 4549 4550
3 4538 4537 4551
3 4537 4550 4551
3 4539 4538 4545
3 4538 4551 4545
3 910 898 4545
3 898 4539 4545
3 4541 4552 4542
3 4542 4552 4553
3 4543 4542 4547
3 4542 4553 4547
3 4546 4544 4547
3 4544 4543 4547
3 4544 4546 4535
3 4554 4555 4556
3 4545 4554 4556
3 4557 4545 4556
3 4545 4557 911
3 911 4557 926
3 4547 4558 4559
3 4547 4559 4548
3 4548 4559 4560
3 4549 4548 4561
3 4548 4560 4561
3 4550 4549 4562
3 4549 4561 4562
3 4554 4562 4555
3 4554 4551 4562
3 4551 4550 4562
3 4554 4545 4551
3 4553 4552 4563
3 4552 4564 4563
3 4547 4563 4558
3 4547 4553 4563
3 4574 2942 4565
3 4565 2942 4566
3 4575 4574 4567
3 4567 4574 4565
3 4576 4575 4568
3 4568 4575 4567
3 4577 4576 4569
3 4569 4576 4568
3 4578 4577 4570
3 4570 4577 4569
3 4579 4578 4571
3 4571 4578 4570
3 4580 4572 4581
3 4580 4579 4572
3 4579 4571 4572
3 4581 4582 4583
3 4581 4572 4582
3 4572 4573 4582
3 4574 4575 4584
3 4584 4576 4585
3 4575 4576 4584
3 4585 4577 4586
3 4576 4577 4585
3 4586 4578 4587
3 4577 4578 4586
3 4578 4579 4587
3 4588 4589 4590
3 4591 4588 4590
3 4592 4591 4590
3 4593 4591 4592
3 4594 4593 4592
3 1711 4593 4594
3 1711 4594 4595
3 1713 1711 4596
3 1711 4595 4596
3 1715 1713 4597
3 1713 4596 4597
3 1358 4597 1359
3 1358 1716 4597
3 1716 1715 4597
3 1720 1719 4598
3 1719 3946 4598
3 4588 4598 4589
3 4588 1721 4598
3 1721 1720 4598
3 1721 4591 1722
3 4588 4591 1721
3 1722 4593 1723
3 4591 4593 1722
3 1723 4593 1711
3 4599 3956 3958
3 4600 4599 3958
3 4589 4599 4600
3 4589 4600 4590
3 4590 4600 4601
3 4592 4590 4602
3 4590 4601 4602
3 4594 4592 4603
3 4592 4602 4603
3 4595 4594 1373
3 4594 4603 1373
3 1360 1373 1361
3 1360 4596 1373
3 4596 4595 1373
3 4596 1363 4597
3 1360 1363 4596
3 4597 1363 1359
3 3946 4599 4598
3 3956 4599 3946
3 4598 4599 4589
3 4600 3958 1385
3 3958 3982 1385
3 1366 1385 1367
3 1366 4601 1385
3 4601 4600 1385
3 4601 1369 4602
3 1366 1369 4601
3 4602 1371 4603
3 1369 1371 4602
3 1371 1373 4603
3 1386 1385 3982
3 2906 1461 4604
3 1461 1462 4604
3 2908 2906 4605
3 2906 4604 4605
3 2910 2908 4606
3 2908 4605 4606
3 2912 2910 4607
3 2910 4606 4607
3 2914 2912 4608
3 2912 4607 4608
3 2916 2914 4609
3 2914 4608 4609
3 2918 2917 2916
3 2918 2916 4610
3 4610 2916 4609
3 2919 2918 4610
3 4611 2919 4610
3 4612 1477 1478
3 1462 4612 4604
3 1477 4612 1462
3 4613 4604 4612
3 4613 4614 4604
3 4614 4605 4604
3 4606 4605 4615
3 4605 4614 4615
3 4607 4606 4616
3 4606 4615 4616
3 4608 4607 4617
3 4607 4616 4617
3 4609 4608 4618
3 4608 4617 4618
3 4610 4609 4619
3 4609 4618 4619
3 4611 4610 4620
3 4610 4619 4620
3 4612 1478 4621
3 1478 1486 4621
3 4622 4613 4612
3 4622 4612 4623
3 4623 4612 4621
3 4624 4622 4623
3 4625 4624 4623
3 4626 4624 4625
3 4627 4626 4625
3 4628 4626 4627
3 4629 4628 4627
3 4630 4628 4629
3 4631 4630 4629
3 4632 4630 4631
3 4614 4613 4622
3 4614 4624 4615
3 4622 4624 4614
3 4615 4626 4616
3 4624 4626 4615
3 4616 4628 4617
3 4626 4628 4616
3 4617 4630 4618
3 4628 4630 4617
3 4632 4618 4630
3 4632 4633 4618
3 4633 4619 4618
3 4620 4619 4634
3 4619 4633 4634
3 4621 1486 4635
3 1486 1496 4635
3 4623 4621 4636
3 4621 4635 4636
3 4625 4623 4637
3 4623 4636 4637
3 4627 4625 4638
3 4625 4637 4638
3 4629 4627 4639
3 4627 4638 4639
3 4631 4629 4640
3 4629 4639 4640
3 4633 4632 4631
3 4633 4631 4641
3 4641 4631 4640
3 4642 4633 4641
3 4643 4642 4641
3 4633 4642 4634
3 4644 1508 1509
3 4645 4644 1509
3 4646 4644 4645
3 4647 4646 4645
3 4648 4646 4647
3 1496 4644 4635
3 1508 4644 1496
3 4635 4646 4636
3 4644 4646 4635
3 4636 4648 4637
3 4646 4648 4636
3 4649 4637 4648
3 4649 4650 4637
3 4650 4638 4637
3 4639 4638 4651
3 4638 4650 4651
3 4640 4639 4652
3 4639 4651 4652
3 4641 4640 4653
3 4640 4652 4653
3 4643 4641 4654
3 4641 4653 4654
3 4645 1509 4655
3 1509 1517 4655
3 4647 4645 4656
3 4645 4655 4656
3 4648 4647 4657
3 4647 4656 4657
3 4650 4649 4648
3 4650 4648 4658
3 4658 4648 4657
3 4659 4650 4658
3 4660 4659 4658
3 4661 4659 4660
3 4662 4661 4660
3 4663 4661 4662
3 4664 4663 4662
3 4665 4663 4664
3 4666 4665 4664
3 4650 4659 4651
3 4651 4661 4652
3 4659 4661 4651
3 4652 4663 4653
3 4661 4663 4652
3 4653 4665 4654
3 4663 4665 4653
3 1517 4667 4655
3 1525 4667 1517
3 4655 4668 4656
3 4667 4668 4655
3 4656 4669 4657
3 4668 4669 4656
3 4657 4670 4658
3 4669 4670 4657
3 4671 4658 4670
3 4671 4672 4658
3 4672 4660 4658
3 4662 4660 4673
3 4660 4672 4673
3 4664 4662 4674
3 4662 4673 4674
3 4666 4664 4675
3 4664 4674 4675
3 4674 4009 4675
3 4676 4677 4678
3 4677 4679 4678
3 4680 4676 4681
3 4676 4678 4681
3 4682 4680 4683
3 4680 4681 4683
3 4684 4682 4685
3 4682 4683 4685
3 4686 4684 4687
3 4684 4685 4687
3 4688 4686 4689
3 4686 4687 4689
3 4690 4688 4691
3 4691 4688 4689
3 4692 4690 4691
3 4693 4692 4691
3 4694 4690 4692
3 4697 4695 4696
3 4698 4695 4697
3 4679 4695 4678
3 4696 4695 4679
3 4678 4698 4681
3 4695 4698 4678
3 4699 4681 4698
3 4699 4700 4681
3 4700 4683 4681
3 4685 4683 4701
3 4683 4700 4701
3 4687 4685 4702
3 4685 4701 4702
3 4689 4687 4703
3 4687 4702 4703
3 4691 4689 4704
3 4689 4703 4704
3 4693 4691 4705
3 4691 4704 4705
3 4697 4696 4706
3 4696 4707 4706
3 4698 4697 4708
3 4697 4706 4708
3 4709 4699 4698
3 4709 4698 4710
3 4710 4698 4708
3 4711 4709 4710
3 4712 4711 4710
3 4713 4711 4712
3 4714 4713 4712
3 4715 4713 4714
3 4716 4715 4714
3 4717 4715 4716
3 4718 4717 4716
3 4719 4717 4718
3 4720 4719 4718
3 4700 4699 4709
3 4700 4711 4701
3 4709 4711 4700
3 4701 4713 4702
3 4711 4713 4701
3 4702 4715 4703
3 4713 4715 4702
3 4703 4717 4704
3 4715 4717 4703
3 4704 4719 4705
3 4717 4719 4704
3 4706 4707 4721
3 4707 4722 4721
3 4708 4706 4723
3 4706 4721 4723
3 4710 4708 4724
3 4708 4723 4724
3 4712 4710 4725
3 4710 4724 4725
3 4714 4712 4726
3 4712 4725 4726
3 4716 4714 4727
3 4714 4726 4727
3 4718 4716 4728
3 4716 4727 4728
3 4720 4718 4729
3 4718 4728 4729
3 4730 4731 4732
3 4733 4730 4732
3 4734 4730 4733
3 4736 4737 4738
3 4739 4736 4738
3 4740 4739 4738
3 4741 4739 4740
3 4722 4730 4721
3 4731 4730 4722
3 4721 4734 4723
3 4730 4734 4721
3 4735 4723 4734
3 4735 4742 4723
3 4742 4724 4723
3 4725 4724 4743
3 4724 4742 4743
3 4736 4743 4737
3 4736 4726 4743
3 4726 4725 4743
3 4726 4739 4727
3 4736 4739 4726
3 4741 4727 4739
3 4741 4744 4727
3 4744 4728 4727
3 4729 4728 4745
3 4728 4744 4745
3 4733 4732 4746
3 4732 4747 4746
3 4734 4733 4748
3 4733 4746 4748
3 4742 4735 4734
3 4742 4734 4749
3 4749 4734 4748
3 4750 4742 4749
3 4751 4750 4749
3 4737 4750 4751
3 4737 4751 4738
3 4738 4751 4752
3 4740 4738 4753
3 4738 4752 4753
3 4754 4741 4740
3 4754 4740 4755
3 4755 4740 4753
3 4756 4754 4755
3 4742 4750 4743
3 4743 4750 4737
3 4744 4741 4754
3 4756 4744 4754
3 4756 4745 4744
3 4746 4747 4757
3 4747 4758 4757
3 4748 4746 4759
3 4746 4757 4759
3 4749 4748 4760
3 4748 4759 4760
3 4751 4749 4761
3 4749 4760 4761
3 4752 4751 4762
3 4751 4761 4762
3 4753 4752 4763
3 4752 4762 4763
3 4755 4753 4764
3 4753 4763 4764
3 4756 4755 4765
3 4765 4755 4764
3 4757 4758 4766
3 4767 4757 4766
3 4768 4757 4767
3 4769 4768 4767
3 4770 4768 4769
3 4771 4770 4769
3 4772 4770 4771
3 4773 4772 4771
3 4774 4772 4773
3 4775 4774 4773
3 4776 4774 4775
3 4777 4776 4775
3 4778 4776 4777
3 4779 4778 4777
3 4285 4778 4779
3 4757 4768 4759
3 4759 4770 4760
3 4768 4770 4759
3 4760 4772 4761
3 4770 4772 4760
3 4761 4774 4762
3 4772 4774 4761
3 4762 4776 4763
3 4774 4776 4762
3 4763 4778 4764
3 4776 4778 4763
3 4764 4285 4765
3 4778 4285 4764
3 4780 4781 4782
3 4783 4780 4782
3 4784 4780 4783
3 4785 4784 4783
3 4786 4784 4785
3 4787 4786 4785
3 4788 4786 4787
3 4789 4788 4787
3 4790 4788 4789
3 4791 4790 4789
3 4792 4790 4791
3 4783 4782 4793
3 4782 4794 4793
3 4785 4783 4795
3 4783 4793 4795
3 4787 4785 4796
3 4785 4795 4796
3 4789 4787 4797
3 4787 4796 4797
3 4791 4789 4798
3 4789 4797 4798
3 4799 4792 4791
3 4799 4791 4800
3 4800 4791 4798
3 4801 4799 4800
3 4802 4801 4800
3 1107 4801 4802
3 1108 1107 4802
3 4803 4804 4805
3 4806 4803 4805
3 4807 4803 4806
3 4808 4807 4806
3 4809 4807 4808
3 4810 4809 4808
3 4811 4809 4810
3 4812 4811 4810
3 4813 4811 4812
3 4794 4803 4793
3 4804 4803 4794
3 4793 4807 4795
3 4803 4807 4793
3 4795 4809 4796
3 4807 4809 4795
3 4796 4811 4797
3 4809 4811 4796
3 4797 4813 4798
3 4811 4813 4797
3 4814 4798 4813
3 4814 4815 4798
3 4815 4800 4798
3 4802 4800 4816
3 4800 4815 4816
3 1108 4802 1120
3 4802 4816 1120
3 4817 4818 4819
3 4820 4817 4819
3 4821 4817 4820
3 4805 4817 4806
3 4818 4817 4805
3 4806 4821 4808
3 4817 4821 4806
3 4808 4822 4810
3 4821 4822 4808
3 4810 4823 4812
3 4822 4823 4810
3 4824 4812 4823
3 4824 4813 4812
3 4825 4814 4813
3 4825 4813 4826
3 4826 4813 4824
3 4827 4825 4826
3 4828 4827 4826
3 1132 4827 4828
3 1133 1132 4828
3 4815 4814 4825
3 4815 4827 4816
3 4825 4827 4815
3 4816 1132 1120
3 4827 1132 4816
3 4829 4830 3876
3 3877 4829 3876
3 4831 4829 3877
3 3878 4831 3877
3 3879 4831 3878
3 4819 4829 4820
3 4830 4829 4819
3 4820 4831 4821
3 4829 4831 4820
3 4821 3879 4822
3 4831 3879 4821
3 4822 3880 4823
3 3879 3880 4822
3 4823 3880 4824
3 3880 3881 4824
3 3881 3885 4832
3 3881 4832 4824
3 4833 4832 3885
3 3886 4833 3885
3 1150 4833 3886
3 1151 1150 3886
3 4824 4832 4826
3 4826 4833 4828
3 4832 4833 4826
3 4828 1150 1133
3 4833 1150 4828
3 727 728 2511
3 4834 727 2511
3 729 727 4834
3 4835 729 4834
3 730 729 4835
3 4836 730 4835
3 731 730 4836
3 4837 731 4836
3 732 731 4837
3 4838 732 4837
3 733 732 4838
3 4839 733 4838
3 734 733 4839
3 4840 734 4839
3 735 734 4840
3 2792 735 4840
3 4841 2526 2527
3 4842 4841 2527
3 4843 4841 4842
3 4844 4843 4842
3 4845 4843 4844
3 4846 4845 4844
3 4847 4845 4846
3 4848 4847 4846
3 4849 4847 4848
3 4850 4849 4848
3 4851 4849 4850
3 4852 4851 4850
3 4853 4851 4852
3 4854 4853 4852
3 2801 4853 4854
3 2802 2801 4854
3 2511 4841 4834
3 2526 4841 2511
3 4834 4843 4835
3 4841 4843 4834
3 4835 4845 4836
3 4843 4845 4835
3 4836 4847 4837
3 4845 4847 4836
3 4837 4849 4838
3 4847 4849 4837
3 4838 4851 4839
3 4849 4851 4838
3 4839 4853 4840
3 4851 4853 4839
3 4840 2801 2792
3 4853 2801 4840
3 4855 2217 4856
3 2217 2218 4856
3 4857 4855 4858
3 4855 4856 4858
3 4859 4857 4860
3 4857 4858 4860
3 4861 4859 4862
3 4859 4860 4862
3 4863 4861 4864
3 4861 4862 4864
3 4865 4863 4866
3 4863 4864 4866
3 4867 4865 4868
3 4865 4866 4868
3 4464 4465 4867
3 4464 4867 4869
3 4869 4867 4868
3 4870 2231 2232
3 4871 4870 2232
3 4872 4870 4871
3 2218 4870 4856
3 2231 4870 2218
3 4872 4856 4870
3 4872 4873 4856
3 4873 4858 4856
3 4860 4858 4874
3 4858 4873 4874
3 4862 4860 4875
3 4860 4874 4875
3 4864 4862 4876
3 4862 4875 4876
3 4866 4864 4877
3 4864 4876 4877
3 4868 4866 4878
3 4866 4877 4878
3 4869 4868 4879
3 4868 4878 4879
3 4871 2232 4880
3 2232 2242 4880
3 4881 4872 4871
3 4881 4871 4882
3 4882 4871 4880
3 4883 4881 4882
3 4884 4883 4882
3 4885 4883 4884
3 4886 4885 4884
3 4887 4885 4886
3 4888 4887 4886
3 4889 4887 4888
3 4890 4889 4888
3 4891 4889 4890
3 4892 4891 4890
3 4893 4891 4892
3 4894 4893 4892
3 4873 4872 4881
3 4873 4883 4874
3 4881 4883 4873
3 4874 4885 4875
3 4883 4885 4874
3 4875 4887 4876
3 4885 4887 4875
3 4876 4889 4877
3 4887 4889 4876
3 4877 4891 4878
3 4889 4891 4877
3 4878 4893 4879
3 4891 4893 4878
3 4880 2242 4895
3 2242 2253 4895
3 4882 4880 4896
3 4880 4895 4896
3 4884 4882 4897
3 4882 4896 4897
3 4886 4884 4898
3 4884 4897 4898
3 4888 4886 4899
3 4886 4898 4899
3 4890 4888 4900
3 4888 4899 4900
3 4892 4890 4901
3 4890 4900 4901
3 4894 4892 4902
3 4892 4901 4902
3 2253 4903 4895
3 2267 4903 2253
3 4895 4904 4896
3 4903 4904 4895
3 4905 4896 4904
3 4905 4906 4896
3 4906 4897 4896
3 4898 4897 4907
3 4897 4906 4907
3 4899 4898 4908
3 4898 4907 4908
3 4900 4899 4909
3 4899 4908 4909
3 4901 4900 4910
3 4900 4909 4910
3 4902 4901 4911
3 4901 4910 4911
3 4903 2267 4912
3 2267 2276 4912
3 4904 4903 4913
3 4903 4912 4913
3 4906 4905 4904
3 4906 4904 4914
3 4914 4904 4913
3 4915 4906 4914
3 4916 4915 4914
3 4917 4915 4916
3 4918 4917 4916
3 4919 4917 4918
3 4920 4919 4918
3 4921 4919 4920
3 4922 4921 4920
3 4923 4921 4922
3 4924 4923 4922
3 4906 4915 4907
3 4907 4917 4908
3 4915 4917 4907
3 4908 4919 4909
3 4917 4919 4908
3 4909 4921 4910
3 4919 4921 4909
3 4910 4923 4911
3 4921 4923 4910
3 4925 4926 4927
3 4928 4925 4927
3 4929 4928 4927
3 4930 4928 4929
3 4931 4930 4929
3 4932 4930 4931
3 4925 2293 4926
3 4925 4912 2293
3 4912 2276 2293
3 4912 4928 4913
3 4925 4928 4912
3 4913 4930 4914
3 4928 4930 4913
3 4932 4914 4930
3 4932 4937 4914
3 4937 4916 4914
3 4918 4916 4938
3 4916 4937 4938
3 4933 4938 4934
3 4933 4920 4938
3 4920 4918 4938
3 4920 4935 4922
3 4933 4935 4920
3 4922 4936 4924
3 4935 4936 4922
3 4926 2293 2302
3 4926 2302 4927
3 4927 2302 4939
3 4929 4927 4940
3 4927 4939 4940
3 4931 4929 4941
3 4929 4940 4941
3 4937 4932 4931
3 4937 4931 4942
3 4942 4931 4941
3 4938 4937 4942
3 4943 4938 4942
3 4934 4938 4943
3 4934 4943 4933
3 4933 4943 4944
3 4935 4933 4945
3 4933 4944 4945
3 4936 4935 4946
3 4935 4945 4946
3 4947 4948 41
3 4947 41 4949
3 4949 41 1797
3 1097 1797 1098
3 1097 4950 1797
3 4950 4949 1797
3 4950 1097 1100
3 4951 4948 4947
3 4952 4464 4869
3 4953 4952 4869
3 4954 4952 4953
3 4955 4954 4953
3 4956 4954 4955
3 4957 4956 4955
3 4958 4956 4957
3 4959 4958 4957
3 4960 4958 4959
3 4964 4963 4961
3 4965 4963 4964
3 4966 4965 4964
3 4953 4869 4967
3 4869 4879 4967
3 4955 4953 4968
3 4953 4967 4968
3 4957 4955 4969
3 4955 4968 4969
3 4959 4957 4970
3 4957 4969 4970
3 4960 4959 4971
3 4971 4959 4970
3 4962 4960 4971
3 4962 4971 4961
3 4961 4971 4972
3 4964 4961 4973
3 4961 4972 4973
3 4966 4964 4974
3 4964 4973 4974
3 4975 4893 4894
3 4975 4879 4893
3 4975 4967 4879
3 4968 4967 4976
3 4967 4975 4976
3 4969 4968 4977
3 4968 4976 4977
3 4970 4969 4978
3 4969 4977 4978
3 4971 4970 4979
3 4970 4978 4979
3 4972 4971 4980
3 4971 4979 4980
3 4973 4972 4981
3 4972 4980 4981
3 4974 4973 4982
3 4973 4981 4982
3 4975 4894 4983
3 4983 4894 4902
3 4984 4975 4983
3 4985 4984 4983
3 4986 4984 4985
3 4987 4986 4985
3 4988 4986 4987
3 4989 4988 4987
3 4990 4988 4989
3 4991 4992 4993
3 4994 4991 4993
3 4975 4984 4976
3 4976 4986 4977
3 4984 4986 4976
3 4977 4988 4978
3 4986 4988 4977
3 4990 4978 4988
3 4990 4995 4978
3 4995 4979 4978
3 4980 4979 4996
3 4979 4995 4996
3 4991 4996 4992
3 4991 4981 4996
3 4981 4980 4996
3 4981 4994 4982
3 4991 4994 4981
3 4983 4902 4997
3 4902 4911 4997
3 4985 4983 4998
3 4983 4997 4998
3 4987 4985 4999
3 4985 4998 4999
3 4989 4987 5000
3 4987 4999 5000
3 5001 4990 4989
3 5001 4989 5002
3 5002 4989 5000
3 4996 5001 5002
3 5003 4996 5002
3 4992 4996 5003
3 4992 5003 4993
3 4993 5003 5004
3 4994 4993 5005
3 4993 5004 5005
3 4995 4990 5001
3 5001 4996 4995
3 5006 4923 4924
3 5007 5006 4924
3 5008 5006 5007
3 5009 5008 5007
3 5010 5008 5009
3 5011 5010 5009
3 5012 5010 5011
3 5013 5012 5011
3 5014 5012 5013
3 5017 5016 5015
3 5018 5016 5017
3 5019 5018 5017
3 4911 5006 4997
3 4923 5006 4911
3 4997 5008 4998
3 5006 5008 4997
3 4998 5010 4999
3 5008 5010 4998
3 4999 5012 5000
3 5010 5012 4999
3 5000 5014 5002
3 5012 5014 5000
3 5002 5015 5003
3 5014 5015 5002
3 5003 5016 5004
3 5015 5016 5003
3 5004 5018 5005
3 5016 5018 5004
3 5020 4924 4936
3 5020 5023 4924
3 5023 5007 4924
3 5009 5007 5024
3 5007 5023 5024
3 5011 5009 5025
3 5009 5024 5025
3 5013 5011 5026
3 5011 5025 5026
3 5014 5013 5027
3 5013 5026 5027
3 5015 5014 5028
3 5014 5027 5028
3 5017 5015 5029
3 5015 5028 5029
3 5021 5029 5022
3 5021 5019 5029
3 5019 5017 5029
3 5023 5020 4936
3 5023 4936 5030
3 5030 4936 4946
3 5024 5023 5030
3 5031 5024 5030
3 5025 5024 5031
3 5032 5025 5031
3 5033 5025 5032
3 5034 5033 5032
3 5035 5033 5034
3 5036 5035 5034
3 5037 5035 5036
3 5038 5037 5036
3 5029 5037 5038
3 5039 5029 5038
3 5022 5029 5039
3 5022 5039 5021
3 5021 5039 5040
3 5025 5033 5026
3 5026 5035 5027
3 5033 5035 5026
3 5027 5037 5028
3 5035 5037 5027
3 5037 5029 5028
3 75 85 1768
3 1780 5041 1781
3 97 98 5042
3 85 97 5042
3 85 5042 5043
3 1780 5043 5041
3 1780 1768 5043
3 1768 85 5043
3 5044 5045 5046
3 1781 5046 1790
3 1781 5044 5046
3 1781 5041 5044
3 5047 108 107
3 98 108 5047
3 98 5047 5042
3 5042 5047 5045
3 5044 5043 5045
3 5043 5042 5045
3 5043 5044 5041
3 5048 5049 5050
3 1790 5048 5050
3 1790 5050 1796
3 5053 5052 5051
3 5045 5052 5053
3 5054 5045 5053
3 5048 5054 5049
3 5046 5054 5048
3 5046 5045 5054
3 5046 5048 1790
3 116 115 5055
3 107 5055 5051
3 107 116 5055
3 107 5052 5047
3 5051 5052 107
3 5052 5045 5047
3 5050 5049 5058
3 5059 5060 5061
3 5051 5059 5061
3 5051 5061 5062
3 5056 5062 5057
3 5056 5053 5062
3 5053 5051 5062
3 5053 5058 5054
3 5056 5058 5053
3 5054 5058 5049
3 5063 117 118
3 115 117 5063
3 5064 115 5063
3 5059 5064 5060
3 5055 5064 5059
3 5055 115 5064
3 5055 5059 5051
3 5067 5065 5066
3 5067 5068 5069
3 5067 5069 5065
3 5065 5069 1603
3 5070 5067 5066
3 5067 5070 5071
3 5070 5072 5071
3 5068 5073 5069
3 5068 5067 5073
3 5067 5071 5073
3 5071 5072 5074
3 5072 5075 5074
3 5073 5071 5076
3 5071 5074 5076
3 5074 5075 5077
3 5075 5078 5077
3 5076 5074 5079
3 5074 5077 5079
3 5077 5078 5080
3 5078 5081 5080
3 5079 5077 5082
3 5077 5080 5082
3 5080 5081 5083
3 5081 5084 5083
3 5082 5080 5085
3 5080 5083 5085
3 5085 5083 5086
3 5087 5085 5086
3 5086 5088 5087
3 5089 5088 5086
3 5088 5089 119
3 5089 120 119
3 5090 178 5091
3 5092 5090 5091
3 5093 5090 5092
3 5094 5093 5092
3 5095 5093 5094
3 5096 5095 5094
3 5097 5095 5096
3 5098 5097 5096
3 5099 5097 5098
3 5100 5099 5098
3 5101 5099 5100
3 5102 5101 5100
3 5103 5101 5102
3 5104 5103 5102
3 5105 5103 5104
3 5092 5091 5106
3 5091 5107 5106
3 5094 5092 5108
3 5092 5106 5108
3 5096 5094 5109
3 5094 5108 5109
3 5098 5096 5110
3 5096 5109 5110
3 5100 5098 5111
3 5098 5110 5111
3 5102 5100 5112
3 5100 5111 5112
3 5104 5102 5113
3 5102 5112 5113
3 5114 5105 5104
3 5113 5114 5104
3 5106 5107 2125
3 5107 1288 2125
3 5108 5106 2127
3 5106 2125 2127
3 5109 5108 2129
3 5108 2127 2129
3 5110 5109 2131
3 5109 2129 2131
3 5111 5110 2133
3 5110 2131 2133
3 5112 5111 2135
3 5111 2133 2135
3 5113 5112 2137
3 5112 2135 2137
3 2140 5114 5113
3 2137 2140 5113
3 5115 1023 1024
3 5116 5115 1024
3 5117 5115 5116
3 5118 5117 5116
3 5119 5117 5118
3 5120 5119 5118
3 5121 5119 5120
3 5122 5121 5120
3 5123 5121 5122
3 5124 5123 5122
3 5125 5123 5124
3 5126 5125 5124
3 5127 5125 5126
3 5128 5127 5126
3 2543 5127 5128
3 2544 2543 5128
3 5116 1024 5132
3 1024 1039 5132
3 5118 5116 5133
3 5116 5132 5133
3 5129 5133 5130
3 5129 5120 5133
3 5120 5118 5133
3 5131 5120 5129
3 5131 5134 5120
3 5134 5122 5120
3 5124 5122 5135
3 5122 5134 5135
3 5126 5124 5136
3 5124 5135 5136
3 5128 5126 5137
3 5126 5136 5137
3 2544 5128 2561
3 5128 5137 2561
3 5132 1039 1048
3 5138 5132 1048
3 5133 5132 5138
3 5139 5133 5138
3 5130 5133 5139
3 5130 5139 5129
3 5129 5139 5140
3 5134 5131 5129
3 5134 5129 5141
3 5141 5129 5140
3 5142 5134 5141
3 5143 5142 5141
3 5144 5142 5143
3 5145 5144 5143
3 5137 5144 5145
3 5146 5137 5145
3 2561 5137 5146
3 2570 2561 5146
3 5134 5142 5135
3 5135 5144 5136
3 5142 5144 5135
3 5144 5137 5136
3 5138 1048 5150
3 1048 1065 5150
3 5147 5150 5148
3 5147 5139 5150
3 5139 5138 5150
3 5149 5139 5147
3 5149 5151 5139
3 5151 5140 5139
3 5141 5140 5152
3 5140 5151 5152
3 5143 5141 5153
3 5141 5152 5153
3 5145 5143 5154
3 5143 5153 5154
3 5146 5145 5155
3 5145 5154 5155
3 2570 5146 2586
3 5146 5155 2586
3 5150 1065 1074
3 5156 5150 1074
3 5148 5150 5156
3 5148 5156 5147
3 5147 5156 5157
3 5151 5149 5147
3 5151 5147 5158
3 5158 5147 5157
3 5152 5151 5158
3 5159 5152 5158
3 5160 5152 5159
3 5161 5160 5159
3 5162 5160 5161
3 5163 5162 5161
3 5164 5162 5163
3 5165 5164 5163
3 2595 5164 5165
3 2596 2595 5165
3 5152 5160 5153
3 5153 5162 5154
3 5160 5162 5153
3 5154 5164 5155
3 5162 5164 5154
3 5155 2595 2586
3 5164 2595 5155
3 1964 761 5166
3 761 4353 5166
3 5167 1965 1964
3 5167 1964 5168
3 5168 1964 5166
3 5169 5167 5168
3 5170 5169 5168
3 1967 5169 5170
3 1967 5170 1968
3 1968 5170 5171
3 1969 1968 5172
3 1968 5171 5172
3 5173 1970 1969
3 5172 5173 1969
3 5166 4353 5174
3 4353 4362 5174
3 5168 5166 5175
3 5166 5174 5175
3 5170 5168 5176
3 5168 5175 5176
3 5171 5170 5177
3 5170 5176 5177
3 5172 5171 5178
3 5171 5177 5178
3 5173 5172 5179
3 5179 5172 5178
3 5180 5173 5179
3 5181 5180 5179
3 2623 5180 5181
3 2624 2623 5181
3 5174 4362 5182
3 4362 4372 5182
3 5175 5174 5183
3 5174 5182 5183
3 5176 5175 5184
3 5175 5183 5184
3 5177 5176 5185
3 5176 5184 5185
3 5178 5177 5186
3 5177 5185 5186
3 5179 5178 5187
3 5178 5186 5187
3 5181 5179 5188
3 5179 5187 5188
3 2624 5181 2635
3 5181 5188 2635
3 5182 4372 5189
3 4372 4383 5189
3 5183 5182 5190
3 5182 5189 5190
3 5184 5183 5191
3 5183 5190 5191
3 5185 5184 5192
3 5184 5191 5192
3 5186 5185 5193
3 5185 5192 5193
3 5187 5186 5194
3 5186 5193 5194
3 5188 5187 5195
3 5187 5194 5195
3 2635 5188 2645
3 5188 5195 2645
3 5196 4394 4395
3 5197 5196 4395
3 5198 5196 5197
3 4383 5196 5189
3 4394 5196 4383
3 5198 5189 5196
3 5198 5199 5189
3 5199 5190 5189
3 5191 5190 5200
3 5190 5199 5200
3 5192 5191 5201
3 5191 5200 5201
3 5193 5192 5202
3 5192 5201 5202
3 5194 5193 5203
3 5193 5202 5203
3 5195 5194 5204
3 5194 5203 5204
3 2645 5195 2654
3 5195 5204 2654
3 5197 4395 5205
3 4395 4404 5205
3 5199 5198 5197
3 5199 5197 5206
3 5206 5197 5205
3 5207 5199 5206
3 5208 5207 5206
3 5209 5207 5208
3 5199 5207 5200
3 5200 5209 5201
3 5207 5209 5200
3 5210 5201 5209
3 5210 5211 5201
3 5211 5202 5201
3 5203 5202 5212
3 5202 5211 5212
3 5204 5203 5213
3 5203 5212 5213
3 2654 5204 2663
3 5204 5213 2663
3 5205 4404 5214
3 4404 4419 5214
3 5206 5205 5215
3 5205 5214 5215
3 5208 5206 5216
3 5206 5215 5216
3 5209 5208 5217
3 5208 5216 5217
3 5218 5210 5209
3 5218 5209 5219
3 5219 5209 5217
3 5220 5218 5219
3 5221 5220 5219
3 5222 5220 5221
3 5223 5222 5221
3 2672 5222 5223
3 2673 2672 5223
3 5211 5210 5218
3 5211 5220 5212
3 5218 5220 5211
3 5212 5222 5213
3 5220 5222 5212
3 5213 2672 2663
3 5222 2672 5213
3 5224 4429 4430
3 5224 4419 4429
3 5224 5225 4419
3 5225 5214 4419
3 5215 5214 5226
3 5214 5225 5226
3 5216 5215 5227
3 5215 5226 5227
3 5217 5216 5228
3 5216 5227 5228
3 5219 5217 5229
3 5217 5228 5229
3 5221 5219 5230
3 5219 5229 5230
3 5223 5221 5231
3 5221 5230 5231
3 2673 5223 2684
3 5223 5231 2684
3 205 206 5232
3 206 5233 5232
3 207 205 5234
3 205 5232 5234
3 208 207 5235
3 207 5234 5235
3 209 208 5236
3 208 5235 5236
3 5237 209 5238
3 209 5236 5238
3 5232 5233 5239
3 5233 5240 5239
3 5234 5232 5241
3 5232 5239 5241
3 5235 5234 5242
3 5234 5241 5242
3 5236 5235 5243
3 5235 5242 5243
3 5238 5236 5244
3 5236 5243 5244
3 5245 5238 5246
3 5238 5244 5246
3 5247 5248 5239
3 5247 5239 5249
3 5249 5239 5240
3 5241 5239 5248
3 5250 5241 5248
3 5250 5251 5252
3 5250 5252 5241
3 5241 5252 5242
3 5243 5242 5253
3 5242 5252 5253
3 5244 5243 5254
3 5243 5253 5254
3 5246 5244 5255
3 5244 5254 5255
3 5256 5246 5257
3 5246 5255 5257
3 5251 5258 5259
3 5252 5251 5259
3 5253 5252 5260
3 5252 5259 5260
3 5254 5253 5261
3 5253 5260 5261
3 5255 5254 5262
3 5254 5261 5262
3 5257 5255 5263
3 5255 5262 5263
3 5264 5257 3534
3 5257 5263 3534
3 5258 5265 5266
3 5259 5258 5266
3 5260 5259 5267
3 5259 5266 5267
3 5261 5260 5268
3 5260 5267 5268
3 5262 5261 5269
3 5261 5268 5269
3 5263 5262 5270
3 5262 5269 5270
3 3534 5263 3536
3 5263 5270 3536
3 5266 5265 5271
3 5267 5266 5272
3 5266 5271 5272
3 5268 5267 5273
3 5267 5272 5273
3 5269 5268 5274
3 5268 5273 5274
3 5270 5269 5275
3 5269 5274 5275
3 3536 5270 3538
3 5270 5275 3538
3 5276 5272 5271
3 5273 5272 5276
3 5277 5273 5276
3 5277 5278 5279
3 5277 5279 5273
3 5273 5279 5274
3 5275 5274 5280
3 5274 5279 5280
3 3538 5275 3540
3 5275 5280 3540
3 5278 5281 5279
3 5281 5282 5283
3 5281 5283 5279
3 5279 5283 5280
3 3540 5280 3544
3 5280 5283 3544
3 5286 5285 5284
3 5287 5288 5289
3 5284 5287 5289
3 5284 5289 5290
3 5286 5284 5291
3 5284 5290 5291
3 5292 5293 5294
3 5288 5292 5294
3 5288 5294 5289
3 5289 5294 5295
3 5290 5289 5296
3 5289 5295 5296
3 5291 5290 5297
3 5290 5296 5297
3 5298 5299 5300
3 5304 5303 5301
3 5305 5303 5304
3 5306 5305 5304
3 5307 5305 5306
3 5308 5307 5306
3 5293 5307 5308
3 5293 5308 5294
3 5294 5308 5309
3 5295 5294 5310
3 5294 5309 5310
3 5296 5295 5311
3 5295 5310 5311
3 5298 5311 5299
3 5298 5297 5311
3 5297 5296 5311
3 5312 1179 1180
3 5313 5312 1180
3 5314 5312 5313
3 5315 5314 5313
3 5316 5314 5315
3 5317 5316 5315
3 5318 5316 5317
3 5319 5318 5317
3 5320 5318 5319
3 5321 5320 5319
3 5322 5320 5321
3 5323 5322 5321
3 5324 5322 5323
3 5325 5324 5323
3 5326 5324 5325
3 5327 5326 5325
3 5328 1186 1187
3 5329 5328 1187
3 5330 5328 5329
3 5331 5330 5329
3 5332 5330 5331
3 5333 5332 5331
3 5334 5332 5333
3 5335 5334 5333
3 5336 5334 5335
3 5337 5336 5335
3 5338 5336 5337
3 5339 5338 5337
3 5340 5338 5339
3 5341 5340 5339
3 5342 5340 5341
3 5343 5342 5341
3 5344 1201 5328
3 5328 1201 1186
3 5345 5344 5330
3 5330 5344 5328
3 5346 5345 5332
3 5332 5345 5330
3 5347 5346 5334
3 5334 5346 5332
3 5348 5347 5336
3 5336 5347 5334
3 5349 5348 5338
3 5338 5348 5336
3 5325 5349 5340
3 5340 5349 5338
3 5327 5325 5342
3 5342 5325 5340
3 1180 5344 5313
3 1201 5344 1180
3 5313 5345 5315
3 5344 5345 5313
3 5315 5346 5317
3 5345 5346 5315
3 5317 5347 5319
3 5346 5347 5317
3 5319 5348 5321
3 5347 5348 5319
3 5321 5349 5323
3 5348 5349 5321
3 5349 5325 5323
3 5350 1219 1220
3 5351 5350 1220
3 5352 5350 5351
3 5353 5352 5351
3 5354 5352 5353
3 5355 5354 5353
3 5356 5354 5355
3 1187 5350 5329
3 1219 5350 1187
3 5329 5352 5331
3 5350 5352 5329
3 5331 5354 5333
3 5352 5354 5331
3 5333 5356 5335
3 5354 5356 5333
3 5335 5357 5337
3 5356 5357 5335
3 5337 5358 5339
3 5357 5358 5337
3 5339 5359 5341
3 5358 5359 5339
3 5341 5360 5343
3 5359 5360 5341
3 1220 5361 5351
3 5362 5363 5364
3 5363 5365 5366
3 5363 5366 5364
3 5364 5366 2366
3 5367 119 5368
3 119 121 5368
3 5369 5367 5370
3 5367 5368 5370
3 5371 5369 5372
3 5369 5370 5372
3 5373 5371 5374
3 5371 5372 5374
3 5375 5373 5376
3 5373 5374 5376
3 5362 5375 5377
3 5375 5376 5377
3 5362 5378 5363
3 5362 5377 5378
3 5378 5365 5363
3 5365 5379 5366
3 5368 121 5380
3 121 123 5380
3 5370 5368 5381
3 5368 5380 5381
3 5372 5370 5382
3 5370 5381 5382
3 5374 5372 5383
3 5372 5382 5383
3 5376 5374 5384
3 5374 5383 5384
3 5377 5376 5385
3 5376 5384 5385
3 5378 5377 5386
3 5377 5385 5386
3 5365 5387 5379
3 5365 5378 5387
3 5378 5386 5387
3 5380 123 5388
3 123 125 5388
3 5381 5380 5389
3 5380 5388 5389
3 5382 5381 5390
3 5381 5389 5390
3 5383 5382 5391
3 5382 5390 5391
3 5384 5383 5392
3 5383 5391 5392
3 5385 5384 5393
3 5384 5392 5393
3 5386 5385 5394
3 5385 5393 5394
3 5387 5386 5395
3 5386 5394 5395
3 5388 125 5396
3 125 127 5396
3 5389 5388 5397
3 5388 5396 5397
3 5390 5389 5398
3 5389 5397 5398
3 5391 5390 5399
3 5390 5398 5399
3 5392 5391 5400
3 5391 5399 5400
3 5393 5392 5401
3 5392 5400 5401
3 5394 5393 5402
3 5393 5401 5402
3 5395 5394 5403
3 5394 5402 5403
3 5396 127 5404
3 127 5405 5404
3 5397 5396 5406
3 5396 5404 5406
3 5398 5397 5407
3 5397 5406 5407
3 5399 5398 5408
3 5398 5407 5408
3 5400 5399 5409
3 5399 5408 5409
3 5401 5400 5410
3 5400 5409 5410
3 5402 5401 5411
3 5401 5410 5411
3 5403 5402 5412
3 5402 5411 5412
3 5404 5405 5413
3 5405 5414 5413
3 5406 5404 5415
3 5404 5413 5415
3 5407 5406 5416
3 5406 5415 5416
3 5408 5407 5417
3 5407 5416 5417
3 5409 5408 5418
3 5408 5417 5418
3 5410 5409 5419
3 5409 5418 5419
3 5411 5410 5420
3 5410 5419 5420
3 5412 5411 5421
3 5411 5420 5421
3 5422 5423 5413
3 5422 5413 5424
3 5424 5413 5414
3 5415 5413 5423
3 5425 5415 5423
3 5416 5415 5425
3 5426 5416 5425
3 5426 5427 5428
3 5426 5428 5416
3 5416 5428 5417
3 5418 5417 5429
3 5417 5428 5429
3 5419 5418 5430
3 5418 5429 5430
3 5420 5419 5431
3 5419 5430 5431
3 5421 5420 5432
3 5420 5431 5432
3 5423 5422 5433
3 5423 5434 5425
3 5433 5434 5423
3 5425 5435 5426
3 5434 5435 5425
3 5435 5427 5426
3 5427 5436 5428
3 5436 5437 5438
3 5436 5438 5428
3 5428 5438 5429
3 5430 5429 5439
3 5429 5438 5439
3 5431 5430 5440
3 5430 5439 5440
3 5432 5431 5441
3 5431 5440 5441
3 5424 5433 5422
3 5424 5442 5433
3 5442 5443 5433
3 5434 5433 5444
3 5433 5443 5444
3 5435 5434 5445
3 5434 5444 5445
3 5427 5446 5436
3 5427 5435 5446
3 5435 5445 5446
3 5446 5437 5436
3 5447 2928 2929
3 5448 5447 2929
3 5449 5447 5448
3 5450 5449 5448
3 5451 5449 5450
3 5452 5451 5450
3 5453 5451 5452
3 5454 5453 5452
3 5455 5453 5454
3 5456 5455 5454
3 5457 5455 5456
3 5458 5457 5456
3 5459 5457 5458
3 5460 5459 5458
3 5461 5459 5460
3 5462 5461 5460
3 5463 2941 2942
3 4574 5463 2942
3 5464 5463 4574
3 4584 5464 4574
3 5465 5464 4584
3 4585 5465 4584
3 5466 5465 4585
3 4586 5466 4585
3 5467 5466 4586
3 4587 5467 4586
3 5468 5467 4587
3 4579 5468 4587
3 4579 4580 4581
3 4579 4581 5468
3 5468 4581 5469
3 4583 4582 5470
3 4583 5470 4581
3 4581 5470 5469
3 2929 5463 5448
3 2941 5463 2929
3 5448 5464 5450
3 5463 5464 5448
3 5450 5465 5452
3 5464 5465 5450
3 5452 5466 5454
3 5465 5466 5452
3 5454 5467 5456
3 5466 5467 5454
3 5456 5468 5458
3 5467 5468 5456
3 5458 5469 5460
3 5468 5469 5458
3 5460 5470 5462
3 5469 5470 5460
3 5471 5472 545
3 5472 5473 545
3 5474 5473 5475
3 5473 5472 5475
3 5476 5474 5477
3 5474 5475 5477
3 5478 5476 5479
3 5476 5477 5479
3 5480 5478 5481
3 5478 5479 5481
3 5482 5480 5483
3 5480 5481 5483
3 5484 5482 5485
3 5482 5483 5485
3 4677 5484 4679
3 5484 5485 4679
3 5486 5471 5487
3 5487 5471 5488
3 5489 5486 5487
3 5490 5489 5487
3 5491 5489 5490
3 5492 5491 5490
3 5493 5491 5492
3 5472 5471 5486
3 5472 5489 5475
3 5486 5489 5472
3 5475 5491 5477
3 5489 5491 5475
3 5477 5493 5479
3 5491 5493 5477
3 5479 5494 5481
3 5493 5494 5479
3 5481 5495 5483
3 5494 5495 5481
3 5495 5496 5483
3 5496 5485 5483
3 4696 4679 5496
3 4679 5485 5496
3 5487 5488 5497
3 5488 5498 5497
3 5490 5487 5499
3 5487 5497 5499
3 5492 5490 5500
3 5490 5499 5500
3 5493 5492 5501
3 5492 5500 5501
3 5494 5493 5502
3 5493 5501 5502
3 5495 5494 5503
3 5494 5502 5503
3 5504 5495 5505
3 5505 5495 5503
3 4696 5504 5505
3 4696 5505 4707
3 5496 5495 5504
3 5496 5504 4696
3 5508 5506 5507
3 5509 5506 5508
3 5510 5509 5508
3 5511 5509 5510
3 5498 5506 5497
3 5507 5506 5498
3 5497 5509 5499
3 5506 5509 5497
3 5511 5499 5509
3 5511 5512 5499
3 5512 5500 5499
3 5501 5500 5513
3 5500 5512 5513
3 5502 5501 5514
3 5501 5513 5514
3 5503 5502 5515
3 5502 5514 5515
3 5505 5503 5516
3 5503 5515 5516
3 4707 5505 4722
3 5505 5516 4722
3 5508 5507 5517
3 5507 5518 5517
3 5510 5508 5519
3 5508 5517 5519
3 5512 5511 5510
3 5512 5510 5520
3 5520 5510 5519
3 5521 5512 5520
3 5522 5521 5520
3 5523 5521 5522
3 5524 5523 5522
3 5525 5523 5524
3 5526 5525 5524
3 5527 5525 5526
3 5528 5527 5526
3 4731 5527 5528
3 4732 4731 5528
3 5512 5521 5513
3 5513 5523 5514
3 5521 5523 5513
3 5514 5525 5515
3 5523 5525 5514
3 5515 5527 5516
3 5525 5527 5515
3 5516 4731 4722
3 5527 4731 5516
3 5517 5518 5529
3 5518 5530 5529
3 5519 5517 5531
3 5517 5529 5531
3 5520 5519 5532
3 5519 5531 5532
3 5522 5520 5533
3 5520 5532 5533
3 5524 5522 5534
3 5522 5533 5534
3 5526 5524 5535
3 5524 5534 5535
3 5528 5526 5536
3 5526 5535 5536
3 4732 5528 4747
3 5528 5536 4747
3 5537 5538 5539
3 5540 5537 5539
3 5541 5537 5540
3 5542 5541 5540
3 5543 5541 5542
3 5544 5543 5542
3 5545 5543 5544
3 5546 5545 5544
3 5547 5545 5546
3 5530 5537 5529
3 5538 5537 5530
3 5529 5541 5531
3 5537 5541 5529
3 5531 5543 5532
3 5541 5543 5531
3 5532 5545 5533
3 5543 5545 5532
3 5533 5547 5534
3 5545 5547 5533
3 5548 5534 5547
3 5548 5549 5534
3 5549 5535 5534
3 5536 5535 5550
3 5535 5549 5550
3 4747 5536 4758
3 5536 5550 4758
3 5540 5539 5551
3 5539 5552 5551
3 5542 5540 5553
3 5540 5551 5553
3 5544 5542 5554
3 5542 5553 5554
3 5546 5544 5555
3 5544 5554 5555
3 5547 5546 5556
3 5546 5555 5556
3 5549 5548 5547
3 5549 5547 5557
3 5557 5547 5556
3 5550 5549 5557
3 5558 5550 5557
3 4758 5550 5558
3 4766 4758 5558
3 5560 5561 5562
3 5561 5563 5562
3 5564 5560 5565
3 5560 5562 5565
3 5566 5564 5567
3 5564 5565 5567
3 5559 5568 5567
3 5568 5566 5567
3 5559 5569 5568
3 5569 5570 5568
3 5571 5570 5572
3 5570 5569 5572
3 5573 5571 5574
3 5571 5572 5574
3 314 5573 5575
3 5573 5574 5575
3 5576 5577 5578
3 5579 5576 5578
3 5580 5576 5579
3 5581 5580 5579
3 5567 5580 5581
3 5582 5567 5581
3 5559 5567 5582
3 5559 5582 5583
3 5569 5559 5584
3 5584 5559 5583
3 5572 5569 5584
3 5585 5572 5584
3 5574 5572 5585
3 5586 5574 5585
3 5575 5574 5586
3 5587 5575 5586
3 5563 5576 5562
3 5577 5576 5563
3 5562 5580 5565
3 5576 5580 5562
3 5580 5567 5565
3 5591 5590 5588
3 5592 5590 5591
3 5593 5592 5591
3 5594 5592 5593
3 5595 5594 5593
3 5579 5578 5596
3 5578 5597 5596
3 5581 5579 5598
3 5579 5596 5598
3 5582 5581 5599
3 5581 5598 5599
3 5583 5582 5600
3 5582 5599 5600
3 5588 5600 5589
3 5588 5584 5600
3 5584 5583 5600
3 5584 5590 5585
3 5588 5590 5584
3 5585 5592 5586
3 5590 5592 5585
3 5586 5594 5587
3 5592 5594 5586
3 5601 5602 5603
3 5604 5601 5603
3 5605 5601 5604
3 5606 5605 5604
3 5607 5605 5606
3 5608 5607 5606
3 5600 5607 5608
3 5609 5600 5608
3 5589 5600 5609
3 5589 5609 5588
3 5588 5609 5610
3 5591 5588 5611
3 5588 5610 5611
3 5593 5591 5612
3 5591 5611 5612
3 5595 5593 5613
3 5593 5612 5613
3 5597 5601 5596
3 5602 5601 5597
3 5596 5605 5598
3 5601 5605 5596
3 5598 5607 5599
3 5605 5607 5598
3 5607 5600 5599
3 5614 5615 5616
3 5617 5614 5616
3 5618 5617 5616
3 5619 5617 5618
3 5620 5619 5618
3 5621 5619 5620
3 5622 5621 5620
3 5604 5603 5623
3 5603 5624 5623
3 5606 5604 5625
3 5604 5623 5625
3 5608 5606 5626
3 5606 5625 5626
3 5609 5608 5615
3 5608 5626 5615
3 5614 5610 5615
3 5610 5609 5615
3 5610 5617 5611
3 5614 5617 5610
3 5611 5619 5612
3 5617 5619 5611
3 5612 5621 5613
3 5619 5621 5612
3 5623 5624 5627
3 5628 5623 5627
3 5629 5623 5628
3 5630 5629 5628
3 5631 5629 5630
3 5632 5631 5630
3 5615 5631 5632
3 5633 5615 5632
3 5615 5633 5616
3 5616 5633 5634
3 5618 5616 5635
3 5616 5634 5635
3 5620 5618 5636
3 5618 5635 5636
3 5622 5620 5637
3 5620 5636 5637
3 5623 5629 5625
3 5625 5631 5626
3 5629 5631 5625
3 5631 5615 5626
3 5627 5638 5628
3 5639 5638 5627
3 5628 5640 5630
3 5638 5640 5628
3 5630 5641 5632
3 5640 5641 5630
3 5632 5642 5633
3 5641 5642 5632
3 5633 5643 5634
3 5642 5643 5633
3 5634 5644 5635
3 5643 5644 5634
3 5635 5645 5636
3 5644 5645 5635
3 5636 5646 5637
3 5645 5646 5636
3 5647 5648 2695
3 5647 2695 5649
3 5649 2695 5650
3 5651 5647 5649
3 5652 5651 5649
3 5653 5651 5652
3 5654 5653 5652
3 5655 5653 5654
3 5656 5655 5654
3 5657 5655 5656
3 5658 5657 5656
3 5659 5657 5658
3 5660 5659 5658
3 5661 5659 5660
3 5662 5661 5660
3 5663 5661 5662
3 5647 5651 5664
3 5664 5653 5665
3 5651 5653 5664
3 5665 5655 5666
3 5653 5655 5665
3 5655 5657 5666
3 5659 5661 5667
3 5663 5667 5661
3 5663 5668 5667
3 5668 5669 5667
3 5649 5650 5670
3 5650 5671 5670
3 5652 5649 5672
3 5649 5670 5672
3 5654 5652 5673
3 5652 5672 5673
3 5656 5654 5674
3 5654 5673 5674
3 5658 5656 5675
3 5656 5674 5675
3 5660 5658 5676
3 5658 5675 5676
3 5662 5660 5677
3 5660 5676 5677
3 5678 5663 5662
3 5678 5662 5679
3 5679 5662 5677
3 5668 5663 5678
3 5680 5681 5682
3 5683 5680 5682
3 5684 5680 5683
3 5671 5680 5670
3 5681 5680 5671
3 5684 5670 5680
3 5684 5685 5670
3 5685 5672 5670
3 5673 5672 5686
3 5672 5685 5686
3 5674 5673 5687
3 5673 5686 5687
3 5675 5674 5688
3 5674 5687 5688
3 5676 5675 5689
3 5675 5688 5689
3 5677 5676 5690
3 5676 5689 5690
3 5679 5677 5691
3 5677 5690 5691
3 5683 5682 5692
3 5682 5693 5692
3 5694 5684 5683
3 5694 5683 5695
3 5695 5683 5692
3 5696 5694 5695
3 5697 5696 5695
3 5687 5696 5697
3 5698 5687 5697
3 5688 5687 5698
3 5699 5688 5698
3 5700 5688 5699
3 5701 5700 5699
3 5702 5700 5701
3 5703 5702 5701
3 5704 5702 5703
3 5705 5704 5703
3 5685 5684 5694
3 5685 5696 5686
3 5694 5696 5685
3 5696 5687 5686
3 5688 5700 5689
3 5689 5702 5690
3 5700 5702 5689
3 5690 5704 5691
3 5702 5704 5690
3 5706 5707 5708
3 5709 5706 5708
3 5710 5706 5709
3 5693 5706 5692
3 5707 5706 5693
3 5692 5710 5695
3 5706 5710 5692
3 5695 5711 5697
3 5710 5711 5695
3 5712 5697 5711
3 5712 5713 5697
3 5713 5698 5697
3 5699 5698 5714
3 5698 5713 5714
3 5701 5699 5715
3 5699 5714 5715
3 5703 5701 5716
3 5701 5715 5716
3 5705 5703 5717
3 5703 5716 5717
3 5709 5708 5718
3 5708 5719 5718
3 5710 5709 5720
3 5709 5718 5720
3 5711 5710 5721
3 5710 5720 5721
3 5713 5712 5711
3 5713 5711 5722
3 5722 5711 5721
3 5723 5713 5722
3 5724 5723 5722
3 5725 5723 5724
3 5726 5725 5724
3 5727 5725 5726
3 5728 5727 5726
3 5729 5727 5728
3 5730 5729 5728
3 5713 5723 5714
3 5714 5725 5715
3 5723 5725 5714
3 5715 5727 5716
3 5725 5727 5715
3 5716 5729 5717
3 5727 5729 5716
3 5719 5731 5718
3 5732 5731 5719
3 5718 5733 5720
3 5731 5733 5718
3 5734 5720 5733
3 5734 5735 5720
3 5735 5721 5720
3 5722 5721 5736
3 5721 5735 5736
3 5724 5722 5737
3 5722 5736 5737
3 5726 5724 5738
3 5724 5737 5738
3 5728 5726 5739
3 5726 5738 5739
3 5730 5728 5740
3 5728 5739 5740
3 5731 5732 5741
3 5732 3207 5741
3 5733 5731 5742
3 5731 5741 5742
3 5735 5734 5733
3 5735 5733 5743
3 5743 5733 5742
3 5744 5735 5743
3 5745 5744 5743
3 5746 5744 5745
3 5747 5746 5745
3 5748 5746 5747
3 5749 5748 5747
3 5750 5748 5749
3 5751 5750 5749
3 5752 5750 5751
3 2697 5752 5751
3 5735 5744 5736
3 5736 5746 5737
3 5744 5746 5736
3 5737 5748 5738
3 5746 5748 5737
3 5738 5750 5739
3 5748 5750 5738
3 5739 5752 5740
3 5750 5752 5739
3 3601 3602 5753
3 5754 3601 5753
3 3603 3601 5754
3 5437 5755 5438
3 5439 5438 5755
3 5756 5439 5755
3 5440 5439 5756
3 5757 5441 5440
3 5443 5442 5758
3 5442 5759 5758
3 5444 5443 5760
3 5443 5758 5760
3 5445 5444 5761
3 5444 5760 5761
3 5446 5445 5762
3 5445 5761 5762
3 5437 5763 5755
3 5437 5446 5763
3 5446 5762 5763
3 5755 5764 5756
3 5763 5764 5755
3 5756 5765 5440
3 5764 5765 5756
3 5440 5766 5757
3 5765 5766 5440
3 5758 5759 5767
3 5759 5768 5767
3 5760 5758 5769
3 5758 5767 5769
3 5761 5760 5770
3 5760 5769 5770
3 5762 5761 5771
3 5761 5770 5771
3 5763 5762 5772
3 5762 5771 5772
3 5764 5763 5773
3 5763 5772 5773
3 5765 5764 5774
3 5764 5773 5774
3 5766 5765 5775
3 5765 5774 5775
3 5767 5768 5776
3 5768 5777 5776
3 5769 5767 5778
3 5767 5776 5778
3 5770 5769 5779
3 5769 5778 5779
3 5771 5770 5780
3 5770 5779 5780
3 5772 5771 5781
3 5771 5780 5781
3 5773 5772 5782
3 5772 5781 5782
3 5774 5773 5783
3 5773 5782 5783
3 5775 5774 5784
3 5774 5783 5784
3 5776 5777 5785
3 5777 5786 5785
3 5778 5776 5787
3 5776 5785 5787
3 5779 5778 5788
3 5778 5787 5788
3 5780 5779 5789
3 5779 5788 5789
3 5781 5780 5790
3 5780 5789 5790
3 5782 5781 5791
3 5781 5790 5791
3 5783 5782 5792
3 5782 5791 5792
3 5784 5783 5793
3 5783 5792 5793
3 5785 5786 5794
3 5786 5795 5794
3 5787 5785 5796
3 5785 5794 5796
3 5788 5787 5797
3 5787 5796 5797
3 5789 5788 5798
3 5788 5797 5798
3 5790 5789 5799
3 5789 5798 5799
3 5791 5790 5800
3 5790 5799 5800
3 5792 5791 5801
3 5791 5800 5801
3 5793 5792 5802
3 5792 5801 5802
3 5794 5795 5803
3 5804 5794 5803
3 5796 5794 5804
3 5805 5796 5804
3 5797 5796 5805
3 5806 5797 5805
3 5806 5807 5808
3 5806 5808 5797
3 5797 5808 5798
3 5799 5798 5809
3 5798 5808 5809
3 5800 5799 5810
3 5799 5809 5810
3 5801 5800 5811
3 5800 5810 5811
3 5802 5801 5812
3 5801 5811 5812
3 5813 5805 5804
3 5807 5814 5808
3 5814 5815 5816
3 5814 5816 5808
3 5808 5816 5809
3 5810 5809 5817
3 5809 5816 5817
3 5811 5810 5818
3 5810 5817 5818
3 5812 5811 5819
3 5811 5818 5819
3 5805 5813 5820
3 5813 5821 5820
3 5806 5805 5822
3 5805 5820 5822
3 5807 5823 5814
3 5807 5806 5823
3 5806 5822 5823
3 5823 5815 5814
3 5815 5824 5816
3 5817 5816 5824
3 927 5817 5824
3 927 929 5817
3 5817 929 5818
3 5819 5818 932
3 5818 929 932
3 5820 5821 933
3 5821 934 933
3 5822 5820 937
3 5820 933 937
3 5823 5822 939
3 5822 937 939
3 5815 941 5824
3 5815 5823 941
3 5823 939 941
3 941 927 5824
3 5828 5827 5825
3 5829 5827 5828
3 5830 5829 5828
3 5831 4035 4037
3 5832 5831 4037
3 5833 5831 5832
3 5833 5832 5834
3 5834 5832 5835
3 5836 5834 5837
3 5834 5835 5837
3 5838 5836 5839
3 5836 5837 5839
3 5840 5838 5841
3 5838 5839 5841
3 5825 5841 5826
3 5825 5842 5841
3 5842 5840 5841
3 5842 5827 5843
3 5825 5827 5842
3 5843 5829 5844
3 5827 5829 5843
3 5845 4050 4051
3 5846 5845 4051
3 5847 5845 5846
3 5848 5847 5846
3 5849 5847 5848
3 5850 5849 5848
3 5851 5849 5850
3 5852 5851 5850
3 5853 5851 5852
3 5854 5853 5852
3 5826 5853 5854
3 5826 5854 5825
3 5825 5854 5855
3 5828 5825 5856
3 5825 5855 5856
3 5830 5828 5857
3 5828 5856 5857
3 4037 5845 5832
3 4050 5845 4037
3 5832 5847 5835
3 5845 5847 5832
3 5835 5849 5837
3 5847 5849 5835
3 5837 5851 5839
3 5849 5851 5837
3 5839 5853 5841
3 5851 5853 5839
3 5841 5853 5826
3 5861 5860 5858
3 5862 5860 5861
3 5863 5862 5861
3 5864 5862 5863
3 5865 5864 5863
3 5866 5864 5865
3 5867 5866 5865
3 5868 5866 5867
3 5869 5868 5867
3 5846 4051 5870
3 4051 4066 5870
3 5848 5846 5871
3 5846 5870 5871
3 5858 5871 5859
3 5858 5850 5871
3 5850 5848 5871
3 5850 5860 5852
3 5858 5860 5850
3 5852 5862 5854
3 5860 5862 5852
3 5854 5864 5855
3 5862 5864 5854
3 5855 5866 5856
3 5864 5866 5855
3 5856 5868 5857
3 5866 5868 5856
3 5872 4076 4077
3 5873 5872 4077
3 5871 5872 5873
3 5874 5871 5873
3 5859 5871 5874
3 5859 5874 5858
3 5858 5874 5875
3 5861 5858 5876
3 5858 5875 5876
3 5863 5861 5877
3 5861 5876 5877
3 5865 5863 5878
3 5863 5877 5878
3 5867 5865 5879
3 5865 5878 5879
3 5869 5867 5880
3 5867 5879 5880
3 4066 5872 5870
3 4076 5872 4066
3 5872 5871 5870
3 5881 5882 5883
3 5884 5881 5883
3 5885 5884 5883
3 5886 5884 5885
3 5887 5886 5885
3 5888 5886 5887
3 5889 5888 5887
3 5890 5888 5889
3 5891 5890 5889
3 5892 5890 5891
3 5893 5892 5891
3 5894 5892 5893
3 5895 5894 5893
3 5873 4077 5882
3 4077 4089 5882
3 5881 5874 5882
3 5874 5873 5882
3 5874 5884 5875
3 5881 5884 5874
3 5875 5886 5876
3 5884 5886 5875
3 5876 5888 5877
3 5886 5888 5876
3 5877 5890 5878
3 5888 5890 5877
3 5878 5892 5879
3 5890 5892 5878
3 5879 5894 5880
3 5892 5894 5879
3 5882 4104 4105
3 5898 5882 4105
3 5882 5898 5883
3 5883 5898 5899
3 5885 5883 5900
3 5883 5899 5900
3 5887 5885 5901
3 5885 5900 5901
3 5889 5887 5902
3 5887 5901 5902
3 5891 5889 5903
3 5889 5902 5903
3 5893 5891 5904
3 5891 5903 5904
3 5896 5904 5897
3 5896 5895 5904
3 5895 5893 5904
3 4104 5882 4089
3 5908 5907 5905
3 5909 5907 5908
3 5910 5909 5908
3 5911 5909 5910
3 5912 5911 5910
3 5913 5911 5912
3 5914 5913 5912
3 5915 5913 5914
3 5916 5915 5914
3 5897 5915 5916
3 5897 5916 5896
3 5896 5916 5917
3 5898 4105 5918
3 4105 4114 5918
3 5905 5918 5906
3 5905 5899 5918
3 5899 5898 5918
3 5899 5907 5900
3 5905 5907 5899
3 5900 5909 5901
3 5907 5909 5900
3 5901 5911 5902
3 5909 5911 5901
3 5902 5913 5903
3 5911 5913 5902
3 5903 5915 5904
3 5913 5915 5903
3 5904 5915 5897
3 5918 4130 4131
3 5919 5918 4131
3 5906 5918 5919
3 5906 5919 5905
3 5905 5919 5920
3 5908 5905 5921
3 5905 5920 5921
3 5910 5908 5922
3 5908 5921 5922
3 5912 5910 5923
3 5910 5922 5923
3 5914 5912 5924
3 5912 5923 5924
3 5916 5914 5925
3 5914 5924 5925
3 5917 5916 5926
3 5916 5925 5926
3 4130 5918 4114
3 1081 1082 5927
3 1082 1925 5927
3 1084 1081 5928
3 1081 5927 5928
3 1086 1084 5929
3 1084 5928 5929
3 1088 1086 5930
3 1086 5929 5930
3 5931 1088 5932
3 1088 5930 5932
3 5927 1925 5933
3 1925 1936 5933
3 5928 5927 5934
3 5927 5933 5934
3 5929 5928 5935
3 5928 5934 5935
3 5930 5929 5936
3 5929 5935 5936
3 5932 5930 5937
3 5930 5936 5937
3 5938 5932 5939
3 5932 5937 5939
3 5940 5938 5941
3 5938 5939 5941
3 5942 5940 5943
3 5940 5941 5943
3 5933 1936 5944
3 1936 1939 5944
3 5934 5933 5945
3 5933 5944 5945
3 5935 5934 5946
3 5934 5945 5946
3 5936 5935 5947
3 5935 5946 5947
3 5937 5936 5948
3 5936 5947 5948
3 5939 5937 5949
3 5937 5948 5949
3 5941 5939 5950
3 5939 5949 5950
3 5943 5941 5951
3 5941 5950 5951
3 5944 1939 5952
3 1939 1946 5952
3 5945 5944 5953
3 5944 5952 5953
3 5946 5945 5954
3 5945 5953 5954
3 5947 5946 5955
3 5946 5954 5955
3 5948 5947 5956
3 5947 5955 5956
3 5949 5948 5957
3 5948 5956 5957
3 5950 5949 5958
3 5949 5957 5958
3 5951 5950 5959
3 5950 5958 5959
3 5952 1946 5960
3 1946 1951 5960
3 5953 5952 5961
3 5952 5960 5961
3 5954 5953 5962
3 5953 5961 5962
3 5955 5954 5963
3 5954 5962 5963
3 5956 5955 5964
3 5955 5963 5964
3 5957 5956 5965
3 5956 5964 5965
3 5958 5957 5966
3 5957 5965 5966
3 5959 5958 5967
3 5958 5966 5967
3 5960 1951 5968
3 1951 1956 5968
3 5961 5960 5969
3 5960 5968 5969
3 5962 5961 5970
3 5961 5969 5970
3 5963 5962 5971
3 5962 5970 5971
3 5964 5963 5972
3 5963 5971 5972
3 5965 5964 5973
3 5964 5972 5973
3 5966 5965 5974
3 5965 5973 5974
3 5967 5966 5975
3 5966 5974 5975
3 5968 1956 5976
3 1956 1962 5976
3 5977 5969 5976
3 5976 5969 5968
3 5977 5978 5969
3 5969 5978 5970
3 5971 5970 5979
3 5970 5978 5979
3 5972 5971 5980
3 5971 5979 5980
3 5973 5972 5981
3 5972 5980 5981
3 5974 5973 5982
3 5973 5981 5982
3 5975 5974 5983
3 5974 5982 5983
3 5976 1962 1971
3 5984 5976 1971
3 5977 5976 5984
3 5977 2610 5978
3 2610 2613 5978
3 5978 2613 5979
3 5980 5979 2614
3 5979 2613 2614
3 5981 5980 2616
3 5980 2614 2616
3 5982 5981 2618
3 5981 2616 2618
3 5983 5982 2620
3 5982 2618 2620
3 5985 5986 5987
3 4965 5986 5985
3 5988 5987 5986
3 5988 5989 5987
3 5989 5990 5987
3 5991 5990 5992
3 5990 5989 5992
3 5993 5991 5994
3 5991 5992 5994
3 5995 5993 5996
3 5993 5994 5996
3 5997 5995 5998
3 5995 5996 5998
3 5999 5997 6000
3 5997 5998 6000
3 6001 5999 6002
3 5999 6000 6002
3 5989 5988 6003
3 5989 6004 5992
3 6003 6004 5989
3 5992 6005 5994
3 6004 6005 5992
3 5994 6006 5996
3 6005 6006 5994
3 6007 5996 6006
3 6007 5998 5996
3 6000 5998 6008
3 5998 6007 6008
3 6002 6000 6009
3 6000 6008 6009
3 6008 6010 6009
3 6013 6011 6012
3 6014 6011 6013
3 6015 6014 6013
3 6016 6014 6015
3 6017 6016 6015
3 6018 6016 6017
3 6019 6018 6017
3 6020 6018 6019
3 6021 6020 6019
3 6022 6020 6021
3 6023 6022 6021
3 6024 6022 6023
3 6025 6024 6023
3 6026 6024 6025
3 6027 6026 6025
3 2302 6011 4939
3 6012 6011 2302
3 4939 6014 4940
3 6011 6014 4939
3 4940 6016 4941
3 6014 6016 4940
3 4941 6018 4942
3 6016 6018 4941
3 4942 6020 4943
3 6018 6020 4942
3 4943 6022 4944
3 6020 6022 4943
3 4944 6024 4945
3 6022 6024 4944
3 4945 6026 4946
3 6024 6026 4945
3 6028 6029 6030
3 6031 6028 6030
3 6032 6031 6030
3 6033 6031 6032
3 6034 6033 6032
3 6035 6033 6034
3 6036 6035 6034
3 6037 6035 6036
3 6038 6037 6036
3 6013 6012 6039
3 6012 6040 6039
3 6015 6013 6041
3 6013 6039 6041
3 6017 6015 6029
3 6015 6041 6029
3 6028 6019 6029
3 6019 6017 6029
3 6019 6031 6021
3 6028 6031 6019
3 6021 6033 6023
3 6031 6033 6021
3 6023 6035 6025
3 6033 6035 6023
3 6025 6037 6027
3 6035 6037 6025
3 6042 6043 6044
3 6045 6042 6044
3 6046 6045 6044
3 6047 6045 6046
3 6048 6047 6046
3 6049 6047 6048
3 6050 6049 6048
3 6051 6049 6050
3 6052 6051 6050
3 6053 6054 6055
3 6056 6053 6055
3 6057 6053 6056
3 6058 6057 6056
3 6029 6057 6058
3 6043 6029 6058
3 6030 6043 6042
3 6030 6029 6043
3 6030 6045 6032
3 6042 6045 6030
3 6032 6047 6034
3 6045 6047 6032
3 6034 6049 6036
3 6047 6049 6034
3 6036 6051 6038
3 6049 6051 6036
3 6040 6053 6039
3 6054 6053 6040
3 6039 6057 6041
3 6053 6057 6039
3 6057 6029 6041
3 6062 6061 6059
3 6063 6061 6062
3 6064 6063 6062
3 6065 6063 6064
3 6066 6065 6064
3 6067 6065 6066
3 6068 6067 6066
3 6069 6067 6068
3 6070 6069 6068
3 6071 6072 6073
3 6074 6071 6073
3 6075 6071 6074
3 6076 6075 6074
3 6076 6060 6059
3 6076 6059 6075
3 6075 6059 6043
3 6043 6061 6044
3 6043 6059 6061
3 6044 6063 6046
3 6061 6063 6044
3 6046 6065 6048
3 6063 6065 6046
3 6048 6067 6050
3 6065 6067 6048
3 6050 6069 6052
3 6067 6069 6050
3 6055 6071 6056
3 6072 6071 6055
3 6056 6075 6058
3 6071 6075 6056
3 6075 6043 6058
3 6077 6078 6079
3 6080 6077 6079
3 6080 6081 6082
3 6080 6082 6077
3 6077 6082 6083
3 6060 6084 6059
3 6060 6083 6084
3 6083 6082 6084
3 6059 6085 6062
3 6084 6085 6059
3 6062 6086 6064
3 6085 6086 6062
3 6064 6087 6066
3 6086 6087 6064
3 6066 6088 6068
3 6087 6088 6066
3 6068 1202 6070
3 6088 1202 6068
3 6073 6077 6074
3 6078 6077 6073
3 6074 6083 6076
3 6077 6083 6074
3 6076 6083 6060
3 6079 6089 6080
3 6090 6089 6079
3 6080 6089 6081
3 6091 1965 5167
3 6091 5169 6092
3 5167 5169 6091
3 6092 5169 1967
3 1970 5173 6093
3 6094 6093 6095
3 6093 5173 6095
3 6096 6094 6097
3 6094 6095 6097
3 5173 5180 6095
3 6095 2623 6097
3 5180 2623 6095
3 6101 6100 6098
3 6102 6100 6101
3 6102 6101 3850
3 3850 6101 6103
3 6104 6105 6106
3 6107 6104 6106
3 6108 6104 6107
3 6109 6108 6107
3 6110 6108 6109
3 6110 6109 6111
3 6111 6109 6112
3 6113 6111 6114
3 6111 6112 6114
3 6115 6113 6116
3 6113 6114 6116
3 6098 6116 6099
3 6098 6117 6116
3 6117 6115 6116
3 6117 6100 6118
3 6098 6100 6117
3 6118 6100 6102
3 1441 6104 6119
3 6105 6104 1441
3 6104 6108 6119
3 6123 6122 6120
3 6099 6122 6123
3 6099 6123 6098
3 6098 6123 6124
3 6101 6098 6125
3 6098 6124 6125
3 6103 6101 6126
3 6101 6125 6126
3 6107 6106 6127
3 6106 6128 6127
3 6109 6107 6129
3 6107 6127 6129
3 6112 6109 6130
3 6109 6129 6130
3 6120 6130 6121
3 6120 6114 6130
3 6114 6112 6130
3 6114 6122 6116
3 6120 6122 6114
3 6116 6122 6099
3 6133 6132 6131
3 6134 6132 6133
3 6135 6134 6133
3 6136 6137 6138
3 6139 6136 6138
3 6129 6136 6139
3 6140 6129 6139
3 6130 6129 6140
3 6141 6130 6140
3 6121 6130 6141
3 6121 6141 6120
3 6120 6141 6142
3 6123 6120 6143
3 6120 6142 6143
3 6131 6124 6143
3 6124 6123 6143
3 6124 6132 6125
3 6131 6132 6124
3 6125 6134 6126
3 6132 6134 6125
3 6128 6136 6127
3 6137 6136 6128
3 6136 6129 6127
3 6144 6145 6146
3 6131 6144 6146
3 6131 6146 6147
3 6133 6131 6148
3 6131 6147 6148
3 6135 6133 6149
3 6133 6148 6149
3 6139 6138 6150
3 6138 6151 6150
3 6140 6139 6152
3 6139 6150 6152
3 6141 6140 6153
3 6140 6152 6153
3 6142 6141 6154
3 6141 6153 6154
3 6144 6154 6145
3 6144 6143 6154
3 6143 6142 6154
3 6143 6144 6131
3 6155 6156 6157
3 6158 6155 6157
3 6159 6160 6161
3 6162 6159 6161
3 6163 6162 6161
3 6164 6162 6163
3 6165 6164 6163
3 6166 6164 6165
3 6167 6166 6165
3 6145 6166 6167
3 6145 6167 6146
3 6146 6167 6168
3 6147 6146 6169
3 6146 6168 6169
3 6155 6169 6156
3 6155 6148 6169
3 6148 6147 6169
3 6148 6158 6149
3 6155 6158 6148
3 6159 6150 6160
3 6150 6151 6160
3 6150 6162 6152
3 6159 6162 6150
3 6152 6164 6153
3 6162 6164 6152
3 6153 6166 6154
3 6164 6166 6153
3 6154 6166 6145
3 6170 6171 6172
3 6156 6170 6172
3 6156 6172 6157
3 6157 6172 6173
3 6158 6157 6174
3 6157 6173 6174
3 6160 6175 6161
3 6161 6175 6176
3 6163 6161 6177
3 6161 6176 6177
3 6165 6163 6178
3 6163 6177 6178
3 6167 6165 6179
3 6165 6178 6179
3 6168 6167 6171
3 6167 6179 6171
3 6170 6169 6171
3 6169 6168 6171
3 6169 6170 6156
3 6183 6182 6180
3 6184 6182 6183
3 6185 6184 6183
3 6171 6184 6185
3 6186 6171 6185
3 6171 6186 6172
3 6172 6186 6187
3 6173 6172 6188
3 6172 6187 6188
3 6174 6173 6189
3 6173 6188 6189
3 6176 6175 6190
3 6175 6191 6190
3 6180 6190 6181
3 6180 6177 6190
3 6177 6176 6190
3 6177 6182 6178
3 6180 6182 6177
3 6178 6184 6179
3 6182 6184 6178
3 6184 6171 6179
3 6192 6193 6194
3 6195 6192 6194
3 6181 6192 6195
3 6181 6195 6180
3 6180 6195 6196
3 6183 6180 6197
3 6180 6196 6197
3 6185 6183 6198
3 6183 6197 6198
3 6186 6185 6199
3 6185 6198 6199
3 6187 6186 6200
3 6186 6199 6200
3 6188 6187 6201
3 6187 6200 6201
3 5302 6189 6201
3 6189 6188 6201
3 6191 6192 6190
3 6193 6192 6191
3 6190 6192 6181
3 4767 4766 6202
3 4766 6203 6202
3 4769 4767 6204
3 4767 6202 6204
3 4771 4769 6205
3 4769 6204 6205
3 4773 4771 6206
3 4771 6205 6206
3 4775 4773 6207
3 4773 6206 6207
3 4777 4775 6208
3 4775 6207 6208
3 4779 4777 6209
3 4777 6208 6209
3 4285 4779 4287
3 4779 6209 4287
3 6210 6211 6212
3 6213 6210 6212
3 6214 6210 6213
3 6215 6214 6213
3 6216 6214 6215
3 6217 6216 6215
3 6218 6216 6217
3 6219 6218 6217
3 6220 6218 6219
3 6221 6220 6219
3 6222 6220 6221
3 6223 6222 6221
3 6224 6222 6223
3 6225 6224 6223
3 4306 6224 6225
3 4307 4306 6225
3 6203 6210 6202
3 6211 6210 6203
3 6202 6214 6204
3 6210 6214 6202
3 6204 6216 6205
3 6214 6216 6204
3 6205 6218 6206
3 6216 6218 6205
3 6206 6220 6207
3 6218 6220 6206
3 6207 6222 6208
3 6220 6222 6207
3 6208 6224 6209
3 6222 6224 6208
3 6209 4306 4287
3 6224 4306 6209
3 6213 6212 6226
3 6212 2543 6226
3 6215 6213 6227
3 6213 6226 6227
3 6217 6215 2548
3 6215 6227 2548
3 6219 6217 6228
3 6217 2548 6228
3 6221 6219 6229
3 6219 6228 6229
3 6223 6221 6230
3 6221 6229 6230
3 6225 6223 6231
3 6223 6230 6231
3 4307 6225 4317
3 6225 6231 4317
3 2543 2542 6226
3 6226 2546 6227
3 2542 2546 6226
3 2546 2548 6227
3 2548 2550 6228
3 6228 2552 6229
3 2550 2552 6228
3 6229 2554 6230
3 2552 2554 6229
3 6230 2556 6231
3 2554 2556 6230
3 6231 2558 4317
3 2556 2558 6231
3 4667 1525 2799
3 6232 4667 2799
3 4668 4667 6232
3 6233 4668 6232
3 4669 4668 6233
3 6234 4669 6233
3 4670 4669 6234
3 6235 2815 2816
3 6236 6235 2816
3 6237 6235 6236
3 6238 6237 6236
3 6239 6237 6238
3 6240 6239 6238
3 6241 6239 6240
3 6244 6243 6242
3 6245 6243 6244
3 6246 6245 6244
3 4001 6245 6246
3 2799 6235 6232
3 2815 6235 2799
3 6232 6237 6233
3 6235 6237 6232
3 6233 6239 6234
3 6237 6239 6233
3 6241 6234 6239
3 6241 4670 6234
3 4671 4670 6241
3 4671 6241 6242
3 4671 6242 4672
3 4673 4672 6243
3 6243 4672 6242
3 4674 4673 6245
3 6245 4673 6243
3 4009 4674 4001
3 4001 4674 6245
3 6250 6249 6247
3 6251 6249 6250
3 6252 6251 6250
3 4193 6252 4194
3 913 6252 4193
3 913 6251 6252
3 913 914 6251
3 913 4196 916
3 4193 4196 913
3 916 4196 118
3 6253 6254 6255
3 6256 6253 6255
3 6257 6256 6255
3 6247 6257 6248
3 917 6257 6247
3 917 6256 6257
3 917 6249 919
3 6247 6249 917
3 919 6251 921
3 6249 6251 919
3 921 6251 914
3 6253 6258 6254
3 924 6258 6253
3 924 926 6258
3 924 923 926
3 924 6256 925
3 6253 6256 924
3 925 6256 917
3 6261 6259 6260
3 6262 6259 6261
3 6247 6248 6262
3 6247 4199 6250
3 4198 4199 6247
3 6250 4200 6252
3 4199 4200 6250
3 6252 4200 4194
3 6254 6259 6255
3 6254 6263 6259
3 6263 6260 6259
3 6255 6262 6257
3 6259 6262 6255
3 6257 6262 6248
3 6258 6263 6254
3 6272 6271 6273
3 6272 6266 6264
3 6272 6273 6266
3 6273 6274 6266
3 6267 6266 6275
3 6266 6274 6275
3 6268 6267 6276
3 6267 6275 6276
3 6279 6280 6269
3 6279 6269 6278
3 6270 6269 6280
3 6281 6270 6280
3 6271 6270 6281
3 6280 6279 6282
3 6280 6283 6281
3 6282 6283 6280
3 6281 6273 6271
3 6281 6283 6273
3 6283 6284 6273
3 6274 6273 6285
3 6273 6284 6285
3 6286 6287 6275
3 6286 6275 6285
3 6285 6275 6274
3 6276 6275 6287
3 6288 6276 6287
3 6287 6286 6289
3 6289 6288 6287
3 6290 6278 6277
3 6279 6278 6290
3 3578 6291 6277
3 3578 6292 6291
3 3578 3582 6292
3 6277 6293 6290
3 6291 6293 6277
3 6290 6282 6279
3 6290 6293 6282
3 6293 6294 6282
3 6283 6282 6295
3 6282 6294 6295
3 6296 6284 6295
3 6295 6284 6283
3 6285 6284 6296
3 6297 6285 6296
3 6286 6285 6297
3 6296 6298 6297
3 6297 6289 6286
3 6297 6298 6289
3 6298 6299 6289
3 6288 6289 6300
3 6289 6299 6300
3 6292 6301 6291
3 6293 6291 6301
3 6302 6293 6301
3 6294 6293 6302
3 6303 6294 6302
3 6295 6294 6303
3 6304 6295 6303
3 6296 6295 6304
3 6292 6305 6301
3 6292 3582 6305
3 3582 3589 6305
3 6301 6306 6302
3 6305 6306 6301
3 6302 6307 6303
3 6306 6307 6302
3 6303 6308 6304
3 6307 6308 6303
3 6304 6308 6296
3 6308 6309 6296
3 6298 6296 6310
3 6296 6309 6310
3 6299 6298 6311
3 6298 6310 6311
3 6300 6299 6312
3 6299 6311 6312
3 6305 3589 3595
3 6313 6305 3595
3 6313 6314 6315
3 6313 6315 6305
3 6305 6315 6306
3 6307 6306 6316
3 6306 6315 6316
3 6308 6307 6317
3 6307 6316 6317
3 6318 6319 6309
3 6318 6309 6317
3 6317 6309 6308
3 6310 6309 6319
3 6320 6310 6319
3 6311 6310 6320
3 6321 6311 6320
3 6312 6311 6321
3 6322 6312 6321
3 3595 6323 6313
3 3599 6323 3595
3 6323 6314 6313
3 6319 6324 6320
3 6320 6325 6321
3 6324 6325 6320
3 6325 6322 6321
3 6326 6316 6315
3 6317 6316 6326
3 6327 6317 6326
3 6318 6317 6327
3 6323 3599 3606
3 6328 6323 3606
3 6314 6329 6315
3 6323 6329 6314
3 6323 6328 6329
3 6315 6330 6326
3 6329 6330 6315
3 6326 6331 6327
3 6330 6331 6326
3 6327 6319 6318
3 6327 6331 6319
3 6331 6332 6319
3 6324 6319 6333
3 6319 6332 6333
3 6325 6324 6334
3 6324 6333 6334
3 6322 6325 3616
3 6325 6334 3616
3 6335 6336 6337
3 6338 6335 6337
3 6339 6335 6338
3 6340 6339 6338
3 6341 6339 6340
3 6342 6341 6340
3 6343 6341 6342
3 6344 6343 6342
3 6345 6343 6344
3 6346 6345 6344
3 6347 6345 6346
3 6348 6347 6346
3 6349 6347 6348
3 6349 6348 6350
3 6350 6348 6351
3 4116 6350 6352
3 6350 6351 6352
3 6353 6335 6354
3 6336 6335 6353
3 6335 6339 6354
3 6343 6345 6355
3 6345 6347 6355
3 6338 6337 6356
3 6337 6357 6356
3 6340 6338 6358
3 6338 6356 6358
3 6342 6340 6359
3 6340 6358 6359
3 6344 6342 6360
3 6342 6359 6360
3 6346 6344 6361
3 6344 6360 6361
3 6348 6346 6362
3 6346 6361 6362
3 6351 6348 6363
3 6348 6362 6363
3 6352 6351 6364
3 6351 6363 6364
3 6367 6365 6366
3 6368 6365 6367
3 6369 6368 6367
3 6370 6368 6369
3 6371 6370 6369
3 6372 6370 6371
3 6373 6372 6371
3 6374 6372 6373
3 6375 6374 6373
3 6376 6374 6375
3 6379 6378 6377
3 6357 6365 6356
3 6366 6365 6357
3 6356 6368 6358
3 6365 6368 6356
3 6358 6370 6359
3 6368 6370 6358
3 6359 6372 6360
3 6370 6372 6359
3 6360 6374 6361
3 6372 6374 6360
3 6361 6376 6362
3 6374 6376 6361
3 6362 6377 6363
3 6376 6377 6362
3 6363 6378 6364
3 6377 6378 6363
3 6367 6366 6380
3 6366 6381 6380
3 6369 6367 6382
3 6367 6380 6382
3 6371 6369 6383
3 6369 6382 6383
3 6373 6371 6384
3 6371 6383 6384
3 6375 6373 6385
3 6373 6384 6385
3 6376 6375 6386
3 6375 6385 6386
3 6377 6376 6387
3 6376 6386 6387
3 6379 6377 6388
3 6377 6387 6388
3 6380 6381 6389
3 6381 6390 6389
3 6382 6380 6391
3 6380 6389 6391
3 6383 6382 6392
3 6382 6391 6392
3 6384 6383 6393
3 6383 6392 6393
3 6385 6384 6394
3 6384 6393 6394
3 6386 6385 6395
3 6385 6394 6395
3 6387 6386 6396
3 6386 6395 6396
3 6388 6387 6397
3 6387 6396 6397
3 6398 6399 6400
3 6401 6398 6400
3 6402 6398 6401
3 6403 6402 6401
3 6404 6402 6403
3 6405 6404 6403
3 6406 6404 6405
3 6407 6406 6405
3 6408 6406 6407
3 6409 6408 6407
3 6410 6408 6409
3 6411 6410 6409
3 6412 6410 6411
3 6413 6412 6411
3 6414 6412 6413
3 6415 6414 6413
3 6390 6398 6389
3 6399 6398 6390
3 6389 6402 6391
3 6398 6402 6389
3 6391 6404 6392
3 6402 6404 6391
3 6392 6406 6393
3 6404 6406 6392
3 6393 6408 6394
3 6406 6408 6393
3 6394 6410 6395
3 6408 6410 6394
3 6395 6412 6396
3 6410 6412 6395
3 6396 6414 6397
3 6412 6414 6396
3 6401 6400 21
3 6400 6416 21
3 6403 6401 25
3 6401 21 25
3 6405 6403 6417
3 6403 25 6417
3 6407 6405 6418
3 6405 6417 6418
3 6409 6407 6419
3 6407 6418 6419
3 6411 6409 6420
3 6409 6419 6420
3 6413 6411 6421
3 6411 6420 6421
3 6415 6413 6422
3 6413 6421 6422
3 22 21 6416
3 25 27 6417
3 6417 29 6418
3 27 29 6417
3 6418 31 6419
3 29 31 6418
3 6419 33 6420
3 31 33 6419
3 6420 35 6421
3 33 35 6420
3 6421 36 6422
3 35 36 6421
3 6423 6424 6425
3 6426 6423 6425
3 6427 932 6428
3 932 931 6428
3 6429 6427 6430
3 6427 6428 6430
3 6431 6429 6432
3 6429 6430 6432
3 6433 6431 6434
3 6431 6432 6434
3 6435 6433 6436
3 6433 6434 6436
3 6437 6435 6438
3 6435 6436 6438
3 6438 6423 6437
3 6424 6423 6438
3 6424 6439 6425
3 6428 931 6440
3 931 946 6440
3 6430 6428 6441
3 6428 6440 6441
3 6432 6430 6442
3 6430 6441 6442
3 6434 6432 6443
3 6432 6442 6443
3 6436 6434 6444
3 6434 6443 6444
3 6438 6436 6445
3 6436 6444 6445
3 6424 6438 6439
3 6438 6445 6439
3 6446 6447 6440
3 6446 6440 955
3 955 6440 946
3 6441 6440 6447
3 6448 6441 6447
3 6448 6449 6450
3 6448 6450 6441
3 6441 6450 6442
3 6443 6442 6451
3 6442 6450 6451
3 6444 6443 6452
3 6443 6451 6452
3 6445 6444 6453
3 6444 6452 6453
3 6439 6445 6454
3 6445 6453 6454
3 6447 6446 6455
3 6447 6456 6448
3 6455 6456 6447
3 6456 6449 6448
3 6457 6458 6459
3 6458 6460 6459
3 6449 6461 6450
3 6451 6450 6461
3 6462 6451 6461
3 6462 6463 6464
3 6462 6464 6451
3 6451 6464 6452
3 6453 6452 6465
3 6452 6464 6465
3 6454 6453 6466
3 6453 6465 6466
3 6466 6457 6454
3 6458 6457 6466
3 955 6455 6446
3 955 970 6455
3 970 6467 6455
3 6456 6455 6468
3 6455 6467 6468
3 6449 6469 6461
3 6449 6456 6469
3 6456 6468 6469
3 6461 6470 6462
3 6469 6470 6461
3 6470 6463 6462
3 6471 6472 6460
3 6471 6460 6473
3 6473 6460 6458
3 6463 6474 6464
3 6474 6475 6476
3 6474 6476 6464
3 6464 6476 6465
3 6466 6465 6477
3 6465 6476 6477
3 6477 6458 6466
3 6473 6458 6477
3 6467 970 6478
3 970 978 6478
3 6468 6467 6479
3 6467 6478 6479
3 6469 6468 6480
3 6468 6479 6480
3 6470 6469 6481
3 6469 6480 6481
3 6463 6482 6474
3 6463 6470 6482
3 6470 6481 6482
3 6482 6475 6474
3 6473 3549 6471
3 6475 6483 6476
3 6483 6484 6485
3 6483 6485 6476
3 6476 6485 6477
3 6473 3548 3549
3 6473 6477 3548
3 6477 6485 3548
3 6478 978 6486
3 978 986 6486
3 6479 6478 6487
3 6478 6486 6487
3 6480 6479 6488
3 6479 6487 6488
3 6481 6480 6489
3 6480 6488 6489
3 6482 6481 6490
3 6481 6489 6490
3 6475 6491 6483
3 6475 6482 6491
3 6482 6490 6491
3 6491 6484 6483
3 6484 6492 6485
3 6492 6493 6494
3 6492 6494 6485
3 6485 6494 3548
3 6486 986 6495
3 986 994 6495
3 6487 6486 6496
3 6486 6495 6496
3 6488 6487 6497
3 6487 6496 6497
3 6489 6488 6498
3 6488 6497 6498
3 6490 6489 6499
3 6489 6498 6499
3 6491 6490 6500
3 6490 6499 6500
3 6484 6501 6492
3 6484 6491 6501
3 6491 6500 6501
3 6501 6493 6492
3 6493 3551 6494
3 6495 994 6502
3 994 1003 6502
3 6496 6495 6503
3 6495 6502 6503
3 6497 6496 6504
3 6496 6503 6504
3 6498 6497 6505
3 6497 6504 6505
3 6499 6498 6506
3 6498 6505 6506
3 6500 6499 6507
3 6499 6506 6507
3 6501 6500 6508
3 6500 6507 6508
3 6493 3550 3551
3 6493 6501 3550
3 6501 6508 3550
3 6509 3993 3991
3 1386 3993 6509
3 1387 1386 6509
3 6510 3994 3995
3 3996 3994 6510
3 6511 3996 6510
3 3997 3996 6511
3 6512 3997 6511
3 3998 3997 6512
3 6513 3998 6512
3 3999 3998 6513
3 6514 3999 6513
3 3992 3999 6514
3 3992 6514 3991
3 3991 6514 6515
3 6509 3991 6516
3 3991 6515 6516
3 1387 6509 1404
3 6509 6516 1404
3 6520 6519 6517
3 6521 6519 6520
3 6522 6521 6520
3 1404 6521 6522
3 1416 1404 6522
3 6510 3995 6523
3 3995 6524 6523
3 6511 6510 6525
3 6510 6523 6525
3 6512 6511 6526
3 6511 6525 6526
3 6513 6512 6527
3 6512 6526 6527
3 6517 6527 6518
3 6517 6514 6527
3 6514 6513 6527
3 6514 6519 6515
3 6517 6519 6514
3 6515 6521 6516
3 6519 6521 6515
3 6521 1404 6516
3 6528 6529 6530
3 6531 6528 6530
3 6532 6528 6531
3 6533 6532 6531
3 6534 6532 6533
3 6535 6534 6533
3 6536 6534 6535
3 6537 6536 6535
3 6518 6536 6537
3 6518 6537 6517
3 6517 6537 6538
3 6520 6517 6539
3 6517 6538 6539
3 6522 6520 6540
3 6520 6539 6540
3 1416 6522 1424
3 6522 6540 1424
3 6524 6528 6523
3 6529 6528 6524
3 6523 6532 6525
3 6528 6532 6523
3 6525 6534 6526
3 6532 6534 6525
3 6526 6536 6527
3 6534 6536 6526
3 6527 6536 6518
3 6544 6543 6541
3 6545 6543 6544
3 6546 6545 6544
3 6547 6545 6546
3 6548 6547 6546
3 1424 6547 6548
3 1442 1424 6548
3 6531 6530 6549
3 6530 5844 6549
3 6533 6531 6550
3 6531 6549 6550
3 6535 6533 6551
3 6533 6550 6551
3 6541 6551 6542
3 6541 6537 6551
3 6537 6535 6551
3 6537 6543 6538
3 6541 6543 6537
3 6538 6545 6539
3 6543 6545 6538
3 6539 6547 6540
3 6545 6547 6539
3 6547 1424 6540
3 6552 6553 6554
3 6555 6552 6554
3 6556 6555 6554
3 6560 6559 6557
3 6561 6559 6560
3 6562 6561 6560
3 6562 6553 6552
3 6562 6552 6561
3 6561 6552 6563
3 6090 6563 6555
3 6555 6563 6552
3 6564 6565 6566
3 6567 6564 6566
3 6568 6567 6566
3 6569 6567 6568
3 6570 6569 6568
3 6571 6569 6570
3 6572 6571 6570
3 6575 6574 6573
3 6576 6574 6575
3 6577 6576 6575
3 6577 6565 6564
3 6577 6564 6576
3 6576 6564 6578
3 6562 6578 6567
3 6567 6578 6564
3 6553 6569 6554
3 6553 6562 6569
3 6562 6567 6569
3 6554 6571 6556
3 6569 6571 6554
3 6579 6580 6581
3 6582 6579 6581
3 6582 6573 6579
3 6579 6573 6583
3 6584 6583 6574
3 6574 6583 6573
3 6558 6576 6557
3 6558 6584 6576
3 6584 6574 6576
3 6557 6578 6560
3 6576 6578 6557
3 6578 6562 6560
3 6585 6586 6587
3 6588 6585 6587
3 6589 6588 6587
3 6591 6590 6592
3 6565 6593 6566
3 6565 6591 6593
3 6591 6592 6593
3 6566 6594 6568
3 6593 6594 6566
3 6568 6595 6570
3 6594 6595 6568
3 6570 6596 6572
3 6595 6596 6570
3 1271 6586 6585
3 1271 6585 6597
3 6597 6585 6598
3 6573 6598 6588
3 6598 6585 6588
3 6573 6590 6575
3 6588 6590 6573
3 6575 6591 6577
3 6590 6591 6575
3 6577 6591 6565
3 6581 6598 6582
3 6597 6598 6581
3 6582 6598 6573
3 3757 1261 6602
3 1261 6603 6602
3 3758 3757 6604
3 3757 6602 6604
3 3765 3759 3758
3 3765 3758 6605
3 6605 3758 6604
3 3766 3765 6605
3 6606 3766 6605
3 3761 3766 6606
3 3761 6606 3760
3 3760 6606 6607
3 3762 3760 6608
3 3760 6607 6608
3 6599 6608 6600
3 6599 3764 6608
3 3764 3762 6608
3 3764 6601 2436
3 6599 6601 3764
3 6609 6603 6610
3 6611 6609 6610
3 6604 6609 6611
3 6612 6604 6611
3 6605 6604 6612
3 6613 6605 6612
3 6606 6605 6613
3 6614 6606 6613
3 6607 6606 6614
3 6615 6607 6614
3 6608 6607 6615
3 6616 6608 6615
3 6600 6608 6616
3 6600 6616 6599
3 6599 6616 6617
3 6601 6599 6618
3 6599 6617 6618
3 6603 6609 6602
3 6609 6604 6602
3 6619 6620 6621
3 6622 6619 6621
3 6623 6619 6622
3 6624 6623 6622
3 6625 6623 6624
3 6626 6625 6624
3 6627 6625 6626
3 6628 6627 6626
3 6629 6627 6628
3 6630 6629 6628
3 6631 6629 6630
3 6632 6631 6630
3 6633 6631 6632
3 6634 6633 6632
3 6635 6633 6634
3 6636 6635 6634
3 6610 6619 6611
3 6620 6619 6610
3 6611 6623 6612
3 6619 6623 6611
3 6612 6625 6613
3 6623 6625 6612
3 6613 6627 6614
3 6625 6627 6613
3 6614 6629 6615
3 6627 6629 6614
3 6615 6631 6616
3 6629 6631 6615
3 6616 6633 6617
3 6631 6633 6616
3 6617 6635 6618
3 6633 6635 6617
3 6637 6638 6639
3 6641 6640 6637
3 6642 6640 6641
3 6643 6642 6641
3 6644 6642 6643
3 6621 6637 6622
3 6638 6637 6621
3 6622 6640 6624
3 6637 6640 6622
3 6624 6642 6626
3 6640 6642 6624
3 6626 6644 6628
3 6642 6644 6626
3 6628 6645 6630
3 6644 6645 6628
3 6646 6630 6645
3 6646 6647 6630
3 6647 6632 6630
3 6634 6632 6648
3 6632 6647 6648
3 6636 6634 6649
3 6634 6648 6649
3 6637 6639 6650
3 6639 6651 6650
3 6641 6637 6652
3 6637 6650 6652
3 6643 6641 6653
3 6641 6652 6653
3 6644 6643 6654
3 6643 6653 6654
3 6645 6644 6655
3 6644 6654 6655
3 6647 6646 6645
3 6647 6645 6656
3 6656 6645 6655
3 6648 6647 6656
3 6657 6648 6656
3 6649 6648 6657
3 6658 6649 6657
3 6659 6660 6661
3 6662 6659 6661
3 6663 6659 6662
3 6664 6663 6662
3 6665 6663 6664
3 6651 6659 6650
3 6660 6659 6651
3 6650 6663 6652
3 6659 6663 6650
3 6652 6665 6653
3 6663 6665 6652
3 6666 6653 6665
3 6666 6667 6653
3 6667 6654 6653
3 6655 6654 6668
3 6654 6667 6668
3 6656 6655 6669
3 6655 6668 6669
3 6657 6656 6670
3 6656 6669 6670
3 6658 6657 6671
3 6657 6670 6671
3 6662 6661 6672
3 6661 6673 6672
3 6664 6662 6674
3 6662 6672 6674
3 6665 6664 6675
3 6664 6674 6675
3 6676 6666 6665
3 6676 6665 6677
3 6677 6665 6675
3 6678 6676 6677
3 6679 6678 6677
3 6680 6678 6679
3 6681 6680 6679
3 6670 6680 6681
3 6682 6670 6681
3 6671 6670 6682
3 6683 6671 6682
3 6667 6666 6676
3 6667 6678 6668
3 6676 6678 6667
3 6668 6680 6669
3 6678 6680 6668
3 6680 6670 6669
3 6672 6673 6684
3 6673 4464 6684
3 6674 6672 4954
3 6672 6684 4954
3 6675 6674 6685
3 6674 4954 6685
3 6677 6675 6686
3 6675 6685 6686
3 6679 6677 6687
3 6677 6686 6687
3 6681 6679 6688
3 6679 6687 6688
3 6682 6681 6689
3 6681 6688 6689
3 6683 6682 5985
3 6682 6689 5985
3 6328 3606 6690
3 3606 6691 6690
3 6328 6692 6693
3 6328 6690 6692
3 6693 6694 6695
3 6692 6694 6693
3 6694 6696 6695
3 6700 6701 6690
3 6700 6690 6702
3 6702 6690 6691
3 6701 6703 6690
3 6690 6703 6692
3 6694 6692 6704
3 6692 6703 6704
3 6696 6705 6706
3 6696 6694 6705
3 6694 6704 6705
3 6706 6707 6708
3 6705 6707 6706
3 6708 6697 6698
3 6708 6707 6697
3 6707 6709 6697
3 6699 6697 6710
3 6697 6709 6710
3 3618 6699 6711
3 6699 6710 6711
3 6701 6712 6703
3 6712 6713 6714
3 6712 6714 6703
3 6703 6714 6704
3 6705 6704 6715
3 6704 6714 6715
3 6707 6705 6716
3 6705 6715 6716
3 6709 6707 6717
3 6707 6716 6717
3 6710 6709 6718
3 6709 6717 6718
3 6711 6710 6719
3 6710 6718 6719
3 6702 6701 6700
3 6702 6720 6701
3 6720 6721 6701
3 6701 6722 6712
3 6701 6721 6722
3 6722 6713 6712
3 6713 6723 6714
3 6715 6714 6723
3 6724 6715 6723
3 6716 6715 6724
3 6725 6716 6724
3 6725 6726 6727
3 6725 6727 6716
3 6716 6727 6717
3 6718 6717 6728
3 6717 6727 6728
3 6719 6718 6729
3 6718 6728 6729
3 6721 6720 6730
3 6720 6731 6730
3 6722 6721 6732
3 6721 6730 6732
3 6713 6733 6723
3 6713 6722 6733
3 6722 6732 6733
3 6723 6734 6724
3 6733 6734 6723
3 6724 6735 6725
3 6734 6735 6724
3 6735 6726 6725
3 6726 6736 6727
3 6728 6727 6736
3 6737 6728 6736
3 6729 6728 6737
3 6738 6729 6737
3 6730 6731 6739
3 6731 6740 6739
3 6732 6730 6741
3 6730 6739 6741
3 6733 6732 6742
3 6732 6741 6742
3 6734 6733 6743
3 6733 6742 6743
3 6735 6734 6744
3 6734 6743 6744
3 6726 6745 6736
3 6726 6735 6745
3 6735 6744 6745
3 6745 6737 6736
3 6737 6746 6738
3 6739 6740 6747
3 6740 6748 6747
3 6741 6739 6749
3 6739 6747 6749
3 6742 6741 6750
3 6741 6749 6750
3 6743 6742 6751
3 6742 6750 6751
3 6744 6743 6752
3 6743 6751 6752
3 6745 6744 6753
3 6744 6752 6753
3 6737 6745 6754
3 6745 6753 6754
3 6746 6737 6755
3 6737 6754 6755
3 6747 6748 6756
3 6748 6757 6756
3 6749 6747 6758
3 6747 6756 6758
3 6750 6749 6759
3 6749 6758 6759
3 6751 6750 6760
3 6750 6759 6760
3 6752 6751 6761
3 6751 6760 6761
3 6753 6752 6762
3 6752 6761 6762
3 6754 6753 6763
3 6753 6762 6763
3 6755 6754 6764
3 6754 6763 6764
3 6756 6757 1526
3 6757 1527 1526
3 6758 6756 1530
3 6756 1526 1530
3 6759 6758 1532
3 6758 1530 1532
3 6760 6759 1534
3 6759 1532 1534
3 6761 6760 1536
3 6760 1534 1536
3 6762 6761 1538
3 6761 1536 1538
3 6763 6762 1540
3 6762 1538 1540
3 6764 6763 1542
3 6763 1540 1542
3 6766 6767 6768
3 6769 6766 6768
3 6770 6766 6769
3 6771 6770 6769
3 6772 6770 6771
3 6773 6772 6771
3 6774 6772 6773
3 6775 6774 6773
3 6776 6774 6775
3 6777 6776 6775
3 6778 6776 6777
3 6779 6778 6777
3 6780 6778 6779
3 6781 6780 6779
3 6781 6765 6780
3 6780 6765 6782
3 4001 6766 4000
3 6767 6766 4001
3 4000 6770 4003
3 6766 6770 4000
3 4003 6772 4005
3 6770 6772 4003
3 4005 6774 4006
3 6772 6774 4005
3 4006 4013 4007
3 4006 6774 4013
3 6774 6776 4013
3 6783 4013 6778
3 6778 4013 6776
3 6784 6783 6780
3 6780 6783 6778
3 23 6784 6782
3 6782 6784 6780
3 4013 6783 4016
3 4016 6784 4018
3 6783 6784 4016
3 6784 23 4018
3 6769 6768 6786
3 6786 6768 6787
3 6771 6769 6788
3 6788 6769 6786
3 6795 6771 6789
3 6789 6771 6788
3 6796 6795 6790
3 6790 6795 6789
3 6797 6796 6791
3 6791 6796 6790
3 6798 6797 6792
3 6792 6797 6791
3 6781 6798 6793
3 6793 6798 6792
3 6765 6781 6794
3 6781 6793 6794
3 6771 6795 6773
3 6773 6796 6775
3 6795 6796 6773
3 6775 6797 6777
3 6796 6797 6775
3 6777 6798 6779
3 6797 6798 6777
3 6798 6781 6779
3 6800 6801 6802
3 6803 6800 6802
3 6804 6803 6802
3 6805 6803 6804
3 6806 6805 6804
3 6807 6805 6806
3 6808 6807 6806
3 6809 6807 6808
3 6810 6809 6808
3 6799 6809 6810
3 6799 6810 3995
3 3995 6810 6524
3 6811 6812 6813
3 6529 6811 6813
3 6530 6529 6813
3 6814 5646 6815
3 6816 6814 6815
3 6801 6814 6816
3 6817 6801 6816
3 6801 6817 6802
3 6802 6817 6818
3 6804 6802 6819
3 6802 6818 6819
3 6806 6804 6820
3 6804 6819 6820
3 6808 6806 6812
3 6806 6820 6812
3 6811 6810 6812
3 6810 6808 6812
3 6810 6529 6524
3 6811 6529 6810
3 5836 6821 5834
3 6822 6821 5836
3 5838 6822 5836
3 6823 6822 5838
3 5840 6823 5838
3 6812 6823 5840
3 5842 6812 5840
3 6812 5842 6813
3 6813 5842 5843
3 6530 6813 5844
3 6813 5843 5844
3 6816 6815 5831
3 6815 4035 5831
3 5834 5831 5833
3 5834 6817 5831
3 6817 6816 5831
3 6817 6821 6818
3 5834 6821 6817
3 6818 6822 6819
3 6821 6822 6818
3 6819 6823 6820
3 6822 6823 6819
3 6823 6812 6820
3 1236 6824 4480
3 3104 6825 6826
3 6827 3104 1351
3 6825 3104 6827
3 3104 6826 3114
3 6826 6828 3114
3 6828 6829 6830
3 6829 6831 6830
3 3114 6828 3128
3 6828 6830 3128
3 6832 6833 6834
3 6830 6831 6835
3 6831 6836 6835
3 3128 6830 3136
3 6830 6835 3136
3 6837 6832 6834
3 6837 6834 6838
3 6837 6839 6836
3 6839 6835 6836
3 3136 6835 3144
3 6835 6839 3144
3 6837 6838 6840
3 6838 6841 6840
3 6842 6837 6843
3 6843 6837 6840
3 3152 6842 6843
3 3153 3152 6843
3 6839 6837 6842
3 6839 3152 3144
3 6842 3152 6839
3 6840 6841 6844
3 6841 6845 6844
3 6843 6840 6846
3 6840 6844 6846
3 3153 6843 3168
3 6843 6846 3168
3 6845 6847 1983
3 6847 1982 1983
3 6844 6845 1984
3 6845 1983 1984
3 6846 6844 1985
3 6844 1984 1985
3 3168 6846 1986
3 6846 1985 1986
3 6848 400 6849
3 400 6850 6849
3 6851 6848 6852
3 6848 6849 6852
3 6853 6851 6854
3 6851 6852 6854
3 6855 6853 6856
3 6853 6854 6856
3 6857 6855 6858
3 6855 6856 6858
3 6859 6857 6860
3 6857 6858 6860
3 6861 6859 6862
3 6859 6860 6862
3 6863 6861 6864
3 6861 6862 6864
3 6849 6850 6865
3 6850 6866 6865
3 6852 6849 6867
3 6849 6865 6867
3 6854 6852 6868
3 6852 6867 6868
3 6856 6854 6869
3 6854 6868 6869
3 6858 6856 6870
3 6856 6869 6870
3 6860 6858 6871
3 6858 6870 6871
3 6862 6860 6872
3 6860 6871 6872
3 6864 6862 6873
3 6862 6872 6873
3 6865 6866 6874
3 6866 6875 6874
3 6867 6865 6876
3 6865 6874 6876
3 6868 6867 6877
3 6867 6876 6877
3 6869 6868 6878
3 6868 6877 6878
3 6870 6869 6879
3 6869 6878 6879
3 6871 6870 6880
3 6870 6879 6880
3 6872 6871 6881
3 6871 6880 6881
3 6873 6872 6882
3 6872 6881 6882
3 6874 6875 6883
3 6875 6884 6883
3 6876 6874 6885
3 6874 6883 6885
3 6877 6876 6886
3 6876 6885 6886
3 6878 6877 6887
3 6877 6886 6887
3 6879 6878 6888
3 6878 6887 6888
3 6880 6879 6889
3 6879 6888 6889
3 6881 6880 6890
3 6880 6889 6890
3 6882 6881 6891
3 6881 6890 6891
3 6883 6884 6892
3 6884 6893 6892
3 6885 6883 6894
3 6883 6892 6894
3 6886 6885 6895
3 6885 6894 6895
3 6887 6886 6896
3 6886 6895 6896
3 6888 6887 6897
3 6887 6896 6897
3 6889 6888 6898
3 6888 6897 6898
3 6890 6889 6899
3 6889 6898 6899
3 6891 6890 6900
3 6890 6899 6900
3 6892 6893 6901
3 6893 6902 6901
3 6894 6892 6903
3 6892 6901 6903
3 6895 6894 6904
3 6894 6903 6904
3 6896 6895 6905
3 6895 6904 6905
3 6897 6896 6906
3 6896 6905 6906
3 6898 6897 6907
3 6897 6906 6907
3 6899 6898 6908
3 6898 6907 6908
3 6900 6899 6909
3 6899 6908 6909
3 6901 6902 6910
3 6902 6911 6910
3 6903 6901 6912
3 6901 6910 6912
3 6904 6903 6913
3 6903 6912 6913
3 6905 6904 6914
3 6904 6913 6914
3 6906 6905 6915
3 6905 6914 6915
3 6907 6906 6916
3 6906 6915 6916
3 6908 6907 6917
3 6907 6916 6917
3 6909 6908 6918
3 6908 6917 6918
3 4254 6910 4252
3 6910 6911 4252
3 4258 6910 4254
3 4258 4255 6910
3 4255 6912 6910
3 6913 6912 4259
3 6912 4255 4259
3 6914 6913 4261
3 6913 4259 4261
3 6915 6914 4263
3 6914 4261 4263
3 6916 6915 4265
3 6915 4263 4265
3 6917 6916 4267
3 6916 4265 4267
3 6918 6917 4269
3 6917 4267 4269
3 6919 6920 6921
3 6922 6919 6921
3 6923 6919 6922
3 6924 6923 6922
3 6925 6923 6924
3 6926 6925 6924
3 6927 6925 6926
3 6928 6927 6926
3 6929 6927 6928
3 6930 6929 6928
3 6931 6929 6930
3 6932 6931 6930
3 6933 6931 6932
3 6934 6933 6932
3 6935 6933 6934
3 6936 6935 6934
3 2048 6919 6937
3 6920 6919 2048
3 6937 6923 6938
3 6919 6923 6937
3 6923 6925 6938
3 6927 6929 6939
3 6939 6931 6940
3 6929 6931 6939
3 6940 6933 6941
3 6931 6933 6940
3 6941 6935 6942
3 6933 6935 6941
3 6922 6921 6943
3 6921 6944 6943
3 6924 6922 6945
3 6922 6943 6945
3 6926 6924 6946
3 6924 6945 6946
3 6928 6926 6947
3 6926 6946 6947
3 6930 6928 6948
3 6928 6947 6948
3 6932 6930 6949
3 6930 6948 6949
3 6934 6932 6950
3 6932 6949 6950
3 6936 6934 6951
3 6934 6950 6951
3 6944 2371 6943
3 2372 2371 6944
3 6943 2375 6945
3 2371 2375 6943
3 6945 2377 6946
3 2375 2377 6945
3 6946 2379 6947
3 2377 2379 6946
3 6947 2381 6948
3 2379 2381 6947
3 6948 2383 6949
3 2381 2383 6948
3 6949 2385 6950
3 2383 2385 6949
3 6950 1007 6951
3 2385 1007 6950
3 6952 2436 6601
3 6952 6953 2436
3 6953 2434 2436
3 2437 2434 6954
3 2434 6953 6954
3 2438 2437 6955
3 2437 6954 6955
3 2440 2438 6956
3 2438 6955 6956
3 2442 2440 6957
3 2440 6956 6957
3 2443 2442 6958
3 2442 6957 6958
3 6959 2444 2443
3 6959 2443 6960
3 6960 2443 6958
3 6961 6959 6960
3 6962 6961 6960
3 2445 2444 6959
3 2445 6961 1067
3 6959 6961 2445
3 6953 6952 6601
3 6953 6601 6963
3 6963 6601 6618
3 6964 6953 6963
3 6965 6964 6963
3 6966 6964 6965
3 6967 6966 6965
3 6968 6966 6967
3 6969 6968 6967
3 6970 6968 6969
3 6971 6970 6969
3 6972 6970 6971
3 6973 6972 6971
3 6974 6972 6973
3 6975 6974 6973
3 6976 6974 6975
3 6977 6976 6975
3 6953 6964 6954
3 6954 6966 6955
3 6964 6966 6954
3 6955 6968 6956
3 6966 6968 6955
3 6956 6970 6957
3 6968 6970 6956
3 6957 6972 6958
3 6970 6972 6957
3 6958 6974 6960
3 6972 6974 6958
3 6960 6976 6962
3 6974 6976 6960
3 6978 6635 6636
3 6979 6978 6636
3 6980 6978 6979
3 6981 6980 6979
3 6982 6980 6981
3 6983 6982 6981
3 6984 6982 6983
3 6987 6986 6985
3 6988 6986 6987
3 6989 6988 6987
3 6990 6988 6989
3 6618 6978 6963
3 6635 6978 6618
3 6963 6980 6965
3 6978 6980 6963
3 6965 6982 6967
3 6980 6982 6965
3 6967 6984 6969
3 6982 6984 6967
3 6969 6985 6971
3 6984 6985 6969
3 6971 6986 6973
3 6985 6986 6971
3 6973 6988 6975
3 6986 6988 6973
3 6975 6990 6977
3 6988 6990 6975
3 6979 6636 6991
3 6636 6649 6991
3 6981 6979 6992
3 6979 6991 6992
3 6983 6981 6993
3 6981 6992 6993
3 6984 6983 6994
3 6983 6993 6994
3 6985 6984 6995
3 6984 6994 6995
3 6987 6985 6996
3 6985 6995 6996
3 6989 6987 6997
3 6987 6996 6997
3 6990 6989 6998
3 6989 6997 6998
3 6999 6649 6658
3 7000 6999 6658
3 7001 6999 7000
3 7002 7001 7000
3 7003 7001 7002
3 7004 7003 7002
3 7005 7003 7004
3 7006 7005 7004
3 7007 7005 7006
3 7008 7007 7006
3 7009 7007 7008
3 7010 7009 7008
3 7011 7009 7010
3 7012 7011 7010
3 7013 7011 7012
3 7014 7013 7012
3 6649 6999 6991
3 6991 7001 6992
3 6999 7001 6991
3 6992 7003 6993
3 7001 7003 6992
3 6993 7005 6994
3 7003 7005 6993
3 6994 7007 6995
3 7005 7007 6994
3 6995 7009 6996
3 7007 7009 6995
3 6996 7011 6997
3 7009 7011 6996
3 6997 7013 6998
3 7011 7013 6997
3 7000 6658 7015
3 6658 6671 7015
3 7002 7000 7016
3 7000 7015 7016
3 7004 7002 7017
3 7002 7016 7017
3 7006 7004 7018
3 7004 7017 7018
3 7008 7006 7019
3 7006 7018 7019
3 7010 7008 7020
3 7008 7019 7020
3 7012 7010 7021
3 7010 7020 7021
3 7014 7012 7022
3 7012 7021 7022
3 7023 6671 6683
3 7024 7023 6683
3 7025 7023 7024
3 7026 7025 7024
3 7027 7025 7026
3 7028 7027 7026
3 7029 7027 7028
3 7030 7029 7028
3 7031 7029 7030
3 7032 7031 7030
3 7033 7031 7032
3 7034 7033 7032
3 7035 7033 7034
3 6671 7023 7015
3 7015 7025 7016
3 7023 7025 7015
3 7016 7027 7017
3 7025 7027 7016
3 7017 7029 7018
3 7027 7029 7017
3 7018 7031 7019
3 7029 7031 7018
3 7019 7033 7020
3 7031 7033 7019
3 7020 7035 7021
3 7033 7035 7020
3 7035 7036 7021
3 7036 7022 7021
3 7024 6683 5987
3 6683 5985 5987
3 7026 7024 5990
3 7024 5987 5990
3 7028 7026 5991
3 7026 5990 5991
3 7030 7028 5993
3 7028 5991 5993
3 7032 7030 5995
3 7030 5993 5995
3 7034 7032 5997
3 7032 5995 5997
3 7035 7034 5999
3 7034 5997 5999
3 7037 7035 6001
3 6001 7035 5999
3 7036 7035 7037
3 7041 7040 7038
3 7042 7040 7041
3 7042 7041 7043
3 7043 7041 7044
3 7045 7043 7046
3 7043 7044 7046
3 7047 7045 7048
3 7045 7046 7048
3 7049 7048 7050
3 7049 7051 7048
3 7051 7047 7048
3 7051 7049 6824
3 7052 3848 7053
3 3848 7054 7053
3 7038 7053 7039
3 7038 7055 7053
3 7055 7052 7053
3 7055 7040 7056
3 7038 7040 7055
3 7056 7040 7042
3 7053 7057 7058
3 7059 7053 7058
3 7039 7053 7059
3 7039 7059 7038
3 7038 7059 7060
3 7041 7038 7061
3 7038 7060 7061
3 7044 7041 7062
3 7041 7061 7062
3 7063 7062 7064
3 7063 7046 7062
3 7046 7044 7062
3 7046 7065 7048
3 7063 7065 7046
3 7048 7065 7050
3 7057 7053 7054
3 7059 7058 7066
3 7058 7067 7066
3 7060 7059 7068
3 7059 7066 7068
3 7069 7061 7068
3 7061 7060 7068
3 7061 7070 7062
3 7069 7070 7061
3 7062 7070 7064
3 7066 7067 7071
3 7067 7072 7071
3 7073 7068 7071
3 7068 7066 7071
3 7068 7073 7069
3 5285 7071 7072
3 7074 4692 4693
3 7075 7074 4693
3 7076 7074 7075
3 7077 7076 7075
3 7078 7076 7077
3 7079 7078 7077
3 7080 7078 7079
3 7081 7080 7079
3 7082 7080 7081
3 7083 7082 7081
3 7084 7082 7083
3 4694 7074 7085
3 4692 7074 4694
3 7085 7076 7086
3 7074 7076 7085
3 7086 7078 7087
3 7076 7078 7086
3 7087 7080 7088
3 7078 7080 7087
3 7088 7082 7089
3 7080 7082 7088
3 7084 7089 7082
3 7084 7090 7089
3 7091 7090 7092
3 7090 7084 7092
3 4421 7091 7093
3 7091 7092 7093
3 7075 4693 7094
3 4693 4705 7094
3 7077 7075 7095
3 7075 7094 7095
3 7079 7077 7096
3 7077 7095 7096
3 7081 7079 7097
3 7079 7096 7097
3 7083 7081 7098
3 7081 7097 7098
3 7084 7083 7099
3 7099 7083 7098
3 7100 7084 7099
3 7101 7100 7099
3 7102 7100 7101
3 7103 7102 7101
3 7084 7100 7092
3 7092 7102 7093
3 7100 7102 7092
3 7104 4719 4720
3 7105 7104 4720
3 7106 7104 7105
3 4705 7104 7094
3 4719 7104 4705
3 7094 7106 7095
3 7104 7106 7094
3 7095 7107 7096
3 7106 7107 7095
3 7108 7096 7107
3 7108 7097 7096
3 7098 7097 7109
3 7097 7108 7109
3 7099 7098 7110
3 7098 7109 7110
3 7101 7099 7111
3 7099 7110 7111
3 7103 7101 7112
3 7101 7111 7112
3 7105 4720 7113
3 4720 4729 7113
3 7106 7105 7114
3 7105 7113 7114
3 7107 7106 7115
3 7106 7114 7115
3 7108 7107 7116
3 7116 7107 7115
3 7109 7108 7116
3 7117 7109 7116
3 7118 7109 7117
3 7119 7118 7117
3 7120 7118 7119
3 7121 7120 7119
3 7122 7120 7121
3 7123 7122 7121
3 7109 7118 7110
3 7110 7120 7111
3 7118 7120 7110
3 7111 7122 7112
3 7120 7122 7111
3 7113 4729 7124
3 4729 4745 7124
3 7114 7113 7125
3 7113 7124 7125
3 7115 7114 7126
3 7114 7125 7126
3 7116 7115 7127
3 7115 7126 7127
3 7117 7116 7128
3 7116 7127 7128
3 7119 7117 7129
3 7117 7128 7129
3 7121 7119 7130
3 7119 7129 7130
3 7123 7121 7131
3 7121 7130 7131
3 7132 7133 7134
3 7135 7132 7134
3 7136 7135 7134
3 7137 7135 7136
3 7138 7137 7136
3 7139 7137 7138
3 7140 7139 7138
3 7141 7139 7140
3 7132 4756 7133
3 7132 7124 4756
3 7124 4745 4756
3 7124 7135 7125
3 7132 7135 7124
3 7125 7137 7126
3 7135 7137 7125
3 7126 7139 7127
3 7137 7139 7126
3 7141 7127 7139
3 7141 7142 7127
3 7142 7128 7127
3 7129 7128 7143
3 7128 7142 7143
3 7130 7129 7144
3 7129 7143 7144
3 7131 7130 7145
3 7130 7144 7145
3 7133 4756 4765
3 7133 4765 7134
3 7134 4765 7146
3 7136 7134 7147
3 7134 7146 7147
3 7138 7136 7148
3 7136 7147 7148
3 7140 7138 7149
3 7138 7148 7149
3 7150 7141 7140
3 7150 7140 7151
3 7151 7140 7149
3 7152 7150 7151
3 7153 7152 7151
3 7144 7152 7153
3 7154 7144 7153
3 7145 7144 7154
3 7155 7145 7154
3 7142 7141 7150
3 7142 7152 7143
3 7150 7152 7142
3 7152 7144 7143
3 4288 7156 4284
3 4290 7156 4288
3 4765 4284 7146
3 4285 4284 4765
3 7146 7156 7147
3 4284 7156 7146
3 7147 4290 7148
3 7156 4290 7147
3 4293 7148 4290
3 4293 4303 7148
3 4303 7149 7148
3 7151 7149 4304
3 7149 4303 4304
3 7153 7151 4297
3 7151 4304 4297
3 7154 7153 4299
3 7153 4297 4299
3 7155 7154 4301
3 7154 4299 4301
3 7157 7158 7159
3 7158 7160 7159
3 7157 7161 7162
3 7157 7159 7161
3 7164 7161 7163
3 7159 7160 7165
3 7160 7166 7165
3 7161 7159 7167
3 7159 7165 7167
3 7163 7161 7167
3 7163 2987 2989
3 7163 2989 7168
3 7165 7166 2990
3 7166 2991 2990
3 7167 7165 2994
3 7165 2990 2994
3 7163 7167 2996
3 2996 2987 7163
3 7169 7170 7171
3 7172 7169 7171
3 7173 7172 7171
3 7174 7172 7173
3 7175 7174 7173
3 319 7174 7175
3 7176 319 7175
3 309 319 7176
3 309 7176 308
3 308 7176 7177
3 311 308 7178
3 308 7177 7178
3 313 311 3949
3 311 7178 3949
3 315 314 7170
3 314 5575 7170
3 7169 316 7170
3 316 315 7170
3 316 7172 317
3 7169 7172 316
3 317 7174 318
3 7172 7174 317
3 7174 319 318
3 7183 7182 7181
3 3960 7182 7183
3 3961 3960 7183
3 7170 5575 5587
3 7184 7170 5587
3 7170 7184 7171
3 7171 7184 7185
3 7173 7171 7186
3 7171 7185 7186
3 7179 7175 7186
3 7175 7173 7186
3 7175 7180 7176
3 7179 7180 7175
3 7176 7181 7177
3 7180 7181 7176
3 7177 7182 7178
3 7181 7182 7177
3 7178 3960 3949
3 7182 3960 7178
3 7187 5594 5595
3 7188 7187 5595
3 7189 7187 7188
3 7190 7189 7188
3 7191 7189 7190
3 7192 7191 7190
3 7179 7191 7192
3 7179 7192 7193
3 7180 7179 7194
3 7179 7193 7194
3 7181 7180 7195
3 7180 7194 7195
3 7183 7181 7196
3 7181 7195 7196
3 3961 7183 3983
3 7183 7196 3983
3 5587 7187 7184
3 5594 7187 5587
3 7184 7189 7185
3 7187 7189 7184
3 7185 7191 7186
3 7189 7191 7185
3 7186 7191 7179
3 7197 7198 7199
3 3984 7197 7199
3 3985 3984 7199
3 7188 5595 7200
3 5595 5613 7200
3 7190 7188 7201
3 7188 7200 7201
3 7192 7190 7202
3 7190 7201 7202
3 7193 7192 7203
3 7192 7202 7203
3 7194 7193 7204
3 7193 7203 7204
3 7195 7194 7205
3 7194 7204 7205
3 7197 7205 7198
3 7197 7196 7205
3 7196 7195 7205
3 7196 3984 3983
3 7197 3984 7196
3 7206 5621 5622
3 7207 7206 5622
3 7208 7206 7207
3 7209 7208 7207
3 7210 7208 7209
3 7211 7210 7209
3 7203 7210 7211
3 7212 7203 7211
3 7204 7203 7212
3 7213 7204 7212
3 7205 7204 7213
3 7214 7205 7213
3 7198 7205 7214
3 7198 7214 7199
3 7199 7214 7215
3 3995 7215 6799
3 3995 3985 7215
3 3985 7199 7215
3 5613 7206 7200
3 5621 7206 5613
3 7200 7208 7201
3 7206 7208 7200
3 7201 7210 7202
3 7208 7210 7201
3 7210 7203 7202
3 7207 5622 7216
3 5622 5637 7216
3 7209 7207 6801
3 7207 7216 6801
3 6800 7211 6801
3 7211 7209 6801
3 7211 6803 7212
3 6800 6803 7211
3 7212 6805 7213
3 6803 6805 7212
3 7213 6807 7214
3 6805 6807 7213
3 7214 6809 7215
3 6807 6809 7214
3 7215 6809 6799
3 5637 6814 7216
3 5646 6814 5637
3 6814 6801 7216
3 7217 7218 7219
3 2044 7220 7221
3 2044 7221 7222
3 7222 7221 7223
3 7224 2044 7222
3 7225 7224 7222
3 2041 7224 7225
3 2041 7225 7226
3 2042 2041 7227
3 2041 7226 7227
3 7228 2042 7229
3 7229 2042 7227
3 7230 7228 7229
3 7231 7230 7229
3 7232 7230 7231
3 7233 7232 7231
3 6920 7232 7233
3 6921 6920 7233
3 2044 7224 2043
3 2043 7224 2041
3 2045 2042 7228
3 2045 7230 2046
3 7228 7230 2045
3 2046 7232 2047
3 7230 7232 2046
3 2047 6920 2048
3 7232 6920 2047
3 7222 7223 7234
3 7223 7235 7234
3 7225 7222 7236
3 7222 7234 7236
3 7226 7225 7237
3 7225 7236 7237
3 7227 7226 7238
3 7226 7237 7238
3 7229 7227 7239
3 7227 7238 7239
3 7231 7229 7240
3 7229 7239 7240
3 7233 7231 7241
3 7231 7240 7241
3 6921 7233 6944
3 7233 7241 6944
3 7235 3704 7234
3 3705 3704 7235
3 7234 3707 7236
3 3704 3707 7234
3 7236 3709 7237
3 3707 3709 7236
3 7237 3711 7238
3 3709 3711 7237
3 7238 3713 7239
3 3711 3713 7238
3 7239 3715 7240
3 3713 3715 7239
3 7240 3717 7241
3 3715 3717 7240
3 7241 2372 6944
3 3717 2372 7241
3 7242 7243 7244
3 7245 7242 7244
3 7246 7242 7245
3 7247 7246 7245
3 7248 7246 7247
3 7249 7248 7247
3 7250 7248 7249
3 7251 7250 7249
3 7252 7250 7251
3 7253 7252 7251
3 7254 7252 7253
3 7255 7254 7253
3 7256 7254 7255
3 7257 7256 7255
3 7258 7243 7259
3 7260 7243 7258
3 7259 7242 7261
3 7243 7242 7259
3 7261 7246 7262
3 7242 7246 7261
3 7262 7248 7263
3 7246 7248 7262
3 7263 7250 7264
3 7248 7250 7263
3 7264 7252 7265
3 7250 7252 7264
3 7265 7254 7266
3 7252 7254 7265
3 7266 7256 2295
3 7254 7256 7266
3 7245 7244 7267
3 7244 7268 7267
3 7247 7245 7269
3 7245 7267 7269
3 7249 7247 7270
3 7247 7269 7270
3 7251 7249 7271
3 7249 7270 7271
3 7253 7251 7272
3 7251 7271 7272
3 7255 7253 7273
3 7253 7272 7273
3 7257 7255 7274
3 7255 7273 7274
3 7275 7276 7277
3 7278 7275 7277
3 7279 7278 7277
3 7280 7278 7279
3 7281 7280 7279
3 7282 7280 7281
3 7283 7282 7281
3 7269 7267 7284
3 7267 7285 7284
3 7270 7269 7276
3 7269 7284 7276
3 7275 7271 7276
3 7271 7270 7276
3 7271 7278 7272
3 7275 7278 7271
3 7272 7280 7273
3 7278 7280 7272
3 7273 7282 7274
3 7280 7282 7273
3 7276 7286 7287
3 7288 7276 7287
3 7276 7288 7277
3 7277 7288 7289
3 7279 7277 7290
3 7277 7289 7290
3 7281 7279 7291
3 7279 7290 7291
3 7283 7281 7292
3 7281 7291 7292
3 7285 7286 7284
3 7286 7276 7284
3 7293 7294 7295
3 7293 7287 7294
3 7293 7288 7287
3 7289 7288 7296
3 7288 7293 7296
3 7290 7289 7297
3 7289 7296 7297
3 7291 7290 7298
3 7290 7297 7298
3 7292 7291 7299
3 7291 7298 7299
3 7302 7293 7303
3 7304 7302 7303
3 7305 7302 7304
3 7306 7305 7304
3 7298 7305 7306
3 7307 7298 7306
3 7307 7301 7300
3 7307 7300 7298
3 7298 7300 7299
3 7293 7302 7296
3 7296 7305 7297
3 7302 7305 7296
3 7305 7298 7297
3 7308 7309 7310
3 7311 7308 7310
3 7312 7308 7311
3 7313 7312 7311
3 7314 7312 7313
3 7315 7314 7313
3 6580 7315 7316
3 7300 7315 6580
3 7300 7314 7315
3 7300 7301 7314
3 7303 7308 7304
3 7309 7308 7303
3 7304 7312 7306
3 7308 7312 7304
3 7306 7314 7307
3 7312 7314 7306
3 7307 7314 7301
3 7310 7317 7311
3 7318 7317 7310
3 7311 7319 7313
3 7317 7319 7311
3 7319 7320 7313
3 7315 7320 7316
3 7321 7322 7323
3 7324 7321 7323
3 7325 7324 7323
3 7326 7324 7325
3 7327 7326 7325
3 7328 7326 7327
3 7329 7328 7327
3 7330 7328 7329
3 7331 7330 7329
3 7332 7330 7331
3 7333 7332 7331
3 7334 7335 7336
3 7335 7337 7336
3 7338 7334 7339
3 7334 7336 7339
3 7321 7339 7322
3 7321 7340 7339
3 7340 7338 7339
3 7340 7324 7341
3 7321 7324 7340
3 7341 7326 7342
3 7324 7326 7341
3 7342 7328 7343
3 7326 7328 7342
3 7343 7330 7344
3 7328 7330 7343
3 7344 7332 7345
3 7330 7332 7344
3 7346 7347 7348
3 7349 7346 7348
3 7339 7346 7349
3 7350 7339 7349
3 7322 7339 7350
3 7322 7350 7323
3 7323 7350 7351
3 7325 7323 7352
3 7323 7351 7352
3 7327 7325 7353
3 7325 7352 7353
3 7329 7327 7354
3 7327 7353 7354
3 7331 7329 7355
3 7329 7354 7355
3 7333 7331 7356
3 7331 7355 7356
3 7337 7346 7336
3 7347 7346 7337
3 7346 7339 7336
3 7349 7348 7357
3 7348 7358 7357
3 7350 7349 7359
3 7349 7357 7359
3 7351 7350 7360
3 7350 7359 7360
3 7352 7351 7361
3 7351 7360 7361
3 7353 7352 7362
3 7352 7361 7362
3 7354 7353 7363
3 7353 7362 7363
3 7355 7354 7364
3 7354 7363 7364
3 7356 7355 7365
3 7355 7364 7365
3 7366 7367 7368
3 7369 7366 7368
3 7370 7366 7369
3 7371 7370 7369
3 7372 7370 7371
3 7373 7372 7371
3 7374 7372 7373
3 7375 7374 7373
3 7376 7374 7375
3 7377 7376 7375
3 7378 7376 7377
3 7379 7378 7377
3 7380 7378 7379
3 7381 7380 7379
3 7382 7380 7381
3 7383 7382 7381
3 7358 7366 7357
3 7367 7366 7358
3 7357 7370 7359
3 7366 7370 7357
3 7359 7372 7360
3 7370 7372 7359
3 7360 7374 7361
3 7372 7374 7360
3 7361 7376 7362
3 7374 7376 7361
3 7362 7378 7363
3 7376 7378 7362
3 7363 7380 7364
3 7378 7380 7363
3 7364 7382 7365
3 7380 7382 7364
3 7369 7368 7384
3 7368 7385 7384
3 7371 7369 7386
3 7369 7384 7386
3 7373 7371 7387
3 7371 7386 7387
3 7375 7373 7388
3 7373 7387 7388
3 7377 7375 7389
3 7375 7388 7389
3 7379 7377 7390
3 7377 7389 7390
3 7381 7379 7391
3 7379 7390 7391
3 7383 7381 7392
3 7381 7391 7392
3 7393 7394 7395
3 7396 7393 7395
3 7397 7393 7396
3 7398 7397 7396
3 7399 7397 7398
3 7400 7399 7398
3 7401 7399 7400
3 7402 7401 7400
3 7403 7401 7402
3 7404 7403 7402
3 7405 7403 7404
3 7406 7405 7404
3 7407 7405 7406
3 7408 7407 7406
3 7409 7407 7408
3 7410 7409 7408
3 7385 7393 7384
3 7394 7393 7385
3 7384 7397 7386
3 7393 7397 7384
3 7386 7399 7387
3 7397 7399 7386
3 7387 7401 7388
3 7399 7401 7387
3 7388 7403 7389
3 7401 7403 7388
3 7389 7405 7390
3 7403 7405 7389
3 7390 7407 7391
3 7405 7407 7390
3 7391 7409 7392
3 7407 7409 7391
3 7396 7395 7411
3 7395 7412 7411
3 7398 7396 7413
3 7396 7411 7413
3 7400 7398 7414
3 7398 7413 7414
3 7402 7400 7415
3 7400 7414 7415
3 7404 7402 7416
3 7402 7415 7416
3 7406 7404 7417
3 7404 7416 7417
3 7408 7406 7418
3 7406 7417 7418
3 7410 7408 7419
3 7408 7418 7419
3 7420 7421 2712
3 7422 7420 2712
3 7423 7420 7422
3 5561 7429 7428
3 7412 7420 7411
3 7421 7420 7412
3 7411 7423 7413
3 7420 7423 7411
3 7413 7424 7414
3 7423 7424 7413
3 7414 7425 7415
3 7424 7425 7414
3 7415 7426 7416
3 7425 7426 7415
3 7416 7427 7417
3 7426 7427 7416
3 7417 7428 7418
3 7427 7428 7417
3 7418 7429 7419
3 7428 7429 7418
3 7430 3442 3443
3 7431 7430 3443
3 7432 7430 7431
3 7433 7432 7431
3 7434 7432 7433
3 7435 2816 7430
3 7430 2816 3442
3 7436 7435 7432
3 7432 7435 7430
3 7434 7437 7432
3 7432 7437 7436
3 7438 7437 7434
3 7439 7438 7434
3 7440 7438 7439
3 7441 7440 7439
3 7442 7440 7441
3 7443 7442 7441
3 7444 7442 7443
3 7445 7444 7443
3 6767 7444 7445
3 6768 6767 7445
3 2816 7435 6236
3 6236 7436 6238
3 7435 7436 6236
3 6238 7437 6240
3 7436 7437 6238
3 6240 7437 6241
3 7437 7438 6241
3 6241 7440 6242
3 6241 7438 7440
3 6242 7442 6244
3 7440 7442 6242
3 6244 7444 6246
3 7442 7444 6244
3 6246 6767 4001
3 7444 6767 6246
3 7446 3467 3468
3 7451 3480 7446
3 7446 3480 3467
3 7452 7451 7447
3 7447 7451 7446
3 7447 7453 7454
3 7447 7454 7452
3 7455 7454 7453
3 7456 7455 7453
3 7457 7455 7456
3 7458 7457 7456
3 7458 7449 7448
3 7458 7448 7457
3 7457 7448 7459
3 7460 7459 7450
3 7450 7459 7448
3 6787 7460 6785
3 6785 7460 7450
3 3443 7451 7431
3 3480 7451 3443
3 7431 7452 7433
3 7451 7452 7431
3 7433 7452 7434
3 7452 7454 7434
3 7461 7434 7455
3 7455 7434 7454
3 7441 7461 7457
3 7457 7461 7455
3 7443 7441 7459
3 7459 7441 7457
3 7445 7443 7460
3 7460 7443 7459
3 6768 7445 6787
3 6787 7445 7460
3 7434 7461 7439
3 7461 7441 7439
3 7453 7462 7456
3 7456 7463 7458
3 7462 7463 7456
3 7458 7463 7449
3 7468 7464 7465
3 7468 7465 7469
3 7469 7465 7470
3 7471 7468 7469
3 7472 7471 7469
3 7473 7471 7472
3 7474 7473 7472
3 7467 7473 7474
3 7467 7474 7466
3 7466 7474 7475
3 7476 7466 7477
3 7477 7466 7475
3 7478 7476 7477
3 7479 7478 7477
3 7480 7478 7479
3 7481 7480 7479
3 3257 7480 7481
3 7482 3257 7481
3 7469 7470 7483
3 7470 7484 7483
3 7472 7469 7485
3 7469 7483 7485
3 7474 7472 7486
3 7472 7485 7486
3 7475 7474 7487
3 7474 7486 7487
3 7477 7475 7488
3 7475 7487 7488
3 7479 7477 7489
3 7477 7488 7489
3 7481 7479 7490
3 7479 7489 7490
3 7482 7481 7491
3 7481 7490 7491
3 7483 7484 7492
3 7493 7483 7492
3 7485 7483 7493
3 7494 7485 7493
3 7495 7485 7494
3 7496 7495 7494
3 7497 7495 7496
3 7498 7497 7496
3 7499 7497 7498
3 7500 7499 7498
3 7501 7499 7500
3 7502 7501 7500
3 7503 7501 7502
3 7485 7495 7486
3 7486 7497 7487
3 7495 7497 7486
3 7487 7499 7488
3 7497 7499 7487
3 7488 7501 7489
3 7499 7501 7488
3 7503 7489 7501
3 7503 7490 7489
3 7491 7490 7504
3 7490 7503 7504
3 7505 5441 5757
3 7506 7505 5757
3 7506 7507 7505
3 7505 7507 7508
3 7509 7508 7510
3 7508 7507 7510
3 7511 7509 7512
3 7509 7510 7512
3 7513 7511 7514
3 7511 7512 7514
3 5766 7506 5757
3 7506 7515 7507
3 7515 7516 7517
3 7515 7517 7507
3 7507 7517 7510
3 7512 7510 7518
3 7510 7517 7518
3 7514 7512 7519
3 7512 7518 7519
3 7506 5766 7520
3 5766 5775 7520
3 7506 7521 7515
3 7506 7520 7521
3 7521 7516 7515
3 7516 7522 7517
3 7522 7523 7524
3 7522 7524 7517
3 7517 7524 7518
3 7519 7518 7525
3 7518 7524 7525
3 7520 5775 7526
3 5775 5784 7526
3 7521 7520 7527
3 7520 7526 7527
3 7516 7528 7522
3 7516 7521 7528
3 7521 7527 7528
3 7528 7523 7522
3 7523 7529 7524
3 7529 7530 7531
3 7529 7531 7524
3 7524 7531 7525
3 7532 7533 7534
3 7532 7525 7533
3 7525 7531 7533
3 7526 5784 7535
3 5784 5793 7535
3 7527 7526 7536
3 7526 7535 7536
3 7528 7527 7537
3 7527 7536 7537
3 7523 7538 7529
3 7523 7528 7538
3 7528 7537 7538
3 7538 7530 7529
3 7530 7539 7531
3 7539 7540 7541
3 7539 7541 7531
3 7531 7541 7533
3 7535 5793 7542
3 5793 5802 7542
3 7536 7535 7543
3 7535 7542 7543
3 7537 7536 7544
3 7536 7543 7544
3 7538 7537 7545
3 7537 7544 7545
3 7530 7546 7539
3 7530 7538 7546
3 7538 7545 7546
3 7546 7540 7539
3 7540 7547 7548
3 7541 7540 7548
3 7542 5802 7549
3 5802 5812 7549
3 7543 7542 7550
3 7542 7549 7550
3 7544 7543 7551
3 7543 7550 7551
3 7545 7544 7552
3 7544 7551 7552
3 7546 7545 7553
3 7545 7552 7553
3 7553 7540 7546
3 7547 7540 7553
3 7547 7554 7548
3 7549 5812 7555
3 5812 5819 7555
3 7550 7549 7556
3 7549 7555 7556
3 7551 7550 7557
3 7550 7556 7557
3 7552 7551 7558
3 7551 7557 7558
3 7553 7552 7559
3 7552 7558 7559
3 7547 7553 7554
3 7553 7559 7554
3 7555 5819 6427
3 5819 932 6427
3 7556 7555 6429
3 7555 6427 6429
3 7557 7556 6431
3 7556 6429 6431
3 7558 7557 6433
3 7557 6431 6433
3 7559 7558 6435
3 7558 6433 6435
3 7554 7559 6437
3 7559 6435 6437
3 6423 7554 6437
3 3330 3331 7560
3 3331 7561 7560
3 7560 2049 3330
3 2050 2049 7560
3 7560 7561 7562
3 7561 7563 7562
3 2050 7564 2061
3 2050 7560 7564
3 7560 7562 7564
3 2061 7565 2062
3 7564 7565 2061
3 7565 2063 2062
3 7562 7563 7566
3 7563 7567 7566
3 7564 7562 7568
3 7562 7566 7568
3 7565 7564 7569
3 7564 7568 7569
3 2063 7570 2070
3 2063 7565 7570
3 7565 7569 7570
3 7570 2071 2070
3 7566 7567 7571
3 7567 7572 7571
3 7568 7566 7573
3 7566 7571 7573
3 7569 7568 7574
3 7568 7573 7574
3 7570 7569 7575
3 7569 7574 7575
3 2071 2077 2076
3 2071 7570 2077
3 7570 7575 2077
3 7571 7572 7576
3 7572 7577 7576
3 7573 7571 7578
3 7571 7576 7578
3 7574 7573 7579
3 7573 7578 7579
3 7575 7574 7580
3 7574 7579 7580
3 2077 7575 2081
3 7575 7580 2081
3 7576 7577 7581
3 7577 7582 7581
3 7578 7576 7583
3 7576 7581 7583
3 7579 7578 7584
3 7578 7583 7584
3 7580 7579 7585
3 7579 7584 7585
3 2085 7585 2086
3 2085 2081 7585
3 2081 7580 7585
3 7581 7582 7586
3 7582 7587 7586
3 7583 7581 7588
3 7581 7586 7588
3 7584 7583 7589
3 7583 7588 7589
3 7585 7584 7590
3 7584 7589 7590
3 2086 7591 2090
3 2086 7585 7591
3 7585 7590 7591
3 7591 2091 2090
3 7586 7587 7592
3 7587 7593 7592
3 7588 7586 7594
3 7586 7592 7594
3 7589 7588 7595
3 7588 7594 7595
3 7590 7589 7596
3 7589 7595 7596
3 7591 7590 7597
3 7590 7596 7597
3 2091 7598 2092
3 2091 7591 7598
3 7591 7597 7598
3 2092 7599 2095
3 7598 7599 2092
3 2095 7599 2094
3 7599 2097 2094
3 7600 4269 7601
3 4269 4270 7601
3 7602 7600 7603
3 7600 7601 7603
3 7604 7602 7605
3 7602 7603 7605
3 7606 7604 7607
3 7604 7605 7607
3 7608 7606 7609
3 7606 7607 7609
3 7610 7608 7611
3 7608 7609 7611
3 7612 7610 7613
3 7610 7611 7613
3 7593 7612 7614
3 7612 7613 7614
3 7601 4270 7615
3 4270 4278 7615
3 7603 7601 7616
3 7601 7615 7616
3 7605 7603 7617
3 7603 7616 7617
3 7607 7605 7618
3 7605 7617 7618
3 7609 7607 7619
3 7607 7618 7619
3 7611 7609 7620
3 7609 7619 7620
3 7613 7611 7621
3 7611 7620 7621
3 7614 7613 7622
3 7613 7621 7622
3 7615 4278 7623
3 4278 4281 7623
3 7616 7615 7624
3 7615 7623 7624
3 7617 7616 7625
3 7616 7624 7625
3 7618 7617 7626
3 7617 7625 7626
3 7619 7618 7627
3 7618 7626 7627
3 7620 7619 7628
3 7619 7627 7628
3 7621 7620 7629
3 7620 7628 7629
3 7622 7621 7630
3 7621 7629 7630
3 546 7623 553
3 7623 4281 553
3 546 7631 7623
3 7631 7624 7623
3 7625 7624 7632
3 7624 7631 7632
3 7626 7625 7633
3 7625 7632 7633
3 547 7633 548
3 547 7627 7633
3 7627 7626 7633
3 7627 550 7628
3 547 550 7627
3 552 7628 550
3 552 7634 7628
3 7634 7629 7628
3 7630 7629 7635
3 7629 7634 7635
3 7631 546 556
3 558 7631 556
3 558 7632 7631
3 559 558 560
3 559 7633 558
3 7633 7632 558
3 7633 559 548
3 7634 564 572
3 552 564 7634
3 7635 7634 7636
3 7634 572 7636
3 572 574 7636
3 6195 6194 7637
3 6194 7638 7637
3 6196 6195 7639
3 6195 7637 7639
3 6197 6196 7640
3 6196 7639 7640
3 6198 6197 7641
3 6197 7640 7641
3 6199 6198 7642
3 6198 7641 7642
3 7643 6200 7642
3 6200 6199 7642
3 6200 7644 6201
3 7643 7644 6200
3 6201 7644 5302
3 7637 7638 7645
3 7638 7646 7645
3 7639 7637 7647
3 7637 7645 7647
3 7640 7639 7648
3 7639 7647 7648
3 7641 7640 7649
3 7640 7648 7649
3 7642 7649 7650
3 7642 7641 7649
3 7645 7646 7651
3 7646 7652 7651
3 7647 7645 7653
3 7645 7651 7653
3 7654 7653 7655
3 7654 7648 7653
3 7648 7647 7653
3 7648 7656 7649
3 7654 7656 7648
3 7649 7656 7650
3 7657 7651 7652
3 7658 777 779
3 7643 7642 7659
3 7644 7643 7659
3 7660 7644 7659
3 5302 7644 7660
3 5302 7660 7661
3 7642 7650 7662
3 7642 7662 7659
3 7659 7662 7663
3 7660 7659 7664
3 7659 7663 7664
3 7661 7660 7665
3 7660 7664 7665
3 7666 7656 7654
3 7650 7656 7666
3 7650 7666 7662
3 7662 7666 7667
3 7663 7662 7668
3 7662 7667 7668
3 7664 7663 7669
3 7663 7668 7669
3 7665 7664 7670
3 7664 7669 7670
3 7671 7672 7673
3 7651 7657 7674
3 7675 7651 7674
3 7653 7651 7675
3 7676 7653 7675
3 7655 7653 7676
3 7655 7676 7654
3 7654 7676 7677
3 7666 7654 7678
3 7654 7677 7678
3 7667 7666 7679
3 7666 7678 7679
3 7668 7667 7680
3 7667 7679 7680
3 7669 7668 7672
3 7668 7680 7672
3 7671 7670 7672
3 7670 7669 7672
3 7683 7682 7681
3 7684 7682 7683
3 7685 7684 7683
3 7672 7684 7685
3 7686 7672 7685
3 7672 7686 7673
3 7673 7686 7687
3 7675 7674 7688
3 7674 7689 7688
3 7676 7675 7690
3 7675 7688 7690
3 7677 7676 7691
3 7676 7690 7691
3 7681 7678 7691
3 7678 7677 7691
3 7678 7682 7679
3 7681 7682 7678
3 7679 7684 7680
3 7682 7684 7679
3 7684 7672 7680
3 7692 7693 7694
3 7695 7692 7694
3 7696 7695 7694
3 7697 7695 7696
3 7698 7697 7696
3 7699 7697 7698
3 7700 7699 7698
3 7701 7702 7703
3 7704 7701 7703
3 7705 7701 7704
3 7706 7705 7704
3 7691 7705 7706
3 7707 7691 7706
3 7681 7691 7707
3 7681 7707 7708
3 7692 7708 7693
3 7692 7683 7708
3 7683 7681 7708
3 7683 7695 7685
3 7692 7695 7683
3 7685 7697 7686
3 7695 7697 7685
3 7686 7699 7687
3 7697 7699 7686
3 7689 7701 7688
3 7702 7701 7689
3 7688 7705 7690
3 7701 7705 7688
3 7705 7691 7690
3 7716 7717 7718
3 7719 7716 7718
3 7720 7716 7719
3 7721 7720 7719
3 7721 7710 7709
3 7721 7709 7720
3 7720 7709 7722
3 7708 7722 7711
3 7711 7722 7709
3 7693 7712 7694
3 7693 7708 7712
3 7708 7711 7712
3 7694 7713 7696
3 7712 7713 7694
3 7696 7714 7698
3 7713 7714 7696
3 7698 7715 7700
3 7714 7715 7698
3 7703 7716 7704
3 7717 7716 7703
3 7704 7720 7706
3 7716 7720 7704
3 7706 7722 7707
3 7720 7722 7706
3 7722 7708 7707
3 7718 7723 7719
3 7724 7723 7718
3 7723 7721 7719
3 7725 7726 7727
3 7728 7725 7727
3 7729 7725 7728
3 7730 7729 7728
3 7731 7729 7730
3 7732 7731 7730
3 7733 7731 7732
3 7734 7733 7732
3 7735 7733 7734
3 7736 7735 7734
3 7737 7735 7736
3 7738 7737 7736
3 7737 7738 7739
3 7739 7738 7740
3 7741 7739 7742
3 7739 7740 7742
3 5926 7725 7743
3 7726 7725 5926
3 7743 7729 7744
3 7725 7729 7743
3 7744 7731 7745
3 7729 7731 7744
3 7745 7733 7746
3 7731 7733 7745
3 7746 7735 7747
3 7733 7735 7746
3 7735 7737 7747
3 7728 7727 7751
3 7727 7752 7751
3 7730 7728 7753
3 7728 7751 7753
3 7732 7730 7754
3 7730 7753 7754
3 7734 7732 7755
3 7732 7754 7755
3 7736 7734 7756
3 7734 7755 7756
3 7738 7736 7757
3 7736 7756 7757
3 7748 7757 7749
3 7748 7740 7757
3 7740 7738 7757
3 7740 7750 7742
3 7748 7750 7740
3 7761 7760 7758
3 7762 7760 7761
3 7763 7762 7761
3 7764 7762 7763
3 7765 7764 7763
3 7749 7764 7765
3 7749 7765 7748
3 7748 7765 7766
3 7750 7748 7767
3 7748 7766 7767
3 7751 7752 7768
3 7752 7769 7768
3 7753 7751 7770
3 7751 7768 7770
3 7758 7770 7759
3 7758 7754 7770
3 7754 7753 7770
3 7754 7760 7755
3 7758 7760 7754
3 7755 7762 7756
3 7760 7762 7755
3 7756 7764 7757
3 7762 7764 7756
3 7757 7764 7749
3 7771 7772 7773
3 7770 7771 7773
3 7774 7770 7773
3 7759 7770 7774
3 7759 7774 7758
3 7758 7774 7775
3 7761 7758 7776
3 7758 7775 7776
3 7763 7761 7777
3 7761 7776 7777
3 7765 7763 7778
3 7763 7777 7778
3 7766 7765 7779
3 7765 7778 7779
3 7767 7766 7780
3 7766 7779 7780
3 7771 7781 7772
3 7771 7768 7781
3 7768 7769 7781
3 7771 7770 7768
3 7772 7781 7782
3 7772 7782 7773
3 7773 7782 7783
3 7774 7773 7784
3 7773 7783 7784
3 7775 7774 7785
3 7774 7784 7785
3 7776 7775 7786
3 7775 7785 7786
3 7777 7776 7787
3 7776 7786 7787
3 7778 7777 7788
3 7777 7787 7788
3 7779 7778 7789
3 7778 7788 7789
3 7780 7779 7790
3 7779 7789 7790
3 7783 7782 7791
3 7782 7792 7791
3 7793 7791 7794
3 7793 7784 7791
3 7784 7783 7791
3 7784 7795 7785
3 7793 7795 7784
3 7795 7796 7785
3 7796 7786 7785
3 7787 7786 7797
3 7786 7796 7797
3 7788 7787 7798
3 7787 7797 7798
3 7799 7798 7800
3 7799 7789 7798
3 7789 7788 7798
3 7789 7801 7790
3 7799 7801 7789
3 5461 7791 7792
3 7796 7795 7802
3 7796 7803 7797
3 7802 7803 7796
3 7803 7798 7797
3 7804 7805 7806
3 7807 7804 7806
3 7808 7804 7807
3 7809 7808 7807
3 7810 7808 7809
3 7811 7810 7809
3 7812 7810 7811
3 7813 7812 7811
3 7814 7812 7813
3 7815 7814 7813
3 7816 7814 7815
3 7817 7816 7815
3 7818 7816 7817
3 1074 7804 5156
3 7805 7804 1074
3 5156 7808 5157
3 7804 7808 5156
3 5157 7810 5158
3 7808 7810 5157
3 5158 7812 5159
3 7810 7812 5158
3 5159 7814 5161
3 7812 7814 5159
3 5161 7816 5163
3 7814 7816 5161
3 5163 7818 5165
3 7816 7818 5163
3 5165 7819 2596
3 7818 7819 5165
3 7807 7806 7820
3 7806 7821 7820
3 7809 7807 7822
3 7807 7820 7822
3 7811 7809 7823
3 7809 7822 7823
3 7813 7811 7824
3 7811 7823 7824
3 7815 7813 7825
3 7813 7824 7825
3 7817 7815 7826
3 7815 7825 7826
3 7818 7817 7827
3 7817 7826 7827
3 7819 7818 7828
3 7818 7827 7828
3 7829 7821 7830
3 7831 7829 7830
3 7832 7829 7831
3 7833 7832 7831
3 7823 7832 7833
3 7834 7823 7833
3 7824 7823 7834
3 7835 7824 7834
3 7836 7824 7835
3 7837 7836 7835
3 7838 7836 7837
3 7839 7838 7837
3 7840 7838 7839
3 7841 7840 7839
3 7842 7840 7841
3 7843 7842 7841
3 7821 7829 7820
3 7820 7832 7822
3 7829 7832 7820
3 7832 7823 7822
3 7824 7836 7825
3 7825 7838 7826
3 7836 7838 7825
3 7826 7840 7827
3 7838 7840 7826
3 7827 7842 7828
3 7840 7842 7827
3 7844 7845 7846
3 7847 7844 7846
3 7848 7844 7847
3 7849 7848 7847
3 7850 7848 7849
3 7851 7850 7849
3 7852 7850 7851
3 7853 7852 7851
3 7854 7852 7853
3 7855 7854 7853
3 7856 7854 7855
3 7857 7856 7855
3 7858 7856 7857
3 7830 7844 7831
3 7845 7844 7830
3 7831 7848 7833
3 7844 7848 7831
3 7833 7850 7834
3 7848 7850 7833
3 7834 7852 7835
3 7850 7852 7834
3 7835 7854 7837
3 7852 7854 7835
3 7837 7856 7839
3 7854 7856 7837
3 7839 7858 7841
3 7856 7858 7839
3 7859 7841 7858
3 7859 7860 7841
3 7860 7843 7841
3 7847 7846 7861
3 7846 7862 7861
3 7849 7847 7863
3 7847 7861 7863
3 7851 7849 7864
3 7849 7863 7864
3 7853 7851 7865
3 7851 7864 7865
3 7855 7853 7866
3 7853 7865 7866
3 7857 7855 7867
3 7855 7866 7867
3 7858 7857 7868
3 7857 7867 7868
3 7860 7859 7858
3 7860 7858 7869
3 7869 7858 7868
3 7870 7871 7872
3 7873 7870 7872
3 7874 7870 7873
3 7875 7874 7873
3 7876 7874 7875
3 7877 7876 7875
3 7878 7876 7877
3 7879 7878 7877
3 7880 7878 7879
3 7881 7880 7879
3 7882 7880 7881
3 7883 7882 7881
3 7884 7882 7883
3 7885 7884 7883
3 7886 7884 7885
3 7862 7870 7861
3 7871 7870 7862
3 7861 7874 7863
3 7870 7874 7861
3 7863 7876 7864
3 7874 7876 7863
3 7864 7878 7865
3 7876 7878 7864
3 7865 7880 7866
3 7878 7880 7865
3 7866 7882 7867
3 7880 7882 7866
3 7867 7884 7868
3 7882 7884 7867
3 7886 7868 7884
3 7886 7869 7868
3 7873 7872 7887
3 7872 7888 7887
3 7875 7873 7889
3 7873 7887 7889
3 7877 7875 7890
3 7875 7889 7890
3 7879 7877 7891
3 7877 7890 7891
3 7881 7879 7892
3 7879 7891 7892
3 7883 7881 7893
3 7881 7892 7893
3 7885 7883 7894
3 7883 7893 7894
3 7886 7885 7895
3 7895 7885 7894
3 7887 7888 7896
3 7888 7897 7896
3 7889 7887 7898
3 7887 7896 7898
3 7890 7889 7899
3 7889 7898 7899
3 7891 7890 7900
3 7890 7899 7900
3 7892 7891 7901
3 7891 7900 7901
3 7893 7892 7902
3 7892 7901 7902
3 7894 7893 7903
3 7893 7902 7903
3 7895 7894 4202
3 7894 7903 4202
3 7905 7904 7819
3 7906 7904 7905
3 2596 7904 2597
3 7819 7904 2596
3 2597 7906 2599
3 7904 7906 2597
3 7907 2599 7906
3 7907 7908 2599
3 7908 2601 2599
3 2603 2601 7909
3 2601 7908 7909
3 2605 2603 7910
3 2603 7909 7910
3 2607 2605 7911
3 2605 7910 7911
3 2608 2607 7912
3 7912 2607 7911
3 2609 2608 7912
3 2609 7912 1799
3 1799 7912 1801
3 7905 7819 7913
3 7819 7828 7913
3 7906 7905 7914
3 7905 7913 7914
3 7908 7907 7906
3 7908 7906 7915
3 7915 7906 7914
3 7909 7908 7915
3 7916 7909 7915
3 7910 7909 7916
3 7917 7910 7916
3 7918 7910 7917
3 7919 7918 7917
3 7920 7918 7919
3 7921 7920 7919
3 1820 7920 7921
3 1821 1820 7921
3 7910 7918 7911
3 7911 7920 7912
3 7918 7920 7911
3 7912 1820 1801
3 7920 1820 7912
3 7922 7842 7843
3 7923 7922 7843
3 7924 7922 7923
3 7925 7924 7923
3 7926 7924 7925
3 7927 7926 7925
3 7928 7926 7927
3 7929 7928 7927
3 7930 7928 7929
3 7931 7930 7929
3 7932 7930 7931
3 7828 7922 7913
3 7842 7922 7828
3 7913 7924 7914
3 7922 7924 7913
3 7914 7926 7915
3 7924 7926 7914
3 7915 7928 7916
3 7926 7928 7915
3 7916 7930 7917
3 7928 7930 7916
3 7917 7932 7919
3 7930 7932 7917
3 7919 7933 7921
3 7932 7933 7919
3 1836 7921 7933
3 1836 1821 7921
3 7923 7843 7934
3 7843 7860 7934
3 7925 7923 7935
3 7923 7934 7935
3 7927 7925 7936
3 7925 7935 7936
3 7929 7927 7937
3 7927 7936 7937
3 7931 7929 7938
3 7929 7937 7938
3 7932 7931 7939
3 7931 7938 7939
3 7933 7932 7940
3 7932 7939 7940
3 1836 7933 1845
3 1845 7933 7940
3 7941 7860 7869
3 7942 7941 7869
3 7943 7941 7942
3 7944 7943 7942
3 7945 7943 7944
3 7946 7945 7944
3 7947 7945 7946
3 7948 7947 7946
3 7949 7947 7948
3 7950 7949 7948
3 7951 7949 7950
3 7952 7951 7950
3 7953 7951 7952
3 7954 7953 7952
3 1862 7953 7954
3 1863 1862 7954
3 7860 7941 7934
3 7934 7943 7935
3 7941 7943 7934
3 7935 7945 7936
3 7943 7945 7935
3 7936 7947 7937
3 7945 7947 7936
3 7937 7949 7938
3 7947 7949 7937
3 7938 7951 7939
3 7949 7951 7938
3 7939 7953 7940
3 7951 7953 7939
3 7940 1862 1845
3 7953 1862 7940
3 7942 7869 7955
3 7869 7886 7955
3 7944 7942 7956
3 7942 7955 7956
3 7946 7944 7957
3 7944 7956 7957
3 7948 7946 7958
3 7946 7957 7958
3 7950 7948 7959
3 7948 7958 7959
3 7952 7950 7960
3 7950 7959 7960
3 7954 7952 7961
3 7952 7960 7961
3 1863 7954 1873
3 7954 7961 1873
3 7962 7886 7895
3 7963 7962 7895
3 7964 7962 7963
3 7965 7964 7963
3 7966 7964 7965
3 7967 7966 7965
3 7968 7966 7967
3 7969 7968 7967
3 7970 7968 7969
3 7971 7970 7969
3 7972 7970 7971
3 7973 7972 7971
3 7974 7972 7973
3 7886 7962 7955
3 7955 7964 7956
3 7962 7964 7955
3 7956 7966 7957
3 7964 7966 7956
3 7957 7968 7958
3 7966 7968 7957
3 7958 7970 7959
3 7968 7970 7958
3 7959 7972 7960
3 7970 7972 7959
3 7960 7974 7961
3 7972 7974 7960
3 7974 1886 7961
3 1886 1873 7961
3 7963 7895 4201
3 7895 4202 4201
3 7965 7963 4205
3 7963 4201 4205
3 7967 7965 4207
3 7965 4205 4207
3 7969 7967 4209
3 7967 4207 4209
3 7971 7969 4211
3 7969 4209 4211
3 7973 7971 4213
3 7971 4211 4213
3 7974 7973 4215
3 7973 4213 4215
3 1895 7974 1896
3 1896 7974 4215
3 1886 7974 1895
3 7975 3874 3875
3 7976 7975 3875
3 7977 7975 7976
3 7981 3884 7975
3 7975 3884 3874
3 7982 7981 7977
3 7977 7981 7975
3 7978 7983 7984
3 7978 7984 7977
3 7977 7984 7982
3 7985 7984 7983
3 7986 7985 7983
3 7987 7985 7986
3 7988 7987 7986
3 7988 7980 7979
3 7988 7979 7987
3 7987 7979 7989
3 7979 7990 7991
3 7979 7991 7989
3 7992 7991 7990
3 7993 7992 7990
3 1151 7981 1152
3 3884 7981 1151
3 1152 7982 1154
3 7981 7982 1152
3 1154 7984 1156
3 7982 7984 1154
3 1156 7985 1158
3 7984 7985 1156
3 1158 7987 1160
3 7985 7987 1158
3 1160 7989 1162
3 7987 7989 1160
3 1162 7991 1164
3 7989 7991 1162
3 1164 7992 1166
3 7991 7992 1164
3 7994 7995 3888
3 3888 7995 3904
3 7996 7995 7994
3 7997 7996 7994
3 7998 7996 7997
3 7999 7998 7997
3 8000 7998 7999
3 8001 8000 7999
3 8002 8000 8001
3 8003 8002 8001
3 8004 8002 8003
3 8005 8004 8003
3 8006 8004 8005
3 8007 8006 8005
3 8008 8006 8007
3 8009 8008 8007
3 3875 7995 7976
3 3904 7995 3875
3 7976 7996 7977
3 7995 7996 7976
3 7977 7983 7978
3 7977 7996 7983
3 7996 7998 7983
3 8010 7983 8000
3 8000 7983 7998
3 7988 8010 8002
3 8002 8010 8000
3 7980 8004 7979
3 7980 7988 8004
3 7988 8002 8004
3 7979 8004 7990
3 8004 8006 7990
3 7993 7990 8008
3 8008 7990 8006
3 7983 8010 7986
3 8010 7988 7986
3 8011 3920 3921
3 8012 8011 3921
3 8013 8011 8012
3 8014 8013 8012
3 8015 8013 8014
3 8016 8015 8014
3 8017 8015 8016
3 8018 8017 8016
3 8019 8017 8018
3 8020 8019 8018
3 8021 8019 8020
3 8022 8021 8020
3 8023 8021 8022
3 8024 8023 8022
3 8025 8023 8024
3 8026 8025 8024
3 3888 3920 7994
3 3920 8011 7994
3 8027 7994 8013
3 8013 7994 8011
3 8028 8027 8015
3 8015 8027 8013
3 8029 8028 8017
3 8017 8028 8015
3 8003 8029 8019
3 8019 8029 8017
3 8005 8003 8021
3 8021 8003 8019
3 8007 8005 8023
3 8023 8005 8021
3 8030 8007 8025
3 8025 8007 8023
3 7994 8027 7997
3 7997 8028 7999
3 8027 8028 7997
3 7999 8029 8001
3 8028 8029 7999
3 8029 8003 8001
3 8007 8030 8009
3 3921 8031 8012
3 3936 8031 3921
3 8012 8032 8014
3 8031 8032 8012
3 8014 8033 8016
3 8032 8033 8014
3 8016 8034 8018
3 8033 8034 8016
3 8018 8035 8020
3 8034 8035 8018
3 8020 8036 8022
3 8035 8036 8020
3 8022 8037 8024
3 8036 8037 8022
3 8024 8038 8026
3 8037 8038 8024
3 392 393 8039
3 393 8040 8039
3 394 392 8041
3 392 8039 8041
3 395 394 8042
3 394 8041 8042
3 396 395 8043
3 395 8042 8043
3 397 396 8044
3 396 8043 8044
3 398 397 8045
3 397 8044 8045
3 399 398 8046
3 398 8045 8046
3 400 399 6850
3 399 8046 6850
3 8039 8040 8047
3 8040 8048 8047
3 8041 8039 8049
3 8039 8047 8049
3 8042 8041 8050
3 8041 8049 8050
3 8043 8042 8051
3 8042 8050 8051
3 8044 8043 8052
3 8043 8051 8052
3 8045 8044 8053
3 8044 8052 8053
3 8046 8045 8054
3 8045 8053 8054
3 6850 8046 6866
3 8046 8054 6866
3 8047 8048 8055
3 8048 8056 8055
3 8049 8047 8057
3 8047 8055 8057
3 8050 8049 8058
3 8049 8057 8058
3 8051 8050 8059
3 8050 8058 8059
3 8052 8051 8060
3 8051 8059 8060
3 8053 8052 8061
3 8052 8060 8061
3 8054 8053 8062
3 8053 8061 8062
3 6866 8054 6875
3 8054 8062 6875
3 8055 8056 8063
3 8056 8064 8063
3 8057 8055 8065
3 8055 8063 8065
3 8058 8057 8066
3 8057 8065 8066
3 8059 8058 8067
3 8058 8066 8067
3 8060 8059 8068
3 8059 8067 8068
3 8061 8060 8069
3 8060 8068 8069
3 8062 8061 8070
3 8061 8069 8070
3 6875 8062 6884
3 8062 8070 6884
3 8063 8064 8071
3 8064 8072 8071
3 8065 8063 8073
3 8063 8071 8073
3 8066 8065 8074
3 8065 8073 8074
3 8067 8066 8075
3 8066 8074 8075
3 8068 8067 8076
3 8067 8075 8076
3 8069 8068 8077
3 8068 8076 8077
3 8070 8069 8078
3 8069 8077 8078
3 6884 8070 6893
3 8070 8078 6893
3 8071 8072 8079
3 8072 8080 8079
3 8073 8071 8081
3 8071 8079 8081
3 8074 8073 8082
3 8073 8081 8082
3 8075 8074 8083
3 8074 8082 8083
3 8076 8075 8084
3 8075 8083 8084
3 8077 8076 8085
3 8076 8084 8085
3 8078 8077 8086
3 8077 8085 8086
3 6893 8078 6902
3 8078 8086 6902
3 8079 8080 8087
3 8080 8088 8087
3 8081 8079 8089
3 8079 8087 8089
3 8082 8081 8090
3 8081 8089 8090
3 8083 8082 8091
3 8082 8090 8091
3 8084 8083 8092
3 8083 8091 8092
3 8085 8084 8093
3 8084 8092 8093
3 8086 8085 8094
3 8085 8093 8094
3 6902 8086 6911
3 8086 8094 6911
3 3399 2140 3400
3 3399 8087 2140
3 8087 8088 2140
3 8087 3401 8089
3 3399 3401 8087
3 8089 3403 8090
3 3401 3403 8089
3 3404 8090 3403
3 3404 8095 8090
3 8095 8091 8090
3 3405 8095 3406
3 3405 8092 8095
3 8092 8091 8095
3 8092 3407 8093
3 3405 3407 8092
3 3408 8093 3407
3 3408 8096 8093
3 8096 8094 8093
3 6911 8094 4252
3 8094 8096 4252
3 8097 8098 8099
3 8098 8100 8101
3 8098 8097 8100
3 8097 8102 8100
3 8101 8103 8104
3 8100 8103 8101
3 8103 8105 8104
3 8106 8107 8108
3 8106 8109 8110
3 8108 8109 8106
3 8110 8111 8112
3 8110 8109 8111
3 8109 8113 8111
3 8100 8102 8114
3 8102 8115 8114
3 8103 8100 8116
3 8100 8114 8116
3 8105 8117 8118
3 8105 8103 8117
3 8103 8116 8117
3 8118 8108 8107
3 8118 8117 8108
3 8117 8119 8108
3 8109 8108 8120
3 8108 8119 8120
3 8113 8109 8121
3 8109 8120 8121
3 8122 8113 8123
3 8113 8121 8123
3 8114 8115 8124
3 8115 8125 8124
3 8116 8114 8126
3 8114 8124 8126
3 8117 8116 8127
3 8116 8126 8127
3 8119 8117 8128
3 8117 8127 8128
3 8120 8119 8129
3 8119 8128 8129
3 8121 8120 8130
3 8120 8129 8130
3 8131 8130 8132
3 8131 8123 8130
3 8123 8121 8130
3 8124 8125 8133
3 8125 8134 8133
3 8126 8124 8135
3 8124 8133 8135
3 8127 8126 8136
3 8126 8135 8136
3 8128 8127 8137
3 8127 8136 8137
3 8129 8128 8138
3 8128 8137 8138
3 8130 8129 8139
3 8129 8138 8139
3 8139 8132 8130
3 8140 8132 8139
3 8133 8134 8141
3 8134 8142 8141
3 8135 8133 8143
3 8133 8141 8143
3 8136 8135 8144
3 8135 8143 8144
3 8137 8136 8145
3 8136 8144 8145
3 8138 8137 8146
3 8137 8145 8146
3 8139 8138 8147
3 8138 8146 8147
3 8140 8148 8149
3 8140 8139 8148
3 8139 8147 8148
3 8149 3328 3325
3 8148 3328 8149
3 8141 8142 8150
3 8142 6863 8150
3 8143 8141 8151
3 8141 8150 8151
3 8144 8143 8152
3 8143 8151 8152
3 8145 8144 8153
3 8144 8152 8153
3 8146 8145 8154
3 8145 8153 8154
3 8147 8146 8155
3 8146 8154 8155
3 8148 8147 8156
3 8147 8155 8156
3 3328 8148 3331
3 8148 8156 3331
3 3400 2139 2141
3 3400 2141 3399
3 3399 2141 8157
3 3402 3399 8158
3 3399 8157 8158
3 3403 3402 8159
3 3402 8158 8159
3 8095 3404 3403
3 8095 3403 8160
3 8160 3403 8159
3 3406 8095 8160
3 3406 8160 3405
3 3405 8160 8161
3 3407 3405 8162
3 3405 8161 8162
3 8163 3408 3407
3 8163 3407 8164
3 8164 3407 8162
3 4253 8163 8164
3 8165 4253 8164
3 8157 2141 8166
3 2141 2149 8166
3 8158 8157 8167
3 8157 8166 8167
3 8159 8158 8168
3 8158 8167 8168
3 8160 8159 8169
3 8159 8168 8169
3 8161 8160 8170
3 8160 8169 8170
3 8162 8161 8171
3 8161 8170 8171
3 8164 8162 8172
3 8162 8171 8172
3 8165 8164 8173
3 8164 8172 8173
3 8166 2149 8174
3 2149 2157 8174
3 8167 8166 8175
3 8166 8174 8175
3 8168 8167 8176
3 8167 8175 8176
3 8169 8168 8177
3 8168 8176 8177
3 8170 8169 8178
3 8169 8177 8178
3 8171 8170 8179
3 8170 8178 8179
3 8172 8171 8180
3 8171 8179 8180
3 8173 8172 8181
3 8172 8180 8181
3 8174 2157 8182
3 2157 2165 8182
3 8175 8174 8183
3 8174 8182 8183
3 8176 8175 8184
3 8175 8183 8184
3 8177 8176 8185
3 8176 8184 8185
3 8178 8177 8186
3 8177 8185 8186
3 8179 8178 8187
3 8178 8186 8187
3 8180 8179 8188
3 8179 8187 8188
3 8181 8180 8189
3 8180 8188 8189
3 8182 2165 8190
3 2165 2177 8190
3 8183 8182 8191
3 8182 8190 8191
3 8184 8183 8192
3 8183 8191 8192
3 8185 8184 8193
3 8184 8192 8193
3 8186 8185 8194
3 8185 8193 8194
3 8187 8186 8195
3 8186 8194 8195
3 8188 8187 8196
3 8187 8195 8196
3 8189 8188 8197
3 8188 8196 8197
3 8198 2177 2189
3 8199 8198 2189
3 8200 8198 8199
3 8201 8200 8199
3 8202 8200 8201
3 8203 8202 8201
3 8204 8202 8203
3 8205 8204 8203
3 8206 8204 8205
3 8207 8206 8205
3 8208 8206 8207
3 8209 8208 8207
3 8210 8208 8209
3 8211 8210 8209
3 8212 8210 8211
3 8213 8212 8211
3 2177 8198 8190
3 8190 8200 8191
3 8198 8200 8190
3 8191 8202 8192
3 8200 8202 8191
3 8192 8204 8193
3 8202 8204 8192
3 8193 8206 8194
3 8204 8206 8193
3 8194 8208 8195
3 8206 8208 8194
3 8195 8210 8196
3 8208 8210 8195
3 8196 8212 8197
3 8210 8212 8196
3 8199 2189 8214
3 2189 2197 8214
3 8201 8199 8215
3 8199 8214 8215
3 8203 8201 8216
3 8201 8215 8216
3 8205 8203 8217
3 8203 8216 8217
3 8207 8205 8218
3 8205 8217 8218
3 8209 8207 8219
3 8207 8218 8219
3 8211 8209 8220
3 8209 8219 8220
3 8213 8211 8221
3 8211 8220 8221
3 8214 2197 8222
3 2197 470 8222
3 8215 8214 8223
3 8214 8222 8223
3 8216 8215 8224
3 8215 8223 8224
3 8217 8216 8225
3 8216 8224 8225
3 8218 8217 8226
3 8217 8225 8226
3 8219 8218 8227
3 8218 8226 8227
3 8220 8219 8228
3 8219 8227 8228
3 8221 8220 8229
3 8220 8228 8229
3 4138 4139 8230
3 4138 8230 8231
3 3696 8231 8232
3 8231 8230 8232
3 4139 4147 8230
3 4147 4148 8233
3 4147 8233 8230
3 8230 8233 8232
3 8233 4148 2446
3 8236 5669 8237
3 5669 5668 8237
3 8234 8238 8237
3 8238 8236 8237
3 8235 8238 8234
3 8235 8239 8238
3 8239 8240 8238
3 8241 8240 8242
3 8240 8239 8242
3 8243 8241 8244
3 8241 8242 8244
3 8245 8243 8246
3 8243 8244 8246
3 8247 8245 8248
3 8245 8246 8248
3 7335 8247 7337
3 8247 8248 7337
3 8237 5678 5679
3 8249 8237 5679
3 8234 8237 8249
3 8234 8249 8250
3 8239 8235 8234
3 8239 8234 8251
3 8251 8234 8250
3 8252 8239 8251
3 8253 8252 8251
3 8254 8252 8253
3 8255 8254 8253
3 8256 8254 8255
3 8257 8256 8255
3 8258 8256 8257
3 8259 8258 8257
3 7347 8258 8259
3 7348 7347 8259
3 5678 8237 5668
3 8239 8252 8242
3 8242 8254 8244
3 8252 8254 8242
3 8244 8256 8246
3 8254 8256 8244
3 8246 8258 8248
3 8256 8258 8246
3 8248 7347 7337
3 8258 7347 8248
3 8249 5679 8260
3 5679 5691 8260
3 8250 8249 8261
3 8249 8260 8261
3 8251 8250 8262
3 8250 8261 8262
3 8253 8251 8263
3 8251 8262 8263
3 8255 8253 8264
3 8253 8263 8264
3 8257 8255 8265
3 8255 8264 8265
3 8259 8257 8266
3 8257 8265 8266
3 7348 8259 7358
3 8259 8266 7358
3 8267 5704 5705
3 8268 8267 5705
3 8269 8267 8268
3 8270 8269 8268
3 8271 8269 8270
3 8272 8271 8270
3 8273 8271 8272
3 8274 8273 8272
3 8275 8273 8274
3 8276 8275 8274
3 8277 8275 8276
3 8278 8277 8276
3 8279 8277 8278
3 8280 8279 8278
3 7367 8279 8280
3 7368 7367 8280
3 5691 8267 8260
3 5704 8267 5691
3 8260 8269 8261
3 8267 8269 8260
3 8261 8271 8262
3 8269 8271 8261
3 8262 8273 8263
3 8271 8273 8262
3 8263 8275 8264
3 8273 8275 8263
3 8264 8277 8265
3 8275 8277 8264
3 8265 8279 8266
3 8277 8279 8265
3 8266 7367 7358
3 8279 7367 8266
3 8268 5705 8281
3 5705 5717 8281
3 8270 8268 8282
3 8268 8281 8282
3 8272 8270 8283
3 8270 8282 8283
3 8274 8272 8284
3 8272 8283 8284
3 8276 8274 8285
3 8274 8284 8285
3 8278 8276 8286
3 8276 8285 8286
3 8280 8278 8287
3 8278 8286 8287
3 7368 8280 7385
3 8280 8287 7385
3 8288 5729 5730
3 8289 8288 5730
3 8290 8288 8289
3 8291 8290 8289
3 8292 8290 8291
3 8293 8292 8291
3 8294 8292 8293
3 8295 8294 8293
3 8296 8294 8295
3 8297 8296 8295
3 8298 8296 8297
3 8299 8298 8297
3 8300 8298 8299
3 8301 8300 8299
3 7394 8300 8301
3 7395 7394 8301
3 5717 8288 8281
3 5729 8288 5717
3 8281 8290 8282
3 8288 8290 8281
3 8282 8292 8283
3 8290 8292 8282
3 8283 8294 8284
3 8292 8294 8283
3 8284 8296 8285
3 8294 8296 8284
3 8285 8298 8286
3 8296 8298 8285
3 8286 8300 8287
3 8298 8300 8286
3 8287 7394 7385
3 8300 7394 8287
3 8289 5730 8302
3 5730 5740 8302
3 8291 8289 8303
3 8289 8302 8303
3 8293 8291 8304
3 8291 8303 8304
3 8295 8293 8305
3 8293 8304 8305
3 8297 8295 8306
3 8295 8305 8306
3 8299 8297 8307
3 8297 8306 8307
3 8301 8299 8308
3 8299 8307 8308
3 7395 8301 7412
3 8301 8308 7412
3 8309 5752 2697
3 2696 8309 2697
3 8310 8309 2696
3 2700 8310 2696
3 8311 8310 2700
3 2702 8311 2700
3 8312 8311 2702
3 2704 8312 2702
3 8313 8312 2704
3 2706 8313 2704
3 8314 8313 2706
3 2708 8314 2706
3 8315 8314 2708
3 2710 8315 2708
3 7421 8315 2710
3 2712 7421 2710
3 5740 8309 8302
3 5752 8309 5740
3 8302 8310 8303
3 8309 8310 8302
3 8303 8311 8304
3 8310 8311 8303
3 8304 8312 8305
3 8311 8312 8304
3 8305 8313 8306
3 8312 8313 8305
3 8306 8314 8307
3 8313 8314 8306
3 8307 8315 8308
3 8314 8315 8307
3 8308 7421 7412
3 8315 7421 8308
3 8316 6935 6936
3 8317 8316 6936
3 8318 8316 8317
3 8319 8318 8317
3 8320 8318 8319
3 8321 8320 8319
3 8322 8320 8321
3 8323 8322 8321
3 8324 8322 8323
3 8326 8325 8324
3 8327 8325 8326
3 8328 8327 8326
3 8329 8327 8328
3 6942 8316 8330
3 6935 8316 6942
3 8330 8318 8331
3 8316 8318 8330
3 8331 8320 8332
3 8318 8320 8331
3 8332 8322 8333
3 8320 8322 8332
3 8333 8324 8334
3 8322 8324 8333
3 8334 8325 8335
3 8324 8325 8334
3 8335 8327 8336
3 8325 8327 8335
3 8336 8329 5552
3 8327 8329 8336
3 8317 6936 8337
3 6936 6951 8337
3 8319 8317 8338
3 8317 8337 8338
3 8321 8319 8339
3 8319 8338 8339
3 8323 8321 8340
3 8321 8339 8340
3 8324 8323 8341
3 8323 8340 8341
3 8326 8324 8342
3 8324 8341 8342
3 8328 8326 8343
3 8326 8342 8343
3 8329 8328 8344
3 8328 8343 8344
3 6951 1006 8337
3 1007 1006 6951
3 8337 1008 8338
3 1006 1008 8337
3 8338 1009 8339
3 1008 1009 8338
3 8339 1010 8340
3 1009 1010 8339
3 1011 8340 1010
3 1011 1017 8340
3 1017 8341 8340
3 8342 8341 1019
3 8341 1017 1019
3 8343 8342 1021
3 8342 1019 1021
3 8344 8343 8345
3 8343 1021 8345
3 1021 1023 8345
3 8346 8347 8351
3 8351 8347 8352
3 8353 8352 8348
3 8348 8352 8347
3 8354 8353 8349
3 8349 8353 8348
3 8355 8354 8350
3 8350 8354 8349
3 3928 3929 8352
3 8352 3929 8351
3 3930 3928 8353
3 8353 3928 8352
3 3931 3930 8354
3 8354 3930 8353
3 3932 3931 8355
3 8355 3931 8354
3 3933 3932 8356
3 8356 3932 8355
3 3934 3933 8357
3 8357 3933 8356
3 3935 3934 8358
3 8358 3934 8357
3 3936 3935 8359
3 8359 3935 8358
3 8360 8361 8362
3 8363 8360 8362
3 8364 8363 8362
3 3846 8363 8364
3 3846 8364 3847
3 3847 8364 8365
3 3848 3847 7054
3 3847 8365 7054
3 3851 3850 8366
3 3850 6103 8366
3 3853 3851 8367
3 3851 8366 8367
3 3855 3853 8368
3 3853 8367 8368
3 3856 3855 8369
3 3855 8368 8369
3 8360 8369 8361
3 8360 3857 8369
3 3857 3856 8369
3 3857 8363 3858
3 8360 8363 3857
3 3858 8363 3846
3 7057 8370 7058
3 8374 8373 8371
3 8369 8373 8374
3 8375 8369 8374
3 8361 8369 8375
3 8361 8375 8362
3 8362 8375 8376
3 8364 8362 8377
3 8362 8376 8377
3 8365 8364 8378
3 8364 8377 8378
3 7057 8378 8370
3 7057 7054 8378
3 8366 6103 8379
3 6103 6126 8379
3 8371 8379 8372
3 8371 8367 8379
3 8367 8366 8379
3 8367 8373 8368
3 8371 8373 8367
3 8373 8369 8368
3 8383 8382 8380
3 8370 8382 8383
3 8370 8383 7058
3 7058 8383 7067
3 8384 6134 6135
3 8385 8384 6135
3 8372 8384 8385
3 8372 8385 8371
3 8371 8385 8386
3 8374 8371 8387
3 8371 8386 8387
3 8375 8374 8388
3 8374 8387 8388
3 8376 8375 8389
3 8375 8388 8389
3 8380 8389 8381
3 8380 8377 8389
3 8377 8376 8389
3 8377 8382 8378
3 8380 8382 8377
3 8378 8382 8370
3 6126 8384 8379
3 6134 8384 6126
3 8379 8384 8372
3 8390 8391 8392
3 8393 8390 8392
3 8394 8393 8392
3 8395 8393 8394
3 8396 8395 8394
3 8381 8395 8396
3 8381 8396 8380
3 8380 8396 8397
3 8383 8380 8398
3 8380 8397 8398
3 7067 8383 7072
3 8383 8398 7072
3 8385 6135 8399
3 6135 6149 8399
3 8386 8385 8391
3 8385 8399 8391
3 8390 8387 8391
3 8387 8386 8391
3 8387 8393 8388
3 8390 8393 8387
3 8388 8395 8389
3 8393 8395 8388
3 8389 8395 8381
3 8401 8400 6158
3 8391 8400 8401
3 8402 8391 8401
3 8391 8402 8392
3 8392 8402 8403
3 8394 8392 8404
3 8392 8403 8404
3 8396 8394 8405
3 8394 8404 8405
3 8397 8396 8406
3 8396 8405 8406
3 5284 8398 8406
3 8398 8397 8406
3 8398 5285 7072
3 5284 5285 8398
3 6149 8400 8399
3 6158 8400 6149
3 8400 8391 8399
3 8401 6158 8407
3 6158 6174 8407
3 8402 8401 8408
3 8401 8407 8408
3 8403 8402 8409
3 8402 8408 8409
3 8404 8403 8410
3 8403 8409 8410
3 8405 8404 8411
3 8404 8410 8411
3 5287 8411 5288
3 5287 8406 8411
3 8406 8405 8411
3 8406 5287 5284
3 8407 6174 8412
3 6174 6189 8412
3 8408 8407 8413
3 8407 8412 8413
3 8409 8408 8414
3 8408 8413 8414
3 8410 8409 5307
3 8409 8414 5307
3 5292 5307 5293
3 5292 8411 5307
3 8411 8410 5307
3 8411 5292 5288
3 6189 5301 8412
3 5302 5301 6189
3 8412 5303 8413
3 5301 5303 8412
3 8413 5305 8414
3 5303 5305 8413
3 5305 5307 8414
3 8415 7897 8416
3 8417 8415 8416
3 7898 8415 8417
3 8418 7898 8417
3 7899 7898 8418
3 8419 7899 8418
3 8420 7899 8419
3 8421 8420 8419
3 8422 8420 8421
3 8423 8422 8421
3 8424 8422 8423
3 8425 8424 8423
3 8426 8424 8425
3 7897 8415 7896
3 8415 7898 7896
3 7899 8420 7900
3 7900 8422 7901
3 8420 8422 7900
3 7901 8424 7902
3 8422 8424 7901
3 8426 7902 8424
3 8426 8427 7902
3 8427 7903 7902
3 4202 7903 4204
3 7903 8427 4204
3 8417 8416 8428
3 8416 8429 8428
3 8418 8417 8430
3 8417 8428 8430
3 8419 8418 8431
3 8418 8430 8431
3 8421 8419 8432
3 8419 8431 8432
3 8423 8421 8433
3 8421 8432 8433
3 8425 8423 8434
3 8423 8433 8434
3 8435 8426 8425
3 8435 8425 8436
3 8436 8425 8434
3 4219 8435 8436
3 4220 4219 8436
3 8427 8426 8435
3 8427 4219 4204
3 8435 4219 8427
3 8428 8429 8437
3 8429 8438 8437
3 8430 8428 8439
3 8428 8437 8439
3 8431 8430 8440
3 8430 8439 8440
3 8432 8431 8441
3 8431 8440 8441
3 8433 8432 8442
3 8432 8441 8442
3 8434 8433 8443
3 8433 8442 8443
3 8436 8434 8444
3 8434 8443 8444
3 4220 8436 4233
3 8436 8444 4233
3 8438 4780 8437
3 4781 4780 8438
3 8437 4784 8439
3 4780 4784 8437
3 8439 4786 8440
3 4784 4786 8439
3 8440 4788 8441
3 4786 4788 8440
3 8441 4790 8442
3 4788 4790 8441
3 4792 8442 4790
3 4792 8445 8442
3 8445 8443 8442
3 8444 8443 8446
3 8443 8445 8446
3 4233 8444 4242
3 8444 8446 4242
3 8445 4792 4799
3 8445 4801 8446
3 4799 4801 8445
3 8446 1107 4242
3 4801 1107 8446
3 6096 5984 1971
3 5984 8447 5977
3 5977 8447 2610
3 175 176 8448
3 177 175 8448
3 8449 177 8448
3 178 177 8449
3 5091 178 8449
3 172 8450 8451
3 172 8451 8452
3 8452 8451 8453
3 171 172 8452
3 8454 171 8452
3 8455 179 8454
3 180 179 8455
3 8456 180 8455
3 176 180 8456
3 176 8456 8448
3 8448 8456 8457
3 8449 8448 8458
3 8448 8457 8458
3 5091 8449 5107
3 8449 8458 5107
3 8452 8453 1274
3 8453 1275 1274
3 8454 8452 1278
3 8452 1274 1278
3 8455 8454 1280
3 8454 1278 1280
3 8456 8455 1282
3 8455 1280 1282
3 8457 8456 1284
3 8456 1282 1284
3 8458 8457 1286
3 8457 1284 1286
3 5107 8458 1288
3 8458 1286 1288
3 8150 6863 8459
3 6863 6864 8459
3 8151 8150 8460
3 8150 8459 8460
3 8152 8151 8461
3 8151 8460 8461
3 8153 8152 8462
3 8152 8461 8462
3 8154 8153 8463
3 8153 8462 8463
3 8155 8154 8464
3 8154 8463 8464
3 8156 8155 8465
3 8155 8464 8465
3 3331 8156 7561
3 8156 8465 7561
3 8459 6864 8466
3 6864 6873 8466
3 8460 8459 8467
3 8459 8466 8467
3 8461 8460 8468
3 8460 8467 8468
3 8462 8461 8469
3 8461 8468 8469
3 8463 8462 8470
3 8462 8469 8470
3 8464 8463 8471
3 8463 8470 8471
3 8465 8464 8472
3 8464 8471 8472
3 7561 8465 7563
3 8465 8472 7563
3 8466 6873 8473
3 6873 6882 8473
3 8467 8466 8474
3 8466 8473 8474
3 8468 8467 8475
3 8467 8474 8475
3 8469 8468 8476
3 8468 8475 8476
3 8470 8469 8477
3 8469 8476 8477
3 8471 8470 8478
3 8470 8477 8478
3 8472 8471 8479
3 8471 8478 8479
3 7563 8472 7567
3 8472 8479 7567
3 8473 6882 8480
3 6882 6891 8480
3 8474 8473 8481
3 8473 8480 8481
3 8475 8474 8482
3 8474 8481 8482
3 8476 8475 8483
3 8475 8482 8483
3 8477 8476 8484
3 8476 8483 8484
3 8478 8477 8485
3 8477 8484 8485
3 8479 8478 8486
3 8478 8485 8486
3 7567 8479 7572
3 8479 8486 7572
3 8480 6891 8487
3 6891 6900 8487
3 8481 8480 8488
3 8480 8487 8488
3 8482 8481 8489
3 8481 8488 8489
3 8483 8482 8490
3 8482 8489 8490
3 8484 8483 8491
3 8483 8490 8491
3 8485 8484 8492
3 8484 8491 8492
3 8486 8485 8493
3 8485 8492 8493
3 7572 8486 7577
3 8486 8493 7577
3 8487 6900 8494
3 6900 6909 8494
3 8488 8487 8495
3 8487 8494 8495
3 8489 8488 8496
3 8488 8495 8496
3 8490 8489 8497
3 8489 8496 8497
3 8491 8490 8498
3 8490 8497 8498
3 8492 8491 8499
3 8491 8498 8499
3 8493 8492 8500
3 8492 8499 8500
3 7577 8493 7582
3 8493 8500 7582
3 8494 6909 8501
3 6909 6918 8501
3 8495 8494 8502
3 8494 8501 8502
3 8496 8495 8503
3 8495 8502 8503
3 8497 8496 8504
3 8496 8503 8504
3 8498 8497 8505
3 8497 8504 8505
3 8499 8498 8506
3 8498 8505 8506
3 8500 8499 8507
3 8499 8506 8507
3 7582 8500 7587
3 8500 8507 7587
3 8501 6918 7600
3 6918 4269 7600
3 8502 8501 7602
3 8501 7600 7602
3 8503 8502 7604
3 8502 7602 7604
3 8504 8503 7606
3 8503 7604 7606
3 8505 8504 7608
3 8504 7606 7608
3 8506 8505 7610
3 8505 7608 7610
3 8507 8506 7612
3 8506 7610 7612
3 7587 8507 7593
3 8507 7612 7593
3 8508 7332 7333
3 8508 7333 8509
3 8509 7333 8510
3 8511 8509 8512
3 8509 8510 8512
3 8513 8511 8514
3 8511 8512 8514
3 8515 8513 8516
3 8513 8514 8516
3 8517 8515 8518
3 8515 8516 8518
3 8519 8517 8520
3 8517 8518 8520
3 8521 8519 8522
3 8519 8520 8522
3 218 8521 220
3 8521 8522 220
3 7345 7332 8508
3 8510 7333 8523
3 7333 7356 8523
3 8512 8510 8524
3 8510 8523 8524
3 8514 8512 8525
3 8512 8524 8525
3 8516 8514 8526
3 8514 8525 8526
3 8518 8516 8527
3 8516 8526 8527
3 8520 8518 8528
3 8518 8527 8528
3 8522 8520 8529
3 8520 8528 8529
3 220 8522 242
3 8522 8529 242
3 245 8530 246
3 8523 7356 8531
3 7356 7365 8531
3 8524 8523 8532
3 8523 8531 8532
3 8525 8524 8533
3 8524 8532 8533
3 8526 8525 8534
3 8525 8533 8534
3 8527 8526 8535
3 8526 8534 8535
3 8528 8527 8536
3 8527 8535 8536
3 8529 8528 8530
3 8528 8536 8530
3 245 242 8530
3 242 8529 8530
3 8537 7382 7383
3 8538 8537 7383
3 8539 8537 8538
3 8540 8539 8538
3 8541 8539 8540
3 8542 8541 8540
3 8543 8541 8542
3 8544 8543 8542
3 8535 8543 8544
3 8545 8535 8544
3 8536 8535 8545
3 8546 8536 8545
3 8530 8536 8546
3 8547 8530 8546
3 8530 8547 246
3 246 8547 262
3 7365 8537 8531
3 7382 8537 7365
3 8531 8539 8532
3 8537 8539 8531
3 8532 8541 8533
3 8539 8541 8532
3 8533 8543 8534
3 8541 8543 8533
3 8543 8535 8534
3 269 268 8548
3 8538 7383 8549
3 7383 7392 8549
3 8540 8538 8550
3 8538 8549 8550
3 8542 8540 8551
3 8540 8550 8551
3 8544 8542 8552
3 8542 8551 8552
3 8545 8544 8553
3 8544 8552 8553
3 8546 8545 8554
3 8545 8553 8554
3 8548 8547 8554
3 8547 8546 8554
3 8547 268 262
3 8548 268 8547
3 8555 7409 7410
3 8556 8555 7410
3 8557 8555 8556
3 8558 8557 8556
3 8559 8557 8558
3 8560 8559 8558
3 8561 8559 8560
3 8562 8561 8560
3 8563 8561 8562
3 8564 8563 8562
3 8565 8563 8564
3 8566 8565 8564
3 8548 8565 8566
3 8548 8566 8567
3 269 8548 286
3 8548 8567 286
3 7392 8555 8549
3 7409 8555 7392
3 8549 8557 8550
3 8555 8557 8549
3 8550 8559 8551
3 8557 8559 8550
3 8551 8561 8552
3 8559 8561 8551
3 8552 8563 8553
3 8561 8563 8552
3 8553 8565 8554
3 8563 8565 8553
3 8554 8565 8548
3 8556 7410 8568
3 7410 7419 8568
3 8558 8556 8569
3 8556 8568 8569
3 8560 8558 8570
3 8558 8569 8570
3 8562 8560 8571
3 8560 8570 8571
3 8564 8562 8572
3 8562 8571 8572
3 8566 8564 8573
3 8564 8572 8573
3 8567 8566 8574
3 8566 8573 8574
3 286 8567 307
3 8567 8574 307
3 8575 7429 5561
3 5560 8575 5561
3 8576 8575 5560
3 5564 8576 5560
3 8577 8576 5564
3 5566 8577 5564
3 8578 8577 5566
3 5568 8578 5566
3 8579 8578 5568
3 5570 8579 5568
3 8580 8579 5570
3 5571 8580 5570
3 8574 8580 5571
3 5573 8574 5571
3 307 8574 5573
3 314 307 5573
3 7419 8575 8568
3 7429 8575 7419
3 8568 8576 8569
3 8575 8576 8568
3 8569 8577 8570
3 8576 8577 8569
3 8570 8578 8571
3 8577 8578 8570
3 8571 8579 8572
3 8578 8579 8571
3 8572 8580 8573
3 8579 8580 8572
3 8580 8574 8573
3 8581 8582 8583
3 8584 8581 8583
3 8585 8584 8583
3 8586 8584 8585
3 8587 8586 8585
3 8588 8586 8587
3 8589 8588 8587
3 8590 8588 8589
3 8590 8589 6194
3 6194 8589 7638
3 8591 7741 8592
3 7741 7742 8592
3 8593 8591 8594
3 8591 8592 8594
3 8595 8593 8596
3 8593 8594 8596
3 8581 8596 8582
3 8581 8597 8596
3 8597 8595 8596
3 8597 8584 8598
3 8581 8584 8597
3 8598 8586 8599
3 8584 8586 8598
3 8586 8588 8599
3 8602 8601 8600
3 8596 8601 8602
3 8603 8596 8602
3 8582 8596 8603
3 8582 8603 8583
3 8583 8603 8604
3 8585 8583 8605
3 8583 8604 8605
3 8587 8585 8606
3 8585 8605 8606
3 8589 8587 8607
3 8587 8606 8607
3 7638 8589 7646
3 8589 8607 7646
3 7742 8600 8592
3 7750 8600 7742
3 8592 8601 8594
3 8600 8601 8592
3 8601 8596 8594
3 8600 7750 8608
3 7750 7767 8608
3 8602 8600 8609
3 8600 8608 8609
3 8603 8602 8610
3 8602 8609 8610
3 8604 8603 8611
3 8603 8610 8611
3 8605 8604 8612
3 8604 8611 8612
3 8606 8605 8613
3 8605 8612 8613
3 8607 8606 8614
3 8606 8613 8614
3 7646 8607 7652
3 8607 8614 7652
3 8608 7767 8615
3 7767 7780 8615
3 8609 8608 8616
3 8608 8615 8616
3 8610 8609 8617
3 8609 8616 8617
3 8611 8610 8618
3 8610 8617 8618
3 8612 8611 8619
3 8611 8618 8619
3 8620 8619 8621
3 8620 8613 8619
3 8613 8612 8619
3 8613 8622 8614
3 8620 8622 8613
3 8614 7657 7652
3 8622 7657 8614
3 8615 7780 8623
3 7780 7790 8623
3 8616 8615 8624
3 8615 8623 8624
3 8617 8616 8625
3 8616 8624 8625
3 8626 8625 8627
3 8626 8618 8625
3 8618 8617 8625
3 8626 8619 8618
3 7790 8628 8623
3 7801 8628 7790
3 8623 8629 8624
3 8628 8629 8623
3 8629 8625 8624
3 3695 3696 8630
3 3696 8232 8630
3 3697 3695 8631
3 3695 8630 8631
3 3698 3697 8632
3 3697 8631 8632
3 3699 3698 8633
3 3698 8632 8633
3 3700 3699 8634
3 3699 8633 8634
3 3701 3700 8635
3 3700 8634 8635
3 3703 3701 8636
3 3701 8635 8636
3 8630 8232 8637
3 8232 8233 8637
3 8631 8630 8638
3 8630 8637 8638
3 8632 8631 8639
3 8631 8638 8639
3 8633 8632 8640
3 8632 8639 8640
3 8634 8633 8641
3 8633 8640 8641
3 8635 8634 8642
3 8634 8641 8642
3 8636 8635 8643
3 8635 8642 8643
3 182 8636 181
3 8636 8643 181
3 8637 8233 8644
3 8233 2446 8644
3 8638 8637 8645
3 8637 8644 8645
3 8639 8638 8646
3 8638 8645 8646
3 8640 8639 8647
3 8639 8646 8647
3 8641 8640 8648
3 8640 8647 8648
3 8642 8641 8649
3 8641 8648 8649
3 8643 8642 8650
3 8642 8649 8650
3 181 8643 185
3 8643 8650 185
3 2448 8644 2446
3 8645 8644 2448
3 2451 8645 2448
3 2451 2452 8645
3 8645 2452 8646
3 8647 8646 8651
3 8646 2452 8651
3 8648 8647 8652
3 8647 8651 8652
3 8649 8648 8653
3 8650 8649 8654
3 8649 8653 8654
3 185 8650 189
3 8650 8654 189
3 2458 8651 2452
3 8652 8651 2458
3 2460 8652 2458
3 2460 2461 8655
3 2460 8655 8652
3 8652 8655 8653
3 8654 8653 8656
3 8653 8655 8656
3 189 8654 193
3 8654 8656 193
3 2461 2469 8655
3 8656 8655 2469
3 2471 8656 2469
3 2471 2472 196
3 2471 196 8656
3 8656 196 193
3 2472 2481 200
3 196 2472 200
3 2481 2490 206
3 200 2481 206
3 2199 8657 8658
3 2200 2199 8658
3 8659 2199 2205
3 8657 2199 8659
3 8658 8660 8663
3 8660 8661 8663
3 2200 8658 2220
3 8658 8663 2220
3 8666 8664 8665
3 8667 8664 8666
3 8670 8667 8662
3 8664 8667 8670
3 8668 8662 8667
3 8668 8671 8662
3 8671 8661 8662
3 8663 8661 8672
3 8661 8671 8672
3 2234 8672 8669
3 2234 2220 8672
3 2220 8663 8672
3 8666 8665 8675
3 8665 8673 8675
3 8667 8666 8676
3 8666 8675 8676
3 8671 8668 8667
3 8671 8667 8677
3 8677 8667 8676
3 8672 8671 8677
3 8678 8672 8677
3 8669 8672 8678
3 8669 8678 2234
3 2234 8678 2244
3 8673 8674 8681
3 8674 8679 8681
3 8675 8673 8682
3 8673 8681 8682
3 8676 8675 8683
3 8675 8682 8683
3 8677 8676 8684
3 8676 8683 8684
3 8678 8677 8685
3 8677 8684 8685
3 2244 8678 2255
3 8678 8685 2255
3 8686 8687 8688
3 8689 8686 8688
3 8690 8686 8689
3 8691 8690 8689
3 8692 8690 8691
3 8693 8692 8691
3 8694 8692 8693
3 8695 8694 8693
3 8696 8694 8695
3 8680 8690 8679
3 8686 8690 8680
3 8679 8692 8681
3 8690 8692 8679
3 8681 8694 8682
3 8692 8694 8681
3 8682 8696 8683
3 8694 8696 8682
3 8697 8683 8696
3 8697 8698 8683
3 8698 8684 8683
3 8685 8684 8699
3 8684 8698 8699
3 2255 8685 2269
3 8685 8699 2269
3 8689 8688 8700
3 8688 8701 8700
3 8691 8689 8702
3 8689 8700 8702
3 8693 8691 8703
3 8695 8693 8704
3 8693 8703 8704
3 8696 8695 8705
3 8695 8704 8705
3 8706 8697 8696
3 8706 8696 8707
3 8707 8696 8705
3 8708 8706 8707
3 8709 8708 8707
3 2278 8708 8709
3 2279 2278 8709
3 8698 8697 8706
3 8698 8708 8699
3 8706 8708 8698
3 8699 2278 2269
3 8708 2278 8699
3 8700 8701 7259
3 8701 7258 7259
3 8702 8700 7261
3 8700 7259 7261
3 8703 8702 7262
3 8702 7261 7262
3 8704 8703 7263
3 8703 7262 7263
3 8705 8704 7264
3 8704 7263 7264
3 8707 8705 7265
3 8705 7264 7265
3 8709 8707 7266
3 8707 7265 7266
3 2279 8709 2295
3 8709 7266 2295
3 8710 8711 8712
3 8713 8710 8712
3 8714 8710 8713
3 8715 8714 8713
3 8716 8714 8715
3 8717 8716 8715
3 8718 8716 8717
3 8719 8718 8717
3 8720 8718 8719
3 8721 8720 8719
3 8722 8720 8721
3 8723 8722 8721
3 8724 8722 8723
3 8725 8724 8723
3 3860 8724 8725
3 3861 3860 8725
3 8726 8710 8727
3 8711 8710 8726
3 8727 8714 8728
3 8710 8714 8727
3 8728 8716 8729
3 8714 8716 8728
3 8729 8718 8730
3 8716 8718 8729
3 8730 8720 8731
3 8718 8720 8730
3 8731 8722 8732
3 8720 8722 8731
3 8732 8724 8733
3 8722 8724 8732
3 8733 3860 3876
3 8724 3860 8733
3 8736 8734 8735
3 8737 8734 8736
3 8738 8737 8736
3 8739 8737 8738
3 8740 8741 8734
3 8734 8741 8735
3 8742 8740 8737
3 8737 8740 8734
3 8743 8742 8739
3 8739 8742 8737
3 8739 8744 8745
3 8739 8745 8743
3 8746 8745 8744
3 8747 8746 8744
3 8748 8746 8747
3 8749 8748 8747
3 8750 8748 8749
3 8751 8750 8749
3 3890 8750 8751
3 3891 3890 8751
3 8712 8740 8713
3 8741 8740 8712
3 8713 8742 8715
3 8740 8742 8713
3 8715 8743 8717
3 8742 8743 8715
3 8717 8745 8719
3 8743 8745 8717
3 8719 8746 8721
3 8745 8746 8719
3 8721 8748 8723
3 8746 8748 8721
3 8723 8750 8725
3 8748 8750 8723
3 8725 3890 3861
3 8750 3890 8725
3 8752 8753 8754
3 8755 8752 8754
3 8756 8752 8755
3 8757 8756 8755
3 8758 8756 8757
3 8759 8758 8757
3 8760 8758 8759
3 8761 8760 8759
3 8762 8760 8761
3 8763 8762 8761
3 8764 8762 8763
3 8765 8764 8763
3 8766 8764 8765
3 8735 8752 8736
3 8753 8752 8735
3 8736 8756 8738
3 8752 8756 8736
3 8738 8758 8739
3 8756 8758 8738
3 8739 8758 8767
3 8758 8760 8767
3 8768 8767 8762
3 8762 8767 8760
3 8769 8768 8764
3 8764 8768 8762
3 8766 8770 8771
3 8766 8771 8764
3 8764 8771 8769
3 3922 8771 8770
3 3906 3922 8770
3 8744 8739 8767
3 8744 8768 8747
3 8767 8768 8744
3 8747 8769 8749
3 8768 8769 8747
3 8749 8771 8751
3 8769 8771 8749
3 8751 3922 3891
3 8771 3922 8751
3 8754 8772 8755
3 5326 8772 8754
3 8755 8773 8757
3 8772 8773 8755
3 8757 8774 8759
3 8773 8774 8757
3 8759 8775 8761
3 8774 8775 8759
3 8761 8776 8763
3 8775 8776 8761
3 8763 8777 8765
3 8776 8777 8763
3 8765 8770 8766
3 8765 8777 8770
3 8777 8778 8770
3 3906 8770 3929
3 3929 8770 8778
3 8782 8781 8779
3 8783 8781 8782
3 8784 8783 8782
3 8785 8783 8784
3 8786 8785 8784
3 8787 8785 8786
3 8788 8787 8786
3 7726 8787 8788
3 7727 7726 8788
3 5919 4131 8789
3 4131 8790 8789
3 5920 5919 8791
3 5919 8789 8791
3 8779 8791 8780
3 8779 5921 8791
3 5921 5920 8791
3 5921 8781 5922
3 8779 8781 5921
3 5922 8783 5923
3 8781 8783 5922
3 5923 8785 5924
3 8783 8785 5923
3 5924 8787 5925
3 8785 8787 5924
3 5925 7726 5926
3 8787 7726 5925
3 8792 8793 8794
3 8795 8792 8794
3 8791 8792 8795
3 8796 8791 8795
3 8780 8791 8796
3 8780 8796 8779
3 8779 8796 8797
3 8782 8779 8798
3 8779 8797 8798
3 8784 8782 8799
3 8782 8798 8799
3 8786 8784 8800
3 8784 8799 8800
3 8788 8786 8801
3 8786 8800 8801
3 7727 8788 7752
3 8788 8801 7752
3 8790 8792 8789
3 8793 8792 8790
3 8792 8791 8789
3 8795 8794 8802
3 8794 8803 8802
3 8796 8795 8804
3 8795 8802 8804
3 8797 8796 8805
3 8796 8804 8805
3 8798 8797 8806
3 8797 8805 8806
3 8799 8798 8807
3 8798 8806 8807
3 8800 8799 8808
3 8799 8807 8808
3 8801 8800 8809
3 8800 8808 8809
3 7752 8801 7769
3 8801 8809 7769
3 8802 8803 8813
3 8803 8814 8813
3 8804 8802 8815
3 8802 8813 8815
3 8805 8804 8816
3 8804 8815 8816
3 8810 8816 8811
3 8810 8806 8816
3 8806 8805 8816
3 8812 8806 8810
3 8812 8817 8806
3 8817 8807 8806
3 8808 8807 8818
3 8807 8817 8818
3 8809 8808 8819
3 8808 8818 8819
3 7769 8809 7781
3 8809 8819 7781
3 8820 8821 8822
3 8823 8820 8822
3 8824 8820 8823
3 8825 8824 8823
3 8826 8824 8825
3 8827 8826 8825
3 8811 8826 8827
3 8811 8827 8810
3 8810 8827 8828
3 8817 8812 8810
3 8817 8810 8829
3 8829 8810 8828
3 8830 8817 8829
3 8831 8830 8829
3 8832 8830 8831
3 8833 8832 8831
3 7781 8832 8833
3 7782 7781 8833
3 8814 8820 8813
3 8821 8820 8814
3 8813 8824 8815
3 8820 8824 8813
3 8815 8826 8816
3 8824 8826 8815
3 8816 8826 8811
3 8817 8830 8818
3 8818 8832 8819
3 8830 8832 8818
3 8832 7781 8819
3 8823 8822 8834
3 8822 8835 8834
3 8825 8823 8836
3 8823 8834 8836
3 8827 8825 8837
3 8825 8836 8837
3 8828 8827 8838
3 8827 8837 8838
3 8829 8828 8839
3 8828 8838 8839
3 8831 8829 8840
3 8829 8839 8840
3 8833 8831 8841
3 8831 8840 8841
3 7782 8833 7792
3 8833 8841 7792
3 8835 5447 8834
3 2928 5447 8835
3 8834 5449 8836
3 5447 5449 8834
3 8836 5451 8837
3 5449 5451 8836
3 8837 5453 8838
3 5451 5453 8837
3 8838 5455 8839
3 5453 5455 8838
3 8839 5457 8840
3 5455 5457 8839
3 8840 5459 8841
3 5457 5459 8840
3 8841 5461 7792
3 5459 5461 8841
3 8842 8843 8844
3 926 8842 8844
3 6258 926 8844
3 8848 8847 8845
3 4555 8847 8848
3 4555 8848 4556
3 4556 8848 8849
3 8842 8849 8843
3 8842 4557 8849
3 4557 4556 8849
3 8842 926 4557
3 8852 8850 8851
3 4558 8850 8852
3 4558 8852 4559
3 4559 8852 8853
3 4560 4559 8854
3 4559 8853 8854
3 8845 8854 8846
3 8845 4561 8854
3 4561 4560 8854
3 4561 8847 4562
3 8845 8847 4561
3 4562 8847 4555
3 4564 8850 4563
3 8851 8850 4564
3 4563 8850 4558
3 8855 8856 8857
3 8857 6260 8855
3 8855 6260 6263
3 8858 8859 8860
3 8861 8858 8860
3 8856 8861 8860
3 8844 8856 8855
3 8844 8861 8856
3 8844 8843 8861
3 8844 6263 6258
3 8855 6263 8844
3 8862 8863 8864
3 8865 8862 8864
3 8866 8865 8864
3 8846 8865 8866
3 8846 8866 8845
3 8845 8866 8867
3 8858 8867 8859
3 8858 8848 8867
3 8848 8845 8867
3 8848 8861 8849
3 8858 8861 8848
3 8849 8861 8843
3 8852 8851 8868
3 8851 8869 8868
3 8862 8868 8863
3 8862 8853 8868
3 8853 8852 8868
3 8853 8865 8854
3 8862 8865 8853
3 8854 8865 8846
3 8871 8872 8873
3 8874 8871 8873
3 8875 8874 8873
3 8856 8870 8857
3 8857 8870 6260
3 8876 8877 8878
3 8879 8876 8878
3 8880 8879 8878
3 8880 8872 8871
3 8880 8871 8879
3 8879 8871 8867
3 8859 8874 8860
3 8859 8867 8874
3 8867 8871 8874
3 8874 8856 8860
3 8881 8882 8883
3 8884 8881 8883
3 8876 8884 8877
3 8864 8884 8876
3 8864 8881 8884
3 8864 8863 8881
3 8864 8879 8866
3 8876 8879 8864
3 8879 8867 8866
3 8869 8881 8868
3 8882 8881 8869
3 8868 8881 8863
3 8877 8885 8878
3 8877 8889 8885
3 8878 8886 8880
3 8885 8886 8878
3 8880 8886 8872
3 8883 8889 8884
3 8888 8889 8883
3 8884 8889 8877
3 2140 2139 3400
3 8096 3408 8163
3 8096 4253 4252
3 8163 4253 8096
3 2977 8890 2978
3 2980 2978 8890
3 8891 2980 8890
3 8891 8892 2980
3 2980 8892 2981
3 2982 2981 8893
3 2981 8892 8893
3 2983 453 8894
3 453 8895 8894
3 2984 2983 8896
3 2983 8894 8896
3 2985 2984 8897
3 2984 8896 8897
3 2986 2985 8898
3 2985 8897 8898
3 2977 8899 8890
3 2977 2986 8899
3 2986 8898 8899
3 8899 8891 8890
3 8891 8900 8901
3 8892 8891 8901
3 8893 8892 8902
3 8892 8901 8902
3 8894 8895 8903
3 8895 8904 8903
3 8896 8894 8905
3 8894 8903 8905
3 8897 8896 8906
3 8896 8905 8906
3 8898 8897 8907
3 8897 8906 8907
3 8899 8898 8908
3 8898 8907 8908
3 8891 8899 8909
3 8899 8908 8909
3 8900 8891 8909
3 8900 8910 8911
3 8901 8900 8911
3 8902 8901 8912
3 8901 8911 8912
3 8903 8904 8913
3 8904 8914 8913
3 8905 8903 8915
3 8903 8913 8915
3 8906 8905 8916
3 8905 8915 8916
3 8907 8906 8917
3 8906 8916 8917
3 8908 8907 8918
3 8907 8917 8918
3 8909 8908 8919
3 8908 8918 8919
3 8919 8900 8909
3 8910 8900 8919
3 8910 8920 8921
3 8911 8910 8921
3 8912 8911 8922
3 8911 8921 8922
3 8913 8914 8923
3 8914 8924 8923
3 8915 8913 8925
3 8913 8923 8925
3 8916 8915 8926
3 8915 8925 8926
3 8917 8916 8927
3 8916 8926 8927
3 8918 8917 8928
3 8917 8927 8928
3 8919 8918 8929
3 8918 8928 8929
3 8929 8910 8919
3 8920 8910 8929
3 8920 8930 8931
3 8921 8920 8931
3 8922 8921 8932
3 8921 8931 8932
3 8923 8924 8933
3 8924 8934 8933
3 8925 8923 8935
3 8923 8933 8935
3 8926 8925 8936
3 8925 8935 8936
3 8927 8926 8937
3 8926 8936 8937
3 8928 8927 8938
3 8927 8937 8938
3 8929 8928 8939
3 8928 8938 8939
3 8939 8920 8929
3 8930 8920 8939
3 8930 8940 8931
3 8940 8941 8942
3 8940 8942 8931
3 8931 8942 8932
3 8933 8934 8943
3 8934 8944 8943
3 8935 8933 8945
3 8933 8943 8945
3 8936 8935 8946
3 8935 8945 8946
3 8937 8936 8947
3 8936 8946 8947
3 8938 8937 8948
3 8937 8947 8948
3 8939 8938 8949
3 8938 8948 8949
3 8930 8950 8940
3 8930 8939 8950
3 8939 8949 8950
3 8950 8941 8940
3 8941 8951 8942
3 8943 8944 8952
3 8944 8953 8952
3 8945 8943 8954
3 8943 8952 8954
3 8946 8945 8955
3 8945 8954 8955
3 8947 8946 8956
3 8946 8955 8956
3 8948 8947 8957
3 8947 8956 8957
3 8949 8948 8958
3 8948 8957 8958
3 8950 8949 8959
3 8949 8958 8959
3 8941 8960 8951
3 8941 8950 8960
3 8950 8959 8960
3 8952 8953 7334
3 8953 7335 7334
3 8954 8952 7338
3 8952 7334 7338
3 8955 8954 7340
3 8954 7338 7340
3 8956 8955 7341
3 8955 7340 7341
3 8957 8956 7342
3 8956 7341 7342
3 8958 8957 7343
3 8957 7342 7343
3 8959 8958 7344
3 8958 7343 7344
3 8960 8959 7345
3 8959 7344 7345
3 8961 141 8962
3 141 142 8962
3 8963 8961 8964
3 8961 8962 8964
3 8965 8963 8966
3 8963 8964 8966
3 8967 8965 8968
3 8965 8966 8968
3 8969 8967 8970
3 8967 8968 8970
3 8971 8969 8972
3 8969 8970 8972
3 8973 8971 8974
3 8971 8972 8974
3 393 8973 8040
3 8973 8974 8040
3 8962 142 8975
3 142 149 8975
3 8964 8962 8976
3 8962 8975 8976
3 8966 8964 8977
3 8964 8976 8977
3 8968 8966 8978
3 8966 8977 8978
3 8970 8968 8979
3 8968 8978 8979
3 8972 8970 8980
3 8970 8979 8980
3 8974 8972 8981
3 8972 8980 8981
3 8040 8974 8048
3 8974 8981 8048
3 8975 149 8982
3 149 156 8982
3 8976 8975 8983
3 8975 8982 8983
3 8977 8976 8984
3 8976 8983 8984
3 8978 8977 8985
3 8977 8984 8985
3 8979 8978 8986
3 8978 8985 8986
3 8980 8979 8987
3 8979 8986 8987
3 8981 8980 8988
3 8980 8987 8988
3 8048 8981 8056
3 8981 8988 8056
3 8982 156 8989
3 156 163 8989
3 8983 8982 8990
3 8982 8989 8990
3 8984 8983 8991
3 8983 8990 8991
3 8985 8984 8992
3 8984 8991 8992
3 8986 8985 8993
3 8985 8992 8993
3 8987 8986 8994
3 8986 8993 8994
3 8988 8987 8995
3 8987 8994 8995
3 8056 8988 8064
3 8988 8995 8064
3 8989 163 8996
3 163 170 8996
3 8990 8989 8997
3 8989 8996 8997
3 8991 8990 8998
3 8990 8997 8998
3 8992 8991 8999
3 8991 8998 8999
3 8993 8992 9000
3 8992 8999 9000
3 8994 8993 9001
3 8993 9000 9001
3 8995 8994 9002
3 8994 9001 9002
3 8064 8995 8072
3 8995 9002 8072
3 170 5090 8996
3 178 5090 170
3 8996 5093 8997
3 5090 5093 8996
3 8997 5095 8998
3 5093 5095 8997
3 8998 5097 8999
3 5095 5097 8998
3 8999 5099 9000
3 5097 5099 8999
3 9000 5101 9001
3 5099 5101 9000
3 9001 5103 9002
3 5101 5103 9001
3 5105 9002 5103
3 5105 8080 9002
3 8080 8072 9002
3 8080 5114 8088
3 5105 5114 8080
3 5114 2140 8088
3 9003 1910 2097
3 1911 1910 9003
3 1911 9004 1926
3 1911 9003 9004
3 9003 9005 9004
3 9004 1927 1926
3 9004 9005 9006
3 9005 9007 9006
3 1927 9008 1928
3 1927 9004 9008
3 9004 9006 9008
3 1928 9009 1929
3 9008 9009 1928
3 1929 9009 1930
3 9009 9010 1930
3 1931 9011 1937
3 1931 1930 9011
3 1930 9010 9011
3 1937 1934 1933
3 1937 9011 1934
3 9011 9012 1934
3 1935 1934 9013
3 1934 9012 9013
3 1938 1935 9013
3 9006 9007 9014
3 9007 9015 9014
3 9008 9006 9016
3 9006 9014 9016
3 9009 9008 9017
3 9008 9016 9017
3 9010 9009 9018
3 9009 9017 9018
3 1940 9018 1941
3 1940 9011 9018
3 9011 9010 9018
3 9011 1942 9012
3 1940 1942 9011
3 9012 1944 9013
3 1942 1944 9012
3 9013 1944 1938
3 9014 9015 9019
3 9015 9020 9019
3 9016 9014 9021
3 9014 9019 9021
3 9017 9016 9022
3 9016 9021 9022
3 9018 9017 9023
3 9017 9022 9023
3 9023 1941 9018
3 1947 1941 9023
3 9019 9020 9024
3 9020 9025 9024
3 9021 9019 9026
3 9019 9024 9026
3 9022 9021 9027
3 9021 9026 9027
3 9023 9022 9028
3 9022 9027 9028
3 9028 1947 9023
3 1952 1947 9028
3 1957 9025 752
3 1957 9029 9025
3 9029 9024 9025
3 9026 9024 9030
3 9024 9029 9030
3 9027 9026 9031
3 9026 9030 9031
3 9028 9027 9032
3 9027 9031 9032
3 9032 1952 9028
3 1958 1952 9032
3 1961 1960 9033
3 9033 1962 1961
3 9029 1957 1963
3 1965 9029 1963
3 1965 6091 9029
3 6091 9030 9029
3 9031 9030 6092
3 9030 6091 6092
3 1966 6092 1967
3 1966 9032 6092
3 9032 9031 6092
3 9032 1966 1958
3 1960 1970 6093
3 1960 6093 9033
3 6093 6094 9033
3 1962 6096 1971
3 1962 9033 6096
3 9033 6094 6096
3 5282 9034 5283
3 9034 9035 9036
3 9034 9036 5283
3 5283 9036 3544
3 9035 8099 9036
3 1342 9037 1351
3 9037 6827 1351
3 537 538 9040
3 538 9041 9040
3 539 537 9042
3 537 9040 9042
3 540 539 9043
3 539 9042 9043
3 541 540 9044
3 540 9043 9044
3 542 541 9045
3 541 9044 9045
3 543 542 9046
3 542 9045 9046
3 9038 9046 9039
3 9038 544 9046
3 544 543 9046
3 544 5471 545
3 9038 5471 544
3 9040 9041 9047
3 9048 9040 9047
3 9042 9040 9048
3 9049 9042 9048
3 9050 9042 9049
3 9051 9050 9049
3 9052 9050 9051
3 9053 9052 9051
3 9054 9052 9053
3 9055 9054 9053
3 9046 9054 9055
3 9056 9046 9055
3 9039 9046 9056
3 9039 9056 9038
3 9038 9056 9057
3 5471 9038 5488
3 9038 9057 5488
3 9042 9050 9043
3 9043 9052 9044
3 9050 9052 9043
3 9044 9054 9045
3 9052 9054 9044
3 9054 9046 9045
3 9048 9047 9058
3 9047 9059 9058
3 9049 9048 9060
3 9048 9058 9060
3 9051 9049 9061
3 9049 9060 9061
3 9053 9051 9062
3 9051 9061 9062
3 9055 9053 9063
3 9053 9062 9063
3 9056 9055 9064
3 9055 9063 9064
3 9057 9056 9065
3 9056 9064 9065
3 5488 9057 5498
3 9057 9065 5498
3 9066 9067 9068
3 9069 9066 9068
3 9070 9066 9069
3 9071 9070 9069
3 9072 9070 9071
3 9073 9072 9071
3 9074 9072 9073
3 9075 9074 9073
3 9076 9074 9075
3 9077 9076 9075
3 9078 9076 9077
3 9079 9078 9077
3 9080 9078 9079
3 9059 9066 9058
3 9067 9066 9059
3 9058 9070 9060
3 9066 9070 9058
3 9060 9072 9061
3 9070 9072 9060
3 9061 9074 9062
3 9072 9074 9061
3 9062 9076 9063
3 9074 9076 9062
3 9063 9078 9064
3 9076 9078 9063
3 9064 9080 9065
3 9078 9080 9064
3 9065 5507 5498
3 9080 5507 9065
3 9069 9068 9081
3 9068 9082 9081
3 9071 9069 9083
3 9069 9081 9083
3 9073 9071 9084
3 9071 9083 9084
3 9075 9073 9085
3 9073 9084 9085
3 9077 9075 9086
3 9075 9085 9086
3 9079 9077 9087
3 9077 9086 9087
3 9080 9079 9088
3 9079 9087 9088
3 5507 9080 5518
3 9080 9088 5518
3 9081 9082 9089
3 9082 9090 9089
3 9083 9081 9091
3 9081 9089 9091
3 9084 9083 9092
3 9083 9091 9092
3 9085 9084 9093
3 9084 9092 9093
3 9086 9085 9094
3 9085 9093 9094
3 9087 9086 9095
3 9086 9094 9095
3 9088 9087 9096
3 9087 9095 9096
3 5518 9088 5530
3 9088 9096 5530
3 9097 9098 9099
3 9100 9097 9099
3 9101 9097 9100
3 9102 9101 9100
3 9103 9101 9102
3 9104 9103 9102
3 9105 9103 9104
3 9106 9105 9104
3 9107 9105 9106
3 9108 9107 9106
3 9109 9107 9108
3 9110 9109 9108
3 9111 9109 9110
3 9112 9111 9110
3 5538 9111 9112
3 5539 5538 9112
3 9090 9097 9089
3 9098 9097 9090
3 9089 9101 9091
3 9097 9101 9089
3 9091 9103 9092
3 9101 9103 9091
3 9092 9105 9093
3 9103 9105 9092
3 9093 9107 9094
3 9105 9107 9093
3 9094 9109 9095
3 9107 9109 9094
3 9095 9111 9096
3 9109 9111 9095
3 9096 5538 5530
3 9111 5538 9096
3 9100 9099 8330
3 9099 6942 8330
3 9102 9100 8331
3 9100 8330 8331
3 9104 9102 8332
3 9102 8331 8332
3 9106 9104 8333
3 9104 8332 8333
3 9108 9106 8334
3 9106 8333 8334
3 9110 9108 8335
3 9108 8334 8335
3 9112 9110 8336
3 9110 8335 8336
3 5539 9112 5552
3 9112 8336 5552
3 1716 9113 9114
3 1358 9113 1716
3 9113 9115 9114
3 445 446 9117
3 446 9118 9117
3 447 445 9119
3 445 9117 9119
3 448 447 9120
3 447 9119 9120
3 449 448 9121
3 448 9120 9121
3 450 449 9122
3 449 9121 9122
3 451 450 9123
3 450 9122 9123
3 452 451 9124
3 451 9123 9124
3 453 452 8895
3 452 9124 8895
3 9117 9118 9125
3 9118 9126 9125
3 9119 9117 9127
3 9117 9125 9127
3 9120 9119 9128
3 9119 9127 9128
3 9121 9120 9129
3 9120 9128 9129
3 9122 9121 9130
3 9121 9129 9130
3 9123 9122 9131
3 9122 9130 9131
3 9124 9123 9132
3 9123 9131 9132
3 8895 9124 8904
3 9124 9132 8904
3 9125 9126 9133
3 9126 9134 9133
3 9127 9125 9135
3 9125 9133 9135
3 9128 9127 9136
3 9127 9135 9136
3 9129 9128 9137
3 9128 9136 9137
3 9130 9129 9138
3 9129 9137 9138
3 9131 9130 9139
3 9130 9138 9139
3 9132 9131 9140
3 9131 9139 9140
3 8904 9132 8914
3 9132 9140 8914
3 9133 9134 9141
3 9134 9142 9141
3 9135 9133 9143
3 9133 9141 9143
3 9136 9135 9144
3 9135 9143 9144
3 9137 9136 9145
3 9136 9144 9145
3 9138 9137 9146
3 9137 9145 9146
3 9139 9138 9147
3 9138 9146 9147
3 9140 9139 9148
3 9139 9147 9148
3 8914 9140 8924
3 9140 9148 8924
3 9141 9142 9149
3 9142 9150 9149
3 9143 9141 9151
3 9141 9149 9151
3 9144 9143 9152
3 9143 9151 9152
3 9145 9144 9153
3 9144 9152 9153
3 9146 9145 9154
3 9145 9153 9154
3 9147 9146 9155
3 9146 9154 9155
3 9148 9147 9156
3 9147 9155 9156
3 8924 9148 8934
3 9148 9156 8934
3 9149 9150 9157
3 9150 9158 9157
3 9151 9149 9159
3 9149 9157 9159
3 9152 9151 9160
3 9151 9159 9160
3 9153 9152 9161
3 9152 9160 9161
3 9154 9153 9162
3 9153 9161 9162
3 9155 9154 9163
3 9154 9162 9163
3 9156 9155 9164
3 9155 9163 9164
3 8934 9156 8944
3 9156 9164 8944
3 9157 9158 9165
3 9158 9166 9165
3 9159 9157 9167
3 9157 9165 9167
3 9160 9159 9168
3 9159 9167 9168
3 9161 9160 9169
3 9160 9168 9169
3 9162 9161 9170
3 9161 9169 9170
3 9163 9162 9171
3 9162 9170 9171
3 9164 9163 9172
3 9163 9171 9172
3 8944 9164 8953
3 9164 9172 8953
3 9165 9166 8236
3 9166 5669 8236
3 9167 9165 8238
3 9165 8236 8238
3 9168 9167 8240
3 9167 8238 8240
3 9169 9168 8241
3 9168 8240 8241
3 9170 9169 8243
3 9169 8241 8243
3 9171 9170 8245
3 9170 8243 8245
3 9172 9171 8247
3 9171 8245 8247
3 8953 9172 7335
3 9172 8247 7335
3 9181 4582 9173
3 9173 4582 4573
3 9181 9174 9182
3 9181 9173 9174
3 9182 9175 9183
3 9174 9175 9182
3 9183 9176 9184
3 9175 9176 9183
3 9184 9177 9185
3 9176 9177 9184
3 9185 9178 9186
3 9177 9178 9185
3 9186 9179 9187
3 9178 9179 9186
3 9187 9179 9180
3 1271 1266 6586
3 7049 7050 9188
3 6824 7049 9188
3 6824 9188 4480
3 4480 9188 4482
3 7063 7064 9189
3 7065 7063 9189
3 9190 7065 9189
3 7050 7065 9190
3 7050 9190 9188
3 9188 9190 9191
3 4482 9188 4496
3 9188 9191 4496
3 4505 9192 4506
3 9193 7070 7069
3 7064 7070 9193
3 7064 9193 9189
3 9189 9193 9194
3 9190 9189 9195
3 9189 9194 9195
3 9191 9190 9196
3 9190 9195 9196
3 4505 9196 9192
3 4505 4496 9196
3 4496 9191 9196
3 9199 9198 9197
3 9192 9198 9199
3 9192 9199 4506
3 4506 9199 4520
3 7073 7071 9200
3 7069 7073 9200
3 7069 9200 9201
3 9193 7069 9202
3 7069 9201 9202
3 9194 9193 9203
3 9193 9202 9203
3 9197 9195 9203
3 9195 9194 9203
3 9195 9198 9196
3 9197 9198 9195
3 9196 9198 9192
3 9204 9205 9206
3 9197 9204 9206
3 9197 9206 9207
3 9199 9197 9208
3 9197 9207 9208
3 4520 9199 4533
3 9199 9208 4533
3 7071 5285 5286
3 9209 7071 5286
3 7071 9209 9200
3 9200 9209 9210
3 9201 9200 9211
3 9200 9210 9211
3 9202 9201 9212
3 9201 9211 9212
3 9204 9212 9205
3 9204 9203 9212
3 9203 9202 9212
3 9203 9204 9197
3 9213 9214 9215
3 9205 9213 9215
3 9205 9215 9206
3 9206 9215 9216
3 9207 9206 9217
3 9206 9216 9217
3 9208 9207 9218
3 9207 9217 9218
3 4533 9208 4541
3 9208 9218 4541
3 9209 5286 9219
3 5286 5291 9219
3 9210 9209 9220
3 9209 9219 9220
3 9211 9210 9214
3 9210 9220 9214
3 9213 9212 9214
3 9212 9211 9214
3 9212 9213 9205
3 4552 4541 9221
3 9222 9223 9224
3 9214 9222 9224
3 9225 9214 9224
3 9214 9225 9215
3 9215 9225 9226
3 9216 9215 9227
3 9215 9226 9227
3 9217 9216 9228
3 9216 9227 9228
3 9221 9218 9228
3 9218 9217 9228
3 9221 4541 9218
3 9219 5291 9223
3 5291 5297 9223
3 9222 9220 9223
3 9220 9219 9223
3 9222 9214 9220
3 9221 9229 9230
3 4552 9221 4564
3 9221 9230 4564
3 9223 5298 5300
3 9231 9223 5300
3 9223 9231 9224
3 9224 9231 9232
3 9225 9224 9233
3 9224 9232 9233
3 9226 9225 9234
3 9225 9233 9234
3 9227 9226 9235
3 9226 9234 9235
3 9228 9227 9236
3 9227 9235 9236
3 9236 9221 9228
3 9229 9221 9236
3 5298 9223 5297
3 9237 6961 6962
3 9238 9237 6962
3 9239 9237 9238
3 9240 9239 9238
3 9241 9239 9240
3 9242 9241 9240
3 9243 9241 9242
3 9244 9243 9242
3 9245 9243 9244
3 9246 9245 9244
3 9247 9245 9246
3 9248 9247 9246
3 9249 9247 9248
3 9250 9249 9248
3 7805 9249 9250
3 7806 7805 9250
3 1067 9237 1066
3 6961 9237 1067
3 1066 9239 1068
3 9237 9239 1066
3 1068 9241 1069
3 9239 9241 1068
3 1069 9243 1070
3 9241 9243 1069
3 1070 9245 1071
3 9243 9245 1070
3 1071 9247 1072
3 9245 9247 1071
3 1072 9249 1073
3 9247 9249 1072
3 1073 7805 1074
3 9249 7805 1073
3 9251 6976 6977
3 9252 9251 6977
3 9253 9251 9252
3 6962 9251 9238
3 6976 9251 6962
3 9238 9253 9240
3 9251 9253 9238
3 9253 9258 9240
3 9258 9242 9240
3 9254 9258 9255
3 9254 9244 9258
3 9244 9242 9258
3 9244 9256 9246
3 9254 9256 9244
3 9257 9246 9256
3 9257 9259 9246
3 9259 9248 9246
3 9250 9248 9260
3 9248 9259 9260
3 7806 9250 7821
3 9250 9260 7821
3 9261 6977 6990
3 9261 9262 6977
3 9262 9252 6977
3 9253 9252 9263
3 9252 9262 9263
3 9258 9253 9264
3 9264 9253 9263
3 9255 9258 9264
3 9255 9264 9254
3 9254 9264 9265
3 9256 9254 9266
3 9254 9265 9266
3 9259 9257 9256
3 9259 9256 9267
3 9267 9256 9266
3 9260 9259 9267
3 9268 9260 9267
3 7821 9260 9268
3 7830 7821 9268
3 9262 9261 6990
3 9262 6990 9269
3 9269 6990 6998
3 9270 9262 9269
3 9271 9270 9269
3 9272 9270 9271
3 9273 9272 9271
3 9274 9272 9273
3 9275 9274 9273
3 9276 9274 9275
3 9277 9276 9275
3 9278 9276 9277
3 9279 9278 9277
3 9280 9278 9279
3 9281 9280 9279
3 7845 9280 9281
3 7846 7845 9281
3 9262 9270 9263
3 9263 9272 9264
3 9270 9272 9263
3 9264 9274 9265
3 9272 9274 9264
3 9265 9276 9266
3 9274 9276 9265
3 9266 9278 9267
3 9276 9278 9266
3 9267 9280 9268
3 9278 9280 9267
3 9268 7845 7830
3 9280 7845 9268
3 9282 7013 7014
3 6998 9282 9269
3 7013 9282 6998
3 9269 9283 9271
3 9282 9283 9269
3 9271 9284 9273
3 9283 9284 9271
3 9285 9273 9284
3 9285 9286 9273
3 9286 9275 9273
3 9277 9275 9287
3 9275 9286 9287
3 9279 9277 9288
3 9277 9287 9288
3 9281 9279 9289
3 9279 9288 9289
3 7846 9281 7862
3 9281 9289 7862
3 9282 7014 9290
3 7014 7022 9290
3 9283 9282 9291
3 9282 9290 9291
3 9284 9283 9292
3 9283 9291 9292
3 9286 9285 9284
3 9286 9284 9293
3 9293 9284 9292
3 9294 9286 9293
3 9295 9294 9293
3 9296 9294 9295
3 9297 9296 9295
3 9298 9296 9297
3 9299 9298 9297
3 7871 9298 9299
3 7872 7871 9299
3 9286 9294 9287
3 9287 9296 9288
3 9294 9296 9287
3 9288 9298 9289
3 9296 9298 9288
3 9289 7871 7862
3 9298 7871 9289
3 9290 7022 9300
3 7022 7036 9300
3 9291 9290 9301
3 9290 9300 9301
3 9292 9291 9302
3 9291 9301 9302
3 9293 9292 9303
3 9292 9302 9303
3 9295 9293 9304
3 9293 9303 9304
3 9297 9295 9305
3 9295 9304 9305
3 9299 9297 9306
3 9297 9305 9306
3 7872 9299 7888
3 9299 9306 7888
3 9307 7037 6001
3 9308 9307 6001
3 9309 9307 9308
3 9310 9309 9308
3 9311 9309 9310
3 9312 9311 9310
3 9313 9311 9312
3 9314 9313 9312
3 9315 9313 9314
3 7036 9307 9300
3 7037 9307 7036
3 9300 9309 9301
3 9307 9309 9300
3 9301 9311 9302
3 9309 9311 9301
3 9302 9313 9303
3 9311 9313 9302
3 9303 9315 9304
3 9313 9315 9303
3 9304 9316 9305
3 9315 9316 9304
3 9305 9317 9306
3 9316 9317 9305
3 9318 9306 9317
3 9318 7897 9306
3 7897 7888 9306
3 9319 9320 9321
3 9322 9319 9321
3 9322 9321 3776
3 3776 9321 3778
3 9323 9113 1358
3 9115 9113 9323
3 9324 9115 9323
3 9116 9115 9324
3 9116 9324 9325
3 9325 9324 9326
3 9327 9325 9328
3 9325 9326 9328
3 9329 9327 9330
3 9327 9328 9330
3 9331 9329 9320
3 9329 9330 9320
3 9319 9332 9320
3 9332 9331 9320
3 9332 9319 9322
3 9337 9336 9334
3 9338 9336 9337
3 9339 9338 9337
3 9320 9338 9339
3 9340 9320 9339
3 9320 9340 9321
3 9321 9340 9341
3 3783 9341 9333
3 3783 3778 9341
3 3778 9321 9341
3 9323 1358 9342
3 1358 1365 9342
3 9324 9323 9343
3 9323 9342 9343
3 9334 9343 9335
3 9334 9326 9343
3 9326 9324 9343
3 9326 9336 9328
3 9334 9336 9326
3 9328 9338 9330
3 9336 9338 9328
3 9338 9320 9330
3 9346 9345 9344
3 9333 9345 9346
3 9333 9346 3783
3 3783 9346 3793
3 9347 9348 9349
3 9350 9347 9349
3 9351 9350 9349
3 9335 9350 9351
3 9335 9351 9334
3 9334 9351 9352
3 9337 9334 9353
3 9334 9352 9353
3 9339 9337 9354
3 9337 9353 9354
3 9344 9340 9354
3 9340 9339 9354
3 9340 9345 9341
3 9344 9345 9340
3 9341 9345 9333
3 9347 1377 9348
3 9347 9342 1377
3 9342 1365 1377
3 9342 9350 9343
3 9347 9350 9342
3 9343 9350 9335
3 9355 9356 9357
3 9358 9355 9357
3 9359 9358 9357
3 9344 9358 9359
3 9344 9359 9360
3 9346 9344 9361
3 9344 9360 9361
3 3793 9346 3806
3 9346 9361 3806
3 9348 1377 1384
3 9348 1384 9349
3 9349 1384 9362
3 9351 9349 9363
3 9349 9362 9363
3 9352 9351 9364
3 9351 9363 9364
3 9355 9364 9356
3 9355 9353 9364
3 9353 9352 9364
3 9353 9358 9354
3 9355 9358 9353
3 9354 9358 9344
3 9365 9366 9367
3 9368 9365 9367
3 9369 9368 9367
3 3816 9368 9369
3 3817 3816 9369
3 9370 9371 9372
3 9373 9370 9372
3 9374 9373 9372
3 9364 9373 9374
3 9375 9364 9374
3 9356 9364 9375
3 9356 9375 9357
3 9357 9375 9376
3 9359 9357 9377
3 9357 9376 9377
3 9365 9377 9366
3 9365 9360 9377
3 9360 9359 9377
3 9360 9368 9361
3 9365 9368 9360
3 9361 3816 3806
3 9368 3816 9361
3 9370 1403 9371
3 9370 9362 1403
3 9362 1384 1403
3 9362 9373 9363
3 9370 9373 9362
3 9373 9364 9363
3 9378 9379 9380
3 9381 9378 9380
3 9382 9381 9380
3 9377 9381 9382
3 9383 9377 9382
3 9366 9377 9383
3 9366 9383 9367
3 9367 9383 9384
3 9369 9367 9385
3 9367 9384 9385
3 3817 9369 3833
3 9369 9385 3833
3 9371 1414 1415
3 9371 1415 9372
3 9372 1415 9386
3 9374 9372 9387
3 9372 9386 9387
3 9378 9387 9379
3 9378 9375 9387
3 9375 9374 9387
3 9375 9381 9376
3 9378 9381 9375
3 9381 9377 9376
3 1403 1414 9371
3 9388 9389 9390
3 9391 9388 9390
3 9392 9391 9390
3 3833 9391 9392
3 3840 3833 9392
3 9393 1420 1422
3 9394 9393 1422
3 9387 9393 9394
3 9395 9387 9394
3 9379 9387 9395
3 9379 9395 9380
3 9380 9395 9396
3 9382 9380 9397
3 9380 9396 9397
3 9383 9382 9389
3 9382 9397 9389
3 9388 9384 9389
3 9384 9383 9389
3 9384 9391 9385
3 9388 9391 9384
3 9391 3833 9385
3 1415 9393 9386
3 1420 9393 1415
3 9393 9387 9386
3 9398 6110 6111
3 9399 9398 6111
3 6113 9399 6111
3 9389 9399 6113
3 6115 9389 6113
3 9389 6115 9390
3 9390 6115 6117
3 9392 9390 6118
3 9390 6117 6118
3 3850 6118 6102
3 3850 3840 6118
3 3840 9392 6118
3 9394 1422 6119
3 1422 1441 6119
3 9395 9394 6108
3 9394 6119 6108
3 9398 6108 6110
3 9398 9396 6108
3 9396 9395 6108
3 9396 9399 9397
3 9398 9399 9396
3 9399 9389 9397
3 5753 9400 5754
3 9401 9400 5753
3 5754 9402 3603
3 9400 9402 5754
3 3603 9403 3604
3 9402 9403 3603
3 3604 3606 3605
3 3604 9403 3606
3 9403 6691 3606
3 9400 9401 9404
3 9405 9400 9404
3 9405 9406 9407
3 9405 9407 9400
3 9400 9407 9402
3 9403 9402 9408
3 9402 9407 9408
3 6691 9403 6702
3 9403 9408 6702
3 9406 9409 9407
3 9408 9407 9409
3 9410 9408 9409
3 6702 9408 9410
3 9405 9404 9411
3 9404 9412 9411
3 9406 9413 9409
3 9406 9405 9413
3 9405 9411 9413
3 9409 9414 9410
3 9413 9414 9409
3 9410 6720 6702
3 9414 6720 9410
3 9411 9412 9415
3 9412 9416 9415
3 9413 9411 9417
3 9411 9415 9417
3 9414 9413 9418
3 9413 9417 9418
3 6720 9414 6731
3 9414 9418 6731
3 9415 9416 9419
3 9416 9420 9419
3 9417 9415 9421
3 9415 9419 9421
3 9418 9417 9422
3 9417 9421 9422
3 6731 9418 6740
3 9418 9422 6740
3 9419 9420 9423
3 9420 9424 9423
3 9421 9419 9425
3 9419 9423 9425
3 9422 9421 9426
3 9421 9425 9426
3 6740 9422 6748
3 9422 9426 6748
3 9423 9424 9427
3 9424 9428 9427
3 9425 9423 9429
3 9423 9427 9429
3 9426 9425 9430
3 9425 9429 9430
3 6748 9426 6757
3 9426 9430 6757
3 9427 9428 9431
3 9428 9432 9431
3 9429 9427 9433
3 9427 9431 9433
3 9430 9429 9434
3 9429 9433 9434
3 6757 9430 1527
3 9430 9434 1527
3 2482 2483 9435
3 2483 9436 9435
3 2484 2482 9437
3 2482 9435 9437
3 2485 2484 9438
3 2484 9437 9438
3 2486 2485 9439
3 2485 9438 9439
3 2487 2486 9440
3 2486 9439 9440
3 2488 2487 9441
3 2487 9440 9441
3 2489 2488 9442
3 2488 9441 9442
3 9442 2490 2489
3 9443 2490 9442
3 9435 9436 9444
3 9436 9445 9444
3 9437 9435 9446
3 9435 9444 9446
3 9438 9437 9447
3 9437 9446 9447
3 9439 9438 9448
3 9438 9447 9448
3 9440 9439 9449
3 9439 9448 9449
3 9441 9440 9450
3 9440 9449 9450
3 9442 9441 9451
3 9441 9450 9451
3 9451 9443 9442
3 9452 9443 9451
3 9444 9445 9453
3 9445 9454 9453
3 9446 9444 9455
3 9444 9453 9455
3 9447 9446 9456
3 9446 9455 9456
3 9448 9447 9457
3 9447 9456 9457
3 9449 9448 9458
3 9448 9457 9458
3 9450 9449 9459
3 9449 9458 9459
3 9451 9450 9460
3 9450 9459 9460
3 9460 9452 9451
3 5249 9452 9460
3 9453 9454 9461
3 9454 9462 9461
3 9455 9453 9463
3 9453 9461 9463
3 9456 9455 9464
3 9455 9463 9464
3 9457 9456 9465
3 9456 9464 9465
3 9458 9457 9466
3 9457 9465 9466
3 9459 9458 9467
3 9458 9466 9467
3 9460 9459 9468
3 9459 9467 9468
3 5249 9460 9469
3 9460 9468 9469
3 9461 9462 9470
3 9462 9471 9470
3 9463 9461 9472
3 9461 9470 9472
3 9464 9463 9473
3 9463 9472 9473
3 9465 9464 9474
3 9464 9473 9474
3 9466 9465 9475
3 9465 9474 9475
3 9467 9466 9476
3 9466 9475 9476
3 9468 9467 9477
3 9467 9476 9477
3 9469 9468 9478
3 9468 9477 9478
3 9470 9471 9479
3 9471 9480 9479
3 9472 9470 9481
3 9470 9479 9481
3 9473 9472 9482
3 9472 9481 9482
3 9474 9473 9483
3 9473 9482 9483
3 9475 9474 9484
3 9474 9483 9484
3 9476 9475 9485
3 9475 9484 9485
3 9477 9476 9486
3 9476 9485 9486
3 9478 9477 9487
3 9477 9486 9487
3 9479 9480 9488
3 9480 9489 9488
3 9481 9479 9490
3 9479 9488 9490
3 9482 9481 9491
3 9481 9490 9491
3 9483 9482 9492
3 9482 9491 9492
3 9484 9483 9493
3 9483 9492 9493
3 9485 9484 9494
3 9484 9493 9494
3 9486 9485 9495
3 9485 9494 9495
3 9487 9486 9496
3 9486 9495 9496
3 9488 9489 320
3 9489 321 320
3 9490 9488 324
3 9488 320 324
3 9491 9490 326
3 9490 324 326
3 9492 9491 328
3 9491 326 328
3 9493 9492 330
3 9492 328 330
3 9494 9493 332
3 9493 330 332
3 9495 9494 334
3 9494 332 334
3 9496 9495 336
3 9495 334 336
3 9501 5639 9500
3 9502 2790 9503
3 9504 9502 9503
3 9505 9502 9504
3 9506 9505 9504
3 9507 9505 9506
3 9508 9507 9506
3 9509 9507 9508
3 9510 9509 9508
3 9498 9509 9510
3 9498 9510 9497
3 9497 9510 9511
3 9499 9497 9512
3 9497 9511 9512
3 9500 9499 9513
3 9499 9512 9513
3 9501 9500 4038
3 9500 9513 4038
3 9514 5040 9515
3 9516 9514 9515
3 9517 9514 9516
3 9518 9517 9516
3 9519 9517 9518
3 9520 9519 9518
3 9521 9519 9520
3 9522 9521 9520
3 9523 9521 9522
3 9524 9523 9522
3 9525 9523 9524
3 9526 9525 9524
3 9527 9525 9526
3 9528 9527 9526
3 8711 9527 9528
3 8712 8711 9528
3 9514 9517 9529
3 9529 9519 9530
3 9517 9519 9529
3 9530 9521 9531
3 9519 9521 9530
3 9531 9523 9532
3 9521 9523 9531
3 9532 9525 9533
3 9523 9525 9532
3 9533 9527 9534
3 9525 9527 9533
3 9534 8711 8726
3 9527 8711 9534
3 9535 9541 9542
3 9535 9542 9515
3 9543 9542 9541
3 9544 9543 9541
3 9545 9543 9544
3 9546 9545 9544
3 9546 9537 9536
3 9546 9536 9545
3 9545 9536 9547
3 9548 9547 9538
3 9538 9547 9536
3 9539 9549 9550
3 9539 9550 9538
3 9538 9550 9548
3 9551 9550 9549
3 9552 9551 9549
3 9552 9540 8735
3 9552 8735 9551
3 9551 8735 8741
3 9515 9542 9516
3 9516 9543 9518
3 9542 9543 9516
3 9518 9545 9520
3 9543 9545 9518
3 9520 9547 9522
3 9545 9547 9520
3 9522 9548 9524
3 9547 9548 9522
3 9524 9550 9526
3 9548 9550 9524
3 9526 9551 9528
3 9550 9551 9526
3 9528 8741 8712
3 9551 8741 9528
3 9553 9554 9555
3 9556 9553 9555
3 9557 9553 9556
3 9558 9557 9556
3 9559 9557 9558
3 9560 9559 9558
3 9561 9559 9560
3 9562 9561 9560
3 9563 9561 9562
3 9564 9563 9562
3 9565 9563 9564
3 9566 9565 9564
3 9567 9565 9566
3 9568 9567 9566
3 8753 9567 9568
3 8754 8753 9568
3 9535 9554 9541
3 9554 9553 9541
3 9544 9541 9557
3 9557 9541 9553
3 9546 9544 9559
3 9559 9544 9557
3 9537 9561 9536
3 9537 9546 9561
3 9546 9559 9561
3 9536 9563 9538
3 9561 9563 9536
3 9538 9549 9539
3 9538 9563 9549
3 9563 9565 9549
3 9552 9549 9567
3 9567 9549 9565
3 9540 8753 8735
3 9540 9552 8753
3 9552 9567 8753
3 9555 5312 9556
3 1179 5312 9555
3 9556 5314 9558
3 5312 5314 9556
3 9558 5316 9560
3 5314 5316 9558
3 9560 5318 9562
3 5316 5318 9560
3 9562 5320 9564
3 5318 5320 9562
3 9564 5322 9566
3 5320 5322 9564
3 9566 5324 9568
3 5322 5324 9566
3 9568 5326 8754
3 5324 5326 9568
3 9569 336 9570
3 336 337 9570
3 9571 9569 9572
3 9569 9570 9572
3 9573 9571 9574
3 9571 9572 9574
3 9575 9573 9576
3 9573 9574 9576
3 9577 9575 9578
3 9575 9576 9578
3 9579 9577 9580
3 9577 9578 9580
3 5282 9581 9034
3 5282 9579 9581
3 9579 9580 9581
3 9581 9035 9034
3 9570 337 9582
3 337 346 9582
3 9572 9570 9583
3 9570 9582 9583
3 9574 9572 9584
3 9572 9583 9584
3 9576 9574 9585
3 9574 9584 9585
3 9578 9576 9586
3 9576 9585 9586
3 9580 9578 9587
3 9578 9586 9587
3 9581 9580 9588
3 9580 9587 9588
3 9035 8097 8099
3 9035 9581 8097
3 9581 9588 8097
3 9582 346 9589
3 346 355 9589
3 9583 9582 9590
3 9582 9589 9590
3 9584 9583 9591
3 9583 9590 9591
3 9585 9584 9592
3 9584 9591 9592
3 9586 9585 9593
3 9585 9592 9593
3 9587 9586 9594
3 9586 9593 9594
3 9588 9587 9595
3 9587 9594 9595
3 8097 9588 8102
3 9588 9595 8102
3 9589 355 9596
3 355 364 9596
3 9590 9589 9597
3 9589 9596 9597
3 9591 9590 9598
3 9590 9597 9598
3 9592 9591 9599
3 9591 9598 9599
3 9593 9592 9600
3 9592 9599 9600
3 9594 9593 9601
3 9593 9600 9601
3 9595 9594 9602
3 9594 9601 9602
3 8102 9595 8115
3 9595 9602 8115
3 9596 364 9603
3 364 373 9603
3 9597 9596 9604
3 9596 9603 9604
3 9598 9597 9605
3 9597 9604 9605
3 9599 9598 9606
3 9598 9605 9606
3 9600 9599 9607
3 9599 9606 9607
3 9601 9600 9608
3 9600 9607 9608
3 9602 9601 9609
3 9601 9608 9609
3 8115 9602 8125
3 9602 9609 8125
3 9603 373 9610
3 373 382 9610
3 9604 9603 9611
3 9603 9610 9611
3 9605 9604 9612
3 9604 9611 9612
3 9606 9605 9613
3 9605 9612 9613
3 9607 9606 9614
3 9606 9613 9614
3 9608 9607 9615
3 9607 9614 9615
3 9609 9608 9616
3 9608 9615 9616
3 8125 9609 8134
3 9609 9616 8134
3 9610 382 9617
3 382 391 9617
3 9611 9610 9618
3 9610 9617 9618
3 9612 9611 9619
3 9611 9618 9619
3 9613 9612 9620
3 9612 9619 9620
3 9614 9613 9621
3 9613 9620 9621
3 9615 9614 9622
3 9614 9621 9622
3 9616 9615 9623
3 9615 9622 9623
3 8134 9616 8142
3 9616 9623 8142
3 9617 391 6848
3 391 400 6848
3 9618 9617 6851
3 9617 6848 6851
3 9619 9618 6853
3 9618 6851 6853
3 9620 9619 6855
3 9619 6853 6855
3 9621 9620 6857
3 9620 6855 6857
3 9622 9621 6859
3 9621 6857 6859
3 9623 9622 6861
3 9622 6859 6861
3 8142 9623 6863
3 9623 6861 6863
3 9624 4301 4302
3 9625 9624 4302
3 9626 9624 9625
3 9627 9626 9625
3 9628 9626 9627
3 9629 9628 9627
3 9630 9628 9629
3 4301 9624 9632
3 9632 9626 9633
3 9624 9626 9632
3 9633 9628 9634
3 9626 9628 9633
3 9634 9630 9635
3 9628 9630 9634
3 9631 9635 9630
3 9631 9636 9635
3 9636 9637 9635
3 9638 9637 9639
3 9637 9636 9639
3 9640 9638 9641
3 9638 9639 9641
3 9642 9640 9643
3 9640 9641 9643
3 9625 4302 9644
3 4302 4315 9644
3 9627 9625 9645
3 9625 9644 9645
3 9629 9627 9646
3 9627 9645 9646
3 9630 9629 9647
3 9629 9646 9647
3 9636 9631 9630
3 9636 9630 9648
3 9648 9630 9647
3 9649 9636 9648
3 9650 9649 9648
3 9651 9649 9650
3 9652 9651 9650
3 9653 9651 9652
3 9654 9653 9652
3 9636 9649 9639
3 9639 9651 9641
3 9649 9651 9639
3 9641 9653 9643
3 9651 9653 9641
3 9655 4330 4331
3 9656 9655 4331
3 9657 9655 9656
3 9658 9657 9656
3 9659 9657 9658
3 9660 9659 9658
3 9661 9659 9660
3 4315 9655 9644
3 4330 9655 4315
3 9644 9657 9645
3 9655 9657 9644
3 9645 9659 9646
3 9657 9659 9645
3 9661 9646 9659
3 9661 9647 9646
3 9648 9647 9662
3 9647 9661 9662
3 9650 9648 9663
3 9648 9662 9663
3 9652 9650 9664
3 9650 9663 9664
3 9654 9652 9665
3 9652 9664 9665
3 9656 4331 9666
3 4331 4339 9666
3 9658 9656 9667
3 9656 9666 9667
3 9660 9658 9668
3 9658 9667 9668
3 9661 9660 9669
3 9669 9660 9668
3 9670 9661 9669
3 9671 9670 9669
3 9663 9670 9671
3 9672 9663 9671
3 9664 9663 9672
3 9673 9664 9672
3 9674 9664 9673
3 9675 9674 9673
3 9661 9670 9662
3 9670 9663 9662
3 9664 9674 9665
3 4339 9676 9666
3 4344 9676 4339
3 9666 9677 9667
3 9676 9677 9666
3 9667 9678 9668
3 9677 9678 9667
3 9668 9679 9669
3 9678 9679 9668
3 9680 9669 9679
3 9680 9681 9669
3 9681 9671 9669
3 9682 9681 9683
3 9682 9672 9681
3 9672 9671 9681
3 9672 9684 9673
3 9682 9684 9672
3 9673 7465 9675
3 9684 7465 9673
3 9687 5829 5830
3 9688 9687 5830
3 9689 9687 9688
3 9690 9689 9688
3 6551 9689 9690
3 9691 6551 9690
3 6542 6551 9691
3 6542 9691 6541
3 6541 9691 9692
3 6544 6541 9693
3 6541 9692 9693
3 6546 6544 9694
3 6544 9693 9694
3 6548 6546 9695
3 6546 9694 9695
3 9685 9695 9686
3 9685 1442 9695
3 1442 6548 9695
3 5844 9687 6549
3 5829 9687 5844
3 6549 9689 6550
3 9687 9689 6549
3 9689 6551 6550
3 9699 9698 9696
3 9700 9698 9699
3 9701 9700 9699
3 9702 9700 9701
3 9703 9702 9701
3 9704 9702 9703
3 9705 9704 9703
3 9695 9704 9705
3 9706 9695 9705
3 9686 9695 9706
3 9686 9706 9685
3 9685 9706 9707
3 9688 5830 9708
3 5830 5857 9708
3 9696 9708 9697
3 9696 9690 9708
3 9690 9688 9708
3 9690 9698 9691
3 9696 9698 9690
3 9691 9700 9692
3 9698 9700 9691
3 9692 9702 9693
3 9700 9702 9692
3 9693 9704 9694
3 9702 9704 9693
3 9704 9695 9694
3 9712 9711 9709
3 9708 5868 5869
3 9713 9708 5869
3 9697 9708 9713
3 9697 9713 9696
3 9696 9713 9714
3 9699 9696 9715
3 9696 9714 9715
3 9701 9699 9716
3 9699 9715 9716
3 9703 9701 9717
3 9701 9716 9717
3 9705 9703 9718
3 9703 9717 9718
3 9709 9718 9710
3 9709 9706 9718
3 9706 9705 9718
3 9706 9711 9707
3 9709 9711 9706
3 5868 9708 5857
3 9719 9720 9721
3 9722 9719 9721
3 9723 9722 9721
3 9724 9722 9723
3 9725 9724 9723
3 9726 9724 9725
3 9727 9726 9725
3 9718 9726 9727
3 9728 9718 9727
3 9710 9718 9728
3 9710 9728 9709
3 9709 9728 9729
3 9712 9709 9730
3 9709 9729 9730
3 9713 5869 9720
3 5869 5880 9720
3 9719 9714 9720
3 9714 9713 9720
3 9714 9722 9715
3 9719 9722 9714
3 9715 9724 9716
3 9722 9724 9715
3 9716 9726 9717
3 9724 9726 9716
3 9726 9718 9717
3 9734 9733 9731
3 9720 5894 5895
3 9735 9720 5895
3 9720 9735 9721
3 9721 9735 9736
3 9723 9721 9737
3 9721 9736 9737
3 9725 9723 9738
3 9723 9737 9738
3 9727 9725 9739
3 9725 9738 9739
3 9728 9727 9740
3 9727 9739 9740
3 9731 9740 9732
3 9731 9729 9740
3 9729 9728 9740
3 9729 9733 9730
3 9731 9733 9729
3 5894 9720 5880
3 9742 9741 5896
3 9743 9741 9742
3 9744 9743 9742
3 9745 9743 9744
3 9746 9745 9744
3 9747 9745 9746
3 9748 9747 9746
3 9749 9747 9748
3 9750 9749 9748
3 9740 9749 9750
3 9751 9740 9750
3 9732 9740 9751
3 9732 9751 9731
3 9731 9751 9752
3 9734 9731 9753
3 9731 9752 9753
3 5895 9741 9735
3 5896 9741 5895
3 9735 9743 9736
3 9741 9743 9735
3 9736 9745 9737
3 9743 9745 9736
3 9737 9747 9738
3 9745 9747 9737
3 9738 9749 9739
3 9747 9749 9738
3 9749 9740 9739
3 9742 5896 9754
3 5896 5917 9754
3 9744 9742 9755
3 9742 9754 9755
3 9746 9744 9756
3 9744 9755 9756
3 9748 9746 9757
3 9746 9756 9757
3 9750 9748 9758
3 9748 9757 9758
3 9751 9750 9759
3 9750 9758 9759
3 9752 9751 9760
3 9751 9759 9760
3 9753 9752 9761
3 9752 9760 9761
3 9762 7737 7739
3 9761 9762 7739
3 7741 9761 7739
3 9754 5917 7743
3 5917 5926 7743
3 9755 9754 7744
3 9754 7743 7744
3 9756 9755 7745
3 9755 7744 7745
3 9757 9756 7746
3 9756 7745 7746
3 9758 9757 7747
3 9757 7746 7747
3 9759 9758 7737
3 9758 7747 7737
3 9762 9760 7737
3 9760 9759 7737
3 9762 9761 9760
3 997 996 9763
3 9764 998 997
3 9763 9764 997
3 1000 9765 9766
3 1001 1000 9766
3 1002 1001 9767
3 1001 9766 9767
3 1003 1002 9768
3 1002 9767 9768
3 9769 996 1004
3 9763 996 9769
3 1005 9764 9770
3 998 9764 1005
3 1000 1005 9771
3 1005 9770 9771
3 9765 1000 9771
3 9772 9764 9763
3 9765 9773 9766
3 9767 9766 9773
3 9774 9767 9773
3 9768 9767 9774
3 9775 9768 9774
3 9776 9763 9769
3 9772 9763 9776
3 9770 9772 9777
3 9764 9772 9770
3 9771 9770 9778
3 9770 9777 9778
3 9765 9779 9773
3 9765 9771 9779
3 9771 9778 9779
3 9773 9780 9774
3 9779 9780 9773
3 9774 9781 9775
3 9780 9781 9774
3 9772 9776 9782
3 9776 9783 9782
3 9772 9782 9777
3 9782 9784 9777
3 9778 9777 9785
3 9777 9784 9785
3 9779 9778 9786
3 9778 9785 9786
3 9780 9779 9787
3 9779 9786 9787
3 9781 9780 9788
3 9780 9787 9788
3 9782 9783 9789
3 9783 9790 9789
3 9784 9782 9791
3 9782 9789 9791
3 9785 9784 9792
3 9784 9791 9792
3 9786 9785 9793
3 9785 9792 9793
3 9787 9786 9794
3 9786 9793 9794
3 9788 9787 9795
3 9787 9794 9795
3 9789 9790 9796
3 9790 9797 9796
3 9791 9789 9798
3 9789 9796 9798
3 9792 9791 9799
3 9791 9798 9799
3 9793 9792 9800
3 9792 9799 9800
3 9794 9793 9801
3 9793 9800 9801
3 9795 9794 9802
3 9794 9801 9802
3 9796 9797 9803
3 9797 9804 9803
3 9798 9796 9805
3 9796 9803 9805
3 9799 9798 9806
3 9798 9805 9806
3 9800 9799 9807
3 9799 9806 9807
3 9801 9800 9808
3 9800 9807 9808
3 9802 9801 9809
3 9801 9808 9809
3 9805 9803 9810
3 9803 9811 9810
3 9806 9805 9812
3 9805 9810 9812
3 9807 9806 9813
3 9806 9812 9813
3 9808 9807 9814
3 9807 9813 9814
3 9809 9808 9815
3 9808 9814 9815
3 9810 9811 9816
3 9811 9817 9816
3 9812 9810 9818
3 9810 9816 9818
3 9813 9812 9819
3 9812 9818 9819
3 9814 9813 9820
3 9813 9819 9820
3 9815 9814 9821
3 9814 9820 9821
3 9822 9823 9824
3 9825 9822 9824
3 9826 9822 9825
3 9828 9827 9826
3 9829 9827 9828
3 9830 9829 9828
3 9831 9829 9830
3 9834 9835 9822
3 9822 9835 9823
3 9836 9834 9826
3 9826 9834 9822
3 9837 9836 9827
3 9827 9836 9826
3 9838 9837 9829
3 9829 9837 9827
3 9839 9838 9831
3 9831 9838 9829
3 9840 9839 9832
3 9832 9839 9831
3 9841 9840 9833
3 9833 9840 9832
3 2942 9841 4566
3 4566 9841 9833
3 20 9834 2931
3 9835 9834 20
3 2931 9836 2932
3 9834 9836 2931
3 2932 9837 2933
3 9836 9837 2932
3 2933 9838 2934
3 9837 9838 2933
3 2934 9839 2936
3 9838 9839 2934
3 2936 9840 2938
3 9839 9840 2936
3 2938 9841 2940
3 9840 9841 2938
3 9841 2942 2940
3 9842 2982 9843
3 2982 8893 9843
3 9844 9842 9845
3 9842 9843 9845
3 9846 9844 9847
3 9844 9845 9847
3 9848 9846 9849
3 9846 9847 9849
3 9850 9848 9851
3 9848 9849 9851
3 9852 9850 9853
3 9850 9851 9853
3 9854 9852 9855
3 9852 9853 9855
3 3098 9854 3336
3 9854 9855 3336
3 9843 8893 9856
3 8893 8902 9856
3 9845 9843 9857
3 9843 9856 9857
3 9847 9845 9858
3 9845 9857 9858
3 9849 9847 9859
3 9847 9858 9859
3 9851 9849 9860
3 9849 9859 9860
3 9853 9851 9861
3 9851 9860 9861
3 9855 9853 9862
3 9853 9861 9862
3 3336 9855 3346
3 9855 9862 3346
3 9856 8902 9863
3 8902 8912 9863
3 9857 9856 9864
3 9856 9863 9864
3 9858 9857 9865
3 9857 9864 9865
3 9859 9858 9866
3 9858 9865 9866
3 9860 9859 9867
3 9859 9866 9867
3 9861 9860 9868
3 9860 9867 9868
3 9862 9861 9869
3 9861 9868 9869
3 3346 9862 3355
3 9862 9869 3355
3 9863 8912 9870
3 8912 8922 9870
3 9864 9863 9871
3 9863 9870 9871
3 9865 9864 9872
3 9864 9871 9872
3 9866 9865 9873
3 9865 9872 9873
3 9867 9866 9874
3 9866 9873 9874
3 9868 9867 9875
3 9867 9874 9875
3 9869 9868 9876
3 9868 9875 9876
3 3355 9869 3364
3 9869 9876 3364
3 9870 8922 9877
3 8922 8932 9877
3 9871 9870 9878
3 9870 9877 9878
3 9872 9871 9879
3 9871 9878 9879
3 9873 9872 9880
3 9872 9879 9880
3 9874 9873 9881
3 9873 9880 9881
3 9875 9874 9882
3 9874 9881 9882
3 9876 9875 9883
3 9875 9882 9883
3 3364 9876 3373
3 9876 9883 3373
3 9877 8932 9884
3 8932 8942 9884
3 9878 9877 9885
3 9877 9884 9885
3 9879 9878 9886
3 9878 9885 9886
3 9880 9879 9887
3 9879 9886 9887
3 9881 9880 9888
3 9880 9887 9888
3 9882 9881 9889
3 9881 9888 9889
3 9883 9882 9890
3 9882 9889 9890
3 3373 9883 3382
3 9883 9890 3382
3 8951 9891 9892
3 8951 9892 8942
3 8942 9892 9884
3 9885 9884 9893
3 9884 9892 9893
3 9886 9885 9894
3 9885 9893 9894
3 9887 9886 9895
3 9886 9894 9895
3 9888 9887 9896
3 9887 9895 9896
3 9889 9888 9897
3 9888 9896 9897
3 9890 9889 9898
3 9889 9897 9898
3 3382 9890 3391
3 9890 9898 3391
3 8960 9891 8951
3 9891 8508 8509
3 9892 9891 8509
3 9893 9892 8511
3 9892 8509 8511
3 9894 9893 8513
3 9893 8511 8513
3 9895 9894 8515
3 9894 8513 8515
3 9896 9895 8517
3 9895 8515 8517
3 9897 9896 8519
3 9896 8517 8519
3 9898 9897 8521
3 9897 8519 8521
3 3391 9898 218
3 9898 8521 218
3 7345 9891 8960
3 8508 9891 7345
3 9905 9899 6265
3 9900 9899 9905
3 9906 9900 9905
3 9901 9900 9906
3 9907 9901 9906
3 9902 9901 9907
3 9908 9902 9907
3 9903 9902 9908
3 9909 9903 9908
3 9909 9910 9911
3 9909 9911 9903
3 9903 9911 9904
3 6265 9912 9905
3 6268 9912 6265
3 9905 9913 9906
3 9912 9913 9905
3 9906 9914 9907
3 9913 9914 9906
3 9907 9915 9908
3 9914 9915 9907
3 9908 9916 9909
3 9915 9916 9908
3 9916 9910 9909
3 9910 9917 9911
3 9912 6268 9919
3 6268 6276 9919
3 9913 9912 9920
3 9912 9919 9920
3 9914 9913 9921
3 9913 9920 9921
3 9915 9914 9922
3 9914 9921 9922
3 9916 9915 9923
3 9915 9922 9923
3 9910 9918 9917
3 9910 9916 9918
3 9916 9923 9918
3 6288 9925 9926
3 6288 9926 6276
3 6276 9926 9919
3 9920 9919 9927
3 9919 9926 9927
3 9921 9920 9928
3 9920 9927 9928
3 9921 9928 9929
3 9923 9922 9930
3 9922 9929 9930
3 9918 9923 9924
3 9923 9930 9924
3 9925 9932 9926
3 9927 9926 9932
3 9933 9927 9932
3 9933 9934 9935
3 9933 9935 9927
3 9927 9935 9928
3 9929 9928 9936
3 9928 9935 9936
3 9930 9929 9937
3 9929 9936 9937
3 9924 9930 9938
3 9930 9937 9938
3 9931 9924 9938
3 9925 9939 9932
3 9925 6288 9939
3 6288 6300 9939
3 9939 9933 9932
3 9934 9941 9935
3 9936 9935 9941
3 9942 9936 9941
3 9942 9943 9944
3 9942 9944 9936
3 9936 9944 9937
3 9938 9937 9945
3 9937 9944 9945
3 9945 9931 9938
3 9940 9931 9945
3 9939 6300 9946
3 6300 6312 9946
3 9933 9939 9947
3 9939 9946 9947
3 9934 9948 9941
3 9934 9933 9948
3 9933 9947 9948
3 9941 9949 9942
3 9948 9949 9941
3 9949 9943 9942
3 9943 9951 9944
3 9951 9952 9953
3 9951 9953 9944
3 9944 9953 9945
3 9953 9940 9945
3 9950 9940 9953
3 6322 9954 9955
3 6322 9955 6312
3 6312 9955 9946
3 9947 9946 9956
3 9946 9955 9956
3 9948 9947 9957
3 9947 9956 9957
3 9949 9948 9958
3 9948 9957 9958
3 9943 9959 9951
3 9943 9949 9959
3 9949 9958 9959
3 9959 9952 9951
3 9952 9960 9953
3 9960 9950 9953
3 9960 3607 9950
3 9961 9956 9955
3 9957 9956 9961
3 9962 9957 9961
3 9958 9957 9962
3 3609 9958 9962
3 3609 3611 9958
3 9958 3611 9959
3 9952 3614 9960
3 9952 9959 3614
3 9959 3611 3614
3 3614 3607 9960
3 9954 3615 9955
3 9954 6322 3615
3 6322 3616 3615
3 9955 3619 9961
3 3615 3619 9955
3 9961 3621 9962
3 3619 3621 9961
3 3621 3609 9962
3 4117 4116 9963
3 4116 6352 9963
3 4119 4117 9964
3 4117 9963 9964
3 4121 4119 9965
3 4119 9964 9965
3 4123 4121 9966
3 4121 9965 9966
3 4125 4123 9967
3 4123 9966 9967
3 4127 4125 9968
3 4125 9967 9968
3 4129 4127 9969
3 4127 9968 9969
3 4131 4129 8790
3 4129 9969 8790
3 8793 9972 8794
3 9970 9963 6364
3 9963 6352 6364
3 9971 9963 9970
3 9971 9973 9963
3 9973 9964 9963
3 9965 9964 9974
3 9964 9973 9974
3 9966 9965 9975
3 9965 9974 9975
3 9967 9966 9976
3 9966 9975 9976
3 9968 9967 9977
3 9967 9976 9977
3 9969 9968 9978
3 9968 9977 9978
3 8793 9978 9972
3 8793 8790 9978
3 8790 9969 9978
3 9970 6378 6379
3 9970 6379 9979
3 9973 9971 9970
3 9973 9970 9980
3 9980 9970 9979
3 9981 9973 9980
3 9982 9981 9980
3 9983 9981 9982
3 9984 9983 9982
3 9985 9983 9984
3 9986 9985 9984
3 9987 9985 9986
3 9988 9987 9986
3 9978 9987 9988
3 9989 9978 9988
3 9972 9978 9989
3 9972 9989 8794
3 8794 9989 8803
3 6364 6378 9970
3 9973 9981 9974
3 9974 9983 9975
3 9981 9983 9974
3 9975 9985 9976
3 9983 9985 9975
3 9976 9987 9977
3 9985 9987 9976
3 9987 9978 9977
3 9979 6379 9990
3 6379 6388 9990
3 9980 9979 9991
3 9979 9990 9991
3 9982 9980 9992
3 9980 9991 9992
3 9984 9982 9993
3 9982 9992 9993
3 9986 9984 9994
3 9984 9993 9994
3 9988 9986 9995
3 9986 9994 9995
3 9989 9988 9996
3 9988 9995 9996
3 8803 9989 8814
3 9989 9996 8814
3 8822 8821 10000
3 9990 6388 10001
3 6388 6397 10001
3 9991 9990 10002
3 9990 10001 10002
3 9992 9991 10003
3 9991 10002 10003
3 9997 9993 10003
3 9993 9992 10003
3 9993 9998 9994
3 9997 9998 9993
3 9994 9999 9995
3 9998 9999 9994
3 9995 10000 9996
3 9999 10000 9995
3 9996 8821 8814
3 10000 8821 9996
3 10004 6414 6415
3 10005 10004 6415
3 10002 10004 10005
3 10006 10002 10005
3 10003 10002 10006
3 10007 10003 10006
3 9997 10003 10007
3 9997 10007 10008
3 9998 9997 10009
3 9997 10008 10009
3 9999 9998 10010
3 9998 10009 10010
3 10000 9999 10011
3 9999 10010 10011
3 8822 10000 8835
3 10000 10011 8835
3 6397 10004 10001
3 6414 10004 6397
3 10004 10002 10001
3 10005 6415 10012
3 6415 6422 10012
3 10006 10005 2944
3 10005 10012 2944
3 10007 10006 2921
3 10006 2944 2921
3 2920 10008 2921
3 10008 10007 2921
3 10008 2922 10009
3 2920 2922 10008
3 10009 2924 10010
3 2922 2924 10009
3 10010 2926 10011
3 2924 2926 10010
3 10011 2928 8835
3 2926 2928 10011
3 6422 2943 10012
3 36 2943 6422
3 2943 2944 10012
3 10014 2541 2217
3 10014 2217 10013
3 10013 2217 4855
3 10015 10013 4857
3 10013 4855 4857
3 10017 10016 10015
3 10017 10015 4859
3 4859 10015 4857
3 10018 10017 4859
3 4861 10018 4859
3 10019 10018 4861
3 4863 10019 4861
3 10020 10019 4863
3 4865 10020 4863
3 4867 10020 4865
3 8329 10024 5552
3 10024 5551 5552
3 5553 5551 10025
3 5551 10024 10025
3 10021 10025 10022
3 10021 5554 10025
3 5554 5553 10025
3 10023 5554 10021
3 10023 10026 5554
3 10026 5555 5554
3 5556 5555 10027
3 5555 10026 10027
3 5557 5556 10028
3 5556 10027 10028
3 5558 5557 10029
3 5557 10028 10029
3 4766 5558 6203
3 5558 10029 6203
3 10030 8329 10031
3 10031 8329 8344
3 10025 10030 10031
3 10032 10025 10031
3 10022 10025 10032
3 10022 10032 10021
3 10021 10032 10033
3 10026 10023 10021
3 10026 10021 10034
3 10034 10021 10033
3 10027 10026 10034
3 10035 10027 10034
3 10036 10027 10035
3 10037 10036 10035
3 10038 10036 10037
3 10039 10038 10037
3 6211 10038 10039
3 6212 6211 10039
3 10024 8329 10030
3 10030 10025 10024
3 10027 10036 10028
3 10028 10038 10029
3 10036 10038 10028
3 10029 6211 6203
3 10038 6211 10029
3 10031 8344 10040
3 8344 8345 10040
3 10032 10031 10041
3 10031 10040 10041
3 10033 10032 10042
3 10032 10041 10042
3 10034 10033 10043
3 10033 10042 10043
3 10035 10034 10044
3 10034 10043 10044
3 10037 10035 10045
3 10035 10044 10045
3 10039 10037 5127
3 10037 10045 5127
3 6212 10039 2543
3 10039 5127 2543
3 8345 5115 10040
3 1023 5115 8345
3 10040 5117 10041
3 5115 5117 10040
3 10041 5119 10042
3 5117 5119 10041
3 10042 5121 10043
3 5119 5121 10042
3 10043 5123 10044
3 5121 5123 10043
3 10044 5125 10045
3 5123 5125 10044
3 5125 5127 10045
3 10046 6026 6027
3 10047 10046 6027
3 10048 10046 10047
3 10049 10048 10047
3 10050 10048 10049
3 10051 10050 10049
3 10052 10050 10051
3 10053 10052 10051
3 10054 10052 10053
3 10055 10054 10053
3 10056 10054 10055
3 10057 10056 10055
3 5039 10056 10057
3 10058 5039 10057
3 5040 5039 10058
3 9515 5040 10058
3 4946 10046 5030
3 6026 10046 4946
3 5030 10048 5031
3 10046 10048 5030
3 5031 10050 5032
3 10048 10050 5031
3 5032 10052 5034
3 10050 10052 5032
3 5034 10054 5036
3 10052 10054 5034
3 5036 10056 5038
3 10054 10056 5036
3 10056 5039 5038
3 10059 6037 6038
3 10060 10059 6038
3 10061 10059 10060
3 10062 10061 10060
3 10063 10061 10062
3 10064 10063 10062
3 10065 10063 10064
3 10066 10065 10064
3 10067 10065 10066
3 10068 10067 10066
3 10069 10067 10068
3 10070 10069 10068
3 10058 10069 10070
3 10071 10058 10070
3 10071 9535 10058
3 10058 9535 9515
3 6027 10059 10047
3 6037 10059 6027
3 10047 10061 10049
3 10059 10061 10047
3 10049 10063 10051
3 10061 10063 10049
3 10051 10065 10053
3 10063 10065 10051
3 10053 10067 10055
3 10065 10067 10053
3 10055 10069 10057
3 10067 10069 10055
3 10069 10058 10057
3 10075 10074 10072
3 10076 10074 10075
3 10079 10078 10077
3 9554 10078 10079
3 9555 9554 10079
3 10080 6051 6052
3 10081 10080 6052
3 10082 10080 10081
3 10083 10082 10081
3 10083 10073 10072
3 10083 10072 10082
3 10082 10072 10084
3 10085 10084 10074
3 10074 10084 10072
3 10086 10085 10076
3 10076 10085 10074
3 10087 10086 10077
3 10077 10086 10076
3 10071 10087 10078
3 10078 10087 10077
3 9535 10071 9554
3 10071 10078 9554
3 6038 10080 10060
3 6051 10080 6038
3 10060 10082 10062
3 10080 10082 10060
3 10062 10084 10064
3 10082 10084 10062
3 10064 10085 10066
3 10084 10085 10064
3 10066 10086 10068
3 10085 10086 10066
3 10068 10087 10070
3 10086 10087 10068
3 10087 10071 10070
3 6070 1167 6069
3 6069 1167 10088
3 10083 10088 1168
3 1168 10088 1167
3 10073 1169 10072
3 10073 10083 1169
3 10083 1168 1169
3 10072 1171 10075
3 1169 1171 10072
3 10075 1173 10076
3 1171 1173 10075
3 10076 1175 10077
3 1173 1175 10076
3 10077 1177 10079
3 1175 1177 10077
3 10079 1179 9555
3 1177 1179 10079
3 6052 10088 10081
3 6069 10088 6052
3 10088 10083 10081
3 6070 1202 1167
3 10089 10090 10091
3 10090 10092 10091
3 10093 10089 10094
3 10089 10091 10094
3 10091 10092 3325
3 3327 10091 3325
3 3327 3329 10095
3 3327 10095 10091
3 10091 10095 10094
3 10096 10094 10097
3 10094 10095 10097
3 3329 2049 2052
3 10095 3329 2052
3 10097 10095 2053
3 10095 2052 2053
3 10098 10097 2055
3 10097 2053 2055
3 6502 1003 10099
3 1003 9768 10099
3 6503 6502 10100
3 6502 10099 10100
3 6504 6503 10101
3 6503 10100 10101
3 6505 6504 10102
3 6504 10101 10102
3 6506 6505 10103
3 6505 10102 10103
3 6507 6506 10104
3 6506 10103 10104
3 6508 6507 10105
3 6507 10104 10105
3 3550 6508 10106
3 6508 10105 10106
3 9775 10107 9768
3 9768 10107 10099
3 10100 10099 10108
3 10099 10107 10108
3 10101 10100 10109
3 10100 10108 10109
3 10102 10101 10110
3 10101 10109 10110
3 10103 10102 10111
3 10102 10110 10111
3 10104 10103 10112
3 10103 10111 10112
3 10105 10104 10113
3 10104 10112 10113
3 10106 10105 10114
3 10105 10113 10114
3 9781 10107 9775
3 10107 10115 10116
3 10108 10107 10117
3 10107 10116 10117
3 10109 10108 10118
3 10108 10117 10118
3 10110 10109 10119
3 10109 10118 10119
3 10111 10110 10120
3 10110 10119 10120
3 10112 10111 10121
3 10111 10120 10121
3 10113 10112 10122
3 10112 10121 10122
3 10114 10113 10123
3 10113 10122 10123
3 9788 10107 9781
3 10115 10107 9788
3 10115 10124 10116
3 10124 10125 10126
3 10124 10126 10116
3 10116 10126 10117
3 10118 10117 10127
3 10117 10126 10127
3 10119 10118 10128
3 10118 10127 10128
3 10120 10119 10129
3 10119 10128 10129
3 10121 10120 10130
3 10120 10129 10130
3 10122 10121 10131
3 10121 10130 10131
3 10123 10122 10132
3 10122 10131 10132
3 10115 10125 10124
3 10115 9788 10125
3 9788 9795 10125
3 10126 10125 10133
3 10127 10126 10134
3 10126 10133 10134
3 10128 10127 10135
3 10127 10134 10135
3 10129 10128 10136
3 10128 10135 10136
3 10130 10129 10137
3 10129 10136 10137
3 10131 10130 10138
3 10130 10137 10138
3 10132 10131 10139
3 10131 10138 10139
3 10125 9795 10140
3 9795 9802 10140
3 10133 10125 10140
3 10141 10134 10133
3 10135 10134 10141
3 10142 10135 10141
3 10136 10135 10142
3 10143 10136 10142
3 10137 10136 10143
3 10144 10137 10143
3 10138 10137 10144
3 10145 10138 10144
3 10145 10146 10147
3 10145 10147 10138
3 10138 10147 10139
3 10140 9802 10148
3 9802 9809 10148
3 10133 10140 10149
3 10140 10148 10149
3 10133 10150 10141
3 10149 10150 10133
3 10141 10151 10142
3 10150 10151 10141
3 10142 10152 10143
3 10151 10152 10142
3 10143 10153 10144
3 10152 10153 10143
3 10144 10146 10145
3 10153 10146 10144
3 10146 10154 10155
3 10147 10146 10155
3 10148 9809 10156
3 9809 9815 10156
3 10149 10148 10157
3 10148 10156 10157
3 10150 10149 10158
3 10149 10157 10158
3 10151 10150 10159
3 10150 10158 10159
3 10152 10151 10160
3 10151 10159 10160
3 10153 10152 10161
3 10152 10160 10161
3 10146 10153 10162
3 10153 10161 10162
3 10154 10146 10162
3 10154 10163 3638
3 10155 10154 3638
3 10156 9815 10164
3 9815 9821 10164
3 10157 10156 10165
3 10156 10164 10165
3 10158 10157 10166
3 10157 10165 10166
3 10159 10158 10167
3 10158 10166 10167
3 10160 10159 10168
3 10159 10167 10168
3 10161 10160 10169
3 10160 10168 10169
3 10162 10161 10170
3 10161 10169 10170
3 10170 10154 10162
3 10163 10154 10170
3 7592 7593 10171
3 7593 7614 10171
3 7594 7592 10172
3 7592 10171 10172
3 7595 7594 10173
3 7594 10172 10173
3 7596 7595 10174
3 7595 10173 10174
3 7597 7596 10175
3 7596 10174 10175
3 7598 7597 10176
3 7597 10175 10176
3 7599 7598 10177
3 7598 10176 10177
3 2097 7599 9003
3 7599 10177 9003
3 10171 7614 10178
3 7614 7622 10178
3 10172 10171 10179
3 10171 10178 10179
3 10173 10172 10180
3 10172 10179 10180
3 10174 10173 10181
3 10173 10180 10181
3 10175 10174 10182
3 10174 10181 10182
3 10176 10175 10183
3 10175 10182 10183
3 10177 10176 10184
3 10176 10183 10184
3 9003 10177 9005
3 10177 10184 9005
3 10178 7622 10185
3 7622 7630 10185
3 10179 10178 10186
3 10178 10185 10186
3 10180 10179 10187
3 10179 10186 10187
3 10181 10180 10188
3 10180 10187 10188
3 10182 10181 10189
3 10181 10188 10189
3 10183 10182 10190
3 10182 10189 10190
3 10184 10183 10191
3 10183 10190 10191
3 9005 10184 9007
3 10184 10191 9007
3 10185 7630 10192
3 7630 7635 10192
3 10186 10185 10193
3 10185 10192 10193
3 10187 10186 10194
3 10186 10193 10194
3 10188 10187 10195
3 10187 10194 10195
3 10189 10188 10196
3 10188 10195 10196
3 10190 10189 10197
3 10189 10196 10197
3 10191 10190 10198
3 10190 10197 10198
3 9007 10191 9015
3 10191 10198 9015
3 10192 7635 10199
3 7635 7636 10199
3 10193 10192 10200
3 10192 10199 10200
3 10194 10193 10201
3 10193 10200 10201
3 10195 10194 10202
3 10194 10201 10202
3 10196 10195 10203
3 10195 10202 10203
3 10197 10196 10204
3 10196 10203 10204
3 10198 10197 10205
3 10197 10204 10205
3 9015 10198 9020
3 10198 10205 9020
3 7636 736 10199
3 574 736 7636
3 10199 738 10200
3 736 738 10199
3 10200 740 10201
3 738 740 10200
3 10201 742 10202
3 740 742 10201
3 742 10206 10202
3 10206 10203 10202
3 10204 10203 10207
3 10203 10206 10207
3 10205 10204 10208
3 10204 10207 10208
3 9020 10205 9025
3 10205 10208 9025
3 10206 742 747
3 10206 749 10207
3 747 749 10206
3 10207 750 10208
3 749 750 10207
3 10208 752 9025
3 750 752 10208
3 4254 4253 8165
3 4254 8165 10209
3 4256 4258 4254
3 10209 4256 4254
3 10209 8165 10210
3 8165 8173 10210
3 4271 4256 10209
3 4271 10209 10211
3 10211 10209 10210
3 4272 4271 10211
3 10212 4273 4272
3 4274 4273 10212
3 10213 4274 10212
3 4275 4274 10213
3 10214 4275 10213
3 4276 4275 10214
3 10210 8173 10215
3 8173 8181 10215
3 10211 10210 10216
3 10210 10215 10216
3 4272 10211 10217
3 10211 10216 10217
3 10212 4272 10218
3 4272 10217 10218
3 10213 10212 10219
3 10212 10218 10219
3 10214 10213 10220
3 10213 10219 10220
3 4279 4276 10214
3 10220 4279 10214
3 10215 8181 10221
3 8181 8189 10221
3 10216 10215 10222
3 10215 10221 10222
3 10217 10216 10223
3 10216 10222 10223
3 10218 10217 10224
3 10217 10223 10224
3 10219 10218 10225
3 10218 10224 10225
3 10220 10219 10226
3 10219 10225 10226
3 4282 4279 10220
3 4282 10220 10227
3 10227 10220 10226
3 4283 4282 10227
3 10221 8189 10228
3 8189 8197 10228
3 10222 10221 10229
3 10221 10228 10229
3 10223 10222 10230
3 10222 10229 10230
3 10224 10223 10231
3 10223 10230 10231
3 10225 10224 10232
3 10224 10231 10232
3 10226 10225 10233
3 10225 10232 10233
3 10227 10226 10234
3 10226 10233 10234
3 553 4283 10227
3 553 10227 554
3 554 10227 10234
3 10235 8212 8213
3 10235 8197 8212
3 10235 10236 8197
3 10236 10228 8197
3 10229 10228 10237
3 10228 10236 10237
3 10230 10229 10238
3 10229 10237 10238
3 10231 10230 10239
3 10230 10238 10239
3 10232 10231 10240
3 10231 10239 10240
3 10233 10232 10241
3 10232 10240 10241
3 10234 10233 10242
3 10233 10241 10242
3 554 10234 566
3 10234 10242 566
3 10243 10235 8213
3 10243 8213 10244
3 10244 8213 8221
3 10245 10243 10244
3 10246 10245 10244
3 10247 10245 10246
3 10236 10235 10243
3 10236 10245 10237
3 10243 10245 10236
3 10237 10247 10238
3 10245 10247 10237
3 10247 10248 10238
3 10248 10239 10238
3 10240 10239 10249
3 10239 10248 10249
3 10241 10240 10250
3 10240 10249 10250
3 10242 10241 10251
3 10241 10250 10251
3 566 10242 577
3 10242 10251 577
3 10244 8221 10252
3 8221 8229 10252
3 10246 10244 10253
3 10244 10252 10253
3 10247 10246 10254
3 10246 10253 10254
3 10255 10247 10256
3 10256 10247 10254
3 10257 10255 10256
3 10248 10247 10255
3 10257 10248 10255
3 10257 10258 10248
3 10258 10249 10248
3 10250 10249 10259
3 10249 10258 10259
3 10251 10250 10260
3 10250 10259 10260
3 577 10251 586
3 10251 10260 586
3 10261 10262 10263
3 10264 10261 10263
3 10265 10264 10263
3 5299 10264 10265
3 5299 10265 5300
3 5300 10265 10266
3 5301 5302 10267
3 5302 7661 10267
3 5304 5301 10268
3 5301 10267 10268
3 5306 5304 10269
3 5304 10268 10269
3 5308 5306 10270
3 5306 10269 10270
3 5309 5308 10262
3 5308 10270 10262
3 10261 5310 10262
3 5310 5309 10262
3 5310 10264 5311
3 10261 10264 5310
3 5311 10264 5299
3 10271 10272 10273
3 10262 10271 10273
3 10274 10262 10273
3 10262 10274 10263
3 10263 10274 10275
3 10265 10263 10276
3 10263 10275 10276
3 10266 10265 10277
3 10265 10276 10277
3 10267 7661 10278
3 7661 7665 10278
3 10268 10267 10279
3 10267 10278 10279
3 10269 10268 10272
3 10268 10279 10272
3 10271 10270 10272
3 10270 10269 10272
3 10271 10262 10270
3 10280 10281 10282
3 10283 10284 10285
3 10272 10283 10285
3 10286 10272 10285
3 10272 10286 10273
3 10273 10286 10287
3 10274 10273 10288
3 10273 10287 10288
3 10275 10274 10289
3 10274 10288 10289
3 10276 10275 10290
3 10275 10289 10290
3 10280 10290 10281
3 10280 10277 10290
3 10277 10276 10290
3 10278 7665 10291
3 7665 7670 10291
3 10283 10291 10284
3 10283 10279 10291
3 10279 10278 10291
3 10283 10272 10279
3 10292 10293 10294
3 10295 10292 10294
3 10296 10295 10294
3 10290 10295 10296
3 10297 10290 10296
3 10281 10290 10297
3 10281 10297 10282
3 10282 10297 10298
3 10291 7671 7673
3 10299 10291 7673
3 10284 10291 10299
3 10284 10299 10285
3 10285 10299 10300
3 10286 10285 10301
3 10285 10300 10301
3 10287 10286 10302
3 10286 10301 10302
3 10292 10302 10293
3 10292 10288 10302
3 10288 10287 10302
3 10288 10295 10289
3 10292 10295 10288
3 10295 10290 10289
3 7671 10291 7670
3 10306 10305 10303
3 10307 10305 10306
3 10308 10307 10306
3 10311 10310 10309
3 10302 10310 10311
3 10312 10302 10311
3 10293 10302 10312
3 10293 10312 10294
3 10294 10312 10313
3 10303 10313 10304
3 10303 10296 10313
3 10296 10294 10313
3 10296 10305 10297
3 10303 10305 10296
3 10297 10307 10298
3 10305 10307 10297
3 10299 7673 10314
3 7673 7687 10314
3 10309 10300 10314
3 10300 10299 10314
3 10300 10310 10301
3 10309 10310 10300
3 10310 10302 10301
3 10319 10320 10321
3 10322 10319 10321
3 10323 10315 10313
3 10304 10316 10303
3 10304 10313 10316
3 10313 10315 10316
3 10303 10317 10306
3 10316 10317 10303
3 10306 10318 10308
3 10317 10318 10306
3 10324 7699 7700
3 10320 10324 7700
3 10309 10320 10319
3 10309 10324 10320
3 10309 10322 10311
3 10319 10322 10309
3 10311 10323 10312
3 10322 10323 10311
3 10323 10313 10312
3 7687 10324 10314
3 7699 10324 7687
3 10314 10324 10309
3 7715 10320 7700
3 10325 10326 10327
3 10328 10325 10327
3 10329 10325 10328
3 10330 10329 10328
3 10331 10329 10330
3 10335 10334 10332
3 10336 10334 10335
3 10337 10336 10335
3 10338 10336 10337
3 10339 10338 10337
3 3434 10338 10339
3 3435 3434 10339
3 10340 10341 10325
3 10325 10341 10326
3 10342 10340 10329
3 10329 10340 10325
3 10331 10343 10344
3 10331 10344 10329
3 10329 10344 10342
3 10343 10333 10332
3 10343 10332 10344
3 10344 10332 10345
3 10346 10345 10334
3 10334 10345 10332
3 10347 10346 10336
3 10336 10346 10334
3 10348 10347 10338
3 10338 10347 10336
3 3445 10348 3434
3 3434 10348 10338
3 2527 10340 4842
3 10341 10340 2527
3 4842 10342 4844
3 10340 10342 4842
3 4844 10344 4846
3 10342 10344 4844
3 4846 10345 4848
3 10344 10345 4846
3 4848 10346 4850
3 10345 10346 4848
3 4850 10347 4852
3 10346 10347 4850
3 4852 10348 4854
3 10347 10348 4852
3 4854 3445 2802
3 10348 3445 4854
3 10349 10350 10351
3 10352 10349 10351
3 10353 10349 10352
3 10354 10353 10352
3 10355 10353 10354
3 10356 10355 10354
3 10357 10355 10356
3 10358 10357 10356
3 10359 10357 10358
3 10360 10359 10358
3 10361 10359 10360
3 10362 10361 10360
3 10363 10361 10362
3 10364 10363 10362
3 3456 10363 10364
3 3457 3456 10364
3 10365 10366 10349
3 10349 10366 10350
3 10367 10365 10353
3 10353 10365 10349
3 10368 10367 10355
3 10355 10367 10353
3 10369 10368 10357
3 10357 10368 10355
3 10370 10369 10359
3 10359 10369 10357
3 10371 10370 10361
3 10361 10370 10359
3 10372 10371 10363
3 10363 10371 10361
3 3470 10372 3456
3 3456 10372 10363
3 10327 10365 10328
3 10366 10365 10327
3 10328 10367 10330
3 10365 10367 10328
3 10330 10343 10331
3 10330 10367 10343
3 10367 10368 10343
3 10333 10369 10332
3 10333 10343 10369
3 10343 10368 10369
3 10332 10370 10335
3 10369 10370 10332
3 10335 10371 10337
3 10370 10371 10335
3 10337 10372 10339
3 10371 10372 10337
3 10339 3470 3435
3 10372 3470 10339
3 10351 10373 10352
3 10374 10373 10351
3 10352 10375 10354
3 10373 10375 10352
3 10354 10376 10356
3 10375 10376 10354
3 10356 10377 10358
3 10376 10377 10356
3 10358 10378 10360
3 10377 10378 10358
3 10360 10379 10362
3 10378 10379 10360
3 10364 3484 3457
3 6328 6693 6329
3 6330 6329 6693
3 6695 6330 6693
3 6695 6696 10380
3 6695 10380 6330
3 6330 10380 6331
3 6332 6331 10381
3 6331 10380 10381
3 6698 6697 6333
3 6698 6333 10381
3 10381 6333 6332
3 6334 6333 6697
3 6699 6334 6697
3 6699 3618 6334
3 6334 3618 3616
3 6696 6706 10380
3 10381 10380 6706
3 6708 10381 6706
3 6698 10381 6708
3 10384 10383 10382
3 10383 10386 10387
3 10388 10383 10384
3 10386 10383 10388
3 10386 10391 10392
3 10387 10386 10392
3 10385 10390 10389
3 10385 10387 10390
3 10387 10392 10390
3 10393 10386 10388
3 10391 10386 10393
3 10394 3770 3773
3 10391 3776 10392
3 10392 3776 3775
3 10394 3775 3770
3 10394 10390 3775
3 10390 10392 3775
3 10393 3776 10391
3 6106 6105 10395
3 10397 10396 9685
3 10398 10396 10397
3 10399 10398 10397
3 1445 10398 10399
3 10400 1445 10399
3 1434 1445 10400
3 1434 10400 1435
3 1435 10400 10401
3 1437 1435 10402
3 1435 10401 10402
3 1439 1437 10403
3 1437 10402 10403
3 10395 1440 10403
3 1440 1439 10403
3 1440 6105 1441
3 10395 6105 1440
3 1442 10396 1443
3 9685 10396 1442
3 1443 10398 1444
3 10396 10398 1443
3 10398 1445 1444
3 10404 10405 10406
3 10407 10404 10406
3 10408 10407 10406
3 10409 10407 10408
3 10410 10409 10408
3 10395 10409 10410
3 10395 10410 10411
3 6106 10395 6128
3 10395 10411 6128
3 10397 9685 10412
3 9685 9707 10412
3 10399 10397 10413
3 10397 10412 10413
3 10400 10399 10414
3 10399 10413 10414
3 10404 10414 10405
3 10404 10401 10414
3 10401 10400 10414
3 10401 10407 10402
3 10404 10407 10401
3 10402 10409 10403
3 10407 10409 10402
3 10403 10409 10395
3 10415 10416 10417
3 6137 10415 10417
3 6138 6137 10417
3 10418 9711 9712
3 10419 10418 9712
3 10420 10418 10419
3 10421 10420 10419
3 10422 10420 10421
3 10423 10422 10421
3 10405 10422 10423
3 10405 10423 10406
3 10406 10423 10424
3 10408 10406 10425
3 10406 10424 10425
3 10410 10408 10426
3 10408 10425 10426
3 10415 10426 10416
3 10415 10411 10426
3 10411 10410 10426
3 10411 6137 6128
3 10415 6137 10411
3 9707 10418 10412
3 9711 10418 9707
3 10412 10420 10413
3 10418 10420 10412
3 10413 10422 10414
3 10420 10422 10413
3 10414 10422 10405
3 10427 10428 10429
3 10426 10427 10429
3 10430 10426 10429
3 10416 10426 10430
3 10416 10430 10417
3 10417 10430 10431
3 6138 10417 6151
3 10417 10431 6151
3 10419 9712 10432
3 9712 9730 10432
3 10421 10419 10433
3 10419 10432 10433
3 10423 10421 10434
3 10421 10433 10434
3 10424 10423 10435
3 10423 10434 10435
3 10427 10435 10428
3 10427 10425 10435
3 10425 10424 10435
3 10427 10426 10425
3 10436 9733 9734
3 10437 10436 9734
3 10438 10436 10437
3 10439 10438 10437
3 10440 10438 10439
3 10441 10440 10439
3 10442 10440 10441
3 10443 10442 10441
3 10428 10442 10443
3 10428 10443 10429
3 10429 10443 10444
3 10430 10429 10445
3 10429 10444 10445
3 10431 10430 10446
3 10430 10445 10446
3 6151 10431 6160
3 10431 10446 6160
3 9730 10436 10432
3 9733 10436 9730
3 10432 10438 10433
3 10436 10438 10432
3 10433 10440 10434
3 10438 10440 10433
3 10434 10442 10435
3 10440 10442 10434
3 10435 10442 10428
3 10450 10449 10447
3 10451 10449 10450
3 10452 10451 10450
3 6160 10451 10452
3 6175 6160 10452
3 10437 9734 10453
3 9734 9753 10453
3 10439 10437 10454
3 10437 10453 10454
3 10441 10439 10455
3 10439 10454 10455
3 10443 10441 10456
3 10441 10455 10456
3 10447 10456 10448
3 10447 10444 10456
3 10444 10443 10456
3 10444 10449 10445
3 10447 10449 10444
3 10445 10451 10446
3 10449 10451 10445
3 10451 6160 10446
3 10457 9761 10458
3 10459 10457 10458
3 10460 10459 10458
3 10461 10459 10460
3 10462 10461 10460
3 10463 10461 10462
3 10464 10463 10462
3 10448 10463 10464
3 10448 10464 10447
3 10447 10464 10465
3 10450 10447 10466
3 10447 10465 10466
3 10452 10450 10467
3 10450 10466 10467
3 6175 10452 6191
3 10452 10467 6191
3 10457 10453 9761
3 10453 9753 9761
3 10453 10459 10454
3 10457 10459 10453
3 10454 10461 10455
3 10459 10461 10454
3 10455 10463 10456
3 10461 10463 10455
3 10456 10463 10448
3 6193 8590 6194
3 9761 7741 10458
3 10458 7741 8591
3 10460 10458 8593
3 10458 8591 8593
3 10462 10460 8595
3 10460 8593 8595
3 10464 10462 8597
3 10462 8595 8597
3 10465 10464 8598
3 10464 8597 8598
3 10466 10465 8599
3 10465 8598 8599
3 10467 10466 8588
3 10466 8599 8588
3 6193 8588 8590
3 6193 6191 8588
3 6191 10467 8588
3 10468 10469 10470
3 10468 10470 10471
3 10471 10470 10472
3 10473 10468 10471
3 10474 10473 10471
3 10475 10473 10474
3 10476 10475 10474
3 10477 10475 10476
3 10480 10469 10468
3 10480 10473 1255
3 10468 10473 10480
3 1255 10475 1256
3 10473 10475 1255
3 1256 10477 1258
3 10475 10477 1256
3 1258 10478 1260
3 10477 10478 1258
3 10479 1260 10478
3 10479 6603 1260
3 6603 1261 1260
3 10481 10482 10483
3 10481 10483 10484
3 10484 10483 10485
3 10486 10481 10484
3 10487 10486 10484
3 10488 10486 10487
3 10472 10482 10481
3 10472 10486 10471
3 10481 10486 10472
3 10471 10488 10474
3 10486 10488 10471
3 10489 10474 10488
3 10489 10490 10474
3 10490 10476 10474
3 10477 10476 10491
3 10476 10490 10491
3 10478 10477 10492
3 10477 10491 10492
3 6603 10479 10478
3 6603 10478 6610
3 6610 10478 10492
3 10493 10494 10495
3 10493 10496 10494
3 10493 10497 10496
3 10497 10485 10496
3 10484 10485 10498
3 10485 10497 10498
3 10487 10484 10499
3 10484 10498 10499
3 10488 10487 10500
3 10487 10499 10500
3 10490 10489 10488
3 10490 10488 10501
3 10501 10488 10500
3 10491 10490 10501
3 10502 10491 10501
3 10503 10491 10502
3 10504 10503 10502
3 6620 10503 10504
3 6621 6620 10504
3 10491 10503 10492
3 10492 6620 6610
3 10503 6620 10492
3 10497 10493 10495
3 10497 10495 10505
3 10505 10495 10506
3 10498 10497 10505
3 10507 10498 10505
3 10499 10498 10507
3 10508 10499 10507
3 10509 10499 10508
3 10510 10509 10508
3 10511 10509 10510
3 10512 10511 10510
3 10513 10511 10512
3 10514 10513 10512
3 10515 10513 10514
3 10516 10515 10514
3 6638 10515 10516
3 6639 6638 10516
3 10499 10509 10500
3 10500 10511 10501
3 10509 10511 10500
3 10501 10513 10502
3 10511 10513 10501
3 10502 10515 10504
3 10513 10515 10502
3 10504 6638 6621
3 10515 6638 10504
3 10517 10518 10519
3 10522 10521 10520
3 10523 10521 10522
3 10524 10523 10522
3 10525 10523 10524
3 10506 10517 10505
3 10518 10517 10506
3 10505 10520 10507
3 10517 10520 10505
3 10507 10521 10508
3 10520 10521 10507
3 10508 10523 10510
3 10521 10523 10508
3 10510 10525 10512
3 10523 10525 10510
3 10526 10512 10525
3 10526 10514 10512
3 10516 10514 10527
3 10514 10526 10527
3 6639 10516 6651
3 10516 10527 6651
3 10517 10519 10528
3 10519 10529 10528
3 10520 10517 10530
3 10517 10528 10530
3 10522 10520 10531
3 10520 10530 10531
3 10524 10522 10532
3 10522 10531 10532
3 10525 10524 10533
3 10524 10532 10533
3 10526 10525 10534
3 10534 10525 10533
3 10535 10526 10534
3 10536 10535 10534
3 6660 10535 10536
3 6661 6660 10536
3 10526 10535 10527
3 10527 6660 6651
3 10535 6660 10527
3 10013 2541 10014
3 10013 10528 2541
3 10528 10529 2541
3 10528 10015 10530
3 10013 10015 10528
3 10016 10530 10015
3 10016 10537 10530
3 10537 10531 10530
3 10532 10531 10538
3 10531 10537 10538
3 10533 10532 10539
3 10532 10538 10539
3 10534 10533 10540
3 10533 10539 10540
3 10536 10534 10541
3 10534 10540 10541
3 6661 10536 6673
3 10536 10541 6673
3 10537 10016 10017
3 10537 10018 10538
3 10017 10018 10537
3 10538 10019 10539
3 10018 10019 10538
3 10539 10020 10540
3 10019 10020 10539
3 10540 4867 10541
3 10020 4867 10540
3 4465 10541 4867
3 4465 4464 10541
3 4464 6673 10541
3 1602 1603 10542
3 1603 5069 10542
3 1604 1602 10543
3 1602 10542 10543
3 1605 1604 10544
3 1604 10543 10544
3 1606 1605 10545
3 1605 10544 10545
3 1607 1606 10546
3 1606 10545 10546
3 1608 1607 10547
3 1607 10546 10547
3 1609 1608 10548
3 1608 10547 10548
3 1610 1609 2311
3 1609 10548 2311
3 10549 10543 10542
3 10544 10543 10549
3 10550 10544 10549
3 10545 10544 10550
3 10551 10545 10550
3 10551 10552 10553
3 10551 10553 10545
3 10545 10553 10546
3 10547 10546 10554
3 10546 10553 10554
3 10555 10548 10554
3 10554 10548 10547
3 2311 10548 10555
3 2319 2311 10555
3 5069 10556 10542
3 5073 10556 5069
3 10542 10557 10549
3 10556 10557 10542
3 10549 10558 10550
3 10557 10558 10549
3 10550 10559 10551
3 10558 10559 10550
3 10559 10552 10551
3 10555 2326 2319
3 10552 10560 10553
3 10554 10553 10560
3 10561 10554 10560
3 10555 10554 10561
3 10556 5073 10562
3 5073 5076 10562
3 10557 10556 10563
3 10556 10562 10563
3 10558 10557 10564
3 10557 10563 10564
3 10559 10558 10565
3 10558 10564 10565
3 10552 10566 10560
3 10552 10559 10566
3 10559 10565 10566
3 10560 10567 10561
3 10566 10567 10560
3 10561 10567 10555
3 10567 10568 10555
3 2326 10555 2335
3 10555 10568 2335
3 10562 5076 10569
3 5076 5079 10569
3 10563 10562 10570
3 10562 10569 10570
3 10564 10563 10571
3 10563 10570 10571
3 10565 10564 10572
3 10564 10571 10572
3 10566 10565 10573
3 10565 10572 10573
3 10567 10566 10574
3 10566 10573 10574
3 10568 10567 10575
3 10567 10574 10575
3 2335 10568 2342
3 10568 10575 2342
3 10569 5079 10576
3 5079 5082 10576
3 10570 10569 10577
3 10569 10576 10577
3 10571 10570 10578
3 10570 10577 10578
3 10572 10571 10579
3 10571 10578 10579
3 10573 10572 10580
3 10572 10579 10580
3 10574 10573 10581
3 10573 10580 10581
3 10575 10574 10582
3 10574 10581 10582
3 2342 10575 2349
3 10575 10582 2349
3 10576 5082 10583
3 5082 5085 10583
3 10577 10576 10584
3 10576 10583 10584
3 10578 10577 10585
3 10577 10584 10585
3 10579 10578 10586
3 10578 10585 10586
3 10580 10579 10587
3 10579 10586 10587
3 10581 10580 10588
3 10580 10587 10588
3 10582 10581 10589
3 10581 10588 10589
3 2349 10582 2355
3 10582 10589 2355
3 10583 5085 5087
3 10590 10583 5087
3 10584 10583 10590
3 10591 10584 10590
3 10585 10584 10591
3 10592 10585 10591
3 10586 10585 10592
3 10593 10586 10592
3 10587 10586 10593
3 10594 10587 10593
3 10594 10595 10596
3 10594 10596 10587
3 10587 10596 10588
3 10589 10588 10597
3 10588 10596 10597
3 2355 10589 2360
3 10589 10597 2360
3 5087 10598 10590
3 5088 10598 5087
3 10590 10599 10591
3 10598 10599 10590
3 10591 10600 10592
3 10599 10600 10591
3 10592 10601 10593
3 10600 10601 10592
3 10593 10602 10594
3 10601 10602 10593
3 10602 10595 10594
3 10595 5362 10596
3 5362 5364 10596
3 10596 5364 10597
3 2360 10597 2366
3 10597 5364 2366
3 10598 5088 5367
3 5088 119 5367
3 10599 10598 5369
3 10598 5367 5369
3 10600 10599 5371
3 10599 5369 5371
3 10601 10600 5373
3 10600 5371 5373
3 10602 10601 5375
3 10601 5373 5375
3 10595 10602 5362
3 10602 5375 5362
3 2365 2366 10603
3 2366 5366 10603
3 2367 2365 10604
3 2365 10603 10604
3 2368 2367 10605
3 2367 10604 10605
3 2369 2368 10606
3 2368 10605 10606
3 2370 2369 10607
3 2369 10606 10607
3 10603 5366 5379
3 10608 10603 5379
3 10604 10603 10608
3 10609 10604 10608
3 10609 10610 10611
3 10609 10611 10604
3 10604 10611 10605
3 10606 10605 10612
3 10605 10611 10612
3 10607 10606 10613
3 10606 10612 10613
3 5379 10614 10608
3 5387 10614 5379
3 10608 10615 10609
3 10614 10615 10608
3 10615 10610 10609
3 10610 10616 10611
3 10616 10617 10618
3 10616 10618 10611
3 10611 10618 10612
3 10613 10612 10619
3 10612 10618 10619
3 10614 5387 10620
3 5387 5395 10620
3 10615 10614 10621
3 10614 10620 10621
3 10610 10615 10616
3 10615 10621 10616
3 10617 10622 10618
3 10622 10623 10624
3 10622 10624 10618
3 10618 10624 10619
3 10620 5395 10625
3 5395 5403 10625
3 10621 10620 10626
3 10620 10625 10626
3 10616 10621 10627
3 10617 10628 10622
3 10617 10616 10628
3 10616 10627 10628
3 10628 10623 10622
3 10623 10629 10624
3 10625 5403 10630
3 5403 5412 10630
3 10626 10625 10631
3 10625 10630 10631
3 10627 10626 10632
3 10626 10631 10632
3 10628 10627 10633
3 10627 10632 10633
3 10623 10634 10629
3 10623 10628 10634
3 10628 10633 10634
3 10630 5412 10635
3 5412 5421 10635
3 10631 10630 10636
3 10630 10635 10636
3 10632 10631 10637
3 10631 10636 10637
3 10633 10632 10638
3 10632 10637 10638
3 10634 10633 10639
3 10633 10638 10639
3 10635 5421 10640
3 5421 5432 10640
3 10636 10635 10641
3 10635 10640 10641
3 10637 10636 10642
3 10636 10641 10642
3 10638 10637 10643
3 10637 10642 10643
3 10639 10638 10644
3 10638 10643 10644
3 10640 5432 7505
3 5432 5441 7505
3 10641 10640 7508
3 10640 7505 7508
3 10642 10641 7509
3 10641 7508 7509
3 10643 10642 7511
3 10642 7509 7511
3 10644 10643 7513
3 10643 7511 7513
3 10645 2919 4611
3 10645 4611 10646
3 10646 4611 10647
3 10648 10649 10646
3 10648 10646 10650
3 10650 10646 10647
3 10651 10648 10650
3 10652 10651 10650
3 10653 10651 10652
3 10654 10653 10652
3 10655 10653 10654
3 10656 10655 10654
3 10657 10655 10656
3 10658 10657 10656
3 10659 10657 10658
3 10660 10659 10658
3 6336 10659 10660
3 6337 6336 10660
3 10651 10653 10661
3 10661 10655 10662
3 10653 10655 10661
3 10662 10657 10663
3 10655 10657 10662
3 10663 10659 10664
3 10657 10659 10663
3 10664 6336 6353
3 10659 6336 10664
3 10647 4611 10665
3 4611 4620 10665
3 10650 10647 10666
3 10647 10665 10666
3 10652 10650 10667
3 10650 10666 10667
3 10654 10652 10668
3 10652 10667 10668
3 10656 10654 10669
3 10654 10668 10669
3 10658 10656 10670
3 10656 10669 10670
3 10660 10658 10671
3 10658 10670 10671
3 6337 10660 6357
3 10660 10671 6357
3 10672 10673 10674
3 10675 10672 10674
3 10676 10675 10674
3 10677 10675 10676
3 10678 10677 10676
3 10679 10677 10678
3 10680 10679 10678
3 10681 10679 10680
3 10682 10681 10680
3 10683 10681 10682
3 10684 10683 10682
3 6366 10683 10684
3 10665 4620 10673
3 4620 4634 10673
3 10672 10666 10673
3 10666 10665 10673
3 10666 10675 10667
3 10672 10675 10666
3 10667 10677 10668
3 10675 10677 10667
3 10668 10679 10669
3 10677 10679 10668
3 10669 10681 10670
3 10679 10681 10669
3 10670 10683 10671
3 10681 10683 10670
3 10671 6366 6357
3 10683 6366 10671
3 10673 4642 4643
3 10685 10673 4643
3 10673 10685 10674
3 10674 10685 10686
3 10676 10674 10687
3 10674 10686 10687
3 10678 10676 10688
3 10676 10687 10688
3 10680 10678 10689
3 10678 10688 10689
3 10682 10680 10690
3 10680 10689 10690
3 10684 10682 10691
3 10682 10690 10691
3 6366 10684 6381
3 10684 10691 6381
3 4642 10673 4634
3 10685 4643 10692
3 4643 4654 10692
3 10686 10685 10693
3 10685 10692 10693
3 10687 10686 10694
3 10686 10693 10694
3 10688 10687 10695
3 10687 10694 10695
3 10689 10688 10696
3 10688 10695 10696
3 10690 10689 10697
3 10689 10696 10697
3 10691 10690 10698
3 10690 10697 10698
3 6381 10691 6390
3 10691 10698 6390
3 10699 4665 4666
3 10700 10699 4666
3 10701 10699 10700
3 10702 10701 10700
3 10703 10701 10702
3 10704 10703 10702
3 10705 10703 10704
3 10706 10705 10704
3 10707 10705 10706
3 10708 10707 10706
3 10709 10707 10708
3 10710 10709 10708
3 10711 10709 10710
3 10712 10711 10710
3 6399 10711 10712
3 6400 6399 10712
3 4654 10699 10692
3 4665 10699 4654
3 10692 10701 10693
3 10699 10701 10692
3 10693 10703 10694
3 10701 10703 10693
3 10694 10705 10695
3 10703 10705 10694
3 10695 10707 10696
3 10705 10707 10695
3 10696 10709 10697
3 10707 10709 10696
3 10697 10711 10698
3 10709 10711 10697
3 10698 6399 6390
3 10711 6399 10698
3 10700 4666 10713
3 4666 4675 10713
3 10702 10700 10714
3 10700 10713 10714
3 10704 10702 4011
3 10702 10714 4011
3 10706 10704 4012
3 10704 4011 4012
3 10708 10706 4014
3 10706 4012 4014
3 10710 10708 10715
3 10708 4014 10715
3 10712 10710 10716
3 10710 10715 10716
3 6400 10712 6416
3 10712 10716 6416
3 4675 4008 10713
3 4009 4008 4675
3 10713 4010 10714
3 4008 4010 10713
3 4010 4011 10714
3 4014 4015 10715
3 10715 4017 10716
3 4015 4017 10715
3 10716 22 6416
3 4017 22 10716
3 4184 644 10717
3 644 3490 10717
3 4185 4184 10718
3 4184 10717 10718
3 4186 4185 10719
3 4185 10718 10719
3 4187 4186 10720
3 4186 10719 10720
3 4188 4187 10721
3 4187 10720 10721
3 4189 4188 10722
3 4188 10721 10722
3 4190 4189 10723
3 4189 10722 10723
3 2483 4190 9436
3 4190 10723 9436
3 10717 3490 10724
3 3490 3495 10724
3 10718 10717 10725
3 10717 10724 10725
3 10719 10718 10726
3 10718 10725 10726
3 10720 10719 10727
3 10719 10726 10727
3 10721 10720 10728
3 10720 10727 10728
3 10722 10721 10729
3 10721 10728 10729
3 10723 10722 10730
3 10722 10729 10730
3 9436 10723 9445
3 10723 10730 9445
3 10724 3495 10731
3 3495 3502 10731
3 10725 10724 10732
3 10724 10731 10732
3 10726 10725 10733
3 10725 10732 10733
3 10727 10726 10734
3 10726 10733 10734
3 10728 10727 10735
3 10727 10734 10735
3 10729 10728 10736
3 10728 10735 10736
3 10730 10729 10737
3 10729 10736 10737
3 9445 10730 9454
3 10730 10737 9454
3 10731 3502 10738
3 3502 3508 10738
3 10732 10731 10739
3 10731 10738 10739
3 10733 10732 10740
3 10732 10739 10740
3 10734 10733 10741
3 10733 10740 10741
3 10735 10734 10742
3 10734 10741 10742
3 10736 10735 10743
3 10735 10742 10743
3 10737 10736 10744
3 10736 10743 10744
3 9454 10737 9462
3 10737 10744 9462
3 10738 3508 10745
3 3508 3514 10745
3 10739 10738 10746
3 10738 10745 10746
3 10740 10739 10747
3 10739 10746 10747
3 10741 10740 10748
3 10740 10747 10748
3 10742 10741 10749
3 10741 10748 10749
3 10743 10742 10750
3 10742 10749 10750
3 10744 10743 10751
3 10743 10750 10751
3 9462 10744 9471
3 10744 10751 9471
3 10745 3514 10752
3 3514 3520 10752
3 10746 10745 10753
3 10745 10752 10753
3 10747 10746 10754
3 10746 10753 10754
3 10748 10747 10755
3 10747 10754 10755
3 10749 10748 10756
3 10748 10755 10756
3 10750 10749 10757
3 10749 10756 10757
3 10751 10750 10758
3 10750 10757 10758
3 9471 10751 9480
3 10751 10758 9480
3 10752 3520 10759
3 3520 3526 10759
3 10753 10752 10760
3 10752 10759 10760
3 10754 10753 10761
3 10753 10760 10761
3 10755 10754 10762
3 10754 10761 10762
3 10756 10755 10763
3 10755 10762 10763
3 10757 10756 10764
3 10756 10763 10764
3 10758 10757 10765
3 10757 10764 10765
3 9480 10758 9489
3 10758 10765 9489
3 10759 3526 10766
3 3526 3532 10766
3 10760 10759 10767
3 10759 10766 10767
3 10761 10760 10768
3 10760 10767 10768
3 10762 10761 10769
3 10761 10768 10769
3 10763 10762 10770
3 10762 10769 10770
3 10764 10763 10771
3 10763 10770 10771
3 10765 10764 10772
3 10764 10771 10772
3 9489 10765 321
3 10765 10772 321
3 9824 9823 10776
3 10777 6782 10773
3 10773 6782 6765
3 10778 10777 10774
3 10774 10777 10773
3 10775 10779 10780
3 10775 10780 10774
3 10774 10780 10778
3 10781 10780 10779
3 10782 10781 10779
3 10783 10781 10782
3 10784 10783 10782
3 10785 10783 10784
3 10786 10785 10784
3 10786 10776 10785
3 10785 10776 10787
3 9835 10787 9823
3 9823 10787 10776
3 24 23 10777
3 10777 23 6782
3 26 24 10778
3 10778 24 10777
3 28 26 10780
3 10780 26 10778
3 10788 28 10781
3 10781 28 10780
3 10789 10788 10783
3 10783 10788 10781
3 34 10789 10785
3 10785 10789 10783
3 18 10787 17
3 18 34 10787
3 34 10785 10787
3 17 9835 20
3 10787 9835 17
3 28 10788 30
3 30 10789 32
3 10788 10789 30
3 10789 34 32
3 6765 10790 10773
3 6794 10790 6765
3 10774 10779 10775
3 10779 10791 10782
3 10782 10792 10784
3 10791 10792 10782
3 10784 10793 10786
3 10792 10793 10784
3 10786 10793 10776
3 10794 9642 10795
3 9642 9643 10795
3 10796 10794 10797
3 10794 10795 10797
3 10798 10799 10796
3 10798 10796 10800
3 10800 10796 10797
3 10801 10798 10800
3 10802 10801 10800
3 10803 10801 10802
3 10803 10802 10804
3 10804 10802 10805
3 10806 10804 10807
3 10804 10805 10807
3 10808 10809 10806
3 10808 10806 10810
3 10810 10806 10807
3 3183 10808 10810
3 3184 3183 10810
3 10811 10809 10808
3 10811 3183 3198
3 10808 3183 10811
3 10812 9653 9654
3 10813 10812 9654
3 10814 10812 10813
3 10815 10814 10813
3 10816 10814 10815
3 10817 10816 10815
3 10818 10816 10817
3 10819 10818 10817
3 10820 10818 10819
3 10821 10820 10819
3 10822 10820 10821
3 9643 10812 10795
3 9653 10812 9643
3 10795 10814 10797
3 10812 10814 10795
3 10797 10816 10800
3 10814 10816 10797
3 10800 10818 10802
3 10816 10818 10800
3 10802 10820 10805
3 10818 10820 10802
3 10822 10805 10820
3 10822 10807 10805
3 10810 10807 10823
3 10807 10822 10823
3 3184 10810 3209
3 10810 10823 3209
3 10813 9654 10824
3 9654 9665 10824
3 10815 10813 10825
3 10813 10824 10825
3 10817 10815 10826
3 10815 10825 10826
3 10819 10817 10827
3 10817 10826 10827
3 10821 10819 10828
3 10819 10827 10828
3 10822 10821 10829
3 10829 10821 10828
3 10830 10822 10829
3 10831 10830 10829
3 3218 10830 10831
3 3219 3218 10831
3 10822 10830 10823
3 10823 3218 3209
3 10830 3218 10823
3 10832 9674 9675
3 10833 10832 9675
3 10834 10832 10833
3 10835 10834 10833
3 10836 10834 10835
3 10837 10836 10835
3 10838 10836 10837
3 10839 10838 10837
3 10840 10838 10839
3 10841 10840 10839
3 10842 10840 10841
3 10843 10842 10841
3 10844 10842 10843
3 10845 10844 10843
3 3233 10844 10845
3 9665 10832 10824
3 9674 10832 9665
3 10824 10834 10825
3 10832 10834 10824
3 10825 10836 10826
3 10834 10836 10825
3 10826 10838 10827
3 10836 10838 10826
3 10827 10840 10828
3 10838 10840 10827
3 10828 10842 10829
3 10840 10842 10828
3 10829 10844 10831
3 10842 10844 10829
3 3233 10831 10844
3 3233 3219 10831
3 7464 9675 7465
3 7464 7468 9675
3 7468 10833 9675
3 10835 10833 10846
3 10833 7468 10846
3 10837 10835 7473
3 10835 10846 7473
3 7466 7473 7467
3 7466 10839 7473
3 10839 10837 7473
3 7466 10847 10839
3 10847 10841 10839
3 10843 10841 10848
3 10841 10847 10848
3 10845 10843 10849
3 10843 10848 10849
3 3233 10845 3241
3 3241 10845 10849
3 7468 7471 10846
3 7471 7473 10846
3 10847 7466 7476
3 10847 7478 10848
3 7476 7478 10847
3 10848 7480 10849
3 7478 7480 10848
3 10849 3257 3241
3 7480 3257 10849
3 1190 1189 10850
3 10852 6084 6082
3 6085 6084 10852
3 10853 6085 10852
3 6086 6085 10853
3 10854 6086 10853
3 6087 6086 10854
3 10855 6087 10854
3 10855 10851 10850
3 10855 10850 6087
3 6087 10850 6088
3 1202 6088 1189
3 1189 6088 10850
3 1204 10856 1205
3 10857 10858 10859
3 10860 10857 10859
3 10861 10860 10859
3 10862 10860 10861
3 10863 10862 10861
3 10864 10862 10863
3 10865 10864 10863
3 10865 10856 1204
3 10865 1204 10864
3 10864 1204 1222
3 10866 6555 6556
3 10867 10866 6556
3 10868 10866 10867
3 10869 10868 10867
3 10870 10868 10869
3 10871 10870 10869
3 10871 10858 10857
3 10871 10857 10870
3 10870 10857 10872
3 10854 10872 10860
3 10860 10872 10857
3 10855 10854 10862
3 10862 10854 10860
3 10851 10864 10850
3 10851 10855 10864
3 10855 10862 10864
3 10850 1222 1190
3 10864 1222 10850
3 6089 6090 10866
3 10866 6090 6555
3 6081 10868 6082
3 6081 6089 10868
3 6089 10866 10868
3 6082 10870 10852
3 10868 10870 6082
3 10852 10872 10853
3 10870 10872 10852
3 10872 10854 10853
3 10876 10875 10874
3 10877 10875 10876
3 10856 1230 1205
3 10856 10865 1230
3 6572 10873 6571
3 6571 10873 10880
3 10881 10880 10874
3 10874 10880 10873
3 10871 10881 10875
3 10875 10881 10874
3 10858 10877 10859
3 10858 10871 10877
3 10871 10875 10877
3 10859 10878 10861
3 10877 10878 10859
3 10861 10879 10863
3 10878 10879 10861
3 10879 10865 10863
3 6556 10880 10867
3 6571 10880 6556
3 10867 10881 10869
3 10880 10881 10867
3 10881 10871 10869
3 6572 6596 10873
3 10882 2833 2834
3 10883 10882 2834
3 10884 10882 10883
3 10885 10884 10883
3 10886 10884 10885
3 10887 10886 10885
3 10888 10886 10887
3 10889 10888 10887
3 10890 10888 10889
3 10891 10890 10889
3 10892 10890 10891
3 10893 10892 10891
3 10894 10892 10893
3 2124 10882 10896
3 2833 10882 2124
3 10896 10884 10897
3 10882 10884 10896
3 10897 10886 10898
3 10884 10886 10897
3 10898 10888 10899
3 10886 10888 10898
3 10899 10890 10900
3 10888 10890 10899
3 10900 10892 10901
3 10890 10892 10900
3 10901 10894 10902
3 10892 10894 10901
3 10902 10895 9503
3 10894 10895 10902
3 10883 2834 10903
3 2834 2843 10903
3 10885 10883 10904
3 10883 10903 10904
3 10887 10885 10905
3 10885 10904 10905
3 10889 10887 10906
3 10887 10905 10906
3 10891 10889 10907
3 10889 10906 10907
3 10893 10891 10908
3 10891 10907 10908
3 10894 10893 10909
3 10893 10908 10909
3 10895 10894 10910
3 10894 10909 10910
3 10911 2857 2858
3 10912 10911 2858
3 10913 10911 10912
3 10914 10913 10912
3 10915 10913 10914
3 10916 10915 10914
3 10917 10915 10916
3 10918 10917 10916
3 10919 10917 10918
3 10920 10919 10918
3 10921 10919 10920
3 10922 10921 10920
3 10923 10921 10922
3 10924 10923 10922
3 10925 10923 10924
3 10926 10925 10924
3 2843 10911 10903
3 2857 10911 2843
3 10903 10913 10904
3 10911 10913 10903
3 10904 10915 10905
3 10913 10915 10904
3 10905 10917 10906
3 10915 10917 10905
3 10906 10919 10907
3 10917 10919 10906
3 10907 10921 10908
3 10919 10921 10907
3 10908 10923 10909
3 10921 10923 10908
3 10909 10925 10910
3 10923 10925 10909
3 10912 2858 10930
3 2858 2870 10930
3 10914 10912 10931
3 10912 10930 10931
3 10916 10914 10932
3 10914 10931 10932
3 10918 10916 10933
3 10916 10932 10933
3 10920 10918 10934
3 10918 10933 10934
3 10922 10920 10935
3 10920 10934 10935
3 10927 10935 10928
3 10927 10924 10935
3 10924 10922 10935
3 10924 10929 10926
3 10927 10929 10924
3 10936 2870 2879
3 10937 10936 2879
3 10931 10936 10937
3 10938 10931 10937
3 10932 10931 10938
3 10939 10932 10938
3 10940 10932 10939
3 10941 10940 10939
3 10942 10940 10941
3 10943 10942 10941
3 10935 10942 10943
3 10944 10935 10943
3 10928 10935 10944
3 10928 10944 10927
3 10927 10944 10945
3 10929 10927 10946
3 10927 10945 10946
3 2870 10936 10930
3 10936 10931 10930
3 10932 10940 10933
3 10933 10942 10934
3 10940 10942 10933
3 10942 10935 10934
3 10955 10954 10952
3 10956 10954 10955
3 10947 2879 2894
3 10947 10957 2879
3 10957 10937 2879
3 10948 10957 10949
3 10948 10938 10957
3 10938 10937 10957
3 10938 10950 10939
3 10948 10950 10938
3 10951 10939 10950
3 10951 10958 10939
3 10958 10941 10939
3 10943 10941 10959
3 10941 10958 10959
3 10952 10959 10953
3 10952 10944 10959
3 10944 10943 10959
3 10944 10954 10945
3 10952 10954 10944
3 10945 10956 10946
3 10954 10956 10945
3 10957 10947 2894
3 10957 2894 10960
3 10960 2894 2903
3 10949 10957 10960
3 10949 10960 10948
3 10948 10960 10961
3 10950 10948 10962
3 10948 10961 10962
3 10958 10951 10950
3 10958 10950 10963
3 10963 10950 10962
3 10959 10958 10963
3 10964 10959 10963
3 10953 10959 10964
3 10953 10964 10952
3 10952 10964 10965
3 10955 10952 10966
3 10952 10965 10966
3 10956 10955 10967
3 10955 10966 10967
3 10646 2919 10645
3 10646 10960 2919
3 10960 2903 2919
3 10649 10960 10646
3 10649 10648 10960
3 10648 10961 10960
3 10962 10961 10651
3 10961 10648 10651
3 10963 10962 10661
3 10962 10651 10661
3 10964 10963 10662
3 10963 10661 10662
3 10965 10964 10663
3 10964 10662 10663
3 10966 10965 10664
3 10965 10663 10664
3 10967 10966 6353
3 10966 10664 6353
3 1617 10968 1618
3 215 216 10969
3 10969 216 10970
3 10971 10969 10972
3 10969 10970 10972
3 10973 10971 10974
3 10971 10972 10974
3 10975 10973 10976
3 10973 10974 10976
3 10977 10975 10978
3 10975 10976 10978
3 10979 10977 10980
3 10977 10978 10980
3 10981 10979 10982
3 10979 10980 10982
3 1617 10982 10968
3 1617 1632 10982
3 1632 10981 10982
3 10983 10984 10985
3 10968 10983 10985
3 10968 10985 1618
3 1618 10985 1643
3 10970 216 10986
3 216 240 10986
3 10972 10970 10987
3 10970 10986 10987
3 10974 10972 10988
3 10972 10987 10988
3 10976 10974 10989
3 10974 10988 10989
3 10978 10976 10990
3 10976 10989 10990
3 10980 10978 10984
3 10978 10990 10984
3 10983 10982 10984
3 10982 10980 10984
3 10982 10983 10968
3 10991 10992 10993
3 10994 10991 10993
3 10995 10994 10993
3 10996 10994 10995
3 10997 10996 10995
3 10998 10996 10997
3 10999 10998 10997
3 10984 10998 10999
3 11000 10984 10999
3 10984 11000 10985
3 10985 11000 11001
3 1643 10985 1657
3 10985 11001 1657
3 10986 240 11002
3 240 254 11002
3 10991 11002 10992
3 10991 10987 11002
3 10987 10986 11002
3 10987 10994 10988
3 10991 10994 10987
3 10988 10996 10989
3 10994 10996 10988
3 10989 10998 10990
3 10996 10998 10989
3 10998 10984 10990
3 1666 1665 11003
3 11005 259 260
3 11006 11005 260
3 10992 11005 11006
3 10992 11006 10993
3 10993 11006 11007
3 10995 10993 11008
3 10993 11007 11008
3 10997 10995 11009
3 10995 11008 11009
3 10999 10997 11010
3 10997 11009 11010
3 11000 10999 11011
3 10999 11010 11011
3 11003 11011 11004
3 11003 11001 11011
3 11001 11000 11011
3 11001 1665 1657
3 11003 1665 11001
3 254 11005 11002
3 259 11005 254
3 11002 11005 10992
3 11015 11014 11012
3 11016 11014 11015
3 11017 11016 11015
3 11018 11016 11017
3 11019 11018 11017
3 11004 11018 11019
3 11004 11019 11003
3 11003 11019 11020
3 1666 11003 1681
3 11003 11020 1681
3 11006 260 11021
3 260 281 11021
3 11007 11006 11013
3 11006 11021 11013
3 11012 11008 11013
3 11008 11007 11013
3 11008 11014 11009
3 11012 11014 11008
3 11009 11016 11010
3 11014 11016 11009
3 11010 11018 11011
3 11016 11018 11010
3 11011 11018 11004
3 1692 1691 11022
3 11024 282 284
3 11025 11024 284
3 11013 11024 11025
3 11026 11013 11025
3 11013 11026 11012
3 11012 11026 11027
3 11015 11012 11028
3 11012 11027 11028
3 11017 11015 11029
3 11015 11028 11029
3 11019 11017 11030
3 11017 11029 11030
3 11022 11030 11023
3 11022 11020 11030
3 11020 11019 11030
3 11020 1691 1681
3 11022 1691 11020
3 281 11024 11021
3 282 11024 281
3 11024 11013 11021
3 11031 11032 11033
3 11034 11031 11033
3 11035 11034 11033
3 11036 11034 11035
3 11037 11036 11035
3 11023 11036 11037
3 11023 11037 11022
3 11022 11037 11038
3 1692 11022 1710
3 11022 11038 1710
3 11025 284 11039
3 284 306 11039
3 11026 11025 11040
3 11025 11039 11040
3 11027 11026 11041
3 11026 11040 11041
3 11031 11041 11032
3 11031 11028 11041
3 11028 11027 11041
3 11028 11034 11029
3 11031 11034 11028
3 11029 11036 11030
3 11034 11036 11029
3 11030 11036 11023
3 11042 3943 3944
3 1718 11042 3944
3 1719 1718 3944
3 11043 312 313
3 3947 11043 313
3 11044 11043 3947
3 3950 11044 3947
3 11041 11044 3950
3 3952 11041 3950
3 11032 11041 3952
3 11032 3952 11033
3 11033 3952 3953
3 11035 11033 3954
3 11033 3953 3954
3 11037 11035 3955
3 11035 3954 3955
3 11042 3955 3943
3 11042 11038 3955
3 11038 11037 3955
3 11038 1718 1710
3 11042 1718 11038
3 306 11043 11039
3 312 11043 306
3 11039 11044 11040
3 11043 11044 11039
3 11044 11041 11040
3 11050 11049 11048
3 11051 11049 11050
3 11052 11051 11050
3 11053 11051 11052
3 11054 11053 11052
3 4020 11053 11054
3 4021 4020 11054
3 9503 11045 9504
3 10895 11045 9503
3 9504 11046 9506
3 11045 11046 9504
3 9506 11047 9508
3 11046 11047 9506
3 9508 11048 9510
3 11047 11048 9508
3 9510 11049 9511
3 11048 11049 9510
3 9511 11051 9512
3 11049 11051 9511
3 9512 11053 9513
3 11051 11053 9512
3 9513 4020 4038
3 11053 4020 9513
3 11045 10895 11055
3 10895 10910 11055
3 11046 11045 11056
3 11045 11055 11056
3 11047 11046 11057
3 11046 11056 11057
3 11048 11047 11058
3 11047 11057 11058
3 11050 11048 11059
3 11048 11058 11059
3 11052 11050 11060
3 11050 11059 11060
3 11054 11052 11061
3 11052 11060 11061
3 4021 11054 4053
3 11054 11061 4053
3 11062 10925 10926
3 11063 11062 10926
3 11064 11062 11063
3 11065 11064 11063
3 11066 11064 11065
3 11067 11066 11065
3 11068 11066 11067
3 11069 11068 11067
3 11070 11068 11069
3 11071 11070 11069
3 11072 11070 11071
3 11073 11072 11071
3 11074 11072 11073
3 11075 11074 11073
3 4057 11074 11075
3 4058 4057 11075
3 10910 11062 11055
3 10925 11062 10910
3 11055 11064 11056
3 11062 11064 11055
3 11056 11066 11057
3 11064 11066 11056
3 11057 11068 11058
3 11066 11068 11057
3 11058 11070 11059
3 11068 11070 11058
3 11059 11072 11060
3 11070 11072 11059
3 11060 11074 11061
3 11072 11074 11060
3 11061 4057 4053
3 11074 4057 11061
3 10929 11076 10926
3 11076 11063 10926
3 11065 11063 11077
3 11063 11076 11077
3 11067 11065 11078
3 11065 11077 11078
3 11069 11067 11079
3 11067 11078 11079
3 11071 11069 11080
3 11069 11079 11080
3 11073 11071 11081
3 11071 11080 11081
3 11075 11073 11082
3 11073 11081 11082
3 4058 11075 4079
3 11075 11082 4079
3 11076 10929 11083
3 11083 10929 10946
3 11077 11076 11083
3 11084 11077 11083
3 11078 11077 11084
3 11085 11078 11084
3 11079 11078 11085
3 11086 11079 11085
3 11087 11079 11086
3 11088 11087 11086
3 11089 11087 11088
3 11090 11089 11088
3 11091 11089 11090
3 11092 11091 11090
3 4079 11091 11092
3 4081 4079 11092
3 11079 11087 11080
3 11080 11089 11081
3 11087 11089 11080
3 11081 11091 11082
3 11089 11091 11081
3 11091 4079 11082
3 11095 11094 11093
3 11096 11094 11095
3 11097 11096 11095
3 11098 11096 11097
3 11099 11098 11097
3 11100 11098 11099
3 10946 11093 11083
3 10956 11093 10946
3 11083 11094 11084
3 11093 11094 11083
3 11084 11096 11085
3 11094 11096 11084
3 11085 11098 11086
3 11096 11098 11085
3 11086 11100 11088
3 11098 11100 11086
3 11101 11088 11100
3 11101 11104 11088
3 11104 11090 11088
3 11102 11104 11103
3 11102 11092 11104
3 11092 11090 11104
3 11092 4091 4081
3 11102 4091 11092
3 11093 10956 11105
3 10956 10967 11105
3 11095 11093 11106
3 11093 11105 11106
3 11097 11095 11107
3 11095 11106 11107
3 11099 11097 11108
3 11097 11107 11108
3 11100 11099 11109
3 11099 11108 11109
3 11104 11101 11100
3 11104 11100 11110
3 11110 11100 11109
3 11103 11104 11110
3 11103 11110 11102
3 11102 11110 11111
3 4091 11102 4107
3 11102 11111 4107
3 11105 10967 6354
3 10967 6353 6354
3 11106 11105 6339
3 11105 6354 6339
3 11107 11106 6341
3 11106 6339 6341
3 11108 11107 6343
3 11107 6341 6343
3 11109 11108 6355
3 11108 6343 6355
3 11110 11109 6347
3 11109 6355 6347
3 6350 6347 6349
3 6350 11111 6347
3 11111 11110 6347
3 11111 4116 4107
3 6350 4116 11111
3 5984 6096 11112
3 6096 6097 11112
3 8447 5984 11113
3 5984 11112 11113
3 2610 8447 11114
3 8447 11113 11114
3 2611 2610 11114
3 2622 6097 2623
3 2622 11115 6097
3 11115 11112 6097
3 11113 11112 2636
3 11112 11115 2636
3 2625 2636 2626
3 2625 11114 2636
3 11114 11113 2636
3 11114 2625 2611
3 11115 2622 2633
3 2633 2636 11115
3 11116 3550 10106
3 10114 11116 10106
3 11117 11116 10114
3 11117 11118 11119
3 11117 11120 11118
3 11117 10114 11120
3 10114 10123 11120
3 11120 10123 11121
3 10123 10132 11121
3 11121 10132 11122
3 10132 10139 11122
3 11123 11121 11124
3 11121 11122 11124
3 11122 10139 11125
3 10139 10147 11125
3 11124 11122 11126
3 11122 11125 11126
3 11125 10147 11127
3 10147 10155 11127
3 11126 11125 11128
3 11125 11127 11128
3 11129 11126 11130
3 11126 11128 11130
3 11127 10155 3637
3 10155 3638 3637
3 11128 11127 3641
3 11127 3637 3641
3 11130 11128 3644
3 11128 3641 3644
3 11131 1909 11132
3 11132 1909 11133
3 11134 11131 11132
3 11135 11134 11132
3 11136 11134 11135
3 11137 11136 11135
3 11138 11136 11137
3 11139 11138 11137
3 11140 11138 11139
3 11141 11140 11139
3 11142 11140 11141
3 11143 11142 11141
3 11144 11142 11143
3 11145 11144 11143
3 646 11144 11145
3 647 646 11145
3 11131 11134 11146
3 11146 11136 11147
3 11134 11136 11146
3 11147 11138 11148
3 11136 11138 11147
3 11148 11140 11149
3 11138 11140 11148
3 11149 11142 11150
3 11140 11142 11149
3 11150 11144 11151
3 11142 11144 11150
3 11151 646 657
3 11144 646 11151
3 11132 11133 11152
3 11133 11153 11152
3 11135 11132 11154
3 11132 11152 11154
3 11137 11135 11155
3 11135 11154 11155
3 11139 11137 11156
3 11137 11155 11156
3 11141 11139 11157
3 11139 11156 11157
3 11143 11141 11158
3 11141 11157 11158
3 11145 11143 11159
3 11143 11158 11159
3 647 11145 670
3 11145 11159 670
3 11152 11153 11160
3 11153 11161 11160
3 11154 11152 11162
3 11152 11160 11162
3 11155 11154 11163
3 11154 11162 11163
3 11156 11155 11164
3 11155 11163 11164
3 11157 11156 11165
3 11156 11164 11165
3 11158 11157 11166
3 11157 11165 11166
3 11159 11158 11167
3 11158 11166 11167
3 670 11159 682
3 11159 11167 682
3 11168 11169 11170
3 11171 11168 11170
3 11172 11168 11171
3 11173 11172 11171
3 11174 11172 11173
3 11175 11174 11173
3 11176 11174 11175
3 11177 11176 11175
3 11178 11176 11177
3 11179 11178 11177
3 11180 11178 11179
3 11181 11180 11179
3 11182 11180 11181
3 11161 11168 11160
3 11169 11168 11161
3 11160 11172 11162
3 11168 11172 11160
3 11162 11174 11163
3 11172 11174 11162
3 11163 11176 11164
3 11174 11176 11163
3 11164 11178 11165
3 11176 11178 11164
3 11165 11180 11166
3 11178 11180 11165
3 11166 11182 11167
3 11180 11182 11166
3 11183 11167 11182
3 11183 698 11167
3 698 682 11167
3 11171 11170 11184
3 11170 11185 11184
3 11173 11171 11186
3 11171 11184 11186
3 11175 11173 11187
3 11173 11186 11187
3 11177 11175 11188
3 11175 11187 11188
3 11179 11177 11189
3 11177 11188 11189
3 11181 11179 11190
3 11179 11189 11190
3 11182 11181 11191
3 11181 11190 11191
3 698 11183 11182
3 698 11182 704
3 704 11182 11191
3 2491 11185 2492
3 2491 2499 11185
3 2499 11184 11185
3 11186 11184 2502
3 11184 2499 2502
3 11187 11186 2503
3 11186 2502 2503
3 11188 11187 2505
3 11187 2503 2505
3 11189 11188 2506
3 11188 2505 2506
3 2493 2506 2494
3 2493 11190 2506
3 11190 11189 2506
3 2495 11190 2493
3 2495 2509 11190
3 2509 11191 11190
3 704 11191 719
3 11191 2509 719
3 2509 728 719
3 10163 3639 3638
3 10164 9821 11192
3 9821 11193 11192
3 10165 10164 11194
3 10164 11192 11194
3 10166 10165 11195
3 10165 11194 11195
3 10167 10166 11196
3 10166 11195 11196
3 10168 10167 11197
3 10167 11196 11197
3 10169 10168 11198
3 10168 11197 11198
3 10170 10169 11199
3 10169 11198 11199
3 10163 3649 3639
3 10163 10170 3649
3 10170 11199 3649
3 11192 11193 11200
3 11193 11201 11200
3 11194 11192 11202
3 11192 11200 11202
3 11195 11194 11203
3 11194 11202 11203
3 11196 11195 11204
3 11195 11203 11204
3 11197 11196 11205
3 11196 11204 11205
3 11198 11197 11206
3 11197 11205 11206
3 11199 11198 11207
3 11198 11206 11207
3 3649 11199 3654
3 11199 11207 3654
3 11200 11201 11208
3 11201 11209 11208
3 11202 11200 11210
3 11200 11208 11210
3 11203 11202 11211
3 11202 11210 11211
3 11204 11203 11212
3 11203 11211 11212
3 11205 11204 11213
3 11204 11212 11213
3 11206 11205 11214
3 11205 11213 11214
3 11207 11206 11215
3 11206 11214 11215
3 3654 11207 3663
3 11207 11215 3663
3 11208 11209 11216
3 11209 11217 11216
3 3410 3409 11210
3 3410 11210 11216
3 11216 11210 11208
3 3409 11218 11210
3 11210 11218 11211
3 11212 11211 11219
3 11211 11218 11219
3 11213 11212 11220
3 11212 11219 11220
3 11214 11213 11221
3 11213 11220 11221
3 11215 11214 11222
3 11214 11221 11222
3 3663 11215 3670
3 11215 11222 3670
3 11216 11217 3411
3 3413 11216 3411
3 3410 11216 3413
3 3409 3416 11223
3 11218 3409 11223
3 11219 11218 11224
3 11218 11223 11224
3 11220 11219 11225
3 11219 11224 11225
3 11221 11220 11226
3 11220 11225 11226
3 11222 11221 11227
3 11221 11226 11227
3 3670 11222 3676
3 11222 11227 3676
3 3416 3420 11223
3 3420 11228 11223
3 11223 11228 11224
3 11225 11224 11229
3 11224 11228 11229
3 11226 11225 11230
3 11225 11229 11230
3 11227 11226 11231
3 11226 11230 11231
3 3676 11227 3682
3 11227 11231 3682
3 3420 3425 11228
3 3425 11232 11228
3 11228 11232 11229
3 11230 11229 11233
3 11229 11232 11233
3 11231 11230 11234
3 11230 11233 11234
3 3682 11231 3688
3 11231 11234 3688
3 3425 3431 11232
3 3431 3432 4138
3 3431 4138 11232
3 11232 4138 11233
3 11234 11233 8231
3 11233 4138 8231
3 3688 11234 3696
3 11234 8231 3696
3 11235 11236 11237
3 11238 11235 11237
3 11239 11235 11238
3 11241 11240 11239
3 11242 11240 11241
3 11243 11242 11241
3 11244 11242 11243
3 11245 11244 11243
3 11246 11244 11245
3 11247 11246 11245
3 11248 11246 11247
3 10327 10326 11248
3 2513 11249 2512
3 2513 11236 11249
3 11236 11235 11249
3 2517 11249 11239
3 11239 11249 11235
3 2518 2517 11240
3 11240 2517 11239
3 11250 2518 11242
3 11242 2518 11240
3 11251 11250 11244
3 11244 11250 11242
3 11252 11251 11246
3 11246 11251 11244
3 11253 11252 11248
3 11248 11252 11246
3 10341 11253 10326
3 10326 11253 11248
3 2514 2512 11249
3 11249 2517 2514
3 2518 11250 2520
3 2520 11251 2522
3 11250 11251 2520
3 2522 11252 2524
3 11251 11252 2522
3 2524 11253 2525
3 11252 11253 2524
3 2525 10341 2527
3 11253 10341 2525
3 11254 11255 11256
3 11257 11254 11256
3 11258 11254 11257
3 11259 11258 11257
3 11260 11258 11259
3 11261 11260 11259
3 11262 11260 11261
3 11263 11262 11261
3 11264 11262 11263
3 11265 11264 11263
3 11266 11264 11265
3 11267 11266 11265
3 11268 11266 11267
3 11269 11268 11267
3 10350 11268 11269
3 10351 10350 11269
3 11270 11271 11254
3 11254 11271 11255
3 11272 11270 11258
3 11258 11270 11254
3 11273 11272 11260
3 11260 11272 11258
3 11274 11273 11262
3 11262 11273 11260
3 11275 11274 11264
3 11264 11274 11262
3 11276 11275 11266
3 11266 11275 11264
3 11277 11276 11268
3 11268 11276 11266
3 10366 11277 10350
3 10350 11277 11268
3 11237 11270 11238
3 11271 11270 11237
3 11238 11272 11239
3 11270 11272 11238
3 11239 11273 11241
3 11272 11273 11239
3 11273 11274 11241
3 11243 11275 11245
3 11274 11275 11243
3 11245 11276 11247
3 11275 11276 11245
3 11247 11277 11248
3 11276 11277 11247
3 11248 10366 10327
3 11277 10366 11248
3 11256 11278 11257
3 11279 11278 11256
3 11257 11280 11259
3 11278 11280 11257
3 11259 11281 11261
3 11280 11281 11259
3 11261 11282 11263
3 11281 11282 11261
3 11263 11283 11265
3 11282 11283 11263
3 11265 11284 11267
3 11283 11284 11265
3 11267 11285 11269
3 11284 11285 11267
3 11269 10374 10351
3 11285 10374 11269
3 11286 7256 7257
3 11287 11286 7257
3 11288 11286 11287
3 11289 11288 11287
3 11290 11288 11289
3 11291 11290 11289
3 11292 11290 11291
3 11294 11295 11296
3 11297 11294 11296
3 2295 11286 2294
3 7256 11286 2295
3 2294 11288 2296
3 11286 11288 2294
3 2296 11290 2297
3 11288 11290 2296
3 2297 11292 2298
3 11290 11292 2297
3 11293 2298 11292
3 11293 2299 2298
3 11294 11293 11295
3 11294 2300 11293
3 2300 2299 11293
3 2300 11297 2301
3 11294 11297 2300
3 2301 6012 2302
3 11297 6012 2301
3 11287 7257 11298
3 7257 7274 11298
3 11289 11287 11299
3 11287 11298 11299
3 11291 11289 11300
3 11289 11299 11300
3 11292 11291 11301
3 11291 11300 11301
3 11293 11292 11302
3 11302 11292 11301
3 11295 11293 11302
3 11295 11302 11296
3 11296 11302 11303
3 11297 11296 11304
3 11296 11303 11304
3 6012 11297 6040
3 11297 11304 6040
3 11305 7282 7283
3 11306 11305 7283
3 11307 11305 11306
3 11308 11307 11306
3 11309 11307 11308
3 11310 11309 11308
3 11311 11309 11310
3 11312 11311 11310
3 11313 11311 11312
3 11314 11313 11312
3 11315 11313 11314
3 11316 11315 11314
3 11317 11315 11316
3 11318 11317 11316
3 6054 11317 11318
3 6055 6054 11318
3 7274 11305 11298
3 7282 11305 7274
3 11298 11307 11299
3 11305 11307 11298
3 11299 11309 11300
3 11307 11309 11299
3 11300 11311 11301
3 11309 11311 11300
3 11301 11313 11302
3 11311 11313 11301
3 11302 11315 11303
3 11313 11315 11302
3 11303 11317 11304
3 11315 11317 11303
3 11304 6054 6040
3 11317 6054 11304
3 11321 11320 11319
3 11322 11320 11321
3 11323 11322 11321
3 6072 11322 11323
3 6073 6072 11323
3 11306 7283 11324
3 7283 7292 11324
3 11308 11306 11325
3 11306 11324 11325
3 11310 11308 11326
3 11308 11325 11326
3 11312 11310 11327
3 11310 11326 11327
3 11319 11314 11327
3 11314 11312 11327
3 11314 11320 11316
3 11319 11320 11314
3 11316 11322 11318
3 11320 11322 11316
3 11318 6072 6055
3 11322 6072 11318
3 11331 11330 11328
3 11332 11330 11331
3 11333 11332 11331
3 6078 11332 11333
3 6079 6078 11333
3 11334 7299 11335
3 11336 11334 11335
3 11337 11336 11335
3 11326 11336 11337
3 11338 11326 11337
3 11327 11326 11338
3 11339 11327 11338
3 11328 11339 11329
3 11319 11339 11328
3 11319 11327 11339
3 11319 11330 11321
3 11328 11330 11319
3 11321 11332 11323
3 11330 11332 11321
3 11323 6078 6073
3 11332 6078 11323
3 11334 11324 7299
3 11324 7292 7299
3 11324 11336 11325
3 11334 11336 11324
3 11336 11326 11325
3 11341 11340 7300
3 11342 11340 11341
3 11343 11342 11341
3 11344 11342 11343
3 6584 11344 11343
3 6584 6558 6557
3 6584 6557 11344
3 11344 6557 11339
3 11329 6559 11328
3 11329 11339 6559
3 11339 6557 6559
3 11328 6561 11331
3 6559 6561 11328
3 11331 6563 11333
3 6561 6563 11331
3 11333 6090 6079
3 6563 6090 11333
3 7299 11340 11335
3 7299 7300 11340
3 11335 11342 11337
3 11340 11342 11335
3 11337 11344 11338
3 11342 11344 11337
3 11344 11339 11338
3 7300 6579 11341
3 6580 6579 7300
3 11341 6583 11343
3 6579 6583 11341
3 6583 6584 11343
3 11345 6010 11346
3 11347 11345 11346
3 11348 11345 11347
3 11349 11348 11347
3 11350 11348 11349
3 11347 11346 11351
3 11346 11352 11351
3 11349 11347 11353
3 11347 11351 11353
3 11350 11349 11354
3 11354 11349 11353
3 11355 11350 11354
3 11356 11355 11354
3 11357 11355 11356
3 11358 11357 11356
3 11359 11357 11358
3 11360 11359 11358
3 11361 11359 11360
3 11362 11361 11360
3 4781 11361 11362
3 4782 4781 11362
3 11352 11363 11351
3 11364 11363 11352
3 11365 11351 11363
3 11365 11366 11351
3 11366 11353 11351
3 11354 11353 11367
3 11353 11366 11367
3 11356 11354 11368
3 11354 11367 11368
3 11358 11356 11369
3 11356 11368 11369
3 11360 11358 11370
3 11358 11369 11370
3 11362 11360 11371
3 11360 11370 11371
3 4782 11362 4794
3 11362 11371 4794
3 11363 11364 11372
3 11364 11373 11372
3 11366 11365 11363
3 11366 11363 11374
3 11374 11363 11372
3 11375 11366 11374
3 11376 11375 11374
3 11377 11375 11376
3 11378 11377 11376
3 11379 11377 11378
3 11380 11379 11378
3 11381 11379 11380
3 11382 11381 11380
3 11383 11381 11382
3 11384 11383 11382
3 4804 11383 11384
3 4805 4804 11384
3 11366 11375 11367
3 11367 11377 11368
3 11375 11377 11367
3 11368 11379 11369
3 11377 11379 11368
3 11369 11381 11370
3 11379 11381 11369
3 11370 11383 11371
3 11381 11383 11370
3 11371 4804 4794
3 11383 4804 11371
3 11385 11386 11387
3 11388 11385 11387
3 11389 11385 11388
3 11390 11389 11388
3 11391 11389 11390
3 11392 11391 11390
3 11393 11391 11392
3 11396 11395 11394
3 11397 11395 11396
3 11398 11397 11396
3 4818 11397 11398
3 4819 4818 11398
3 11373 11385 11372
3 11386 11385 11373
3 11372 11389 11374
3 11385 11389 11372
3 11374 11391 11376
3 11389 11391 11374
3 11376 11393 11378
3 11391 11393 11376
3 11378 11394 11380
3 11393 11394 11378
3 11380 11395 11382
3 11394 11395 11380
3 11382 11397 11384
3 11395 11397 11382
3 11384 4818 4805
3 11397 4818 11384
3 11399 11400 8726
3 8727 11399 8726
3 11401 11399 8727
3 8728 11401 8727
3 11402 11401 8728
3 8729 11402 8728
3 11403 11402 8729
3 8730 11403 8729
3 11404 11403 8730
3 8731 11404 8730
3 8732 11404 8731
3 8733 11405 8732
3 4830 11405 8733
3 3876 4830 8733
3 11387 11399 11388
3 11400 11399 11387
3 11388 11401 11390
3 11399 11401 11388
3 11390 11402 11392
3 11401 11402 11390
3 11392 11403 11393
3 11402 11403 11392
3 11393 11404 11394
3 11403 11404 11393
3 11394 8732 11396
3 11404 8732 11394
3 11396 11405 11398
3 8732 11405 11396
3 11398 4830 4819
3 11405 4830 11398
3 4464 4952 6684
3 4952 4954 6684
3 4954 4956 6685
3 6685 4958 6686
3 4956 4958 6685
3 4960 6686 4958
3 4960 6687 6686
3 4961 4960 4962
3 4961 6688 4960
3 6688 6687 4960
3 6688 4963 6689
3 4961 4963 6688
3 6689 4965 5985
3 4963 4965 6689
3 10766 3532 11406
3 3532 11407 11406
3 10767 10766 11408
3 10766 11406 11408
3 10768 10767 11409
3 10767 11408 11409
3 10769 10768 11410
3 10768 11409 11410
3 10770 10769 11411
3 10769 11410 11411
3 10771 10770 11412
3 10770 11411 11412
3 10772 10771 11413
3 10771 11412 11413
3 321 10772 323
3 10772 11413 323
3 11406 11407 11414
3 11407 11415 11414
3 11408 11406 11416
3 11406 11414 11416
3 11409 11408 11417
3 11408 11416 11417
3 11410 11409 11418
3 11409 11417 11418
3 11411 11410 11419
3 11410 11418 11419
3 11412 11411 11420
3 11411 11419 11420
3 11413 11412 11421
3 11412 11420 11421
3 323 11413 339
3 11413 11421 339
3 11414 11415 11422
3 11415 11423 11422
3 11416 11414 11424
3 11414 11422 11424
3 11417 11416 11425
3 11416 11424 11425
3 11418 11417 11426
3 11417 11425 11426
3 11419 11418 11427
3 11418 11426 11427
3 11420 11419 11428
3 11419 11427 11428
3 11421 11420 11429
3 11420 11428 11429
3 339 11421 348
3 11421 11429 348
3 11422 11423 11430
3 11423 11431 11430
3 11424 11422 11432
3 11422 11430 11432
3 11425 11424 11433
3 11424 11432 11433
3 11426 11425 11434
3 11425 11433 11434
3 11427 11426 11435
3 11426 11434 11435
3 11428 11427 11436
3 11427 11435 11436
3 11429 11428 11437
3 11428 11436 11437
3 348 11429 357
3 11429 11437 357
3 11430 11431 11438
3 11431 11439 11438
3 11432 11430 11440
3 11430 11438 11440
3 11433 11432 11441
3 11432 11440 11441
3 11434 11433 11442
3 11433 11441 11442
3 11435 11434 11443
3 11434 11442 11443
3 11436 11435 11444
3 11435 11443 11444
3 11437 11436 11445
3 11436 11444 11445
3 357 11437 366
3 11437 11445 366
3 11438 11439 11446
3 11439 11447 11446
3 11440 11438 11448
3 11438 11446 11448
3 11441 11440 11449
3 11440 11448 11449
3 11442 11441 11450
3 11441 11449 11450
3 11443 11442 11451
3 11442 11450 11451
3 11444 11443 11452
3 11443 11451 11452
3 11445 11444 11453
3 11444 11452 11453
3 366 11445 375
3 11445 11453 375
3 11446 11447 11454
3 11447 11455 11454
3 11448 11446 11456
3 11446 11454 11456
3 11449 11448 11457
3 11448 11456 11457
3 11450 11449 11458
3 11449 11457 11458
3 11451 11450 11459
3 11450 11458 11459
3 11452 11451 11460
3 11451 11459 11460
3 11453 11452 11461
3 11452 11460 11461
3 375 11453 384
3 11453 11461 384
3 11454 11455 8961
3 11455 141 8961
3 11456 11454 8963
3 11454 8961 8963
3 11457 11456 8965
3 11456 8963 8965
3 11458 11457 8967
3 11457 8965 8967
3 11459 11458 8969
3 11458 8967 8969
3 11460 11459 8971
3 11459 8969 8971
3 11461 11460 8973
3 11460 8971 8973
3 384 11461 393
3 11461 8973 393
3 10252 8229 11462
3 8229 11463 11462
3 10253 10252 11464
3 10252 11462 11464
3 10254 10253 11465
3 10253 11464 11465
3 10256 10254 11466
3 10254 11465 11466
3 10258 10257 10256
3 10258 10256 11467
3 11467 10256 11466
3 10259 10258 11467
3 11468 10259 11467
3 10260 10259 11468
3 11469 10260 11468
3 11470 10260 11469
3 11471 11470 11469
3 10260 11470 586
3 11462 11463 11472
3 11463 11473 11472
3 11464 11462 11474
3 11462 11472 11474
3 11465 11464 11475
3 11464 11474 11475
3 11466 11465 11476
3 11465 11475 11476
3 11467 11466 11477
3 11466 11476 11477
3 11468 11467 11478
3 11467 11477 11478
3 11469 11468 11479
3 11468 11478 11479
3 11471 11469 11480
3 11469 11479 11480
3 11472 11473 11481
3 11473 11482 11481
3 11474 11472 11483
3 11472 11481 11483
3 11475 11474 11484
3 11474 11483 11484
3 11476 11475 11485
3 11475 11484 11485
3 11477 11476 11486
3 11476 11485 11486
3 11478 11477 11487
3 11477 11486 11487
3 11479 11478 11488
3 11478 11487 11488
3 11480 11479 11489
3 11479 11488 11489
3 11481 11482 11490
3 11491 11481 11490
3 11492 11481 11491
3 11493 11492 11491
3 11494 11492 11493
3 11499 11498 11496
3 11500 11498 11499
3 11481 11492 11483
3 11483 11494 11484
3 11492 11494 11483
3 11495 11484 11494
3 11495 11501 11484
3 11501 11485 11484
3 11496 11501 11497
3 11496 11486 11501
3 11486 11485 11501
3 11486 11498 11487
3 11496 11498 11486
3 11500 11487 11498
3 11500 11502 11487
3 11502 11488 11487
3 11489 11488 11503
3 11488 11502 11503
3 11491 11490 11504
3 11490 11505 11504
3 11493 11491 11506
3 11491 11504 11506
3 11494 11493 11507
3 11493 11506 11507
3 11501 11495 11494
3 11501 11494 11508
3 11508 11494 11507
3 11497 11501 11508
3 11497 11508 11496
3 11496 11508 11509
3 11499 11496 11510
3 11496 11509 11510
3 11511 11500 11499
3 11511 11499 11512
3 11512 11499 11510
3 11513 11511 11512
3 11502 11500 11511
3 11502 11513 11503
3 11511 11513 11502
3 11504 11505 11514
3 11505 11515 11514
3 11506 11504 11516
3 11504 11514 11516
3 11507 11506 11517
3 11506 11516 11517
3 11508 11507 11518
3 11507 11517 11518
3 11509 11508 11519
3 11508 11518 11519
3 11510 11509 11520
3 11509 11519 11520
3 11512 11510 11521
3 11510 11520 11521
3 11513 11512 11522
3 11512 11521 11522
3 11523 11524 11525
3 11526 11523 11525
3 11527 11523 11526
3 11530 11529 11528
3 11531 11529 11530
3 11515 11523 11514
3 11524 11523 11515
3 11527 11514 11523
3 11527 11516 11514
3 11528 11517 11527
3 11517 11516 11527
3 11517 11529 11518
3 11528 11529 11517
3 11531 11518 11529
3 11531 11519 11518
3 11520 11519 11532
3 11519 11531 11532
3 11521 11520 11533
3 11520 11532 11533
3 11522 11521 11534
3 11521 11533 11534
3 11526 11525 4676
3 11525 4677 4676
3 11527 11526 4680
3 4680 11526 4676
3 11527 4680 11528
3 11528 4680 4682
3 11530 11528 4684
3 11528 4682 4684
3 11531 11530 4686
3 4686 11530 4684
3 11535 11531 4686
3 4688 11535 4686
3 4690 11535 4688
3 11531 11535 11532
3 11532 4690 11533
3 11535 4690 11532
3 4690 4694 11533
3 4694 11534 11533
3 11538 11539 11540
3 11539 11537 11540
3 11539 11541 11537
3 11541 11536 11537
3 11538 11543 11539
3 11542 11543 11538
3 11542 11544 11543
3 11543 11541 11539
3 11545 1614 1615
3 11545 1615 11546
3 11546 1615 11547
3 11548 11546 11549
3 11546 11547 11549
3 11542 11548 11544
3 11548 11549 11544
3 11536 11551 11550
3 11552 11536 11553
3 11553 11536 11541
3 11552 11551 11536
3 11554 11555 11556
3 11544 11554 11556
3 11557 11544 11556
3 11544 11557 11543
3 11543 11557 11558
3 11558 11541 11543
3 11553 11541 11558
3 11547 1615 11559
3 1615 1641 11559
3 11554 11559 11555
3 11554 11549 11559
3 11549 11547 11559
3 11554 11544 11549
3 11551 11560 11550
3 11552 11553 11563
3 11551 11564 11560
3 11551 11552 11564
3 11552 11563 11564
3 11564 11561 11560
3 11566 11565 1646
3 11555 11565 11566
3 11555 11566 11556
3 11556 11566 11567
3 11557 11556 11568
3 11556 11567 11568
3 11558 11557 11569
3 11557 11568 11569
3 11569 11553 11558
3 11563 11553 11569
3 1641 11565 11559
3 1646 11565 1641
3 11559 11565 11555
3 11570 11571 11562
3 11570 11562 11572
3 11572 11562 11561
3 11570 11573 11571
3 11577 11576 11574
3 11563 11576 11577
3 11563 11577 11578
3 11564 11563 11579
3 11563 11578 11579
3 11579 11561 11564
3 11572 11561 11579
3 11566 1646 11580
3 1646 1664 11580
3 11567 11566 11581
3 11566 11580 11581
3 11574 11581 11575
3 11574 11568 11581
3 11568 11567 11581
3 11568 11576 11569
3 11574 11576 11568
3 11569 11576 11563
3 11582 11583 11584
3 11572 11582 11584
3 11572 11584 11570
3 11570 11584 11585
3 11585 11573 11570
3 11586 11573 11585
3 11587 1671 1673
3 11588 11587 1673
3 11589 11587 11588
3 11590 11589 11588
3 11575 11589 11590
3 11575 11590 11574
3 11574 11590 11591
3 11577 11574 11592
3 11574 11591 11592
3 11578 11577 11583
3 11577 11592 11583
3 11582 11579 11583
3 11579 11578 11583
3 11579 11582 11572
3 1664 11587 11580
3 1671 11587 1664
3 11580 11589 11581
3 11587 11589 11580
3 11581 11589 11575
3 11593 11594 11595
3 11596 11593 11595
3 11597 11596 11595
3 11583 11596 11597
3 11598 11583 11597
3 11583 11598 11584
3 11584 11598 11599
3 11585 11584 11600
3 11584 11599 11600
3 11600 11586 11585
3 11601 11586 11600
3 11588 1673 11602
3 1673 1689 11602
3 11590 11588 11603
3 11588 11602 11603
3 11593 11603 11594
3 11593 11591 11603
3 11591 11590 11603
3 11591 11596 11592
3 11593 11596 11591
3 11596 11583 11592
3 11604 11605 11606
3 11607 11604 11606
3 11608 11607 11606
3 11594 11607 11608
3 11594 11608 11595
3 11595 11608 11609
3 11597 11595 11610
3 11595 11609 11610
3 11598 11597 11611
3 11597 11610 11611
3 11612 11599 11611
3 11599 11598 11611
3 11599 11613 11600
3 11612 11613 11599
3 11600 11613 11601
3 11604 1708 11605
3 11604 11602 1708
3 11602 1689 1708
3 11602 11607 11603
3 11604 11607 11602
3 11603 11607 11594
3 11605 1708 1716
3 11605 1716 11606
3 11606 1716 9114
3 11608 11606 9115
3 11606 9114 9115
3 11614 9115 9116
3 11614 11609 9115
3 11609 11608 9115
3 11609 11615 11610
3 11614 11615 11609
3 11610 11616 11611
3 11615 11616 11610
3 11611 11616 11612
3 11617 11470 11471
3 11617 586 11470
3 11617 11618 586
3 11618 585 586
3 587 585 11619
3 585 11618 11619
3 588 587 11620
3 587 11619 11620
3 589 588 11621
3 588 11620 11621
3 590 589 11622
3 589 11621 11622
3 591 590 11623
3 590 11622 11623
3 592 591 11624
3 591 11623 11624
3 593 592 4346
3 592 11624 4346
3 11618 11617 11471
3 11618 11471 11625
3 11625 11471 11480
3 11626 11618 11625
3 11627 11626 11625
3 11628 11626 11627
3 11629 11628 11627
3 11630 11628 11629
3 11631 11630 11629
3 11632 11630 11631
3 11618 11626 11619
3 11619 11628 11620
3 11626 11628 11619
3 11620 11630 11621
3 11628 11630 11620
3 11632 11621 11630
3 11632 11633 11621
3 11633 11622 11621
3 11623 11622 11634
3 11622 11633 11634
3 11624 11623 11635
3 11623 11634 11635
3 4346 11624 4355
3 11624 11635 4355
3 11625 11480 11636
3 11480 11489 11636
3 11627 11625 11637
3 11625 11636 11637
3 11629 11627 11638
3 11627 11637 11638
3 11631 11629 11639
3 11629 11638 11639
3 11633 11632 11631
3 11633 11631 11640
3 11640 11631 11639
3 11641 11633 11640
3 11642 11641 11640
3 11643 11641 11642
3 11644 11643 11642
3 4364 11643 11644
3 11633 11641 11634
3 11634 11643 11635
3 11641 11643 11634
3 11635 4364 4355
3 11643 4364 11635
3 11636 11489 11645
3 11489 11503 11645
3 11637 11636 11646
3 11636 11645 11646
3 11638 11637 11647
3 11637 11646 11647
3 11639 11638 11648
3 11638 11647 11648
3 11640 11639 11649
3 11639 11648 11649
3 11642 11640 11650
3 11640 11649 11650
3 11644 11642 11651
3 11642 11650 11651
3 4364 11644 4374
3 11644 11651 4374
3 11652 11503 11513
3 11652 11653 11503
3 11653 11645 11503
3 11646 11645 11654
3 11645 11653 11654
3 11647 11646 11655
3 11646 11654 11655
3 11648 11647 11656
3 11647 11655 11656
3 11649 11648 11657
3 11648 11656 11657
3 11650 11649 11658
3 11649 11657 11658
3 11651 11650 11659
3 11650 11658 11659
3 4374 11651 4385
3 11651 11659 4385
3 11660 11652 11513
3 11660 11513 11661
3 11661 11513 11522
3 11662 11660 11661
3 11663 11662 11661
3 11664 11662 11663
3 11665 11664 11663
3 11666 11664 11665
3 11667 11666 11665
3 11668 11666 11667
3 11669 11668 11667
3 11670 11668 11669
3 11671 11670 11669
3 11672 11670 11671
3 11653 11652 11660
3 11653 11662 11654
3 11660 11662 11653
3 11654 11664 11655
3 11662 11664 11654
3 11655 11666 11656
3 11664 11666 11655
3 11656 11668 11657
3 11666 11668 11656
3 11657 11670 11658
3 11668 11670 11657
3 11672 11658 11670
3 11672 11659 11658
3 4385 11659 4397
3 11659 11672 4397
3 11661 11522 11673
3 11522 11534 11673
3 11663 11661 11674
3 11661 11673 11674
3 11665 11663 11675
3 11663 11674 11675
3 11667 11665 11676
3 11665 11675 11676
3 11669 11667 11677
3 11667 11676 11677
3 11671 11669 11678
3 11669 11677 11678
3 11672 11671 11679
3 11679 11671 11678
3 4406 11672 11679
3 4407 4406 11679
3 11672 4406 4397
3 11673 11534 7085
3 11534 4694 7085
3 11674 11673 7086
3 11673 7085 7086
3 11675 11674 7087
3 11674 7086 7087
3 11676 11675 7088
3 11675 7087 7088
3 11677 11676 7089
3 11676 7088 7089
3 11678 11677 7090
3 11677 7089 7090
3 11679 11678 7091
3 11678 7090 7091
3 4407 11679 4421
3 11679 7091 4421
3 3527 3528 11680
3 3528 11681 11680
3 3529 3527 11682
3 3527 11680 11682
3 3530 3529 11683
3 3529 11682 11683
3 3531 3530 11684
3 3530 11683 11684
3 3532 3531 11407
3 3531 11684 11407
3 11680 11681 11685
3 11681 11686 11685
3 11682 11680 11687
3 11680 11685 11687
3 11683 11682 11688
3 11682 11687 11688
3 11684 11683 11689
3 11683 11688 11689
3 11407 11684 11415
3 11684 11689 11415
3 11685 11686 11690
3 11686 11691 11690
3 11687 11685 11692
3 11685 11690 11692
3 11688 11687 11693
3 11687 11692 11693
3 11689 11688 11694
3 11688 11693 11694
3 11415 11689 11423
3 11689 11694 11423
3 11690 11691 11695
3 11691 11696 11695
3 11692 11690 11697
3 11690 11695 11697
3 11693 11692 11698
3 11692 11697 11698
3 11694 11693 11699
3 11693 11698 11699
3 11423 11694 11431
3 11694 11699 11431
3 11695 11696 11700
3 11696 11701 11700
3 11697 11695 11702
3 11695 11700 11702
3 11698 11697 11703
3 11697 11702 11703
3 11699 11698 11704
3 11698 11703 11704
3 11431 11699 11439
3 11699 11704 11439
3 11700 11701 11705
3 11701 11706 11705
3 11702 11700 11707
3 11700 11705 11707
3 11703 11702 11708
3 11702 11707 11708
3 11704 11703 11709
3 11703 11708 11709
3 11439 11704 11447
3 11704 11709 11447
3 11706 11710 11711
3 11710 11712 11711
3 11705 11706 11713
3 11706 11711 11713
3 11707 11705 11714
3 11705 11713 11714
3 11708 11707 11715
3 11707 11714 11715
3 11709 11708 11716
3 11708 11715 11716
3 11447 11709 11455
3 11709 11716 11455
3 11711 11712 129
3 11712 130 129
3 11713 11711 133
3 11711 129 133
3 11714 11713 135
3 11713 133 135
3 11715 11714 137
3 11714 135 137
3 11716 11715 139
3 11715 137 139
3 11455 11716 141
3 11716 139 141
3 8031 3936 11717
3 11717 3936 8359
3 8032 8031 11718
3 11718 8031 11717
3 8033 8032 11719
3 11719 8032 11718
3 11720 7992 7993
3 11721 11720 7993
3 11722 11720 11721
3 11723 11722 11721
3 11724 11722 11723
3 11725 11724 11723
3 11726 11724 11725
3 11727 11726 11725
3 11728 11726 11727
3 11729 11728 11727
3 11730 11728 11729
3 11731 11730 11729
3 11732 11730 11731
3 11733 11732 11731
3 11236 11732 11733
3 11237 11236 11733
3 1166 11720 11734
3 7992 11720 1166
3 11734 11722 11735
3 11720 11722 11734
3 11735 11724 11736
3 11722 11724 11735
3 11736 11726 11737
3 11724 11726 11736
3 11737 11728 11738
3 11726 11728 11737
3 11738 11730 11739
3 11728 11730 11738
3 11739 11732 11740
3 11730 11732 11739
3 11740 11236 2513
3 11732 11236 11740
3 11741 8008 8009
3 11742 11741 8009
3 11743 11741 11742
3 11744 11743 11742
3 11745 11743 11744
3 11746 11745 11744
3 11747 11745 11746
3 11749 11748 11747
3 11750 11748 11749
3 11751 11750 11749
3 11752 11750 11751
3 11753 11752 11751
3 11255 11752 11753
3 11256 11255 11753
3 11754 7993 11741
3 11741 7993 8008
3 11755 11754 11743
3 11743 11754 11741
3 11756 11755 11745
3 11745 11755 11743
3 11757 11756 11747
3 11747 11756 11745
3 11758 11757 11748
3 11748 11757 11747
3 11759 11758 11750
3 11750 11758 11748
3 11760 11759 11752
3 11752 11759 11750
3 11271 11760 11255
3 11255 11760 11752
3 7993 11754 11721
3 11721 11755 11723
3 11754 11755 11721
3 11723 11756 11725
3 11755 11756 11723
3 11725 11757 11727
3 11756 11757 11725
3 11727 11758 11729
3 11757 11758 11727
3 11729 11759 11731
3 11758 11759 11729
3 11731 11760 11733
3 11759 11760 11731
3 11733 11271 11237
3 11760 11271 11733
3 11761 8025 8026
3 11762 11761 8026
3 11763 11761 11762
3 11764 11763 11762
3 11765 11763 11764
3 11766 11765 11764
3 11767 11765 11766
3 11771 8030 11761
3 11761 8030 8025
3 11772 11771 11763
3 11763 11771 11761
3 11773 11772 11765
3 11765 11772 11763
3 11774 11773 11767
3 11767 11773 11765
3 11775 11774 11768
3 11768 11774 11767
3 11776 11775 11769
3 11769 11775 11768
3 11777 11776 11770
3 11770 11776 11769
3 8009 11771 11742
3 8030 11771 8009
3 11742 11772 11744
3 11771 11772 11742
3 11744 11773 11746
3 11772 11773 11744
3 11746 11774 11747
3 11773 11774 11746
3 11747 11775 11749
3 11774 11775 11747
3 11749 11776 11751
3 11775 11776 11749
3 11751 11777 11753
3 11776 11777 11751
3 11753 11279 11256
3 11777 11279 11753
3 8222 470 11778
3 470 471 11778
3 8223 8222 11779
3 8222 11778 11779
3 8224 8223 11780
3 8223 11779 11780
3 8225 8224 11781
3 8224 11780 11781
3 8226 8225 11782
3 8225 11781 11782
3 8227 8226 11783
3 8226 11782 11783
3 8228 8227 11784
3 8227 11783 11784
3 8229 8228 11463
3 8228 11784 11463
3 11778 471 11785
3 471 481 11785
3 11779 11778 11786
3 11778 11785 11786
3 11780 11779 11787
3 11779 11786 11787
3 11781 11780 11788
3 11780 11787 11788
3 11782 11781 11789
3 11781 11788 11789
3 11783 11782 11790
3 11782 11789 11790
3 11784 11783 11791
3 11783 11790 11791
3 11463 11784 11473
3 11784 11791 11473
3 11792 481 494
3 11793 11792 494
3 11794 11792 11793
3 11795 11794 11793
3 11796 11794 11795
3 11797 11796 11795
3 11798 11796 11797
3 11799 11798 11797
3 11800 11798 11799
3 11801 11800 11799
3 11802 11800 11801
3 11803 11802 11801
3 11804 11802 11803
3 11805 11804 11803
3 11482 11804 11805
3 481 11792 11785
3 11785 11794 11786
3 11792 11794 11785
3 11786 11796 11787
3 11794 11796 11786
3 11787 11798 11788
3 11796 11798 11787
3 11788 11800 11789
3 11798 11800 11788
3 11789 11802 11790
3 11800 11802 11789
3 11790 11804 11791
3 11802 11804 11790
3 11482 11791 11804
3 11482 11473 11791
3 11793 494 11806
3 494 503 11806
3 11795 11793 11807
3 11793 11806 11807
3 11797 11795 11808
3 11795 11807 11808
3 11799 11797 11809
3 11797 11808 11809
3 11801 11799 11810
3 11799 11809 11810
3 11803 11801 11811
3 11801 11810 11811
3 11805 11803 11812
3 11803 11811 11812
3 11482 11805 11490
3 11490 11805 11812
3 11806 503 11813
3 503 512 11813
3 11807 11806 11814
3 11806 11813 11814
3 11808 11807 11815
3 11807 11814 11815
3 11809 11808 11816
3 11808 11815 11816
3 11810 11809 11817
3 11809 11816 11817
3 11811 11810 11818
3 11810 11817 11818
3 11812 11811 11819
3 11811 11818 11819
3 11490 11812 11505
3 11812 11819 11505
3 11813 512 11820
3 512 522 11820
3 11814 11813 11821
3 11813 11820 11821
3 11815 11814 11822
3 11814 11821 11822
3 11816 11815 11823
3 11815 11822 11823
3 11817 11816 11824
3 11816 11823 11824
3 11818 11817 11825
3 11817 11824 11825
3 11819 11818 11826
3 11818 11825 11826
3 11505 11819 11515
3 11819 11826 11515
3 11820 522 536
3 11827 11820 536
3 11821 11820 11827
3 11828 11821 11827
3 11829 11821 11828
3 11830 11829 11828
3 11831 11829 11830
3 11832 11831 11830
3 11833 11831 11832
3 11834 11833 11832
3 11835 11833 11834
3 11836 11835 11834
3 11837 11835 11836
3 11838 11837 11836
3 11524 11837 11838
3 11525 11524 11838
3 11821 11829 11822
3 11822 11831 11823
3 11829 11831 11822
3 11823 11833 11824
3 11831 11833 11823
3 11824 11835 11825
3 11833 11835 11824
3 11825 11837 11826
3 11835 11837 11825
3 11826 11524 11515
3 11837 11524 11826
3 11827 536 5473
3 536 545 5473
3 11828 11827 5474
3 11827 5473 5474
3 11830 11828 5476
3 11828 5474 5476
3 11832 11830 5478
3 11830 5476 5478
3 11834 11832 5480
3 11832 5478 5480
3 11836 11834 5482
3 11834 5480 5482
3 11838 11836 5484
3 11836 5482 5484
3 11525 11838 4677
3 11838 5484 4677
3 118 11839 5063
3 4191 11839 118
3 11839 5064 5063
3 11840 5942 11841
3 5942 5943 11841
3 11841 5943 11842
3 5943 5951 11842
3 11843 11841 11844
3 11841 11842 11844
3 11845 11843 11846
3 11843 11844 11846
3 11847 11845 11848
3 11845 11846 11848
3 11849 11847 11850
3 11847 11848 11850
3 11851 11852 11853
3 11851 11849 11852
3 11849 11850 11852
3 11854 401 11855
3 11842 5951 11856
3 5951 5959 11856
3 11844 11842 11857
3 11842 11856 11857
3 11846 11844 11858
3 11844 11857 11858
3 11848 11846 11859
3 11846 11858 11859
3 11850 11848 11860
3 11848 11859 11860
3 11852 11850 11861
3 11850 11860 11861
3 11862 11852 11863
3 11852 11861 11863
3 11854 404 401
3 11854 11862 404
3 11862 11863 404
3 11856 5959 11864
3 5959 5967 11864
3 11857 11856 11865
3 11856 11864 11865
3 11858 11857 11866
3 11857 11865 11866
3 11859 11858 11867
3 11858 11866 11867
3 11860 11859 11868
3 11859 11867 11868
3 11861 11860 11869
3 11860 11868 11869
3 11863 11861 11870
3 11861 11869 11870
3 404 11863 418
3 11863 11870 418
3 11864 5967 11871
3 5967 5975 11871
3 11865 11864 11872
3 11864 11871 11872
3 11866 11865 11873
3 11865 11872 11873
3 11867 11866 11874
3 11866 11873 11874
3 11868 11867 11875
3 11867 11874 11875
3 11869 11868 11876
3 11868 11875 11876
3 11870 11869 11877
3 11869 11876 11877
3 418 11870 428
3 11870 11877 428
3 11871 5975 11878
3 5975 5983 11878
3 11872 11871 11879
3 11871 11878 11879
3 11873 11872 11880
3 11872 11879 11880
3 11874 11873 11881
3 11873 11880 11881
3 11875 11874 11882
3 11874 11881 11882
3 11876 11875 11883
3 11875 11882 11883
3 11877 11876 11884
3 11876 11883 11884
3 428 11877 437
3 11877 11884 437
3 11878 5983 11885
3 5983 2620 11885
3 11879 11878 11886
3 11878 11885 11886
3 11880 11879 11887
3 11879 11886 11887
3 11881 11880 11888
3 11880 11887 11888
3 11882 11881 11889
3 11881 11888 11889
3 11883 11882 11890
3 11882 11889 11890
3 11884 11883 11891
3 11883 11890 11891
3 437 11884 446
3 11884 11891 446
3 11892 1980 1981
3 11893 11892 1981
3 11894 11892 11893
3 11895 11894 11893
3 3177 11894 11895
3 11896 3177 11895
3 3178 3177 11896
3 11897 3178 11896
3 11898 3178 11897
3 11899 11898 11897
3 11900 11898 11899
3 11901 11900 11899
3 11902 11900 11901
3 1986 11892 3175
3 1980 11892 1986
3 3175 11894 3176
3 11892 11894 3175
3 11894 3177 3176
3 3178 11898 3179
3 3179 11900 3180
3 11898 11900 3179
3 3180 11902 3181
3 11900 11902 3180
3 11903 3181 11902
3 11903 9041 3181
3 9041 538 3181
3 11893 1981 11904
3 1981 1993 11904
3 11895 11893 11905
3 11893 11904 11905
3 11896 11895 11906
3 11895 11905 11906
3 11897 11896 11907
3 11896 11906 11907
3 11899 11897 11908
3 11897 11907 11908
3 11901 11899 11909
3 11899 11908 11909
3 11902 11901 11910
3 11901 11909 11910
3 9041 11903 11902
3 9041 11902 9047
3 9047 11902 11910
3 11904 1993 11912
3 1993 1999 11912
3 11905 11904 11913
3 11904 11912 11913
3 11906 11905 11914
3 11905 11913 11914
3 11907 11906 11915
3 11906 11914 11915
3 11911 11908 11915
3 11908 11907 11915
3 11911 11916 11908
3 11916 11909 11908
3 11910 11909 11917
3 11909 11916 11917
3 9047 11910 9059
3 11910 11917 9059
3 11918 2008 2009
3 11921 11920 11919
3 11922 11920 11921
3 11923 11922 11921
3 11911 11922 11923
3 11911 11923 11924
3 11925 11911 11926
3 11926 11911 11924
3 11927 11925 11926
3 11928 11927 11926
3 9067 11927 11928
3 9068 9067 11928
3 1999 11918 11912
3 2008 11918 1999
3 11912 11919 11913
3 11918 11919 11912
3 11913 11920 11914
3 11919 11920 11913
3 11914 11922 11915
3 11920 11922 11914
3 11915 11922 11911
3 11916 11911 11925
3 11916 11927 11917
3 11925 11927 11916
3 11917 9067 9059
3 11927 9067 11917
3 11918 2009 11929
3 2009 2017 11929
3 11919 11918 11930
3 11918 11929 11930
3 11921 11919 11931
3 11919 11930 11931
3 11923 11921 11932
3 11921 11931 11932
3 11924 11923 11933
3 11923 11932 11933
3 11926 11924 11934
3 11924 11933 11934
3 11928 11926 11935
3 11926 11934 11935
3 9068 11928 9082
3 11928 11935 9082
3 11929 2017 11940
3 2017 2029 11940
3 11930 11929 11941
3 11929 11940 11941
3 11936 11941 11937
3 11936 11931 11941
3 11931 11930 11941
3 11931 11938 11932
3 11936 11938 11931
3 11939 11932 11938
3 11939 11942 11932
3 11942 11933 11932
3 11934 11933 11943
3 11933 11942 11943
3 11935 11934 11944
3 11934 11943 11944
3 9082 11935 9090
3 11935 11944 9090
3 11945 2039 2040
3 11946 11945 2040
3 11941 11945 11946
3 11947 11941 11946
3 11937 11941 11947
3 11937 11947 11936
3 11936 11947 11948
3 11938 11936 11949
3 11936 11948 11949
3 11942 11939 11938
3 11942 11938 11950
3 11950 11938 11949
3 11951 11942 11950
3 11952 11951 11950
3 11953 11951 11952
3 11954 11953 11952
3 9098 11953 11954
3 9099 9098 11954
3 2029 11945 11940
3 2039 11945 2029
3 11945 11941 11940
3 11942 11951 11943
3 11943 11953 11944
3 11951 11953 11943
3 11944 9098 9090
3 11953 9098 11944
3 11946 2040 6937
3 2040 2048 6937
3 11947 11946 6938
3 11946 6937 6938
3 11948 11947 6925
3 11947 6938 6925
3 11949 11948 6927
3 11948 6925 6927
3 11950 11949 6939
3 11949 6927 6939
3 11952 11950 6940
3 11950 6939 6940
3 11954 11952 6941
3 11952 6940 6941
3 9099 11954 6942
3 11954 6941 6942
3 11956 2963 11957
3 2963 2964 11957
3 11958 11956 11959
3 11956 11957 11959
3 11960 11958 11961
3 11958 11959 11961
3 11962 11960 11963
3 11960 11961 11963
3 11964 11962 11965
3 11962 11963 11965
3 11966 11964 11967
3 11964 11965 11967
3 11968 11966 11969
3 11966 11967 11969
3 11955 3076 3070
3 11955 11968 3076
3 11968 11969 3076
3 11957 2964 11970
3 2964 2970 11970
3 11959 11957 11971
3 11957 11970 11971
3 11961 11959 11972
3 11959 11971 11972
3 11963 11961 11973
3 11961 11972 11973
3 11965 11963 11974
3 11963 11973 11974
3 11967 11965 11975
3 11965 11974 11975
3 11969 11967 11976
3 11967 11975 11976
3 3076 11969 3088
3 11969 11976 3088
3 11970 2970 9842
3 2970 2982 9842
3 11971 11970 9844
3 11970 9842 9844
3 11972 11971 9846
3 11971 9844 9846
3 11973 11972 9848
3 11972 9846 9848
3 11974 11973 9850
3 11973 9848 9850
3 11975 11974 9852
3 11974 9850 9852
3 11976 11975 9854
3 11975 9852 9854
3 3088 11976 3098
3 11976 9854 3098
3 3256 3257 7482
3 11977 3256 7482
3 3258 3256 11977
3 11977 7482 11978
3 7482 7491 11978
3 3258 11977 11979
3 11977 11978 11979
3 3260 3259 3258
3 3260 3258 11980
3 11980 3258 11979
3 3266 3260 11980
3 11981 3266 11980
3 3267 3266 11981
3 11982 3267 11981
3 3268 3267 11982
3 11983 3268 11982
3 3269 3268 11983
3 11984 3269 11983
3 2099 3269 11984
3 2100 2099 11984
3 11985 7504 11986
3 11987 11985 11986
3 11988 11987 11986
3 11989 11987 11988
3 11990 11989 11988
3 11991 11989 11990
3 11985 11978 7504
3 11978 7491 7504
3 11978 11987 11979
3 11985 11987 11978
3 11979 11989 11980
3 11987 11989 11979
3 11991 11980 11989
3 11991 11992 11980
3 11992 11981 11980
3 11982 11981 11993
3 11981 11992 11993
3 11983 11982 11994
3 11982 11993 11994
3 11984 11983 11995
3 11983 11994 11995
3 2100 11984 2117
3 11984 11995 2117
3 5248 11996 5250
3 11996 5251 5250
3 5249 5248 5247
3 5249 9469 5248
3 9469 11997 5248
3 11996 5248 11998
3 5248 11997 11998
3 11998 5251 11996
3 5258 5251 11998
3 11997 9469 11999
3 9469 9478 11999
3 11998 11997 5265
3 11997 11999 5265
3 5265 5258 11998
3 11999 9478 12000
3 9478 9487 12000
3 5265 11999 12001
3 11999 12000 12001
3 5271 5265 12001
3 12000 9487 12002
3 9487 9496 12002
3 12001 12000 12003
3 12000 12002 12003
3 5271 12001 12004
3 12001 12003 12004
3 5271 12005 5276
3 12004 12005 5271
3 5276 12006 5277
3 12005 12006 5276
3 12006 5278 5277
3 12002 9496 9569
3 9496 336 9569
3 12003 12002 9571
3 12002 9569 9571
3 12004 12003 9573
3 12003 9571 9573
3 12005 12004 9575
3 12004 9573 9575
3 12006 12005 9577
3 12005 9575 9577
3 5278 9579 5281
3 5278 12006 9579
3 12006 9577 9579
3 9579 5282 5281
3 5638 5639 9501
3 12007 5638 9501
3 5640 5638 12007
3 12008 5640 12007
3 5641 5640 12008
3 12009 5641 12008
3 5642 5641 12009
3 12010 5642 12009
3 5643 5642 12010
3 12011 5643 12010
3 5644 5643 12011
3 12012 5644 12011
3 5645 5644 12012
3 12013 5645 12012
3 5646 5645 12013
3 6815 5646 12013
3 12007 9501 4039
3 9501 4038 4039
3 12008 12007 4040
3 12007 4039 4040
3 12009 12008 4041
3 12008 4040 4041
3 12010 12009 4042
3 12009 4041 4042
3 4029 12011 4042
3 12011 12010 4042
3 12011 4031 12012
3 4029 4031 12011
3 12012 4033 12013
3 4031 4033 12012
3 4036 12013 4033
3 4036 4035 12013
3 4035 6815 12013
3 12014 12015 12016
3 12015 12017 12016
3 10495 12014 10506
3 12014 12016 10506
3 12018 12019 12020
3 12019 12021 12020
3 12022 12023 12018
3 12022 12018 12024
3 12024 12018 12020
3 12025 12022 12024
3 12026 12025 12024
3 10518 12025 12026
3 10519 10518 12026
3 12017 12023 12022
3 12017 12025 12016
3 12022 12025 12017
3 12016 10518 10506
3 12025 10518 12016
3 2528 12021 2529
3 12020 12021 12027
3 12021 2528 12027
3 12024 12020 12028
3 12020 12027 12028
3 12026 12024 12029
3 12024 12028 12029
3 10519 12026 10529
3 12026 12029 10529
3 2528 2535 12027
3 12027 2537 12028
3 2535 2537 12027
3 2538 12028 2537
3 2538 2540 12028
3 2540 12029 12028
3 10529 12029 2541
3 12029 2540 2541
3 2782 2114 2115
3 12030 2782 2115
3 2783 2782 12030
3 12030 2115 10896
3 2115 2124 10896
3 2783 12030 10897
3 12030 10896 10897
3 2785 2784 2783
3 2785 2783 10898
3 10898 2783 10897
3 2786 2785 10898
3 10899 2786 10898
3 2791 2786 10899
3 10900 2791 10899
3 2788 2791 10900
3 10901 2788 10900
3 2789 2788 10901
3 10902 2789 10901
3 2790 2789 10902
3 9503 2790 10902
3 3810 3824 12031
3 12032 12033 12034
3 12037 12036 3834
3 12038 12036 12037
3 12039 12038 12037
3 12032 12042 12033
3 3824 12036 12031
3 3834 12036 3824
3 12036 12038 12031
3 12043 7042 7043
3 12044 12043 7043
3 7045 12044 7043
3 12033 12044 7045
3 12033 7045 12034
3 12034 7045 7047
3 12035 12034 7051
3 12034 7047 7051
3 1236 7051 6824
3 1236 1234 7051
3 1234 12035 7051
3 12037 3834 7052
3 3834 3848 7052
3 12039 12037 7055
3 12037 7052 7055
3 12040 12039 7056
3 12039 7055 7056
3 12043 7056 7042
3 12043 12041 7056
3 12041 12040 7056
3 12041 12044 12042
3 12043 12044 12041
3 12042 12044 12033
3 3543 3544 12045
3 3544 9036 12045
3 3545 3543 12046
3 3543 12045 12046
3 3547 3545 12047
3 3545 12046 12047
3 12048 3547 12049
3 3547 12047 12049
3 12050 12048 12051
3 12048 12049 12051
3 8099 8098 8101
3 8099 8101 9036
3 9036 8101 12045
3 12046 12045 12052
3 12045 8101 12052
3 12047 12046 12053
3 12046 12052 12053
3 12049 12047 12054
3 12047 12053 12054
3 12051 12049 12055
3 12049 12054 12055
3 8104 12052 8101
3 8104 8105 8118
3 8104 8118 12052
3 12052 8118 12053
3 8107 8106 12054
3 8107 12054 8118
3 8118 12054 12053
3 12055 12054 8106
3 8110 12055 8106
3 8112 12055 8110
3 8131 8132 12056
3 8123 8131 12056
3 8123 12056 12057
3 12057 12056 10090
3 8132 8140 12058
3 12056 8132 12058
3 10090 12056 10092
3 12056 12058 10092
3 8140 8149 12058
3 10092 12058 8149
3 3325 10092 8149
3 11885 2620 12059
3 2620 2621 12059
3 11886 11885 12060
3 11885 12059 12060
3 11887 11886 12061
3 11886 12060 12061
3 11888 11887 12062
3 11887 12061 12062
3 11889 11888 12063
3 11888 12062 12063
3 11890 11889 12064
3 11889 12063 12064
3 11891 11890 12065
3 11890 12064 12065
3 446 11891 9118
3 11891 12065 9118
3 12059 2621 12066
3 2621 2632 12066
3 12060 12059 12067
3 12059 12066 12067
3 12061 12060 12068
3 12060 12067 12068
3 12062 12061 12069
3 12061 12068 12069
3 12063 12062 12070
3 12062 12069 12070
3 12064 12063 12071
3 12063 12070 12071
3 12065 12064 12072
3 12064 12071 12072
3 9118 12065 9126
3 12065 12072 9126
3 12066 2632 12073
3 2632 2643 12073
3 12067 12066 12074
3 12066 12073 12074
3 12068 12067 12075
3 12067 12074 12075
3 12069 12068 12076
3 12068 12075 12076
3 12070 12069 12077
3 12069 12076 12077
3 12071 12070 12078
3 12070 12077 12078
3 12072 12071 12079
3 12071 12078 12079
3 9126 12072 9134
3 12072 12079 9134
3 12073 2643 12080
3 2643 2652 12080
3 12074 12073 12081
3 12073 12080 12081
3 12075 12074 12082
3 12074 12081 12082
3 12076 12075 12083
3 12075 12082 12083
3 12077 12076 12084
3 12076 12083 12084
3 12078 12077 12085
3 12077 12084 12085
3 12079 12078 12086
3 12078 12085 12086
3 9134 12079 9142
3 12079 12086 9142
3 12080 2652 12087
3 2652 2661 12087
3 12081 12080 12088
3 12080 12087 12088
3 12082 12081 12089
3 12081 12088 12089
3 12083 12082 12090
3 12082 12089 12090
3 12084 12083 12091
3 12083 12090 12091
3 12085 12084 12092
3 12084 12091 12092
3 12086 12085 12093
3 12085 12092 12093
3 9142 12086 9150
3 12086 12093 9150
3 12087 2661 12094
3 2661 2670 12094
3 12088 12087 12095
3 12087 12094 12095
3 12089 12088 12096
3 12088 12095 12096
3 12090 12089 12097
3 12089 12096 12097
3 12091 12090 12098
3 12090 12097 12098
3 12092 12091 12099
3 12091 12098 12099
3 12093 12092 12100
3 12092 12099 12100
3 9150 12093 9158
3 12093 12100 9158
3 12094 2670 12101
3 2670 2682 12101
3 12095 12094 12102
3 12094 12101 12102
3 12096 12095 12103
3 12095 12102 12103
3 12097 12096 12104
3 12096 12103 12104
3 12098 12097 12105
3 12097 12104 12105
3 12099 12098 12106
3 12098 12105 12106
3 12100 12099 12107
3 12099 12106 12107
3 9158 12100 9166
3 12100 12107 9166
3 5648 2694 2695
3 5648 2682 2694
3 5648 5647 2682
3 5647 12101 2682
3 12102 12101 5664
3 12101 5647 5664
3 12103 12102 5665
3 12102 5664 5665
3 12104 12103 5666
3 12103 5665 5666
3 12105 12104 5657
3 12104 5666 5657
3 12106 12105 5659
3 12105 5657 5659
3 12107 12106 5667
3 12106 5659 5667
3 9166 12107 5669
3 12107 5667 5669
3 11562 11571 12108
3 10384 10382 11586
3 11586 10382 11573
3 11586 11601 10388
3 10384 11586 10388
3 12109 11613 11612
3 11601 11613 12109
3 11601 12109 10388
3 10388 12109 10393
3 11614 9116 9325
3 11615 11614 9325
3 9327 11615 9325
3 11616 11615 9327
3 9329 11616 9327
3 11612 11616 9329
3 11612 9329 9331
3 12109 11612 9332
3 11612 9331 9332
3 3776 9332 9322
3 3776 10393 9332
3 10393 12109 9332
3 9676 4344 4440
3 12110 9676 4440
3 9677 9676 12110
3 12111 9677 12110
3 9678 9677 12111
3 12112 9678 12111
3 9679 9678 12112
3 12110 4440 12113
3 4440 4450 12113
3 12111 12110 12114
3 12110 12113 12114
3 12112 12111 12115
3 12111 12114 12115
3 9679 12112 12116
3 12112 12115 12116
3 9681 9680 9679
3 9681 9679 12117
3 12117 9679 12116
3 9683 9681 12117
3 9683 12117 9682
3 9682 12117 12118
3 9684 9682 12119
3 9682 12118 12119
3 7465 9684 7470
3 9684 12119 7470
3 12120 4462 4463
3 12121 12120 4463
3 12122 12120 12121
3 12123 12122 12121
3 12124 12122 12123
3 12125 12124 12123
3 12126 12124 12125
3 12127 12126 12125
3 12128 12126 12127
3 12129 12128 12127
3 12130 12128 12129
3 12131 12130 12129
3 12132 12130 12131
3 12133 12132 12131
3 7484 12132 12133
3 4450 12120 12113
3 4462 12120 4450
3 12113 12122 12114
3 12120 12122 12113
3 12114 12124 12115
3 12122 12124 12114
3 12115 12126 12116
3 12124 12126 12115
3 12116 12128 12117
3 12126 12128 12116
3 12117 12130 12118
3 12128 12130 12117
3 12118 12132 12119
3 12130 12132 12118
3 7484 12119 12132
3 7484 7470 12119
3 12121 4463 12134
3 4463 1818 12134
3 12123 12121 12135
3 12121 12134 12135
3 12125 12123 12136
3 12123 12135 12136
3 12127 12125 12137
3 12125 12136 12137
3 12129 12127 12138
3 12127 12137 12138
3 12131 12129 12139
3 12129 12138 12139
3 12133 12131 12140
3 12131 12139 12140
3 7484 12133 7492
3 7492 12133 12140
3 1897 1896 12141
3 1896 4217 12141
3 1899 1897 12142
3 1897 12141 12142
3 1900 1899 12143
3 1899 12142 12143
3 1901 1900 12144
3 1900 12143 12144
3 1903 1901 12145
3 1901 12144 12145
3 1905 1903 12146
3 1903 12145 12146
3 1907 1905 12147
3 1905 12146 12147
3 1909 1907 11133
3 1907 12147 11133
3 12141 4217 12151
3 4217 4231 12151
3 12142 12141 12152
3 12141 12151 12152
3 12143 12142 12153
3 12142 12152 12153
3 12148 12153 12149
3 12148 12144 12153
3 12144 12143 12153
3 12150 12144 12148
3 12150 12154 12144
3 12154 12145 12144
3 12146 12145 12155
3 12145 12154 12155
3 12147 12146 12156
3 12146 12155 12156
3 11133 12147 11153
3 12147 12156 11153
3 12157 4231 4240
3 12158 12157 4240
3 12159 12157 12158
3 12160 12159 12158
3 12153 12159 12160
3 12161 12153 12160
3 12149 12153 12161
3 12149 12161 12148
3 12148 12161 12162
3 12163 12150 12148
3 12163 12148 12162
3 4231 12157 12151
3 12151 12159 12152
3 12157 12159 12151
3 12159 12153 12152
3 12154 12150 12163
3 12163 12164 12154
3 12164 12155 12154
3 12156 12155 12165
3 12155 12164 12165
3 11153 12156 11161
3 12156 12165 11161
3 12158 4240 12166
3 4240 4249 12166
3 12160 12158 12167
3 12158 12166 12167
3 12161 12160 12168
3 12160 12167 12168
3 12162 12161 12169
3 12161 12168 12169
3 12163 12162 12170
3 12162 12169 12170
3 12171 12163 12172
3 12172 12163 12170
3 12173 12171 12172
3 12174 12173 12172
3 11169 12173 12174
3 11170 11169 12174
3 12164 12163 12171
3 12164 12173 12165
3 12171 12173 12164
3 12165 11169 11161
3 12173 11169 12165
3 12166 4249 12175
3 4249 1129 12175
3 12167 12166 12176
3 12166 12175 12176
3 12168 12167 12177
3 12167 12176 12177
3 12169 12168 12178
3 12168 12177 12178
3 12170 12169 12179
3 12169 12178 12179
3 12172 12170 12180
3 12170 12179 12180
3 12174 12172 12181
3 12172 12180 12181
3 11170 12174 11185
3 12174 12181 11185
3 12177 12182 12178
3 12178 12183 12179
3 12182 12183 12178
3 12179 12184 12180
3 12183 12184 12179
3 12180 12185 12181
3 12184 12185 12180
3 12181 2492 11185
3 12185 2492 12181
3 7422 2712 12186
3 2712 2713 12186
3 7423 7422 12187
3 7422 12186 12187
3 7424 7423 12188
3 7423 12187 12188
3 7425 7424 12189
3 7424 12188 12189
3 7426 7425 12190
3 7425 12189 12190
3 7427 7426 12191
3 7426 12190 12191
3 7428 7427 12192
3 7427 12191 12192
3 5561 7428 5563
3 7428 12192 5563
3 12193 2730 2731
3 12194 12193 2731
3 12195 12193 12194
3 12196 12195 12194
3 12197 12195 12196
3 12198 12197 12196
3 12199 12197 12198
3 12200 12199 12198
3 12201 12199 12200
3 12202 12201 12200
3 12203 12201 12202
3 12204 12203 12202
3 12205 12203 12204
3 12206 12205 12204
3 5577 12205 12206
3 5578 5577 12206
3 2713 12193 12186
3 2730 12193 2713
3 12186 12195 12187
3 12193 12195 12186
3 12187 12197 12188
3 12195 12197 12187
3 12188 12199 12189
3 12197 12199 12188
3 12189 12201 12190
3 12199 12201 12189
3 12190 12203 12191
3 12201 12203 12190
3 12191 12205 12192
3 12203 12205 12191
3 12192 5577 5563
3 12205 5577 12192
3 12194 2731 12207
3 2731 2740 12207
3 12196 12194 12208
3 12194 12207 12208
3 12198 12196 12209
3 12196 12208 12209
3 12200 12198 12210
3 12198 12209 12210
3 12202 12200 12211
3 12200 12210 12211
3 12204 12202 12212
3 12202 12211 12212
3 12206 12204 12213
3 12204 12212 12213
3 5578 12206 5597
3 12206 12213 5597
3 12214 2756 2757
3 12215 12214 2757
3 12216 12214 12215
3 12217 12216 12215
3 12218 12216 12217
3 12219 12218 12217
3 12220 12218 12219
3 12221 12220 12219
3 12222 12220 12221
3 12223 12222 12221
3 12224 12222 12223
3 12225 12224 12223
3 12226 12224 12225
3 12227 12226 12225
3 5602 12226 12227
3 5603 5602 12227
3 2740 12214 12207
3 2756 12214 2740
3 12207 12216 12208
3 12214 12216 12207
3 12208 12218 12209
3 12216 12218 12208
3 12209 12220 12210
3 12218 12220 12209
3 12210 12222 12211
3 12220 12222 12210
3 12211 12224 12212
3 12222 12224 12211
3 12212 12226 12213
3 12224 12226 12212
3 12213 5602 5597
3 12226 5602 12213
3 12215 2757 12228
3 2757 2768 12228
3 12217 12215 12229
3 12215 12228 12229
3 12219 12217 12230
3 12217 12229 12230
3 12221 12219 12231
3 12219 12230 12231
3 12223 12221 12232
3 12221 12231 12232
3 12225 12223 12233
3 12223 12232 12233
3 12227 12225 12234
3 12225 12233 12234
3 5603 12227 5624
3 12227 12234 5624
3 12235 2780 2781
3 12236 12235 2781
3 12229 12235 12236
3 12237 12229 12236
3 12238 12229 12237
3 12239 12238 12237
3 12240 12238 12239
3 12241 12240 12239
3 12242 12240 12241
3 12243 12242 12241
3 12233 12242 12243
3 12244 12233 12243
3 12234 12233 12244
3 12245 12234 12244
3 5624 12234 12245
3 5627 5624 12245
3 2768 12235 12228
3 2780 12235 2768
3 12235 12229 12228
3 12229 12238 12230
3 12230 12240 12231
3 12238 12240 12230
3 12231 12242 12232
3 12240 12242 12231
3 12242 12233 12232
3 12236 2781 9502
3 2781 2790 9502
3 12237 12236 9505
3 12236 9502 9505
3 12239 12237 9507
3 12237 9505 9507
3 12241 12239 9509
3 12239 9507 9509
3 9497 9509 9498
3 9497 12243 9509
3 12243 12241 9509
3 12243 9499 12244
3 9497 9499 12243
3 12244 9500 12245
3 9499 9500 12244
3 12245 5639 5627
3 9500 5639 12245
3 12246 12247 12248
3 12249 12246 12248
3 12250 12246 12249
3 12251 12250 12249
3 12252 12250 12251
3 7492 12246 7493
3 12247 12246 7492
3 7493 12250 7494
3 12246 12250 7493
3 7494 12252 7496
3 12250 12252 7494
3 7496 12253 7498
3 12252 12253 7496
3 12254 7498 12253
3 12254 12255 7498
3 12255 7500 7498
3 7502 7500 12256
3 7500 12255 12256
3 7503 7502 12257
3 12257 7502 12256
3 7504 7503 12257
3 12258 7504 12257
3 12249 12248 12259
3 12248 12260 12259
3 12251 12249 12261
3 12249 12259 12261
3 12252 12251 12262
3 12251 12261 12262
3 12253 12252 12263
3 12252 12262 12263
3 12255 12254 12253
3 12255 12253 12264
3 12264 12253 12263
3 12265 12255 12264
3 12266 12265 12264
3 12267 12265 12266
3 12268 12267 12266
3 12269 12267 12268
3 12270 12269 12268
3 12255 12265 12256
3 12256 12267 12257
3 12265 12267 12256
3 12257 12269 12258
3 12267 12269 12257
3 12271 12272 12273
3 12274 12271 12273
3 12275 12271 12274
3 12276 12275 12274
3 12277 12275 12276
3 12278 12277 12276
3 12279 12277 12278
3 12280 12279 12278
3 12281 12279 12280
3 12282 12281 12280
3 12283 12281 12282
3 12260 12271 12259
3 12272 12271 12260
3 12259 12275 12261
3 12271 12275 12259
3 12261 12277 12262
3 12275 12277 12261
3 12262 12279 12263
3 12277 12279 12262
3 12263 12281 12264
3 12279 12281 12263
3 12283 12264 12281
3 12283 12284 12264
3 12284 12266 12264
3 12268 12266 12285
3 12266 12284 12285
3 12270 12268 12286
3 12268 12285 12286
3 12274 12273 12287
3 12273 12288 12287
3 12276 12274 12289
3 12274 12287 12289
3 12278 12276 12290
3 12276 12289 12290
3 12280 12278 12291
3 12278 12290 12291
3 12282 12280 12292
3 12280 12291 12292
3 12284 12283 12282
3 12284 12282 12293
3 12293 12282 12292
3 12285 12284 12293
3 12294 12285 12293
3 12295 12285 12294
3 12296 12295 12294
3 12285 12295 12286
3 12297 12298 12299
3 12300 12297 12299
3 12301 12297 12300
3 12302 12301 12300
3 12303 12301 12302
3 12304 12303 12302
3 12305 12303 12304
3 12306 12305 12304
3 12307 12305 12306
3 12308 12307 12306
3 12309 12307 12308
3 12310 12309 12308
3 12311 12309 12310
3 12312 12311 12310
3 12313 12311 12312
3 12314 12313 12312
3 12288 12297 12287
3 12298 12297 12288
3 12287 12301 12289
3 12297 12301 12287
3 12289 12303 12290
3 12301 12303 12289
3 12290 12305 12291
3 12303 12305 12290
3 12291 12307 12292
3 12305 12307 12291
3 12292 12309 12293
3 12307 12309 12292
3 12293 12311 12294
3 12309 12311 12293
3 12294 12313 12296
3 12311 12313 12294
3 12300 12299 12315
3 12299 12316 12315
3 12302 12300 12317
3 12300 12315 12317
3 12304 12302 12318
3 12302 12317 12318
3 12306 12304 12319
3 12304 12318 12319
3 12308 12306 12320
3 12306 12319 12320
3 12310 12308 12321
3 12308 12320 12321
3 12312 12310 12322
3 12310 12321 12322
3 12314 12312 12323
3 12312 12322 12323
3 12324 12325 12326
3 12327 12324 12326
3 12328 12324 12327
3 12329 12328 12327
3 12330 12328 12329
3 12331 12330 12329
3 12332 12330 12331
3 12334 12333 12332
3 12335 12333 12334
3 12336 12335 12334
3 12337 12335 12336
3 12338 12337 12336
3 12339 12337 12338
3 12316 12324 12315
3 12325 12324 12316
3 12315 12328 12317
3 12324 12328 12315
3 12317 12330 12318
3 12328 12330 12317
3 12318 12332 12319
3 12330 12332 12318
3 12319 12333 12320
3 12332 12333 12319
3 12320 12335 12321
3 12333 12335 12320
3 12321 12337 12322
3 12335 12337 12321
3 12322 12339 12323
3 12337 12339 12322
3 12327 12326 658
3 12326 657 658
3 12329 12327 659
3 12327 658 659
3 12331 12329 661
3 12329 659 661
3 12332 12331 662
3 12331 661 662
3 12334 12332 664
3 12332 662 664
3 12336 12334 666
3 12334 664 666
3 12338 12336 667
3 12336 666 667
3 12339 12338 668
3 12338 667 668
3 12175 1129 1130
3 12340 12175 1130
3 12176 12175 12340
3 12341 12176 12340
3 12177 12176 12341
3 12342 12177 12341
3 12182 12177 12342
3 12343 12182 12342
3 12183 12182 12343
3 12344 12183 12343
3 12184 12183 12344
3 12345 12184 12344
3 12185 12184 12345
3 12346 12185 12345
3 2492 12185 12346
3 12347 1147 1148
3 12348 12347 1148
3 12349 12347 12348
3 12350 12349 12348
3 12351 12349 12350
3 12352 12351 12350
3 12353 12351 12352
3 12354 12353 12352
3 12355 12353 12354
3 12356 12355 12354
3 12357 12355 12356
3 12358 12357 12356
3 12359 12357 12358
3 1130 12347 12340
3 1147 12347 1130
3 12340 12349 12341
3 12347 12349 12340
3 12341 12351 12342
3 12349 12351 12341
3 12342 12353 12343
3 12351 12353 12342
3 12343 12355 12344
3 12353 12355 12343
3 12344 12357 12345
3 12355 12357 12344
3 12359 12345 12357
3 12359 12346 12345
3 2492 12346 2501
3 12346 12359 2501
3 12360 1165 1166
3 11734 12360 1166
3 12361 12360 11734
3 11735 12361 11734
3 12362 12361 11735
3 11736 12362 11735
3 12363 12362 11736
3 11737 12363 11736
3 12364 12363 11737
3 11738 12364 11737
3 12365 12364 11738
3 11739 12365 11738
3 12366 12365 11739
3 11740 12366 11739
3 2513 12366 11740
3 1148 12360 12348
3 1165 12360 1148
3 12348 12361 12350
3 12360 12361 12348
3 12350 12362 12352
3 12361 12362 12350
3 12352 12363 12354
3 12362 12363 12352
3 12354 12364 12356
3 12363 12364 12354
3 12356 12365 12358
3 12364 12365 12356
3 12358 12365 12359
3 12365 12366 12359
3 2516 12359 2513
3 2513 12359 12366
3 12359 2516 2501
3 6580 7316 6581
3 1271 6597 1270
3 7319 7317 1272
3 1273 7319 1272
3 1273 1269 1270
3 1273 1270 7319
3 7319 1270 7320
3 7316 6597 6581
3 7316 7320 6597
3 7320 1270 6597
3 12367 12371 12368
3 1233 1235 12372
3 12368 4466 840
3 12376 4472 4473
3 12369 12376 4473
3 12369 4473 4475
3 12370 12369 4477
3 12369 4475 4477
3 12371 12370 4466
3 12370 4477 4466
3 4466 12368 12371
3 1235 1236 4480
3 1235 4480 12372
3 12372 4480 4479
3 12373 12372 4483
3 12372 4479 4483
3 12374 12373 4484
3 12373 4483 4484
3 12376 4484 4472
3 12376 12375 4484
3 12375 12374 4484
3 12375 12376 12369
3 5986 4965 4966
3 5986 4966 12377
3 4966 4974 12377
3 6003 5988 5986
3 6003 5986 12378
3 12378 5986 12377
3 6004 6003 12378
3 12379 6004 12378
3 6005 6004 12379
3 12380 6005 12379
3 6006 6005 12380
3 12381 6006 12380
3 6007 6006 12381
3 12377 4974 12382
3 4974 4982 12382
3 12378 12377 12383
3 12377 12382 12383
3 12379 12378 12384
3 12378 12383 12384
3 12380 12379 12385
3 12379 12384 12385
3 12381 12380 12386
3 12380 12385 12386
3 6007 12381 12387
3 12387 12381 12386
3 6008 6007 12387
3 12388 6008 12387
3 6010 6008 12388
3 11346 6010 12388
3 4994 12392 4982
3 12392 12382 4982
3 12389 12392 12390
3 12389 12383 12392
3 12383 12382 12392
3 12391 12383 12389
3 12391 12393 12383
3 12393 12384 12383
3 12385 12384 12394
3 12384 12393 12394
3 12386 12385 12395
3 12385 12394 12395
3 12387 12386 12396
3 12386 12395 12396
3 12388 12387 12397
3 12387 12396 12397
3 11346 12388 11352
3 12388 12397 11352
3 12392 4994 12398
3 12398 4994 5005
3 12390 12392 12398
3 12390 12398 12389
3 12389 12398 12399
3 12393 12391 12389
3 12393 12389 12400
3 12400 12389 12399
3 12401 12393 12400
3 12402 12401 12400
3 12403 12401 12402
3 12404 12403 12402
3 12405 12403 12404
3 12406 12405 12404
3 12407 12405 12406
3 12408 12407 12406
3 11364 12407 12408
3 12393 12401 12394
3 12394 12403 12395
3 12401 12403 12394
3 12395 12405 12396
3 12403 12405 12395
3 12396 12407 12397
3 12405 12407 12396
3 12397 11364 11352
3 12407 11364 12397
3 12409 5018 5019
3 12410 12409 5019
3 12411 12409 12410
3 12412 12411 12410
3 12413 12411 12412
3 5005 12409 12398
3 5018 12409 5005
3 12398 12411 12399
3 12409 12411 12398
3 12399 12413 12400
3 12411 12413 12399
3 12414 12400 12413
3 12414 12415 12400
3 12415 12402 12400
3 12404 12402 12416
3 12402 12415 12416
3 12406 12404 12417
3 12404 12416 12417
3 12408 12406 12418
3 12406 12417 12418
3 11364 12408 11373
3 12408 12418 11373
3 5019 12419 12410
3 5021 12419 5019
3 12419 12420 12410
3 12420 12412 12410
3 12413 12412 12421
3 12412 12420 12421
3 12415 12414 12413
3 12415 12413 12422
3 12422 12413 12421
3 12423 12415 12422
3 12424 12423 12422
3 12425 12423 12424
3 12426 12425 12424
3 12427 12425 12426
3 12428 12427 12426
3 11386 12427 12428
3 11387 11386 12428
3 12415 12423 12416
3 12416 12425 12417
3 12423 12425 12416
3 12417 12427 12418
3 12425 12427 12417
3 12418 11386 11373
3 12427 11386 12418
3 12419 5021 9514
3 5021 5040 9514
3 12429 12419 9529
3 9529 12419 9514
3 12430 12429 9529
3 9530 12430 9529
3 12431 12430 9530
3 9531 12431 9530
3 12432 12431 9531
3 9532 12432 9531
3 12433 12432 9532
3 9533 12433 9532
3 12434 12433 9533
3 9534 12434 9533
3 11400 12434 9534
3 8726 11400 9534
3 12420 12419 12429
3 12420 12430 12421
3 12429 12430 12420
3 12421 12431 12422
3 12430 12431 12421
3 12422 12432 12424
3 12431 12432 12422
3 12424 12433 12426
3 12432 12433 12424
3 12426 12434 12428
3 12433 12434 12426
3 12428 11400 11387
3 12434 11400 12428
3 7504 12258 11986
3 11986 12258 12435
3 11988 11986 12436
3 11986 12435 12436
3 11990 11988 12437
3 11988 12436 12437
3 11992 11991 11990
3 11992 11990 12438
3 12438 11990 12437
3 12439 11992 12438
3 12440 12439 12438
3 12441 12439 12440
3 12442 12441 12440
3 12443 12441 12442
3 12444 12443 12442
3 2818 12443 12444
3 2819 2818 12444
3 11992 12439 11993
3 11993 12441 11994
3 12439 12441 11993
3 11994 12443 11995
3 12441 12443 11994
3 11995 2818 2117
3 12443 2818 11995
3 12445 12269 12270
3 12446 12445 12270
3 12447 12445 12446
3 12448 12447 12446
3 12449 12447 12448
3 12450 12449 12448
3 12451 12449 12450
3 12452 12451 12450
3 12453 12451 12452
3 12454 12453 12452
3 12455 12453 12454
3 12456 12455 12454
3 12457 12455 12456
3 12258 12445 12435
3 12269 12445 12258
3 12435 12447 12436
3 12445 12447 12435
3 12436 12449 12437
3 12447 12449 12436
3 12437 12451 12438
3 12449 12451 12437
3 12438 12453 12440
3 12451 12453 12438
3 12440 12455 12442
3 12453 12455 12440
3 12442 12457 12444
3 12455 12457 12442
3 12457 2837 12444
3 2837 2819 12444
3 12446 12270 12458
3 12270 12286 12458
3 12448 12446 12459
3 12446 12458 12459
3 12450 12448 12460
3 12448 12459 12460
3 12452 12450 12461
3 12450 12460 12461
3 12454 12452 12462
3 12452 12461 12462
3 12456 12454 12463
3 12454 12462 12463
3 12457 12456 12464
3 12456 12463 12464
3 2837 12457 2845
3 2845 12457 12464
3 12465 12295 12296
3 12466 12465 12296
3 12467 12465 12466
3 12468 12467 12466
3 12469 12467 12468
3 12470 12469 12468
3 12471 12469 12470
3 12472 12471 12470
3 12473 12471 12472
3 12474 12473 12472
3 12475 12473 12474
3 12476 12475 12474
3 12477 12475 12476
3 12478 12477 12476
3 2860 12477 12478
3 2861 2860 12478
3 12286 12465 12458
3 12295 12465 12286
3 12458 12467 12459
3 12465 12467 12458
3 12459 12469 12460
3 12467 12469 12459
3 12460 12471 12461
3 12469 12471 12460
3 12461 12473 12462
3 12471 12473 12461
3 12462 12475 12463
3 12473 12475 12462
3 12463 12477 12464
3 12475 12477 12463
3 12464 2860 2845
3 12477 2860 12464
3 12479 12313 12314
3 12480 12479 12314
3 12481 12479 12480
3 12482 12481 12480
3 12483 12481 12482
3 12484 12483 12482
3 12485 12483 12484
3 12296 12479 12466
3 12313 12479 12296
3 12466 12481 12468
3 12479 12481 12466
3 12468 12483 12470
3 12481 12483 12468
3 12485 12470 12483
3 12485 12486 12470
3 12486 12472 12470
3 12474 12472 12487
3 12472 12486 12487
3 12476 12474 12488
3 12474 12487 12488
3 12478 12476 12489
3 12476 12488 12489
3 2861 12478 2872
3 12478 12489 2872
3 12480 12314 12490
3 12314 12323 12490
3 12482 12480 12491
3 12480 12490 12491
3 12484 12482 12492
3 12482 12491 12492
3 12493 12485 12484
3 12493 12484 12494
3 12494 12484 12492
3 12495 12493 12494
3 12496 12495 12494
3 12497 12495 12496
3 12498 12497 12496
3 12499 12497 12498
3 12500 12499 12498
3 2881 12499 12500
3 2882 2881 12500
3 12486 12485 12493
3 12486 12495 12487
3 12493 12495 12486
3 12487 12497 12488
3 12495 12497 12487
3 12488 12499 12489
3 12497 12499 12488
3 12489 2881 2872
3 12499 2881 12489
3 12323 12501 12490
3 12339 12501 12323
3 12490 12502 12491
3 12501 12502 12490
3 12503 12491 12502
3 12503 12504 12491
3 12504 12492 12491
3 12494 12492 12505
3 12492 12504 12505
3 12496 12494 12506
3 12494 12505 12506
3 12498 12496 12507
3 12496 12506 12507
3 12500 12498 12508
3 12498 12507 12508
3 2882 12500 2896
3 12500 12508 2896
3 12501 12339 1448
3 12339 668 1448
3 12502 12501 1449
3 12501 1448 1449
3 12504 12503 12502
3 12504 12502 1451
3 1451 12502 1449
3 12509 12504 1451
3 1453 12509 1451
3 12510 12509 1453
3 1455 12510 1453
3 12511 12510 1455
3 1457 12511 1455
3 12512 12511 1457
3 1459 12512 1457
3 2905 12512 1459
3 1461 2905 1459
3 12504 12509 12505
3 12505 12510 12506
3 12509 12510 12505
3 12506 12511 12507
3 12510 12511 12506
3 12507 12512 12508
3 12511 12512 12507
3 12508 2905 2896
3 12512 2905 12508
3 12513 2069 12514
3 2069 2075 12514
3 12515 12513 12516
3 12513 12514 12516
3 12514 2075 12517
3 2075 2080 12517
3 12516 12514 12518
3 12514 12517 12518
3 12519 12516 12520
3 12516 12518 12520
3 12521 12519 12522
3 12519 12520 12522
3 12523 12521 12524
3 12521 12522 12524
3 12517 2080 12525
3 2080 2084 12525
3 12518 12517 12526
3 12517 12525 12526
3 12520 12518 12527
3 12518 12526 12527
3 12522 12520 12528
3 12520 12527 12528
3 12524 12522 12529
3 12522 12528 12529
3 12530 12524 12531
3 12524 12529 12531
3 12525 2084 12532
3 2084 2089 12532
3 12526 12525 12533
3 12525 12532 12533
3 12527 12526 12534
3 12526 12533 12534
3 12528 12527 12535
3 12527 12534 12535
3 12529 12528 12536
3 12528 12535 12536
3 12531 12529 12537
3 12529 12536 12537
3 12538 12531 12539
3 12531 12537 12539
3 1076 12538 1078
3 12538 12539 1078
3 2094 2096 12540
3 2094 12540 2089
3 2089 12540 12532
3 12533 12532 12541
3 12532 12540 12541
3 12534 12533 12542
3 12533 12541 12542
3 12535 12534 12543
3 12534 12542 12543
3 12536 12535 12544
3 12535 12543 12544
3 12537 12536 12545
3 12536 12544 12545
3 12539 12537 12546
3 12537 12545 12546
3 1078 12539 1080
3 12539 12546 1080
3 12540 2096 1910
3 12541 12540 1913
3 12540 1910 1913
3 12542 12541 1915
3 12541 1913 1915
3 12543 12542 1917
3 12542 1915 1917
3 12544 12543 1919
3 12543 1917 1919
3 12545 12544 1921
3 12544 1919 1921
3 12546 12545 1923
3 12545 1921 1923
3 1080 12546 1082
3 12546 1923 1082
3 4420 4421 12547
3 4421 7093 12547
3 4422 4420 12548
3 4420 12547 12548
3 4423 4422 12549
3 4422 12548 12549
3 4424 4423 12550
3 4423 12549 12550
3 4425 4424 12551
3 4424 12550 12551
3 4426 4425 12552
3 4425 12551 12552
3 4428 4426 12553
3 4426 12552 12553
3 4430 4428 12554
3 4428 12553 12554
3 12555 7102 7103
3 12556 12555 7103
3 12557 12555 12556
3 12558 12557 12556
3 12559 12557 12558
3 7093 12555 12547
3 7102 12555 7093
3 12547 12557 12548
3 12555 12557 12547
3 12548 12559 12549
3 12557 12559 12548
3 12549 12560 12550
3 12559 12560 12549
3 12561 12550 12560
3 12561 12562 12550
3 12562 12551 12550
3 12552 12551 12563
3 12551 12562 12563
3 12553 12552 12564
3 12552 12563 12564
3 12554 12553 12565
3 12553 12564 12565
3 12556 7103 12566
3 7103 7112 12566
3 12558 12556 12567
3 12556 12566 12567
3 12559 12558 12568
3 12558 12567 12568
3 12560 12559 12569
3 12559 12568 12569
3 12562 12561 12560
3 12562 12560 12570
3 12570 12560 12569
3 12571 12562 12570
3 12572 12571 12570
3 12573 12571 12572
3 12574 12573 12572
3 12575 12573 12574
3 12576 12575 12574
3 12562 12571 12563
3 12563 12573 12564
3 12571 12573 12563
3 12564 12575 12565
3 12573 12575 12564
3 12577 7122 7123
3 7112 12577 12566
3 7122 12577 7112
3 12566 12578 12567
3 12577 12578 12566
3 12567 12579 12568
3 12578 12579 12567
3 12580 12568 12579
3 12580 12581 12568
3 12581 12569 12568
3 12570 12569 12582
3 12569 12581 12582
3 12572 12570 12583
3 12570 12582 12583
3 12574 12572 12584
3 12572 12583 12584
3 12576 12574 12585
3 12574 12584 12585
3 12577 7123 12586
3 7123 7131 12586
3 12578 12577 12587
3 12577 12586 12587
3 12579 12578 12588
3 12578 12587 12588
3 12589 12580 12579
3 12589 12579 12590
3 12590 12579 12588
3 12591 12589 12590
3 12592 12591 12590
3 12593 12591 12592
3 12594 12593 12592
3 12595 12593 12594
3 12596 12595 12594
3 12597 12595 12596
3 12598 12597 12596
3 12581 12580 12589
3 12581 12591 12582
3 12589 12591 12581
3 12582 12593 12583
3 12591 12593 12582
3 12583 12595 12584
3 12593 12595 12583
3 12584 12597 12585
3 12595 12597 12584
3 12586 7131 12599
3 7131 7145 12599
3 12587 12586 12600
3 12586 12599 12600
3 12588 12587 12601
3 12587 12600 12601
3 12590 12588 12602
3 12588 12601 12602
3 12592 12590 12603
3 12590 12602 12603
3 12594 12592 12604
3 12592 12603 12604
3 12596 12594 12605
3 12594 12604 12605
3 12598 12596 12606
3 12596 12605 12606
3 12607 7145 7155
3 12608 12607 7155
3 12609 12607 12608
3 12610 12609 12608
3 12611 12609 12610
3 12612 12611 12610
3 12613 12611 12612
3 12614 12615 12616
3 12617 12614 12616
3 7145 12607 12599
3 12599 12609 12600
3 12607 12609 12599
3 12600 12611 12601
3 12609 12611 12600
3 12613 12601 12611
3 12613 12602 12601
3 12603 12602 12615
3 12602 12613 12615
3 12614 12604 12615
3 12604 12603 12615
3 12617 12604 12614
3 12617 12605 12604
3 12606 12605 12618
3 12605 12617 12618
3 12608 7155 9632
3 7155 4301 9632
3 12610 12608 9633
3 12608 9632 9633
3 12612 12610 9634
3 12610 9633 9634
3 12613 12612 9635
3 9635 12612 9634
3 12615 12613 9635
3 9637 12615 9635
3 12615 9637 12616
3 12616 9637 9638
3 12617 12616 9640
3 9640 12616 9638
3 12619 12617 9640
3 9642 12619 9640
3 12617 12619 12618
3 3022 3023 12620
3 12623 12621 12620
3 12623 12620 12624
3 12624 12620 3023
3 12623 12622 12621
3 12624 3023 3036
3 12624 12627 12623
3 12627 12622 12623
3 12627 12628 12622
3 12628 12626 12622
3 12624 12629 12627
3 12624 3036 12629
3 3036 3048 12629
3 12629 12628 12627
3 12626 12630 12625
3 12626 12631 12630
3 12632 12626 12633
3 12633 12626 12628
3 12632 12631 12626
3 12629 3048 12634
3 3048 3060 12634
3 12634 12628 12629
3 12633 12628 12634
3 12630 12631 11542
3 11538 12630 11542
3 12635 11545 11546
3 12633 12635 11546
3 12633 11546 12632
3 12632 11546 11548
3 11548 12631 12632
3 11542 12631 11548
3 12635 1614 11545
3 12635 12634 1614
3 12634 3060 1614
3 12634 12635 12633
3 12638 12637 12636
3 12639 12637 12638
3 12640 12639 12638
3 12641 12639 12640
3 12642 12641 12640
3 9229 12641 12642
3 9229 12642 9230
3 9230 12642 12643
3 8851 4564 12643
3 4564 9230 12643
3 9231 5300 12644
3 5300 10266 12644
3 9232 9231 12645
3 9231 12644 12645
3 12636 9233 12645
3 9233 9232 12645
3 9233 12637 9234
3 12636 12637 9233
3 9234 12639 9235
3 12637 12639 9234
3 9235 12641 9236
3 12639 12641 9235
3 9236 12641 9229
3 12646 12647 12648
3 8851 12646 12648
3 8851 12648 8869
3 12649 12650 12651
3 12636 12649 12651
3 12636 12651 12652
3 12638 12636 12653
3 12636 12652 12653
3 12640 12638 12654
3 12638 12653 12654
3 12642 12640 12655
3 12640 12654 12655
3 12646 12655 12647
3 12646 12643 12655
3 12643 12642 12655
3 12643 12646 8851
3 12644 10266 12650
3 10266 10277 12650
3 12649 12645 12650
3 12645 12644 12650
3 12645 12649 12636
3 8882 12656 8883
3 12657 12658 12659
3 12660 12657 12659
3 12661 12660 12659
3 12655 12660 12661
3 12662 12655 12661
3 12647 12655 12662
3 12647 12662 12648
3 12648 12662 12656
3 8882 8869 12656
3 8869 12648 12656
3 12650 10280 10282
3 12663 12650 10282
3 12650 12663 12651
3 12651 12663 12664
3 12652 12651 12665
3 12651 12664 12665
3 12657 12665 12658
3 12657 12653 12665
3 12653 12652 12665
3 12653 12660 12654
3 12657 12660 12653
3 12660 12655 12654
3 10280 12650 10277
3 8887 8888 12666
3 12668 12669 12670
3 12671 12668 12670
3 12672 12671 12670
3 12672 12667 12666
3 12672 12666 12671
3 12671 12666 12656
3 12656 8888 8883
3 12656 12666 8888
3 12673 12674 12675
3 12676 12673 12675
3 12677 12676 12675
3 12678 12676 12677
3 12679 12678 12677
3 12658 12678 12679
3 12658 12679 12659
3 12659 12679 12680
3 12668 12680 12669
3 12668 12661 12680
3 12661 12659 12680
3 12661 12671 12662
3 12668 12671 12661
3 12671 12656 12662
3 12673 10298 12674
3 12673 12663 10298
3 12663 12676 12664
3 12673 12676 12663
3 12664 12678 12665
3 12676 12678 12664
3 12665 12678 12658
3 12666 12667 12681
3 12682 12683 12684
3 12685 12682 12684
3 12670 12681 12672
3 12672 12681 12667
3 12674 10307 10308
3 12674 10308 12675
3 12675 10308 12683
3 12682 12677 12683
3 12677 12675 12683
3 12677 12685 12679
3 12682 12685 12677
3 12685 12680 12679
3 10298 10307 12674
3 10318 12683 10308
3 4948 40 41
3 12686 43 46
3 12687 12686 46
3 12688 12687 48
3 12687 46 48
3 12689 12688 50
3 12688 48 50
3 4948 50 40
3 4948 4951 50
3 4951 12689 50
3 12690 51 54
3 12690 54 12691
3 12691 54 56
3 12692 12691 43
3 12691 56 43
3 43 12686 12692
3 12693 12694 51
3 12694 58 51
3 12690 12693 51
3 5741 3207 12695
3 3207 3206 12695
3 5742 5741 12696
3 5741 12695 12696
3 5743 5742 12697
3 5742 12696 12697
3 5745 5743 12698
3 5743 12697 12698
3 5747 5745 12699
3 5745 12698 12699
3 5749 5747 12700
3 5747 12699 12700
3 5751 5749 12701
3 5749 12700 12701
3 2697 5751 2699
3 5751 12701 2699
3 12695 3206 3216
3 12702 12695 3216
3 12703 12695 12702
3 12704 12703 12702
3 12705 12703 12704
3 12706 12705 12704
3 12698 12705 12706
3 12707 12698 12706
3 12699 12698 12707
3 12708 12699 12707
3 12709 12699 12708
3 12710 12709 12708
3 12711 12709 12710
3 12712 12711 12710
3 2715 12711 12712
3 2716 2715 12712
3 12695 12703 12696
3 12696 12705 12697
3 12703 12705 12696
3 12705 12698 12697
3 12699 12709 12700
3 12700 12711 12701
3 12709 12711 12700
3 12701 2715 2699
3 12711 2715 12701
3 12713 3216 3231
3 12713 12714 3216
3 12714 12702 3216
3 12704 12702 12715
3 12702 12714 12715
3 12706 12704 12716
3 12704 12715 12716
3 12707 12706 12717
3 12706 12716 12717
3 12708 12707 12718
3 12707 12717 12718
3 12710 12708 12719
3 12708 12718 12719
3 12712 12710 12720
3 12710 12719 12720
3 2716 12712 2733
3 12712 12720 2733
3 12714 12713 3231
3 12714 3231 12721
3 12721 3231 3240
3 12722 12714 12721
3 12723 12722 12721
3 12724 12722 12723
3 12725 12724 12723
3 12726 12724 12725
3 12727 12726 12725
3 12718 12726 12727
3 12728 12718 12727
3 12719 12718 12728
3 12729 12719 12728
3 12720 12719 12729
3 12730 12720 12729
3 2742 12720 12730
3 2743 2742 12730
3 12714 12722 12715
3 12715 12724 12716
3 12722 12724 12715
3 12716 12726 12717
3 12724 12726 12716
3 12726 12718 12717
3 12720 2742 2733
3 12731 3254 3255
3 12735 12734 12732
3 12736 12734 12735
3 12731 3240 3254
3 12731 12738 3240
3 12738 12721 3240
3 12723 12721 12739
3 12721 12738 12739
3 12725 12723 12740
3 12723 12739 12740
3 12732 12740 12733
3 12732 12727 12740
3 12727 12725 12740
3 12727 12734 12728
3 12732 12734 12727
3 12728 12736 12729
3 12734 12736 12728
3 12737 12729 12736
3 12737 12730 12729
3 2743 12730 2762
3 12730 12737 2762
3 12738 12731 3255
3 12738 3255 12741
3 12741 3255 3265
3 12742 12738 12741
3 12743 12742 12741
3 12740 12742 12743
3 12744 12740 12743
3 12733 12740 12744
3 12733 12744 12732
3 12732 12744 12745
3 12735 12732 12746
3 12732 12745 12746
3 12736 12735 12747
3 12735 12746 12747
3 12737 12736 12748
3 12748 12736 12747
3 2762 12737 12748
3 2769 2762 12748
3 12738 12742 12739
3 12742 12740 12739
3 3265 2098 12741
3 2099 2098 3265
3 12741 2102 12743
3 2098 2102 12741
3 12743 2104 12744
3 2102 2104 12743
3 12744 2106 12745
3 2104 2106 12744
3 12745 2108 12746
3 2106 2108 12745
3 12746 2110 12747
3 2108 2110 12746
3 12747 2112 12748
3 2110 2112 12747
3 12748 2114 2769
3 2112 2114 12748
3 3618 12749 3617
3 6711 12749 3618
3 3617 12750 3627
3 12749 12750 3617
3 12750 3628 3627
3 12749 6711 12751
3 6711 6719 12751
3 12750 12749 12752
3 12749 12751 12752
3 3628 12750 12753
3 12750 12752 12753
3 3629 12754 3630
3 3629 3628 12754
3 3628 12753 12754
3 3630 12755 3633
3 12754 12755 3630
3 12755 3634 3633
3 12751 6719 12756
3 6719 6729 12756
3 12752 12751 12757
3 12751 12756 12757
3 12753 12752 12758
3 12752 12757 12758
3 12754 12753 12759
3 12753 12758 12759
3 12755 12754 12760
3 12754 12759 12760
3 3634 12761 12762
3 3634 12755 12761
3 12755 12760 12761
3 12761 12763 12762
3 12756 6729 6738
3 12764 12756 6738
3 12757 12756 12764
3 12765 12757 12764
3 12765 12766 12767
3 12765 12767 12757
3 12757 12767 12758
3 12759 12758 12768
3 12758 12767 12768
3 12760 12759 12769
3 12759 12768 12769
3 6738 12770 12764
3 6746 12770 6738
3 12764 12771 12765
3 12770 12771 12764
3 12771 12766 12765
3 12766 12772 12767
3 12768 12767 12772
3 12773 12768 12772
3 12773 12774 12775
3 12773 12775 12768
3 12768 12775 12769
3 12770 6746 12776
3 6746 6755 12776
3 12771 12770 12777
3 12770 12776 12777
3 12766 12778 12772
3 12766 12771 12778
3 12771 12777 12778
3 12772 12779 12773
3 12778 12779 12772
3 12779 12774 12773
3 12774 12780 12775
3 12776 6755 12781
3 6755 6764 12781
3 12777 12776 12782
3 12776 12781 12782
3 12778 12777 12783
3 12777 12782 12783
3 12779 12778 12784
3 12778 12783 12784
3 12774 12785 12780
3 12774 12779 12785
3 12779 12784 12785
3 12785 12786 12780
3 12781 6764 3270
3 6764 1542 3270
3 12782 12781 3272
3 12781 3270 3272
3 12783 12782 3274
3 12782 3272 3274
3 12784 12783 3276
3 12783 3274 3276
3 12785 12784 3278
3 12784 3276 3278
3 12786 3281 12787
3 12786 12785 3281
3 12785 3278 3281
3 12789 3073 12795
3 3073 3074 12795
3 12788 12789 12796
3 12789 12795 12796
3 12790 12788 12797
3 12788 12796 12797
3 12791 12790 12798
3 12790 12797 12798
3 12792 12791 12799
3 12791 12798 12799
3 12793 12792 12800
3 12792 12799 12800
3 12794 12793 12801
3 12793 12800 12801
3 7158 12794 7160
3 12794 12801 7160
3 12795 3074 12802
3 3074 3086 12802
3 12796 12795 12803
3 12795 12802 12803
3 12797 12796 12804
3 12796 12803 12804
3 12798 12797 12805
3 12797 12804 12805
3 12799 12798 12806
3 12798 12805 12806
3 12800 12799 12807
3 12799 12806 12807
3 12801 12800 12808
3 12800 12807 12808
3 7160 12801 7166
3 12801 12808 7166
3 12802 3086 12809
3 3086 3096 12809
3 12803 12802 12810
3 12802 12809 12810
3 12804 12803 12811
3 12803 12810 12811
3 12805 12804 12812
3 12804 12811 12812
3 12806 12805 12813
3 12805 12812 12813
3 12807 12806 12814
3 12806 12813 12814
3 12808 12807 12815
3 12807 12814 12815
3 7166 12808 2991
3 12808 12815 2991
3 9308 6001 12816
3 6001 6002 12816
3 9310 9308 12817
3 9308 12816 12817
3 9312 9310 12818
3 9310 12817 12818
3 9314 9312 12819
3 9312 12818 12819
3 9315 9314 12820
3 9314 12819 12820
3 9316 9315 12821
3 9315 12820 12821
3 9317 9316 12822
3 9316 12821 12822
3 7897 9318 9317
3 7897 9317 8416
3 8416 9317 12822
3 12816 6002 12823
3 6002 6009 12823
3 12817 12816 12824
3 12816 12823 12824
3 12818 12817 12825
3 12817 12824 12825
3 12819 12818 12826
3 12818 12825 12826
3 12820 12819 12827
3 12819 12826 12827
3 12821 12820 12828
3 12820 12827 12828
3 12822 12821 12829
3 12821 12828 12829
3 8416 12822 8429
3 12822 12829 8429
3 6009 11345 12823
3 6010 11345 6009
3 12823 11348 12824
3 11345 11348 12823
3 11350 12824 11348
3 11350 12825 12824
3 12826 12825 12830
3 12825 11350 12830
3 12827 12826 12831
3 12826 12830 12831
3 12828 12827 12832
3 12827 12831 12832
3 12829 12828 12833
3 12828 12832 12833
3 8429 12829 8438
3 12829 12833 8438
3 11350 11355 12830
3 12830 11357 12831
3 11355 11357 12830
3 12831 11359 12832
3 11357 11359 12831
3 12832 11361 12833
3 11359 11361 12832
3 12833 4781 8438
3 11361 4781 12833
3 12834 12835 12836
3 12834 12840 12835
3 12844 825 826
3 12835 12844 826
3 12835 826 12836
3 12836 826 828
3 12694 12836 58
3 12836 828 58
3 12845 833 834
3 12837 12845 834
3 12837 834 12838
3 12838 834 836
3 12839 12838 838
3 12838 836 838
3 12844 838 825
3 12844 12840 838
3 12840 12839 838
3 12840 12844 12835
3 12841 12368 839
3 12368 840 839
3 12842 12841 843
3 12841 839 843
3 12845 843 833
3 12845 12843 843
3 12843 12842 843
3 12843 12845 12837
3 7799 7800 12846
3 7801 7799 12846
3 12847 7801 12846
3 7791 5461 5462
3 12850 7791 5462
3 7794 7791 12850
3 7794 12850 7793
3 7793 12850 12851
3 7795 7793 12852
3 7793 12851 12852
3 7802 7795 12853
3 12853 7795 12852
3 7803 7802 12853
3 12854 7803 12853
3 7798 7803 12854
3 12855 7798 12854
3 7800 7798 12855
3 7800 12855 12846
3 12846 12855 12849
3 12848 12847 12849
3 12847 12846 12849
3 12856 9181 9182
3 12857 12856 9182
3 9183 12857 9182
3 12858 12857 9183
3 9184 12858 9183
3 12859 12858 9184
3 9185 12859 9184
3 12860 12859 9185
3 9186 12860 9185
3 12861 12860 9186
3 9187 12861 9186
3 12863 5470 4582
3 9181 12863 4582
3 9181 12856 12863
3 12863 12856 12864
3 12865 12864 12857
3 12857 12864 12856
3 12866 12865 12858
3 12858 12865 12857
3 12867 12866 12859
3 12859 12866 12858
3 12868 12867 12860
3 12860 12867 12859
3 12849 12868 12861
3 12861 12868 12860
3 12849 12862 12848
3 12849 12861 12862
3 5462 12863 12850
3 5470 12863 5462
3 12850 12864 12851
3 12863 12864 12850
3 12851 12865 12852
3 12864 12865 12851
3 12852 12866 12853
3 12865 12866 12852
3 12853 12867 12854
3 12866 12867 12853
3 12854 12868 12855
3 12867 12868 12854
3 12868 12849 12855
3 12871 12870 12869
3 12872 12870 12871
3 12873 12872 12871
3 8351 12872 12873
3 8346 8351 12873
3 8772 5326 5327
3 12874 8772 5327
3 8773 8772 12874
3 12875 8773 12874
3 8774 8773 12875
3 12876 8774 12875
3 8775 8774 12876
3 12877 8775 12876
3 12877 12869 8775
3 8775 12869 8776
3 8777 8776 12870
3 12870 8776 12869
3 8778 8777 12872
3 12872 8777 12870
3 3929 8778 8351
3 8351 8778 12872
3 12878 5342 5343
3 12879 12878 5343
3 12874 5327 12878
3 12878 5327 5342
3 12875 12874 12881
3 12881 12874 12878
3 12882 12875 12883
3 12883 12875 12881
3 12884 12882 12885
3 12885 12882 12883
3 12869 12884 12886
3 12884 12885 12886
3 12869 12887 12871
3 12886 12887 12869
3 12871 12880 12873
3 12887 12880 12871
3 12880 8346 12873
3 12875 12882 12876
3 12876 12884 12877
3 12882 12884 12876
3 12877 12884 12869
3 5343 12888 12879
3 5360 12888 5343
3 12809 3096 12889
3 3096 3334 12889
3 12810 12809 12890
3 12809 12889 12890
3 12811 12810 12891
3 12810 12890 12891
3 12812 12811 12892
3 12811 12891 12892
3 12813 12812 12893
3 12812 12892 12893
3 12814 12813 12894
3 12813 12893 12894
3 12815 12814 12895
3 12814 12894 12895
3 2991 12815 2993
3 12815 12895 2993
3 12889 3334 12896
3 3334 3344 12896
3 12890 12889 12897
3 12889 12896 12897
3 12891 12890 12898
3 12890 12897 12898
3 12892 12891 12899
3 12891 12898 12899
3 12893 12892 12900
3 12892 12899 12900
3 12894 12893 12901
3 12893 12900 12901
3 12895 12894 12902
3 12894 12901 12902
3 2993 12895 3004
3 12895 12902 3004
3 12896 3344 3353
3 12903 12896 3353
3 12903 12904 12905
3 12903 12905 12896
3 12896 12905 12897
3 12898 12897 12906
3 12897 12905 12906
3 12899 12898 12907
3 12898 12906 12907
3 12900 12899 12908
3 12899 12907 12908
3 12901 12900 12909
3 12900 12908 12909
3 12902 12901 12910
3 12901 12909 12910
3 3004 12902 3017
3 12902 12910 3017
3 3353 12911 12903
3 3362 12911 3353
3 12911 12904 12903
3 12904 12912 12913
3 12905 12904 12913
3 12906 12905 12914
3 12905 12913 12914
3 12907 12906 12915
3 12906 12914 12915
3 12908 12907 12916
3 12907 12915 12916
3 12909 12908 12917
3 12908 12916 12917
3 12910 12909 12918
3 12909 12917 12918
3 3017 12910 3028
3 12910 12918 3028
3 12911 3362 12912
3 3362 3371 12912
3 12912 12904 12911
3 12912 3380 12919
3 12912 12919 12913
3 12913 12919 12920
3 12914 12913 12921
3 12913 12920 12921
3 12915 12914 12922
3 12914 12921 12922
3 12916 12915 12923
3 12915 12922 12923
3 12917 12916 12924
3 12916 12923 12924
3 12918 12917 12925
3 12917 12924 12925
3 3028 12918 3038
3 12918 12925 3038
3 12912 3371 3380
3 3380 12926 12927
3 12919 3380 12927
3 12920 12919 12928
3 12919 12927 12928
3 12921 12920 12929
3 12920 12928 12929
3 12922 12921 12930
3 12921 12929 12930
3 12923 12922 12931
3 12922 12930 12931
3 12924 12923 12932
3 12923 12931 12932
3 12925 12924 12933
3 12924 12932 12933
3 3038 12925 3050
3 12925 12933 3050
3 12926 3380 3389
3 12926 12934 12927
3 12928 12927 12934
3 12935 12928 12934
3 12935 12936 12937
3 12935 12937 12928
3 12928 12937 12929
3 12930 12929 12938
3 12929 12937 12938
3 12931 12930 12939
3 12930 12938 12939
3 12932 12931 12940
3 12931 12939 12940
3 12933 12932 12941
3 12932 12940 12941
3 3050 12933 3062
3 12933 12941 3062
3 12926 12942 12934
3 12926 3389 12942
3 3389 3398 12942
3 12934 12936 12935
3 12942 12936 12934
3 12943 215 10969
3 12936 12943 10969
3 10971 12936 10969
3 12936 10971 12937
3 12937 10971 10973
3 12938 12937 10975
3 12937 10973 10975
3 12939 12938 10977
3 12938 10975 10977
3 12940 12939 10979
3 12939 10977 10979
3 12941 12940 10981
3 12940 10979 10981
3 3062 12941 1632
3 12941 10981 1632
3 12943 12942 215
3 12942 3398 215
3 12943 12936 12942
3 12944 1815 1816
3 12945 12944 1816
3 12946 12944 12945
3 12947 12946 12945
3 12948 12946 12947
3 12949 12948 12947
3 12950 12948 12949
3 12951 12950 12949
3 12952 12950 12951
3 12953 12952 12951
3 12954 12952 12953
3 12955 12954 12953
3 12956 12954 12955
3 12957 12956 12955
3 12247 12956 12957
3 12248 12247 12957
3 1818 12944 12134
3 1815 12944 1818
3 12134 12946 12135
3 12944 12946 12134
3 12135 12948 12136
3 12946 12948 12135
3 12136 12950 12137
3 12948 12950 12136
3 12137 12952 12138
3 12950 12952 12137
3 12138 12954 12139
3 12952 12954 12138
3 12139 12956 12140
3 12954 12956 12139
3 12140 12247 7492
3 12956 12247 12140
3 12945 1816 12958
3 1816 1834 12958
3 12947 12945 12959
3 12945 12958 12959
3 12949 12947 12960
3 12947 12959 12960
3 12951 12949 12961
3 12949 12960 12961
3 12953 12951 12962
3 12951 12961 12962
3 12955 12953 12963
3 12953 12962 12963
3 12957 12955 12964
3 12955 12963 12964
3 12248 12957 12260
3 12957 12964 12260
3 12965 1834 1843
3 12966 12965 1843
3 12967 12965 12966
3 12968 12967 12966
3 12969 12967 12968
3 12970 12969 12968
3 12971 12969 12970
3 12972 12971 12970
3 12973 12971 12972
3 12974 12973 12972
3 12975 12973 12974
3 12976 12975 12974
3 12977 12975 12976
3 12978 12977 12976
3 12272 12977 12978
3 12273 12272 12978
3 1834 12965 12958
3 12958 12967 12959
3 12965 12967 12958
3 12959 12969 12960
3 12967 12969 12959
3 12960 12971 12961
3 12969 12971 12960
3 12961 12973 12962
3 12971 12973 12961
3 12962 12975 12963
3 12973 12975 12962
3 12963 12977 12964
3 12975 12977 12963
3 12964 12272 12260
3 12977 12272 12964
3 12979 1859 1860
3 12981 12982 12983
3 12984 12981 12983
3 12985 12984 12983
3 12986 12984 12985
3 12987 12986 12985
3 12988 12986 12987
3 1843 12979 12966
3 1859 12979 1843
3 12980 12966 12979
3 12980 12982 12966
3 12982 12968 12966
3 12981 12970 12982
3 12970 12968 12982
3 12970 12984 12972
3 12981 12984 12970
3 12972 12986 12974
3 12984 12986 12972
3 12988 12974 12986
3 12988 12989 12974
3 12989 12976 12974
3 12978 12976 12990
3 12976 12989 12990
3 12273 12978 12288
3 12978 12990 12288
3 12979 1860 12991
3 1860 1871 12991
3 12982 12980 12979
3 12982 12979 12992
3 12992 12979 12991
3 12982 12992 12983
3 12983 12992 12993
3 12985 12983 12994
3 12983 12993 12994
3 12987 12985 12995
3 12985 12994 12995
3 12989 12988 12987
3 12989 12987 12996
3 12996 12987 12995
3 12997 12989 12996
3 12998 12997 12996
3 12298 12997 12998
3 12299 12298 12998
3 12989 12997 12990
3 12990 12298 12288
3 12997 12298 12990
3 12999 1883 1884
3 13000 12999 1884
3 13001 12999 13000
3 13002 13001 13000
3 13003 13001 13002
3 13004 13003 13002
3 13005 13003 13004
3 13006 13005 13004
3 13007 13005 13006
3 1871 12999 12991
3 1883 12999 1871
3 12991 13001 12992
3 12999 13001 12991
3 12992 13003 12993
3 13001 13003 12992
3 12993 13005 12994
3 13003 13005 12993
3 12994 13007 12995
3 13005 13007 12994
3 13008 12995 13007
3 13008 13009 12995
3 13009 12996 12995
3 12998 12996 13010
3 12996 13009 13010
3 12299 12998 12316
3 12998 13010 12316
3 13000 1884 13011
3 1884 1893 13011
3 13002 13000 13012
3 13000 13011 13012
3 13004 13002 13013
3 13002 13012 13013
3 13006 13004 13014
3 13004 13013 13014
3 13007 13006 13015
3 13006 13014 13015
3 13009 13008 13007
3 13009 13007 13016
3 13016 13007 13015
3 13017 13009 13016
3 13018 13017 13016
3 12325 13017 13018
3 12326 12325 13018
3 13009 13017 13010
3 13010 12325 12316
3 13017 12325 13010
3 11131 1908 1909
3 11131 1893 1908
3 11131 13011 1893
3 13012 13011 11146
3 13011 11131 11146
3 13013 13012 11147
3 13012 11146 11147
3 13014 13013 11148
3 13013 11147 11148
3 13015 13014 11149
3 13014 11148 11149
3 13016 13015 11150
3 13015 11149 11150
3 13018 13016 11151
3 13016 11150 11151
3 12326 13018 657
3 13018 11151 657
3 8620 8621 13019
3 8622 8620 13019
3 13020 8622 13019
3 7657 8622 13020
3 7674 7657 13020
3 8626 8627 13021
3 8619 8626 13021
3 13022 8619 13021
3 8621 8619 13022
3 8621 13022 13019
3 13019 13022 13023
3 13020 13019 13024
3 13019 13023 13024
3 7674 13020 7689
3 13020 13024 7689
3 7703 7702 13027
3 8628 7801 12847
3 13028 8628 12847
3 8629 8628 13028
3 13029 8629 13028
3 8625 8629 13029
3 13030 8625 13029
3 8627 8625 13030
3 8627 13030 13021
3 13021 13030 13031
3 13025 13022 13031
3 13022 13021 13031
3 13026 13022 13025
3 13026 13032 13022
3 13032 13023 13022
3 13027 13024 13032
3 13024 13023 13032
3 13024 7702 7689
3 13027 7702 13024
3 13037 13036 13035
3 7717 13036 13037
3 7718 7717 13037
3 13039 13038 12848
3 13040 13038 13039
3 13041 13040 13039
3 13042 13040 13041
3 13043 13042 13041
3 13044 13042 13043
3 13045 13044 13043
3 13033 13045 13034
3 13025 13045 13033
3 13025 13044 13045
3 13025 13032 13026
3 13025 13033 13032
3 13033 13035 13032
3 13027 13032 13036
3 13032 13035 13036
3 13027 7717 7703
3 13036 7717 13027
3 12847 13038 13028
3 12848 13038 12847
3 13028 13040 13029
3 13038 13040 13028
3 13029 13042 13030
3 13040 13042 13029
3 13030 13044 13031
3 13042 13044 13030
3 13031 13044 13025
3 13052 12862 13046
3 13053 13052 13047
3 13047 13052 13046
3 13055 13054 13048
3 13034 13049 13033
3 13034 13055 13049
3 13055 13048 13049
3 13033 13050 13035
3 13049 13050 13033
3 13035 13051 13037
3 13050 13051 13035
3 13037 7724 7718
3 13051 7724 13037
3 12848 13052 13039
3 12862 13052 12848
3 13039 13053 13041
3 13052 13053 13039
3 13041 13054 13043
3 13053 13054 13041
3 13043 13055 13045
3 13054 13055 13043
3 13045 13055 13034
3 2683 2684 13056
3 2684 13057 13056
3 2685 2683 13058
3 2683 13056 13058
3 2686 2685 13059
3 2685 13058 13059
3 2687 2686 13060
3 2686 13059 13060
3 2689 2687 13061
3 2687 13060 13061
3 2691 2689 13062
3 2689 13061 13062
3 2693 2691 13063
3 2691 13062 13063
3 2695 2693 5650
3 2693 13063 5650
3 13064 13065 13066
3 13067 13064 13066
3 13068 13064 13067
3 13069 13068 13067
3 13070 13068 13069
3 13071 13070 13069
3 13072 13070 13071
3 13073 13072 13071
3 13074 13072 13073
3 13075 13074 13073
3 13076 13074 13075
3 13057 13064 13056
3 13065 13064 13057
3 13056 13068 13058
3 13064 13068 13056
3 13058 13070 13059
3 13068 13070 13058
3 13059 13072 13060
3 13070 13072 13059
3 13060 13074 13061
3 13072 13074 13060
3 13076 13061 13074
3 13076 13077 13061
3 13077 13062 13061
3 13063 13062 13078
3 13062 13077 13078
3 5650 13063 5671
3 13063 13078 5671
3 13067 13066 13079
3 13066 13080 13079
3 13069 13067 13081
3 13067 13079 13081
3 13071 13069 13082
3 13069 13081 13082
3 13073 13071 13083
3 13071 13082 13083
3 13075 13073 13084
3 13073 13083 13084
3 13077 13076 13075
3 13077 13075 13085
3 13085 13075 13084
3 13086 13077 13085
3 13087 13086 13085
3 5681 13086 13087
3 5682 5681 13087
3 13077 13086 13078
3 13078 5681 5671
3 13086 5681 13078
3 13088 13089 13090
3 13091 13088 13090
3 13092 13088 13091
3 13080 13088 13079
3 13089 13088 13080
3 13079 13092 13081
3 13088 13092 13079
3 13093 13081 13092
3 13093 13094 13081
3 13094 13082 13081
3 13083 13082 13095
3 13082 13094 13095
3 13084 13083 13096
3 13083 13095 13096
3 13085 13084 13097
3 13084 13096 13097
3 13087 13085 13098
3 13085 13097 13098
3 5682 13087 5693
3 13087 13098 5693
3 13091 13090 13099
3 13090 13100 13099
3 13092 13091 13101
3 13091 13099 13101
3 13102 13093 13092
3 13102 13092 13103
3 13103 13092 13101
3 13104 13102 13103
3 13105 13104 13103
3 13106 13104 13105
3 13107 13106 13105
3 13108 13106 13107
3 13109 13108 13107
3 13110 13108 13109
3 13111 13110 13109
3 5707 13110 13111
3 5708 5707 13111
3 13094 13093 13102
3 13094 13104 13095
3 13102 13104 13094
3 13095 13106 13096
3 13104 13106 13095
3 13096 13108 13097
3 13106 13108 13096
3 13097 13110 13098
3 13108 13110 13097
3 13098 5707 5693
3 13110 5707 13098
3 13112 13116 13113
3 13112 13099 13116
3 13099 13100 13116
3 13099 13114 13101
3 13112 13114 13099
3 13115 13101 13114
3 13115 13117 13101
3 13117 13103 13101
3 13105 13103 13118
3 13103 13117 13118
3 13107 13105 13119
3 13105 13118 13119
3 13109 13107 13120
3 13107 13119 13120
3 13111 13109 13121
3 13109 13120 13121
3 5708 13111 5719
3 13111 13121 5719
3 13113 13116 13122
3 13113 13122 13112
3 13112 13122 13123
3 13114 13112 13124
3 13112 13123 13124
3 13125 13115 13114
3 13125 13114 13126
3 13126 13114 13124
3 13127 13125 13126
3 13128 13127 13126
3 13129 13127 13128
3 13130 13129 13128
3 13131 13129 13130
3 13132 13131 13130
3 13133 13131 13132
3 13117 13115 13125
3 13117 13127 13118
3 13125 13127 13117
3 13118 13129 13119
3 13127 13129 13118
3 13119 13131 13120
3 13129 13131 13119
3 13120 13133 13121
3 13131 13133 13120
3 13121 5732 5719
3 13133 5732 13121
3 13123 13122 3199
3 13122 3198 3199
3 13124 13123 3200
3 13123 3199 3200
3 13126 13124 3201
3 13124 3200 3201
3 13128 13126 3202
3 13126 3201 3202
3 13130 13128 3203
3 13128 3202 3203
3 13132 13130 3204
3 13130 3203 3204
3 13133 13132 3205
3 13132 3204 3205
3 5732 13133 3207
3 13133 3205 3207
3 9433 9431 13134
3 9431 13135 13134
3 9434 9433 13136
3 9433 13134 13136
3 1527 9434 1529
3 9434 13136 1529
3 13134 13135 13137
3 13135 13138 13137
3 13136 13134 13139
3 13134 13137 13139
3 1529 13136 1545
3 13136 13139 1545
3 13137 13138 13140
3 13138 13141 13140
3 13139 13137 13142
3 13137 13140 13142
3 13143 1553 1545
3 13143 1545 13142
3 13142 1545 13139
3 13141 13144 13140
3 13145 13144 13141
3 13140 13146 13142
3 13144 13146 13140
3 13142 1553 13143
3 13142 13146 1553
3 13146 1567 1553
3 13144 13145 13147
3 13145 13148 13147
3 13146 13144 13149
3 13144 13147 13149
3 1567 13146 1576
3 13146 13149 1576
3 13149 13147 13150
3 13147 13151 13150
3 1576 13149 1585
3 13149 13150 1585
3 13150 13151 13152
3 13151 13153 13152
3 1585 13150 1594
3 13150 13152 1594
3 13152 13153 5065
3 13153 5066 5065
3 1594 13152 1603
3 13152 5065 1603
3 2490 9443 5233
3 206 2490 5233
3 9443 9452 5240
3 5233 9443 5240
3 5240 9452 5249
3 5225 5224 4430
3 5225 4430 13154
3 13154 4430 12554
3 13155 5225 13154
3 13156 13155 13154
3 13157 13155 13156
3 13158 13157 13156
3 13159 13157 13158
3 13160 13159 13158
3 13161 13159 13160
3 13162 13161 13160
3 13163 13161 13162
3 13164 13163 13162
3 13165 13163 13164
3 5225 13155 5226
3 5226 13157 5227
3 13155 13157 5226
3 5227 13159 5228
3 13157 13159 5227
3 5228 13161 5229
3 13159 13161 5228
3 5229 13163 5230
3 13161 13163 5229
3 5230 13165 5231
3 13163 13165 5230
3 13165 13057 5231
3 13057 2684 5231
3 13154 12554 13166
3 12554 12565 13166
3 13156 13154 13167
3 13154 13166 13167
3 13158 13156 13168
3 13156 13167 13168
3 13160 13158 13169
3 13158 13168 13169
3 13162 13160 13170
3 13160 13169 13170
3 13164 13162 13171
3 13162 13170 13171
3 13165 13164 13172
3 13164 13171 13172
3 13065 13165 13066
3 13066 13165 13172
3 13057 13165 13065
3 13173 12575 12576
3 13174 13173 12576
3 13175 13173 13174
3 13176 13175 13174
3 13177 13175 13176
3 13178 13177 13176
3 13179 13177 13178
3 12565 13173 13166
3 12575 13173 12565
3 13166 13175 13167
3 13173 13175 13166
3 13167 13177 13168
3 13175 13177 13167
3 13168 13179 13169
3 13177 13179 13168
3 13180 13169 13179
3 13180 13181 13169
3 13181 13170 13169
3 13171 13170 13182
3 13170 13181 13182
3 13172 13171 13183
3 13171 13182 13183
3 13066 13172 13080
3 13172 13183 13080
3 13174 12576 13184
3 12576 12585 13184
3 13176 13174 13185
3 13174 13184 13185
3 13178 13176 13186
3 13176 13185 13186
3 13179 13178 13187
3 13178 13186 13187
3 13188 13180 13179
3 13188 13179 13189
3 13189 13179 13187
3 13190 13188 13189
3 13191 13190 13189
3 13192 13190 13191
3 13193 13192 13191
3 13089 13192 13193
3 13090 13089 13193
3 13181 13180 13188
3 13181 13190 13182
3 13188 13190 13181
3 13182 13192 13183
3 13190 13192 13182
3 13183 13089 13080
3 13192 13089 13183
3 13194 12597 12598
3 13195 13194 12598
3 13196 13194 13195
3 12585 13194 13184
3 12597 13194 12585
3 13184 13196 13185
3 13194 13196 13184
3 13197 13185 13196
3 13197 13198 13185
3 13198 13186 13185
3 13187 13186 13199
3 13186 13198 13199
3 13189 13187 13200
3 13187 13199 13200
3 13191 13189 13201
3 13189 13200 13201
3 13193 13191 13202
3 13191 13201 13202
3 13090 13193 13100
3 13193 13202 13100
3 13195 12598 13203
3 12598 12606 13203
3 13196 13195 13204
3 13195 13203 13204
3 13198 13197 13196
3 13198 13196 13205
3 13205 13196 13204
3 13206 13198 13205
3 13207 13206 13205
3 13208 13206 13207
3 13209 13208 13207
3 13210 13208 13209
3 13211 13210 13209
3 13212 13210 13211
3 13213 13212 13211
3 13116 13212 13213
3 13198 13206 13199
3 13199 13208 13200
3 13206 13208 13199
3 13200 13210 13201
3 13208 13210 13200
3 13201 13212 13202
3 13210 13212 13201
3 13116 13202 13212
3 13116 13100 13202
3 13203 12606 13214
3 12606 12618 13214
3 13204 13203 13215
3 13203 13214 13215
3 13205 13204 13216
3 13204 13215 13216
3 13207 13205 13217
3 13205 13216 13217
3 13209 13207 13218
3 13207 13217 13218
3 13211 13209 13219
3 13209 13218 13219
3 13213 13211 13220
3 13211 13219 13220
3 13116 13213 13122
3 13122 13213 13220
3 13221 12619 9642
3 10794 13221 9642
3 13222 13221 10794
3 10796 13222 10794
3 10799 13222 10796
3 12618 13221 13214
3 12619 13221 12618
3 13214 13222 13215
3 13221 13222 13214
3 10799 13215 13222
3 10799 10798 13215
3 10798 13216 13215
3 13217 13216 10801
3 13216 10798 10801
3 10804 10801 10803
3 10804 13218 10801
3 13218 13217 10801
3 13218 10806 13219
3 10804 10806 13218
3 10809 13219 10806
3 10809 10811 13219
3 10811 13220 13219
3 13122 13220 3198
3 13220 10811 3198
3 9816 9817 13223
3 9817 13224 13223
3 9818 9816 13225
3 9816 13223 13225
3 9819 9818 13226
3 9818 13225 13226
3 9820 9819 13227
3 9819 13226 13227
3 9821 9820 11193
3 9820 13227 11193
3 13223 13224 13228
3 13224 13229 13228
3 13225 13223 13230
3 13223 13228 13230
3 13226 13225 13231
3 13225 13230 13231
3 13227 13226 13232
3 13226 13231 13232
3 11193 13227 11201
3 13227 13232 11201
3 13228 13229 13233
3 13229 13234 13233
3 13230 13228 13235
3 13228 13233 13235
3 13231 13230 13236
3 13230 13235 13236
3 13232 13231 13237
3 13231 13236 13237
3 11201 13232 11209
3 13232 13237 11209
3 13233 13234 3552
3 3554 13233 3552
3 13235 13233 3554
3 3557 13235 3554
3 13236 13235 3557
3 3559 13236 3557
3 3559 3560 13238
3 3559 13238 13236
3 13236 13238 13237
3 11209 13237 11217
3 13237 13238 11217
3 3560 3566 13238
3 11217 13238 3566
3 3411 11217 3566
3 9922 9921 13239
3 9921 9929 13239
3 9929 9922 13239
3 10621 10626 13240
3 10626 10627 13240
3 10627 10621 13240
3 8648 8652 13241
3 8652 8653 13241
3 8653 8648 13241
3 2073 2078 13242
3 2078 2079 13242
3 2079 2073 13242
3 2973 2985 13243
3 2985 2986 13243
3 2986 2973 13243
3 7167 2994 13244
3 2994 2996 13244
3 2996 7167 13244
3 7054 8365 13245
3 8365 8378 13245
3 8378 7054 13245
3 763 769 13246
3 769 787 13246
3 787 763 13246
3 12663 10282 13247
3 10282 10298 13247
3 10298 12663 13247
3 32 31 13248
3 31 30 13248
3 30 32 13248
3 11241 11274 13249
3 11274 11243 13249
3 11243 11241 13249
3 1201 1200 13250
3 1200 1186 13250
3 1186 1201 13250
3 7313 7320 13251
3 7320 7315 13251
3 7315 7313 13251
3 8691 8702 13252
3 8702 8703 13252
3 8703 8691 13252
3 1259 1261 13253
3 1261 1249 13253
3 1249 1259 13253
3 179 171 13254
3 171 8454 13254
3 8454 179 13254
3 3554 3556 13255
3 3556 3557 13255
3 3557 3554 13255
3 3596 3597 13256
3 3597 3603 13256
3 3603 3596 13256
