row_index,point_index,frame_id,t,s,position_x,position_y,position_z,orientation_x,orientation_y,orientation_z,orientation_w,linear_velocity_x,linear_velocity_y,linear_velocity_z,angular_velocity_x,angular_velocity_y,angular_velocity_z,path_speed,path_acceleration,paint
10,0,world,0.0,0.0,3.807499914169309,0.28251415957291853,-1.3098244390508333,0.5267294423893973,0.5267294423893856,0.47175851292812493,-0.4717585129281354,0.0,0.0,0.0,0.0,0.0,0.0,0.0,0.5,0
10,1,world,0.01,2.5e-05,3.807499914169309,0.28251705228114576,-1.309799606969988,0.5267294423893973,0.5267294423893856,0.47175851292812493,-0.4717585129281354,1.1101675065540788e-16,0.0005785416454488303,0.004966416169078198,0.0,0.0,0.0,0.005,0.5,0
10,2,world,0.02,0.0001,3.807499914169309,0.2825257304058275,-1.3097251107274517,0.5267294423893973,0.5267294423893856,0.47175851292812493,-0.4717585129281354,2.22000190468169e-16,0.0011570832908973645,0.00993283233815643,0.0,0.0,0.0,0.01,0.5,0
10,3,world,0.03,0.000225,3.807499914169309,0.2825401939469637,-1.3096009503232249,0.5267294423893973,0.5267294423893856,0.47175851292812493,-0.4717585129281354,3.3291700859563663e-16,0.0017356249363453067,0.01489924850723473,0.0,0.0,0.0,0.015,0.5,0
10,4,world,0.04,0.0004,3.807499914169309,0.28256044290455445,-1.3094271257573071,0.5267294423893973,0.5267294423893856,0.47175851292812493,-0.4717585129281354,4.437338941951639e-16,0.0023141665817923603,0.019865664676313136,0.0,0.0,0.0,0.02,0.5,0
10,5,world,0.05,0.0006250000000000001,3.807499914169309,0.28258647727859965,-1.3092036370296987,0.5267294423893973,0.5267294423893856,0.47175851292812493,-0.4717585129281354,5.544175364241044e-16,0.0028927082272382307,0.02483208084539168,0.0,0.0,0.0,0.025,0.5,0
10,6,world,0.06,0.0009,3.807499914169309,0.28261829706909936,-1.3089304841403993,0.5267294423893975,0.5267294423893857,0.471758512928125,-0.4717585129281354,6.649346244398107e-16,0.00347124987268262,0.02979849701447039,0.0,0.0,0.0,0.03,0.5,0
10,7,world,0.07,0.0012250000000000002,3.807499914169309,0.28265590227605353,-1.3086076670894091,0.5267294423893975,0.5267294423893857,0.471758512928125,-0.4717585129281354,7.75251847399637e-16,0.004049791518125234,0.034764913183549316,0.0,0.0,0.0,0.035,0.5,0
10,8,world,0.08,0.0016,3.807499914169309,0.28269929289946216,-1.3082351858767283,0.5267294423893975,0.5267294423893857,0.471758512928125,-0.4717585129281354,8.853358944609355e-16,0.004628333163565776,0.03973132935262848,0.0,0.0,0.0,0.04,0.5,0
10,9,world,0.09,0.002025,3.807499914169309,0.2827484689393253,-1.3078130405023567,0.5267294423893975,0.5267294423893857,0.471758512928125,-0.4717585129281354,9.951534547810601e-16,0.005206874809003948,0.04469774552170792,0.0,0.0,0.0,0.045,0.5,0
10,10,world,0.1,0.0025000000000000005,3.807499914169309,0.282803430395643,-1.3073412309662942,0.5267294423893975,0.5267294423893857,0.471758512928125,-0.4717585129281354,1.1046712175173644e-15,0.005785416454439459,0.04966416169078767,0.0,0.0,0.0,0.05,0.5,0
10,11,world,0.11,0.003025,3.807499914169309,0.2828641772684151,-1.306819757268541,0.5267294423893972,0.5267294423893857,0.471758512928125,-0.4717585129281354,1.2138558718272004e-15,0.006363958099872006,0.05463057785986776,0.0,0.0,0.0,0.055,0.5,0
10,12,world,0.12,0.0036,3.807499914169309,0.2829307095576417,-1.306248619409097,0.5267294423893972,0.5267294423893857,0.471758512928125,-0.47175851292813537,1.3226741068679225e-15,0.0069424997453012985,0.059596994028948226,0.0,0.0,0.0,0.06,0.5,0
10,13,world,0.13,0.0042250000000000005,3.807499914169309,0.2830030272633228,-1.3056278173879623,0.5267294423893972,0.5267294423893857,0.471758512928125,-0.47175851292813537,1.4310926117968836e-15,0.007521041390727038,0.06456341019802912,0.0,0.0,0.0,0.065,0.5,0
10,14,world,0.14,0.004900000000000001,3.807499914169309,0.28308113038545846,-1.3049573512051367,0.5267294423893972,0.5267294423893857,0.471758512928125,-0.47175851292813537,1.5390780757714372e-15,0.008099583036148933,0.06952982636711047,0.0,0.0,0.0,0.07,0.5,0
10,15,world,0.15,0.005625,3.807499914169309,0.2831650189240485,-1.3042372208606203,0.5267294423893972,0.5267294423893857,0.471758512928125,-0.47175851292813537,1.6465971879489355e-15,0.008678124681566679,0.07449624253619228,0.0,0.0,0.0,0.075,0.5,0
10,16,world,0.16,0.0064,3.807499914169309,0.2832546928790931,-1.3034674263544133,0.5267294423893972,0.5267294423893857,0.471758512928125,-0.47175851292813537,1.7536166374867328e-15,0.009256666326979985,0.07946265870527461,0.0,0.0,0.0,0.08,0.5,0
10,17,world,0.17,0.007225000000000001,3.807499914169309,0.2833501522505922,-1.3026479676865153,0.5267294423893972,0.5267294423893857,0.471758512928125,-0.47175851292813537,1.8601031135421825e-15,0.009835207972388557,0.08442907487435751,0.0,0.0,0.0,0.085,0.5,0
10,18,world,0.18,0.0081,3.807499914169309,0.2834513970385457,-1.3017788448569267,0.5267294423893972,0.5267294423893857,0.471758512928125,-0.47175851292813537,1.9660233052726364e-15,0.010413749617792093,0.08939549104344097,0.0,0.0,0.0,0.09,0.5,0
10,19,world,0.19,0.009025,3.807499914169309,0.28355842724295377,-1.3008600578656473,0.5267294423893972,0.5267294423893857,0.471758512928125,-0.4717585129281353,2.0713439018354493e-15,0.010992291263190302,0.09436190721252506,0.0,0.0,0.0,0.095,0.5,0
10,20,world,0.2,0.010000000000000002,3.8074999141693096,0.2836712428638163,-1.299891606712677,0.5267294423893972,0.5267294423893857,0.471758512928125,-0.4717585129281353,2.176031592387974e-15,0.011570832908582889,0.09932832338160982,0.0,0.0,0.0,0.1,0.0,0
10,21,world,0.21,0.011,3.8074999141693096,0.2837869511929061,-1.2988983234788614,0.5267294423893973,0.5267294423893858,0.47175851292812504,-0.4717585129281353,2.1715901467017404e-15,0.011570832908543417,0.09932832338161442,0.0,0.0,0.0,0.1,0.0,0
10,22,world,0.22,0.012,3.8074999141693096,0.28390265952199584,-1.2979050402450456,0.5267294423893973,0.5267294423893858,0.47175851292812504,-0.4717585129281353,2.167148701015506e-15,0.011570832908503949,0.09932832338161901,0.0,0.0,0.0,0.1,0.0,0
10,23,world,0.23,0.013000000000000001,3.8074999141693096,0.28401836785108564,-1.29691175701123,0.5267294423893971,0.5267294423893858,0.4717585129281251,-0.4717585129281353,2.1627072553292726e-15,0.01157083290846448,0.09932832338162362,0.0,0.0,0.0,0.1,0.0,0
10,24,world,0.24,0.014,3.8074999141693096,0.2841340761801754,-1.2959184737774143,0.5267294423893971,0.5267294423893858,0.4717585129281251,-0.47175851292813525,2.1582658096430383e-15,0.011570832908425008,0.09932832338162821,0.0,0.0,0.0,0.1,0.0,0
10,25,world,0.25,0.015000000000000001,3.8074999141693096,0.2842497845092652,-1.2949251905435988,0.5267294423893971,0.5267294423893858,0.4717585129281251,-0.47175851292813525,2.1538243639568048e-15,0.011570832908385538,0.09932832338163282,0.0,0.0,0.0,0.1,0.0,0
10,26,world,0.26,0.016,3.8074999141693096,0.28436549283835494,-1.293931907309783,0.5267294423893971,0.5267294423893858,0.4717585129281251,-0.47175851292813525,2.149382918270571e-15,0.011570832908346068,0.09932832338163741,0.0,0.0,0.0,0.1,0.0,0
10,27,world,0.27,0.017,3.8074999141693096,0.28448120116744474,-1.2929386240759675,0.5267294423893971,0.5267294423893858,0.4717585129281251,-0.47175851292813525,2.1449414725843366e-15,0.011570832908306598,0.099328323381642,0.0,0.0,0.0,0.1,0.0,0
10,28,world,0.28,0.018000000000000002,3.8074999141693096,0.2845969094965345,-1.291945340842152,0.5267294423893971,0.5267294423893858,0.4717585129281251,-0.47175851292813525,2.1405000268981026e-15,0.011570832908267126,0.0993283233816466,0.0,0.0,0.0,0.1,0.0,0
10,29,world,0.29,0.019,3.8074999141693096,0.2847126178256243,-1.2909520576083362,0.5267294423893971,0.5267294423893858,0.4717585129281251,-0.4717585129281352,2.136058581211869e-15,0.011570832908227656,0.0993283233816512,0.0,0.0,0.0,0.1,0.0,0
10,30,world,0.3,0.02,3.8074999141693096,0.28482832615471404,-1.2899587743745207,0.5267294423893971,0.5267294423893858,0.4717585129281251,-0.4717585129281352,2.1316171355256352e-15,0.011570832908188187,0.09932832338165581,0.0,0.0,0.0,0.1,0.0,0
10,31,world,0.31,0.021,3.8074999141693096,0.28494403448380384,-1.288965491140705,0.5267294423893972,0.5267294423893859,0.47175851292812515,-0.4717585129281352,2.1271756898394013e-15,0.011570832908148717,0.09932832338166041,0.0,0.0,0.0,0.1,0.0,0
10,32,world,0.32,0.022000000000000002,3.8074999141693096,0.2850597428128936,-1.2879722079068894,0.526729442389397,0.5267294423893859,0.4717585129281252,-0.4717585129281352,2.1227342441531674e-15,0.011570832908109247,0.099328323381665,0.0,0.0,0.0,0.1,0.0,0
10,33,world,0.33,0.023000000000000003,3.8074999141693096,0.2851754511419834,-1.2869789246730736,0.526729442389397,0.5267294423893859,0.4717585129281252,-0.4717585129281352,2.118292798466933e-15,0.011570832908069777,0.0993283233816696,0.0,0.0,0.0,0.1,0.0,0
10,34,world,0.34,0.024000000000000004,3.8074999141693096,0.28529115947107314,-1.285985641439258,0.526729442389397,0.5267294423893859,0.4717585129281252,-0.47175851292813514,2.113851352780699e-15,0.011570832908030305,0.09932832338167419,0.0,0.0,0.0,0.1,0.0,0
10,35,world,0.35000000000000003,0.025000000000000005,3.8074999141693096,0.28540686780016294,-1.2849923582054423,0.526729442389397,0.5267294423893859,0.4717585129281252,-0.47175851292813514,2.1094099070944653e-15,0.011570832907990835,0.0993283233816788,0.0,0.0,0.0,0.1,0.0,0
10,36,world,0.36,0.026,3.8074999141693096,0.2855225761292527,-1.2839990749716268,0.526729442389397,0.5267294423893859,0.4717585129281252,-0.4717585129281351,2.1049684614082313e-15,0.011570832907951365,0.09932832338168339,0.0,0.0,0.0,0.1,0.0,0
10,37,world,0.37,0.027,3.8074999141693096,0.2856382844583425,-1.283005791737811,0.526729442389397,0.5267294423893859,0.4717585129281252,-0.4717585129281351,2.100527015721998e-15,0.011570832907911895,0.099328323381688,0.0,0.0,0.0,0.1,0.0,0
10,38,world,0.38,0.028,3.8074999141693096,0.28575399278743224,-1.2820125085039955,0.526729442389397,0.5267294423893859,0.4717585129281252,-0.4717585129281351,2.096085570035764e-15,0.011570832907872426,0.09932832338169259,0.0,0.0,0.0,0.1,0.0,0
10,39,world,0.39,0.029000000000000005,3.8074999141693096,0.28586970111652205,-1.2810192252701798,0.526729442389397,0.5267294423893859,0.4717585129281252,-0.4717585129281351,2.09164412434953e-15,0.011570832907832956,0.09932832338169718,0.0,0.0,0.0,0.1,0.0,0
10,40,world,0.4,0.030000000000000006,3.80749991416931,0.2859854094456118,-1.2800259420363642,0.526729442389397,0.5267294423893859,0.4717585129281252,-0.4717585129281351,2.0872026786632957e-15,0.011570832907793482,0.09932832338170178,0.0,0.0,0.0,0.1,0.0,0
10,41,world,0.41000000000000003,0.031000000000000007,3.80749991416931,0.2861011177747016,-1.2790326588025485,0.5267294423893971,0.526729442389386,0.47175851292812526,-0.4717585129281351,2.0827612329770618e-15,0.011570832907754014,0.09932832338170638,0.0,0.0,0.0,0.1,0.0,0
10,42,world,0.42,0.032,3.80749991416931,0.28621682610379134,-1.278039375568733,0.5267294423893971,0.526729442389386,0.47175851292812526,-0.4717585129281351,2.078319787290828e-15,0.011570832907714544,0.09932832338171098,0.0,0.0,0.0,0.1,0.0,0
10,43,world,0.43,0.033,3.80749991416931,0.28633253443288115,-1.2770460923349172,0.5267294423893969,0.526729442389386,0.4717585129281253,-0.4717585129281351,2.073878341604594e-15,0.011570832907675072,0.09932832338171557,0.0,0.0,0.0,0.1,0.0,0
10,44,world,0.44,0.034,3.80749991416931,0.2864482427619709,-1.2760528091011016,0.526729442389397,0.5267294423893861,0.4717585129281253,-0.47175851292813503,2.0694368959183604e-15,0.011570832907635603,0.09932832338172018,0.0,0.0,0.0,0.1,0.0,0
10,45,world,0.45,0.035,3.80749991416931,0.2865639510910607,-1.275059525867286,0.526729442389397,0.5267294423893861,0.4717585129281253,-0.47175851292813503,2.064995450232126e-15,0.011570832907596133,0.09932832338172477,0.0,0.0,0.0,0.1,0.0,0
10,46,world,0.46,0.036000000000000004,3.80749991416931,0.28667965942015045,-1.2740662426334703,0.526729442389397,0.5267294423893861,0.4717585129281253,-0.471758512928135,2.0605540045458926e-15,0.011570832907556663,0.09932832338172937,0.0,0.0,0.0,0.1,0.0,0
10,47,world,0.47000000000000003,0.037000000000000005,3.80749991416931,0.28679536774924025,-1.2730729593996548,0.526729442389397,0.5267294423893861,0.4717585129281253,-0.471758512928135,2.0561125588596583e-15,0.011570832907517191,0.09932832338173397,0.0,0.0,0.0,0.1,0.0,0
10,48,world,0.48,0.038,3.80749991416931,0.28691107607833,-1.272079676165839,0.526729442389397,0.5267294423893861,0.4717585129281253,-0.471758512928135,2.0516711131734244e-15,0.011570832907477721,0.09932832338173857,0.0,0.0,0.0,0.1,0.0,0
10,49,world,0.49,0.039,3.80749991416931,0.2870267844074198,-1.2710863929320235,0.526729442389397,0.5267294423893861,0.4717585129281253,-0.471758512928135,2.0472296674871905e-15,0.011570832907438253,0.09932832338174316,0.0,0.0,0.0,0.1,0.0,0
10,50,world,0.5,0.04,3.80749991416931,0.28714249273650955,-1.2700931096982078,0.526729442389397,0.5267294423893861,0.4717585129281253,-0.471758512928135,2.0427882218009566e-15,0.01157083290739878,0.09932832338174775,0.0,0.0,0.0,0.1,0.0,0
10,51,world,0.51,0.041,3.80749991416931,0.28725820106559935,-1.2690998264643922,0.526729442389397,0.5267294423893861,0.4717585129281254,-0.471758512928135,2.038346776114723e-15,0.011570832907359312,0.09932832338175236,0.0,0.0,0.0,0.1,0.0,0
10,52,world,0.52,0.042,3.80749991416931,0.2873739093946891,-1.2681065432305765,0.526729442389397,0.5267294423893861,0.4717585129281254,-0.471758512928135,2.033905330428489e-15,0.011570832907319842,0.09932832338175696,0.0,0.0,0.0,0.1,0.0,0
10,53,world,0.53,0.043000000000000003,3.80749991416931,0.2874896177237789,-1.267113259996761,0.5267294423893968,0.5267294423893861,0.47175851292812543,-0.471758512928135,2.029463884742255e-15,0.011570832907280372,0.09932832338176156,0.0,0.0,0.0,0.1,0.0,0
10,54,world,0.54,0.044000000000000004,3.80749991416931,0.28760532605286865,-1.2661199767629452,0.5267294423893968,0.5267294423893861,0.47175851292812543,-0.4717585129281349,2.0250224390560205e-15,0.0115708329072409,0.09932832338176616,0.0,0.0,0.0,0.1,0.0,0
10,55,world,0.55,0.045000000000000005,3.80749991416931,0.28772103438195845,-1.2651266935291297,0.5267294423893968,0.5267294423893861,0.47175851292812543,-0.4717585129281349,2.020580993369787e-15,0.01157083290720143,0.09932832338177075,0.0,0.0,0.0,0.1,0.0,0
10,56,world,0.56,0.046000000000000006,3.80749991416931,0.2878367427110482,-1.264133410295314,0.5267294423893968,0.5267294423893861,0.47175851292812543,-0.4717585129281349,2.016139547683553e-15,0.01157083290716196,0.09932832338177534,0.0,0.0,0.0,0.1,0.0,0
10,57,world,0.5700000000000001,0.04700000000000001,3.80749991416931,0.287952451040138,-1.2631401270614984,0.5267294423893968,0.5267294423893861,0.47175851292812543,-0.47175851292813487,2.011698101997319e-15,0.01157083290712249,0.09932832338177994,0.0,0.0,0.0,0.1,0.0,0
10,58,world,0.58,0.048,3.80749991416931,0.28806815936922775,-1.2621468438276826,0.5267294423893968,0.5267294423893861,0.47175851292812543,-0.47175851292813487,2.0072566563110853e-15,0.01157083290708302,0.09932832338178454,0.0,0.0,0.0,0.1,0.0,0
10,59,world,0.59,0.049,3.80749991416931,0.28818386769831755,-1.261153560593867,0.5267294423893968,0.5267294423893861,0.47175851292812543,-0.47175851292813487,2.0028152106248517e-15,0.01157083290704355,0.09932832338178915,0.0,0.0,0.0,0.1,0.0,0
10,60,world,0.6,0.05,3.80749991416931,0.2882995760274073,-1.2601602773600513,0.5267294423893968,0.5267294423893861,0.47175851292812543,-0.47175851292813487,1.9983737649386174e-15,0.011570832907004079,0.09932832338179375,0.0,0.0,0.0,0.1,0.0,0
10,61,world,0.61,0.051000000000000004,3.8074999141693104,0.2884152843564971,-1.2591669941262358,0.5267294423893968,0.5267294423893861,0.47175851292812543,-0.47175851292813487,1.9939323192523835e-15,0.011570832906964609,0.09932832338179834,0.0,0.0,0.0,0.1,0.0,0
10,62,world,0.62,0.052000000000000005,3.8074999141693104,0.2885309926855869,-1.2581737108924202,0.5267294423893969,0.5267294423893862,0.4717585129281255,-0.47175851292813487,1.9894908735661492e-15,0.011570832906925137,0.09932832338180293,0.0,0.0,0.0,0.1,0.0,0
10,63,world,0.63,0.053000000000000005,3.8074999141693104,0.28864670101467665,-1.2571804276586045,0.5267294423893967,0.5267294423893862,0.4717585129281255,-0.47175851292813487,1.9850494278799157e-15,0.011570832906885667,0.09932832338180753,0.0,0.0,0.0,0.1,0.0,0
10,64,world,0.64,0.054000000000000006,3.8074999141693104,0.28876240934376646,-1.256187144424789,0.5267294423893967,0.5267294423893862,0.4717585129281255,-0.4717585129281348,1.9806079821936818e-15,0.011570832906846198,0.09932832338181213,0.0,0.0,0.0,0.1,0.0,0
10,65,world,0.65,0.05500000000000001,3.8074999141693104,0.2888781176728562,-1.2551938611909732,0.5267294423893967,0.5267294423893862,0.4717585129281255,-0.4717585129281348,1.976166536507448e-15,0.011570832906806727,0.09932832338181673,0.0,0.0,0.0,0.1,0.0,0
10,66,world,0.66,0.05600000000000001,3.8074999141693104,0.288993826001946,-1.2542005779571577,0.5267294423893967,0.5267294423893862,0.4717585129281255,-0.4717585129281348,1.971725090821214e-15,0.011570832906767258,0.09932832338182133,0.0,0.0,0.0,0.1,0.0,0
10,67,world,0.67,0.05700000000000001,3.8074999141693104,0.28910953433103576,-1.253207294723342,0.5267294423893967,0.5267294423893862,0.4717585129281255,-0.47175851292813475,1.9672836451349796e-15,0.011570832906727786,0.09932832338182593,0.0,0.0,0.0,0.1,0.0,0
10,68,world,0.68,0.05800000000000001,3.8074999141693104,0.28922524266012556,-1.2522140114895264,0.5267294423893967,0.5267294423893862,0.4717585129281255,-0.47175851292813475,1.962842199448746e-15,0.011570832906688316,0.09932832338183052,0.0,0.0,0.0,0.1,0.0,0
10,69,world,0.6900000000000001,0.05900000000000001,3.8074999141693104,0.2893409509892153,-1.2512207282557106,0.5267294423893967,0.5267294423893862,0.4717585129281255,-0.47175851292813475,1.9584007537625122e-15,0.011570832906648846,0.09932832338183512,0.0,0.0,0.0,0.1,0.0,0
10,70,world,0.7000000000000001,0.060000000000000005,3.8074999141693104,0.2894566593183051,-1.250227445021895,0.5267294423893967,0.5267294423893862,0.4717585129281255,-0.47175851292813475,1.953959308076278e-15,0.011570832906609376,0.09932832338183972,0.0,0.0,0.0,0.1,0.0,0
10,71,world,0.71,0.061000000000000006,3.8074999141693104,0.28957236764739486,-1.2492341617880793,0.5267294423893967,0.5267294423893862,0.4717585129281255,-0.47175851292813475,1.9495178623900448e-15,0.011570832906569906,0.09932832338184433,0.0,0.0,0.0,0.1,0.0,0
10,72,world,0.72,0.062000000000000006,3.8074999141693104,0.28968807597648466,-1.2482408785542638,0.5267294423893968,0.5267294423893863,0.47175851292812554,-0.47175851292813475,1.9450764167038105e-15,0.011570832906530435,0.09932832338184891,0.0,0.0,0.0,0.1,0.0,0
10,73,world,0.73,0.063,3.8074999141693104,0.2898037843055744,-1.247247595320448,0.5267294423893966,0.5267294423893863,0.4717585129281256,-0.47175851292813475,1.9406349710175766e-15,0.011570832906490967,0.09932832338185352,0.0,0.0,0.0,0.1,0.0,0
10,74,world,0.74,0.064,3.8074999141693104,0.2899194926346642,-1.2462543120866325,0.5267294423893966,0.5267294423893863,0.4717585129281256,-0.4717585129281347,1.9361935253313423e-15,0.011570832906451495,0.09932832338185811,0.0,0.0,0.0,0.1,0.0,0
10,75,world,0.75,0.065,3.8074999141693104,0.29003520096375396,-1.2452610288528168,0.5267294423893966,0.5267294423893863,0.4717585129281256,-0.4717585129281347,1.9317520796451087e-15,0.011570832906412025,0.0993283233818627,0.0,0.0,0.0,0.1,0.0,0
10,76,world,0.76,0.066,3.8074999141693104,0.29015090929284376,-1.2442677456190012,0.5267294423893966,0.5267294423893863,0.4717585129281256,-0.4717585129281347,1.927310633958875e-15,0.011570832906372555,0.09932832338186731,0.0,0.0,0.0,0.1,0.0,0
10,77,world,0.77,0.067,3.8074999141693104,0.2902666176219335,-1.2432744623851857,0.5267294423893966,0.5267294423893863,0.4717585129281256,-0.47175851292813464,1.922869188272641e-15,0.011570832906333085,0.0993283233818719,0.0,0.0,0.0,0.1,0.0,0
10,78,world,0.78,0.068,3.8074999141693104,0.2903823259510233,-1.24228117915137,0.5267294423893965,0.5267294423893865,0.4717585129281257,-0.47175851292813475,1.918427742586407e-15,0.011570832906293614,0.09932832338187651,0.0,0.0,0.0,0.1,0.0,0
10,79,world,0.79,0.069,3.8074999141693104,0.29049803428011306,-1.2412878959175544,0.5267294423893965,0.5267294423893865,0.4717585129281257,-0.4717585129281347,1.913986296900173e-15,0.011570832906254144,0.09932832338188109,0.0,0.0,0.0,0.1,0.0,0
10,80,world,0.8,0.07,3.807499914169311,0.29061374260920286,-1.2402946126837386,0.5267294423893965,0.5267294423893865,0.4717585129281257,-0.4717585129281347,1.909544851213939e-15,0.011570832906214674,0.0993283233818857,0.0,0.0,0.0,0.1,0.0,0
10,81,world,0.81,0.07100000000000001,3.807499914169311,0.2907294509382926,-1.239301329449923,0.5267294423893965,0.5267294423893865,0.4717585129281257,-0.4717585129281347,1.9051034055277053e-15,0.011570832906175202,0.0993283233818903,0.0,0.0,0.0,0.1,0.0,0
10,82,world,0.8200000000000001,0.07200000000000001,3.807499914169311,0.2908451592673824,-1.2383080462161073,0.5267294423893965,0.5267294423893865,0.4717585129281257,-0.47175851292813464,1.900661959841471e-15,0.011570832906135732,0.0993283233818949,0.0,0.0,0.0,0.1,0.0,0
10,83,world,0.8300000000000001,0.07300000000000001,3.807499914169311,0.29096086759647216,-1.2373147629822918,0.5267294423893965,0.5267294423893865,0.4717585129281257,-0.47175851292813464,1.896220514155237e-15,0.011570832906096264,0.0993283233818995,0.0,0.0,0.0,0.1,0.0,0
10,84,world,0.84,0.07399999999999998,3.807499914169311,0.29107657592556196,-1.236321479748476,0.5267294423893966,0.5267294423893866,0.47175851292812576,-0.47175851292813464,1.8917790684690035e-15,0.011570832906056792,0.09932832338190409,0.0,0.0,0.0,0.1,0.0,0
10,85,world,0.85,0.07499999999999998,3.807499914169311,0.2911922842546517,-1.2353281965146605,0.5267294423893966,0.5267294423893866,0.47175851292812576,-0.47175851292813464,1.8873376227827696e-15,0.011570832906017323,0.0993283233819087,0.0,0.0,0.0,0.1,0.0,0
10,86,world,0.86,0.07599999999999998,3.807499914169311,0.2913079925837415,-1.2343349132808448,0.5267294423893966,0.5267294423893866,0.47175851292812576,-0.47175851292813464,1.8828961770965353e-15,0.011570832905977851,0.09932832338191327,0.0,0.0,0.0,0.1,0.0,0
10,87,world,0.87,0.07699999999999999,3.807499914169311,0.29142370091283126,-1.2333416300470292,0.5267294423893966,0.5267294423893866,0.47175851292812576,-0.4717585129281346,1.8784547314103018e-15,0.011570832905938381,0.09932832338191788,0.0,0.0,0.0,0.1,0.0,0
10,88,world,0.88,0.07799999999999999,3.807499914169311,0.29153940924192107,-1.2323483468132135,0.5267294423893963,0.5267294423893866,0.4717585129281258,-0.47175851292813464,1.874013285724068e-15,0.011570832905898911,0.09932832338192249,0.0,0.0,0.0,0.1,0.0,0
10,89,world,0.89,0.07899999999999999,3.807499914169311,0.2916551175710108,-1.231355063579398,0.5267294423893963,0.5267294423893866,0.4717585129281258,-0.4717585129281346,1.869571840037834e-15,0.011570832905859441,0.09932832338192708,0.0,0.0,0.0,0.1,0.0,0
10,90,world,0.9,0.07999999999999999,3.807499914169311,0.2917708259001006,-1.2303617803455822,0.5267294423893963,0.5267294423893866,0.4717585129281258,-0.4717585129281346,1.8651303943515996e-15,0.01157083290581997,0.09932832338193168,0.0,0.0,0.0,0.1,0.0,0
10,91,world,0.91,0.08099999999999999,3.807499914169311,0.29188653422919036,-1.2293684971117667,0.5267294423893963,0.5267294423893866,0.4717585129281258,-0.4717585129281346,1.8606889486653657e-15,0.0115708329057805,0.09932832338193627,0.0,0.0,0.0,0.1,0.0,0
10,92,world,0.92,0.08199999999999999,3.807499914169311,0.29200224255828017,-1.2283752138779511,0.5267294423893963,0.5267294423893866,0.4717585129281258,-0.47175851292813453,1.8562475029791326e-15,0.011570832905741032,0.09932832338194088,0.0,0.0,0.0,0.1,0.0,0
10,93,world,0.93,0.08299999999999999,3.807499914169311,0.2921179508873699,-1.2273819306441354,0.5267294423893963,0.5267294423893866,0.4717585129281258,-0.47175851292813453,1.8518060572928983e-15,0.011570832905701559,0.09932832338194547,0.0,0.0,0.0,0.1,0.0,0
10,94,world,0.9400000000000001,0.08399999999999999,3.807499914169311,0.2922336592164597,-1.2263886474103198,0.5267294423893963,0.5267294423893866,0.4717585129281258,-0.4717585129281345,1.847364611606664e-15,0.01157083290566209,0.09932832338195008,0.0,0.0,0.0,0.1,0.0,0
10,95,world,0.9500000000000001,0.08500000000000002,3.807499914169311,0.29234936754554947,-1.225395364176504,0.5267294423893963,0.5267294423893866,0.4717585129281258,-0.4717585129281345,1.84292316592043e-15,0.01157083290562262,0.09932832338195467,0.0,0.0,0.0,0.1,0.0,0
10,96,world,0.96,0.08600000000000002,3.807499914169311,0.29246507587463927,-1.2244020809426885,0.5267294423893963,0.5267294423893866,0.4717585129281258,-0.4717585129281345,1.838481720234196e-15,0.011570832905583148,0.09932832338195927,0.0,0.0,0.0,0.1,0.0,0
10,97,world,0.97,0.08700000000000002,3.807499914169311,0.292580784203729,-1.2234087977088728,0.5267294423893965,0.5267294423893867,0.4717585129281259,-0.4717585129281345,1.8340402745479627e-15,0.011570832905543678,0.09932832338196386,0.0,0.0,0.0,0.1,0.0,0
10,98,world,0.98,0.08800000000000002,3.807499914169311,0.2926964925328188,-1.2224155144750573,0.5267294423893962,0.5267294423893867,0.47175851292812593,-0.47175851292813453,1.8295988288617283e-15,0.01157083290550421,0.09932832338196845,0.0,0.0,0.0,0.1,0.0,0
10,99,world,0.99,0.08900000000000002,3.807499914169311,0.29281220086190857,-1.2214222312412415,0.5267294423893962,0.5267294423893867,0.47175851292812593,-0.4717585129281345,1.825157383175495e-15,0.011570832905464741,0.09932832338197306,0.0,0.0,0.0,0.1,0.0,0
10,100,world,1.0,0.09000000000000002,3.8074999141693113,0.29292790919099837,-1.220428948007426,0.5267294423893962,0.5267294423893867,0.47175851292812593,-0.4717585129281345,1.8207159374892605e-15,0.011570832905425267,0.09932832338197767,0.0,0.0,0.0,0.1,0.0,0
10,101,world,1.01,0.09100000000000003,3.8074999141693113,0.2930436175200881,-1.2194356647736102,0.5267294423893962,0.5267294423893867,0.47175851292812593,-0.4717585129281345,1.8162744918030266e-15,0.011570832905385797,0.09932832338198226,0.0,0.0,0.0,0.1,0.0,0
10,102,world,1.02,0.09200000000000003,3.8074999141693113,0.2931593258491779,-1.2184423815397947,0.5267294423893962,0.5267294423893867,0.47175851292812593,-0.4717585129281344,1.8118330461167927e-15,0.011570832905346329,0.09932832338198685,0.0,0.0,0.0,0.1,0.0,0
10,103,world,1.03,0.09300000000000003,3.8074999141693113,0.2932750341782677,-1.217449098305979,0.5267294423893962,0.5267294423893867,0.47175851292812593,-0.4717585129281344,1.8073916004305588e-15,0.011570832905306857,0.09932832338199145,0.0,0.0,0.0,0.1,0.0,0
10,104,world,1.04,0.09400000000000003,3.8074999141693113,0.29339074250735747,-1.2164558150721634,0.5267294423893962,0.5267294423893867,0.47175851292812593,-0.47175851292813437,1.802950154744325e-15,0.011570832905267387,0.09932832338199604,0.0,0.0,0.0,0.1,0.0,0
10,105,world,1.05,0.09500000000000003,3.8074999141693113,0.2935064508364472,-1.2154625318383476,0.5267294423893962,0.5267294423893867,0.47175851292812593,-0.47175851292813437,1.7985087090580913e-15,0.011570832905227917,0.09932832338200065,0.0,0.0,0.0,0.1,0.0,0
10,106,world,1.06,0.09600000000000003,3.8074999141693113,0.293622159165537,-1.214469248604532,0.5267294423893962,0.5267294423893867,0.47175851292812593,-0.47175851292813437,1.794067263371857e-15,0.011570832905188448,0.09932832338200526,0.0,0.0,0.0,0.1,0.0,0
10,107,world,1.07,0.09700000000000003,3.8074999141693113,0.2937378674946268,-1.2134759653707163,0.5267294423893963,0.5267294423893868,0.471758512928126,-0.47175851292813437,1.789625817685623e-15,0.011570832905148976,0.09932832338200985,0.0,0.0,0.0,0.1,0.0,0
10,108,world,1.08,0.09800000000000003,3.8074999141693113,0.2938535758237166,-1.2124826821369008,0.5267294423893961,0.5267294423893868,0.471758512928126,-0.4717585129281344,1.7851843719993892e-15,0.011570832905109506,0.09932832338201444,0.0,0.0,0.0,0.1,0.0,0
10,109,world,1.09,0.09900000000000003,3.8074999141693113,0.2939692841528064,-1.211489398903085,0.5267294423893961,0.5267294423893868,0.471758512928126,-0.47175851292813437,1.7807429263131553e-15,0.011570832905070036,0.09932832338201904,0.0,0.0,0.0,0.1,0.0,0
10,110,world,1.1,0.10000000000000003,3.8074999141693113,0.2940849924818961,-1.2104961156692695,0.5267294423893961,0.5267294423893868,0.471758512928126,-0.47175851292813437,1.7763014806111018e-15,0.011570832905030562,0.09932832338202363,-0.007101820113397202,3.5399266880900306e-09,-3.912148386311434e-10,0.1,0.0,1
10,111,world,1.11,0.10100000000000003,3.8074999141693113,0.2942003013100562,-1.2095027860053829,0.526762944520784,0.5267629444832536,0.47172110434419734,-0.47172110437780623,7.1246507676413245e-12,0.011491623543398995,0.09933751853321482,-0.014203643626849744,-3.541592031559535e-09,3.916533777139082e-10,0.1,0.0,1
10,112,world,1.12,0.10200000000000004,3.8074999141693113,0.294314838767625,-1.2085093670991653,0.5267964439551439,0.526796443992676,0.47168369341359934,-0.47168369337999383,-7.12453793741708e-12,0.011416558890041385,0.09934617346989374,-0.01420365014042282,-4.175362847297803e-09,4.623385023719028e-10,0.1,0.0,1
10,113,world,1.1300000000000001,0.10300000000000004,3.8074999141693118,0.29442864630528215,-1.207515864305054,0.5268299408001769,0.5268299408069047,0.4716462800402209,-0.47164628003419784,-1.2770363772903493e-12,0.011345639637828718,0.0993542976484084,-0.014203656080926523,1.5675988337933093e-09,-1.7380541508947095e-10,0.1,0.0,1
10,114,world,1.1400000000000001,0.10400000000000004,3.8074999141693113,0.29454176538004145,-1.2065222828854991,0.5268634349789288,0.5268634349998463,0.47160886429329735,-0.47160886427457366,-3.970165079872355e-12,0.01127886637485151,0.09936190000849543,-0.014203661448302568,4.174982595910614e-09,-4.6350423655168143e-10,0.1,0.0,1
10,115,world,1.1500000000000001,0.10500000000000004,3.8074999141693118,0.29465423745439107,-1.205528628016148,0.5268969265486952,0.5268969265111579,0.47157144612187274,-0.47157144615546853,7.124205696998817e-12,0.01121623960704491,0.09936898897079188,-0.014203666242573344,-7.22281958895342e-09,8.029049674359282e-10,0.1,0.0,1
10,116,world,1.16,0.10600000000000001,3.8074999141693118,0.2947661039955083,-1.2045349047910419,0.5269304153748815,0.5269304154723891,0.4715340256467392,-0.47153402555948276,-1.8504796290874547e-11,0.01115775976631809,0.09937557243607271,-0.014203670463780108,-9.668654798214383e-11,1.0760836702361753e-11,0.1,0.0,1
10,117,world,1.17,0.10700000000000001,3.8074999141693113,0.29487740647440847,-1.2035411182278002,0.5269639016872493,0.5269639016507325,0.4714966026626162,-0.47149660269528926,6.929645670755818e-12,0.01110342722264864,0.09938165778407676,-0.014203674111859006,4.168554404576443e-09,-4.645867040043332e-10,0.1,0.0,1
10,118,world,1.18,0.10800000000000001,3.807499914169312,0.294988186365087,-1.2025472732728046,0.5269973852378155,0.526997385291127,0.47145917739173965,-0.47145917734404647,-1.0116077254688644e-11,0.011053242278041206,0.0993872518743874,-0.014203677186835423,9.648393227946742e-11,-1.077193893264522e-11,0.1,0.0,1
10,119,world,1.19,0.10900000000000001,3.8074999141693113,0.2950984851455149,-1.2015533748065848,0.5270308662273274,0.5270308661897827,0.4714217496548375,-0.4714217496884207,7.123798633257176e-12,0.011007205180915842,0.09939236104502812,-0.01420367968873136,8.839334849376156e-09,-9.876904882758577e-10,0.1,0.0,1
10,120,world,1.2,0.11000000000000001,3.8074999141693118,0.2952083442951473,-1.2005594276488152,0.5270643445199408,0.5270643444795012,0.4713843195737749,-0.4713843196099423,7.672582331347234e-12,0.010965316122945483,0.09939699111303055,-0.014203681617502415,-5.0781212739043234e-09,5.68151083647157e-10,0.1,0.0,1
10,121,world,1.21,0.11100000000000002,3.807499914169311,0.29531780529518503,-1.1995654365636164,0.5270978201282892,0.527097820144607,0.4713468871375756,-0.4713468871229837,-3.095792573641161e-12,0.010927575258707453,0.09940114737247899,-0.014203682973206861,-1.3013851151614911e-08,1.457881043015832e-09,0.1,0.0,1
10,122,world,1.22,0.11200000000000002,3.807499914169311,0.29542690962815,-1.198571406264778,0.5271312930684097,0.5271312931660235,0.4713094523322289,-0.47130945224495224,-1.851785185856135e-11,0.010893982701100808,0.09940483459524552,-0.014203683755780877,1.5382500880386815e-09,-1.725536386249994e-10,0.1,0.0,1
10,123,world,1.23,0.11300000000000002,3.8074999141693113,0.2955356987772757,-1.197577341420958,0.527164763440506,0.5271647634405059,0.4712720150684904,-0.4712720150684904,0.0,0.010864538534804728,0.09940805702972844,-0.01420368396523278,2.1221940942642343e-09,-2.383565575157888e-10,0.1,0.0,1
10,124,world,1.24,0.11400000000000002,3.8074999141693113,0.2956442142266873,-1.1965832466609674,0.5271982310672426,0.5271982311423518,0.4712345755052464,-0.47123457543811026,-1.4246776089023096e-11,0.010839242797295449,0.09941081840313598,-0.014203683601615306,-2.2492285887265478e-10,2.529365614357026e-11,0.1,0.0,1
10,125,world,1.25,0.11500000000000002,3.8074999141693118,0.2957524974610485,-1.195589126578994,0.527231696107378,0.5272316961097645,0.4711971335009206,-0.47119713349878756,-4.5267431640168664e-13,0.010818095505870907,0.09941312191871784,-0.01420368266487295,9.4276392565456e-09,-1.0615480752373871e-09,0.1,0.0,1
10,126,world,1.26,0.11600000000000002,3.8074999141693118,0.2958605899647314,-1.1945949857397722,0.5272651584627729,0.527265158437846,0.47115968914358036,-0.4711596891658548,4.7275436437260725e-12,0.010801096644076236,0.09941497025742818,-0.014203681155050107,1.6935397585727088e-09,-1.9093615641703975e-10,0.1,0.0,1
10,127,world,1.27,0.11700000000000002,3.807499914169311,0.29596853322187183,-1.1936008286838484,0.5272986181362871,0.5272986181207008,0.4711222424310065,-0.4711222424449322,2.9558423665251503e-12,0.010788246181930904,0.09941636557588522,-0.014203679072116263,-2.3488600032914063e-09,2.65149014747642e-10,0.1,0.0,1
10,128,world,1.28,0.11800000000000002,3.8074999141693113,0.2960763687161001,-1.192606659932809,0.527332075141607,0.5273320751416068,0.47108479335131026,-0.47108479335131026,0.0,0.010779544057023875,0.0994173095085694,-0.01420367641606308,-2.4036828164317296e-09,2.7168822838467135e-10,0.1,0.0,1
10,129,world,1.29,0.11900000000000002,3.8074999141693118,0.29618413793046333,-1.1916124839945272,0.5273655294831684,0.5273655294930939,0.47104734190087444,-0.47104734189200875,-1.8820945447779267e-12,0.010774990203577344,0.09941780316478943,-0.014203673186923874,2.2511992346018734e-10,-2.546574071296566e-11,0.1,0.0,1
10,130,world,1.3,0.12000000000000002,3.8074999141693118,0.2962918823472188,-1.190618305368397,0.5273989811677449,0.5273989811653551,0.4710098880739977,-0.471009888076132,4.531293956502574e-13,0.010774584512196109,0.09941784713314579,-0.014203669384684751,7.883083101705793e-10,-8.931466707384417e-11,0.1,0.0,1
10,131,world,1.31,0.12100000000000002,3.8074999141693104,0.2963996434474037,-1.189624128550539,0.527432430174568,0.5274324301761261,0.47097243188957777,-0.4709724318881865,-2.953954970494235e-13,0.010778326868457836,0.09941744147742226,-0.014203665009329073,8.26978210915564e-09,-9.38316094647192e-10,0.1,0.0,1
10,132,world,1.32,0.12200000000000003,3.8074999141693118,0.29650746271078904,-1.1886299580390491,0.5274658765581016,0.5274658764679112,0.47093497329933376,-0.47093497337985807,1.709860253659424e-11,0.010786217137215746,0.09941658573834064,-0.014203660060890145,9.83470252989302e-09,-1.1172923734912394e-09,0.1,0.0,1
10,133,world,1.33,0.12300000000000003,3.8074999141693113,0.2966153816158049,-1.1876357983392443,0.5274993202294453,0.5274993201265802,0.4708975123829951,-0.47089751247482264,1.950027615502851e-11,0.010798255163628475,0.0994152789334777,-0.01420365453935408,-1.1391052028851462e-08,1.295749623069528e-09,0.1,0.0,1
10,134,world,1.34,0.12400000000000003,3.8074999141693118,0.2967234416392675,-1.1866416539688844,0.5275327611534729,0.5275327611842292,0.47086004917225033,-0.4708600491447983,-5.830121486485304e-12,0.01081444077107374,0.0994135195574975,-0.014203648444720893,-7.931011429839939e-09,9.032968847751975e-10,0.1,0.0,1
10,135,world,1.35,0.12500000000000003,3.8074999141693113,0.2968316842558418,-1.185647529463368,0.5275661994933342,0.5275661994746795,0.4708225835218217,-0.4708225835384698,3.5359196901222227e-12,0.010834773763599996,0.09941130558186834,-0.02422891774134624,6.167039161950556e-09,-7.039036089598393e-10,0.1,0.0,1
10,136,world,1.36,0.12600000000000003,3.807499914169311,0.2969401509380364,-1.184653429380983,0.5276468299949388,0.5276468299601988,0.4707322198448214,-0.47073221987581426,6.583879554981801e-12,0.01085925390882176,0.09940863445668963,-0.06150033254090155,1.5370955478165497e-09,-1.762395895963818e-10,0.1,0.0,1
10,137,world,1.37,0.12700000000000003,3.807499914169311,0.2970488831567065,-1.183659358308217,0.5278556571673629,0.5278556571323645,0.47049803952854913,-0.4704980395597446,6.630204586140602e-12,0.010887880973433671,0.09940550310676136,-0.08874744861205985,-1.2999653061816869e-08,1.498656950977192e-09,0.1,0.0,1
10,138,world,1.3800000000000001,0.12800000000000003,3.8074999141693113,0.29715792237944166,-1.1826653208648354,0.5280643849157328,0.5280643850191676,0.4702637614916399,-0.4702637613995268,-1.958715753679429e-11,0.010920654671454337,0.09940190793715603,-0.08874932625878798,-6.430254395973386e-09,7.470913758044654e-10,0.1,0.0,1
10,139,world,1.3900000000000001,0.12900000000000003,3.8074999141693113,0.29726731007110785,-1.1816713217091954,0.5282730130372861,0.5282730130706556,0.47002938598861516,-0.47002938595892474,-6.316568033632863e-12,0.010957574702853435,0.09939784482890657,-0.08875106415517477,6.559428861879503e-09,-7.680024292223071e-10,0.1,0.0,1
10,140,world,1.4000000000000001,0.13000000000000003,3.807499914169311,0.2973770876933227,-1.1806773655434446,0.5284815410168419,0.528481541050554,0.46979491355348557,-0.46979491352351704,-6.378908479439339e-12,0.010998640721196279,0.09939330914244704,-0.0887526622847929,2.9676848211411492e-09,-3.5013385680054443e-10,0.1,0.0,1
10,141,world,1.41,0.131,3.8074999141693113,0.2974872967040827,-1.1796834571187385,0.5286899685306387,0.5286899685324371,0.46956034455101886,-0.4695603445494215,-3.4016422169931353e-13,0.01104385234450157,0.09938829571631082,-0.08875412063252142,6.370926845397263e-09,-7.573914712783134e-10,0.1,0.0,1
10,142,world,1.42,0.132,3.807499914169311,0.29759797855734776,-1.1786896012404526,0.5288982951900986,0.5288982951559714,0.46932567940487174,-0.4693256794351551,6.452303337601002e-12,0.011093209148640044,0.09938279886773431,-0.08875543918459634,3.6964963724830146e-09,-4.4277642925650247e-10,0.1,0.0,1
10,143,world,1.43,0.133,3.807499914169311,0.29770917470257835,-1.1776958027733921,0.5291065206031736,0.529106520565577,0.46909091854294116,-0.4690909185762733,7.105435776629805e-12,0.01114671065501806,0.09937681239390458,-0.08875661792856343,-6.40040882173402e-09,7.724155663372364e-10,0.1,0.0,1
10,144,world,1.44,0.134,3.807499914169311,0.2978209265842211,-1.1767020666469958,0.5293146443753435,0.5293146444094375,0.4688560623964637,-0.46885606236626376,-6.440945977112496e-12,0.011204356335247174,0.09937032957132028,-0.08875765685327203,-3.5268625987445362e-09,4.2880982177582594e-10,0.1,0.0,1
10,145,world,1.45,0.135,3.807499914169311,0.2979332756411365,-1.1757083978605358,0.5295226662245616,0.5295226662245616,0.46862111129827644,-0.46862111129827644,0.0,0.011266145603892011,0.09936334315647752,-0.08875855594887999,-3.2987505950478973e-10,4.041767451837398e-11,0.1,0.0,1
10,146,world,1.46,0.136,3.8074999141693113,0.29804626330596756,-1.1747148014883102,0.5297305856902017,0.5297305857278437,0.46838606574060776,-0.46838606570732494,-7.105556707876678e-12,0.01133207780213296,0.09935584538760872,-0.08875931520690519,3.3096224554514635e-09,-4.0835951097913515e-10,0.1,0.0,1
10,147,world,1.47,0.137,3.807499914169311,0.29815993100444116,-1.1737212826848313,0.5299384024922374,0.5299384024568936,0.4681509260570659,-0.4681509260882889,6.6691311302914e-12,0.011402152205193417,0.09934782798375415,-0.08875993462017563,4.951623095578801e-10,-6.154244589339114e-11,0.1,0.0,1
10,148,world,1.48,0.138,3.8074999141693113,0.29827432015459926,-1.172727846690006,0.5301461161344516,0.5301461161668325,0.46791569277356243,-0.4679156927449826,-6.1076163870349546e-12,0.01147636799597856,0.09933928214770268,-0.0887604141828154,-6.548665248423874e-09,8.1981376904843e-10,0.1,0.0,1
10,149,world,1.49,0.139,3.8074999141693113,0.29838947216595707,-1.1717344988343046,0.5303537263500531,0.5303537263846858,0.46768036621449965,-0.4676803661839595,-6.529832270936497e-12,0.011554724284322974,0.09933019856374636,-0.08876075389032811,3.360820396968833e-09,-4.2378328637574127e-10,0.1,0.0,1
10,150,world,1.5,0.14,3.8074999141693113,0.2985054284385797,-1.1707412445439283,0.5305612327573024,0.5305612327537637,0.46744494680707777,-0.4674449468101954,6.669139622025773e-13,0.011637220074571275,0.09932056740139979,-0.08876095373946635,6.76379874327991e-09,-8.589519113645054e-10,0.1,0.0,1
10,151,world,1.51,0.14100000000000001,3.8074999141693104,0.2986222303620768,-1.169748089345959,0.530768634965449,0.530768634927732,0.4672094349875882,-0.4672094350207886,7.105776507079853e-12,0.01172385426479848,0.09931037831555053,-0.08876101372833721,6.717946526343301e-09,-8.591767315566653e-10,0.1,0.0,1
10,152,world,1.52,0.14200000000000002,3.8074999141693104,0.2987399193145084,-1.1687550388735022,0.5309759326104074,0.5309759325349437,0.4669738311699978,-0.46697383123636554,1.4211634109545655e-11,0.01181462564607555,0.09929962044662152,-0.08876093385641054,-6.541595902396377e-09,8.42540037347917e-10,0.1,0.0,1
10,153,world,1.53,0.14300000000000002,3.807499914169311,0.29885853666119744,-1.1677620988708186,0.5311831252504399,0.5311831252827631,0.46673813583771157,-0.4667381358093099,-6.084871125853641e-12,0.011909532883043326,0.09928828242299144,-0.08876071412441074,-4.677173152307918e-09,6.066259403098627e-10,0.1,0.0,1
10,154,world,1.54,0.14400000000000002,3.807499914169311,0.2989781237534458,-1.1667692751984402,0.5313902126745644,0.5313902126491662,0.4665023492725155,-0.46650234929481244,4.779382250263802e-12,0.012008574502355427,0.09927635236259126,-0.08876035453443065,5.887854866281892e-09,-7.689627722858166e-10,0.1,0.0,1
10,155,world,1.55,0.14500000000000002,3.807499914169311,0.29909872192714865,-1.1657765738382722,0.5315971944080423,0.5315971943772598,0.46626647198921883,-0.4662664720162183,5.790303874493613e-12,0.012111748892343573,0.09926381787322516,-0.08875985508985917,-3.6963742479825655e-09,4.860890106976432e-10,0.1,0.0,1
10,156,world,1.56,0.14600000000000002,3.8074999141693104,0.2992203725013023,-1.1647840008986805,0.531804070086716,0.5318040701009514,0.4660305044065746,-0.46603050439409993,-2.6766878156857075e-12,0.012219054283868392,0.09925066605523551,-0.0887592157954314,-8.285431762785948e-09,1.0970586991580918e-09,0.1,0.0,1
10,157,world,1.57,0.14700000000000002,3.807499914169311,0.2993431167764014,-1.1637915626195603,0.5320108393719221,0.5320108394300439,0.46579444692220695,-0.46579444687131927,-1.0924484826481622e-11,0.012330488742172319,0.09923688350295551,-0.08875843665718143,3.948927814769317e-09,-5.26440071823739e-10,0.1,0.0,1
10,158,world,1.58,0.14800000000000002,3.8074999141693104,0.2994669960327221,-1.1627992653773853,0.5322175019644463,0.532217501936287,0.4655582999004999,-0.46555829992513226,5.290723935232531e-12,0.012446050160969864,0.09922245630597251,-0.08875751768245065,-4.7305887645493426e-09,6.349088755699526e-10,0.1,0.0,1
10,159,world,1.59,0.14900000000000002,3.8074999141693104,0.2995920515284845,-1.1618071156902383,0.5324240573244583,0.5324240574334504,0.4653220639175157,-0.4653220638222599,-2.0470226064595422e-11,0.012565736230050712,0.0992073700538261,-0.08875645887997365,-1.2414459980165574e-09,1.6773806769868545e-10,0.1,0.0,1
10,160,world,1.6,0.15000000000000002,3.8074999141693113,0.2997183244978929,-1.1608151202228165,0.5326305053318401,0.5326305053170037,0.46508573918346063,-0.46508573919641544,2.7853739031520995e-12,0.012689544456792807,0.09919160983409374,-0.08875526025973146,8.9278540735603e-09,-1.2143815326760191e-09,0.1,0.0,1
10,161,world,1.61,0.15100000000000002,3.8074999141693104,0.2998458561490468,-1.1598232857914141,0.5328368454186242,0.532836845431683,0.4648493263011863,-0.4648493262897938,-2.4507202412938453e-12,0.012817472109897596,0.09917516024041503,-0.08875392183304825,-1.3798602962169055e-09,1.8894333025175575e-10,0.1,0.0,1
10,162,world,1.62,0.15200000000000002,3.807499914169311,0.29997468766172136,-1.158831619368877,0.5330430773202472,0.5330430773202472,0.46461282560962625,-0.46461282560962625,0.0,0.01294951624947659,0.09915800536973575,-0.08875244361259456,4.339870699684816e-09,-5.981743664105103e-10,0.1,0.0,1
10,163,world,1.6300000000000001,0.15300000000000002,3.807499914169311,0.3001048601850092,-1.1578401280895299,0.5332492006663435,0.5332492006326901,0.4643762375413303,-0.464376237570637,6.3108511765480715e-12,0.01308567368370931,0.09914012882906437,-0.08875082561235356,-2.775557925933911e-15,1.1102231703735645e-14,0.1,0.0,1
10,164,world,1.6400000000000001,0.15400000000000003,3.8074999141693104,0.30023641483482383,-1.1568488192540696,0.5334552150534966,0.5334552150534967,0.46413956255874994,-0.46413956255874994,0.0,0.013225940959767982,0.09912151373808177,-0.08874906784758536,-3.1251783045e-09,4.364065238081715e-10,0.1,0.0,1
10,165,world,1.6500000000000001,0.15500000000000003,3.807499914169311,0.30036939269125673,-1.1558577003344297,0.5336611201734442,0.5336611201734442,0.46390280104265885,-0.46390280104265885,0.0,0.013370314365229228,0.0991021427304927,-0.08874717033488776,5.919238099520431e-10,-8.320289994482116e-11,0.1,0.0,1
10,166,world,1.6600000000000001,0.15600000000000003,3.807499914169311,0.30050383479578663,-1.154866778978603,0.533866915654536,0.5338669156481538,0.46366595343021433,-0.4636659534357573,1.1954568425698068e-12,0.013518789889203726,0.09908199796093922,-0.11971796918088616,6.9469474558328805e-09,-9.848346714745993e-10,0.1,0.0,1
10,167,world,1.67,0.157,3.8074999141693113,0.3006397785763803,-1.1538760625237132,0.5342161126586676,0.5342161125837022,0.4632635804655847,-0.46326358053059363,1.4032643598786615e-11,0.013670136681457688,0.09906123037349307,-0.15518822524828965,-8.354090219970159e-09,1.1949168676860325e-09,0.1,0.0,1
10,168,world,1.68,0.158,3.8074999141693104,0.30077724046868437,-1.1528855555670128,0.5345858274188161,0.5345858275026538,0.462836896878065,-0.4628368968054795,-1.568254452484093e-11,0.013822387886311297,0.09904010093452226,-0.1596866987785457,-7.746487302043623e-09,1.1202710191101812e-09,0.1,0.0,1
10,169,world,1.69,0.159,3.807499914169311,0.30091622926341777,-1.1518952617138154,0.5349552014996162,0.5349552015082896,0.4624099181325288,-0.46240991812503157,-1.6213053096220539e-12,0.01397551756126584,0.09901860890203795,-0.1596866987785574,6.872438874421093e-09,-1.0050853313517004e-09,0.1,0.0,1
10,170,world,1.7,0.16000000000000003,3.8074999141693113,0.30105675374701035,-1.150905184611831,0.5353242345105687,0.5353242345201598,0.46198264463544875,-0.46198264462717153,-1.79164034920364e-12,0.014129525622418064,0.09899674997536755,-0.1596866987785546,-4.587498998577038e-09,6.784020675162447e-10,0.1,0.0,1
10,171,world,1.71,0.16100000000000003,3.807499914169311,0.3011988227039506,-1.1499153279517844,0.5356929262305269,0.5356929262888965,0.4615550766468931,-0.4615550765966016,-1.0895966642021487e-11,0.01428441195342331,0.09897451982780668,-0.1596866987785568,7.62604193047064e-09,-1.140174550843096e-09,0.1,0.0,1
10,172,world,1.72,0.16200000000000003,3.807499914169311,0.30134244491279444,-1.1489256954671325,0.5360612765384886,0.5360612764654237,0.461127214341239,-0.4611272144040903,1.3629755786383903e-11,0.014440176419413132,0.09895191410466109,-0.15968669877854572,1.3823451041246091e-08,-2.0893323735602775e-09,0.1,0.0,1
10,173,world,1.73,0.16300000000000003,3.807499914169311,0.30148762915854854,-1.1479362909361608,0.5364292850530455,0.536429284961505,0.460699058117514,-0.46069905819613133,1.7064579645099336e-11,0.014596818845453092,0.09892892842638612,-0.15968669877852906,-1.0441291161637226e-09,1.5952801420736528e-10,0.1,0.0,1
10,174,world,1.74,0.16400000000000003,3.807499914169311,0.3016343842165425,-1.1469471181799515,0.5367969515719782,0.5367969515101528,0.4602706082206634,-0.4602706082736749,1.1517311616215658e-11,0.014754339026899755,0.09890555838717713,-0.15968669877855127,-1.488329814656105e-08,2.298165413245749e-09,0.1,0.0,1
10,175,world,1.75,0.16500000000000004,3.8074999141693104,0.3017827188631025,-1.1459581810642347,0.5371642758338786,0.5371642759040031,0.45984186494685425,-0.4598418648868239,-1.3054384391141736e-11,0.014912736730419327,0.09888179955486856,-0.1596866987785513,-2.172957182872925e-09,3.3907890917351576e-10,0.1,0.0,1
10,176,world,1.76,0.16600000000000004,3.807499914169311,0.3019326418756182,-1.1449694834997337,0.5375312577758666,0.5375312577376,0.4594128284228022,-0.4594128284555075,7.118854587239323e-12,0.015072011692629245,0.0988576474711858,-0.1596866987785568,6.447620180174252e-09,-1.0166871668897959e-09,0.1,0.0,1
10,177,world,1.77,0.16700000000000004,3.807499914169311,0.3020841620203142,-1.1439810294406152,0.5378978969704937,0.5378978969704937,0.45898349908762526,-0.45898349908762526,0.0,0.015232163600122462,0.0988330976548803,-0.15968669877855404,-8.63508243302852e-09,1.3757528745584613e-09,0.1,0.0,1
10,178,world,1.78,0.16800000000000004,3.807499914169311,0.3022372880692346,-1.142992822887375,0.5382641932485844,0.5382641933043971,0.4585538771597202,-0.45855387711217266,-1.0368890731751114e-11,0.015393192122161434,0.09880814559685971,-0.15968669877853736,-5.823310976964618e-09,9.373145135686178e-10,0.1,0.0,1
10,179,world,1.79,0.16900000000000004,3.8074999141693113,0.30239202878440596,-1.142004867884724,0.5386301464094423,0.5386301464729819,0.4581239628850216,-0.45812396283097895,-1.1796368335115027e-11,0.015555096884817654,0.09878278676421282,-0.15968669877855682,5.372646279719931e-09,-8.735765826364387e-10,0.1,0.0,1
10,180,world,1.8,0.17000000000000004,3.8074999141693113,0.3025483929253205,-1.1410171685230315,0.5389957562327584,0.5389957562299698,0.45769375652667155,-0.4576937565290396,5.173761399637986e-13,0.015717877476802294,0.09875701659945096,-0.15968669877855957,9.158708242902289e-09,-1.5042029575409697e-09,0.1,0.0,1
10,181,world,1.81,0.17100000000000004,3.8074999141693113,0.30270638925213283,-1.1400297289391566,0.5393610224321194,0.5393610223956246,0.4572632584042974,-0.4572632584352371,6.766190479010131e-12,0.01588153345594946,0.09873083051958775,-0.1596866987785457,1.6960884355528702e-10,-2.8127512282995334e-11,0.1,0.0,1
10,182,world,1.82,0.17200000000000004,3.807499914169311,0.3028660265110185,-1.1390425533144133,0.539725944758204,0.5397259447535557,0.4568324688062087,-0.45683246881014317,8.612383727442791e-13,0.01604606432677622,0.09870422391985542,-0.1596866987785457,-3.3366518184886776e-09,5.589586726488354e-10,0.1,0.0,1
10,183,world,1.83,0.17300000000000004,3.807499914169311,0.3030273134528706,-1.1380556458778694,0.5400905230247512,0.5400905230247512,0.45640138796770835,-0.45640138796770835,0.0,0.016211469571969925,0.09867719216879398,-0.15968669877854014,4.2117438561977934e-10,-7.125136844452072e-11,0.1,0.0,1
10,184,world,1.84,0.17400000000000004,3.8074999141693104,0.30319025881599765,-1.1370690109038584,0.540454756992705,0.5404547569834331,0.45597001616926575,-0.4559700161770882,1.715553461903321e-12,0.016377748623062034,0.09864973061311313,-0.15968669877854294,2.831205918369559e-09,-4.835800483561982e-10,0.1,0.0,1
10,185,world,1.85,0.17500000000000004,3.807499914169311,0.3033548713350347,-1.136082652713718,0.540818646429169,0.5408186463981021,0.4555383536864953,-0.4555383537126633,5.744356546577818e-12,0.016544900872847542,0.09862183457585673,-0.15968669877855404,9.229732015530034e-10,-1.591644160122723e-10,0.1,0.0,1
10,186,world,1.86,0.17600000000000005,3.8074999141693113,0.3035211597422529,-1.135096575676331,0.5411821910791835,0.5411821910597618,0.45510640081393244,-0.4551064008302651,3.5887258711855518e-12,0.01671292567645718,0.09859349935636336,-0.15968669877854294,-2.8296488299157637e-09,4.926228187349232e-10,0.1,0.0,1
10,187,world,1.87,0.17700000000000005,3.807499914169311,0.303689132754649,-1.1341107842062494,0.5415453907238221,0.5415453907238221,0.4546741578161034,-0.4546741578161034,0.0,0.01688182233671424,0.09856472023290899,-0.15968669877855682,-1.8899861936521176e-09,3.321427878793372e-10,0.1,0.0,1
10,188,world,1.8800000000000001,0.17800000000000005,3.8074999141693113,0.3038587990924453,-1.1331252827671223,0.5419082451444706,0.5419082451458207,0.45424162495771214,-0.45424162495658044,-2.4914070906076653e-13,0.017051590120848146,0.09853549246008057,-0.15968669877855124,-5.127367378204184e-09,9.095117416583391e-10,0.1,0.0,1
10,189,world,1.8900000000000001,0.17900000000000005,3.8074999141693104,0.30403016745915507,-1.1321400758685973,0.5422707540738866,0.5422707541303631,0.4538088025445974,-0.4538088024973341,-1.041472288002834e-11,0.017222228248758773,0.09850581127094815,-0.1596866987785318,9.637719721570524e-09,-1.725459398151909e-09,0.1,0.0,1
10,190,world,1.9000000000000001,0.18000000000000005,3.8074999141693118,0.30420324655500086,-1.1311551680689098,0.5426329174161147,0.5426329173112089,0.45337569073965905,-0.45337569082730916,1.9332614998042516e-11,0.01739373589649397,0.09847567187667733,-0.15968669877855401,6.6887884791943305e-09,-1.2085448893142846e-09,0.1,0.0,1
10,191,world,1.9100000000000001,0.18100000000000005,3.807499914169311,0.3043780450729488,-1.1301705639745134,0.5429947347075109,0.5429947346902471,0.452942290013608,-0.4529422900280087,3.1793364842342122e-12,0.01756611218565497,0.09844506946861781,-0.15968669877855068,-3.112489367875779e-09,5.674962913366757e-10,0.1,0.0,1
10,192,world,1.92,0.18200000000000002,3.807499914169312,0.30455457169035854,-1.1291862682388798,0.5433562059124513,0.5433562058417869,0.4525086004798052,-0.45250860053865466,1.3005078240302454e-11,0.01773935620165638,0.09841399921530858,-0.15968669877854513,-7.10640182294929e-10,1.3075102117893848e-10,0.1,0.0,1
10,193,world,1.93,0.18300000000000002,3.807499914169311,0.30473283508603466,-1.1282022855658373,0.5437173306726605,0.5437173306632311,0.45207462252130387,-0.452074622529144,1.734248009782023e-12,0.017913466971717553,0.09838245626661891,-0.15968669877855401,-9.164278789295811e-09,1.7011871369603959e-09,0.1,0.0,1
10,194,world,1.94,0.18400000000000002,3.8074999141693118,0.30491284391666823,-1.12721862070563,0.54407810882581,0.544078108856477,0.4516403563581782,-0.45164035633272137,-5.636483460484827e-12,0.018088443479960185,0.09835043575130864,-0.1596866987785457,-8.522963737679043e-10,1.5961128096960033e-10,0.1,0.0,1
10,195,world,1.95,0.18500000000000003,3.8074999141693113,0.3050946068372225,-1.1262352784588834,0.5444385401667176,0.5444385401667174,0.4512058022467504,-0.4512058022467504,0.0,0.018264284654855877,0.09831793277956162,-0.15968669877855401,7.1189834307229045e-09,-1.34504409264618e-09,0.1,0.0,1
10,196,world,1.96,0.18600000000000003,3.8074999141693113,0.30527813248886126,-1.1252522636747055,0.5447986244390107,0.5447986243907779,0.45077096048619797,-0.45077096052610627,8.853304663791368e-12,0.018440989380841908,0.09828494244112716,-0.1596866987785568,-6.589051551389201e-09,1.2558265324700792e-09,0.1,0.0,1
10,197,world,1.97,0.18700000000000003,3.8074999141693118,0.30546342949829675,-1.1242695812508272,0.5451583613195543,0.5451583613926889,0.45033583143107203,-0.45033583137065814,-1.3415245452131107e-11,0.018618556479182587,0.09825145980916258,-0.15968669877854294,-6.553041452281291e-09,1.259798357028691e-09,0.1,0.0,1
10,198,world,1.98,0.18800000000000003,3.8074999141693118,0.3056505064890762,-1.1232872361360169,0.5455177507488143,0.5455177507733229,0.44990041521838864,-0.44990041519817575,-4.49272717426855e-12,0.01879698473241288,0.09821747993595355,-0.15968669877855124,9.643875910858435e-09,-1.869988292922003e-09,0.1,0.0,1
10,199,world,1.99,0.18900000000000003,3.8074999141693113,0.30583937205975825,-1.1223052333262293,0.5458767924176346,0.5458767923836172,0.449464712191975,-0.44946471221998424,6.231678058361121e-12,0.018976272854283962,0.09818299785889494,-0.1596866987785568,4.01923387746913e-09,-7.860077043525919e-10,0.1,0.0,1
10,200,world,2.0,0.19000000000000003,3.807499914169311,0.30603003480754215,-1.1213235778693795,0.5462354860560059,0.5462354860358061,0.4490287226634136,-0.44902872268001864,3.6979841548503185e-12,0.019156419508835988,0.09814800859722773,-0.15968669877854347,-6.548830929670849e-09,1.291564626821339e-09,0.1,0.0,1
10,201,world,2.0100000000000002,0.19100000000000006,3.8074999141693118,0.3062225033078632,-1.1203422748617122,0.5465938314487889,0.5465938314876968,0.4485924468993995,-0.4485924468674676,-7.118234649399753e-12,0.01933742330781265,0.09811250715283178,-0.15968669877854014,-3.8110364407353855e-09,7.579412543619021e-10,0.1,0.0,1
10,202,world,2.02,0.19200000000000003,3.8074999141693118,0.30641678612523227,-1.1193613294501557,0.5469518284280535,0.5469518284503326,0.4481558851283832,-0.44815588511012827,-4.073350893966015e-12,0.019519282801288496,0.09807648851240203,-0.16047913701152058,4.886151915346739e-09,-9.7990824215415e-10,0.1,0.0,1
10,203,world,2.0300000000000002,0.19300000000000006,3.8074999141693113,0.3066128918070778,-1.1183807468313909,0.5473130246179765,0.5473130246023855,0.44771470054750867,-0.4477147005602624,2.8486381164489106e-12,0.019701987254452526,0.09803994950134048,-0.16595033298224524,4.645180818246774e-09,-9.395571969712833e-10,0.1,0.0,1
10,204,world,2.04,0.19400000000000003,3.807499914169312,0.30681082669793125,-1.1174005318098135,0.5476947911570931,0.5476947911274894,0.4472476000436336,-0.44724760006780806,5.405150473142323e-12,0.019884986520346416,0.09800299643932141,-0.17062909072001062,-4.471808428512988e-09,9.122262930604286e-10,0.1,0.0,1
10,205,world,2.05,0.195,3.807499914169312,0.30701059144699466,-1.116420688070005,0.5480761590136404,0.548076159048055,0.44678017403923265,-0.4467801740111786,-6.279154412323786e-12,0.020067959007362735,0.09796569308323609,-0.17062909072003363,1.025227622896857e-09,-2.109730081840856e-10,0.1,0.0,1
10,206,world,2.06,0.19600000000000004,3.807499914169312,0.30721218579092935,-1.1154412191170695,0.5484571280188323,0.5484571279777058,0.4463124227858256,-0.4463124228192926,7.49855335021652e-12,0.020250905167114815,0.09792803908948919,-0.17062909072001697,1.003890513788765e-08,-2.083587092482922e-09,0.1,0.0,1
10,207,world,2.07,0.197,3.807499914169312,0.3074156094644019,-1.1144621284582445,0.5488376978063045,0.548837697728224,0.44584434669652373,-0.445844346759952,1.4226548808514303e-11,0.0204338254388037,0.09789003410938471,-0.17062909072000035,-1.8857424779354252e-10,3.949065214828341e-11,0.1,0.0,1
10,208,world,2.08,0.19800000000000004,3.8074999141693118,0.30762086221396856,-1.1134834196058383,0.5492178680803665,0.5492178680412995,0.44537594612709347,-0.4453759461587742,7.1132472151900174e-12,0.02061672026294239,0.09785167778632914,-0.17062909072001975,-1.6305659185766444e-09,3.4423036693382097e-10,0.1,0.0,1
10,209,world,2.09,0.199,3.8074999141693118,0.30782794378720646,-1.1125050960750686,0.5495976386322008,0.5495976385723302,0.444907221363343,-0.444907221411809,1.0893504927326866e-11,0.020799590074723484,0.09781296975720279,-0.17062909072001697,-9.61633184520619e-09,2.0472827819614474e-09,0.1,0.0,1
10,210,world,2.1,0.20000000000000004,3.8074999141693113,0.30803685393308644,-1.111527161384188,0.549977009080631,0.5499770091496555,0.4444381728312184,-0.44443817277543946,-1.2550447070226935e-11,0.020982435300799167,0.09777390965307553,-0.1706290907200142,-9.049648758443265e-09,1.942796866855871e-09,0.1,0.0,1
10,211,world,2.11,0.201,3.8074999141693113,0.3082475924120915,-1.1105496190567206,0.550355979302375,0.550355979344302,0.4439688007485042,-0.443968800714682,-7.618146410616622e-12,0.0211652563758601,0.097734497095673,-0.17062909072000865,9.040325656070052e-09,-1.956932788376198e-09,0.1,0.0,1
10,212,world,2.12,0.20200000000000004,3.807499914169312,0.3084601589827728,-1.1095724726186724,0.5507345489673968,0.5507345489346338,0.44349910550081234,-0.44349910552719596,5.948965904097541e-12,0.021348053725200416,0.09769473170107976,-0.17062909072001975,4.1999507601147815e-09,-9.166560850781612e-10,0.1,0.0,1
10,213,world,2.13,0.203,3.807499914169312,0.30867455340785016,-1.1085957255998933,0.5511127177253279,0.5511127177199299,0.4430290874902635,-0.4430290874946028,9.794595563697567e-13,0.021530827761971974,0.09765461308040854,-0.17062909072002252,-4.430469254131606e-09,9.748900865346649e-10,0.1,0.0,1
10,214,world,2.14,0.20400000000000004,3.8074999141693113,0.3088907754613107,-1.1076193815357287,0.5514904853543124,0.5514904853715408,0.44255874701589876,-0.4425587470020735,-3.123927993830199e-12,0.02171357890384772,0.09761414083618408,-0.17062909072001423,2.092504963255514e-09,-4.641816962768322e-10,0.1,0.0,1
10,215,world,2.15,0.20500000000000002,3.8074999141693118,0.30910882491251834,-1.1066434439636035,0.5518678516114786,0.551867851582416,0.44208808439436303,-0.4420880844176443,5.266209301336297e-12,0.021896307566955774,0.09757331456363096,-0.170629090720017,-2.0173345013401388e-09,4.51122691612953e-10,0.1,0.0,1
10,216,world,2.16,0.20600000000000004,3.8074999141693113,0.3093287015374753,-1.1056679164255592,0.5522448161299808,0.5522448161700643,0.4416171000420877,-0.44161710001003396,-7.2582705074129e-12,0.022079014156893395,0.09753213385269341,-0.17062909072001697,-3.713439692420116e-09,8.370669333806614e-10,0.1,0.0,1
10,217,world,2.17,0.20700000000000002,3.8074999141693118,0.3095504051233378,-1.1046928024693865,0.5526213787412908,0.5526213787542609,0.4411457942171441,-0.44114579420679034,-2.3470262212229594e-12,0.022261699078121314,0.09749059828596383,-0.17062909072001142,-2.2914042901881915e-09,5.206171355607123e-10,0.1,0.0,1
10,218,world,2.18,0.20800000000000005,3.8074999141693118,0.30977393544990356,-1.1037181056445082,0.5529975390830602,0.5529975391491869,0.44067416733311354,-0.4406741672804182,-1.195789452164718e-11,0.02244436272905767,0.09744870743979363,-0.17062909072002808,-2.2079571116080578e-09,5.056374441322412e-10,0.1,0.0,1
10,219,world,2.19,0.20900000000000002,3.8074999141693118,0.30999929230666995,-1.102743829505907,0.5533732969622462,0.553373297000303,0.4402022196688707,-0.44020221963859696,-6.877218033742334e-12,0.022627005508281117,0.09740646088288096,-0.17062909072001378,5.82579545298837e-09,-1.3445945331295211e-09,0.1,0.0,1
10,220,world,2.2,0.21000000000000002,3.8074999141693118,0.3102264754919406,-1.1017699776140468,0.5537486520697309,0.5537486520697308,0.43972995159638173,-0.43972995159638173,0.0,0.022809627801861868,0.09736385817920595,-0.170629090720011,2.575055308387972e-09,-5.989517346316373e-10,0.1,0.0,1
10,221,world,2.21,0.211,3.8074999141693127,0.31045548479712615,-1.1007965535312891,0.5541236041038833,0.5541236041126919,0.43925736348194433,-0.4392573634749617,-1.5896364178522423e-12,0.02299222999766945,0.09732089888474249,-0.17062909072002808,-5.913494787816045e-09,1.3861196699576208e-09,0.1,0.0,1
10,222,world,2.22,0.21200000000000002,3.8074999141693118,0.3106863200248883,-1.0998235608261862,0.5544981527903544,0.5544981528577123,0.4387844556705751,-0.43878445561727364,-1.2147510582872824e-11,0.023174812483863293,0.09727758254776779,-0.17062909072001697,7.7353438996808e-10,-1.8270394070234068e-10,0.1,0.0,1
10,223,world,2.23,0.213,3.8074999141693118,0.31091898098285553,-1.0988510030721195,0.5548722979443499,0.55487229794435,0.4383112284370053,-0.4383112284370053,0.0,0.02335737563432394,0.09723390871232675,-0.17062909072000032,8.730628793074164e-09,-2.077894421161856e-09,0.1,0.0,1
10,224,world,2.24,0.21400000000000002,3.8074999141693118,0.31115346747490524,-1.097878883845276,0.5552460392130194,0.5552460391808072,0.43783768218943697,-0.4378376822148379,5.801441691537917e-12,0.023539919820877234,0.09718987691537978,-0.17062909072000587,6.150000162398223e-10,-1.4747932259622142e-10,0.1,0.0,1
10,225,world,2.25,0.215,3.8074999141693118,0.3113897793163895,-1.0969072067283683,0.5556193763132071,0.5556193763061794,0.43736381728122875,-0.4373638172867608,1.2648711937239342e-12,0.023722445414156516,0.09714548668657935,-0.17062909072001703,-1.5312897275420794e-09,3.6997922692676634e-10,0.1,0.0,1
10,226,world,2.2600000000000002,0.21600000000000003,3.8074999141693127,0.31162791632331976,-1.0959359753081266,0.5559923090183226,0.5559923090035848,0.4368896340216928,-0.4368896340332737,2.6507411132948377e-12,0.02390495278117754,0.09710073754884499,-0.1706290907200142,2.217183069419478e-09,-5.39701878614662e-10,0.1,0.0,1
10,227,world,2.27,0.217,3.8074999141693118,0.3118678783118866,-1.0949651931752238,0.5563648370454672,0.5563648370130384,0.4364151327650219,-0.4364151327904593,5.828686885154204e-12,0.02408744227968356,0.09705562901976843,-0.1706290907200198,2.167272969129176e-09,-5.314695708924378e-10,0.1,0.0,1
10,228,world,2.2800000000000002,0.21800000000000003,3.8074999141693118,0.3121096651101029,-1.0939948639272303,0.5567369601132459,0.5567369600736413,0.4359403138646301,-0.43594031389564164,7.11367560192789e-12,0.02426991426406526,0.09701016061019033,-0.17062909072001697,1.67825834729916e-09,-4.145824585842665e-10,0.1,0.0,1
10,229,world,2.29,0.219,3.8074999141693118,0.3123532765412153,-1.093024991164591,0.5571086779585405,0.5571086779068067,0.4354651776600506,-0.4354651777004885,9.286079904882269e-12,0.024452369084735193,0.09696433182435636,-0.17062909072002252,-6.903256318981754e-09,1.717848919568145e-09,0.1,0.0,1
10,230,world,2.3000000000000003,0.22000000000000003,3.807499914169312,0.3125987124341702,-1.0920555784932762,0.5574799902565559,0.5574799902962143,0.43498972453944484,-0.4349897245085004,-7.1138163585232436e-12,0.02463480708524688,0.09691814216065366,-0.17062909072002527,2.2524548720270396e-09,-5.64615295376188e-10,0.1,0.0,1
10,231,world,2.31,0.221,3.807499914169312,0.3128459726281506,-1.0910866295260446,0.5578508968931716,0.5578508968154606,0.4345139547270426,-0.434513954787572,1.3930295269415922e-11,0.024817228612726824,0.09687159110897092,-0.1706290907200134,6.897513687600528e-09,-1.7414383947304267e-09,0.1,0.0,1
10,232,world,2.32,0.22199999999999998,3.8074999141693118,0.313095056953828,-1.090118147877745,0.5582213974163553,0.5582213973766432,0.43403786871112704,-0.4340378687420046,7.113974105653777e-12,0.02499963399933805,0.09682467815541212,-0.17062909072000032,-3.303034449992945e-09,8.399340857330073e-10,0.1,0.0,1
10,233,world,2.33,0.223,3.8074999141693113,0.3133459652545408,-1.0891501371707848,0.5585914916531328,0.5585914916133942,0.433561466762849,-0.43356146679369306,7.114059281233613e-12,0.025182023572237956,0.09677740277981867,-0.17062909072001148,-3.4458092002394815e-09,8.824972815928562e-10,0.1,0.0,1
10,234,world,2.34,0.22399999999999998,3.8074999141693118,0.3135986973743448,-1.0881826010321656,0.5589611792952328,0.5589611792952328,0.4330847492591751,-0.4330847492591751,0.0,0.0253643976607376,0.09672976445390513,-0.17062909072002808,-7.013260045197169e-09,1.8088789250859442e-09,0.1,0.0,1
10,235,world,2.35,0.225,3.8074999141693113,0.3138532531562124,-1.087215543093058,0.5593304600927121,0.5593304601339429,0.43260771653220537,-0.4326077165003158,-7.371401809528217e-12,0.025546756584228614,0.09668176264439005,-0.17062909072001145,-3.44295037456386e-09,8.942767535999767e-10,0.1,0.0,1
10,236,world,2.36,0.22599999999999998,3.8074999141693113,0.31410963245644496,-1.0862489669926711,0.5596993337988544,0.5596993338386735,0.43213036891211093,-0.4321303688813674,-7.1143396777544205e-12,0.025729100662575267,0.09663339681029054,-0.17062909072001978,5.401218206774984e-09,-1.4127761377136032e-09,0.1,0.0,1
10,237,world,2.37,0.227,3.8074999141693113,0.3143678351222926,-1.0852828763724276,0.5600678001536803,0.5600678001324292,0.43165270673986217,-0.4316527067562407,3.794337560181483e-12,0.025911430202261942,0.09658466640659535,-0.17062909072002533,2.8379340437174433e-09,-7.474691162595808e-10,0.1,0.0,1
10,238,world,2.38,0.22799999999999998,3.8074999141693118,0.31462786101227247,-1.0843172748814074,0.5604358588145204,0.5604358588214976,0.4311747304205514,-0.43117473041518356,-1.244926060158533e-12,0.026093745507040106,0.096535570881483,-0.17062909072001145,3.6270670747505607e-09,-9.61953206462754e-10,0.1,0.0,1
10,239,world,2.39,0.229,3.8074999141693113,0.314889709986577,-1.0833521661738947,0.5608035096074161,0.5608035095440492,0.4306964402297528,-0.43069644027841847,1.1299164134218977e-11,0.026276046881953136,0.09648610967521389,-0.17062909072001697,5.795589045388502e-10,-1.547734914074169e-10,0.1,0.0,1
10,240,world,2.4,0.22999999999999998,3.8074999141693118,0.31515338190321474,-1.0823875539083814,0.5611707521485017,0.5611707521487553,0.43021783660493007,-0.43021783660473556,-4.52103943606311e-14,0.026458334618017266,0.09643628222428025,-0.1650463840787967,1.812847917704292e-09,-4.873159645577692e-10,0.1,0.0,1
10,241,world,2.41,0.231,3.8074999141693118,0.31541887657571904,-1.0814234417359072,0.5615135943733952,0.5615135942888666,0.42977026811254593,-0.42977026817724223,1.5053472606509078e-11,0.026640517118121418,0.09638611335498015,-0.13592626824681045,2.1818664710121363e-11,-5.903612751358368e-12,0.1,0.0,1
10,242,world,2.42,0.23199999999999998,3.807499914169311,0.31568617994140596,-1.0804598294571555,0.5617550126111158,0.5617550126111158,0.42945466094371954,-0.42945466094371954,0.0,0.026819321427712164,0.09633651435544605,-0.11238885905605155,2.1364442494158064e-09,-5.806550907916815e-10,0.1,0.0,1
10,243,world,2.43,0.233,3.807499914169311,0.3159552463143428,-1.079496707961397,0.561996253554069,0.5619962534445833,0.4291389180869568,-0.42913891817055994,1.9481144301427935e-11,0.026993118738325328,0.09628796155687724,-0.11238885905606821,-6.422608242859145e-09,1.753347836331282e-09,0.1,0.0,1
10,244,world,2.44,0.23399999999999999,3.8074999141693118,0.3162260256428996,-1.0785340666476138,0.5622373168821508,0.5622373169570142,0.42882303982826564,-0.4288230397711667,-1.3314896606207861e-11,0.027161914012789973,0.09624048226791991,-0.11238885905608208,-9.814265357049584e-09,2.6911145648457968e-09,0.1,0.0,1
10,245,world,2.45,0.23500000000000001,3.8074999141693118,0.3164984679382886,-1.077571894649388,0.5624782027933106,0.5624782027982126,0.4285070260582088,-0.42850702605447444,-8.714482615759319e-13,0.027325712369589285,0.09619410295592178,-0.11238885905606266,3.376200030876061e-09,-9.298508366824777e-10,0.1,0.0,1
10,246,world,2.46,0.236,3.807499914169312,0.31677252325165695,-1.0766101808364579,0.562718911034038,0.5627189110695537,0.42819087701193836,-0.4281908769849133,-6.311224543867228e-12,0.027484519092552347,0.0961488492403894,-0.1123888590560571,-1.118799733021127e-09,3.094830599396034e-10,0.1,0.0,1
10,247,world,2.47,0.23700000000000002,3.8074999141693118,0.317048141699346,-1.0756489138298952,0.5629594416026865,0.5629594416206625,0.4278745927326342,-0.4278745927189716,-3.1929931432158838e-12,0.02763833954949776,0.09610474591271062,-0.11238885905606542,-5.462076386432153e-10,1.5176474385834977e-10,0.1,0.0,1
10,248,world,2.48,0.238,3.8074999141693113,0.31732527344023553,-1.074688082003706,0.5631997943784763,0.563199794420408,0.42755817335426577,-0.427558173322433,-7.444906201527126e-12,0.0277871792343028,0.09606181692119264,-0.11238885905605432,3.109191337242796e-09,-8.676061697030641e-10,0.1,0.0,1
10,249,world,2.49,0.23900000000000002,3.8074999141693113,0.3176038686999744,-1.0737276734998604,0.5634399693483921,0.5634399693300081,0.4272416189290148,-0.4272416189429549,3.2626719211209076e-12,0.027931043665625974,0.09602008539752971,-0.11238885905607097,1.030693803017515e-08,-2.8885788735759945e-09,0.1,0.0,1
10,250,world,2.5,0.24,3.807499914169312,0.31788387774819243,-1.0727676762298282,0.5636799663944584,0.5636799663157526,0.4269249295888655,-0.42692492964847645,1.3962141218385061e-11,0.028069938435797876,0.09597957364049144,-0.11238885905607097,-3.159112526054521e-09,8.89194460961687e-10,0.1,0.0,1
10,251,world,2.5100000000000002,0.24100000000000002,3.807499914169312,0.3181652509217817,-1.0718080778894534,0.5639197853620643,0.5639197853806789,0.4266081054934536,-0.42660810547937167,-3.3007294365726872e-12,0.028203869108743188,0.09594030314365742,-0.11238885905605711,-6.842189367771208e-09,1.9341615717443693e-09,0.1,0.0,1
10,252,world,2.52,0.242,3.807499914169311,0.31844793860226384,-1.0708488659605007,0.5641594263115411,0.5641594263129953,0.4262911466398063,-0.4262911466387075,-2.5773687350527624e-13,0.02833284128482886,0.09590229457488855,-0.11238885905605987,1.5877191795342814e-09,-4.5075619400654214e-10,0.1,0.0,1
10,253,world,2.5300000000000002,0.24300000000000002,3.807499914169312,0.31873189123768175,-1.0698900277252277,0.5643988891021212,0.5643988891021211,0.4259740531772934,-0.4259740531772934,0.0,0.02845686048888379,0.09586556780782246,-0.11238885905606542,-2.7073959889295056e-09,7.719077003914081e-10,0.1,0.0,1
10,254,world,2.54,0.244,3.807499914169312,0.3190170593207928,-1.0689315502681318,0.5646381736486886,0.5646381736819364,0.42565682521318643,-0.42565682518812237,-5.887973122506255e-12,0.02857593223334244,0.09583014190219809,-0.1123888590560682,1.5378257463040157e-09,-4.40314544261757e-10,0.1,0.0,1
10,255,world,2.5500000000000003,0.24500000000000002,3.8074999141693118,0.31930339340886643,-1.06797342048999,0.5648772799353166,0.5648772799172447,0.42533946280271073,-0.4253394628163184,3.199052228272814e-12,0.028690061909412996,0.09579603513524998,-0.1123888590560682,-3.803183569363175e-09,1.0935837872658444e-09,0.1,0.0,1
10,256,world,2.56,0.246,3.8074999141693118,0.31959084410353145,-1.0670156251100553,0.565116207770519,0.5651162078485215,0.4250219661334237,-0.4250219660747584,-1.3802041429683447e-11,0.028799254856466946,0.09576326498043113,-0.11238885905606977,-1.035641235412553e-09,2.990552879855518e-10,0.1,0.0,1
10,257,world,2.57,0.247,3.807499914169312,0.3198793620677147,-1.066058150679312,0.5653549572425317,0.5653549572366331,0.42470433518242784,-0.42470433518685907,1.0432999489283604e-12,0.028903516276872085,0.09573184813233573,-0.11238885905605987,6.6283964504688225e-09,-1.9220934449261e-09,0.1,0.0,1
10,258,world,2.58,0.248,3.8074999141693113,0.3201688980079416,-1.0651009835833674,0.5655935281410744,0.5655935281410744,0.4243865701514737,-0.4243865701514737,0.0,0.02900285125186325,0.09570180050167446,-0.1123888590560682,-1.8429012199079683e-09,5.366458408306727e-10,0.1,0.0,1
10,259,world,2.59,0.249,3.807499914169312,0.3204594026877538,-1.0641441100546947,0.565831920430751,0.5658319204465692,0.42406867111085333,-0.4240686710989984,-2.7953709129790173e-12,0.029097264699075115,0.09567313722791763,-0.1123888590560682,-8.748198453241956e-10,2.558120920728006e-10,0.1,0.0,1
10,260,world,2.6,0.25,3.8074999141693113,0.3207508269131012,-1.0631875161764297,0.5660701340519001,0.5660701340622191,0.4237506381492492,-0.4237506381415246,-1.822816728880416e-12,0.029186761390933444,0.0956458726736743,-0.11238885905606269,8.013230656214013e-09,-2.3529766426081714e-09,0.1,0.0,1
10,261,world,2.61,0.251,3.807499914169312,0.32104312154178094,-1.062231187893438,0.5663081689604292,0.5663081688816697,0.4234324713438408,-0.42343247140272994,1.390681447580893e-11,0.029271345908206015,0.09562002043882939,-0.11238885905605989,3.6828686748557464e-09,-1.085923246783227e-09,0.1,0.0,1
10,262,world,2.62,0.252,3.807499914169312,0.32133623747231693,-1.0612751110171434,0.5665460249720521,0.5665460249388732,0.42311417087670317,-0.4231141709014822,5.856057463384727e-12,0.029351022638504243,0.09559559336116918,-0.11238885905606265,-7.675195429627782e-09,2.272463251912602e-09,0.1,0.0,1
10,263,world,2.63,0.253,3.807499914169312,0.3216301256492356,-1.0603192712353455,0.5667837020792332,0.5667837020911444,0.42279573679776455,-0.42279573678887933,-2.1014438983682124e-12,0.029425795752935226,0.09557260352374285,-0.11238885905607097,2.4178358853609996e-09,-7.188251508515309e-10,0.1,0.0,1
10,264,world,2.64,0.254,3.8074999141693118,0.3219247370555307,-1.0593636541181255,0.5670212002660798,0.5670212002042677,0.42247716916350136,-0.42247716920955647,1.0900732143765123e-11,0.029495669219848492,0.09555106225088911,-0.11238885905605432,2.6103263938937867e-09,-7.792462761291039e-10,0.1,0.0,1
10,265,world,2.65,0.255,3.8074999141693118,0.3222200227139013,-1.0584082451264305,0.5672585193399126,0.5672585193209277,0.42215846816224695,-0.42215846817637565,3.346637620987014e-12,0.029560646748732728,0.09553098012580337,-0.11238885905607099,-5.2210941015327684e-09,1.5650289916917462e-09,0.1,0.0,1
10,266,world,2.66,0.256,3.8074999141693118,0.32251593368258763,-1.0574530296190006,0.5674956592959869,0.567495659295987,0.4218396338423087,-0.4218396338423087,0.0,0.029620731822024633,0.09551236698107579,-0.1123888590560682,-4.427681376627113e-09,1.3326231814631166e-09,0.1,0.0,1
10,267,world,2.67,0.257,3.807499914169312,0.322812421053002,-1.0564979928598415,0.5677326200402388,0.5677326200737407,0.42152066631864044,-0.42152066629376655,-5.900814340430985e-12,0.029675927662272207,0.09549523190915654,-0.11238885905605989,2.9368458297327765e-10,-8.876512506325801e-11,0.1,0.0,1
10,268,world,2.68,0.258,3.8074999141693127,0.32310943594842756,-1.0555431200260263,0.5679694015403434,0.5679694015368583,0.42120156566042705,-0.4212015656630115,6.135728145985783e-13,0.02972623721462933,0.09547958326815,-0.11238885905606542,2.1065514881847225e-09,-6.391943876463506e-10,0.1,0.0,1
10,269,world,2.69,0.259,3.8074999141693127,0.3234069295187461,-1.0545883962142621,0.5682060036617925,0.5682060036703054,0.42088233201277525,-0.4208823320064695,-1.4981790033000758e-12,0.029771663168711344,0.0954654286753524,-0.1123888590560571,1.657591080298562e-09,-5.04985049060666e-10,0.1,0.0,1
10,270,world,2.7,0.26,3.8074999141693118,0.3237048529412431,-1.0536338064493416,0.5684424263762136,0.5684424263530257,0.42056296544214283,-0.42056296545929855,4.07915089014825e-12,0.029812207906150957,0.09545277502388515,-0.11238885905607375,-2.541933865621258e-09,7.775393078693902e-10,0.1,0.0,1
10,271,world,2.71,0.261,3.8074999141693118,0.3240031574133537,-1.0526793356900832,0.5686786695402783,0.5686786695790315,0.42024346610018315,-0.4202434660715452,-6.814511764579681e-12,0.029847873547971998,0.0954416284682123,-0.11238885905607097,1.5403931375889511e-09,-4.730800081738222e-10,0.1,0.0,1
10,272,world,2.72,0.262,3.8074999141693118,0.32430179415463645,-1.0517249688381447,0.5689147331973247,0.5689147331557824,0.4199238340006135,-0.4199238340312764,7.301958875989578e-12,0.029878661883992953,0.09543199444642259,-0.11238885905605432,6.703825018641147e-09,-2.067083051350367e-09,0.1,0.0,1
10,273,world,2.73,0.263,3.8074999141693118,0.32460071439862814,-1.0507706907436756,0.569150617161306,0.5691506171202364,0.4196040693267576,-0.41960406935703615,7.215949758880925e-12,0.029904574437252775,0.09542387766029427,-0.08204902479465874,3.308587109141475e-09,-1.0231733276226263e-09,0.1,0.0,1
10,274,world,2.74,0.264,3.8074999141693113,0.32489987622781014,-1.049816488356845,0.5692590850911877,0.5692590850101913,0.41945690370074734,-0.41945690376042916,1.4228286481217334e-11,0.02992778434557406,0.09541660088351928,-0.04990233673609382,-1.922068140040795e-09,5.960732155455771e-10,0.1,0.0,1
10,275,world,2.75,0.265,3.8074999141693118,0.32519927009261795,-1.048862358748885,0.569359938510635,0.5693599384924656,0.41931999764368477,-0.4193199976570662,3.1912122363314117e-12,0.029950989048155286,0.0954093195397456,-0.04809561518680282,-3.981548577793394e-09,1.2369605816899498e-09,0.1,0.0,1
10,276,world,2.7600000000000002,0.266,3.807499914169311,0.3254988960169032,-1.047908301989271,0.569460759597806,0.5694607595642657,0.41918306655570003,-0.41918306658038923,5.889811111232326e-12,0.029974196228974622,0.09540203121751091,-0.04809586855809499,-2.0057567491924493e-09,6.241896129694756e-10,0.1,0.0,1
10,277,world,2.77,0.267,3.8074999141693113,0.3257987540254818,-1.0469543181478151,0.5695615482332791,0.569561548239032,0.41904611055659147,-0.41904611055235885,-1.0100578062257783e-12,0.029997405871413342,0.09539473591863284,-0.04809609968004055,5.845352205588259e-10,-1.8221813649938737e-10,0.1,0.0,1
10,278,world,2.7800000000000002,0.268,3.8074999141693118,0.3260988441422973,-1.0460004072940898,0.5696623044342443,0.5696623043937162,0.41890912966569394,-0.41890912969549676,7.114363505461721e-12,0.030020617946716906,0.09538743364876351,-0.04809630855195117,2.6013775470811646e-09,-8.122919317267381e-10,0.1,0.0,1
10,279,world,2.79,0.269,3.8074999141693113,0.32639916639240846,-1.0450465694980509,0.5697630280742916,0.5697630280489917,0.41877212400808367,-0.41877212402667896,4.440408291313924e-12,0.030043832430227947,0.09538012441229245,-0.04809649517329669,-1.482300450689891e-09,4.636347040738141e-10,0.1,0.0,1
10,280,world,2.8000000000000003,0.27,3.807499914169311,0.326699720799001,-1.0440928048290998,0.5698637191377542,0.5698637191149132,0.4186350936274676,-0.4186350936442471,4.0081423542570096e-12,0.03006704929939858,0.09537280821296779,-0.04809665954356645,-1.4747814649661147e-09,4.6206651399119195e-10,0.1,0.0,1
10,281,world,2.81,0.271,3.807499914169311,0.3270005073861674,-1.0431391133569552,0.5699643775591576,0.5699643775514661,0.41849803860427176,-0.41849803860991935,1.349475573885485e-12,0.030090268529359945,0.09536548505529142,-0.04809680166228991,6.234482615171504e-09,-1.9566155006733904e-09,0.1,0.0,1
10,282,world,2.82,0.27199999999999996,3.807499914169311,0.3273015261774611,-1.0421854951512013,0.5700650033445676,0.5700650032472189,0.41836095896649406,-0.4183609590379365,1.7076742072692303e-11,0.03011349009892115,0.09535815494262763,-0.0480969215290523,-8.039680342794794e-10,2.5272840351211073e-10,0.1,0.0,1
10,283,world,2.83,0.273,3.8074999141693118,0.3276027771956579,-1.041231950281207,0.5701655962944994,0.5701655962964152,0.4182238548930865,-0.4182238548916811,-3.3603242246730723e-13,0.030136713977793373,0.09535081788123621,-0.04809701914354399,-4.247433124663556e-09,1.3374940560062107e-09,0.1,0.0,1
10,284,world,2.84,0.27399999999999997,3.8074999141693118,0.3279042604646412,-1.0402784788167267,0.5702661565247428,0.5702661564781482,0.4180867263317347,-0.41808672636589517,8.170661511992351e-12,0.03015994014757782,0.09534347387364552,-0.048097094505497165,2.478020662062254e-09,-7.81619243932329e-10,0.1,0.0,1
10,285,world,2.85,0.275,3.8074999141693104,0.32820597600626455,-1.0393250808269046,0.5703666838752238,0.5703666838474999,0.41794957343261224,-0.41794957345292755,4.860711077384041e-12,0.03018316857931059,0.09533612292574584,-0.04809714761468703,2.009534283183495e-09,-6.34908816686797e-10,0.1,0.0,1
10,286,world,2.86,0.27599999999999997,3.8074999141693104,0.3285079238436306,-1.0383717563813137,0.5704671783581006,0.570467178287445,0.4178123962196821,-0.4178123962714305,1.2385564088019924e-11,0.030206399253005514,0.09532876504061107,-0.04809717847098866,1.0744905380052678e-09,-3.400529988809623e-10,0.1,0.0,1
10,287,world,2.87,0.277,3.807499914169311,0.3288101039987902,-1.0374185055492255,0.5705676398536048,0.5705676398130103,0.4176751948136701,-0.41767519484338667,7.114754303887954e-12,0.030229632142308723,0.09532140022335328,-0.04809718707428552,-5.566752829057432e-09,1.7647134434691775e-09,0.1,0.0,1
10,288,world,2.88,0.27799999999999997,3.8074999141693104,0.32911251649364187,-1.0364653283998946,0.5706680683426723,0.5706680683386431,0.41753796926161285,-0.4175379692645607,7.060199574115697e-13,0.03025286722089006,0.0953140284791027,-0.04809717342456091,-1.914710130994338e-09,6.080025606476446e-10,0.1,0.0,1
10,289,world,2.89,0.279,3.8074999141693113,0.32941516135048254,-1.0355122250027362,0.5707684638014167,0.5707684637837406,0.4174007196142148,-0.41740071962714137,3.0969011651723032e-12,0.030276104470228705,0.0953066498105342,-0.04809713752185929,-3.5412008025681753e-09,1.126354608600211e-09,0.1,0.0,1
10,290,world,2.9,0.27999999999999997,3.8074999141693104,0.3297180385901318,-1.0345591954267286,0.5708688261176897,0.5708688261560865,0.41726344598682735,-0.4172634459587622,-6.726012400277958e-12,0.030299343860434008,0.09529926422395496,-0.04809707936630273,1.536532071977583e-09,-4.895389837950668e-10,0.1,0.0,1
10,291,world,2.91,0.281,3.807499914169311,0.3300211482347346,-1.0336062397412988,0.5709691553395166,0.5709691553034191,0.41712614837778916,-0.4171261484041606,6.322191488045623e-12,0.030322585370886584,0.09529187172275133,-0.048096998958038394,6.592876499128116e-09,-2.1039726328562973e-09,0.1,0.0,1
10,292,world,2.92,0.282,3.807499914169311,0.33032449030464156,-1.03265335801534,0.571069451314578,0.571069451273947,0.4169888269319678,-0.41698882696163625,7.114908648360609e-12,0.03034582897587596,0.09528447231195064,-0.04809689629726051,4.873074354293888e-09,-1.5577373325650454e-09,0.1,0.0,1
10,293,world,2.93,0.28300000000000003,3.8074999141693104,0.3306280648210576,-1.0317005503180465,0.5711697140505567,0.5711697139560044,0.41685148167740194,-0.41685148174640807,1.6554115606690888e-11,0.030369074652032015,0.0952770659958592,-0.04809677138428554,-7.813688886302188e-09,2.50185437576102e-09,0.1,0.0,1
10,294,world,2.94,0.284,3.8074999141693104,0.33093187180451533,-1.030747816718429,0.5712699433700474,0.5712699434231413,0.41671411277732234,-0.416714112738593,-9.293985586669136e-12,0.030392322367729426,0.09526965278143935,-0.04809662421946039,-7.600995126599862e-09,2.4378028314427506e-09,0.1,0.0,1
10,295,world,2.95,0.28500000000000003,3.80749991416931,0.3312359112750778,-1.0297951572853798,0.571370139424024,0.5713701394206562,0.4165767201554508,-0.41657672015790626,5.894316904769685e-13,0.030415572110762013,0.09526223266948469,-0.0480964548031709,6.2550272930306435e-09,-2.0094343631051944e-09,0.1,0.0,1
10,296,world,2.96,0.286,3.80749991416931,0.3315401832534376,-1.0288425720880245,0.5714703020397065,0.5714703020177293,0.4164393039718232,-0.4164393039878384,3.8457221929862935e-12,0.030438823849836358,0.09525480566689869,-0.04809626313589166,9.17765898690092e-11,-2.953193359360848e-11,0.1,0.0,1
10,297,world,2.97,0.28700000000000003,3.807499914169311,0.33184468775865883,-1.0278900611949986,0.571570431166228,0.5715704311617568,0.41630186429759375,-0.41630186430085037,7.822680921601279e-13,0.030462077563260942,0.095247371777545,-0.048096049218180566,-3.9384969027989565e-09,1.2694235041824202e-09,0.1,0.0,1
10,298,world,2.98,0.288,3.8074999141693104,0.33214942481120313,-1.0269376246754143,0.5716705267638289,0.5716705267891556,0.4161644011959226,-0.41616440117748527,-4.430285152048325e-12,0.0304853332263842,0.09523993100625555,-0.048095813050620495,-7.143177991389992e-09,2.3061331512002775e-09,0.1,0.0,1
10,299,world,2.99,0.28900000000000003,3.80749991416931,0.3324543944297065,-1.02598526259783,0.5717705887739292,0.5717705888552931,0.41602691474377257,-0.4160269146845713,-1.4230098657352431e-11,0.03050859081124161,0.09523248335894757,-0.04809555463384705,3.759398493116077e-09,-1.2156942588332534e-09,0.1,0.0,1
10,300,world,3.0,0.29,3.80749991416931,0.3327595966337176,-1.0250329750311284,0.5718706172367342,0.5718706172168797,0.41588940494634613,-0.4158894049607852,3.4718349062081853e-12,0.030531850299124436,0.09522502883859818,-0.05940089733123377,9.250933896715954e-12,-3.000377900495034e-12,0.1,0.0,1
10,301,world,3.0100000000000002,0.29100000000000004,3.8074999141693104,0.33306503162109286,-1.0240807621014358,0.5720176116062458,0.5720176116875335,0.4156872045063978,-0.41568720444732565,-1.4210629890105906e-11,0.030555301485457372,0.09521750653704815,-0.09935199744839424,-2.8439838500022577e-09,9.242996778662161e-10,0.1,0.0,1
10,302,world,3.02,0.292,3.8074999141693104,0.33337071555808906,-1.0231286290624277,0.5722835293410933,0.5722835293554518,0.415321034912768,-0.4153210349023477,-2.5089592922989403e-12,0.030582276197616543,0.09520884613612696,-0.12799762009754964,-7.216451630562462e-14,2.498002487502391e-14,0.1,0.0,1
10,303,world,3.0300000000000002,0.29300000000000004,3.807499914169311,0.333676692948131,-1.022176590288254,0.5725492126103644,0.5725492126917286,0.4149546952585741,-0.41495469519960543,-1.4210672190585535e-11,0.030613991868579167,0.0951986528364271,-0.12799762009754967,4.8435074742594e-09,-1.5863370507801577e-09,0.1,0.0,1
10,304,world,3.04,0.294,3.8074999141693104,0.33398301119356877,-1.0212246611310754,0.5728146614684001,0.5728146614243831,0.41458818557557536,-0.4145881856074338,7.684204964994122e-12,0.03065044700984736,0.09518692188581655,-0.12799762009754134,1.5564184749873416e-08,-5.119625566994638e-09,0.1,0.0,1
10,305,world,3.0500000000000003,0.29500000000000004,3.8074999141693104,0.33428971768065,-1.0202728569940964,0.5730798756787608,0.5730798755724071,0.4142215061064829,-0.41422150618335535,1.855782573441126e-11,0.03069163988945391,0.09517364782804157,-0.12799762009754134,-4.989182652655582e-09,1.6481986946039946e-09,0.1,0.0,1
10,306,world,3.06,0.296,3.8074999141693104,0.3345968597770775,-1.0193211933386024,0.5733448550718993,0.5733448550880929,0.413854657045364,-0.4138546570336751,-2.8243124592672743e-12,0.0307375685275143,0.09515882450417494,-0.12799762009755247,-9.018549482863162e-09,2.9921323595552393e-09,0.1,0.0,1
10,307,world,3.0700000000000003,0.29700000000000004,3.807499914169311,0.33490448482950913,-1.0183696856909772,0.5736095996998182,0.5736095997023744,0.41348763842648306,-0.4134876384246405,-4.456082823146201e-13,0.03078823069666338,0.09514244505250555,-0.12799762009754967,-8.772188150870717e-09,2.9228738528100763e-09,0.1,0.0,1
10,308,world,3.08,0.298,3.807499914169311,0.33521264016098495,-1.0174183496497036,0.5738741093192827,0.5738741094416158,0.4131204504974036,-0.4131204504093385,-2.1316110427042396e-11,0.030843623897156072,0.09512450191665017,-0.1279976200975449,8.722533412536051e-09,-2.9187493731474586e-09,0.1,0.0,1
10,309,world,3.09,0.299,3.8074999141693104,0.33552137306828445,-1.016467200892331,0.5741383840612454,0.5741383839581864,0.41275309323629705,-0.4127530933103869,1.7949272340622753e-11,0.03090374537892563,0.09510498683851722,-0.12799762009753304,8.49849034499004e-09,-2.855863548303665e-09,0.1,0.0,1
10,310,world,3.1,0.3,3.8074999141693104,0.3358307308191973,-1.015516255182422,0.5744024234709284,0.574402423490378,0.4123855670429201,-0.41238556702895657,-3.3858457422021556e-12,0.030968592090689452,0.09508389087495572,-0.12799762009754412,-3.523404753038929e-09,1.1890519596094578e-09,0.1,0.0,1
10,311,world,3.11,0.301,3.807499914169311,0.33614076064970605,-1.0145655283764625,0.5746662277153219,0.5746662276549077,0.41201787187003575,-0.41201787191335093,1.051228532372069e-11,0.031038160719519283,0.0950612043851186,-0.1279976200975497,-5.126414582644006e-09,1.7373218722414413e-09,0.1,0.0,1
10,312,world,3.12,0.302,3.80749991416931,0.3364515097610707,-1.0136150364307428,0.574929796474197,0.5749297965559039,0.4116500080204604,-0.4116500079619582,-1.4210684874530837e-11,0.031112447633037162,0.09503691704954197,-0.12799762009754134,3.389559004200231e-09,-1.1535525687037295e-09,0.1,0.0,1
10,313,world,3.13,0.303,3.8074999141693104,0.3367630253168108,-1.012664795408198,0.5751931299133358,0.5751931298116769,0.41128197544881306,-0.4112819755215024,1.7672563560957714e-11,0.031191448913331185,0.09501101785944119,-0.12799762009754134,1.6059519214236902e-09,-5.488472287624282e-10,0.1,0.0,1
10,314,world,3.14,0.304,3.8074999141693104,0.3370753544395746,-1.011714821485209,0.5754562275885007,0.5754562276507498,0.41091377454650413,-0.4109137745020541,-1.081651972201089e-11,0.03127516030394894,0.09498349513448269,-0.12799762009754412,-1.6757430578103557e-08,5.750856917794895e-09,0.1,0.0,1
10,315,world,3.15,0.305,3.8074999141693104,0.337388544207891,-1.0107651309583603,0.5757190896275234,0.5757190897297692,0.4105454052958386,-0.4105454052229271,-1.7758204553059545e-11,0.03136357723022645,0.09495433651668377,-0.12799762009754134,6.819427441873792e-09,-2.3500652290758606e-09,0.1,0.0,1
10,316,world,3.16,0.306,3.807499914169311,0.33770264165279545,-1.009815740251152,0.5759817159422976,0.5759817159215125,0.4101768678339466,-0.4101768678487484,3.6083295833591912e-12,0.031456694771771085,0.09492352898009866,-0.12799762009754415,1.1624221428693545e-08,-4.022525078950143e-09,0.1,0.0,1
10,317,world,3.17,0.307,3.8074999141693104,0.33801769375432394,-1.0088666659206575,0.5762441062915457,0.5762441062521224,0.40980816240710194,-0.40980816243513857,6.840803537412203e-12,0.0315545076470843,0.09489105883670021,-0.12799762009754412,-1.4891564273413562e-09,5.174584397278009e-10,0.1,0.0,1
10,318,world,3.18,0.308,3.8074999141693113,0.3383337474378683,-1.0079179246641288,0.5765062605922754,0.5765062605896486,0.4094392891487845,-0.4094392891506502,4.556142416319419e-13,0.031657010202351524,0.094856911741044,-0.12799762009754412,-3.5567947196218776e-09,1.2410242891411049e-09,0.1,0.0,1
10,319,world,3.19,0.309,3.8074999141693104,0.33865084957038477,-1.0069695333255433,0.5767681787799168,0.5767681787839124,0.4090702481796405,-0.4090702481768066,-6.926966350956293e-13,0.031764196401988305,0.09482107269450137,-0.12799762009754057,-2.587936128169045e-09,9.066805339804817e-10,0.1,0.0,1
10,320,world,3.2,0.31000000000000005,3.8074999141693104,0.3389690469564508,-1.0060215089020872,0.5770298607229056,0.5770298607519226,0.4087010396680687,-0.40870103964751636,-5.0282123069774306e-12,0.03187605980474426,0.09478352605450152,-0.1279976200975469,1.6868733242271703e-09,-5.934199198144293e-10,0.1,0.0,1
10,321,world,3.21,0.311,3.8074999141693104,0.3392883863341618,-1.0050738685505727,0.5772913063586033,0.5772913063419561,0.40833166373375884,-0.40833166374553376,2.88339234918777e-12,0.031992593553429254,0.09474425553945251,-0.12799762009755522,2.3707958741638114e-09,-8.374359050269407e-10,0.1,0.0,1
10,322,world,3.22,0.31200000000000006,3.807499914169311,0.3396089143708634,-1.0041266295937827,0.5775525155134271,0.577552515513427,0.40796212057507575,-0.40796212057507575,0.0,0.03211379035360651,0.09470324423758994,-0.12799762009754412,-2.4967618129335985e-09,8.855224529113618e-10,0.1,0.0,1
10,323,world,3.23,0.313,3.807499914169311,0.3399306776587099,-1.00317980952674,0.5778134881128929,0.577813488126845,0.407592410320361,-0.4075924103105192,-2.4143833843299664e-12,0.032239642457249626,0.0946604746144277,-0.12799762009754967,-1.3574284295003967e-09,4.833967880315462e-10,0.1,0.0,1
10,324,world,3.24,0.31400000000000006,3.8074999141693104,0.3402537227100461,-1.002233426022896,0.5780742240543855,0.5780742240710447,0.40722253311803475,-0.4072225331062992,-2.881577910512217e-12,0.032370141648348,0.09461592851981049,-0.1279976200975358,-3.900908440066929e-09,1.3947707911302382e-09,0.1,0.0,1
10,325,world,3.25,0.315,3.80749991416931,0.3405780959526041,-1.0012874969402332,0.5783347232042305,0.5783347232661131,0.40685248913851957,-0.40685248909498567,-1.0699180654756086e-11,0.03250527921642645,0.09456958719938538,-0.1279976200975358,-1.9872248166494996e-09,7.134073059641274e-10,0.1,0.0,1
10,326,world,3.2600000000000002,0.31600000000000006,3.807499914169311,0.340903843724508,-1.0003420403272785,0.5785949855099892,0.5785949855510963,0.4064822784952007,-0.4064822784663215,-7.104021227768202e-12,0.032645045951554826,0.09452143129904919,-0.12799762009756077,4.6321625860251015e-09,-1.6696232292718068e-09,0.1,0.0,1
10,327,world,3.27,0.317,3.807499914169311,0.34123101226908426,-0.9993970744290146,0.5788550108397614,0.5788550108446956,0.4061119013575561,-0.4061119013540944,-8.52324220555259e-13,0.03278943210529531,0.09447144088142316,-0.12799762009754134,6.543156693430986e-09,-2.367900966836628e-09,0.1,0.0,1
10,328,world,3.2800000000000002,0.31800000000000006,3.8074999141693113,0.34155964772946956,-0.9984526176926956,0.5791147990834518,0.5791147990440012,0.40574135787982596,-0.40574135790746596,6.811652932516184e-12,0.032938427383751516,0.09441959543169698,-0.1279976200975358,3.738960163243829e-09,-1.358510897244981e-09,0.1,0.0,1
10,329,world,3.29,0.319,3.8074999141693113,0.34188979614376475,-0.9975086887738173,0.5793743501092105,0.5793743500680527,0.40537064823159363,-0.4053706482603905,7.103274273587776e-12,0.03309202091986801,0.09436587387100814,-0.12799762009755522,-2.6884557482662124e-09,9.807074499184803e-10,0.1,0.0,1
10,330,world,3.3000000000000003,0.32000000000000006,3.8074999141693113,0.3422215034378492,-0.9965653065412309,0.5796336638137909,0.5796336638074802,0.40499977256249586,-0.40499977256690517,1.0886421590859507e-12,0.03325020126328383,0.09431025456413061,-0.12799762009755244,-9.050374034553942e-10,3.3145162339173396e-10,0.1,0.0,1
10,331,world,3.31,0.321,3.807499914169311,0.34255481541926003,-0.9956224900825769,0.5798927401385356,0.5798927401085193,0.40462873099120444,-0.4046287310121487,5.17581356535368e-12,0.033412956342638175,0.09425271533725146,-0.12799762009753857,-2.494075072480374e-09,9.170500198619613e-10,0.1,0.0,1
10,332,world,3.3200000000000003,0.32200000000000006,3.807499914169311,0.342889777772255,-0.9946802587100928,0.5801515789089352,0.5801515789334519,0.40425752371743484,-0.4042575237003512,-4.22567608780351e-12,0.033580273446077856,0.09419323348992029,-0.12799762009753857,-4.280105217669791e-09,1.5799810222286237e-09,0.1,0.0,1
10,333,world,3.33,0.323,3.807499914169311,0.3432264360507219,-0.993738631965614,0.5804101800861583,0.5804101801090766,0.4038861508463647,-0.4038861508304167,-3.948418717559867e-12,0.033752139213702834,0.09413178580319627,-0.127997620097556,-4.3492998865737293e-10,1.6119332496021436e-10,0.1,0.0,1
10,334,world,3.34,0.324,3.807499914169311,0.3435648356714645,-0.9927976296256443,0.5806685435319174,0.5806685435618428,0.40351461255267607,-0.40351461253188053,-5.153347668474897e-12,0.033928539594821075,0.09406834856083453,-0.16433822704294013,2.0438382415753973e-10,-7.612525150629225e-11,0.1,0.0,1
10,335,world,3.35,0.325,3.807499914169311,0.3439050207829612,-0.9918572712987493,0.5810731353699671,0.581073135390377,0.40293177008664743,-0.40293177007249464,-3.5122701517889885e-12,0.03410896498272051,0.09400307711882389,-0.2176293993766012,8.148949064374227e-09,-3.0520832195467194e-09,0.1,0.0,1
10,336,world,3.36,0.326,3.8074999141693113,0.3442470230267637,-0.9909175723312712,0.5815453342202063,0.5815453341489676,0.40224995247770534,-0.4022499525269805,1.2249215627414117e-11,0.034291880669146256,0.09393650472618742,-0.2345799647648705,5.425551099413794e-09,-2.045537838857975e-09,0.1,0.0,1
10,337,world,3.37,0.327,3.8074999141693118,0.34459086633122626,-0.9899785454639857,0.5820167329841942,0.5820167329371426,0.4015675815361016,-0.40156758156856526,8.083733986217206e-12,0.03447717679816605,0.09386865440618611,-0.2345799647648732,-7.169454943631612e-09,2.7222582508128364e-09,0.1,0.0,1
10,338,world,3.38,0.328,3.807499914169311,0.34493657449062304,-0.9890402035565949,0.5824873310509231,0.5824873310689095,0.40088465817446545,-0.4008846581620867,-3.0876736506726986e-12,0.03466485131908872,0.09379951003616956,-0.2345799647648816,-2.2077027136759704e-09,8.441949332577588e-10,0.1,0.0,1
10,339,world,3.39,0.329,3.8074999141693118,0.3452841712782522,-0.9881025596311817,0.5829571278447164,0.5829571278251464,0.40020118328294685,-0.40020118329638166,3.3567953426798314e-12,0.03485490208767305,0.09372905526280911,-0.23457996476487325,6.706391597601847e-10,-2.5825199016602883e-10,0.1,0.0,1
10,340,world,3.4,0.33,3.8074999141693113,0.34563368044543,-0.9871656268744942,0.5834261226346025,0.5834261226442323,0.3995171578600474,-0.3995171578534531,-1.6504464246732528e-12,0.03504732685804226,0.09365727350347944,-0.2345799647648705,-4.247850414805938e-09,1.6472199834467586e-09,0.1,0.0,1
10,341,world,3.41,0.331,3.807499914169311,0.3459851257203928,-0.9862294186402175,0.5838943148113792,0.5838943148449827,0.3988325828220201,-0.3988325827990671,-5.75462592505574e-12,0.035242123257149656,0.09358414795427628,-0.2345799647648816,-2.5402897546306138e-09,9.919241199586765e-10,0.1,0.0,1
10,342,world,3.42,0.332,3.8074999141693113,0.346338530807109,-0.9852939484512252,0.5843617037363743,0.5843617037778917,0.3981474591069536,-0.3981474590786663,-7.104191014227677e-12,0.035439288801867475,0.0935096615822014,-0.23457996476488716,-3.6635450521774035e-10,1.4404601843878302e-10,0.1,0.0,1
10,343,world,3.43,0.333,3.8074999141693113,0.3466939193839967,-0.9843592300018087,0.5848282887641586,0.5848282888024202,0.39746178765907153,-0.3974617876330681,-6.541855854998763e-12,0.035638820867162156,0.09343379713571705,-0.2345799647648788,9.773496538362432e-09,-3.869258465075951e-09,0.1,0.0,1
10,344,world,3.44,0.334,3.807499914169311,0.34705131510254794,-0.9834252771598851,0.5852940693055035,0.5852940692240405,0.3967755693859849,-0.3967755694412094,1.3917184677643772e-11,0.035840716688783324,0.0933565371424753,-0.2345799647648705,2.8517714365307935e-09,-1.136736192987022e-09,0.1,0.0,1
10,345,world,3.45,0.335,3.807499914169311,0.3474107415869961,-0.9824921039696215,0.5857590445596309,0.5857590445619881,0.3960888053402152,-0.3960888053386213,-4.0237230900950153e-13,0.03604497335203664,0.09327786391235043,-0.23457996476487325,-2.302585235937518e-09,9.240949820611278e-10,0.1,0.0,1
10,346,world,3.46,0.336,3.8074999141693113,0.3477722224297074,-0.9815597246524264,0.5862232140579897,0.5862232140054869,0.3954014963506038,-0.3954014963860164,8.955356103430837e-12,0.036251587774725,0.09319775954287426,-0.2345799647648816,2.8012812226223595e-09,-1.1318845139197941e-09,0.1,0.0,1
10,347,world,3.47,0.337,3.8074999141693113,0.34813578119188854,-0.9806281536099859,0.5866865770555485,0.5866865770224581,0.3947136434346681,-0.3947136434569307,5.639715127831357e-12,0.03646055670821631,0.09311620591780437,-0.23457996476487605,-7.438342880128086e-09,3.025812933047112e-09,0.1,0.0,1
10,348,world,3.48,0.338,3.8074999141693113,0.34850144140162165,-0.979697405426297,0.5871491329243024,0.5871491329660152,0.39402524753215784,-0.3940252475041649,-7.103726670529481e-12,0.036671876717809464,0.09303318471380943,-0.2345799647648705,1.605231310146402e-09,-6.573803091285214e-10,0.1,0.0,1
10,349,world,3.49,0.339,3.807499914169311,0.3488692265517304,-0.978767494869635,0.5876108811406335,0.5876108810871054,0.3933363095145024,-0.39333630955033316,9.108648498279445e-12,0.03688554418561846,0.09294867739850196,-0.2345799647648816,2.8476663831323782e-09,-1.173981434064328e-09,0.1,0.0,1
10,350,world,3.5,0.34,3.8074999141693118,0.34923916009781314,-0.9778384368945964,0.5880718209071356,0.588071820912687,0.39264683043818976,-0.3926468304344833,-9.438834278876483e-13,0.037101555281004006,0.09286266524136923,-0.2345799647648816,-5.865793790242903e-09,2.434391034303947e-09,0.1,0.0,1
10,351,world,3.5100000000000002,0.341,3.8074999141693113,0.3496112654561736,-0.9769102466441052,0.5885319516886013,0.5885319517097432,0.3919568111854699,-0.39195681117138964,-3.5919800643486823e-12,0.03731990597113747,0.09277512930902042,-0.23457996476487325,-2.8422484898032996e-09,1.1873929405018824e-09,0.1,0.0,1
10,352,world,3.52,0.342,3.8074999141693113,0.349985566001649,-0.9759829394513858,0.5889912728277304,0.5889912728695759,0.39126625272185167,-0.39126625269405385,-7.103955116687859e-12,0.0375405919973074,0.09268605047412314,-0.23457996476487325,4.700993909012894e-10,-1.976975953092149e-10,0.1,0.0,1
10,353,world,3.5300000000000002,0.343,3.8074999141693113,0.3503620850653307,-0.9750565308418956,0.5894497837188873,0.58944978373405,0.39057515597992587,-0.3905751559698789,-2.5721281182089687e-12,0.03776360886378307,0.09259540941959922,-0.23457996476487875,-9.936088849436919e-10,4.20583398590451e-10,0.1,0.0,1
10,354,world,3.54,0.34400000000000003,3.8074999141693118,0.35074084593218213,-0.9741310365352162,0.5899074836745283,0.5899074837291685,0.38988352194807274,-0.38988352191195985,-9.261704138478922e-12,0.037988951834272804,0.09250318663988448,-0.23457996476487875,4.451471055383724e-09,-1.8965763034695e-09,0.1,0.0,1
10,355,world,3.5500000000000003,0.34500000000000003,3.8074999141693113,0.3511218718385457,-0.9732064724469078,0.5903643721661098,0.5903643721241647,0.38919135151094525,-0.3891913515385971,7.10434753354796e-12,0.03821661592057771,0.09240936244547436,-0.2345799647648816,7.412369188645754e-09,-3.178657477025433e-09,0.1,0.0,1
10,356,world,3.56,0.34600000000000003,3.8074999141693118,0.3515051859695448,-0.9722828546903127,0.5908204484480848,0.5908204484075081,0.38849864569804077,-0.3884986457247223,6.867295480231185e-12,0.03844659586729546,0.09231391696931109,-0.234579964764876,1.6032800913911034e-09,-6.919970947843943e-10,0.1,0.0,1
10,357,world,3.5700000000000003,0.34700000000000003,3.8074999141693118,0.3518908114563738,-0.9713601995783139,0.5912757119537349,0.5912757118910748,0.38780540542224984,-0.38780540546334724,1.0596583429700876e-11,0.03867888614014491,0.09221683017192528,-0.23457996476486764,-5.949499131953118e-09,2.584429487013979e-09,0.1,0.0,1
10,358,world,3.58,0.34800000000000003,3.8074999141693118,0.35227877137348007,-0.9704385236250461,0.5917301619845957,0.5917301620207226,0.3871116316845258,-0.3871116316608914,-6.10483255752584e-12,0.03891348092008306,0.09211808184434983,-0.23457996476487697,-4.06719475855449e-09,1.77812927589864e-09,0.1,0.0,1
10,359,world,3.59,0.349,3.807499914169311,0.35266908873563296,-0.9695178435475519,0.592183798048467,0.5921837980382835,0.38641732535220935,-0.3864173253588544,1.7195288754161884e-12,0.03915037409226149,0.09201765161335068,-0.2345799647648788,-9.770249133037112e-11,4.298787493891617e-11,0.1,0.0,1
10,360,world,3.6,0.35000000000000003,3.8074999141693118,0.35306178649488207,-0.9685981762673866,0.5926366194017652,0.5926366194392125,0.3857224874586079,-0.38572248743423493,-6.318331596834336e-12,0.0393895592268683,0.09191551895035482,-0.2345799647648816,4.993718355709227e-09,-2.2111555104492154e-09,0.1,0.0,1
10,361,world,3.61,0.351,3.8074999141693118,0.35345688753740107,-0.9676795389121615,0.5930886255485465,0.5930886254735661,0.3850271188769231,-0.3850271189255996,1.2641494150874998e-11,0.03963102957657455,0.09181166317358963,-0.2345799647648788,8.985956338010997e-09,-4.004103501759665e-09,0.1,0.0,1
10,362,world,3.62,0.35200000000000004,3.8074999141693113,0.3538544146802197,-0.9667619488170313,0.593539815732894,0.5935398156536172,0.38433122065099923,-0.3843312207023328,1.3355735592240477e-11,0.0398747780604682,0.09170606345617724,-0.23457996476487605,-7.638369170367167e-09,3.4251299900968884e-09,0.1,0.0,1
10,363,world,3.63,0.353,3.8074999141693113,0.35425439066784004,-0.9658454235261169,0.5939901893342108,0.5939901893585641,0.3836347937378426,-0.3836347937221139,-4.099667476492671e-12,0.04012079724895369,0.09159869883414476,-0.23457996476487605,-2.289942559649633e-09,1.033296618915255e-09,0.1,0.0,1
10,364,world,3.64,0.35400000000000004,3.8074999141693113,0.35465683816873744,-0.9649299807938637,0.5944397458756396,0.5944397458261106,0.38293783900331496,-0.38293783903522155,8.331583766077157e-12,0.04036907937198076,0.0914895482044737,-0.23457996476487045,5.102090100091326e-09,-2.3166406723199214e-09,0.1,0.0,1
10,365,world,3.65,0.355,3.8074999141693113,0.35506177977174663,-0.964015638586331,0.5948884846094058,0.594888484567128,0.3822403574897498,-0.38224035751691515,7.106490990104646e-12,0.04061961627427426,0.0913785903465944,-0.2345799647648843,-7.021434323119448e-09,3.2080284540788674e-09,0.1,0.0,1
10,366,world,3.66,0.35600000000000004,3.8074999141693118,0.355469237982332,-0.963102415082408,0.59533640492008,0.5953364049623912,0.38154235015525007,-0.38154235012813353,-7.1067367942484454e-12,0.04087239942776805,0.0912658039191952,-0.234579964764876,-1.0741778437328744e-09,4.938248786968638e-10,0.1,0.0,1
10,367,world,3.67,0.357,3.8074999141693113,0.35587923521873854,-0.9621903286749592,0.5957835063077067,0.5957835062794525,0.38084381788556027,-0.38084381790362126,4.742158832650078e-12,0.04112741992416285,0.09115116746581786,-0.23457996476486764,3.2252147222620914e-09,-1.4919079665332163e-09,0.1,0.0,1
10,368,world,3.68,0.35800000000000004,3.8074999141693113,0.3562917938080302,-0.961279397971888,0.5962297880302249,0.5962297880302247,0.38014476172299577,-0.38014476172299577,0.0,0.041384668433148836,0.0910346594362737,-0.23457996476487325,-2.1148241458117563e-09,9.842941052242318e-10,0.1,0.0,1
10,369,world,3.69,0.359,3.8074999141693118,0.3567069359820064,-0.9603696417971228,0.5966752495374538,0.5966752495369941,0.379445182588448,-0.3794451825887404,7.704745673952172e-14,0.04164413522964489,0.0909162581773747,-0.2345799647648816,1.903948191113984e-09,-8.91579295406337e-10,0.1,0.0,1
10,370,world,3.7,0.36000000000000004,3.8074999141693113,0.3571246838730029,-0.959461079191517,0.5971198902143121,0.5971198901892047,0.37874508144582997,-0.3787450814617552,4.204592906294135e-12,0.04190581015220026,0.09079594195495606,-0.2345799647648816,3.4908330489523904e-09,-1.6446942237492886e-09,0.1,0.0,1
10,371,world,3.71,0.361,3.8074999141693113,0.3575450595095768,-0.9585537294136609,0.5975637094354281,0.5975637093888494,0.3780444592669821,-0.3780444592964498,7.794568324772371e-12,0.04216968260141697,0.09067368895824054,-0.2345799647648649,-3.0806829808045645e-09,1.460286010232915e-09,0.1,0.0,1
10,372,world,3.72,0.36200000000000004,3.807499914169311,0.3579680848120701,-0.957647611940606,0.5980067065499904,0.5980067065656209,0.3773433170411373,-0.3773433170312744,-2.6137309898256217e-12,0.04243574153137509,0.09054947730761524,-0.23457996476487605,-8.589276063062975e-10,4.0960883392693905e-10,0.1,0.0,1
10,373,world,3.73,0.363,3.8074999141693113,0.35839378158805896,-0.9567427464684902,0.5984488810469597,0.5984488810117016,0.3766416556707241,-0.37664165569291425,5.891460768448149e-12,0.04270397543905514,0.09042328506364153,-0.2345799647648871,4.382886965137041e-09,-2.102786541627221e-09,0.1,0.0,1
10,374,world,3.74,0.36400000000000005,3.8074999141693113,0.3588221715297688,-0.9558391529140607,0.5988902322397036,0.5988902321971306,0.37593947617046525,-0.3759394761971894,7.108537516573578e-12,0.04297437233882127,0.0902950902435141,-0.23457996476487608,-6.567358240716507e-09,3.1698089914039675e-09,0.1,0.0,1
10,375,world,3.75,0.365,3.807499914169312,0.3592532762048123,-0.9549368514129959,0.5993307594918508,0.5993307595439508,0.37523677952452406,-0.37523677949190454,-8.692947722915035e-12,0.04324691976917395,0.0901648708227247,-0.2345799647648677,-5.998154700630754e-09,2.9124507315924273e-09,0.1,0.0,1
10,376,world,3.7600000000000002,0.36600000000000005,3.8074999141693113,0.3596871170524691,-0.9540358623207528,0.5997704623030771,0.599770462340425,0.37453356663333665,-0.37453356661001436,-6.226972474997191e-12,0.04352160476205236,0.09003260475480926,-0.23457996476487325,2.201826852929219e-09,-1.0754934592236446e-09,0.1,0.0,1
10,377,world,3.77,0.367,3.8074999141693118,0.36012371538137117,-0.953136206214079,0.6002093400136911,0.6002093400364519,0.3738298384987046,-0.3738298384845285,-3.79210586302566e-12,0.043798413852976795,0.08989826997202656,-0.23457996476488716,-3.58612635410979e-09,1.7621059674002463e-09,0.1,0.0,1
10,378,world,3.7800000000000002,0.36800000000000005,3.8074999141693118,0.3605630923628677,-0.9522379038904055,0.6006473919813997,0.6006473920668018,0.37312559611267804,-0.3731255960596258,-1.4218293569442009e-11,0.044077333046971964,0.08976184440766755,-0.2345799647648788,7.652710489440604e-09,-3.7826082540920905e-09,0.1,0.0,1
10,379,world,3.79,0.369,3.8074999141693118,0.3610052690257768,-0.9513409763678317,0.6010846177561281,0.6010846176762987,0.3724208403493733,-0.37242084039883405,1.328086528179177e-11,0.044358347830588465,0.08962330599649027,-0.23457996476485934,9.414674903275385e-09,-4.681026529602346e-09,0.1,0.0,1
10,380,world,3.8000000000000003,0.37000000000000005,3.8074999141693118,0.36145026625218885,-0.9504454448855718,0.6015210165204025,0.6015210164794389,0.37171557231234287,-0.3717155723376568,6.810011793829059e-12,0.04464144313538125,0.08948263269925916,-0.234579964764876,-5.242586177153116e-09,2.6219939175036033e-09,0.1,0.0,1
10,381,world,3.81,0.371,3.8074999141693113,0.3618981047722719,-0.9495513309038637,0.6019565877795594,0.6019565877701839,0.37100979290618397,-0.3710097929119624,1.5574872963225304e-12,0.04492660334689323,0.08933980250543944,-0.2354706903382494,-4.201473610294564e-09,2.1136778542369856e-09,0.1,0.0,1
10,382,world,3.8200000000000003,0.37200000000000005,3.8074999141693118,0.3623488034120875,-0.9486586552192852,0.6023946292981376,0.602394629313778,0.37029813743374124,-0.37029813742412687,-2.5963672335540817e-12,0.04521292599747898,0.08919524271364751,-0.23698446372777224,-2.692293354775286e-12,1.3739022789832645e-12,0.1,0.0,1
10,383,world,3.83,0.373,3.8074999141693113,0.36280235362843055,-0.9477674249701628,0.6028341321821139,0.6028341321727613,0.3695822088247168,-0.3695822088304508,1.5514622627047161e-12,0.04549660509361201,0.08905087829412982,-0.23760751154394374,1.1569367470119702e-09,-5.889044797573706e-10,0.1,0.0,1
10,384,world,3.84,0.374,3.8074999141693113,0.3632587252795529,-0.9468776361821644,0.603272784188886,0.6032727841888859,0.368865758585681,-0.368865758585681,0.0,0.045777214154796735,0.08890695509478366,-0.23760751154393436,-3.4221768756802904e-09,1.7522166884872262e-09,0.1,0.0,1
10,385,world,3.85,0.375,3.8074999141693113,0.3637178877064971,-0.9459892843080524,0.6037105847026474,0.6037105847397025,0.3681487877257455,-0.3681487877031489,-6.137866606174209e-12,0.046054761435467495,0.08876350009504008,-0.2376075115439288,-3.3053757524699728e-09,1.70234819885461e-09,0.1,0.0,1
10,386,world,3.86,0.376,3.807499914169311,0.3641798103295724,-0.9451023645303503,0.6041475331339162,0.6041475331788405,0.3674312972394999,-0.36743129721217777,-7.435942190613496e-12,0.04632925556713307,0.08862053982342508,-0.23760751154393436,-2.6489391181374983e-10,1.3722647052519547e-10,0.1,0.0,1
10,387,world,3.87,0.377,3.8074999141693113,0.36464446267087397,-0.9442168717756657,0.6045836288574149,0.6045836288981309,0.36671328814489385,-0.3667132881201974,-6.734471721509781e-12,0.046600705546319954,0.08847810035588008,-0.23760751154393436,-2.721794797124894e-09,1.418189123878396e-09,0.1,0.0,1
10,388,world,3.88,0.378,3.8074999141693118,0.365111814325142,-0.9433328007021239,0.6050188712287752,0.6050188713109016,0.3659947614728299,-0.365994761423149,-1.3574019158025503e-11,0.04686912072395514,0.08833620731366794,-0.23760751154392326,-1.1314210223393358e-09,5.929484709297659e-10,0.1,0.0,1
10,389,world,3.89,0.379,3.8074999141693118,0.36558183500127583,-0.9424501457238706,0.6054532596901384,0.6054532597463809,0.3652757182032884,-0.36527571816935683,-9.289152843475328e-12,0.047134510760108515,0.08819488588010768,-0.23760751154393717,5.359470692079383e-09,-2.8250095532871986e-09,0.1,0.0,1
10,390,world,3.9,0.38,3.8074999141693118,0.3660544944909217,-0.9415689009972844,0.6058867936055111,0.605886793614341,0.36455615936508284,-0.36455615935977004,-1.4573045219717187e-12,0.047396885645404806,0.08805416078253442,-0.23760751154392326,7.24790909830909e-09,-3.842457748232749e-09,0.1,0.0,1
10,391,world,3.91,0.381,3.8074999141693118,0.36652976269748383,-0.9406890604392072,0.6063194723545114,0.6063194723113562,0.3638360859789621,-0.36383608600485845,7.117413903641156e-12,0.04765625565180415,0.0879140563121159,-0.237607511543926,2.8907958805133498e-09,-1.541357382126127e-09,0.1,0.0,1
10,392,world,3.92,0.382,3.8074999141693113,0.36700760962345885,-0.939810617723083,0.6067512952920422,0.6067512952611297,0.3631154990818594,-0.36311549910035923,5.094607549825947e-12,0.04791263133705266,0.08777459631556092,-0.23760751154393156,-3.1363080556373592e-09,1.6818479114150535e-09,0.1,0.0,1
10,393,world,3.93,0.383,3.8074999141693113,0.36748800537878124,-0.9389335662863536,0.6071822618313928,0.6071822618313929,0.3623943996770837,-0.3623943996770837,0.0,0.04816602350719757,0.08763580420983247,-0.23760751154393153,-4.285220658188458e-09,2.311078504929422e-09,0.1,0.0,1
10,394,world,3.94,0.384,3.8074999141693118,0.36797092018563166,-0.9380578993360816,0.6076123713749699,0.6076123714031791,0.3616727887760127,-0.36167278875922154,-4.642473317454908e-12,0.048416443219536115,0.08749770297538922,-0.23760751154392332,-2.602007171168171e-09,1.4112807546072e-09,0.1,0.0,1
10,395,world,3.95,0.385,3.8074999141693113,0.3684563243725145,-0.9371836098486949,0.6080416233245612,0.6080416233605584,0.3609506673918996,-0.3609506673705306,-5.919973316020916e-12,0.04866390176383653,0.08736031516151754,-0.23760751154393156,4.079970758937479e-09,-2.225480229186678e-09,0.1,0.0,1
10,396,world,3.96,0.386,3.8074999141693113,0.36894418838871335,-0.9363106905810248,0.6084700171001425,0.6084700170718347,0.3602280365287241,-0.36022803654548285,4.6520682203476185e-12,0.048908410633233014,0.08722366289792617,-0.23760751154393991,4.955196475046002e-09,-2.7181726910988153e-09,0.1,0.0,1
10,397,world,3.97,0.387,3.807499914169312,0.3694344827921353,-0.9354391340666408,0.608897552031101,0.6088975519983221,0.35950489724555085,-0.3595048972649042,5.383084739147759e-12,0.04914998152106463,0.08708776789239123,-0.237607511543926,-3.384368195000404e-09,1.866980550530384e-09,0.1,0.0,1
10,398,world,3.98,0.388,3.807499914169311,0.3699271782652964,-0.9345689326279001,0.6093242275159141,0.6093242275346694,0.35878125056177157,-0.35878125055072807,-3.077903846761084e-12,0.049388626301283586,0.08695265143784955,-0.23760751154393991,-2.353744415912479e-09,1.3057400790197207e-09,0.1,0.0,1
10,399,world,3.99,0.389,3.8074999141693118,0.37042224560510145,-0.9337000783733602,0.6097500430155054,0.6097500430155055,0.35805709746154923,-0.35805709746154923,0.0,0.049624357014941015,0.08681833441649106,-0.23760751154392606,1.3440372582900965e-09,-7.497814985187342e-10,0.1,0.0,1
10,400,world,4.0,0.39,3.8074999141693118,0.3709196557322619,-0.9328325632062681,0.6101749978843423,0.6101749978843423,0.3573324389932195,-0.3573324389932195,0.0,0.04985718586063926,0.08668483730190463,-0.2376075115439288,-1.968305150214711e-09,1.1041733481186314e-09,0.1,0.0,1
10,401,world,4.01,0.391,3.8074999141693113,0.3714193796910163,-0.9319663788276343,0.6105990915182268,0.6105990915457875,0.3566072761821155,-0.3566072761660192,-4.513447795178349e-12,0.050087125160462334,0.08655218017566157,-0.23760751154392776,-2.7142647023748165e-09,1.5311322184478655e-09,0.1,0.0,1
10,402,world,4.0200000000000005,0.39200000000000007,3.8074999141693118,0.37192138864417595,-0.9311015167365801,0.6110223233408787,0.6110223233789617,0.35588161003870233,-0.35588161001652135,-6.232297744609539e-12,0.05031418737696306,0.0864203827149351,-0.2376075115439288,3.576284303179136e-09,-2.028626399459752e-09,0.1,0.0,1
10,403,world,4.03,0.393,3.8074999141693118,0.3724256538903822,-0.9302379682435813,0.6114446927820585,0.6114446927593773,0.3551554415714948,-0.3551554415846691,3.709193625969855e-12,0.05053838506990249,0.08628946421508399,-0.2376075115439382,-2.6179083554007396e-11,1.493528929220884e-11,0.1,0.0,1
10,404,world,4.04,0.394,3.8074999141693118,0.37293214683997256,-0.9293757244596974,0.6118661991490021,0.6118661991875065,0.354428771861568,-0.35442877183926397,-6.292530220919088e-12,0.05075973090839123,0.08615944358053684,-0.2376075115439288,1.971913378439924e-09,-1.1309741571514441e-09,0.1,0.0,1
10,405,world,4.05,0.395,3.8074999141693113,0.37344083904436187,-0.928514776317001,0.612286841982876,0.6122868419323263,0.35370160185565896,-0.35370160188486016,8.25530554430677e-12,0.05097823763186126,0.08603033934577665,-0.23760751154392776,4.7753790336622935e-09,-2.753985744014064e-09,0.1,0.0,1
10,406,world,4.0600000000000005,0.3960000000000001,3.8074999141693113,0.3739517021729695,-0.9276551145583571,0.6127066205595468,0.6127066205305521,0.35297393265561267,-0.35297393267231614,4.731868611090864e-12,0.05119391806152362,0.08590216966706957,-0.23760751154394266,-6.195189084681995e-10,3.5924769212298223e-10,0.1,0.0,1
10,407,world,4.07,0.397,3.8074999141693113,0.37446470802591525,-0.9267967297481657,0.6131255343590283,0.6131255343171911,0.352245765246569,-0.3522457652706048,6.823090556275917e-12,0.051406785075890894,0.08577495233552254,-0.23760751154394374,-5.8001658097061875e-09,3.381824394101723e-09,0.1,0.0,1
10,408,world,4.08,0.398,3.807499914169312,0.3749798285396824,-0.925939612279123,0.6135435827188366,0.6135435827721897,0.3515171006971704,-0.3515171006666029,-8.695229776114734e-12,0.05161685158779901,0.0856487047897581,-0.23760751154392326,-6.011802272915634e-09,3.5243813279395337e-09,0.1,0.0,1
10,409,world,4.09,0.399,3.807499914169311,0.3754970357674023,-0.9250837523637185,0.6139607651553743,0.6139607651990505,0.3507879399748023,-0.35078793994984786,-7.11328998379395e-12,0.05182413056520201,0.08552344410254359,-0.23760751154391324,4.8109811440047205e-09,-2.8357926045603172e-09,0.1,0.0,1
10,410,world,4.1,0.39999999999999997,3.8074999141693113,0.3760163019011566,-0.9242291400509419,0.61437708105198,0.6143770810367851,0.3500582841247348,-0.3500582841333924,2.4730104724961187e-12,0.05202863498637988,0.08539918700698532,-0.2376075115439371,1.6551081647060524e-09,-9.809023941444903e-10,0.1,0.0,1
10,411,world,4.11,0.401,3.8074999141693113,0.37653759926265845,-0.9233757652240601,0.6147925297493821,0.614792529769461,0.3493281342176668,-0.3493281342062579,-3.2657078946117708e-12,0.05223037783999967,0.08527594989615112,-0.23760751154394166,1.8387253479667428e-10,-1.0956385005858858e-10,0.1,0.0,1
10,412,world,4.12,0.402,3.807499914169312,0.3770609002967633,-0.9225236175999559,0.6152071107448757,0.6152071107270267,0.34859749123652256,-0.34859749124663636,2.9010659806419517e-12,0.05242937212684178,0.08515374882167637,-0.237607511543926,-4.311888240332955e-09,2.583188873193598e-09,0.1,0.0,1
10,413,world,4.13,0.403,3.8074999141693118,0.3775861775853132,-0.9216726867409311,0.6156208233478215,0.6156208234298152,0.34786635627233436,-0.34786635622600254,-1.3317887834652994e-11,0.05262563082151176,0.08503259951711434,-0.23760751154390763,2.912706152520993e-09,-1.754376074302056e-09,0.1,0.0,1
10,414,world,4.14,0.40399999999999997,3.807499914169311,0.37811340383868297,-0.9208229620528982,0.6160336671639782,0.616033667104212,0.3471347302498384,-0.3471347302835167,9.70110518393024e-12,0.05281916689420999,0.08491251738466828,-0.2376075115439288,1.3045521392655735e-09,-7.899910387484726e-10,0.1,0.0,1
10,415,world,4.15,0.405,3.807499914169311,0.3786425518915531,-0.9199744327860656,0.6164456413574301,0.6164456414207308,0.34640261434453284,-0.3464026143089619,-1.0267951856553906e-11,0.05300999327248205,0.08479351751903802,-0.23760751154396106,-2.010388193561331e-09,1.223937381813849e-09,0.1,0.0,1
10,416,world,4.16,0.406,3.8074999141693118,0.3791735947134406,-0.9191270880448079,0.6168567455877044,0.6168567455568956,0.34567000945407883,-0.3456700094713432,4.994123671095491e-12,0.053198122855049046,0.08467561469926928,-0.23760751154393442,2.6168869492569146e-09,-1.6017396936949798e-09,0.1,0.0,1
10,417,world,4.17,0.40700000000000003,3.807499914169311,0.37970650540279877,-0.9182809167873719,0.6172669790907541,0.6172669791162616,0.3449369167157182,-0.34493691670146426,-4.132042549271277e-12,0.053383568471458254,0.08455882341455047,-0.23760751154392154,-4.364196447357972e-09,2.685496021179327e-09,0.1,0.0,1
10,418,world,4.18,0.408,3.8074999141693113,0.3802412571800091,-0.9174359078247635,0.6176763413874603,0.6176763414199133,0.3442033371081416,-0.34420333709005696,-5.253720758208713e-12,0.053566342917945535,0.08444315784240347,-0.23760751154392326,4.781662901894644e-09,-2.9580657446520993e-09,0.1,0.0,1
10,419,world,4.19,0.40900000000000003,3.8074999141693113,0.3807778233980388,-0.9165920498307757,0.6180848319170316,0.6180848318730672,0.3434692716574181,-0.3434692716818491,7.11256954791382e-12,0.05374645890040959,0.08432863188541945,-0.237607511543925,1.5205323541462596e-09,-9.45648616604047e-10,0.1,0.0,1
10,420,world,4.2,0.41000000000000003,3.8074999141693113,0.38131617753900515,-0.9157493313431865,0.6184924499958654,0.6184924500062118,0.34273472145914524,-0.3427347214534118,-1.672758619161005e-12,0.053923929050026714,0.08421525916250383,-0.23760751154393436,-8.769132566938529e-10,5.482591765804168e-10,0.1,0.0,1
10,421,world,4.21,0.41100000000000003,3.8074999141693113,0.3818562932028644,-0.9149077407598291,0.6188991951619393,0.6188991951307182,0.34199968748717613,-0.34199968750442866,5.0443380819109345e-12,0.054098765925480886,0.08410305300843739,-0.23760751154393264,-2.426894304278306e-09,1.525384033329169e-09,0.1,0.0,1
10,422,world,4.22,0.412,3.807499914169312,0.3823981441198699,-0.9140672663498317,0.6193050667338942,0.6193050667797585,0.34126417083829325,-0.34126417081302013,-7.405362814620382e-12,0.054270981975300864,0.08399202649916582,-0.2376075115439288,-3.273842613341785e-09,2.068559771452253e-09,0.1,0.0,1
10,423,world,4.23,0.41300000000000003,3.8074999141693113,0.38294170414776074,-0.9132278962551631,0.6197100642513028,0.6197100642680385,0.34052817248857176,-0.3405281724793755,-2.700452296306226e-12,0.054440589547660734,0.08388219244692602,-0.2376075115439333,5.306240999076824e-09,-3.37040296398865e-09,0.1,0.0,1
10,424,world,4.24,0.41400000000000003,3.8074999141693113,0.383486947258133,-0.9123896184850833,0.6201141870992541,0.6201141870672157,0.3397916935007881,-0.33979169351834365,5.1663347344265904e-12,0.05460760088668376,0.08377356340398,-0.2376075115439371,6.390471947350867e-09,-4.080423175245717e-09,0.1,0.0,1
10,425,world,4.25,0.41500000000000004,3.8074999141693118,0.38403384755058373,-0.9115524209285488,0.6205174346957961,0.6205174346184574,0.3390547349207949,-0.3390547349630532,1.2463068160394268e-11,0.0547720281109247,0.0836661516780596,-0.23760751154392984,-3.8193373319897595e-09,2.4515010329941724e-09,0.1,0.0,1
10,426,world,4.26,0.416,3.8074999141693113,0.3845823792470395,-0.9107162913538328,0.6209198064000494,0.6209198064243291,0.33831729782783065,-0.33831729781460157,-3.910122791005857e-12,0.05493388320615318,0.0835599693387493,-0.23760751154392326,-6.710413544080502e-09,4.3297420311473265e-09,0.1,0.0,1
10,427,world,4.2700000000000005,0.41700000000000004,3.8074999141693118,0.3851325166811538,-0.9098812174048012,0.6213213017696024,0.621321301791401,0.3375793831942068,-0.3375793831823631,-3.508293540116343e-12,0.05509317804208988,0.08345502820814685,-0.23760751154392776,4.624827098745374e-09,-2.9996464116073356e-09,0.1,0.0,1
10,428,world,4.28,0.41800000000000004,3.807499914169311,0.385684234312281,-0.9090471866133066,0.6217219202174964,0.6217219201732634,0.3368409920726652,-0.33684099209663004,7.114385560086917e-12,0.055249924334678915,0.0833513398873243,-0.23760751154394263,3.372358346130791e-09,-2.198696073514904e-09,0.1,0.0,1
10,429,world,4.29,0.41900000000000004,3.807499914169311,0.3862375067119629,-0.9082141863935284,0.6221216611055103,0.6221216610772462,0.336102125544859,-0.33610212556012875,4.543062171552726e-12,0.05540413364150372,0.08324891576131427,-0.19840332732077695,-4.758088713807018e-09,3.115636183630676e-09,0.1,0.0,1
10,430,world,4.3,0.42,3.8074999141693113,0.3867923094661812,-0.907382204647404,0.6223889998107875,0.6223889998373027,0.3356068129565059,-0.33560681294220834,-4.2601093127768685e-12,0.055556099481813705,0.08314757849971832,-0.15735953773966116,-3.5488182605826047e-09,2.3337758031965775e-09,0.1,0.0,1
10,431,world,4.3100000000000005,0.42100000000000004,3.8074999141693118,0.3873486223658976,-0.9065512319126919,0.6226497793624859,0.622649779387091,0.3351227420647029,-0.33512274205146003,-3.9515317193276675e-12,0.05570616396472666,0.08304711491879167,-0.15551993238172493,3.3468186168960336e-09,-2.208491225313063e-09,0.1,0.0,1
10,432,world,4.32,0.42200000000000004,3.8074999141693113,0.387906426422232,-0.9057212594016107,0.6229101824450753,0.6229101824216576,0.334638468524795,-0.3346384685373754,3.759278274106177e-12,0.055854331438693165,0.08294753558446817,-0.1555199323817098,3.0770842732164013e-09,-2.037382196003792e-09,0.1,0.0,1
10,433,world,4.33,0.42300000000000004,3.807499914169311,0.3884657026840504,-0.9048922782175631,0.6231702088530088,0.623170208831639,0.33415399265546036,-0.3341539926669193,3.4291137363350266e-12,0.05600060570472927,0.08284885129380759,-0.15551993238171413,-2.8671382390714936e-09,1.904789594502579e-09,0.1,0.0,1
10,434,world,4.34,0.424,3.807499914169311,0.3890264322385701,-0.9040642793568839,0.6234298584346916,0.6234298584541736,0.33366931474655254,-0.3336693147361254,-3.1248955079750752e-12,0.056144990631217355,0.08275107266386653,-0.15551993238172926,2.9008807059491738e-09,-1.9337234059664733e-09,0.1,0.0,1
10,435,world,4.3500000000000005,0.42500000000000004,3.8074999141693113,0.38958859621205755,-0.9032372537106654,0.6236891311151304,0.6236891310502553,0.33318443504726986,-0.3331844350819272,1.0401488083365574e-11,0.05628749016207049,0.08265421012419646,-0.15551993238172493,2.2001576103751288e-09,-1.4715623545324755e-09,0.1,0.0,1
10,436,world,4.36,0.42600000000000005,3.8074999141693113,0.3901521757704795,-0.9024111920665694,0.6239480266070985,0.6239480265935659,0.3326993539205487,-0.33269935392776445,2.1687768994322223e-12,0.0564281082930228,0.08255827393102942,-0.15551993238172093,-1.9108916602614103e-09,1.2823886015517273e-09,0.1,0.0,1
10,437,world,4.37,0.42700000000000005,3.807499914169311,0.3907171521201058,-0.901586085110629,0.6242065448589063,0.6242065448227072,0.33221407160368993,-0.3322140716229557,5.798983976069823e-12,0.05656684908917253,0.08246327415354536,-0.15551993238171413,-1.8226927320740328e-09,1.227320129553062e-09,0.1,0.0,1
10,438,world,4.38,0.428,3.8074999141693118,0.39128350650806903,-0.9007619234290355,0.6244646856408504,0.6244646856547504,0.3317285884292207,-0.33172858842183667,-2.2258356838112354e-12,0.05670371665838911,0.08236922069028654,-0.1555199323817058,-2.402645718345978e-09,1.6232646775484586e-09,0.1,0.0,1
10,439,world,4.39,0.429,3.8074999141693113,0.3918512202228767,-0.8999386975099114,0.6247224488652258,0.6247224488652257,0.33124290465432693,-0.33124290465432693,0.0,0.05683871516554139,0.08227612325778638,-0.15551993238172768,-4.961810741797436e-09,3.363555235738913e-09,0.1,0.0,1
10,440,world,4.4,0.43000000000000005,3.8074999141693113,0.39242027459488227,-0.8991163977450707,0.6249798342928035,0.6249798343816428,0.3307570206168997,-0.3307570205698835,-1.4214185587887117e-11,0.05697184881756604,0.0821839913992281,-0.15551993238173045,-1.7721248284755203e-09,1.2053210514520546e-09,0.1,0.0,1
10,441,world,4.41,0.43100000000000005,3.8074999141693118,0.3929906509967109,-0.8982950144317611,0.6252368418947616,0.6252368419215614,0.33027093654359646,-0.3302709365294398,-4.286195928179513e-12,0.05710312186098035,0.08209283448468588,-0.15551993238171688,2.802192941508548e-09,-1.912309970747153e-09,0.1,0.0,1
10,442,world,4.42,0.432,3.807499914169311,0.3935623308436425,-0.8974745377743966,0.6254934713994023,0.6254934714458746,0.3297846527898737,-0.32978465276537167,-7.4294061065062e-12,0.0572325385786862,0.08200266171191761,-0.15551993238171688,-6.455411032252734e-09,4.420141036404679e-09,0.1,0.0,1
10,443,world,4.43,0.433,3.8074999141693113,0.3941352955945579,-0.8966549578866938,0.6257497226631125,0.6257497227878476,0.3292981696435627,-0.3292981695779214,-1.9932906797699482e-11,0.05736010328460439,0.08191348210874395,-0.15551993238173045,5.552974209579529e-09,-3.814913812788696e-09,0.1,0.0,1
10,444,world,4.44,0.43400000000000005,3.8074999141693113,0.3947095267510404,-0.8958362647925346,0.6260055956806607,0.6260055956428213,0.328811487320096,-0.3288114873399713,6.044346725515521e-12,0.057485820323760976,0.08182530453169283,-0.15551993238172768,1.1809091801902345e-08,-8.139958657684883e-09,0.1,0.0,1
10,445,world,4.45,0.43500000000000005,3.8074999141693118,0.3952850058576407,-0.8950184484276489,0.6262610901041094,0.6262610900493008,0.3283246062154087,-0.3283246062441427,8.751363881765003e-12,0.057609694063711275,0.08173813767076904,-0.1555199323817058,-3.5621991949374575e-09,2.463578945836388e-09,0.1,0.0,1
10,446,world,4.46,0.436,3.8074999141693113,0.39586171450325547,-0.8942014986420921,0.6265162058076844,0.6265162058240843,0.327837526608657,-0.32783752660007537,-2.617544656361391e-12,0.05773172888667752,0.08165199005385701,-0.1555199323817169,-3.6824474992075976e-09,2.555214015670168e-09,0.1,0.0,1
10,447,world,4.47,0.437,3.8074999141693113,0.396439634320738,-0.8933854052015003,0.6267709427243545,0.6267709427256867,0.32735024874867097,-0.32735024874797514,-2.125403360093325e-13,0.05785192920003516,0.08156687003823378,-0.15551993238173048,-1.8427766746853865e-09,1.2829492644051344e-09,0.1,0.0,1
10,448,world,4.48,0.43800000000000006,3.8074999141693113,0.397018746987043,-0.892570157788723,0.6270253006277984,0.62702530067237,0.32686277296790184,-0.3268627729446671,-7.108159555206095e-12,0.05797029941962731,0.08148278582129331,-0.15551993238171383,-2.0428111887826197e-09,1.426931370951464e-09,0.1,0.0,1
10,449,world,4.49,0.43900000000000006,3.8074999141693118,0.39759903422332893,-0.8917557460054415,0.6272792794209773,0.627279279453572,0.3263750995314878,-0.3263750995145287,-5.196018668762844e-12,0.05808684396884012,0.08139974544026303,-0.15551993238171413,2.0908117006017663e-09,-1.4653048574875698e-09,0.1,0.0,1
10,450,world,4.5,0.44,3.807499914169311,0.3981804777950259,-0.8909421593737703,0.627532878926739,0.6275328789393029,0.3258872287466338,-0.3258872287401091,-2.0020364341640555e-12,0.05820156727686672,0.08131775677253006,-0.15551993238172804,7.968592889198061e-09,-5.60311467714147e-09,0.1,0.0,1
10,451,world,4.51,0.441,3.8074999141693118,0.3987630595118676,-0.8901293873378407,0.6277860990288254,0.6277860989391372,0.3253991608891266,-0.32539916093561455,1.4285947782550838e-11,0.05831447377785945,0.08123682753536936,-0.15551993238172493,8.179848987039752e-10,-5.770664052442859e-10,0.1,0.0,1
10,452,world,4.5200000000000005,0.44200000000000006,3.8074999141693113,0.39934676122921786,-0.8893174192663238,0.6280389394370434,0.6280389394370434,0.3249108963251214,-0.3249108963251214,0.0,0.05842556788689632,0.08115696530239208,-0.15551993238173048,-5.188190858889132e-09,3.67223483104282e-09,0.1,0.0,1
10,453,world,4.53,0.44300000000000006,3.8074999141693118,0.3999315648441192,-0.8885062444511705,0.6282914001442685,0.6282914001343802,0.32442243527430564,-0.32442243527941145,1.5737661236352155e-12,0.0585348540404702,0.08107817747372503,-0.1555199323817058,-1.747475091834886e-09,1.240957837129263e-09,0.1,0.0,1
10,454,world,4.54,0.444,3.8074999141693118,0.40051745229893815,-0.8876958521118102,0.6285434809246995,0.6285434809516424,0.32393377806987844,-0.32393377805599277,-4.2864550336573525e-12,0.058642336645358485,0.08100047131203897,-0.15551993238170303,7.025799443311983e-10,-5.005678446741613e-10,0.1,0.0,1
10,455,world,4.55,0.445,3.8074999141693118,0.401104405580228,-0.886886231395927,0.6287951816915323,0.6287951816707873,0.3234449249734888,-0.32344492498415983,3.299070104993441e-12,0.058748020107044344,0.0809238539214632,-0.155519932381736,-2.1654908824567933e-09,1.547967933886834e-09,0.1,0.0,1
10,456,world,4.5600000000000005,0.44600000000000006,3.8074999141693113,0.4016924067184812,-0.8860773713808807,0.6290465021858707,0.629046502246324,0.3229558763356339,-0.3229558763045968,-9.610069010578894e-12,0.05885190880607251,0.08084833226407163,-0.15551993238172496,-4.2288162254463325e-09,3.032848806747263e-09,0.1,0.0,1
10,457,world,4.57,0.44700000000000006,3.8074999141693113,0.40228143778795844,-0.8852692610751867,0.6292974423686518,0.6292974424133869,0.3224666323939791,-0.32246663237105583,-7.108564545820644e-12,0.05895400711780231,0.08077391314498832,-0.1555199323817141,3.6606205057448424e-09,-2.633973268785519e-09,0.1,0.0,1
10,458,world,4.58,0.448,3.8074999141693113,0.40287148090648517,-0.8844618894199756,0.629548002052333,0.6295480020560522,0.3219771934628087,-0.32197719346090653,-5.907610095773165e-13,0.059054319377579094,0.08070060323721805,-0.1555199323817086,2.881882006781839e-09,-2.0804519278271313e-09,0.1,0.0,1
10,459,world,4.59,0.449,3.8074999141693118,0.40346251823617346,-0.8836552452911436,0.6297981810541129,0.6297981810541129,0.3214875598540803,-0.3214875598540803,0.0,0.05915284990869936,0.08062840906081979,-0.15551993238173323,-2.639398098226237e-09,1.91165216333979e-09,0.1,0.0,1
10,460,world,4.6000000000000005,0.45000000000000007,3.8074999141693118,0.40405453198064406,-0.8828493174989356,0.630047979217113,0.6300479792619013,0.32099773186665725,-0.3209977318438385,-7.108586046096581e-12,0.05924960300597668,0.08055733699443,-0.15551993238173886,6.620012764235481e-10,-4.810487282541422e-10,0.1,0.0,1
10,461,world,4.61,0.45100000000000007,3.8074999141693113,0.4046475043864863,-0.882044094790635,0.6302973964644896,0.6302973964541738,0.3205077097589179,-0.3205077097641635,1.6366111620467439e-12,0.059344582931706615,0.08048739327784071,-0.1555199323817058,-1.5137258664466855e-09,1.1035413146414386e-09,0.1,0.0,1
10,462,world,4.62,0.452,3.8074999141693118,0.40524141774314254,-0.8812395658521104,0.6305464325285501,0.6305464325969976,0.3200174938866254,-0.32001749385188666,-1.0855130195781326e-11,0.059437793908810245,0.0804185840167172,-0.15551993238170583,-4.4989752296044035e-09,3.290598288045148e-09,0.1,0.0,1
10,463,world,4.63,0.453,3.8074999141693118,0.40583625438215526,-0.8804357193088953,0.6307950873692529,0.6307950874292493,0.3195270844900037,-0.3195270844596127,-9.511147255227556e-12,0.059529240134306174,0.0803509151723371,-0.15551993238172246,-8.125836615119403e-10,5.962774346507848e-10,0.1,0.0,1
10,464,world,4.64,0.45399999999999996,3.807499914169311,0.4064319966767881,-0.8796325437275451,0.6310433607778005,0.6310433608590224,0.31903648189526046,-0.3190364818541972,-1.2870927346654701e-11,0.059618925757277876,0.0802843925775626,-0.15551993238172493,6.8297978159769975e-09,-5.028068878616212e-09,0.1,0.0,1
10,465,world,4.65,0.45500000000000007,3.8074999141693118,0.40702862704162135,-0.8788300276169788,0.6312912526936518,0.6312912526466157,0.31854568635379915,-0.3185456863775334,7.450754853762808e-12,0.05970685489023784,0.08021902192819408,-0.128029515177184,1.089495735953292e-08,-8.042381459670484e-09,0.1,0.0,1
10,466,world,4.66,0.456,3.8074999141693113,0.4076261279195577,-0.8780281594204353,0.6314513044235955,0.6314513043338503,0.318228298842225,-0.3182282988874533,1.4212422965310569e-11,0.059793025729348484,0.08015481316882643,-0.08692252691642767,-8.380014405163876e-09,6.200719885671431e-09,0.1,0.0,1
10,467,world,4.67,0.457,3.8074999141693113,0.4082244816421745,-0.8772269274127319,0.6315679020660797,0.6315679021507005,0.31799683180804794,-0.31799683176544097,-1.3398440307851522e-11,0.0598774233002323,0.08009178596413491,-0.07330646719298474,-8.824219923506813e-09,6.54129448129902e-09,0.1,0.0,1
10,468,world,4.68,0.45799999999999996,3.8074999141693118,0.4088236704830424,-0.8764263197408856,0.6316844165909911,0.6316844166399852,0.3177653187699724,-0.3177653187453261,-7.756043899514212e-12,0.05996005001835369,0.08002994690612088,-0.07330745047392673,7.87611158003954e-09,-5.847413355447941e-09,0.1,0.0,1
10,469,world,4.69,0.4590000000000001,3.8074999141693118,0.4094236767525993,-0.8756263244963016,0.6318008477754031,0.6318008477361027,0.31753376004582584,-0.31753376006557765,6.220311384283003e-12,0.06004090967233403,0.07996930139571451,-0.07330835498256852,-1.2498003752238395e-09,9.293136537785453e-10,0.1,0.0,1
10,470,world,4.7,0.46,3.8074999141693113,0.4100244827990389,-0.874826929717124,0.6319171953509373,0.631917195419633,0.31730215597650824,-0.3173021559420144,-1.0870856155632709e-11,0.060120006017131,0.07990985468951957,-0.07330918071311471,-7.137291397699389e-10,5.315137695321906e-10,0.1,0.0,1
10,471,world,4.71,0.461,3.8074999141693118,0.41062607100783866,-0.8740281233895816,0.6320334593745852,0.6320334593465191,0.3170705067398558,-0.3170705067539356,4.440521642961319e-12,0.06019734276048022,0.07985161190969949,-0.07330992766025027,4.357078977088347e-09,-3.249699411994312e-09,0.1,0.0,1
10,472,world,4.72,0.46199999999999997,3.8074999141693113,0.4112284238012654,-0.8732298934493142,0.6321496395383885,0.6321496395383885,0.31683881269738007,-0.31683881269738007,0.0,0.060272923551472395,0.07979457805238628,-0.07331059581912637,-5.322701090372736e-09,3.975982399747254e-09,0.1,0.0,1
10,473,world,4.73,0.4630000000000001,3.8074999141693118,0.4118315236378555,-0.8724322277826869,0.6322657357480289,0.632265735803965,0.3166070741036994,-0.31660707407568944,-8.846790637981871e-12,0.0603467519893393,0.07973875798090396,-0.07331118518542949,2.6015192332549516e-09,-1.946262769868719e-09,0.1,0.0,1
10,474,world,4.74,0.464,3.8074999141693118,0.41243535301187495,-0.8716351142280848,0.6323817479514954,0.6323817479104036,0.3163752911927432,-0.31637529121330116,6.497847937397713e-12,0.060418831626326844,0.07968415642340432,-0.07331169575540163,2.381134392013763e-09,-1.7841216214945748e-09,0.1,0.0,1
10,475,world,4.75,0.465,3.8074999141693113,0.4130398944527548,-0.8708385405771968,0.6324976758520297,0.6324976758703478,0.31614346432132556,-0.31614346431216955,-2.896104904660179e-12,0.06048916594019893,0.07963077799355647,-0.07331212752572612,2.4319159977115356e-10,-1.8250680380913047e-10,0.1,0.0,1
10,476,world,4.76,0.46599999999999997,3.807499914169311,0.4136451305245082,-0.8700424945762802,0.6326135194475053,0.6326135194025514,0.31591159369923005,-0.31591159372167893,7.105923754840224e-12,0.06055775836793558,0.07957862716490358,-0.07331248049358306,3.1868122109299447e-10,-2.395125978939383e-10,0.1,0.0,1
10,477,world,4.7700000000000005,0.4670000000000001,3.807499914169311,0.4142510438251231,-0.8692469639274149,0.6327292784745144,0.6327292784877945,0.31567967966723687,-0.3156796796606112,-2.098808623678696e-12,0.0606246122692967,0.07952770829841282,-0.07331275465673784,2.8386601170102156e-09,-2.1366854645602604e-09,0.1,0.0,1
10,478,world,4.78,0.468,3.807499914169311,0.41485761698593837,-0.868451936289738,0.6328449529335962,0.6328449528436566,0.3154477224347171,-0.31544772247954844,1.4211699860952056e-11,0.06068973095467711,0.0794780256212301,-0.07331295001341696,4.493322783349664e-10,-3.387387896087657e-10,0.1,0.0,1
10,479,world,4.79,0.46900000000000003,3.8074999141693118,0.4154648326709971,-0.8676573992806693,0.6329605425037972,0.6329605425099586,0.31521572237178475,-0.3152157223687163,-9.734322580481843e-13,0.060753117653079516,0.07942958325102228,-0.07331306656237989,-5.296236146684932e-10,3.9987738927299186e-10,0.1,0.0,1
10,480,world,4.8,0.47,3.8074999141693113,0.41607267357638134,-0.8668633404771192,0.6330760472365029,0.633076047154933,0.3149836796633464,-0.3149836797039312,1.2884469089118253e-11,0.0608147755424443,0.07938238517279586,-0.07331310430284395,2.715486412511684e-09,-2.0533465657530876e-09,0.1,0.0,1
10,481,world,4.8100000000000005,0.4710000000000001,3.8074999141693113,0.41668112242953176,-0.8660697474166834,0.6331914668338063,0.633191466796857,0.3147515946686652,-0.3147515946870323,5.835300059754329e-12,0.06087470771795524,0.07933643526308404,-0.07331306323455078,-1.037063583538915e-08,7.853825238710585e-09,0.1,0.0,1
10,482,world,4.82,0.47200000000000003,3.8074999141693113,0.417290161988544,-0.865276607598826,0.6333068011846948,0.6333068012678682,0.31451946765427236,-0.3145194676129659,-1.3132928549874627e-11,0.06093291721104319,0.07929173727540693,-0.07331294335778359,-3.5594197447214127e-09,2.6997101419176075e-09,0.1,0.0,1
10,483,world,4.83,0.47300000000000003,3.8074999141693113,0.4178997750414523,-0.8644839084860452,0.6334220502796918,0.6334220502993243,0.314287298836745,-0.31428729882700385,-3.0993811435743664e-12,0.06098940698441968,0.07924829484404583,-0.07331274467334457,1.0887403066272905e-08,-8.270350423723136e-09,0.1,0.0,1
10,484,world,4.84,0.474,3.8074999141693113,0.41850994440549244,-0.8636916375050324,0.6335372139113491,0.6335372138213133,0.31405508853140646,-0.31405508857603864,1.4211303022011481e-11,0.06104417991521397,0.07920611149702395,-0.0733124671824828,4.060968592134655e-09,-3.0895094807778883e-09,0.1,0.0,1
10,485,world,4.8500000000000005,0.4750000000000001,3.807499914169311,0.41912065292635253,-0.8628997820478099,0.6336522918409636,0.6336522917959377,0.313822837069304,-0.31382283709160347,7.1056253744902476e-12,0.061097238810528934,0.07916519064417894,-0.07331211088698276,-4.338571557632998e-09,3.305735148641417e-09,0.1,0.0,1
10,486,world,4.86,0.47600000000000003,3.807499914169311,0.41973188347740403,-0.8621083294728666,0.6337672840184132,0.633767283997482,0.313590544688359,-0.31359054469871595,3.3026349855961716e-12,0.061148586401239796,0.07912553558194797,-0.07331167578917872,-2.8244437098991063e-09,2.1553247230290662e-09,0.1,0.0,1
10,487,world,4.87,0.47700000000000004,3.8074999141693113,0.42034361895891964,-0.8613172671062727,0.6338821902972848,0.6338821902972847,0.3133582116746216,-0.3133582116746216,0.0,0.06119822533714329,0.079087149497148,-0.07331116189182416,3.942402313586454e-11,-3.0131455587365905e-11,0.1,0.0,1
10,488,world,4.88,0.478,3.807499914169311,0.4209558422972758,-0.8605265822427872,0.6339970105600921,0.633997010538524,0.3131258383002034,-0.3131258383108557,3.401867709998036e-12,0.061246158190698445,0.07905003546412831,-0.07331056919827883,2.9078325687405385e-09,-2.225712869089421e-09,0.1,0.0,1
10,489,world,4.89,0.479,3.8074999141693113,0.42156853644414327,-0.8597362621469529,0.6341117446504677,0.634111744604027,0.312893424856801,-0.3128934248797166,7.323643054078512e-12,0.06129238744833675,0.07901419645154263,-0.07330989771235509,-2.7317123234486945e-09,2.0940862032747615e-09,0.1,0.0,1
10,490,world,4.9,0.48000000000000004,3.807499914169311,0.4221816843756598,-0.8589462940541802,0.634226392383675,0.6342263924057594,0.3126609716504223,-0.31266097163953516,-3.4820212848098516e-12,0.061336915514191126,0.07897963531952386,-0.07330914743836038,1.3638369434149435e-09,-1.0470819594448035e-09,0.1,0.0,1
10,491,world,4.91,0.48100000000000004,3.8074999141693113,0.4227952690915931,-0.8581566651718213,0.6343409537498539,0.6343409536815823,0.3124284789012162,-0.3124284789348418,1.0762484110630616e-11,0.061379744712926745,0.0789463548175338,-0.07330831838114919,5.605086341949644e-09,-4.3098389831421974e-09,0.1,0.0,1
10,492,world,4.92,0.482,3.8074999141693113,0.42340927361449,-0.8573673626802315,0.6344554284884497,0.634455428420824,0.3121959469532787,-0.31219594698655523,1.0658716182955311e-11,0.061420877273629916,0.07891435759693982,-0.07330741054608957,-4.234996066781688e-09,3.261280426937212e-09,0.1,0.0,1
10,493,world,4.93,0.483,3.807499914169311,0.4240236809888138,-0.8565783737338235,0.6345698164764775,0.6345698164760192,0.3119633760832035,-0.31196337608342883,7.223640830255115e-14,0.0614603153467846,0.07888364619788941,-0.0733064239389853,-1.523906137875171e-09,1.1753044035934496e-09,0.1,0.0,1
10,494,world,4.94,0.48400000000000004,3.8074999141693118,0.42463847428006896,-0.8557896854621094,0.6346841176673261,0.6346841176241048,0.3117307665304502,-0.3117307665516787,6.809821978822643e-12,0.06149806099534514,0.0788542230563006,-0.05826525184303662,-6.860179479614582e-10,5.297401706153645e-10,0.1,0.0,1
10,495,world,4.95,0.48500000000000004,3.8074999141693104,0.4252536363296422,-0.8550012847800641,0.6347514749942912,0.6347514750048361,0.31159358945185506,-0.31159358944667875,-1.6612260544357675e-12,0.061533920078329855,0.0788262435981426,-0.0179944712493882,-3.327652060764424e-09,2.5713001311476973e-09,0.1,0.0,1
10,496,world,4.96,0.486,3.80749991416931,0.42586913883577643,-0.8542131498606019,0.6347402016679257,0.6347402016780864,0.3116165534461641,-0.31161655344117584,-1.6007532627541796e-12,0.06156583153987925,0.07880132224019601,0.0072356506588511435,-2.1596668916517435e-09,1.6694104446736245e-09,0.1,0.0,1
10,497,world,4.97,0.487,3.807499914169311,0.42648493797580544,-0.8534252466882225,0.6347289274917679,0.6347289275369644,0.3116395170439365,-0.3116395170217459,-7.120487239354757e-12,0.06159324756945002,0.07877989498500516,0.007235651450436984,-2.183736526846499e-09,1.6877679824017267e-09,0.1,0.0,1
10,498,world,4.98,0.48800000000000004,3.80749991416931,0.4271009888145119,-0.8526375402980826,0.6347176525011786,0.6347176525463747,0.3116624802276062,-0.3116624802054138,-7.120506367509908e-12,0.061616171779285855,0.07876196655280732,0.007235652166275488,1.351854740441697e-09,-1.044672682605254e-09,0.1,0.0,1
10,499,world,4.99,0.48900000000000005,3.8074999141693104,0.42771724644907877,-0.8518499956813986,0.634706376689616,0.6347063767131235,0.31168544300017764,-0.3116854429886339,-3.703599986076677e-12,0.061634607189629015,0.07874754089227252,0.007235652806352769,4.5204673377352146e-10,-3.4927200051550825e-10,0.1,0.0,1
10,500,world,5.0,0.49,3.807499914169311,0.42833366600389994,-0.8510625777937344,0.6346951000283069,0.6346951000662499,0.3117084053755749,-0.31170840535694067,-5.977993694895365e-12,0.06164855621151871,0.07873662119392233,0.0072356533706569295,-3.7249509065336957e-09,2.877649510082129e-09,0.1,0.0,1
10,501,world,5.01,0.491,3.8074999141693104,0.4289502026247975,-0.850275251562821,0.634683822520007,0.6346838226032632,0.3117313673522417,-0.31173136731134965,-1.3117430485098518e-11,0.06165802063795628,0.07872920989702209,0.007235653859210173,6.521164169909368e-09,-5.037069377110402e-09,0.1,0.0,1
10,502,world,5.0200000000000005,0.49200000000000005,3.80749991416931,0.42956681147215287,-0.8494879818955371,0.6346725442778988,0.6346725442112463,0.3117543288743787,-0.31175432890711874,1.0501628820283642e-11,0.06166300164490986,0.07872530868875552,0.007235654271985543,4.144726232510537e-09,-3.2009908640559327e-09,0.1,0.0,1
10,503,world,5.03,0.49300000000000005,3.80749991416931,0.4301834477150877,-0.8487007336857004,0.6346612650878334,0.6346612651046135,0.311777290046968,-0.3117772900387248,-2.643881845384657e-12,0.06166349980218379,0.07872491849564583,0.0072356546090052475,-6.679601322334679e-09,5.157897724543634e-09,0.1,0.0,1
10,504,world,5.04,0.494,3.8074999141693104,0.43080006652537983,-0.847913471821658,0.634649985096486,0.6346499851369553,0.31180025079775936,-0.311800250777877,-6.376478803426484e-12,0.06165951504963229,0.0787280395020997,0.007235654870260153,-4.59004501474919e-09,3.543836061032212e-09,0.1,0.0,1
10,505,world,5.05,0.495,3.8074999141693104,0.43141662307097706,-0.8471261611935624,0.6346387042610049,0.6346387043513886,0.31182321114759814,-0.311823211103189,-1.4241428511518647e-11,0.06165104671231039,0.07873467113842875,0.0072356550557419385,3.2916835952379153e-09,-2.541029888721906e-09,0.1,0.0,1
10,506,world,5.0600000000000005,0.49600000000000005,3.8074999141693104,0.43203307251027917,-0.8463387667012497,0.634627422670941,0.6346274226586286,0.3118461710522769,-0.31184617105832707,1.940057666085043e-12,0.06163809350891965,0.07874481207410225,0.007235655165448625,5.432679311156615e-09,-4.193145834214251e-09,0.1,0.0,1
10,507,world,5.07,0.49700000000000005,3.8074999141693104,0.43264936998558146,-0.8455512532614634,0.634616140190979,0.634616140194256,0.3118691305780782,-0.3118691305764678,-5.163497657783055e-13,0.061620653523168235,0.07875846024001266,0.007235655199416301,-2.7012725413423668e-09,2.0846421829184526e-09,0.1,0.0,1
10,508,world,5.08,0.498,3.8074999141693104,0.43326547061650234,-0.8447635858150658,0.6346048568743302,0.6346048569053253,0.3118920896986528,-0.3118920896834196,-4.884031846473147e-12,0.06159872422756716,0.07877561280965152,0.007235655157627505,2.8612223726396857e-09,-2.207749263111437e-09,0.1,0.0,1
10,509,world,5.09,0.499,3.8074999141693104,0.4338813294953967,-0.8439757293358071,0.634593572777844,0.6345935727352529,0.3119150483858539,-0.31191504840678824,6.711436980830143e-12,0.06157230250580005,0.07879626618142671,0.007235655040057461,5.035316612508884e-09,-3.884725877704377e-09,0.1,0.0,1
10,510,world,5.1000000000000005,0.5,3.8074999141693096,0.43449690167987054,-0.8431876488368276,0.634582287817773,0.6345822877680523,0.3119380066806367,-0.31193800670507765,7.835053344389856e-12,0.06154138461893041,0.07882041600489607,0.007235654846706571,-3.3617969548618256e-09,2.593227024270274e-09,0.1,0.0,1
10,511,world,5.11,0.501,3.807499914169311,0.4351121421862384,-0.8423993093779016,0.6345710019934058,0.634571002004701,0.3119609645831504,-0.3119609645775977,-1.779927018904157e-12,0.06150596621330376,0.07884805717433968,0.007235654577605165,-2.8270996679479783e-10,2.180519655629904e-10,0.1,0.0,1
10,512,world,5.12,0.502,3.807499914169311,0.4357270059858789,-0.8416106760749467,0.6345597153976975,0.6345597153525097,0.3119839220474931,-0.3119839220697099,7.12104505828123e-12,0.06146604237616071,0.07887918378515346,0.007235654232764341,2.640349052812826e-09,-2.0361115589121213e-09,0.1,0.0,1
10,513,world,5.13,0.503,3.8074999141693113,0.4363414479975807,-0.8408217141063972,0.6345484279367064,0.6345484279056863,0.3120068791196428,-0.3120068791348953,4.888468432337658e-12,0.06142160758586941,0.07891378917253607,0.007235653812145243,-3.8467284946534256e-10,2.965960812874136e-10,0.1,0.0,1
10,514,world,5.14,0.504,3.807499914169311,0.4369554230812047,-0.8400323887206198,0.6345371396569759,0.634537139617954,0.31202983577651194,-0.3120298357957007,6.149587334154187e-12,0.06137265573991766,0.0789518658894744,0.007235653315739547,3.704059284749479e-09,-2.8555241529607447e-09,0.1,0.0,1
10,515,world,5.15,0.505,3.807499914169311,0.4375688860331843,-0.8392426652447532,0.6345258505692283,0.6345258504788561,0.3120527920126208,-0.3120527920570648,1.424239134800257e-11,0.0613191801724767,0.07899340569297758,0.0072356527435888844,-1.6349449586227977e-09,1.2602238708031228e-09,0.1,0.0,1
10,516,world,5.16,0.506,3.8074999141693104,0.43818179158146364,-0.8384525090931143,0.6345145605874737,0.6345145605746494,0.3120757478700548,-0.3120757478763622,2.0211201299335886e-12,0.061261173660146356,0.07903839953959968,0.007235652095687709,-1.660338534775695e-11,1.2798095927533816e-11,0.1,0.0,1
10,517,world,5.17,0.507,3.807499914169311,0.43879409437823597,-0.8376618857738849,0.6345032698537075,0.6345032697636046,0.3120987032787731,-0.3120987033230928,1.4200521135560401e-11,0.061198628431437085,0.07908683757813878,0.007235651371994377,3.2166325187078545e-09,-2.478649232471416e-09,0.1,0.0,1
10,518,world,5.18,0.508,3.807499914169311,0.43940574899337426,-0.8368707608963586,0.6344919782391368,0.6344919781747815,0.31212165830191685,-0.31212165833357475,1.0142799861093354e-11,0.06113153615772317,0.07913870915675203,0.007235650572533879,-4.0136366487636474e-09,3.0923236220896687e-09,0.1,0.0,1
10,519,world,5.19,0.509,3.807499914169311,0.44001670991454445,-0.8360791001833376,0.6344806857890065,0.6344806857632016,0.3121446129170292,-0.3121446129297244,4.067082762680357e-12,0.0610598880164154,0.07919400277434405,0.0036855143599012798,-1.1948164682569561e-09,9.20480358809975e-10,0.1,0.0,1
10,520,world,5.2,0.51,3.8074999141693113,0.44062693725842167,-0.8352868738798062,0.6344804745101158,0.634480474464901,0.3121450423876099,-0.31214504240985425,7.126295681043425e-12,0.06098602622974089,0.0792508965545839,-0.001177214586239306,-1.6109558132288023e-09,1.2410170114061287e-09,0.1,0.0,1
10,521,world,5.21,0.511,3.8074999141693113,0.44123644434455594,-0.8344940933003782,0.6344843603440532,0.6344843603440532,0.3121371437025681,-0.3121371437025681,0.0,0.060916101504716214,0.0793046567199374,-0.002489807755120203,-6.866060498643646e-09,5.289463312343747e-09,0.1,0.0,1
10,522,world,5.22,0.512,3.807499914169311,0.4418452735140075,-0.8337007919797352,0.6344882460699337,0.6344882461347037,0.312129244973855,-0.3121292449419922,-1.0208204357283455e-11,0.06085044438234132,0.0793550465847736,-0.0024898077869947056,5.279593429653809e-09,-4.067488013491131e-09,0.1,0.0,1
10,523,world,5.23,0.513,3.8074999141693113,0.44245346748652203,-0.8329070035684044,0.6344921318045866,0.6344921317200123,0.31212134614400744,-0.31212134618561155,1.3329410664804764e-11,0.0607890635033058,0.07940207653702173,-0.0024898078158105447,1.807495819870172e-09,-1.392606863303666e-09,0.1,0.0,1
10,524,world,5.24,0.514,3.807499914169311,0.44306106906499654,-0.8321127616161227,0.6344960173060824,0.6344960173418979,0.31211344733204566,-0.3121134473144277,-5.6446751399394854e-12,0.06073196685052001,0.07944575635279294,-0.002489807841545513,3.1202429532255177e-09,-2.40413938781684e-09,0.1,0.0,1
10,525,world,5.25,0.515,3.8074999141693113,0.4436681211290872,-0.8313180995780947,0.6344999028546661,0.6344999027201046,0.31210554840012145,-0.31210554846631117,2.1207266010472144e-11,0.06067916180101704,0.07948609515585728,-0.0024898078641635325,5.21244159000242e-09,-4.016366406538203e-09,0.1,0.0,1
10,526,world,5.26,0.516,3.807499914169312,0.44427466662867315,-0.8305230508211575,0.6345037881763238,0.6345037881286348,0.31209764948303076,-0.31209764950648794,7.515870404569335e-12,0.060630655073903666,0.07952310145680513,-0.0024898078837173356,-6.922065699126648e-09,5.333980480078254e-09,0.1,0.0,1
10,527,world,5.2700000000000005,0.517,3.8074999141693104,0.44488074857841114,-0.8297276486307785,0.6345076734311004,0.6345076734074337,0.31208975050205645,-0.3120897505136971,3.729845404919424e-12,0.06058645279648731,0.07955678310200216,-0.0024898079001985964,2.1438573141180458e-09,-1.6521006786548948e-09,0.1,0.0,1
10,528,world,5.28,0.518,3.8074999141693118,0.4454864100509314,-0.8289319262170217,0.6345115586287614,0.6345115585467247,0.31208185145240497,-0.31208185149275436,1.2928839521202414e-11,0.06054656049196086,0.07958714728266948,-0.0024898079135545798,4.167344247893796e-09,-3.2115796136920862e-09,0.1,0.0,1
10,529,world,5.29,0.519,3.807499914169312,0.4460916941709941,-0.8281359167212566,0.6345154437031186,0.6345154436126845,0.31207395236663993,-0.3120739524111181,1.4252144708813305e-11,0.06051098307532299,0.07961420053770543,-0.00248980792383802,-9.903819432246115e-09,7.632829091786326e-09,0.1,0.0,1
10,530,world,5.3,0.52,3.807499914169312,0.446696644109596,-0.8273396532228225,0.6345193285914172,0.6345193286680579,0.31206605327563236,-0.31206605323793934,-1.2078220809533795e-11,0.06047972486766526,0.07963794874261587,-0.0024898079310489186,-1.2419562601846149e-08,9.572198590313882e-09,0.1,0.0,1
10,531,world,5.3100000000000005,0.521,3.8074999141693113,0.447301303078105,-0.826543168745719,0.6345232134489678,0.6345232135575232,0.3120581541030049,-0.31205815404961745,-1.7107702914511612e-11,0.06045278962521075,0.07965839708737563,-0.002489807935153968,4.53936055458119e-09,-3.498823453546687e-09,0.1,0.0,1
10,532,world,5.32,0.522,3.807499914169312,0.4479057143224584,-0.8257464962653455,0.6345270982764657,0.6345270982803742,0.3120502548484272,-0.312050254846505,-6.159779691800244e-13,0.060430180515914825,0.07967555009420361,-0.002489807936169823,6.774983352809112e-09,-5.222250410425996e-09,0.1,0.0,1
10,533,world,5.33,0.523,3.8074999141693118,0.4485099211174103,-0.82494966871528,0.6345309829552552,0.6345309829552553,0.3120423555702615,-0.3120423555702615,0.0,0.06041190012989015,0.07968941160967485,-0.0024898079341159093,1.2489509427962321e-09,-9.627534881424475e-10,0.1,0.0,1
10,534,world,5.34,0.524,3.8074999141693118,0.44911396676083476,-0.8241527189940906,0.6345348675417984,0.6345348675256944,0.3120344562407488,-0.31203445624866794,2.5378303929630927e-12,0.060397950500440147,0.07969998478887172,-0.00248980792898668,3.5778602306779186e-09,-2.7581562037156402e-09,0.1,0.0,1
10,535,world,5.3500000000000005,0.525,3.8074999141693118,0.44971789456805816,-0.8233556799721818,0.6345387520425536,0.6345387519852221,0.31202655685672187,-0.3120265568849139,9.034827538711696e-12,0.0603883330861327,0.07970727210912623,-0.0024898079207321716,8.245265582259922e-10,-6.356554172572466e-10,0.1,0.0,1
10,536,world,5.36,0.526,3.807499914169312,0.45032174786622875,-0.8225585844986543,0.6345426364103324,0.6345426363810157,0.31201865744139323,-0.31201865745580887,4.619954451164128e-12,0.06038304879194888,0.0797112753541751,-0.002489807909410672,-8.771605664943717e-09,6.76267791835865e-09,0.1,0.0,1
10,537,world,5.37,0.527,3.8074999141693118,0.4509255699887065,-0.8217614654081851,0.6345465206374842,0.6345465207207152,0.31201075799853134,-0.31201075795760613,-1.311613336725962e-11,0.06038209795858657,0.07971199562248871,-0.0024898078950138553,-4.650965724143167e-09,3.5859593076433963e-09,0.1,0.0,1
10,538,world,5.38,0.528,3.807499914169312,0.4515294042694808,-0.8209643555279255,0.6345504048415515,0.6345504048867671,0.3120028584703481,-0.312002858448116,-7.125353316274443e-12,0.06038548036993283,0.07970943332186259,-0.00248980787751674,6.95151158930031e-09,-5.359990229990346e-09,0.1,0.0,1
10,539,world,5.39,0.529,3.8074999141693118,0.4521332940376461,-0.820167287684439,0.6345542889649325,0.6345542889367624,0.31199495888517675,-0.3119949588990273,4.4391859370781365e-12,0.06039319525458538,0.07970358816854814,-0.002489807856927654,6.96938340444106e-09,-5.374040102368429e-09,0.1,0.0,1
10,540,world,5.4,0.53,3.807499914169313,0.45273728261164886,-0.8193702947104642,0.6345581729723964,0.6345581729059212,0.31198705926034803,-0.31198705929303133,1.0475477907811988e-11,0.06040524126837471,0.0796944592008092,-0.0024898078332576995,-8.38576430604075e-09,6.466532865403197e-09,0.1,0.0,1
10,541,world,5.41,0.531,3.807499914169312,0.45334141329379035,-0.8185734094518665,0.6345620567759763,0.6345620568821995,0.3119791596391181,-0.311979159586894,-1.6739064633528588e-11,0.06042161651671767,0.0796820447623347,-0.0024898078065068753,-2.648431474401818e-09,2.042388480771946e-09,0.1,0.0,1
10,542,world,5.42,0.532,3.8074999141693118,0.4539457293646059,-0.8177766647744913,0.6345659406326444,0.6345659406086143,0.31197125989515506,-0.311971259906969,3.786753631589962e-12,0.06044231854700019,0.07966634250838278,-0.002489807776661305,8.924719297843155e-09,-6.882841519662589e-09,0.1,0.0,1
10,543,world,5.43,0.533,3.8074999141693118,0.45455027407722143,-0.816980093571009,0.6345698243321846,0.6345698242953707,0.3119633601318197,-0.31196336014991793,5.8012364060604155e-12,0.060467344334388766,0.07964734941695463,-0.0024898077437293144,4.616224070141494e-09,-3.560264583514573e-09,0.1,0.0,1
10,544,world,5.44,0.534,3.807499914169312,0.45515509065169124,-0.8161837287677143,0.6345737079575362,0.6345737078595187,0.31195546030834465,-0.31195546035652993,1.544578313563567e-11,0.06049669028541463,0.07962506178654194,-0.040009832613043333,3.3331310823597712e-09,-2.5728253547936224e-09,0.1,0.0,1
10,545,world,5.45,0.535,3.8074999141693127,0.4557602223198151,-0.815387603369732,0.6346945895832428,0.6346945894929726,0.3117094448316155,-0.31170944487594865,1.4222183834427893e-11,0.06053037724664763,0.07959945621911324,-0.10202015193637881,-6.033080638010462e-09,4.66306935130554e-09,0.1,0.0,1
10,546,world,5.46,0.536,3.807499914169312,0.45636571300909295,-0.8145917509926724,0.6348916350528835,0.6348916350516391,0.31130790504013295,-0.31130790504074296,1.9594822608921276e-13,0.060568501641453026,0.07957045060139666,-0.1265104463731651,-4.363371939727764e-09,3.3796641174714805e-09,0.1,0.0,1
10,547,world,5.47,0.537,3.807499914169312,0.45697160716358803,-0.8137962057395989,0.635088426542217,0.635088426521994,0.31090624066090483,-0.310906240670805,3.184169486998983e-12,0.06061106932232954,0.07953803037292138,-0.12651044637317346,-3.0060323366560896e-09,2.3344249432195333e-09,0.1,0.0,1
10,548,world,5.48,0.538,3.8074999141693127,0.4575779491893047,-0.8130010017917184,0.6352849638753432,0.6352849639224563,0.3105044519022613,-0.31050445187923414,-7.415669342647818e-12,0.060658075016907675,0.0795021882418541,-0.1265104463731762,-1.9171086502899386e-09,1.4926563969660605e-09,0.1,0.0,1
10,549,world,5.49,0.539,3.807499914169312,0.45818478343810665,-0.8122061734079942,0.6354812470686827,0.6354812470793274,0.31010253887847855,-0.310102538873284,-1.675006698741596e-12,0.06070951300354749,0.07946291607329861,-0.12651044637316794,2.9397075954729783e-09,-2.294853808508803e-09,0.1,0.0,1
10,550,world,5.5,0.54,3.8074999141693127,0.4587921542022632,-0.8114117549328597,0.6356772759790197,0.6356772759787483,0.3097005017820036,-0.3097005017821358,4.268811672348012e-14,0.060765377076396856,0.079420204915143,-0.12651044637317346,4.876572669756111e-09,-3.816779855547951e-09,0.1,0.0,1
10,551,world,5.51,0.541,3.807499914169312,0.459400105710987,-0.8106177808054502,0.6358730505691529,0.6358730505010496,0.3092983407536139,-0.30929834078674034,1.0709499270440699e-11,0.060825660562869976,0.07937404498380139,-0.1265104463731762,-2.8140108866531085e-09,2.2082161438929566e-09,0.1,0.0,1
10,552,world,5.5200000000000005,0.542,3.807499914169312,0.4600086821215279,-0.8098242855646764,0.6360685706417066,0.6360685706869393,0.30889605601210046,-0.3088960559901339,-7.1107893115680985e-12,0.06089035626794664,0.07932442570584758,-0.12651044637317904,-3.6763796266235665e-09,2.8924495520450297e-09,0.1,0.0,1
10,553,world,5.53,0.543,3.807499914169312,0.46061792751800973,-0.8090313038602338,0.6362638362926263,0.6362638362840077,0.30849364763376347,-0.3084936476379421,1.3544389548899796e-12,0.060959456500089264,0.07927133569717193,-0.12651044637317618,2.937523231089351e-09,-2.3171706850355343e-09,0.1,0.0,1
10,554,world,5.54,0.544,3.8074999141693127,0.46122788590504366,-0.8082388704596257,0.636458847330136,0.6364588473277711,0.30809111583482446,-0.30809111583596915,3.715231014174556e-13,0.061032953050984544,0.07921476277737831,-0.12651044637316516,3.2068189997765913e-09,-2.536171949512506e-09,0.1,0.0,1
10,555,world,5.55,0.545,3.807499914169312,0.461838601204148,-0.8074470202573663,0.6366536037385455,0.6366536036778625,0.3076884607461472,-0.30768846077547474,9.530769556335465e-12,0.061110837178879565,0.07915469398144669,-0.1265104463731762,-4.411694409764504e-09,3.4981804569642356e-09,0.1,0.0,1
10,556,world,5.5600000000000005,0.546,3.807499914169312,0.462450117243589,-0.8066557882791049,0.636848105313469,0.6368481053828157,0.3072856825899368,-0.3072856825564764,-1.0888084367883097e-11,0.061193099567756204,0.07909111559012603,-0.1265104463731735,-3.2748174026157722e-09,2.603458421647239e-09,0.1,0.0,1
10,557,world,5.57,0.547,3.8074999141693113,0.4630624777568972,-0.8058652096924527,0.6370423521746525,0.6370423521672349,0.3068827814319577,-0.306882781435531,1.1642830430091841e-12,0.06127973036088069,0.0790240131029661,-0.12651044637316788,1.5391275696154096e-09,-1.2267773405485081e-09,0.1,0.0,1
10,558,world,5.58,0.548,3.8074999141693118,0.4636757263761963,-0.8050753198138341,0.6372363440767338,0.6372363441210382,0.3064797575142879,-0.3064797574929796,-6.9519642816936496e-12,0.06137071909454082,0.07895337128849511,-0.1265104463731707,-4.548113100304762e-10,3.6344548184727913e-10,0.1,0.0,1
10,559,world,5.59,0.549,3.8074999141693118,0.46428990662835046,-0.8042861541175194,0.6374300810543485,0.6374300810543485,0.3060766109441339,-0.3060766109441339,0.0,0.06146605472965005,0.0788791741587833,-0.12651044637317344,-4.043988445923751e-11,3.240741873342877e-11,0.1,0.0,1
10,560,world,5.6000000000000005,0.55,3.8074999141693113,0.4649050619225228,-0.8034977482380021,0.6376235629373168,0.637623562982309,0.30567334192733703,-0.30567334190576806,-7.055572319874797e-12,0.061565725580286126,0.07880140502410413,-0.12651044637318182,-6.250474029215452e-10,5.020818434707833e-10,0.1,0.0,1
10,561,world,5.61,0.551,3.8074999141693118,0.4655212355495422,-0.8027101379815439,0.6378167897327489,0.6378167897429761,0.30526995058469414,-0.3052699505797992,-1.6033316550972618e-12,0.06166971933547977,0.07872004647536202,-0.12651044637317346,2.747786065568867e-09,-2.2129817774973845e-09,0.1,0.0,1
10,562,world,5.62,0.552,3.8074999141693118,0.46613847067455044,-0.80192335933253,0.6380097613111831,0.6380097613111831,0.3048664371026222,-0.3048664371026222,0.0,0.06177802301913922,0.07863508041482953,-0.1265104463731707,5.2271423366407e-09,-4.220676324087675e-09,0.1,0.0,1
10,563,world,5.63,0.553,3.8074999141693118,0.4667568103311003,-0.8011374484609477,0.638202477640323,0.6382024775648022,0.30446280162111977,-0.304462801657148,1.1832351075113562e-11,0.06189062298700681,0.07854648805822056,-0.12651044637316383,0.0,-1.3877791509691063e-15,0.1,0.0,1
10,564,world,5.64,0.5539999999999999,3.807499914169312,0.46737629740829656,-0.8003524417243937,0.6383949385348907,0.6383949385348907,0.3040590443532853,-0.3040590443532853,0.0,0.06200750487050993,0.07845424997878502,-0.12651044637317904,-7.110577913611528e-09,5.771261398373487e-09,0.1,0.0,1
10,565,world,5.65,0.555,3.8074999141693118,0.46799697465040935,-0.799568375679877,0.6385871440104615,0.6385871440518579,0.3036551654164707,-0.3036551653967863,-6.4819719049967565e-12,0.06212865359246442,0.07835834609527922,-0.12651044637317477,-2.7584275560983444e-09,2.2446495099432225e-09,0.1,0.0,1
10,566,world,5.66,0.556,3.8074999141693127,0.4686188846497868,-0.7987852870903979,0.6387790939917467,0.6387790940371807,0.3032511649715494,-0.3032511649499802,-7.112105477917751e-12,0.06225405333404646,0.0782587556985268,-0.12651044637317346,3.7829555143013834e-09,-3.0863181360979493e-09,0.1,0.0,1
10,567,world,5.67,0.557,3.8074999141693118,0.4692420698328398,-0.7980032129259794,0.6389707884184846,0.638970788397514,0.30284704317237393,-0.30284704318231326,3.2817247894876704e-12,0.062383687494910224,0.07815545748402593,-0.12651044637318049,4.917290110045815e-10,-4.022019901964135e-10,0.1,0.0,1
10,568,world,5.68,0.5579999999999999,3.8074999141693118,0.4698665724562043,-0.7972221903727554,0.639162227116395,0.6391622271537355,0.3024428002268976,-0.30244280020922865,-5.8417155784853854e-12,0.06251753867297069,0.07804842956955389,-0.12651044637317344,-1.2688686821973988e-09,1.0405595829548798e-09,0.1,0.0,1
10,569,world,5.69,0.559,3.8074999141693113,0.4704924346014057,-0.7964422568408989,0.6393534101190628,0.6393534101190628,0.3020384362446699,-0.3020384362446699,0.0,0.06265558866226591,0.07793764949871748,-0.12651044637317477,3.761256199496622e-09,-3.0924770999697785e-09,0.1,0.0,1
10,570,world,5.7,0.56,3.8074999141693118,0.4711196981626417,-0.7956634499670193,0.6395443372959554,0.639544337271035,0.3016339514130824,-0.30163395142483584,3.8963846653091545e-12,0.06279781840997879,0.07782309427764568,-0.12651044637317066,-1.501460467899808e-09,1.237674182441917e-09,0.1,0.0,1
10,571,world,5.71,0.561,3.8074999141693118,0.4717484048359772,-0.794885807617619,0.6397350085395203,0.6397350085644165,0.3012293459086355,-0.30122934589691275,-3.891437099995185e-12,0.06294420797121389,0.07770474041444689,-0.12651044637317493,9.706710249121336e-10,-8.021987993219371e-10,0.1,0.0,1
10,572,world,5.72,0.5619999999999999,3.8074999141693118,0.47237859611754157,-0.7941093678997933,0.6399254238687161,0.6399254238276643,0.30082461984835746,-0.30082461986765563,6.414832101260043e-12,0.06309473653122025,0.07758256390488717,-0.12651044637317344,2.6624931589503094e-09,-2.2060595350923504e-09,0.1,0.0,1
10,573,world,5.73,0.5630000000000001,3.8074999141693118,0.47301031329124527,-0.7933341691634718,0.6401155831056493,0.640115583086294,0.3004197734420544,-0.3004197734511383,3.0236378226590576e-12,0.0632493823347489,0.07745654029372054,-0.12651044637317754,2.683964877973954e-10,-2.2294672060316222e-10,0.1,0.0,1
10,574,world,5.74,0.5640000000000001,3.8074999141693113,0.4736435974133397,-0.7925602500009639,0.6403054862419978,0.6403054861964533,0.30001480681986165,-0.3000148068412015,7.1127346218087214e-12,0.06340812267090744,0.07732664469218327,-0.126510446373179,1.3443916235931335e-09,-1.1196754845724734e-09,0.1,0.0,1
10,575,world,5.75,0.5650000000000001,3.8074999141693113,0.4742784893127667,-0.791787649259333,0.6404951331628569,0.6404951331210781,0.2996097201620769,-0.29960972018162013,6.522742352161709e-12,0.06357093385320899,0.07719285180009175,-0.12651044637318049,1.605702111045785e-09,-1.340758417775971e-09,0.1,0.0,1
10,576,world,5.76,0.566,3.8074999141693113,0.4749150295780547,-0.7910164060417936,0.6406845238245035,0.6406845237521275,0.29920451361573125,-0.2992045136495313,1.1296445813111195e-11,0.0637377911969048,0.07705513593096679,-0.1265104463731679,-1.7892581082277657e-09,1.4978550176655908e-09,0.1,0.0,1
10,577,world,5.7700000000000005,0.5670000000000001,3.8074999141693118,0.47555325853899105,-0.7902465597046306,0.6408736580884373,0.6408736580765428,0.2987991873722393,-0.29879918737778494,1.855951796134182e-12,0.06390866895773105,0.07691347107010021,-0.1293384083138308,-9.664927110990776e-09,8.112215940321858e-09,0.1,0.0,1
10,578,world,5.78,0.5680000000000001,3.8074999141693113,0.4761932162418485,-0.789478149848483,0.6410709741092356,0.6410709741985992,0.2983756124581191,-0.2983756124165263,-1.3939627159386169e-11,0.06408348467406051,0.07676787734482082,-0.1498964999138954,2.0079140320176957e-09,-1.6903637602610033e-09,0.1,0.0,1
10,579,world,5.79,0.5690000000000001,3.8074999141693113,0.47683492815246253,-0.7887112043553511,0.6413208274730771,0.6413208274275088,0.2978382048565439,-0.2978382048777064,7.1053295111880836e-12,0.06425857922776629,0.07662137427395102,-0.16762662957329347,5.325248293755604e-09,-4.4967314836161545e-09,0.1,0.0,1
10,580,world,5.8,0.57,3.8074999141693113,0.4774783814758551,-0.7879457192842677,0.6415702302398658,0.6415702302398659,0.29730058807537785,-0.29730058807537785,0.0,0.06443176862630147,0.07647579480912087,-0.1676266295732925,-8.127544113655765e-09,6.886430764314916e-09,0.1,0.0,1
10,581,world,5.8100000000000005,0.5710000000000001,3.807499914169311,0.47812355720219973,-0.7871816853430859,0.6418191823018697,0.6418191823930082,0.2967627624608091,-0.2967627624186688,-1.4199974283805744e-11,0.06460306121616186,0.07633115013872675,-0.16762662957327765,-2.6080122507208245e-09,2.217271849773407e-09,0.1,0.0,1
10,582,world,5.82,0.5720000000000001,3.807499914169311,0.47877043640563566,-0.7864190931290315,0.6420676835761524,0.6420676836201105,0.2962247283481536,-0.2962247283278731,-6.846311028359555e-12,0.06477246540846925,0.07618745122990175,-0.16762662957328414,1.0806868798202393e-08,-9.219024309220284e-09,0.1,0.0,1
10,583,world,5.83,0.5730000000000001,3.8074999141693118,0.47941900024417217,-0.7856579331302916,0.6423157338630151,0.6423157337717437,0.2956864861271441,-0.29568648616916043,1.4209745279955044e-11,0.06493998964217247,0.07604470885784581,-0.16762662957327962,8.598403796696526e-11,-7.360782100403238e-11,0.1,0.0,1
10,584,world,5.84,0.574,3.8074999141693118,0.4800692299606968,-0.7848981957285712,0.6425633328096669,0.6425633328522043,0.2951480362580226,-0.2951480362384839,-6.619959264391075e-12,0.06510564241597926,0.07590293357705383,-0.1676266295732953,2.1454403864407906e-09,-1.84267965028165e-09,0.1,0.0,1
10,585,world,5.8500000000000005,0.5750000000000001,3.8074999141693118,0.4807211068832054,-0.7841398712009842,0.6428104805287207,0.6428104804010197,0.2946093789872958,-0.2946093790458229,1.9866015804783442e-11,0.0652694322612237,0.07576213574271473,-0.1676266295732943,9.056865058302009e-09,-7.805174054140477e-09,0.1,0.0,1
10,586,world,5.86,0.5760000000000001,3.8074999141693113,0.48137461242514185,-0.7833829497220709,0.6430571766011691,0.6430571764899706,0.2940705148060344,-0.2940705148568856,1.7292158590691803e-11,0.06543136773306313,0.07562232551687807,-0.1676266295732814,-1.1881576291567543e-08,1.027427235940824e-08,0.1,0.0,1
10,587,world,5.87,0.5770000000000001,3.8074999141693113,0.48202972808568717,-0.7826274213657823,0.6433034208625897,0.6433034209368874,0.2935314440884398,-0.2935314440545387,-1.154941137792978e-11,0.06559145741138919,0.07548351286638638,-0.16762662957329624,-5.248623440269241e-09,4.553988487367745e-09,0.1,0.0,1
10,588,world,5.88,0.578,3.8074999141693118,0.4826864354500045,-0.7818732761074296,0.6435492133653203,0.6435492133434756,0.2929921671103541,-0.2929921671202994,3.3944144873377337e-12,0.06574970992107351,0.07534570754392508,-0.16762662957329072,2.4713409568274662e-09,-2.151543840377104e-09,0.1,0.0,1
10,589,world,5.89,0.579,3.8074999141693113,0.48334471618942615,-0.781120503825613,0.6437945537208049,0.643794553752969,0.29245268434910227,-0.2924526843344913,-4.996011673924715e-12,0.06590613387988974,0.07520891913201554,-0.1676266295732832,-2.988519166146303e-09,2.6106282149476834e-09,0.1,0.0,1
10,590,world,5.9,0.5800000000000001,3.8074999141693113,0.4840045520616002,-0.7803690943041104,0.6440394418602358,0.6440394418894879,0.2919129961364975,-0.2919129961232389,-4.541978785377863e-12,0.06606073792101323,0.0750731570225417,-0.16762662957328872,5.699601795184792e-09,-4.995753374642992e-09,0.1,0.0,1
10,591,world,5.91,0.5810000000000001,3.8074999141693113,0.48466592491058574,-0.7796190372337403,0.6442838776290336,0.6442838775635602,0.29137310284384943,-0.29137310287345936,1.0162179668275376e-11,0.06621353069409333,0.07493843041472353,-0.16762662957328514,5.655711882910283e-09,-4.974067933259518e-09,0.1,0.0,1
10,592,world,5.92,0.582,3.807499914169311,0.4853288166669016,-0.7788703222141938,0.6445278607633914,0.6445278606955763,0.29083300489211233,-0.29083300492271286,1.0521644410694672e-11,0.06636452084360159,0.07480474833323866,-0.16762662957329066,4.1860146079808254e-10,-3.6939496552395026e-10,0.1,0.0,1
10,593,world,5.93,0.583,3.8074999141693113,0.48599320934753387,-0.7781229387558325,0.644771391139394,0.6447713910666717,0.290292702639173,-0.2902927026719144,1.127870988130944e-11,0.0665137170173622,0.07467211961993757,-0.16762662957329982,-6.5333907793813554e-09,5.784936352378182e-09,0.1,0.0,1
10,594,world,5.94,0.5840000000000001,3.8074999141693118,0.48665908505589667,-0.7773768762814538,0.645014468523518,0.6450144685682252,0.289752196492634,-0.2897521964725508,-6.931141117467988e-12,0.0666611278494204,0.07454055294833294,-0.16762662957327762,-4.215879621328902e-09,3.74553619223686e-09,0.1,0.0,1
10,595,world,5.95,0.5850000000000001,3.8074999141693113,0.48732642598174725,-0.7766321241280316,0.6452570928872463,0.6452570928872463,0.2892114867682467,-0.2892114867682467,0.0,0.06680676197446427,0.07441005681013338,-0.16762662957328517,2.954138318530612e-10,-2.633533514451585e-10,0.1,0.0,1
10,596,world,5.96,0.586,3.8074999141693113,0.48799521440106297,-0.7758886715484181,0.6454992639369054,0.6454992639765369,0.2886705739011988,-0.2886705738834754,-6.139628573718937e-12,0.06695062800421694,0.07428063953575631,-0.16762662957329624,2.7362097634109423e-09,-2.447411476104002e-09,0.1,0.0,1
10,597,world,5.97,0.587,3.807499914169311,0.48866543267587614,-0.7751465077130146,0.6457409816078846,0.6457409815604737,0.28812945822425984,-0.28812945824541464,7.342037459008844e-12,0.0670927345363324,0.07415230928593682,-0.16762662957328872,4.735533629152371e-09,-4.2500051175296736e-09,0.1,0.0,1
10,598,world,5.98,0.5880000000000001,3.8074999141693113,0.4893370632550596,-0.7744056217123131,0.6459822456210949,0.6459822455785483,0.2875881401663923,-0.2875881401853339,6.58629764242664e-12,0.06723309013894656,0.07402507406526715,-0.16762662957328045,1.1005285174525879e-09,-9.910396592679632e-10,0.1,0.0,1
10,599,world,5.99,0.5890000000000001,3.8074999141693113,0.4900100886715849,-0.7736660025562492,0.6462230558674619,0.6462230558008746,0.28704662008088405,-0.2870466201104615,1.0303958251395526e-11,0.06737170336512592,0.07389894170880583,-0.1676266295732907,-3.513133097655465e-09,3.1742762185039455e-09,0.1,0.0,1
10,600,world,6.0,0.59,3.8074999141693113,0.4906844915437823,-0.7729276391771598,0.6464634121087385,0.6464634121273775,0.28650489837879667,-0.28650489837053617,-2.8831729126904953e-12,0.06750858272161309,0.07377391991021708,-0.16762662957329072,-1.6379683064600177e-09,1.4849822775791254e-09,0.1,0.0,1
10,601,world,6.01,0.591,3.8074999141693118,0.49136025457544114,-0.7721905204317185,0.6467033143016688,0.646703314263628,0.2859629753849751,-0.28596297540179627,5.882214816967843e-12,0.0676437367025262,0.07365001619089648,-0.16762662957328597,3.870719448003207e-09,-3.5210198481597108e-09,0.1,0.0,1
10,602,world,6.0200000000000005,0.5920000000000001,3.8074999141693113,0.49203736055498987,-0.7714546351020265,0.6469427621839416,0.6469427621348907,0.2854208515216933,-0.2854208515433338,7.581879097155848e-12,0.06777717374196392,0.07352723794317068,-0.16762662957328875,-2.1723383273663882e-09,1.982742677103798e-09,0.1,0.0,1
10,603,world,6.03,0.5930000000000001,3.8074999141693113,0.4927157923550973,-0.7707199718970946,0.6471817555801569,0.647181755580157,0.2848785271728744,-0.2848785271728744,0.0,0.06790890224693834,0.07340559240014193,-0.16762662957329072,-1.6367387338844224e-09,1.4989225219604508e-09,0.1,0.0,1
10,604,world,6.04,0.594,3.807499914169311,0.49339553293224786,-0.7699865194542861,0.6474202943871604,0.6474202943668107,0.2843360026909645,-0.2843360026999017,3.1431334947415104e-12,0.06803893057788524,0.07328508665354579,-0.16762662957329066,-2.5382763343287195e-10,2.3323992557852013e-10,0.1,0.0,1
10,605,world,6.05,0.595,3.8074999141693118,0.4940765653262759,-0.7692542663407328,0.647658378380104,0.6476583783845693,0.2837932784822737,-0.2837932784803171,-6.894297786205684e-13,0.06816726704123033,0.07316572766076747,-0.16762662957329427,-6.234191085241393e-09,5.74781186482768e-09,0.1,0.0,1
10,606,world,6.0600000000000005,0.5960000000000001,3.807499914169311,0.49475887266020524,-0.7685232010550338,0.6478960073842077,0.6478960074737201,0.28325035493127376,-0.2832503548921403,-1.381565837538087e-11,0.06829391989741479,0.07304752223755089,-0.16762662957329433,-5.371983153863072e-10,4.96954099675604e-10,0.1,0.0,1
10,607,world,6.07,0.5970000000000001,3.8074999141693113,0.4954424381398725,-0.7677933120287552,0.6481331813429633,0.648133181356918,0.2827072323710976,-0.2827072323650108,-2.1530321892918814e-12,0.06841889735147395,0.0729304770669195,-0.16762662957328517,5.720204768613515e-10,-5.309491446099498e-10,0.1,0.0,1
10,608,world,6.08,0.598,3.8074999141693113,0.4961272450508318,-0.7670645876253692,0.6483698999389313,0.6483699000183887,0.2821639112491521,-0.28216391121457307,-1.225475969736985e-11,0.06854220754886413,0.07281459870333995,-0.16762662957328794,2.357740108189682e-09,-2.1958348209077164e-09,0.1,0.0,1
10,609,world,6.09,0.599,3.8074999141693113,0.496813276761015,-0.7663370161445848,0.64860616316275,0.64860616313492,0.28162039187875554,-0.2816203918908391,4.29066411384059e-12,0.06866385857795626,0.07269989357066779,-0.16762662957328042,6.995865499101361e-09,-6.537395910818339e-09,0.1,0.0,1
10,610,world,6.1000000000000005,0.6000000000000001,3.8074999141693113,0.4975005167189002,-0.765610585822475,0.6488419707168672,0.6488419706721299,0.28107667469897285,-0.2810766747183529,6.894854232045818e-12,0.06878385845711493,0.07258636797465196,-0.1676266295732943,-3.197282825905643e-09,2.9978131249936623e-09,0.1,0.0,1
10,611,world,6.11,0.6010000000000001,3.8074999141693118,0.49818894845285944,-0.7648852848327008,0.6490773224354804,0.6490773224645267,0.28053276009167966,-0.28053276007912586,-4.4749287641545574e-12,0.06890221514477234,0.0724740280938179,-0.16762662957329624,-4.428307018785766e-09,4.1659986652519195e-09,0.1,0.0,1
10,612,world,6.12,0.602,3.8074999141693118,0.4988785555704776,-0.7641611012877034,0.6493122182329303,0.6493122182671158,0.27998864840446974,-0.27998864838972864,-5.26481896000432e-12,0.06901893652464834,0.07236287999386537,-0.1676266295732796,2.633025587179951e-09,-2.4853852846660935e-09,0.1,0.0,1
10,613,world,6.13,0.603,3.807499914169312,0.4995693217578426,-0.7634380232398689,0.6495466579385355,0.6495466579205657,0.2794443400221072,-0.2794443400298382,2.7665098220140565e-12,0.0691340304141199,0.07225292962018597,-0.167626629573286,-2.9758764955326787e-09,2.8184676136061807e-09,0.1,0.0,1
10,614,world,6.140000000000001,0.6040000000000001,3.8074999141693113,0.5002612307788087,-0.7627160386826559,0.6497806412801621,0.6497806413676378,0.27889983537315505,-0.2788998353356086,-1.346217907331441e-11,0.06924750454408021,0.07214418281758822,-0.16762662957328878,1.4663888087665188e-09,-1.3935026330664554e-09,0.1,0.0,1
10,615,world,6.15,0.6050000000000001,3.8074999141693118,0.5009542664746779,-0.7619951355521271,0.650014168290846,0.6500141682465649,0.2783551347553423,-0.27835513477430474,6.812248172594165e-12,0.06935936658759158,0.07203664530340156,-0.15439749258770652,4.872235108257038e-09,-4.64436174191641e-09,0.1,0.0,1
10,616,world,6.16,0.606,3.8074999141693118,0.5016484126777786,-0.7612753016453531,0.6502104810130092,0.6502104810130092,0.2778962583066409,-0.2778962583066409,0.0,0.06946957585919444,0.07193036931605196,-0.12948354601611756,-5.5843179031208864e-09,5.3383881688788995e-09,0.1,0.0,1
10,617,world,6.17,0.607,3.807499914169312,0.5023436515860588,-0.7605565230485639,0.6503740473324773,0.6503740473886607,0.2775132402723974,-0.27751324024842405,-8.638514506660425e-12,0.06957788314441342,0.07182560947978342,-0.11779873643008486,-3.4710020669464813e-10,3.3267007959474503e-10,0.1,0.0,1
10,618,world,6.18,0.608,3.807499914169312,0.5030399638965356,-0.7598387842498124,0.650537388081433,0.6505373880876884,0.27713012594241027,-0.2771301259397455,-9.615437632536634e-13,0.06968425743442903,0.07172241118236491,-0.11779873643008386,2.56757452506216e-09,-2.4666829843655942e-09,0.1,0.0,1
10,619,world,6.19,0.6090000000000001,3.807499914169311,0.5037373303128706,-0.7591220695894437,0.6507005031233816,0.6507005031332571,0.27674691548364994,-0.27674691547944974,-1.5176701574057127e-12,0.06978870529998583,0.07162078338409689,-0.117798736430095,1.867809117474922e-09,-1.798650533718764e-09,0.1,0.0,1
10,620,world,6.2,0.6100000000000001,3.8074999141693113,0.5044357316034712,-0.758406363318497,0.6508633924490059,0.65086339242151,0.2763636090089301,-0.2763636090206051,4.224423955452204e-12,0.06989123328425781,0.07152073482568154,-0.11779873643008586,-3.016559922290537e-10,2.9117548445270496e-10,0.1,0.0,1
10,621,world,6.21,0.611,3.8074999141693113,0.5051351486014564,-0.7576916496011408,0.6510260559411984,0.651026055956538,0.2759802066769568,-0.2759802066704541,-2.3561630091789798e-12,0.06999184789583365,0.07142227403357085,-0.11779873643008863,-1.17589298848726e-10,1.1377845743534496e-10,0.1,0.0,1
10,622,world,6.22,0.612,3.8074999141693113,0.5058355622055227,-0.7569779125179985,0.6511884936254091,0.6511884936000305,0.27559670858600016,-0.275596708596741,3.897201908977221e-12,0.0700905556066283,0.07132540932062112,-0.11779873643010053,-2.5136287758192867e-10,2.43775889232711e-10,0.1,0.0,1
10,623,world,6.23,0.6130000000000001,3.807499914169312,0.5065369533788282,-0.7562651360675685,0.6513507053605065,0.6513507053804153,0.27521311490500977,-0.27521311489659783,-3.0564524756533687e-12,0.07018736283631816,0.07123014880009043,-0.11779873643008941,-4.510809436716702e-10,4.3849378721887985e-10,0.1,0.0,1
10,624,world,6.24,0.6140000000000001,3.8074999141693118,0.507239303148527,-0.7555533041682789,0.6515126911744151,0.6515126911572211,0.27482942573145264,-0.27482942573870567,2.6390420505054764e-12,0.07028227596659017,0.07113650037045724,-0.11779873643008586,3.1256005018725378e-09,-3.045550627725908e-09,0.1,0.0,1
10,625,world,6.25,0.615,3.807499914169312,0.5079425926052605,-0.7548424006605142,0.6516744509610762,0.6516744509241164,0.27444564121952075,-0.274445641235086,5.671398641555051e-12,0.07037530131679197,0.07104447173827631,-0.11779873643011081,-5.3056044060753415e-09,5.181911654737158e-09,0.1,0.0,1
10,626,world,6.26,0.616,3.807499914169311,0.5086468029026053,-0.7541324093086071,0.651835984604938,0.6518359846844197,0.27406176152732536,-0.2740617614939076,-1.2193189861859763e-11,0.07046644514745017,0.07095407041376411,-0.11779873643009219,3.0653403577163955e-09,-3.000934917383701e-09,0.1,0.0,1
10,627,world,6.2700000000000005,0.6170000000000001,3.807499914169312,0.5093519152565558,-0.7534233138028837,0.6519972922624857,0.6519972921695695,0.27367778669869086,-0.2736777867376927,1.4250644305199001e-11,0.07055571366667074,0.07086530370348224,-0.11779873643008386,9.152855591968635e-09,-8.981706346467332e-09,0.1,0.0,1
10,628,world,6.28,0.6180000000000001,3.8074999141693113,0.5100579109454461,-0.752715097762147,0.6521583736445524,0.6521583735568126,0.273293716964851,-0.27329371700161925,1.345338966294637e-11,0.07064311300986041,0.07077817872957802,-0.11779873643009138,-5.620805122337388e-09,5.528712101145849e-09,0.1,0.0,1
10,629,world,6.29,0.619,3.8074999141693118,0.5107647713070993,-0.7520077447334073,0.6523192287378137,0.6523192287477114,0.2729095524410561,-0.27290955243691517,-1.5172732086234632e-12,0.07072864924372112,0.07069270242506415,-0.11779873643009418,-6.5347964387440694e-09,6.4428879921730624e-09,0.1,0.0,1
10,630,world,6.3,0.62,3.8074999141693113,0.5114724777405059,-0.7513012381961321,0.6524798575704793,0.6524798576024503,0.2725252932253919,-0.27252529321203833,-4.8997998444755124e-12,0.07081232836983734,0.07060888152946719,-0.11779873643008387,5.396129236881314e-10,-5.332735487513789e-10,0.1,0.0,1
10,631,world,6.3100000000000005,0.6210000000000001,3.8074999141693113,0.5121810117042349,-0.7505955615632525,0.6526402600760649,0.6526402600760649,0.2721409394557283,-0.2721409394557283,0.0,0.07089415630552749,0.07052672260730282,-0.11779873643010053,5.30722810762379e-10,-5.257254182170099e-10,0.1,0.0,1
10,632,world,6.32,0.6220000000000001,3.8074999141693118,0.5128903547156493,-0.7498906981829739,0.6528004361448004,0.6528004361670339,0.27175649128799045,-0.27175649127873486,-3.4057528056318767e-12,0.07097413888998284,0.07044623204136206,-0.11779873643009141,3.531004084189552e-09,-3.5060379381492296e-09,0.1,0.0,1
10,633,world,6.33,0.623,3.8074999141693113,0.5136004883500874,-0.7491866313405608,0.6529603858029452,0.652960385737963,0.2713719488214854,-0.27137194884849214,9.951678015194963e-12,0.07105228187833942,0.07036741603811383,-0.11779873643008305,2.035705408761969e-10,-2.0260742217958857e-10,0.1,0.0,1
10,634,world,6.34,0.624,3.8074999141693113,0.5143113942400133,-0.7484833442600882,0.653120108854941,0.6531201088734336,0.2709873122478456,-0.2709873122401728,-2.831356653204445e-12,0.07112859093679887,0.07029028063214385,-0.11779873643010051,-6.5661213886278396e-09,6.550496383721338e-09,0.1,0.0,1
10,635,world,6.3500000000000005,0.6250000000000001,3.8074999141693118,0.5150230540741281,-0.7477808201061686,0.6532796053536228,0.6532796054097904,0.2706025816554927,-0.27060258163222695,-8.597565883559834e-12,0.07120307164947408,0.07021483167878323,-0.117798736430095,-1.8011596383347118e-09,1.801120780519863e-09,0.1,0.0,1
10,636,world,6.36,0.6260000000000001,3.8074999141693118,0.5157354495964547,-0.7470790419856485,0.653438875241785,0.6534388752935755,0.2702177571787173,-0.2702177571573004,-7.925621390258271e-12,0.0712757294965252,0.07014107487583982,-0.1177987364300886,5.659196643407954e-10,-5.672394422665512e-10,0.1,0.0,1
10,637,world,6.37,0.627,3.8074999141693104,0.5164485626053882,-0.7463779929492769,0.6535979184439953,0.653597918489716,0.26983283895939497,-0.2698328389405195,-6.99508422306778e-12,0.07134656986826558,0.07006901574899349,-0.11779873643008586,5.309029444898439e-09,-5.333963672019421e-09,0.1,0.0,1
10,638,world,6.38,0.628,3.8074999141693118,0.5171623749532183,-0.745677655993857,0.6537567349473508,0.6537567349007661,0.2694478271136381,-0.26944782713283816,7.12555289004916e-12,0.07141559805921932,0.06999865965748224,-0.11779873643008942,9.571601282569744e-09,-9.63922914597668e-09,0.1,0.0,1
10,639,world,6.390000000000001,0.6290000000000001,3.8074999141693118,0.5178768685437115,-0.7449780140624254,0.6539153246501507,0.6539153245182354,0.2690627217942782,-0.26906272184855656,2.0172739700006057e-11,0.0714828192503312,0.06993001181198587,-0.11779873643009775,-4.357074043384045e-09,4.398196713726832e-09,0.1,0.0,1
10,640,world,6.4,0.6300000000000001,3.8074999141693113,0.5185920253322683,-0.7442790500470561,0.6540736873750527,0.6540736874094326,0.26867752318515453,-0.26867752317103205,-5.256184501075936e-12,0.07154823852228091,0.06986307726087364,-0.11779873643010526,-6.366939005272079e-09,6.442213531529616e-09,0.1,0.0,1
10,641,world,6.41,0.631,3.8074999141693113,0.5193078273246995,-0.7435807467902575,0.6542318233000008,0.6542318232865371,0.2682922313241359,-0.2682922313296572,2.0579125122048713e-12,0.071611860856556,0.06979786088886436,-0.11779873643009141,-2.0353279328462957e-09,2.0642492493265802e-09,0.1,0.0,1
10,642,world,6.42,0.632,3.8074999141693113,0.5200242565760105,-0.7428830870863825,0.654389732196244,0.6543897322685809,0.26790684641629736,-0.26790684638668266,-1.1053921207217119e-11,0.07167369110953839,0.06973436744342404,-0.11779873643008763,-7.215812950666463e-10,7.33570318726587e-10,0.1,0.0,1
10,643,world,6.43,0.633,3.8074999141693118,0.5207412951892857,-0.7421860536831402,0.6545474141548924,0.6545474141548925,0.26752136853556896,-0.26752136853556896,0.0,0.07173373403899841,0.06967260150749535,-0.11779873643010053,1.6180865947912508e-09,-1.6488231263366092e-09,0.1,0.0,1
10,644,world,6.44,0.6340000000000001,3.8074999141693113,0.5214589253145466,-0.7414896292830819,0.6547048689849458,0.6547048690270681,0.2671357978714543,-0.2671357978542674,-6.433706009315492e-12,0.07179199428040131,0.06961256752370813,-0.1177987364300932,-6.812413321372386e-10,6.958227271592316e-10,0.1,0.0,1
10,645,world,6.45,0.635,3.8074999141693118,0.5221771291475873,-0.7407937965450645,0.6548620967247557,0.6548620967375097,0.26675013451972307,-0.26675013451452795,-1.947545304970602e-12,0.071848476348994,0.06955426979221371,-0.1177987364300886,3.1506138324023187e-09,-3.2256441095379505e-09,0.1,0.0,1
10,646,world,6.46,0.636,3.807499914169311,0.5228958889287855,-0.7400985380856878,0.6550190972841891,0.6550190972672618,0.266364378628713,-0.2663643786355964,2.5842016840381583e-12,0.07190318464437338,0.06949771246593049,-0.11779873643009041,2.942666236239067e-09,-3.019850346540597e-09,0.1,0.0,1
10,647,world,6.47,0.637,3.8074999141693113,0.5236151869418901,-0.739403836480715,0.6551758706065646,0.6551758705640739,0.2659785303331474,-0.26597853035039715,6.485333357247664e-12,0.07195612344017283,0.06944289956116904,-0.1177987364300866,-5.86272832646865e-09,6.030714823397085e-09,0.1,0.0,1
10,648,world,6.48,0.6380000000000001,3.8074999141693113,0.5243350055127963,-0.7387096742664663,0.6553324165588766,0.6553324166521783,0.2655925897987409,-0.2655925897609277,-1.4237220732578168e-11,0.07200729689026175,0.06938983495122107,-0.0925588873821368,-6.310999846778866e-09,6.503849777028826e-09,0.1,0.0,1
10,649,world,6.49,0.639,3.8074999141693113,0.5250553274101926,-0.7380160343587324,0.6554217766309823,0.6554217767072708,0.2653719930137363,-0.26537199298284814,-1.1639533660184938e-11,0.07205685484602786,0.06933837083245085,-0.06198361985640406,1.0460688541299851e-09,-1.0799237196549728e-09,0.1,0.0,1
10,650,world,6.5,0.64,3.8074999141693118,0.5257761381729629,-0.7373229024781064,0.6554969145710532,0.6554969146446675,0.2651863400469055,-0.26518634001712427,-1.1230254066905823e-11,0.07210507624839792,0.06928822395770239,-0.05664842447329391,7.107903535105488e-09,-7.34701089292866e-09,0.1,0.0,1
10,651,world,6.51,0.641,3.807499914169311,0.526497424510883,-0.7366302655020993,0.6555720005791136,0.6555720005213869,0.2650006643168259,-0.2650006643401607,8.805505483921998e-12,0.07215197032709178,0.0692393903635674,-0.056648852486106904,5.043243870247983e-09,-5.218793732069746e-09,0.1,0.0,1
10,652,world,6.5200000000000005,0.6420000000000001,3.807499914169311,0.5272191731639696,-0.7359381102842142,0.6556470344516627,0.6556470344301278,0.2648149660169459,-0.26481496602564386,3.28452375064239e-12,0.07219753972084257,0.06919187277605196,-0.05664924414510319,-2.0653785343113923e-09,2.139695479775907e-09,0.1,0.0,1
10,653,world,6.53,0.643,3.8074999141693113,0.5279413708983959,-0.7352464236512016,0.6557220162339011,0.6557220162151622,0.2646292452402678,-0.26462924524783027,2.8577323329549143e-12,0.07224178701972139,0.0691456738212682,-0.05664959944879429,5.145828483217896e-10,-5.337161553957939e-10,0.1,0.0,1
10,654,world,6.54,0.644,3.8074999141693113,0.5286640045058663,-0.7345551924039231,0.6557969458616647,0.6557969458304009,0.26444350212414347,-0.2644435021367502,4.7672506153568935e-12,0.07228471474635098,0.06910079604489856,-0.05664991839580285,-9.911932916133744e-10,1.0291823499904023e-09,0.1,0.0,1
10,655,world,6.55,0.645,3.807499914169311,0.5293870608029878,-0.7338644033182009,0.655871823250409,0.655871823250409,0.26425773681424014,-0.26425773681424014,0.0,0.07232632535521889,0.06905724191285822,-0.05665020098488887,1.3540919110835636e-09,-1.407586622607637e-09,0.1,0.0,1
10,656,world,6.5600000000000005,0.6460000000000001,3.8074999141693113,0.5301105266306323,-0.7331740431456553,0.6559466484112559,0.6559466483543616,0.2640719494177893,-0.2640719494406939,8.673567889450703e-12,0.07236662124265447,0.06901501380078244,-0.0566504472149568,-1.0337536935398356e-09,1.0758186584140678e-09,0.1,0.0,1
10,657,world,6.57,0.647,3.8074999141693113,0.530834388853281,-0.7324840986145388,0.65602142117873,0.6560214211983054,0.2638861401132606,-0.2638861401053863,-2.9839716592934045e-12,0.0724056047370709,0.06897411400416144,-0.05665065708508713,-5.217296318703552e-09,5.43576879273258e-09,0.1,0.0,1
10,658,world,6.58,0.648,3.8074999141693113,0.5315586343583665,-0.7317945564305594,0.6560961415919805,0.6560961416339395,0.2637003089968495,-0.2637003089799852,-6.3952092939107525e-12,0.07244327810285046,0.06893454473421194,-0.056650830594452084,1.2307600042403501e-09,-1.283750952040121e-09,0.1,0.0,1
10,659,world,6.59,0.649,3.8074999141693113,0.5322832500556051,-0.7311054032776899,0.6561708096035773,0.6561708095998182,0.26351445619975894,-0.26351445620126857,5.728787672485051e-13,0.07247964352971131,0.06889630812899902,-0.056650967742400055,3.417072363542063e-09,-3.56824311421853e-09,0.1,0.0,1
10,660,world,6.6000000000000005,0.6500000000000001,3.8074999141693113,0.5330082228763191,-0.7304166258189753,0.6562454251118696,0.6562454250889943,0.2633285818750717,-0.2633285818842508,3.485773091363734e-12,0.07251470314830435,0.06885940623700802,-0.05665106852839061,-1.9799996036004328e-10,2.0699831845594387e-10,0.1,0.0,1
10,661,world,6.61,0.651,3.8074999141693113,0.5337335397727508,-0.7297282106973281,0.6563199880550016,0.6563199880550017,0.2631426861599663,-0.2631426861599663,0.0,0.07254845900911319,0.06882384103930138,-0.0566511329520233,1.250502546232531e-09,-1.3087989725950484e-09,0.1,0.0,1
10,662,world,6.62,0.652,3.8074999141693113,0.5344591877173697,-0.7290401445363154,0.6563944984347075,0.6563944983880634,0.26295676916624927,-0.26295676918493527,7.106068476556169e-12,0.07258091311120927,0.0687896144192064,-0.05665116101307258,-2.775557710025342e-15,0.0,0.1,0.0,1
10,663,world,6.63,0.653,3.807499914169311,0.5351851537021688,-0.728352413940942,0.6564689561157009,0.656468956115701,0.2627708310607592,-0.2627708310607592,0.0,0.0726120673619854,0.06875672820472549,-0.05665115271141709,-3.3711618634617316e-09,3.536317261660212e-09,0.1,0.0,1
10,664,world,6.640000000000001,0.6540000000000001,3.807499914169311,0.5359114247379593,-0.7276650054984194,0.6565433611054552,0.6565433611229543,0.2625848719532424,-0.2625848719462437,-2.6653242005248544e-12,0.0726419236114703,0.06872518413234928,-0.05665110804708249,4.050004992621854e-09,-4.2532313281498895e-09,0.1,0.0,1
10,665,world,6.65,0.655,3.807499914169311,0.5366379878536532,-0.7269779057789338,0.6566177133918569,0.6566177133147303,0.2623988919614647,-0.2623988919922862,1.1745990827495668e-11,0.07267048363306176,0.06869498386736038,-0.05665102702027626,1.8032132308180685e-09,-1.895854408284421e-09,0.1,0.0,1
10,666,world,6.66,0.656,3.807499914169311,0.5373648300955383,-0.7262911013364055,0.6566920127879344,0.6566920127710734,0.2622128912731762,-0.2622128912799087,2.5675600003803827e-12,0.07269774912765185,0.0686661289994783,-0.05665090963128627,-5.7779256694380835e-09,6.081636908520897e-09,0.1,0.0,1
10,667,world,6.67,0.657,3.807499914169311,0.5380919385265546,-0.7256045787092356,0.6567662593229897,0.6567662593560343,0.2620268699897768,-0.2620268699765932,-5.031384485189866e-12,0.07272372172275501,0.06863862104377748,-0.056650755880541116,4.1191774418683596e-10,-4.3407085804938625e-10,0.1,0.0,1
10,668,world,6.68,0.658,3.8074999141693113,0.5388193002255566,-0.7249183244210549,0.6568404529924976,0.6568404529677715,0.26184082822636906,-0.26184082823622573,3.764371213179247e-12,0.07274840297877956,0.06861246143403615,-0.056650565768664896,4.5016492943079424e-10,-4.749062508579323e-10,0.1,0.0,1
10,669,world,6.69,0.659,3.807499914169311,0.5395469022865699,-0.7242323249814641,0.6569145936361012,0.656914593660556,0.2616547661602976,-0.261654766150557,-3.722686426548407e-12,0.0727717943666451,0.06858765154646077,-0.05665033929637371,6.321138395533206e-10,-6.675910182028095e-10,0.1,0.0,1
10,670,world,6.7,0.66,3.807499914169311,0.5402747318180492,-0.723546566886763,0.6569886813095982,0.6569886812727862,0.2614686838828499,-0.26146868389750044,5.603155758127195e-12,0.07279389729980185,0.06856419266574865,-0.05665007646455297,1.2789853194501881e-09,-1.3523433097260076e-09,0.1,0.0,1
10,671,world,6.71,0.661,3.807499914169311,0.5410027759421249,-0.7228610366206795,0.6570627158559642,0.6570627158559641,0.26128258157019324,-0.26128258157019324,0.0,0.07281471310212327,0.06854208601914212,-0.056649777274226855,-3.976061359659084e-09,4.208865425923417e-09,0.1,0.0,1
10,672,world,6.72,0.662,3.807499914169311,0.5417310217938429,-0.722175720655094,0.6571366972703864,0.657136697309662,0.26109645933798803,-0.2610964593223829,-5.976765414843557e-12,0.07283424302820772,0.06852133275490178,-0.05664944172650282,-4.229175569463794e-09,4.481881772287651e-09,0.1,0.0,1
10,673,world,6.73,0.663,3.8074999141693104,0.5424594565204113,-0.7214906054507515,0.6572106255003949,0.6572106255813925,0.2609103173209849,-0.260910317288829,-1.2324475562409237e-11,0.07285248826001016,0.06850193394587545,-0.05664906982269091,5.882922242030144e-09,-6.241539563731408e-09,0.1,0.0,1
10,674,world,6.74,0.664,3.80749991416931,0.5431880672804249,-0.72080567745798,0.6572845005929688,0.6572845005195023,0.260724155614592,-0.2607241556437339,1.1177290845810988e-11,0.07286944989690344,0.06848389060007236,-0.056648661564256624,4.224087972175112e-09,-4.4866612826576906e-09,0.1,0.0,1
10,675,world,6.75,0.665,3.807499914169311,0.5439168412431037,-0.720120923117393,0.6573583222838544,0.6573583222838544,0.26053797443780863,-0.26053797443780863,0.0,0.07288512895825495,0.0684672036579452,-0.05664821695274872,2.9419968036483663e-09,-3.1284254639143123e-09,0.1,0.0,1
10,676,world,6.76,0.666,3.8074999141693104,0.544645765587514,-0.7194363288605962,0.6574320907366715,0.6574320906067221,0.2603517738400177,-0.26035177389147934,1.976620820929397e-11,0.07289952639576311,0.06845187397926693,-0.05498803745146649,-2.9054593529790155e-09,3.092981582403461e-09,0.1,0.0,1
10,677,world,6.7700000000000005,0.667,3.807499914169311,0.5453748285438248,-0.7187518822209871,0.6575014875854938,0.6575014876412973,0.2601764666373902,-0.2601764666153084,-8.487231542394933e-12,0.07291313834727235,0.06843737470382337,-0.05235807582881894,-6.762740676691094e-09,7.207015869196479e-09,0.1,0.0,1
10,678,world,6.78,0.668,3.8074999141693104,0.5461040321675646,-0.71806758544962,0.6575683157314848,0.6575683157314848,0.26000751940291716,-0.26000751940291716,0.0,0.07292778737949594,0.06842176428543066,-0.05138822924661868,3.0291659403991836e-09,-3.2315623822538846e-09,0.1,0.0,1
10,679,world,6.79,0.669,3.8074999141693113,0.5468333883096386,-0.7173834512423601,0.6576351008729938,0.6576351008705513,0.25983855391593214,-0.25983855391689714,3.713915118704061e-13,0.07294364191664708,0.0684048616980984,-0.051388549543591594,3.2225695753603925e-09,-3.4414250742796856e-09,0.1,0.0,1
10,680,world,6.8,0.67,3.807499914169311,0.5475629090212715,-0.7166994925256863,0.6577018430247779,0.6577018429627606,0.2596695702546632,-0.25966957027914844,9.429383324523068e-12,0.07296070107910858,0.06838666608371084,-0.05138884270212224,4.012362840939023e-09,-4.289271904371219e-09,0.1,0.0,1
10,681,world,6.8100000000000005,0.671,3.807499914169311,0.5482926063435447,-0.7160157222339045,0.6577685420969327,0.6577685420172228,0.2595005685387719,-0.25950056857021875,1.2118220830514466e-11,0.07297896391135268,0.06836717652810802,-0.05138910872129185,-3.814476680321899e-09,4.0819335820622916e-09,0.1,0.0,1
10,682,world,6.82,0.672,3.8074999141693113,0.5490224923081157,-0.7153321533112904,0.6578351980156582,0.6578351980271323,0.2593315488815905,-0.2593315488770672,-1.744218754531033e-12,0.07299842938556143,0.06834639205723446,-0.05138934760024282,-3.017489169229544e-09,3.2323867228921416e-09,0.1,0.0,1
10,683,world,6.83,0.673,3.807499914169311,0.5497525789364688,-0.7146487987126536,0.6579018108572826,0.6579018108357406,0.25916251133734924,-0.25916251134583507,3.274343649875686e-12,0.07301909641850467,0.06832431161910905,-0.051389559338225727,1.8499258495511134e-09,-1.983724383252927e-09,0.1,0.0,1
10,684,world,6.84,0.674,3.8074999141693104,0.5504828782377991,-0.7139656714024565,0.6579683805044194,0.6579683804802017,0.25899345603674456,-0.25899345604627727,3.680666127507027e-12,0.07304096384040314,0.06830093411707429,-0.05138974393456609,3.2038678676940167e-09,-3.439108871399653e-09,0.1,0.0,1
10,685,world,6.8500000000000005,0.675,3.807499914169311,0.5512134022103854,-0.7132827843576475,0.6580349069604718,0.6580349068770671,0.25882438306294775,-0.2588243830957533,1.267479596662983e-11,0.07306403042691363,0.06827625837562455,-0.051389901388675566,-2.790406917338031e-10,2.9984349657336e-10,0.1,0.0,1
10,686,world,6.86,0.676,3.807499914169311,0.5519441628392742,-0.7126001505665589,0.6581013900953754,0.6581013900765439,0.2586552925517149,-0.25865529255911623,2.86147476246321e-12,0.07308829487084174,0.06825028317064252,-0.051390031700065564,3.1097348288518696e-10,-3.3449078313943716e-10,0.1,0.0,1
10,687,world,6.87,0.677,3.807499914169311,0.552675172095849,-0.7119177830298177,0.658167829998763,0.6581678299093295,0.2584861845524876,-0.2584861845876114,1.3588218569329199e-11,0.07311375580005021,0.06822300721025587,-0.05139013486832259,-1.081024206659622e-10,1.1640550147684404e-10,0.1,0.0,1
10,688,world,6.88,0.678,3.8074999141693104,0.5534064419387129,-0.7112356947626619,0.6582342264916606,0.6582342264749167,0.2583170592203489,-0.2583170592269199,2.543747642813547e-12,0.07314041177302026,0.06819442913957886,-0.05139021089309967,-8.825207620115765e-09,9.512366313665601e-09,0.1,0.0,1
10,689,world,6.890000000000001,0.679,3.807499914169311,0.5541379843099151,-0.710553898792277,0.658300579593347,0.658300579674734,0.2581479166325483,-0.2581479166006331,-1.236312732048405e-11,0.07316826127050398,0.06816454754967034,-0.05139025977417753,-2.996050761685115e-09,3.2326642786655653e-09,0.1,0.0,1
10,690,world,6.9,0.68,3.807499914169311,0.5548698111370719,-0.7098724081614411,0.6583668893461058,0.6583668893873941,0.2579787568574659,-0.2579787568412872,-6.2713161938134954e-12,0.07319730270877893,0.06813336096332975,-0.051390281511395214,4.195730059324658e-09,-4.531766828094077e-09,0.1,0.0,1
10,691,world,6.91,0.681,3.8074999141693113,0.5556019343317474,-0.7091912359281533,0.6584331556419214,0.6584331556419971,0.25780958002250254,-0.25780958002247284,-1.1503458770896975e-14,0.07322753442388504,0.06810086785202324,-0.051390276104694405,3.511080469920798e-12,-3.792799574819582e-12,0.1,0.0,1
10,692,world,6.92,0.682,3.8074999141693113,0.5563343657873254,-0.7085103951647364,0.6584993783996916,0.6584993784409202,0.2576403862445224,-0.2576403862283916,-6.260959693553862e-12,0.07325895468071193,0.0680670666261548,-0.051390243554072346,3.678377209307531e-09,-3.9811572459104545e-09,0.1,0.0,1
10,693,world,6.93,0.683,3.807499914169311,0.557067117381048,-0.7078298989613949,0.6585655576981805,0.6585655576268633,0.2574711755779135,-0.2574711756057955,1.0829149629640437e-11,0.07329156167658422,0.06803195563121388,-0.05139018385962896,1.4371171552517184e-09,-1.5570143082947067e-09,0.1,0.0,1
10,694,world,6.94,0.684,3.8074999141693118,0.5578002009704739,-0.707149760423784,0.6586316933227713,0.6586316933360971,0.25730194819188934,-0.2573019481866835,-2.0232491409657246e-12,0.07332535351655109,0.06799553317441381,-0.05139009702157518,9.836104586336447e-10,-1.0667744935112768e-09,0.1,0.0,1
10,695,world,6.95,0.685,3.8074999141693113,0.5585336283940421,-0.7064699926749931,0.6586977854271884,0.6586977853367411,0.2571327041117416,-0.25713270414704914,1.3731181630244206e-11,0.07336032825447285,0.06795779748046574,-0.05138998304016913,-2.2371050442021207e-09,2.4287503633695e-09,0.1,0.0,1
10,696,world,6.96,0.686,3.8074999141693118,0.5592674114717322,-0.7057906088576302,0.658763833752714,0.6587638338095477,0.2569634435239442,-0.2569634435017751,-8.627297390790516e-12,0.07339648384867,0.06791874673940859,-0.051389841915802176,-6.539574725366274e-09,7.107133250544918e-09,0.1,0.0,1
10,697,world,6.97,0.687,3.8074999141693113,0.5600015620003925,-0.7051116221301665,0.658829838469648,0.6588298385064424,0.2567941664475638,-0.25679416643322234,-5.5847890186988446e-12,0.07343381818867488,0.06787837907782304,-0.05138967364887956,4.130462820387402e-09,-4.4935779299189315e-09,0.1,0.0,1
10,698,world,6.98,0.6880000000000001,3.807499914169312,0.5607360917572107,-0.7044330456720508,0.658895799475709,0.6588957994521224,0.2566248730081515,-0.2566248730173379,3.579669744026709e-12,0.07347232909596632,0.06783669255803987,-0.05138947823994525,5.60744808620507e-09,-6.106695973450289e-09,0.1,0.0,1
10,699,world,6.99,0.6890000000000001,3.8074999141693113,0.5614710124967219,-0.7037548926818656,0.6589617167062776,0.6589617166338146,0.2564555633165978,-0.256455563344799,1.0996495638284553e-11,0.07351201429457774,0.06779368521000904,-0.05138925568963766,8.362061411648535e-10,-9.115861245183535e-10,0.1,0.0,1
10,700,world,7.0,0.6900000000000001,3.807499914169311,0.5622063359493689,-0.7030771763771333,0.6590275900877838,0.6590275900478878,0.2562862374873148,-0.2562862375028298,6.053751086500684e-12,0.07355287143766698,0.06774935500264216,-0.051389005998659004,-3.7146176659761418e-09,4.053699221523874e-09,0.1,0.0,1
10,701,world,7.01,0.6910000000000001,3.8074999141693118,0.5629420738238102,-0.7023999099982068,0.65909341961878,0.6590934196187799,0.25611689560671885,-0.25611689560671885,0.0,0.07359489811186563,0.06770369983910862,-0.05138872916778362,-2.0438152071027412e-09,2.2326821930283006e-09,0.1,0.0,1
10,702,world,7.0200000000000005,0.6920000000000001,3.8074999141693118,0.5636782378019194,-0.7017231068042206,0.6591592052844697,0.6591592052844698,0.2559475377665241,-0.2559475377665241,0.0,0.07363809180337064,0.06765671759373462,-0.05138842519789976,-4.5103145427421714e-09,4.932200698446918e-09,0.1,0.0,1
10,703,world,7.03,0.6930000000000001,3.8074999141693118,0.5644148395409718,-0.7010467800768343,0.6592249469825332,0.659224947070652,0.2557781640925027,-0.2557781640583127,-1.3367018632529421e-11,0.07368244993045191,0.06760840607680711,-0.05138809408995659,2.0965674564373283e-09,-2.2950475864002515e-09,0.1,0.0,1
10,704,world,7.04,0.6940000000000001,3.8074999141693113,0.5651518906731876,-0.7003709431211296,0.6592906448274262,0.6592906447864381,0.25560877462637677,-0.25560877464226794,6.216980564063233e-12,0.07372796983181333,0.06755876304728516,-0.06223953559418899,1.1689161505133274e-08,-1.281173028226829e-08,0.1,0.0,1
10,705,world,7.05,0.6950000000000001,3.8074999141693118,0.5658894024835689,-0.6996956089150235,0.6593840145441223,0.6593840144035495,0.2553678159879698,-0.2553678160424112,2.131877003256799e-11,0.07377452472169901,0.06750792177283658,-0.07638345930049917,-3.587400170488096e-09,3.937109355020685e-09,0.1,0.0,1
10,706,world,7.0600000000000005,0.6960000000000001,3.8074999141693118,0.5666273836277808,-0.6990207876128679,0.6594856952683207,0.6594856952975738,0.2551051111209934,-0.2551051111096776,-4.435732346379903e-12,0.07382182644809482,0.06745619274660683,-0.07967643197115695,-9.568719052566368e-09,1.0517587914303231e-08,0.1,0.0,1
10,707,world,7.07,0.6970000000000001,3.8074999141693118,0.5673658414586894,-0.6983464879838605,0.6595872730935521,0.6595872731405095,0.25484236136612565,-0.2548423613479829,-7.1191911618096474e-12,0.07386986190179766,0.067403586719175,-0.07967770701789686,1.1629531902305794e-09,-1.2803343074866078e-09,0.1,0.0,1
10,708,world,7.08,0.6980000000000001,3.8074999141693113,0.568104783305541,-0.6976727188072771,0.6596887478227861,0.6596887478292275,0.2545795671148571,-0.2545795671123713,-9.764186912544351e-13,0.07391862935287612,0.06735010196422958,-0.07967888092560471,3.6306794748744898e-09,-4.003509059338854e-09,0.1,0.0,1
10,709,world,7.09,0.6990000000000001,3.8074999141693113,0.5688442164800581,-0.6969994888797092,0.6597901192725034,0.6597901192481569,0.2543167287538371,-0.2543167287632215,3.690041634537947e-12,0.07396812704630418,0.06729573672426659,-0.07967995368533491,2.716818724367472e-09,-3.0006014739415742e-09,0.1,0.0,1
10,710,world,7.1000000000000005,0.7000000000000001,3.8074999141693113,0.5695841482745292,-0.6963268070135398,0.659891387294481,0.6598913872475023,0.2540538466565133,-0.25405384667459985,7.1191514157217195e-12,0.0740183531843203,0.06724048922993661,-0.07968092528894949,-1.2372576495838318e-09,1.368692804041e-09,0.1,0.0,1
10,711,world,7.11,0.7010000000000001,3.8074999141693113,0.5703245859657273,-0.695654682041854,0.6599925517095194,0.6599925517095195,0.25379092120869345,-0.25379092120869345,0.0,0.07406930595183413,0.06718435767210691,-0.07968179572902105,-1.5848490864759557e-09,1.7560177394105728e-09,0.1,0.0,1
10,712,world,7.12,0.7020000000000001,3.8074999141693118,0.571065536809763,-0.6949831228133584,0.6600936124358626,0.6600936124200978,0.25352795275914713,-0.2535279527652021,2.3882850376726922e-12,0.07412098348615279,0.06712734023514912,-0.07968256499892715,2.2447046598771696e-10,-2.4911048084794347e-10,0.1,0.0,1
10,713,world,7.13,0.7030000000000001,3.807499914169312,0.5718070080446316,-0.6943121381957701,0.6601945692811939,0.6601945692767665,0.2532649416996196,-0.2532649417013181,6.706383924956291e-13,0.07417338390246073,0.06706943506887605,-0.07968323309280295,3.274075801669766e-09,-3.63931007206746e-09,0.1,0.0,1
10,714,world,7.140000000000001,0.7040000000000001,3.8074999141693113,0.5725490068910276,-0.6936417370773168,0.660295422155875,0.6602954220754582,0.2530018883828695,-0.2530018884136825,1.2178895249122365e-11,0.07422650527628064,0.06701064030786666,-0.07968380000555536,2.2214732406357827e-10,-2.473244093688836e-10,0.1,0.0,1
10,715,world,7.15,0.7050000000000001,3.8074999141693118,0.5732915405470366,-0.6929719283614504,0.6603961707961389,0.6603961707873192,0.2527387932288364,-0.25273879323221177,1.3355115223166527e-12,0.07428034564659636,0.06695095406805027,-0.07968426573288505,-2.1523535233682417e-09,2.4001372875624816e-09,0.1,0.0,1
10,716,world,7.16,0.7060000000000001,3.8074999141693118,0.5740346161937347,-0.6923027209736419,0.6604968151803273,0.660496815142473,0.2524756565651309,-0.25247565657960075,5.731174656394753e-12,0.07433490302818221,0.06689037443302848,-0.07968463027123095,5.580925201951403e-10,-6.233472731520013e-10,0.1,0.0,1
10,717,world,7.17,0.7070000000000001,3.807499914169312,0.5747782409910633,-0.6916341238574011,0.660597355089396,0.6605973550695194,0.2522124787953818,-0.25221247880297054,3.0088645590362866e-12,0.07439017538858511,0.06682889947960798,-0.07968489361779414,-2.1018106148270313e-09,2.3513082859973423e-09,0.1,0.0,1
10,718,world,7.18,0.708,3.807499914169312,0.5755224220775248,-0.690966145974523,0.660697790399321,0.6606977904031289,0.2519492602872749,-0.25194926028582276,-5.763398781425311e-13,0.07444616066677785,0.06676652725712412,-0.07968505577059078,-4.1236629589602755e-09,4.6205780206885415e-09,0.1,0.0,1
10,719,world,7.19,0.7090000000000001,3.8074999141693118,0.576267166573699,-0.690298796309602,0.6607981209515896,0.6607981210135546,0.25168600142209363,-0.2516860013984923,-9.37726874767538e-12,0.07450285676226123,0.0667032557995634,-0.0796851167283862,1.903707948464132e-09,-2.136541170271365e-09,0.1,0.0,1
10,720,world,7.2,0.7100000000000001,3.807499914169312,0.577012481575481,-0.6896320838630852,0.6608983466969258,0.66089834666291,0.25142270253996063,-0.2514227025529011,5.1468874700753716e-12,0.07456026154332944,0.06663908311636882,-0.07968507649070077,3.609199432692099e-09,-4.057117571600851e-09,0.1,0.0,1
10,721,world,7.21,0.7110000000000001,3.807499914169312,0.5777583741592199,-0.6889660176575989,0.6609984673551316,0.660998467345329,0.25115936406933176,-0.25115936407305645,1.4830021134054744e-12,0.07461837283540884,0.06657400720548463,-0.07968493505785593,3.018663416724775e-09,-3.398733043860693e-09,0.1,0.0,1
10,722,world,7.22,0.712,3.807499914169312,0.5785048513800037,-0.688300606736631,0.6610984828980925,0.6610984828039628,0.25089598634315907,-0.25089598637888266,1.4238361514910717e-11,0.07467718843275271,0.06650802604031446,-0.07968469243093085,-2.217665175263586e-09,2.5008928132702014e-09,0.1,0.0,1
10,723,world,7.23,0.7130000000000001,3.807499914169312,0.5792519202680649,-0.6876358601610953,0.6611983930231824,0.6611983930575783,0.25063256979907167,-0.25063256978603354,-5.202069192529009e-12,0.07473670608036052,0.06644113759003382,-0.07968434861178014,-3.561326610796869e-09,4.022618775230448e-09,0.1,0.0,1
10,724,world,7.24,0.7140000000000001,3.8074999141693127,0.5799995878339751,-0.6869717870157532,0.6612981977884619,0.6612981977653611,0.25036911473825824,-0.25036911474700424,3.4932261903106053e-12,0.0747969235011289,0.06637333978915233,-0.07968390360298838,2.4940607776041726e-10,-2.8215766045280886e-10,0.1,0.0,1
10,725,world,7.25,0.7150000000000001,3.807499914169312,0.5807478610631964,-0.6863083964036958,0.6613978969050858,0.6613978969345107,0.2501056215938595,-0.2501056215827326,-4.4488696487274085e-12,0.07485783836189351,0.06630463057573448,-0.07968335740797448,1.2188557010113627e-09,-1.3811633854937064e-09,0.1,0.0,1
10,726,world,7.26,0.716,3.8074999141693127,0.5814967469176066,-0.6856456974486359,0.6614974903525122,0.6614974903050339,0.24984209069781407,-0.24984209071574623,7.177385824140198e-12,0.07491944830741269,0.06623500785319587,-0.07968271003089299,4.374912007110114e-09,-4.965466758088283e-09,0.1,0.0,1
10,727,world,7.2700000000000005,0.7170000000000001,3.8074999141693118,0.5822462523382679,-0.6849836992986468,0.6615969778931907,0.6615969778350577,0.24957852246454287,-0.24957852248647278,8.786754895565377e-12,0.0749817509313981,0.06616446952301348,-0.07968196147667932,-4.053555143059815e-09,4.608118541437988e-09,0.1,0.0,1
10,728,world,7.28,0.7180000000000001,3.807499914169313,0.5829963842375123,-0.6843224111178088,0.6616963593698343,0.6616963594035619,0.24931491727844524,-0.2493149172657373,-5.097134815640077e-12,0.07504474378622002,0.06609301347389596,-0.07968111175104617,1.1433633028986225e-09,-1.3018698608972014e-09,0.1,0.0,1
10,729,world,7.29,0.7190000000000001,3.807499914169312,0.5837471495061409,-0.6836618420949387,0.6617956347984412,0.6617956347173571,0.24905127545907044,-0.24905127548958456,1.2252122365807133e-11,0.07510842439833637,0.0660206375643207,-0.0796801608604572,2.8945321427257036e-09,-3.301123612942739e-09,0.1,0.0,1
10,730,world,7.3,0.72,3.8074999141693118,0.5844985550096873,-0.6830020014399746,0.6618948038518828,0.6618948038275007,0.24878759745561296,-0.2487875974647775,3.68367348620719e-12,0.07517279022785785,0.06594733966854525,-0.0796791088121451,-5.888218314255936e-09,6.72613772018316e-09,0.1,0.0,1
10,731,world,7.3100000000000005,0.7210000000000001,3.807499914169312,0.5852506075861048,-0.6823428983819211,0.6619938664759767,0.6619938665132243,0.24852388361484343,-0.24852388360086006,-5.62656880429313e-12,0.07523783871675015,0.0658731176219275,-0.07967795561412888,-2.9155736468090296e-09,3.3358361272396394e-09,0.1,0.0,1
10,732,world,7.32,0.7220000000000001,3.807499914169312,0.5860033140506895,-0.6816845421750639,0.6620928225685739,0.6620928226028511,0.24826013430205626,-0.24826013428920363,-5.177077793505222e-12,0.07530356725834014,0.06579796925565898,-0.07967670127521045,6.416490240805035e-09,-7.3532077102523575e-09,0.1,0.0,1
10,733,world,7.33,0.7230000000000001,3.807499914169312,0.586756681189648,-0.6810269420922187,0.6621916720226723,0.6621916719306825,0.24799634988480945,-0.24799634991926037,1.3891710172499898e-11,0.07536997319700936,0.06572189239729857,-0.0797069521763708,-5.249051749505602e-10,6.024952009104113e-10,0.1,0.0,1
10,734,world,7.34,0.724,3.8074999141693118,0.5875107157630164,-0.6803701074286618,0.6622904928085036,0.6622904928533754,0.24773232148815255,-0.24773232147136806,-6.775255033161203e-12,0.07543705331790516,0.06564488545737233,-0.08083580251155281,-2.4046350864750504e-09,2.764622165857349e-09,0.1,0.0,1
10,735,world,7.3500000000000005,0.7250000000000001,3.807499914169312,0.5882654221388383,-0.6797140447798093,0.6623919254640815,0.662391925420605,0.247460980974306,-0.24746098099054828,6.563572165363209e-12,0.07550411592550188,0.06556773961567056,-0.08193451536891652,-1.0802193682479077e-10,1.243991160491973e-10,0.1,0.0,1
10,736,world,7.36,0.7260000000000001,3.8074999141693118,0.5890207959668377,-0.679058750727998,0.6624932487551506,0.662493248802219,0.2471895938889921,-0.24718959387142986,-7.104757141439105e-12,0.07557054407473156,0.06549116633752264,-0.08193599213633389,-1.4051261727632764e-10,1.620731508269945e-10,0.1,0.0,1
10,737,world,7.37,0.7270000000000001,3.8074999141693127,0.5897768309120212,-0.6784042195389369,0.6625944627012754,0.6625944626606282,0.24691816057309482,-0.24691816058824212,6.1345507524579e-12,0.07563633968115983,0.06541516735158757,-0.08193735892533513,2.713565787061359e-09,-3.135255600685438e-09,0.1,0.0,1
10,738,world,7.38,0.728,3.8074999141693118,0.5905335206584496,-0.6777504454610962,0.6626955669946686,0.6626955669867944,0.24664668149016325,-0.2466466814930939,1.1881997113452587e-12,0.07570150464108097,0.06533974437565851,-0.0819386157249422,-1.4341307525372586e-10,1.6597558519639156e-10,0.1,0.0,1
10,739,world,7.390000000000001,0.7290000000000001,3.8074999141693118,0.5912908589091668,-0.677097422725956,0.6627965615690884,0.6627965615313365,0.24637515701417229,-0.24637515702820548,5.695852029416868e-12,0.07576604085554568,0.06526489908883476,-0.08193976252498342,1.3991531722367937e-09,-1.6219437331872083e-09,0.1,0.0,1
10,740,world,7.4,0.7300000000000001,3.807499914169312,0.5920488393861216,-0.67644514554825,0.662897446220323,0.6628974461840474,0.2461035875709791,-0.24610358758444661,5.472289547420719e-12,0.07582995020432681,0.06519063316159245,-0.08194079931623917,-1.7503778164998857e-09,2.03246192638446e-09,0.1,0.0,1
10,741,world,7.41,0.7310000000000001,3.8074999141693127,0.5928074558300896,-0.6757936081262083,0.6629982207911428,0.6629982207889465,0.245831973569418,-0.24583197357023231,3.3125893881650266e-13,0.07589323457003189,0.0651169482277703,-0.0819417260903681,-6.6891194519472034e-09,7.780003901340314e-09,0.1,0.0,1
10,742,world,7.42,0.732,3.807499914169312,0.5935667020005907,-0.6751428046417954,0.6630988851078984,0.663098885207683,0.24556031542488535,-0.2455603153879329,-1.5048208489332597e-11,0.0759558958222049,0.06504384590294734,-0.08194254283985501,-1.0787483225994594e-10,1.256814237888834e-10,0.1,0.0,1
10,743,world,7.43,0.733,3.807499914169312,0.5943265716758052,-0.6744927292609448,0.6631994391500299,0.6631994391500299,0.24528861349660278,-0.24528861349660278,0.0,0.07601793582430037,0.064971327776278,-0.08194324955817832,7.023021839555404e-09,-8.195498669831936e-09,0.1,0.0,1
10,744,world,7.44,0.7340000000000001,3.8074999141693113,0.5950870586524837,-0.6738433761337914,0.6632998826336598,0.6632998825902946,0.24501686824178567,-0.2450168682578043,6.537773351246319e-12,0.07607935642407537,0.06489939542167172,-0.08194384623961919,2.8009847578514584e-09,-3.274024473786778e-09,0.1,0.0,1
10,745,world,7.45,0.7350000000000001,3.807499914169312,0.5958481567458555,-0.6731947393949022,0.6634002154180401,0.6634002153608725,0.24474508006507759,-0.2447450800861682,8.617355262845506e-12,0.07614015946908177,0.0648280503796219,-0.0819443328793703,5.183548615362843e-10,-6.068840554276047e-10,0.1,0.0,1
10,746,world,7.46,0.736,3.8074999141693118,0.5966098597895357,-0.6725468131634992,0.663500437355887,0.6635004373019177,0.24447324937402434,-0.24447324939390996,8.13406082900047e-12,0.07620034679216504,0.06475729417412207,-0.0819447094735055,5.739687146219132e-10,-6.731303768322212e-10,0.1,0.0,1
10,747,world,7.47,0.737,3.8074999141693127,0.5973721616354234,-0.6718995915436873,0.663600548311825,0.6636005482428995,0.2442013765722674,-0.2442013765976316,1.0386578196807184e-11,0.07625992021779023,0.06468712830522215,-0.08194497601899664,-2.6516680710097382e-09,3.114955864362568e-09,0.1,0.0,1
10,748,world,7.48,0.7380000000000001,3.8074999141693127,0.5981350561536065,-0.671253068624668,0.6637005480823389,0.663700548082654,0.24392946208898605,-0.24392946208887026,-4.7471774393600017e-14,0.07631888155584199,0.06461755425629602,-0.08194513251368865,-3.2173739498478625e-09,3.785789467057583e-09,0.1,0.0,1
10,749,world,7.49,0.7390000000000001,3.807499914169312,0.598898537232254,-0.6706072384809618,0.663800436594074,0.6638004365910865,0.2436575063059472,-0.2436575063070438,4.500559078403225e-13,0.07637723260998525,0.06454857348416158,-0.0819451789563242,2.0059178786981514e-09,-2.3642389305511584e-09,0.1,0.0,1
10,750,world,7.5,0.74,3.8074999141693118,0.5996625987775118,-0.669962095172619,0.663900213676932,0.6639002136360782,0.24338550964098468,-0.24338550965596165,6.153594269305935e-12,0.07643497517543246,0.06448018742164933,-0.0819451153465576,2.6206623140207596e-09,-3.093917135692866e-09,0.1,0.0,1
10,751,world,7.51,0.741,3.807499914169312,0.6004272347133935,-0.6693176327454308,0.6639998791521966,0.6639998790953625,0.24311347251550497,-0.24311347253631388,8.55932760810408e-12,0.07649211103323716,0.06441239748432687,-0.08194494168484401,-4.2804903305164035e-09,5.06189660772215e-09,0.1,0.0,1
10,752,world,7.5200000000000005,0.7420000000000001,3.807499914169312,0.6011924389816675,-0.6686738452311374,0.6640994328209404,0.6640994328681225,0.24284139535870192,-0.24284139534144888,-7.1046367915295684e-12,0.07654864194797202,0.06434520507327006,-0.08194465797262278,-6.595780216316135e-09,7.812816546566792e-09,0.1,0.0,1
10,753,world,7.53,0.7430000000000001,3.807499914169312,0.6019582055417423,-0.6680307266476337,0.6641988746300216,0.6641988747089951,0.24256927854688207,-0.24256927851804047,-1.1890026450030492e-11,0.07660456968464063,0.06427861155494134,-0.08194426421218919,-2.917499901771541e-10,3.461696594876733e-10,0.1,0.0,1
10,754,world,7.54,0.744,3.8074999141693118,0.6027245283705521,-0.6673882709991688,0.6642982044234736,0.6642982044766845,0.24229712249447696,-0.24229712247506882,-8.010042911065011e-12,0.0766598959864754,0.06421261828755136,-0.08194376040668368,6.649537221169156e-09,-7.902722417144288e-09,0.1,0.0,1
10,755,world,7.55,0.745,3.807499914169312,0.6034914014624322,-0.6667464722765478,0.6643974220673561,0.6643974220091141,0.24202492760832012,-0.24202492762953634,8.766107491864043e-12,0.07671462258972933,0.06414722660345802,-0.08194314656017247,4.860923319399118e-09,-5.786660687622749e-09,0.1,0.0,1
10,756,world,7.5600000000000005,0.7460000000000001,3.807499914169312,0.6042588188289993,-0.6661053244573257,0.6644965273101969,0.6644965272629866,0.24175269433846575,-0.24175269435564148,7.104647352864935e-12,0.07676875121409905,0.06408243782057427,-0.08194242267761702,-3.661757418506272e-09,4.366370948278278e-09,0.1,0.0,1
10,757,world,7.57,0.7470000000000001,3.8074999141693127,0.6050267744990285,-0.6654648215060001,0.6645955200396467,0.6645955200571322,0.24148042308465711,-0.24148042307830375,-2.630982325516114e-12,0.07682228356558607,0.06401825323896837,-0.08194158876484876,-2.6238819611272295e-09,3.1339989668950356e-09,0.1,0.0,1
10,758,world,7.58,0.748,3.807499914169312,0.6057952625183226,-0.6648249573742011,0.6646944001739387,0.6646944001810515,0.24120811423603186,-0.24120811423345073,-1.0700756632188474e-12,0.07687522134691978,0.06395467412833944,-0.08194064482856082,1.1092877858612478e-09,-1.327148956031267e-09,0.1,0.0,1
10,759,world,7.59,0.749,3.807499914169312,0.6065642769495818,-0.6641857260008815,0.6647931675311566,0.6647931675256494,0.24093576821856866,-0.2409357682205646,8.284077842478256e-13,0.07692756623948105,0.06389170174968152,-0.08193959087638042,4.705289462786725e-09,-5.638812270832751e-09,0.1,0.0,1
10,760,world,7.6000000000000005,0.7500000000000001,3.8074999141693118,0.6073338118722739,-0.6635471213124975,0.6648918220015092,0.6648918219109634,0.24066338543249383,-0.24066338546526755,1.3618048828185853e-11,0.07697931991448065,0.06382933734188415,-0.08193842691681617,-6.740880830643785e-09,8.091715009768799e-09,0.1,0.0,1
10,761,world,7.61,0.7510000000000001,3.8074999141693118,0.6081038613824983,-0.6629091372231909,0.6649903632494684,0.6649903633840283,0.24039096636012006,-0.24039096631147727,-2.0234820863383653e-11,0.07703048401916239,0.06376758213836846,-0.08193715295920513,-1.0996210728936003e-08,1.3221805686495969e-08,0.1,0.0,1
10,762,world,7.62,0.752,3.8074999141693118,0.608874419592848,-0.6622717676349692,0.6650887913972351,0.6650887915354116,0.2401185113185656,-0.24011851126867942,-2.0775596801968993e-11,0.07708106020774974,0.06370643732974918,-0.08193576901383187,-2.652212080286286e-10,3.194236899343914e-10,0.1,0.0,1
10,763,world,7.63,0.753,3.8074999141693118,0.6096454806323304,-0.6616350064379479,0.6651871061919167,0.6651871063320398,0.23984602076109943,-0.2398460207105753,-2.106518841592286e-11,0.07713105010527341,0.06364590410747421,-0.08013585784015669,2.262620888564769e-09,-2.7295571504586524e-09,0.1,0.0,1
10,764,world,7.640000000000001,0.7540000000000001,3.8074999141693127,0.6104170386430071,-0.6609988475066233,0.6652809988771897,0.6652809989682322,0.23958545965950256,-0.23958545962671568,-1.3684803503742335e-11,0.07718044780433536,0.06358599277138215,-0.06608559543820312,6.716236389625021e-09,-8.113440371696349e-09,0.1,0.0,1
10,765,world,7.65,0.7550000000000001,3.807499914169312,0.6111890856017077,-0.6603632820532354,0.6653454646676048,0.6653454646676049,0.23940637553383776,-0.23940637553383776,0.0,0.07722869421377569,0.0635273861420028,-0.05383472571301308,8.48807176689302e-09,-1.0267701074619815e-08,0.1,0.0,1
10,766,world,7.66,0.756,3.8074999141693127,0.6119616075388229,-0.6597282940127928,0.665409882729518,0.6654098826432876,0.2392272727258565,-0.23922727275685793,1.2958935248643368e-11,0.07727544405900745,0.06347051083363998,-0.053835112055402194,-2.9550974207323145e-09,3.578573027570542e-09,0.1,0.0,1
10,767,world,7.67,0.757,3.8074999141693127,0.6127345895072783,-0.6590938660546772,0.6654742529051804,0.6654742529669496,0.2390481513931666,-0.23904815137097812,-9.281971411077667e-12,0.07732070110962054,0.06341537021824226,-0.05383546719647281,-2.4391601029233677e-09,2.9570396172315534e-09,0.1,0.0,1
10,768,world,7.68,0.758,3.8074999141693118,0.613508016597526,-0.658459980815584,0.6655385753912776,0.6655385753560537,0.23886901156611287,-0.2388690115787551,5.292514941368367e-12,0.07736446902744866,0.06336196755231752,-0.05383579113497338,3.6779719936600354e-09,-4.463758745092609e-09,0.1,0.0,1
10,769,world,7.69,0.7590000000000001,3.8074999141693118,0.614281873936153,-0.6578266209002815,0.6656028499639989,0.6656028499487855,0.23868985342621146,-0.2386898534316671,2.2856520024115776e-12,0.07740675137687673,0.06331030596418244,-0.05383608386972193,-2.636127554796968e-09,3.2028471700970092e-09,0.1,0.0,1
10,770,world,7.7,0.76,3.807499914169312,0.6150561466848394,-0.657193768882822,0.6656670766315483,0.6656670766515438,0.23851067707171275,-0.23851067706454832,-3.0038087110287995e-12,0.07744755161262616,0.06326038846869035,-0.05383634539978267,4.952452576347508e-09,-6.023743600695713e-09,0.1,0.0,1
10,771,world,7.71,0.761,3.807499914169312,0.6158308200393097,-0.6565614073077308,0.6657312554460664,0.6657312553270196,0.2383314825852855,-0.23833148262790418,1.788200328947028e-11,0.07748687308965972,0.06321221795497269,-0.053836575724205964,-3.5692922565349457e-09,4.346145875525253e-09,0.1,0.0,1
10,772,world,7.72,0.762,3.8074999141693118,0.6166058792282647,-0.655929518691183,0.6657953861014686,0.6657953861963559,0.23815227017793453,-0.2381522701439937,-1.4251649970652199e-11,0.07752471904563049,0.06316579720779324,-0.05383677484218729,-4.013373161165432e-10,4.892253505490027e-10,0.1,0.0,1
10,773,world,7.73,0.7630000000000001,3.8074999141693118,0.6173813095123032,-0.6552980855221611,0.6658594689416196,0.6658594688309768,0.23797303982814264,-0.23797303986768553,1.6616455015677372e-11,0.07756109262369368,0.06312112887947118,-0.0538369427530665,1.141412020082559e-09,-1.3928851800913497e-09,0.1,0.0,1
10,774,world,7.74,0.764,3.8074999141693118,0.6181570961828318,-0.6546670902635968,0.6659235035209984,0.6659235035919199,0.23779379179682697,-0.23779379177150178,-1.0650016165696577e-11,0.07759599684121944,0.06307821552816364,-0.053837079456202024,-5.2625406576689e-09,6.429074944344487e-09,0.1,0.0,1
10,775,world,7.75,0.765,3.807499914169312,0.6189332245609549,-0.6540365153535036,0.6659874901172683,0.6659874901172683,0.23761452608647782,-0.23761452608647782,0.0,0.07762943462172059,0.06303705957856862,-0.05383718495115487,2.7637726776670932e-09,-3.380134530133673e-09,0.1,0.0,1
10,776,world,7.76,0.766,3.8074999141693127,0.6197096799963593,-0.6534063432060895,0.6660514285203273,0.6660514285331001,0.23743524287393647,-0.23743524286938317,-1.9176979520495583e-12,0.07766140876091643,0.0629976633635713,-0.05383725923757024,1.7869040444549687e-11,-2.188596631956903e-11,0.1,0.0,1
10,777,world,7.7700000000000005,0.7670000000000001,3.8074999141693118,0.6204864478661856,-0.652776556212858,0.6661153187430864,0.66611531874271,0.23725594225649113,-0.2372559422566252,5.650651754996098e-14,0.07769192194687129,0.06296002909943149,-0.053837302315165404,4.392736387009991e-10,-5.384123962528369e-10,0.1,0.0,1
10,778,world,7.78,0.768,3.8074999141693113,0.6212635135740896,-0.6521471367439499,0.6661791607222812,0.6661791607257983,0.2370766243586886,-0.23707662435743695,-5.279346566280867e-13,0.07772097675822387,0.06292415888788365,-0.05383731418379564,-3.815570266432026e-09,4.681893293853052e-09,0.1,0.0,1
10,779,world,7.79,0.769,3.8074999141693118,0.622040862548485,-0.6515180671484622,0.6662429543884208,0.6662429544685233,0.23689728930734594,-0.23689728927886375,-1.2022969926531273e-11,0.07774857564496764,0.06289005473982946,-0.053837294843435524,-3.708561415033848e-10,4.555661623744195e-10,0.1,0.0,1
10,780,world,7.8,0.77,3.8074999141693113,0.6228184802419623,-0.6508893297562397,0.6663066998089707,0.6663066998203167,0.2367179371806719,-0.23671793717664108,-1.7027938219169363e-12,0.07777472095928284,0.0628577185372305,-0.05383724429412713,3.792707997692112e-09,-4.664077682893037e-09,0.1,0.0,1
10,781,world,7.8100000000000005,0.7710000000000001,3.8074999141693118,0.6235963521299697,-0.6502609068787294,0.6663703968411192,0.6663703968411192,0.23653856813173077,-0.23653856813173077,0.0,0.07779941491781028,0.06282715207970517,-0.0538371625360513,-3.730987921213761e-10,4.593277369413312e-10,0.1,0.0,1
10,782,world,7.82,0.772,3.8074999141693113,0.6243744637096055,-0.6496327808099964,0.6664340454569608,0.6664340454761963,0.23635918227279168,-0.23635918226596955,-2.8863236782005814e-12,0.07782265962823563,0.06279835705166008,-0.05383704956951288,-1.0967532967599565e-09,1.3517111694556884e-09,0.1,0.0,1
10,783,world,7.83,0.773,3.8074999141693113,0.6251528004984322,-0.6490049338277534,0.6664976456382166,0.6664976456614199,0.2361797797128099,-0.23617977970458762,-3.4813653465057535e-12,0.0778444570786755,0.0627713350353985,-0.0538369053948973,4.111450267899779e-09,-5.07277369634769e-09,0.1,0.0,1
10,784,world,7.84,0.774,3.807499914169311,0.6259313480332817,-0.6483773481943818,0.6665611973836548,0.6665611973158451,0.23600036055481285,-0.23600036057882132,1.0173047883509785e-11,0.07786480913688422,0.06274608751210385,-0.05383673001268235,2.5669412281206507e-09,-3.1706194758070402e-09,0.1,0.0,1
10,785,world,7.8500000000000005,0.7750000000000001,3.8074999141693118,0.6267100918690505,-0.6477500061579439,0.6666247005409932,0.6666247005098116,0.2358209249553913,-0.23582092496642199,4.677547865614764e-12,0.07788371754754408,0.06272261586520746,-0.0538365234234985,-1.5389357199242758e-09,1.902951499486244e-09,0.1,0.0,1
10,786,world,7.86,0.776,3.8074999141693113,0.6274890175774887,-0.6471228899531886,0.6666881551535153,0.6666881551183251,0.23564147300195754,-0.23564147301439556,5.278351178941308e-12,0.0779011839367415,0.06270092137484082,-0.0538362856280892,-5.165076949179059e-09,6.393830218826687e-09,0.1,0.0,1
10,787,world,7.87,0.777,3.8074999141693118,0.6282681107459902,-0.6464959818025404,0.6667515611013553,0.6667515611797741,0.23546200483972066,-0.23546200481202717,-1.176131859934207e-11,0.07791720980012594,0.0626810052325516,-0.05383601662723117,1.771777255009862e-10,-2.1956326707105845e-10,0.1,0.0,1
10,788,world,7.88,0.778,3.8074999141693118,0.6290473569763612,-0.645869263917094,0.6668149185181934,0.6668149184792339,0.23528252052441026,-0.23528252053815696,5.8426335423857986e-12,0.0779317965296365,0.06266286850809925,-0.05383571642188794,3.7021193456115684e-09,-4.59296026193441e-09,0.1,0.0,1
10,789,world,7.890000000000001,0.7790000000000001,3.807499914169311,0.6298267418835984,-0.6452427184975917,0.6668782271699858,0.6668782271697381,0.23510302024168364,-0.2351030202417709,3.711832043653248e-14,0.07794494537322719,0.0626465121995202,-0.05383538501309246,-4.422629143376853e-09,5.492887660260377e-09,0.1,0.0,1
10,790,world,7.9,0.78,3.8074999141693104,0.6306062510947414,-0.6446163277355027,0.6669414870860716,0.6669414871411709,0.23492350408426763,-0.23492350406485946,-8.26148948740883e-12,0.07795665746829493,0.06263193719158731,-0.053835022401998917,-1.1143753125655356e-09,1.3855826877894184e-09,0.1,0.0,1
10,791,world,7.91,0.781,3.807499914169311,0.6313858702473589,-0.6439900738136557,0.6670046982779841,0.6670046983014566,0.2347439721513173,-0.23474397214305648,-3.5190811174742395e-12,0.07796693382928899,0.06261914427121529,-0.05479266849560347,1.3286539200872531e-09,-1.6538549136175017e-09,0.1,0.0,1
10,792,world,7.92,0.782,3.807499914169311,0.6321655849958149,-0.6433639389165471,0.6670701078347808,0.6670701078615876,0.23455803379467274,-0.23455803378524684,-4.018584592036354e-12,0.07797579476277862,0.06260810994681941,-0.06339251874191086,1.061920067505285e-09,-1.3235260996555877e-09,0.1,0.0,1
10,793,world,7.930000000000001,0.7830000000000001,3.8074999141693113,0.6329453881339046,-0.642737914105556,0.6671533743742435,0.6671533743750796,0.23432109393004186,-0.23432109392974823,-1.253198669969047e-13,0.07798511537131249,0.06259649974657593,-0.07103501624803923,9.945295424260232e-10,-1.2411524241889593e-09,0.1,0.0,1
10,794,world,7.94,0.784,3.80749991416931,0.6337252929516833,-0.6421120159727715,0.6672365578678925,0.6672365578734817,0.23408412129261627,-0.2340841212906554,-8.3767398649818e-13,0.07799613055018717,0.06258277414111778,-0.07103594533113547,2.2630510481469958e-09,-2.828348210363635e-09,0.1,0.0,1
10,795,world,7.95,0.785,3.8074999141693113,0.6345053163898536,-0.6414862656771538,0.6673196582622906,0.6673196582147825,0.2338471161346869,-0.23384711615133505,7.1192356492776445e-12,0.07800883920684125,0.0625669322054485,-0.07103680274018068,3.796391298651235e-09,-4.751616167146501e-09,0.1,0.0,1
10,796,world,7.96,0.786,3.8074999141693113,0.6352854753764673,-0.640860684386522,0.6674026754186247,0.6674026753430328,0.2336100787387628,-0.2336100787652222,1.1326267618622665e-11,0.07802324005129395,0.06254897290841922,-0.0710375884699742,-3.286277082630292e-09,4.11914634296077e-09,0.1,0.0,1
10,797,world,7.97,0.787,3.8074999141693113,0.6360657868265861,-0.6402352932806563,0.6674856091891138,0.6674856092119393,0.23337300939068426,-0.23337300938270375,-3.419617341329272e-12,0.07803933164372194,0.06252889505341655,-0.07103830251576312,-1.5355412678366569e-09,1.9275117846526785e-09,0.1,0.0,1
10,798,world,7.98,0.788,3.8074999141693104,0.636846267639801,-0.6396101135517299,0.667568459622291,0.6675684595795832,0.23313590830791117,-0.23313590832282613,6.397502330560977e-12,0.07805711236398202,0.06250669731634113,-0.07103894487323144,3.4403177647062117e-09,-4.324822114478869e-09,0.1,0.0,1
10,799,world,7.99,0.789,3.8074999141693104,0.6376269346982111,-0.6389851664053046,0.6676512265111936,0.6676512264602321,0.23289877579751916,-0.23289877581529622,7.632891562840847e-12,0.07807658042072052,0.06248237823424107,-0.07103951553847948,-1.9895753386231107e-09,2.504736906503681e-09,0.1,0.0,1
10,800,world,8.0,0.79,3.807499914169311,0.6384078048660895,-0.6383604730634478,0.6677339097588518,0.6677339097588519,0.23266161212833855,-0.23266161212833855,0.0,0.07809773385210428,0.06245593620438242,-0.07104001450805729,-3.78194729591483e-09,4.768164736645992e-09,0.1,0.0,1
10,801,world,8.01,0.791,3.8074999141693113,0.6391888949861531,-0.6377360547635949,0.667816509309543,0.6678165093398546,0.23242441755509796,-0.23242441754454837,-4.538891016271299e-12,0.07812057051654919,0.06242736949582983,-0.0710404417789283,0.0,-1.1796120628842344e-14,0.1,0.0,1
10,802,world,8.02,0.792,3.807499914169311,0.6399702218792349,-0.6371119327616726,0.6678990250879451,0.6678990250879451,0.23218719233965626,-0.23218719233965626,0.0,0.07814508809569966,0.062396676245737165,-0.07104079734851802,7.452483701951827e-10,-9.423379536620574e-10,0.1,0.0,1
10,803,world,8.03,0.7929999999999999,3.807499914169311,0.640751802342861,-0.6364881283338416,0.6679814569464958,0.6679814569607645,0.23194993676924075,-0.23194993676428607,-2.1360740184953644e-12,0.07817128410622898,0.06236385444456776,-0.07104108121467907,2.726638588888447e-09,-3.452754345313486e-09,0.1,0.0,1
10,804,world,8.040000000000001,0.7940000000000002,3.8074999141693118,0.641533653147307,-0.6358646627751054,0.6680638048565335,0.6680638047977498,0.23171265109000516,-0.23171265111039385,8.799000166238755e-12,0.07819915587432247,0.06232890196805507,-0.07104129337569802,6.613266047054972e-10,-8.386667066820559e-10,0.1,0.0,1
10,805,world,8.05,0.7950000000000002,3.8074999141693113,0.6423157910365545,-0.6352415574040252,0.6681460686142161,0.6681460686142162,0.2314753356091469,-0.2314753356091469,0.0,0.07822870055415837,0.06229181655408536,-0.07104143383027108,-1.0445589716965788e-09,1.3265958892594922e-09,0.1,0.0,1
10,806,world,8.06,0.796,3.8074999141693104,0.6430982327247734,-0.6346188335618633,0.6682282482390559,0.6682282482028236,0.2312379905566449,-0.23123799056918296,5.42205417880589e-12,0.07825991511753441,0.06225259581572732,-0.07104150257752688,-4.112974196352483e-09,5.23116108356741e-09,0.1,0.0,1
10,807,world,8.07,0.797,3.8074999141693113,0.6438809948943157,-0.6339965126135829,0.6683103435092762,0.668310343598221,0.23100061624630436,-0.2310006162155607,-1.3308685659995472e-11,0.07829279635456546,0.062211237240409736,-0.07104149961709583,-6.226189532522031e-09,7.930497898207583e-09,0.1,0.0,1
10,808,world,8.08,0.798,3.8074999141693113,0.6446640941961309,-0.633374615951922,0.6683923544701594,0.6683923545687005,0.23076321289976773,-0.23076321286574636,-1.4742710288662817e-11,0.0783273408803582,0.06216773818156945,-0.07104142494897751,4.105544028134207e-09,-5.23700432661414e-09,0.1,0.0,1
10,809,world,8.09,0.799,3.807499914169311,0.6454475472445358,-0.6327531649943561,0.6684742810251224,0.6684742810251224,0.2305257807880624,-0.2305257807880624,0.0,0.07836354511364432,0.06212209588561732,-0.07104127857362039,-1.6436298150592236e-09,2.099673389686762e-09,0.1,0.0,1
10,810,world,8.1,0.8,3.8074999141693113,0.6462313706179065,-0.6321321811874979,0.6685561229112066,0.6685561230454258,0.23028832023975823,-0.23028832019352558,-2.007561045893154e-11,0.07840140528995217,0.06207430747548185,-0.07104106049192765,2.474892721321967e-09,-3.1662203302336453e-09,0.1,0.0,1
10,811,world,8.11,0.8009999999999999,3.8074999141693113,0.6470155808570849,-0.6315116860086488,0.6686378803137252,0.6686378802599839,0.23005083142916116,-0.23005083144765132,8.037268348127294e-12,0.0784409174702568,0.062024369939761285,-0.07104077070518254,6.589238043215633e-09,-8.442186549384503e-09,0.1,0.0,1
10,812,world,8.120000000000001,0.8020000000000002,3.807499914169311,0.647800194460311,-0.6308917009629414,0.6687195528634228,0.6687195528544447,0.2298133147218382,-0.2298133147249236,1.342546930308006e-12,0.07848207750533652,0.0619722801778856,-0.07104040921516326,-2.0592917993224427e-09,2.642251917463029e-09,0.1,0.0,1
10,813,world,8.13,0.8030000000000002,3.8074999141693118,0.6485852278854236,-0.6302722475896627,0.6688011406075764,0.6688011405986312,0.2295757703401699,-0.22957577034324048,1.337478661427997e-12,0.07852488107301836,0.061918034953221214,-0.07103997602405773,8.230306018413408e-10,-1.05758258275665e-09,0.1,0.0,1
10,814,world,8.14,0.804,3.8074999141693118,0.649370697545305,-0.6296533474600512,0.668882643441723,0.6688826434148154,0.2293381985590169,-0.22933819856824258,4.022654786668704e-12,0.0785693236498756,0.06186163092904278,-0.07103947113451116,1.7738811912567672e-09,-2.2827318346008957e-09,0.1,0.0,1
10,815,world,8.15,0.805,3.807499914169311,0.6501566198057827,-0.6290350221781738,0.6689640612675025,0.6689640612198764,0.2291005996513599,-0.2291005996676704,7.119224956342211e-12,0.07861540051796106,0.061803064660262357,-0.07103889454953742,-1.3050561729832551e-09,1.681897124259218e-09,0.1,0.0,1
10,816,world,8.16,0.806,3.8074999141693118,0.6509430109868306,-0.6284172933860116,0.6690453939581933,0.6690453939597649,0.22886297390009913,-0.22886297389956153,-2.3490212020229257e-13,0.07866310676690559,0.06174233259100608,-0.07103824627266096,-3.7126915777979707e-09,4.791735467310675e-09,0.1,0.0,1
10,817,world,8.17,0.807,3.8074999141693118,0.651729887355645,-0.6278001827582079,0.6691266414673677,0.6691266415008515,0.22862532156087065,-0.22862532154942997,-5.004024310083155e-12,0.07871243728157368,0.061679431070611634,-0.07103752630780807,-1.1339263815703479e-10,1.4655777824952046e-10,0.1,0.0,1
10,818,world,8.18,0.808,3.8074999141693113,0.6525172651286123,-0.6271837120081203,0.6692078037273824,0.6692078037314345,0.22838764289684635,-0.2283876428954634,-6.055125245792572e-13,0.07876338675574845,0.06161435633652591,-0.0710367346593126,-1.801908773859158e-09,2.332444156362856e-09,0.1,0.0,1
10,819,world,8.19,0.8089999999999999,3.807499914169311,0.6533051604689687,-0.6265679028884023,0.669288880569088,0.6692888806420332,0.22814993820605955,-0.22814993818119372,-1.0898723419477685e-11,0.07881594967069436,0.06154710454202192,-0.07103587133198219,-1.6745717333368387e-09,2.17081371150343e-09,0.1,0.0,1
10,820,world,8.2,0.8099999999999999,3.807499914169311,0.6540935894811845,-0.6259527771873735,0.6693698720032305,0.6693698720439871,0.22791220772538776,-0.22791220771151063,-6.0887103554222e-12,0.07887012031008568,0.06147767173757162,-0.07103493633105204,4.9150160300735506e-09,-6.3808581844395784e-09,0.1,0.0,1
10,821,world,8.21,0.8110000000000002,3.807499914169312,0.6548825682142929,-0.6253383567368385,0.6694507779123929,0.6694507778775158,0.22767445173567466,-0.2276744517475361,5.209737797497592e-12,0.07892589274671136,0.06140605388831477,-0.13148591655666692,-3.124557069670872e-10,4.0675044506575655e-10,0.1,0.0,1
10,822,world,8.22,0.8120000000000002,3.8074999141693118,0.6556721141272521,-0.6247246653018761,0.6696689657471852,0.6696689657948296,0.22703188385523398,-0.22703188383908154,-7.114463526796581e-12,0.07898371552437711,0.061331661333802745,-0.193732093033306,-4.6648575317336576e-09,6.08937170792626e-09,0.1,0.0,1
10,823,world,8.23,0.8130000000000002,3.8074999141693113,0.6564622510299205,-0.6241117349680011,0.6698905997706861,0.6698905998385581,0.22637708430535952,-0.2263770842824234,-1.0131539131831572e-11,0.0790440894112791,0.06125383195475788,-0.19552680386613386,2.0712833545544926e-09,-2.714686456752547e-09,0.1,0.0,1
10,824,world,8.24,0.8140000000000002,3.807499914169311,0.6572530043876454,-0.6234996001468958,0.6701115935771483,0.6701115935790605,0.22572206837692887,-0.22572206837628478,-2.853444942576789e-13,0.07910700507457114,0.0611725571488701,-0.19552680386614218,3.065061270455988e-09,-4.033459471843138e-09,0.1,0.0,1
10,825,world,8.25,0.8150000000000002,3.807499914169312,0.658044399570064,-0.6228882953377198,0.6703319468802351,0.6703319468802352,0.22506683672134722,-0.22506683672134722,0.0,0.07917245234314936,0.06108782849284908,-0.19552680386614193,-1.5973593745010008e-09,2.1106102547026588e-09,0.1,0.0,1
10,826,world,8.26,0.8160000000000001,3.8074999141693118,0.6588364618381792,-0.6222778551194238,0.6705516594817023,0.6705516595191137,0.2244113899606226,-0.22441138994810228,-5.578891279313828e-12,0.07924042058708035,0.06099963725451664,-0.19552680386613638,1.3484971738464346e-09,-1.7890408896167094e-09,0.1,0.0,1
10,827,world,8.27,0.8170000000000001,3.807499914169312,0.6596292163478544,-0.6216683141642981,0.6707707312436559,0.670770731213601,0.22375572869709454,-0.2237557287071203,4.480402702827039e-12,0.07931089873948369,0.06090797436407949,-0.1955268038661395,-9.497131359769825e-11,1.2648848368070565e-10,0.1,0.0,1
10,828,world,8.28,0.8180000000000001,3.807499914169311,0.6604226881410848,-0.6210597072357079,0.6709891618357355,0.670989161875294,0.22309985359781892,-0.2230998535846659,-5.895156623110611e-12,0.07938387525856262,0.06081283046309364,-0.19552680386613966,-1.3414916620971374e-09,1.794304043996194e-09,0.1,0.0,1
10,829,world,8.290000000000001,0.8190000000000002,3.8074999141693118,0.6612169021403418,-0.6204520691897859,0.6712069511722979,0.671206951172298,0.2224437652486319,-0.2224437652486319,0.0,0.07945933813479428,0.06071419589503289,-0.19552680386613971,3.5450887054762415e-09,-4.761069574666705e-09,0.1,0.0,1
10,830,world,8.3,0.8200000000000002,3.807499914169312,0.6620118831500791,-0.6198454349864931,0.6714240989908851,0.6714240989507585,0.2217874642947171,-0.22178746430797186,5.975823501792982e-12,0.0795372748962288,0.06061206069819548,-0.19552680386613666,-1.66863851365696e-09,2.250152193912662e-09,0.1,0.0,1
10,831,world,8.31,0.8210000000000002,3.807499914169312,0.6628076558418,-0.6192398396791863,0.6716406050247283,0.6716406050623583,0.22113095138284625,-0.2211309513704569,-5.6021860638122155e-12,0.07961767255442154,0.06050641467660196,-0.19552680386613389,-1.3767079588773973e-09,1.8641058916989014e-09,0.1,0.0,1
10,832,world,8.32,0.8220000000000002,3.8074999141693113,0.6636042447589342,-0.6186353184301082,0.6718564691880398,0.6718564691790262,0.22047422710054848,-0.22047422710350636,1.3414585760979074e-12,0.07970051764873344,0.060397247342274876,-0.19552680386614218,2.903548697478706e-09,-3.947623911780432e-09,0.1,0.0,1
10,833,world,8.33,0.8230000000000002,3.8074999141693118,0.6644016743066079,-0.618031906506091,0.6720716911985821,0.6720716911703674,0.21981729210053394,-0.21981729210976225,4.19771372976376e-12,0.07978579620560257,0.06028454796909449,-0.1955268038661503,-4.583897295949572e-09,6.257789943418487e-09,0.1,0.0,1
10,834,world,8.34,0.8240000000000001,3.8074999141693113,0.6651999687456158,-0.6174296392797264,0.6722862707930262,0.6722862708883062,0.21916014702942163,-0.2191601469983611,-1.4170854378569316e-11,0.07987349373054295,0.06016830560417102,-0.1955268038661392,-4.110492345490692e-10,5.634662996016538e-10,0.1,0.0,1
10,835,world,8.35,0.8250000000000001,3.8074999141693113,0.6659991521944592,-0.6168285522412316,0.6725002079564448,0.6725002079375929,0.2185027924532728,-0.21850279245939802,2.802919068933335e-12,0.07996359522433003,0.06004850904726533,-0.19552680386614496,1.2612058329150211e-09,-1.7359548479794712e-09,0.1,0.0,1
10,836,world,8.36,0.8260000000000001,3.807499914169312,0.666799248612116,-0.6162286809847565,0.6727135022658229,0.6727135023322942,0.21784522907152157,-0.21784522904999618,-9.879754692079422e-12,0.08005608512928968,0.05992514692324022,-0.19552680386613688,-3.3209123295035234e-09,4.5898349112459576e-09,0.1,0.0,1
10,837,world,8.370000000000001,0.8270000000000002,3.8074999141693127,0.6676002818044384,-0.6156300612260409,0.6729261536642344,0.6729261537216163,0.21718745746490004,-0.21718745744637993,-8.526079790750498e-12,0.08015094736196446,0.059798207640192724,-0.19552680386613408,7.047930622389179e-09,-9.78117238715306e-09,0.1,0.0,1
10,838,world,8.38,0.8280000000000002,3.8074999141693113,0.6684022754120441,-0.6150327287954693,0.6731381619732699,0.6731381618774775,0.21652947825424904,-0.21652947828506275,1.422868988252259e-11,0.08024816528850967,0.05966767942385586,-0.1955268038661394,-3.730448884217854e-09,5.198540052368975e-09,0.1,0.0,1
10,839,world,8.39,0.8290000000000002,3.807499914169312,0.6692052529043111,-0.6144367196391689,0.6733495267219796,0.6733495268655664,0.21587129215469872,-0.21587129210866574,-2.1321115990913158e-11,0.08034772168752848,0.05953355036971563,-0.1955268038661394,-6.1878736038931636e-09,8.658771582446562e-09,0.1,0.0,1
10,840,world,8.4,0.8300000000000002,3.8074999141693118,0.6700092375815573,-0.6138420698311722,0.6735602480723495,0.6735602481198651,0.21521289967838325,-0.2152128996632013,-7.053319951730619e-12,0.08044959880408734,0.059395808372825355,-0.19552680386614496,6.182289178521021e-09,-8.686802650010978e-09,0.1,0.0,1
10,841,world,8.41,0.8310000000000002,3.807499914169312,0.6708142525556161,-0.6132488155563856,0.6737703256309759,0.6737703256309759,0.2145543015162567,-0.2145543015162567,0.0,0.08055377826136903,0.059254441249734106,-0.19552680386613638,2.0395670380896647e-09,-2.877727669031036e-09,0.1,0.0,1
10,842,world,8.42,0.8320000000000001,3.8074999141693118,0.6716203207576701,-0.6126569931303492,0.6739797591975933,0.6739797591975933,0.2138954982975427,-0.2138954982975427,0.0,0.08066024111460342,0.059109436669063625,-0.19552680386613916,-1.2122727219255972e-09,1.7175535835109006e-09,0.1,0.0,1
10,843,world,8.43,0.8330000000000001,3.807499914169312,0.6724274649244455,-0.6120666389897088,0.6741885485816165,0.6741885486099632,0.21323649064879616,-0.2132364906398305,-4.203896638759837e-12,0.08076896780560218,0.05896078221680576,-0.19552680386613663,6.0616911256286e-09,-8.623983415693044e-09,0.1,0.0,1
10,844,world,8.44,0.8340000000000001,3.8074999141693118,0.6732357075918721,-0.6114777896926971,0.6743966936971006,0.6743966935549215,0.21257727916401897,-0.21257727920883546,2.1079037017745486e-11,0.08087993816314944,0.05880846540018814,-0.19552680386613108,1.2816422762624758e-10,-1.8310920012471426e-10,0.1,0.0,1
10,845,world,8.45,0.8350000000000001,3.8074999141693118,0.6740450710972333,-0.610890481931269,0.6746041940766443,0.6746041941019929,0.2119178645579192,-0.21191786454995626,-3.7569504665673144e-12,0.08099313139644604,0.05865247366137277,-0.19552680386614796,-5.518283793305234e-09,7.916502363020423e-09,0.1,0.0,1
10,846,world,8.46,0.8360000000000002,3.8074999141693118,0.6748555775588515,-0.6103047525123214,0.6748110497934041,0.674811049781376,0.21125824737520935,-0.21125824737897492,1.7821664205441762e-12,0.08110852607571656,0.05849279440943822,-0.19552680386614243,-2.4782386390915183e-09,3.5701395162099686e-09,0.1,0.0,1
10,847,world,8.47,0.8370000000000002,3.807499914169312,0.6756672488825995,-0.6097206383757329,0.6750172604805011,0.6750172605645375,0.21059842829944125,-0.21059842827322278,-1.2447505242385299e-11,0.08122610012688895,0.05832941503372559,-0.19552680386613386,-1.5555594509897526e-09,2.250300686336821e-09,0.1,0.0,1
10,848,world,8.48,0.8380000000000002,3.8074999141693113,0.6764801067506211,-0.6091381765879197,0.675222826085163,0.6752228261100706,0.2099384079161633,-0.2099384079084191,-3.688222178555274e-12,0.08134583083308305,0.05816232290818033,-0.1955268038661394,4.666783824223802e-09,-6.779369583279534e-09,0.1,0.0,1
10,849,world,8.49,0.8390000000000002,3.8074999141693118,0.6772941726101779,-0.6085574043353233,0.6754277463297558,0.6754277463026631,0.20927818688159894,-0.20927818688999353,4.010573710387174e-12,0.08146769479443942,0.0579915054545066,-0.19552680386614474,1.0428387026202285e-09,-1.5212639460174097e-09,0.1,0.0,1
10,850,world,8.5,0.8400000000000001,3.807499914169312,0.6781094676766501,-0.6079783589376311,0.6756320209824409,0.675632020982441,0.20861776583786537,-0.20861776583786537,0.0,0.08159166795265249,0.05781695011589682,-0.19552680386614193,-1.3209775030885881e-09,1.93512482216786e-09,0.1,0.0,1
10,851,world,8.51,0.8410000000000001,3.807499914169312,0.6789260129181282,-0.607401077835179,0.6758356498987919,0.6758356499033527,0.20795714540040974,-0.2079571453990064,-6.747300664165771e-13,0.08171772555825163,0.057638644411421296,-0.19552680386613663,1.5072258608155611e-09,-2.217261121961259e-09,0.1,0.0,1
10,852,world,8.52,0.8420000000000001,3.8074999141693118,0.6797438290507853,-0.6068255985913013,0.676038632895606,0.6760386328593564,0.20729632619716656,-0.20729632620828192,5.361281052994933e-12,0.08184584216728867,0.05745657595025371,-0.195526803866145,5.742299186837125e-10,-8.483094636318e-10,0.1,0.0,1
10,853,world,8.53,0.8430000000000001,3.807499914169312,0.6805629365371215,-0.6062519588987662,0.6762409697223086,0.6762409697130175,0.20663530887708442,-0.20663530887992343,1.3737347177861126e-12,0.08197599164188049,0.057270732441015104,-0.19552680386613694,-2.4819079285258982e-09,3.68198900609394e-09,0.1,0.0,1
10,854,world,8.540000000000001,0.8440000000000002,3.8074999141693118,0.6813833555712224,-0.6056801965676639,0.6764426602163299,0.6764426602401318,0.20597409406245026,-0.20597409405520267,-3.518210312437283e-12,0.08210814712377609,0.057081101740421414,-0.19552680386613966,2.2722838101208426e-09,-3.385273387029318e-09,0.1,0.0,1
10,855,world,8.55,0.8450000000000002,3.8074999141693118,0.6822051060744665,-0.6051103495279399,0.6766437042486514,0.6766437041841789,0.2053126823658786,-0.20531268238544131,9.527048052292412e-12,0.08224228103785598,0.05688767186034521,-0.19552680386614496,2.7678960107798747e-09,-4.1411123160200176e-09,0.1,0.0,1
10,856,world,8.56,0.8460000000000002,3.8074999141693118,0.6830282076910424,-0.604542455831672,0.6768441015118698,0.676844101468259,0.2046510744545676,-0.20465107446775374,6.442467021881746e-12,0.08237836507903278,0.05669043099946935,-0.1955268038661394,1.3005910198090019e-09,-1.95410687242624e-09,0.1,0.0,1
10,857,world,8.57,0.8470000000000002,3.8074999141693118,0.6838526797799174,-0.6039765536501399,0.6770438519057932,0.6770438518094973,0.20398927093316574,-0.20398927096217903,1.4221365586429434e-11,0.08251637020910049,0.05648936756164538,-0.19552680386613916,-2.878094042862608e-09,4.342652617876437e-09,0.1,0.0,1
10,858,world,8.58,0.8480000000000001,3.8074999141693127,0.6846785414009016,-0.6034126812620736,0.6772429551147781,0.6772429551417076,0.20332727247176843,-0.20332727246368346,-3.975932883627956e-12,0.08265626663459871,0.056284470202979844,-0.19552680386613916,-5.875273458782745e-09,8.90273769644333e-09,0.1,0.0,1
10,859,world,8.59,0.8490000000000001,3.8074999141693118,0.6855058113151012,-0.6028508770626616,0.6774414110874765,0.6774414111356446,0.2026650796612434,-0.20266507964683325,-7.109625340017982e-12,0.08279802382196838,0.05607572782565338,-0.19552680386613389,1.2926834512775749e-09,-1.967143674599674e-09,0.1,0.0,1
10,860,world,8.6,0.8500000000000001,3.8074999141693118,0.6863345079744505,-0.6022911795565775,0.6776392196203983,0.6776392196154423,0.20200269313877367,-0.20200269314025107,7.313120095493275e-13,0.08294161046999796,0.0558631296352355,-0.1955268038661394,2.207804791323642e-09,-3.3740906584885714e-09,0.1,0.0,1
10,861,world,8.61,0.8510000000000001,3.807499914169311,0.6871646495147147,-0.6017336273558687,0.677836380461497,0.6778363804550294,0.2013401135562755,-0.2013401135581966,9.540639936806256e-13,0.08308699451367837,0.05564666515330439,-0.1955268038661452,1.1123303815675783e-09,-1.7072069922179667e-09,0.1,0.0,1
10,862,world,8.620000000000001,0.8520000000000002,3.8074999141693127,0.6879962537469355,-0.6011782591753551,0.6780328934604442,0.678032893427854,0.20067734153565897,-0.20067734154530467,4.806236543630555e-12,0.08323414312053935,0.05542632424209252,-0.24827069038860605,-2.3808646199530595e-09,3.674055809206675e-09,0.1,0.0,1
10,863,world,8.63,0.8530000000000002,3.8074999141693127,0.6888293362320766,-0.600625110936375,0.6783341593739963,0.6783341594269193,0.19965662571921908,-0.19965662570364207,-7.801313246897204e-12,0.083382398543769,0.05520303988991975,-0.30564583507073984,-1.320648426274838e-09,2.0493173813307943e-09,0.1,0.0,1
10,864,world,8.64,0.8540000000000002,3.8074999141693113,0.6896639025056303,-0.6000742039300914,0.6786430873572232,0.6786430873576942,0.19860402811112415,-0.19860402811098637,-6.93722573280674e-14,0.0835308950475025,0.05497808265630155,-0.31027709323041486,3.735684427278215e-09,-5.8359175095313105e-09,0.1,0.0,1
10,865,world,8.65,0.8550000000000002,3.8074999141693118,0.6904999548960792,-0.599525554872793,0.6789503819792921,0.6789503819381723,0.19755095250524132,-0.1975509525172058,6.055873585233215e-12,0.08367962039209298,0.054751448666087534,-0.3102770932304153,-1.767977492338185e-09,2.7809153802733717e-09,0.1,0.0,1
10,866,world,8.66,0.8560000000000001,3.8074999141693113,0.6913374956525788,-0.5989791805854279,0.6792560424420635,0.6792560424873023,0.1964974014530177,-0.19649740143993089,-6.659444390833406e-12,0.08382856702094889,0.05452312675566473,-0.3102770932304153,-6.615357773499325e-10,1.0477108227500724e-09,0.1,0.0,1
10,867,world,8.67,0.8570000000000001,3.807499914169312,0.6921765269492298,-0.598435098002625,0.6795600681518065,0.6795600681274903,0.19544337744899334,-0.19544337745598678,3.577894295255121e-12,0.0839777271996679,0.05429310577207905,-0.3102770932304148,7.107326140664216e-10,-1.1334187899933401e-09,0.1,0.0,1
10,868,world,8.68,0.8580000000000001,3.807499914169312,0.6930170508819254,-0.5978933241705293,0.6798624582383563,0.6798624582654448,0.19438888306996477,-0.1943888830622195,-3.98402211434151e-12,0.08412709301843291,0.05406137456879854,-0.31027709323041486,-2.6637845815671568e-09,4.2773756001618484e-09,0.1,0.0,1
10,869,world,8.69,0.8590000000000001,3.8074999141693118,0.6938590694666064,-0.5973538762467488,0.6801632120515434,0.6801632120957526,0.1933339208315169,-0.19333392081895057,-6.499122720869245e-12,0.08427665639833107,0.05382792199516572,-0.31027709323041974,1.0478912342809331e-09,-1.6943418320790683e-09,0.1,0.0,1
10,870,world,8.700000000000001,0.8600000000000002,3.807499914169312,0.6947025846406674,-0.5968167715052766,0.6804623288810376,0.6804623288810376,0.19227849326899407,-0.19227849326899407,0.0,0.08442640907759487,0.05359273691707307,-0.31027709323042263,7.798080259345972e-10,-1.2696669659683998e-09,0.1,0.0,1
10,871,world,8.71,0.8610000000000002,3.8074999141693118,0.6955475982525249,-0.5962820273228504,0.6807598079421755,0.6807598079661367,0.1912226029409379,-0.19122260293420731,-3.519371202623854e-12,0.08457634260823105,0.05335580822192765,-0.31027709323041486,-3.3132050307214173e-09,5.432230055597318e-09,0.1,0.0,1
10,872,world,8.72,0.8620000000000002,3.8074999141693118,0.6963941120668599,-0.5957496611898021,0.681055648533697,0.6810556486203666,0.1901662523843824,-0.19016625236018225,-1.2724265593190956e-11,0.08472644836070355,0.053117124810940546,-0.3102770932304121,-5.383618862465965e-10,8.888765108775231e-10,0.1,0.0,1
10,873,world,8.73,0.8630000000000002,3.8074999141693118,0.6972421277633128,-0.595219690710819,0.6813498500185652,0.6813498500567082,0.1891094441208372,-0.1891094441102505,-5.597485479210997e-12,0.08487671752288484,0.05287667560030995,-0.3102770932304182,5.350287138227685e-09,-8.895896915373361e-09,0.1,0.0,1
10,874,world,8.74,0.8640000000000001,3.8074999141693118,0.6980916469325953,-0.5946921336015807,0.681642411655276,0.6816424116004995,0.18805218070332372,-0.18805218071843546,8.034927547770367e-12,0.08502714108646364,0.052634449542696,-0.31027709323041264,-3.846679152259748e-10,6.441059417860047e-10,0.1,0.0,1
10,875,world,8.75,0.8650000000000001,3.8074999141693118,0.6989426710696158,-0.5941670076804108,0.6819333326194448,0.6819333326678526,0.18699446470954414,-0.1869944646962701,-7.097692715908811e-12,0.08517770985131366,0.052390435620305986,-0.310277093230412,-3.624023567413289e-09,6.111192892949125e-09,0.1,0.0,1
10,876,world,8.76,0.8660000000000001,3.8074999141693113,0.699795201581309,-0.5936443308836923,0.6822226123636721,0.682222612405792,0.18593629864307334,-0.18593629863159378,-6.173106139168036e-12,0.08532841442157965,0.05214462285125056,-0.31027709323041763,-8.922765743459432e-10,1.515346531619949e-09,0.1,0.0,1
10,877,world,8.77,0.8670000000000001,3.8074999141693118,0.7006492397793395,-0.5931241212569656,0.6825102501186737,0.6825102501911268,0.18487768507076216,-0.18487768505113616,-1.0614212051802523e-11,0.08547924521049592,0.05189700028174955,-0.31027709323041486,3.349331745909135e-09,-5.7286968549999376e-09,0.1,0.0,1
10,878,world,8.78,0.8680000000000001,3.8074999141693118,0.7015047868736027,-0.5926063969470287,0.6827962452861002,0.6827962452376354,0.1838186265150976,-0.183818626528145,7.09699893395638e-12,0.08563019242615076,0.051647557009604966,-0.3102770932304212,1.7892993597374995e-09,-3.0823358639820037e-09,0.1,0.0,1
10,879,world,8.790000000000001,0.8690000000000002,3.807499914169312,0.7023618439821544,-0.5920911762211494,0.6830805970053913,0.6830805970292143,0.182759125571475,-0.1827591255651011,-3.4870975625851186e-12,0.08578124607012007,0.051396282187114596,-0.31027709323042124,-6.284469147876008e-10,1.0903712109210681e-09,0.1,0.0,1
10,880,world,8.8,0.8700000000000002,3.8074999141693118,0.7032204121166119,-0.5915784774458495,0.6833633047524805,0.6833633047211759,0.18169918474679098,-0.18169918475511454,4.5802843456520605e-12,0.08593239594587543,0.051143165007665414,-0.3102770932304162,7.906243911072383e-10,-1.3816393826695851e-09,0.1,0.0,1
10,881,world,8.81,0.8710000000000002,3.8074999141693113,0.7040804921860283,-0.5910683190960824,0.6836443677389856,0.6836443677410631,0.1806388066209515,-0.18063880662040258,-3.038321848916748e-13,0.08608363164370891,0.05088819473149189,-0.3102770932304168,-2.8844167817046004e-09,5.077096895773652e-09,0.1,0.0,1
10,882,world,8.82,0.8720000000000001,3.8074999141693113,0.7049420850003385,-0.5905607197640953,0.6839237853261589,0.6839237853747004,0.179577993735948,-0.17957799372320243,-7.096436291246657e-12,0.08623494255300895,0.050631360665888164,-0.31027709323041125,1.3031222027167875e-09,-2.3103986380318027e-09,0.1,0.0,1
10,883,world,8.83,0.8730000000000001,3.8074999141693118,0.7058051912523117,-0.5900556981317941,0.6842015569126523,0.6842015568784338,0.17851674862634376,-0.17851674863527178,5.0004614405413144e-12,0.0863863178405932,0.05037265220279762,-0.31027709323041486,3.012546438785588e-09,-5.380086959801832e-09,0.1,0.0,1
10,884,world,8.84,0.8740000000000001,3.8074999141693118,0.7066698115345169,-0.5895532730024505,0.6844776817247399,0.6844776816889097,0.17745507387393092,-0.17745507388322013,5.23387170267242e-12,0.08653774646250473,0.05011205880016559,-0.31027709323042457,2.8364828257047564e-09,-5.1027417010113026e-09,0.1,0.0,1
10,885,world,8.85,0.8750000000000001,3.807499914169312,0.7075359463224714,-0.5890534632749364,0.6847521591767983,0.6847521590625991,0.17639297201340465,-0.17639297204282248,1.6674859218403627e-11,0.08668921715919486,0.04984956999138463,-0.31027709323041486,-1.5691279028948113e-09,2.843548365759284e-09,0.1,0.0,1
10,886,world,8.86,0.8760000000000001,3.8074999141693113,0.7084035959787937,-0.5885562879536792,0.6850249884692351,0.6850249884778721,0.17533044563679004,-0.17533044563457947,-1.2606119287584915e-12,0.08684071844705443,0.04958517540151917,-0.3102770932304155,-3.159441670650222e-09,5.767730971398086e-09,0.1,0.0,1
10,887,world,8.870000000000001,0.8770000000000002,3.8074999141693118,0.7092727607546075,-0.5880617661542145,0.6852961691238222,0.6852961690996675,0.17426749725550242,-0.17426749726164487,3.5241716650727378e-12,0.08699223863128783,0.04931886472656358,-0.3102770932304115,1.8569758883501362e-09,-3.415117422898842e-09,0.1,0.0,1
10,888,world,8.88,0.8780000000000002,3.8074999141693118,0.7101434407745796,-0.5875699170799189,0.6855657004039238,0.6855657003592672,0.17320412944943966,-0.17320412946072186,6.512801485301395e-12,0.08714376578267448,0.04905062777594568,-0.31027709323041336,8.484532256905283e-10,-1.5719738947959796e-09,0.1,0.0,1
10,889,world,8.89,0.8790000000000002,3.807499914169312,0.7110156360527613,-0.5870807600528744,0.6858335816587372,0.6858335816100611,0.17214034477840706,-0.17214034479062448,7.09625961922029e-12,0.08729528775327579,0.04878045444717361,-0.3102770932304195,-1.9681954338548846e-09,3.6737963332481384e-09,0.1,0.0,1
10,890,world,8.9,0.8800000000000001,3.8074999141693118,0.7118893464719496,-0.5865943144803458,0.6860998122191705,0.6860998122316695,0.17107614580875022,-0.17107614580563363,-1.8214625506276237e-12,0.08744679216452304,0.04850833474914093,-0.3102770932304209,-2.4316143701335e-09,4.572832788881753e-09,0.1,0.0,1
10,891,world,8.91,0.8810000000000001,3.8074999141693113,0.7127645717947985,-0.5861105998774515,0.6863643915027041,0.6863643915250859,0.1700115350871911,-0.17001153508164718,-3.2604022649095567e-12,0.08759826640831767,0.04823425880281989,-0.31027709323041197,4.466448272407157e-09,-8.462719461974361e-09,0.1,0.0,1
10,892,world,8.92,0.8820000000000001,3.8074999141693113,0.7136413116571886,-0.5856296358584249,0.6866273189224853,0.6866273188035866,0.16894651516387127,-0.16894651519312662,1.731364201205698e-11,0.08774969764986604,0.047958216838797245,-0.3102770932304121,-7.717047726317408e-10,1.473226684151263e-09,0.1,0.0,1
10,893,world,8.93,0.8830000000000001,3.8074999141693113,0.7145195655601582,-0.5851514421248339,0.6868885936174071,0.6868885936626533,0.16788108865824647,-0.16788108864718793,-6.586107782245675e-12,0.08790107281346432,0.04768019922611529,-0.310277093230419,-1.3158134600304708e-09,2.531037777073996e-09,0.1,0.0,1
10,894,world,8.94,0.8840000000000001,3.8074999141693118,0.7153993328820663,-0.584676038490885,0.6871482152559352,0.6871482151761499,0.16681525806165423,-0.16681525808102327,1.1609280357139493e-11,0.08805237859552946,0.04740019645180331,-0.3102770932304142,1.5101263933600845e-09,-2.9269623309970196e-09,0.1,0.0,1
10,895,world,8.950000000000001,0.8850000000000002,3.8074999141693118,0.7162806128567184,-0.5842034448461881,0.6874061829662167,0.6874061829662168,0.16574902599960062,-0.16574902599960062,0.0,0.08820360145078832,0.047118199149696886,-0.3102770932304157,-1.2732696454639175e-09,2.4867915021564023e-09,0.1,0.0,1
10,896,world,8.96,0.8860000000000002,3.8074999141693118,0.7171634045879339,-0.5837336811855838,0.6876624962903873,0.6876624962489661,0.16468239499874668,-0.16468239500866627,6.022567177329153e-12,0.0883547275995255,0.046834198090857176,-0.3102770932304175,-2.5941332405808172e-09,5.1055189977525975e-09,0.1,0.0,1
10,897,world,8.97,0.8870000000000002,3.8074999141693113,0.7180477070400613,-0.5832667675946444,0.6879171544701336,0.6879171545489243,0.1636153676601898,-0.16361536764145007,-1.1451838715179326e-11,0.08850574301809819,0.0465481842053411,-0.3102770932304168,-4.422606882598891e-09,8.77143377571407e-09,0.1,0.0,1
10,898,world,8.98,0.8880000000000001,3.8074999141693118,0.7189335190312525,-0.5828027242398278,0.6881701570259874,0.6881701571197376,0.16254794652013066,-0.16254794649798654,-1.362114073725701e-11,0.0886566334452321,0.04626014857474795,-0.31027709323041125,4.150408903565232e-09,-8.295501218090662e-09,0.1,0.0,1
10,899,world,8.99,0.8890000000000001,3.8074999141693118,0.7198208392437471,-0.5823415713910285,0.6884215033751845,0.6884215033263195,0.1614801341417566,-0.1614801341532187,7.097137268098785e-12,0.08880738438808432,0.04597008242484495,-0.3102770932304121,2.501662616487855e-09,-5.039135187148462e-09,0.1,0.0,1
10,900,world,9.0,0.8900000000000001,3.8074999141693113,0.7207096662059217,-0.5818833293902732,0.6886711927300929,0.6886711927464231,0.16041193313801594,-0.16041193313421218,-2.3709200511616938e-12,0.08895798108336618,0.045677977205338983,-0.3102770932304204,-1.5682785809182104e-09,3.1837618389166537e-09,0.1,0.0,1
10,901,world,9.01,0.8910000000000001,3.8074999141693118,0.7215999982999788,-0.5814280186692613,0.6889192246344291,0.688919224634429,0.15934334604588019,-0.15934334604588019,0.0,0.08910840854824144,0.04538382449727757,-0.310277093230419,-7.714119508391543e-10,1.5783805858171884e-09,0.1,0.0,1
10,902,world,9.02,0.8920000000000001,3.8074999141693118,0.7224918337620851,-0.5809756597528536,0.6891655984220246,0.6891655984625811,0.1582743754533147,-0.15827437544400047,-5.884088700006588e-12,0.08925865154238016,0.04508761609173806,-0.3102770932304168,3.9632250012711455e-10,-8.173273793634482e-10,0.1,0.0,1
10,903,world,9.03,0.893,3.8074999141693113,0.7233851706655134,-0.5805262732288426,0.68941031357517,0.6894103135626455,0.15720502391581295,-0.1572050239186689,1.8164624786418797e-12,0.0894086945865461,0.04478934395958176,-0.3102770932304114,3.0982210992845608e-09,-6.4402649132325275e-09,0.1,0.0,1
10,904,world,9.040000000000001,0.8940000000000002,3.807499914169312,0.7242800069337468,-0.5800798797765367,0.6896533694542597,0.6896533693962694,0.1561352940187768,-0.1561352940319056,8.40756856806795e-12,0.08955852194823566,0.044489000285996456,-0.31027709323041924,9.388629949872225e-10,-1.9672118440654784e-09,0.1,0.0,1
10,905,world,9.05,0.8950000000000002,3.8074999141693118,0.7251763403326773,-0.5796365001544314,0.6898947654476916,0.6898947654050821,0.15506518834279223,-0.15506518835236943,6.175498569557254e-12,0.08970811764955021,0.04418657746165072,-0.3102770932304195,-3.6634407113700352e-09,7.737733990015904e-09,0.1,0.0,1
10,906,world,9.06,0.8960000000000001,3.807499914169312,0.72607416846112,-0.5791961551837842,0.6901345009612159,0.6901345010213519,0.1539947094661957,-0.15399470945277713,-8.712669742928654e-12,0.08985746546557151,0.043882068092828366,-0.3102770932304167,-3.855390253643941e-09,8.208909234345538e-09,0.1,0.0,1
10,907,world,9.07,0.8970000000000001,3.8074999141693118,0.7269734887596713,-0.5787588657693099,0.6903725755016694,0.6903725755842527,0.15292385994662877,-0.15292385992833582,-1.1960788100461482e-11,0.09000654892052612,0.043575465016646026,-0.31027709323041347,9.89533655133837e-10,-2.124020689557715e-09,0.1,0.0,1
10,908,world,9.08,0.8980000000000001,3.8074999141693113,0.7278742985031201,-0.5783246528866937,0.6906089884945148,0.6906089885223273,0.15185264236194315,-0.15185264235582766,-4.026828008003107e-12,0.09015535129726349,0.043266761289320145,-0.31027709323041197,2.5757770611943724e-10,-5.573984252719776e-10,0.1,0.0,1
10,909,world,9.09,0.8990000000000001,3.8074999141693113,0.7287765947927591,-0.577893537569315,0.6908437392815886,0.6908437393557442,0.15078105930999075,-0.1507810592938058,-1.0732976088244633e-11,0.09030385561932196,0.04295595023142495,-0.3102770932304162,2.3179745345517174e-09,-5.057252321256361e-09,0.1,0.0,1
10,910,world,9.1,0.9000000000000001,3.807499914169312,0.7296803745633418,-0.5774655409253289,0.6910768274332295,0.6910768273841695,0.14970911334028925,-0.1497091133509172,7.098377501719899e-12,0.0904520446727567,0.042643025391236315,-0.31027709323041397,1.646477265129946e-09,-3.621838506217152e-09,0.1,0.0,1
10,911,world,9.11,0.901,3.8074999141693113,0.7305856345774718,-0.5770406841288389,0.6913082522079258,0.6913082522271237,0.14863680707201976,-0.14863680706789204,-2.776801597493937e-12,0.09059990098707953,0.04232798059359069,-0.3102770932304156,-3.944929884248591e-09,8.7498104128897e-09,0.1,0.0,1
10,912,world,9.120000000000001,0.9020000000000002,3.8074999141693113,0.7314923714159182,-0.5766189884018502,0.6915380131463225,0.6915380132299772,0.14756414306470414,-0.1475641430468534,-1.2095885519747424e-11,0.09074740684917774,0.04201080992018377,-0.31027709323041364,3.422788382417709e-09,-7.655011833608974e-09,0.1,0.0,1
10,913,world,9.13,0.9030000000000002,3.8074999141693118,0.7324005814848157,-0.5762004750320273,0.6917661098159887,0.691766109719185,0.1464911238745065,-0.14649112389500604,1.3992592756951134e-11,0.09089454430011767,0.041691507726081926,-0.3102770932304195,1.477721706834697e-09,-3.3326013519731826e-09,0.1,0.0,1
10,914,world,9.14,0.9040000000000001,3.8074999141693113,0.7333102610132481,-0.5757851653703843,0.6919925413902257,0.6919925414234819,0.1454177521429212,-0.14541775213593264,-4.805502691015361e-12,0.09104129512888419,0.04137006866389528,-0.3102770932304182,-1.1347746520377488e-10,2.5807730728215816e-10,0.1,0.0,1
10,915,world,9.15,0.9050000000000001,3.8074999141693118,0.7342214060387197,-0.5753730808019706,0.6922173076074577,0.6922173075144938,0.14434403039348517,-0.1443440304128704,1.3428938088720455e-11,0.09118764088644293,0.04104648766417322,-0.31027709323041897,3.621289638828477e-09,-8.305581712383561e-09,0.1,0.0,1
10,916,world,9.16,0.9060000000000001,3.807499914169311,0.7351340124172454,-0.574964242770144,0.6924404077350875,0.6924404076428854,0.1432699612506999,-0.14326996126977706,1.3314678616264969e-11,0.09133356287287266,0.04072075997506702,-0.3102770932304162,-9.101872760289749e-10,2.105357116678104e-09,0.1,0.0,1
10,917,world,9.17,0.9070000000000001,3.8074999141693118,0.7360480758201414,-0.5745586727721887,0.6926618412845537,0.6926618412233049,0.14219554728938802,-0.14219554730196168,8.841996278014726e-12,0.09147904215381739,0.040392881137894875,-0.310277093230412,-3.245606217845198e-09,7.571841770883998e-09,0.1,0.0,1
10,918,world,9.18,0.9080000000000001,3.8074999141693118,0.7369635917220123,-0.5741563923346015,0.6928816077119088,0.6928816077338087,0.14112079109761266,-0.14112079109315226,-3.1605335107100386e-12,0.09162405954588683,0.040062847032279,-0.3102770932304141,-1.7292445244183464e-09,4.069060997302273e-09,0.1,0.0,1
10,919,world,9.19,0.909,3.807499914169311,0.737880555406192,-0.5737574230272736,0.6930997065668416,0.6930997065668415,0.14004569524608076,-0.14004569524608076,0.0,0.091768595631287,0.039730653856453635,-0.3102770932304142,-1.3937068324203833e-09,3.307990790530735e-09,0.1,0.0,1
10,920,world,9.200000000000001,0.9100000000000003,3.8074999141693118,0.7387989619640578,-0.5733617864642968,0.6933161372251145,0.6933161372968026,0.1389702623424908,-0.13897026232812143,-1.0339445189885363e-11,0.09191263075384662,0.03939629814978876,-0.31027709323041924,6.868724952040822e-10,-1.6445426984051915e-09,0.1,0.0,1
10,921,world,9.21,0.9110000000000003,3.8074999141693118,0.7397188062860505,-0.5729695042853444,0.693530899296665,0.6935308992719444,0.13789449494894948,-0.1378944949538647,3.564322703858464e-12,0.09205614502619112,0.039059776790412774,-0.3102770932304167,2.2149137535905037e-09,-5.349676861529628e-09,0.1,0.0,1
10,922,world,9.22,0.9120000000000001,3.807499914169311,0.7406400830612744,-0.5725805981563753,0.6937439921242938,0.6937439921156898,0.13681839568268822,-0.1368183956843851,1.2401939373909227e-12,0.092199118317891,0.038721087037989245,-0.31027709323041675,-3.1602105013287386e-09,7.700367292497966e-09,0.1,0.0,1
10,923,world,9.23,0.9130000000000001,3.807499914169311,0.7415627867804933,-0.5721950897786419,0.6939554152097545,0.6939554153005429,0.1357419671305258,-0.135741967112767,-1.3082375835716962e-11,0.09234153028074352,0.03838022648982845,-0.3102770932304148,-2.5230830163389e-10,6.202527618287434e-10,0.1,0.0,1
10,924,world,9.24,0.9140000000000001,3.807499914169312,0.7424869117279272,-0.5718130008710808,0.6941651681805795,0.6941651681812666,0.1346652118565475,-0.1346652118564142,-9.900190529846633e-14,0.09248336033348364,0.03803719313286703,-0.31027709323041486,9.139176313771842e-10,-2.26685770281129e-09,0.1,0.0,1
10,925,world,9.25,0.9150000000000001,3.8074999141693113,0.7434124519780863,-0.571434353164051,0.6943732503640321,0.6943732504209322,0.133588132485044,-0.1335881324740972,-8.194286040539453e-12,0.09262458766831189,0.03769198534536497,-0.3102770932304121,2.3816389882716226e-09,-5.960627327264682e-09,0.1,0.0,1
10,926,world,9.26,0.9160000000000001,3.8074999141693113,0.7443394014015575,-0.571059168414969,0.6945796614332546,0.6945796613447746,0.13251073157478646,-0.13251073159166651,1.2738436871777952e-11,0.09276519126332627,0.03734460188405407,-0.31027709323041675,5.532277963991638e-10,-1.3971530396074585e-09,0.1,0.0,1
10,927,world,9.27,0.917,3.8074999141693113,0.7452677536541756,-0.570687468383312,0.6947844006557047,0.6947844006917575,0.13143301176394317,-0.13143301175712305,-5.1889807727550334e-12,0.09290514987363807,0.03699504192397749,-0.31062057461218884,-4.82764605239385e-09,1.230350822148036e-08,0.1,0.0,1
10,928,world,9.28,0.918,3.8074999141693118,0.7461975021764454,-0.5703192748300605,0.6949879154472488,0.6949879155424261,0.13035258846094191,-0.13035258844309036,-1.3694683744799426e-11,0.09304444067236352,0.03664330852921208,-0.31706400819024416,1.6983179451813637e-09,-4.368894863453452e-09,0.1,0.0,1
10,929,world,9.290000000000001,0.9190000000000003,3.8074999141693113,0.747128638337722,-0.5699546047675834,0.6951976344487735,0.6951976344196747,0.1292294435349775,-0.12922944354038665,4.185652622971399e-12,0.09318251681896644,0.03629075032681243,-0.3231639603865247,3.405032187685623e-09,-8.842310689500827e-09,0.1,0.0,1
10,930,world,9.3,0.9200000000000002,3.807499914169312,0.7480611470389157,-0.5695934589066436,0.6954055383191067,0.6954055382825584,0.12810596121830878,-0.12810596122504161,5.255645341890953e-12,0.09331895062842593,0.03593846760240904,-0.32316396038652445,-1.5726780606769626e-09,4.123667618471032e-09,0.1,0.0,1
10,931,world,9.31,0.9210000000000002,3.8074999141693118,0.7489950119060148,-0.5692358344863346,0.6956116265357105,0.6956116265679944,0.1269821444402113,-0.126982144434318,-4.6410462442134105e-12,0.09345375119068894,0.0355864635555264,-0.32316396038653566,-8.513621305111775e-11,2.254027280169531e-10,0.1,0.0,1
10,932,world,9.32,0.9220000000000002,3.8074999141693118,0.7499302166490045,-0.5688817286971006,0.6958158986658216,0.6958158986326048,0.1258579961155894,-0.12585799612159757,4.773764634343017e-12,0.09358692758237092,0.03523474117532383,-0.32316396038652734,8.128747945934203e-10,-2.1735092559944927e-09,0.1,0.0,1
10,933,world,9.33,0.9230000000000002,3.8074999141693118,0.7508667450739115,-0.5685311387145642,0.6960183540595866,0.6960183540595866,0.12473351920067041,-0.12473351920067041,0.0,0.09371848885049275,0.03488330327793035,-0.323163960386526,-4.907541255513966e-10,1.3252429183870235e-09,0.1,0.0,1
10,934,world,9.34,0.9240000000000002,3.807499914169311,0.751804581072238,-0.5681840616742164,0.6962189922611662,0.696218992247608,0.1236087166181582,-0.12360871662056538,1.947419613791576e-12,0.09384844401730415,0.034532152489106877,-0.32316396038653283,2.4860851129136125e-10,-6.780750967052568e-10,0.1,0.0,1
10,935,world,9.35,0.925,3.8074999141693113,0.7527437086306716,-0.5678404946999378,0.6964178127148035,0.6964178127047443,0.1224835913105,-0.12248359131226917,1.4444218862461312e-12,0.09397680208038825,0.034181291238681084,-0.3231639603865245,-3.947904436065516e-10,1.087625287225353e-09,0.1,0.0,1
10,936,world,9.36,0.926,3.807499914169312,0.7536841118196245,-0.5675004348756124,0.6966148149053748,0.6966148149079293,0.12135814621452043,-0.1213581462140754,-3.667093558880176e-13,0.09410357200189912,0.033830721784842095,-0.32316396038652906,3.708595446570131e-10,-1.032096865579764e-09,0.1,0.0,1
10,937,world,9.370000000000001,0.9270000000000003,3.8074999141693118,0.7546257748067231,-0.5671638792848515,0.6968099983433482,0.6968099983179995,0.12023238426430895,-0.12023238426868278,3.637815441742926e-12,0.09422876271260916,0.03348044619850218,-0.3231639603865289,-1.0179153030071983e-09,2.861854974388276e-09,0.1,0.0,1
10,938,world,9.38,0.9280000000000002,3.8074999141693118,0.7555686818397029,-0.5668308249663403,0.6970033624497907,0.6970033624946894,0.11910630841103693,-0.11910630840336447,-6.441694458394749e-12,0.09435238310496898,0.033130466377839674,-0.3231639603865231,-9.753714826526858e-10,2.7705830337232067e-09,0.1,0.0,1
10,939,world,9.39,0.9290000000000002,3.807499914169312,0.7565128172637542,-0.5665012689651696,0.6971949068187044,0.6971949068342984,0.11797992157777241,-0.11797992157513358,-2.2366772504644382e-12,0.0944744420382256,0.03278078402915274,-0.32316396038653156,1.0597235993278242e-09,-3.0415204240453655e-09,0.1,0.0,1
10,940,world,9.4,0.9300000000000002,3.8074999141693118,0.7574581655057178,-0.5661752082911449,0.6973846308933601,0.6973846308933601,0.1168532267151059,-0.1168532267151059,0.0,0.09459494832430664,0.032431400702432826,-0.32316396038653017,3.645437524325667e-10,-1.0572654918838288e-09,0.1,0.0,1
10,941,world,9.41,0.9310000000000002,3.8074999141693118,0.7584047110832056,-0.5658526399475262,0.6975725341774706,0.6975725341774704,0.11572622676481673,-0.11572622676481673,0.0,0.09471391073603981,0.03208231776361372,-0.32316396038652734,-4.1949572446355603e-10,1.2295278227489487e-09,0.1,0.0,1
10,942,world,9.42,0.9320000000000002,3.8074999141693118,0.7593524386035012,-0.5655335609312706,0.6977586161791764,0.6977586161973058,0.11459892466952801,-0.1145989246665505,-2.598192163142957e-12,0.09483133799749381,0.031733536418197844,-0.3231639603865314,-4.321162066629845e-10,1.280023629358601e-09,0.1,0.0,1
10,943,world,9.43,0.933,3.8074999141693113,0.760301332755356,-0.5652179682117117,0.6979428764304062,0.6979428764492644,0.11347132336954925,-0.11347132336648329,-2.7019642357580097e-12,0.09494723878916034,0.03138505769174511,-0.32316396038652445,1.1952848421475766e-09,-3.5788517825260603e-09,0.1,0.0,1
10,944,world,9.44,0.934,3.8074999141693118,0.7612513783191368,-0.5649058587637815,0.698125314468445,0.6981253144339009,0.11234342580599205,-0.1123434258115509,4.9480682376754444e-12,0.09506162173864047,0.031036882453294803,-0.3231639603865262,9.584572054316829e-10,-2.9009057494715784e-09,0.1,0.0,1
10,945,world,9.450000000000001,0.9350000000000003,3.8074999141693113,0.7622025601597675,-0.5645972295502951,0.6983059297578319,0.6983059297340315,0.1112152349332067,-0.11121523493699727,3.4082998127174708e-12,0.09517449542189452,0.030689011407795164,-0.3231639603865316,1.1105857801731742e-10,-3.3982043041996913e-10,0.1,0.0,1
10,946,world,9.46,0.9360000000000002,3.8074999141693113,0.7631548632252757,-0.5642920775203898,0.6984847218723259,0.6984847218327699,0.1100867536894545,-0.11008675369568884,5.663054819354753e-12,0.09528586836162904,0.030341445096934695,-0.3231639603865273,-5.241566311658379e-10,1.6215428774355626e-09,0.1,0.0,1
10,947,world,9.47,0.9370000000000002,3.807499914169311,0.7641082725518985,-0.5639903996286458,0.6986616903042179,0.6986616903042179,0.10895798502750127,-0.10895798502750127,0.0,0.09539574902462429,0.029994183903398586,-0.32316396038652734,-2.1534478379656785e-09,6.736265293858607e-09,0.1,0.0,1
10,948,world,9.48,0.9380000000000002,3.8074999141693113,0.7650627732599581,-0.5636921928258485,0.6988368346092653,0.6988368346685341,0.10782893189153514,-0.10782893188239011,-8.48093695222043e-12,0.09550414581871242,0.029647228056567373,-0.3231639603865274,6.836071394990806e-11,-2.162567295152047e-10,0.1,0.0,1
10,949,world,9.49,0.9390000000000002,3.807499914169311,0.7660183505505223,-0.5633974540515356,0.699010154400899,0.6990101543977282,0.1066995972185282,-0.10669959721901216,4.5358161357358577e-13,0.09561106709458213,0.029300577622895375,-0.32316396038652734,1.1899890691023237e-09,-3.807110911190156e-09,0.1,0.0,1
10,950,world,9.5,0.9400000000000002,3.807499914169311,0.7669749897100124,-0.5631061802521159,0.6991816491311834,0.6991816491347043,0.10556998397173921,-0.10556998397120758,-5.03560390863249e-13,0.09571652113787699,0.028954232527600376,-0.3231639603865273,-1.3562077863301612e-09,4.388650386625215e-09,0.1,0.0,1
10,951,world,9.51,0.9410000000000001,3.8074999141693113,0.7679326761097447,-0.5628183683833944,0.6993513183615012,0.6993513184225771,0.10444009509890968,-0.10444009508978867,-8.733055601674911e-12,0.09582051617434435,0.02860819253434607,-0.32316396038652867,-4.537197965462197e-10,1.4852362226407915e-09,0.1,0.0,1
10,952,world,9.52,0.9420000000000001,3.807499914169311,0.7688913951984429,-0.5625340153893612,0.6995191617209902,0.6995191617462396,0.1033099335392582,-0.1033099335355292,-3.6094452162917533e-12,0.09592306036202282,0.028262457267260524,-0.3231639603865274,2.2868469176814857e-09,-7.573324604415131e-09,0.1,0.0,1
10,953,world,9.53,0.9430000000000001,3.8074999141693118,0.769851132507866,-0.5622531182242816,0.6996851787442533,0.6996851786946535,0.10217950224769383,-0.10217950225493723,7.088713662925165e-12,0.09602416179308239,0.027917026201512537,-0.3231639603865275,-1.511085555621374e-09,5.063323858145061e-09,0.1,0.0,1
10,954,world,9.540000000000001,0.9440000000000002,3.807499914169311,0.7708118736507088,-0.5619756738495721,0.6998493688664946,0.6998493689657159,0.10104880419469014,-0.10104880418036392,-1.4177118264715545e-11,0.09612382849128409,0.027571898668358033,-0.3231639603865316,5.559673517480023e-10,-1.8851406399556014e-09,0.1,0.0,1
10,955,world,9.55,0.9450000000000002,3.8074999141693118,0.7717736043216791,-0.5617016792415592,0.7000117319334604,0.7000117318563213,0.09991784229263234,-0.09991784230364298,1.1019368465524697e-11,0.09622206841142093,0.027227073853571388,-0.323163960386526,1.5332040123285297e-09,-5.261289111075e-09,0.1,0.0,1
10,956,world,9.56,0.9460000000000002,3.8074999141693118,0.7727363102904089,-0.5614311313705636,0.7001722672206376,0.7001722672431641,0.09878661953753431,-0.0987866195343561,-3.2171554491113453e-12,0.09631888943486551,0.026882550809663758,-0.32316396038652745,-1.1719132190201554e-09,4.0704342399788166e-09,0.1,0.0,1
10,957,world,9.57,0.9470000000000002,3.8074999141693118,0.7736999774069695,-0.5611640272238797,0.7003309745169208,0.7003309744990753,0.09765513885318446,-0.09765513885567285,2.5480628626053036e-12,0.09641429937209627,0.02653832844373967,-0.323163960386533,4.400654173555259e-10,-1.5472742054601482e-09,0.1,0.0,1
10,958,world,9.58,0.9480000000000002,3.8074999141693118,0.7746645915992798,-0.5609003638008396,0.7004878533088179,0.7004878533088179,0.09652340320774051,-0.09652340320774051,0.0,0.09650830595719129,0.026194405533876083,-0.3231639603865301,-3.4457913214221494e-10,1.2266063698580977e-09,0.1,0.0,1
10,959,world,9.59,0.9490000000000001,3.8074999141693118,0.7756301388732944,-0.5606401381176673,0.7006429032247695,0.7006429032247696,0.09539141555069897,-0.09539141555069897,0.0,0.09660091685041246,0.025850780716637947,-0.3231639603865273,-1.2641062994546693e-09,4.556332692597165e-09,0.1,0.0,1
10,960,world,9.6,0.9500000000000001,3.8074999141693113,0.776596605309848,-0.5603833472000477,0.700796123817901,0.7007961238841743,0.0942591788432369,-0.09425917883432292,-9.456444770476342e-12,0.09669213963159268,0.025507452508327578,-0.323163960386526,5.103884539170414e-10,-1.8629965092965026e-09,0.1,0.0,1
10,961,world,9.61,0.9510000000000001,3.8074999141693113,0.777563977064545,-0.5601299880866664,0.7009475148011222,0.7009475147740427,0.09312669602631088,-0.09312669602990861,3.863083316254791e-12,0.09678198180647332,0.025164419278248175,-0.3231639603865261,1.2346326024069222e-09,-4.564410273049884e-09,0.1,0.0,1
10,962,world,9.620000000000001,0.9520000000000002,3.807499914169312,0.7785322403685221,-0.5598800578363782,0.7010970756391414,0.7010970756391414,0.09199397007545723,-0.09199397007545723,0.0,0.09687045079539587,0.02482167928841214,-0.3231639603865289,2.1502045933097414e-09,-8.052416163737443e-09,0.1,0.0,1
10,963,world,9.63,0.9530000000000002,3.8074999141693113,0.7795013815267386,-0.5596335535261403,0.7012448060872211,0.701244805943239,0.09086100392889834,-0.09086100394755423,2.0531211492372937e-11,0.09695755394384836,0.02447923065020097,-0.32316396038652745,-1.5865392192657973e-10,6.019639717191199e-10,0.1,0.0,1
10,964,world,9.64,0.9540000000000002,3.8074999141693118,0.7804713869186227,-0.5593904722581633,0.701390705525777,0.7013907055345096,0.08972780057500614,-0.08972780057388902,-1.2449454411920878e-12,0.09704329850859345,0.024137071375210938,-0.3231639603865267,-3.8216482661669884e-09,1.4692224245963687e-08,0.1,0.0,1
10,965,world,9.65,0.9550000000000002,3.8074999141693118,0.7814422429930877,-0.5591508111446359,0.7015347737684761,0.7015347738374358,0.08859436294712558,-0.0885943629384169,-9.82924463368249e-12,0.09712769166710206,0.0237951993355878,-0.3231639603865309,1.0358829061561102e-09,-4.035920468571445e-09,0.1,0.0,1
10,966,world,9.66,0.9560000000000002,3.807499914169312,0.7824139362713202,-0.5589145673231405,0.701677010482393,0.7016770104326551,0.08746069399935923,-0.08746069400555881,7.087980768106388e-12,0.09721074051176688,0.023453612283695812,-0.32316396038653084,1.366924232728205e-09,-5.39806735126784e-09,0.1,0.0,1
10,967,world,9.67,0.9570000000000001,3.8074999141693118,0.7833864533452743,-0.5586817379554203,0.7018174151270722,0.7018174151178991,0.08632679671281264,-0.08632679671394096,1.3069403460463906e-12,0.09729245204646991,0.023112307863676292,-0.3231639603865259,-8.589137418910427e-10,3.4385617620162037e-09,0.1,0.0,1
10,968,world,9.68,0.9580000000000001,3.807499914169312,0.7843597808767978,-0.5584523202285789,0.7019559874312622,0.7019559874312621,0.0851926740359862,-0.0851926740359862,0.0,0.09737283318979044,0.022771283595644044,-0.32316396038653017,-1.5632661286033807e-10,6.34555926378552e-10,0.1,0.0,1
10,969,world,9.69,0.9590000000000001,3.807499914169312,0.7853339055973684,-0.558226311359027,0.7020927270220587,0.7020927270220587,0.08405832893133765,-0.08405832893133765,0.0,0.09745189077296544,0.022430536881091732,-0.3231639603865296,-1.2640514820972742e-09,5.203303969766498e-09,0.1,0.0,1
10,970,world,9.700000000000001,0.9600000000000002,3.8074999141693118,0.7863088143036884,-0.55800370857838,0.7022276335002641,0.7022276335754674,0.08292376436550242,-0.08292376435662192,-1.07084135746984e-11,0.09752963153551197,0.022090065019082027,-0.3231639603865261,-3.728586434703436e-10,1.5567394803732898e-09,0.1,0.0,1
10,971,world,9.71,0.9610000000000002,3.807499914169312,0.7872844938608833,-0.557784509152041,0.7023607066152162,0.7023607066377026,0.0817889832886733,-0.08178898328605481,-3.2012735102781417e-12,0.09760606213090348,0.021749865178851337,-0.3231639603865281,1.230394318633406e-09,-5.2113485904165995e-09,0.1,0.0,1
10,972,world,9.72,0.9620000000000002,3.8074999141693118,0.788260931200131,-0.5575687103741336,0.7024919459404025,0.7024919459404027,0.08065398867301252,-0.08065398867301252,0.0,0.09768118911738619,0.021409934437392246,-0.3231639603865295,-8.861392334005526e-10,3.808245682527129e-09,0.1,0.0,1
10,973,world,9.73,0.9630000000000002,3.8074999141693113,0.7892381133193392,-0.5573563095760138,0.7026213510983268,0.7026213511757661,0.0795187834857165,-0.07951878347695235,-1.1020542898284892e-11,0.09775501896306615,0.021070269754575457,-0.32316396038652606,2.0816717944916078e-15,-6.85216965686821e-15,0.1,0.0,1
10,974,world,9.74,0.9640000000000002,3.807499914169312,0.7902160272776506,-0.5571473041064002,0.7027489218785301,0.7027489218785301,0.07838337067620646,-0.07838337067620646,0.0,0.09782755804409572,0.020730867978188523,-0.3231639603865272,8.106592019135282e-10,-3.588788035682793e-09,0.1,0.0,1
10,975,world,9.75,0.9650000000000001,3.807499914169312,0.7911946601986433,-0.5569416913510947,0.7028746578189093,0.7028746578446562,0.07724775322346224,-0.07724775322063258,-3.662739354441501e-12,0.09789881263963433,0.020391725864913307,-0.3231639603865287,-6.938905981639078e-16,-4.336816238524424e-16,0.1,0.0,1
10,976,world,9.76,0.9660000000000001,3.8074999141693118,0.7921739992687399,-0.5567394687313294,0.7029985586685237,0.7029985586685237,0.07611193408381009,-0.07611193408381009,0.0,0.09796878893709471,0.020052840053194205,-0.323163960386526,-6.07748937636012e-10,2.773793752257082e-09,0.1,0.0,1
10,977,world,9.77,0.9670000000000001,3.807499914169312,0.7931540317368366,-0.5565406337079207,0.7031206240324199,0.7031206240981073,0.07497591623047642,-0.07497591622347197,-9.341352554867018e-12,0.09803749302614655,0.019714207089007407,-0.32316396038653084,4.883262023484211e-10,-2.2637132990293003e-09,0.1,0.0,1
10,978,world,9.78,0.9680000000000001,3.8074999141693118,0.7941347449091803,-0.5563451837616941,0.7032408537195908,0.7032408536870197,0.07383970261582817,-0.0738397026192481,4.631085158827907e-12,0.09810493090146677,0.01937582341007555,-0.323163960386533,-4.590405496528895e-10,2.1618369752973594e-09,0.1,0.0,1
10,979,world,9.790000000000001,0.9690000000000002,3.807499914169312,0.7951161261531393,-0.5561531164175284,0.703359247220345,0.7033592473171436,0.07270329622701414,-0.0727032962170085,-1.3760871723525434e-11,0.09817110845782445,0.01903768536776646,-0.3231639603865275,-7.295558810188535e-10,3.4912853043908066e-09,0.1,0.0,1
10,980,world,9.8,0.9700000000000002,3.8074999141693118,0.7960981628965875,-0.5559644292480137,0.7034758044436702,0.7034758044612699,0.0715667000083021,-0.07156670000651162,-2.501566870723371e-12,0.09823603149597328,0.018699789194591112,-0.3231639603865246,1.1604022678872147e-09,-5.644151488562767e-09,0.1,0.0,1
10,981,world,9.81,0.9710000000000002,3.807499914169312,0.7970808426209518,-0.555779119843475,0.7035905249422937,0.7035905249580395,0.07042991694202114,-0.07042991694044495,-2.2377014054765347e-12,0.09829970571309987,0.01836213105056064,-0.3231639603865281,9.059470344157384e-10,-4.479836458328831e-09,0.1,0.0,1
10,982,world,9.82,0.9720000000000002,3.8074999141693113,0.7980641528663005,-0.5555971858441406,0.7037034084856735,0.7037034084389532,0.06929294998918592,-0.0692929499937864,6.638441691387783e-12,0.09836213671044164,0.018024706981152012,-0.3231639603865273,-1.0221077900014176e-10,5.139648527963312e-10,0.1,0.0,1
10,983,world,9.83,0.9730000000000001,3.807499914169312,0.7990480812295141,-0.5554186249375813,0.703814454682622,0.7038144547057493,0.06815580212776255,-0.06815580212552294,-3.285634923588503e-12,0.09842332998550646,0.017687512955871024,-0.32316396038652795,-7.161284040538646e-10,3.662897459765843e-09,0.1,0.0,1
10,984,world,9.84,0.9740000000000001,3.8074999141693118,0.8000326153584149,-0.5552434348327528,0.7039236633529513,0.7039236633587607,0.06701847631592778,-0.06701847631537469,-8.25181063239321e-13,0.0984832909380405,0.017350544833326504,-0.3231639603865309,-3.5930904176001844e-10,1.869886929672595e-09,0.1,0.0,1
10,985,world,9.85,0.9750000000000001,3.8074999141693127,0.8010177429580941,-0.555071613301479,0.7040310341372218,0.7040310341871671,0.06588097553026197,-0.06588097552558826,-7.09330928406912e-12,0.0985420248620729,0.017013798402549782,-0.3231639603865281,4.6167386447294685e-10,-2.4452222425329027e-09,0.1,0.0,1
10,986,world,9.86,0.9760000000000001,3.807499914169312,0.8020034517830672,-0.554903158141193,0.7041365668474856,0.704136566818253,0.06474330273199062,-0.06474330273467847,4.151029733760744e-12,0.0985995369527008,0.016677269342221197,-0.3231639603865282,-1.1104733698962719e-09,5.987596976939881e-09,0.1,0.0,1
10,987,world,9.870000000000001,0.9770000000000002,3.807499914169312,0.8029897296412881,-0.5547380672044625,0.7042402610244821,0.7042402611602144,0.06360546090832817,-0.06360546089606912,-1.927109498205056e-11,0.09865583229856531,0.01634095326097469,-0.3231639603865267,5.19511727501671e-10,-2.852543222769891e-09,0.1,0.0,1
10,988,world,9.88,0.9780000000000002,3.807499914169312,0.8039765643898413,-0.554576338380969,0.7043421167049416,0.7043421166348562,0.062467453002170374,-0.062467453008386194,9.949176737188218e-12,0.09871091588670093,0.016004845666505407,-0.3231639603865274,1.2871649779221829e-09,-7.199543693603483e-09,0.1,0.0,1
10,989,world,9.89,0.9790000000000002,3.807499914169312,0.8049639439361539,-0.5544179696117549,0.704442133283224,0.7044421333159538,0.06132928201519219,-0.0613292820123427,-4.6455924091312815e-12,0.0987647925968535,0.015668941996845598,-0.323163960386528,2.667773427136701e-10,-1.520525590264178e-09,0.1,0.0,1
10,990,world,9.9,0.9800000000000002,3.8074999141693118,0.8059518562345639,-0.5542629588754303,0.7045403107662167,0.704540310674359,0.060190950895362326,-0.06019095090321,1.3036181575405961e-11,0.09881746720609302,0.015333237589391653,-0.3231639603865272,7.344249113462505e-10,-4.26687059171198e-09,0.1,0.0,1
10,991,world,9.91,0.9810000000000001,3.8074999141693118,0.8069402892888866,-0.5541113042118928,0.7046366486898055,0.7046366486615283,0.0590524626326877,-0.05905246263505749,4.012464627833481e-12,0.09886894438310917,0.014997727713546058,-0.3231639603865286,-1.1774567110089513e-09,6.975602472659299e-09,0.1,0.0,1
10,992,world,9.92,0.9820000000000001,3.807499914169312,0.8079292311461507,-0.5539630036897377,0.7047311469102865,0.704731146918113,0.0579138201902964,-0.05791382018965324,-1.1103916097532575e-12,0.0989192286919682,0.014662407543991427,-0.323163960386528,-1.5641126751331403e-10,9.452323878895462e-10,0.1,0.0,1
10,993,world,9.93,0.9830000000000001,3.807499914169311,0.8089186699010943,-0.5538180554432514,0.7048238051965531,0.704823805181774,0.05677502653984862,-0.056775026541039116,2.096559255305632e-12,0.09896832458790134,0.01432727218502552,-0.32316396038653084,-5.081867390490673e-10,3.133918419047079e-09,0.1,0.0,1
10,994,world,9.94,0.9840000000000001,3.8074999141693127,0.8099085936913046,-0.5536764576485147,0.7049146232323451,0.7049146232849336,0.05563608466060068,-0.055636084656450084,-7.459152753408658e-12,0.09901623641870629,0.013992316658611776,-0.3231639603865275,-2.8304005666282103e-10,1.7818932751381393e-09,0.1,0.0,1
10,995,world,9.950000000000001,0.9850000000000002,3.807499914169312,0.8108989906968379,-0.5535382085283272,0.7050036008801842,0.7050036008908411,0.05449699751826386,-0.054496997517440075,-1.511385832406436e-12,0.09906296842451622,0.013657535902325317,-0.3231639603865247,1.0991594836932104e-09,-7.067190480491366e-09,0.1,0.0,1
10,996,world,9.96,0.9860000000000002,3.8074999141693118,0.811889849140335,-0.5534033063615005,0.7050907378616026,0.7050907378133461,0.05335776809060987,-0.05335776809426167,6.842951348153554e-12,0.09910852473506962,0.013322924785425067,-0.3231639603865295,-3.3978712367127624e-10,2.2321873771694606e-09,0.1,0.0,1
10,997,world,9.97,0.9870000000000002,3.8074999141693127,0.8128811572858129,-0.5532717494834211,0.7051760338657687,0.7051760339082724,0.05221839935823377,-0.05221839935508636,-6.026460373116199e-12,0.09915290937003339,0.012988478103994582,-0.3231639603865301,-1.3748470755779636e-10,9.232361860322389e-10,0.1,0.0,1
10,998,world,9.98,0.9880000000000002,3.807499914169312,0.8138729034355735,-0.5531435362718207,0.7052594888290055,0.7052594887939034,0.051078894284000885,-0.05107889428654318,4.9764067849841875e-12,0.09919612624094308,0.012654190562453475,-0.30105525848287096,3.111966777763474e-10,-2.1338096794509828e-09,0.1,0.0,1
10,999,world,9.99,0.9890000000000001,3.8074999141693118,0.8148650758343933,-0.5530186643856014,0.7053300442273697,0.7053300442394635,0.050095196393763815,-0.05009519639290486,-1.7143466125756736e-12,0.0992381105437498,0.012320609388601652,-0.24850686793438648,-3.952058029562651e-10,2.762166387754009e-09,0.1,0.0,1
10,1000,world,10.0,0.9900000000000001,3.807499914169312,0.8158576595069412,-0.5528971047634132,0.7053842455517817,0.705384245556038,0.04932612010239773,-0.0493261201021001,-6.032873913581598e-13,0.09927830943360377,0.011992384083476543,-0.21806717928956565,6.667859053769886e-10,-4.7443505592617315e-09,0.1,0.0,1
10,1001,world,10.01,0.9910000000000001,3.8074999141693118,0.8168506358353469,-0.5527787952708765,0.7054376083186134,0.7054376082631144,0.04855698516877113,-0.048556985172591265,7.865673858732733e-12,0.09931665194233599,0.011670588972493562,-0.2180671792895622,5.288516874771435e-10,-3.823389255921671e-09,0.1,0.0,1
10,1002,world,10.02,0.9920000000000001,3.8074999141693118,0.8178439865632711,-0.5526636714612915,0.7054901324059413,0.7054901323557373,0.04778779251130325,-0.04778779251470392,7.114537685698437e-12,0.09935319962735362,0.01135525093545806,-0.21806717928956357,-7.863473054366048e-10,5.777773207319401e-09,0.1,0.0,1
10,1003,world,10.03,0.9930000000000001,3.807499914169312,0.8188376940473626,-0.5525516686443073,0.705541817748007,0.7055418177747806,0.04701854304454922,-0.047018543042764975,-3.793818677844541e-12,0.09938801314711633,0.011046395007812859,-0.218067179289564,-7.099881869522385e-11,5.303308439893052e-10,0.1,0.0,1
10,1004,world,10.040000000000001,0.9940000000000002,3.807499914169312,0.819831741244987,-0.5524427218778283,0.7055926643924123,0.7055926643497518,0.04624923767575212,-0.046249237678548376,6.044418714463298e-12,0.09942115222696027,0.010744044390433027,-0.21806717928956673,1.088617559576097e-09,-8.268469203887344e-09,0.1,0.0,1
10,1005,world,10.05,0.9950000000000002,3.8074999141693118,0.8208261117063271,-0.5523367659999736,0.7056426721949167,0.7056426721039957,0.045479877325128204,-0.04547987733098822,1.2881125500616933e-11,0.09945267561590525,0.010448220558426674,-0.2180671792895671,6.885053543994606e-11,-5.318983413645547e-10,0.1,0.0,1
10,1006,world,10.06,0.9960000000000002,3.8074999141693118,0.8218207895642615,-0.5522337356447782,0.7056918410621832,0.7056918410119468,0.044710462909429906,-0.044710462912612735,7.116570755835362e-12,0.09948264104888152,0.010158943347582711,-0.21806717928956318,-1.0026199628756421e-09,7.880717563795605e-09,0.1,0.0,1
10,1007,world,10.07,0.9970000000000001,3.8074999141693113,0.8228157595232253,-0.5521335652502543,0.7057401709648563,0.705740170986054,0.04394099534140424,-0.04394099534008442,-3.002643033157092e-12,0.09951110521612974,0.009876230994886508,-0.21806717928956526,-6.333171649398045e-10,5.066163291156535e-09,0.1,0.0,1
10,1008,world,10.08,0.9980000000000001,3.8074999141693127,0.8238110068498414,-0.5520361890860026,0.7057876618962574,0.7057876619180835,0.04317147553266244,-0.04317147553132739,-3.0913856065931668e-12,0.09953812372671184,0.009600100258112188,-0.21806717928956565,9.407038165543934e-10,-7.660759591830878e-09,0.1,0.0,1
10,1009,world,10.09,0.9990000000000001,3.807499914169312,0.8248065173607613,-0.5519415412558252,0.7058343138196304,0.7058343137318741,0.04240190439696725,-0.042401904402239066,1.242858639698686e-11,0.09956375108252684,0.009330566455292911,-0.21806717928956454,-2.4109587616459224e-10,1.9994271663529644e-09,0.1,0.0,1
10,1010,world,10.1,1.0,3.8074999141693118,0.8258022774122804,-0.5518495557200157,0.7058801265006087,0.7058801265508693,0.041632282859942256,-0.041632282856977926,-7.1176577271934945e-12,0.09958804064820806,0.009067643566597795,-0.21806717928956565,-1.9066638391571534e-10,1.6107667472789848e-09,0.1,0.0,1
10,1011,world,10.11,1.0010000000000001,3.8074999141693118,0.8267982738886296,-0.5517601663063911,0.7059251001351008,0.7059251000702336,0.040862611821638944,-0.040862611825393795,9.185508383767058e-12,0.09961104462853854,0.008811344279467418,-0.2180671792895657,1.1627149437998286e-09,-1.0009634134000375e-08,0.1,0.0,1
10,1012,world,10.120000000000001,1.0020000000000002,3.807499914169312,0.8277944941896984,-0.5516733067165537,0.7059692344990773,0.7059692344070642,0.04009289220716916,-0.0400928922123947,1.3028566259369482e-11,0.09963281404289348,0.00856168008595333,-0.21806717928956532,-1.3324213412328993e-10,1.1693030601544217e-09,0.1,0.0,1
10,1013,world,10.13,1.0030000000000001,3.8074999141693118,0.8287909262204718,-0.551588910553421,0.7060125295486103,0.7060125295003526,0.03932312493098052,-0.039323124933668345,6.832536125336123e-12,0.09965339870451984,0.008318661348919353,-0.21806717928956465,-1.1003148092453797e-09,9.846954738310274e-09,0.1,0.0,1
10,1014,world,10.14,1.0040000000000002,3.807499914169312,0.8297875583767099,-0.5515069113069572,0.7060549852414832,0.706054985289374,0.038553310907575224,-0.0385533109049602,-6.7801828167899686e-12,0.09967284720379711,0.008082297339773932,-0.21806717928956362,-3.1361223215932255e-10,2.8631503558769848e-09,0.1,0.0,1
10,1015,world,10.15,1.0050000000000001,3.807499914169312,0.8307843795352889,-0.5514272423964153,0.7060966016292337,0.7060966016216453,0.037783451046588805,-0.03778345104699487,1.0742734500490777e-12,0.09969120688575696,0.007852596364337446,-0.2180671792895646,8.400720810122197e-10,-7.82714227813454e-09,0.1,0.0,1
10,1016,world,10.16,1.006,3.807499914169312,0.8317813790389211,-0.551349837146437,0.7061373785866789,0.7061373785233998,0.03701354626747241,-0.03701354627078931,8.957710056985059e-12,0.09970852383962807,0.00762956576236966,-0.21806717928956498,-1.4794843751878115e-10,1.4073840495804207e-09,0.1,0.0,1
10,1017,world,10.17,1.0070000000000001,3.807499914169312,0.8327785466858086,-0.5512746288244496,0.7061773159995522,0.7061773160119498,0.036243597488890396,-0.036243597488254106,-1.7548834941627465e-12,0.09972484287907939,0.007413212039523285,-0.21806717928956534,-5.752236582998897e-10,5.5891251974517e-09,0.1,0.0,1
10,1018,world,10.18,1.008,3.8074999141693127,0.833775872715432,-0.5512015506313401,0.7062164139220591,0.7062164139381324,0.035473605620859966,-0.0354736056200526,-2.2750737186944757e-12,0.09974020753447005,0.0072035408641059236,-0.218067179289566,7.597987293743613e-10,-7.544036071522874e-09,0.1,0.0,1
10,1019,world,10.19,1.0090000000000001,3.8074999141693118,0.8347733477960939,-0.5511305357149082,0.7062546723289428,0.7062546722342424,0.03470357157784711,-0.03470357158250045,1.340351461600937e-11,0.09975466003767146,0.007000557175582288,-0.21806717928956645,5.400233155165008e-10,-5.481759715403133e-09,0.1,0.0,1
10,1020,world,10.200000000000001,1.0100000000000002,3.807499914169312,0.8357709630122622,-0.5510615171823556,0.706292091045626,0.7062920909838917,0.03393349628168322,-0.033933496284649214,8.737201900710854e-12,0.09976824131208972,0.00680426524267207,-0.2180671792895646,-9.840490394573916e-10,1.0217364659329956e-08,0.1,0.0,1
10,1021,world,10.21,1.0110000000000001,3.8074999141693118,0.8367687098503744,-0.5509944280914778,0.7063286700599629,0.7063286701102568,0.03316338064610482,-0.03316338064374344,-7.11772832460717e-12,0.09978099096714876,0.006614668669992466,-0.21806717928956498,-3.7547703062493127e-10,3.989725863595611e-09,0.1,0.0,1
10,1022,world,10.22,1.0120000000000002,3.8074999141693118,0.837766580187296,-0.5509292014809074,0.706364409451723,0.7063644094465954,0.032393225580867865,-0.03239322558110301,7.256355512960139e-13,0.09979294728455955,0.006431770538593573,-0.218067179289566,3.258524507068579e-10,-3.5452950380339873e-09,0.1,0.0,1
10,1023,world,10.23,1.0130000000000001,3.8074999141693118,0.8387645662750033,-0.5508657703452263,0.7063993090644188,0.7063993090644188,0.031623032006935704,-0.031623032006935704,0.0,0.09980414721795267,0.006255573362788812,-0.21806717928956534,-2.361005624840967e-10,2.631746842819329e-09,0.1,0.0,1
10,1024,world,10.24,1.0140000000000002,3.8074999141693118,0.8397626607292311,-0.5508040676701437,0.7064333688732969,0.7064333689055011,0.030852800839108765,-0.03085280083770228,-4.557109623560712e-12,0.0998146263808066,0.006086079235434615,-0.21806717928956565,3.1035303110956216e-10,-3.546294109443708e-09,0.1,0.0,1
10,1025,world,10.25,1.0150000000000001,3.8074999141693118,0.8407608565144866,-0.5507440264122571,0.7064665889087574,0.7064665888584591,0.030082532990000008,-0.030082532992141787,7.117303205350012e-12,0.09982441904653246,0.005923289797256934,-0.21806717928956526,-2.3593229417359127e-10,2.765325394301655e-09,0.1,0.0,1
10,1026,world,10.26,1.016,3.807499914169312,0.8417591469317294,-0.5506855795208057,0.706498968971842,0.7064989690432651,0.02931222938213256,-0.029312229379169257,-1.0106226498611778e-11,0.09983355813948891,0.00576720636090735,-0.21806717928956532,-8.846156518420857e-10,1.0642393509007499e-08,0.1,0.0,1
10,1027,world,10.27,1.0170000000000001,3.8074999141693127,0.8427575256041334,-0.5506286599290016,0.7065305091724409,0.7065305092730401,0.028541890924939133,-0.028541890920875203,-1.4234185092570079e-11,0.09984207523585084,0.005617829883389191,-0.21806717928956393,3.390460740324156e-10,-4.189557904785412e-09,0.1,0.0,1
10,1028,world,10.28,1.018,3.8074999141693118,0.8437559864640163,-0.5505732005643421,0.7065612094856566,0.706561209497689,0.027771518533879682,-0.027771518533406748,-1.7024681344496431e-12,0.09985000055734615,0.005475161065939278,-0.21806717928956532,7.600023860718499e-10,-9.653031245856647e-09,0.1,0.0,1
10,1029,world,10.290000000000001,1.0190000000000001,3.8074999141693118,0.8447545237390885,-0.5505191343476515,0.7065910697959679,0.7065910697597387,0.02700111312801002,-0.02700111312939445,5.125962353993724e-12,0.0998573629703582,0.005339200371416768,-0.2180671792895651,2.877717707811605e-10,-3.759844213807151e-09,0.1,0.0,1
10,1030,world,10.3,1.0200000000000002,3.8074999141693127,0.845753131938912,-0.5504663941956838,0.7066200900664116,0.706620090025154,0.02623067562320144,-0.02623067562473298,5.83729943395257e-12,0.09986418998345536,0.005209948075397365,-0.21806717928956496,-2.710528396137552e-10,3.6458740270987578e-09,0.1,0.0,1
10,1031,world,10.31,1.0210000000000001,3.807499914169312,0.8467518058414214,-0.5504149130246567,0.7066482702532428,0.7066482702686799,0.025460206935637338,-0.025460206935081147,-2.18407834860994e-12,0.09987050774617898,0.005087404300859736,-0.21806717928956498,-2.5717781636678715e-10,3.5643524433525404e-09,0.1,0.0,1
10,1032,world,10.32,1.0220000000000002,3.8074999141693118,0.8477505404791315,-0.5503646237481163,0.7066756103852638,0.7066756103945108,0.024689707978997572,-0.024689707978674504,-1.3082508750094608e-12,0.09987634104869371,0.004971569040556678,-0.21806717928956496,4.123156475573944e-10,-5.8935057985824525e-09,0.1,0.0,1
10,1033,world,10.33,1.0230000000000001,3.807499914169312,0.8487493311257841,-0.5503154592825622,0.70670211043409,0.7067021103660257,0.023919179669240065,-0.023919179671543785,9.629528911967739e-12,0.0998817133192892,0.004862442226219797,-0.21806717928956562,3.202649019623341e-12,-4.72765756223134e-11,0.1,0.0,1
10,1034,world,10.34,1.024,3.807499914169312,0.8497481732824624,-0.5502673525427102,0.7067277702556799,0.7067277702642578,0.023148622926196134,-0.02314862292591516,-1.2135737456600414e-12,0.09988664662562202,0.004760023727684054,-0.21806717928956398,-5.412688479594647e-12,8.253025035277008e-11,0.1,0.0,1
10,1035,world,10.35,1.0250000000000001,3.807499914169312,0.8507470626642613,-0.5502202364476336,0.7067525899725652,0.706752589905665,0.0223780386608306,-0.022378038662948872,9.46454509092732e-12,0.09989116167352084,0.004664313402262162,-0.21806717928956512,-1.8674382408299323e-10,2.9459664021489304e-09,0.1,0.0,1
10,1036,world,10.36,1.026,3.8074999141693113,0.8517459951863794,-0.5501740439147651,0.7067765693828377,0.7067765694331426,0.02160742779475891,-0.021607427793220998,-7.116673959971431e-12,0.09989527780740295,0.004575311113114278,-0.21806717928956518,-4.307762424750762e-10,7.038737540234831e-09,0.1,0.0,1
10,1037,world,10.370000000000001,1.0270000000000001,3.8074999141693118,0.8527449669507923,-0.5501287078657309,0.7067997086216959,0.7067997086544769,0.02083679123896622,-0.02083679123799982,-4.637491173973604e-12,0.09989901300936627,0.00449301677656228,-0.21806717928956504,5.69405391150105e-10,-9.648939810558625e-09,0.1,0.0,1
10,1038,world,10.38,1.0280000000000002,3.8074999141693113,0.8537439742323578,-0.5500841612197394,0.7068220076450608,0.70682200755873,0.02006612991030126,-0.02006612991275212,1.221294932518755e-11,0.09990238390089741,0.004417430352333251,-0.21806717928956548,1.31561532687795e-10,-2.3152311312039564e-09,0.1,0.0,1
10,1039,world,10.39,1.0290000000000001,3.8074999141693118,0.8547430134654636,-0.5500403368988952,0.706843466272907,0.7068434662729071,0.019295444729308168,-0.019295444729308168,0.0,0.09990540574070957,0.004348551918075512,-0.21806717928956476,-1.8228263218408497e-10,3.3362642605355992e-09,0.1,0.0,1
10,1040,world,10.4,1.0300000000000002,3.8074999141693113,0.8557420812301579,-0.5499971678211166,0.7068640846451607,0.7068640846060609,0.01852473660753018,-0.018524736608554863,5.5311875297764686e-12,0.09990809242792406,0.004286381622462718,-0.21806717928956512,-3.069423885803232e-10,5.852107961533963e-09,0.1,0.0,1
10,1041,world,10.41,1.0310000000000001,3.807499914169312,0.8567411742387928,-0.5499545869051032,0.7068838625940704,0.7068838626769194,0.017754006465013163,-0.01775400646293234,-1.1719935515324591e-11,0.09991045649855264,0.004230919787802707,-0.21806717928956526,-4.75240883324375e-10,9.454997447553355e-09,0.1,0.0,1
10,1042,world,10.42,1.032,3.8074999141693118,0.8577402893221557,-0.5499125270626646,0.7069028002316756,0.7069028003264176,0.01698325521450563,-0.016983255212229466,-1.340214910292492e-11,0.09991250912974867,0.004182166830470942,-0.20962190919110066,1.390255249342861e-10,-2.886615322692075e-09,0.1,0.0,1
10,1043,world,10.43,1.0330000000000001,3.807499914169312,0.8587394234164607,-0.5498709212117372,0.7069195258037414,0.7069195258457351,0.016272185094296423,-0.016272185093329793,-5.94030653834775e-12,0.09991426119555227,0.004140097794371475,-0.12080559918936665,3.137189188774421e-10,-6.693846997657537e-09,0.1,0.0,1
10,1044,world,10.44,1.034,3.8074999141693113,0.859738574057553,-0.5498297146115255,0.7069228011706226,0.7069228011706227,0.016129264864846168,-0.016129264864846168,0.0,0.09991585728468566,0.004101397696679757,-0.040434641955848075,3.8387558068048176e-10,-8.407986000489968e-09,0.1,0.0,1
10,1045,world,10.450000000000001,1.0350000000000001,3.8074999141693118,0.8607377403693705,-0.5497888897478354,0.7069260476735769,0.7069260475965707,0.01598634339132936,-0.01598634339307077,1.089297926703669e-11,0.09991739553949062,0.004063750558902765,-0.040434800684918754,1.6056288680940518e-10,-3.5482835356770827e-09,0.1,0.0,1
10,1046,world,10.46,1.0360000000000003,3.8074999141693113,0.8617369217794796,-0.5497484360889622,0.7069292652416669,0.7069292651914479,0.015843420727877203,-0.01584342072900269,7.103735751205926e-12,0.09991887713587982,0.004027156801634634,-0.040434946192890654,-2.4400968022705166e-10,5.44109081440106e-09,0.1,0.0,1
10,1047,world,10.47,1.0370000000000001,3.8074999141693113,0.8627361177270375,-0.5497083430990279,0.7069324539135775,0.7069324539135776,0.01570049692613304,-0.01570049692613304,0.0,0.09992030321727441,0.00399161683631376,-0.04043507847947638,-4.755399329002972e-10,1.0700570159706611e-08,0.1,0.0,1
10,1048,world,10.48,1.0380000000000003,3.8074999141693118,0.8637353276624796,-0.549668600238162,0.7069356136740669,0.7069356137752891,0.015557572038962247,-0.015557572036734642,-1.431831776190486e-11,0.09992167489508667,0.0039571310517351405,-0.04043519754441885,1.4955207619039575e-10,-3.396183784891615e-09,0.1,0.0,1
10,1049,world,10.49,1.0390000000000001,3.8074999141693113,0.8647345510471955,-0.5496291969628198,0.7069387446724732,0.706938744624409,0.0154146461156332,-0.015414646116681231,6.798864063484612e-12,0.09992299324842611,0.003923699819684534,-0.0404353033874816,2.0142846273612646e-10,-4.6167044997442335e-09,0.1,0.0,1
10,1050,world,10.5,1.04,3.807499914169312,0.8657337873531992,-0.5495901227255653,0.7069418466655447,0.7069418467014309,0.015271719214019682,-0.015271719213244451,-5.0761994655301886e-12,0.09992425932392368,0.003891323497892709,-0.04043539600845789,-1.4680531496372386e-10,3.3962829460259215e-09,0.1,0.0,1
10,1051,world,10.51,1.0410000000000001,3.8074999141693113,0.8667330360628085,-0.5495513669755734,0.7069449198284788,0.7069449198284787,0.015128791382847322,-0.015128791382847322,0.0,0.09992547413616223,0.0038600024175088226,-0.04043547540716816,1.49726242432186e-10,-3.496630830891306e-09,0.1,0.0,1
10,1052,world,10.52,1.042,3.8074999141693104,0.8677322966683249,-0.5495129191587841,0.7069479640889119,0.7069479640753144,0.014985862676234793,-0.014985862676523035,1.9234037723925593e-12,0.09992663866673718,0.003829736905761172,-0.04043554158345503,1.1769700118833955e-10,-2.774886776243833e-09,0.1,0.0,1
10,1053,world,10.53,1.0430000000000001,3.807499914169311,0.8687315686717111,-0.5494747687180217,0.7069509794627639,0.7069509794234943,0.01484293314639181,-0.014842933147216303,5.554739451818521e-12,0.09992775386520891,0.003800527260029358,-0.040435594537188285,-1.894708400180538e-10,4.510141973278968e-09,0.1,0.0,1
10,1054,world,10.540000000000001,1.0440000000000003,3.8074999141693118,0.8697308515842516,-0.5494369050931639,0.7069539658851899,0.7069539659354177,0.01470000284722355,-0.01470000284617914,-7.104781301553837e-12,0.09992882064827051,0.0037723737680388884,-0.04043563426826463,-1.1545330978338373e-10,2.774988940617677e-09,0.1,0.0,0
10,1055,world,10.55,1.0450000000000002,3.807499914169311,0.8707301449262439,-0.5493993177213079,0.7069569234824535,0.7069569234824535,0.014557071828650563,-0.014557071828650563,0.0,0.09992983989992914,0.003745276701998668,-0.040435660776605375,2.047804690001757e-10,-4.970436654414708e-09,0.1,0.0,0
10,1056,world,10.56,1.0460000000000003,3.8074999141693113,0.8717294482266578,-0.5493619960369367,0.7069598521684878,0.7069598521483784,0.01441414014502745,-0.014414140145437454,2.8444464158499983e-12,0.09993081247170646,0.003719236312018764,-0.040435674062159144,9.262660335800955e-11,-2.270551774557936e-09,0.1,0.0,0
10,1057,world,10.57,1.0470000000000002,3.8074999141693118,0.8727287610228165,-0.5493249294720809,0.7069627519532024,0.7069627519210717,0.014271207848704556,-0.014271207849353165,4.5448487648423114e-12,0.09993173918224767,0.003694252835314533,-0.0404356741249001,-2.9583159645440683e-10,7.324424028003492e-09,0.1,0.0,0
10,1058,world,10.58,1.048,3.8074999141693113,0.8737280828600592,-0.5492881074564804,0.7069656227757294,0.7069656228592667,0.014128274993457082,-0.01412827499178764,-1.1816255535895751e-11,0.09993262081728034,0.003670326496331202,-0.04043566096482826,-2.3272599759795955e-10,5.820371811784644e-09,0.1,0.0,0
10,1059,world,10.59,1.0490000000000002,3.8074999141693118,0.8747274132914273,-0.549251519417744,0.7069684647733727,0.706968464823604,0.013985341629093125,-0.013985341628099444,-7.105128029299123e-12,0.09993345812995583,0.003647457496444318,-0.04043563458196772,4.2013442481924545e-11,-1.0614909875344328e-09,0.1,0.0,0
10,1060,world,10.6,1.05,3.8074999141693113,0.8757267518773224,-0.5492151547815071,0.7069712778448604,0.7069712779133777,0.013842407810205461,-0.0138424078088639,-9.691632631768043e-12,0.09993425184038347,0.003625646025581461,-0.040435594976372065,5.041351154578666e-10,-1.286886708139014e-08,0.1,0.0,0
10,1061,world,10.61,1.0510000000000002,3.8074999141693113,0.8767260981851881,-0.5491790029715875,0.7069740621243736,0.7069740619925066,0.013699473586744336,-0.013699473589299604,1.8652238832649373e-11,0.09993500263577221,0.003604892257502894,-0.04043554214811852,1.8773091232422186e-10,-4.842196507804754e-09,0.1,0.0,0
10,1062,world,10.620000000000001,1.0520000000000003,3.8074999141693113,0.8777254517891713,-0.5491430534101412,0.7069768173355405,0.7069768173355405,0.013556539016643086,-0.013556539016643086,0.0,0.09993571117015881,0.0035851963564913405,-0.04043547609731112,-4.1106806579724807e-10,1.071470316096518e-08,0.1,0.0,0
10,1063,world,10.63,1.0530000000000002,3.807499914169311,0.8787248122697956,-0.5491072955178146,0.706979543699676,0.7069795437194208,0.013413604148170555,-0.01341360414779593,-2.7928590645519743e-12,0.09993637806507397,0.0035665584580382883,-0.040435396824078464,-2.6607709816644582e-11,7.009465112480315e-10,0.1,0.0,0
10,1064,world,10.64,1.0540000000000003,3.8074999141693113,0.8797241792136381,-0.5490717187138964,0.7069822411746715,0.7069822411845897,0.013270669034720836,-0.013270669034534662,-1.4029062778579334e-12,0.09993700390858169,0.0035489786947977956,-0.04043530432857647,2.6447039723917985e-10,-7.042209433864627e-09,0.1,0.0,0
10,1065,world,10.65,1.0550000000000002,3.8074999141693113,0.8807235522129854,-0.5490363124164688,0.7069849097849433,0.7069849097050434,0.01312773372842029,-0.013127733729903923,1.1301499104538701e-11,0.09993758925598069,0.0035324571763709588,-0.04043519861098659,4.770194785934056e-11,-1.2840425551963538e-09,0.1,0.0,0
10,1066,world,10.66,1.056,3.807499914169311,0.8817229308655141,-0.5490010660425562,0.7069875494090063,0.7069875494007561,0.012984798284095917,-0.012984798284247442,1.16693487608237e-12,0.09993813462914342,0.0035169940072746334,-0.04043507967151739,-3.189249298850221e-10,8.679378212931832e-09,0.1,0.0,0
10,1067,world,10.67,1.0570000000000002,3.8074999141693104,0.8827223147739561,-0.5489659690082738,0.7069901601371251,0.706990160180032,0.012841862752631356,-0.01284186275185199,-6.068936358604449e-12,0.09993864051731925,0.003502589263678685,-0.04043494751040092,1.2398190451297133e-10,-3.4117072754673967e-09,0.1,0.0,0
10,1068,world,10.68,1.058,3.8074999141693113,0.8837217035457677,-0.5489310107289741,0.7069927420336698,0.7069927419771467,0.012698927185449509,-0.01269892718646477,7.99485173784791e-12,0.09993910737614674,0.0034892430209165584,-0.04043480212789549,2.93868236370415e-10,-8.177682210902131e-09,0.1,0.0,0
10,1069,world,10.69,1.0590000000000002,3.8074999141693113,0.8847210967927979,-0.5488961806193926,0.7069952949811318,0.7069952949083327,0.012555991637256176,-0.012555991638549062,1.0296959591890532e-11,0.0999395356285461,0.0034769553276635633,-0.04043464352428893,-2.0968453240009056e-10,5.9015464074022075e-09,0.1,0.0,0
10,1070,world,10.700000000000001,1.0600000000000003,3.807499914169311,0.8857204941309558,-0.548861468093794,0.706997818962463,0.7069978189894398,0.012413056160899074,-0.012413056160425436,-3.815667208205362e-12,0.0999399256638812,0.0034657262295084246,-0.02933692550804959,-3.747660222064683e-10,1.0635650030178475e-08,0.1,0.0,0
10,1071,world,10.71,1.0610000000000002,3.8074999141693118,0.8867198952336799,-0.5488268641211699,0.7069989480237936,0.7069989481014753,0.012348580418213852,-0.012348580416857047,-1.0987552361293855e-11,0.09994029585149297,0.0034550347488929048,-0.016943205163601736,-2.245722715763512e-10,6.4244207510806505e-09,0.1,0.0,0
10,1072,world,10.72,1.0620000000000003,3.807499914169311,0.887719300071773,-0.5487923681996152,0.706999911938606,0.7069999120564796,0.012293267893116723,-0.012293267891067146,-1.6672358603983356e-11,0.09994067295379255,0.0034441093976641936,-0.015647124445598997,2.182070505418782e-10,-6.272777315595924e-09,0.1,0.0,0
10,1073,world,10.73,1.0630000000000002,3.807499914169312,0.8887187087163633,-0.5487579827364615,0.70700087161109,0.7070008716000212,0.01223795526149193,-0.012237955261683527,1.5655969922999839e-12,0.09994105713830236,0.0034329430636970354,-0.015647132496997885,2.7581010504789986e-10,-7.964540542356235e-09,0.1,0.0,0
10,1074,world,10.74,1.064,3.8074999141693113,0.8897181212378754,-0.5487237101416169,0.7070018268840197,0.7070018268892072,0.012182642529114406,-0.012182642529025019,-7.337363646662572e-13,0.099941448324743,0.003421535730155196,-0.015647139782215196,9.294058616226763e-11,-2.69603237049393e-09,0.1,0.0,0
10,1075,world,10.75,1.0650000000000002,3.8074999141693118,0.890717537705919,-0.5486895528251068,0.7070027778652642,0.7070027778160507,0.012127329697162702,-0.012127329698006869,6.960870042078698e-12,0.09994184643062393,0.0034098873936808556,-0.015647146301250237,2.2658142815633083e-10,-6.602714650364443e-09,0.1,0.0,0
10,1076,world,10.76,1.066,3.8074999141693118,0.891716958189276,-0.5486555131971601,0.7070037245117452,0.7070037244235149,0.012072016769426644,-0.012072016770933168,1.2479470137795846e-11,0.09994225137224894,0.0033979980350506154,-0.015647152054101107,6.039110208795741e-11,-1.7679091688356467e-09,0.1,0.0,0
10,1077,world,10.77,1.0670000000000002,3.8074999141693104,0.89271638275587,-0.5486215936679076,0.7070046668045875,0.7070046667303609,0.012016703749271208,-0.01201670375053281,1.049874192949645e-11,0.0999426630637677,0.003385867646882533,-0.01564715704076485,-1.701241585108993e-10,5.003193135754595e-09,0.1,0.0,0
10,1078,world,10.78,1.068,3.8074999141693113,0.8937158114727611,-0.5485877966477258,0.7070056047488558,0.7070056047314118,0.011961390639650533,-0.011961390639945658,2.4673018708212678e-12,0.09994308141777483,0.0033734962160989704,-0.015647161261241653,-1.1177933624355424e-10,3.3025424164374763e-09,0.1,0.0,0
10,1079,world,10.790000000000001,1.0690000000000002,3.8074999141693118,0.8947152444061351,-0.5485541245471296,0.7070065383993045,0.7070065383718027,0.011906077442683571,-0.011906077443146704,3.889880101721408e-12,0.0999435063452266,0.0033608837262915706,-0.015647164715530276,-2.676713028823928e-11,7.945190219607655e-10,0.1,0.0,0
10,1080,world,10.8,1.0700000000000003,3.8074999141693118,0.8957146816212737,-0.548520579776782,0.7070074677067811,0.7070074677005781,0.011850764162248178,-0.011850764162352152,8.773723829261558e-13,0.09994393775532015,0.0033480301612579043,-0.015647167403628325,-2.4901955599261073e-11,7.426014884340076e-10,0.1,0.0,0
10,1081,world,10.81,1.0710000000000002,3.807499914169311,0.8967141231825394,-0.5484871647475033,0.7070083927029559,0.7070083926859605,0.011795450800858462,-0.011795450801142008,2.4038511075652585e-12,0.09994437555540436,0.0033349355076664686,-0.01564716932553543,-1.0647108238541682e-10,3.1900005093036652e-09,0.1,0.0,0
10,1082,world,10.82,1.072,3.8074999141693118,0.8977135691533674,-0.5484538818702781,0.7070093133383722,0.7070093133773014,0.011740137362385593,-0.01174013736173916,-5.506176385276581e-12,0.09994481965127396,0.003321599746255563,-0.015647170481251763,-1.582680173936097e-10,4.764265417650364e-09,0.1,0.0,0
10,1083,world,10.83,1.0730000000000002,3.8074999141693113,0.8987130195962301,-0.5484207335562664,0.7070102296685592,0.7070102297189685,0.011684823848950216,-0.011684823848117098,-7.129928535493987e-12,0.09994526994692597,0.0033080228590654085,-0.015647170870775422,2.0632697024052646e-10,-6.240370794420812e-09,0.1,0.0,0
10,1084,world,10.84,1.074,3.8074999141693118,0.8997124745726424,-0.5483877222168095,0.7070111417268681,0.7070111416775089,0.011629510263055236,-0.011629510263867137,6.981384984158712e-12,0.09994572634465937,0.003294204826428364,-0.01564717049410867,1.1724718466214556e-10,-3.563045578968902e-09,0.1,0.0,0
10,1085,world,10.85,1.0750000000000002,3.8074999141693118,0.9007119341431307,-0.548354850263553,0.7070120493830608,0.7070120493830607,0.011574196609892031,-0.011574196609892031,0.0,0.09994618874484325,0.0032801456339877095,-0.015647169351250274,-2.095740256561095e-10,6.3992058631054685e-09,0.1,0.0,0
10,1086,world,10.86,1.076,3.8074999141693118,0.9017113983672141,-0.5483221201081497,0.7070129527157439,0.7070129527569196,0.011518882891208762,-0.011518882890537915,-5.823887805706304e-12,0.09994665704640311,0.0032658452579203525,-0.015647167442200422,6.604890272794327e-11,-2.0264588240162317e-09,0.1,0.0,0
10,1087,world,10.870000000000001,1.0770000000000002,3.8074999141693113,0.9027108673033942,-0.5482895341625122,0.707013851776288,0.707013851747618,0.01146356910921977,-0.011463569109684626,4.055057858306022e-12,0.09994713114649421,0.003251303674757099,-0.015647164766959803,1.389220341658628e-10,-4.282861883738811e-09,0.1,0.0,0
10,1088,world,10.88,1.0780000000000003,3.8074999141693118,0.9037103410091293,-0.548257094838799,0.707014746469586,0.7070147464501688,0.01140825526851912,-0.011408255268832428,2.7463274977321125e-12,0.09994761094035338,0.003236520865953805,-0.0156471613255279,1.087501620974428e-10,-3.3689540362931984e-09,0.1,0.0,0
10,1089,world,10.89,1.0790000000000002,3.8074999141693113,0.9047098195408281,-0.5482248045493922,0.707015636868225,0.707015636791892,0.01135294137097836,-0.011352941372204082,1.079652204890072e-11,0.09994809632171876,0.003221496804969633,-0.01564715711790801,2.1248627943948528e-10,-6.614698675839777e-09,0.1,0.0,0
10,1090,world,10.9,1.08,3.807499914169312,0.9057093029538259,-0.5481926657069077,0.7070165229289505,0.7070165228159511,0.01129762742034286,-0.01129762742214851,1.5982555038804827e-11,0.09994858718230418,0.003206231473450272,-0.015647152144101336,-1.724762700815738e-10,5.395482197749117e-09,0.1,0.0,0
10,1091,world,10.91,1.0810000000000002,3.8074999141693118,0.9067087913023684,-0.5481606807242029,0.7070174045870096,0.7070174045870095,0.011242313420686312,-0.011242313420686312,0.0,0.09994908341237826,0.0031907248432690226,-0.01564714640410824,-3.1910758887849686e-10,1.0031630111291348e-08,0.1,0.0,0
10,1092,world,10.92,1.082,3.807499914169312,0.9077082846395969,-0.5481288520143851,0.7070182819592293,0.7070182819881523,0.011186999373189135,-0.011186999372731491,-4.090842363247502e-12,0.09994958490028855,0.0031749768912565017,-0.015647139897929745,-1.7347234830554308e-16,2.4611389415848923e-15,0.1,0.0,0
10,1093,world,10.93,1.0830000000000002,3.807499914169312,0.9087077830175216,-0.5480971819908189,0.7070191550324519,0.7070191550324518,0.011131685281114835,-0.011131685281114835,0.0,0.0999500915328861,0.0031589875858715672,-0.01564713262556969,-4.7836561296388085e-11,1.518763362920533e-09,0.1,0.0,0
10,1094,world,10.94,1.084,3.807499914169312,0.9097072864870156,-0.5480656730671352,0.7070200237380457,0.7070200237884554,0.01107637114859196,-0.011076371147802229,-7.129876057829868e-12,0.09995060319500906,0.003142756903396479,-0.015647124587027713,-1.216833930253604e-10,3.882651738218362e-09,0.1,0.0,0
10,1095,world,10.950000000000001,1.0850000000000002,3.8074999141693127,0.9107067950977951,-0.5480343276573831,0.7070208881385811,0.7070208881935103,0.011021056977682377,-0.011021056976826139,-7.769125738321136e-12,0.09995111976973704,0.0031262848199871533,-0.015625649443674894,1.1111415652271843e-10,-3.5632010494549486e-09,0.1,0.0,0
10,1096,world,10.96,1.0860000000000003,3.807499914169312,0.9117063088983793,-0.5480031481752113,0.7070217458868372,0.7070217458868373,0.010965894543015968,-0.010965894543015968,0.0,0.09995164109913507,0.0031095725734730973,-0.015381142421873634,2.429607739860925e-10,-7.829942866468579e-09,0.1,0.0,0
10,1097,world,10.97,1.0870000000000002,3.8074999141693127,0.9127058279142101,-0.5479721363283427,0.7070225749950968,0.7070225749392538,0.01091230895712306,-0.01091230895798495,7.89833215823171e-12,0.09995216114001261,0.003092811575404033,-0.015158110443436705,4.515866864426227e-11,-1.462608410487797e-09,0.1,0.0,0
10,1098,world,10.98,1.088,3.807499914169312,0.9137053521027195,-0.5479412916486229,0.707023399997023,0.7070233999763313,0.0108587232801861,-0.010858723280503888,2.926574376396585e-12,0.0999526756421568,0.0030761391343364437,-0.015158118316808328,-1.2199278092793507e-10,3.970616588912239e-09,0.1,0.0,0
10,1099,world,10.99,1.0890000000000002,3.8074999141693127,0.9147048814087388,-0.5479106132504625,0.7070242209451293,0.707024220945459,0.010805137514161593,-0.010805137514156555,-4.663495894620807e-14,0.09995318464984454,0.0030595552542951225,-0.01515812549361357,1.2557836763033672e-10,-4.107586090119609e-09,0.1,0.0,0
10,1100,world,11.0,1.09,3.8074999141693118,0.9157044157775426,-0.547880100248183,0.707025037882379,0.7070250378035768,0.010751551661167275,-0.0107515516623656,1.1145607105971975e-11,0.09995368820682676,0.003043059948877309,-0.015158131973850911,1.0410413890281127e-10,-3.422178553001033e-09,0.1,0.0,0
10,1101,world,11.01,1.0910000000000002,3.8074999141693118,0.9167039551548463,-0.5478497517560896,0.7070258507037231,0.7070258506556392,0.010697965725573468,-0.010697965726301023,6.800866563546523e-12,0.09995418635695658,0.00302665322076978,-0.015158137757518363,-1.6860488764210728e-10,5.57025363163875e-09,0.1,0.0,0
10,1102,world,11.02,1.092,3.807499914169312,0.9177034994868027,-0.5478195668884918,0.7070266594553569,0.7070266594553569,0.010644379709441727,-0.010644379709441727,0.0,0.09995467914345478,0.0030103350858349206,-0.01515814284461439,9.44978474092922e-11,-3.1376772163900637e-09,0.1,0.0,0
10,1103,world,11.03,1.093,3.8074999141693118,0.9187030487199868,-0.5477895447592245,0.7070274642161959,0.7070274641237232,0.010590793614357503,-0.010590793615742682,1.3079074713438529e-11,0.09995516660973823,0.0029941055458139612,-0.015158147235137816,-8.334392236072313e-11,2.781343990379078e-09,0.1,0.0,0
10,1104,world,11.040000000000001,1.0940000000000003,3.8074999141693113,0.9197026028014081,-0.547759684482271,0.7070282648037701,0.7070282648431175,0.010537207445825765,-0.010537207445239352,-5.5651701382491064e-12,0.09995564879863264,0.002977964614365178,-0.015158150929086218,-1.3178997874071495e-10,4.4204601913177406e-09,0.1,0.0,0
10,1105,world,11.05,1.0950000000000002,3.8074999141693113,0.9207021616785094,-0.5477299851715334,0.7070290614307341,0.7070290614007968,0.010483621203437484,-0.010483621203881384,4.23422696115256e-12,0.09995612575315677,0.0029619122909219295,-0.01515815392646011,2.9061198003880974e-10,-9.797483380804907e-09,0.1,0.0,0
10,1106,world,11.06,1.096,3.8074999141693118,0.9217017252991573,-0.5477004459408331,0.7070298539965086,0.7070298538972529,0.010430034891468853,-0.01043003489293306,1.4038368355564622e-11,0.09995659751551769,0.0029459485943929033,-0.01515815622725811,5.2729522339456406e-12,-1.7867124271100973e-10,0.1,0.0,0
10,1107,world,11.07,1.0970000000000002,3.8074999141693118,0.9227012936116528,-0.5476710659041868,0.7070306424329794,0.7070306424005144,0.010376448513689176,-0.010376448514165639,4.591759699669052e-12,0.09995706412822278,0.002930073525760132,-0.015158157831479224,-4.146231117387438e-10,1.412277035349293e-08,0.1,0.0,0
10,1108,world,11.08,1.098,3.8074999141693118,0.9237008665646997,-0.5476418441750026,0.7070314267750545,0.7070314268755894,0.010322862072343023,-0.010322862070875185,-1.4219301095643211e-11,0.0999575256331458,0.002914287099618399,-0.015158158739123424,-1.7080729257564328e-10,5.848195635883425e-09,0.1,0.0,0
10,1109,world,11.09,1.0990000000000002,3.8074999141693113,0.9247004441074318,-0.5476127798668494,0.7070322071474308,0.7070322071976982,0.010269275568381394,-0.010269275567651283,-7.109655579120517e-12,0.09995798207246735,0.002898589312113185,-0.015158158950189399,2.3250368733293636e-10,-8.002174921788404e-09,0.1,0.0,0
10,1110,world,11.1,1.1,3.8074999141693118,0.925700026189401,-0.5475838720932406,0.7070329834647684,0.7070329834520998,0.010215689005827937,-0.01021568900601098,1.7917805216573e-12,0.09995843348759775,0.0028829801777842338,-0.015158158464679012,2.5189399274081903e-11,-8.714971662385609e-10,0.1,0.0,0
10,1111,world,11.11,1.101,3.807499914169312,0.926699612760571,-0.5475551199676154,0.7070337556639216,0.7070337557018604,0.010162102388361426,-0.010162102387816136,-5.365926790354426e-12,0.09995887991991305,0.002867459704408034,-0.015158157282591865,-1.1467823262728374e-10,3.988583770542676e-09,0.1,0.0,0
10,1112,world,11.120000000000001,1.1020000000000003,3.8074999141693118,0.9276992037713244,-0.5475265226035348,0.7070345238240182,0.7070345238677742,0.01010851571760742,-0.010108515716981837,-6.188671560654155e-12,0.0999593214105809,0.002852027898913846,-0.015158155403927604,4.4127722478532363e-11,-1.5429336727534863e-09,0.1,0.0,0
10,1113,world,11.13,1.1030000000000002,3.8074999141693118,0.92869879917245,-0.5474980791141888,0.7070352879393557,0.7070352879554676,0.010054928996421969,-0.010054928996192836,-2.2787970862843497e-12,0.09995975800051116,0.002836684769100656,-0.0151581528286871,3.393275257118371e-11,-1.1927886065607623e-09,0.1,0.0,0
10,1114,world,11.14,1.104,3.8074999141693118,0.9296983989151388,-0.5474697886127095,0.7070360479739585,0.7070360480008409,0.010001342228087571,-0.01000134222770731,-3.802115354606921e-12,0.09996018973058232,0.0028214303156351376,-0.015158149556870441,1.3277755681938502e-10,-4.692347536270047e-09,0.1,0.0,0
10,1115,world,11.15,1.1050000000000002,3.8074999141693113,0.9306980029509964,-0.5474416502122518,0.7070368039909577,0.7070368039406898,0.00994775541448148,-0.009947755415188731,7.10967193706147e-12,0.09996061664108317,0.0028062645517499384,-0.015158145588478979,-1.4653781716439653e-10,5.206545818277011e-09,0.1,0.0,0
10,1116,world,11.16,1.106,3.8074999141693104,0.9316976112320277,-0.5474136630259032,0.7070375558323799,0.7070375559329161,0.009894168560594238,-0.009894168559187351,-1.4219344771412076e-11,0.09996103877224066,0.0027911874846740974,-0.015158140923513983,-1.163978640156166e-10,4.15807723369734e-09,0.1,0.0,0
10,1117,world,11.17,1.1070000000000002,3.8074999141693113,0.9326972237106426,-0.5473858261668089,0.7070383037335605,0.7070383037421138,0.009840581665894393,-0.009840581665775344,-1.2097631605782915e-12,0.09996145616425026,0.0027761991143786155,-0.015158135561976233,9.893370882668868e-11,-3.5534740623655732e-09,0.1,0.0,0
10,1118,world,11.18,1.108,3.8074999141693113,0.9336968403396486,-0.547358138747951,0.707039047506223,0.707039047556491,0.009786994735785653,-0.00978699473508983,-7.1096713552433245e-12,0.09996186885654534,0.0027612994598256537,-0.015158129503868363,6.272586640805982e-11,-2.2652955769893308e-09,0.1,0.0,0
10,1119,world,11.19,1.109,3.8074999141693104,0.9346964610722436,-0.547330599882065,0.70703978727492,0.707039787251428,0.009733407771308088,-0.009733407771631489,3.3225935820550415e-12,0.09996227688905782,0.0027464885136004443,-0.015158122749191106,1.3128794976484293e-10,-4.7674926905996404e-09,0.1,0.0,0
10,1120,world,11.200000000000001,1.1100000000000003,3.8074999141693113,0.9356960858620271,-0.5473032086819778,0.707040522941842,0.7070405229246683,0.009679820776583829,-0.00967982077681895,2.4289775059254903e-12,0.09996268030089595,0.002731766289577368,-0.015158115297946015,-6.014850099374325e-11,2.1962939838194076e-09,0.1,0.0,0
10,1121,world,11.21,1.1110000000000002,3.8074999141693113,0.9366957146629894,-0.547275964260454,0.7070412545377801,0.7070412545453572,0.009626233753954565,-0.009626233753851406,-1.0716554414517476e-12,0.09996307913120864,0.002717132791698233,-0.015083902584704998,-2.2682090666775744e-10,8.32815344370355e-09,0.1,0.0,0
10,1122,world,11.22,1.112,3.8074999141693118,0.9376953474296228,-0.5472488657345606,0.7070419749342289,0.707041975034866,0.009573171363953848,-0.009573171362591247,-1.4233537918827443e-11,0.0999634735314019,0.0027025838630300785,-0.014841553328572996,1.4469753573495438e-10,-5.342126021969595e-09,0.1,0.0,0
10,1123,world,11.23,1.1130000000000002,3.8074999141693113,0.9386949841252377,-0.547221912534076,0.7070426754711169,0.707042675403124,0.009521297742963274,-0.00952129774387889,9.616504337320552e-12,0.09996386523971525,0.0026880562375164673,-0.014673416541811547,1.6110923417105346e-10,-5.980825681489478e-09,0.1,0.0,0
10,1124,world,11.24,1.114,3.8074999141693113,0.93969462472738,-0.5471951046100609,0.7070433720762062,0.7070433720922387,0.0094694240465777,-0.009469424046362977,-2.2675504574190894e-12,0.09996425483713543,0.002673528540384064,-0.014673423537667258,-1.925943786368434e-10,7.188832789189561e-09,0.1,0.0,0
10,1125,world,11.25,1.1150000000000002,3.8074999141693113,0.9406942692149474,-0.5471684419635207,0.7070440649089643,0.7070440649426643,0.009417550275157643,-0.009417550274708775,-4.766294220775803e-12,0.09996464232373298,0.002659000768735072,-0.01467342990166207,1.6856576958695092e-10,-6.326604561079431e-09,0.1,0.0,0
10,1126,world,11.26,1.116,3.8074999141693118,0.941693917566821,-0.5471419245949615,0.7070447539985891,0.7070447539251261,0.009365676430836085,-0.009365676431809194,1.0390160968102344e-11,0.09996502769960579,0.0026444729185699503,-0.014673435633795024,6.312459258532788e-11,-2.382333172569922e-09,0.1,0.0,0
10,1127,world,11.27,1.117,3.807499914169311,0.9426935697618994,-0.5471155525053581,0.7070454391923146,0.7070454391923144,0.00931380251815156,-0.00931380251815156,0.0,0.09996541096455171,0.002629944997197768,-0.014673440734064264,-2.4934282159098486e-10,9.462628089211995e-09,0.1,0.0,0
10,1128,world,11.28,1.118,3.8074999141693113,0.9436932257790764,-0.5470893256953031,0.7070461205869509,0.7070461206473445,0.009261928538328471,-0.009261928537537347,-8.541687340195784e-12,0.09996579211884087,0.0026154169940365204,-0.014673445202468972,-8.67361741100834e-17,1.0158974392643518e-14,0.1,0.0,0
10,1129,world,11.290000000000001,1.1190000000000002,3.8074999141693118,0.9446928855972422,-0.5470632441657418,0.7070467982363209,0.7070467982363209,0.009210054493179668,-0.009210054493179668,0.0,0.09996617116242314,0.0026008889105695455,-0.014673449039007542,1.112459087177751e-10,-4.269396146166626e-09,0.1,0.0,0
10,1130,world,11.3,1.12,3.807499914169311,0.9456925491952886,-0.5470373079173521,0.7070474720497982,0.7070474720497981,0.009158180386404832,-0.009158180386404832,0.0,0.09996654809526045,0.0025863607478424947,-0.014673452243678399,1.3451462214629005e-10,-5.191649742414881e-09,0.1,0.0,0
10,1131,world,11.31,1.1210000000000002,3.807499914169311,0.9466922165521123,-0.5470115169510515,0.7070481420942641,0.7070481420208246,0.009106306219648443,-0.009106306220594298,1.0386800461159812e-11,0.09996692291746334,0.0025718325011449905,-0.014673454816481938,4.3879830482296264e-11,-1.7032091808290505e-09,0.1,0.0,0
10,1132,world,11.32,1.122,3.8074999141693113,0.9476918876466033,-0.5469858712676018,0.7070488082715716,0.7070488082474784,0.009054431996688043,-0.009054431996996577,3.407554659910627e-12,0.09996729562899931,0.002557304171242797,-0.014673456757416265,-6.474187528777834e-11,2.5273933834074387e-09,0.1,0.0,0
10,1133,world,11.33,1.1230000000000002,3.8074999141693113,0.9486915624576561,-0.5469603708678934,0.7070494706745505,0.7070494706368623,0.009002557718840717,-0.009002557719320585,5.330349678460929e-12,0.09996766622993203,0.002542775755135892,-0.014673458066481813,-4.3379969910899883e-11,1.7032358278080436e-09,0.1,0.0,0
10,1134,world,11.34,1.124,3.8074999141693113,0.9496912409641673,-0.5469350157527711,0.7070501292460554,0.7070501292460554,0.008950683389349436,-0.008950683389349436,0.0,0.09996803472025907,0.002528247252362479,-0.014673458743678466,1.708702629969034e-12,-6.747776867793888e-11,0.1,0.0,0
10,1135,world,11.35,1.125,3.8074999141693113,0.9506909231450279,-0.5469098059230996,0.7070507840498609,0.7070507840112181,0.008898809009918518,-0.008898809010404867,5.465329219942888e-12,0.09996840109998001,0.0025137186623643303,-0.014673458789004987,-3.987869077059774e-11,1.5840251096940866e-09,0.1,0.0,0
10,1136,world,11.36,1.1260000000000001,3.8074999141693113,0.9516906089791324,-0.5468847413798054,0.7070514349979237,0.7070514350203305,0.008846934584170636,-0.008846934583890274,-3.1690375857818007e-12,0.09996876536916721,0.002499189981653034,-0.014673458202462296,2.065986278362912e-11,-8.254311516328622e-10,0.1,0.0,0
10,1137,world,11.370000000000001,1.1270000000000002,3.8074999141693118,0.9526902984453756,-0.5468598221237284,0.7070520822069465,0.7070520821566275,0.008795060113155825,-0.008795060113781747,7.116736819966457e-12,0.09996912752769804,0.002484661214501332,-0.014673456984049996,9.181691898094048e-11,-3.6901019874984477e-09,0.1,0.0,0
10,1138,world,11.38,1.1280000000000001,3.8074999141693113,0.9536899915226552,-0.5468350481558764,0.7070527255633845,0.7070527255335933,0.008743185600805569,-0.008743185601173957,4.213415446610979e-12,0.09996948757587298,0.0024701323481503934,-0.014673455133768247,-1.7597937059666508e-10,7.114544639777407e-09,0.1,0.0,0
10,1139,world,11.39,1.1290000000000002,3.807499914169311,0.9546896881898586,-0.5468104194770642,0.7070533650840434,0.7070533651343623,0.008691311049415694,-0.008691311048797157,-7.116735477013891e-12,0.09996984551338572,0.0024556033942382378,-0.014673452651618053,-5.1785052126864235e-11,2.10608669254456e-09,0.1,0.0,0
10,1140,world,11.4,1.1300000000000001,3.8074999141693118,0.955689388425889,-0.5467859360883814,0.7070540008638999,0.7070540008639,0.008639436460331875,-0.008639436460331875,0.0,0.09997020134062104,0.002441074336371787,-0.014673449537599949,8.69456419705691e-11,-3.557283062977008e-09,0.1,0.0,0
10,1141,world,11.41,1.1310000000000002,3.8074999141693118,0.9566890922096367,-0.5467615979906181,0.7070546328125519,0.707054632812552,0.008587561837179167,-0.008587561837179167,0.0,0.099970555057186,0.0024265451898010646,-0.014673445791714626,1.1520819062347221e-10,-4.74212603125898e-09,0.1,0.0,0
10,1142,world,11.42,1.1320000000000001,3.8074999141693113,0.9576887995199979,-0.5467374051849443,0.7070552609886702,0.7070552609215917,0.008535687181756516,-0.008535687182566299,9.487019214784294e-12,0.09997090666338332,0.002412015941303925,-0.014673441413962752,-7.235496949795106e-11,2.9963313242430922e-09,0.1,0.0,0
10,1143,world,11.43,1.133,3.8074999141693118,0.9586885103358668,-0.5467133576721266,0.7070558852704181,0.7070558853128021,0.008483812498045955,-0.0084838124975374,-5.994424128862004e-12,0.09997125615911406,0.00239748659408141,-0.014673436404346036,-1.43831735233021e-10,5.992729391971482e-09,0.1,0.0,0
10,1144,world,11.44,1.1340000000000001,3.8074999141693127,0.9596882246361419,-0.5466894554534155,0.7070565058131179,0.7070565058308076,0.008431937786688529,-0.008431937786477571,-2.5018910962621346e-12,0.09997160354441514,0.0023829571457083015,-0.014673430762865572,-2.5193042187318207e-11,1.0561182730709891e-09,0.1,0.0,0
10,1145,world,11.450000000000001,1.1350000000000002,3.8074999141693113,0.9606879423997191,-0.5466656985295528,0.707057122517502,0.707057122574825,0.008380063051388335,-0.00838006305070894,-8.107260257094512e-12,0.09997194881925209,0.0023684275967068495,-0.014673424489522177,2.9648159034311697e-11,-1.2505884231170313e-09,0.1,0.0,0
10,1146,world,11.46,1.1360000000000001,3.8074999141693118,0.9616876636054953,-0.5466420869018703,0.7070577354641873,0.7070577354641873,0.008328188293701546,-0.008328188293701546,0.0,0.09997229198375407,0.002353897940656059,-0.014673417584318702,8.537398249569288e-11,-3.6236034946206994e-09,0.1,0.0,0
10,1147,world,11.47,1.1370000000000002,3.807499914169312,0.9626873882323589,-0.546618620571086,0.7070583445729763,0.7070583445790433,0.008276313517090355,-0.00827631351701934,-8.580464956059072e-13,0.0999726330378139,0.0023393681810697517,-0.014541184598900511,-2.3955932808063597e-10,1.0230981385439965e-08,0.1,0.0,0
10,1148,world,11.48,1.1380000000000001,3.8074999141693113,0.9636871162590618,-0.546595299532027,0.7070589389338294,0.7070589390785472,0.008225373636322864,-0.00822537363463933,-2.0467568090354502e-11,0.09997297189786891,0.0023248419103061658,-0.014300920617608287,-2.2350437549190382e-11,9.604515661190122e-10,0.1,0.0,0
10,1149,world,11.49,1.1390000000000002,3.807499914169312,0.9646868476615416,-0.54657212365791,0.7070595209249567,0.7070595209446093,0.008175197580303072,-0.008175197580075844,-2.779475489587137e-12,0.0999733081558961,0.0023103368512495804,-0.014192889246078772,1.721300191498621e-10,-7.44263211097517e-09,0.1,0.0,0
10,1150,world,11.5,1.1400000000000001,3.807499914169312,0.9656865824133531,-0.546549092716232,0.7070600992832029,0.707060099322645,0.008125021461081797,-0.008125021460628557,-5.578336633714805e-12,0.09997364176588489,0.0022958554106300966,-0.014192895430003922,1.9205540000654428e-10,-8.355475910903538e-09,0.1,0.0,0
10,1151,world,11.51,1.141,3.807499914169312,0.966686320488065,-0.5465262064708261,0.7070606741598479,0.7070606740613127,0.008074845279189684,-0.008074845280314985,1.3935885007325038e-11,0.09997397273815553,0.002281397587124098,-0.014192901042134776,-1.2770713349173394e-10,5.590508082843995e-09,0.1,0.0,0
10,1152,world,11.52,1.1420000000000001,3.8074999141693118,0.967686061859356,-0.5465034646857002,0.7070612452984618,0.7070612454169812,0.008024669039827582,-0.008024669038482467,-1.6762241987493327e-11,0.09997430108290893,0.002266963383885085,-0.01419290608246912,-1.0175870597008728e-10,4.482436974904906e-09,0.1,0.0,0
10,1153,world,11.53,1.143,3.807499914169312,0.968685806501002,-0.5464808671245533,0.7070618130618841,0.7070618130267523,0.007974492741139278,-0.007974492741535505,4.9686837985107594e-12,0.0999746268105278,0.002252552795318862,-0.014192910551005905,3.227609163003775e-11,-1.4307155443339427e-09,0.1,0.0,0
10,1154,world,11.540000000000001,1.1440000000000001,3.8074999141693118,0.9696855543868796,-0.5464584135511373,0.7070623771212,0.7070623772194824,0.007924316389124286,-0.007924316388022795,-1.3900126295978928e-11,0.09997494993107578,0.002238165829176689,-0.014192914447744854,-2.1533677691105316e-10,9.605727451784632e-09,0.1,0.0,0
10,1155,world,11.55,1.1450000000000002,3.807499914169312,0.9706853054909694,-0.5464361037292585,0.7070629376853923,0.7070629377861316,0.007874139983698559,-0.007874139982576684,-1.4247578684452493e-11,0.09997527045486629,0.0022238024814134347,-0.014192917772684442,6.131224021311632e-11,-2.752435297935599e-09,0.1,0.0,0
10,1156,world,11.56,1.1460000000000001,3.807499914169312,0.9716850597873526,-0.5464139374227175,0.7070634947108776,0.7070634947702276,0.007823963527632163,-0.00782396352697543,-8.393865370300387e-12,0.09997558839208327,0.0022094627529663955,-0.014192920525823072,8.311060201307734e-13,-3.75412403163311e-11,0.1,0.0,0
10,1157,world,11.57,1.1470000000000002,3.8074999141693118,0.972684817250218,-0.5463919143953078,0.7070640481345817,0.7070640482347901,0.007773787023897078,-0.007773787022795341,-1.4172453974329008e-11,0.09997590375280846,0.0021951466486733726,-0.01419292270716085,9.227488595890895e-11,-4.195917993065906e-09,0.1,0.0,0
10,1158,world,11.58,1.1480000000000001,3.807499914169312,0.9736845778538561,-0.5463700344110499,0.7070645980681348,0.7070645980681348,0.007723610473539045,-0.007723610473539045,0.0,0.09997621654737235,0.00218085416131219,-0.01419292431669777,7.87045778416603e-11,-3.602118700871096e-09,0.1,0.0,0
10,1159,world,11.59,1.149,3.807499914169312,0.9746843415726489,-0.5463482972334991,0.7070651443662447,0.7070651444155025,0.0076734338804237585,-0.007673433879889186,-6.966530886320491e-12,0.09997652678572727,0.0021665853001343618,-0.014192925354433117,-3.7595881395502476e-11,1.7319202594561675e-09,0.1,0.0,0
10,1160,world,11.6,1.1500000000000001,3.8074999141693118,0.9756841083810855,-0.5463267026264234,0.7070656871406278,0.7070656871651252,0.007623257245604722,-0.007623257245340602,-3.464675837684156e-12,0.09997683447817975,0.00215234005739106,-0.014192925820366228,1.0375979624251958e-10,-4.8113639637885104e-09,0.1,0.0,0
10,1161,world,11.61,1.151,3.807499914169312,0.976683878253757,-0.5463052503535921,0.707066226363517,0.70706622634472,0.007573080571661168,-0.0075730805718624925,2.658420375630619e-12,0.09997713963471207,0.002138118439489844,-0.014192925714496669,2.638618499227965e-11,-1.2316405715281671e-09,0.1,0.0,0
10,1162,world,11.620000000000001,1.1520000000000001,3.8074999141693118,0.9776836511653555,-0.546283940178769,0.7070667619910372,0.7070667619981137,0.0075229038613358005,-0.007522903861260512,-1.0007894257041693e-12,0.09997744226540116,0.002123920447752114,-0.014192925036825267,-2.5823787639476933e-11,1.2134449769675122e-09,0.1,0.0,0
10,1163,world,11.63,1.1530000000000002,3.807499914169312,0.9786834270906768,-0.5462627718657564,0.7070672940750402,0.7070672940734068,0.007472727116347221,-0.007472727116364486,2.3102741289633775e-13,0.09997774238040605,0.002109746078835418,-0.014192923787352006,-3.37885970338201e-11,1.5983509464420746e-09,0.1,0.0,0
10,1164,world,11.64,1.1540000000000001,3.807499914169312,0.9796832060046156,-0.5462417451784546,0.7070678225781972,0.7070678226078816,0.00742255033936495,-0.007422550339053335,-4.198235171508319e-12,0.09997803998970606,0.0020955953370668714,-0.01419292196607743,1.2891502145211316e-10,-6.1395110555927314e-09,0.1,0.0,0
10,1165,world,11.65,1.1550000000000002,3.807499914169312,0.9806829878821557,-0.5462208598804165,0.7070683475952375,0.707068347506764,0.007372373531670973,-0.0073723735325934596,1.2512749247431334e-11,0.09997833510344385,0.002081468218226797,-0.014192919573001476,1.0431672921635144e-11,-5.001810438258838e-10,0.1,0.0,0
10,1166,world,11.66,1.1560000000000001,3.807499914169312,0.9816827726983981,-0.5462001157353829,0.7070688689367804,0.7070688689593901,0.0073221966975163845,-0.007322196697282246,-3.197653334812738e-12,0.09997862773155237,0.0020673647272960133,-0.014192916608124419,-5.580032982204857e-11,2.69389710757501e-09,0.1,0.0,0
10,1167,world,11.67,1.157,3.8074999141693113,0.9826825604285341,-0.5461795125070895,0.7070693868094569,0.7070693867590867,0.007272019837025632,-0.007272019837543676,7.1237929025643204e-12,0.09997891788410865,0.0020532848615480073,-0.014192913071448036,-2.5270584321133377e-11,1.2284017336897935e-09,0.1,0.0,0
10,1168,world,11.68,1.1580000000000001,3.8074999141693118,0.9836823510478602,-0.5461590499592663,0.707069901039547,0.7070699010795318,0.0072218429542666406,-0.007221842953858244,-5.6550073952004225e-12,0.09997920557104689,0.002039228624345015,-0.01419290896297289,5.078229520623697e-12,-2.485736688584323e-10,0.1,0.0,0
10,1169,world,11.69,1.159,3.8074999141693118,0.9846821445317685,-0.5461387278557335,0.707070411800811,0.7070704117469249,0.007171666049733655,-0.007171666050280209,7.621025439210944e-12,0.0999794908023614,0.0020251960153358987,-0.014192904282699054,7.48854106241182e-11,-3.69117061900056e-09,0.1,0.0,0
10,1170,world,11.700000000000001,1.1600000000000001,3.8074999141693118,0.985681940855755,-0.5461185459602559,0.70707091893335,0.7070709189211256,0.007121489127330773,-0.007121489127453894,1.7288714087530105e-12,0.09997977358804816,0.0020111870332293127,-0.014192899030627898,-9.445231087325377e-11,4.688474796406815e-09,0.1,0.0,0
10,1171,world,11.71,1.1610000000000003,3.807499914169311,0.9866817399954104,-0.5460985040364069,0.7070714225134154,0.7070714225258443,0.00707131218855504,-0.007071312188430739,-1.7578158973399632e-12,0.09998005393797453,0.0019972016822810456,-0.014192893206761637,-7.591869866605244e-11,3.795228819530366e-09,0.1,0.0,0
10,1172,world,11.72,1.1620000000000001,3.8074999141693118,0.9876815419264281,-0.5460786018478969,0.7070719225302975,0.7070719225717539,0.007021135235788665,-0.007021135235377008,-5.863106996616941e-12,0.09998033186215621,0.0019832399585311133,-0.014192886811101098,1.4203881174515263e-10,-7.1513856363089775e-09,0.1,0.0,0
10,1173,world,11.73,1.1630000000000003,3.8074999141693113,0.9886813466245996,-0.5460588391584301,0.7070724190657686,0.7070724189770466,0.006970958270499042,-0.006970958271373742,1.2547784419523141e-11,0.09998060737047688,0.001969301863743807,-0.01399798550847798,1.529775443265092e-10,-7.756825370945387e-09,0.1,0.0,0
10,1174,world,11.74,1.1640000000000001,3.8074999141693118,0.9896811540659367,-0.5460392157379796,0.7070728984753333,0.7070728984070757,0.006922159341531413,-0.006922159342199648,9.653565652668829e-12,0.09998088051689151,0.0019553851454550274,-0.013760297031626782,-1.5522904191627993e-10,7.927096017035731e-09,0.1,0.0,0
10,1175,world,11.75,1.165,3.807499914169312,0.9906809642273819,-0.5460197313991024,0.7070733715402097,0.7070733715636099,0.006873662940275054,-0.006873662940047573,-3.3094627123443938e-12,0.09998115139482512,0.001941485453218977,-0.013717509364401373,-1.631497893293719e-10,8.390560921859536e-09,0.1,0.0,0
10,1176,world,11.76,1.1660000000000001,3.8074999141693113,0.991680777086303,-0.5460003859725219,0.70707384131135,0.7070738413617697,0.0068251664862290845,-0.006825166485742397,-7.130762506512089e-12,0.0999814200134464,0.0019276026807467752,-0.013717514801843758,-3.007143155036705e-12,1.557588617010169e-10,0.1,0.0,0
10,1177,world,11.77,1.167,3.8074999141693113,0.9926805926201411,-0.5459811792890485,0.707074307782329,0.7070743078079325,0.006776669981514731,-0.006776669981269347,-3.621028763434643e-12,0.09998168637980744,0.0019137368287801958,-0.013717519723043366,6.061913143255734e-11,-3.1621824236220783e-09,0.1,0.0,0
10,1178,world,11.78,1.1680000000000001,3.8074999141693113,0.9936804108064125,-0.5459621111794917,0.7070747709247525,0.707074770930446,0.006728173428460495,-0.00672817342840632,-8.052073154050226e-13,0.09998195050110525,0.0018998878899922128,-0.013717524127998749,-3.3393947434321835e-11,1.7545481019400443e-09,0.1,0.0,0
10,1179,world,11.790000000000001,1.1690000000000003,3.8074999141693118,0.9946802316227008,-0.5459431814746978,0.7070752307087326,0.7070752307591525,0.006679676829401236,-0.006679676828924925,-7.1307619918983355e-12,0.09998221238411878,0.001886055878537837,-0.01371752801671041,-1.516339142341592e-11,8.024910364818113e-10,0.1,0.0,0
10,1180,world,11.8,1.1700000000000002,3.807499914169311,0.9956800550466597,-0.545924390005588,0.7070756872056162,0.7070756872226602,0.0066311801857142205,-0.006631180185554377,-2.4104946754626117e-12,0.09998247203615734,0.0018722407801932692,-0.01371753138917612,2.541239796015102e-11,-1.3547413843612436e-09,0.1,0.0,0
10,1181,world,11.81,1.1710000000000003,3.8074999141693113,0.9966798810560131,-0.5459057366028185,0.7070761403525352,0.7070761403837936,0.006582683500045791,-0.006582683499754783,-4.4208004087821016e-12,0.09998272946409797,0.0018584426030938573,-0.013717534245394961,8.881862287412773e-11,-4.769801277632732e-09,0.1,0.0,0
10,1182,world,11.82,1.1720000000000002,3.8074999141693118,0.9976797096285538,-0.545887221097196,0.70707659022121,0.7070765901707902,0.00653418677378135,-0.006534186774247288,7.130761549950714e-12,0.09998298467504735,0.001844661342699362,-0.013717536585367347,1.188485945333025e-10,-6.4298608977038565e-09,0.1,0.0,0
10,1183,world,11.83,1.173,3.8074999141693113,0.9986795407421467,-0.5458688433195262,0.7070770367274671,0.7070770366677819,0.006485690009755903,-0.006485690010303369,8.441142845321782e-12,0.0999832376758823,0.0018308970063973112,-0.013717538409092518,-6.540185080699917e-11,3.5647737599910603e-09,0.1,0.0,0
10,1184,world,11.84,1.1740000000000002,3.8074999141693113,0.999679374374728,-0.5458506031006152,0.7070774798730173,0.7070774798730173,0.0064371932099994925,-0.0064371932099994925,0.0,0.09998348847372072,0.0018171495880521275,-0.013717539716569312,9.331329141447997e-11,-5.124453863984905e-09,0.1,0.0,0
10,1185,world,11.85,1.175,3.8074999141693113,1.0006792105042994,-0.5458325002712677,0.7070779197882414,0.7070779196560762,0.006388696375380103,-0.006388696376574262,1.869175314050474e-11,0.09998373707557148,0.0018034190868998564,-0.013717540507798297,-1.2695409000021148e-10,7.02483900078006e-09,0.1,0.0,0
10,1186,world,11.86,1.1760000000000002,3.807499914169311,1.0016790491089387,-0.5458145346623081,0.7070783561953505,0.7070783562947089,0.006340199510461416,-0.006340199509570493,-1.4051964358618864e-11,0.099983983488305,0.0017897055093939037,-0.01371754078277837,-2.2157588333669984e-10,1.235441027514493e-08,0.1,0.0,0
10,1187,world,11.870000000000001,1.1770000000000003,3.8074999141693113,1.0026788901667905,-0.5457967061046891,0.7070787894203249,0.7070787894628985,0.00629170261435852,-0.006291702613979694,-6.0210554062124576e-12,0.09998422771901774,0.0017760088489657975,-0.013717540541509872,1.50843053798982e-10,-8.475410088799604e-09,0.1,0.0,0
10,1188,world,11.88,1.1780000000000002,3.8074999141693113,1.00367873365607,-0.5457790144290461,0.7070792193221441,0.707079219301628,0.006243205690399358,-0.006243205690580507,2.9015467334264114e-12,0.09998446977463231,0.0017623291082088978,-0.01371753978399385,1.997187144155638e-12,-1.1308642249855923e-10,0.1,0.0,0
10,1189,world,11.89,1.1790000000000003,3.807499914169311,1.004678579555056,-0.5457614594661829,0.7070796458353484,0.7070796458763227,0.006194708741211183,-0.006194708740852209,-5.794845669588811e-12,0.09998470966206663,0.0017486662895598191,-0.013717538510228975,-1.2401650925677943e-10,7.077227379545934e-09,0.1,0.0,0
10,1190,world,11.9,1.1800000000000002,3.8074999141693113,1.0056784278421051,-0.5457440410469035,0.7070800690336517,0.7070800691132343,0.0061462117681936,-0.006146211767501837,-1.1255111494727899e-11,0.09998494738834197,0.0017350203890696921,-0.013717536720216248,1.471400263193908e-10,-8.463093005915618e-09,0.1,0.0,0
10,1191,world,11.91,1.181,3.8074999141693113,1.0066782784956405,-0.5457267590020107,0.7070804890040544,0.7070804889253288,0.006097714772651823,-0.006097714773330736,1.113387999871358e-11,0.09998518296042794,0.0017213914051584013,-0.013717534413956135,1.3275960233929597e-10,-7.696714535527302e-09,0.1,0.0,0
10,1192,world,11.92,1.1820000000000002,3.8074999141693104,1.0076781314941552,-0.5457096131623076,0.7070809055442041,0.7070809055149266,0.006049217758390434,-0.006049217758640908,4.140609030115661e-12,0.09998541638513907,0.0017077793447537193,-0.01371753159144895,-2.1703845386255462e-10,1.2683674542313329e-08,0.1,0.0,0
10,1193,world,11.93,1.183,3.807499914169311,1.0086779868162075,-0.5456926033585988,0.7070813187177145,0.7070813188183829,0.006000720726901378,-0.0060007207260470465,-1.4237157105951713e-11,0.09998564766947526,0.0016941842035495373,-0.013717528252695255,-8.705276110621885e-11,5.12845372975721e-09,0.1,0.0,0
10,1194,world,11.94,1.1840000000000002,3.807499914169311,1.009677844440433,-0.5456757294218696,0.7070817286584977,0.7070817287017555,0.005952223679102261,-0.005952223678738116,-6.117799373521178e-12,0.09998587682039647,0.0016806059789565748,-0.01371752439769569,9.378687092489579e-11,-5.570222252320495e-09,0.1,0.0,0
10,1195,world,11.950000000000001,1.1850000000000003,3.8074999141693113,1.0106777043455297,-0.5456589911827388,0.7070821352548418,0.707082135276727,0.005903726617998277,-0.005903726617815548,-3.09514579649368e-12,0.0999861038446968,0.0016670446777180517,-0.013717520026452053,1.1967206776991717e-10,-7.1659823082526755e-09,0.1,0.0,0
10,1196,world,11.96,1.1860000000000002,3.8074999141693118,1.0116775665102624,-0.5456423884720091,0.7070825385540558,0.7070825384959606,0.005855229545247157,-0.005855229545728234,8.216191994317882e-12,0.09998632874938601,0.0016535002932285413,-0.013717515138964543,-7.720126645525007e-12,4.66120013109551e-10,0.1,0.0,0
10,1197,world,11.97,1.1870000000000003,3.8074999141693113,1.0126774309134743,-0.5456259211204835,0.7070829384435454,0.7070829384720233,0.0058067324638327615,-0.005806732463598894,-4.027538770926574e-12,0.0999865515412558,0.0016399728314212701,-0.013717509735233733,-9.15627819493806e-11,5.574384225292242e-09,0.1,0.0,0
10,1198,world,11.98,1.1880000000000002,3.8074999141693118,1.0136772975340693,-0.5456095889589652,0.7070833350537267,0.7070833350744732,0.005758235374729107,-0.005758235374560154,-2.9341082991398983e-12,0.09998677222725248,0.0016264622883834766,-0.013690437117934018,5.070423263772162e-12,-3.1128125212739384e-10,0.1,0.0,0
10,1199,world,11.99,1.189,3.807499914169311,1.0146771663510226,-0.5455933918182949,0.7070837267864413,0.7070837268105166,0.0057099296646370016,-0.005709929664442588,-3.4048434125410046e-12,0.09998699081405599,0.0016129686760394933,-0.013454531585518287,8.11145424111446e-11,-5.021403696464898e-09,0.1,0.0,0
10,1200,world,12.0,1.1900000000000002,3.8074999141693104,1.0156770373433115,-0.5455773295250702,0.7070841034328643,0.7070841033825905,0.00566310057195914,-0.005663100572361787,7.11001067332333e-12,0.09998720729136408,0.0015994930677534617,-0.013245698564397827,1.8597710231808286e-11,-1.1609808817506743e-09,0.1,0.0,0
10,1201,world,12.01,1.191,3.807499914169311,1.0166769104898015,-0.5455614018945417,0.7070844769118808,0.7070844769195358,0.005616271435704491,-0.005616271435643687,-1.0826296015523964e-12,0.09998742165535479,0.0015860361642447305,-0.0132457037818483,4.295262075252335e-12,-2.703643442254779e-10,0.1,0.0,0
10,1202,world,12.02,1.1920000000000002,3.80749991416931,1.0176767857693985,-0.5455456087395374,0.7070848473494524,0.7070848472953547,0.00556944225671618,-0.005569442257142289,7.650830394919825e-12,0.09998763391361354,0.001572597964262986,-0.013245708534513104,1.2345593333756887e-12,-7.836752577856692e-11,0.1,0.0,0
10,1203,world,12.030000000000001,1.1930000000000003,3.8074999141693118,1.0186766631610802,-0.5455299498729422,0.7070852146245218,0.7070852146310684,0.005522613037800072,-0.0055226130377489385,-9.258838015981978e-13,0.09998784407363445,0.0015591784716846092,-0.013245712822391304,-7.243836628122548e-11,4.637017944512748e-09,0.1,0.0,0
10,1204,world,12.040000000000001,1.1940000000000002,3.807499914169311,1.0196765426439027,-0.5455144251077099,0.7070855788261226,0.7070855788376081,0.005475783780102982,-0.005475783780014035,-1.6243722646030178e-12,0.0999880521430309,0.0015457776821184337,-0.013245716645482273,5.85881171680921e-11,-3.7824972370585096e-09,0.1,0.0,0
10,1205,world,12.05,1.1950000000000003,3.807499914169311,1.0206764241969963,-0.5454990342567927,0.7070859399580727,0.7070859399111219,0.0054289544854495865,-0.005428954485810071,6.640023299455175e-12,0.09998825812930626,0.0015323955974950324,-0.013245720003785653,-3.2050273986911436e-11,2.0870444454854625e-09,0.1,0.0,0
10,1206,world,12.06,1.1960000000000002,3.807499914169311,1.0216763077995705,-0.5454837771333814,0.7070862979154726,0.7070862979564762,0.0053821251564931515,-0.005382125156181045,-5.798947771704003e-12,0.09998846203999415,0.001519032217120792,-0.013245722897299745,-1.2580522597989548e-10,8.263469793051868e-09,0.1,0.0,0
10,1207,world,12.07,1.197,3.807499914169311,1.0226761934309048,-0.5454686535502126,0.7070866528010191,0.7070866528709416,0.0053352957942927265,-0.0053352957937651295,-9.888814401365194e-12,0.09998866388253241,0.0015056875459272137,-0.013245725326024221,7.579362507018462e-11,-5.022170912016747e-09,0.1,0.0,0
10,1208,world,12.08,1.1980000000000002,3.807499914169311,1.023676081070356,-0.5454536633202045,0.7070870046496129,0.7070870046195862,0.005288466400441641,-0.005288466400666219,4.2465555420544515e-12,0.0999888636645721,0.0014923615740213055,-0.013245727289959243,8.43948177700979e-11,-5.641630113746568e-09,0.1,0.0,0
10,1209,world,12.09,1.199,3.8074999141693113,1.0246759706973516,-0.5454388062563033,0.7070873533367512,0.7070873533268823,0.005241636977724174,-0.005241636977797332,1.3956928513722927e-12,0.09998906139343464,0.0014790543127147456,-0.013245728789103598,2.0157009800836817e-11,-1.359496949942759e-09,0.1,0.0,0
10,1210,world,12.1,1.2000000000000002,3.8074999141693113,1.0256758622914037,-0.545424082171466,0.7070876989522442,0.7070876989029896,0.0051948075273170816,-0.005194807527678944,6.965853382766136e-12,0.09998925707670349,0.0014657657551269765,-0.013245729823457501,-3.98613435092938e-11,2.712693756219219e-09,0.1,0.0,0
10,1211,world,12.11,1.201,3.8074999141693104,1.0266757558320945,-0.545409490878876,0.7070880414077372,0.7070880414362347,0.005147978051718104,-0.005147978051510625,-4.030294610400946e-12,0.09998945072184345,0.0014524959015569845,-0.013245730393020742,-6.920158910602299e-12,4.752164953530946e-10,0.1,0.0,0
10,1212,world,12.120000000000001,1.2020000000000002,3.807499914169311,1.0276756512990757,-0.5453950321912199,0.7070883808361766,0.7070883807936431,0.00510114855180501,-0.005101148552111859,6.015288279567714e-12,0.09998964233626673,0.0014392447552305956,-0.013245730497792624,1.0068465188270726e-11,-6.977644258631704e-10,0.1,0.0,0
10,1213,world,12.13,1.2030000000000003,3.8074999141693113,1.0286755486720778,-0.545380705921438,0.7070887170970606,0.7070887171156894,0.005054319030445454,-0.005054319030312294,-2.634575871568481e-12,0.09998983192743882,0.0014260123150019758,-0.013245730137773658,-4.2995511790592805e-11,3.0073435640891204e-09,0.1,0.0,0
10,1214,world,12.14,1.2040000000000002,3.807499914169311,1.029675447930903,-0.5453665118824687,0.7070890502963685,0.7070890502963685,0.005007489488724347,-0.005007489488724347,0.0,0.09999001950277168,0.0014127985827215243,-0.013245729312963545,6.474282934268883e-11,-4.570822060977342e-09,0.1,0.0,0
10,1215,world,12.15,1.205,3.8074999141693113,1.0306753490554361,-0.5453524498873042,0.7070893804078864,0.7070893803618692,0.004960659928682073,-0.004960659929004912,6.507972171634367e-12,0.09999020506973055,0.0013996035557376104,-0.013245728023362914,-3.7469897086406104e-11,2.6703389350696044e-09,0.1,0.0,0
10,1216,world,12.16,1.2060000000000002,3.807499914169311,1.0316752520256294,-0.5453385197490365,0.7070897073530071,0.7070897073907743,0.004913830352716184,-0.004913830352453726,-5.3411887430180026e-12,0.09999038863569241,0.0013864272368916365,-0.013245726268971598,-7.656527344264243e-11,5.508523820849091e-09,0.1,0.0,0
10,1217,world,12.17,1.207,3.807499914169311,1.032675156821508,-0.5453247212803896,0.7070900312414503,0.707090031273341,0.0048670007619071665,-0.004867000761687658,-4.510136989385179e-12,0.09999057020814875,0.0013732696200227691,-0.013245724049790231,1.0225661493315808e-10,-7.427697032029929e-09,0.1,0.0,0
10,1218,world,12.18,1.2080000000000002,3.8074999141693113,1.0336750634231704,-0.5453110542942975,0.7070903520750231,0.7070903520077393,0.004820171158100163,-0.004820171158558831,9.515585282529678e-12,0.09999074979440664,0.0013601307115013702,-0.0132457213658195,-1.772219529092284e-11,1.2998059555553444e-09,0.1,0.0,0
10,1219,world,12.19,1.209,3.8074999141693113,1.0346749718107977,-0.5452975186036931,0.7070906696986998,0.7070906697489739,0.004773341544199584,-0.0047733415438601995,-7.110011316016488e-12,0.09999092740184179,0.001347010512062921,-0.013245718217059312,-1.266061911791688e-11,9.37685113641918e-10,0.1,0.0,0
10,1220,world,12.200000000000001,1.2100000000000002,3.8074999141693113,1.0356748819646362,-0.5452841140216036,0.7070909843317631,0.707090984277741,0.00472651192056668,-0.004726511920927788,7.640063496726283e-12,0.09999110303789138,0.0013339090170590765,-0.013245714603510718,-2.0816291459807204e-11,1.5569990454937318e-09,0.1,0.0,0
10,1221,world,12.21,1.2110000000000003,3.8074999141693113,1.0366747938650103,-0.5452708403610329,0.7070912957479695,0.7070912958202644,0.0046796822905694245,-0.004679682290090961,-1.0224282671519026e-11,0.09999127670983986,0.001320826232416947,-0.01324571052517466,-9.761484184256553e-11,7.374388364850128e-09,0.1,0.0,0
10,1222,world,12.22,1.2120000000000002,3.8074999141693113,1.0376747074923138,-0.5452576974347424,0.7070916041367851,0.7070916041870594,0.004632852654792137,-0.00463285265446274,-7.110011349449669e-12,0.09999144842512087,0.0013077621520737172,-0.013245705982051666,-2.6178842156777413e-11,1.9976982867821167e-09,0.1,0.0,0
10,1223,world,12.23,1.2130000000000003,3.8074999141693113,1.0386746228270165,-0.5452446850556614,0.7070919093878846,0.7070919094884331,0.004586023015813674,-0.004586023015161541,-1.4220022728912475e-11,0.09999161819101893,0.0012947167804180254,-0.013245700974142866,5.530402540994304e-11,-4.2633230753064e-09,0.1,0.0,0
10,1224,world,12.24,1.2140000000000002,3.8074999141693113,1.039674539849661,-0.5452318030367185,0.7070922116178292,0.7070922116078073,0.0045391933747272115,-0.004539193374791546,1.4173249359412198e-12,0.09999178601494493,0.0012816901113233987,-0.013143542285568955,1.0230813621595873e-10,-7.967553072897568e-09,0.1,0.0,0
10,1225,world,12.25,1.215,3.807499914169311,1.040674458540866,-0.5452190511910989,0.7070925061024977,0.7070925060903611,0.004493086051989408,-0.004493086052066528,1.7164013337702489e-12,0.09999195190469845,0.0012686821069413609,-0.012908396455552806,-8.846790512250627e-11,6.960237936151636e-09,0.1,0.0,0
10,1226,world,12.26,1.2160000000000002,3.807499914169311,1.0416743788813496,-0.5452064293337456,0.7070927916146629,0.7070927917030797,0.004447919071492088,-0.004447919070935908,-1.2504270987632828e-11,0.09999211587217459,0.0012556924008739105,-0.012775409069575161,-1.8925789806301687e-11,1.5042823127540936e-09,0.1,0.0,0
10,1227,world,12.27,1.217,3.807499914169311,1.0426743008519317,-0.5451939372824064,0.7070930743317153,0.7070930743408537,0.004402752055481943,-0.004402752055425043,-1.292372232134324e-12,0.09999227792559197,0.0012427209063879698,-0.01277541361229821,6.848879121369014e-11,-5.499520281294133e-09,0.1,0.0,0
10,1228,world,12.280000000000001,1.2180000000000002,3.8074999141693104,1.043674224433504,-0.5451815748548715,0.7070933541233366,0.707093354133974,0.004357585006437825,-0.0043575850063722705,-1.5043816540679971e-12,0.09999243807194617,0.0012297676317138658,-0.012775417738005106,-4.9244809752936435e-11,3.995262092038003e-09,0.1,0.0,0
10,1229,world,12.290000000000001,1.2190000000000003,3.8074999141693113,1.0446741496070369,-0.5451693418690449,0.7070936310031495,0.7070936310687926,0.0043124179259274725,-0.00431241792552713,-9.283496953124903e-12,0.09999259631832945,0.0012168325766560425,-0.012775421446695343,1.3728601626224845e-12,-1.1254700035961177e-10,0.1,0.0,0
10,1230,world,12.3,1.2200000000000002,3.8074999141693113,1.045674076353562,-0.5451572381426345,0.7070939050536958,0.7070939050627415,0.004267250815106182,-0.004267250815051593,-1.2792663524672693e-12,0.09999275267188533,0.001203915735909691,-0.012775424738368547,4.194158053112662e-11,-3.4748045759178275e-09,0.1,0.0,0
10,1231,world,12.31,1.2210000000000003,3.807499914169311,1.0466740046541896,-0.5451452634936218,0.7070941761871365,0.7070941762036359,0.004222083676167684,-0.004222083676069165,-2.333418302570362e-12,0.09999290713964964,0.0011910171121372148,-0.012775427613023253,9.262547351556685e-11,-7.755952082180231e-09,0.1,0.0,0
10,1232,world,12.32,1.2220000000000002,3.8074999141693113,1.047673934490093,-0.5451334177396334,0.7070944444977846,0.7070944443971385,0.004176916510207305,-0.004176916510801838,1.423376150964015e-11,0.09999305972866361,0.0011781367068012657,-0.012775430070659309,2.9240976039565285e-11,-2.4749564708691804e-09,0.1,0.0,0
10,1233,world,12.33,1.223,3.8074999141693113,1.0486738658425248,-0.5451217006987275,0.707094709823685,0.7070947098051814,0.0041317493198419,-0.004131749319950021,2.616840389525546e-12,0.09999321044596893,0.001165274520520373,-0.012775432111276361,-7.83247167173217e-11,6.701894488726508e-09,0.1,0.0,0
10,1234,world,12.34,1.2240000000000002,3.8074999141693113,1.0496737986927973,-0.5451101121884502,0.7070949722992212,0.707094972293359,0.004086582105934291,-0.004086582105968171,8.290492689481505e-13,0.09999335929860756,0.0011524305530375464,-0.012775433734873685,-4.811051743700242e-11,4.162114461883464e-09,0.1,0.0,0
10,1235,world,12.35,1.225,3.807499914169311,1.050673733022304,-0.5450986520269357,0.7070952318728413,0.7070952319132018,0.004041414870444395,-0.004041414870213714,-5.707945458945318e-12,0.09999350629364011,0.0011396048015688436,-0.012775434941451627,7.316048828337802e-11,-6.399955318640722e-09,0.1,0.0,0
10,1236,world,12.36,1.2260000000000002,3.807499914169311,1.0516736688125006,-0.5450873200316507,0.7070954886528049,0.7070954885564292,0.003996247614415722,-0.0039962476149604026,1.3629803941506773e-11,0.09999365143805175,0.0011267972689943068,-0.012775435731009477,7.247878532354367e-11,-6.411996894904998e-09,0.1,0.0,0
10,1237,world,12.370000000000001,1.2270000000000003,3.807499914169311,1.0526736060449193,-0.5450761160208054,0.7070957424562283,0.7070957424059051,0.003951080340546328,-0.003951080340827522,7.116880706237407e-12,0.09999379473886444,0.0011140079541220277,-0.012775436103546842,-3.850851939474324e-11,3.4456735871067834e-09,0.1,0.0,0
10,1238,world,12.38,1.2280000000000002,3.807499914169311,1.053673544701156,-0.5450650398117871,0.7070959933961831,0.7070959933485389,0.0039059130498527227,-0.0039059130501159028,6.73800141623889e-12,0.09999393620305722,0.0011012368586842964,-0.012775436059064109,-6.043863342917483e-11,5.470502729338016e-09,0.1,0.0,0
10,1239,world,12.39,1.2290000000000003,3.8074999141693113,1.0546734847628823,-0.5450540912228823,0.7070962414149682,0.7070962414420131,0.003860745744312699,-0.003860745744165034,-3.824785266364237e-12,0.09999407583763001,0.001088483981646239,-0.012775435597561002,-7.144645138018977e-11,6.542513577825678e-09,0.1,0.0,0
10,1240,world,12.4,1.2300000000000002,3.8074999141693113,1.0556734262118324,-0.5450432700713992,0.7070964865770044,0.7070964866218895,0.003815578425230377,-0.0038155784249881714,-6.347814525034735e-12,0.0999942136495312,0.00107574932577736,-0.012775434719037644,-1.7763958755107996e-11,1.6459600589959175e-09,0.1,0.0,0
10,1241,world,12.41,1.231,3.8074999141693113,1.0566733690298191,-0.5450325761757003,0.7070967288600598,0.7070967289103831,0.003770411094388357,-0.0037704110941200212,-7.116880674390885e-12,0.09999434964581988,0.0010630328826160332,-0.012775433423494333,3.3467239487493735e-11,-3.1381073721550935e-09,0.1,0.0,0
10,1242,world,12.42,1.2320000000000002,3.8074999141693113,1.0576733131987164,-0.5450220093530279,0.7070969682855542,0.707096968286058,0.003725243753333597,-0.0037252437533309432,-7.124460484760515e-14,0.09999448383339893,0.0010503346572024441,-0.012775431710931241,5.333541782468347e-11,-5.061724082391905e-09,0.1,0.0,0
10,1243,world,12.43,1.233,3.8074999141693118,1.0586732587004795,-0.545011569421783,0.7070972048118249,0.7070972047905617,0.0036800764039468725,-0.0036800764040575366,3.0071231940750406e-12,0.09999461621914868,0.001037654656024316,-0.01277542958134903,-1.1074539752891162e-10,1.0639135786796682e-08,0.1,0.0,0
10,1244,world,12.44,1.2340000000000002,3.8074999141693118,1.0596732055171165,-0.5450012561992064,0.7070974383558909,0.7070974385068608,0.0036349090483106788,-0.0036349090475346025,-2.1350642025480748e-11,0.09999474681007509,0.0010249928726478164,-0.012775427034747298,7.325303578106478e-13,-7.124362053126717e-11,0.1,0.0,0
10,1245,world,12.450000000000001,1.2350000000000003,3.8074999141693113,1.0606731536307215,-0.5449910695036447,0.7070976691874822,0.7070976691652114,0.0035897416866957307,-0.0035897416868087935,3.1496094568903006e-12,0.09999487561313862,0.001012349303816204,-0.012775424071127412,1.6741382631322915e-10,-1.648795348091775e-08,0.1,0.0,0
10,1246,world,12.46,1.2360000000000002,3.8074999141693113,1.0616731030234432,-0.5449810091524181,0.7070978970772067,0.7070978969949928,0.0035445743219436774,-0.003544574322355803,1.1626940455103521e-11,0.09999500263521824,0.0009997239532491687,-0.012775420690489864,5.556176193980794e-11,-5.541804566105066e-09,0.1,0.0,0
10,1247,world,12.47,1.2370000000000003,3.807499914169311,1.0626730536775135,-0.5449710749637928,0.707098122060952,0.7070981219603053,0.003499406955524681,-0.003499406956022778,1.4233761423957946e-11,0.09999512788317876,0.0009871168252690472,-0.012775416892834235,-9.645444191833173e-11,9.744661647270856e-09,0.1,0.0,0
10,1248,world,12.48,1.2380000000000002,3.8074999141693118,1.0636730055752184,-0.5449612667551673,0.707098344072127,0.7070983441277285,0.003454239589418726,-0.003454239589147108,-7.863327252938217e-12,0.09999525136395167,0.0009745279165434841,-0.012775412678162613,-9.590492488774489e-11,9.815858288814724e-09,0.1,0.0,0
10,1249,world,12.49,1.239,3.807499914169311,1.0646729586989248,-0.5449515843447285,0.7070985632849041,0.7070985633230795,0.003409072224427982,-0.0034090722242439303,-5.398882646862368e-12,0.09999537308443623,0.0009619572258724029,-0.012775408046475279,7.222113551858055e-11,-7.489759728160336e-09,0.1,0.0,0
10,1250,world,12.5,1.2400000000000002,3.8074999141693104,1.065672913031061,-0.5449420275499524,0.7070987796479775,0.7070987795976541,0.003363904862471802,-0.0033639048627112068,7.1168807982110655e-12,0.09999549305153425,0.0009494047506546136,-0.012593837450872825,8.610469131310802e-11,-9.047758044856512e-09,0.1,0.0,0
10,1251,world,12.51,1.241,3.807499914169311,1.0666728685541327,-0.5449325961890049,0.7070989870744377,0.7070989869846542,0.003320021353645863,-0.00332002135406742,1.2697418856120603e-11,0.09999561127253764,0.000936870445442889,-0.012360733819174505,-3.827185973724023e-11,4.0752686009476865e-09,0.1,0.0,0
10,1252,world,12.52,1.2420000000000002,3.807499914169311,1.0676728252507177,-0.5449232900809357,0.7070991900206838,0.7070991900279953,0.0032765022391450325,-0.0032765022391111538,-1.0339888638102071e-12,0.0999957277554046,0.0009243541891527338,-0.01230920042135946,-1.4494282546924877e-10,1.5639660823278286e-08,0.1,0.0,0
10,1253,world,12.530000000000001,1.2430000000000003,3.8074999141693113,1.0686727831034686,-0.5449141090451706,0.7070993902750714,0.7070993904064732,0.0032329830977340674,-0.003232983097133275,-1.8583215031435416e-11,0.09999584250693967,0.000911855979483268,-0.012309204351612294,-4.872903308454616e-11,5.328760781025884e-09,0.1,0.0,0
10,1254,world,12.540000000000001,1.2440000000000002,3.807499914169311,1.0696727420951084,-0.5449050529012556,0.7070995879374977,0.7070995880201716,0.003189463930443444,-0.0031894639300705328,-1.1691961324262143e-11,0.09999595553394575,0.0008993758130765201,-0.012309207908857488,9.848259385659158e-11,-1.0916503642228086e-08,0.1,0.0,0
10,1255,world,12.55,1.2450000000000003,3.8074999141693113,1.0706727022084224,-0.5448961214687355,0.7070997829500103,0.7070997829270248,0.0031459447390304947,-0.003145944739132759,3.2506767257238127e-12,0.09999606684317996,0.0008869136904377932,-0.012309211093094415,2.0324323872477112e-11,-2.284056223244153e-09,0.1,0.0,0
10,1256,world,12.56,1.2460000000000002,3.8074999141693104,1.071672663426268,-0.5448873145671537,0.7070999751946268,0.7070999752449982,0.003102425525501723,-0.003102425525280716,-7.123690671642208e-12,0.09999617644133306,0.0008744696185629578,-0.012309213904322146,-1.0259579670087887e-10,1.169152258277939e-08,0.1,0.0,0
10,1257,world,12.57,1.247,3.8074999141693104,1.0726726257315706,-0.5448786320162626,0.7071001647515297,0.707100164893892,0.003058906290977296,-0.0030589062903614386,-2.0133259253991084e-11,0.09999628433522526,0.000862043588681108,-0.012309216342540216,-1.248107523264993e-11,1.4425409188198255e-09,0.1,0.0,0
10,1258,world,12.58,1.2480000000000002,3.80749991416931,1.0736725891073169,-0.544870073635399,0.7071003517118184,0.7071003517825911,0.0030153870365505838,-0.0030153870362487774,-1.0008868922808054e-11,0.09999639053155168,0.0008496356050692807,-0.012309218407748302,8.585554164307001e-11,-1.006627774910784e-08,0.1,0.0,0
10,1259,world,12.59,1.249,3.807499914169311,1.074672553536567,-0.5448616392440989,0.7071005359932865,0.7071005359932864,0.002971867764065795,-0.002971867764065795,0.0,0.09999649503704248,0.0008372456668978911,-0.012309220099946215,3.327034836594995e-11,-3.957961102722788e-09,0.1,0.0,0
10,1260,world,12.6,1.2500000000000002,3.807499914169311,1.0756725190024452,-0.544853328661903,0.7071007175535498,0.707100717568347,0.0029283484751819557,-0.002928348475120675,-2.0926684891107046e-12,0.0999965978583991,0.0008248737755659652,-0.012309221419133261,3.293112318936607e-11,-3.975824087249516e-09,0.1,0.0,0
10,1261,world,12.61,1.2510000000000001,3.8074999141693104,1.0766724854881415,-0.5448451417083509,0.7071008964782978,0.7071008964220695,0.0028848291710251855,-0.002884829171254586,7.951957245730245e-12,0.09999669900231917,0.000812519931805845,-0.012309222365309564,9.038789704828713e-11,-1.1077309768875106e-08,0.1,0.0,0
10,1262,world,12.620000000000001,1.2520000000000002,3.80749991416931,1.0776724529769186,-0.5448370782030552,0.7071010727319174,0.7071010725900538,0.0028413098532300922,-0.002841309853800135,2.0062665005477154e-11,0.09999679847553639,0.0008001841306635199,-0.012309222938474588,1.1630149997446324e-11,-1.4471431932373196e-09,0.1,0.0,0
10,1263,world,12.63,1.2530000000000003,3.8074999141693104,1.078672421452102,-0.5448291379656192,0.7071012462316948,0.7071012461550004,0.0027977905236089107,-0.0027977905239123676,1.0846304258857564e-11,0.09999689628470164,0.0007878663761237614,-0.012309223138628261,-1.2402143145889347e-10,1.567206715026508e-08,0.1,0.0,0
10,1264,world,12.64,1.2540000000000002,3.8074999141693104,1.0796723908970856,-0.5448213208154418,0.7071014170073747,0.7071014170871529,0.0027542711835154767,-0.0027542711832047274,-1.1282439157403893e-11,0.09999699243644072,0.0007755666743847702,-0.012309222965771005,-8.646850618486409e-11,1.1099322159367336e-08,0.1,0.0,0
10,1265,world,12.65,1.2550000000000001,3.8074999141693104,1.0806723612953284,-0.5448136265720601,0.7071015851825899,0.7071015852628671,0.0027107518339510007,-0.002710751833643248,-1.1353037354002033e-11,0.09999708693750711,0.0007632850140320536,-0.012309222419902616,7.912455433076113e-11,-1.0319694370406352e-08,0.1,0.0,0
10,1266,world,12.66,1.2560000000000002,3.8074999141693104,1.0816723326303574,-0.5448060550550108,0.70710175075282,0.7071017506866525,0.002667232476430535,-0.002667232476680123,9.357564673556422e-12,0.09999717979453591,0.0007510213973383711,-0.012309221501022748,4.282366572867011e-11,-5.676337755345701e-09,0.1,0.0,0
10,1267,world,12.67,1.2570000000000001,3.8074999141693104,1.0826723048857614,-0.5447986060838302,0.707101913538282,0.707101913538282,0.002623713113118372,-0.002623713113118372,0.0,0.099997271014134,0.0007387758292192738,-0.01230922020913216,-3.138567972475908e-11,4.22922319648059e-09,0.1,0.0,0
10,1268,world,12.68,1.2580000000000002,3.8074999141693104,1.0836722780452026,-0.5447912794782039,0.7071020736815391,0.7071020736751831,0.002580193744958269,-0.0025801937449814612,8.988720186250331e-13,0.0999973606029318,0.0007265483103167216,-0.012309218544230862,3.851322482467782e-11,-5.277201186678867e-09,0.1,0.0,0
10,1269,world,12.69,1.2590000000000001,3.80749991416931,1.0846722520924057,-0.5447840750575782,0.7071022311772853,0.7071022311026529,0.0025366743734595958,-0.002536674373727334,1.055468817917197e-11,0.09999744856760165,0.0007143388340723169,-0.012309216506319057,-4.1076300450949445e-11,5.724965075443122e-09,0.1,0.0,0
10,1270,world,12.700000000000001,1.2600000000000002,3.80749991416931,1.0856722270111627,-0.5447769926414271,0.7071023858857978,0.7071023859604065,0.002493155000604316,-0.002493155000341254,-1.0551370810865513e-11,0.0999975349147101,0.0007021474071278858,-0.012309214095397404,-1.2097072506227947e-11,1.7154449243705372e-09,0.1,0.0,0
10,1271,world,12.71,1.2610000000000003,3.8074999141693104,1.0866722027853315,-0.5447700320492855,0.7071025380529422,0.7071025380025703,0.0024496356270042163,-0.0024496356271787208,7.123690699302187e-12,0.09999761965088869,0.0006899740257452363,-0.01230921131146607,7.830801998855649e-12,-1.1301806929297251e-09,0.1,0.0,0
10,1272,world,12.72,1.2620000000000002,3.80749991416931,1.0876721793988324,-0.544763193100688,0.7071026874246157,0.707102687483241,0.0024061162550329048,-0.002406116254833416,-8.290902578282327e-12,0.0999977027827097,0.0006778186932012798,-0.012309208154525476,-7.238959883849836e-11,1.0636704245522189e-08,0.1,0.0,0
10,1273,world,12.73,1.2630000000000001,3.80749991416931,1.088672156835657,-0.5447564756151853,0.7071028341515868,0.7071028342516432,0.002362596885648638,-0.002362596885314326,-1.4150200196075298e-11,0.09999778431679618,0.0006656814039110023,-0.012309204624576651,8.449209235559557e-12,-1.2643703234674967e-09,0.1,0.0,0
10,1274,world,12.74,1.2640000000000002,3.8074999141693104,1.0896721350798613,-0.5447498794124879,0.7071029782504419,0.7071029782911861,0.002319077520286868,-0.00231907752015324,-5.762122259719479e-12,0.09999786425969795,0.0006535621615614712,-0.012309200721619847,6.729753490233584e-11,-1.0259625593841513e-08,0.1,0.0,0
10,1275,world,12.75,1.2650000000000001,3.80749991416931,1.0906721141155695,-0.5447434043119364,0.7071031196840422,0.7071031196390032,0.0022755581605600566,-0.002275558160704999,6.369536606994726e-12,0.0999979426179824,0.000641460965844366,-0.01227507351681533,3.010172414035134e-11,-4.676581458887648e-09,0.1,0.0,0
10,1276,world,12.76,1.2660000000000002,3.807499914169311,1.0916720939269628,-0.5447370501330667,0.7071032576247577,0.707103257599364,0.002232280092503979,-0.0022322800925841458,3.591234146732526e-12,0.09999801939821032,0.0006293778159055183,-0.012044375863748234,-2.5734926404945676e-11,4.0746221330179154e-09,0.1,0.0,0
10,1277,world,12.77,1.2670000000000001,3.807499914169311,1.092672074498298,-0.5447308166956867,0.7071033886031409,0.7071033886157266,0.002190391986876192,-0.0021903919868372056,-1.7799081341413262e-12,0.09999809460731433,0.0006173126489984475,-0.011847805309159649,-5.621067860445076e-12,9.072829395104658e-10,0.1,0.0,0
10,1278,world,12.780000000000001,1.2680000000000002,3.807499914169311,1.093672055813897,-0.5447247038202498,0.7071035171317194,0.7071035171191568,0.002148503859757057,-0.002148503859795228,1.776625413859031e-12,0.09999816825206435,0.0006052654226290331,-0.0118478090196611,2.1737971716623283e-11,-3.5771120875085244e-09,0.1,0.0,0
10,1279,world,12.790000000000001,1.2690000000000003,3.8074999141693104,1.094672037858147,-0.5447187113273152,0.7071036431790685,0.7071036431410654,0.002106615712568748,-0.002106615712681967,5.374464434862101e-12,0.09999824033889815,0.0005932361451924606,-0.011847812397547234,1.5950045141444738e-11,-2.676852287222805e-09,0.1,0.0,0
10,1280,world,12.8,1.2700000000000002,3.80749991416931,1.0956720206155037,-0.5447128390374436,0.7071037667385246,0.707103766688105,0.0020647275466537007,-0.002064727546800925,7.1304302520310225e-12,0.09999831087435752,0.0005812248062080245,-0.0118478154428178,-2.8460610670939867e-11,4.873396084892391e-09,0.1,0.0,0
10,1281,world,12.81,1.2710000000000001,3.8074999141693104,1.0966720040704854,-0.5447070867713325,0.7071038877697163,0.7071038878006344,0.0020228393634491816,-0.0020228393633607332,-4.372479233189953e-12,0.09999837986482503,0.0005692314205629497,-0.011847818155472142,5.20065762505857e-12,-9.089712555798763e-10,0.1,0.0,0
10,1282,world,12.82,1.2720000000000002,3.80749991416931,1.097671988207674,-0.5447014543493942,0.7071040064072807,0.7071040063440062,0.001980951163892617,-0.0019809511640698804,8.94840213861527e-12,0.09999844731686841,0.0005572559694542947,-0.011847820535509453,-1.2480923442026872e-11,2.227517203242878e-09,0.1,0.0,0
10,1283,world,12.83,1.2730000000000001,3.8074999141693104,1.0986719730117158,-0.5446959415921854,0.7071041224535034,0.7071041225159237,0.0019390629498647579,-0.001939062949693585,-8.82760346159934e-12,0.0999985132368494,0.0005452984684153289,-0.01184782258293001,5.203303078365634e-12,-9.487223969875012e-10,0.1,0.0,0
10,1284,world,12.84,1.2740000000000002,3.807499914169311,1.099671958467327,-0.5446905483202609,0.7071042361507268,0.7071042360740352,0.0018971747220187913,-0.0018971747222245562,1.0845858448250074e-11,0.09999857763125203,0.0005333589096131503,-0.011847824297733086,3.3866225875161554e-11,-6.311166304105914e-09,0.1,0.0,0
10,1285,world,12.85,1.2750000000000001,3.807499914169311,1.1006719445592783,-0.5446852743541759,0.7071043472720578,0.7071043472452238,0.0018552864822965437,-0.0018552864823669502,3.794915129327766e-12,0.09999864050649822,0.0005214372945367453,-0.011847825679918251,-2.3949765837716895e-11,4.563959424031888e-09,0.1,0.0,0
10,1286,world,12.86,1.276,3.8074999141693113,1.101671931272414,-0.5446801195144845,0.7071044559295624,0.7071044559174154,0.001813398231716778,-0.0018133982317479291,1.7178290147193557e-12,0.09999870186899255,0.0005095336263154634,-0.011847826729485608,4.352421211407884e-12,-8.485708560127489e-10,0.1,0.0,0
10,1287,world,12.870000000000001,1.2770000000000004,3.8074999141693104,1.1026719185916378,-0.5446750836217408,0.7071045621263383,0.7071045620875035,0.001771509971597803,-0.0017715099716950958,5.49208514609875e-12,0.09999876172516348,0.0004976479016140098,-0.011847827446434683,-2.216744588219311e-11,4.424078197882598e-09,0.1,0.0,0
10,1288,world,12.88,1.2780000000000002,3.8074999141693113,1.1036719065019178,-0.5446701664965111,0.7071046657837234,0.707104665834143,0.0017296217034587125,-0.0017296217033353828,-7.1304302662851305e-12,0.09999882008140148,0.00048578012258501175,-0.011847827830765562,-4.8316580884077854e-11,9.87634416030709e-09,0.1,0.0,0
10,1289,world,12.89,1.2790000000000001,3.807499914169312,1.104671894988289,-0.5446653679594677,0.7071047669791027,0.7071047670799419,0.0016877334284274477,-0.0016877334281867624,-1.4260860524136655e-11,0.09999887694409665,0.00047393028961803643,-0.01184782788247822,-3.580339158531694e-12,7.500276913989176e-10,0.1,0.0,0
10,1290,world,12.9,1.2800000000000002,3.807499914169311,1.1056718840358462,-0.5446606878310308,0.7071048657381716,0.7071048657991982,0.0016458451477706128,-0.0016458451476285682,-8.630493277068793e-12,0.09999893231964418,0.0004620983999351245,-0.011847827601572427,3.040961586884341e-11,-6.532399675262947e-09,0.1,0.0,0
10,1291,world,12.91,1.2810000000000001,3.8074999141693113,1.106671873629748,-0.5446561259317534,0.7071049620221898,0.7071049620306461,0.0016039568629070912,-0.0016039568628879097,-1.1958907244570008e-12,0.0999989862144239,0.0004502844517217387,-0.011847826988048305,4.408509158326606e-11,-9.717409038078917e-09,0.1,0.0,0
10,1292,world,12.92,1.2820000000000003,3.8074999141693113,1.1076718637552216,-0.5446516820821873,0.7071050558409187,0.7071050557645193,0.0015620685751394081,-0.0015620685753081822,1.080452084816076e-11,0.09999903863476974,0.00043848845119599474,-0.011847826041906,-7.459809697151953e-12,1.688401605461258e-09,0.1,0.0,0
10,1293,world,12.93,1.2830000000000001,3.8074999141693113,1.1086718543975513,-0.544647356102885,0.7071051470814185,0.7071051471137526,0.0015201802860362287,-0.0015201802859667146,-4.57274030228974e-12,0.09999908958703929,0.0004267103974498071,-0.011847824763145793,-3.1424125528058464e-11,7.3083654105927375e-09,0.1,0.0,0
10,1294,world,12.94,1.284,3.8074999141693118,1.1096718455420904,-0.5446431478143982,0.7071052358975369,0.7071052359244941,0.0014782919965816768,-0.0014782919965253194,-3.812349778515212e-12,0.09999913907759742,0.0004149502853722591,-0.011847823151767687,2.28771863100059e-11,-5.471355000881688e-09,0.1,0.0,0
10,1295,world,12.950000000000001,1.2850000000000004,3.8074999141693113,1.1106718371742519,-0.5446390570372787,0.7071053222655287,0.7071053222204857,0.0014364037081570856,-0.0014364037082485852,6.370040443699328e-12,0.09999918711276162,0.0004032081185848951,-0.01184782120777195,-6.459438034301915e-12,1.5898960184475062e-09,0.1,0.0,0
10,1296,world,12.96,1.2860000000000003,3.807499914169311,1.111671829279513,-0.5446350835920999,0.7071054060688381,0.70710540611828,0.0013945154223212511,-0.0013945154222237443,-6.992168080655134e-12,0.09999923369884828,0.00039148389894122656,-0.011847818931159111,-2.8669774954545177e-11,7.268652230872537e-09,0.1,0.0,0
10,1297,world,12.97,1.2870000000000001,3.807499914169312,1.1126718218434197,-0.5446312272995126,0.707105487433794,0.7071054874915459,0.0013526271401406796,-0.0013526271400302059,-8.167347023306031e-12,0.09999927884219052,0.0003797776215461728,-0.011847816321929472,9.672753072545845e-12,-2.5282739843344818e-09,0.1,0.0,0
10,1298,world,12.98,1.2880000000000003,3.8074999141693118,1.113671814851572,-0.544627487979947,0.7071055663434954,0.7071055663571819,0.0013107388629773219,-0.0013107388629519515,-1.9355750396263337e-12,0.09999932254907863,0.0003680892898947608,-0.011847813380083365,2.039323575894593e-11,-5.500756203526853e-09,0.1,0.0,0
10,1299,world,12.99,1.2890000000000001,3.8074999141693118,1.1146718082896356,-0.5446238654539544,0.7071056427665853,0.7071056427465443,0.0012688505922150918,-0.0012688505922510542,2.834238330655968e-12,0.09999936482580446,0.00035641890474779177,-0.011847810105621338,-2.6233572667267446e-12,7.309752162390812e-10,0.1,0.0,0
10,1300,world,13.0,1.2900000000000003,3.8074999141693113,1.1156718021433398,-0.5446203595420867,0.7071057166693359,0.70710571669336,0.001226962329234549,-0.0012269623291928627,-3.3975222675983608e-12,0.09999940567866102,0.0003447664638285676,-0.011847806498544014,-9.253849878182557e-12,2.666506268295312e-09,0.1,0.0,0
10,1301,world,13.01,1.2910000000000001,3.8074999141693113,1.1166717963984816,-0.5446169700648953,0.7071057881158535,0.7071057881335228,0.0011850740752443309,-0.0011850740752147179,-2.4988445441532e-12,0.09999944511392822,0.0003331319655356089,-0.01172391236767507,8.815409360197312e-12,-2.6289987374715596e-09,0.1,0.0,0
10,1302,world,13.02,1.292,3.8074999141693113,1.1176717910409137,-0.5446136968429749,0.7071058556763254,0.7071058556631697,0.0011440618663901359,-0.001144061866411421,1.860499364262037e-12,0.0999994831379209,0.00032151539415271814,-0.011494970149713924,1.5550549163878003e-11,-4.804054246923385e-09,0.1,0.0,0
10,1303,world,13.030000000000001,1.2930000000000004,3.8074999141693118,1.1186717860565585,-0.5446105396975608,0.7071059197020865,0.7071059196518159,0.0011037924682679994,-0.0011037924683464718,7.1093442753040395e-12,0.09999951975716068,0.00030991666175395207,-0.01138992183828831,-3.628174157849822e-13,1.1622048544464176e-10,0.1,0.0,0
10,1304,world,13.040000000000001,1.2940000000000003,3.8074999141693118,1.1196717814313955,-0.5446074984502852,0.7071059813966023,0.7071059813850902,0.001063523054870531,-0.001063523054887846,1.628072012713999e-12,0.09999955497787713,0.00029833576140087057,-0.011389925015244884,-8.456972120064352e-12,2.811398215294747e-09,0.1,0.0,0
10,1305,world,13.05,1.2950000000000002,3.8074999141693118,1.120671777151475,-0.544604572922883,0.7071060408166846,0.7071060408061733,0.001023253627284444,-0.001023253627299655,1.4865214525428997e-12,0.09999958880629603,0.00028677268300157335,-0.011389927896678757,-1.1634963850880853e-11,4.020079970119372e-09,0.1,0.0,0
10,1306,world,13.06,1.2960000000000003,3.8074999141693127,1.121671773202903,-0.5446017629370887,0.7071060979160256,0.7071060979613663,0.000982984186752756,-0.0009829841866897256,-6.412139002226757e-12,0.09999962124858554,0.00027522743220874065,-0.011389930482589534,-2.4613893875658923e-11,8.852937563009476e-09,0.1,0.0,0
10,1307,world,13.07,1.2970000000000002,3.8074999141693118,1.1226717695718473,-0.5445990683147973,0.7071061527152996,0.7071061528299882,0.000942714734418666,-0.0009427147342657631,-1.6219424813142392e-11,0.0999996523109244,0.0002637000080238909,-0.011389932772976778,-7.373518044734333e-12,2.765333460830881e-09,0.1,0.0,0
10,1308,world,13.08,1.2980000000000003,3.807499914169312,1.123671766244542,-0.5445964888776176,0.7071062052710457,0.7071062053554942,0.0009024452713842772,-0.0009024452712764996,-1.1942840989398745e-11,0.09999968199947515,0.00025219041188712327,-0.011389934767840134,1.1563699241929326e-11,-4.530337449711642e-09,0.1,0.0,0
10,1309,world,13.09,1.2990000000000002,3.8074999141693118,1.1246717632072776,-0.5445940244472456,0.7071062555352613,0.7071062555858811,0.0008621757988920781,-0.0008621757988303572,-7.158737813655688e-12,0.09999971032040082,0.00024069864130224413,-0.011389936467179356,8.891585403866687e-12,-3.6461795903477434e-09,0.1,0.0,0
10,1310,world,13.1,1.3,3.8074999141693118,1.1256717604464104,-0.5445916748454143,0.7071063034981035,0.7071063035309871,0.0008219063181292432,-0.0008219063180910206,-4.650480610913357e-12,0.09999973727985126,0.00022922469485073707,-0.01138993787099414,-6.961152589559602e-12,2.9944157421962408e-09,0.1,0.0,0
10,1311,world,13.11,1.3010000000000002,3.8074999141693118,1.1266717579483572,-0.5445894398938561,0.7071063491287063,0.7071063492216737,0.0007816368303039454,-0.0007816368302011791,-1.3147577182576983e-11,0.09999976288395121,0.00021776857793384232,-0.011389938979284184,5.342915791495132e-12,-2.416717519632177e-09,0.1,0.0,0
10,1312,world,13.120000000000001,1.3020000000000003,3.8074999141693118,1.1276717556995917,-0.5445873194143321,0.7071063925431501,0.707106392541856,0.0007413673364632809,-0.0007413673364646377,1.8301690596259974e-13,0.09999978713883705,0.00020633028687938094,-0.011389939792049372,1.529138147538547e-11,-7.292336888873287e-09,0.1,0.0,0
10,1313,world,13.13,1.3030000000000002,3.807499914169312,1.1286717536866573,-0.5445853132287133,0.707106433621564,0.707106433611402,0.0007010978379147357,-0.0007010978379248114,1.437144575226618e-12,0.09999981005062586,0.00019490982209907369,-0.01138994030928966,5.911200361432739e-12,-2.9809253094081832e-09,0.1,0.0,0
10,1314,world,13.14,1.3040000000000003,3.807499914169312,1.1296717518961499,-0.5445834211585633,0.7071064724188536,0.7071064723754028,0.0006608283357751263,-0.0006608283358157333,6.144875018886156e-12,0.09999983162542309,0.00018350718524180165,-0.011389940531004845,6.031292015327754e-12,-3.226823628232674e-09,0.1,0.0,0
10,1315,world,13.15,1.3050000000000002,3.807499914169312,1.1306717503147303,-0.5445816430256135,0.7071065089123355,0.7071065088565393,0.0006205588312419057,-0.0006205588312908727,7.890793446597031e-12,0.09999985186932898,0.00017212237583246154,-0.011389940457194943,-1.1631933505802261e-11,6.62708254096029e-09,0.1,0.0,0
10,1316,world,13.16,1.3060000000000003,3.8074999141693113,1.131671748929121,-0.5445799786515959,0.7071065430532744,0.7071065431035448,0.0005802893255287048,-0.00058028932548745,-7.1093443356615775e-12,0.09999987078843398,0.00016075539341136463,-0.011389940087859941,3.0406016312230194e-12,-1.8525517717071577e-09,0.1,0.0,0
10,1317,world,13.17,1.3070000000000002,3.8074999141693118,1.132671747726101,-0.5445784278582417,0.7071065750200417,0.7071065749380464,0.0005400198196646458,-0.000540019819727266,1.1595889300716125e-11,0.09999988838882107,0.00014940623592557393,-0.011389939422999987,9.944817343572545e-12,-6.510897666735006e-09,0.1,0.0,0
10,1318,world,13.18,1.308,3.807499914169312,1.133671746692519,-0.5445769904673755,0.7071066046072438,0.7071066045654362,0.0004997503149906843,-0.0004997503150202321,5.9124985691280824e-12,0.09999990467655558,0.00013807490647742306,-0.011389938462615103,-1.321998611531887e-11,9.352602252119572e-09,0.1,0.0,0
10,1319,world,13.19,1.3090000000000002,3.8074999141693118,1.1346717458152769,-0.5445756663007368,0.7071066318751622,0.7071066319254328,0.0004594808126283526,-0.00045948081259568655,-7.109344331045074e-12,0.09999991965770023,0.00012676140382016223,-0.011389937206705445,7.77719904048784e-13,-5.984223650946239e-10,0.1,0.0,0
10,1320,world,13.200000000000001,1.3100000000000003,3.8074999141693113,1.1356717450813396,-0.5445744551799554,0.7071066569460517,0.707106656895781,0.0004192113136761891,-0.0004192113137059923,7.109344332876964e-12,0.09999993333830502,0.00011546572891180568,-0.01138993565527123,-3.541139828265787e-12,2.986509712067349e-09,0.1,0.0,0
10,1321,world,13.21,1.3110000000000002,3.807499914169312,1.136671744477729,-0.5445733569267627,0.7071066796019436,0.7071066796944498,0.0003789418194429101,-0.00037894181939333545,-1.3082375945529462e-11,0.0999999457244139,0.00010418787969701385,-0.011389933808312628,-1.6017433724792797e-12,1.4944361330403497e-09,0.1,0.0,0
10,1322,world,13.22,1.3120000000000003,3.8074999141693113,1.1376717439915331,-0.54457237136289,0.7071067000967072,0.707106700067571,0.00033867233096156136,-0.00033867233097551635,4.120491023423903e-12,0.0999999568220574,9.292785727473689e-05,-0.011389931665830032,-5.442450972155952e-13,5.681691675541336e-10,0.1,0.0,0
10,1323,world,13.23,1.3130000000000002,3.8074999141693113,1.1386717436098965,-0.5445714983100693,0.7071067181724736,0.707106718273015,0.00029840284953901094,-0.000298402849496582,-1.4218688712323024e-11,0.09999996663725658,8.168566321520732e-05,-0.011389929227823756,4.68934787848659e-12,-5.556026180572163e-09,0.1,0.0,0
10,1324,world,13.24,1.3140000000000003,3.8074999141693113,1.1396717433200247,-0.5445707375901884,0.7071067341238682,0.7071067340161579,0.00025813337622165595,-0.0002581333762609762,1.5232523152963222e-11,0.0999999751760274,7.046129365833165e-05,-0.01138992649429412,6.0185472187625966e-12,-8.243321659784889e-09,0.1,0.0,0
10,1325,world,13.25,1.3150000000000002,3.8074999141693118,1.1406717431091826,-0.5445700890248595,0.707106747631965,0.7071067476159282,0.00021786391231208254,-0.00021786391231702363,2.2679721680736077e-12,0.09999998244437046,5.925475171877925e-05,-0.01138992346524157,-6.883667370630684e-12,1.1170931735975502e-08,0.1,0.0,0
10,1326,world,13.26,1.316,3.8074999141693113,1.1416717429646976,-0.5445695524357779,0.7071067588594112,0.7071067589096818,0.00017759445891924646,-0.00017759445890662065,-7.109344411419019e-12,0.09999998844827951,4.806603756208551e-05,-0.011389920140666612,-2.3828283690282642e-12,4.743704509939637e-09,0.1,0.0,0
10,1327,world,13.27,1.3170000000000002,3.807499914169312,1.1426717428739555,-0.5445691276446762,0.7071067678262897,0.707106767877339,0.0001373250172168391,-0.00013732501720692498,-7.219462829024657e-12,0.09999999319373913,3.689515049498966e-05,-0.011172146821843996,-1.8700725685745335e-13,4.787767586647459e-10,0.1,0.0,0
10,1328,world,13.280000000000001,1.3180000000000003,3.8074999141693127,1.1436717428244005,-0.544568814473443,0.707106774284197,0.7071067743412385,9.859545268313852e-05,-9.859545267518492e-05,-8.06689851230678e-12,0.09999999668673785,2.5742036040306978e-05,-0.010944917729970888,1.4351265701455038e-12,-5.144469473228429e-09,0.1,0.0,0
10,1329,world,13.290000000000001,1.3190000000000002,3.8074999141693113,1.144671742803536,-0.5445686127448773,0.7071067786575175,0.707106778635813,5.993276253852348e-05,-5.993276254036311e-05,3.0694821043123837e-12,0.09999999893323004,1.4606642027059496e-05,-0.010935461635843717,3.2800978253300677e-13,-1.934974359316278e-09,0.1,0.0,0
10,1330,world,13.3,1.3200000000000003,3.8074999141693104,1.1456717427989291,-0.544568522281545,0.707106780851803,0.7071067808814798,2.127006221478032e-05,-2.127006221388763e-05,-4.196926365152225e-12,0.09999999993913576,3.488961038947188e-06,-0.010935464335255888,-2.8230354579489023e-13,4.69248539321073e-09,0.1,0.0,0
10,1331,world,13.31,1.3210000000000002,3.8074999141693118,1.1466717427982045,-0.5445685429066255,0.7071067809503162,0.7071067809949734,-1.7392647256424773e-05,1.7392647255326348e-05,-6.315462733834901e-12,0.09999999971036312,-7.61100365142604e-06,-0.01093546677312683,2.361690491977884e-13,4.800793732714564e-09,0.1,0.0,0
10,1332,world,13.32,1.3220000000000003,3.807499914169312,1.1476717427890424,-0.5445686744425708,0.7071067789158887,0.707106779013459,-5.605536483479493e-05,5.6055364827060114e-05,-1.379852939892222e-11,0.09999999825281146,-1.8693253003633955e-05,-0.01093546894945618,6.345564277661714e-14,4.0024194683499347e-10,0.1,0.0,0
10,1333,world,13.33,1.3230000000000002,3.8074999141693118,1.1486717427591837,-0.54456891671267,0.7071067748175687,0.7071067748678861,-9.471808947389845e-05,9.471808946715837e-05,-7.115956840923774e-12,0.09999999557237012,-2.9757788173506976e-05,-0.010935470864243638,-8.951403546843786e-13,-3.341283348368086e-09,0.1,0.0,0
10,1334,world,13.34,1.324,3.8074999141693118,1.1496717426964327,-0.5445692695392881,0.7071067685816457,0.7071067686319631,-0.00013338082013915505,0.00013338082012966373,-7.115956845478661e-12,0.09999999167492113,-4.080460396797018e-05,-0.010935472517488927,-3.166706540894686e-12,-8.394014541292218e-09,0.1,0.0,0
10,1335,world,13.35,1.3250000000000002,3.8074999141693113,1.1506717425886452,-0.544569732745755,0.7071067602911001,0.7071067602227082,-0.00017204355577398055,0.00017204355579062073,9.672060271828838e-12,0.09999998656633247,-5.183370841024511e-05,-0.010935473909191801,-4.94224887695165e-12,-1.0156436540687774e-08,0.1,0.0,0
10,1336,world,13.36,1.326,3.8074999141693118,1.1516717424237377,-0.5445703061544493,0.7071067498396841,0.7071067497463679,-0.00021070629536000234,0.00021070629538780903,1.3196900525194024e-11,0.09999998025246615,-6.284509830782899e-05,-0.01093547503935207,-1.7765628413538473e-12,-2.9809779931617243e-09,0.1,0.0,0
10,1337,world,13.370000000000001,1.3270000000000002,3.8074999141693118,1.1526717421896935,-0.5445709895886216,0.7071067372704443,0.707106737159895,-0.0002493690378494686,0.000249369037888455,1.563402361477009e-11,0.09999997273917662,-7.383876987063878e-05,-0.010935475907969582,2.456479577601517e-12,3.482779328332144e-09,0.1,0.0,0
10,1338,world,13.38,1.3280000000000003,3.8074999141693118,1.1536717418745444,-0.544571782870762,0.707106722545366,0.7071067225013037,-0.0002880317822182059,0.00028803178223615417,6.2313529240010055e-12,0.09999996403230801,-8.48147222181313e-05,-0.010935476515044194,4.339933911354028e-12,5.3271874103023985e-09,0.1,0.0,0
10,1339,world,13.39,1.3290000000000002,3.8074999141693113,1.1546717414663823,-0.5445726858240094,0.7071067057351273,0.707106705699916,-0.0003266945274001368,0.000326694527416405,4.979649266031754e-12,0.09999995413768625,-9.577296407737708e-05,-0.010935476860575817,1.3262177840709722e-12,1.435259350685502e-09,0.1,0.0,0
10,1340,world,13.4,1.3300000000000003,3.8074999141693113,1.1556717409533586,-0.5445736982709654,0.7071066868096128,0.707106686785848,-0.00036535727236583113,0.0003653572723781102,3.3608425905944975e-12,0.0999999430611434,-0.00010671348592768448,-0.010935476944564407,4.056119597591403e-12,3.925068645210662e-09,0.1,0.0,0
10,1341,world,13.41,1.3310000000000002,3.8074999141693113,1.156671740323685,-0.5445748200346577,0.7071066657538126,0.7071066657741102,-0.00040402001608377987,0.00040402001607218243,-2.8705137112529244e-12,0.0999999308084874,-0.00011763629428438111,-0.01093547676700997,9.127041588631104e-12,7.986968685890314e-09,0.1,0.0,0
10,1342,world,13.42,1.332,3.807499914169312,1.1576717395656275,-0.5445760509377989,0.7071066425716215,0.7071066426608096,-0.0004426827575139482,0.0004426827574581121,-1.261310363077774e-11,0.09999991738552877,-0.000128541384091163,-0.01093547632791248,2.7163872334134623e-12,2.1694819999322887e-09,0.1,0.0,0
10,1343,world,13.43,1.3330000000000002,3.8074999141693113,1.1586717386675132,-0.5445773908033065,0.707106617329004,0.7071066173799827,-0.0004813454955731965,0.00048134549553849413,-7.209456272591419e-12,0.0999999027980522,-0.00013942876358538604,-0.010935475627272068,-3.7420479116398305e-12,-2.7485780987649592e-09,0.1,0.0,0
10,1344,world,13.44,1.334,3.8074999141693118,1.1596717376177275,-0.5445788394540028,0.7071065899536376,0.7071065900039549,-0.0005200082292656317,0.0005200082292286281,-7.115956828368706e-12,0.09999988705186018,-0.0001502984205127408,-0.010935474665088832,-1.3725820637664629e-11,-9.332173442769252e-09,0.1,0.0,0
10,1345,world,13.450000000000001,1.3350000000000002,3.8074999141693118,1.1606717364047088,-0.5445803967126966,0.7071065605296246,0.7071065604486263,-0.0005586709574876238,0.0005586709575516191,1.145490324434469e-11,0.09999987015270674,-0.00016115037012763924,-0.010935473441362835,-7.481244371559508e-12,-4.7344772744897825e-09,0.1,0.0,0
10,1346,world,13.46,1.3360000000000003,3.807499914169312,1.1616717350169579,-0.5445820624023197,0.7071065288938015,0.7071065288771632,-0.0005973336793260048,0.0005973336793400601,2.3530272366848722e-12,0.09999985210638176,-0.00017198459749620662,-0.010935471956094261,8.813783054309491e-12,5.216734056603732e-09,0.1,0.0,0
10,1347,world,13.47,1.3370000000000002,3.8074999141693118,1.1626717334430325,-0.5445838363455722,0.70710649517148,0.7071064951642576,-0.0006359963936438285,0.0006359963936503245,1.0213984561561645e-12,0.09999983291863,-0.0001828011107347642,-0.010935470209283427,-5.223355395783089e-12,-2.903676969279175e-09,0.1,0.0,0
10,1348,world,13.48,1.3380000000000003,3.807499914169312,1.163671731671542,-0.5445857183654949,0.7071064593651379,0.7071064593074353,-0.000674659099393967,0.0006746590994490219,8.160391589533032e-12,0.09999981259520047,-0.00019359990905522902,-0.010935468200930491,9.745351246809157e-13,5.106997239583555e-10,0.1,0.0,0
10,1349,world,13.49,1.3390000000000002,3.8074999141693118,1.1646717296911675,-0.5445877082846804,0.707106421390738,0.707106421390738,-0.0007133217956159933,0.0007133217956159933,0.0,0.099999791141831,-0.00020438099270985127,-0.010935465931035762,1.7575166617520232e-11,8.711005521334554e-09,0.1,0.0,0
10,1350,world,13.5,1.34,3.8074999141693113,1.1656717274906325,-0.5445898059262777,0.7071063812984804,0.7071063813639702,-0.0007519844812251311,0.000751984481155485,-9.261663025676274e-12,0.09999976856425896,-0.00021514435768995796,-0.010935463399599577,-2.1684043492927944e-17,-7.672329160314389e-15,0.1,0.0,0
10,1351,world,13.51,1.3410000000000002,3.8074999141693118,1.166671725058725,-0.5445920111127732,0.7071063391577509,0.7071063391577508,-0.0007906471551041743,0.0007906471551041743,0.0,0.09999974486819482,-0.00022589000851049707,-0.010935460606622295,-6.725327773375088e-12,-3.007363224068385e-09,0.1,0.0,0
10,1352,world,13.52,1.342,3.8074999141693113,1.1676717223842874,-0.544594323667423,0.707106294858838,0.7071062948817972,-0.0008293098163307683,0.0008293098163038413,-3.2469104582792497e-12,0.09999972005934928,-0.00023661794475355339,-0.010845376093450338,1.7842281506702408e-12,7.609497084628844e-10,0.1,0.0,0
10,1353,world,13.530000000000001,1.3430000000000002,3.8074999141693127,1.168671719456221,-0.5445967434126752,0.7071062492451432,0.7071062492559046,-0.0008673354921728411,0.0008673354921596413,-1.5218786990012669e-12,0.0999996941434024,-0.0002473281746426658,-0.010619817835851982,-1.9289572146010106e-11,-7.86735475587317e-09,0.1,0.0,0
10,1354,world,13.540000000000001,1.3440000000000003,3.807499914169312,1.169671716263481,-0.5445992701721215,0.707106202855886,0.7071062027675837,-0.0009044032118642617,0.0009044032119772024,1.2487862168705435e-11,0.09999966712582899,-0.0002580207809459132,-0.010484343939704056,3.942581945227467e-12,1.5412417486520903e-09,0.1,0.0,0
10,1355,world,13.55,1.3450000000000002,3.807499914169312,1.1706717127950814,-0.5446019037696397,0.7071061544135012,0.7071061544460591,-0.0009414709384757243,0.0009414709384323752,-4.6044095252473245e-12,0.09999963901224301,-0.00026869577794682176,-0.010484346444763815,5.555571204232639e-12,2.086280235235481e-09,0.1,0.0,0
10,1356,world,13.56,1.3460000000000003,3.8074999141693127,1.1716717090400892,-0.5446046440290673,0.7071061041340584,0.7071061040752608,-0.0009785386708087579,0.0009785386708901257,8.315253580232466e-12,0.09999960980826139,-0.00027935317337028653,-0.010484348719333346,1.7695448003923748e-11,6.393489745795034e-09,0.1,0.0,0
10,1357,world,13.57,1.3470000000000002,3.8074999141693118,1.1726717049876298,-0.5446074907743527,0.7071060517748854,0.707106051897861,-0.0010156064082784337,0.0010156064081018054,-1.7391413606491677e-11,0.09999957951953337,-0.00028999295944256715,-0.010484350763412247,1.104066926712586e-11,3.843475331784167e-09,0.1,0.0,0
10,1358,world,13.58,1.348,3.8074999141693127,1.1736717006268818,-0.5446104438294902,0.7071059976271423,0.7071059976226998,-0.0010526741495560127,0.0010526741495626261,6.282496389887173e-13,0.09999954815165782,-0.0003006151431185709,-0.010484352577000375,-2.5890628664147192e-11,-8.695652987943666e-09,0.1,0.0,0
10,1359,world,13.59,1.3490000000000002,3.807499914169312,1.1746716959470804,-0.5446135030185743,0.7071059414703035,0.7071059414703036,-0.0010897418940402771,0.0010897418940402771,0.0,0.09999951571024465,-0.00031121972388382794,-0.010484354160097513,-1.5447680055808862e-11,-5.011792201306975e-09,0.1,0.0,0
10,1360,world,13.6,1.35,3.8074999141693118,1.175671690937524,-0.544616668165361,0.7071058834101813,0.7071058833348611,-0.0011268096406561897,0.0011268096407762163,1.065190780819026e-11,0.09999948220091255,-0.00032180669566742834,-0.010484355512703363,-9.034862718286599e-12,-2.834803807177295e-09,0.1,0.0,0
10,1361,world,13.61,1.3510000000000002,3.8074999141693118,1.1766716855875567,-0.5446199390937992,0.7071058233516199,0.7071058233115296,-0.0011638773886373452,0.001163877388703333,5.669653180567899e-12,0.09999944762923298,-0.0003323760645603395,-0.010484356634817726,2.8431922666953747e-11,8.636783486937713e-09,0.1,0.0,0
10,1362,world,13.620000000000001,1.3520000000000003,3.8074999141693118,1.177671679886586,-0.5446233156278373,0.7071057613240535,0.7071057613708763,-0.0012009451370256646,0.001200945136946141,-6.621757003352236e-12,0.09999941200080764,-0.00034292782437334734,-0.01048435752644055,2.4085377833542977e-11,7.0905893317065924e-09,0.1,0.0,0
10,1363,world,13.63,1.3530000000000002,3.8074999141693118,1.1786716738240675,-0.5446267975916234,0.7071056973900997,0.707105697450286,-0.0012380128847987997,0.0012380128846934243,-8.511641720139524e-12,0.09999937532118443,-0.00035346198224590783,-0.010484358187571744,-2.219856247335321e-11,-6.33946692395503e-09,0.1,0.0,0
10,1364,world,13.64,1.3540000000000003,3.807499914169312,1.1796716673895227,-0.5446303848089422,0.7071056315711751,0.707105631528344,-0.001275080630995591,0.0012750806310728258,6.0572492559067375e-12,0.09999933759593232,-0.0003639785361192671,-0.010484358618211079,1.4869615982445756e-12,4.123013221294655e-10,0.1,0.0,0
10,1365,world,13.65,1.3550000000000002,3.8074999141693118,1.1806716605725212,-0.5446340771037064,0.7071055637031582,0.7071055637691754,-0.0013121483749946533,0.0013121483748721478,-9.336258292212156e-12,0.0999992988306189,-0.0003744774820793319,-0.010484358818358547,2.14328230035914e-11,5.774953981016111e-09,0.1,0.0,0
10,1366,world,13.66,1.356,3.807499914169312,1.181671653362686,-0.5446378742998652,0.707105493959996,0.7071054939988356,-0.0013492161155639769,0.0013492161154898678,-5.492748821094715e-12,0.09999925903077178,-0.00038495882456586255,-0.010484358788014217,-1.938772496794811e-11,-5.080402312226772e-09,0.1,0.0,0
10,1367,world,13.67,1.3570000000000002,3.807499914169312,1.1826716457497064,-0.5446417762214856,0.7071054222824239,0.707105422276593,-0.0013862838518922923,0.0013862838519037239,8.2462073271039e-13,0.09999921820192421,-0.00039542256378590943,-0.010484358527177922,-1.635800872756064e-12,-4.171878285931176e-10,0.1,0.0,0
10,1368,world,13.68,1.358,3.8074999141693118,1.1836716377233147,-0.5446457826925148,0.7071053486199769,0.7071053486529165,-0.0014233515831630196,0.0014233515830967144,-4.658392329707615e-12,0.09999917634961494,-0.00040586869627153656,-0.010484358035849836,3.843431656372041e-12,9.54687840982616e-10,0.1,0.0,0
10,1369,world,13.69,1.3590000000000002,3.8074999141693118,1.1846716292733055,-0.5446498935367865,0.7071052730463973,0.7071052730540678,-0.001460419308313664,0.001460419308297822,-1.0847525314990535e-12,0.09999913347935292,-0.000416297223818813,-0.010484357314030033,-3.619314056482224e-11,-8.761938199183503e-09,0.1,0.0,0
10,1370,world,13.700000000000001,1.3600000000000003,3.807499914169312,1.185671620389526,-0.5446541085782505,0.7071051955663552,0.7071051954753815,-0.0014974870264125243,0.0014974870266051862,1.2865665810181492e-11,0.09999908959664396,-0.0004267081466011716,-0.010484356361718466,-1.6830157090499606e-11,-3.97353833935702e-09,0.1,0.0,0
10,1371,world,13.71,1.3610000000000002,3.807499914169312,1.186671611061882,-0.544658427640894,0.7071051160726186,0.7071051160240944,-0.0015345547367697696,0.0015345547368750766,6.862387785026363e-12,0.09999904470699535,-0.0004371014623022144,-0.010484355178915493,4.3378039954833356e-11,9.994003311997068e-09,0.1,0.0,0
10,1372,world,13.72,1.3620000000000003,3.8074999141693118,1.1876716012803303,-0.5446628505488259,0.7071050346075177,0.7071050346578815,-0.001571622438385663,0.001571622438273724,-7.122520655135528e-12,0.09999899881588363,-0.00044747717361463905,-0.010484353765621025,1.535065480321538e-11,3.4532683171523587e-09,0.1,0.0,0
10,1373,world,13.73,1.3630000000000002,3.807499914169312,1.1886715910348815,-0.5446673771258016,0.7071049512737442,0.7071049512740569,-0.0016086901301142341,0.0016086901301135227,-4.422807651041368e-14,0.09999895192877949,-0.0004578352822253123,-0.01048435212183529,4.4223088813665015e-12,9.719116072118063e-10,0.1,0.0,0
10,1374,world,13.74,1.364,3.807499914169312,1.189671580315603,-0.5446720071957724,0.7071048659399078,0.7071048660040167,-0.0016457578113328246,0.0016457578111836138,-9.066391608635514e-12,0.09999890405117598,-0.00046817578290818683,-0.010484350247558817,-1.7388629630569986e-11,-3.7355327227374136e-09,0.1,0.0,0
10,1375,world,13.75,1.3650000000000002,3.8074999141693113,1.1906715691126208,-0.5446767405826899,0.7071047787531458,0.7071047787006298,-0.0016828254807834658,0.0016828254809084474,7.426891683501247e-12,0.09999885518849136,-0.0004784986845711442,-0.010484348142791275,-1.8399344581656067e-11,-3.8655741357774e-09,0.1,0.0,0
10,1376,world,13.76,1.366,3.8074999141693118,1.1916715574161083,-0.5446815771106945,0.7071046895339603,0.7071046895434012,-0.0017198931379717882,0.0017198931379488254,-1.3351243189409613e-12,0.0999988053462452,-0.0004888039727381772,-0.010484345807533406,1.0829228159059124e-11,2.22611053771308e-09,0.1,0.0,0
10,1377,world,13.77,1.3670000000000002,3.807499914169312,1.1926715452162981,-0.5446865166035934,0.7071045984178612,0.7071045983968275,-0.001756960781658393,0.0017569607817106557,2.9746137624187745e-12,0.09999875452980028,-0.0004990916636747766,-0.010484343241785612,8.147280608154325e-12,1.6394610603957706e-09,0.1,0.0,0
10,1378,world,13.780000000000001,1.3680000000000003,3.8074999141693118,1.193671532503475,-0.5446915588852966,0.707104505316569,0.7071045053491956,-0.0017940284111432263,0.001794028411060448,-4.614095955784874e-12,0.09999870274464866,-0.0005093617451284418,-0.01029088928176234,2.5624532922750052e-11,5.051768795506638e-09,0.1,0.0,0
10,1379,world,13.790000000000001,1.3690000000000002,3.8074999141693113,1.1946715192679789,-0.5446967037799375,0.7071044138310472,0.707104413881457,-0.0018297281236463398,0.001829728123515898,-7.1290367961288015e-12,0.09999864999597034,-0.0005196142640686347,-0.010066968348279094,-1.1938844030793748e-11,-2.307031461306957e-09,0.1,0.0,0
10,1380,world,13.8,1.3700000000000003,3.8074999141693113,1.195671505500199,-0.544701951112279,0.7071043211455756,0.7071043211455755,-0.0018652123886320321,0.0018652123886320321,0.0,0.09999859628881602,-0.0005298492864890145,-0.010036501135507107,-9.441514426419553e-12,-1.7896380158222975e-09,0.1,0.0,0
10,1381,world,13.81,1.3710000000000002,3.8074999141693113,1.196671491190577,-0.5447073007073471,0.7071042266416391,0.7071042266667393,-0.0019006966568060617,0.0019006966567385922,-3.5497178040406936e-12,0.09999854162856842,-0.0005400668101922544,-0.010036503236777718,3.83254192914503e-11,7.1289410619536846e-09,0.1,0.0,0
10,1382,world,13.82,1.372,3.8074999141693113,1.1976714763296108,-0.5447127523901749,0.7071041303316842,0.7071041304325035,-0.0019361809273358076,0.0019361809270597454,-1.4258073698158771e-11,0.09999848602057236,-0.0005502668383582237,-0.010036505135850542,-2.4218344384510625e-11,-4.42231453903815e-09,0.1,0.0,0
10,1383,world,13.83,1.3730000000000002,3.8074999141693118,1.198671460907849,-0.5447183059857957,0.7071040323480114,0.7071040323105701,-0.00197166519905195,0.00197166519915635,5.295020956138857e-12,0.09999842947017551,-0.0005604493717866812,-0.010036506832725526,-5.351032126390235e-11,-9.59519727230861e-09,0.1,0.0,0
10,1384,world,13.84,1.374,3.8074999141693113,1.1996714449158934,-0.5447239613192427,0.7071039325132207,0.7071039324783418,-0.0020071494716376935,0.002007149471736699,4.932634821543307e-12,0.09999837198275086,-0.0005706144051714222,-0.010036508327402657,3.568577730979441e-11,6.28586675123894e-09,0.1,0.0,0
10,1385,world,13.85,1.3750000000000002,3.8074999141693118,1.2006714283443989,-0.5447297182155496,0.7071038308558392,0.7071038309072945,-0.002042633744217014,0.002042633744068373,-7.276906980475542e-12,0.09999831356361819,-0.0005807619411577112,-0.010036509619881333,-2.3199953282185296e-11,-4.015568089563624e-09,0.1,0.0,0
10,1386,world,13.86,1.3760000000000001,3.8074999141693113,1.2016714111840792,-0.5447355764997498,0.707103727532483,0.7071037274408147,-0.0020781180155316843,0.0020781180158010895,1.2963893555611458e-11,0.09999825421806731,-0.0005908919857175281,-0.010036510710161789,-3.7382098347669705e-11,-6.359798460743624e-09,0.1,0.0,0
10,1387,world,13.870000000000001,1.3770000000000002,3.8074999141693113,1.202671393425693,-0.5447415359968774,0.7071036223302729,0.7071036222917859,-0.0021136022853965363,0.0021136022855115775,5.442900424644175e-12,0.09999819395146693,-0.000601004529769196,-0.010036511598243751,2.0955568045196184e-11,3.505295252589087e-09,0.1,0.0,0
10,1388,world,13.88,1.3780000000000003,3.807499914169311,1.2036713750600585,-0.544747596531966,0.707103515375758,0.7071035153336628,-0.002149086552637487,0.0021490865527654256,5.953167893653268e-12,0.0999981327690906,-0.0006110995788979408,-0.010036512284127103,1.6722148867317404e-11,2.7509736867173244e-09,0.1,0.0,0
10,1389,world,13.89,1.3790000000000002,3.8074999141693118,1.2046713560780433,-0.5447537579300586,0.7071034066174844,0.7071034066179026,-0.002184570816604986,0.0021845708166036938,-5.915507601059234e-14,0.09999807067626258,-0.0006211771286799928,-0.010036512767811666,4.199308009073572e-11,6.7961233632130205e-09,0.1,0.0,0
10,1390,world,13.9,1.3800000000000001,3.807499914169312,1.205671336470569,-0.5447600200162347,0.7071032960729725,0.7071032961269903,-0.002220055076443276,0.0022200550762736795,-7.639302550273665e-12,0.0999980076782434,-0.0006312371836111333,-0.010036513049297521,-3.203990897421312e-12,-5.1024136538024e-10,0.1,0.0,0
10,1391,world,13.91,1.3810000000000002,3.8074999141693113,1.2066713162286087,-0.5447663826154753,0.707103183804975,0.7071031837981773,-0.002255539331148799,0.002255539331170483,9.61375308332224e-13,0.09999794378030924,-0.0006412797440373678,-0.010036513128584704,-6.13315822769961e-12,-9.613590662415246e-10,0.1,0.0,0
10,1392,world,13.92,1.3820000000000001,3.8074999141693113,1.2076712953431925,-0.5447728455528158,0.7071030697022694,0.7071030697426913,-0.0022910235802690608,0.002291023580138093,-5.716552962252756e-12,0.09999787898777115,-0.0006513048035121442,-0.010036513005672933,2.122883036121054e-11,3.276002603629314e-09,0.1,0.0,0
10,1393,world,13.93,1.3830000000000002,3.8074999141693118,1.2086712738053993,-0.5447794086532914,0.7071029538429304,0.707102953882463,-0.002326507822751099,0.002326507822621029,-5.5907745477370825e-12,0.0999978133058428,-0.0006613123693153451,-0.010036512680562529,-3.4648347617288295e-11,-5.2653445943981395e-09,0.1,0.0,0
10,1394,world,13.94,1.3840000000000001,3.8074999141693113,1.2096712516063575,-0.544786071741938,0.7071028362392492,0.7071028362052066,-0.0023619920577459953,0.0023619920578597095,4.81433852919144e-12,0.09999774673977763,-0.0006713024410002701,-0.010036512153253406,-1.477234136108947e-11,-2.21115213209484e-09,0.1,0.0,0
10,1395,world,13.950000000000001,1.3850000000000002,3.8074999141693113,1.2106712287372614,-0.544792834643792,0.7071027167969461,0.7071027168052078,-0.002397476284763727,0.002397476284735715,-1.1683771224326158e-12,0.09999767929485591,-0.0006812750128605683,-0.01003651142374538,-7.848019122754615e-12,-1.1573125129106255e-09,0.1,0.0,0
10,1396,world,13.96,1.3860000000000003,3.807499914169311,1.211671205189339,-0.5447996971838898,0.7071025956244518,0.7071025955740421,-0.002432960502635705,0.0024329605028091516,7.129036856843208e-12,0.0999976109762622,-0.0006912300920305274,-0.010036510492039002,-1.592840445550817e-11,-2.314644673343675e-09,0.1,0.0,0
10,1397,world,13.97,1.3870000000000002,3.8074999141693118,1.212671180953888,-0.5448066591872684,0.7071024726289776,0.7071024726045047,-0.002468444710874017,0.0024684447109594504,3.4610192185547126e-12,0.0999975417892841,-0.0007011676692344653,-0.010036509358134119,2.2123665783754457e-11,3.1687064039194775e-09,0.1,0.0,0
10,1398,world,13.98,1.3880000000000001,3.8074999141693118,1.2136711560222468,-0.5448137204789657,0.7071023478563613,0.7071023478507646,-0.002503928908518503,0.0025039289085383213,7.914830827603948e-13,0.09999747173906517,-0.0007110877546845526,-0.010036508022030675,-1.2988633627965156e-11,-1.8339606732252496e-09,0.1,0.0,0
10,1399,world,13.99,1.3890000000000002,3.8074999141693113,1.214671130385809,-0.5448208808840193,0.7071022213349205,0.707102221284511,-0.0025394130946627207,0.002539413094843756,7.129036871371778e-12,0.09999740083085273,-0.0007209903423578033,-0.0100365064837293,-1.5190474771632184e-11,-2.114863554913701e-09,0.1,0.0,0
10,1400,world,14.0,1.3900000000000001,3.8074999141693118,1.2156711040360202,-0.5448281402274678,0.7071020930029563,0.7071020929674504,-0.0025748972687223226,0.0025748972688516172,5.021347857942362e-12,0.09999732906982879,-0.0007308754342397434,-0.01003650474322984,5.3750515413598005e-11,7.380214748884342e-09,0.1,0.0,0
10,1401,world,14.01,1.3910000000000002,3.8074999141693113,1.21667107696438,-0.5448354983343505,0.7071019628530474,0.7071019629070119,-0.0026103814299250003,0.002610381429725781,-7.631783303895275e-12,0.09999725646118657,-0.0007407430294529374,-0.010036502800532504,-3.3307558156411273e-12,-4.511145467646922e-10,0.1,0.0,0
10,1402,world,14.02,1.3920000000000001,3.8074999141693118,1.2176710491624352,-0.5448429550297069,0.7071018310151415,0.7071018309732556,-0.0026458655769858942,0.0026458655771426243,5.9235856504149726e-12,0.09999718301009941,-0.0007505931285894569,-0.010036500655637836,-2.5734124076320453e-11,-3.4386452678264954e-09,0.1,0.0,0
10,1403,world,14.030000000000001,1.3930000000000002,3.807499914169311,1.2186710206217903,-0.5448505101385771,0.7071016973250474,0.7071016973303811,-0.002681349709709479,0.002681349709689253,-7.543236808817651e-13,0.0999971087217238,-0.0007604257332248627,-0.009958281236598683,-1.0864659884172322e-11,-1.4326861982702725e-09,0.1,0.0,0
10,1404,world,14.040000000000001,1.3940000000000003,3.8074999141693113,1.2196709913340966,-0.5448581634861035,0.7071015640364662,0.7071015639743187,-0.002716280752668883,0.0027162807529076184,8.7890509884013e-12,0.09999703360118745,-0.0007702408473918413,-0.009735960989992354,-3.01949654992934e-11,-3.930851290399179e-09,0.1,0.0,0
10,1405,world,14.05,1.3950000000000002,3.8074999141693113,1.2206709612910551,-0.5448659148975672,0.707101432946411,0.7071014328961529,-0.0027501928421961555,0.002750192842391629,7.107629922327743e-12,0.09999695765300994,-0.0007800385517009941,-0.009591860044817947,-3.354456474683882e-11,-4.312242706426653e-09,0.1,0.0,0
10,1406,world,14.06,1.3960000000000001,3.8074999141693113,1.2216709304844136,-0.5448737641990976,0.7071013002723103,0.7071013001491772,-0.0027841049323405437,0.002784104932825363,1.7413810727160835e-11,0.09999688088216206,-0.0007898188644829337,-0.009591861967348188,-1.8567135704632636e-11,-2.357793968058863e-09,0.1,0.0,0
10,1407,world,14.07,1.3970000000000002,3.807499914169311,1.2226708989059734,-0.5448817112167978,0.7071011659155811,0.707101165831978,-0.002818017022786838,0.0028180170231200214,1.182334509811011e-11,0.099996803293742,-0.0007995817861047405,-0.00959186371338146,4.1499356098559134e-11,5.2064557748513884e-09,0.1,0.0,0
10,1408,world,14.08,1.3980000000000001,3.8074999141693113,1.2236708665475813,-0.5448897557767853,0.7071010299351418,0.7071010298856408,-0.00285192911260347,0.0028519291128031215,7.000556822601385e-12,0.09999672489280448,-0.000809327321162336,-0.009591865282917505,-2.8487195285304315e-11,-3.531463806307174e-09,0.1,0.0,0
10,1409,world,14.09,1.3990000000000002,3.807499914169311,1.2246708334011394,-0.5448978977052291,0.7071008923873544,0.7071008922538077,-0.002885841200858038,0.0028858412014030727,1.8886505479036482e-11,0.09999664568448108,-0.0008190554635378352,-0.009591866675956061,4.095426261348452e-11,5.017304509652066e-09,0.1,0.0,0
10,1410,world,14.1,1.4000000000000001,3.8074999141693113,1.2256707994585985,-0.5449061368281527,0.7071007530936226,0.7071007531150788,-0.0029197532875774785,0.002919753287488882,-3.0343707843835382e-12,0.09999656567381855,-0.0008287662165492231,-0.009591867892497065,8.898107958555522e-11,1.0774458881536763e-08,0.1,0.0,0
10,1411,world,14.11,1.401,3.807499914169311,1.2266707647119577,-0.5449144729716602,0.7071006122522873,0.7071006122711183,-0.0029536653712484984,0.0029536653711698378,-2.6631418566796234e-12,0.09999648486586178,-0.0008384595824938584,-0.009591868932540463,8.162650255742066e-11,9.770406066643819e-09,0.1,0.0,0
10,1412,world,14.120000000000001,1.4020000000000004,3.807499914169311,1.2276707291532747,-0.5449229059618557,0.7071004697128225,0.7071004698724567,-0.002987577451793757,0.002987577451119284,-2.2575912964735747e-11,0.09999640326571087,-0.0008481355559871649,-0.009591869796085856,-5.5964998346470696e-11,-6.622779212372529e-09,0.1,0.0,0
10,1413,world,14.13,1.4030000000000002,3.8074999141693113,1.2286706927746485,-0.5449314356248439,0.7071003257345794,0.7071003256597477,-0.0030214895274133153,0.0030214895277330765,1.05828968822566e-11,0.09999632087837554,-0.0008577941413642118,-0.009591870483133593,-1.0830373073322347e-10,-1.2672578759157722e-08,0.1,0.0,0
10,1414,world,14.14,1.4040000000000001,3.8074999141693113,1.2296706555682346,-0.5449400617867299,0.7071001799850715,0.7071001799654834,-0.003055401598814879,0.00305540159889952,2.7702075746643803e-12,0.09999623770890191,-0.0008674353375240205,-0.009591870993682985,4.57281348905192e-11,5.291246286995361e-09,0.1,0.0,0
10,1415,world,14.15,1.4050000000000002,3.807499914169311,1.2306706175262383,-0.5449487842736186,0.707100032626984,0.7071000326269838,-0.003089313664606524,0.003089313664606524,0.0,0.09999615376231778,-0.0008770591444714496,-0.009591871327734524,2.5329087824359055e-11,2.898685032651674e-09,0.1,0.0,0
10,1416,world,14.16,1.4060000000000001,3.8074999141693118,1.2316705786409088,-0.544957602911616,0.7070998836415826,0.7070998836629893,-0.0031232257241664237,0.0031232257240718726,-3.0273569170391047e-12,0.099996069043647,-0.0008866655616317839,-0.009591871485288096,2.893171817670506e-12,3.275032014524468e-10,0.1,0.0,0
10,1417,world,14.17,1.4070000000000003,3.8074999141693104,1.232670538904554,-0.5449665175268279,0.7070997330488705,0.7070997330535022,-0.0031571377767034125,0.0031571377766827324,-6.550341320963295e-13,0.09999598355788732,-0.0008962545903545279,-0.009591871466343396,-1.3293229384880996e-11,-1.488612406402575e-09,0.1,0.0,0
10,1418,world,14.18,1.4080000000000001,3.807499914169311,1.2336704983095281,-0.5449755279453676,0.7070995808235115,0.7070995808238654,-0.0031910498216270733,0.0031910498216254765,-5.002179428644358e-14,0.09999589731007145,-0.0009058262270694128,-0.009591871270900582,-5.688383800503021e-11,-6.302277010138889e-09,0.1,0.0,0
10,1419,world,14.19,1.409,3.807499914169311,1.2346704568482312,-0.5449846339934215,0.7070994270120448,0.7070994269275461,-0.003224961858024059,0.0032249618584094426,1.1950029340981827e-11,0.09999581030512233,-0.0009153804793586381,-0.009591870898959817,-1.0991450821928746e-10,-1.2049580109477219e-08,0.1,0.0,0
10,1420,world,14.200000000000001,1.4100000000000004,3.8074999141693104,1.2356704145131234,-0.5449938354970104,0.7070992715745398,0.7070992714044815,-0.0032588738853706277,0.0032588738861543914,2.4050125908038537e-11,0.09999572254807212,-0.0009249173417022957,-0.009591870350521134,6.787344134644156e-11,7.363323222509794e-09,0.1,0.0,0
10,1421,world,14.21,1.4110000000000003,3.8074999141693104,1.2366703712967044,-0.5450031322822428,0.7070991143730188,0.7070991143926566,-0.0032927859036072367,0.0032927859035157877,-2.777258977621045e-12,0.099995634043961,-0.0009344368069758793,-0.009591869625584226,9.862744316938608e-11,1.0589485797785607e-08,0.1,0.0,0
10,1422,world,14.22,1.4120000000000001,3.8074999141693104,1.2376703271915293,-0.5450125241752269,0.7070989556599278,0.7070989556396323,-0.003326697910864023,0.003326697910959507,2.8702398422207904e-12,0.09999554479764193,-0.0009439388872099985,-0.009591868724149322,-2.9482059200302565e-11,-3.13318096195217e-09,0.1,0.0,0
10,1423,world,14.23,1.4130000000000003,3.8074999141693113,1.2386702821902016,-0.545022011002072,0.7070987953026783,0.7070987952780048,-0.0033606099070526384,0.003360609907169903,3.4893751552889297e-12,0.09999545481409129,-0.0009534235800674217,-0.009591867646216785,-1.3232730903563525e-11,-1.3921019875792747e-09,0.1,0.0,0
10,1424,world,14.24,1.4140000000000001,3.8074999141693113,1.2396702362853727,-0.5450315925888872,0.7070986333245176,0.7070986332845343,-0.003394521891362036,0.0033945218915539814,5.654557081444205e-12,0.09999536409826758,-0.0009628908842134967,-0.009591866391786536,2.693865100401219e-11,2.80568185082183e-09,0.1,0.0,0
10,1425,world,14.25,1.4150000000000003,3.8074999141693104,1.2406701894697436,-0.5450412687617829,0.7070984696848343,0.7070984696998405,-0.0034284338632863693,0.0034284338632136107,-2.122219832351219e-12,0.09999527265511987,-0.0009723407984017267,-0.009591864960858934,6.187728290636686e-11,6.38080251524537e-09,0.1,0.0,0
10,1426,world,14.26,1.4160000000000001,3.8074999141693104,1.2416701417360672,-0.5450510393468705,0.7070983044286508,0.7070983044789089,-0.003462345821908244,0.0034623458216621527,-7.10762999926006e-12,0.09999518048957416,-0.0009817733228642386,-0.009591863353433776,-1.0391253845557537e-11,-1.0610526022196965e-09,0.1,0.0,0
10,1427,world,14.27,1.417,3.8074999141693104,1.2426700930771444,-0.5450609041702607,0.7070981375888576,0.7070981375888578,-0.0034962577663616374,0.0034962577663616374,0.0,0.09999508760649473,-0.0009911884631322572,-0.009591861569511537,-1.0539412241056883e-10,-1.0657412144468823e-08,0.1,0.0,0
10,1428,world,14.280000000000001,1.4180000000000004,3.8074999141693104,1.2436700434858254,-0.5450708630580657,0.7070979691478083,0.7070979690473422,-0.0035301696960265373,0.003530169696528112,1.4208239226189317e-11,0.09999499401084005,-0.0010005862142070698,-0.0095918596090922,-9.599660490975054e-11,-9.613893776160963e-09,0.1,0.0,0
10,1429,world,14.290000000000001,1.4190000000000003,3.807499914169311,1.244669992955005,-0.5450809158364887,0.7070977990479199,0.707097798911954,-0.0035640816104875648,0.003564081611172892,1.922871953596903e-11,0.09999489970755641,-0.001009966571593884,-0.009401384349637835,9.145913206927338e-11,9.074018634040683e-09,0.1,0.0,0
10,1430,world,14.3,1.4200000000000002,3.8074999141693113,1.245669941477632,-0.5450910623317053,0.707097634073943,0.7070976341018078,-0.00359664667845272,0.0035966466783109853,-3.940744048741534e-12,0.09999480470109594,-0.001019329578539168,-0.00918063503286355,1.460600305950361e-10,1.4357695684567595e-08,0.1,0.0,0
10,1431,world,14.31,1.4210000000000003,3.8074999141693118,1.2466698890466945,-0.5451013023704648,0.7070974687612136,0.707097468828304,-0.003628997664141197,0.0036289976637968718,-9.488165105439596e-12,0.09999470899563928,-0.0010286753022307408,-0.009150360784030616,-4.1011898795406134e-12,-3.995396480720455e-10,0.1,0.0,0
10,1432,world,14.32,1.4220000000000002,3.8074999141693118,1.2476698356552296,-0.5451116357801101,0.707097302010389,0.7070973020326032,-0.0036613486479062595,0.0036613486477912347,-3.141607020246334e-12,0.09999461259605208,-0.0010380037405835671,-0.009150362373057495,-1.0836622413158409e-10,-1.0463820784813175e-08,0.1,0.0,0
10,1433,world,14.33,1.4230000000000003,3.8074999141693118,1.2486697812963183,-0.5451220623877492,0.7070971338085378,0.7070971337276415,-0.0036936996292002487,0.003693699629622831,1.1440613377638059e-11,0.0999945155071014,-0.0010473149001425286,-0.009150363808854074,9.457603984006248e-11,9.052248790161137e-09,0.1,0.0,0
10,1434,world,14.34,1.4240000000000002,3.8074999141693113,1.2496697259630911,-0.5451325820203893,0.7070969639594231,0.7070969641096607,-0.003726050608443772,0.0037260506076520943,-2.1247107498620038e-11,0.0999944177337256,-0.0010566087701626354,-0.009150365091420731,6.906237744110288e-11,6.552842123253063e-09,0.1,0.0,0
10,1435,world,14.35,1.425,3.8074999141693113,1.250669669648726,-0.545143194505535,0.7070967928149661,0.7070967928267449,-0.0037584015831797746,0.003758401583117168,-1.6657738388603602e-12,0.0999943192806777,-0.0010658853568238755,-0.009150366220757013,-8.380440450521362e-11,-7.883158745216258e-09,0.1,0.0,0
10,1436,world,14.36,1.4260000000000002,3.807499914169311,1.2516696123464541,-0.5451538996700027,0.707096620107659,0.7070966201464071,-0.0037907525542075606,0.003790752553999831,-5.479916274361456e-12,0.09999422015275626,-0.001075144661018665,-0.009150367196862956,-7.919142783144998e-11,-7.385655271437843e-09,0.1,0.0,0
10,1437,world,14.370000000000001,1.4270000000000003,3.8074999141693113,1.2526695540495487,-0.5451646973410902,0.7070964459994146,0.7070964459067399,-0.003823103520053601,0.0038231035205546714,1.3106380281314568e-11,0.09999412035478014,-0.0010843866809147299,-0.00915036801973847,-1.2128796248173311e-11,-1.1216057254778688e-09,0.1,0.0,0
10,1438,world,14.38,1.4280000000000002,3.807499914169311,1.2536694947513283,-0.5451755873460212,0.7070962702875483,0.7070962703104339,-0.003855454481202712,0.003855454481077928,-3.2365612750954695e-12,0.0999940198915668,-0.0010936114140527805,-0.009150368689383282,7.408188656201261e-11,6.79315738249797e-09,0.1,0.0,0
10,1439,world,14.39,1.4290000000000003,3.8074999141693113,1.2546694344451754,-0.5451865695117498,0.7070960931630779,0.7070960931664773,-0.0038878054360121446,0.003887805435993453,-4.807711172224106e-13,0.0999939187678339,-0.0011028188662865165,-0.009150369205797407,-5.2866565365905776e-12,-4.807361521396597e-10,0.1,0.0,0
10,1440,world,14.4,1.4300000000000002,3.8074999141693113,1.255669373124501,-0.5451976436657228,0.7070959145423964,0.7070959145584831,-0.003920156384326685,0.003920156384237501,-2.2750185904659786e-12,0.09999381698838905,-0.0011120090343870077,-0.009150369568980809,-1.9006280950628406e-11,-1.7140720243247525e-09,0.1,0.0,0
10,1441,world,14.41,1.4310000000000003,3.807499914169311,1.2566693107827707,-0.545208809634875,0.707095734466402,0.7070957344455596,-0.003952507325310504,0.0039525073254270075,2.9475863594608103e-12,0.09999371455801054,-0.0011211819170465394,-0.009150369778933912,6.305329531192602e-11,5.639861616877792e-09,0.1,0.0,0
10,1442,world,14.42,1.4320000000000002,3.8074999141693113,1.257669247413505,-0.5452200672463919,0.707095552833479,0.7070955529293291,-0.003984858258923395,0.003984858258383228,-1.3555490664782565e-11,0.0999936114813948,-0.0011303375194478007,-0.009150369835655965,1.6610671195050136e-11,1.4737099443166253e-09,0.1,0.0,0
10,1443,world,14.43,1.433,3.8074999141693113,1.2586691830102597,-0.5452314163276123,0.7070953698267128,0.7070953698267128,-0.004017209183526301,0.004017209183526301,0.0,0.0999935077633783,-0.0011394758335329532,-0.00915036973914699,-7.701001305737384e-11,-6.777299708008676e-09,0.1,0.0,0
10,1444,world,14.44,1.4340000000000002,3.807499914169311,1.2596691175666497,-0.5452428567054377,0.7070951852919107,0.7070951852919107,-0.004049560099378272,0.004049560099378272,0.0,0.09999340340866472,-0.0011485968622798883,-0.009150369489407678,9.371019598389703e-12,8.181117287286937e-10,0.1,0.0,0
10,1445,world,14.450000000000001,1.4350000000000003,3.807499914169311,1.2606690510763265,-0.5452543882072591,0.7070949992712161,0.7070949992827865,-0.004081911005633155,0.004081911005566361,-1.6363371427837182e-12,0.09999329842193548,-0.0011577006097249095,-0.009150369086437763,3.827819143388643e-11,3.3152804329438694e-09,0.1,0.0,0
10,1446,world,14.46,1.4360000000000002,3.8074999141693113,1.2616689835329964,-0.545266010660128,0.7070948117585444,0.7070948118054319,-0.004114261901717698,0.004114261901444881,-6.631018349080842e-12,0.09999319280790975,-0.001166787075771653,-0.009150368530237103,3.317125224965785e-11,2.8503711173649508e-09,0.1,0.0,0
10,1447,world,14.47,1.4370000000000003,3.8074999141693118,1.2626689149304102,-0.5452777238911212,0.7070946227809337,0.7070946228328165,-0.004146612786865552,0.004146612786561295,-7.337467481336207e-12,0.09999308657130879,-0.001175856259391051,-0.009150367820805543,-9.129628489563023e-11,-7.783808798879694e-09,0.1,0.0,0
10,1448,world,14.48,1.4380000000000002,3.807499914169311,1.2636688452623646,-0.5452895277276895,0.7070944323832652,0.7070944323200673,-0.004178963660199933,0.0041789636605734344,8.937672745984886e-12,0.09999297971689591,-0.0011849081552778402,-0.009150366958143252,-9.355597906667785e-11,-7.914711495717189e-09,0.1,0.0,0
10,1449,world,14.49,1.4390000000000003,3.8074999141693118,1.2646687745227059,-0.5453014219966845,0.7070942404463925,0.7070942403863385,-0.004211314521812795,0.004211314522170465,8.493046747022625e-12,0.09999287224929404,-0.00119394276929959,-0.009150365942250887,7.919836672537233e-11,6.648619637147516e-09,0.1,0.0,0
10,1450,world,14.5,1.4400000000000002,3.807499914169311,1.2656687027053237,-0.5453134065254425,0.7070940469855606,0.7070940470163933,-0.004243665371011312,0.004243665370826268,-4.3604881457089035e-12,0.09999276417320263,-0.00120296010003821,-0.009150364773128028,6.195456482880275e-11,5.1613553723184875e-09,0.1,0.0,0
10,1451,world,14.51,1.441,3.807499914169311,1.2666686298041563,-0.5453254811411304,0.7070938520990333,0.707093852111976,-0.004276016206597848,0.004276016206519581,-1.830374164651083e-12,0.0999926554932774,-0.0012119601489916792,-0.009150363450775273,1.6650916779747082e-11,1.3766626509515759e-09,0.1,0.0,0
10,1452,world,14.52,1.4420000000000002,3.807499914169311,1.267668555813191,-0.5453376456707458,0.7070936557048016,0.7070936557551045,-0.004308367028455208,0.0043083670281487095,-7.114028808796779e-12,0.09999254621424057,-0.0012209429114275372,-0.009150361975192096,-2.6567897224873534e-11,-2.1800843556956476e-09,0.1,0.0,0
10,1453,world,14.530000000000001,1.4430000000000003,3.8074999141693104,1.2686684807264577,-0.5453498999417679,0.7070934578832718,0.7070934578653817,-0.004340717835484147,0.004340717835593973,2.5301253465617062e-12,0.09999243634065991,-0.00122990839458763,-0.009150360346378747,-4.3670232421789554e-11,-3.556751366834268e-09,0.1,0.0,0
10,1454,world,14.540000000000001,1.4440000000000002,3.8074999141693118,1.269668404538037,-0.5453622437810824,0.70709325853863,0.7070932585386299,-0.004373068627660559,0.004373068627660559,0.0,0.0999923258772451,-0.0012388565933243384,-0.009063375632014982,1.564603483638517e-11,1.2649578962258645e-09,0.1,0.0,0
10,1455,world,14.55,1.4450000000000003,3.807499914169311,1.2706683272420516,-0.5453746770159864,0.7070930615545629,0.707093061554563,-0.004404804353779509,0.004404804353779509,0.0,0.09999221482854309,-0.0012477875149588668,-0.00884416514879773,3.337208985730466e-11,2.678752568988295e-09,0.1,0.0,0
10,1456,world,14.56,1.4460000000000002,3.8074999141693113,1.2716682488326703,-0.5453871994740268,0.7070928689928608,0.7070928690307462,-0.004435605106136125,0.0044356051058984675,-5.357922220540778e-12,0.09999210319817693,-0.00125670123941061,-0.008711939276050717,-1.8266508120881557e-11,-1.4559120105644828e-09,0.1,0.0,0
10,1457,world,14.57,1.4470000000000003,3.807499914169311,1.2726681693040922,-0.5453998109835254,0.7070926751376349,0.7070926751170441,-0.0044664058550685885,0.004466405855198651,2.9120189058482252e-12,0.09999199099053088,-0.0012655977834968232,-0.008711940707570337,-6.691812910880065e-11,-5.296808986760634e-09,0.1,0.0,0
10,1458,world,14.58,1.4480000000000002,3.807499914169311,1.2736680886505707,-0.5454125113724692,0.7070924799196873,0.70709247988266,-0.0044972066004847315,0.00449720660072023,5.236546190167644e-12,0.09999187821018386,-0.0012744771476015486,-0.008711942006846498,2.4125536668407385e-11,1.8965430039830015e-09,0.1,0.0,0
10,1459,world,14.59,1.449,3.8074999141693104,1.2746680068664022,-0.545425300469109,0.7070922833301924,0.7070922833364245,-0.004528007341917848,0.00452800734187794,-8.813736503940554e-13,0.0999917648617017,-0.0012833393324283924,-0.008711943173878972,-1.2062963490593648e-11,-9.418377598943673e-10,0.1,0.0,0
10,1460,world,14.6,1.4500000000000002,3.807499914169311,1.2756679239459245,-0.5454381781018178,0.7070920854489208,0.7070920853985732,-0.0045588080783315775,0.0045588080786561815,7.120382951522697e-12,0.09999165094971481,-0.0012921843329800472,-0.008711944208668115,-2.5404071239903818e-11,-1.9700712237215162e-09,0.1,0.0,0
10,1461,world,14.61,1.451,3.8074999141693113,1.2766678398835312,-0.5454511440985664,0.7070918861833073,0.7070918861616767,-0.004589608809794237,0.004589608809934636,3.059069923487266e-12,0.09999153647867144,-0.0013010121577138117,-0.008711945111213778,1.8295347898706178e-10,1.4092649027049545e-08,0.1,0.0,0
10,1462,world,14.620000000000001,1.4520000000000002,3.8074999141693104,1.2776677546736523,-0.5454641982875899,0.7070916855050641,0.7070916856540291,-0.004620409535970289,0.004620409534996894,-2.1067287826833865e-11,0.09999142145323048,-0.0013098227981065563,-0.008711945881515516,-2.173604181339543e-11,-1.6631399979701475e-09,0.1,0.0,0
10,1463,world,14.63,1.4530000000000003,3.8074999141693104,1.2786676683107627,-0.5454773404972963,0.7070914836674901,0.7070914836223378,-0.004651210254676844,0.004651210254973853,6.3856319654736594e-12,0.09999130587783886,-0.001318616261263404,-0.008711946519573627,-1.0992786556057689e-10,-8.355424619466454e-09,0.1,0.0,0
10,1464,world,14.64,1.4540000000000002,3.8074999141693113,1.2796675807893894,-0.5454905705556419,0.7070912803532,0.7070912803839937,-0.004682010967465666,0.004682010967261765,-4.354976344839558e-12,0.099991189757049,-0.001327392545489143,-0.008711947025388028,4.6174696069612474e-11,3.486568403988474e-09,0.1,0.0,0
10,1465,world,14.65,1.4550000000000003,3.807499914169311,1.280667492104098,-0.5455038882908452,0.7070910757485195,0.7070910757526779,-0.004712811672586575,0.004712811672558858,-5.881156437197276e-13,0.09999107309540595,-0.0013361516490235448,-0.00871194739895826,-1.0746412454070433e-10,-8.061381626828428e-09,0.1,0.0,0
10,1466,world,14.66,1.4560000000000002,3.8074999141693113,1.2816674022495074,-0.54551729353135,0.7070908698325324,0.7070908697493133,-0.004743612369647211,0.004743612370205497,1.1769219355517308e-11,0.09999095589738984,-0.0013448935743180868,-0.008711947640284849,-8.388463545515023e-11,-6.2517085781551875e-09,0.1,0.0,0
10,1467,world,14.67,1.457,3.8074999141693113,1.282667311220274,-0.545530786105098,0.7070906625317028,0.7070906624474429,-0.0047744130586141785,0.004774413059183118,1.1916447932023571e-11,0.09999083816757384,-0.0013536183162398043,-0.008711947749367416,3.138977796942044e-11,2.324302208924414e-09,0.1,0.0,0
10,1468,world,14.68,1.4580000000000002,3.807499914169311,1.2836672190111023,-0.5455443658402918,0.7070904538717251,0.7070904538213789,-0.004805213738792551,0.004805213739134691,7.120181632388654e-12,0.09999071991038196,-0.0013623258800841422,-0.008711947726205866,8.097745574616082e-11,5.957659112151863e-09,0.1,0.0,0
10,1469,world,14.69,1.459,3.8074999141693113,1.2846671256167401,-0.5455580325654107,0.7070902438618639,0.7070902438618639,-0.004836014409595271,0.004836014409595271,0.0,0.0999906011303581,-0.0013710162616219646,-0.008711947570800791,2.0027816236355743e-12,1.4641358754826373e-10,0.1,0.0,0
10,1470,world,14.700000000000001,1.4600000000000002,3.8074999141693113,1.2856670310319809,-0.5455717861083818,0.7070900325596501,0.7070900325113747,-0.004866815070101497,0.004866815070433771,6.827344193638335e-12,0.09999048183187971,-0.001379689468154151,-0.008711947283151535,-4.900645867537369e-11,-3.5598626359570277e-09,0.1,0.0,0
10,1471,world,14.71,1.4610000000000003,3.807499914169311,1.2866669352516653,-0.5455856262974099,0.7070898198926746,0.707089819842327,-0.004897615720280346,0.004897615720629075,7.120382945638724e-12,0.09999036201951055,-0.0013883454927453224,-0.008711946863258126,3.2202452550856667e-11,2.324488562271682e-09,0.1,0.0,0
10,1472,world,14.72,1.4620000000000002,3.8074999141693113,1.2876668382706726,-0.545599552960957,0.7070896058655333,0.7070896058501335,-0.004928416359576849,0.004928416359684185,2.1779025730391842e-12,0.09999024169768084,-0.001396984337553497,-0.008711946311121318,8.100707614955055e-11,5.81084705862066e-09,0.1,0.0,0
10,1473,world,14.73,1.4630000000000003,3.8074999141693118,1.2886667400839358,-0.545613565926989,0.7070893904905957,0.7070893905224319,-0.0049592169873807265,0.0049592169871574415,-4.502424072360906e-12,0.09999012087082904,-0.0014056060034740225,-0.00871194562674042,-3.466276749185988e-11,-2.4709943005672727e-09,0.1,0.0,0
10,1474,world,14.74,1.4640000000000002,3.807499914169311,1.2896666406864232,-0.5456276650236946,0.7070891738387199,0.7070891737883724,-0.0049900176026667605,0.004990017603022069,7.120382949341439e-12,0.09998999954337531,-0.0014142104920434166,-0.008711944810115885,-6.043832976462077e-11,-4.281874773025478e-09,0.1,0.0,0
10,1475,world,14.75,1.465,3.8074999141693118,1.2906665400731503,-0.5456418500795198,0.7070889557932961,0.707088955764573,-0.005020818205728562,0.005020818205932515,4.06216283331075e-12,0.09998987771981076,-0.0014227977991599383,-0.0087119438612478,3.926169290483945e-11,2.7644990322269445e-09,0.1,0.0,0
10,1476,world,14.76,1.4660000000000002,3.8074999141693113,1.291666438239178,-0.5456561209224677,0.7070887364083073,0.7070887363970587,-0.005051618795661298,0.00505161879574166,1.5908147965643406e-12,0.09998975540453434,-0.001431367926634252,-0.008711942780135774,2.2729040900389958e-11,1.59065249102339e-09,0.1,0.0,0
10,1477,world,14.77,1.467,3.8074999141693113,1.2926663351796155,-0.5456704773807133,0.707088515687909,0.7070885156816827,-0.005082419371908869,0.005082419371953622,8.805389614386399e-13,0.09998963260195204,-0.0014399208751350475,-0.008711941566780441,2.0260026321143706e-10,1.409260095420277e-08,0.1,0.0,0
10,1478,world,14.780000000000001,1.4680000000000002,3.8074999141693113,1.29366623088961,-0.5456849192826851,0.7070882935312444,0.7070882937193106,-0.005113219934673863,0.005113219933313886,-2.659729059912413e-11,0.0999895093165176,-0.0014484566414092875,-0.008711940221181791,-4.512024440340104e-11,-3.1196007862739065e-09,0.1,0.0,0
10,1479,world,14.790000000000001,1.4690000000000003,3.807499914169311,1.2946661253643519,-0.5456994464564249,0.707088070249306,0.7070880701989585,-0.005144020481180245,0.005144020481546519,7.120383002649854e-12,0.09998938555248123,-0.0014569752356370389,-0.008711938743339987,-1.9348329386764737e-10,-1.3297229062085475e-08,0.1,0.0,0
10,1480,world,14.8,1.4700000000000002,3.8074999141693113,1.295666018599082,-0.545714058730092,0.7070878454813646,0.7070878454813646,-0.005174821013513787,0.005174821013513787,0.0,0.09998926131435873,-0.0014654766490415513,-0.008504365993155131,1.0424681963570488e-10,7.122783476496628e-09,0.1,0.0,0
10,1481,world,14.81,1.4710000000000003,3.8074999141693113,1.2966659105890728,-0.5457287559321806,0.7070876301756279,0.7070876302260198,-0.005204153820260268,0.005204153819889384,-7.126693267176973e-12,0.09998913660587894,-0.0014739609258332003,-0.008286667448606833,4.3368086949054085e-17,9.303132276930681e-15,0.1,0.0,0
10,1482,world,14.82,1.4720000000000002,3.8074999141693113,1.2976658013296414,-0.5457435378916874,0.7070874142334108,0.7070874142334109,-0.0052334150140038345,0.0052334150140038345,0.0,0.09998901143050043,-0.0014824281268426033,-0.008276541492128421,8.673617389787538e-17,8.282288167709232e-15,0.1,0.0,0
10,1483,world,14.83,1.473,3.807499914169311,1.2986656908161427,-0.5457584044378392,0.7070871970298627,0.7070871970802547,-0.005262676203470288,0.005262676203095233,-7.1266932980914525e-12,0.09998888579257637,-0.0014908782509381263,-0.008276542655166355,-1.3264246487165883e-10,-8.91036342271984e-09,0.1,0.0,0
10,1484,world,14.84,1.4740000000000002,3.8074999141693104,1.2996655790439675,-0.5457733553998368,0.707086978728781,0.7070869786027592,-0.00529193738698903,0.005291937387932194,1.7822667941424254e-11,0.09998875969637358,-0.0014993113021852392,-0.008276543704814057,-3.8176710100710886e-11,-2.550361806911592e-09,0.1,0.0,0
10,1485,world,14.85,1.475,3.8074999141693104,1.3006654660085568,-0.545788390606904,0.7070867590583872,0.7070867590727087,-0.005321198566140266,0.00532119856603249,-2.0254058314670123e-12,0.09998863314643583,-0.0015077272656140442,-0.008276544641071292,2.851171125369779e-10,1.894227188156919e-08,0.1,0.0,0
10,1486,world,14.86,1.4760000000000002,3.8074999141693113,1.3016653517053969,-0.5458035098882646,0.7070865381834528,0.7070865383253379,-0.005350459739245888,0.005350459738172256,-2.006615872358006e-11,0.09998850614683191,-0.001516126157336043,-0.008276545463938061,-1.3539403988429283e-10,-8.945942165876824e-09,0.1,0.0,0
10,1487,world,14.870000000000001,1.4770000000000003,3.8074999141693113,1.3026652361300104,-0.5458187130731428,0.7070863162884172,0.7070863161762131,-0.0053797209044508494,0.005379720905304532,1.5868524754572046e-11,0.0999883787019353,-0.0015245079725513429,-0.008276546173414084,-2.2145857221959565e-10,-1.4552926979419819e-08,0.1,0.0,0
10,1488,world,14.88,1.4780000000000002,3.8074999141693113,1.303665119277965,-0.5458339999907637,0.7070860930312818,0.7070860929673395,-0.005408982063896659,0.005408982064385796,9.043047452890833e-12,0.0999882508161178,-0.001532872706104073,-0.008276546769499245,1.0441933787894546e-10,6.8246869964252755e-09,0.1,0.0,0
10,1489,world,14.89,1.4790000000000003,3.8074999141693118,1.3046650011448735,-0.5458493704703529,0.707085868563225,0.707085868547545,-0.005438243215988401,0.0054382432161089985,2.2175698259190737e-12,0.0999881224935696,-0.0015412203641662684,-0.008276547252194294,1.210506956472526e-10,7.869103900772316e-09,0.1,0.0,0
10,1490,world,14.9,1.4800000000000002,3.8074999141693113,1.3056648817263914,-0.5458648243411365,0.7070856428768645,0.707085642924218,-0.005467504360332179,0.0054675043599660186,-6.697029771533609e-12,0.09998799373857127,-0.001549550946382045,-0.008276547621498456,1.3884822127363196e-10,8.977739395491583e-09,0.1,0.0,0
10,1491,world,14.91,1.481,3.8074999141693118,1.3066647610182165,-0.5458803614323415,0.7070854159791351,0.7070854160904309,-0.005496765496424029,0.005496765495558834,-1.57400762585491e-11,0.09998786455546425,-0.0015578644479345431,-0.008276547877412098,3.340123320632917e-12,2.1482504554406148e-10,0.1,0.0,0
10,1492,world,14.92,1.4820000000000002,3.8074999141693113,1.3076646390160864,-0.5458959815731952,0.7070851879329174,0.7070851879833093,-0.005526026623321623,0.0055260266229278,-7.126693323138111e-12,0.09998773494839396,-0.001566160876065979,-0.008276548019934637,-1.2080232661329608e-10,-7.728192460719204e-09,0.1,0.0,0
10,1493,world,14.93,1.483,3.8074999141693113,1.308664515715784,-0.5459116845929256,0.7070849586695398,0.7070849586715324,-0.005555287741105755,0.005555287741090099,-2.81820431930387e-13,0.09998760492173335,-0.001574440222862396,-0.008276548049066154,0.0,-9.026660722605245e-15,0.1,0.0,0
10,1494,world,14.94,1.4840000000000002,3.8074999141693113,1.3096643911131376,-0.5459274703207614,0.7070847281468585,0.7070847281972502,-0.005584548849659092,0.005584548849261098,-7.1266933181220406e-12,0.09998747447960055,-0.0015827024961215495,-0.008276547964807458,2.2271073899404747e-11,1.4098291072815237e-09,0.1,0.0,0
10,1495,world,14.950000000000001,1.4850000000000003,3.8074999141693113,1.310664265204008,-0.5459433385859319,0.7070844964517058,0.7070844964736382,-0.005613809947847283,0.0056138099476731535,-3.1018190663825835e-12,0.09998734362630407,-0.0015909476909661117,-0.008276547767157803,-5.4590013127838835e-11,-3.4377080512966188e-09,0.1,0.0,0
10,1496,world,14.96,1.4860000000000002,3.8074999141693104,1.3116641379843064,-0.5459592892176672,0.7070842635415073,0.7070842635432779,-0.005643071035554357,0.005643071035540227,-2.5039084182259217e-13,0.09998721236603192,-0.0015991758096084757,-0.008276547456117285,-9.860749381074509e-11,-6.177441743229208e-09,0.1,0.0,0
10,1497,world,14.97,1.4870000000000003,3.8074999141693113,1.3126640094499855,-0.545975322045198,0.707084029443939,0.7070840293785009,-0.0056723321121078625,0.005672332112632816,9.25462884592797e-12,0.09998708070296898,-0.0016073868538622857,-0.008276547031686133,1.165960558601191e-10,7.266665341721891e-09,0.1,0.0,0
10,1498,world,14.98,1.4880000000000002,3.807499914169311,1.313663879597039,-0.5459914368977559,0.7070837940168845,0.7070837941214311,-0.005701593178199858,0.005701593177356843,-1.47856040941534e-11,0.09998694864149905,-0.0016155808126585528,-0.008276546493864312,1.0149285937164273e-10,6.2929177403175365e-09,0.1,0.0,0
10,1499,world,14.99,1.489,3.807499914169311,1.314663748421501,-0.5460076336045727,0.707083557504427,0.7070835575279929,-0.005730854231415843,0.005730854231224845,-3.332815761530636e-12,0.09998681618555312,-0.0016237577024960335,-0.0082765458426521,-1.0689591585225119e-10,-6.59407692844479e-09,0.1,0.0,0
10,1500,world,15.0,1.4900000000000002,3.8074999141693113,1.3156636159194484,-0.5460239119948819,0.7070833197467389,0.707083319758022,-0.00576011527259129,0.005760115272499375,-1.5957199145397108e-12,0.09998668333945099,-0.0016319175151815616,-0.008276545078049135,-2.71483356938581e-11,-1.6661954075622343e-09,0.1,0.0,0
10,1501,world,15.01,1.491,3.807499914169311,1.3166634820870025,-0.5460402718979167,0.7070830807776731,0.7070830807776731,-0.005789376301002313,0.005789376301002313,0.0,0.09998655010742447,-0.0016400602475204217,-0.008276544200055446,-1.3064115776322647e-11,-7.97740819219891e-10,0.1,0.0,0
10,1502,world,15.02,1.4920000000000002,3.8074999141693113,1.317663346920324,-0.5460567131429117,0.7070828405920921,0.7070828405920923,-0.005818637316240308,0.005818637316240308,0.0,0.0999864164935204,-0.0016481859070727675,-0.008276543208671421,5.294731673038121e-11,3.2168713984499263e-09,0.1,0.0,0
10,1503,world,15.030000000000001,1.4930000000000003,3.8074999141693113,1.3186632104156155,-0.5460732355591024,0.7070825991728927,0.7070825992183908,-0.005847898317996468,0.005847898317620178,-6.434617283165598e-12,0.09998628250201008,-0.001656294487171581,-0.008276542103896688,-4.9239692240948884e-11,-2.9766346451592006e-09,0.1,0.0,0
10,1504,world,15.040000000000001,1.4940000000000002,3.8074999141693118,1.3196630725691196,-0.5460898389757247,0.7070823566093762,0.707082356567276,-0.005877159305080396,0.005877159305430328,5.954088018367851e-12,0.09998614813696041,-0.0016643859930344724,-0.008276540885732054,-1.704531483185206e-10,-1.025292050985757e-08,0.1,0.0,0
10,1505,world,15.05,1.4950000000000003,3.807499914169311,1.3206629333771234,-0.5461065232220155,0.7070821128199068,0.7070821127203917,-0.0059064202777148155,0.005906420278546088,1.4074054849837426e-11,0.09998601340253573,-0.0016724604234321192,-0.008161364492804165,-8.692473833717683e-11,-5.203058120204555e-09,0.1,0.0,0
10,1506,world,15.06,1.4960000000000002,3.8074999141693113,1.321662792835955,-0.546123288127347,0.7070818746349165,0.7070818745192262,-0.005934866853518006,0.0059348668544890485,1.6361659499943626e-11,0.09998587830267373,-0.0016805177901229595,-0.007945149193373103,5.848698267966226e-11,3.4840434217451516e-09,0.1,0.0,0
10,1507,world,15.07,1.497,3.8074999141693113,1.3226626509419694,-0.5461401335212777,0.7070816412896238,0.7070816412393858,-0.005962598987996507,0.005962598988420149,7.104984811319901e-12,0.09998574284021972,-0.0016885581688102988,-0.007844110188392655,1.4878671227006878e-10,8.821393894318399e-09,0.1,0.0,0
10,1508,world,15.08,1.4980000000000002,3.8074999141693113,1.3236625076915638,-0.5461570592341183,0.7070814068596983,0.7070814068687749,-0.005990331117090437,0.005990331117013542,-1.2836548157508203e-12,0.09998560701906638,-0.001696581571521834,-0.007844111218031793,8.673513305370168e-11,5.118599786202898e-09,0.1,0.0,0
10,1509,world,15.09,1.499,3.807499914169311,1.3246623630811696,-0.5461740650961031,0.7070811713651908,0.7070811713873485,-0.006018063240244856,0.006018063240056268,-3.133708154608457e-12,0.09998547084330688,-0.0017045879977972006,-0.00784411215114155,4.820189391466063e-12,2.831595956438169e-10,0.1,0.0,0
10,1510,world,15.1,1.5000000000000002,3.8074999141693113,1.3256622171072627,-0.5461911509374675,0.707080934794066,0.7070809348071474,-0.006045795357176054,0.006045795357064204,-1.8500470158213718e-12,0.09998533431705715,-0.001712577445347964,-0.007844112987721402,-5.538711855952503e-12,-3.2385532209669036e-10,0.1,0.0,0
10,1511,world,15.11,1.5010000000000001,3.8074999141693113,1.326662069766356,-0.546208316588447,0.7070806971284622,0.7070806971460394,-0.006073527467652226,0.0060735274675012465,-2.485874799110785e-12,0.09998519744428482,-0.0017205499200495151,-0.007844113727771352,-5.677949435894571e-11,-3.304894143861753e-09,0.1,0.0,0
10,1512,world,15.120000000000001,1.5020000000000002,3.8074999141693118,1.3276619210550074,-0.5462255618792778,0.707080458403036,0.7070804583693739,-0.0061012595709912425,0.0061012595712817055,4.760702527751202e-12,0.09998506022908658,-0.0017285054196997608,-0.007844114371291917,-6.374623058177968e-11,-3.6935404269780355e-09,0.1,0.0,0
10,1513,world,15.13,1.5030000000000003,3.8074999141693118,1.328661770969812,-0.546242886640197,0.7070802185648037,0.7070802185301405,-0.006128991667265161,0.006128991667565622,4.902293981329994e-12,0.09998492267560483,-0.0017364439390106818,-0.007844114918282586,1.1083295750877212e-10,6.392726191257777e-09,0.1,0.0,0
10,1514,world,15.14,1.5040000000000002,3.8074999141693113,1.3296616195074047,-0.546260290701442,0.7070799775926778,0.7070799776494328,-0.006156723756276651,0.006156723755782471,-8.0266699796685e-12,0.09998478478781393,-0.0017443654819252396,-0.00784411536874344,1.1626541755172504e-10,6.675862809270146e-09,0.1,0.0,0
10,1515,world,15.15,1.5050000000000001,3.8074999141693113,1.3306614666644658,-0.5462777738932509,0.7070797355770785,0.7070797356368369,-0.006184455836856383,0.006184455836333708,-8.451442691503902e-12,0.09998464656975192,-0.0017522700481936667,-0.007844115722673952,-1.4788795203624372e-10,-8.453499218442701e-09,0.1,0.0,0
10,1516,world,15.16,1.5060000000000002,3.8074999141693113,1.331661312437709,-0.5462953360458624,0.7070794925365873,0.707079492473778,-0.006212187908452016,0.0062121879090038384,8.882902666678759e-12,0.09998450802533787,-0.0017601576438339085,-0.007844115980075173,-9.353811138024272e-11,-5.322901696545771e-09,0.1,0.0,0
10,1517,world,15.17,1.5070000000000001,3.8074999141693118,1.332661156823896,-0.5463129769895164,0.7070792483234971,0.7070792483079695,-0.006239919971975744,0.006239919972112773,2.196006634306149e-12,0.0999843691587648,-0.001768028258780364,-0.007844116140946053,1.0476454783888693e-10,5.935278601187935e-09,0.1,0.0,0
10,1518,world,15.18,1.5080000000000002,3.8074999141693118,1.3336609998198237,-0.5463306965544523,0.7070790030280442,0.7070790030491821,-0.006267652026253808,0.006267652026066438,-2.9894672690116205e-12,0.09998422997393454,-0.0017758818990494425,-0.007844116205287296,1.9464291309810833e-11,1.09782402329905e-09,0.1,0.0,0
10,1519,world,15.19,1.5090000000000001,3.807499914169312,1.3346608414223273,-0.5463484945709116,0.7070787566738252,0.7070787566738251,-0.006295384070691575,0.006295384070691575,0.0,0.09998409047485216,-0.0017837185642864857,-0.007844116173098459,4.2810373345795744e-12,2.4038867438223957e-10,0.1,0.0,0
10,1520,world,15.200000000000001,1.5100000000000002,3.8074999141693118,1.3356606816282857,-0.5463663708691352,0.7070785092091042,0.7070785092336421,-0.006323116105364414,0.0063231161051449805,-3.470345518025808e-12,0.09998395066553983,-0.0017915382527033123,-0.007844116044379372,-4.439712491089402e-11,-2.482132117136389e-09,0.1,0.0,0
10,1521,world,15.21,1.5110000000000003,3.807499914169312,1.3366605204346167,-0.5463843252793659,0.707078260698814,0.7070782606637069,-0.006350848129307892,0.006350848129623217,4.9650811986053815e-12,0.09998381054991048,-0.0017993409681355873,-0.007844115819130998,-1.5878860742576545e-10,-8.838718113516705e-09,0.1,0.0,0
10,1522,world,15.22,1.5120000000000002,3.807499914169311,1.3376603578382762,-0.5464023576318462,0.7070780111037283,0.7070780110032527,-0.006378580142487015,0.00637858014339341,1.4209969690061807e-11,0.09998367013208165,-0.0018071267025551272,-0.007844115497352545,5.18834975515075e-11,2.875467813856589e-09,0.1,0.0,0
10,1523,world,15.23,1.5130000000000001,3.8074999141693113,1.338660193836263,-0.5464204677568202,0.7070777603352856,0.7070777603408487,-0.00640631214531995,0.006406312145269547,-7.86761535425189e-13,0.09998352941585276,-0.0018148954651190487,-0.007844115079043576,1.9310317253925228e-10,1.065572784707411e-08,0.1,0.0,0
10,1524,world,15.24,1.5140000000000002,3.807499914169312,1.3396600284256155,-0.5464386554845323,0.7070775085098748,0.7070775085601126,-0.006434044136373805,0.0064340441359166676,-7.1049848465340166e-12,0.09998338840531938,-0.0018226472481116555,-0.007844114564205402,-1.174060849745104e-11,-6.450712793626346e-10,0.1,0.0,0
10,1525,world,15.25,1.5150000000000001,3.807499914169312,1.3406598616034031,-0.5464569206452274,0.7070772556460545,0.7070772556424938,-0.0064617761150914735,0.006461776115124013,5.035722436122053e-13,0.09998324710425831,-0.001830382060889256,-0.007844113952837153,-1.782362453901897e-10,-9.750918102578095e-09,0.1,0.0,0
10,1526,world,15.26,1.5160000000000002,3.807499914169312,1.3416596933667453,-0.5464752630691521,0.7070770017097512,0.707077001622073,-0.0064895080813959964,0.0064895080822007,1.2400073718900141e-11,0.0999831055167218,-0.0018380998971966153,-0.007844113244939345,8.666505022520037e-12,4.72092675901661e-10,0.1,0.0,0
10,1527,world,15.27,1.5170000000000001,3.8074999141693127,1.3426595237127956,-0.5464936825865528,0.7070767465983532,0.7070767466014698,-0.006517240035847484,0.006517240035818757,-4.4077611235119644e-13,0.09998296364663514,-0.001845800757296758,-0.007844112440511898,2.4524835312737323e-10,1.330276512327105e-08,0.1,0.0,0
10,1528,world,15.280000000000001,1.5180000000000002,3.8074999141693127,1.3436593526387484,-0.5465121790276773,0.7070764903960384,0.7070764904965137,-0.006544971977293161,0.0065449719763631216,-1.4209969742029232e-11,0.09998282149795439,-0.001853484639319044,-0.007844111539554199,5.993781865871505e-11,3.237360013784038e-09,0.1,0.0,0
10,1529,world,15.290000000000001,1.5190000000000003,3.8074999141693127,1.3446591801418366,-0.5465307522227808,0.7070762331805568,0.7070762332294624,-0.006572703904626784,0.006572703904172175,-6.916628467481869e-12,0.09998267907443047,-0.0018611515519823584,-0.007844110542067297,-7.173801490763364e-11,-3.858356606921598e-09,0.1,0.0,0
10,1530,world,15.3,1.5200000000000002,3.807499914169312,1.3456590062193337,-0.5465494020021142,0.707075974853165,0.7070759748990677,-0.006600435818377455,0.006600435817948962,-6.491886566826635e-12,0.09998253638018983,-0.0018688014833083738,-0.007815282291374194,-6.307116293995051e-11,-3.3780239863440396e-09,0.1,0.0,0
10,1531,world,15.31,1.5210000000000001,3.8074999141693113,1.346658830868549,-0.5465681281959066,0.7070757173697197,0.7070757173708466,-0.006627963887916098,0.006627963887905534,-1.593775271925164e-13,0.09998239341886851,-0.001876434447189321,-0.007600524249052486,-7.737829481835698e-11,-4.1274311712719665e-09,0.1,0.0,0
10,1532,world,15.32,1.5220000000000002,3.807499914169312,1.347658654086828,-0.5465869306347304,0.7070754711723127,0.707075471159837,-0.006654177279917759,0.006654177280035166,1.7644048312292803e-12,0.09998225019341012,-0.001884050493576152,-0.007414594405517352,6.641267403219077e-11,3.5281977194496966e-09,0.1,0.0,0
10,1533,world,15.33,1.5230000000000001,3.807499914169312,1.3486584758715474,-0.5466058091495956,0.707075223964512,0.7070752240155417,-0.006680390666467733,0.006680390665985608,-7.217007163953661e-12,0.09998210670692348,-0.0018916496624289637,-0.007414595306691717,9.998946124692046e-13,5.290926867605274e-11,0.1,0.0,0
10,1534,world,15.34,1.5240000000000002,3.807499914169312,1.349658296220111,-0.5466247635717235,0.7070749758480056,0.7070749758362783,-0.006706604046281578,0.006706604046392812,1.6585790107067349e-12,0.09998196296320236,-0.0018992319565636383,-0.007414596126340843,-1.0037110041198507e-12,-5.290909994708952e-11,0.1,0.0,0
10,1535,world,15.35,1.5250000000000001,3.8074999141693127,1.3506581151299686,-0.5466437937323639,0.7070747266972823,0.7070747267475637,-0.00673281742022317,0.006732817419744386,-7.11118552763071e-12,0.09998181896620445,-0.0019067973697074938,-0.007414596864466074,5.444074016029479e-11,2.8583982856339203e-09,0.1,0.0,0
10,1536,world,15.36,1.526,3.807499914169312,1.3516579325986027,-0.5466628994628997,0.7070744766165217,0.7070744766452237,-0.006759030786979356,0.006759030786704988,-4.0592718639241184e-12,0.09998167471958047,-0.001914345911272772,-0.007414597521065157,-9.89148867887311e-11,-5.1733593259658486e-09,0.1,0.0,0
10,1537,world,15.370000000000001,1.5270000000000004,3.807499914169312,1.3526577486235403,-0.5466820805943906,0.7070742255789394,0.7070742255560484,-0.0067852441464782975,0.006785244146697966,3.2374390801344303e-12,0.09998153022736331,-0.0019218775702001352,-0.007414598096138656,-1.486798532875822e-10,-7.746071452227578e-09,0.1,0.0,0
10,1538,world,15.38,1.5280000000000002,3.807499914169312,1.353657563202344,-0.5467013369580687,0.707073973572719,0.7070739734918599,-0.006811457498507912,0.006811457499286851,1.1435716333624492e-11,0.09998138549312732,-0.0019293923589227746,-0.007414598589687434,-3.297136872106273e-11,-1.7111602643966346e-09,0.1,0.0,0
10,1539,world,15.39,1.5290000000000001,3.807499914169312,1.354657376332612,-0.5467206683852132,0.7070737205488092,0.7070737205017154,-0.0068376708432179795,0.006837670843673396,6.6604005615246604e-12,0.09998124052086788,-0.0019368902675084788,-0.0074145990017110185,2.2590991598119744e-10,1.1679419235124813e-08,0.1,0.0,0
10,1540,world,15.4,1.5300000000000002,3.8074999141693118,1.3556571880119812,-0.5467400747071539,0.7070734665042474,0.7070734665885834,-0.006863884180318144,0.006863884179499456,-1.1927473544753344e-11,0.09998109531433262,-0.0019443712984761952,-0.007414599332208366,1.7384973684917284e-10,8.953620423683908e-09,0.1,0.0,0
10,1541,world,15.41,1.5310000000000001,3.8074999141693118,1.35665699823813,-0.5467595557549819,0.7070732115559782,0.7070732116355255,-0.0068900975083500265,0.0068900975075748775,-1.125019548821721e-11,0.09998094987734385,-0.0019518354500462833,-0.007414599581180827,-7.990223073844179e-11,-4.099459646760458e-09,0.1,0.0,0
10,1542,world,15.42,1.5320000000000003,3.807499914169312,1.3576568070087756,-0.5467791113599318,0.7070729556600982,0.7070729556864508,-0.006916310827411296,0.0069163108271535255,-3.726994704543892e-12,0.09998080421352132,-0.0019592827303683094,-0.00741459974862865,-1.7958672759800617e-10,-9.178938369344145e-09,0.1,0.0,0
10,1543,world,15.43,1.5330000000000001,3.807499914169312,1.358656614321661,-0.5467987413533124,0.7070726988041273,0.707072698753846,-0.006942524137297565,0.0069425241377912604,7.111185537784177e-12,0.09998065832676548,-0.001966713132762972,-0.007414599834549548,9.745182100777353e-11,4.962096673029486e-09,0.1,0.0,0
10,1544,world,15.44,1.534,3.8074999141693118,1.3596564201745787,-0.5468184455664012,0.7070724408646228,0.7070724409611602,-0.006968737438899932,0.006968737437948485,-1.3653081422776634e-11,0.09998051222077237,-0.001974126660574185,-0.007414599838945425,1.1348257413628791e-10,5.756619978461777e-09,0.1,0.0,0
10,1545,world,15.450000000000001,1.5350000000000004,3.807499914169312,1.3606562245653568,-0.5468382238303205,0.7070721820594212,0.7070721820905628,-0.006994950729751603,0.006994950729443527,-4.404268309117324e-12,0.09998036589935694,-0.001981523310664376,-0.0074145997618170175,-1.143815945785365e-11,-5.780577702309354e-10,0.1,0.0,0
10,1546,world,15.46,1.5360000000000003,3.8074999141693127,1.361656027491861,-0.5468580759763083,0.7070719222211109,0.707071922309472,-0.0070211640111789205,0.007021164010301502,-1.2496755126643927e-11,0.0999802193662612,-0.0019889030831820704,-0.00741459960316233,-1.5571285594653913e-10,-7.839820804129805e-09,0.1,0.0,0
10,1547,world,15.47,1.5370000000000001,3.807499914169312,1.3626558289519903,-0.5468780018357019,0.7070716615236665,0.7070716614439199,-0.007047377281130487,0.007047377281925323,1.1278468710555804e-11,0.09998007262512601,-0.001996265982911881,-0.007414599362982015,-2.381250580846543e-10,-1.1944495047958866e-08,0.1,0.0,0
10,1548,world,15.48,1.5380000000000003,3.807499914169312,1.3636556289436843,-0.546898001239728,0.707071399770793,0.7070713996902083,-0.007073590541233318,0.0070735905420394925,1.1396961789624037e-11,0.09997992567977904,-0.002003612004821209,-0.007414599041276159,1.8395285311869277e-10,9.192982435153385e-09,0.1,0.0,0
10,1549,world,15.49,1.5390000000000001,3.8074999141693118,1.3646554274649194,-0.5469180740195396,0.7070711369802763,0.7070711370305576,-0.007099803790993892,0.007099803790489012,-7.111185530875927e-12,0.09997977853396658,-0.002010941147571645,-0.007414598638045323,1.7382519051196525e-10,8.654787806771996e-09,0.1,0.0,0
10,1550,world,15.5,1.5400000000000003,3.807499914169312,1.3656552245137086,-0.5469382200063779,0.7070708732876301,0.707070873329461,-0.007126017028729601,0.007126017028308021,-5.9160681344371105e-12,0.09997963119127945,-0.002018253417126462,-0.007414598153288987,-1.7347234775662822e-16,-9.927903777274844e-15,0.1,0.0,0
10,1551,world,15.51,1.5410000000000001,3.807499914169312,1.3666550200881005,-0.546958439031609,0.7070706086147496,0.7070706086650306,-0.0071522302548985275,0.00715223025438992,-7.111185536784286e-12,0.09997948365543724,-0.0020255488125833633,-0.007414597587007026,-3.798168380514409e-11,-1.8772470106845098e-09,0.1,0.0,0
10,1552,world,15.52,1.542,3.807499914169312,1.3676548141861848,-0.54697873092641,0.7070703429918146,0.7070703430070931,-0.007178443468871003,0.007178443468715891,-2.160802877123465e-12,0.09997933593022741,-0.002032827329297703,-0.007414596939200911,-5.009465069576251e-11,-2.4668793025131193e-09,0.1,0.0,0
10,1553,world,15.530000000000001,1.5430000000000004,3.807499914169312,1.3686546068060848,-0.5469990955219645,0.7070700763795462,0.7070700763949349,-0.007204656670720656,0.007204656670563854,-2.176409011067895e-12,0.09997918801925226,-0.0020400889713451486,-0.007414596209868777,-1.5244142767633642e-11,-7.479607387628295e-10,0.1,0.0,0
10,1554,world,15.540000000000001,1.5440000000000003,3.807499914169311,1.3696543979459679,-0.5470195326495166,0.7070698088009041,0.7070698088056032,-0.007230869859890397,0.007230869859842342,-6.645846394251624e-13,0.0999790399261908,-0.002047333738584906,-0.0074145953990110555,-6.795692487192784e-12,-3.322251703947236e-10,0.1,0.0,0
10,1555,world,15.55,1.5450000000000002,3.807499914169312,1.3706541876040192,-0.5470400421404613,0.7070695402421521,0.7070695402528416,-0.007257083036196421,0.007257083036086707,-1.5118281470734921e-12,0.09997889165475173,-0.0020545616290138175,-0.007414594506628837,6.206059977167251e-11,3.023008932675102e-09,0.1,0.0,0
10,1556,world,15.56,1.5460000000000003,3.807499914169312,1.3716539757784796,-0.5470606238259267,0.7070692706962449,0.7070692707437026,-0.0072832961993880225,0.007283296198899174,-6.71190663114711e-12,0.09997874320855489,-0.002061772644556384,-0.007252910100196084,-1.5359241669764776e-10,-7.455232380497729e-09,0.1,0.0,0
10,1557,world,15.57,1.5470000000000002,3.8074999141693118,1.3726537624676194,-0.5470812775371476,0.7070690120854096,0.7070690119906495,-0.007308366134619059,0.007308366135598514,1.3401831493574892e-11,0.0999785945906006,-0.0020689668166337495,-0.007039584955759014,-2.516533858378939e-10,-1.2172469553473971e-08,0.1,0.0,0
10,1558,world,15.58,1.5480000000000003,3.8074999141693118,1.3736535476697267,-0.5471020031062727,0.7070687563165404,0.7070687561918259,-0.007333070922417711,0.007333070923711137,1.763824682368855e-11,0.0999784458033432,-0.002076144202112917,-0.006987944123781609,1.378752148296305e-10,6.646375666479708e-09,0.1,0.0,0
10,1559,world,15.59,1.5490000000000002,3.8074999141693113,1.3746533313831328,-0.5471228003652333,0.7070684996075064,0.7070684996067554,-0.007357775704698585,0.007357775704706399,1.0620280413301324e-13,0.0999782968501944,-0.0020833048107301365,-0.006987944834856379,2.16727937856093e-10,1.0412450050201067e-08,0.1,0.0,0
10,1560,world,15.6,1.55,3.8074999141693113,1.3756531136061894,-0.5471436691465622,0.7070682420855939,0.7070682421081576,-0.007382480479869349,0.007382480479633764,-3.1911481683737715e-12,0.09997814773477567,-0.0020904486416487436,-0.006987945477684804,-1.343691652094655e-10,-6.433996108464093e-09,0.1,0.0,0
10,1561,world,15.610000000000001,1.5510000000000004,3.8074999141693113,1.3766528943372982,-0.5471646092821791,0.7070679837692982,0.707067983677542,-0.007407185247459582,0.007407185248420812,1.2976993060714934e-11,0.09997799846065833,-0.0020975756960365187,-0.0069879460522671135,-5.207518448476646e-11,-2.4851924974739527e-09,0.1,0.0,0
10,1562,world,15.620000000000001,1.5520000000000003,3.8074999141693113,1.3776526735748869,-0.5471856206045552,0.7070677244930608,0.7070677244804726,-0.007431890008930797,0.0074318900090631105,1.7803486643367952e-12,0.09997784903144627,-0.0021046859730941073,-0.006987946558603396,1.7487981563226082e-10,8.318093570430289e-09,0.1,0.0,0
10,1563,world,15.63,1.5530000000000002,3.807499914169311,1.3786524513174228,-0.5472067029457144,0.7070674643739687,0.7070674643998676,-0.0074565947627869686,0.007456594762513846,-3.6628399420526875e-12,0.09997769945078984,-0.0021117794694378122,-0.006987946996694025,2.5941228353217186e-11,1.2297930729843367e-09,0.1,0.0,0
10,1564,world,15.64,1.5540000000000003,3.807499914169312,1.379652227563409,-0.5472278561380272,0.7070672034214737,0.7070672034262803,-0.007481299508654555,0.007481299508603697,-6.798167824823933e-13,0.09997754972208188,-0.002118856193479875,-0.006987947366537245,1.517203031111908e-10,7.168827263186094e-09,0.1,0.0,0
10,1565,world,15.65,1.5550000000000002,3.8074999141693118,1.380652002311385,-0.5472490800136203,0.707066941533997,0.7070669416612954,-0.007506004247337341,0.00750600424598598,-1.8003718267441696e-11,0.09997739984917747,-0.0021259161313861713,-0.006987947668134796,-1.1722125016314622e-10,-5.5205005894788606e-09,0.1,0.0,0
10,1566,world,15.66,1.5560000000000003,3.807499914169312,1.3816517755599238,-0.5472703744047641,0.7070666789448674,0.7070666788715891,-0.007530708976086366,0.0075307089768668276,1.0363716581618375e-11,0.09997724983525501,-0.0021329593008316146,-0.006987947901486849,-2.731362013788366e-10,-1.2821078902051593e-08,0.1,0.0,0
10,1567,world,15.67,1.5570000000000002,3.8074999141693118,1.3826515473076333,-0.5472917391436883,0.7070664153826512,0.7070664153286014,-0.0075554136975137095,0.007555413698091264,7.644245735736034e-12,0.09997709968414085,-0.00213998568858884,-0.006987948066591233,1.9853216309324034e-10,9.288653051308518e-09,0.1,0.0,0
10,1568,world,15.68,1.558,3.8074999141693113,1.383651317553161,-0.5473131740625639,0.7070661509107902,0.7070661509688958,-0.00758011841067936,0.007580118410056435,-8.217875067084084e-12,0.09997694939928757,-0.0021469952986198303,-0.006987948163449696,2.345265476787719e-10,1.0936956155814726e-08,0.1,0.0,0
10,1569,world,15.69,1.5590000000000002,3.8074999141693118,1.3846510862951849,-0.5473346789937225,0.7070658856105568,0.7070658857112054,-0.007604823114442671,0.007604823113360148,-1.4234689732265485e-11,0.09997679898424523,-0.002153988129917053,-0.006987948192062403,-8.837670186198772e-11,-4.107974759467991e-09,0.1,0.0,0
10,1570,world,15.700000000000001,1.5600000000000003,3.807499914169311,1.3856508535324255,-0.5473562537692361,0.7070656195187438,0.7070656195187438,-0.0076295278081315795,0.0076295278081315795,0.0,0.09997664844246178,-0.00216096418582269,-0.0069879481524290875,-2.3037041043547044e-10,-1.06735306687999e-08,0.1,0.0,0
10,1571,world,15.71,1.5610000000000002,3.8074999141693118,1.3866506192636259,-0.5473778982215375,0.7070653525385959,0.7070653524882716,-0.007654232492514589,0.007654232493059367,7.117344861948235e-12,0.09997649777746168,-0.0021679234657160204,-0.00698794804454906,-7.703889615848098e-11,-3.5578445058470357e-09,0.1,0.0,0
10,1572,world,15.72,1.5620000000000003,3.8074999141693118,1.3876503834875777,-0.5473996121826019,0.7070650846701163,0.707065084619792,-0.007678937167322906,0.007678937167869442,7.117344860879736e-12,0.0999763469928065,-0.002174865966893531,-0.006987947868422498,1.2264503658754945e-10,5.645824257988812e-09,0.1,0.0,0
10,1573,world,15.73,1.5630000000000002,3.8074999141693113,1.3886501462030951,-0.5474213954849609,0.7070648158985409,0.7070648159280747,-0.007703641832448622,0.007703641832126843,-4.1769673488979396e-12,0.09997619609195087,-0.0021817916912001316,-0.006987947624050268,7.753606790710054e-11,3.557835248115728e-09,0.1,0.0,0
10,1574,world,15.74,1.5640000000000003,3.8074999141693118,1.3896499074090407,-0.5474432479605382,0.7070645463184978,0.7070645463184979,-0.00772834648659023,0.00772834648659023,0.0,0.09997604507838173,-0.002188700638594557,-0.006987947311431238,-4.5649595252177064e-11,-2.0879830291428437e-09,0.1,0.0,0
10,1575,world,15.75,1.5650000000000002,3.8074999141693113,1.3906496671042985,-0.5474651694418324,0.7070642758605274,0.7070642758605273,-0.007753051130232226,0.007753051130232226,0.0,0.09997589395552132,-0.002195592811601601,-0.0069879469305658415,-1.0855118895934377e-11,-4.949206033840376e-10,0.1,0.0,0
10,1576,world,15.76,1.566,3.8074999141693113,1.391649425287798,-0.5474871597608525,0.7070640045428997,0.7070640045358993,-0.007777755762903792,0.007777755762980797,9.900735405703131e-13,0.09997574272695657,-0.00220246820485376,-0.00698794648145435,1.7347234773886218e-16,1.3121556803184872e-14,0.1,0.0,0
10,1577,world,15.77,1.5670000000000002,3.8074999141693118,1.392649181958494,-0.5475092187500045,0.7070637323551173,0.7070637323551174,-0.007802460384449015,0.007802460384449015,0.0,0.09997559139605884,-0.0022093268224248055,-0.006987945964097625,7.276358341227475e-11,3.2965372639202803e-09,0.1,0.0,0
10,1578,world,15.780000000000001,1.5680000000000003,3.8074999141693118,1.3936489371153877,-0.5475313462413983,0.7070634592878701,0.7070634593274983,-0.007827164994700297,0.007827164994261613,-5.604615713261642e-12,0.09997543996629371,-0.002216168663708921,-0.006987945378493916,1.3780487179262238e-10,6.223498934809414e-09,0.1,0.0,0
10,1579,world,15.790000000000001,1.5690000000000002,3.8074999141693113,1.3946486907575024,-0.5475535420673429,0.7070631853530882,0.707063185441118,-0.007851869593255456,0.00785186959227789,-1.2450077721807857e-11,0.0999752884411264,-0.0022229937277422423,-0.006987944724643678,-1.0743125148232956e-10,-4.836510337060753e-09,0.1,0.0,0
10,1580,world,15.8,1.5700000000000003,3.8074999141693113,1.3956484428839024,-0.5475758060600479,0.7070629106377689,0.7070629106089859,-0.007876574178874439,0.007876574179195076,4.0707897493014635e-12,0.09997513682392427,-0.002229802017584744,-0.006987944002547941,-2.8317122975083403e-10,-1.2708255240278118e-08,0.1,0.0,0
10,1581,world,15.81,1.5710000000000002,3.8074999141693118,1.3966481934936843,-0.5475981380517263,0.7070626350323731,0.7070626349406476,-0.007901278752501262,0.007901278753526276,1.2972750797720555e-11,0.09997498511824615,-0.002236593527322254,-0.006902419328414349,-7.624074988502487e-11,-3.4109864360637828e-09,0.1,0.0,0
10,1582,world,15.82,1.5720000000000003,3.8074999141693118,1.3976479425859811,-0.547620537874703,0.7070623653033709,0.7070623652263401,-0.007925378606807872,0.007925378607671299,1.0894474644770411e-11,0.09997483332716488,-0.002243368272398887,-0.0066905013616604435,1.4538370518312717e-10,6.484759956079799e-09,0.1,0.0,0
10,1583,world,15.83,1.5730000000000002,3.8074999141693113,1.3986476901599496,-0.5476430053615079,0.7070621047688427,0.7070621047688428,-0.00794858477051587,0.00794858477051587,0.0,0.09997468145272802,-0.0022501263132462704,-0.006564108009476007,1.300774593139829e-10,5.784755302900669e-09,0.1,0.0,0
10,1584,world,15.84,1.574,3.8074999141693118,1.3996474362147706,-0.5476655403452937,0.7070618435087691,0.7070618435135627,-0.00797179092750937,0.007971790927455324,-6.779706494432375e-13,0.09997452949781532,-0.0022568676723400435,-0.006564108618282555,1.4863631169886012e-11,6.590804363713376e-10,0.1,0.0,0
10,1585,world,15.85,1.5750000000000002,3.807499914169311,1.4006471807496526,-0.547688142659281,0.7070615814871661,0.7070615814964888,-0.00799499707796675,0.007994997077861332,-1.3185292665683968e-12,0.09997437746590151,-0.0022635923452435035,-0.006564109170522459,-7.665135892628589e-12,-3.3890405968166097e-10,0.1,0.0,0
10,1586,world,15.860000000000001,1.5760000000000003,3.8074999141693113,1.401646923763843,-0.5477108121366319,0.7070613187108297,0.7070613187108296,-0.008018203221585966,0.008018203221585966,0.0,0.09997422536026536,-0.002270300335831164,-0.006564109666196397,6.582052616008154e-11,2.9017257123834128e-09,0.1,0.0,0
10,1587,world,15.870000000000001,1.5770000000000002,3.8074999141693118,1.402646665256622,-0.5477335486104458,0.7070610551429912,0.7070610551933584,-0.008041409358559555,0.008041409357986728,-7.123463556031867e-12,0.0999740731843088,-0.0022769916421609,-0.0065641101053048705,2.7889062607133155e-11,1.225942750432079e-09,0.1,0.0,0
10,1588,world,15.88,1.5780000000000003,3.8074999141693118,1.4036464052273048,-0.547756351913885,0.707060790855195,0.7070607908725357,-0.008064615487849496,0.00806461548765171,-2.4525066044221577e-12,0.09997392094138878,-0.002283666263915846,-0.006564110487846265,-8.123822800859245e-11,-3.5607986772465236e-09,0.1,0.0,0
10,1589,world,15.89,1.5790000000000002,3.8074999141693118,1.4046461436752373,-0.5477792218801122,0.7070605257979039,0.7070605257979039,-0.008087821609793353,0.008087821609793353,0.0,0.09997376863476402,-0.002290324204708602,-0.00656411081382145,-1.0698360607874784e-10,-4.675789052110778e-09,0.1,0.0,0
10,1590,world,15.9,1.5800000000000003,3.8074999141693118,1.4056458805998002,-0.5478021583423112,0.7070602599946915,0.7070602599458936,-0.008111027723896541,0.008111027724456325,6.901514108674062e-12,0.09997361626783836,-0.0022969654614305333,-0.006564111083231204,-2.0935024562286781e-10,-9.123610346810463e-09,0.1,0.0,0
10,1591,world,15.91,1.5810000000000002,3.8074999141693113,1.4066456160004037,-0.5478251611337269,0.7070599934455605,0.7070599933165077,-0.008134233829932521,0.008134233831417184,1.825203633504065e-11,0.09997346384391909,-0.0023035900348380056,-0.006564111296073744,1.9464291303830118e-10,8.458457368606513e-09,0.1,0.0,0
10,1592,world,15.92,1.582,3.8074999141693118,1.407645349876499,-0.5478482300874231,0.7070597259947076,0.7070597260655541,-0.00815743992947232,0.008157439928654956,-1.0019868667055414e-11,0.0999733113664351,-0.0023101979200540104,-0.0065641114523504384,2.1054807218389007e-10,9.123581595124083e-09,0.1,0.0,0
10,1593,world,15.93,1.5830000000000002,3.8074999141693113,1.408645082227563,-0.5478713650365656,0.7070594579175855,0.7070594579175855,-0.008180646019117822,0.008180646019117822,0.0,0.0999731588384759,-0.0023167891265426,-0.006564111552060609,-1.1591387580331574e-10,-5.008602362138677e-09,0.1,0.0,0
10,1594,world,15.94,1.584,3.8074999141693113,1.4096448130531112,-0.547894565814321,0.7070591890434006,0.7070591890434006,-0.00820385210061241,0.00820385210061241,0.0,0.09997300626350009,-0.0023233636474249485,-0.006564111595204049,8.014231645185712e-11,3.453123320365675e-09,0.1,0.0,0
10,1595,world,15.950000000000001,1.5850000000000002,3.8074999141693113,1.4106445423526888,-0.5479178322538567,0.7070589193831565,0.7070589194320008,-0.008227058173606609,0.008227058173038277,-6.908091978705848e-12,0.09997285364469088,-0.0023299214873504837,-0.006564111581782196,-1.396456735972695e-10,-5.999979091823146e-09,0.1,0.0,0
10,1596,world,15.96,1.5860000000000003,3.8074999141693113,1.4116442701258702,-0.5479411641884406,0.7070586490525572,0.7070586489676876,-0.008250264236527792,0.008250264237518089,1.200320983600824e-11,0.09997270098541867,-0.002336462642557911,-0.006564111511793514,-1.0632432442122944e-10,-4.555450388673804e-09,0.1,0.0,0
10,1597,world,15.97,1.5870000000000002,3.807499914169311,1.4126439963722708,-0.54796456145116,0.7070583778588305,0.7070583778432379,-0.008273470291397689,0.008273470291580143,2.2052847603491503e-12,0.09997254828888227,-0.002342987116290509,-0.006564111385238408,1.514117825262424e-10,6.469006022627506e-09,0.1,0.0,0
10,1598,world,15.98,1.5880000000000003,3.807499914169311,1.4136437210915347,-0.5479880238751657,0.7070581059269998,0.7070581059336345,-0.008296676336534336,0.008296676336456484,-9.383550999332319e-13,0.09997239555844943,-0.0023494949042128727,-0.006564111202117704,1.4633181829554393e-10,6.234470080359356e-09,0.1,0.0,0
10,1599,world,15.99,1.5890000000000002,3.8074999141693113,1.4146434442833384,-0.5480115512936278,0.7070578332116764,0.7070578332842706,-0.008319882372244543,0.00831988237139033,-1.0267103735026897e-11,0.09997224279724659,-0.0023559860119237355,-0.0065641109624297814,-1.7865917091917083e-10,-7.590539979091848e-09,0.1,0.0,0
10,1600,world,16.0,1.59,3.807499914169311,1.4156431659473903,-0.5480351435397175,0.7070575598543734,0.7070575597536394,-0.008343088396635704,0.008343088397824338,1.4246927103892942e-11,0.09997209000861071,-0.0023624604356986016,-0.006564110666175543,-1.292086230603873e-10,-5.474289580264119e-09,0.1,0.0,0
10,1601,world,16.01,1.5910000000000004,3.8074999141693118,1.4166428860834317,-0.5480588004466669,0.7070572856008384,0.7070572855959982,-0.00836629441247957,0.008366294412536841,6.845501436874938e-13,0.09997193719579284,-0.00236891817512883,-0.006564110313355288,1.6855397298346025e-10,7.121463700825392e-09,0.1,0.0,0
10,1602,world,16.02,1.592,3.8074999141693113,1.417642604691236,-0.5480825218476459,0.7070570106312122,0.7070570106312121,-0.008389500417426985,0.008389500417426985,0.0,0.09997178436194389,-0.00237535923367238,-0.006564109903969168,-3.172895976014267e-11,-1.3368606822522619e-09,0.1,0.0,0
10,1603,world,16.03,1.5930000000000002,3.807499914169311,1.4186423217706106,-0.5481063075757702,0.7070567349142658,0.7070567348905157,-0.00841270641162013,0.008412706411902714,3.3590079952789275e-12,0.0999716315103186,-0.002381783610044444,-0.006564109438017116,1.734723477222555e-16,1.7055855438160825e-14,0.1,0.0,0
10,1604,world,16.04,1.594,3.8074999141693113,1.419642037321395,-0.5481301574642145,0.7070564584119566,0.7070564584119567,-0.008435912395286516,0.008435912395286516,0.0,0.0999714786442324,-0.0023881913000812836,-0.00656410891549802,-9.087626491186707e-11,-3.807861076717237e-09,0.1,0.0,0
10,1605,world,16.05,1.5950000000000002,3.807499914169312,1.4206417513434584,-0.548154071346154,0.7070561811987196,0.7070561811211067,-0.008459118367313037,0.008459118368241586,1.0976908505862699e-11,0.09997132576669787,-0.002394582311964444,-0.006564108336412889,-1.7347234772225545e-16,-1.2176945658472384e-14,0.1,0.0,0
10,1606,world,16.06,1.596,3.8074999141693113,1.4216414638367036,-0.548178049054786,0.707055903146263,0.7070559031462629,-0.008482324329008825,0.008482324329008825,0.0,0.09997117288103341,-0.002400956640702237,-0.006549159789553733,1.477483067503872e-10,6.15704388684305e-09,0.1,0.0,0
10,1607,world,16.07,1.5970000000000002,3.8074999141693118,1.4226411748010623,-0.5482020904233572,0.7070556256376602,0.7070556256471399,-0.008505424588766094,0.00850542458865206,-1.3407191006435557e-12,0.09997101999046107,-0.0024073142850144108,-0.00633862460048604,5.566172526623949e-11,2.313426218093039e-09,0.1,0.0,0
10,1608,world,16.080000000000002,1.5980000000000003,3.8074999141693118,1.4236408842364996,-0.548226195285131,0.7070553640467945,0.7070553640795182,-0.008527141931551952,0.008527141931157299,-4.628185125349292e-12,0.09997086709660921,-0.002413655309297351,-0.006143037923143812,-1.0479447177732155e-10,-4.344050889425352e-09,0.1,0.0,0
10,1609,world,16.09,1.5990000000000002,3.807499914169312,1.4246405921429917,-0.5482503634742404,0.7070551018428215,0.7070551017908536,-0.008548859267540104,0.008548859268168438,7.349903677143478e-12,0.09997071420162658,-0.0024199797554316066,-0.006143038437063276,-1.3738784424325415e-10,-5.680666413118106e-09,0.1,0.0,0
10,1610,world,16.1,1.6000000000000003,3.8074999141693113,1.4256402985205403,-0.5482745948249379,0.707054838927261,0.7070548388796303,-0.008570576597734943,0.008570576598312297,6.736475895813465e-12,0.09997056130871239,-0.002426287621239653,-0.00614303890461948,1.8768571777996745e-10,7.740703386150109e-09,0.1,0.0,0
10,1611,world,16.11,1.6010000000000002,3.8074999141693118,1.4266400033691824,-0.5482988891714289,0.7070545752942196,0.7070545753517459,-0.008592293922027809,0.008592293921328736,-8.13603923966976e-12,0.09997040842096379,-0.0024325789084205744,-0.006143039325812075,1.4879529909227854e-10,6.121241717227979e-09,0.1,0.0,0
10,1612,world,16.12,1.6020000000000003,3.8074999141693113,1.4276397066889857,-0.5483232463479152,0.707054311055973,0.707054311094929,-0.008614011238871132,0.008614011238396535,-5.509612773012328e-12,0.09997025554138832,-0.00243885362199555,-0.0061430397006401825,1.0702168324954089e-10,4.391621507961314e-09,0.1,0.0,0
10,1613,world,16.13,1.603,3.8074999141693113,1.428639408480048,-0.5483476661886179,0.7070540461010291,0.7070540462206761,-0.008635728549436556,0.008635728547975226,-1.6921899653373034e-11,0.09997010267332383,-0.0024451117530887804,-0.006143040029104795,5.4547165429964844e-11,2.232689200399444e-09,0.1,0.0,0
10,1614,world,16.14,1.6040000000000003,3.8074999141693118,1.4296391087424996,-0.5483721485277591,0.7070537805439205,0.7070537806144586,-0.00865744585214192,0.008657445851278221,-9.976341072530594e-12,0.09996994981975205,-0.002451353307105681,-0.00614304031120544,-2.5208914832576265e-10,-1.0292523243438356e-08,0.1,0.0,0
10,1615,world,16.15,1.605,3.8074999141693113,1.4306388074764997,-0.5483966931995616,0.707053514343436,0.7070535143174921,-0.00867916314730271,0.008679163147621176,3.669307916726408e-12,0.09996979698372255,-0.0024575782863010005,-0.006143040546942206,-1.2244233412658964e-10,-4.986662416700803e-09,0.1,0.0,0
10,1616,world,16.16,1.606,3.8074999141693113,1.4316385046822417,-0.548421300038249,0.7070532474146783,0.7070532474146783,-0.008700880435777136,0.008700880435777136,0.0,0.09996964416843836,-0.002463786686346758,-0.006143040736314805,1.0281697374961527e-10,4.176937094728682e-09,0.1,0.0,0
10,1617,world,16.17,1.6070000000000004,3.8074999141693118,1.432638200359948,-0.5484459688780453,0.7070529798152645,0.7070529798484048,-0.008722597716675664,0.008722597716266826,-4.68710597388852e-12,0.09996949137696506,-0.002469978508187793,-0.006143040879323995,1.307611138246811e-10,5.298925749221485e-09,0.1,0.0,0
10,1618,world,16.18,1.608,3.8074999141693113,1.43363789450987,-0.5484706995531758,0.7070527115444574,0.7070527116194126,-0.008744314989823351,0.008744314988896358,-1.0601082726946185e-11,0.09996933861233813,-0.002476153753643595,-0.006143040975968986,8.829941991476242e-11,3.5693359287863902e-09,0.1,0.0,0
10,1619,world,16.19,1.6090000000000002,3.8074999141693113,1.4346375871322945,-0.5484954918978657,0.7070524426231668,0.7070524427067967,-0.008766032254777009,0.008766032253740166,-1.1827952528885758e-11,0.09996918587760989,-0.002482312423504312,-0.006143041026250045,-2.048622557605026e-10,-8.260625470649627e-09,0.1,0.0,0
10,1620,world,16.2,1.61,3.8074999141693113,1.435637278227534,-0.5485203457463421,0.7070521731019246,0.70705217306003,-0.008787749510722687,0.008787749511243387,5.925278852358541e-12,0.0999690331759168,-0.002488454514844208,-0.006143041030166791,-4.120736740536506e-10,-1.6574923808807283e-08,0.1,0.0,0
10,1621,world,16.21,1.6110000000000002,3.807499914169312,1.4366369677959347,-0.5485452609328326,0.7070519029053384,0.7070519027545091,-0.008809466758409185,0.008809466760288431,2.1332116947798105e-11,0.09996888051029507,-0.002494580028451512,-0.006143040987720015,2.4366376986999177e-10,9.776764197128207e-09,0.1,0.0,0
10,1622,world,16.22,1.612,3.8074999141693113,1.4376366558378713,-0.548570237291614,0.7070516318636226,0.7070516319600245,-0.008831183999773541,0.008831183998569468,-1.363434943380165e-11,0.0999687278838407,-0.002500688962388392,-0.0061430408989098925,3.399726682868883e-10,1.3607509993626601e-08,0.1,0.0,0
10,1623,world,16.23,1.6130000000000002,3.807499914169311,1.438636342353751,-0.5485952746568654,0.7070513603058514,0.7070513603475065,-0.00885290123052751,0.008852901230005953,-5.891374342585511e-12,0.09996857529946783,-0.0025067813216618088,-0.0061430407637349605,-1.706872491643345e-10,-6.815045136243046e-09,0.1,0.0,0
10,1624,world,16.240000000000002,1.6140000000000003,3.807499914169311,1.4396360273440107,-0.548620372862816,0.7070510880744924,0.7070510880744922,-0.00887461845245009,0.00887461845245009,0.0,0.09996842276027645,-0.0025128571035061458,-0.006143040582195703,-7.726701228147032e-11,-3.07749789658621e-09,0.1,0.0,0
10,1625,world,16.25,1.6150000000000002,3.8074999141693104,1.4406357108091166,-0.5486455317436958,0.7070508151562048,0.7070508151543272,-0.008896335665525364,0.008896335665548987,2.6555706567966637e-13,0.09996827026926852,-0.002518916308749268,-0.006143040354293545,-3.8728048570235356e-11,-1.5387305141456556e-09,0.1,0.0,0
10,1626,world,16.26,1.6160000000000003,3.8074999141693113,1.441635392749566,-0.5486707511337364,0.7070505415798856,0.7070505415581193,-0.008918052869206342,0.00891805286948088,3.078466099474705e-12,0.09996811782949737,-0.0025249589358506594,-0.006143040080028035,-8.335571821363075e-11,-3.303820698374083e-09,0.1,0.0,0
10,1627,world,16.27,1.6170000000000002,3.8074999141693118,1.4426350731658861,-0.5486960308671692,0.70705026734001,0.7070502672913982,-0.008939770063377669,0.008939770063992304,6.875284929474665e-12,0.09996796544392147,-0.0025309849867046156,-0.006143039759397447,9.159886396813565e-11,3.621715446100638e-09,0.1,0.0,0
10,1628,world,16.28,1.6180000000000003,3.807499914169311,1.443634752058635,-0.5487213707782271,0.7070499923806407,0.7070499924101056,-0.008961487248563637,0.008961487248190186,-4.167287556114555e-12,0.09996781311555346,-0.0025369944607312282,-0.006143039392402892,8.082562402233624e-11,3.188012024073572e-09,0.1,0.0,0
10,1629,world,16.29,1.619,3.807499914169311,1.444634429428398,-0.5487467707011435,0.7070497168097701,0.7070497168062545,-0.008983204423212647,0.008983204423257314,4.97230251589996e-13,0.09996766084735897,-0.002542987358878255,-0.0061430389790449276,5.792102912051411e-11,2.279050013295239e-09,0.1,0.0,0
10,1630,world,16.3,1.6200000000000003,3.8074999141693113,1.4456341052757913,-0.5487722304701528,0.7070494405227724,0.7070494405844757,-0.009004921588467751,0.009004921587681902,-8.726873863196631e-12,0.09996750864229988,-0.0025489636819107713,-0.006143038519323256,1.252609995682897e-10,4.91682463147037e-09,0.1,0.0,0
10,1631,world,16.31,1.621,3.807499914169312,1.4466337796014639,-0.54879774991949,0.7070491635991928,0.7070491636652285,-0.009026638743133548,0.009026638742290493,-9.33963822705973e-12,0.09996735650343228,-0.002554923426578305,-0.006143038013237359,6.588765995278171e-11,2.580034663015096e-09,0.1,0.0,0
10,1632,world,16.32,1.622,3.8074999141693118,1.4476334524060908,-0.548823328883391,0.7070488859946752,0.7070488860928745,-0.009048355887590544,0.00904835588633385,-1.3888641469360808e-11,0.09996720443375945,-0.00256086659139955,-0.005984057897426879,-1.194956460883884e-10,-4.668283176818538e-09,0.1,0.0,0
10,1633,world,16.330000000000002,1.6230000000000004,3.8074999141693118,1.4486331236903762,-0.5488489671961991,0.707048622206988,0.707048622206988,-0.00906894895784008,0.00906894895784008,0.0,0.09996705243555401,-0.0025667932030447017,-0.005774881583056995,-5.3073344359966845e-11,-2.0686063130563052e-09,0.1,0.0,0
10,1634,world,16.34,1.624,3.8074999141693118,1.4496327934550466,-0.5488746646924131,0.7070483622984909,0.7070483623674285,-0.009089187108198157,0.009089187107311955,-9.750056681386041e-12,0.09996690051117291,-0.0025727032843409553,-0.005724685324072421,4.243263728818108e-11,1.6501361389304638e-09,0.1,0.0,0
10,1635,world,16.35,1.6250000000000002,3.8074999141693113,1.4506324617008544,-0.5489004212068217,0.7070481018679565,0.7070481018912987,-0.009109425251817486,0.00910942525151675,-3.301377680006343e-12,0.09996674866334979,-0.002578596842985561,-0.005724685713727715,-2.8910832077481513e-10,-1.12180290834064e-08,0.1,0.0,0
10,1636,world,16.36,1.6260000000000001,3.807499914169311,1.4516321284285791,-0.548926236574186,0.7070478408918681,0.7070478408021194,-0.00912966338884758,0.009129663390006449,1.2693449098074428e-11,0.09996659689501142,-0.00258447387881882,-0.005724686065861316,-1.0225388250052051e-10,-3.9588645439586425e-09,0.1,0.0,0
10,1637,world,16.37,1.6270000000000002,3.8074999141693118,1.4526317936390307,-0.5489521106292684,0.7070475792513891,0.7070475792187304,-0.009149901520674214,0.009149901521096848,4.618998273892377e-12,0.09996644520920443,-0.00259033438674036,-0.005724686380473281,1.405645565990032e-10,5.430066097543473e-09,0.1,0.0,0
10,1638,world,16.38,1.6280000000000001,3.8074999141693118,1.4536314573330482,-0.548978043206831,0.7070473170502959,0.7070473170373592,-0.009170139645809532,0.009170139645977314,1.8296743932601153e-12,0.09996629360870676,-0.0025961783717293684,-0.005724686657563265,5.989687915593806e-11,2.3087375502736922e-09,0.1,0.0,0
10,1639,world,16.39,1.6290000000000002,3.8074999141693113,1.454631119511498,-0.5490040341416371,0.707047054273299,0.7070470542732991,-0.00919037776430147,0.00919037776430147,0.0,0.09996614209634032,-0.0026020058367145892,-0.005724686897131352,-6.859079280523963e-11,-2.63801712552267e-09,0.1,0.0,0
10,1640,world,16.4,1.6300000000000001,3.8074999141693113,1.4556307801752786,-0.5490300832684509,0.7070467909486027,0.7070467908983494,-0.009210615875633113,0.009210615876287756,7.107485557500106e-12,0.09996599067513812,-0.0026078167761941695,-0.005724687099177632,-1.774988143547203e-10,-6.81163989517871e-09,0.1,0.0,0
10,1641,world,16.41,1.6310000000000002,3.8074999141693127,1.4566304393253122,-0.5490561904220486,0.707046527042538,0.7070465269461825,-0.009230853980092104,0.009230853981350075,1.3627895564468414e-11,0.0999658393479068,-0.002613611193060664,-0.005724687263701726,2.572972218634701e-10,9.852292449173664e-09,0.1,0.0,0
10,1642,world,16.42,1.6320000000000003,3.807499914169311,1.457630096962558,-0.5490823554372244,0.7070462624413965,0.7070462625305113,-0.009251092079017196,0.009251092077851207,-1.2603803786445784e-11,0.09996568811761133,-0.002619389083825079,-0.005724687390704071,2.521012046330673e-10,9.632200543741763e-09,0.1,0.0,0
10,1643,world,16.43,1.6330000000000002,3.8074999141693118,1.4586297530879957,-0.5491085781487035,0.7070459973783089,0.7070459974182083,-0.009271330169212133,0.009271330168688944,-5.643087386475438e-12,0.09996553698695132,-0.002625150454825561,-0.0057246874801847505,-2.487514535991265e-10,-9.483463001466808e-09,0.1,0.0,0
10,1644,world,16.44,1.6340000000000003,3.807499914169311,1.4596294077026395,-0.549134858391253,0.7070457317537947,0.7070457317087585,-0.009291568251824962,0.0092915682524168,6.369636743779395e-12,0.09996538595898617,-0.0026308952983601685,-0.005724687532143478,-1.7312627035880414e-11,-6.585971626262183e-10,0.1,0.0,0
10,1645,world,16.45,1.635,3.8074999141693118,1.4606290608075256,-0.5491611959996402,0.7070454654697179,0.7070454655003009,-0.00931180632799737,0.009311806327594591,-4.325459765916499e-12,0.09996523503638194,-0.0026366236213985466,-0.00572468754657973,4.153899448903882e-11,1.5767636567550515e-09,0.1,0.0,0
10,1646,world,16.46,1.6360000000000003,3.807499914169311,1.4616287124037268,-0.5491875908086337,0.7070451986708252,0.7070451986480936,-0.009332044395676616,0.009332044395976643,3.21503073977406e-12,0.09996508422202549,-0.002642335422188865,-0.005724687523493771,5.112056614148258e-11,1.936254181322651e-09,0.1,0.0,0
10,1647,world,16.47,1.637,3.8074999141693118,1.4626283624923362,-0.5492140426530024,0.7070449312256418,0.7070449312836147,-0.009352282456446984,0.009352282455680162,-8.199302392921676e-12,0.09996493351886061,-0.002648030696532564,-0.00572468746288655,1.0465005603920772e-10,3.955155694323397e-09,0.1,0.0,0
10,1648,world,16.48,1.6380000000000001,3.8074999141693113,1.4636280110744817,-0.5492405513675163,0.7070446632539095,0.7070446632871269,-0.009372520508577769,0.009372520508137444,-4.698044726962366e-12,0.09996478292956751,-0.0026537094498925067,-0.005724687364757321,1.2525137184259986e-11,4.723490820353245e-10,0.1,0.0,0
10,1649,world,16.490000000000002,1.6390000000000005,3.8074999141693118,1.464627658151316,-0.5492671167869455,0.7070443946748038,0.7070443947394585,-0.009392758552988947,0.009392758552130042,-9.144339113994543e-12,0.09996463245698495,-0.0026593716814151086,-0.005724687229106079,4.570189715278794e-11,1.7198014601147094e-09,0.1,0.0,0
10,1650,world,16.5,1.6400000000000001,3.8074999141693113,1.4656273037240204,-0.5492937387460618,0.7070441255356962,0.7070441255932417,-0.009412996588903046,0.009412996588136933,-8.13888457352181e-12,0.09996448210396232,-0.002665017389548968,-0.005724687055932825,-1.26678181902412e-10,-4.7567903486011625e-09,0.1,0.0,0
10,1651,world,16.51,1.6410000000000002,3.8074999141693118,1.466626947793805,-0.5493204170796372,0.7070438558438511,0.7070438558412167,-0.009433234616072312,0.009433234616107459,3.725871696185138e-13,0.09996433187325725,-0.002670646575885337,-0.005724686845237447,-2.0719580576470914e-10,-7.763536967877667e-09,0.1,0.0,0
10,1652,world,16.52,1.6420000000000001,3.807499914169311,1.4676265903619106,-0.5493471516224667,0.7070435855674663,0.7070435855151895,-0.00945347263477046,0.009453472635469421,7.393710815539179e-12,0.0999641817677538,-0.002676259236972208,-0.005724686597020374,-2.1689186916662985e-10,-8.10942744199004e-09,0.1,0.0,0
10,1653,world,16.53,1.6430000000000002,3.8074999141693127,1.468626231429592,-0.5493739422093302,0.707043314719528,0.7070433146021782,-0.009473710644674747,0.009473710646247123,1.6597263346957702e-11,0.09996403179006286,-0.0026818553792667733,-0.0057246863112817535,7.756460408754294e-11,2.8938912954421805e-09,0.1,0.0,0
10,1654,world,16.54,1.6440000000000001,3.807499914169312,1.4696258709981482,-0.5494007886749734,0.7070430432067815,0.7070430431954415,-0.009493948646887502,0.009493948647039771,1.603853519430578e-12,0.09996388194324694,-0.002687434992067544,-0.00572468598802063,1.924455387765955e-10,7.16471308264922e-09,0.1,0.0,0
10,1655,world,16.55,1.6450000000000002,3.8074999141693113,1.470625509068899,-0.5494276908541715,0.7070427711701043,0.7070427711541063,-0.00951418663937118,0.009514186639586456,2.262670366814235e-12,0.0999637322296737,-0.0026929980902510265,-0.005724685627237612,4.5657921912647895e-12,1.6962446268057527e-10,0.1,0.0,0
10,1656,world,16.56,1.6460000000000001,3.8074999141693118,1.471625145643195,-0.549454648581701,0.7070424985483068,0.7070424985393663,-0.009534424622796968,0.009534424622917531,1.264505952766108e-12,0.0999635826524444,-0.002698544661093703,-0.00572468522893365,7.87781298958253e-11,2.920434696451644e-09,0.1,0.0,0
10,1657,world,16.57,1.6470000000000002,3.8074999141693118,1.4726247807224113,-0.5494816616923383,0.7070422253336502,0.7070422253589647,-0.00955466259712076,0.009554662596778672,-3.5803125178736823e-12,0.09996343321413616,-0.0027040747110501032,-0.00562705475228423,5.992524188367218e-11,2.2168999557954495e-09,0.1,0.0,0
10,1658,world,16.580000000000002,1.6480000000000004,3.8074999141693118,1.4736244143079482,-0.5495087300208914,0.7070419609059525,0.7070419609283722,-0.009574210276408255,0.009574210276104665,-3.170918061971327e-12,0.09996328391683652,-0.002709588264281814,-0.0054195419576670125,-6.471620117968742e-11,-2.3892588440249433e-09,0.1,0.0,0
10,1659,world,16.59,1.6490000000000002,3.807499914169311,1.4746240464012081,-0.5495358534032745,0.707041706493259,0.7070417064847749,-0.009592981032902759,0.00959298103301787,1.199951958440053e-12,0.0999631347583171,-0.0027150855033566687,-0.005309659598278374,2.03454874571193e-10,7.496350329490291e-09,0.1,0.0,0
10,1660,world,16.6,1.6500000000000004,3.807499914169312,1.475623677003583,-0.5495630316766889,0.7070414514982925,0.7070414516267558,-0.00961175178495766,0.009611751783211287,-1.8169137345569774e-11,0.09996298574053047,-0.0027205664554467448,-0.005309659917533309,-2.1784249761538157e-10,-8.01077813943643e-09,0.1,0.0,0
10,1661,world,16.61,1.651,3.8074999141693113,1.4766233061164948,-0.54959026467815,0.7070411961985876,0.7070411960767827,-0.009630522528680316,0.009630522530339407,1.7227418029361335e-11,0.09996283686589591,-0.0027260311301019764,-0.005309660206850336,-1.6690607237483814e-10,-6.125714651950059e-09,0.1,0.0,0
10,1662,world,16.62,1.6520000000000004,3.8074999141693118,1.4776229337413898,-0.5496175522449125,0.7070409401935974,0.707040940235406,-0.009649293269402715,0.009649293268832135,-5.913182439787046e-12,0.0999626881375726,-0.002731479509424043,-0.005309660466227752,1.836043470900894e-10,6.725438859972507e-09,0.1,0.0,0
10,1663,world,16.63,1.653,3.8074999141693113,1.4786225598797387,-0.5496448942141534,0.7070406838063084,0.7070406837796421,-0.00966806400260575,0.009668064002970381,3.771524376772031e-12,0.09996253955760809,-0.0027369116159713523,-0.005309660695667205,-2.573540340377538e-11,-9.40853141281033e-10,0.1,0.0,0
10,1664,world,16.64,1.6540000000000001,3.8074999141693127,1.4796221845330464,-0.549672290422937,0.7070404268588578,0.7070404268873569,-0.00968683473059797,0.009686834730207518,-4.03075499115767e-12,0.09996239112907623,-0.002742327434421732,-0.0053096608951685755,5.1662146807035214e-11,1.885050105720162e-09,0.1,0.0,0
10,1665,world,16.65,1.655,3.8074999141693113,1.4806218077028335,-0.5496997407085626,0.7070401694548997,0.7070401694548996,-0.00970560545184237,0.00970560545184237,0.0,0.09996224285446047,-0.0027477269707648347,-0.005309661064730943,-1.3057463103012528e-10,-4.755199383192654e-09,0.1,0.0,0
10,1666,world,16.66,1.6560000000000001,3.8074999141693118,1.4816214293906635,-0.5497272449081213,0.7070399115577379,0.7070399115189694,-0.009724376166721282,0.009724376167254493,5.483234778712888e-12,0.09996209473639928,-0.002753110225024879,-0.005309661204355558,8.673617383958581e-17,8.641091318768737e-15,0.1,0.0,0
10,1667,world,16.67,1.6570000000000003,3.8074999141693118,1.4826210495981016,-0.549754802858724,0.707039653123471,0.707039653123471,-0.009743146875720225,0.009743146875720225,0.0,0.09996194677760459,-0.002758477194277601,-0.005309661314040545,7.554573289933236e-11,2.7405774019928738e-09,0.1,0.0,0
10,1668,world,16.68,1.6580000000000001,3.8074999141693118,1.4836206683267552,-0.5497824143977151,0.7070393942102532,0.7070393942102533,-0.0097619175779203,0.0097619175779203,0.0,0.09996179898067913,-0.0027638278792825803,-0.005309661393786996,-9.819488976554438e-11,-3.555365779931257e-09,0.1,0.0,0
10,1669,world,16.69,1.6590000000000003,3.8074999141693113,1.4846202855782604,-0.5498100793621004,0.7070391348238496,0.7070391347735547,-0.009780688273121192,0.009780688273816935,7.1134534627195936e-12,0.09996165134814837,-0.00276916228329593,-0.005309661443595765,2.832582260357897e-10,1.0236298467318225e-08,0.1,0.0,0
10,1670,world,16.7,1.6600000000000001,3.8074999141693118,1.4856199013542748,-0.5498377975890689,0.7070388748164167,0.7070388749612215,-0.009799458963250917,0.009799458961243943,-2.048046065292595e-11,0.09996150388275048,-0.00277448040160026,-0.005309661463465634,1.5555673076410092e-10,5.6106924620447855e-09,0.1,0.0,0
10,1671,world,16.71,1.6610000000000003,3.8074999141693113,1.4866195156564792,-0.5498655689159154,0.7070386144660684,0.7070386144951436,-0.00981822964433822,0.00981822964393447,-4.112249430868992e-12,0.09996135658685389,-0.0027797822425226965,-0.005309661453396952,-2.6295068565472504e-10,-9.466083048819235e-09,0.1,0.0,0
10,1672,world,16.72,1.6620000000000001,3.8074999141693118,1.487619128486586,-0.5498933931796557,0.7070383535686168,0.7070383535795122,-0.009837000319092523,0.009837000318940936,-1.5409957438484902e-12,0.09996120946329787,-0.0027850677971443106,-0.005309661413389633,-7.153366444220803e-11,-2.570270832501643e-09,0.1,0.0,0
10,1673,world,16.73,1.6630000000000003,3.8074999141693118,1.4886187398463282,-0.5499212702175363,0.7070380921728381,0.7070380921655537,-0.009855770986718752,0.009855770986820292,1.0302575375326059e-12,0.09996106251454276,-0.002790337069903411,-0.0053096613434442975,2.871713285185311e-11,1.0298551838207409e-09,0.1,0.0,0
10,1674,world,16.740000000000002,1.6640000000000004,3.8074999141693118,1.4896183497374664,-0.5499491998667669,0.7070378302532703,0.7070378302787342,-0.009874541647453473,0.00987454164709784,-3.6015105438258516e-12,0.09996091574323349,-0.002795590058320031,-0.005309661243560117,-9.807692856912254e-11,-3.5105594405531145e-09,0.1,0.0,0
10,1675,world,16.75,1.6650000000000003,3.8074999141693118,1.4906179581617922,-0.5499771819644097,0.7070375678929581,0.7070375678360123,-0.009893312300017646,0.009893312300814467,8.054143447873023e-12,0.09996076915181612,-0.0028008267667472145,-0.005309661113736709,-1.499012720212378e-10,-5.355390280619454e-09,0.1,0.0,0
10,1676,world,16.76,1.6660000000000004,3.8074999141693113,1.4916175651211132,-0.5500052163477562,0.7070373049897937,0.7070373049394988,-0.009912082945719112,0.009912082946424202,7.113453457655872e-12,0.09996062274299782,-0.0028060471899221,-0.005309660953975422,1.3097431131919266e-10,4.6703316556158785e-09,0.1,0.0,0
10,1677,world,16.77,1.667,3.8074999141693118,1.492617170617269,-0.5500333028539316,0.7070370415619263,0.7070370415710485,-0.009930853584187454,0.009930853584059327,-1.2901798019875013e-12,0.0999604765192834,-0.0028112513295317273,-0.005309660764275883,2.9012191968023834e-10,1.0325725744792422e-08,0.1,0.0,0
10,1678,world,16.78,1.6680000000000004,3.8074999141693118,1.4936167746521252,-0.5500614413200446,0.7070367776221219,0.7070367777178981,-0.009949624215126096,0.009949624213778305,-1.3546142004670543e-11,0.09996033048318287,-0.0028164391867856273,-0.0053096605446373395,-1.5554363360185114e-10,-5.525502021690701e-09,0.1,0.0,0
10,1679,world,16.79,1.669,3.8074999141693113,1.4946163772275654,-0.5500896315834302,0.7070365133097378,0.7070365132406945,-0.009968394836452284,0.009968394837425716,9.765160627964311e-12,0.09996018463708774,-0.0028216107668012683,-0.005309660295060659,-1.9347700534122892e-10,-6.860091271598968e-09,0.1,0.0,0
10,1680,world,16.8,1.6700000000000002,3.807499914169311,1.4956159783455087,-0.5501178734811312,0.707036248382742,0.7070362483814729,-0.009987165451455782,0.009987165451473707,1.7948454365524577e-13,0.099960038983819,-0.0028267660591902565,-0.005309660015545463,1.3790930209852294e-10,4.880637229667959e-09,0.1,0.0,0
10,1681,world,16.81,1.671,3.8074999141693113,1.4966155780078922,-0.5501461668503203,0.7070359829906856,0.7070359829906856,-0.010005936057910348,0.010005936057910348,0.0,0.09995989352560683,-0.0028319050742117995,-0.00530965970609187,2.0383764130634706e-10,7.2003082458171575e-09,0.1,0.0,0
10,1682,world,16.82,1.6720000000000002,3.8074999141693118,1.4976151762166787,-0.55017451152832,0.7070357170506578,0.707035717151247,-0.010024706656869864,0.010024706655443657,-1.4226906984285427e-11,0.09995974826520657,-0.002837027803271301,-0.005267903221640121,1.0092048729152571e-10,3.558264154534439e-09,0.1,0.0,0
10,1683,world,16.830000000000002,1.6730000000000003,3.8074999141693118,1.4986147729738621,-0.550202907352138,0.7070354548814487,0.7070354549317853,-0.010043182015693115,0.010043182014978102,-7.1193940863326235e-12,0.09995960320510447,-0.0028421342470177184,-0.0050613377533607375,-2.0203561054998378e-10,-7.110582320483448e-09,0.1,0.0,0
10,1684,world,16.84,1.6740000000000002,3.8074999141693118,1.4996143682814653,-0.5502313541586419,0.7070352088110784,0.7070352088110783,-0.010060492108980641,0.010060492108980641,0.0,0.09995945835057274,-0.002847224308008888,-0.004896528741408589,-1.0128235060242102e-10,-3.5582609044149574e-09,0.1,0.0,0
10,1685,world,16.85,1.6750000000000003,3.807499914169312,1.5006139621415704,-0.5502598517835193,0.7070349622917295,0.7070349622917294,-0.010077802197543463,0.010077802197543463,0.0,0.09995931370553085,-0.0028522979366244665,-0.00489652899784322,1.7347234766700009e-16,6.3778192821945496e-15,0.1,0.0,0
10,1686,world,16.86,1.6760000000000002,3.8074999141693113,1.501613554556281,-0.550288400062591,0.7070347153485714,0.7070347153485714,-0.010095112280930687,0.010095112280930687,0.0,0.0999591692725392,-0.002857355130860854,-0.004896529230798281,1.374155130511973e-10,4.811128639061622e-09,0.1,0.0,0
10,1687,world,16.87,1.6770000000000003,3.8074999141693113,1.5026131455277336,-0.5503169988314189,0.7070344679475755,0.7070344680156359,-0.010112422359535658,0.010112422358562217,-9.626171461126516e-12,0.09995902505400524,-0.002862395893784298,-0.004896529440272821,-4.216332146220272e-12,-1.4736813527763252e-10,0.1,0.0,0
10,1688,world,16.88,1.6780000000000002,3.8074999141693113,1.5036127350580848,-0.5503456479256634,0.7070342201918759,0.7070342201897911,-0.01012973243178989,0.010129732431819756,2.9484234404887617e-13,0.09995888105247346,-0.0028674202233830823,-0.004896529626267704,-1.7994373359671755e-10,-6.278561835004118e-09,0.1,0.0,0
10,1689,world,16.89,1.6790000000000003,3.807499914169312,1.5046123231495105,-0.5503743471811405,0.7070339719866359,0.7070339719658766,-0.010147042498956012,0.010147042499253939,2.9360857766294673e-12,0.09995873727038976,-0.0028724281208056205,-0.004896529788783648,-1.5582301080685534e-10,-5.427664035991902e-09,0.1,0.0,0
10,1690,world,16.9,1.68,3.807499914169312,1.5056119098042273,-0.5504030964333658,0.7070337233773085,0.7070337232984413,-0.010164352560289098,0.010164352561422898,1.115465699841215e-11,0.0999585937101459,-0.0028774195887953124,-0.004896529927819197,1.0603757459666882e-11,3.6871544244014357e-10,0.1,0.0,0
10,1691,world,16.91,1.6810000000000003,3.8074999141693113,1.5066114950244618,-0.550431895518091,0.7070334742834626,0.7070334742679195,-0.010181662616852615,0.010181662617076443,2.1983534534172877e-12,0.0999584503743497,-0.002882394622300921,-0.004896530043374197,6.330188112332478e-11,2.1974520410873526e-09,0.1,0.0,0
10,1692,world,16.92,1.6820000000000004,3.8074999141693113,1.507611078812469,-0.5504607442710238,0.7070332248135965,0.7070332247658156,-0.010198972666992549,0.01019897266768179,6.757950261946792e-12,0.0999583072654349,-0.00288735322205381,-0.004896530135450007,-1.4172855603125769e-10,-4.911563058184446e-09,0.1,0.0,0
10,1693,world,16.93,1.683,3.807499914169312,1.5086106611705339,-0.5504896425277379,0.7070329749224333,0.7070329748374086,-0.010216282711266254,0.010216282712494824,1.2025590092068718e-11,0.09995816438570718,-0.002892295392926193,-0.004896530204046587,1.526266960648997e-10,5.280271815162395e-09,0.1,0.0,0
10,1694,world,16.94,1.6840000000000004,3.8074999141693113,1.5096102421009563,-0.5505185901240404,0.7070327245328789,0.7070327245597957,-0.010233592750696071,0.010233592750306476,-3.807020000752542e-12,0.0999580217378649,-0.0028972211259288743,-0.004896530249162149,2.6829823096160306e-10,9.266324946575302e-09,0.1,0.0,0
10,1695,world,16.95,1.685,3.8074999141693113,1.5106098216060695,-0.5505475868955325,0.7070324737659254,0.7070324738119874,-0.010250902783439883,0.010250902782772051,-6.5148653051539695e-12,0.09995787932399408,-0.002902130432947008,-0.004896530270797644,4.9945464450897565e-11,1.7220754207769172e-09,0.1,0.0,0
10,1696,world,16.96,1.6860000000000002,3.807499914169311,1.5116093996882272,-0.5505766326778497,0.7070322225821404,0.7070322226334187,-0.010268212809973613,0.010268212809228901,-7.252599414005779e-12,0.09995773714681244,-0.002907023303785622,-0.004896530268954043,8.741314967027055e-11,3.0088476562800637e-09,0.1,0.0,0
10,1697,world,16.97,1.687,3.807499914169311,1.512608976349802,-0.5506057273068405,0.7070319709584947,0.7070319710471217,-0.010285522830538407,0.010285522829249109,-1.2535087645630661e-11,0.0999575952085722,-0.0029118997440204207,-0.00489653024363107,-2.868309757522594e-10,-9.856370934412361e-09,0.1,0.0,0
10,1698,world,16.98,1.6880000000000002,3.807499914169311,1.5136085515932023,-0.5506348706180146,0.7070317190181216,0.7070317189299655,-0.010302832843247789,0.010302832844532397,1.2468485432162654e-11,0.09995745351167952,-0.002916759753635815,-0.00489653019482755,-2.6096572829803767e-10,-8.952493424101778e-09,0.1,0.0,0
10,1699,world,16.990000000000002,1.6890000000000003,3.8074999141693113,1.5146081254208503,-0.5506640624471124,0.7070314665404974,0.7070314665024767,-0.010320142851219393,0.010320142851774359,5.377509969001739e-12,0.09995731205858231,-0.0029216033309123076,-0.004896530122544335,2.359844091914111e-10,8.081899691287577e-09,0.1,0.0,0
10,1700,world,17.0,1.6900000000000002,3.8074999141693113,1.5156076978351936,-0.5506933026298765,0.7070312136320522,0.7070312136582281,-0.010337452852812084,0.010337452852429369,-3.702226837249112e-12,0.09995717085164607,-0.0029264304766794084,-0.004896530026781615,6.448713093877364e-11,2.20483606774914e-09,0.1,0.0,0
10,1701,world,17.01,1.6910000000000003,3.8074999141693113,1.5166072688387109,-0.5507225910018739,0.7070309603484191,0.7070309603415894,-0.01035476284711826,0.010354762847218282,9.659619722422107e-13,0.09995702989321952,-0.002931241192058901,-0.0048965299075385445,-2.9678863545304043e-11,-1.0130204323753829e-09,0.1,0.0,0
10,1702,world,17.02,1.6920000000000002,3.8074999141693113,1.5176068384338959,-0.5507519273988991,0.7070307066151581,0.707030706627003,-0.010372072835132999,0.010372072834959237,-1.6752827300673117e-12,0.09995688918579186,-0.002936035473104762,-0.004896529764816165,1.4167486633963901e-11,4.827804119780268e-10,0.1,0.0,0
10,1703,world,17.03,1.6930000000000003,3.807499914169311,1.5186064066232703,-0.5507813116565908,0.7070304524733706,0.7070304524733707,-0.010389382816160902,0.010389382816160902,0.0,0.09995674873160461,-0.0029408133240415597,-0.004896529598613262,-2.6986572709512206e-11,-9.180595469367135e-10,0.1,0.0,0
10,1704,world,17.04,1.6940000000000002,3.8074999141693104,1.5196059734093803,-0.5508107436105721,0.7070301979024473,0.7070301979013046,-0.010406692790410817,0.010406692790427639,1.6162426698787862e-13,0.09995660853311084,-0.0029455747416140326,-0.004896529408930271,2.0483233173354505e-10,6.956637680259934e-09,0.1,0.0,0
10,1705,world,17.05,1.6950000000000003,3.8074999141693113,1.5206055387947897,-0.550840223096691,0.707029942857391,0.7070299429558047,-0.010424002758453203,0.010424002757002252,-1.3919330342166288e-11,0.09995646859252488,-0.0029503197304004344,-0.004896529195768166,3.18411096228029e-11,1.0796032976542211e-09,0.1,0.0,0
10,1706,world,17.06,1.696,3.807499914169311,1.5216051027820954,-0.5508697499504838,0.7070296874804726,0.7070296874946028,-0.010441312718097348,0.010441312717888675,-1.9985370916921885e-12,0.09995632891225628,-0.0029550482880727333,-0.004896528959126533,-2.8216110015306365e-10,-9.551138048611408e-09,0.1,0.0,0
10,1707,world,17.07,1.6970000000000003,3.807499914169311,1.5226046653739118,-0.5508993240076707,0.7070294316630489,0.7070294316263449,-0.01045862267085025,0.010458622671393187,5.191293740395547e-12,0.0999561894946429,-0.002959760414466533,-0.0048965286990046136,1.8917922791411888e-10,6.393101689158075e-09,0.1,0.0,0
10,1708,world,17.080000000000002,1.6980000000000004,3.8074999141693113,1.5236042265728686,-0.5509289451040272,0.7070291753257911,0.7070291754303631,-0.010475932617795164,0.010475932616245742,-1.4790313825632817e-11,0.09995605034201296,-0.0029644561094695865,-0.004700174623352874,2.598922814025699e-10,8.768829785800086e-09,0.1,0.0,0
10,1709,world,17.09,1.699,3.807499914169311,1.5246037863816275,-0.550958613075485,0.7070289392465229,0.7070289393338697,-0.010491854278130956,0.010491854276834786,-1.2354048738473295e-11,0.09995591145345262,-0.002969135481843297,-0.004494546375393251,-2.1942976956739562e-10,-7.391911239243865e-09,0.1,0.0,0
10,1710,world,17.1,1.7000000000000004,3.807499914169311,1.5256033448028121,-0.5509883277597032,0.7070287038182946,0.7070287038182946,-0.010507710360603495,0.010507710360603495,0.0,0.09995577282734752,-0.002973798662938801,-0.0044852721633269884,-1.686420101353679e-11,-5.672505490235407e-10,0.1,0.0,0
10,1711,world,17.11,1.701,3.8074999141693113,1.5266029018390568,-0.5510180889947615,0.7070284679511275,0.7070284680304495,-0.01052356643970963,0.010523566438528982,-1.1219072319162594e-11,0.09995563446608277,-0.0029784456487984413,-0.004485272346649159,-9.457278713328571e-11,-3.1762475242531714e-09,0.1,0.0,0
10,1712,world,17.12,1.7020000000000002,3.8074999141693113,1.5276024574930227,-0.5510478966187403,0.7070282318301462,0.7070282317852123,-0.010539422512623655,0.010539422513293466,6.355292803562317e-12,0.09995549637169653,-0.0029830764468522855,-0.004485272511925569,-2.7266947389675576e-10,-9.143862257348261e-09,0.1,0.0,0
10,1713,world,17.13,1.703,3.8074999141693118,1.5286020117673895,-0.5510777504697209,0.7070279952939851,0.7070279952439502,-0.010555278581675983,0.010555278582422958,7.076787938717078e-12,0.09995535854654676,-0.002987691053519861,-0.004485272659154153,1.7967068810993587e-10,6.016141859168382e-09,0.1,0.0,0
10,1714,world,17.14,1.7040000000000002,3.8074999141693113,1.5296015646648597,-0.5511076503858299,0.7070277583545671,0.7070277583947427,-0.010571134646620609,0.010571134646019924,-5.682319847425136e-12,0.09995522099297614,-0.0029922894654935183,-0.004485272788336691,1.2771771491899418e-10,4.2700977140819625e-09,0.1,0.0,0
10,1715,world,17.150000000000002,1.7050000000000003,3.8074999141693113,1.5306011161881574,-0.5511375962051059,0.7070275211195551,0.7070275211299288,-0.01058699070577685,0.010586990705621512,-1.4672471863341691e-12,0.09995508371305412,-0.002996871688335003,-0.004485272899472422,-1.1527497710252376e-11,-3.8484149148563996e-10,0.1,0.0,0
10,1716,world,17.16,1.7060000000000002,3.8074999141693113,1.5316006663400368,-0.5511675877656305,0.7070272835018643,0.7070272835365956,-0.01060284676037485,0.010602846759854005,-4.912307916755947e-12,0.09995494670910922,-0.0030014377186837926,-0.004485272992561499,-3.424874100748466e-10,-1.1416431913627218e-08,0.1,0.0,0
10,1717,world,17.17,1.7070000000000003,3.8074999141693113,1.5326002151232667,-0.5511976249054871,0.7070270456336866,0.7070270454825531,-0.01061870280835933,0.010618702810629174,2.1375923530289354e-11,0.09995480998338559,-0.003005987555743165,-0.004485273067604162,-2.2785462760334482e-10,-7.583939455000755e-09,0.1,0.0,0
10,1718,world,17.18,1.7080000000000002,3.807499914169311,1.5335997625406392,-0.55122770746276,0.7070268072776917,0.7070268072051338,-0.010634558853221185,0.010634558854312547,1.0262408235383283e-11,0.09995467353805142,-0.0030105212009828054,-0.0044852731246000635,2.5452496022134504e-10,8.459000274184454e-09,0.1,0.0,0
10,1719,world,17.19,1.7090000000000003,3.8074999141693113,1.534599308594968,-0.5512578352755343,0.7070265685848419,0.7070265685533774,-0.010650414892623524,0.010650414893097496,4.450257921105967e-12,0.09995453737521165,-0.0030150386576990474,-0.004485273163549289,3.1106055242029695e-10,1.0322511205933026e-08,0.1,0.0,0
10,1720,world,17.2,1.7100000000000002,3.8074999141693118,1.5355988532890932,-0.5512880081818956,0.7070263295044747,0.7070263295779489,-0.010666270927257622,0.010666270926149182,-1.0392022142226934e-11,0.09995440149727952,-0.003019539918703718,-0.004485273184451407,4.927057027912518e-11,1.6326078000409729e-09,0.1,0.0,0
10,1721,world,17.21,1.7110000000000003,3.8074999141693113,1.5365983966258705,-0.5513182260199297,0.7070260901619041,0.707026090153536,-0.01068212695516056,0.010682126955286989,1.1835432205425342e-12,0.0999542659062092,-0.0030240249917662144,-0.004485273187307346,-1.569720916277075e-10,-5.1936248220452265e-09,0.1,0.0,0
10,1722,world,17.22,1.712,3.8074999141693118,1.537597938608181,-0.5513484886277243,0.7070258504186356,0.7070258504186356,-0.01069798297834985,0.01069798297834985,0.0,0.09995413060430844,-0.0030284938726787267,-0.004485273172116916,1.2569225178777874e-10,4.15252481113214e-09,0.1,0.0,0
10,1723,world,17.23,1.7130000000000003,3.807499914169311,1.5385974792389299,-0.551378795843385,0.7070256102987709,0.7070256103491486,-0.010713838996391573,0.01071383899562818,-7.1253078377305685e-12,0.0999539955937902,-0.0030329465601242733,-0.004485273138879312,-9.198405928918666e-11,-3.0343895415956334e-09,0.1,0.0,0
10,1724,world,17.240000000000002,1.7140000000000004,3.8074999141693113,1.539597018521036,-0.5514091475050077,0.7070253698951569,0.7070253698522293,-0.010729695007806326,0.01072969500845779,6.071588089344847e-12,0.09995386087660176,-0.0030373830612785957,-0.004485273087594921,-1.0810735990591775e-10,-3.561004469653416e-09,0.1,0.0,0
10,1725,world,17.25,1.715,3.8074999141693118,1.5405965564574464,-0.5514395434506549,0.707025129067837,0.7070251290678371,-0.010745551014644627,0.010745551014644627,0.0,0.0999537264551825,-0.0030418033668454863,-0.004485273018264291,9.225615066650526e-11,3.0343687493091377e-09,0.1,0.0,0
10,1726,world,17.26,1.7160000000000004,3.8074999141693113,1.5415960930511308,-0.5514699835184159,0.7070248879063928,0.7070248879063927,-0.010761407015475828,0.010761407015475828,0.0,0.09995359233144806,-0.003046207484510684,-0.004485272930887137,1.6677432010433123e-10,5.477262357527742e-09,0.1,0.0,0
10,1727,world,17.27,1.717,3.8074999141693118,1.542595628305074,-0.551500467546381,0.7070246463506177,0.7070246464281049,-0.010777263011144443,0.010777263009963296,-1.0959631692386915e-11,0.09995345850772165,-0.003050595408304267,-0.0044852728254630245,1.2303647688135523e-10,4.034861355616816e-09,0.1,0.0,0
10,1728,world,17.28,1.7180000000000002,3.8074999141693113,1.5435951622222897,-0.5515309953726413,0.707024404488203,0.7070244045452844,-0.010793119000242685,0.010793118999371304,-8.073476111921425e-12,0.09995332498595551,-0.003054967144170988,-0.004485272701992455,-9.279721091884384e-11,-3.0387146598777748e-09,0.1,0.0,0
10,1729,world,17.29,1.719,3.807499914169311,1.5445946948058078,-0.551561566835288,0.7070241622712921,0.7070241623057902,-0.01080897498342713,0.010808974982899722,-4.879349468962885e-12,0.09995319176842349,-0.0030593226872564134,-0.004485272560475535,-2.811247763300231e-10,-9.192139398926206e-09,0.1,0.0,0
10,1730,world,17.3,1.7200000000000002,3.807499914169311,1.54559422605868,-0.5515921817724135,0.7070239197412351,0.7070239196682744,-0.010824830959992865,0.010824830961109927,1.0319436923960476e-11,0.09995305885714602,-0.003063662040745488,-0.004485272400910899,8.316524555142687e-12,2.715283063864926e-10,0.1,0.0,0
10,1731,world,17.31,1.721,3.8074999141693113,1.5465937559839853,-0.551622840022111,0.7070236767462159,0.7070236767845555,-0.010840686932193052,0.010840686931605196,-5.422679510495327e-12,0.09995292625430359,-0.00306798520233542,-0.004485272223300456,4.89634374876005e-11,1.5963052906361318e-09,0.1,0.0,0
10,1732,world,17.32,1.7220000000000002,3.807499914169312,1.547593284584807,-0.5516535414224737,0.7070234334956239,0.7070234334452463,-0.010856542896748074,0.010856542897521635,7.125307860149114e-12,0.09995279396185736,-0.00307229217661545,-0.004485272027643445,-1.8280429259797073e-10,-5.951080129541788e-09,0.1,0.0,0
10,1733,world,17.330000000000002,1.7230000000000003,3.8074999141693118,1.5485928118642664,-0.5516842858116331,0.7070231898428296,0.7070231897969784,-0.01087239885583426,0.010872398856539348,6.485128127086498e-12,0.09995266198212514,-0.0030765829563066927,-0.0043366248650129734,2.1895220018920912e-10,7.117806217807554e-09,0.1,0.0,0
10,1734,world,17.34,1.7240000000000002,3.8074999141693113,1.5495923378254977,-0.5517150730276508,0.7070229619729116,0.7070229620232307,-0.010887203841321434,0.010887203840546589,-7.117045248138723e-12,0.09995253031668831,-0.003080857557808661,-0.004132608586343469,-8.512556981179981e-11,-2.763456491878289e-09,0.1,0.0,0
10,1735,world,17.35,1.7250000000000003,3.8074999141693118,1.5505918624716495,-0.5517459029090056,0.7070227399449455,0.7070227398599992,-0.01090161734728934,0.010901617348599131,1.201464653484155e-11,0.0999523989665341,-0.0030851160164237995,-0.00407723944166874,-3.4648846301717893e-11,-1.1233040501859238e-09,0.1,0.0,0
10,1736,world,17.36,1.7260000000000002,3.8074999141693118,1.5515913858058863,-0.5517767752942019,0.7070225174958151,0.7070225175302426,-0.010916030851210654,0.010916030850679116,-4.869339036501608e-12,0.09995226793383691,-0.0030893583285982983,-0.00407723958229991,3.428916873610921e-10,1.1101766281270782e-08,0.1,0.0,0
10,1737,world,17.37,1.7270000000000003,3.807499914169312,1.5525909078313915,-0.5518076900217994,0.7070222947936854,0.7070222948657979,-0.010930444350439477,0.01093044434932463,-1.0199466925460186e-11,0.0999521372205523,-0.003093584497615334,-0.0040772397093752745,-3.5177763489693665e-11,-1.1374461366718748e-09,0.1,0.0,0
10,1738,world,17.38,1.728,3.8074999141693118,1.5535904285513715,-0.5518386469303588,0.7070220718434437,0.7070220718617795,-0.010944857844843742,0.010944857844559902,-2.59336523245093e-12,0.09995200682873356,-0.0030977945233341326,-0.004077239822894779,-1.5785229031050408e-10,-5.097290000085267e-09,0.1,0.0,0
10,1739,world,17.39,1.7290000000000003,3.8074999141693118,1.5545899479690464,-0.5518696458584413,0.7070218485816391,0.7070218485816391,-0.010959271335350287,0.010959271335350287,0.0,0.09995187676043187,-0.003101988405433176,-0.0040772399228587025,2.8150684915928053e-10,9.078316975733102e-09,0.1,0.0,0
10,1740,world,17.400000000000002,1.7300000000000004,3.8074999141693118,1.5555894660876668,-0.5519006866446091,0.7070216249434409,0.7070216250902097,-0.010973684822912534,0.010973684820634533,-2.0758751533807616e-11,0.09995174701777576,-0.00310616614084891,-0.0040772400092664645,1.4491168685701683e-10,4.667125775955428e-09,0.1,0.0,0
10,1741,world,17.41,1.731,3.8074999141693104,1.5565889829104926,-0.551931769127471,0.7070214011251577,0.7070214011911846,-0.010988098304430715,0.010988098303404565,-9.338733064977586e-12,0.09995161760252382,-0.0031103277381738267,-0.004077240082117718,-3.030360685447872e-10,-9.74696162132308e-09,0.1,0.0,0
10,1742,world,17.42,1.7320000000000004,3.8074999141693113,1.5575884984408148,-0.5519628931455617,0.707021177001239,0.707021177010115,-0.01100251178179777,0.011002511781659646,-1.2553962161754295e-12,0.09995148851702561,-0.0031144731867363113,-0.00407724014141317,-2.5623930068213317e-10,-8.230984123017364e-09,0.1,0.0,0
10,1743,world,17.43,1.733,3.8074999141693113,1.5585880126819363,-0.5519940585374268,0.7070209525845537,0.7070209525341347,-0.011016925254759991,0.011016925255545628,7.131175196529307e-12,0.09995135976309721,-0.0031186024927705083,-0.0040772401871533364,-2.1746068493621108e-10,-6.976186755313431e-09,0.1,0.0,0
10,1744,world,17.44,1.7340000000000002,3.8074999141693113,1.5595875256371887,-0.5520252651416309,0.7070207278640822,0.7070207277742642,-0.011031338723435358,0.011031338724836748,1.2703718953231044e-11,0.09995123134269995,-0.003122715657576789,-0.004077240219337554,-1.950426799775798e-10,-6.248816809966015e-09,0.1,0.0,0
10,1745,world,17.45,1.735,3.8074999141693113,1.5605870373099135,-0.5520565127967387,0.7070205028545765,0.7070205027157537,-0.0110457521875401,0.011045752189708923,1.9634912983120798e-11,0.09995110325794877,-0.0031268126772902903,-0.004077240237966057,4.114934089057732e-10,1.3166293612401753e-08,0.1,0.0,0
10,1746,world,17.46,1.7360000000000002,3.8074999141693113,1.5615865477034763,-0.5520878013413163,0.7070202774090956,0.7070202775055453,-0.011060165649318682,0.011060165647809884,-1.3641727024530409e-11,0.09995097551092182,-0.003130893548990021,-0.004077240243038041,2.0364352571002957e-10,6.507362139551777e-09,0.1,0.0,0
10,1747,world,17.47,1.737,3.8074999141693113,1.5625860568212628,-0.552119130613958,0.7070200518590207,0.7070200518122598,-0.011074579103535216,0.011074579104267668,6.613809709799703e-12,0.09995084810322373,-0.003134958284618772,-0.004077240234553682,-2.9937875103937205e-10,-9.554082801528716e-09,0.1,0.0,0
10,1748,world,17.48,1.7380000000000002,3.807499914169312,1.5635855646666774,-0.5521505004532368,0.707019825939483,0.7070198259007678,-0.011088992554278485,0.011088992554885697,5.475821241681227e-12,0.09995072103710848,-0.0031390068751314133,-0.004077240212514262,1.0370627970365283e-10,3.3052755555807512e-09,0.1,0.0,0
10,1749,world,17.490000000000002,1.7390000000000003,3.807499914169311,1.5645850712431477,-0.5521819106976852,0.7070195997107767,0.7070195997107767,-0.011103406000552311,0.011103406000552311,0.0,0.09995059431454223,-0.003143039320434836,-0.004077240176918708,-8.771473133594145e-11,-2.7919667426660724e-09,0.1,0.0,0
10,1750,world,17.5,1.7400000000000002,3.8074999141693113,1.5655845765541196,-0.5522133611858716,0.707019373246702,0.707019373168488,-0.011117819441143238,0.011117819442373148,1.1062505265385954e-11,0.0999504679372771,-0.0031470556269858306,-0.004077240127767227,-6.482904492808144e-11,-2.0608367448818844e-09,0.1,0.0,0
10,1751,world,17.51,1.7410000000000003,3.8074999141693118,1.5665840806030569,-0.5522448517563648,0.7070191464251588,0.7070191463960034,-0.011132232877916294,0.011132232878375354,4.123714383246728e-12,0.09995034190753067,-0.003151055786196052,-0.0040772400650597495,1.5959664150225592e-10,5.066824923272247e-09,0.1,0.0,0
10,1752,world,17.52,1.7420000000000002,3.8074999141693118,1.5675835833934382,-0.5522763822477341,0.7070189193230019,0.7070189193164701,-0.011146646309609801,0.011146646309712783,9.238691218287154e-13,0.09995021622710544,-0.0031550398024223457,-0.004077239988796448,1.706470035196374e-10,5.4106292540753135e-09,0.1,0.0,0
10,1753,world,17.53,1.7430000000000003,3.8074999141693113,1.568583084928771,-0.552307952498561,0.7070186919113649,0.7070186919587559,-0.011161059736624748,0.01116105973587663,-6.702936489685812e-12,0.09995009089795448,-0.00315900767498902,-0.004077239898976736,-7.662568498504345e-11,-2.426407312507658e-09,0.1,0.0,0
10,1754,world,17.54,1.744,3.8074999141693113,1.5695825852125733,-0.5523395623474542,0.7070184642769849,0.7070184642361257,-0.011175473157537173,0.01117547315818301,5.779066690315088e-12,0.09994996592185618,-0.003162959408495303,-0.004077239795602029,-7.193256409182701e-11,-2.2748421262825008e-09,0.1,0.0,0
10,1755,world,17.55,1.7450000000000003,3.8074999141693113,1.5705820842483904,-0.552371211632935,0.7070182362766176,0.7070182362918254,-0.01118988657455596,0.011189886574315269,-2.150977840367592e-12,0.0999498413009477,-0.0031668949959495723,-0.004077239678671258,-1.3422995357836645e-10,-4.239502440602849e-09,0.1,0.0,0
10,1756,world,17.56,1.746,3.8074999141693113,1.571581582039781,-0.5524029001935752,0.7070180080684786,0.7070180079676412,-0.011204299985124318,0.011204299986722314,1.426235040767984e-11,0.09994971703697572,-0.003170814442456017,-0.0040772395481839035,-1.0902008465676085e-10,-3.4388513259633556e-09,0.1,0.0,0
10,1757,world,17.57,1.747,3.8074999141693118,1.5725810785903265,-0.5524346278679474,0.707017779474793,0.7070177794413498,-0.011218713392003976,0.011218713392534642,4.73018316957202e-12,0.0999495931319348,-0.003174717745043565,-0.004077239404141689,2.2625287066803973e-10,7.12757498889934e-09,0.1,0.0,0
10,1758,world,17.580000000000002,1.7480000000000004,3.8074999141693118,1.5735805739036266,-0.5524663944946249,0.707017550604257,0.7070175506042569,-0.011233126793419678,0.011233126793419678,0.0,0.09994946958772438,-0.0031786049035007757,-0.003971172465378256,1.3607344421486171e-10,4.281329320512228e-09,0.1,0.0,0
10,1759,world,17.59,1.749,3.807499914169311,1.5745800679832915,-0.5524981999122479,0.70701733337256,0.7070173333996868,-0.011246790279014781,0.011246790278583265,-3.836793832514012e-12,0.09994934640572625,-0.0031824759336307124,-0.0037683932617200394,-8.775116052541295e-11,-2.7575626413412753e-09,0.1,0.0,0
10,1760,world,17.6,1.7500000000000002,3.8074999141693113,1.575579560832944,-0.5525300439598175,0.7070171268133599,0.7070171267743471,-0.011259769986862903,0.01125976998748421,5.5179491929803025e-12,0.09994922358557769,-0.0031863309056347714,-0.0036716809762075407,1.981637077098689e-10,6.219924988784582e-09,0.1,0.0,0
10,1761,world,17.61,1.7510000000000001,3.8074999141693118,1.5765790524562138,-0.5525619264768403,0.7070169199057292,0.7070169200208524,-0.01127274969305835,0.011272749691222817,-1.628292259253125e-11,0.09994910112894974,-0.003190169825413496,-0.0036716810808417235,-4.4592454738783936e-11,-1.3980432130865687e-09,0.1,0.0,0
10,1762,world,17.62,1.7520000000000002,3.8074999141693118,1.5775785428567415,-0.5525938473028271,0.7070167129238317,0.7070167128650401,-0.011285729393191512,0.011285729394129973,8.31545351425475e-12,0.09994897903745788,-0.003193992700337122,-0.0036716811755763607,-2.674215016697186e-10,-8.374450025838324e-09,0.1,0.0,0
10,1763,world,17.63,1.7530000000000001,3.807499914169311,1.5785780320381895,-0.5526258062773137,0.7070165055889666,0.7070165055856118,-0.011298709091667846,0.011298709091721456,4.74494958662925e-13,0.09994885731321797,-0.0031977995218580944,-0.00367168126041197,4.4079497006822326e-11,1.3787886878077134e-09,0.1,0.0,0
10,1764,world,17.64,1.7540000000000002,3.8074999141693113,1.5795775200042366,-0.5526578032398187,0.707016298061494,0.7070162980222089,-0.011311688785888684,0.011311688786517216,5.556473223195397e-12,0.09994873595772004,-0.0032015903007664905,-0.003671681335347107,-4.698238327216894e-11,-1.467900950318535e-09,0.1,0.0,0
10,1765,world,17.650000000000002,1.7550000000000003,3.8074999141693113,1.580577006758581,-0.5526898380298226,0.7070160902701843,0.7070160902460624,-0.011324668476953074,0.011324668477339447,3.41179508093597e-12,0.09994861497318577,-0.003205365024746134,-0.0036716814003824715,2.0281467482235532e-10,6.329380803446818e-09,0.1,0.0,0
10,1766,world,17.66,1.7560000000000002,3.8074999141693113,1.5815764923049451,-0.5527219104868383,0.7070158822109752,0.7070158822612355,-0.011337648164888196,0.011337648164082226,-7.108793972510943e-12,0.09994849436118079,-0.00320912370173124,-0.0036716814555187494,1.29180520476328e-10,4.026821628785811e-09,0.1,0.0,0
10,1767,world,17.67,1.7570000000000003,3.807499914169311,1.582575976647056,-0.5527540204503795,0.7070156739593743,0.7070156739922221,-0.011350627848444112,0.011350627847916761,-4.645985054881584e-12,0.09994837412356199,-0.003212866330317216,-0.0036716815007544396,-2.0820897094446488e-10,-6.482865732240912e-09,0.1,0.0,0
10,1768,world,17.68,1.7580000000000002,3.8074999141693113,1.5835754597886698,-0.55278616775996,0.7070154654979308,0.7070154654564741,-0.011363607527859396,0.011363607528525718,5.863628667501973e-12,0.09994825426203202,-0.0032165929136584097,-0.0036716815360909303,3.419591000022377e-11,1.0635063497394109e-09,0.1,0.0,0
10,1769,world,17.69,1.7590000000000003,3.8074999141693118,1.5845749417335582,-0.5528183522550949,0.7070152567163718,0.7070152567642657,-0.011376587204867545,0.01137658720409688,-6.774117555753741e-12,0.0999481347786437,-0.003220303443788555,-0.0036716815615277613,1.0897376753423169e-10,3.3852910608240553e-09,0.1,0.0,0
10,1770,world,17.7,1.76,3.8074999141693118,1.5855744224855084,-0.552850573775345,0.7070150477619291,0.7070150477683663,-0.011389566877061868,0.011389566876958168,-9.1048865029239e-13,0.09994801567491263,-0.0032239979291903095,-0.003671681577064578,-5.865412323821139e-11,-1.8200251070535966e-09,0.1,0.0,0
10,1771,world,17.71,1.7610000000000003,3.8074999141693113,1.5865739020483285,-0.5528828321601881,0.7070148385406176,0.7070148385627625,-0.011402546545915196,0.01140254654555805,-3.132163576023918e-12,0.09994789695281622,-0.003227676363768678,-0.003671681582701215,-1.468044436344742e-11,-4.550005908006295e-10,0.1,0.0,0
10,1772,world,17.72,1.762,3.8074999141693118,1.5875733804258403,-0.5529151272491322,0.7070146290999463,0.7070146290999463,-0.011415526210622626,0.011415526210622626,0.0,0.09994777861403162,-0.003231338750506694,-0.0036716815784381923,-5.0558862663404745e-11,-1.5652556240340562e-09,0.1,0.0,0
10,1773,world,17.73,1.7630000000000001,3.8074999141693118,1.588572857621891,-0.5529474588816943,0.707014419409917,0.7070144194099172,-0.011428505871628686,0.011428505871628686,0.0,0.09994766066034992,-0.0032349850886121247,-0.003671681564276422,4.290248712809808e-10,1.3267151562195403e-08,0.1,0.0,0
10,1774,world,17.740000000000002,1.7640000000000005,3.8074999141693118,1.5895723336403373,-0.5529798268973918,0.7070142093877535,0.7070142095754528,-0.011441485530234176,0.01144148552719667,-2.6548174747021435e-11,0.09994754309358404,-0.0032386153763859214,-0.003671681540213327,0.0,-1.4086496729182964e-14,0.1,0.0,0
10,1775,world,17.75,1.7650000000000001,3.8074999141693118,1.5905718084850573,-0.5530122311357428,0.7070139993150051,0.707013999315005,-0.011454465181843449,0.011454465181843449,0.0,0.09994742591527228,-0.0032422296203633706,-0.0036716815062514912,-3.192092424438113e-10,-9.848831404332819e-09,0.1,0.0,0
10,1776,world,17.76,1.7660000000000002,3.8074999141693118,1.5915712821599446,-0.553044671436279,0.707013788885943,0.7070137889343039,-0.011467444831365614,0.011467444830581224,-6.840144391239229e-12,0.09994730912735314,-0.0032458278144894856,-0.003671681462389989,-9.34374106075329e-11,-2.8796429955160743e-09,0.1,0.0,0
10,1777,world,17.77,1.7670000000000001,3.807499914169312,1.5925707546689107,-0.5530771476385461,0.7070135782873292,0.7070135782465887,-0.011480424475735175,0.011480424476396713,5.7623189775131135e-12,0.09994719273148481,-0.003249409961121088,-0.003671681408628133,-1.8708663095153016e-10,-5.759286142820453e-09,0.1,0.0,0
10,1778,world,17.78,1.7680000000000002,3.8074999141693113,1.5935702260158915,-0.5531096595820238,0.7070133674020723,0.7070133673689524,-0.011493404116812461,0.011493404117350869,4.684493246353962e-12,0.09994707672949467,-0.003252976057167819,-0.003671681344966557,3.264123347346928e-10,1.0036929598620918e-08,0.1,0.0,0
10,1779,world,17.79,1.7690000000000001,3.8074999141693118,1.5945696962048237,-0.5531422071062326,0.7070131562151545,0.7070131563164138,-0.011506383754805179,0.011506383753157219,-1.4322127919636215e-11,0.09994696112296997,-0.0032565261066864015,-0.0036716812714047403,2.2525280257211407e-10,6.9185403976285994e-09,0.1,0.0,0
10,1780,world,17.8,1.7700000000000002,3.807499914169312,1.5955691652396753,-0.5531747900506931,0.7070129448753941,0.707012944940156,-0.011519363387252768,0.011519363386197605,-9.159908220160992e-12,0.09994684591360067,-0.003260060110330228,-0.0036716811879444183,-2.332887356040346e-10,-7.1572696028147764e-09,0.1,0.0,0
10,1781,world,17.81,1.7710000000000001,3.8074999141693118,1.5965686331244249,-0.553207408254927,0.7070127333114857,0.7070127333114857,-0.011532343015274251,0.011532343015274251,0.0,0.09994673110320568,-0.0032635780645637845,-0.00367168109458403,-3.690466336133542e-10,-1.1309567729852595e-08,0.1,0.0,0
10,1782,world,17.82,1.7720000000000002,3.8074999141693118,1.5975680998630735,-0.5532400615584562,0.7070125215245385,0.7070125214292952,-0.011545322638811379,0.011545322640366675,1.3471224363423953e-11,0.09994661669339715,-0.003267079971955036,-0.003671680991323686,1.975964531330751e-10,6.048584556668587e-09,0.1,0.0,0
10,1783,world,17.830000000000002,1.7730000000000004,3.8074999141693118,1.5985675654596336,-0.5532727498008373,0.707012309361282,0.7070123094468561,-0.01155830226032963,0.011558302258930656,-1.2103638213449156e-11,0.09994650268598465,-0.0032705658287924388,-0.003603522194238955,1.807855948668297e-10,5.527899751013508e-09,0.1,0.0,0
10,1784,world,17.84,1.7740000000000002,3.8074999141693118,1.5995670299181373,-0.5533054728215882,0.70701210498813,0.7070121049710943,-0.011570799985075566,0.011570799985354367,2.4095115932305974e-12,0.09994638908230968,-0.003274035645433498,-0.003401942806150378,-2.5630400584622995e-10,-7.828701184382751e-09,0.1,0.0,0
10,1785,world,17.85,1.7750000000000004,3.807499914169312,1.6005664932426238,-0.553338230460485,0.7070119158007091,0.7070119157755241,-0.011582354407129245,0.01158235440754183,3.562183571516075e-12,0.09994627588232496,-0.003277489474306223,-0.003268522200304186,-1.7470035837745e-10,-5.330618093068448e-09,0.1,0.0,0
10,1786,world,17.86,1.776,3.8074999141693113,1.6015659554371329,-0.5533710225578229,0.7070117264540133,0.707011726361561,-0.011593908825882229,0.011593908827398303,1.3076462553588972e-11,0.09994616308701915,-0.003280927335826358,-0.003268522275337032,-2.57039181651678e-11,-7.835239972333482e-10,0.1,0.0,0
10,1787,world,17.87,1.7770000000000004,3.8074999141693113,1.6025654165057186,-0.5534038489539383,0.7070115368567591,0.707011536820489,-0.01160546324280371,0.011605463243399075,5.130058217835961e-12,0.09994605069827252,-0.0032843492229572705,-0.003268522343387284,2.1800877079698835e-10,6.6388391893148936e-09,0.1,0.0,0
10,1788,world,17.88,1.778,3.8074999141693118,1.6035648764524566,-0.5534367094890561,0.7070113470798916,0.7070113470813645,-0.011617017656703234,0.011617017656679034,-2.0831341178939632e-13,0.0999459387174575,-0.0032877551438986216,-0.0032685224044542507,-5.6666824021049554e-11,-1.7238981485620392e-09,0.1,0.0,0
10,1789,world,17.89,1.7790000000000001,3.8074999141693118,1.6045643352814292,-0.5534696040036156,0.7070111571641291,0.7070111571034695,-0.011628572066882878,0.011628572067880576,8.579709203545674e-12,0.09994582714616822,-0.003291145099849871,-0.00326852245853629,-1.204106259359149e-10,-3.6594643066693536e-09,0.1,0.0,0
10,1790,world,17.900000000000002,1.7800000000000005,3.807499914169312,1.60556379299675,-0.5535025323377993,0.7070109670232887,0.7070109669729879,-0.011640126474731314,0.011640126475559459,7.114568321102023e-12,0.09994571598640056,-0.0032945190795861004,-0.003268522505634758,-6.717942175968213e-11,-2.0396483821945845e-09,0.1,0.0,0
10,1791,world,17.91,1.7810000000000001,3.8074999141693113,1.6065632496025328,-0.5535354943319838,0.7070107767184038,0.7070107766288876,-0.011651680879216713,0.011651680880691961,1.266124854229975e-11,0.09994560523936735,-0.0032978770954275615,-0.0032685225457497347,1.1721769390550323e-10,3.5553611601928665e-09,0.1,0.0,0
10,1792,world,17.92,1.7820000000000003,3.8074999141693113,1.6075627051029169,-0.5535684898264696,0.7070105861603218,0.7070105861603219,-0.011663235281780813,0.011663235281780813,0.0,0.09994549490693215,-0.003301219139711987,-0.0032685225788818954,2.1393997688336034e-10,6.482615110474862e-09,0.1,0.0,0
10,1793,world,17.93,1.7830000000000001,3.807499914169312,1.608562159502058,-0.5536015186615191,0.7070103954570676,0.7070103954592667,-0.011674789680615203,0.011674789680578886,-3.1106344578861253e-13,0.09994538499068162,-0.003304545212950532,-0.0032685226050295567,5.3486381999621125e-11,1.6190873324840252e-09,0.1,0.0,0
10,1794,world,17.94,1.7840000000000003,3.8074999141693118,1.609561612804124,-0.5536345806775476,0.7070102045557286,0.7070102045786354,-0.01168634407656456,0.011686344076185929,-3.2399352225396293e-12,0.09994527549203465,-0.0033078553204909603,-0.003268522624192699,6.554045501928742e-11,1.9820270835013292e-09,0.1,0.0,0
10,1795,world,17.95,1.7850000000000001,3.8074999141693118,1.610561065013297,-0.5536676757147477,0.7070100134722468,0.7070100135024875,-0.011697898469337824,0.011697898468837472,-4.277283731257726e-12,0.09994516641267112,-0.0033111494595500324,-0.003268522636373408,-1.0566911930681357e-10,-3.1924042028866874e-09,0.1,0.0,0
10,1796,world,17.96,1.7860000000000003,3.8074999141693113,1.6115605161337792,-0.5537008036135207,0.7070098222298522,0.707009822207593,-0.011709452858522151,0.011709452858890804,3.148348776617816e-12,0.09994505775414354,-0.0033144276309661686,-0.003268522641570812,-7.082060633640577e-11,-2.137465844892132e-09,0.1,0.0,0
10,1797,world,17.97,1.7870000000000001,3.8074999141693113,1.6125599661697885,-0.5537339642141326,0.7070096307612492,0.7070096307612491,-0.011721007245203967,0.011721007245203967,0.0,0.09994494951811206,-0.003317689832102398,-0.003268522639784221,-5.3698018263727984e-11,-1.6190833236464918e-09,0.1,0.0,0
10,1798,world,17.98,1.7880000000000003,3.807499914169311,1.6135594151255568,-0.5537671573568861,0.7070094391375301,0.7070094390923642,-0.01173256162817758,0.011732561628927088,6.388285175688258e-12,0.09994484170612866,-0.0033209360633539202,-0.003268522631012922,-1.245257369663727e-10,-3.75095386946505e-09,0.1,0.0,0
10,1799,world,17.990000000000002,1.7890000000000004,3.807499914169311,1.6145588630053298,-0.5538003828821602,0.7070092473063514,0.7070092472532828,-0.011744116008283052,0.011744116009164569,7.506045954424518e-12,0.09994473431968198,-0.003324166326793053,-0.003268522615259221,-1.2139803053864347e-10,-3.653143464924064e-09,0.1,0.0,0
10,1800,world,18.0,1.7900000000000003,3.807499914169312,1.6155583098133761,-0.5538336406301716,0.7070090553042847,0.7070090552074343,-0.011755670384885439,0.011755670386495802,1.3698592116833688e-11,0.09994462736031588,-0.0033273806225919893,-0.003268522592520465,2.01831260074191e-10,6.067596385719302e-09,0.1,0.0,0
10,1801,world,18.01,1.7910000000000004,3.8074999141693104,1.6165577555539694,-0.5538669304413398,0.7070088630266869,0.7070088630594626,-0.01176722475969774,0.011767224759152232,-4.635834125386946e-12,0.09994452082975824,-0.0033305789451716647,-0.00326852256279929,1.0897151238863069e-10,3.2727518211085376e-09,0.1,0.0,0
10,1802,world,18.02,1.792,3.807499914169312,1.617557200231406,-0.553900252155898,0.707008670666737,0.7070086706161895,-0.01177877912947808,0.011778779130320204,7.14948997394813e-12,0.09994441472919871,-0.003333761304882236,-0.0032685225260944335,-5.8199452212341674e-11,-1.7461966690177957e-09,0.1,0.0,0
10,1803,world,18.03,1.7930000000000004,3.8074999141693118,1.6185566438499948,-0.5539336056141884,0.7070084780469903,0.7070084780550608,-0.011790333497152607,0.011790333497018022,-1.1414979328311712e-12,0.0999443090603712,-0.003336927695501396,-0.0032685224824042084,2.7145091734796424e-10,8.136518915044586e-09,0.1,0.0,0
10,1804,world,18.04,1.794,3.8074999141693113,1.6195560864140586,-0.5539669906565545,0.707008285239478,0.7070082853040464,-0.011801887861494626,0.011801887860416806,-9.132598561305752e-12,0.09994420382497354,-0.0033400781116831313,-0.003268522431732258,-1.358531343218518e-10,-4.06810589790327e-09,0.1,0.0,0
10,1805,world,18.05,1.7950000000000002,3.8074999141693118,1.6205555279279402,-0.5540004071232362,0.7070080923284161,0.7070080922789309,-0.01181344222106917,0.011813442221896021,6.9992403542825315e-12,0.09994409902401113,-0.003343212568572065,-0.003268522374075758,-2.9624705471799174e-10,-8.862387743108804e-09,0.1,0.0,0
10,1806,world,18.06,1.796,3.8074999141693118,1.6215549683959927,-0.5540338548546709,0.7070078991771687,0.7070078991163514,-0.011824996578129562,0.011824996579146754,8.602047535150475e-12,0.0999439946594416,-0.003346331052587131,-0.0032685223094352776,1.3997570466322969e-10,4.183352945939248e-09,0.1,0.0,0
10,1807,world,18.07,1.7970000000000002,3.8074999141693113,1.6225544078225873,-0.5540673336910608,0.7070077057961717,0.7070077058058729,-0.011836550932475856,0.011836550932313441,-1.3721499609226766e-12,0.09994389073260401,-0.0033494335684281793,-0.003268522237812172,1.1791800177285363e-10,3.5206862659365947e-09,0.1,0.0,0
10,1808,world,18.080000000000002,1.7980000000000003,3.8074999141693113,1.6235538462121086,-0.5541008434727851,0.7070075122719638,0.7070075122609575,-0.011848105282632063,0.011848105282816506,1.5567254829625228e-12,0.09994378724502627,-0.003352520114917572,-0.0032337264554409655,5.7575472177704594e-11,1.7173746287656153e-09,0.1,0.0,0
10,1809,world,18.09,1.7990000000000002,3.8074999141693113,1.624553283568957,-0.5541343840401531,0.7070073226526855,0.7070073226866843,-0.011859413621711577,0.011859413621141275,-4.80884524570263e-12,0.09994368419804285,-0.0033555906964171816,-0.003033315606317228,-5.2030602057036803e-11,-1.550544659268661e-09,0.1,0.0,0
10,1810,world,18.1,1.8000000000000003,3.8074999141693118,1.6255527198975408,-0.5541679552336847,0.707007152567247,0.7070071525343034,-0.011869551046201148,0.011869551046754225,4.659617014914817e-12,0.09994358159147959,-0.0033586453619372765,-0.0028677005288881316,-7.88213244781519e-11,-2.3468220805227377e-09,0.1,0.0,0
10,1811,world,18.11,1.8010000000000002,3.8074999141693118,1.626552155202261,-0.5542015568943912,0.7070069822861089,0.7070069822869046,-0.011879688469285391,0.01187968846927202,-1.1254096791079972e-13,0.09994347942587535,-0.0033616841388850165,-0.002867700580291978,2.2848754141847346e-10,6.797170363299294e-09,0.1,0.0,0
10,1812,world,18.12,1.8020000000000003,3.8074999141693104,1.6275515894875356,-0.5542351888634784,0.7070068118452683,0.7070068119084918,-0.011889825890342346,0.011889825889279107,-8.942434762672074e-12,0.09994337770274712,-0.0033647070252892652,-0.002867700626979111,-1.6424708817494787e-10,-4.881946467219204e-09,0.1,0.0,0
10,1813,world,18.13,1.8030000000000002,3.807499914169311,1.6285510227577957,-0.554268850981972,0.7070066413560326,0.7070066412877579,-0.01189996330748041,0.011899963308629573,9.656861240690809e-12,0.0999432764234006,-0.00336771402523127,-0.002867700668950052,-1.5047182252267563e-10,-4.46867394765788e-09,0.1,0.0,0
10,1814,world,18.14,1.8040000000000003,3.8074999141693118,1.6295504550174895,-0.5543025430909814,0.7070064706215526,0.7070064706215526,-0.01191010072399274,0.01191010072399274,0.0,0.09994317558934306,-0.0033707051365766136,-0.002867700706204481,-4.0822900621057694e-11,-1.211317331328199e-09,0.1,0.0,0
10,1815,world,18.150000000000002,1.8050000000000004,3.807499914169311,1.630549886271074,-0.5543362650317091,0.707006299818559,0.7070062997331464,-0.011920238136885189,0.011920238138325259,1.2080876035029986e-11,0.099943075202059,-0.0033736803576481693,-0.002867700738741274,8.806688018933269e-11,2.6109387035538732e-09,0.1,0.0,0
10,1816,world,18.16,1.8060000000000003,3.8074999141693113,1.631549316523025,-0.5543700166451894,0.7070061287663255,0.7070061288032655,-0.011930375549185338,0.011930375548561993,-5.224840794478404e-12,0.09994297526291922,-0.0033766396899164797,-0.0028677007665622476,3.150018440965941e-10,9.331004020861767e-09,0.1,0.0,0
10,1817,world,18.17,1.8070000000000004,3.8074999141693113,1.6325487457778318,-0.5544037977725303,0.7070059576250796,0.7070059576716837,-0.011940512958172876,0.011940512957385787,-6.5917608192558674e-12,0.0999428757731931,-0.003379583137621315,-0.0028677007896670014,-1.0288384728908322e-10,-3.0450309514382165e-09,0.1,0.0,0
10,1818,world,18.18,1.808,3.807499914169311,1.6335481740399929,-0.5544376082549315,0.707005786369682,0.7070057863635403,-0.011950650364251539,0.011950650364355353,8.686933581867368e-13,0.09994277673458407,-0.003382510691938928,-0.002867700808054926,5.435912137831214e-11,1.6074938257709122e-09,0.1,0.0,0
10,1819,world,18.19,1.8090000000000004,3.8074999141693113,1.6345476013140299,-0.5544714479334358,0.707005614904811,0.7070056149741581,-0.01196078776901386,0.011960787767840673,-9.808600258146631e-12,0.09994267814824527,-0.0033854223600989653,-0.0028677008217257607,1.3511570336652903e-10,3.992219679301069e-09,0.1,0.0,0
10,1820,world,18.2,1.81,3.8074999141693118,1.6355470276044755,-0.5545053166491503,0.7070054433418316,0.7070054433921725,-0.0119709251705582,0.011970925169705835,-7.1203091975025595e-12,0.09994258001564116,-0.003388318139898849,-0.002867700830680201,-3.391023573516808e-10,-1.0010854521938161e-08,0.1,0.0,0
10,1821,world,18.21,1.8110000000000002,3.8074999141693118,1.6365464529158626,-0.5545392142432708,0.7070052716853082,0.7070052716130197,-0.011981062568786451,0.01198106257001147,1.022461468101509e-11,0.09994248233814138,-0.0033911980317141975,-0.002867700834917986,-9.365702659143413e-11,-2.762575642257327e-09,0.1,0.0,0
10,1822,world,18.22,1.812,3.8074999141693113,1.6375458772527574,-0.554573140556849,0.707005099780343,0.7070050997915984,-0.01199119996630477,0.01199119996611387,-1.5919881860553558e-12,0.09994238511714647,-0.0033940620347870684,-0.002867700834438855,4.2187867788321664e-10,1.243346905638038e-08,0.1,0.0,0
10,1823,world,18.23,1.8130000000000002,3.8074999141693118,1.6385453006197317,-0.5546070954309905,0.707004927725611,0.7070049278292341,-0.01200133736142385,0.012001337359664858,-1.4656631794987555e-11,0.09994228835405317,-0.003396910148251155,-0.0028677008292437344,-9.259294721111386e-11,-2.7265628479429398e-09,0.1,0.0,0
10,1824,world,18.240000000000002,1.8140000000000003,3.8074999141693118,1.6395447230213682,-0.5546410787068887,0.70700475563718,0.7070047556098594,-0.012011474752153218,0.012011474752617372,3.864267866235431e-12,0.09994219205004305,-0.0033997423773446107,-0.002867700819331496,-2.4893316578148604e-10,-7.324087707763629e-09,0.1,0.0,0
10,1825,world,18.25,1.8150000000000002,3.807499914169312,1.6405441444622653,-0.5546750902256036,0.7070045833242626,0.7070045833242626,-0.012021612141713387,0.012021612141713387,0.0,0.09994209620666766,-0.003402558716199494,-0.0028677008047030927,1.8672303289452195e-10,5.4891113336466495e-09,0.1,0.0,0
10,1826,world,18.26,1.8160000000000003,3.8074999141693118,1.6415435649470398,-0.5547091298282388,0.7070044108544812,0.707004410904822,-0.012031749528938226,0.012031749528081528,-7.120309193896448e-12,0.09994200082523533,-0.0034053591658830874,-0.0028677007853584974,5.797619329856714e-11,1.7028952523429518e-09,0.1,0.0,0
10,1827,world,18.27,1.8170000000000002,3.8074999141693118,1.6425429844803134,-0.5547431973559854,0.7070042382776405,0.7070042383017335,-0.01204188691296119,0.012041886912550828,-3.4077742527437635e-12,0.09994190590694631,-0.0034081437304041215,-0.002867700761296495,-1.4894977614464498e-10,-4.371300343781292e-09,0.1,0.0,0
10,1828,world,18.28,1.8180000000000003,3.8074999141693113,1.6435424030667272,-0.5547772926499116,0.7070040655601217,0.7070040655486162,-0.012052024294334948,0.01205202429453108,1.6273737234645713e-12,0.09994181145324815,-0.0034109124062924575,-0.002867700732516565,-6.774945189121242e-11,-1.986606094744468e-09,0.1,0.0,0
10,1829,world,18.29,1.8190000000000002,3.8074999141693118,1.6445418207109324,-0.5548114155511198,0.707003892675705,0.707003892671691,-0.012062161673487896,0.01206216167355638,5.677472388771736e-13,0.09994171746551617,-0.0034136651919808,-0.002867700699021657,-6.332104980113185e-11,-1.8551877186535177e-09,0.1,0.0,0
10,1830,world,18.3,1.8200000000000003,3.8074999141693118,1.6455412374175928,-0.5548455659007981,0.707003719666551,0.7070037196287976,-0.012072299049682308,0.012072299050326956,5.339909928788509e-12,0.09994162394486439,-0.0034164020933299,-0.002867700660810354,-1.3125906613422333e-10,-3.842415359398929e-09,0.1,0.0,0
10,1831,world,18.31,1.821,3.807499914169312,1.64654065319139,-0.5548797435400229,0.7070035465054872,0.7070035464471095,-0.012082436423362904,0.01208243642436056,8.257089954829558e-12,0.09994153089280172,-0.00341912310441721,-0.0028677006178817015,1.908865427097846e-10,5.583221526930686e-09,0.1,0.0,0
10,1832,world,18.32,1.8220000000000003,3.8074999141693113,1.6475400680370151,-0.5549139483098954,0.7070033731389503,0.7070033731801904,-0.012092573795427369,0.012092573794721999,-5.833070031833998e-12,0.09994143831054599,-0.0034218282276192733,-0.0028677005702361907,-7.833456107070871e-11,-2.2892811916854697e-09,0.1,0.0,0
10,1833,world,18.330000000000002,1.8230000000000004,3.8074999141693118,1.6485394819591712,-0.5549481800516013,0.7070031997428743,0.707003199652107,-0.012102711162847836,0.01210271116440162,1.2838309201351132e-11,0.09994134619929879,-0.0034245174655575987,-0.002861839873380009,-1.5328467663928876e-10,-4.475914791865808e-09,0.1,0.0,0
10,1834,world,18.34,1.824,3.8074999141693113,1.6495388949625773,-0.5549824386062245,0.7070030268109929,0.7070030267889061,-0.012112807094369958,0.012112807094748358,3.123980584365705e-12,0.09994125456050815,-0.0034271908134376494,-0.0026625642607489516,1.752461023725729e-10,5.113200133544042e-09,0.1,0.0,0
10,1835,world,18.35,1.8250000000000004,3.8074999141693113,1.650538307051957,-0.5550167238150222,0.7070028772136345,0.7070028771952107,-0.012121535573692105,0.012121535574007983,2.605912851720167e-12,0.09994116339403984,-0.0034298483123649283,-0.0024691493373327367,-6.859408874934959e-11,-1.9998302901770555e-09,0.1,0.0,0
10,1836,world,18.36,1.826,3.8074999141693113,1.651537718232031,-0.5550510355197761,0.7070027275263248,0.7070027274759437,-0.012130264050983927,0.012130264051848331,7.1260175415680364e-12,0.09994107269965453,-0.0034324900061572165,-0.0024691493705488034,-1.7283240812497374e-10,-5.035210668522594e-09,0.1,0.0,0
10,1837,world,18.37,1.8270000000000002,3.8074999141693118,1.6525371285075292,-0.555085373562376,0.707002577734916,0.7070025776452522,-0.012138992526475705,0.012138992528015204,1.2682252954031076e-11,0.09994098247900321,-0.00343511588328204,-0.0024691494007545744,2.446303576624112e-10,7.121810794273695e-09,0.1,0.0,0
10,1838,world,18.38,1.828,3.8074999141693113,1.653536537883194,-0.5551197377847117,0.7070024277460824,0.7070024277964635,-0.012147721001758864,0.012147721000893215,-7.12601754855865e-12,0.09994089273313704,-0.0034377259494611256,-0.0024691494279487935,2.0867578500627216e-10,6.070710831890413e-09,0.1,0.0,0
10,1839,world,18.39,1.8290000000000002,3.8074999141693118,1.6545359463637765,-0.5551541280286739,0.7070022777465871,0.7070022777428141,-0.012156449473613475,0.012156449473678348,5.336558092218944e-13,0.09994080346314976,-0.003440320208944622,-0.0024691494521331668,-3.664011802667593e-10,-1.0651540243894696e-08,0.1,0.0,0
10,1840,world,18.400000000000002,1.8300000000000003,3.807499914169312,1.6555353539540472,-0.5551885441361536,0.707002127660528,0.7070021275602068,-0.012165177943330002,0.0121651779450562,1.4189660438775656e-11,0.09994071467047189,-0.0034428986559771214,-0.002469149473307476,-8.106883221106158e-12,-2.355045222659616e-10,0.1,0.0,0
10,1841,world,18.41,1.8310000000000002,3.8074999141693118,1.6565347606587824,-0.5552229859490597,0.7070019773718259,0.7070019773647209,-0.012173906412894462,0.012173906413016801,1.0049361488465556e-12,0.09994062635644783,-0.003445461287097516,-0.002469149491469163,1.567279292617398e-10,4.549648386358875e-09,0.1,0.0,0
10,1842,world,18.42,1.8320000000000003,3.8074999141693113,1.6575341664827707,-0.5552574533092667,0.7070018270363945,0.7070018270004437,-0.012182634879611782,0.012182634880231264,5.084958368977176e-12,0.09994053852181167,-0.0034480081163300058,-0.0024691495066207583,4.3815472088326715e-11,1.2710183194766614e-09,0.1,0.0,0
10,1843,world,18.43,1.8330000000000002,3.8074999141693113,1.65853357143082,-0.5552919460586663,0.7070016765553655,0.7070016765662435,-0.012191363345172603,0.012191363344985027,-1.5385910232474846e-12,0.09994045116830952,-0.0034505391281283043,-0.0024691495187627813,-3.5185222794465165e-11,-1.019916323809456e-09,0.1,0.0,0
10,1844,world,18.44,1.8340000000000003,3.807499914169312,1.659532975507741,-0.555326464039151,0.7070015260206203,0.7070015259702392,-0.012200091807980836,0.01220009180885022,7.126017553496884e-12,0.09994036429677128,-0.0034530543332890965,-0.002469149527892805,-1.4947314221212004e-10,-4.329735507196973e-09,0.1,0.0,0
10,1845,world,18.45,1.8350000000000002,3.8074999141693113,1.6605323787183655,-0.5553610070926138,0.7070013753474856,0.7070013752971046,-0.01220882026948468,0.012208820270354682,7.1260175529290205e-12,0.09994027790861565,-0.0034555537253342923,-0.002469149534011869,-5.3391666093734525e-11,-1.5454568372056258e-09,0.1,0.0,0
10,1846,world,18.46,1.8360000000000003,3.8074999141693118,1.6615317810675305,-0.5553955750609485,0.7070012245775243,0.7070012245052775,-0.012217548728955068,0.012217548730203556,1.0218793419432498e-11,0.09994019200488669,-0.0034580373084143164,-0.002469149537121462,6.072711778500217e-11,1.7565377512596494e-09,0.1,0.0,0
10,1847,world,18.47,1.837,3.8074999141693118,1.6625311825600846,-0.5554301677860485,0.7070010736655116,0.7070010736399829,-0.012226277187161709,0.012226277187603178,3.6108378750872615e-12,0.09994010658688966,-0.0034605050789061134,-0.0024691495372200665,2.9985666730452526e-10,8.667212787112421e-09,0.1,0.0,0
10,1848,world,18.48,1.8380000000000003,3.8074999141693118,1.6635305832008915,-0.5554647851098081,0.7070009226311438,0.7070009226815248,-0.012235005643753039,0.01223500564288117,-7.126017551205016e-12,0.09994002165570895,-0.003462957039356475,-0.002469149534307265,-2.269847504629318e-10,-6.55619394831998e-09,0.1,0.0,0
10,1849,world,18.490000000000002,1.8390000000000004,3.8074999141693118,1.664529982994824,-0.555499426874122,0.7070007716113068,0.7070007714930179,-0.012243734096347065,0.012243734098395574,1.673109006068818e-11,0.09993993721251554,-0.0034653931895897642,-0.0024691495283834857,-3.395009967944796e-11,-9.799121720131127e-10,0.1,0.0,0
10,1850,world,18.5,1.84,3.8074999141693118,1.665529381946771,-0.5555340929208853,0.7070006203219732,0.70700062035849,-0.012252462549849527,0.012252462549216686,-5.165025229676709e-12,0.09993985325854185,-0.003467813527444011,-0.0024691495194500788,3.148642805137682e-10,9.081542376672322e-09,0.1,0.0,0
10,1851,world,18.51,1.8410000000000004,3.8074999141693113,1.666528780061628,-0.5555687830919934,0.7070004690154416,0.707000469025643,-0.012261190999878976,0.012261190999702057,-1.4429295751573258e-12,0.09993976979470186,-0.003470218059719172,-0.002469149507505294,5.0033588388597416e-11,1.4420654911462417e-09,0.1,0.0,0
10,1852,world,18.52,1.842,3.807499914169312,1.6675281773443047,-0.5556034972293421,0.7070003175646344,0.7070003176215544,-0.012269919448625464,0.012269919447637626,-8.050884372995715e-12,0.09993968682249524,-0.0034726067761227846,-0.0024691494925494764,9.154205172599833e-11,2.6365594877127218e-09,0.1,0.0,0
10,1853,world,18.53,1.8430000000000002,3.8074999141693118,1.6685275737997223,-0.5556382351748278,0.7070001660341361,0.7070001660816408,-0.012278647894956758,0.012278647894131729,-6.719213363694571e-12,0.09993960434274926,-0.0034749796855138106,-0.002469149474583886,1.0380064864257148e-10,2.9875049404595257e-09,0.1,0.0,0
10,1854,world,18.54,1.844,3.8074999141693113,1.6695269694328085,-0.5556729967703504,0.7070000143653301,0.7070000144645188,-0.012287376339878557,0.012287376338154698,-1.4029518720719898e-11,0.09993952235679708,-0.003477336781972366,-0.002469149453606742,1.1994381183930435e-10,3.4496727147182283e-09,0.1,0.0,0
10,1855,world,18.55,1.8450000000000002,3.8074999141693118,1.670526364248508,-0.5557077818578164,0.7069998626160464,0.706999862712359,-0.012296104782374256,0.012296104780699193,-1.3622714972702071e-11,0.09993944086556783,-0.00347967807098179,-0.002469149429619333,-2.2397778078941847e-10,-6.437179875081703e-09,0.1,0.0,0
10,1856,world,18.56,1.846,3.8074999141693113,1.6715257582517717,-0.5557425902791101,0.7069997108016675,0.7069997108097793,-0.012304833222163157,0.012304833222021975,-1.1473814465648023e-12,0.09993935987023621,-0.003482003550748187,-0.0024691494026211373,-1.42013310847619e-10,-4.078600364758847e-09,0.1,0.0,0
10,1857,world,18.57,1.8470000000000002,3.8074999141693118,1.6725251514475685,-0.5557774218761293,0.7069995588201836,0.7069995588587898,-0.01231356166100837,0.01231356166033598,-5.46057565844543e-12,0.09993927937204186,-0.003484313217402972,-0.0024691493726118822,-5.7994928310047895e-11,-1.6644273526228902e-09,0.1,0.0,0
10,1858,world,18.580000000000002,1.8480000000000003,3.8074999141693113,1.6735245438408726,-0.5558122764907724,0.7069994067732116,0.7069994067577742,-0.01232229009712905,0.012322290097398107,2.1835012447776966e-12,0.09993919937199497,-0.003486607073451227,-0.002469149339591868,1.3612791451007446e-10,3.9040291592680765e-09,0.1,0.0,0
10,1859,world,18.59,1.8490000000000002,3.8074999141693118,1.6745239354366706,-0.5558471539649379,0.7069992545368208,0.7069992546306635,-0.01233101853267317,0.012331018531036428,-1.3273375076344854e-11,0.09993911987112442,-0.003488885120640389,-0.002289732796778294,2.0455720452627865e-10,5.862663713298978e-09,0.1,0.0,0
10,1860,world,18.6,1.8500000000000003,3.807499914169312,1.6755233262399576,-0.555882054140605,0.7069991243988842,0.7069991244663952,-0.012338478491910788,0.012338478490732593,-9.548960195220695e-12,0.09993904086950503,-0.003491147387809045,-0.002091556864757515,-2.362261428307124e-10,-6.7658847659180045e-09,0.1,0.0,0
10,1861,world,18.61,1.8510000000000002,3.8074999141693118,1.6765227162557232,-0.5559169768602343,0.7069989965197779,0.7069989965178928,-0.012345805820583124,0.012345805820616043,2.6664539209791877e-13,0.09993896236673551,-0.0034933939171277566,-0.0020727974677679827,-2.549458908057062e-10,-7.297682269658578e-09,0.1,0.0,0
10,1862,world,18.62,1.8520000000000003,3.807499914169312,1.6775221054889573,-0.5559519219664733,0.7069988685469599,0.7069988685112188,-0.012353133148306172,0.012353133148930663,5.055321204964092e-12,0.09993888436390795,-0.003495624707750717,-0.0020727974858402148,1.2922909271389833e-10,3.6969012651985594e-09,0.1,0.0,0
10,1863,world,18.63,1.853,3.8074999141693118,1.6785214939446698,-0.5559868893019141,0.7069987404381916,0.7069987404886124,-0.012360460475811864,0.012360460474930354,-7.131694403710362e-12,0.09993880686222768,-0.0034978397553854694,-0.002072797502132681,8.835519122529635e-11,2.526119211994142e-09,0.1,0.0,0
10,1864,world,18.64,1.8540000000000003,3.8074999141693118,1.6795208816278733,-0.5560218787091651,0.7069986123217734,0.7069986123217734,-0.01236778780085059,0.01236778780085059,0.0,0.09993872986238318,-0.0035000390702963203,-0.0020727975166431826,-2.390384765298067e-10,-6.830158528548247e-09,0.1,0.0,0
10,1865,world,18.650000000000002,1.8550000000000004,3.8074999141693118,1.6805202685435934,-0.5560568900308428,0.7069984841273118,0.7069984840810953,-0.012375115124645274,0.012375115125454238,6.53702097327183e-12,0.09993865336573467,-0.0035022226433412957,-0.002072797529372407,-7.890320342107347e-11,-2.253200789087684e-09,0.1,0.0,0
10,1866,world,18.66,1.856,3.807499914169311,1.6815196546968667,-0.5560919231095642,0.7069983558266326,0.7069983557947529,-0.012382442447682364,0.01238244244824071,4.509177144136935e-12,0.09993857737303935,-0.0035043904823849913,-0.002072797540320537,1.3707559394098414e-10,3.912089538230117e-09,0.1,0.0,0
10,1867,world,18.67,1.8570000000000004,3.807499914169312,1.68251904009274,-0.5561269777879596,0.706998227436674,0.7069982274458082,-0.012389769769658882,0.012389769769498809,-1.29198710676692e-12,0.09993850188571975,-0.0035065425760986814,-0.0020727975494869897,2.0726094453290317e-10,5.9116609886309994e-09,0.1,0.0,0
10,1868,world,18.68,1.858,3.807499914169311,1.6835184247362678,-0.5561620539086587,0.7069980989699675,0.7069980990217297,-0.012397097090348414,0.012397097089440774,-7.321399793436515e-12,0.09993842690439175,-0.0035086789359455224,-0.002072797556873498,-1.4766209089860224e-10,-4.209240148034119e-09,0.1,0.0,0
10,1869,world,18.69,1.8590000000000002,3.8074999141693113,1.684517808632518,-0.5561971513142545,0.7069979704997259,0.706997970449305,-0.012404424408459385,0.012404424409344032,7.131694408161391e-12,0.09993835243022131,-0.003510799557491154,-0.002072797562478507,-1.9882828024322844e-10,-5.664436259860234e-09,0.1,0.0,0
10,1870,world,18.7,1.86,3.8074999141693118,1.685517191786565,-0.5562322698473651,0.7069978418914329,0.7069978418630509,-0.01241175172634397,0.01241175172684223,4.014415473658785e-12,0.09993827846421485,-0.0035129044406376226,-0.0020727975663020113,-4.715082491451155e-11,-1.3424913905033261e-09,0.1,0.0,0
10,1871,world,18.71,1.8610000000000002,3.807499914169311,1.6865165742034995,-0.5562674093506093,0.7069977132387355,0.7069977131693201,-0.012419079042352016,0.012419079043571358,9.818310413602732e-12,0.0999382050072401,-0.0035149935890200937,-0.0020727975683444743,3.178620561433714e-10,9.044889569414135e-09,0.1,0.0,0
10,1872,world,18.72,1.862,3.807499914169311,1.6875159558884134,-0.5563025696666065,0.7069975844050778,0.7069975845046691,-0.012426406358875606,0.012426406357125155,-1.4086530513475616e-11,0.09993813206069316,-0.0035170669910388357,-0.002072797568605897,2.7800678427995034e-10,7.906129904425739e-09,0.1,0.0,0
10,1873,world,18.73,1.8630000000000002,3.807499914169311,1.6885153368464154,-0.5563377506380073,0.706997455608556,0.706997455651002,-0.012433733672075349,0.012433733671328863,-6.00371838082304e-12,0.09993805962506604,-0.0035191246605862877,-0.0020727975670855286,-2.904300064540156e-10,-8.254547482875444e-09,0.1,0.0,0
10,1874,world,18.740000000000002,1.8640000000000003,3.807499914169311,1.6895147170826228,-0.5563729521074047,0.7069973267373443,0.7069973267201445,-0.012441060983908436,0.012441060984211104,2.432810196040357e-12,0.09993798770150567,-0.0035211665927223842,-0.002072797563784233,-1.7136621983776834e-10,-4.867671844832665e-09,0.1,0.0,0
10,1875,world,18.75,1.8650000000000002,3.8074999141693104,1.6905140966021572,-0.5564081739174137,0.7069971977649825,0.7069971977385573,-0.012448388294833659,0.012448388295298934,3.737644236177004e-12,0.09993791629102067,-0.003523192786230672,-0.002072797558703055,5.803101055661718e-11,1.6473907200505219e-09,0.1,0.0,0
10,1876,world,18.76,1.8660000000000003,3.8074999141693113,1.691513475410155,-0.5564434159106552,0.7069970686958014,0.70699706870191,-0.012455715604768417,0.012455715604660795,-8.640458092113132e-13,0.09993784539458105,-0.003525203240781625,-0.002072797551839275,-4.5962365861034754e-11,-1.3040120064334586e-09,0.1,0.0,0
10,1877,world,18.77,1.8670000000000002,3.8074999141693113,1.6925128535117635,-0.5564786779297495,0.7069969395924395,0.7069969395475642,-0.012463042912602066,0.012463042913393134,6.3473121918205655e-12,0.09993777501299966,-0.0035271979602886153,-0.0020727975431948003,8.293747633708527e-11,2.3516910398802253e-09,0.1,0.0,0
10,1878,world,18.78,1.8680000000000003,3.8074999141693104,1.6935122309121373,-0.556513959817332,0.7069968103455174,0.7069968103848996,-0.012470370220255534,0.012470370219560893,-5.570338731164193e-12,0.09993770514750146,-0.003529176936774565,-0.002072797532769517,5.053960722508053e-11,1.4322007583738292e-09,0.1,0.0,0
10,1879,world,18.79,1.869,3.8074999141693113,1.6945116076164366,-0.5565492614160311,0.7069966810967813,0.7069966810721698,-0.012477697525222162,0.012477697525656526,3.4811219480499863e-12,0.09993763579871966,-0.003531140178818959,-0.0020727975205623835,-1.688808815135584e-10,-4.78298463966141e-09,0.1,0.0,0
10,1880,world,18.8,1.8700000000000003,3.8074999141693113,1.6955109836298385,-0.5565845825684472,0.706996551741949,0.7069965517136579,-0.012485024829334126,0.012485024829833725,4.001573453699633e-12,0.09993756696773079,-0.0035330876822298692,-0.002072797506574441,4.453347413377032e-11,1.2605182035785183e-09,0.1,0.0,0
10,1881,world,18.81,1.871,3.8074999141693113,1.6965103589575212,-0.5566199231172025,0.7069964222985806,0.706996422291804,-0.012492352132274993,0.012492352132394734,9.585201481198063e-13,0.09993749865543522,-0.0035350194475962057,-0.002072797490805167,-6.116981921428117e-12,-1.7304126611580526e-10,0.1,0.0,0
10,1882,world,18.82,1.872,3.807499914169311,1.6975097336046787,-0.5566552829049196,0.7069962928020116,0.7069962927712723,-0.012499679433413345,0.012499679433956816,4.347890047725699e-12,0.09993743086272852,-0.0035369354754303858,-0.0020727974732549725,1.5402436271949973e-11,4.354499075000223e-10,0.1,0.0,0
10,1883,world,18.830000000000002,1.8730000000000004,3.8074999141693118,1.6985091075765115,-0.5566906617742214,0.7069961632024605,0.706996163201845,-0.012507006733622048,0.012507006733632937,8.706523691772418e-14,0.09993736359058811,-0.00353883576372182,-0.0020727974539235016,1.814779229799612e-10,5.1276837163682654e-09,0.1,0.0,0
10,1884,world,18.84,1.874,3.807499914169311,1.6995084808782281,-0.5567260595677619,0.7069960335208192,0.7069960335626304,-0.012514334032525054,0.012514334031784966,-5.913921538372945e-12,0.09993729683972509,-0.0035407203177706516,-0.0019148559068546374,1.857850678968429e-10,5.246533177844582e-09,0.1,0.0,0
10,1885,world,18.85,1.8750000000000002,3.807499914169311,1.700507853515039,-0.5567614761282041,0.7069959235445711,0.7069959236181876,-0.012520544689777879,0.012520544688474163,-1.0412612658182025e-11,0.09993723061042044,-0.003542589154791295,-0.0017177414858997931,5.931071606360653e-11,1.6740397155251834e-09,0.1,0.0,0
10,1886,world,18.86,1.8760000000000001,3.807499914169311,1.7015072254921642,-0.5567969112987196,0.7069958184407646,0.7069958185062615,-0.012526478395060197,0.01252647839389973,-9.264130648740949e-12,0.09993716490148176,-0.003544442333293472,-0.0016785686069826688,-1.6660162833420282e-10,-4.700024956037478e-09,0.1,0.0,0
10,1887,world,18.87,1.8770000000000002,3.807499914169311,1.702506596814805,-0.5568323649227194,0.706995713312287,0.7069957133194039,-0.012532412099050537,0.01253241209892438,-1.0066330475798295e-12,0.09993709971371238,-0.003546279855216073,-0.0016785686166693647,-4.321716595903963e-11,-1.218627130686649e-09,0.1,0.0,0
10,1888,world,18.88,1.8780000000000001,3.8074999141693113,1.7035059674881776,-0.5568678368436111,0.7069956080842493,0.7069956081325041,-0.012538345803072632,0.012538345802216851,-6.825312924881521e-12,0.09993703504814715,-0.0035481017157645497,-0.0016785686254109833,-2.0129054674024479e-10,-5.6732572527022194e-09,0.1,0.0,0
10,1889,world,18.89,1.8790000000000002,3.8074999141693113,1.7045053375175108,-0.5569033269048204,0.7069955028876832,0.7069955028145302,-0.01254427950479908,0.01254427950609704,1.0347023158263247e-11,0.09993697090566445,-0.003549907914351903,-0.0016785686332061235,5.032085859349265e-12,1.4175765325705244e-10,0.1,0.0,0
10,1890,world,18.900000000000002,1.8800000000000003,3.8074999141693113,1.7055047069080398,-0.5569388349497267,0.7069953975189054,0.7069953975691659,-0.012550213207839738,0.012550213206947542,-7.10901456270351e-12,0.09993690728699782,-0.0035516984542614985,-0.0016785686400549984,-6.198687396999008e-12,-1.7454037077144352e-10,0.1,0.0,0
10,1891,world,18.91,1.8810000000000002,3.8074999141693113,1.7065040756650018,-0.5569743608217347,0.7069952922249748,0.7069952921493523,-0.012556146907806204,0.01255614690914925,1.0696320129285442e-11,0.09993684419288709,-0.0035534733383848147,-0.001678568645958089,4.213469850997927e-11,1.185857659412317e-09,0.1,0.0,0
10,1892,world,18.92,1.8820000000000003,3.807499914169311,1.7075034437936503,-0.5570099043642498,0.706995186746971,0.70699518681401,-0.012562080609292139,0.012562080608100972,-9.482238113216965e-12,0.099936781624516,-0.0035552325569229125,-0.0016785686509157552,1.6824042160203506e-10,4.73280287595724e-09,0.1,0.0,0
10,1893,world,18.93,1.8830000000000002,3.807499914169311,1.7085028112992464,-0.5570454654206776,0.706995081328346,0.7069950813196871,-0.012568014307969406,0.012568014308123331,1.224738034601729e-12,0.09993671958232347,-0.0035569761208145085,-0.0016785686549273028,-1.6986429624797318e-10,-4.776211544546015e-09,0.1,0.0,0
10,1894,world,18.94,1.8840000000000003,3.8074999141693113,1.7095021781870599,-0.5570810438344237,0.7069949758180113,0.7069949758174723,-0.012573948006518605,0.012573948006528193,7.625254398934183e-14,0.099936658067418,-0.0035587040219691897,-0.001678568657992399,-8.555517406042242e-11,-2.404479409745952e-09,0.1,0.0,0
10,1895,world,18.95,1.885,3.8074999141693118,1.7105015444623584,-0.5571166394489195,0.706994870283006,0.7069948702403265,-0.012579881703744175,0.012579881704503595,6.0367817335168215e-12,0.09993659708038555,-0.0035604162667692927,-0.0016785686601123917,4.0858115503947994e-11,1.1477560655904179e-09,0.1,0.0,0
10,1896,world,18.96,1.8860000000000003,3.8074999141693118,1.711500910130432,-0.5571522521075474,0.7069947646479398,0.7069947646636402,-0.012585815400983821,0.012585815400704324,-2.220718039145203e-12,0.09993653662230391,-0.003562112847582132,-0.0016785686612857586,1.0083635316101022e-10,2.831274231580414e-09,0.1,0.0,0
10,1897,world,18.97,1.887,3.8074999141693113,1.7125002751965694,-0.5571878816537122,0.7069946590014232,0.7069946589988031,-0.012591749096656855,0.012591749096703521,3.7060848133571023e-13,0.09993647669365899,-0.0035637937731798686,-0.0016785686615135402,6.5985411582311714e-12,1.8518665876811483e-10,0.1,0.0,0
10,1898,world,18.98,1.8880000000000001,3.8074999141693113,1.7134996396660769,-0.5572235279308213,0.7069945532854754,0.706994553303796,-0.012597682791791708,0.01259768279146526,-2.591326737413144e-12,0.09993641729536851,-0.0035654590400074405,-0.0016785686607960204,-1.4385905661835176e-10,-4.035478155712785e-09,0.1,0.0,0
10,1899,world,18.990000000000002,1.8890000000000005,3.8074999141693113,1.7144990035442529,-0.5572591907822815,0.7069944475692166,0.706994447509499,-0.012603616485152899,0.012603616486217483,8.446660345634512e-12,0.09993635842826898,-0.003567108646586879,-0.0016785686591314056,-1.6762789074263888e-10,-4.70001051446454e-09,0.1,0.0,0
10,1900,world,19.0,1.8900000000000001,3.8074999141693113,1.7154983668364174,-0.5572948700515004,0.7069943417583692,0.7069943417101898,-0.012609550178416891,0.01260955017927619,6.814656692058691e-12,0.09993630009316583,-0.0035687425921054417,-0.0016785686565215269,8.621402203662942e-12,2.416177067562851e-10,0.1,0.0,0
10,1901,world,19.01,1.8910000000000002,3.807499914169311,1.7164977295478923,-0.5573305655819045,0.7069942359075503,0.7069942358512513,-0.012615483870606488,0.012615483871611077,7.963140832817366e-12,0.09993624229076267,-0.003570360878396048,-0.0016785686529661983,8.583793398701043e-11,2.404488077942055e-09,0.1,0.0,0
10,1902,world,19.02,1.8920000000000001,3.807499914169311,1.7174970916840102,-0.5573662772168894,0.706994129981801,0.7069941299676425,-0.01262141756234177,0.01262141756259453,2.0026102787897355e-12,0.09993618502172963,-0.0035719635080194607,-0.00167856864846407,-5.539197573105937e-11,-1.5509035977854435e-09,0.1,0.0,0
10,1903,world,19.03,1.8930000000000002,3.8074999141693113,1.718496453250107,-0.5574020047998566,0.7069940240593638,0.7069940239811213,-0.012627351252222151,0.012627351253619612,1.1066934908109748e-11,0.0999361282869826,-0.0035735504764531976,-0.001678568643016692,-1.4405317217535468e-11,-4.0314874921196453e-10,0.1,0.0,0
10,1904,world,19.04,1.8940000000000001,3.8074999141693113,1.7194958142515315,-0.5574377481742149,0.7069939180258945,0.706993918006032,-0.012633284942285754,0.012633284942640679,2.8094364024560387e-12,0.09993607208719502,-0.0035751217857526267,-0.0016785686366226746,2.273622262789673e-10,6.359882667462891e-09,0.1,0.0,0
10,1905,world,19.05,1.8950000000000002,3.807499914169311,1.7204951746936352,-0.557473507183373,0.7069938119560123,0.7069938119677552,-0.012639218631196355,0.012639218630986424,-1.6609523433625366e-12,0.09993601642306421,-0.0035766774370974566,-0.0016785686292834065,-7.684096415078182e-11,-2.148416806971583e-09,0.1,0.0,0
10,1906,world,19.06,1.8960000000000001,3.8074999141693118,1.7214945345817807,-0.5575092816707402,0.7069937058831345,0.7069937058328741,-0.012645152318352173,0.012645152319251117,7.109014560289031e-12,0.09993596129538339,-0.003578217428781417,-0.0016785686209983672,2.245214431145743e-10,6.274517632647982e-09,0.1,0.0,0
10,1907,world,19.07,1.8970000000000002,3.8074999141693118,1.722493893921333,-0.5575450714797389,0.7069935996540646,0.7069935997545852,-0.012651086006489584,0.012651086004690849,-1.421802912496367e-11,0.09993590670490628,-0.003579741759997253,-0.001678568611767023,1.9101352445101156e-10,5.3356043598439905e-09,0.1,0.0,0
10,1908,world,19.080000000000002,1.8980000000000004,3.8074999141693118,1.7234932527176692,-0.557580876453776,0.7069934934882293,0.7069934935134621,-0.012657019691679209,0.01265701969122748,-3.5690035473835476e-12,0.09993585265220217,-0.0035812504348812085,-0.0016785686015895872,-4.3417856117984823e-10,-1.2122249621232626e-08,0.1,0.0,0
10,1909,world,19.09,1.8990000000000002,3.8074999141693113,1.7244926109761731,-0.5576166964362507,0.7069933872830646,0.7069933872120683,-0.012662953375751457,0.01266295337702307,1.0042002195362196e-11,0.09993579913811525,-0.003582743449688391,-0.0015379580995222672,-6.390131479768631e-11,-1.7833627235161922e-09,0.1,0.0,0
10,1910,world,19.1,1.9000000000000004,3.807499914169311,1.7254919687022299,-0.557652531270593,0.7069932987575729,0.706993298757573,-0.012667892953652416,0.012667892953652416,0.0,0.0999357461629801,-0.0035842208146836378,-0.001341864249860927,1.7987208945067212e-10,5.017785132320874e-09,0.1,0.0,0
10,1911,world,19.11,1.901,3.807499914169311,1.7264913259012258,-0.5576883808004844,0.7069932172642714,0.7069932172642716,-0.012672440266759288,0.012672440266759288,0.0,0.09993569372637871,-0.00358568256088452,-0.001286380899243133,3.2436033027056474e-11,9.045046531674924e-10,0.1,0.0,0
10,1912,world,19.12,1.9020000000000004,3.80749991416931,1.7274906825785539,-0.5577242448697409,0.7069931357353231,0.706993135748121,-0.012676987579472923,0.012676987579243447,-1.8101890839322429e-12,0.09993564182912558,-0.003587128684718041,-0.0012863809036342388,1.2576294173074934e-10,3.505757809799695e-09,0.1,0.0,0
10,1913,world,19.13,1.903,3.807499914169311,1.7284900387396076,-0.5577601233221363,0.7069930541651227,0.7069930542147256,-0.012681534891892282,0.012681534891002542,-7.0160311183213035e-12,0.09993559047164885,-0.0035885591931708255,-0.0012863809076004797,-1.6003535302954327e-10,-4.45952698609403e-09,0.1,0.0,0
10,1914,world,19.14,1.9040000000000001,3.8074999141693113,1.7294893943897884,-0.5577960160015356,0.7069929726340282,0.7069929725837283,-0.012686082202573997,0.012686082203476563,7.11460947320025e-12,0.09993553965481039,-0.003589974080940346,-0.0012863809111399282,-6.621578285862696e-11,-1.8445087471790634e-09,0.1,0.0,0
10,1915,world,19.150000000000002,1.9050000000000005,3.8074999141693113,1.7304887495345076,-0.5578319227516916,0.7069928909868318,0.7069928910103368,-0.012690629514301052,0.012690629513879134,-3.324646824514087e-12,0.09993548937928559,-0.0035913733477181188,-0.0012863809142540424,1.2766732116272926e-10,3.55501898274133e-09,0.1,0.0,0
10,1916,world,19.16,1.9060000000000001,3.807499914169311,1.73148810417918,-0.5578678434164448,0.7069928093590423,0.7069928093590423,-0.012695176824640157,0.012695176824640157,0.0,0.09993543964558693,-0.003592756997523425,-0.0012863809169430067,1.062148632964822e-10,2.9566036685704676e-09,0.1,0.0,0
10,1917,world,19.17,1.9070000000000003,3.8074999141693113,1.7324874583292258,-0.5579037778395961,0.7069927276575834,0.7069927277229212,-0.012699724135260616,0.012699724134086952,-9.241656554279896e-12,0.09993539045447355,-0.003594125027307519,-0.001286380919206678,1.1165859903658336e-10,3.107010978336571e-09,0.1,0.0,0
10,1918,world,19.18,1.9080000000000001,3.8074999141693104,1.733486811990078,-0.55793972586494,0.7069926459702337,0.7069926460141948,-0.012704271444584258,0.012704271443794303,-6.218022161417201e-12,0.09993534180655035,-0.0035954774381088735,-0.0012863809210434032,-3.60719440438651e-10,-1.0033775679627768e-08,0.1,0.0,0
10,1919,world,19.19,1.9090000000000003,3.807499914169311,1.7344861651671704,-0.5579756873363236,0.7069925643032432,0.7069925642266133,-0.0127088187524962,0.012708818753873691,1.0838850299077959e-11,0.09993529370238358,-0.0035968142318353637,-0.0012863809224542538,-1.5390501373760202e-10,-4.279492821971056e-09,0.1,0.0,0
10,1920,world,19.2,1.9100000000000001,3.8074999141693113,1.7354855178659416,-0.5580116620975111,0.7069924825166891,0.7069924825000996,-0.012713366061509933,0.012713366061808251,2.3464971461931776e-12,0.09993524614277746,-0.003598135403578394,-0.0012863809234397502,5.295590355260446e-12,1.4719183446278858e-10,0.1,0.0,0
10,1921,world,19.21,1.9110000000000003,3.8074999141693113,1.736484870091842,-0.5580476499923515,0.7069924007598861,0.7069924006853389,-0.012717913368939517,0.01271791337028053,1.0544280885499997e-11,0.0999351991280374,-0.003599440962081901,-0.0012863809240000659,-1.6066366987254168e-10,-4.464226601356585e-09,0.1,0.0,0
10,1922,world,19.22,1.9120000000000001,3.80749991416931,1.7374842218503237,-0.5580836508646299,0.7069923189474597,0.7069923188677059,-0.012722460676318463,0.012722460677753646,1.1280705328185275e-11,0.09993515265925623,-0.0036007308940204544,-0.0012863809241343337,7.841765431665145e-11,2.1781508238287253e-09,0.1,0.0,0
10,1923,world,19.23,1.9130000000000003,3.807499914169311,1.7384835731468486,-0.5581196645581599,0.7069922370851696,0.706992237041441,-0.01272700798354189,0.012727007984329075,6.185158602013038e-12,0.09993510673659212,-0.0036020052118151285,-0.0012863809238427572,8.628167625050441e-11,2.3957238862655743e-09,0.1,0.0,0
10,1924,world,19.240000000000002,1.9140000000000004,3.807499914169311,1.7394829239868779,-0.5581556909167709,0.7069921552127083,0.7069921551668515,-0.01273155528989373,0.012731555290719518,6.486165851017962e-12,0.09993506136086132,-0.003603263909413956,-0.0012863809231261122,2.1774995002156078e-10,6.043933916336623e-09,0.1,0.0,0
10,1925,world,19.25,1.9150000000000003,3.8074999141693113,1.740482274375889,-0.5581917297842388,0.7069920732661132,0.7069920733079005,-0.01273610259652417,0.012736102595771391,-5.910581452175724e-12,0.09993501653271603,-0.0036045069851197292,-0.001286380921981715,2.119313405382789e-10,5.880333107542167e-09,0.1,0.0,0
10,1926,world,19.26,1.9160000000000004,3.8074999141693113,1.7414816243193576,-0.5582277810044199,0.7069919913363139,0.7069919913736581,-0.01274064990179374,0.01274064990112076,-5.282138432560461e-12,0.09993497225253793,-0.0036057344445308507,-0.0012863809204131473,-1.3406845078927507e-10,-3.718586747764485e-09,0.1,0.0,0
10,1927,world,19.27,1.917,3.807499914169311,1.742480973822766,-0.5582638444210858,0.7069919093991309,0.7069919093883038,-0.012745197206135763,0.01274519720633095,1.5314636635503072e-12,0.09993492852102964,-0.00360694628414353,-0.0012863809184198072,2.386134692677092e-10,6.615941039009795e-09,0.1,0.0,0
10,1928,world,19.28,1.9180000000000004,3.80749991416931,1.7434803228916111,-0.5582999198780668,0.7069918273377245,0.7069918274686778,-0.01274974451165519,0.012749744509293606,-1.8522601600599865e-11,0.09993488533866397,-0.003608142506621073,-0.0012863809159988273,9.851373189700659e-11,2.7304728872546382e-09,0.1,0.0,0
10,1929,world,19.29,1.919,3.80749991416931,1.7444796715313755,-0.558336007219176,0.7069917453695339,0.7069917453973403,-0.012754291814429497,0.012754291813927862,-3.933064138082818e-12,0.0999348427060282,-0.0036093231112497254,-0.0012863809131526355,-3.3729234683967076e-10,-9.345297105870594e-09,0.1,0.0,0
10,1930,world,19.3,1.9200000000000002,3.80749991416931,1.7454790197475667,-0.5583721062882039,0.7069916633350625,0.7069916633337888,-0.012758839117333021,0.012758839117356006,1.8015994274457293e-13,0.09993480062381138,-0.003610488094298406,-0.001286380909881325,-7.09557412845314e-11,-1.9652540988340166e-09,0.1,0.0,0
10,1931,world,19.31,1.921,3.807499914169311,1.7464783675456872,-0.5584082169290037,0.7069915812561665,0.7069915812561663,-0.012763386419970203,0.012763386419970203,0.0,0.09993475909243693,-0.003611637459186304,-0.0012863809061841088,2.220584827189632e-11,6.148161786706075e-10,0.1,0.0,0
10,1932,world,19.32,1.9220000000000002,3.8074999141693104,1.7474777149312493,-0.5584443389853436,0.706991499144947,0.7069914991523724,-0.012767933722121106,0.012767933721987007,-1.050290250995531e-12,0.09993471811240869,-0.0036127712069013943,-0.0012863809020607017,-9.42907210669617e-11,-2.609705613031876e-09,0.1,0.0,0
10,1933,world,19.330000000000002,1.9230000000000003,3.8074999141693104,1.7484770619097731,-0.5584804723010662,0.7069914170303679,0.706991416993443,-0.012772481023260842,0.012772481023927926,5.222818494394421e-12,0.09993467768434346,-0.0036138893351051297,-0.0012863808975113588,2.222180772787575e-11,6.148234428251633e-10,0.1,0.0,0
10,1934,world,19.34,1.9240000000000002,3.8074999141693104,1.7494764084867784,-0.5585166167199708,0.7069913348378414,0.7069913348539659,-0.012777028324735186,0.012777028324443777,-2.2807359561882443e-12,0.09993463780878725,-0.003614991843215216,-0.001159052762243691,2.2298708019452196e-10,6.167475728938686e-09,0.1,0.0,0
10,1935,world,19.35,1.9250000000000003,3.807499914169311,1.7504757546677896,-0.5585527720859479,0.7069912688994531,0.7069912689497923,-0.012780675426738976,0.01278067542582897,-7.120176546887079e-12,0.09993459848485685,-0.0036160787699453033,-0.0009639354491455892,1.957475848110349e-10,5.412438723744291e-09,0.1,0.0,0
10,1936,world,19.36,1.9260000000000002,3.807499914169311,1.7514751004583016,-0.5585889382438345,0.7069912116043997,0.7069912116971052,-0.012783843264932893,0.012783843263256588,-1.3112687411550375e-11,0.09993455970880111,-0.003617150232996658,-0.0008961462697156911,-8.491644887367718e-11,-2.3473191164554396e-09,0.1,0.0,0
10,1937,world,19.37,1.9270000000000003,3.8074999141693113,1.7524744458637909,-0.5586251150391252,0.7069911543541246,0.7069911543712514,-0.012787011101809255,0.012787011101499494,-2.422473305697151e-12,0.09993452148060034,-0.0036182062466688066,-0.0008961462712073799,-2.691792969114426e-10,-7.439002826380149e-09,0.1,0.0,0
10,1938,world,19.38,1.9280000000000002,3.8074999141693104,1.753473790889741,-0.5586613023172801,0.706991097066704,0.7069910970541545,-0.01279017893884879,0.012790178939075825,1.7750703411364534e-12,0.09993448380087311,-0.003619246807421578,-0.0008961462725566478,-1.503144830847925e-10,-4.153042997447485e-09,0.1,0.0,0
10,1939,world,19.39,1.9290000000000003,3.8074999141693113,1.7544731355416376,-0.5586974999237957,0.7069910397647937,0.7069910397231587,-0.012793346775641265,0.012793346776394671,5.88904590970856e-12,0.099934446669938,-0.0036202719198034587,-0.0008961462737611401,7.218878273025698e-11,1.9940050587524273e-09,0.1,0.0,0
10,1940,world,19.400000000000002,1.9300000000000004,3.8074999141693113,1.7554724798249703,-0.5587337077041747,0.706990982405497,0.7069909824211608,-0.012796514612962533,0.01279651461267902,-2.215550640921061e-12,0.09993441008847286,-0.0036212815782452135,-0.0008961462748218496,3.330400191781266e-10,9.197004781676566e-09,0.1,0.0,0
10,1941,world,19.41,1.9310000000000003,3.807499914169311,1.7564718237452384,-0.55876992550388,0.7069909250242401,0.7069909251127343,-0.012799682450171239,0.012799682448569102,-1.2517012314375497e-11,0.09993437405684409,-0.0036222757855757445,-0.0008961462757393449,-5.2175277987652735e-11,-1.4404928584783067e-09,0.1,0.0,0
10,1942,world,19.42,1.9320000000000004,3.8074999141693113,1.7574711673079417,-0.5588061531684085,0.7069908677118102,0.7069908677070924,-0.012802850285622856,0.012802850285708288,6.672943848994078e-13,0.09993433857538873,-0.0036232545452359296,-0.0008961462765120901,-5.978724460034746e-12,-1.6503260347065058e-10,0.1,0.0,0
10,1943,world,19.43,1.933,3.8074999141693113,1.7584705105185834,-0.5588423905432618,0.7069908102931415,0.7069908103793007,-0.012806018122486724,0.012806018120926087,-1.2186740204418218e-11,0.09993430364488111,-0.003624217848405666,-0.000896146277140828,1.791341380809713e-10,4.943169571652406e-09,0.1,0.0,0
10,1944,world,19.44,1.9340000000000004,3.807499914169311,1.7594698533826794,-0.5588786374739048,0.7069907529161849,0.7069907529814085,-0.012809185958082963,0.012809185956901248,-9.225520492744087e-12,0.09993426926541743,-0.003625165704770745,-0.0008961462776258567,-3.496859052367801e-10,-9.647123527127421e-09,0.1,0.0,0
10,1945,world,19.45,1.935,3.8074999141693113,1.760469195905734,-0.5589148938058349,0.7069906955723474,0.7069906955220084,-0.012812353792565963,0.012812353793478226,7.120176553203151e-12,0.09993423543760889,-0.003626098109615593,-0.0008961462779668293,-1.6713349454636927e-10,-4.609727896227461e-09,0.1,0.0,0
10,1946,world,19.46,1.9360000000000002,3.8074999141693113,1.7614685380932722,-0.5589511593845523,0.7069906381313651,0.7069906381313651,-0.012815521628295802,0.012815521628295802,0.0,0.09993420216201417,-0.003627015059478439,-0.0008961462781637945,1.8773142762802743e-10,5.176558221858354e-09,0.1,0.0,0
10,1947,world,19.47,1.937,3.8074999141693113,1.7624678799508164,-0.5589874340555241,0.7069905806899055,0.7069905807128102,-0.012818689463520301,0.012818689463105007,-3.2397510021196244e-12,0.09993416943887302,-0.00362791655948933,-0.0008961462782170505,1.2905579383110738e-10,3.5577435285402495e-09,0.1,0.0,0
10,1948,world,19.48,1.9380000000000002,3.807499914169311,1.7634672214838967,-0.5590237176642489,0.706990523231987,0.7069905232823259,-0.01282185729852855,0.012821857297615612,-7.120176544276564e-12,0.09993413726859975,-0.0036288026097687632,-0.0008961462781269186,-8.764829140367229e-11,-2.4156456484968444e-09,0.1,0.0,0
10,1949,world,19.490000000000002,1.9390000000000003,3.807499914169311,1.7644665626980358,-0.5590600100562249,0.7069904658043982,0.7069904657931236,-0.01282502513247125,0.012825025132675775,1.5947361606226849e-12,0.09993410565171437,-0.003629673207327374,-0.0008961462778917898,3.0204814344530056e-10,8.322594672458187e-09,0.1,0.0,0
10,1950,world,19.5,1.9400000000000002,3.8074999141693118,1.7654659035987752,-0.5590963110769215,0.706990408242123,0.7069904084102193,-0.012828192968341402,0.012828192965291332,-2.3776314672585602e-11,0.09993407458853955,-0.0036305283544153947,-0.0008961462775132731,7.368498172831501e-11,2.029803454793172e-09,0.1,0.0,0
10,1951,world,19.51,1.9410000000000003,3.807499914169311,1.766465244191653,-0.5591326205718374,0.7069903508306645,0.7069903508481099,-0.012831360800958393,0.012831360800641773,-2.4675383596015164e-12,0.09993404407947208,-0.0036313680510425723,-0.0008961462769919887,-2.896079209818616e-10,-7.975879177597449e-09,0.1,0.0,0
10,1952,world,19.52,1.9420000000000002,3.8074999141693113,1.7674645844822108,-0.5591689383864702,0.7069902933107867,0.7069902933660313,-0.01283452863502553,0.012834528634022634,-7.814037778886061e-12,0.09993401412489371,-0.003632192297435271,-0.0008961462763248141,1.586127063045862e-10,4.367147683579156e-09,0.1,0.0,0
10,1953,world,19.53,1.9430000000000003,3.8074999141693113,1.7684639244759985,-0.5592052643662913,0.7069902357836184,0.7069902358628551,-0.012837696468707189,0.01283769646726839,-1.1207608302360192e-11,0.09993398472528017,-0.0036330010910362916,-0.0008961462755138309,-2.5521980362772275e-10,-7.025333160903644e-09,0.1,0.0,0
10,1954,world,19.54,1.9440000000000002,3.8074999141693118,1.769463264178566,-0.5592415983567995,0.7069901783159491,0.7069901782717913,-0.012840864300789625,0.012840864301591653,6.245900603083945e-12,0.09993395588086318,-0.00363379443580566,-0.0008961462745599064,-8.493327569139439e-11,-2.3373437463160164e-09,0.1,0.0,0
10,1955,world,19.55,1.9450000000000003,3.8074999141693113,1.770462603595469,-0.5592779402034913,0.706990120727227,0.7069901207733923,-0.012844032134551401,0.012844032133712706,-6.529852064475071e-12,0.09993392759219868,-0.0036345723265870373,-0.0008961462734617525,1.9322963368523094e-10,5.316326963146415e-09,0.1,0.0,0
10,1956,world,19.56,1.946,3.807499914169312,1.771461942732264,-0.55931428975184,0.7069900631770231,0.7069900632080868,-0.012847199967093702,0.012847199966529223,-4.393795285701842e-12,0.09993389985944401,-0.0036353347689890743,-0.0008961462722190705,-1.0179669607393822e-10,-2.800047005276437e-09,0.1,0.0,0
10,1957,world,19.57,1.9470000000000003,3.8074999141693113,1.772461281594517,-0.5593506468473453,0.7069900056173326,0.7069900056238796,-0.012850367799287794,0.012850367799168793,-9.260555963207668e-13,0.0999338726831076,-0.003636081758767699,-0.000896146270833001,-7.983544381245538e-11,-2.195439674270329e-09,0.1,0.0,0
10,1958,world,19.580000000000002,1.9480000000000004,3.8074999141693113,1.7734606201877856,-0.559387011335502,0.706989948034463,0.7069899480344631,-0.012853535631381974,0.012853535631381974,0.0,0.09993384606347007,-0.0036368132977469404,-0.0008961462693030999,-4.250783752825691e-11,-1.168645331888955e-09,0.1,0.0,0
10,1959,world,19.59,1.949,3.8074999141693118,1.7744599585176442,-0.5594233830617852,0.7069898904391202,0.7069898904291319,-0.01285670346318111,0.012856703463362752,1.4128066362244806e-12,0.09993382000091831,-0.0036375293846318494,-0.0007781411276391982,-2.516631000840512e-10,-6.917408521601891e-09,0.1,0.0,0
10,1960,world,19.6,1.9500000000000004,3.8074999141693127,1.7754592965896667,-0.5594597618715699,0.7069898480433494,0.706989847945474,-0.012859037009656606,0.012859037011436807,1.384395677481156e-11,0.09993379449783116,-0.0036382299632175662,-0.0005839529336636049,3.5008280996539277e-11,9.620757315863807e-10,0.1,0.0,0
10,1961,world,19.61,1.951,3.8074999141693118,1.7764586344094986,-0.5594961476084613,0.7069898153431626,0.7069898153467868,-0.012860831951291557,0.012860831951225631,-5.126186290732447e-13,0.09993376956350619,-0.003638914787137253,-0.0005077698806931451,2.5175174445224364e-10,6.9173919739269164e-09,0.1,0.0,0
10,1962,world,19.62,1.9520000000000002,3.807499914169312,1.7774579719828374,-0.5595325401147158,0.7069897826909808,0.7069897826909807,-0.012862626891888593,0.012862626891888593,0.0,0.09993374519909802,-0.003639583833593486,-0.000507769880965267,-4.099862810375961e-11,-1.1263730155882698e-09,0.1,0.0,0
10,1963,world,19.63,1.953,3.8074999141693118,1.778457309315382,-0.5595689392325616,0.706989750038586,0.706989750026273,-0.012864421832324575,0.012864421832548621,1.7415985097283655e-12,0.09993372140481831,-0.0036402371054866374,-0.0005077698812121182,-2.1637622249585914e-10,-5.943725093835625e-09,0.1,0.0,0
10,1964,world,19.64,1.9540000000000002,3.8074999141693118,1.7794566464128363,-0.559605344804228,0.7069897174113706,0.7069897173272718,-0.012866216772137269,0.01286621677366775,1.189534442486863e-11,0.09993369818114678,-0.0036408745981508944,-0.0005077698814321982,1.0134254546698924e-11,2.783406345046653e-10,0.1,0.0,0
10,1965,world,19.650000000000002,1.9550000000000003,3.807499914169312,1.7804559832809053,-0.5596417566719448,0.7069896847058432,0.7069896846974685,-0.012868011713210005,0.012868011713362435,1.1845553960054955e-12,0.0999336755281886,-0.0036414963169995327,-0.0005077698816263699,8.678387869480257e-11,2.383238173334083e-09,0.1,0.0,0
10,1966,world,19.66,1.9560000000000002,3.807499914169312,1.7814553199253031,-0.5596781746779417,0.7069896520546224,0.7069896520042444,-0.012869806653129092,0.012869806654046159,7.12571700271076e-12,0.09993365344657071,-0.003642102252917543,-0.0005077698817941178,2.1556367801970804e-11,5.918995193091128e-10,0.1,0.0,0
10,1967,world,19.67,1.9570000000000003,3.8074999141693118,1.7824546563517396,-0.5597145986644485,0.7069896193526537,0.7069896193526538,-0.012871601593806622,0.012871601593806622,0.0,0.09993363193615173,-0.0036426924176709004,-0.0005077698819351508,1.2621830664026718e-10,3.4652071549784483e-09,0.1,0.0,0
10,1968,world,19.68,1.9580000000000002,3.8074999141693127,1.7834539925659312,-0.5597510284736954,0.7069895866719913,0.706989586670643,-0.012873396533930825,0.012873396533955377,1.907183942818103e-13,0.09993361099754383,-0.0036432668021418022,-0.000507769882050163,1.9762785158446403e-10,5.424932028685422e-09,0.1,0.0,0
10,1969,world,19.69,1.9590000000000003,3.807499914169312,1.784453328573599,-0.5597874639479122,0.7069895539470443,0.7069895540238027,-0.012875191474695905,0.012875191473298036,-1.08570760333329e-11,0.09993359063084843,-0.0036438254110214316,-0.0005077698821401952,2.3182324116010858e-11,6.362662241722186e-10,0.1,0.0,0
10,1970,world,19.7,1.9600000000000002,3.8074999141693127,1.7854526643804587,-0.5598239049293291,0.7069895212911453,0.7069895212987998,-0.012876986414037821,0.012876986413898403,-1.082693977345151e-12,0.09993357083639928,-0.003644368242421433,-0.0005077698822024716,-2.1473378630879717e-10,-5.892837658293983e-09,0.1,0.0,0
10,1971,world,19.71,1.9610000000000003,3.8074999141693118,1.786451999992235,-0.5598603512601762,0.7069894886032749,0.7069894885966544,-0.012878781353796128,0.01287878135391673,9.364232565870854e-13,0.099933551614438,-0.0036448952967760755,-0.0005077698822398249,1.0205482292625095e-10,2.800251355676774e-09,0.1,0.0,0
10,1972,world,19.72,1.962,3.807499914169312,1.7874513354146555,-0.559896802782685,0.7069894558767618,0.7069894559240375,-0.012880576294092477,0.012880576293231163,-6.686914385037567e-12,0.09993353296519344,-0.0036454065746630497,-0.0005077698822506969,1.7054933854139246e-11,4.678996610756026e-10,0.1,0.0,0
10,1973,world,19.73,1.9630000000000003,3.807499914169312,1.788450670653447,-0.5599332593390881,0.7069894231962777,0.7069894231962776,-0.012882371233384177,0.012882371233384177,0.0,0.09993351488895305,-0.003645902074850877,-0.0005077698822339309,-2.516032521226156e-10,-6.901748318933354e-09,0.1,0.0,0
10,1974,world,19.740000000000002,1.9640000000000004,3.807499914169312,1.789450005714344,-0.5599697207716126,0.7069893905127876,0.7069893904624094,-0.012884166172564345,0.012884166173482436,7.125717069442851e-12,0.09993349738584095,-0.003646381800377001,-0.0005077698821922931,-1.660635171048632e-10,-4.554662970042199e-09,0.1,0.0,0
10,1975,world,19.75,1.965,3.807499914169312,1.7904493406030773,-0.560006186922489,0.7069893578065847,0.7069893577421398,-0.01288596111199206,0.012885961113166667,9.115398162686998e-12,0.09993348045620518,-0.0036468457479390004,-0.00050776988212545,2.1221982504740082e-10,5.8197925374519714e-09,0.1,0.0,0
10,1976,world,19.76,1.9660000000000004,3.807499914169312,1.7914486753253827,-0.5600426576339484,0.7069893250405853,0.7069893250725524,-0.012887756052343359,0.01288775605176063,-4.521574552883235e-12,0.09993346410026915,-0.0036472939174430753,-0.0005077698820310809,3.625780231624221e-11,9.941721952014297e-10,0.1,0.0,0
10,1977,world,19.77,1.967,3.807499914169312,1.7924480098869962,-0.5600791327482212,0.7069892923594076,0.7069892923090294,-0.012889550990981933,0.012889550991900407,7.125717120734024e-12,0.09993344831827697,-0.0036477263080264516,-0.0005077698819098802,-8.24080387266414e-11,-2.2592952221623527e-09,0.1,0.0,0
10,1978,world,19.78,1.9680000000000002,3.8074999141693127,1.7934473442936605,-0.5601156121075385,0.7069892596073111,0.706989259607311,-0.01289134593074679,0.01289134593074679,0.0,0.09993343311032299,-0.0036481429227216097,-0.0005077698817639337,1.2988811415371188e-10,3.5604862103491193e-09,0.1,0.0,0
10,1979,world,19.79,1.969,3.807499914169312,1.7944466785511155,-0.5601520955541308,0.7069892268758465,0.7069892268758464,-0.01289314086996876,0.01289314086996876,0.0,0.09993341847649652,-0.0036485437644935034,-0.000507769881591502,-1.8456382255917415e-10,-5.0585402701711564e-09,0.1,0.0,0
10,1980,world,19.8,1.9700000000000002,3.807499914169312,1.795446012665105,-0.5601885829302296,0.7069891941756121,0.7069891941040377,-0.012894935808454227,0.012894935809759691,1.0123852129947813e-11,0.09993340441722424,-0.0036489288268623647,-0.0005077698813925293,2.840670407245885e-10,7.78467033948172e-09,0.1,0.0,0
10,1981,world,19.81,1.971,3.8074999141693118,1.7964453466413777,-0.5602250740780659,0.7069891613441729,0.7069891614543196,-0.012896730749165934,0.012896730747156662,-1.5579697554044665e-11,0.09993339093264995,-0.0036492981108918543,-0.0005077698811673622,8.512426874532844e-11,2.3324462749773772e-09,0.1,0.0,0
10,1982,world,19.82,1.9720000000000002,3.807499914169312,1.797444680485676,-0.5602615688398708,0.7069891286733966,0.7069891286348244,-0.012898525686779797,0.01289852568748352,5.455828655530595e-12,0.09993337802281185,-0.003649651620331436,-0.0005077698809149036,-1.541855185200683e-10,-4.224164187943677e-09,0.1,0.0,0
10,1983,world,19.830000000000002,1.9730000000000003,3.807499914169312,1.7984440142037497,-0.5602980670578752,0.7069890958792286,0.7069890959296068,-0.012900320626477564,0.012900320625558324,-7.125717267727234e-12,0.09993336568800941,-0.0036499893515714744,-0.000507769880638792,-1.5325379854113426e-10,-4.198062958476323e-09,0.1,0.0,0
10,1984,world,19.84,1.9740000000000002,3.807499914169312,1.799443347801352,-0.5603345685743125,0.7069890631991536,0.7069890631011821,-0.012902115563926099,0.012902115565714018,1.3857567736661163e-11,0.09993335392822247,-0.003650311309549234,-0.00039521115819030907,1.0026701691172037e-13,2.7493984736534024e-12,0.1,0.0,0
10,1985,world,19.85,1.9750000000000003,3.8074999141693127,1.800442681284215,-0.5603710732319045,0.7069890448901813,0.7069890449405983,-0.012903114726171469,0.012903114725251318,-7.131232819315862e-12,0.0999333427347136,-0.003650617737625755,-0.0002019010115514637,2.3131357940202746e-10,6.3351072489064395e-09,0.1,0.0,0
10,1986,world,19.86,1.9760000000000002,3.8074999141693118,1.8014420146577856,-0.5604075808813062,0.7069890371033924,0.7069890370950578,-0.012903542982787761,0.01290354298293988,1.1788854241913074e-12,0.09993333206649815,-0.0036509097615544947,-0.00012114958721935227,-4.352263341390556e-10,-1.1919119483714884e-08,0.1,0.0,0
10,1987,world,19.87,1.9770000000000003,3.8074999141693127,1.8024413479272783,-0.5604440913795589,0.7069890293419154,0.7069890292236863,-0.012903971238932567,0.012903971241090483,1.6722894143352088e-11,0.09993332191899906,-0.003651187510071574,-0.00012114958722283514,8.522332145547121e-11,2.333854290382515e-09,0.1,0.0,0
10,1988,world,19.88,1.978,3.807499914169312,1.8034406810979013,-0.5604806045838888,0.7069890214537734,0.7069890214784609,-0.012904399497379813,0.0129043994969292,-3.4919243151402406e-12,0.09993331229257038,-0.003651450976749323,-0.00012114958722663809,1.7501486371256194e-10,4.7926532371651726e-09,0.1,0.0,0
10,1989,world,19.89,1.9790000000000003,3.807499914169312,1.8044400141748678,-0.5605171203515233,0.7069890136743825,0.7069890136239656,-0.01290482775383263,0.012904827754752905,7.131232884994488e-12,0.09993330318703425,-0.003651700169550168,-0.00012114958722938676,4.220686300460222e-11,1.1557690541381852e-09,0.1,0.0,0
10,1990,world,19.900000000000002,1.9800000000000004,3.807499914169312,1.8054393471633827,-0.5605536385396891,0.7069890058114513,0.7069890058524919,-0.012905256011800873,0.012905256011051726,-5.804976659680327e-12,0.09993329460265216,-0.0036519350842443526,-0.00012114958723150878,-2.447720845456283e-10,-6.702448906756084e-09,0.1,0.0,0
10,1991,world,19.91,1.981,3.807499914169312,1.8064386800686592,-0.5605901590056128,0.7069889980871353,0.7069889979418841,-0.012905684267229366,0.012905684269880846,2.0545049479369752e-11,0.09993328653947633,-0.003652155722161826,-0.00012114958723409742,2.4201994575096324e-11,6.626853281618015e-10,0.1,0.0,0
10,1992,world,19.92,1.9820000000000004,3.807499914169312,1.8074380128959115,-0.5606266816065241,0.7069889901715798,0.7069889902219969,-0.012906112526139367,0.012906112525219003,-7.131232871812694e-12,0.0999332789976285,-0.0036523620825636054,-0.00012114958723704643,2.319904685022533e-10,6.35203590302022e-09,0.1,0.0,0
10,1993,world,19.93,1.983,3.807499914169312,1.8084373456503526,-0.5606632061996472,0.7069889824064951,0.7069889823511202,-0.012906540782293086,0.012906540783303992,7.832524278319238e-12,0.09993327197720986,-0.003652554165101872,-0.00012114958723844768,-1.1074006295301352e-10,-3.0320228668284653e-09,0.1,0.0,0
10,1994,world,19.94,1.9840000000000002,3.8074999141693118,1.8094366783371962,-0.5606997326422084,0.7069889745568094,0.7069889745643257,-0.012906969039981772,0.01290696903984455,-1.0631568091771263e-12,0.09993326547832662,-0.003652731969128742,-0.00012114958723878115,2.0796767086222538e-10,5.693896116861114e-09,0.1,0.0,0
10,1995,world,19.95,1.985,3.8074999141693127,1.8104360109616584,-0.5607362607914351,0.7069889667294734,0.7069889667546626,-0.01290739729725298,0.012907397296793107,-3.56286418969398e-12,0.09993325950103572,-0.003652895495172917,-0.00012114958723982196,2.879120553079408e-10,7.882403738514881e-09,0.1,0.0,0
10,1996,world,19.96,1.9860000000000002,3.8074999141693127,1.811435343528955,-0.5607727905045539,0.7069889588637859,0.706988958982832,-0.01290782555521494,0.012907825553041458,-1.6838482808555493e-11,0.09993325404527344,-0.003653044746898262,-0.00012114958724034237,-5.842184375161353e-11,-1.5994151614027393e-09,0.1,0.0,0
10,1997,world,19.97,1.987,3.807499914169312,1.8124346760443024,-0.560809321638792,0.7069889511030112,0.7069889511055699,-0.012908253811251972,0.012908253811205254,-3.619219730591926e-13,0.0999332491112378,-0.003653179720639582,-0.00012114958724034243,-3.363398101697544e-10,-9.207643160297022e-09,0.1,0.0,0
10,1998,world,19.98,1.9880000000000002,3.8074999141693118,1.8134340085129166,-0.5608458540513773,0.7069889432906301,0.7069889432793953,-0.012908682068221732,0.01290868206842686,1.58909463034444e-12,0.09993324469890044,-0.0036533004187566187,-0.00012114958724067586,-6.554791431857312e-11,-1.7943860698528147e-09,0.1,0.0,0
10,1999,world,19.990000000000002,1.9890000000000003,3.807499914169313,1.8144333409400193,-0.5608823875995365,0.7069889354768908,0.7069889354540604,-0.012909110325206807,0.012909110325623672,3.229231049360902e-12,0.09993324080847528,-0.003653406836815664,-0.00012114958723982201,-2.8805013929662863e-10,-7.885137966289632e-09,0.1,0.0,0
10,2000,world,20.0,1.9900000000000002,3.807499914169312,1.8154326733308284,-0.5609189221404955,0.7069889277070804,0.7069889275842772,-0.012909538581380256,0.012909538583622631,1.7369901692496837e-11,0.09993323743987657,-0.003653498978411338,-0.00012114958723895462,-4.573511708240167e-11,-1.2519171978386741e-09,0.1,0.0,0
10,2001,world,20.01,1.9910000000000003,3.8074999141693127,1.8164320056905594,-0.5609554575314816,0.7069889198458948,0.7069889198053507,-0.012909966839212729,0.012909966839953085,5.734759691237484e-12,0.09993323459329524,-0.0036535768394027335,-0.00012114958723791382,2.858446118692712e-10,7.824238045658036e-09,0.1,0.0,0
10,2002,world,20.02,1.9920000000000002,3.807499914169313,1.8174313380244365,-0.5609919936297217,0.7069889120113555,0.7069889119992592,-0.012910395096549183,0.012910395096770078,1.7109851936311823e-12,0.09993323226845303,-0.003653640428315029,-0.00012114958723583212,2.247443550707488e-10,6.151587564536966e-09,0.1,0.0,0
10,2003,world,20.03,1.9930000000000003,3.8074999141693127,1.818430670337673,-0.5610285302924432,0.7069889041614844,0.7069889042079804,-0.012910823354156152,0.012910823353307056,-6.576618371339047e-12,0.09993323046569275,-0.003653689736518355,-0.00012114958723411087,5.3204662897617934e-11,1.4562339181739162e-09,0.1,0.0,0
10,2004,world,20.04,1.994,3.8074999141693135,1.8194300026354906,-0.5610650673768733,0.706988896359644,0.7069888963681522,-0.012911251610876532,0.01291125161072115,-1.2034637101977741e-12,0.0999332291849076,-0.003653724767512288,-0.00012114958723166878,-8.796904177323853e-11,-2.407688046331712e-09,0.1,0.0,0
10,2005,world,20.05,1.9950000000000003,3.8074999141693127,1.820429334923111,-0.5611016047402386,0.7069888885365898,0.706988888549019,-0.012911679867974821,0.012911679867747826,-1.7580504474043222e-12,0.09993322842597982,-0.00365374552492931,-0.00012114958722854625,-1.7594554285742365e-10,-4.815399145512114e-09,0.1,0.0,0
10,2006,world,20.06,1.996,3.807499914169312,1.8214286672057551,-0.5611381422397663,0.7069888807512643,0.7069888806916383,-0.012912108124374573,0.012912108125463553,8.433784439843919e-12,0.09993322818916474,-0.0036537520020289388,-0.00012114958722630459,-1.8073494090226932e-10,-4.946315031825762e-09,0.1,0.0,0
10,2007,world,20.07,1.997,3.8074999141693127,1.8224279994886388,-0.5611746797326835,0.7069888729286173,0.70698887287106,-0.012912536381446436,0.01291253638249767,8.141196469952695e-12,0.09993322847434209,-0.003653744202177578,-0.0001211495872226213,5.855316231873201e-11,1.6024182225268106e-09,0.1,0.0,0
10,2008,world,20.080000000000002,1.9980000000000004,3.8074999141693127,1.8234273317769834,-0.5612112170762172,0.7069888650964433,0.7069888650594903,-0.012912964638682821,0.01291296463935776,5.2268236113857075e-12,0.09993322928150424,-0.003653722125491579,-0.00012114958721865836,2.7885367626108297e-10,7.631117390556732e-09,0.1,0.0,0
10,2009,world,20.09,1.999,3.807499914169312,1.8244266640760085,-0.5612477541275946,0.7069888572306268,0.7069888572810439,-0.012913392896524217,0.012913392895603334,-7.131231783124734e-12,0.09993323061072534,-0.0036536857696835116,-1.023636654485605e-05,-4.4273265609194743e-11,-1.2115797595879239e-09,0.1,0.0,0
10,2010,world,20.1,2.0,3.8074999141693127,1.8254259963909985,-0.5612842907423394,0.7069888637831926,0.7069888637290966,-0.012913037008497857,0.01291303700948591,7.651589180998671e-12,0.09993323249415267,-0.0036536342550437953,0.00018225073887731145,-7.706595778205881e-11,-2.1090306991071226e-09,0.1,0.0,0
10,2011,world,20.11,2.001,3.807499914169312,1.8264253287282588,-0.5613208267479276,0.7069888807791271,0.7069888807997031,-0.012912104403814096,0.012912104403438308,-2.910362389843821e-12,0.09993323507754587,-0.003653563594076121,0.00026382462364759365,3.2641112035526124e-10,8.93317755110128e-09,0.1,0.0,0
10,2012,world,20.12,2.0020000000000002,3.807499914169312,1.827424661094938,-0.5613573619488516,0.7069888977853048,0.7069888978576063,-0.012911171798898101,0.01291117179757772,-1.0226660870099828e-11,0.09993323837799535,-0.0036534733181945926,0.000263824623686625,-1.237752955686365e-10,-3.3877109342634587e-09,0.1,0.0,0
10,2013,world,20.13,2.003,3.807499914169311,1.8284239934982058,-0.5613938961489254,0.7069889148659443,0.7069889148385868,-0.012910239192577232,0.012910239193076805,3.869578304937835e-12,0.09993324239552318,-0.0036533634253399444,0.0002638246237212045,-1.8368830762028901e-10,-5.027891178492757e-09,0.1,0.0,0
10,2014,world,20.14,2.004,3.8074999141693118,1.829423325945243,-0.5614304291519647,0.7069889318812651,0.706988931882426,-0.01290930658740415,0.012909306587382952,-1.6419460569156672e-13,0.09993324713021823,-0.0036532339113084103,0.00026382462375237106,4.050398905168589e-10,1.1087480879170933e-08,0.1,0.0,0
10,2015,world,20.150000000000002,2.0050000000000003,3.8074999141693113,1.8304226584432082,-0.5614669607617813,0.7069889488454343,0.7069889489749559,-0.01290837398311993,0.012908373980755094,-1.832015894082616e-11,0.09993325258183433,-0.0036530847807442,0.0002638246237797795,-2.0164408337540778e-10,-5.520163736929287e-09,0.1,0.0,0
10,2016,world,20.16,2.0060000000000002,3.8074999141693118,1.8314219909992677,-0.5615034907821908,0.7069889659757872,0.7069889658988421,-0.012907441375756537,0.012907441377161315,1.0883478802437201e-11,0.09993325875034353,-0.0036529160320062782,0.00026382462380291006,-2.517489688938924e-10,-6.892319725482813e-09,0.1,0.0,0
10,2017,world,20.17,2.007,3.807499914169312,1.832421323620597,-0.5615400190170079,0.7069889829472034,0.7069889829792041,-0.012906508771249898,0.012906508770665704,-4.526358204696372e-12,0.09993326563579276,-0.0036527276610887533,0.00026382462382268585,4.5599062720227583e-10,1.2484900117334316e-08,0.1,0.0,0
10,2018,world,20.18,2.008,3.8074999141693127,1.8334206563143702,-0.5615765452700473,0.7069889999380096,0.7069890000377159,-0.012905576166344187,0.012905576164524122,-1.4102939091460921e-11,0.09993327323783519,-0.0036525196744405398,0.0002638246238392806,4.711613044166505e-11,1.2901270736413028e-09,0.1,0.0,0
10,2019,world,20.19,2.0090000000000003,3.8074999141693118,1.8344199890877415,-0.561613069345123,0.706989016986164,0.706989017036419,-0.012904643560346648,0.012904643559429347,-7.108286940652733e-12,0.09993328155643469,-0.0036522920696942813,0.00026382462385148226,-9.514958265744873e-11,-2.6055507821872017e-09,0.1,0.0,0
10,2020,world,20.2,2.01,3.8074999141693113,1.8354193219478856,-0.5616495910460494,0.7069890340020702,0.7069890340649101,-0.01290371095489282,0.01290371095374589,-8.888375837424178e-12,0.09993329059158158,-0.0036520448434423955,0.0002638246238599824,-2.751647867896998e-10,-7.535577278284588e-09,0.1,0.0,0
10,2021,world,20.21,2.011,3.807499914169312,1.8364186549019639,-0.5616861101766405,0.7069890510826421,0.7069890510262747,-0.012902778348213866,0.01290277834924259,7.972887333086514e-12,0.09993330034285386,-0.0036517780032424086,0.0002638246238656484,-2.909178106750006e-10,-7.967555974261315e-09,0.1,0.0,0
10,2022,world,20.22,2.012,3.8074999141693118,1.8374179879571342,-0.5617226265407101,0.7069890680991439,0.7069890680492491,-0.012901845742659374,0.012901845743569902,7.057354343177087e-12,0.09993331081041498,-0.003651491540315844,0.00026382462386796213,-1.1390315773921502e-10,-3.1197699697093564e-09,0.1,0.0,0
10,2023,world,20.23,2.013,3.8074999141693118,1.8384173211205572,-0.5617591399420685,0.7069890851429592,0.7069890850424496,-0.01290091313656156,0.012900913138395628,1.4216574993007068e-11,0.09993332199391963,-0.0036511854594882807,0.000263824623865475,-2.7594940221782387e-11,-7.558591068592149e-10,0.1,0.0,0
10,2024,world,20.240000000000002,2.0140000000000002,3.8074999141693118,1.8394166543993986,-0.5617956501845328,0.7069891021402769,0.7069891020796873,-0.012899980531267353,0.012899980532372894,8.570092299091697e-12,0.09993333389314267,-0.003650859761982657,0.00026382462385853613,3.1034827485708965e-10,8.501568039515138e-09,0.1,0.0,0
10,2025,world,20.25,2.015,3.8074999141693118,1.8404159878008048,-0.5618321570719166,0.7069891191161392,0.7069891191359199,-0.012899047926319681,0.012899047925958782,-2.7978700253889107e-12,0.09993334650796627,-0.003650514445766085,0.0002638246238494006,9.439480447305026e-11,2.5859902272969376e-09,0.1,0.0,0
10,2026,world,20.26,2.016,3.8074999141693113,1.8414153213319422,-0.5618686604080333,0.7069891361528466,0.7069891361288468,-0.01289811532021701,0.012898115320654855,3.394636392898435e-12,0.09993335983829102,-0.0036501495079853557,0.00026382462383656364,3.340452914284222e-11,9.151941493069398e-10,0.1,0.0,0
10,2027,world,20.27,2.017,3.8074999141693113,1.8424146549999574,-0.5619051599966963,0.7069891531380688,0.7069891531707988,-0.012897182715008783,0.012897182714411705,-4.6295132320349106e-12,0.09993337388375174,-0.0036497649527450827,0.0002638246238200251,1.1890644718860726e-10,3.2579868544778542e-09,0.1,0.0,0
10,2028,world,20.28,2.0180000000000002,3.807499914169311,1.8434139888120018,-0.5619416556417188,0.7069891701557415,0.7069891701778396,-0.012896250109163721,0.012896250108760629,-3.1256543664161006e-12,0.09993338864413957,-0.0036493607795556947,0.00026382462379996097,3.34066108110134e-11,9.154036659557619e-10,0.1,0.0,0
10,2029,world,20.29,2.0189999999999997,3.8074999141693113,1.8444133227752189,-0.5619781471469135,0.706989187155076,0.7069891872007582,-0.01289531750360836,0.012895317502775129,-6.461503580121193e-12,0.09993340411924845,-0.0036489369875319,0.0002638246237751544,-5.6992431607466814e-11,-1.5618038898852137e-09,0.1,0.0,0
10,2030,world,20.3,2.02,3.8074999141693118,1.845412656896766,-0.562014634316092,0.7069892041878135,0.7069892041878134,-0.012894384897398975,0.012894384897398975,0.0,0.09993342030888712,-0.0036484935750677122,0.00026382462374681983,-2.473120666593259e-10,-6.777719184510199e-09,0.1,0.0,0
10,2031,world,20.31,2.021,3.8074999141693118,1.8464119911837806,-0.5620511169530639,0.7069892212215881,0.7069892211713711,-0.01289345229112596,0.012893452292041772,7.102933450144774e-12,0.09993343721260851,-0.0036480305472450097,0.0002638246237165208,5.294948507435013e-11,1.4512176860623965e-09,0.1,0.0,0
10,2032,world,20.32,2.022,3.807499914169311,1.8474113256433986,-0.5620875948616452,0.7069892381936487,0.7069892382141821,-0.012892519685933659,0.012892519685559215,-2.9043441652539214e-12,0.09993345483029731,-0.0036475478997441365,0.00026382462368020645,5.4928457615734784e-11,1.5055557549373087e-09,0.1,0.0,0
10,2033,world,20.330000000000002,2.023,3.807499914169311,1.8484106602827626,-0.5621240678456484,0.7069892552245785,0.7069892551956638,-0.012891587079623092,0.012891587080150336,4.089830347383365e-12,0.09993347316167212,-0.0036470456324760436,0.00026382462364117523,-1.9640226944804323e-10,-5.383672988754871e-09,0.1,0.0,0
10,2034,world,20.34,2.024,3.807499914169311,1.8494099951090062,-0.5621605357088852,0.7069892722429171,0.7069892721872759,-0.012890654473497437,0.012890654474511952,7.870152138768e-12,0.09993349220645956,-0.003646523744813465,0.0003768254714756371,1.5938743380722937e-10,4.3694926556213e-09,0.1,0.0,0
10,2035,world,20.35,2.025,3.8074999141693113,1.850409330129014,-0.5621969982620619,0.7069893037674303,0.7069893038003404,-0.012888922964500952,0.012888922963900975,-4.654975861273563e-12,0.09993351183620477,-0.0036459857491660664,0.0005685487852884921,1.9568513476394428e-10,5.365235786601416e-09,0.1,0.0,0
10,2036,world,20.36,2.026,3.8074999141693118,1.8514086653457351,-0.5622334554234638,0.706989345483193,0.7069893455034656,-0.012886634895061833,0.012886634894692314,-2.8674642857511395e-12,0.09993353150410149,-0.003645446628159351,0.000647271251542319,-2.497311385480322e-10,-6.848119762820807e-09,0.1,0.0,0
10,2037,world,20.37,2.027,3.8074999141693113,1.8524080007590156,-0.5622699071965461,0.7069893872273609,0.7069893871633757,-0.012884346824833083,0.012884346825999166,9.050390856454842e-12,0.09993355114795734,-0.00364490808644012,0.0006472712521059307,8.379980737163018e-11,2.298359942593675e-09,0.1,0.0,0
10,2038,world,20.38,2.028,3.8074999141693104,1.8534073363686117,-0.5623063535871029,0.7069894288636062,0.7069894289163986,-0.012882058756299296,0.012882058755337359,-7.46725571038117e-12,0.09993357076789045,-0.003644370121027028,0.0006472712526169504,1.6485233317437363e-10,4.522186146631805e-09,0.1,0.0,0
10,2039,world,20.39,2.029,3.807499914169311,1.8544066721742885,-0.5623427946009021,0.7069894705772314,0.7069894705772314,-0.012879770686083888,0.012879770686083888,0.0,0.09993359036374849,-0.003643832736352526,0.0006472712530725185,-5.372540953822166e-10,-1.4740423817631892e-08,0.1,0.0,0
10,2040,world,20.400000000000002,2.0300000000000002,3.807499914169311,1.8554060081758073,-0.5623792302437434,0.7069895123349417,0.7069895121791693,-0.012877482614794378,0.0128774826176317,2.2033204977752182e-11,0.09993360993555818,-0.003643295931942773,0.0006472712534725458,1.4856744307114525e-10,4.0769127792964065e-09,0.1,0.0,0
10,2041,world,20.41,2.031,3.807499914169311,1.8564053443729214,-0.5624156605214109,0.706989553900632,0.706989553958317,-0.012875194546731248,0.012875194545680731,-8.159239973790097e-12,0.0999336294835702,-0.0036427597011760753,0.0006472712538185934,5.306276251764052e-10,1.4563797815940554e-08,0.1,0.0,0
10,2042,world,20.42,2.032,3.8074999141693113,1.8574046807653952,-0.5624520854396785,0.7069895955693419,0.7069895956196353,-0.012872906476520833,0.012872906475605086,-7.113740364867922e-12,0.09993364900763446,-0.003642224048424403,0.0006472712541117616,-6.5061497856362e-11,-1.7860184739695558e-09,0.1,0.0,0
10,2043,world,20.43,2.033,3.807499914169311,1.8584040173529897,-0.562488505004348,0.7069896372358906,0.7069896372683049,-0.012870618406079204,0.012870618405489106,-4.584839216041545e-12,0.09993366850758745,-0.003641688978431064,0.000647271254350663,1.825590026384492e-10,5.01236569885591e-09,0.1,0.0,0
10,2044,world,20.44,2.0340000000000003,3.8074999141693104,1.8594033541354646,-0.5625249192211954,0.7069896788416947,0.7069896789629089,-0.01286833033647294,0.012868330334266652,-1.714511519962789e-11,0.09993368798364906,-0.003641154485417481,0.0006472712545341668,-9.518427712752253e-12,-2.6139325892780974e-10,0.1,0.0,0
10,2045,world,20.45,2.0349999999999997,3.807499914169311,1.8604026911125782,-0.562561328096008,0.706989720530743,0.7069897205594589,-0.012866042265081399,0.012866042264558812,-4.061739182614139e-12,0.09993370743561907,-0.0036406205751350535,0.000647271254664271,-5.353465934481384e-10,-1.4703790984366346e-08,0.1,0.0,0
10,2046,world,20.46,2.036,3.80749991416931,1.8614020282840937,-0.5625977316345818,0.7069897622239111,0.7069897621370789,-0.012863754193345324,0.012863754194925246,1.228196520620398e-11,0.09993372686378849,-0.003640087239850231,0.0006472712547402818,8.831650688606202e-12,2.4262657313110944e-10,0.1,0.0,0
10,2047,world,20.47,2.037,3.8074999141693113,1.86240136564977,-0.5626341298426876,0.7069898037924097,0.7069898038245584,-0.012861466123607982,0.012861466123023139,-4.547256531971798e-12,0.09993374626817018,-0.0036395544794637228,0.0006472712547615891,3.025600603411649e-10,8.313058095148711e-09,0.1,0.0,0
10,2048,world,20.48,2.038,3.807499914169311,1.8634007032093771,-0.562670522726126,0.7069898454136729,0.7069898454444634,-0.012859178052641165,0.012859178052081128,-4.3551439657626954e-12,0.09993376564839314,-0.0036390223044163576,0.0006472712547284857,5.5479058847333444e-11,1.5246037098913162e-09,0.1,0.0,0
10,2049,world,20.490000000000002,2.039,3.8074999141693113,1.8644000409626613,-0.5627069102906839,0.7069898870153869,0.7069898870691075,-0.01285688998176072,0.012856889980783793,-7.598483467430114e-12,0.09993378500477484,-0.0036384907062465294,0.0006472712546414024,-1.6619917248109467e-10,-4.568068463131959e-09,0.1,0.0,0
10,2050,world,20.5,2.04,3.8074999141693113,1.8653993789093932,-0.5627432925421365,0.7069899286649431,0.7069899286310993,-0.01285460190974143,0.012854601910356783,4.787016085411357e-12,0.09993380433736089,-0.003637959683953541,0.0006472712545001662,7.304538918225428e-11,2.008037792590994e-09,0.1,0.0,0
10,2051,world,20.51,2.041,3.807499914169311,1.866398717049331,-0.5627796694862879,0.706989970205324,0.7069899702874566,-0.012852313839438459,0.012852313837945375,-1.1617237096355829e-11,0.09993382364608148,-0.0036374292397085882,0.0006472712543041425,2.716004504651872e-10,7.46773694861996e-09,0.1,0.0,0
10,2052,world,20.52,2.042,3.8074999141693104,1.867398055382236,-0.5628160411289163,0.706990011801445,0.7069900118732634,-0.012850025767853568,0.012850025766548223,-1.01583137186864e-11,0.09993384293070462,-0.0036368993801394,0.0006472712540548926,1.2042502412018015e-10,3.3117100641888387e-09,0.1,0.0,0
10,2053,world,20.53,2.043,3.8074999141693104,1.8683973939078644,-0.5628524074758104,0.706990053356418,0.7069900534854084,-0.012847737696748298,0.012847737694404225,-1.824502798196974e-11,0.09993386219157625,-0.0036363700959949462,0.0006472712537511425,-3.137714046940652e-10,-8.630322492953588e-09,0.1,0.0,0
10,2054,world,20.54,2.044,3.8074999141693118,1.86939673262598,-0.5628887685327686,0.7069900950222138,0.7069900949719204,-0.012845449623361337,0.012845449624275126,7.113732154123695e-12,0.09993388142848025,-0.003635841393467227,0.0006472712533923719,-2.4259518005725884e-10,-6.6737975416664646e-09,0.1,0.0,0
10,2055,world,20.55,2.045,3.8074999141693104,1.8703960715363497,-0.5629251243055635,0.706990136548535,0.706990136583097,-0.01284316155224095,0.012843161551613096,-4.8886294007741885e-12,0.09993390064172362,-0.003635313264370969,0.0006472712529798546,3.066130682704658e-10,8.436438819731965e-09,0.1,0.0,0
10,2056,world,20.56,2.046,3.807499914169311,1.8713954106387314,-0.5629614747999977,0.7069901780926223,0.7069901781616973,-0.012840873480530143,0.012840873479275552,-9.770289269201673e-12,0.09993391983104039,-0.0036347857162695335,0.0006472712525134171,-8.093525849572998e-11,-2.2273281228441686e-09,0.1,0.0,0
10,2057,world,20.57,2.047,3.807499914169311,1.8723947499328895,-0.5629978200218604,0.706990219679575,0.7069902196826222,-0.012838585407773589,0.012838585407718251,-4.3102850212531555e-13,0.09993393899639719,-0.0036342587503322013,0.0006472712519923063,-2.673503779489545e-10,-7.358741665115704e-09,0.1,0.0,0
10,2058,world,20.580000000000002,2.048,3.807499914169311,1.8733940894185808,-0.5630341599769281,0.7069902612451547,0.7069902612101099,-0.01283629733513832,0.012836297335774603,4.956899593484877e-12,0.09993395813801731,-0.0036337323606732558,0.0006472712514170422,9.652070809342453e-11,2.6571817852780945e-09,0.1,0.0,0
10,2059,world,20.59,2.049,3.807499914169311,1.8743934290955682,-0.5630704946710069,0.7069903027464389,0.706990302787083,-0.012834009263403588,0.012834009262665778,-5.748857047873246e-12,0.09993397725587809,-0.0036332065481669085,0.0007660337435953259,1.7601458485342646e-10,4.846644854702833e-09,0.1,0.0,0
10,2060,world,20.6,2.0500000000000003,3.8074999141693113,1.8753927689647083,-0.5631068240797371,0.7069903595204925,0.7069903595540235,-0.012830881551419225,0.012830881550810684,-4.742774370028999e-12,0.09993399687838805,-0.0036326667766709525,0.0009570570863247419,-1.1051229376227773e-10,-3.043717402188282e-09,0.1,0.0,0
10,2061,world,20.61,2.0509999999999997,3.8074999141693118,1.8763921090419249,-0.5631431477644463,0.7069904255643883,0.7069904255619665,-0.012827242961632788,0.012827242961676729,3.4254799458275246e-13,0.09993401901615576,-0.0036320577196157777,0.0010293179377581006,-8.602250856235197e-11,-2.3698325122361687e-09,0.1,0.0,0
10,2062,world,20.62,2.052,3.8074999141693118,1.877391449354068,-0.5631794649852233,0.7069904915703707,0.7069904915703706,-0.012823604371846433,0.012823604371846433,0.0,0.09993404386357217,-0.0036313739925315936,0.001029317940017176,-3.325350411756473e-10,-9.163640948100012e-09,0.1,0.0,0
10,2063,world,20.63,2.053,3.8074999141693118,1.8783907899282237,-0.5632157749954081,0.7069905576248774,0.7069905574927982,-0.012819965780493336,0.012819965782888349,1.8681904123987612e-11,0.09993407141893469,-0.0036306156000409846,0.0010293179420570921,-7.515169042760256e-11,-2.071532336437653e-09,0.1,0.0,0
10,2064,world,20.64,2.054,3.8074999141693118,1.8793901307914704,-0.5632520770483046,0.7069906235432339,0.7069906235139235,-0.012816327190923195,0.012816327191454533,4.145805863560195e-12,0.09993410168081691,-0.0036297825345530848,0.0010293179438788437,2.2918958398190602e-10,6.3193445974123855e-09,0.1,0.0,0
10,2065,world,20.650000000000002,2.055,3.8074999141693113,1.8803894719708583,-0.5632883703972276,0.7069906895009265,0.7069906894582603,-0.01281268859995474,0.01281268860072797,6.034886081999078e-12,0.0999341346470839,-0.0036288748033666235,0.0010293179454817281,8.589604722093195e-11,2.369051604778874e-09,0.1,0.0,0
10,2066,world,20.66,2.056,3.8074999141693113,1.8813888134934178,-0.5633246542955077,0.706990755409777,0.7069907554139865,-0.01280905000918733,0.012809050009111063,-5.954151307284587e-13,0.09993417031574116,-0.0036278924053009254,0.0010293179468674803,3.233186288200401e-10,8.919807172769818e-09,0.1,0.0,0
10,2067,world,20.67,2.057,3.8074999141693113,1.8823881553861732,-0.5633609279964232,0.7069908212836734,0.7069908213672145,-0.012805411418369808,0.012805411416856668,-1.1816404978337844e-11,0.09993420868478986,-0.0036268353346787063,0.0010293179480359903,-8.240682442130928e-11,-2.2740949965545606e-09,0.1,0.0,0
10,2068,world,20.68,2.058,3.807499914169311,1.883387497676112,-0.5633971907533113,0.7069908872342632,0.7069908872062963,-0.012801772825481155,0.012801772825987564,3.9557710604679254e-12,0.09993424975159926,-0.0036257035986116356,0.001029317948983788,-5.736640329535206e-10,-1.5835403794724148e-08,0.1,0.0,0
10,2069,world,20.69,2.059,3.8074999141693113,1.8843868403901933,-0.5634334418194713,0.7069909531666472,0.7069909530261317,-0.012798134232241607,0.012798134234785255,1.9875146932298346e-11,0.09993429351392297,-0.003624497189003931,0.001029317949715668,1.3419387129523048e-10,3.7053364473470565e-09,0.1,0.0,0
10,2070,world,20.7,2.06,3.807499914169311,1.8853861835553662,-0.563469680448183,0.7069910189415425,0.7069910189660028,-0.012794495641172634,0.012794495640729974,-3.459766088064073e-12,0.09993433996889732,-0.0036232161101504403,0.0010293179502290275,2.4780056479430474e-10,6.844157735791394e-09,0.1,0.0,0
10,2071,world,20.71,2.061,3.8074999141693113,1.8863855271985455,-0.5635059058927784,0.7069910848142681,0.7069910847705911,-0.012790857047653764,0.012790857048443963,6.17785198372492e-12,0.09993438911370595,-0.003621860360423991,0.0010293179505239307,1.673834681999763e-12,4.623277130139373e-11,0.1,0.0,0
10,2072,world,20.72,2.062,3.807499914169311,1.8873848713466046,-0.5635421174065169,0.706991150599803,0.7069911506249175,-0.012787218455034086,0.012787218454579842,-3.552313702812135e-12,0.09993444094525311,-0.003620429941280505,0.0010293179506008973,1.5918637935876207e-10,4.399178769823141e-09,0.1,0.0,0
10,2073,world,20.73,2.063,3.8074999141693113,1.8883842160263986,-0.5635783142427027,0.7069912164042809,0.7069912164228482,-0.012783579861394348,0.012783579861058617,-2.6262647582735466e-12,0.09993449546036505,-0.003618924851703608,0.0010293179504589972,5.961186405716538e-11,1.6478749680197902e-09,0.1,0.0,0
10,2074,world,20.740000000000002,2.064,3.8074999141693118,1.889383561264744,-0.5636144956546368,0.7069912821718273,0.7069912822202576,-0.012779941267746009,0.012779941266870556,-6.850209870340775e-12,0.09993455265577716,-0.0036173450885564895,0.001029317950100311,1.0847364673353791e-10,2.999429676039115e-09,0.1,0.0,0
10,2075,world,20.75,2.065,3.807499914169312,1.8903829070884326,-0.5636506608955411,0.7069913479292909,0.7069913479902974,-0.012776302673604464,0.012776302672501993,-8.62903335272716e-12,0.09993461252797264,-0.003615690651034051,0.0010293179495231136,-2.4055410441792476e-11,-6.653513623419182e-10,0.1,0.0,0
10,2076,world,20.76,2.0660000000000003,3.8074999141693113,1.8913822535242106,-0.5636868092187454,0.706991413685311,0.7069914137243273,-0.012772664078814626,0.01277266407810975,-5.5186312329858615e-12,0.09993467507317991,-0.003613961540741173,0.0010293179487281447,-1.558430468034879e-10,-4.311694688970593e-09,0.1,0.0,0
10,2077,world,20.77,2.0669999999999997,3.8074999141693113,1.8923816005987886,-0.5637229398774899,0.7069914794311178,0.706991479431118,-0.012769025483536029,0.012769025483536029,0.0,0.09993474028750152,-0.0036121577581307296,0.001029317947713852,2.455733533234585e-10,6.796197624430788e-09,0.1,0.0,0
10,2078,world,20.78,2.068,3.807499914169311,1.893380948338838,-0.5637590521250201,0.7069915450711023,0.7069915452062784,-0.012765386889495994,0.012765386887055264,-1.911992089141135e-11,0.0999348081669667,-0.003610279301046812,0.0010293179464807558,-3.166963219503109e-11,-8.767031155017045e-10,0.1,0.0,0
10,2079,world,20.79,2.069,3.8074999141693104,1.8943802967709966,-0.5637951452146291,0.7069916108337383,0.7069916108213339,-0.01276174829256989,0.0127617482927938,1.7545460371620555e-12,0.09993487870737787,-0.0036083261689702963,0.001029317945032143,-4.351526083989524e-10,-1.2049642954104837e-08,0.1,0.0,0
10,2080,world,20.8,2.07,3.8074999141693113,1.895379645921842,-0.5638312183995041,0.7069916765153129,0.706991676479998,-0.012758109696436903,0.012758109697074181,4.995095746421074e-12,0.09993495190438013,-0.00360629836109436,0.0010293179433647267,2.7029940786108094e-11,7.486936689238774e-10,0.1,0.0,0
10,2081,world,20.81,2.0709999999999997,3.8074999141693118,1.8963789958179236,-0.563867270932923,0.7069917421499541,0.706991742148143,-0.012754471100481255,0.01275447110051393,2.5619434134138655e-13,0.09993502775343818,-0.0036041958769663963,0.001029317941477813,3.468680204238095e-10,9.610469882637675e-09,0.1,0.0,0
10,2082,world,20.82,2.072,3.807499914169311,1.897378346485739,-0.5639033020681199,0.7069918077313828,0.706991807832047,-0.012750832504816623,0.01275083250300111,-1.42383900934897e-11,0.09993510624999152,-0.003602018712181938,0.0010293179393735933,-2.52092097201544e-10,-6.98658140359532e-09,0.1,0.0,0
10,2083,world,20.830000000000002,2.073,3.8074999141693113,1.898377697951731,-0.5639393110582579,0.7069918734459871,0.7069918733453227,-0.012747193906082728,0.012747193907897724,1.4238401004966895e-11,0.09993518738890636,-0.0035997668735868456,0.0010293179370517212,-3.38288425056248e-10,-9.378113967528214e-09,0.1,0.0,0
10,2084,world,20.84,2.074,3.8074999141693113,1.8993770502423064,-0.5639752971566178,0.7069919390068818,0.7069919389748547,-0.012743555309453895,0.012743555310031187,4.5300728351415376e-12,0.09993527116546931,-0.003597440351711108,0.0011574665157252913,-2.4405616417242794e-10,-6.767958513649375e-09,0.1,0.0,0
10,2085,world,20.85,2.075,3.8074999141693118,1.9003764033786714,-0.564011259759361,0.7069920209910094,0.7069920207945849,-0.012739010710163416,0.012739010713702714,2.7783138086633988e-11,0.09993535528144963,-0.003595102887323127,0.0013478585964469395,1.0327034366853343e-10,2.864775720876966e-09,0.1,0.0,0
10,2086,world,20.86,2.076,3.8074999141693118,1.9013757573235799,-0.5640471998868067,0.7069921106875002,0.7069921106960069,-0.012734026057035986,0.012734026056882768,-1.2032096582400415e-12,0.09993543245313369,-0.0035929570558464355,0.0014101021003040807,3.719708569062565e-10,1.0322551822449571e-08,0.1,0.0,0
10,2087,world,20.87,2.077,3.8074999141693118,1.902375112002832,-0.5640831195893916,0.7069922004807513,0.7069922004303807,-0.01272904140087785,0.012729041401784748,7.124630836652861e-12,0.09993550215199253,-0.00359101790988288,0.0014101021060749853,6.58495827332263e-11,1.8281106772215226e-09,0.1,0.0,0
10,2088,world,20.88,2.078,3.807499914169312,1.9033744673417559,-0.5641190209339311,0.7069922901670481,0.7069922902014207,-0.01272405674536036,0.012724056744741741,-4.861808827643102e-12,0.09993556439019707,-0.003589285445987219,0.001410102111285608,1.8276248570696315e-10,5.075809453362438e-09,0.1,0.0,0
10,2089,world,20.89,2.079,3.8074999141693118,1.9043738232657978,-0.5641549059872611,0.7069923798670353,0.7069923798884824,-0.012719072088313788,0.012719072087927946,-3.033564685976278e-12,0.09993561917829054,-0.003587759670280188,0.001410102115935014,-5.017618265489597e-11,-1.3940789739420905e-09,0.1,0.0,0
10,2090,world,20.900000000000002,2.08,3.8074999141693118,1.9053731797005098,-0.564190776816236,0.7069924695288151,0.706992469543463,-0.012714087430674686,0.012714087430411266,-2.071861978294612e-12,0.0999356665260292,-0.0035864405750395457,0.0014101021200247637,7.354724468578172e-11,2.0442135777769647e-09,0.1,0.0,0
10,2091,world,20.91,2.081,3.8074999141693118,1.9063725365715354,-0.5642266354877228,0.7069925591341899,0.7069925591845606,-0.012709102772772344,0.012709102771866867,-7.1246335050684164e-12,0.0999357064413488,-0.0035853281674842804,0.001410102123553746,9.345371699029953e-11,2.598529575736874e-09,0.1,0.0,0
10,2092,world,20.92,2.0820000000000003,3.8074999141693113,1.9073718938045818,-0.5642624840685985,0.7069926487217599,0.7069926487731744,-0.012704118113914923,0.012704118112991047,-7.272263852050914e-12,0.09993573893102912,-0.003584422451273158,0.0014101021265206094,-1.426346887870264e-10,-3.9675772732567425e-09,0.1,0.0,0
10,2093,world,20.93,2.0829999999999997,3.8074999141693118,1.9083712513254192,-0.5642983246257388,0.7069927383032981,0.7069927382975316,-0.012699133453893568,0.012699133453997145,8.156257876062457e-13,0.09993576400081394,-0.0035837234231479876,0.0014101021289264974,-3.468909187791402e-11,-9.653066107189296e-10,0.1,0.0,0
10,2094,world,20.94,2.084,3.807499914169311,1.9093706090598752,-0.5643341592260392,0.7069928277993403,0.7069928278370966,-0.0126941487941379,0.012694148793459982,-5.3404019894756975e-12,0.09993578165500805,-0.003583231084169497,0.0014101021307727976,1.718177683519688e-10,4.783095770199569e-09,0.1,0.0,0
10,2095,world,20.95,2.085,3.8074999141693118,1.9103699669338108,-0.5643699899363851,0.7069929172699227,0.7069929173318322,-0.01268916413357154,0.012689164132460386,-8.756720621428658e-12,0.09993579189672958,-0.0035829454326795243,0.0014101021320576735,-1.6791984470135749e-10,-4.676436527669613e-09,0.1,0.0,0
10,2096,world,20.96,2.086,3.807499914169312,1.9113693248731092,-0.5644058188236536,0.7069930067625975,0.7069930067341871,-0.012684179471343811,0.012684179471853522,4.018474961407756e-12,0.09993579472776488,-0.0035828664683519463,0.001410102132782094,1.0992769195282938e-11,3.0625492377483686e-10,0.1,0.0,0
10,2097,world,20.97,2.0869999999999997,3.8074999141693113,1.912368682803665,-0.5644416479547134,0.7069930961276415,0.7069930961938842,-0.012679194810143266,0.012679194808955272,-9.369625477186484e-12,0.09993579014857844,-0.0035829941919148568,0.0014101021329467529,3.500623402379487e-10,9.756613800613737e-09,0.1,0.0,0
10,2098,world,20.98,2.088,3.8074999141693113,1.913368040651376,-0.5644774793964203,0.706993185483171,0.7069931855928067,-0.012674210147852714,0.012674210145887285,-1.5507306142482464e-11,0.0999357781586555,-0.003583328595593416,0.0014101021325486336,-5.245933895787823e-10,-1.4626738593042817e-08,0.1,0.0,0
10,2099,world,20.990000000000002,2.089,3.8074999141693113,1.9143673983421283,-0.5645133152156133,0.7069932749504256,0.7069932748097152,-0.012669225482302348,0.012669225484823859,1.990264358895257e-11,0.09993575875549679,-0.003583869691150802,0.0014101021315903388,-5.155289389995759e-10,-1.4379664449124527e-08,0.1,0.0,0
10,2100,world,21.0,2.09,3.8074999141693118,1.9153667558017704,-0.5645491574791165,0.7069933642339181,0.7069933641400966,-0.012664240818790496,0.012664240820471103,1.327049790570234e-11,0.09993573193641582,-0.0035846174597632626,0.0014101021300723163,3.82771765685005e-10,1.068087332752192e-08,0.1,0.0,0
10,2101,world,21.01,2.091,3.8074999141693113,1.9163661129561231,-0.564585008253728,0.7069934534535935,0.7069934534640062,-0.012659256155168538,0.01265925615498209,-1.472826420082302e-12,0.09993569769653865,-0.00358557190780545,0.0014101021279930767,2.3754210405021086e-10,6.630993185858298e-09,0.1,0.0,0
10,2102,world,21.02,2.092,3.807499914169312,1.9173654697309463,-0.5646208696062098,0.7069935426954478,0.7069935426954478,-0.012654271489898887,0.012654271489898887,0.0,0.0999356560300044,-0.003586733033367049,0.0014101021253524468,3.542634935522868e-11,9.89317688134266e-10,0.1,0.0,0
10,2103,world,21.03,2.093,3.8074999141693113,1.9183648260519404,-0.5646567436032961,0.7069936318847458,0.7069936319091563,-0.012649286824322117,0.012649286823885372,-3.452722347451914e-12,0.09993560692984717,-0.0035881008295591144,0.0014101021221515349,1.7526761292879672e-10,4.896464259063121e-09,0.1,0.0,0
10,2104,world,21.04,2.094,3.807499914169312,1.9193641818447338,-0.5646926323116855,0.7069937210286699,0.7069937210979496,-0.012644302158311634,0.012644302157072596,-9.799184763229824e-12,0.09993555038770216,-0.0035896752927034137,0.001410102118389821,-1.8910862459933874e-10,-5.285217112767926e-09,0.1,0.0,0
10,2105,world,21.05,2.095,3.807499914169312,1.9203635370348553,-0.5647285377980377,0.7069938102197085,0.7069938101693388,-0.012639317490215985,0.012639317491116473,7.1244990702641976e-12,0.09993548639381883,-0.0035914564219619305,0.0014101021140673765,7.952562220123938e-11,2.2234559219488178e-09,0.1,0.0,0
10,2106,world,21.06,2.0959999999999996,3.807499914169312,1.9213628915477368,-0.5647644621289685,0.7069938992402233,0.7069938993409625,-0.012634332823928451,0.01263433282212819,-1.4248961809539946e-11,0.09993541493749784,-0.003593444207182571,0.0014101021091844767,2.60804745863886e-10,7.294745111483188e-09,0.1,0.0,0
10,2107,world,21.07,2.097,3.8074999141693113,1.9223622453086877,-0.564800407371058,0.7069939883250959,0.7069939883779388,-0.01262934815525259,0.012629348154308632,-7.47432586102931e-12,0.09993533600629445,-0.00359563865106472,0.001410102103740115,-1.516984454768916e-10,-4.2447065341012644e-09,0.1,0.0,0
10,2108,world,21.080000000000002,2.0980000000000003,3.8074999141693118,1.9233615982429015,-0.5648363755908389,0.7069940773569563,0.7069940773976375,-0.01262436348628855,0.012624363485562128,-5.754140367646656e-12,0.09993524958693922,-0.0035980397435499676,0.001410102097735128,-1.762187618107064e-10,-4.9327521479906995e-09,0.1,0.0,0
10,2109,world,21.09,2.0989999999999998,3.8074999141693118,1.9243609502754204,-0.5648723688547559,0.7069941663764068,0.7069941663594567,-0.012619378816313464,0.01261937881661601,2.3974784758982563e-12,0.09993515566469395,-0.003600647479744513,0.0015153814406969855,-3.1812122382013166e-10,-8.908701020605663e-09,0.1,0.0,0
10,2110,world,21.1,2.1,3.8074999141693127,1.9253603013570733,-0.5649083885097758,0.7069942686460653,0.7069942685606982,-0.012613649826679304,0.012613649828202358,1.2074648112680837e-11,0.0999350646920204,-0.0036031715198833777,0.0016570031630384612,4.275989285069465e-11,1.197975787093187e-09,0.1,0.0,0
10,2111,world,21.11,2.101,3.8074999141693118,1.9263596516694876,-0.5649444295010672,0.7069943753743796,0.7069943753743795,-0.01260766389903363,0.01260766389903363,0.0,0.09993500285941803,-0.003604886057576644,0.0016933455444783814,2.1525593808445458e-10,6.03347405973686e-09,0.1,0.0,0
10,2112,world,21.12,2.102,3.8074999141693118,1.9273590015156985,-0.5649804834173258,0.7069944820946967,0.7069944820946966,-0.012601677969685861,0.012601677969685861,0.0,0.09993497145628523,-0.0036057565130577923,0.0016933455543983974,1.95779330256992e-10,5.490171132649378e-09,0.1,0.0,0
10,2113,world,21.13,2.1029999999999998,3.8074999141693127,1.92835835120012,-0.565016541817798,0.7069945887254933,0.706994588803173,-0.012595692040093346,0.012595692038709418,-1.0987314702945677e-11,0.09993497050420858,-0.003605782900143104,0.0016933455633457253,1.741841046481788e-10,4.886917967424797e-09,0.1,0.0,0
10,2114,world,21.14,2.104,3.8074999141693127,1.9293577010272849,-0.5650525962618215,0.7069946953487168,0.7069946954178611,-0.012589706108799706,0.012589706107568429,-9.78002581055337e-12,0.09993500000369909,-0.0036049652232252568,0.0016933455713225042,-1.1327865729311965e-10,-3.179667990103004e-09,0.1,0.0,0
10,2115,world,21.150000000000002,2.105,3.8074999141693118,1.9303570513016244,-0.5650886383087665,0.7069948019352185,0.7069948019679095,-0.0125837201763287,0.012583720175746835,-4.62394603974945e-12,0.09993505993385102,-0.00360330348674763,0.0016933455783294284,-1.9201654156507046e-10,-5.3923454923696754e-09,0.1,0.0,0
10,2116,world,21.16,2.106,3.8074999141693118,1.9313564023272602,-0.5651246595179785,0.7069949084727338,0.7069949084655825,-0.012577734242902735,0.01257773424302996,1.0115154196729101e-12,0.09993515025308478,-0.0036007976745954123,0.001693345584364155,-3.357899028437977e-10,-9.43440615660367e-09,0.1,0.0,0
10,2117,world,21.17,2.107,3.8074999141693127,1.9323557544077705,-0.5651606514487182,0.7069950149864689,0.706995014885674,-0.012571748308077503,0.01257174830986983,1.4256785156274843e-11,0.09993527089772641,-0.0035974477894804915,0.0016933455894279866,1.0753793689379588e-10,3.022840400986018e-09,0.1,0.0,0
10,2118,world,21.18,2.108,3.8074999141693127,1.9333551078460156,-0.565196605660104,0.7069951213344945,0.706995121370113,-0.012565762374380125,0.012565762373747062,-5.038002865323581e-12,0.0999354217839383,-0.0035932537993232753,0.0016933455935202284,4.921471216903602e-10,1.3840616327306547e-08,0.1,0.0,0
10,2119,world,21.19,2.109,3.807499914169312,1.9343544629439007,-0.5652325137110549,0.706995227670338,0.7069952277653717,-0.012559776439084125,0.012559776437395852,-1.3441905081745551e-11,0.09993560280569456,-0.00358821569341289,0.001693345596641516,-8.973013305032685e-11,-2.524668611769027e-09,0.1,0.0,0
10,2120,world,21.2,2.11,3.807499914169312,1.935353820002159,-0.5652683671602305,0.7069953340327763,0.7069953340326737,-0.012553790501505799,0.012553790501507626,1.453835136297344e-14,0.0999358138362848,-0.0035823334405700492,0.0016933455987927178,-4.872411502276069e-10,-1.3715740653260112e-08,0.1,0.0,0
10,2121,world,21.21,2.111,3.8074999141693118,1.9363531793201618,-0.5653041575659511,0.7069954403464277,0.7069954402473999,-0.012547804562988842,0.012547804564746393,1.4006850823548073e-11,0.09993605472779317,-0.0035756070035070104,0.0016933455999721854,-1.3550913863885243e-10,-3.816396079008163e-09,0.1,0.0,0
10,2122,world,21.22,2.1119999999999997,3.8074999141693118,1.9373525411956873,-0.5653398764862034,0.7069955465374714,0.7069955464833714,-0.012541818624846728,0.01254181862580644,7.652090288239332e-12,0.09993632531103708,-0.003568036340422137,0.0016933456001796583,1.2198020372140887e-10,3.4369934092270004e-09,0.1,0.0,0
10,2123,world,21.23,2.113,3.8074999141693113,1.9383519059247236,-0.5653755154785283,0.7069956526984469,0.7069956526480484,-0.01253583268544065,0.012535832686334273,7.128532953089272e-12,0.09993662539531657,-0.003559621411915566,0.0016933455994168419,6.791529144945299e-11,1.914548375613361e-09,0.1,0.0,0
10,2124,world,21.240000000000002,2.1140000000000003,3.807499914169312,1.9393512738012315,-0.5654110660999775,0.7069957587988983,0.7069957587718868,-0.012529846745314753,0.012529846745793471,3.820617690877902e-12,0.0999369547693575,-0.0035503621543998345,0.0016933455976828708,-1.2630001212149324e-10,-3.5621130070751652e-09,0.1,0.0,0
10,2125,world,21.25,2.1149999999999998,3.8074999141693118,1.9403506451169645,-0.5654465199070585,0.7069958648972551,0.7069958647964569,-0.012523860803437632,0.012523860805223188,1.4257226968694188e-11,0.09993731319958554,-0.0035402585284053756,0.0016933455949773959,6.264606889095122e-12,1.7675243593817083e-10,0.1,0.0,0
10,2126,world,21.26,2.116,3.8074999141693118,1.9413500201612353,-0.5654818684556788,0.7069959708698931,0.7069959708453825,-0.01251787486200321,0.012517874862437188,3.4668632183910207e-12,0.09993770043252485,-0.0035293104509128495,0.001693345591301488,7.333092466937829e-11,2.070175059036384e-09,0.1,0.0,0
10,2127,world,21.27,2.117,3.8074999141693118,1.9423493992207086,-0.5655171033010894,0.7069960768534919,0.7069960767819842,-0.012511888918594609,0.012511888919860097,1.0114290173686245e-11,0.0999381161921114,-0.0035175178708915632,0.0016933455866548865,6.133461794304992e-11,1.7323491898537779e-09,0.1,0.0,0
10,2128,world,21.28,2.118,3.807499914169312,1.9433487825791855,-0.5655522159978298,0.7069961827271566,0.7069961827271566,-0.012505902975355728,0.012505902975355728,0.0,0.09993856018186596,-0.0035048807077498246,0.0016933455810361172,3.0316027467622835e-11,8.56674486164706e-10,0.1,0.0,0
10,2129,world,21.29,2.1189999999999998,3.8074999141693113,1.9443481705173884,-0.5655871980996732,0.7069962886155868,0.7069962885562,-0.012499917030084204,0.012499917031134183,8.399890467310974e-12,0.09993903208386189,-0.0034913988802237807,0.0016933455744467412,-5.643367717847297e-11,-1.595441015704667e-09,0.1,0.0,0
10,2130,world,21.3,2.12,3.8074999141693118,1.945347563312774,-0.5656220411595732,0.7069963944052352,0.7069963943826617,-0.01249393108479214,0.012493931085191055,3.1928634334876358e-12,0.09993953155884377,-0.0034770723027962823,0.0016933455668866428,2.1211088442231088e-10,5.999507645525716e-09,0.1,0.0,0
10,2131,world,21.31,2.121,3.807499914169312,1.9463469612392763,-0.5656567367296085,0.7069965001385722,0.706996500164071,-0.012487945138732016,0.01248794513828162,-3.606641926187114e-12,0.09994005824608931,-0.003461900889436061,0.00169334555835322,2.3676251932360234e-10,6.69998204084512e-09,0.1,0.0,0
10,2132,world,21.32,2.122,3.807499914169312,1.9473463645671312,-0.5656912763609308,0.7069966058219014,0.7069966058941243,-0.012481959191796262,0.012481959190521173,-1.021545372392045e-11,0.09994061176381,-0.0034458845417982224,0.001693345548850896,-1.1002188743916546e-10,-3.11492787416249e-09,0.1,0.0,0
10,2133,world,21.330000000000002,2.123,3.807499914169312,1.948345773562645,-0.5657256516037121,0.7069967115233088,0.7069967115047353,-0.012475973242787259,0.012475973243115014,2.6270821638021222e-12,0.09994119170865937,-0.0034290231630885216,0.0016933455383776762,-1.3005412719600556e-10,-3.683843968979322e-09,0.1,0.0,0
10,2134,world,21.34,2.124,3.807499914169312,1.9493451884879813,-0.5657598540070938,0.7069968171092985,0.7069968171293997,-0.012469987294065232,0.012469987293710688,-2.843191563959779e-12,0.09994179765625719,-0.003411316642551352,-0.016960502103849806,4.6566917212382795e-11,1.312730665061488e-09,0.1,0.0,0
10,2135,world,21.35,2.125,3.807499914169312,1.9503446094710661,-0.5657938789404253,0.7069945853576424,0.7069945853576425,-0.01259588325506565,0.01259588325506565,0.0,0.09994238213699785,-0.003394149787839973,-0.0394958882763205,4.788756321640475e-11,1.3420598233878948e-09,0.1,0.0,0
10,2136,world,21.36,2.126,3.8074999141693113,1.9513440357617389,-0.5658277476260516,0.7069918368245761,0.7069918368636657,-0.012749220987374875,0.01274922098666997,-5.528980935408889e-12,0.0999428576081964,-0.00338012028007572,-0.04337752361311965,-8.948207039512598e-11,-2.4802438821713206e-09,0.1,0.0,0
10,2137,world,21.37,2.1270000000000002,3.8074999141693118,1.9523434662575403,-0.5658614920046343,0.7069890550787397,0.7069890550436468,-0.012902558803308322,0.01290255880394877,4.963698603431443e-12,0.0999432233602108,-0.003369288407218332,-0.04337770905385449,-2.293613287949008e-10,-6.2817685940117975e-09,0.1,0.0,0
10,2138,world,21.38,2.1279999999999997,3.8074999141693118,1.9533428998666917,-0.5658951440537737,0.7069862400345067,0.7069862399847143,-0.01305589663950282,0.013055896640422334,7.042863832137218e-12,0.09994348042556928,-0.003361654417671739,-0.04337787817156091,1.2891372401953284e-10,3.4891790882618276e-09,0.1,0.0,0
10,2139,world,21.39,2.129,3.8074999141693118,1.9543423355062197,-0.5659287357531465,0.706983391683037,0.7069833916973141,-0.013209234431236288,0.013209234430969536,-2.0194250749247726e-12,0.09994362953155152,-0.003357218500483098,-0.04337803096585649,2.22766777294171e-10,5.9593743350174116e-09,0.1,0.0,0
10,2140,world,21.400000000000002,2.1300000000000003,3.8074999141693113,1.9553417720989041,-0.5659622990842054,0.7069805100864778,0.7069805101210078,-0.013362572112453354,0.013362572111800705,-4.8841015404421795e-12,0.09994367110101927,-0.0033559807584796855,-0.043378167436396234,-1.5543625902026985e-10,-4.110406019346458e-09,0.1,0.0,1
10,2141,world,21.41,2.131,3.8074999141693113,1.9563412085702185,-0.5659958660288827,0.70697759527316,0.7069775952292761,-0.01351590961769261,0.013515909618531576,6.207168977825607e-12,0.0999436052517462,-0.00335794122687268,-0.04337828758287218,-2.5409362911242803e-11,-6.642993004804566e-10,0.1,0.0,1
10,2142,world,21.42,2.132,3.8074999141693113,1.957340643845291,-0.5660294685692351,0.7069746471209942,0.7069746471461242,-0.013669246884378417,0.013669246883892533,-3.554532772402562e-12,0.09994343179627084,-0.0033630998772203992,-0.043378391405011575,5.6799358665820026e-11,1.4682949707114544e-09,0.1,0.0,1
10,2143,world,21.43,2.133,3.8074999141693118,1.9583400768458523,-0.5660631386866362,0.7069716657633293,0.7069716657402221,-0.013822583845048177,0.013822583845499965,3.26843260591945e-12,0.09994315024237391,-0.0033714566036475505,-0.04337847890258292,-3.4816421671797757e-11,-8.900172382340375e-10,0.1,0.0,1
10,2144,world,21.44,2.134,3.807499914169312,1.9593395064871926,-0.5660969083608959,0.7069686511006603,0.7069686511131962,-0.013975920436729093,0.013975920436481278,-1.7731311879857683e-12,0.09994275979288057,-0.0033830112300399376,-0.04337855007538626,-5.931973848313592e-11,-1.4997456953428013e-09,0.1,0.0,1
10,2145,world,21.45,2.135,3.8074999141693118,1.9603389316750979,-0.5661308095698137,0.7069656032222943,0.7069656031779653,-0.014129256592763368,0.014129256593649319,6.270223374980621e-12,0.0999422593459124,-0.003397763504775735,-0.04337860492326168,-8.50810767986905e-11,-2.127688454075067e-09,0.1,0.0,1
10,2146,world,21.46,2.136,3.8074999141693127,1.9613383513028004,-0.5661648742887176,0.7069625220413305,0.7069625220237583,-0.0142825922499781,0.014282592250333109,2.485551083646643e-12,0.09994164749451229,-0.0034157131148046765,-0.043378643446084775,1.2662597062778084e-10,3.1325952607879624e-09,0.1,0.0,1
10,2147,world,21.47,2.137,3.807499914169312,1.962337764247968,-0.5661991344886098,0.706959407605388,0.706959407605388,-0.014435927342531418,0.014435927342531418,0.0,0.09994092252777687,-0.0034368596562712427,-0.04337866564376816,5.073389784187776e-11,1.2417574384324268e-09,0.1,0.0,1
10,2148,world,21.48,2.138,3.8074999141693118,1.9633371693696242,-0.5662336221365003,0.7069562599199283,0.7069562599199283,-0.014589261805413228,0.014589261805413228,0.0,0.09994008243002184,-0.003461202663879066,-0.04337867151626469,-6.981568320370158e-11,-1.6908274437781375e-09,0.1,0.0,1
10,2149,world,21.490000000000002,2.1390000000000002,3.8074999141693113,1.9643365655051024,-0.5662683691947842,0.7069530789894477,0.7069530789655206,-0.014742595573631922,0.014742595574130888,3.3844480060146926e-12,0.09993912488142298,-0.0034887415976744872,-0.04337866106355868,1.700842645108807e-10,4.076255907695204e-09,0.1,0.0,1
10,2150,world,21.5,2.14,3.8074999141693118,1.9653359514670352,-0.5663034076195649,0.7069498647505845,0.7069498648082688,-0.014895928583624913,0.014895928582409464,-8.159419494847182e-12,0.09993804725878369,-0.0035194758276085657,-0.04337863428567252,1.743020713026802e-10,4.134296073445502e-09,0.1,0.0,1
10,2151,world,21.51,2.141,3.8074999141693118,1.9663353260403096,-0.5663387693600392,0.7069466173098884,0.706946617344468,-0.015049260768271329,0.01504926076753521,-4.891266878814764e-12,0.09993684663502961,-0.003553404655618333,-0.043378591182668826,-3.0754531830945963e-10,-7.220277312619261e-09,0.1,0.0,1
10,2152,world,21.52,2.142,3.8074999141693113,1.9673346879790143,-0.5663744863582738,0.7069433366444603,0.706943336599965,-0.015202592063145254,0.015202592064102112,6.293888370107466e-12,0.09993551978035768,-0.0035905272913239646,-0.04337853175464526,4.7709927783697666e-11,1.108771879184588e-09,0.1,0.0,1
10,2153,world,21.53,2.1430000000000002,3.807499914169312,1.9683340360034092,-0.5664105905488668,0.7069400226409206,0.706940022691191,-0.015355922405810062,0.015355922404718102,-7.1108290139742355e-12,0.0999340631616478,-0.0036308428778714995,-0.04337845600173393,4.67392979267492e-10,1.0753589626902258e-08,0.1,0.0,1
10,2154,world,21.54,2.1439999999999997,3.8074999141693118,1.9693333687969445,-0.5664471138561121,0.7069366754064396,0.7069366755141304,-0.01550925172909286,0.015509251726730266,-1.5233076454378512e-11,0.09993247294416631,-0.0036743504546343456,-0.0433783639241075,-1.0277057305502687e-10,-2.3410975254930685e-09,0.1,0.0,1
10,2155,world,21.55,2.145,3.8074999141693113,1.9703326850032046,-0.5664840881945575,0.70693329499796,0.706933295015098,-0.015662579966845436,0.01566257996646573,-2.424215013353246e-12,0.09993074499089559,-0.003721048987126849,-0.043378255521973476,-4.136760508425754e-11,-9.331212582036317e-10,0.1,0.0,1
10,2156,world,21.56,2.146,3.8074999141693118,1.971331983222899,-0.5665215454681132,0.7069298812592264,0.7069298813537103,-0.015815907057644074,0.015815907055530216,-1.336505528139283e-11,0.09992887486426544,-0.003770937332014493,-0.043378130795576196,1.3341168866150148e-10,2.9800953330493775e-09,0.1,0.0,1
10,2157,world,21.57,2.147,3.8074999141693127,1.9723312620108306,-0.5665595175693887,0.706926434332178,0.7069264343914923,-0.015969232933469666,0.015969232932129776,-8.390255327570191e-12,0.09992685782542456,-0.003824014270029317,-0.04337798974519838,2.2626450034851034e-10,5.0055898551413695e-09,0.1,0.0,1
10,2158,world,21.580000000000002,2.148,3.807499914169312,1.9733305198729287,-0.5665980363779726,0.7069229540917499,0.7069229542570764,-0.016122557532274408,0.01612255752850386,-2.338622310412994e-11,0.0999246888356482,-0.0038802784821304554,-0.04337783237115745,-2.760451676103212e-10,-6.048701372628178e-09,0.1,0.0,1
10,2159,world,21.59,2.149,3.8074999141693118,1.9743297552632666,-0.5666371337589197,0.7069194407591846,0.7069194407328903,-0.0162758807841508,0.01627588078475619,3.719485023443555e-12,0.09992236255729323,-0.0039397285399946245,-0.04337765867380776,-2.606233019528949e-10,-5.656898201413727e-09,0.1,0.0,1
10,2160,world,21.6,2.15,3.8074999141693113,1.975328966581027,-0.5666768415631456,0.7069158940359646,0.7069158941212255,-0.016429202631084553,0.01642920262910303,-1.2060731423215015e-11,0.09991987335410989,-0.004002362914409799,-0.04337746865354417,-1.0955958706338144e-10,-2.355799093280056e-09,0.1,0.0,1
10,2161,world,21.61,2.151,3.8074999141693127,1.9763281521675358,-0.5667171916257651,0.7069123142038427,0.7069123141442059,-0.016582523001714304,0.016582523003113244,8.436069517009457e-12,0.09991721529196879,-0.004068179973693613,-0.08779421282592263,-1.283419716062891e-10,-2.7084130466919446e-09,0.1,0.0,1
10,2162,world,21.62,2.152,3.8074999141693118,1.9773273102849216,-0.5667582162096331,0.7069011977287226,0.7069011977756472,-0.017049827463809234,0.017049827462677455,-6.637909649630313e-12,0.09991436994060743,-0.0041374725825610165,-0.18588821333345062,2.2538772033793395e-10,4.6181962964033055e-09,0.1,0.0,1
10,2163,world,21.63,2.153,3.807499914169312,1.9783264385899217,-0.5667999604700993,0.7068802678859986,0.7068802678917323,-0.017896560266387022,0.017896560266241857,-8.111126688115088e-13,0.0999112395308739,-0.004212388325444599,-0.2395653705778354,-3.926227684845633e-10,-7.748954718377506e-09,0.1,0.0,1
10,2164,world,21.64,2.154,3.8074999141693113,1.9793255340216376,-0.5668424841527157,0.7068583238328983,0.7068583237701312,-0.018743267390765594,0.018743267392429944,8.879265713548248e-12,0.0999077929206486,-0.00429335692958348,-0.23956537057783614,-2.57466169854017e-10,-4.851456156452517e-09,0.1,0.0,1
10,2165,world,21.650000000000002,2.1550000000000002,3.8074999141693118,1.9803245933453117,-0.5668858477842855,0.7068353655530912,0.7068353654901446,-0.01958994762337535,0.019589947625119918,8.904809569292726e-12,0.099904015372539,-0.00438037811649792,-0.2395653705778361,4.427740190906221e-10,7.981835794405843e-09,0.1,0.0,1
10,2166,world,21.66,2.156,3.8074999141693118,1.9813236131732423,-0.5669301118900896,0.7068113930569936,0.7068113931072372,-0.020436599750182173,0.020436599748729432,-7.107903411499124e-12,0.09989989103574515,-0.004473451804395148,-0.2395653705778357,2.572746561991385e-10,4.445283444516293e-09,0.1,0.0,1
10,2167,world,21.67,2.157,3.8074999141693118,1.982322589953649,-0.566975336995464,0.7067864065174022,0.7067864065174023,-0.021283222552455492,0.021283222552455492,0.0,0.0998954029457085,-0.0045725780818410226,-0.23956537057783567,3.63391956064933e-10,6.028413660738049e-09,0.1,0.0,1
10,2168,world,21.68,2.158,3.8074999141693118,1.9833215199595249,-0.5670215836274017,0.7067604057955256,0.706760405931133,-0.022129814820644668,0.02212981481639858,-1.9184792181629895e-11,0.09989053302333609,-0.0046777571884189,-0.23956537057783628,2.2236296590642298e-10,3.5473180486591054e-09,0.1,0.0,1
10,2169,world,21.69,2.1590000000000003,3.8074999141693118,1.9843203992775098,-0.5670689123159328,0.7067333911320824,0.7067333911823211,-0.022976375333789958,0.02297637533215666,-7.107550737567497e-12,0.09988526207427906,-0.0047889894918022174,-0.239565370577836,-6.735157074006262e-10,-1.0347432252301982e-08,0.1,0.0,1
10,2170,world,21.7,2.1599999999999997,3.807499914169312,1.9853192237967148,-0.5671173835952638,0.7067053624432622,0.7067053624322981,-0.02382290288098889,0.023822902881358493,1.5512123357972751e-12,0.09987956978843744,-0.004906275458701524,-0.239565370577835,-2.4338991621630603e-10,-3.6059822135007302e-09,0.1,0.0,1
10,2171,world,21.71,2.161,3.8074999141693118,1.9863179891975806,-0.5671670580046703,0.7066763197457029,0.7066763197448565,-0.024669396248521103,0.02466939624855065,1.1974861932810923e-13,0.09987343473947391,-0.005029615625477773,-0.23956537057783694,-1.9377157317166571e-10,-2.7720029782531943e-09,0.1,0.0,1
10,2172,world,21.72,2.162,3.8074999141693118,1.9873166909406244,-0.5672179960900847,0.7066462631464882,0.7066462630962529,-0.025515854219612413,0.025515854221426326,7.1074600454257156e-12,0.09986683438295386,-0.005159010595808602,-0.2395653705778357,-2.0933413930539026e-10,-2.8949149436226557e-09,0.1,0.0,1
10,2173,world,21.73,2.163,3.8074999141693118,1.9883153242554372,-0.567270258401871,0.7066151926301101,0.7066151925882451,-0.026362275581854992,0.026362275583416882,5.9233339089151775e-12,0.09985974505766883,-0.005294460975150239,-0.23956537057783592,4.6085852862597904e-10,6.167834094487349e-09,0.1,0.0,1
10,2174,world,21.740000000000002,2.164,3.8074999141693113,1.989313884129377,-0.567323905496935,0.7065831082346936,0.7065831082718674,-0.027208659121165664,0.027208659119734198,-5.259738572284368e-12,0.09985214198392628,-0.005435967367620002,-0.23956537057783694,5.169827848179419e-11,6.702848143621026e-10,0.1,0.0,1
10,2175,world,21.75,2.165,3.8074999141693118,1.9903123652963997,-0.5673789979382279,0.7065500101158942,0.706550010083533,-0.028055003618936303,0.028055003620221272,4.578911163793692e-12,0.09984399926404532,-0.005583530331369009,-0.23956537057783636,2.0150705949497795e-10,2.533421362325459e-09,0.1,0.0,1
10,2176,world,21.76,2.166,3.807499914169312,1.9913107622258956,-0.5674355962939596,0.7065158981594251,0.7065158982325064,-0.02890130786719188,0.028901307864202353,-1.0340842948975153e-11,0.09983528988214514,-0.005737150350831823,-0.23956537057783567,3.153525598384734e-10,3.848077211613705e-09,0.1,0.0,1
10,2177,world,21.77,2.167,3.8074999141693113,1.9923090691115115,-0.5674937611366844,0.7064807725798822,0.7064807726020782,-0.029747570645004183,0.029747570644069583,-3.1407751841295544e-12,0.09982598570396765,-0.005896827810886798,-0.23956537057783522,-6.338755033340557e-10,-7.513666792535755e-09,0.1,0.0,1
10,2178,world,21.78,2.168,3.8074999141693118,1.9933072798599578,-0.5675535530420358,0.7064446333518863,0.7064446333184234,-0.03059379074116537,0.030593790742614542,4.735223568297276e-12,0.09981605747865759,-0.0060625629413084085,-0.23956537057783622,1.0384689160870862e-10,1.1967285732272525e-09,0.1,0.0,1
10,2179,world,21.79,2.169,3.8074999141693118,1.9943053880798673,-0.5676150325870956,0.7064074804607597,0.7064074804999245,-0.03143996694447984,0.03143996694273675,-5.542254804643443e-12,0.09980547483924021,-0.006234355789798235,-0.23956537057783667,9.988040789239661e-10,1.1198563040222441e-08,0.1,0.0,1
10,2180,world,21.8,2.17,3.807499914169312,1.995303387070622,-0.5676782603483839,0.7063693140171607,0.7063693141425357,-0.03228609803847323,0.032286098032742704,-1.7742635763067124e-11,0.09979420630351885,-0.0064122061921557914,-0.239565370577836,-5.6908456036633e-10,-6.212343899692571e-09,0.1,0.0,1
10,2181,world,21.81,2.171,3.8074999141693118,1.9963012698111864,-0.567743296899912,0.706330134212917,0.7063301341639507,-0.03313218280272094,0.03313218280501782,6.92980042883199e-12,0.09978221927665509,-0.0065961137213910274,-0.2395653705778359,-1.1110931838758357e-09,-1.1817390084898236e-08,0.1,0.0,1
10,2182,world,21.82,2.172,3.8074999141693113,1.9972990289489392,-0.5678102028110497,0.7062899408834669,0.7062899408411616,-0.033978220033422206,0.033978220035457425,5.98740872329446e-12,0.0997694800537364,-0.006786077645230444,-0.23956537057783522,2.3129333090287548e-10,2.3983325480790983e-09,0.1,0.0,1
10,2183,world,21.830000000000002,2.173,3.8074999141693113,1.9982966567889104,-0.5678790386387946,0.7062487341666215,0.7062487341516943,-0.03482420851306557,0.0348242085138016,2.1127078990520157e-12,0.09975595382248001,-0.006982096888989594,-0.23956537057783597,1.0002667991580393e-10,1.0118315611130682e-09,0.1,0.0,1
10,2184,world,21.84,2.174,3.8074999141693118,1.9992941452823667,-0.567949864929234,0.7062065141520578,0.7062065141241184,-0.03567014702633053,0.03567014702774174,3.95461838777781e-12,0.09974160466816079,-0.007184169974348103,-0.239565370577837,3.20450223120955e-10,3.1640883397327913e-09,0.1,0.0,1
10,2185,world,21.85,2.1750000000000003,3.8074999141693118,2.000291486015919,-0.5680227422116428,0.7061632808446863,0.7061632808746767,-0.03651603436227995,0.03651603436072913,-4.245139622897623e-12,0.09972639557552572,-0.007392295009925192,-0.23956537057783464,2.930054837006869e-10,2.825565359839898e-09,0.1,0.0,1
10,2186,world,21.86,2.1759999999999997,3.8074999141693113,2.0012886702005606,-0.5680977309938944,0.706119034379878,0.7061190343920597,-0.037361869303490114,0.03736186930284557,-1.724402472070384e-12,0.09971028843626033,-0.007606469611966676,-0.239565370577835,-1.9566346440425212e-10,-1.8437865889677512e-09,0.1,0.0,1
10,2187,world,21.87,2.177,3.8074999141693118,2.00228568866077,-0.5681748917573932,0.7060737747785326,0.706073774782336,-0.03820765063853579,0.03820765063832997,-5.384414949322171e-13,0.09969324405522585,-0.007826690855347348,-0.23956537057783556,-1.8451924319010418e-11,-1.7000022264562167e-10,0.1,0.0,1
10,2188,world,21.88,2.178,3.8074999141693118,2.0032825318234773,-0.568254284953687,0.7060275021031333,0.7060275021128988,-0.03905337715405085,0.03905337715351068,-1.3825433798116054e-12,0.09967522215534735,-0.008052955251468541,-0.23956537057783636,1.4614989875782618e-10,1.3170580316033987e-09,0.1,0.0,1
10,2189,world,21.89,2.179,3.8074999141693118,2.004279189707661,-0.5683359709938574,0.7059802164238488,0.7059802164463621,-0.03989904763640897,0.0398990476351366,-3.1875254612997707e-12,0.0996561813876651,-0.008285258669999053,-0.2395653705778373,-2.9455528713648634e-10,-2.5976378510641983e-09,0.1,0.0,1
10,2190,world,21.900000000000002,2.18,3.807499914169312,2.0052756519136063,-0.5684200102428367,0.7059319178431205,0.7059319178159746,-0.04074466087026721,0.040744660871833996,3.843656386347596e-12,0.09963607934011637,-0.008523596290887975,-0.23956537057783486,-7.129630100318539e-10,-6.155739471581782e-09,0.1,0.0,1
10,2191,world,21.91,2.181,3.8074999141693118,2.006271907612076,-0.568506463015395,0.7058826063931284,0.7058826063281531,-0.041590215644422744,0.04159021564825104,9.200698921108047e-12,0.0996148725471193,-0.008767962558153434,-0.23956537057783636,1.4110146697461296e-09,1.1932532335651114e-08,0.1,0.0,1
10,2192,world,21.92,2.182,3.8074999141693113,2.0072679455339544,-0.5685953895668219,0.7058322820278969,0.7058322821703757,-0.042435710752722386,0.04243571074415634,-2.0176977472872862e-11,0.09959251650182493,-0.009018351115017224,-0.23956537057783775,5.382234532645576e-10,4.459949613120378e-09,0.1,0.0,1
10,2193,world,21.93,2.183,3.8074999141693113,2.008263753959827,-0.5686868500854857,0.7057809451180164,0.7057809451164622,-0.04328114496420327,0.04328114496429858,2.201177474103875e-13,0.09956896566701497,-0.009274754767690312,-0.23956537057783522,-1.330944961676419e-09,-1.0810968372540107e-08,0.1,0.0,1
10,2194,world,21.94,2.184,3.807499914169312,2.009259320709562,-0.5687809046859393,0.7057285954942503,0.7057285954829641,-0.0441265170803994,0.04412651708110509,1.5985495650159557e-12,0.09954417349066869,-0.009537165410102424,-0.23956537057783456,3.8423953579569285e-10,3.0606195531513828e-09,0.1,0.0,1
10,2195,world,21.95,2.185,3.8074999141693118,2.0102546331331954,-0.568877613389343,0.7056752332673601,0.7056752333093412,-0.04497182588634966,0.044971825883674266,-5.94654580956278e-12,0.09951809242305545,-0.009805573949351234,-0.23956537057783744,7.292409768114858e-10,5.6981834909855624e-09,0.1,0.0,1
10,2196,world,21.96,2.186,3.8074999141693113,2.0112496780999756,-0.5689770361250013,0.7056208585581402,0.7056208586279267,-0.04581707016645638,0.04581707016192503,-9.886021839744864e-12,0.09949067393038787,-0.010079970281565383,-0.23956537057783672,-8.445398298733241e-10,-6.475895984054708e-09,0.1,0.0,1
10,2197,world,21.97,2.187,3.8074999141693113,2.0122444419889587,-0.5690792327157774,0.7055654715057628,0.7055654714555802,-0.04666224870388183,0.04666224870720063,7.10953554844135e-12,0.09946186851548758,-0.010360343208980254,-0.23956537057783486,-1.55816550490667e-09,-1.1728754195690478e-08,0.1,0.0,1
10,2198,world,21.98,2.188,3.8074999141693118,2.01323891067951,-0.5691842628669047,0.7055090720793203,0.7055090719821471,-0.04750736029313937,0.047507360299682784,1.3768160477309622e-11,0.09943162573775302,-0.010646680381574887,-0.23956537057783628,6.227031795727596e-10,4.602765066590264e-09,0.1,0.0,1
10,2199,world,21.990000000000002,2.189,3.807499914169312,2.0142330695414574,-0.5692921861585736,0.7054516603164627,0.7054516603318203,-0.04835240372476899,0.04835240372371636,-2.1761888771755306e-12,0.0993998942338327,-0.010938968246725715,-0.23956537057783464,1.4480562555599e-09,1.051380522974195e-08,0.1,0.0,1
10,2200,world,22.0,2.19,3.8074999141693118,2.0152269034273727,-0.5694030620207646,0.7053932364169834,0.7053932364695534,-0.04919737777841062,0.049197377774744144,-7.449929619820339e-12,0.09936662174417467,-0.011237191960188023,-0.2395653705778342,-5.841728526478945e-10,-4.1675744417966725e-09,0.1,0.0,1
10,2201,world,22.01,2.1910000000000003,3.807499914169311,2.0162203966625256,-0.5695169497316828,0.7053338004939456,0.7053338004499353,-0.050042281239494876,0.05004228124261732,6.237513239405838e-12,0.09933175513715514,-0.011541335337483966,-0.2395653705778381,-9.210870050830266e-10,-6.4585626538710536e-09,0.1,0.0,1
10,2202,world,22.02,2.1919999999999997,3.807499914169312,2.017213533036536,-0.5696339084013821,0.7052733525151665,0.7052733524757049,-0.050887112903995904,0.05088711290684316,5.593453455805847e-12,0.09929524043630798,-0.011851380792793345,-0.23956537057783744,6.787334136625408e-10,4.678997172348292e-09,0.1,0.0,1
10,2203,world,22.03,2.193,3.8074999141693118,2.018206295795164,-0.5697539969567743,0.7052118925891434,0.705211892611825,-0.05173187155834589,0.05173187155668204,-3.2153333056738302e-12,0.09925702285126109,-0.012167309263113085,-0.23956537057783628,1.2644890295237196e-09,8.572410709796685e-09,0.1,0.0,1
10,2204,world,22.04,2.194,3.8074999141693118,2.019198667632312,-0.5698772741265671,0.7051494208338931,0.705149420916643,-0.05257655598837283,0.05257655598220292,-1.173182349628556e-11,0.09921704680815766,-0.012489100154448879,-0.23956537057783533,8.679537619693122e-10,5.788078552116854e-09,0.1,0.0,1
10,2205,world,22.05,2.195,3.8074999141693104,2.020190630682374,-0.5700037984255404,0.7050859373568149,0.7050859374620269,-0.053421164980783406,0.05342116497281197,-1.491801009792905e-11,0.09917525598485277,-0.012816731265768353,-0.23956537057783464,-3.7558395126075305e-10,-2.4643690887468256e-09,0.1,0.0,1
10,2206,world,22.06,2.1959999999999997,3.8074999141693113,2.0211821665129244,-0.570133628138148,0.7050214422702356,0.7050214423178206,-0.054265697322039064,0.05426569731837644,-6.747836017508687e-12,0.09913159334742853,-0.013150178721221449,-0.2395653705778369,-1.6855824538735365e-09,-1.0884688726405583e-08,0.1,0.0,1
10,2207,world,22.07,2.197,3.807499914169312,2.0221732561178065,-0.5702668213014523,0.7049559356466771,0.7049559355965761,-0.05511015180183437,0.055110151805751045,7.1054703388618566e-12,0.09908600118815702,-0.013489416908841749,-0.23956537057783628,-1.0237778758613762e-09,-6.507951536146936e-09,0.1,0.0,1
10,2208,world,22.080000000000002,2.198,3.807499914169311,2.023163879910579,-0.5704034356873776,0.7048894175088546,0.7048894174635548,-0.05595452721413985,0.055954527217735764,6.4252595906476514e-12,0.09903842116615923,-0.013834418416198924,-0.23956537057783533,1.5678570672928339e-09,9.813332067211487e-09,0.1,0.0,1
10,2209,world,22.09,2.199,3.8074999141693118,2.0241540177184314,-0.5705435287842966,0.7048218879382039,0.7048218880281997,-0.05679882234876908,0.05679882234151666,-1.2766411481377209e-11,0.09898879435096558,-0.014185153962585198,-0.260558187109821,-3.906566993745904e-10,-2.4049081192624986e-09,0.1,0.0,1
10,2210,world,22.1,2.2,3.8074999141693113,2.02514364893238,-0.570687156714326,0.7047412308234444,0.7047412307438131,-0.05779098228269443,0.057790982289224434,1.1297579343283409e-11,0.09893716000620546,-0.014540920531606641,-0.3047961319350723,-1.7073313663802356e-09,-1.0325226812225499e-08,0.1,0.0,1
10,2211,world,22.11,2.201,3.807499914169312,2.026132756476546,-0.5708343476946216,0.7046454937473456,0.7046454936898308,-0.058946825035818766,0.05894682504063014,8.160999918238552e-12,0.0988841371417793,-0.014897228659243596,-0.328041260228359,1.2892522690887148e-09,7.651897017464863e-09,0.1,0.0,1
10,2212,world,22.12,2.202,3.807499914169312,2.027121327441463,-0.5709851003610649,0.7045478609477456,0.7045478609774781,-0.060102509208522656,0.06010250920598629,-4.2194587748756e-12,0.09882984418374459,-0.015253258622889993,-0.3280412602283562,1.1133496053614766e-09,6.4781102750628005e-09,0.1,0.0,1
10,2213,world,22.13,2.203,3.8074999141693118,2.0281093491263755,-0.5711394119604474,0.7044483327608043,0.7044483327959133,-0.06125803168546651,0.06125803168241348,-4.983189678321284e-12,0.09877428113986421,-0.015609016154231721,-0.3280412602283569,1.6747119862258783e-10,9.556526369581044e-10,0.1,0.0,1
10,2214,world,22.14,2.204,3.8074999141693118,2.0290968088300154,-0.5712972797964176,0.7043469094118917,0.7043469094552831,-0.0624133893615295,0.06241338935768453,-6.159665649110768e-12,0.09871744789281542,-0.0159645069303525,-0.32804126022835756,5.655423780492577e-10,3.166061724190447e-09,0.1,0.0,1
10,2215,world,22.150000000000002,2.205,3.8074999141693118,2.030083693849319,-0.5714587012291783,0.7042435911609553,0.7042435912413534,-0.06356857912965194,0.06356857912239479,-1.1414763990390662e-11,0.09865934419637393,-0.016319736601471835,-0.32804126022835756,-7.823131185000523e-10,-4.2981138505712895e-09,0.1,0.0,1
10,2216,world,22.16,2.206,3.8074999141693113,2.031069991478139,-0.5716236736751639,0.7041383783680868,0.7041383783499416,-0.06472359787457617,0.06472359787624406,2.5766118839936114e-12,0.09859996967489111,-0.01667471079540976,-0.3280412602283569,-1.0831105453831321e-09,-5.841885985165282e-09,0.1,0.0,1
10,2217,world,22.17,2.2070000000000003,3.807499914169312,2.0320556890055967,-0.5717921946089941,0.7040312711918612,0.704031271188576,-0.06587844250029475,0.06587844250060215,4.66570512155091e-13,0.09853932382855782,-0.017029435087830096,-0.32804126022835756,2.3903907870573037e-10,1.2660942763033887e-09,0.1,0.0,1
10,2218,world,22.18,2.2079999999999997,3.8074999141693118,2.0330407737146357,-0.5719642615637806,0.7039222699829155,0.7039222699829155,-0.06703310989428592,0.06703310989428592,0.0,0.09847740602916777,-0.017383915029890003,-0.3280412602283576,2.6273336221550154e-10,1.366990484906298e-09,0.1,0.0,1
10,2219,world,22.19,2.209,3.807499914169312,2.034025232883335,-0.5721398721162793,0.703811375022193,0.7038113750385031,-0.06818759695134055,0.0681875969497604,-2.3171285213751813e-12,0.09841421552302052,-0.01773815613271204,-0.32804126022835894,6.661981535471533e-10,3.4058633019675437e-09,0.1,0.0,1
10,2220,world,22.2,2.21,3.8074999141693127,2.035009053780505,-0.5723190239047553,0.7036985866064334,0.7036985866552757,-0.0693419005657581,0.0693419005609452,-6.940095382838768e-12,0.09834975143282702,-0.018092163859006537,-0.3280412602283582,-1.0711624425411098e-09,-5.3824402658196575e-09,0.1,0.0,1
10,2221,world,22.21,2.211,3.8074999141693113,2.035992223663322,-0.5725017146338871,0.7035839051183269,0.7035839050574066,-0.07049601762424254,0.07049601763034648,8.657680608012392e-12,0.09828401275466654,-0.01844594364191068,-0.3280412602283569,-5.468899038927617e-10,-2.701722601350617e-09,0.1,0.0,1
10,2222,world,22.22,2.2119999999999997,3.807499914169312,2.036974729782745,-0.5726879420383304,0.7034673307048875,0.7034673307149316,-0.07164994503799699,0.07164994503697397,-1.427662116352646e-12,0.09821699836117931,-0.01879950086890883,-0.32804126022835955,1.965559021404735e-09,9.548937114234534e-09,0.1,0.0,1
10,2223,world,22.23,2.213,3.807499914169312,2.037956559374176,-0.5728777039262201,0.7033488637724802,0.7033488638487209,-0.07280367969348762,0.07280367968559592,-1.0838697181371738e-11,0.09814870700205737,-0.019152840881297383,-0.3280412602283584,-1.0226692016305873e-09,-4.8870162303159994e-09,0.1,0.0,1
10,2224,world,22.240000000000002,2.214,3.807499914169312,2.0389376996614743,-0.5730709981504576,0.703228504738739,0.7032285046785571,-0.07395721847643294,0.07395721848276215,8.55718296886215e-12,0.09807913730236933,-0.019505968984466902,-0.3280412602283555,6.507861486556409e-11,3.059872084143612e-10,0.1,0.0,1
10,2225,world,22.25,2.215,3.8074999141693118,2.0399181378541855,-0.5732678226166215,0.7031062536875449,0.7031062537681584,-0.07511055830862133,0.07511055830000965,-1.146438305988496e-11,0.09800828776619241,-0.01985889043071683,-0.32804126022835556,1.8720676667121327e-09,8.66217636812605e-09,0.1,0.0,1
10,2226,world,22.26,2.216,3.8074999141693118,2.0408978611452984,-0.5734681752874903,0.702982111164881,0.7029821112293188,-0.07626369606438885,0.07626369605739826,-9.165608550916139e-12,0.09793615677610129,-0.020211610423885345,-0.3280412602283576,-6.570679405732025e-10,-2.992703904366726e-09,0.1,0.0,1
10,2227,world,22.27,2.217,3.8074999141693113,2.0418768567122894,-0.5736720541713194,0.7028560774316136,0.7028560774691276,-0.07741662864913774,0.07741662864500574,-5.336947227834117e-12,0.09786274259205868,-0.02056413412620291,-0.3280412602283582,-1.6226403513117995e-09,-7.276516582217156e-09,0.1,0.0,1
10,2228,world,22.28,2.218,3.807499914169312,2.0428551117138163,-0.5738794573318388,0.7027281528469123,0.7027281528065468,-0.07856935295888705,0.07856935296340016,5.743697308594856e-12,0.0977880433533222,-0.020916466650196492,-0.3280412602283596,6.689820427745012e-10,2.954305644622539e-09,0.1,0.0,1
10,2229,world,22.29,2.219,3.8074999141693118,2.043832613289051,-0.5740903828848045,0.7025983376302966,0.7025983377103615,-0.07972186590650482,0.07972186589742007,-1.139477720707199e-11,0.0977120570805704,-0.02126861305029911,-0.3280412602283583,-1.4157728180020423e-10,-6.158323620222743e-10,0.1,0.0,1
10,2230,world,22.3,2.22,3.807499914169312,2.044809348558891,-0.5743048289865474,0.7024666323550217,0.7024666323057935,-0.08087416436611691,0.0808741643717845,7.007463925561486e-12,0.09763478167244531,-0.021620578340413057,-0.32804126022835545,-2.2142369349202326e-09,-9.488881833886088e-09,0.1,0.0,1
10,2231,world,22.31,2.2209999999999996,3.8074999141693118,2.0457853046179935,-0.5745227938643563,0.7023330371897057,0.7023330371328728,-0.08202624525878707,0.08202624526542465,8.091542632270702e-12,0.0975562149106459,-0.02197236747161932,-0.3280412602283582,5.949730554378342e-10,2.5124326188680127e-09,0.1,0.0,1
10,2232,world,22.32,2.222,3.8074999141693118,2.0467604685440817,-0.5747442757683516,0.7021975525288562,0.7021975525159071,-0.08317810548124732,0.0831781054827812,1.8439869636558714e-12,0.09747635445827929,-0.022323985341419182,-0.3280412602283569,8.765358339214664e-10,3.6479793519565244e-09,0.1,0.0,1
10,2233,world,22.330000000000002,2.2230000000000003,3.8074999141693113,2.047734827387309,-0.5749692730137154,0.7020601787802415,0.7020601787761105,-0.08432974192960473,0.08432974193010094,5.883815417601748e-13,0.09739519785966619,-0.022675436795715247,-0.32804126022835617,1.057959785430956e-09,4.340318967811834e-09,0.1,0.0,1
10,2234,world,22.34,2.2239999999999998,3.807499914169312,2.0487083681720013,-0.5751977839664028,0.7019209162733602,0.7019209163231312,-0.08548115151043115,0.08548115150436995,-7.09033490806665e-12,0.09731274254130956,-0.023026726625571522,-0.3280412602283583,1.3025888470914034e-09,5.26872668288162e-09,0.1,0.0,1
10,2235,world,22.35,2.225,3.807499914169312,2.049681077899599,-0.5754298070253848,0.7017797654212217,0.7017797654932684,-0.08663233112149674,0.08663233111260282,-1.0265800342561444e-11,0.09722898581435407,-0.02337785955796927,-0.3280412602283583,-2.544603817318418e-09,-1.0149438656569439e-08,0.1,0.0,1
10,2236,world,22.36,2.226,3.8074999141693118,2.0506529435418264,-0.5756653406463468,0.7016367266834496,0.7016367265863683,-0.08778327765573496,0.08778327766788101,1.3835791340805084e-11,0.09714392487468804,-0.02372884025697356,-0.3280412602283562,1.5470014148737633e-10,6.085647249851761e-10,0.1,0.0,1
10,2237,world,22.37,2.227,3.807499914169312,2.051623952039918,-0.575904383338706,0.701491800175638,0.7014918002564646,-0.08893398805043522,0.08893398804018814,-1.1521653977420718e-11,0.09705755680064128,-0.02407967333437671,-0.3280412602283583,1.5669368928143064e-09,6.08049944870413e-09,0.1,0.0,1
10,2238,world,22.38,2.2279999999999998,3.8074999141693118,2.0525940903096878,-0.5761469336398712,0.7013449865950461,0.7013449865860821,-0.09008445917125654,0.09008445917240794,1.2780704233703236e-12,0.09696987855662947,-0.024430363335663605,-0.32804126022835967,-2.0974259976602157e-09,-8.029960033905288e-09,0.1,0.0,1
10,2239,world,22.39,2.229,3.8074999141693118,2.053563345233733,-0.5763929901418324,0.701196286171215,0.7011962861356181,-0.09123468794396936,0.09123468794860096,5.076407067539658e-12,0.09688088699380877,-0.024780914738823802,-0.32804126022835756,-4.2397134126476754e-10,-1.6016784356492317e-09,0.1,0.0,1
10,2240,world,22.400000000000002,2.23,3.807499914169312,2.054531703661554,-0.5766425514850569,0.7010456993207492,0.7010456992885588,-0.09238467127211539,0.0923846712763575,4.591637413225031e-12,0.0967905788472962,-0.02513133196639883,-0.3280412602283568,1.137245117155367e-09,4.239959570351345e-09,0.1,0.0,1
10,2241,world,22.41,2.231,3.8074999141693113,2.0554991524103046,-0.5768956163503453,0.7008932264364194,0.7008932264623738,-0.09353440606364574,0.0935344060601821,-3.7029479319221266e-12,0.09669895074143829,-0.02548161936582709,-0.3280412602283562,8.160223255430868e-10,3.0029446025654963e-09,0.1,0.0,1
10,2242,world,22.42,2.232,3.8074999141693113,2.056465678264278,-0.5771521834561909,0.7007388679921205,0.7007388680035559,-0.09468388921698664,0.0946838892154415,-1.6318537938978031e-12,0.09660599918738669,-0.025831781220168423,-0.32804126022836033,-6.271980304128694e-10,-2.278519830699725e-09,0.1,0.0,1
10,2243,world,22.43,2.233,3.807499914169312,2.0574312679710647,-0.577412251568399,0.7005826243688311,0.7005826243616609,-0.09583311764421845,0.09583311764519926,1.0234323799596124e-12,0.09651172058668338,-0.026181821735661515,-0.3280412602283582,-1.17097375313636e-09,-4.200086879743673e-09,0.1,0.0,1
10,2244,world,22.44,2.234,3.8074999141693118,2.058395908240851,-0.5776758194976762,0.7004244959967836,0.7004244959471333,-0.0969820882522196,0.09698208825909427,7.0884355903374415e-12,0.09641611122604764,-0.0265317450622158,-0.32804126022835134,4.751416122445836e-10,1.6829021508625787e-09,0.1,0.0,1
10,2245,world,22.45,2.235,3.8074999141693113,2.0593595857465177,-0.5779428860942826,0.7002644832347225,0.7002644832520464,-0.09813079795922397,0.09813079795679631,-2.473840225867155e-12,0.09631916728360666,-0.026881555271088754,-0.3280412602283562,3.243057477028674e-09,1.1344050748282867e-08,0.1,0.0,1
10,2246,world,22.46,2.236,3.8074999141693113,2.060322287124039,-0.578213450242168,0.7001025865522146,0.7001025866677901,-0.09927924366961748,0.09927924365322807,-1.6508091815715995e-11,0.09622088482967844,-0.027231256353568364,-0.3280412602283596,-5.530766327934885e-10,-1.91088841911772e-09,0.1,0.0,1
10,2247,world,22.47,2.2369999999999997,3.8074999141693118,2.0612839989681855,-0.5784875108697975,0.6999388065126252,0.6999388065020931,-0.10042742227550162,0.10042742227701278,1.5046960656037214e-12,0.09612125982277667,-0.027580852236329903,-0.3280412602283582,-2.2837148164110334e-09,-7.79444852171649e-09,0.1,0.0,1
10,2248,world,22.48,2.238,3.807499914169312,2.062244707832629,-0.5787650669450847,0.6997731433751438,0.6997731433769925,-0.10157533071373219,0.10157533071346385,-2.6417147905761006e-13,0.0960202881164787,-0.02793034675811279,-0.3280412602283597,1.2216069527641305e-09,4.119287999070067e-09,0.1,0.0,1
10,2249,world,22.490000000000002,2.2390000000000003,3.8074999141693118,2.0632044002272263,-0.5790461174800148,0.6996055976370134,0.6996055976866048,-0.10272296588889428,0.10272296588161278,-7.0884003159793e-12,0.09591796545371907,-0.02827974369083208,-0.3280412602283569,-1.0269026283943105e-09,-3.4215297912503095e-09,0.1,0.0,1
10,2250,world,22.5,2.2399999999999998,3.8074999141693113,2.0641630626228014,-0.5793306615098939,0.6994361698393884,0.6994361697912642,-0.10387032470019386,0.10387032470734056,6.880352821477319e-12,0.09581428747097105,-0.028629046725836327,-0.32804126022835267,2.851446419413512e-10,9.388839891391064e-10,0.1,0.0,1
10,2251,world,22.51,2.241,3.8074999141693113,2.0651206814439553,-0.579618698113759,0.6992648602607823,0.6992648603240723,-0.10501740408718167,0.10501740407767661,-9.050869326228243e-12,0.09570924970115546,-0.02897825946536256,-0.3280412602283604,1.0465577745181235e-09,3.4057080439379866e-09,0.1,0.0,1
10,2252,world,22.52,2.242,3.8074999141693113,2.066077243070079,-0.579910226406276,0.6990916695531245,0.6990916695548396,-0.10616420093540777,0.10616420093514732,-2.4532817730720664e-13,0.0956028475684369,-0.029327385441021175,-0.3280412602283596,-1.3434957816903882e-09,-4.321446443587621e-09,0.1,0.0,1
10,2253,world,22.53,2.243,3.8074999141693118,2.067032733832049,-0.5802052455442046,0.6989165980659214,0.6989165980659215,-0.10731071217711269,0.10731071217711269,0.0,0.09549507639814664,-0.02967642808210144,-0.32804126022835267,-3.6798408149769635e-11,-1.1700470621934573e-10,0.1,0.0,1
10,2254,world,22.54,2.2439999999999998,3.8074999141693118,2.0679871400174856,-0.5805037547050693,0.6987396462992363,0.6987396462992365,-0.10845693472350285,0.10845693472350285,0.0,0.09538593140363992,-0.030025390759490594,-0.3280412602283604,2.3477803509491294e-09,7.38063140252839e-09,0.1,0.0,1
10,2255,world,22.55,2.245,3.8074999141693118,2.068940447864274,-0.5808057531042283,0.6985608146758716,0.6985608147840793,-0.10960286549928218,0.10960286548230459,-1.5490044655369822e-11,0.095275407702605,-0.030374276733815382,-0.3280412602283617,1.0855780204808194e-09,3.374343493350089e-09,0.1,0.0,1
10,2256,world,22.56,2.246,3.8074999141693113,2.069892643560587,-0.5811112399904358,0.6983801038144901,0.6983801038640006,-0.11074850140003874,0.1107485013921874,-7.089311791185916e-12,0.09516350030722312,-0.030723089188379946,-0.32804126022835134,-2.277235265662381e-09,-6.999563839638721e-09,0.1,0.0,1
10,2257,world,22.57,2.247,3.8074999141693118,2.070843713241138,-0.5814202146532412,0.6981975141105246,0.6981975141158919,-0.11189383935781563,0.11189383935695545,-7.6874026600887e-13,0.09505020413043772,-0.031071831210312036,-0.3280412602283576,-1.5879909224579481e-09,-4.827137978813671e-09,0.1,0.0,1
10,2258,world,22.580000000000002,2.248,3.8074999141693113,2.071793642995267,-0.5817326763940586,0.6980130460538089,0.6980130460323525,-0.11303887629159863,0.11303887629507336,3.0739228931206773e-12,0.09493551398181511,-0.03142050580446768,-0.32804126022836316,8.486976355403012e-10,2.5516223476177246e-09,0.1,0.0,1
10,2259,world,22.59,2.249,3.8074999141693118,2.0727424188570596,-0.5820486245528103,0.6978267001036857,0.6978267001465802,-0.11418360912700723,0.11418360911998851,-6.146854242957211e-12,0.09481942457339454,-0.03176911587643482,-0.3280412602283583,-4.3704007748248053e-10,-1.2997175276442065e-09,0.1,0.0,1
10,2260,world,22.6,2.25,3.8074999141693118,2.0736900268051524,-0.5823680585041643,0.6976384768809756,0.6976384768403984,-0.11532803476487029,0.11532803477157821,5.816382368306924e-12,0.09470193052010221,-0.03211766423271988,-0.3280412602283541,-1.5409673419127136e-09,-4.533419277243306e-09,0.1,0.0,1
10,2261,world,22.61,2.251,3.8074999141693118,2.074636452766257,-0.5826909776430743,0.6974483767680745,0.6974483767441559,-0.11647215014669705,0.11647215015069139,3.4294301082295443e-12,0.09458302633653642,-0.032466153591425906,-0.3280412602283562,1.740354040286963e-09,5.065386542613543e-09,0.1,0.0,1
10,2262,world,22.62,2.2520000000000002,3.8074999141693118,2.075581682612965,-0.583017381387726,0.6972564003057717,0.6972564003399071,-0.11761595218980105,0.11761595218404296,-4.895677683952773e-12,0.09446270644298796,-0.03281458656551811,-0.32804126022835556,7.949211113361008e-10,2.2892059199502784e-09,0.1,0.0,1
10,2263,world,22.63,2.2529999999999997,3.8074999141693118,2.0765257021576926,-0.5833472691932888,0.6970625480723902,0.6970625480822686,-0.11875943780660428,0.11875943780492128,-1.4171591773000556e-12,0.0943409651609203,-0.03316296567718308,-0.3280412602283583,-2.489272978092429e-09,-7.093380975984429e-09,0.1,0.0,1
10,2264,world,22.64,2.254,3.8074999141693118,2.0774684971583124,-0.5836806405316968,0.6968668205764296,0.6968668205057723,-0.11990260392284792,0.1199026039350052,1.0139293578353596e-11,0.094217796720449,-0.03351129333738333,-0.32804126022835833,-2.3682348590840435e-10,-6.678263679217867e-10,0.1,0.0,1
10,2265,world,22.650000000000002,2.2550000000000003,3.8074999141693113,2.078410053316095,-0.5840174948942001,0.6966692182407153,0.6966692182407153,-0.12104544748097977,0.12104544748097977,0.0,0.09409319525590729,-0.03385957185987013,-0.3280412602283541,1.2773055540277217e-09,3.564748471347389e-09,0.1,0.0,1
10,2266,world,22.66,2.256,3.8074999141693113,2.079350356266908,-0.5843578318122135,0.6964697417167128,0.6964697416988419,-0.1221879653857891,0.12218796538892436,2.565925195709935e-12,0.09396715480884091,-0.034207803453763716,-0.3280412602283569,1.1143814207355662e-09,3.0782195933661976e-09,0.1,0.0,1
10,2267,world,22.67,2.257,3.807499914169312,2.080289391594737,-0.5847016508159943,0.69626839145614,0.6962683915017277,-0.12333015457840837,0.12333015457033338,-6.5474539423186665e-12,0.09383966933209076,-0.034555990213620984,-0.3280412602283604,3.2670869097150947e-10,8.932932927543798e-10,0.1,0.0,1
10,2268,world,22.68,2.258,3.807499914169312,2.0812271448166606,-0.5850489514727532,0.6960651680981821,0.696065168093563,-0.12447201196880334,0.12447201196962936,6.636120290713252e-13,0.0937107326831656,-0.0349041341388707,-0.3280412602283555,4.774800236841808e-10,1.2923883078131243e-09,0.1,0.0,1
10,2269,world,22.69,2.259,3.8074999141693113,2.0821636013901155,-0.5853997333630129,0.6958600720729526,0.6958600721376884,-0.12561353450582488,0.1256135344941391,-9.302935921986496e-12,0.09358033863436,-0.03525223710743066,-0.32804126022835406,1.3562147970280198e-09,3.6340797684415677e-09,0.1,0.0,1
10,2270,world,22.7,2.26,3.807499914169312,2.083098746710518,-0.5857539960836915,0.6956531040343671,0.695653104083718,-0.12675471910015318,0.1267547190911609,-7.09417770470865e-12,0.09344848086889773,-0.03560030088770677,-0.32804126022835894,-2.8918142009885402e-09,-7.671952538483536e-09,0.1,0.0,1
10,2271,world,22.71,2.261,3.8074999141693113,2.0840325661070485,-0.5861117392557631,0.6954442645385097,0.6954442644891698,-0.12789556268160343,0.12789556269067726,7.094664709988927e-12,0.09331515298093587,-0.035948327139722853,-0.32804126022835756,-3.0209750037679306e-09,-7.935625081673311e-09,0.1,0.0,1
10,2272,world,22.72,2.262,3.8074999141693118,2.084965044847967,-0.5864729625068745,0.6952335540659215,0.6952335539971756,-0.129036062195867,0.1290360622086263,9.88806068583904e-12,0.09318034848074802,-0.036296317402821486,-0.3280412602283541,9.569043289273386e-10,2.4890491983626753e-09,0.1,0.0,1
10,2273,world,22.73,2.263,3.8074999141693118,2.0858961681329067,-0.5868376654880724,0.6950209731851589,0.6950209731729166,-0.13017621457457132,0.13017621457686426,1.7613856415078247e-12,0.09304406079308944,-0.036644273101425796,-0.32804126022836033,-1.2590451280795364e-09,-3.243155662553512e-09,0.1,0.0,1
10,2274,world,22.740000000000002,2.2640000000000002,3.807499914169312,2.0868259210972817,-0.5872058478590332,0.6948065225867328,0.6948065224696849,-0.1313160167281689,0.13131601675029056,1.6845892009440896e-11,0.09290628326073289,-0.03699219553738956,-0.32804126022835894,3.214240198961477e-10,8.199698693650054e-10,0.1,0.0,1
10,2275,world,22.75,2.265,3.8074999141693113,2.087754288810294,-0.5875775092899379,0.6945902026559934,0.6945902026559934,-0.13245546562639876,0.13245546562639876,0.0,0.09276700914152972,-0.03734008589887474,-0.3280412602283555,3.6921670882152442e-09,9.328731615143258e-09,0.1,0.0,1
10,2276,world,22.76,2.266,3.8074999141693113,2.088681256268585,-0.5879526494740338,0.6943720141331738,0.694372014155529,-0.13359455817394392,0.13359455816964289,-3.2193997904760146e-12,0.09262623161943484,-0.037687945234289616,-0.32804126022835955,-1.316903116998659e-09,-3.295699836991046e-09,0.1,0.0,1
10,2277,world,22.77,2.267,3.8074999141693113,2.0896068084077406,-0.5883312680958172,0.6941519576049062,0.6941519575556345,-0.1347332913061584,0.1347332913157219,7.097929089818224e-12,0.0924839437901811,-0.03803577448948064,-0.32804126022835756,-1.417077332395645e-09,-3.5129004426892535e-09,0.1,0.0,1
10,2278,world,22.78,2.2680000000000002,3.807499914169311,2.0905309300877266,-0.5887133648639272,0.6939300335708781,0.6939300335406476,-0.13587166197737333,0.13587166198329248,4.356316556825612e-12,0.0923401386777194,-0.03838357446850868,-0.3280412602283555,-1.988759948673532e-10,-4.883834741756087e-10,0.1,0.0,1
10,2279,world,22.79,2.2689999999999997,3.8074999141693113,2.0914536060995452,-0.5890989394913569,0.6937062426961444,0.6937062426395882,-0.13700966711185378,0.13700966712302384,8.152514688794646e-12,0.09219480922693363,-0.03873134585331775,-0.32804126022836244,7.135221887377983e-10,1.7358853845986237e-09,0.1,0.0,1
10,2280,world,22.8,2.27,3.8074999141693118,2.092374821166671,-0.5894879916891774,0.6934805855207297,0.6934805855165493,-0.13814730366029546,0.13814730366112823,6.027879667138684e-13,0.09204794831111462,-0.03907908918736943,-0.3280412602283618,3.7675902246649917e-10,9.081182661689154e-10,0.1,0.0,1
10,2281,world,22.81,2.271,3.8074999141693118,2.0932945599381925,-0.5898805211798849,0.6932530627366066,0.693253062693719,-0.13928456854528568,0.13928456855390242,6.186196825267924e-12,0.09189954872545518,-0.03942680489283517,-0.32804126022835683,5.200849086667546e-10,1.2420441136342452e-09,0.1,0.0,1
10,2282,world,22.82,2.272,3.807499914169311,2.0942128069886627,-0.5902765276944051,0.6930236748622923,0.6930236748767784,-0.14042145872599698,0.1404214587230618,-2.0901752659505952e-12,0.09174960319743052,-0.03977449324773415,-0.31442133497062374,1.7665717464019876e-09,4.181895406450387e-09,0.1,0.0,1
10,2283,world,22.830000000000002,2.273,3.8074999141693118,2.095129548184518,-0.5906760078424456,0.6928116962529245,0.6928116962729676,-0.14146361200619176,0.1414636120020992,-2.8928486076707065e-12,0.09159858270799882,-0.040121062372348755,-0.2985046719286598,-2.2282861452157325e-09,-5.229300112310631e-09,0.1,0.0,1
10,2284,world,22.84,2.274,3.8074999141693118,2.09604477786506,-0.5910789389251003,0.6926014233166853,0.692601423252424,-0.14248953808025835,0.1424895380934789,9.277709049509863e-12,0.09144731759425691,-0.04046465253545508,-0.29620793414441593,-4.157930085317262e-11,-9.677273145400463e-11,0.1,0.0,1
10,2285,world,22.85,2.275,3.8074999141693127,2.0969584938759063,-0.591485290858414,0.6923896310908194,0.6923896311093918,-0.14351515162383452,0.14351515161998493,-2.6821772655417546e-12,0.09129585403715589,-0.04080523294414983,-0.2962079341444271,1.6404304699908302e-09,3.787120950911231e-09,0.1,0.0,1
10,2286,world,22.86,2.276,3.807499914169312,2.097870694393296,-0.5918950335518934,0.6921763201777041,0.6921763201706165,-0.144540450358868,0.1445404503603481,1.0239097013437035e-12,0.09114422436599351,-0.041142804531551294,-0.2962079341444279,-3.379002023313731e-09,-7.737878953543815e-09,0.1,0.0,1
10,2287,world,22.87,2.277,3.8074999141693118,2.0987813779153988,-0.5923081369261846,0.6919614910237568,0.6919614909254665,-0.14556543204065506,0.14556543206133205,1.420339302081505e-11,0.090992460512842,-0.041477368887369054,-0.2962079341444084,-6.39568500827286e-10,-1.4528628729222575e-09,0.1,0.0,1
10,2288,world,22.88,2.278,3.8074999141693118,2.0996905432601145,-0.5927245709157458,0.6917451439872054,0.6917451439581606,-0.14659009444471297,0.14659009445086799,4.1984038668993994e-12,0.09084059401217132,-0.041808928227304115,-0.2962079341444159,3.030205521173988e-09,6.828554659675012e-09,0.1,0.0,1
10,2289,world,22.89,2.279,3.8074999141693113,2.100598189556826,-0.5931443054843459,0.691527279640379,0.691527279645474,-0.14761443530296864,0.14761443530188104,-7.367050874995202e-13,0.09068865599658532,-0.04213748537268225,-0.296207934144421,8.572238797501388e-10,1.9164226030491473e-09,0.1,0.0,1
10,2290,world,22.900000000000002,2.2800000000000002,3.8074999141693113,2.101504316244219,-0.593567310626942,0.6913078984632227,0.6913078984632228,-0.14863845236802775,0.14863845236802775,0.0,0.09053667718216823,-0.04246304375350238,-0.29620793414441815,-1.5141382529235978e-10,-3.358349763187355e-10,0.1,0.0,1
10,2291,world,22.91,2.281,3.8074999141693118,2.102408923066129,-0.5939935563755121,0.6910870009147799,0.6910870009147799,-0.14966214339843936,0.14966214339843936,0.0,0.09038468787761668,-0.042785607361188804,-0.29620793414441876,2.796628133016135e-09,6.154088675650128e-09,0.1,0.0,1
10,2292,world,22.92,2.282,3.8074999141693118,2.103312010067412,-0.5944230128047229,0.690864587435431,0.6908645875288322,-0.15068550615840215,0.15068550613803028,-1.3517688777497615e-11,0.09023271797499688,-0.04310518074251259,-0.2962079341444214,1.4789274782085805e-09,3.2290155305853356e-09,0.1,0.0,1
10,2293,world,22.93,2.283,3.8074999141693118,2.1042135775897517,-0.5948556500373995,0.6906406586286084,0.6906406586776657,-0.15170853837802264,0.15170853836724651,-7.1021803615372584e-12,0.09008079694529146,-0.04342176898401503,-0.2962079341444237,1.445193302274916e-10,3.130892488402351e-10,0.1,0.0,1
10,2294,world,22.94,2.2840000000000003,3.807499914169311,2.105113626266121,-0.5952914382525275,0.690415214869928,0.6904152149680299,-0.15273123783854697,0.15273123781684522,-1.4206998402972101e-11,0.08992895383910661,-0.043735377686763326,-0.29620793414441865,-1.7592480996142095e-09,-3.781712075203635e-09,0.1,0.0,1
10,2295,world,22.95,2.2849999999999997,3.8074999141693118,2.1060121570206283,-0.5957303476819298,0.6901882567784378,0.690188256769889,-0.15375360226917828,0.15375360227108265,1.2383877198716073e-12,0.08977721727867699,-0.044046012960280774,-0.29620793414442276,-2.6583857353929584e-09,-5.670543861021235e-09,0.1,0.0,1
10,2296,world,22.96,2.286,3.807499914169312,2.1069091710600674,-0.5961723486238687,0.6899597847107098,0.6899597847223262,-0.15477562945870857,0.15477562945610268,-1.683365603834819e-12,0.08962561546694375,-0.04435368138240086,-0.2962079341444196,-1.7559188134502482e-09,-3.7168267303690313e-09,0.1,0.0,1
10,2297,world,22.97,2.287,3.8074999141693118,2.1078046698711175,-0.5966174114447705,0.6897297992798158,0.6897297992145671,-0.1557973171403566,0.15579731715509504,9.458365748994479e-12,0.08947417617427511,-0.04465839000607591,-0.2962079341444173,-2.510242909470111e-09,-5.273031048266126e-09,0.1,0.0,1
10,2298,world,22.98,2.288,3.8074999141693118,2.108698655216047,-0.597065506583758,0.6894983009051142,0.6894983008361889,-0.15681866309220388,0.15681866310788015,9.994628061173016e-12,0.08932292674737219,-0.04496014632186583,-0.2962079341444279,2.101168147839898e-09,4.38025604055578e-09,0.1,0.0,1
10,2299,world,22.990000000000002,2.289,3.8074999141693118,2.1095911291284555,-0.5975166045570245,0.6892652900938019,0.689265290095568,-0.1578396650742569,0.15783966507385244,-2.561987285098547e-13,0.08917189410443366,-0.04525895824947445,-0.2962079341444196,3.721083054113788e-09,7.698684554012909e-09,0.1,0.0,1
10,2300,world,23.0,2.29,3.8074999141693118,2.110482093908991,-0.5979706759620175,0.6890307674059177,0.6890307674548742,-0.15886032083586096,0.15886032082457371,-7.1037337145721195e-12,0.0890211047334832,-0.04555483412361652,-0.29620793414441454,-1.8824538921593124e-09,-3.865416074768374e-09,0.1,0.0,1
10,2301,world,23.01,2.291,3.8074999141693118,2.111371552121062,-0.5984276914814445,0.6887947334209364,0.688794733363473,-0.15988062812307538,0.15988062813641357,8.340918247258328e-12,0.08887058470217347,-0.04584778265842101,-0.2962079341444215,-4.694705661536215e-09,-9.567957997929444e-09,0.1,0.0,1
10,2302,world,23.02,2.292,3.8074999141693118,2.112259506586601,-0.5988876218871277,0.6885571885467694,0.6885571884489241,-0.16090058472318222,0.16090058474604654,1.4207245124965881e-11,0.0887203596455337,-0.04613781295604677,-0.29620793414441815,4.678650425342448e-09,9.464246362422545e-09,0.1,0.0,1
10,2303,world,23.03,2.293,3.807499914169312,2.1131459603817824,-0.5993504380436593,0.6883181332244138,0.6883181333123289,-0.16192018841791553,0.16192018839723435,-1.2769707168883944e-11,0.08857045477580398,-0.046424934472837576,-0.2962079341444153,4.021448781541286e-09,8.074519536622846e-09,0.1,0.0,1
10,2304,world,23.04,2.294,3.807499914169311,2.1140309168327946,-0.599816110911909,0.6880775682149618,0.6880775682413209,-0.16293943691526797,0.16293943690902601,-3.829997804635545e-12,0.08842089488407245,-0.04670915700266715,-0.2962079341444284,-2.901172437007029e-09,-5.782184235239676e-09,0.1,0.0,1
10,2305,world,23.05,2.295,3.8074999141693118,2.1149143795116045,-0.6002846115523519,0.6878354939054012,0.68783549390426,-0.16395832801249574,0.16395832801276777,1.6587319164972078e-13,0.08827170433518611,-0.04699049067376812,-0.2962079341444283,-1.1005434891954993e-09,-2.1773146400581783e-09,0.1,0.0,1
10,2306,world,23.06,2.296,3.807499914169312,2.115796352230701,-0.6007559111302494,0.6875919108330286,0.6875919108258195,-0.16497685947324892,0.16497685947497864,1.048225916669206e-12,0.08812290707821624,-0.047268945916786306,-0.29620793414441543,-7.198349673252423e-10,-1.4137049026376187e-09,0.1,0.0,1
10,2307,world,23.07,2.297,3.807499914169311,2.116676839041694,-0.6012299809133947,0.6873468195476898,0.6873468195247411,-0.165995029059696,0.16599502906523816,3.337979269970621e-12,0.08797452664588824,-0.04754453345477164,-0.2962079341444181,7.872880536030034e-12,1.5346427143936916e-11,0.1,0.0,1
10,2308,world,23.080000000000002,2.298,3.8074999141693113,2.1175558442291225,-0.601706792278852,0.687100220566291,0.6871002205593242,-0.1670128345435114,0.16701283454520485,1.0137236725841905e-12,0.08782658615620677,-0.04781726428965162,-0.29620793414441876,1.0880728908354113e-09,2.1059476649505515e-09,0.1,0.0,1
10,2309,world,23.09,2.299,3.8074999141693118,2.1184333723063116,-0.6021863167156648,0.6868521144452947,0.686852114454925,-0.16803027368843126,0.1680302736860753,-1.4017779427280956e-12,0.08767910831661838,-0.04808714968474118,-0.29620793414441404,3.114943417441604e-10,5.985453531337939e-10,0.1,0.0,1
10,2310,world,23.1,2.3000000000000003,3.807499914169311,2.1193094280116167,-0.6026685258267613,0.6866025017411854,0.6866025017434892,-0.1690473442597061,0.16904734425913892,-3.354485810919805e-13,0.0875321154244347,-0.048354201154847364,-0.2962079341444173,-3.254803967490115e-10,-6.209125633964612e-10,0.1,0.0,1
10,2311,world,23.11,2.3009999999999997,3.8074999141693113,2.1201840163043704,-0.6031533913313485,0.6863513829870104,0.6863513829870104,-0.17006404402994246,0.17006404402994246,0.0,0.08738562937624561,-0.048618430440702645,-0.2962079341444242,2.888517263799189e-09,5.470928244849591e-09,0.1,0.0,1
10,2312,world,23.12,2.302,3.8074999141693118,2.1210571423608537,-0.6036408850671587,0.6860987586913546,0.6860987587785496,-0.17108037077957744,0.17108037075783514,-1.2705764230701695e-11,0.08723967166526961,-0.048879849506069044,-0.29620793414442376,1.5544421832122255e-09,2.923147599190045e-09,0.1,0.0,1
10,2313,world,23.13,2.303,3.8074999141693118,2.121928811570315,-0.604130978992552,0.685844629517582,0.6858446295629952,-0.17209632225211977,0.17209632224072438,-6.6199114307036125e-12,0.08709426339233327,-0.049138470510862266,-0.2962079341444172,-3.2755707195333324e-09,-6.116000337424907e-09,0.1,0.0,1
10,2314,world,23.14,2.304,3.807499914169312,2.1227990295298693,-0.6046236451905209,0.685588995964447,0.6855889959564461,-0.1731118962336129,0.17311189623563317,1.1667552515700678e-12,0.08694942526859302,-0.049394305799974135,-0.296207934144421,-7.659273313730416e-10,-1.4199759371735234e-09,0.1,0.0,1
10,2315,world,23.150000000000002,2.305,3.807499914169311,2.123667802043046,-0.6051188558661792,0.6853318585445197,0.6853318585677851,-0.17412709050862588,0.1741270905027147,-3.393936062533589e-12,0.0868051776050272,-0.04964736791572827,-0.29620793414442365,-4.125562873481008e-09,-7.594615218004312e-09,0.1,0.0,1
10,2316,world,23.16,2.306,3.8074999141693118,2.124535135115488,-0.6056165833492646,0.6850732179546389,0.6850732178282248,-0.17514190281659733,0.1751419028489157,1.8448272309017318e-11,0.08666154034661482,-0.04989766953227431,-0.2962079341444146,-5.696687569813417e-10,-1.041319249231561e-09,0.1,0.0,1
10,2317,world,23.17,2.307,3.8074999141693113,2.1254010349493466,-0.6061168000988727,0.6848130745301119,0.6848130745371028,-0.17615633099081265,0.17615633098901437,-1.0206148305471937e-12,0.08651853304024992,-0.050145223506962114,-0.29620793414442015,6.165808831537123e-09,1.1191845426772778e-08,0.1,0.0,1
10,2318,world,23.18,2.308,3.8074999141693113,2.126265507940491,-0.6066194787031718,0.6845514290289854,0.6845514290776098,-0.17717037275830777,0.17717037274572314,-7.101469984864871e-12,0.08637617488346475,-0.05039004279122133,-0.29620793414442514,1.3515097709043458e-09,2.4360833724267006e-09,0.1,0.0,1
10,2319,world,23.19,2.309,3.8074999141693118,2.127128560674782,-0.6071245918806885,0.68428828200186,0.6842882820469723,-0.17818402590065777,0.17818402588891077,-6.591093293695719e-12,0.08623448468365544,-0.05063214049735996,-0.29620793414441815,1.1401965502839186e-09,2.040929440103746e-09,0.1,0.0,1
10,2320,world,23.2,2.31,3.8074999141693118,2.127990199922864,-0.6076321124841356,0.6840236339838857,0.6840236340644552,-0.1791972882053467,0.1791972881842395,-1.1776094672117769e-11,0.08609348090369641,-0.05087152981663578,-0.29620793414441876,-3.5108939359503684e-09,-6.240921080106163e-09,0.1,0.0,1
10,2321,world,23.21,2.311,3.8074999141693113,2.128850432640222,-0.6081420134951916,0.683757485659483,0.6837574856066371,-0.18021015742250976,0.18021015743643778,7.72704370781337e-12,0.08595318163348932,-0.05110822406502104,-0.29620793414442287,-2.0316708604292236e-09,-3.586575868541982e-09,0.1,0.0,1
10,2322,world,23.22,2.312,3.8074999141693113,2.129709265962006,-0.6086542680282966,0.6834898374227959,0.6834898374469551,-0.1812226313803226,0.18122263137391692,-3.5339280424284852e-12,0.08581360461761525,-0.051342236633512596,-0.296207934144421,5.9715347837024535e-09,1.0469301858248822e-08,0.1,0.0,1
10,2323,world,23.23,2.313,3.807499914169312,2.1305667071980605,-0.6091688493338904,0.6832206899607537,0.6832206900726409,-0.18223470783181386,0.1822347078019703,-1.6372980591346246e-11,0.0856747672538916,-0.05157358098863704,-0.29620793414441404,-1.0693850344455732e-09,-1.862000778578776e-09,0.1,0.0,1
10,2324,world,23.240000000000002,2.314,3.807499914169311,2.1314227638304932,-0.6096857307974264,0.6829500439714891,0.6829500439663001,-0.18324638452812617,0.18324638452951847,7.59650305719899e-13,0.08553668660115982,-0.051802270657713145,-0.2962079341444173,-5.7113231062373515e-09,-9.876689615025852e-09,0.1,0.0,1
10,2325,world,23.25,2.315,3.8074999141693113,2.1322774435090497,-0.610204885941999,0.6826778999071117,0.682677899863135,-0.18425765928788548,0.184257659299755,6.440516437407593e-12,0.08539937937990619,-0.05202831922642568,-0.29620793414441815,1.9114737766801215e-10,3.282989795743715e-10,0.1,0.0,1
10,2326,world,23.26,2.3160000000000003,3.8074999141693118,2.1331307540501,-0.6107262884249639,0.6824042583623257,0.6824042583623257,-0.18526852989367718,0.18526852989367718,0.0,0.08526286198397466,-0.05225174031840172,-0.29620793414442004,-1.9244634050636334e-10,-3.2829342845120366e-10,0.1,0.0,1
10,2327,world,23.27,2.3169999999999997,3.8074999141693113,2.133982703433938,-0.6112499120374828,0.682129120025295,0.6821291199761621,-0.18627899410436066,0.1862789941177781,7.20155235435263e-12,0.0851271504845003,-0.05247254758813644,-0.2962079341444256,3.0517355526627944e-09,5.170829665227981e-09,0.1,0.0,1
10,2328,world,23.28,2.318,3.8074999141693118,2.134833299798507,-0.6117757307098007,0.6818524853629016,0.6818524854447812,-0.18728904974081254,0.1872890497183221,-1.2006265267694103e-11,0.08499226062696391,-0.052690754725266936,-0.29620793414442365,-1.3737281416749855e-09,-2.3119574812044894e-09,0.1,0.0,1
10,2329,world,23.29,2.319,3.8074999141693118,2.135682551437698,-0.612303718509032,0.6815743552213325,0.6815743551355806,-0.18829869452178957,0.18829869454548026,1.2579314320292692e-11,0.08485820785630553,-0.05290637541370651,-0.29620793414442287,-6.449150651766465e-09,-1.0780962733692594e-08,0.1,0.0,1
10,2330,world,23.3,2.32,3.8074999141693118,2.1365304667972778,-0.6128338496408134,0.6812947299793289,0.6812947298899642,-0.18930792629622312,0.18930792632105448,1.3114792480603974e-11,0.08472500730967225,-0.0531194233437825,-0.2962079341444145,9.33135490066024e-10,1.5494794790354417e-09,0.1,0.0,1
10,2331,world,23.31,2.3209999999999997,3.8074999141693118,2.1373770544734607,-0.6133660984467072,0.681013610316286,0.6810136102552405,-0.1903167428323212,0.19031674284938105,8.96254796631736e-12,0.08459267382365532,-0.053329912200984014,-0.29620793414441815,3.835357089364681e-09,6.326145393547026e-09,0.1,0.0,1
10,2332,world,23.32,2.322,3.8074999141693118,2.1382223232112687,-0.6139004394020406,0.6807309968427213,0.680730996854151,-0.1913251419190616,0.19132514191584923,-1.678790317563382e-12,0.08446122194243043,-0.05353785565365419,-0.29620793414442365,1.2033308626804655e-09,1.9716104825267262e-09,0.1,0.0,1
10,2333,world,23.330000000000002,2.323,3.8074999141693113,2.139066281898217,-0.6144368471210971,0.6804468902573523,0.6804468902277917,-0.19233312132237174,0.19233312133072725,4.343696944499745e-12,0.08433066592455685,-0.05374326734318252,-0.2962079341444173,-1.7064014063633564e-09,-2.7773338164124937e-09,0.1,0.0,1
10,2334,world,23.34,2.324,3.807499914169311,2.139908939562994,-0.6149752963544236,0.6801612911078132,0.6801612910748914,-0.19334067885247386,0.1933406788618321,4.839673352442622e-12,0.08420101974713413,-0.05394616087862719,-0.2962079341444182,1.2864006464149428e-09,2.079902488595432e-09,0.1,0.0,1
10,2335,world,23.35,2.325,3.8074999141693113,2.1407503053726966,-0.6155157619884448,0.6798742000193734,0.6798742000230913,-0.19434781229974235,0.19434781229867962,-5.467647864388901e-13,0.08407229711860462,-0.05414654981807307,-0.296207934144432,5.033417160528164e-09,8.084612172564723e-09,0.1,0.0,1
10,2336,world,23.36,2.326,3.807499914169311,2.1415903886293566,-0.6160582190461402,0.6795856176136674,0.6795856177102134,-0.19535451945747412,0.1953545194297209,-1.4205050419044944e-11,0.0839445114705562,-0.0543444476829939,-0.29620793414442564,1.740946046289833e-09,2.7779007248734438e-09,0.1,0.0,1
10,2337,world,23.37,2.327,3.8074999141693113,2.1424291987688098,-0.616602642684163,0.6792955446223485,0.6792955446706026,-0.19636079808909712,0.1963607980751485,-7.102860258422776e-12,0.08381767598269056,-0.05453986792118862,-0.2962079341444146,-2.6861802094588235e-09,-4.2580896958384606e-09,0.1,0.0,1
10,2338,world,23.38,2.328,3.8074999141693113,2.143266745358379,-0.6171490081918594,0.6790039815970595,0.6790039816251532,-0.19736664601161977,0.19736664600345377,-4.1371194130913765e-12,0.08369180357992588,-0.05473282391343523,-0.2962079341444153,-2.6291424181607055e-09,-4.140428087629022e-09,0.1,0.0,1
10,2339,world,23.39,2.329,3.8074999141693118,2.1441030380923762,-0.6176972909935506,0.6787109292045521,0.678710929186188,-0.1983720610108507,0.19837206101621815,2.7055339533290784e-12,0.08356690692836635,-0.05492332898164274,-0.2962079341444153,2.8995376312120174e-09,4.5365028125195166e-09,0.1,0.0,1
10,2340,world,23.400000000000002,2.33,3.8074999141693118,2.1449380867906407,-0.6182474666462571,0.6784163879915105,0.6784163880926313,-0.19937704090961808,0.19937704087990013,-1.490431988331385e-11,0.08344299846248777,-0.05511139634947805,-0.29620793414442564,1.6925458027547294e-09,2.630869511379533e-09,0.1,0.0,1
10,2341,world,23.41,2.331,3.8074999141693113,2.1457719013961474,-0.6187995108388249,0.6781203587852386,0.6781203588093175,-0.20038158345036758,0.20038158344325233,-3.5506296618035394e-12,0.0833200903798421,-0.05529703915305905,-0.29620793414442087,-5.0650002762057546e-09,-7.822006573200833e-09,0.1,0.0,1
10,2342,world,23.42,2.3320000000000003,3.8074999141693118,2.146604491972702,-0.6193533993910025,0.6778228421229735,0.6778228420976775,-0.20138568646248736,0.20138568647000296,3.7317364198503325e-12,0.08319819464499045,-0.05548027043746528,-0.2962079341444172,-4.8636166272830917e-11,-7.461611692941173e-11,0.1,0.0,1
10,2343,world,23.43,2.3329999999999997,3.8074999141693118,2.1474358687026505,-0.6199091082524067,0.6775238386223843,0.6775238386452352,-0.20238934775399856,0.20238934774717257,-3.3725365881407674e-12,0.08307732299905511,-0.055661103144931216,-0.2618690302130312,1.0908814107719352e-09,1.664236624348061e-09,0.1,0.0,1
10,2344,world,23.44,2.334,3.8074999141693113,2.1482660419880997,-0.6204666133477934,0.6772931518711638,0.6772931518728424,-0.20316000203630166,0.20316000203579807,-2.478650025335086e-13,0.08295754524802956,-0.055839463521967406,-0.19741451949963473,1.0309093613641455e-09,1.5648305323874347e-09,0.1,0.0,1
10,2345,world,23.45,2.335,3.8074999141693118,2.1490950244084552,-0.6210258876753781,0.6771229726716362,0.6771229727198508,-0.20372648293885295,0.20372648292434664,-7.120120286988982e-12,0.08283918409069946,-0.05601490497347298,-0.16729891271758668,1.3531709847764262e-09,2.0452080133177257e-09,0.1,0.0,1
10,2346,world,23.46,2.336,3.8074999141693118,2.149922830609661,-0.6215869015179301,0.6769523197034487,0.6769523197383288,-0.2042928212802838,0.20429282126975762,-5.152218502800597e-12,0.08272230485500397,-0.056187367614756505,-0.1672989127175894,-5.1403211240947065e-09,-7.740951077376935e-09,0.1,0.0,1
10,2347,world,23.47,2.3369999999999997,3.8074999141693113,2.150749475513364,-0.6221496251204666,0.6767811931056417,0.6767811930280561,-0.2048590166582901,0.20485901668177492,1.1463229843815029e-11,0.08260692794544168,-0.05635685810455199,-0.16729891271758837,-2.0139482816980693e-09,-3.021885541470244e-09,0.1,0.0,1
10,2348,world,23.48,2.338,3.8074999141693118,2.151574974243066,-0.6227140287952814,0.6766095928605047,0.676609592846225,-0.2054250687182878,0.2054250687226232,2.1103285529115347e-12,0.08249307332360617,-0.05652338324645948,-0.16729891271759945,3.921931277379899e-09,5.86348604520824e-09,0.1,0.0,1
10,2349,world,23.490000000000002,2.339,3.807499914169311,2.152399342119638,-0.623280082923441,0.6764375191915653,0.6764375192094538,-0.20599097703293318,0.20599097702748573,-2.644330358262511e-12,0.08238076050267124,-0.05668694998852491,-0.16729891271759495,6.9886906666611e-10,1.0410760447373298e-09,0.1,0.0,1
10,2350,world,23.5,2.34,3.8074999141693113,2.1532225946568664,-0.6238477579561414,0.6762649722273434,0.6762649722300302,-0.2065567412037258,0.20655674120290515,-3.9727336781528935e-13,0.08227000855417915,-0.056847565405171864,-0.16729891271759945,5.036975965637685e-09,7.476258519263696e-09,0.1,0.0,1
10,2351,world,23.51,2.341,3.8074999141693118,2.1540447475560667,-0.6244170244173363,0.676091951988744,0.6760919521285194,-0.20712236086530583,0.2071223608224853,-2.0672528848996522e-11,0.08216083610295606,-0.057005236696843854,-0.16729891271759112,8.59074323852222e-10,1.270514842035186e-09,0.1,0.0,1
10,2352,world,23.52,2.342,3.8074999141693113,2.154865816703908,-0.6249878529016492,0.6759184587997012,0.6759184588231197,-0.20768783555976986,0.20768783555257414,-3.464431501626435e-12,0.08205326135436392,-0.05715997114338363,-0.16729891271758107,-2.6818559893224706e-09,-3.952017641493473e-09,0.1,0.0,1
10,2353,world,23.53,2.343,3.807499914169311,2.1556858181672176,-0.6255602140765788,0.6757444925708428,0.6757444926459983,-0.20825316495605023,0.20825316493288856,-1.1121013710303998e-11,0.08194730206968556,-0.05731177613283076,-0.1672989127175977,-5.494121611508739e-09,-8.06712018248667e-09,0.1,0.0,1
10,2354,world,23.54,2.344,3.8074999141693113,2.156504768187721,-0.6261340786847303,0.6755700536256243,0.6755700535171552,-0.2088183485964499,0.2088183486299777,1.6054692100560844e-11,0.08184297558294672,-0.05746065913065382,-0.1672989127176022,-2.8068810380044013e-09,-4.106616963678828e-09,0.1,0.0,1
10,2355,world,23.55,2.345,3.8074999141693113,2.1573226831784025,-0.6267094175436659,0.6753951418184144,0.6753951418263399,-0.20938338616816166,0.20938338616570465,-1.1733501096504996e-12,0.08174029880511119,-0.05760662766775313,-0.16729891271757827,6.446926557938792e-09,9.398401028453082e-09,0.1,0.0,1
10,2356,world,23.56,2.3459999999999996,3.8074999141693113,2.158139579718777,-0.6272862015472073,0.6752197574610243,0.6752197575065216,-0.2099482772173303,0.20994827720318368,-6.737608220842361e-12,0.08163928824208605,-0.05774968930934254,-0.16729891271759217,-8.978683099870792e-10,-1.3042427393676517e-09,0.1,0.0,1
10,2357,world,23.57,2.347,3.807499914169311,2.1589554745506074,-0.6278644016660794,0.6750439006850252,0.6750439006715689,-0.21051302134582092,0.21051302135001726,1.9932154675012774e-12,0.0815399599794794,-0.057889851671470864,-0.16729891271760391,-2.890009025750272e-09,-4.183016302867e-09,0.1,0.0,1
10,2358,world,23.580000000000002,2.3480000000000003,3.8074999141693113,2.1597703845772442,-0.6284439889434014,0.6748675715405761,0.6748675715174256,-0.2110776181811339,0.21107761818837467,3.4300941996003643e-12,0.08144232968040786,-0.058027122418984015,-0.1672989127175894,8.84903674569248e-11,1.2761395120577831e-10,0.1,0.0,1
10,2359,world,23.59,2.3489999999999998,3.8074999141693113,2.1605843268551017,-0.6290249345012142,0.6746907701649429,0.6746907701535892,-0.21164206732391988,0.2116420673274814,1.6826591600482132e-12,0.0813464126238666,-0.058161509206928565,-0.16729891271759495,-3.0147093340479208e-09,-4.332434350560106e-09,0.1,0.0,1
10,2360,world,23.6,2.35,3.807499914169311,2.16139731859115,-0.6296072095385112,0.6745134967399751,0.6745134966456336,-0.2122063683609609,0.21220636839064136,1.3985466353505377e-11,0.08125222367930464,-0.058293019712211236,-0.16729891271759664,-1.3376417329750653e-09,-1.915475616814441e-09,0.1,0.0,1
10,2361,world,23.61,2.351,3.807499914169312,2.162209377137214,-0.6301907853336208,0.6743357512750868,0.67433575123223,-0.2127705209334392,0.2127705209469616,6.3548867751628976e-12,0.08115977732305414,-0.05842166160656738,-0.16729891271758657,6.227385403522261e-09,8.88580526775175e-09,0.1,0.0,1
10,2362,world,23.62,2.352,3.8074999141693118,2.16302051999214,-0.6307756332356582,0.6741575339401955,0.6741575339922056,-0.21333452463237734,0.213334524615919,-7.714197558002809e-12,0.08106908764412846,-0.05854744254490216,-0.16729891271759773,5.463798631003536e-10,7.768629644181788e-10,0.1,0.0,1
10,2363,world,23.63,2.3529999999999998,3.8074999141693104,2.1638307647915127,-0.631361724673293,0.6739788449701494,0.6739788449401176,-0.2138983790282325,0.2138983790377636,4.455551750937777e-12,0.08098016833871478,-0.058670370169561885,-0.16729891271759664,-3.911950367732605e-09,-5.54238580445991e-09,0.1,0.0,1
10,2364,world,23.64,2.354,3.8074999141693118,2.1646401293052815,-0.6319490311524152,0.6737996843652091,0.6737996843257716,-0.21446208376593212,0.21446208377848452,5.852547114823796e-12,0.08089303273330825,-0.058790452075213044,-0.16729891271758834,-1.5230462890177795e-09,-2.1501900576086616e-09,0.1,0.0,1
10,2365,world,23.650000000000002,2.355,3.807499914169311,2.1654486314346713,-0.6325375242547783,0.6736200522953912,0.6736200522298763,-0.2150256384368847,0.21502563845779762,9.725094762966743e-12,0.08080769377626697,-0.058907695817788236,-0.16729891271759217,3.1396760959944917e-09,4.416795380328553e-09,0.1,0.0,1
10,2366,world,23.66,2.356,3.8074999141693113,2.166256289210925,-0.6331271756341802,0.6734399488154709,0.6734399488490419,-0.2155890426694383,0.2155890426586911,-4.98467663760107e-12,0.08072416404086762,-0.0590221089076212,-0.1672989127175939,7.589044047279603e-10,1.0638224434542809e-09,0.1,0.0,1
10,2367,world,23.67,2.357,3.8074999141693118,2.167063120787602,-0.6337179570213876,0.6732593742043228,0.6732593741564389,-0.2161522960204655,0.2161522960358388,7.111770306836856e-12,0.08064245573673964,-0.05913369879136591,-0.1672989127175939,2.4749380765838957e-09,3.4571105173826497e-09,0.1,0.0,1
10,2368,world,23.68,2.358,3.807499914169311,2.1678691444368723,-0.6343098402235928,0.6730783283879658,0.6730783284787533,-0.21671539816009744,0.216715398130866,-1.3487584086313439e-11,0.08056258072252483,-0.059242472832644937,-0.1672989127176005,4.149751923865678e-09,5.7761329629939884e-09,0.1,0.0,1
10,2369,world,23.69,2.359,3.8074999141693113,2.1686743785505915,-0.6349027971172919,0.6728968116939451,0.6728968117418032,-0.21727834862976467,0.2172783486143113,-7.11183761974201e-12,0.08048455048778769,-0.05934843833479323,-0.1672989127175922,-4.3643886657831066e-09,-6.05347860004178e-09,0.1,0.0,1
10,2370,world,23.7,2.36,3.8074999141693118,2.169478841633069,-0.6354967996525486,0.6727148241657699,0.6727148241561025,-0.21784114706234622,0.21784114706547675,1.4369894396869932e-12,0.08040837618036614,-0.05945160250183951,-0.1672989127175911,-4.169044833474974e-09,-5.762195494195741e-09,0.1,0.0,1
10,2371,world,23.71,2.361,3.8074999141693113,2.170282552297158,-0.6360918198525923,0.6725323659138025,0.6725323658659705,-0.2184037930695328,0.21840379308506613,7.111867754485313e-12,0.08033406859226182,-0.059551972456114134,-0.16729891271759773,-2.4567886972230237e-09,-3.383689352847122e-09,0.1,0.0,1
10,2372,world,23.72,2.3619999999999997,3.8074999141693113,2.1710855292618803,-0.63668782981145,0.6723494370653411,0.67234943699945,-0.21896628625777526,0.2189662862792342,9.79967303830745e-12,0.08026163818652667,-0.05964955520047979,-0.16729891271759495,3.4932045786406064e-09,4.794226975845223e-09,0.1,0.0,1
10,2373,world,23.73,2.363,3.807499914169311,2.1718877913513612,-0.6372848016896911,0.6721660377004935,0.6721660377324317,-0.21952862624915423,0.21952862623872327,-4.751339746807676e-12,0.08019109508224409,-0.05974435763744129,-0.1672989127175928,-1.3056423149203668e-09,-1.7856197079421097e-09,0.1,0.0,1
10,2374,world,23.740000000000002,2.3640000000000003,3.8074999141693118,2.1726893574877995,-0.6378827077183192,0.6719821681182087,0.6719821680226246,-0.2200908125944657,0.22009081262577193,1.4223718011860708e-11,0.08012244906878943,-0.05983638654881528,-0.1672989127175894,-1.4054708403059043e-09,-1.915440228439449e-09,0.1,0.0,1
10,2375,world,23.75,2.3649999999999998,3.8074999141693113,2.173490246688046,-0.6384815201976601,0.6717978282229154,0.6717978282229154,-0.22065284497366955,0.22065284497366955,0.0,0.08005570961279253,-0.05992564858549501,-0.1672989127175894,9.784733147332229e-10,1.3288314152757155e-09,0.1,0.0,1
10,2376,world,23.76,2.366,3.8074999141693113,2.1742904780649552,-0.6390812114899388,0.6716130183396285,0.671613018266263,-0.22121472292924246,0.2212147229534075,1.0923491649848239e-11,0.07999088584359015,-0.06001215028606899,-0.16729891271759387,1.7407083900885393e-09,2.355744477058478e-09,0.1,0.0,1
10,2377,world,23.77,2.367,3.8074999141693113,2.175090070820034,-0.6396817540234971,0.6714277384201567,0.6714277384594902,-0.2217764461264214,0.2217764461134293,-5.858056341810168e-12,0.07992798658400357,-0.060095898034952,-0.16729891271759217,3.2532602910713294e-09,4.387331435289378e-09,0.1,0.0,1
10,2378,world,23.78,2.368,3.8074999141693113,2.1758890442404817,-0.6402831202910616,0.671241988763193,0.6712419887631931,-0.22233801411642018,0.22233801411642018,0.0,0.07986702034611332,-0.06017689806756014,-0.16729891271758662,-9.078991796937891e-10,-1.2201273465579877e-09,0.1,0.0,1
10,2379,world,23.79,2.3689999999999998,3.8074999141693118,2.1766874176973596,-0.6408852828465925,0.6710557693935779,0.6710557694124781,-0.22289942654100633,0.22289942653472838,-2.8164449942364597e-12,0.07980799532019545,-0.06025515648450067,-0.16729891271759112,-2.8074444764522324e-09,-3.75975676118508e-09,0.1,0.0,1
10,2380,world,23.8,2.37,3.8074999141693113,2.1774852106435176,-0.641488214302385,0.6708690805211092,0.6708690804581512,-0.22346068298094862,0.22346068300191937,9.384445483730934e-12,0.07975091939811614,-0.060330679220071626,-0.16729891271759945,-8.444582309148886e-10,-1.126967795214783e-09,0.1,0.0,1
10,2381,world,23.81,2.371,3.8074999141693118,2.17828244260813,-0.642091887330702,0.6706819221536303,0.6706819221536302,-0.22402178308439538,0.22402178308439538,0.0,0.079695800164998,-0.06040347205302611,-0.12521002384598665,1.6835814922548192e-09,2.2409628624029882e-09,0.1,0.0,1
10,2382,world,23.82,2.372,3.8074999141693113,2.1790791314364903,-0.642696276977352,0.670588759521837,0.6705887594964974,-0.22430050293758855,0.22430050294606424,3.7786972620048986e-12,0.07964209712878033,-0.06047426200401227,-0.0814783405055309,4.204376201643724e-09,5.581943164687985e-09,0.1,0.0,1
10,2383,world,23.830000000000002,2.373,3.8074999141693113,2.179875287169655,-0.643301368693391,0.6704991702722812,0.6704991703659927,-0.2245681691789766,0.22456816914759017,-1.397624018497393e-11,0.07958918057541346,-0.06054388767938701,-0.07983620319526646,7.595752612209951e-09,1.006741463892249e-08,0.1,0.0,1
10,2384,world,23.84,2.374,3.8074999141693113,2.1806709176766628,-0.6439071508610192,0.6704094727404428,0.6704094728842065,-0.22483580403116668,0.22483580398295255,-2.1443980940234246e-11,0.07953705262084725,-0.060612352374648674,-0.07983746664001656,-4.213366214993376e-09,-5.575140941647031e-09,0.1,0.0,1
10,2385,world,23.85,2.375,3.8074999141693118,2.1814660308603337,-0.6445136118782663,0.6703196671122627,0.6703196671122628,-0.2251034070877321,0.2251034070877321,0.0,0.07948571614705675,-0.060679658276802474,-0.07983862833536313,-9.719093230239221e-09,-1.2838999284347726e-08,0.1,0.0,1
10,2386,world,23.86,2.376,3.8074999141693113,2.1822606346472595,-0.645120740171173,0.6702297533791199,0.6702297533069934,-0.22537097800790468,0.2253709780321579,1.0761362640826063e-11,0.07943517398346336,-0.060745807544363976,-0.07983968827246879,-4.258505112436582e-09,-5.616187279038669e-09,0.1,0.0,1
10,2387,world,23.87,2.3770000000000002,3.8074999141693113,2.183054736996862,-0.6457285241809361,0.6701397316766166,0.6701397315821518,-0.22563851640294091,0.2256385164347476,1.409617254834937e-11,0.0793854289089349,-0.0608108023047258,-0.07984064644317382,2.1247061924553367e-09,2.7974542323739034e-09,0.1,0.0,1
10,2388,world,23.88,2.3779999999999997,3.8074999141693113,2.183848345891353,-0.6463369523760827,0.6700496021090102,0.6700496020839788,-0.22590602189499737,0.22590602190343667,3.735729670095193e-12,0.07933648362995747,-0.060874644682605665,-0.07984150284016976,4.2674618376608585e-09,5.6093829989819496e-09,0.1,0.0,1
10,2389,world,23.89,2.379,3.807499914169312,2.1846414693442866,-0.6469460132403162,0.6699593648702067,0.6699593648702068,-0.22617349407635978,0.22617349407635978,0.0,0.0792883408153241,-0.060937336754677864,-0.07984225745693295,3.15186799063326e-09,4.136131460463113e-09,0.1,0.0,1
10,2390,world,23.900000000000002,2.3800000000000003,3.8074999141693113,2.185434115391282,-0.6475556952836398,0.669869020054588,0.6698690200992321,-0.22644093257319356,0.2264409325581022,-6.664549767747491e-12,0.07924100307791114,-0.06099888057338823,-0.07984291028764952,1.9454911972342993e-09,2.548804494040759e-09,0.1,0.0,1
10,2391,world,23.91,2.381,3.8074999141693113,2.1862262920978695,-0.6481659870311678,0.6697785678220852,0.6697785678650375,-0.2267083369898952,0.22670833697535664,-6.4128529058615886e-12,0.07919447295673404,-0.06105927819017453,-0.07984346132735583,2.1570386659412178e-09,2.821272682140117e-09,0.1,0.0,1
10,2392,world,23.92,2.382,3.8074999141693113,2.1870180075508294,-0.6487768770334276,0.6696880082515857,0.6696880083437842,-0.226975706958636,0.22697570692738736,-1.3767289360332567e-11,0.07914875295969614,-0.06111853159987562,-0.07984391057181747,-6.07476356036848e-09,-7.932284839125705e-09,0.1,0.0,1
10,2393,world,23.93,2.383,3.807499914169311,2.1878092698655762,-0.6493883538558134,0.6695973416128018,0.669597341521941,-0.22724304204727983,0.22724304207811555,1.3569372996477903e-11,0.07910384552598018,-0.06117664278956362,-0.07984425801759876,-5.333423159143443e-09,-6.952755083223483e-09,0.1,0.0,1
10,2394,world,23.94,2.384,3.807499914169311,2.188600087177854,-0.6500004060883465,0.6695065677938572,0.669506567768696,-0.22751034195348055,0.22751034196203077,3.758127197541868e-12,0.07905975305061863,-0.06123361370664972,-0.07984450366204303,-9.890145309969907e-11,-1.2871788337285928e-10,0.1,0.0,1
10,2395,world,23.95,2.385,3.8074999141693118,2.189390467650878,-0.6506130223355011,0.6694156871151252,0.6694156870221157,-0.2277776062286154,0.22777760626026308,1.3894023452878111e-11,0.07901647787435923,-0.0612894462720206,-0.07984464750329896,1.0067503457000147e-10,1.308182867807662e-10,0.1,0.0,1
10,2396,world,23.96,2.386,3.8074999141693118,2.190180419467217,-0.6512261912256999,0.6693246995706584,0.6693246995477139,-0.22804483453527863,0.22804483454309607,3.42799780425981e-12,0.07897402228062265,-0.061344142383928706,-0.07984468954022798,2.0437598231515304e-09,2.6511143321997388e-09,0.1,0.0,1
10,2397,world,23.97,2.387,3.807499914169311,2.190969950835857,-0.6518399014012571,0.6692336054074085,0.6692336053592287,-0.22831202645040816,0.22831202646684487,7.199198326262271e-12,0.07893238850634193,-0.061397703904005244,-0.07984462977252474,2.126371527191746e-09,2.7537239305958862e-09,0.1,0.0,1
10,2398,world,23.98,2.388,3.8074999141693113,2.1917590699841005,-0.652454141527834,0.6691424046601129,0.6691424046837355,-0.22857918162361013,0.22857918161554067,-3.5302569585101394e-12,0.07889157875247454,-0.061450132643812154,-0.07984446820065516,6.556117457194014e-09,8.476406589099184e-09,0.1,0.0,1
10,2399,world,23.990000000000002,2.3890000000000002,3.807499914169311,2.192547785164673,-0.6530689002843194,0.6690510975088568,0.6690510976040809,-0.22884629965533249,0.22884629962276143,-1.4232653836167715e-11,0.07885159513521077,-0.06150143042753403,-0.07984420482582695,-2.0771664375093675e-09,-2.6811535009874298e-09,0.1,0.0,1
10,2400,world,24.0,2.39,3.807499914169311,2.193336104647635,-0.6536841663723125,0.668959684179858,0.6689596841580968,-0.2291133801305251,0.2291133801379781,3.252958432292608e-12,0.07881243975952792,-0.06155159899751415,-0.079843839650083,-6.544235294000963e-09,-8.433174499914539e-09,0.1,0.0,1
10,2401,world,24.01,2.391,3.8074999141693118,2.1941240367273847,-0.6542999285061059,0.6688681646658318,0.6688681646182328,-0.22938042271443929,0.22938042273076276,7.116293861313555e-12,0.0787741146566373,-0.061600640094588,-0.07984337267620502,-1.0304896920431635e-09,-1.3257556184822548e-09,0.1,0.0,1
10,2402,world,24.02,2.392,3.807499914169311,2.1949115897149176,-0.6549161754217003,0.6687765391308803,0.6687765390866657,-0.22964742701411947,0.22964742702930202,6.611227095990731e-12,0.07873662181393248,-0.06164855541965095,-0.07984280390777072,2.288380839262496e-09,2.939205441566065e-09,0.1,0.0,1
10,2403,world,24.03,2.3930000000000002,3.8074999141693104,2.195698771944207,-0.6555328958676461,0.6686848077017781,0.6686848077040092,-0.22991439264978716,0.22991439264902006,-3.336464383960339e-13,0.07869996316993379,-0.06169534664017268,-0.0798421333491326,5.538542435821051e-10,7.102152954255199e-10,0.1,0.0,1
10,2404,world,24.04,2.3939999999999997,3.8074999141693113,2.196485591765308,-0.6561500786129101,0.6685929705747233,0.6685929705425642,-0.23018131921817647,0.23018131922924817,4.8099902467128504e-12,0.07866414062863493,-0.061741015371941765,-0.07984136100540007,-2.1384174482702398e-09,-2.7375618571738243e-09,0.1,0.0,1
10,2405,world,24.05,2.395,3.8074999141693113,2.1972720575498434,-0.6567677124389064,0.6685010278329322,0.6685010277887183,-0.23044820635526284,0.2304482063705044,6.613858988532572e-12,0.07862915602942623,-0.06178556321747132,-0.07984048688250334,-1.6257497077166255e-09,-2.0778367347106836e-09,0.1,0.0,1
10,2406,world,24.060000000000002,2.3960000000000004,3.807499914169311,2.1980581776850423,-0.657385786146167,0.6684089796285023,0.6684089795610831,-0.2307150536737449,0.230715053697016,1.0086490787906902e-11,0.07859501117966808,-0.06182899172449646,-0.07983951098712692,3.819797662089384e-09,4.873962168747893e-09,0.1,0.0,1
10,2407,world,24.07,2.397,3.8074999141693118,2.198843960578315,-0.6580042885475244,0.6683168260271671,0.6683168260657357,-0.2309818608165502,0.2309818608032202,-5.7709927877627484e-12,0.07856170782188998,-0.06187130242776526,-0.0798384333267278,4.445846941058629e-09,5.6634765398895175e-09,0.1,0.0,1
10,2408,world,24.080000000000002,2.398,3.807499914169311,2.199629414652181,-0.6586232084736249,0.6682245672878443,0.6682245673166686,-0.23124862736029136,0.23124862735031634,-4.31353905896515e-12,0.07852924767512018,-0.0619124967965243,-0.07983725390955328,-3.724809745545372e-09,-4.737159779200902e-09,0.1,0.0,1
10,2409,world,24.09,2.399,3.8074999141693118,2.2004145483480206,-0.6592425347672247,0.6681322035201954,0.6681322034782277,-0.23151535293349643,0.2315153529480387,6.281344995011051e-12,0.07849763240239649,-0.061952576275876,-0.0798359727446077,-7.714441017262779e-10,-9.795137964320454e-10,0.1,0.0,1
10,2410,world,24.1,2.4,3.8074999141693113,2.2011993701218104,-0.6598622562876176,0.6680397347687892,0.6680397347809469,-0.23178203718774604,0.23178203718352777,-1.819919403763297e-12,0.07846686361464117,-0.061991542281841186,-0.07807878253923395,8.01026271211117e-09,1.0154295103978602e-08,0.1,0.0,1
10,2411,world,24.11,2.401,3.8074999141693113,2.201983888426798,-0.6604823619316161,0.6679512354266166,0.6679512355574384,-0.23203695183142523,0.23203695178597952,-1.9585543078518646e-11,0.078436913978939,-0.06202943273527918,-0.0697859141668384,2.1251196972896903e-09,2.6899790136068555e-09,0.1,0.0,1
10,2412,world,24.12,2.402,3.807499914169311,2.20276810798678,-0.6611028453417691,0.667877820875365,0.6678778209333113,-0.23224817835400297,0.23224817833385267,-8.676183607660201e-12,0.07840692464337212,-0.06206733575697098,-0.06324990144311658,-5.2537283584882525e-09,-6.6406225227691184e-09,0.1,0.0,1
10,2413,world,24.13,2.403,3.807499914169311,2.203552025450103,-0.661723710375956,0.6678043387410202,0.6678043387587198,-0.23245938386798046,0.23245938386181933,-2.6504130802481374e-12,0.07837649450898673,-0.062105757450358616,-0.06325053906719791,-4.818368248148902e-10,-6.082482146062598e-10,0.1,0.0,1
10,2414,world,24.14,2.404,3.8074999141693113,2.2043356364048923,-0.6623449622177632,0.6677307890689502,0.667730789116521,-0.23267056818912318,0.23267056817254717,-7.124239239872599e-12,0.0783456227899823,-0.0621446971965413,-0.06325112609180532,-3.0372179020806443e-09,-3.829021383256124e-09,0.1,0.0,1
10,2415,world,24.150000000000002,2.4050000000000002,3.807499914169311,2.205118936431406,-0.6629666060445053,0.6676571720210543,0.6676571719734887,-0.23288173109272023,0.23288173110931135,7.1242591021559114e-12,0.07831430870613518,-0.06218415434723029,-0.0632516625141276,-4.430869855593715e-09,-5.578748252307086e-09,0.1,0.0,1
10,2416,world,24.16,2.406,3.807499914169311,2.205901921101919,-0.6635886470270919,0.6675834875518186,0.6675834875042581,-0.2330928724264872,0.2330928724430934,7.124278281195762e-12,0.07828255144619178,-0.0622241282709074,-0.0632521483315613,4.503064888147063e-11,5.661721469481501e-11,0.1,0.0,1
10,2417,world,24.17,2.407,3.807499914169311,2.2066845859806685,-0.6642110903299431,0.6675097357731151,0.6675097357265257,-0.23330399198343327,0.2333039919997169,6.9795678213161e-12,0.07825035020409359,-0.06226461830716312,-0.06325258354179407,5.220282887672098e-09,6.555646046836967e-09,0.1,0.0,1
10,2418,world,24.18,2.408,3.8074999141693118,2.20746692662333,-0.6648339411113816,0.6674359166954674,0.6674359167597825,-0.23351508959210618,0.23351508956960437,-9.636128540530189e-12,0.07821770415612302,-0.062305623795490706,-0.06325296814274975,-4.103273550327368e-10,-5.14629345704403e-10,0.1,0.0,1
10,2419,world,24.19,2.4090000000000003,3.8074999141693113,2.2082489385781097,-0.6654572045220597,0.6673620305543645,0.6673620304990004,-0.2337261650024907,0.2337261650218805,8.295956948030928e-12,0.07818461248495426,-0.062347144045076644,-0.06325330213255242,-2.6807891029436545e-09,-3.3578198018518082e-09,0.1,0.0,1
10,2420,world,24.2,2.41,3.8074999141693118,2.2090306173846153,-0.666080885706129,0.6672880772089668,0.667288077215925,-0.23393721809641077,0.2339372180939713,-1.042786916569017e-12,0.07815107435146235,-0.06238917837022864,-0.06325358550961727,5.145451075275766e-09,6.436553802836545e-09,0.1,0.0,1
10,2421,world,24.21,2.411,3.807499914169311,2.2098119585739986,-0.6667049898008673,0.6672140568232848,0.6672140568778958,-0.23414824864915104,0.23414824862998615,-8.184926578962251e-12,0.07811708890275032,-0.06243172608025349,-0.06325381827257553,-1.5660918052000724e-09,-1.9565239623056576e-09,0.1,0.0,1
10,2422,world,24.22,2.412,3.807499914169311,2.21059295766892,-0.6673295219364708,0.6671399695202541,0.6671399694937722,-0.2343592564504363,0.2343592564597391,3.969471254462112e-12,0.07808265529888642,-0.06247478644601587,-0.06325400042031709,-2.2649689191333534e-09,-2.825966038664961e-09,0.1,0.0,1
10,2423,world,24.23,2.4130000000000003,3.8074999141693113,2.2113736101834816,-0.6679544872359475,0.6670658152446922,0.6670658152509739,-0.23457024135269597,0.234570241350487,-9.417002293235142e-13,0.07804777267095825,-0.06251835875246906,-0.06325413195197065,-3.186340293154156e-09,-3.9703902537693864e-09,0.1,0.0,1
10,2424,world,24.240000000000002,2.414,3.8074999141693118,2.212153911623087,-0.6685798908150485,0.6669915941865837,0.6669915940921965,-0.23478120312238518,0.23478120315560952,1.4151182428865285e-11,0.078012440158674,-0.06256244225163615,-0.06325421286688679,1.936390066413079e-09,2.409749643983993e-09,0.1,0.0,1
10,2425,world,24.25,2.415,3.8074999141693118,2.212933857484044,-0.669205737782548,0.6669173062244883,0.6669173062720022,-0.23499214163566928,0.23499214161892748,-7.124407532659118e-12,0.07797665687486521,-0.0626070362069595,-0.06325424316469026,2.2024772364686735e-09,2.737327908137683e-09,0.1,0.0,1
10,2426,world,24.26,2.4160000000000004,3.8074999141693118,2.2137134432547225,-0.6698320332385882,0.6668429516649343,0.6668429516174257,-0.23520305661818594,0.2352030566349428,7.124415624567762e-12,0.0779404219394242,-0.06265213985096219,-0.06325422284523471,1.7774449764933976e-09,2.2062221577587375e-09,0.1,0.0,1
10,2427,world,24.27,2.417,3.807499914169311,2.2144926644141507,-0.6704587822761908,0.6667685303425541,0.6667685304278385,-0.23541394796199766,0.23541394793188655,-1.2790688234074825e-11,0.07790373445676647,-0.06269775241338095,-0.0632541519086167,1.8193919807182637e-09,2.2553703465572246e-09,0.1,0.0,1
10,2428,world,24.28,2.418,3.8074999141693118,2.2152715164324017,-0.6710859899805812,0.6666940425519455,0.6666940425430856,-0.23562481539709199,0.2356248154002233,1.3289330596763477e-12,0.07786659353868364,-0.06274387309276847,-0.0632540303551832,-4.4943413101662135e-09,-5.564100940216432e-09,0.1,0.0,1
10,2429,world,24.29,2.419,3.8074999141693118,2.2160499947704992,-0.6717136614290471,0.6666194882006266,0.6666194881905319,-0.23583565879023002,0.23583565879380133,1.514314263101898e-12,0.07782899826242892,-0.062790501108582,-0.06325385818550094,4.1785466764250995e-10,5.16638849514057e-10,0.1,0.0,1
10,2430,world,24.3,2.42,3.8074999141693118,2.2168280948803525,-0.6723418016908188,0.6665448673970475,0.6665448673970475,-0.23604647793740183,0.23604647793740183,0.0,0.07779094771743865,-0.06283763564316157,-0.06325363540040746,-3.833703055305538e-09,-4.733958679877695e-09,0.1,0.0,1
10,2431,world,24.310000000000002,2.4210000000000003,3.8074999141693113,2.217605812204598,-0.6729704158270742,0.6664701802654447,0.6664701801741548,-0.23625727262910243,0.2362572726614638,1.3697492005993187e-11,0.07775244099209871,-0.06288527585826598,-0.0632533620009774,-3.8140604331303187e-10,-4.703515668620321e-10,0.1,0.0,1
10,2432,world,24.32,2.422,3.8074999141693118,2.2183831421763403,-0.6735995088909833,0.6663954267359691,0.6663954267278983,-0.2364680427247767,0.23646804272764063,1.2111289200250875e-12,0.07771347713459914,-0.06293342094348707,-0.06325303798852085,3.4832750119990014e-09,4.29012826116959e-09,0.1,0.0,1
10,2433,world,24.330000000000002,2.423,3.8074999141693118,2.2191600802201585,-0.6742290859262997,0.6663206070105778,0.6663206069929523,-0.236678787987681,0.2366787879939416,2.6452023248756525e-12,0.07767405523261184,-0.0629820700177532,-0.06325266336458618,1.4133556379562973e-09,1.7384969624077991e-09,0.1,0.0,1
10,2434,world,24.34,2.424,3.8074999141693113,2.219936621750779,-0.6748591519687344,0.6662457210869347,0.6662457211087205,-0.23688950825368105,0.23688950824593494,-3.269916750926495e-12,0.07763417432435708,-0.06303122223926282,-0.06325223813097204,3.0838111899805936e-09,3.78834142115149e-09,0.1,0.0,1
10,2435,world,24.35,2.4250000000000003,3.8074999141693118,2.2207127621734686,-0.6754897120452961,0.6661707690651416,0.6661707691126024,-0.23710020332244724,0.23710020330555526,-7.124408060795023e-12,0.07759383346944682,-0.06308087671803363,-0.063251762289727,1.2176233056605208e-09,1.4938669353994081e-09,0.1,0.0,1
10,2436,world,24.36,2.426,3.8074999141693118,2.221488496883955,-0.6761207711741513,0.6660957510201391,0.6660957510675944,-0.237310873002733,0.23731087298582604,-7.1243966560485445e-12,0.07755303170450954,-0.06313103257067272,-0.06325123584312992,-3.5621119542211474e-09,-4.364617986068005e-09,0.1,0.0,1
10,2437,world,24.37,2.427,3.807499914169312,2.2222638212683594,-0.6767523343644802,0.6660206670457929,0.6660206670181998,-0.2375215170966987,0.23752151710653915,4.14297779728437e-12,0.0775117680751537,-0.06318168888106417,-0.06325065879371725,-4.69777303961678e-09,-5.748698428680435e-09,0.1,0.0,1
10,2438,world,24.38,2.428,3.807499914169312,2.223038730702963,-0.6773844066165591,0.6659455171483797,0.665945517096944,-0.23773213543790273,0.23773213545626445,7.723704606974759e-12,0.07747004160278707,-0.06323284474118211,-0.06325003114424793,4.113129555860228e-09,5.026781409889632e-09,0.1,0.0,1
10,2439,world,24.39,2.4290000000000003,3.8074999141693127,2.2238132205542245,-0.6780169929215243,0.6658703013560247,0.6658703014149358,-0.23794272785235274,0.2379427278313014,-8.847225279532487e-12,0.07742785131019739,-0.06328449921968225,-0.06837246518455571,5.281256399566868e-09,6.445384312185365e-09,0.1,0.0,1
10,2440,world,24.400000000000002,2.43,3.807499914169312,2.22458728611576,-0.6786500983381546,0.6657828181261195,0.6657828181856524,-0.23818740322166407,0.23818740320036583,-8.941788353973753e-12,0.0773851638325218,-0.0633366909351425,-0.07703940090102879,-2.248906838943785e-09,-2.7406114812902546e-09,0.1,0.0,1
10,2441,world,24.41,2.431,3.8074999141693113,2.2253609216805956,-0.6792837291248622,0.6656867941464395,0.6656867941581343,-0.23845563967381841,0.23845563966962918,-1.7568110454212664e-12,0.0773418404335865,-0.06338958682895517,-0.08058427273581809,-3.948664045667916e-09,-4.804435147899597e-09,0.1,0.0,1
10,2442,world,24.42,2.4320000000000004,3.807499914169312,2.2261341207477656,-0.6799178924811476,0.6655906604278241,0.6655906604045553,-0.23872384205342403,0.23872384206176978,3.4959637823535433e-12,0.07729786403207359,-0.06344320464856,-0.08058561368721334,-1.160782706802887e-09,-1.4100354355921803e-09,0.1,0.0,1
10,2443,world,24.43,2.433,3.8074999141693113,2.2269068767792035,-0.6805525956201576,0.6654944170889332,0.6654944170763158,-0.23899200997266623,0.2389920099771973,1.8959057734560853e-12,0.07725323301920457,-0.06349754316570429,-0.08058685000441096,-4.5791153606982126e-11,-5.5543770044522035e-11,0.1,0.0,1
10,2444,world,24.44,2.434,3.8074999141693118,2.227679183220577,-0.6811878457427525,0.6653980642993228,0.6653980642751027,-0.23926014302584245,0.23926014303455137,3.639931212185125e-12,0.07720794574619874,-0.06355260115567288,-0.08058798167776858,1.1599639172407257e-09,1.4044267270512198e-09,0.1,0.0,1
10,2445,world,24.45,2.435,3.8074999141693118,2.2284510335010905,-0.6818236500372916,0.665301602160356,0.6653016021719795,-0.23952824083212548,0.23952824082794072,-1.747090211976157e-12,0.07716200056484711,-0.06360837734788191,-0.08058900869844991,-5.528772483207479e-10,-6.682967403435499e-10,0.1,0.0,1
10,2446,world,24.46,2.436,3.8074999141693113,2.2292224210332883,-0.6824600156794132,0.6652050308741684,0.665205030838416,-0.23979630297481408,0.23979630298770227,5.374626139284444e-12,0.07711539580117717,-0.06366487045795181,-0.08058993105847134,-5.57370876500704e-10,-6.726231411626062e-10,0.1,0.0,1
10,2447,world,24.47,2.437,3.807499914169312,2.2299933392128675,-0.6830969498318177,0.665108350494978,0.665108350494978,-0.24006432909086992,0.24006432909086992,0.0,0.07706812975533717,-0.06372207918778637,-0.08059074875063042,3.4271006412126036e-09,4.128979550021062e-09,0.1,0.0,1
10,2448,world,24.48,2.438,3.8074999141693118,2.2307637814184917,-0.6837344596440488,0.6650115612023915,0.665011561238018,-0.2403323187724869,0.24033231875961167,-5.357251122357655e-12,0.077020200723413,-0.0637800021991625,-0.08059146176855962,5.692141819000943e-10,6.846697561758376e-10,0.1,0.0,1
10,2449,world,24.490000000000002,2.439,3.8074999141693113,2.2315337410116007,-0.6843725522522578,0.6649146631646183,0.6649146631764589,-0.2406002716163057,0.24060027161202122,-1.7807580782663673e-12,0.07697160696364735,-0.06383863815459878,-0.08059207010669678,-2.2748305703653284e-09,-2.73175886506895e-09,0.1,0.0,1
10,2450,world,24.5,2.44,3.807499914169311,2.2323032113362307,-0.6850112347789792,0.6648176564909569,0.6648176564793057,-0.24086818724065906,0.24086818724488032,1.7525218933446728e-12,0.07692234673627514,-0.06389798566922328,-0.08059257376032525,-3.403713790683989e-09,-4.080676516568496e-09,0.1,0.0,1
10,2451,world,24.51,2.4410000000000003,3.8074999141693113,2.233072185718839,-0.6856505143328983,0.6647205413331226,0.664720541274315,-0.24113606524895204,0.2411360652702853,8.84695807315595e-12,0.07687241826516988,-0.06395804335706945,-0.0805929727254936,-1.9567682927291913e-11,-2.3427790023906276e-11,0.1,0.0,1
10,2452,world,24.52,2.442,3.8074999141693118,2.2338406574681224,-0.6862903980086134,0.6646233177726474,0.6646233177605938,-0.24140390527046765,0.24140390527484568,1.813566426453653e-12,0.07682181977070646,-0.06401880979147531,-0.08059326699909597,1.722219775600325e-09,2.057983173506891e-09,0.1,0.0,1
10,2453,world,24.53,2.443,3.8074999141693113,2.234608619874844,-0.6869308928863939,0.6645259860263001,0.6645259860031751,-0.24167170688582545,0.24167170689423537,3.4798943057873765e-12,0.07677054944848362,-0.06408028353072365,-0.08059345657884559,-1.1840835150790972e-09,-1.4126257249966286e-09,0.1,0.0,1
10,2454,world,24.54,2.444,3.807499914169312,2.235376066211672,-0.6875720060319401,0.6644285462078243,0.6644285461712802,-0.24193946971343583,0.24193946972674274,5.50007600641473e-12,0.07671860548672921,-0.06414246309716835,-0.08059354146324924,2.8181737774450937e-09,3.356632696568663e-09,0.1,0.0,1
10,2455,world,24.55,2.4450000000000003,3.8074999141693113,2.2361429897329943,-0.6882137444961269,0.664330998415569,0.6643309984506837,-0.24220719337779043,0.24220719336498803,-5.285718111194974e-12,0.07666598604566496,-0.06420534700198968,-0.08059352165167095,-1.1188856608999257e-09,-1.3304900289644e-09,0.1,0.0,1
10,2456,world,24.560000000000002,2.446,3.8074999141693118,2.2369093836747735,-0.6888561153147644,0.664233342917914,0.6642333428582863,-0.24247487744181195,0.24247487746357876,8.97691495566848e-12,0.07661268926936995,-0.06426893373096342,-0.08059339714425237,-2.3003296204519165e-09,-2.7308852582416136e-09,0.1,0.0,1
10,2457,world,24.57,2.447,3.8074999141693118,2.2376752412543772,-0.6894991255083366,0.6641355797038528,0.6641355796915298,-0.2427425215707339,0.242742521575238,1.8555212283040995e-12,0.07655871329335517,-0.06433322173547538,-0.0805931679419556,4.491299485578188e-09,5.323236872469078e-09,0.1,0.0,1
10,2458,world,24.580000000000002,2.4480000000000004,3.807499914169312,2.238440555670426,-0.6901427820817477,0.6640377089892496,0.6640377090221374,-0.24301012534747318,0.24301012533543764,-4.952681997850924e-12,0.07650405624261492,-0.06439820943494327,-0.0805928340465703,1.8021974753926238e-09,2.1325332698996065e-09,0.1,0.0,1
10,2459,world,24.59,2.449,3.8074999141693118,2.239205320102633,-0.6907870920240544,0.6639397309440978,0.6639397309688536,-0.24327768837205266,0.24327768836298178,-3.728602659917997e-12,0.07644871620628864,-0.06446389524695466,-0.08059239546072401,-2.6962435205583496e-09,-3.185243386358052e-09,0.1,0.0,1
10,2460,world,24.6,2.45,3.807499914169311,2.2399695277116547,-0.6914320623082006,0.6638416457062438,0.6638416456837152,-0.2435452102566757,0.24354521026494083,3.393669671801556e-12,0.07639269128533771,-0.06453027753065292,-0.08059185218781117,-1.8098940973388486e-09,-2.1346531022106245e-09,0.1,0.0,1
10,2461,world,24.61,2.451,3.8074999141693113,2.240733171638951,-0.6920776998907551,0.6637434533729217,0.6637434533605185,-0.24381269062891248,0.24381269063346858,1.868682821445803e-12,0.07633597954499768,-0.0645973546432491,-0.08059120423204892,4.5019937099978335e-09,5.3011434318605405e-09,0.1,0.0,1
10,2462,world,24.62,2.452,3.8074999141693113,2.241496245006636,-0.6927240117116328,0.6636451540828887,0.6636451541526779,-0.2440801291015895,0.24408012907592194,-1.0516023912653115e-11,0.07627857903407777,-0.06466512491708304,-0.08059045159850438,6.053880275142398e-10,7.116835669556e-10,0.1,0.0,1
10,2463,world,24.63,2.453,3.8074999141693113,2.242258740917335,-0.6933710046938136,0.6635467480948248,0.6635467480948248,-0.24434752524382788,0.24434752524382788,0.0,0.07622048781683821,-0.0647335866221177,-0.08058959429307844,-5.114864641486032e-09,-6.003163894093681e-09,0.1,0.0,1
10,2464,world,24.64,2.454,3.807499914169311,2.2430206524540544,-0.6940186857430705,0.6634482354625089,0.6634482354276292,-0.24461487870053703,0.2446148787133973,5.25735224180862e-12,0.07616170391695544,-0.06480273803216972,-0.08058863232239878,-1.2143787291271628e-09,-1.4229667596823349e-09,0.1,0.0,1
10,2465,world,24.650000000000002,2.455,3.8074999141693113,2.243781972680052,-0.6946670617476832,0.6633496163287175,0.6633496163038988,-0.2448821890843908,0.24488218909355283,3.741409705957087e-12,0.07610222534276917,-0.06487257739506257,-0.08058756569398447,4.82947067985829e-13,5.578871302594921e-13,0.1,0.0,1
10,2466,world,24.66,2.456,3.8074999141693113,2.244542694638704,-0.6953161395781463,0.6632508908743294,0.6632508908394699,-0.24514945599444093,0.24514945600732566,5.255864183922995e-12,0.07604205010998097,-0.06494310290609115,-0.0805863944161612,2.9251243484865912e-09,3.416366865030781e-09,0.1,0.0,1
10,2467,world,24.67,2.4570000000000003,3.807499914169311,2.245302811353381,-0.6959659260868813,0.6631520591983469,0.6631520592331867,-0.24541667906043474,0.24541667904754136,-5.253666912824306e-12,0.07598117621007172,-0.06501431274522583,-0.08058511849801986,1.099526144787437e-09,1.2820849937110983e-09,0.1,0.0,1
10,2468,world,24.68,2.458,3.8074999141693113,2.246062315827325,-0.6966164281079322,0.6630531215486216,0.6630531215361702,-0.24568385785751445,0.24568385786212804,1.8778488443057006e-12,0.0759196016285885,-0.06508620505572915,-0.08058373794954418,2.7995858663699636e-09,3.2591016748801694e-09,0.1,0.0,1
10,2469,world,24.69,2.459,3.8074999141693113,2.2468212010435376,-0.6972676524566759,0.6629540779409374,0.6629540780327338,-0.24595099204719806,0.24595099201314233,-1.3846542450437505e-11,0.07585732432558473,-0.06515877796707863,-0.08618085580585069,1.385500219528615e-09,1.6101046102176253e-09,0.1,0.0,1
10,2470,world,24.7,2.46,3.8074999141693113,2.2475794604532,-0.6979196053616696,0.662841142880069,0.6628411428957812,-0.24625519141018462,0.24625519140434732,-2.37042465247629e-12,0.07579452848194168,-0.065231813191112,-0.09329191443184676,-7.023493917185261e-10,-8.147622648255731e-10,0.1,0.0,1
10,2471,world,24.71,2.4610000000000003,3.8074999141693113,2.248337091253689,-0.6985722886636796,0.6627243370952514,0.662724337172758,-0.24656936747577626,0.24656936744693955,-1.1695177332918755e-11,0.07573161404837912,-0.06530484387568312,-0.09480630108859056,-4.705264661107033e-09,-5.448051854221704e-09,0.1,0.0,1
10,2472,world,24.72,2.4619999999999997,3.8074999141693113,2.249094092383781,-0.6992257021709811,0.6626073796359663,0.6626073795562752,-0.2468834957979812,0.24688349582767358,1.2026885412271557e-11,0.07566859447461086,-0.06537785412688989,-0.09480854054623379,-1.078540751748797e-08,-1.2464114942246308e-08,0.1,0.0,1
10,2473,world,24.73,2.463,3.807499914169311,2.2498504627920806,-0.6998798456780556,0.6624902705706147,0.6624902704297015,-0.2471975757964261,0.2471975758490056,2.1270233066155585e-11,0.0756054695994291,-0.06545084389562753,-0.09481060963725696,3.939194006061732e-09,4.543607837891931e-09,0.1,0.0,1
10,2474,world,24.740000000000002,2.4640000000000004,3.807499914169311,2.250606201424365,-0.7005347189802933,0.6623730100731375,0.6623730100731376,-0.2475116068523884,0.2475116068523884,0.0,0.07554223930426832,-0.0655238130827004,-0.09481250833935428,5.702791871605502e-09,6.565213940234922e-09,0.1,0.0,1
10,2475,world,24.75,2.465,3.807499914169311,2.25136130722623,-0.7011903218709382,0.6622555985560535,0.6622555985303724,-0.24782558825873716,0.24782558826834744,3.8778473377390146e-12,0.07547890344725161,-0.06559676161519308,-0.09481423663207122,-5.185574969217952e-10,-5.958359699081735e-10,0.1,0.0,1
10,2476,world,24.76,2.466,3.807499914169312,2.2521157791410444,-0.7018466541434195,0.6621380361448989,0.6621380361344387,-0.24813951941625512,0.24813951942017518,1.5797839245317439e-12,0.07541546189771337,-0.0656696894065637,-0.09481579449674099,-4.700213145728224e-10,-5.390327881237732e-10,0.1,0.0,1
10,2477,world,24.77,2.467,3.807499914169311,2.252869616111376,-0.7025037155897227,0.6620203231104885,0.6620203230753473,-0.24845339967219612,0.24845339968538444,5.308163333817419e-12,0.07535191451663387,-0.06574259637919622,-0.09481718191654863,5.196843734654662e-10,5.948444018262768e-10,0.1,0.0,1
10,2478,world,24.78,2.468,3.807499914169311,2.253622817078213,-0.7031615060012703,0.6619024596344986,0.6619024596344986,-0.24876722840800597,0.24876722840800597,0.0,0.07528826117013349,-0.06581548244887196,-0.09481839887656499,2.408129612402754e-09,2.751153190052442e-09,0.1,0.0,1
10,2479,world,24.79,2.469,3.807499914169311,2.2543753809810876,-0.7038200251687747,0.6617844459904403,0.6617844460037041,-0.24908100497145857,0.24908100496646626,-2.004285584020598e-12,0.07522450172466671,-0.06588834753031536,-0.09481944536364227,3.733827695861826e-09,4.257558138972547e-09,0.1,0.0,1
10,2480,world,24.8,2.47,3.8074999141693113,2.255127306758628,-0.7044792728816032,0.661666282376951,0.6616662824518899,-0.2493947287392517,0.24939472871100585,-1.1325751171378747e-11,0.07516063603800054,-0.06596119154747902,-0.09482032136648164,-3.90211255160445e-09,-4.440932315661164e-09,0.1,0.0,1
10,2481,world,24.810000000000002,2.471,3.8074999141693113,2.2558785933473158,-0.7051392489291695,0.6615479691539218,0.6615479690889633,-0.24970839902809092,0.24970839905261016,9.819146729211332e-12,0.07509666398850023,-0.06603401440014302,-0.09482102687565176,-5.268125614695504e-09,-5.984125203914574e-09,0.1,0.0,1
10,2482,world,24.82,2.472,3.8074999141693118,2.2566292396834333,-0.705799953098736,0.6614295063694304,0.6614295063388758,-0.2500220152730828,0.2500220152846325,4.619490017963557e-12,0.0750325854303296,-0.06610681601499417,-0.09482156188350388,4.802867157611219e-09,5.445215928119763e-09,0.1,0.0,1
10,2483,world,24.830000000000002,2.4730000000000003,3.8074999141693113,2.257379244700419,-0.7064613851784077,0.6613108943341306,0.661310894365227,-0.2503355768111571,0.25033557679938573,-4.7022481984693785e-12,0.07496840023115303,-0.06617959630264947,-0.09482192638431129,1.529501754633105e-09,1.7307546880228601e-09,0.1,0.0,1
10,2484,world,24.84,2.474,3.807499914169311,2.2581286073322304,-0.7071235449533009,0.6611921333462562,0.661192133346256,-0.2506490829846117,0.2506490829846117,0.0,0.07490410826188046,-0.06625235516940128,-0.09482212037412996,5.484752363740959e-10,6.194490294165283e-10,0.1,0.0,1
10,2485,world,24.85,2.475,3.8074999141693113,2.2588773265092423,-0.7077864322101732,0.661073223562216,0.6610732236042404,-0.2509625331902815,0.2509625331743278,-6.3569901480315045e-12,0.07483970938149369,-0.06632509253437623,-0.09482214385082777,2.741585147847098e-10,3.0905838079368914e-10,0.1,0.0,1
10,2486,world,24.86,2.476,3.807499914169311,2.2596254011631016,-0.7084500467319502,0.6609541652983116,0.6609541653037728,-0.2512759267652281,0.2512759267631519,-8.262538204645907e-13,0.07477520345797592,-0.06639780830583422,-0.09482199681419379,-1.6339348990944726e-09,-1.8383491930206333e-09,0.1,0.0,1
10,2487,world,24.87,2.4770000000000003,3.8074999141693118,2.2603728302211317,-0.7091143883040278,0.6608349587364958,0.6608349587459983,-0.2515892630983375,0.25158926309471985,-1.4379333942766053e-12,0.07471059035890547,-0.0664705023918416,-0.09482167926580663,-2.6410128045288124e-09,-2.9657669656847395e-09,0.1,0.0,1
10,2488,world,24.88,2.4779999999999998,3.807499914169311,2.2611196126126782,-0.7097794567070999,0.6607156041699989,0.6607156041229809,-0.2519025415370462,0.2519025415549721,7.116192815333772e-12,0.074645869953005,-0.06654317469852987,-0.0948211912091031,-1.8305165684039027e-09,-2.051696620292576e-09,0.1,0.0,1
10,2489,world,24.89,2.479,3.8074999141693113,2.261865747262004,-0.710445251725162,0.6605961017739275,0.6605961017470992,-0.2522157614746352,0.2522157614848783,4.061240340188875e-12,0.07458104209951924,-0.06661582514200165,-0.09482053264932462,2.5028732839790764e-09,2.799934315413413e-09,0.1,0.0,1
10,2490,world,24.900000000000002,2.4800000000000004,3.8074999141693113,2.262611233096169,-0.7111117731366373,0.6604764518268492,0.660476451829457,-0.252528922265837,0.2525289222648399,-3.9484168056305343e-13,0.07451610667167446,-0.0666884536220149,-0.0948197035935614,4.81991185912372e-09,5.381677854868742e-09,0.1,0.0,1
10,2491,world,24.91,2.481,3.8074999141693113,2.2633560690363863,-0.7117790207241012,0.6603566545610364,0.6603566546296333,-0.2528420232839044,0.25284202325763955,-1.0387859975513898e-11,0.07445106353085873,-0.06676106005093117,-0.09481870405081037,-2.3892891248540686e-09,-2.6626801978550295e-09,0.1,0.0,1
10,2492,world,24.92,2.482,3.807499914169311,2.264100254007449,-0.7124469942636767,0.6602367103313875,0.6602367102867543,-0.2531550638559765,0.2531550638730903,6.760177315516768e-12,0.07438591255728703,-0.0668336443194567,-0.09481753403181456,-2.306374881384322e-09,-2.565371910713153e-09,0.1,0.0,1
10,2493,world,24.93,2.483,3.8074999141693113,2.2648437869275044,-0.7131156935364662,0.6601166192059442,0.660116619228972,-0.2534680434199836,0.2534680434111416,-3.4884104571917727e-12,0.07432065359451974,-0.0669062063584792,-0.09481619354921045,4.63068541840034e-09,5.140907914719092e-09,0.1,0.0,1
10,2494,world,24.94,2.484,3.8074999141693113,2.26558666671905,-0.713785118316293,0.6599963815463175,0.6599963815930304,-0.25378096130225325,0.2537809612842913,-7.0777544377393754e-12,0.07425528653107653,-0.06697874604818847,-0.09481468261747322,-2.507497363524302e-09,-2.7784792521973824e-09,0.1,0.0,1
10,2495,world,24.95,2.485,3.8074999141693118,2.2663288922972953,-0.7144552683826535,0.6598759976291617,0.6598759976027873,-0.25409381686247684,0.2540938168726327,3.996900812144973e-12,0.07418981122545115,-0.0670512633015361,-0.09481300125286775,-2.288372612309796e-09,-2.530842581658424e-09,0.1,0.0,1
10,2496,world,24.96,2.486,3.8074999141693113,2.2670704625821942,-0.7151261435073338,0.6597554676068537,0.6597554676085277,-0.2544066095091116,0.2544066095084661,-2.5371175261558754e-13,0.07412422754669391,-0.06712375801909443,-0.09481114947353822,-1.0471319825736583e-09,-1.1558672418960665e-09,0.1,0.0,1
10,2497,world,24.97,2.487,3.8074999141693113,2.2678113764865238,-0.7157977434676113,0.6596347918206963,0.6596347917737555,-0.25471933857878426,0.25471933859691065,7.116196643974917e-12,0.07405853536249817,-0.06719623010230269,-0.09480912729948815,7.169543811363593e-11,7.898266558324032e-11,0.1,0.0,1
10,2498,world,24.98,2.488,3.807499914169311,2.2685516329272164,-0.7164700680337168,0.659513970436512,0.6595139704395925,-0.25503200347670046,0.25503200347550925,-4.670911036871657e-13,0.07399273454012777,-0.06726867945243303,-0.09480693475249528,5.5511159547151274e-15,-6.93889494339391e-15,0.1,0.0,1
10,2499,world,24.990000000000002,2.4890000000000003,3.8074999141693113,2.2692912308147934,-0.7171431169805123,0.6593930038081699,0.6593930037612462,-0.2553446035363586,0.2553446035545294,7.116200637572406e-12,0.07392682495238344,-0.06734110596403702,-0.09480457185620389,3.7222758233846366e-09,4.0854326046973656e-09,0.1,0.0,1
10,2500,world,25.0,2.49,3.8074999141693118,2.270030169063181,-0.717816890076639,0.6592718920548182,0.6592718921307714,-0.25565713818299013,0.2556571381535365,-1.1520751432392619e-11,0.0738608064641719,-0.06741350953972168,-0.0967262689500288,3.677173028810998e-09,4.028084050480425e-09,0.1,0.0,1
10,2501,world,25.01,2.491,3.8074999141693113,2.2707684466030607,-0.7184913870699869,0.6591457100396787,0.6591457100646734,-0.2559822902512936,0.25598229024158675,-3.791999487261192e-12,0.07379468605987431,-0.0674858822964077,-0.0987792447843835,-1.0012439729084273e-08,-1.0946642596192568e-08,0.1,0.0,1
10,2502,world,25.02,2.492,3.8074999141693118,2.271506062474124,-0.7191666075870148,0.6590190343663986,0.6590190342467915,-0.256308237108525,0.25630823715504303,1.8149245701618047e-11,0.07372847270779052,-0.06755821424650436,-0.09891062018643511,4.977380431162181e-10,5.431142533102497e-10,0.1,0.0,1
10,2503,world,25.03,2.4930000000000003,3.8074999141693118,2.2722430157474394,-0.719842551218369,0.6588921939739233,0.6588921940086164,-0.2566341300389303,0.25663413002541763,-5.265356910480858e-12,0.07366216636870515,-0.06763050529065419,-0.0989131648522365,6.137874543619662e-09,6.683976685136828e-09,0.1,0.0,1
10,2504,world,25.04,2.4939999999999998,3.8074999141693118,2.27297930549164,-0.7205192175558959,0.658765189372849,0.658765189372849,-0.25695996822570316,0.25695996822570316,0.0,0.0735957669866361,-0.06770275534753932,-0.09891551605967475,3.0680102354568874e-09,3.3343472313812924e-09,0.1,0.0,1
10,2505,world,25.05,2.495,3.8074999141693118,2.2737149307763382,-0.721196606188969,0.658638020672139,0.6586380207665053,-0.2572857510092971,0.2572857509724345,-1.432751418457355e-11,0.07352927449239056,-0.06777496434984442,-0.098917673781172,-3.9814297246010395e-09,-4.3184809998338886e-09,0.1,0.0,1
10,2506,world,25.060000000000002,2.4960000000000004,3.807499914169312,2.274449890670978,-0.7218747167057131,0.6585106883386967,0.6585106882613381,-0.2576114775914327,0.25761147762169573,1.1747532709895638e-11,0.07346268883085176,-0.06784713221457077,-0.09891963799139164,-6.9254169258200025e-09,-7.496809951974348e-09,0.1,0.0,1
10,2507,world,25.07,2.497,3.807499914169312,2.2751841842425993,-0.7225535486954338,0.658383192405628,0.6583831923655681,-0.2579371473442716,0.25793714735996603,6.0846003326949045e-12,0.07339600994030582,-0.06791925886552745,-0.09892140866725072,2.693329332501409e-09,2.909756244219087e-09,0.1,0.0,1
10,2508,world,25.080000000000002,2.498,3.8074999141693118,2.2759178105583597,-0.7232331017458741,0.6582555332606235,0.6582555332354936,-0.25826275950234834,0.2582627595122079,3.817656736079513e-12,0.07332923774554566,-0.06799134424069907,-0.09892298578798224,2.068798248171573e-09,2.2306243826341037e-09,0.1,0.0,1
10,2509,world,25.09,2.499,3.8074999141693118,2.2766507686861237,-0.7239133754425849,0.658127711160722,0.6581277111607221,-0.2585883133522263,0.2585883133522263,0.0,0.07326237219598224,-0.06806338825108083,-0.0989243693350614,-3.0543711434643844e-09,-3.286740860418074e-09,0.1,0.0,1
10,2510,world,25.1,2.5,3.8074999141693127,2.277383057691335,-0.7245943693722756,0.6579997264403205,0.6579997263561533,-0.25891380815103426,0.2589138081841529,1.2791367783713848e-11,0.07319541322545808,-0.06813539082411164,-0.09892555929222692,-2.4234479490208246e-09,-2.602664342223167e-09,0.1,0.0,1
10,2511,world,25.11,2.501,3.8074999141693113,2.2781146766387197,-0.7252760831210091,0.6578715792599682,0.6578715792131771,-0.25923924322524544,0.25923924324368386,7.112505835086027e-12,0.07312836076871716,-0.06820735188585135,-0.09892655564553715,9.10204282746903e-09,9.755758904339754e-09,0.1,0.0,1
10,2512,world,25.12,2.5020000000000002,3.8074999141693127,2.2788456245945636,-0.7259585162717105,0.6577432699073252,0.6577432699987095,-0.25956461785241997,0.25956461781635704,-1.3893618820905053e-11,0.07306121476948337,-0.06827927135234696,-0.09892735838324551,-2.775558014284856e-15,4.163337021427284e-15,0.1,0.0,1
10,2513,world,25.13,2.503,3.807499914169312,2.279575900622742,-0.7266416684084557,0.6576147988495604,0.6576147988027876,-0.2598899312401438,0.2598899312586285,7.1125051050573204e-12,0.07299397517055384,-0.06835114914030758,-0.09892796749596211,-4.438913850001482e-09,-4.738883670174995e-09,0.1,0.0,1
10,2514,world,25.14,2.504,3.807499914169313,2.280305503785547,-0.7273255391155655,0.6574861661329741,0.6574861661389395,-0.2602151827631422,0.2602151827607813,-9.072921188564678e-13,0.07292664189713578,-0.06842298518485525,-0.09892838297653801,1.4867665081689058e-09,1.5840872866031119e-09,0.1,0.0,1
10,2515,world,25.150000000000002,2.5050000000000003,3.8074999141693118,2.281034433147709,-0.7280101279732993,0.6573573721726835,0.6573573721544913,-0.2605403716515048,0.26054037165871513,2.7674577259433937e-12,0.07285921489558515,-0.0684947793981333,-0.0989286048200652,-5.151238609914849e-09,-5.477598435688854e-09,0.1,0.0,1
10,2516,world,25.16,2.5060000000000002,3.807499914169312,2.2817626877715504,-0.728695434563049,0.6572284172380299,0.6572284171451556,-0.2608654971938939,0.26086549723075736,1.4131206688630828e-11,0.07279169410486715,-0.06856653169982752,-0.09892863302395134,1.7695958698273403e-09,1.8779897369596862e-09,0.1,0.0,1
10,2517,world,25.17,2.507,3.807499914169312,2.2824902667169398,-0.7293814584673483,0.6570993014959364,0.6570993015116626,-0.2611905587207385,0.26119055871448754,-2.393255007483197e-12,0.07272407946268548,-0.068638242010595,-0.09892846758786937,3.2631236373188494e-09,3.4561401049699886e-09,0.1,0.0,1
10,2518,world,25.18,2.508,3.8074999141693127,2.283217169047073,-0.7300681992637462,0.6569700254005241,0.6569700253701404,-0.2615155554494475,0.2615155554615422,4.624853864856469e-12,0.0726563709079394,-0.06870991024945337,-0.09892810851377053,-8.990226697351882e-10,-9.503122062812848e-10,0.1,0.0,1
10,2519,world,25.19,2.5090000000000003,3.8074999141693127,2.283943393822524,-0.7307556565311081,0.6568405891233413,0.6568405891218759,-0.26184048671072907,0.26184048671131327,2.231073498192018e-13,0.07258856838252395,-0.06878153633189393,-0.0989275558058424,8.889057607716722e-10,9.377500307070995e-10,0.1,0.0,1
10,2520,world,25.2,2.51,3.807499914169312,2.2846689401013713,-0.7314438298494903,0.6567109930100373,0.6567109929966363,-0.2621653517671029,0.2621653517724527,2.0406285055306935e-12,0.07252067182511351,-0.06885312017646104,-0.09892680947058888,3.4931424566184708e-09,3.6778197602146494e-09,0.1,0.0,1
10,2521,world,25.21,2.511,3.807499914169312,2.2853938069446658,-0.7321327187943274,0.656581237283939,0.6565812373490819,-0.26249014993091874,0.2624901499048757,-9.921524017182295e-12,0.07245268117243116,-0.0689246617033848,-0.09892586951679179,2.777759031776545e-09,2.91884619675798e-09,0.1,0.0,1
10,2522,world,25.22,2.512,3.807499914169313,2.286117993411377,-0.7328223229417925,0.6564513223326537,0.6564513223721593,-0.26281488044997314,0.26281488043415685,-6.018046480815473e-12,0.07238459636176407,-0.06899616083192232,-0.09892473595548884,-3.4234315415083956e-09,-3.5901690258781324e-09,0.1,0.0,1
10,2523,world,25.23,2.513,3.8074999141693127,2.2868414985580645,-0.7335126418691155,0.6563212484025802,0.6563212484025802,-0.26313954262953104,0.26313954262953104,0.0,0.07231641733851625,-0.06906761747245627,-0.09892340879997594,-9.942548407481433e-10,-1.0406274762712035e-09,0.1,0.0,1
10,2524,world,25.240000000000002,2.5140000000000002,3.8074999141693127,2.2875643214433845,-0.7342036751498735,0.6561910157495611,0.6561910157701625,-0.26346413577225297,0.26346413576398137,-3.139571891847829e-12,0.07224814404153156,-0.06913903154191639,-0.09892188806581763,5.223286544734262e-09,5.456033737575935e-09,0.1,0.0,1
10,2525,world,25.25,2.515,3.8074999141693118,2.2882864611248093,-0.7348954223573925,0.6560606246687997,0.6560606247679069,-0.26378865916615096,0.2637886591263019,-1.510643337767443e-11,0.07217977641741079,-0.06921040294878067,-0.09892017377090251,2.884978837814299e-09,3.007571071965363e-09,0.1,0.0,1
10,2526,world,25.26,2.516,3.8074999141693127,2.2890079166574187,-0.7355878830660302,0.6559300755357909,0.6559300756110567,-0.26411311206800564,0.2641131120376995,-1.1474686729424507e-11,0.07211131439810335,-0.06928173161647949,-0.09891826593537047,-2.71853417480047e-09,-2.8284559866159285e-09,0.1,0.0,1
10,2527,world,25.27,2.517,3.8074999141693127,2.2897286870974503,-0.7362810568474578,0.6557993685978994,0.6557993686455121,-0.26443749378718784,0.2644374937679889,-7.260277753983752e-12,0.0720427579227637,-0.06935301746054075,-0.09891616458157587,-2.791792253007361e-09,-2.8989204656807594e-09,0.1,0.0,1
10,2528,world,25.28,2.5180000000000002,3.807499914169313,2.290448771500919,-0.7369749432721094,0.6556685041498623,0.6556685041723214,-0.26476180361516927,0.2647618036061002,-3.4253710389752138e-12,0.07197410693867343,-0.06942426038770887,-0.09891386973422905,-4.635123596931251e-09,-4.803475068280212e-09,0.1,0.0,1
10,2529,world,25.29,2.519,3.8074999141693127,2.29116816892145,-0.7376695419113998,0.6555374825106915,0.6555374824707689,-0.26508604083473764,0.2650860408508815,6.090032906230232e-12,0.07190536138906971,-0.06949546030862219,-0.09891138142026684,-2.5252526413081463e-09,-2.6117862135149655e-09,0.1,0.0,1
10,2530,world,25.3,2.52,3.8074999141693127,2.291886878412858,-0.7383648523350804,0.6554063039236063,0.6554063038984352,-0.26541020476046007,0.2654102047706533,3.840551764614671e-12,0.07183652120177965,-0.06956661714950832,-0.09890869966886104,-1.721587042740507e-09,-1.777053794094563e-09,0.1,0.0,1
10,2531,world,25.310000000000002,2.5210000000000004,3.807499914169312,2.2926048990297168,-0.7390608741106164,0.6552749687597779,0.6552749686874453,-0.26573429465628834,0.26573429468562154,1.1038529168432901e-11,0.0717675863357542,-0.06963773080406964,-0.09986873937080196,5.259324406490043e-09,5.417978078639428e-09,0.1,0.0,1
10,2532,world,25.32,2.5220000000000002,3.807499914169312,2.293322229735426,-0.7397576068978211,0.6551409152491339,0.6551409153229101,-0.2660646183282646,0.2660646182983028,-1.1261107713695999e-11,0.07169852221338079,-0.06970883668816562,-0.10111534731288735,5.127327215004854e-09,5.271418922588605e-09,0.1,0.0,1
10,2533,world,25.330000000000002,2.523,3.8074999141693127,2.294038868772752,-0.7404550510948538,0.6550059356155916,0.6550059356396234,-0.26639674227588866,0.26639674226611476,-3.668933149605543e-12,0.07162925013551068,-0.06978001522659942,-0.1014005263217726,-1.7148091443358017e-09,-1.7594442809111042e-09,0.1,0.0,1
10,2534,world,25.34,2.524,3.8074999141693118,2.294754814033366,-0.741153207453603,0.6548707875780444,0.6548707876196116,-0.26672879775945935,0.266728797742529,-6.347415567514669e-12,0.07155976660352642,-0.06985126916276342,-0.10140052632177227,-1.9492716339701723e-09,-1.9959468057028095e-09,0.1,0.0,1
10,2535,world,25.35,2.5250000000000004,3.807499914169312,2.295470063398508,-0.7418520767280672,0.6547354712406789,0.654735471228168,-0.2670607846653541,0.26706078467045724,1.910839968284195e-12,0.07149007113719223,-0.06992259812678012,-0.10140052632176699,-4.544435052104931e-09,-4.643831948754275e-09,0.1,0.0,1
10,2536,world,25.36,2.526,3.8074999141693113,2.296184614747599,-0.7425516596654642,0.6545999865909348,0.6545999865474199,-0.2673927029275106,0.2673927029452856,6.647539110833756e-12,0.07142016326797625,-0.06999400173426018,-0.1014005263217698,-1.8213961240805246e-09,-1.8574728274481073e-09,0.1,0.0,1
10,2537,world,25.37,2.527,3.8074999141693118,2.2968984659548504,-0.7432519570097035,0.6544643336611947,0.6544643336146375,-0.26772455246162924,0.26772455248067456,7.113778273668305e-12,0.07135004252049351,-0.07006547960532182,-0.10140052632176395,3.3192426722053594e-09,3.3781150337324895e-09,0.1,0.0,1
10,2538,world,25.38,2.528,3.807499914169312,2.297611614886885,-0.7439529695037762,0.6543285124662693,0.6543285124847495,-0.2680563331906494,0.2680563331830787,-2.824293543172999e-12,0.07127970843482016,-0.07013703134184557,-0.10140052632176977,-1.1324915170142461e-09,-1.1502356595460938e-09,0.1,0.0,1
10,2539,world,25.39,2.529,3.807499914169312,2.29832405941034,-0.7446546978819799,0.6541925231506994,0.6541925230830419,-0.2683880449843715,0.2683880450121286,1.034215649911776e-11,0.0712091605364808,-0.07020865655807484,-0.1014005263217584,1.2633229962136694e-10,1.2805175782541467e-10,0.1,0.0,1
10,2540,world,25.400000000000002,2.5300000000000002,3.807499914169312,2.299035797383694,-0.7453571428781993,0.654056365586543,0.6540563656073686,-0.26871968782432093,0.2687196878157647,-3.1840628686828743e-12,0.07113839834616921,-0.07028035487063046,-0.10140052632175839,7.32287689410835e-09,7.40753696535914e-09,0.1,0.0,1
10,2541,world,25.41,2.531,3.8074999141693118,2.2997468266612344,-0.746060305221884,0.6539200399164661,0.6539200399850632,-0.2690512615811049,0.269051261552881,-1.0490152564318017e-11,0.0710674214087206,-0.07035212586919687,-0.10140052632176982,-2.8850982107006976e-09,-2.9125332141194448e-09,0.1,0.0,1
10,2542,world,25.42,2.532,3.8074999141693113,2.3004571450946623,-0.7467641856363547,0.6537835462297337,0.6537835461969457,-0.2693827661471139,0.26938276616062373,5.015114351733358e-12,0.07099622925423493,-0.07042396915596363,-0.10140052632177257,-2.998193874042664e-09,-3.0205870762868297e-09,0.1,0.0,1
10,2543,world,25.43,2.533,3.8074999141693118,2.301166750527523,-0.7474687848444613,0.6536468844133017,0.6536468844262323,-0.26971420149812453,0.26971420149278885,-1.9782548599835824e-12,0.07092482141170729,-0.07049588433176385,-0.10140052632176946,-1.5159709421081795e-09,-1.5241907572353585e-09,0.1,0.0,1
10,2544,world,25.44,2.5340000000000003,3.807499914169311,2.3018756408018612,-0.7481741035617921,0.6535100546356115,0.6535100545747399,-0.2700455674939839,0.2700455675191375,9.314568876467885e-12,0.07085319741405703,-0.0705678709910159,-0.10140052632176949,-7.835580750298668e-09,-7.862116472913354e-09,0.1,0.0,1
10,2545,world,25.45,2.535,3.8074999141693118,2.302583813754292,-0.7488801425006387,0.6533730568707996,0.6533730567386765,-0.270376864074665,0.27037686412933976,2.022167306916406e-11,0.07078135679851352,-0.07063992872137913,-0.10140052632176699,2.831030340135955e-09,2.8348703246804273e-09,0.1,0.0,1
10,2546,world,25.46,2.536,3.807499914169312,2.3032912672141124,-0.7495869023718552,0.6532358910579215,0.6532358910494178,-0.2707080911948594,0.27070809119838346,1.3017783515379565e-12,0.0707092990978816,-0.07071205711253435,-0.10140052632175867,6.612886372635054e-09,6.608423275311232e-09,0.1,0.0,1
10,2547,world,25.47,2.537,3.8074999141693113,2.3039979990106048,-0.7502943838775171,0.6530985573922056,0.6530985573822528,-0.2710392487032103,0.2710392487073407,1.5239302798960567e-12,0.07063702385100788,-0.07078425574569634,-0.10140052632176116,-3.6182174572988377e-10,-3.6085862709097404e-10,0.1,0.0,1
10,2548,world,25.48,2.5380000000000003,3.8074999141693104,2.304704006964854,-0.7510025877190902,0.6529610558483051,0.6529610558331316,-0.27137033653968706,0.27137033654599313,2.3237816801992633e-12,0.07056453059418684,-0.0708565242022361,-0.10140052632176672,1.6967902215578938e-09,1.6887882877366353e-09,0.1,0.0,1
10,2549,world,25.490000000000002,2.539,3.8074999141693104,2.3054092888941082,-0.7517115145930384,0.6528233864388283,0.6528233864601365,-0.2717013546286425,0.2717013546197741,-3.2639968033263295e-12,0.07049181887394347,-0.07092886205095321,-0.10140052632177815,2.9408397427618734e-09,2.9210389117244573e-09,0.1,0.0,1
10,2550,world,25.5,2.54,3.8074999141693113,2.306113842612885,-0.7524211651897001,0.652685549229439,0.6526855492683795,-0.2720323028724065,0.2720323028561765,-5.9661820358487075e-12,0.07041888822589054,-0.07100126886915147,-0.10140052632176949,-1.1590619341041466e-09,-1.1489255961522785e-09,0.1,0.0,1
10,2551,world,25.51,2.5410000000000004,3.807499914169311,2.3068176659274733,-0.753131540198752,0.6525475442744304,0.6525475442744303,-0.27236318117801894,0.27236318117801894,0.0,0.07034573818264904,-0.07107374423469043,-0.1014005263217587,-3.755929544873574e-09,-3.7155368487581384e-09,0.1,0.0,1
10,2552,world,25.52,2.542,3.8074999141693113,2.307520756643221,-0.7538426403019086,0.6524093715765262,0.652409371546514,-0.27269398947406526,0.2726939894866097,4.6002046464245594e-12,0.07027236829400957,-0.07114628770604324,-0.10140052632176977,2.531228438747323e-09,2.4989362087634687e-09,0.1,0.0,1
10,2553,world,25.53,2.543,3.807499914169311,2.3082231125595514,-0.7545544661779053,0.6522710311224951,0.6522710311688967,-0.2730247276959242,0.2730247276765016,-7.1138514141233735e-12,0.07019877809802597,-0.0712188988509659,-0.10140052632176949,-5.681733835638355e-10,-5.597800960593312e-10,0.1,0.0,1
10,2554,world,25.54,2.544,3.80749991416931,2.3089247314692,-0.7552670185031469,0.6521325230827196,0.6521325230423173,-0.27335539570216005,0.27335539571909556,6.195421325154519e-12,0.07012496713800724,-0.07129157722966581,-0.10140052632175589,-5.07257933765633e-09,-4.987588974999095e-09,0.1,0.0,1
10,2555,world,25.55,2.545,3.8074999141693104,2.3096256111645994,-0.7559802979454435,0.6519938473707826,0.6519938473244006,-0.27368599345884886,0.2736859934783185,7.113868298255432e-12,0.07005093496583632,-0.07136432239159966,-0.10140052632176946,2.211045614691008e-09,2.1695815531732215e-09,0.1,0.0,1
10,2556,world,25.560000000000002,2.5460000000000003,3.807499914169311,2.3103257494299037,-0.7566943051718261,0.6518550040365618,0.6518550040365618,-0.27401652087510003,0.27401652087510003,0.0,0.06997668111675466,-0.07143713390026249,-0.10140052632177224,-1.4650311254513786e-09,-1.4346484793971275e-09,0.1,0.0,1
10,2557,world,25.57,2.547,3.8074999141693104,2.311025144046221,-0.7574090408433801,0.6517159932016638,0.6517159931285748,-0.2743469778298299,0.2743469778605976,1.1214860623052369e-11,0.0699022051511655,-0.07151001129215664,-0.10140052632176977,2.328171388303487e-09,2.2752720276724088e-09,0.1,0.0,1
10,2558,world,25.580000000000002,2.548,3.8074999141693104,2.311723792791396,-0.7581245056154207,0.651576814747786,0.651576814790208,-0.27467736430292233,0.27467736428503897,-6.510675868098704e-12,0.0698275066028332,-0.07158295412758046,-0.10140052632176422,5.697177040558621e-09,5.556446533619228e-09,0.1,0.0,1
10,2559,world,25.59,2.549,3.807499914169311,2.3124216934349526,-0.758840700142431,0.6514374688686577,0.6514374688992844,-0.27500768014293886,0.2750076801300097,-4.701388278120968e-12,0.06975258503119185,-0.07165596193943914,-0.10140052632176949,-4.881698660320628e-09,-4.7514653138779715e-09,0.1,0.0,1
10,2560,world,25.6,2.5500000000000003,3.8074999141693104,2.313118843746558,-0.7595576250697934,0.6512979555690266,0.6512979555226938,-0.27533792527799295,0.2753379252975802,7.113912013844242e-12,0.06967743998966813,-0.0717290342642796,-0.10140052632176672,-6.261636727467413e-09,-6.0822413092907846e-09,0.1,0.0,1
10,2561,world,25.61,2.551,3.8074999141693104,2.3138152414887854,-0.7602752810407931,0.6511582748320621,0.6511582747489918,-0.27566809964544314,0.275668099680611,1.2757319513421616e-11,0.0696020710213665,-0.0718021706464133,-0.1014005263217587,2.4826950309087676e-09,2.4066835985018883e-09,0.1,0.0,1
10,2562,world,25.62,2.552,3.8074999141693104,2.3145108844188815,-0.7609936686948757,0.6510184266545223,0.6510184266532303,-0.2759982031770503,0.2759982031775981,1.9846425067416722e-13,0.06952647768249477,-0.07187537061515271,-0.10294894766697056,-5.278500791831538e-10,-5.106319048085537e-10,0.1,0.0,1
10,2563,world,25.63,2.553,3.807499914169311,2.315205770333416,-0.7617127886245073,0.6508741324147411,0.6508741323221467,-0.2763383140332912,0.2763383140726035,1.4226147388365903e-11,0.06945068903515288,-0.07194860521610197,-0.10671092121637481,1.6187998460875585e-09,1.5626988782272407e-09,0.1,0.0,1
10,2564,world,25.64,2.5540000000000003,3.8074999141693104,2.3158998984928507,-0.7624326400022658,0.6507235358061353,0.6507235358341266,-0.2766927536691917,0.2766927536572896,-4.3015498697899855e-12,0.06937496349357263,-0.07202162480995182,-0.1089244734205934,3.7335281144246715e-09,3.5964738304908386e-09,0.1,0.0,1
10,2565,world,25.650000000000002,2.555,3.807499914169311,2.31659327001619,-0.7631532202121555,0.6505727462709725,0.6505727462458724,-0.2770471111973791,0.277047111208068,3.858139031181452e-12,0.06929936197174784,-0.07209437169646929,-0.10892447342060092,1.0134950440156795e-09,9.741626100330801e-10,0.1,0.0,1
10,2566,world,25.66,2.556,3.8074999141693104,2.317285886148168,-0.7638745265288265,0.6504217637049122,0.6504217637511772,-0.27740138657615476,0.277401386556423,-7.1130879445624975e-12,0.06922388515981094,-0.07216684642813008,-0.10892447342058789,1.3922449282036102e-09,1.335300190231426e-09,0.1,0.0,1
10,2567,world,25.67,2.5570000000000004,3.807499914169311,2.3179777481375594,-0.764596556235195,0.650270588273781,0.650270588273781,-0.2777555796488538,0.2777555796488538,0.0,0.06914853373490751,-0.07223904956678458,-0.10892447342058705,-3.6552490490376484e-09,-3.4981205410702545e-09,0.1,0.0,1
10,2568,world,25.68,2.558,3.807499914169311,2.318668857242487,-0.7653193066172771,0.6501192199502429,0.6501192199307019,-0.27810969034117994,0.2781096903495392,3.0057464464844385e-12,0.06907330837164959,-0.07231098167356743,-0.10892447342059815,-4.745296761296506e-09,-4.531406702192202e-09,0.1,0.0,1
10,2569,world,25.69,2.559,3.807499914169311,2.3193592147277484,-0.7660427749667897,0.649967658815663,0.6499676587303695,-0.2784637185325017,0.27846371856904373,1.312273490575301e-11,0.06899820973737031,-0.07238264331342048,-0.10892447342059064,4.351150856268865e-09,4.145984376305621e-09,0.1,0.0,1
10,2570,world,25.7,2.56,3.8074999141693113,2.3200488218620223,-0.766766958583732,0.6498159047870792,0.6498159048456569,-0.2788176641726502,0.27881766414751613,-9.01450784713935e-12,0.06892323849505765,-0.07245403505225508,-0.10892447342059537,2.755024531507741e-09,2.6193954966635725e-09,0.1,0.0,1
10,2571,world,25.71,2.561,3.8074999141693113,2.320737679923942,-0.7674918547705716,0.6496639581334698,0.64966395809761,-0.2791715270606014,0.27917152707601095,5.519745812684107e-12,0.06884839531171515,-0.07252515744899697,-0.10892447342058427,-9.145519484958359e-10,-8.676200364069378e-10,0.1,0.0,1
10,2572,world,25.72,2.562,3.8074999141693113,2.3214257901978765,-0.7682174608362493,0.6495118186945141,0.6495118187366886,-0.27952530717955615,0.2795253071614059,-6.493254464230611e-12,0.06877368083639379,-0.07259601107646234,-0.10892447342058785,1.2280262570432146e-09,1.1624814522659312e-09,0.1,0.0,1
10,2573,world,25.73,2.563,3.8074999141693104,2.3221131539719564,-0.7689437740980094,0.6493594866686199,0.649359486654738,-0.27987900435868057,0.2798790043646638,2.1377932759750244e-12,0.06869909571552528,-0.07266659650671069,-0.108924473420599,-3.2798964479758215e-09,-3.098100167302213e-09,0.1,0.0,1
10,2574,world,25.740000000000002,2.564,3.8074999141693113,2.3227997725448195,-0.769670791874954,0.6492069620071697,0.649206961990743,-0.2802326185334224,0.28023261854051296,2.5302428812264364e-12,0.06862464059367515,-0.0727369143103343,-0.1089244734205926,3.3017317636311325e-09,3.1119113444602927e-09,0.1,0.0,1
10,2575,world,25.75,2.565,3.8074999141693113,2.323485647219954,-0.7703985114934043,0.6490542447501639,0.6490542447951853,-0.2805861496012125,0.28058614958174977,-6.936449681187823e-12,0.068550316103251,-0.07280696506615535,-0.10892447342059063,3.535142322925154e-09,3.324650934727093e-09,0.1,0.0,1
10,2576,world,25.76,2.5660000000000003,3.807499914169311,2.324170779304493,-0.7711269302879672,0.6489013350048506,0.6489013350514127,-0.28093959743042995,0.2809395974102711,-7.175518814501888e-12,0.0684761228848038,-0.07287674934205868,-0.10892447342058785,-4.226786424015815e-09,-3.966427971027111e-09,0.1,0.0,1
10,2577,world,25.77,2.567,3.8074999141693113,2.324855170116573,-0.771856045594593,0.6487482328257864,0.6487482327955785,-0.28129296191218905,0.28129296192528713,4.656369430375377e-12,0.0684020615632495,-0.07294626771739199,-0.10892447342058982,-5.214985031414171e-09,-4.883082404792461e-09,0.1,0.0,1
10,2578,world,25.78,2.568,3.8074999141693113,2.325538820978249,-0.7725858547571931,0.6485949381888066,0.648594938142672,-0.2816462429718146,0.28164624299184815,7.113007720521976e-12,0.06832813275290185,-0.07301552077813198,-0.10892447342058985,1.7011950770316048e-09,1.5894372297160046e-09,0.1,0.0,1
10,2579,world,25.79,2.569,3.8074999141693113,2.326221733215551,-0.7733163551275584,0.6484414511387716,0.6484414511387715,-0.28199944050484244,0.28199944050484244,0.0,0.06825433709409322,-0.07308450908260854,-0.1089244734205934,4.411516469612126e-09,4.112752619049706e-09,0.1,0.0,1
10,2580,world,25.8,2.5700000000000003,3.8074999141693113,2.3269039081652547,-0.7740475440589704,0.6482877717592618,0.6482877717913489,-0.28235255438999585,0.28235255437602075,-4.9495264958398876e-12,0.06818067517371561,-0.07315323323583368,-0.10892447342058509,-7.5344606575606e-09,-7.008876810436588e-09,0.1,0.0,1
10,2581,world,25.810000000000002,2.571,3.8074999141693118,2.327585347167624,-0.7747794189129825,0.6481339001876198,0.6481339000542286,-0.2827055844824986,0.28270558454068173,2.0580808722322574e-11,0.06810714762140517,-0.07322169379955727,-0.10892447342058705,2.7449492555669577e-09,2.5479012830766137e-09,0.1,0.0,1
10,2582,world,25.82,2.572,3.8074999141693118,2.3282660515673155,-0.7755119770585246,0.6479798361809643,0.6479798362615726,-0.28305853080348103,0.28305853076826876,-1.243992219056975e-11,0.06803375500913021,-0.0732898913859043,-0.10892447342060728,1.0158961793367684e-08,9.409104524248381e-09,0.1,0.0,1
10,2583,world,25.830000000000002,2.5730000000000004,3.8074999141693118,2.328946022719068,-0.7762452158665527,0.6478255800989959,0.6478255801450752,-0.28341139311125335,0.2834113930910945,-7.112926762142515e-12,0.06796049795989394,-0.07335782655615729,-0.10892447342058982,-9.791730475339896e-09,-9.049179862946077e-09,0.1,0.0,1
10,2584,world,25.84,2.574,3.807499914169311,2.329625261981041,-0.7769791327162507,0.6476711319150483,0.6476711318229119,-0.283764171332639,0.2837641713730068,1.4225816589217991e-11,0.06788737706781743,-0.07342549989514528,-0.10892447342058427,-4.635079348732182e-09,-4.2742248754608025e-09,0.1,0.0,1
10,2585,world,25.85,2.575,3.807499914169311,2.3303037707159695,-0.7777137249938922,0.6475164915257106,0.647516491490116,-0.2841168654283748,0.2841168654439929,5.4970763869471976e-12,0.06781439289450923,-0.073492912014351,-0.10892447342060173,3.3446307897848642e-09,3.0775041383439294e-09,0.1,0.0,1
10,2586,world,25.86,2.576,3.8074999141693118,2.3309815502961606,-0.7784489900881779,0.6473616591013268,0.6473616590680803,-0.28446947523933763,0.2844694752539471,5.135691008084592e-12,0.06774154604906875,-0.07356006347796268,-0.10892447342059537,2.024625312521291e-09,1.8588745332839136e-09,0.1,0.0,1
10,2587,world,25.87,2.577,3.8074999141693118,2.331658602097277,-0.7791849253959733,0.6472066346452764,0.6472066346452765,-0.2848220006796098,0.2848220006796098,0.0,0.06766883710334225,-0.07362695488122088,-0.1089244734205815,4.515763656681939e-09,4.136983241354486e-09,0.1,0.0,1
10,2588,world,25.88,2.578,3.8074999141693118,2.3323349274995824,-0.7799215283211033,0.6470514182126024,0.6470514182586262,-0.2851744416406643,0.2851744416203803,-7.112828812857548e-12,0.06759626661799491,-0.07369358682618826,-0.10892447342057954,-1.898898081235584e-09,-1.7358243277957313e-09,0.1,0.0,1
10,2589,world,25.89,2.579,3.8074999141693118,2.3330105278925677,-0.7806587962700628,0.646896009918399,0.6468960098851134,-0.2855267979874956,0.2855267980021871,5.1454125278323935e-12,0.06752383517541631,-0.07375995989155099,-0.10892447342060448,-7.44670583678383e-09,-6.792295847744291e-09,0.1,0.0,1
10,2590,world,25.900000000000002,2.58,3.8074999141693118,2.3336854046690263,-0.781396726657446,0.6467404097319834,0.6467404096476137,-0.285879069649406,0.28587906968670007,1.3045364451529154e-11,0.06745154332841041,-0.07382607467971986,-0.10892447342059818,6.745433324609663e-09,6.139211187703835e-09,0.1,0.0,1
10,2591,world,25.91,2.581,3.807499914169312,2.334359559226196,-0.7821353169048236,0.6465846176035549,0.646584617688234,-0.28623125656441173,0.2862312565269258,-1.3096348282621774e-11,0.06737939164080993,-0.07389193177955464,-0.1089244734205823,2.943065817929156e-09,2.6727125801848714e-09,0.1,0.0,1
10,2592,world,25.92,2.5820000000000003,3.8074999141693118,2.3350329929703815,-0.7828745644365236,0.6464286338327193,0.6464286337997884,-0.28658335851592576,0.28658335853052513,5.094265178985443e-12,0.0673073806721709,-0.07395753178041757,-0.10892447342057954,-1.9787841947693442e-09,-1.7930840916134468e-09,0.1,0.0,1
10,2593,world,25.93,2.583,3.8074999141693127,2.3357057073111296,-0.7836144666848877,0.6462724582220823,0.6462724582722053,-0.28693537550741144,0.28693537548515763,-7.755664462306571e-12,0.06723551095495676,-0.07402287529288423,-0.10892447342060095,4.211914983661186e-09,3.808287772129355e-09,0.1,0.0,1
10,2594,world,25.94,2.584,3.8074999141693118,2.3363777036621105,-0.7843550210894297,0.6461160909646568,0.6461160910051189,-0.28728730736942876,0.28728730735143787,-6.262322185165245e-12,0.06716378304890096,-0.07408796289924675,-0.12179252056875603,-5.5206047836760075e-09,-4.979359823132401e-09,0.1,0.0,1
10,2595,world,25.95,2.585,3.8074999141693127,2.3370489830734944,-0.7850962254295009,0.645922513208874,0.6459225131629281,-0.28772227399650674,0.2877222740169731,7.113201600248142e-12,0.0670919483023833,-0.07415302065991869,-0.15047710063832154,-2.4880190638090408e-09,-2.2379051508736494e-09,0.1,0.0,1
10,2596,world,25.96,2.5860000000000003,3.8074999141693118,2.3377195355349265,-0.7858380874881156,0.6456830580270517,0.6456830580242723,-0.288259238495962,0.28825923849720286,4.3046195268154146e-13,0.06701815408661677,-0.07421972125265962,-0.1662936335597615,5.773920116424037e-09,5.177748118553024e-09,0.1,0.0,1
10,2597,world,25.97,2.5869999999999997,3.8074999141693118,2.3383893383484264,-0.7865806264456278,0.6454431564522652,0.6454431565064677,-0.28879600371361797,0.28879600368936575,-8.397625979615253e-12,0.06694201787933073,-0.07428839910943946,-0.16629363355976703,-2.4913665955301364e-09,-2.2266768144568256e-09,0.1,0.0,1
10,2598,world,25.98,2.588,3.807499914169312,2.339058368063734,-0.7873238620388933,0.6452028087358149,0.6452028086899199,-0.28933256924009165,0.2893325692606726,7.113173699158668e-12,0.0668635331525383,-0.07435904742773009,-0.16629363355976257,-5.220037920828529e-09,-4.64983960258996e-09,0.1,0.0,1
10,2599,world,25.990000000000002,2.5890000000000004,3.807499914169312,2.339726601161315,-0.7880678139384825,0.6449620149103331,0.6449620148743205,-0.2898689347642113,0.2898689347803966,5.583597157681002e-12,0.06678269317888215,-0.07443165920342827,-0.16629363355976146,3.6430875120782387e-09,3.2342990426672006e-09,0.1,0.0,1
10,2600,world,26.0,2.59,3.8074999141693127,2.34039401405323,-0.788812501743997,0.644720775175737,0.644720775192693,-0.29040509990026503,0.2904050998926274,-2.6299396533238668e-12,0.06669949105115713,-0.07450622721300958,-0.16629363355977259,2.090870108155984e-09,1.8500459697752772e-09,0.1,0.0,1
10,2601,world,26.01,2.591,3.8074999141693127,2.341060583084875,-0.7895579449787469,0.6444790897553102,0.6444790897553103,-0.2909410642521381,0.2909410642521381,0.0,0.06661391973580853,-0.07458274396555319,-0.16629363355978008,2.685453098590044e-09,2.368194233072083e-09,0.1,0.0,1
10,2602,world,26.02,2.592,3.8074999141693118,2.341726284527121,-0.790304163092995,0.6442369587411609,0.644236958804238,-0.29147682748311476,0.2914768274545763,-9.790760672082298e-12,0.06652597200677894,-0.07466120176204817,-0.16629363355976426,-1.352885094652642e-09,-1.1890521829568398e-09,0.1,0.0,1
10,2603,world,26.03,2.593,3.8074999141693118,2.3423910945788906,-0.7910511754578237,0.6439943824153764,0.643994382392178,-0.29201238917091493,0.29201238918143413,3.6022034003461255e-12,0.066435640522066,-0.07474159262701606,-0.16629363355975593,-2.1499340002881722e-09,-1.8832583068642696e-09,0.1,0.0,1
10,2604,world,26.04,2.594,3.8074999141693127,2.3430549893668675,-0.7917990013616195,0.6437513608031303,0.6437513608293616,-0.2925477490098306,0.2925477489979101,-4.07460989545606e-12,0.0663429177704941,-0.07482390835620296,-0.1662936335597634,-1.997319897426433e-10,-1.7437587195253593e-10,0.1,0.0,1
10,2605,world,26.05,2.595,3.807499914169312,2.343717944938354,-0.7925476600126143,0.6435078941914129,0.6435078941648195,-0.293082906575762,0.2930829065878739,4.132437463478636e-12,0.06624779609637443,-0.07490814049469655,-0.16629363355976898,3.829474614913518e-09,3.332029245009811e-09,0.1,0.0,1
10,2606,world,26.060000000000002,2.596,3.8074999141693118,2.3443799372659635,-0.7932971705309392,0.643263982611947,0.6432639827034644,-0.29361786156092795,0.2936178615191548,-1.4226530808862188e-11,0.06615026772500164,-0.07499428031463871,-0.1662936335597698,3.794047381870419e-09,3.2901460621029045e-09,0.1,0.0,1
10,2607,world,26.07,2.597,3.8074999141693127,2.3450409422446548,-0.7940475519474983,0.6430196264046351,0.6430196264426459,-0.2941526135173996,0.2941526135000114,-5.9110713543253954e-12,0.06605032474326471,-0.07508231883279362,-0.16629363355976898,-1.1279837822295764e-08,-9.74889230132973e-09,0.1,0.0,1
10,2608,world,26.080000000000002,2.5980000000000003,3.8074999141693118,2.3457009356856218,-0.7947988232055452,0.64277482569496,0.6427748255947465,-0.29468716209514356,0.2946871621410876,1.5590131287811244e-11,0.06594795911394886,-0.0751722467983027,-0.16629363355976898,-4.9342858114930425e-09,-4.250277090766857e-09,0.1,0.0,1
10,2609,world,26.09,2.599,3.807499914169312,2.346359893323553,-0.7955510031505367,0.6425295805134382,0.6425295804677312,-0.2952215069882161,0.295221507009217,7.11330195142224e-12,0.06584316268722254,-0.07526405468312179,-0.16629363355977536,-1.9510874138156994e-09,-1.6749886981272865e-09,0.1,0.0,1
10,2610,world,26.1,2.6,3.807499914169312,2.347017790810184,-0.7963041105320745,0.6422838911969667,0.6422838910637978,-0.2957556477504348,0.2957556478117557,2.0732688211477687e-11,0.06573592720569817,-0.07535773267825374,-0.1662936335597698,4.5036356528735525e-09,3.8532986242243605e-09,0.1,0.0,1
10,2611,world,26.11,2.601,3.8074999141693118,2.347674603709654,-0.7970581640041665,0.6420377577188825,0.642037757749319,-0.2962895841030019,0.29628958408895595,-4.740397181320224e-12,0.0656262442905559,-0.07545327070655242,-0.1662936335597551,1.432110923759955e-08,1.2211921828874187e-08,0.1,0.0,1
10,2612,world,26.12,2.6020000000000003,3.8074999141693118,2.348330307508754,-0.7978131821125619,0.6417911804176444,0.6417911805261589,-0.2968233155993304,0.29682331554914326,-1.6907243963699836e-11,0.06551410548922709,-0.07555065838195207,-0.16629363355976978,-9.355837087209922e-09,-7.951099002293485e-09,0.1,0.0,1
10,2613,world,26.13,2.6029999999999998,3.807499914169312,2.348984877605714,-0.7985691833008293,0.6415441595778167,0.6415441594506911,-0.29735684181741734,0.29735684187634026,1.9814562153354323e-11,0.06539950224660067,-0.07564988503558266,-0.1662936335597698,-1.0287173080680957e-08,-8.713168927637855e-09,0.1,0.0,1
10,2614,world,26.14,2.604,3.807499914169312,2.3496382893099232,-0.7993261859068154,0.6412966950641718,0.6412966949996926,-0.2978901625300822,0.2978901625600336,1.005398032654037e-11,0.06528242591747858,-0.07575093970591336,-0.16629363355976257,1.0970179824660892e-08,9.260392557567857e-09,0.1,0.0,1
10,2615,world,26.150000000000002,2.6050000000000004,3.8074999141693113,2.3502905178505746,-0.8000842081515098,0.6410487871675025,0.6410487872245351,-0.2984232773133432,0.29842327728679324,-8.896283441263675e-12,0.06516286778845096,-0.07585381112102979,-0.16629363355976148,6.8422743476299215e-09,5.756396625682657e-09,0.1,0.0,1
10,2616,world,26.16,2.606,3.807499914169312,2.3509415383647165,-0.8008432681456624,0.6408004361528191,0.6408004362029858,-0.2989561857550485,0.298956185731644,-7.828316350603977e-12,0.06504081908596993,-0.07595848769312176,-0.16629363355977259,-3.408730425796592e-09,-2.8580914707088753e-09,0.1,0.0,1
10,2617,world,26.17,2.607,3.8074999141693118,2.3515913259005816,-0.8016033838832296,0.6405516421492772,0.6405516421492772,-0.2994888875064722,0.2994888875064722,0.0,0.06491627096158567,-0.0760649575326378,-0.16629363355976898,-8.462248693971866e-09,-7.071343994318278e-09,0.1,0.0,1
10,2618,world,26.18,2.608,3.807499914169312,2.35223985542255,-0.8023645732334883,0.6403024053276926,0.640302405236597,-0.30002138219982577,0.3000213822425097,1.4226191714040553e-11,0.06478921452513225,-0.07617320842144167,-0.16629363355976148,2.7755588407983165e-15,-1.3877794203991582e-15,0.1,0.0,1
10,2619,world,26.19,2.609,3.8074999141693118,2.3528871018010804,-0.8031268539460219,0.6400527257488122,0.6400527257488122,-0.3005536695192987,0.3005536695192987,0.0,0.06465964083475416,-0.07628322782316305,-0.16629363355976703,3.944418833188349e-09,3.2738743483987245e-09,0.1,0.0,1
10,2620,world,26.2,2.61,3.8074999141693118,2.3535330398179473,-0.8038902436425878,0.6398026037346082,0.6398026037091773,-0.30108574902689006,0.30108574903885765,3.974608079342257e-12,0.06452754091371779,-0.07639500287079304,-0.16629363355977175,5.036667850453548e-10,4.166419131509836e-10,0.1,0.0,1
10,2621,world,26.21,2.611,3.8074999141693113,2.354177644168463,-0.8046547598117109,0.639552039370125,0.6395520393784859,-0.30161762039601764,0.30161762039207457,-1.307254712260398e-12,0.06439290576128026,-0.07650852035962322,-0.16629363355977175,1.1300576797954206e-09,9.316204882520094e-10,0.1,0.0,1
10,2622,world,26.22,2.612,3.807499914169311,2.3548208894532725,-0.8054204198120107,0.6393010328826181,0.6393010328759331,-0.3021492832335316,0.30214928323669105,1.0456112167994333e-12,0.06425572636684947,-0.07662376673766808,-0.16629363355976146,-3.512913802444797e-10,-2.8862620051635576e-10,0.1,0.0,1
10,2623,world,26.23,2.613,3.8074999141693113,2.3554627501842074,-0.8061872408637338,0.6390495844090619,0.6390495844116053,-0.30268073718911265,0.302680737187908,-3.979814237936746e-13,0.06411599368213693,-0.07674072813149599,-0.16629363355976062,-1.7704734733680372e-09,-1.4497174037106713e-09,0.1,0.0,1
10,2624,world,26.240000000000002,2.6140000000000003,3.8074999141693113,2.3561032007857596,-0.8069552400439994,0.6387976941592729,0.6387976941233582,-0.3032119818783047,0.303211981895352,5.621968771647772e-12,0.0639736986973104,-0.0768593902850247,-0.1662936335597662,-4.335589442856456e-10,-3.538032609953237e-10,0.1,0.0,1
10,2625,world,26.25,2.615,3.8074999141693118,2.356742215588283,-0.8077244342890207,0.638545362248666,0.6385453622440608,-0.30374301696169936,0.30374301696389,7.211701443279492e-13,0.06382883238744762,-0.07697973860734474,-0.1662936335597754,4.409899479702112e-09,3.5865146840056676e-09,0.1,0.0,1
10,2626,world,26.26,2.616,3.8074999141693118,2.3573797688319207,-0.8084948403873099,0.6382925888815851,0.6382925889182627,-0.30427384205802627,0.3042738420405421,-5.745952234318782e-12,0.06368138574509764,-0.07710175814846297,-0.16629363355977536,2.7552972612604893e-11,2.2329370874222458e-11,0.1,0.0,1
10,2627,world,26.27,2.617,3.807499914169311,2.358015834671414,-0.809266474972308,0.6380393742788238,0.6380393742746748,-0.30480445677832546,0.30480445678030754,6.50255588042637e-13,0.06353134980698642,-0.07722543358053957,-0.1662936335597551,-2.290563240074392e-09,-1.8502707900409712e-09,0.1,0.0,1
10,2628,world,26.28,2.6180000000000003,3.807499914169311,2.358650387169046,-0.8100393545248514,0.6377857185523522,0.6377857185514412,-0.305334860785839,0.3053348607862751,1.4283454851317966e-13,0.06337871564766205,-0.07735074920679695,-0.1662936335597698,-1.8338367061450149e-09,-1.4763017062881597e-09,0.1,0.0,1
10,2629,world,26.29,2.6189999999999998,3.807499914169311,2.359283400294172,-0.8108134953701138,0.6375316219178103,0.6375316218836465,-0.3058650536946209,0.30586505371101147,5.358572017247066e-12,0.06322347437510588,-0.07747768896876268,-0.1662936335597698,-2.6634595703361544e-09,-2.136873608162796e-09,0.1,0.0,1
10,2630,world,26.3,2.62,3.8074999141693113,2.359914847935041,-0.8115889136646288,0.6372770845211275,0.637277084476695,-0.30639503515237015,0.3063950351737328,6.972036532273661e-12,0.06306561717304736,-0.07760623641552679,-0.16629363355976537,3.5060970299302405e-09,2.803354674808247e-09,0.1,0.0,1
10,2631,world,26.310000000000002,2.6210000000000004,3.8074999141693113,2.3605447038887775,-0.8123656254012318,0.637022106510889,0.6370221065339449,-0.3069248048059199,0.30692480479481127,-3.619229012023892e-12,0.06290513529789242,-0.07773637471064528,-0.16629363355976426,-2.7015929732498824e-09,-2.1527498047321617e-09,0.1,0.0,1
10,2632,world,26.32,2.622,3.807499914169311,2.3611729418651106,-0.8131436464027515,0.636766688191717,0.636766688103327,-0.3074543622271684,0.3074543622698463,1.3880710264255774e-11,0.06274202008014086,-0.07786808663543238,-0.19671764900835242,-1.5542632768827776e-09,-1.2335085359631031e-09,0.1,0.0,1
10,2633,world,26.330000000000002,2.623,3.8074999141693113,2.3617995371433267,-0.8139229909880537,0.6364170990843436,0.6364170990821213,-0.3081773450371581,0.30817734503823424,3.4918885615060625e-13,0.06257676507609199,-0.07800095174170374,-0.22743093102512257,3.214284389617185e-09,2.5406657031640456e-09,0.1,0.0,1
10,2634,world,26.34,2.624,3.807499914169311,2.3624244717406113,-0.8147036678535474,0.6360657956182016,0.63606579558203,-0.3089017702477041,0.3089017702652707,5.686638962326666e-12,0.0624098823913808,-0.07813454152866078,-0.22772019759333006,2.0129776368466763e-09,1.5836845533301579e-09,0.1,0.0,1
10,2635,world,26.35,2.625,3.8074999141693113,2.3630477293334775,-0.8154856842126882,0.6357136674984523,0.6357136675287971,-0.3096257950186852,0.3096257950039056,-4.773251718365022e-12,0.06224136261012732,-0.07826884936189266,-0.22772019759332732,-2.0086616411082407e-09,-1.572897339544028e-09,0.1,0.0,1
10,2636,world,26.36,2.626,3.8074999141693113,2.363669293503522,-0.8162690472123822,0.6353607153145373,0.6353607152459869,-0.3103494183467434,0.3103494183802277,1.0788922458977371e-11,0.06207119623398231,-0.07840386851477714,-0.2277201975933267,-1.1249697015650647e-08,-8.767899545891815e-09,0.1,0.0,1
10,2637,world,26.37,2.6270000000000002,3.807499914169311,2.3642891477370656,-0.8170537639317238,0.6350069394330145,0.6350069392821843,-0.31107263933800045,0.3110726394118881,2.3751830040997936e-11,0.0618993737151885,-0.07853959214095418,-0.22772019759332116,3.068847830304952e-09,2.380615819182118e-09,0.1,0.0,1
10,2638,world,26.38,2.628,3.807499914169311,2.364907275424783,-0.8178398413806826,0.6346523402138636,0.634652340194689,-0.31179545710336826,0.3117954571127885,3.021203498429376e-12,0.06172588544896858,-0.07867601327940309,-0.22772019759331347,8.081803328160314e-09,6.239912595053236e-09,0.1,0.0,1
10,2639,world,26.39,2.629,3.807499914169311,2.3655236598613616,-0.818627286498759,0.6342969182905659,0.6342969182694327,-0.3125178706206124,0.3125178706310247,3.3316319708575517e-12,0.06155072184315649,-0.07881312479902304,-0.22772019759332673,-5.244131886955991e-09,-4.029956243375389e-09,0.1,0.0,1
10,2640,world,26.400000000000002,2.6300000000000003,3.8074999141693113,2.366138284245207,-0.8194161061536342,0.6339406740970451,0.6339406739940378,-0.31323987896617095,0.31323987901706846,1.624822191249749e-11,0.06137387325274997,-0.07895091944971498,-0.22772019759333226,-8.281521520669673e-10,-6.334022118849439e-10,0.1,0.0,1
10,2641,world,26.41,2.6310000000000002,3.8074999141693104,2.3667511316781638,-0.8202063071397684,0.633583607979903,0.633583607945582,-0.313961481260957,0.31396148127796425,5.416804727337938e-12,0.06119533000450566,-0.07908938984237804,-0.22772019759331627,6.464437354710591e-09,4.921045605325692e-09,0.1,0.0,1
10,2642,world,26.42,2.632,3.807499914169311,2.367362185165273,-0.8209978961769645,0.6332257204945069,0.633225720494507,-0.31468267652384774,0.31468267652384774,0.0,0.06101508241158115,-0.07922852843709746,-0.22772019759331896,-3.4237531313232267e-09,-2.594034175658425e-09,0.1,0.0,1
10,2643,world,26.43,2.633,3.807499914169311,2.367971427614329,-0.8217908799091348,0.6328670121491302,0.6328670120604788,-0.3154034637977242,0.3154034638419057,1.4007497022790263e-11,0.060833120757408404,-0.07936832755523181,-0.22772019759332673,2.8355203822332117e-09,2.1382025755799805e-09,0.1,0.0,1
10,2644,world,26.44,2.6340000000000003,3.807499914169311,2.368578841834335,-0.8225852649038178,0.6325074832362062,0.6325074832811314,-0.3161238422341518,0.3161238422116984,-7.1025124384004014e-12,0.0606494353227799,-0.07950877935818118,-0.22772019759332732,7.657858748687501e-09,5.747313152179725e-09,0.1,0.0,1
10,2645,world,26.45,2.635,3.8074999141693113,2.369184410540856,-0.8233810576464751,0.6321471344059473,0.6321471344384486,-0.3168438108074152,0.3168438107911249,-5.141271812279163e-12,0.06046401637772543,-0.07964987585347609,-0.22772019759331347,-5.690464133070625e-09,-4.250545259009779e-09,0.1,0.0,1
10,2646,world,26.46,2.636,3.8074999141693113,2.3697881163500303,-0.8241782645434856,0.6317859660849888,0.6317859660401149,-0.31756336860419726,0.3175633686267528,7.1024803043369164e-12,0.06027685417164182,-0.07979160890200565,-0.22772019759332954,2.3296412727292364e-09,1.7318966796556603e-09,0.1,0.0,1
10,2647,world,26.47,2.637,3.807499914169311,2.370389941780505,-0.8249768919190058,0.6314239786133925,0.6314239786825155,-0.3182825147561173,0.31828251472127433,-1.094686217762871e-11,0.06008793895001749,-0.07993397020503218,-0.22772019759332737,9.499340086700422e-09,7.028460282045309e-09,0.1,0.0,1
10,2648,world,26.48,2.638,3.8074999141693113,2.3709898692534055,-0.825776946013364,0.6310611725955292,0.6310611726998492,-0.31900124826298965,0.31900124821025594,-1.6530414791877484e-11,0.05989726096454348,-0.08007695129652087,-0.2277201975933184,-1.547827094201289e-09,-1.1397795344018126e-09,0.1,0.0,1
10,2649,world,26.490000000000002,2.6390000000000002,3.8074999141693113,2.371587881092354,-0.8265784329814437,0.6306975485097047,0.6306975485545017,-0.3197195681888362,0.3197195681661272,-7.102583590296991e-12,0.059704810468632366,-0.08022054354655477,-0.22772019759332116,-6.8716647365403306e-09,-5.036005135544778e-09,0.1,0.0,1
10,2650,world,26.5,2.64,3.807499914169311,2.3721839595235115,-0.8273813588910096,0.6303331067742042,0.6303331067710021,-0.3204374736292192,0.320437473630847,5.079907318340874e-13,0.059510577728478065,-0.0803647381531401,-0.22772019759331896,-2.950281459916877e-10,-2.151766737106974e-10,0.1,0.0,1
10,2651,world,26.51,2.641,3.8074999141693118,2.3727780866746766,-0.828185729721743,0.6299678478215833,0.6299678478617277,-0.32115496367380886,0.32115496365334345,-6.37227798451796e-12,0.059314552994201165,-0.08050952616366651,-0.22772019759331896,1.6135884363436056e-09,1.1712863032926496e-09,0.1,0.0,1
10,2652,world,26.52,2.642,3.8074999141693118,2.373370244577067,-0.8289915513623033,0.6296017722018319,0.6296017722237406,-0.32187203735354813,0.32187203734234776,-3.479663958674185e-12,0.059116726562560465,-0.08065489842859801,-0.22772019759332396,2.9614947221562723e-10,2.139429373082481e-10,0.1,0.0,1
10,2653,world,26.53,2.6430000000000002,3.8074999141693113,2.3739604151665428,-0.8297988296078159,0.6292348803382326,0.629234880382928,-0.322588693764983,0.3225886937420691,-7.102965961423879e-12,0.05891708873979845,-0.08080084562940362,-0.22772019759331844,-1.9161050431080527e-09,-1.3776089407293365e-09,0.1,0.0,1
10,2654,world,26.54,2.644,3.8074999141693118,2.374548580280747,-0.8306075701603561,0.6288671727645802,0.6288671727567816,-0.323304931949223,0.3233049319532322,1.240044893349745e-12,0.05871562985233238,-0.08094735827093986,-0.22772019759331896,-7.201237501800794e-09,-5.152523142683871e-09,0.1,0.0,1
10,2655,world,26.55,2.645,3.8074999141693113,2.3751347216607304,-0.8314177786261412,0.6284986499231188,0.6284986498564582,-0.3240207509953299,0.32402075102969663,1.0606125872649513e-11,0.058512340248567274,-0.08109442668048092,-0.22772019759333229,2.205967872013354e-09,1.570805955113511e-09,0.1,0.0,1
10,2656,world,26.560000000000002,2.6460000000000004,3.8074999141693113,2.3757188209512514,-0.832229460513679,0.6281293122125448,0.6281293122387759,-0.32473615001616735,0.32473615000260614,-4.17600548606418e-12,0.058307210318551905,-0.08124204099398386,-0.22772019759333229,4.32688148459995e-09,3.0662152116825058e-09,0.1,0.0,1
10,2657,world,26.57,2.6470000000000002,3.8074999141693113,2.376300859701139,-0.8330426212319318,0.6277591602471106,0.6277591602471106,-0.3254511280143956,0.3254511280143956,0.0,0.05810023049615434,-0.08139019115528442,-0.22772019759331621,-2.418300984545102e-09,-1.7054483687933061e-09,0.1,0.0,1
10,2658,world,26.580000000000002,2.648,3.807499914169311,2.3768808193636772,-0.8338572660884007,0.6273881944394741,0.6273881944285433,-0.32616568409779245,0.3261656841034752,1.7422462428777607e-12,0.05789139123780257,-0.08153886693198328,-0.22772019759331896,-3.919640224969842e-09,-2.750889395701026e-09,0.1,0.0,1
10,2659,world,26.59,2.649,3.807499914169311,2.377458681297059,-0.8346734002872176,0.6270164152973046,0.6270164152372537,-0.32687981732608956,0.3268798173573957,9.577130201874282e-12,0.05768068307498099,-0.08168805787875975,-0.227720197593324,7.141876600925941e-10,4.988042071648941e-10,0.1,0.0,1
10,2660,world,26.6,2.6500000000000004,3.8074999141693118,2.378034426764882,-0.8354910289272077,0.6266438232289008,0.6266438232289007,-0.32759352681191106,0.32759352681191106,0.0,0.05746809655518174,-0.0818377533802359,-0.22772019759331621,6.5097622488640705e-09,4.524588783920792e-09,0.1,0.0,1
10,2661,world,26.61,2.651,3.807499914169311,2.3786080369366958,-0.8363101569999156,0.6262704187822475,0.6262704188215661,-0.3283068115961827,0.32830681157557096,-6.278125200550228e-12,0.05725362231265501,-0.0819879426018232,-0.22772019759331896,-5.6787568211576184e-09,-3.9278531068926926e-09,0.1,0.0,1
10,2662,world,26.62,2.652,3.8074999141693113,2.379179492888596,-0.8371307893876018,0.6258962025135995,0.6258962024271657,-0.32901967071621185,0.3290196707616481,1.3809474974672863e-11,0.05703725103850171,-0.08213861451212173,-0.22772019759333226,1.6123505366009055e-10,1.1096827499711229e-10,0.1,0.0,1
10,2663,world,26.63,2.653,3.8074999141693118,2.3797487756034426,-0.8379529308615363,0.6255211746986071,0.6255211747403273,-0.3297321033579067,0.32973210333591463,-6.669625676321346e-12,0.05681897346490508,-0.08228975789485843,-0.22772019759333287,3.1620206026166076e-09,2.165862418365912e-09,0.1,0.0,1
10,2664,world,26.64,2.654,3.807499914169311,2.38031586597278,-0.8387765860791144,0.6251453360545565,0.6251453360161459,-0.330444108476061,0.33044410849636435,6.144221930429481e-12,0.05659878044767497,-0.08244136129295711,-0.22772019759331286,-2.404786783097336e-09,-1.639163833598432e-09,0.1,0.0,1
10,2665,world,26.650000000000002,2.6550000000000002,3.807499914169311,2.3808807447967775,-0.839601759582327,0.6247686869026237,0.6247686869079283,-0.3311556852351903,0.3311556852323785,-8.49082182158471e-13,0.05637666286993775,-0.08259341307664543,-0.2277201975933156,5.1043713407095795e-09,3.4622612502131748e-09,0.1,0.0,1
10,2666,world,26.66,2.656,3.8074999141693113,2.381443392784784,-0.8404284557958723,0.6243912277982053,0.6243912278368635,-0.33186683267740197,0.33186683265685496,-6.191314848293166e-12,0.05615261172777317,-0.08274590138580855,-0.2277201975933245,2.938818397280387e-09,1.9836247024853697e-09,0.1,0.0,1
10,2667,world,26.67,2.657,3.807499914169311,2.3820037905565052,-0.8412566790248323,0.6240129592366946,0.6240129592862431,-0.33257754987750904,0.33257754985110133,-7.940290490438943e-12,0.055926618103711113,-0.08289881415003264,-0.22772019759333287,-5.265925583766288e-09,-3.5369265887089096e-09,0.1,0.0,1
10,2668,world,26.68,2.658,3.807499914169311,2.3825619186429186,-0.8420864334525131,0.6236338817477257,0.6236338817072168,-0.33328783589310756,0.33328783591475675,6.4956356903920624e-12,0.055698673187253626,-0.08305213907648323,-0.22772019759332673,-9.158637325998209e-09,-6.1213004279237725e-09,0.1,0.0,1
10,2669,world,26.69,2.6590000000000003,3.8074999141693113,2.383117757487276,-0.8429177231383105,0.6232539957508952,0.623253995663069,-0.3339976898416535,0.333997689888719,1.4091550539947476e-11,0.05546876823780868,-0.08320586367666806,-0.22772019759331844,5.719341058897453e-09,3.803786964441541e-09,0.1,0.0,1
10,2670,world,26.7,2.66,3.8074999141693118,2.3836712874457056,-0.8437505520157855,0.6228733016699368,0.6228733017150444,-0.33470711083992305,0.33470711081568405,-7.241843494046341e-12,0.05523689462675292,-0.08335997523987754,-0.22772019759331621,1.1609059865967157e-08,7.682813808291541e-09,0.1,0.0,1
10,2671,world,26.71,2.661,3.8074999141693118,2.38422248878901,-0.8445849238900326,0.6224918001347349,0.6224918002203309,-0.33541609789514343,0.3354160978490218,-1.3750555141346605e-11,0.055003043884053415,-0.08351446080463487,-0.22772019759333292,-1.1209573520865473e-08,-7.381789065005391e-09,0.1,0.0,1
10,2672,world,26.72,2.662,3.8074999141693113,2.384771341704167,-0.8454208424352375,0.6221094917176643,0.6221094915957198,-0.33612465004594083,0.3361246501118273,1.960177698091961e-11,0.05476720762889684,-0.08366930720720296,-0.22772019759331563,-3.8859032936502066e-09,-2.5462820543190014e-09,0.1,0.0,1
10,2673,world,26.73,2.6630000000000003,3.8074999141693113,2.3853178262946075,-0.846258311193066,0.6217263766117364,0.6217263766394584,-0.3368327665371418,0.3368327665221229,-4.458860938667529e-12,0.05452937758360632,-0.0838245010742354,-0.2277201975933156,9.632797336274634e-09,6.280731367609597e-09,0.1,0.0,1
10,2674,world,26.740000000000002,2.664,3.807499914169311,2.3858619225819013,-0.8470973335701503,0.62134245557037,0.6213424555914783,-0.33754044631204994,0.33754044630058305,-3.3971900792159054e-12,0.05428954564439317,-0.08398002877902193,-0.22772019759333562,-2.7963794356721515e-09,-1.8142419925614625e-09,0.1,0.0,1
10,2675,world,26.75,2.665,3.8074999141693118,2.386403610507122,-0.8479379128358098,0.6209577290272469,0.6209577290135372,-0.33824768848775805,0.33824768849522585,2.207796362779066e-12,0.05404770383223367,-0.08413587647646605,-0.2277201975933156,-4.789184302725511e-09,-3.0916448920397678e-09,0.1,0.0,1
10,2676,world,26.76,2.6660000000000004,3.8074999141693118,2.386942869932286,-0.8487800521197736,0.6205721974675992,0.620572197417931,-0.3389544921547175,0.338954492181846,8.003554671076442e-12,0.05380384431585125,-0.08429203009084335,-0.22772019759332182,-4.543369610392902e-10,-2.9182653757735586e-10,0.1,0.0,1
10,2677,world,26.77,2.667,3.8074999141693118,2.3874796806418472,-0.8496237544098559,0.6201858613580468,0.6201858613376563,-0.3396608564147926,0.33966085642595994,3.2877705501638898e-12,0.05355795940657872,-0.08444847532195753,-0.22670198313813872,5.400381993282496e-09,3.451532296569951e-09,0.1,0.0,1
10,2678,world,26.78,2.668,3.8074999141693113,2.388014022349938,-0.8504690225460872,0.6198021868532095,0.6198021868830511,-0.3403604694424146,0.3403604694260273,-4.814649064536374e-12,0.05331006081376728,-0.08460518551502878,-0.2149119675058204,-1.1630760870316684e-09,-7.398212742020148e-10,0.1,0.0,1
10,2679,world,26.79,2.669,3.8074999141693118,2.388545885699446,-0.8513158523217031,0.619454457868679,0.6194544578312351,-0.3409929246227659,0.34099292464337777,6.0445932947369984e-12,0.05306312988394908,-0.08476027517014767,-0.20414016632868887,-4.260095237804152e-09,-2.6969528690397174e-09,0.1,0.0,1
10,2680,world,26.8,2.67,3.8074999141693118,2.3890752954099765,-0.852164218203983,0.6191060834817971,0.6191060834491743,-0.3416250245662302,0.3416250245842316,5.269254844033574e-12,0.052819337702422454,-0.08491241113451822,-0.2041401663286796,-4.5332102915539295e-10,-2.856883382374184e-10,0.1,0.0,1
10,2681,world,26.810000000000002,2.6710000000000003,3.807499914169311,2.389602282999114,-0.8530140907902226,0.6187570640996795,0.6187570640556467,-0.3422567685899795,0.3422567686143356,7.11617289563832e-12,0.05257870911748091,-0.08506162088474056,-0.20414016632866852,-5.0107702817297e-09,-3.143601453182147e-09,0.1,0.0,1
10,2682,world,26.82,2.672,3.8074999141693118,2.39012688021728,-0.8538654409593499,0.6184074001029816,0.618407399997235,-0.3428881560263648,0.34288815608499806,1.709935813937502e-11,0.05234126807337977,-0.08520793188706434,-0.20414016632867216,2.273910418353403e-09,1.4201136249396527e-09,0.1,0.0,1
10,2683,world,26.830000000000002,2.673,3.8074999141693104,2.3906491190628625,-0.8547182398568038,0.6180570917525336,0.6180570917416901,-0.34351918627499095,0.34351918628101785,1.7544000088118602e-12,0.05210703767027697,-0.08535137154860688,-0.2041401663286777,1.567080887679804e-11,9.735274908850359e-12,0.1,0.0,1
10,2684,world,26.84,2.674,3.807499914169311,2.391169031747021,-0.8555724589103572,0.6177061395863347,0.617706139480936,-0.3441498585823391,0.344149858641061,1.7062221891756176e-11,0.05187604019163529,-0.08549196719011583,-0.20414016632868243,-2.425419884197318e-09,-1.501018408494011e-09,0.1,0.0,1
10,2685,world,26.85,2.6750000000000003,3.8074999141693113,2.3916866507146275,-0.85642806981138,0.6173545437983357,0.6173545437522866,-0.3447801723868566,0.3447801724125741,7.45876604764808e-12,0.05164829704379628,-0.08562974607270413,-0.20414016632868792,1.205010540075239e-08,7.423440633412749e-09,0.1,0.0,1
10,2686,world,26.86,2.676,3.8074999141693113,2.3922020086044933,-0.8572850445330673,0.6170023048037567,0.6170023048731289,-0.3454101270047878,0.34541012696595186,-1.1242873716979974e-11,0.051423828900415906,-0.08576473530082601,-0.20414016632866946,9.243681689896398e-09,5.66855428844808e-09,0.1,0.0,1
10,2687,world,26.87,2.677,3.8074999141693118,2.3927151382759053,-0.858143355308347,0.616649423046136,0.6166494231338704,-0.3460397217369745,0.3460397216877415,-1.422676921322068e-11,0.05120265561852001,-0.08589696186484852,-0.2041401663286722,-4.984299770881004e-09,-3.0425558221937776e-09,0.1,0.0,1
10,2688,world,26.88,2.678,3.8074999141693113,2.3932260727635635,-0.8590029746508814,0.6162958988989777,0.6162958988962927,-0.3466689559239942,0.3466689559255046,4.3567003868852205e-13,0.0509847963354435,-0.08602645257496877,-0.20414016632867682,-1.4787156777733955e-08,-8.985136935682894e-09,0.1,0.0,1
10,2689,world,26.89,2.6790000000000003,3.8074999141693118,2.3937348453098086,-0.8598638753296559,0.61594173269241,0.6159417325668914,-0.34729782893160216,0.34729782900237566,2.0376996243989578e-11,0.050770269435308324,-0.08615323407432944,-0.20414016632867407,-2.364624029142888e-09,-1.430216661480523e-09,0.1,0.0,1
10,2690,world,26.900000000000002,2.68,3.807499914169312,2.394241489319154,-0.8607260303898512,0.6155869246733839,0.6155869246366784,-0.34792634017352436,0.34792634019427016,5.962281100861546e-12,0.05055909259294017,-0.08627733280635479,-0.20414016632867776,1.2816975834302009e-08,7.716510572113771e-09,0.1,0.0,1
10,2691,world,26.91,2.681,3.807499914169312,2.3947460383843353,-0.8615894131311893,0.6152314753140707,0.6152314753727813,-0.34855448893730373,0.3485544889040417,-9.54212548953538e-12,0.050351282806279186,-0.08639877498993892,-0.20414016632867407,1.1843007029455537e-09,7.097272147803101e-10,0.1,0.0,1
10,2692,world,26.92,2.6820000000000004,3.8074999141693118,2.3952485262537797,-0.8624539971208445,0.6148753850749951,0.6148753850553109,-0.34918227451730216,0.34918227452848066,3.2010747309375256e-12,0.05014685643979336,-0.08651758658912509,-0.20414016632867496,-3.2002589490386858e-09,-1.9089743055763653e-09,0.1,0.0,1
10,2693,world,26.93,2.683,3.8074999141693113,2.395748986842626,-0.8633197561806853,0.614518654184776,0.6145186541976201,-0.34980969634016224,0.34980969633285086,-2.0899255157574994e-12,0.049945829156755314,-0.08663379334788598,-0.20414016632867502,9.830865177663137e-10,5.836987728278765e-10,0.1,0.0,1
10,2694,world,26.94,2.684,3.8074999141693113,2.396247454218104,-0.8641866643895325,0.6141612830960222,0.6141612830904045,-0.35043675370624944,0.35043675370945493,9.14626704598146e-13,0.04974821602528664,-0.0867474207242003,-0.20414016632868517,-8.996865062305085e-10,-5.316931146760466e-10,0.1,0.0,1
10,2695,world,26.95,2.685,3.8074999141693118,2.396743962591491,-0.8650546960814124,0.6138032721435196,0.6138032721435196,-0.3510634459836404,0.3510634459836404,0.0,0.0495540315351749,-0.08685849387717295,-0.20414016632868057,7.285621614751103e-10,4.285630385106056e-10,0.1,0.0,1
10,2696,world,26.96,2.686,3.807499914169311,2.3972385463243997,-0.8659238258356909,0.6134446217127235,0.6134446217174828,-0.3516897725123288,0.35168977250960026,-7.757811630378594e-13,0.049363289575551555,-0.0869670376768132,-0.20414016632867776,3.0698964709434947e-09,1.7973787729683277e-09,0.1,0.0,1
10,2697,world,26.97,2.687,3.8074999141693118,2.397731239902751,-0.8667940284855618,0.6130853321598071,0.6130853322034264,-0.35231573264983196,0.3523157326247656,-7.114080456042761e-12,0.049176003488151716,-0.08707307667088197,-0.20414016632867407,-1.7176105810241389e-09,-1.0009389164015085e-09,0.1,0.0,1
10,2698,world,26.98,2.688,3.8074999141693113,2.398222077954878,-0.8676652791014174,0.6127254039271831,0.6127254039075751,-0.35294132570485204,0.35294132571614656,3.1998190880991525e-12,0.048992186066556684,-0.08717663508314535,-0.20414016632867407,2.45745816738273e-09,1.4253746979513754e-09,0.1,0.0,1
10,2699,world,26.990000000000002,2.689,3.8074999141693118,2.3987110952282276,-0.8685375529977158,0.6123648372581935,0.612364837336555,-0.353566551101426,0.3535665510561817,-1.2795360985179122e-11,0.048811849585603695,-0.08727773679485737,-0.2041401663286805,4.6676805976943465e-09,2.694618623509185e-09,0.1,0.0,1
10,2700,world,27.0,2.69,3.8074999141693113,2.399198326588662,-0.869410825726972,0.6120036326740591,0.6120036327204438,-0.3541914081042564,0.3541914080774117,-7.578446150463275e-12,0.04863500586128486,-0.08737640530985918,-0.20414016632866852,-3.0027806669311638e-09,-1.7253266364044947e-09,0.1,0.0,1
10,2701,world,27.01,2.6910000000000003,3.8074999141693113,2.399683807025166,-0.8702850730707864,0.6116417904753719,0.6116417905112768,-0.35481589610600967,0.3548158960851811,-5.869706180375456e-12,0.048461666195299964,-0.08747266378460943,-0.20414016632867688,-2.750609985086975e-09,-1.5729678493563395e-09,0.1,0.0,1
10,2702,world,27.02,2.692,3.8074999141693118,2.4001675716298645,-0.8711602710446577,0.6112793110587754,0.6112793110663671,-0.3554400144446841,0.3554400144402698,-1.2418079981403348e-12,0.04829184144905001,-0.08756653498603116,-0.20414016632867227,-5.543364065461268e-09,-3.1550478605168727e-09,0.1,0.0,1
10,2703,world,27.03,2.693,3.807499914169312,2.4006496556044765,-0.8720363958880291,0.6109161948036693,0.610916194761599,-0.3560637624689936,0.3560637624935136,6.8858061820958105e-12,0.04812554205932504,-0.08765804128256655,-0.20414016632867776,-6.264959572618141e-09,-3.5488359141855712e-09,0.1,0.0,1
10,2704,world,27.04,2.694,3.8074999141693113,2.401130094255489,-0.8729134240606616,0.6105524420719884,0.6105524419916483,-0.3566871395386186,0.35668713958555365,1.3157480241145607e-11,0.047962778009453644,-0.08774720465984015,-0.20414016632868798,4.4897172743560264e-10,2.5312824986801056e-10,0.1,0.0,1
10,2705,world,27.05,2.6950000000000003,3.8074999141693118,2.401608922981836,-0.8737913322430583,0.6101880532069575,0.6101880531712273,-0.3573101450250602,0.3573101450459829,5.855126209812828e-12,0.047803558908260387,-0.08783404667726792,-0.20414016632866852,5.706758477037794e-09,3.2019242847315774e-09,0.1,0.0,1
10,2706,world,27.060000000000002,2.696,3.8074999141693118,2.40208617728004,-0.8746700973273313,0.6098230286343052,0.6098230286338703,-0.35793277825236586,0.35793277825262104,7.129101760743903e-14,0.04764789400891438,-0.08791858845838724,-0.20414016632867502,3.916339419490246e-09,2.1868605460893206e-09,0.1,0.0,1
10,2707,world,27.07,2.697,3.8074999141693118,2.4025618927387895,-0.8755496964139158,0.609457368737604,0.6094573687565915,-0.3585550385699096,0.35855503855873894,-3.1152300918489904e-12,0.0474957921679361,-0.08800085071373015,-0.20414016632867688,3.1166757505760925e-11,1.7319491213460518e-11,0.1,0.0,1
10,2708,world,27.080000000000002,2.6980000000000004,3.8074999141693118,2.403036105029612,-0.8764301068102937,0.609091073909078,0.609091073909078,-0.3591769253227246,0.3591769253227246,0.0,0.04734726190454261,-0.08808085370920657,-0.20414016632867504,6.6357909737505335e-09,3.6699363502648445e-09,0.1,0.0,1
10,2709,world,27.09,2.699,3.8074999141693113,2.4035088499087025,-0.8773113060237556,0.6087241444460038,0.6087241445572876,-0.3597984379126816,0.35979843784690513,-1.828026912793605e-11,0.047202311422918225,-0.08815861725511492,-0.20414016632867502,3.739644526839548e-09,2.0582577727103686e-09,0.1,0.0,1
10,2710,world,27.1,2.7,3.8074999141693118,2.403980163216141,-0.8781932717555994,0.6083565808811099,0.6083565809330471,-0.3604195756034062,0.3604195755726361,-8.536775725645079e-12,0.047060948595997194,-0.08823416071593197,-0.20414016632867132,-5.117759773365159e-09,-2.8031679795770535e-09,0.1,0.0,1
10,2711,world,27.11,2.701,3.8074999141693113,2.404450080866216,-0.8790759819000663,0.607988383488218,0.6079883835284131,-0.36104033781222167,0.36104033778835276,-6.610769187404289e-12,0.04692318103963955,-0.0883075029718382,-0.20414016632868612,-2.725271902509426e-09,-1.485496092050226e-09,0.1,0.0,1
10,2712,world,27.12,2.702,3.8074999141693113,2.404918638845344,-0.87995941453926,0.6076195526818782,0.6076195526960334,-0.36166072387407566,0.3616607238656503,-2.3295018771395616e-12,0.046789016069552845,-0.08837866244316626,-0.2041401663286722,-4.898501675946611e-09,-2.6571263659272175e-09,0.1,0.0,1
10,2713,world,27.13,2.703,3.8074999141693113,2.405385873218383,-0.880843547933574,0.6072500888470259,0.607250088819491,-0.36228073314219805,0.3622807331586251,4.534134643219924e-12,0.04665846074235,-0.08844765706989974,-0.20414016632867693,-1.211800946365901e-09,-6.541244315304297e-10,0.1,0.0,1
10,2714,world,27.14,2.704,3.8074999141693118,2.405851820115938,-0.8817283605222794,0.60687999232743,0.6068799923248536,-0.36290036499521877,0.3629003649967594,4.2449771356706693e-13,0.046531521867104325,-0.08851450430709756,-0.20414016632867962,5.1301387686876005e-09,2.7557197901068434e-09,0.1,0.0,1
10,2715,world,27.150000000000002,2.705,3.8074999141693113,2.4063165157327124,-0.8826138309182396,0.6065092635316149,0.6065092635747529,-0.3635196187739713,0.363519618748116,-7.11225200211545e-12,0.04640820603332076,-0.08857922111177571,-0.2041401663286722,1.929338585549633e-09,1.031295210536612e-09,0.1,0.0,1
10,2716,world,27.16,2.706,3.8074999141693113,2.4067799963334466,-0.8834999378986366,0.6061379028886472,0.6061379029125946,-0.36413849380761176,0.3641384937932253,-3.950694786727166e-12,0.04628851961790754,-0.08864182394097377,-0.20414016632867132,-4.0649734057028425e-10,-2.1621885977881215e-10,0.1,0.0,1
10,2717,world,27.17,2.7070000000000003,3.807499914169311,2.4072422982439443,-0.8843866604036017,0.605765910736594,0.6057659107741009,-0.3647569894806434,0.364756989458059,-6.191470512329701e-12,0.046172468771232655,-0.08870232876069009,-0.20414016632867682,-1.2504730942867769e-08,-6.618726834008617e-09,0.1,0.0,1
10,2718,world,27.18,2.708,3.8074999141693118,2.407703457847971,-0.8852739775317331,0.6053932875786106,0.6053932874312223,-0.365375105078997,0.3653751051679508,2.4345416246491288e-11,0.046060059514575875,-0.0887607509967876,-0.2041401663286806,-2.739121944361219e-09,-1.4426636580107738e-09,0.1,0.0,1
10,2719,world,27.19,2.709,3.8074999141693118,2.408163511591096,-0.8861618685320192,0.6050200335375377,0.6050200335375379,-0.36599284011881517,0.36599284011881517,0.0,0.04595129760232553,-0.08881710560844974,-0.2041401663286722,1.0781966147874328e-08,5.650639439724152e-09,0.1,0.0,1
10,2720,world,27.2,2.71,3.8074999141693118,2.40862249597685,-0.88705031279982,0.6046461492420788,0.6046461492420788,-0.36661019381180027,0.36661019381180027,0.0,0.045846188729014865,-0.08887140698235597,-0.17555986731984718,-2.0984863524040804e-09,-1.095091247334302e-09,0.1,0.0,1
10,2721,world,27.21,2.7110000000000003,3.807499914169311,2.4090804435513,-0.8879392919376609,0.6043765649634333,0.6043765649348217,-0.3670544479146315,0.36705444793200803,4.73401309537956e-12,0.045743306776631895,-0.08892440545282798,-0.14155062294312493,4.814747432106819e-09,2.502149323978973e-09,0.1,0.0,1
10,2722,world,27.22,2.7119999999999997,3.8074999141693118,2.4095373608278874,-0.888828801066408,0.6041266046175695,0.6041266046831305,-0.3674657066561362,0.36746570661625816,-1.085210528322419e-11,0.0456400830707504,-0.08897742869568104,-0.13612167757522525,7.104874440206067e-09,3.679535591212463e-09,0.1,0.0,1
10,2723,world,27.23,2.713,3.8074999141693118,2.4099932439008005,-0.8897188406783864,0.6038763644693355,0.6038763645373816,-0.36787679514948557,0.3678767951080324,-1.126814931465597e-11,0.0455364658124818,-0.08903050197156409,-0.1361216775752286,-7.98195090051392e-09,-4.119994507792077e-09,0.1,0.0,1
10,2724,world,27.240000000000002,2.7140000000000004,3.8074999141693118,2.410448088832789,-0.8906094112674892,0.6036258446455391,0.603625844602604,-0.3682877131974791,0.36828771322367493,7.11283440490256e-12,0.04543245488592526,-0.08908362387688529,-0.13612167757522525,-1.1335225150727762e-08,-5.831292806431867e-09,0.1,0.0,1
10,2725,world,27.25,2.715,3.8074999141693113,2.410901891685515,-0.8915005133135293,0.6033750451714557,0.6033750450856185,-0.36869846066507656,0.36869846071752826,1.4226108937579292e-11,0.045328050160747875,-0.08913679301290084,-0.13612167757522248,8.275599430099826e-09,4.243059992520955e-09,0.1,0.0,1
10,2726,world,27.26,2.716,3.807499914169311,2.4113546485225403,-0.8923921472806949,0.6031239660982914,0.6031239661675725,-0.36910903740186596,0.36910903735946626,-1.148697926982816e-11,0.045223251486202175,-0.08919000798865148,-0.1361216775752172,8.45604680957334e-09,4.3210531840856595e-09,0.1,0.0,1
10,2727,world,27.27,2.717,3.807499914169311,2.411806355402514,-0.8932843136209754,0.6028726077391966,0.6028726077679298,-0.36951944309728296,0.36951944307967144,-4.766041599637987e-12,0.0451180588017915,-0.08924326736487233,-0.13612167757522528,-5.317245509495247e-09,-2.7080041023540483e-09,0.1,0.0,1
10,2728,world,27.28,2.718,3.8074999141693113,2.412257008384376,-0.8941770127715043,0.6026209701082144,0.6026209701055195,-0.3699296776237973,0.36992967762545154,4.471734063129189e-13,0.04501247199086056,-0.08929656972847275,-0.13612167757522525,4.218532382774841e-09,2.141210093228319e-09,0.1,0.0,1
10,2729,world,27.29,2.719,3.807499914169311,2.4127066035285227,-0.8950702451539435,0.6023690532665571,0.6023690533522604,-0.37033974082542137,0.3703397407727304,-1.4227683568771235e-11,0.04490649096214114,-0.0893499136511454,-0.13612167757522003,1.9952101692870531e-10,1.009387330130935e-10,0.1,0.0,1
10,2730,world,27.3,2.72,3.8074999141693113,2.413155136889579,-0.8959640111781222,0.6021168574778832,0.6021168574778833,-0.37074963242187897,0.37074963242187897,0.0,0.044800115655956874,-0.089403297686455,-0.13612167757521723,-4.19346076357773e-09,-2.1141428475286192e-09,0.1,0.0,1
10,2731,world,27.310000000000002,2.721,3.8074999141693113,2.413602604526389,-0.896858311236948,0.6018643827145642,0.6018643827436657,-0.37115935231213343,0.37115935229418706,-4.835200132225473e-12,0.0446933459851285,-0.08945672039960777,-0.13612167757522525,5.865851284303188e-09,2.9472794425139373e-09,0.1,0.0,1
10,2732,world,27.32,2.722,3.8074999141693113,2.4140490024954517,-0.8977531457097463,0.6016116291405632,0.6016116292195507,-0.37156890027751854,0.371568900228734,-1.3129298130928811e-11,0.044586181925580504,-0.08951018032212336,-0.13612167757522003,-6.299768209690342e-10,-3.154533165196505e-10,0.1,0.0,1
10,2733,world,27.330000000000002,2.7230000000000003,3.8074999141693118,2.414494326849977,-0.8986485149626312,0.6013585969374898,0.6013585969580932,-0.37197827608843537,0.3719782760756909,-3.4261250991421233e-12,0.04447862341990053,-0.08956367600021047,-0.13612167757521998,-8.370148827631217e-09,-4.177059988881594e-09,0.1,0.0,1
10,2734,world,27.34,2.724,3.8074999141693113,2.414938573648775,-0.8995444193441149,0.6011052861663007,0.6011052861327606,-0.3723874795899473,0.3723874796107255,5.579716597201978e-12,0.04437067043583049,-0.08961720596556735,-0.1361216775752197,-1.533848522254769e-09,-7.628566802647695e-10,0.1,0.0,1
10,2735,world,27.35,2.725,3.8074999141693113,2.4153817389437857,-0.9004408591912663,0.6008516969026146,0.6008516969026145,-0.37279651061839164,0.37279651061839164,0.0,0.044262322939765196,-0.08967076874866156,-0.1361216775752225,-1.2952698472579754e-09,-6.419977644805939e-10,0.1,0.0,1
10,2736,world,27.36,2.726,3.807499914169311,2.4158238187920884,-0.9013378348237362,0.6005978293499514,0.6005978292990747,-0.3732053689309473,0.3732053689625616,8.471010292167583e-12,0.04415358095000596,-0.08972436285252335,-0.13612167757522556,4.1898580887502494e-09,2.0696034615836386e-09,0.1,0.0,1
10,2737,world,27.37,2.7270000000000003,3.8074999141693118,2.4162648092481502,-0.9022353465475816,0.6003436835047695,0.6003436835608792,-0.3736140544134899,0.37361405437857104,-9.3462257504516e-12,0.04404444444773992,-0.08977798679681982,-0.13612167757522803,6.082858319269792e-10,2.994355688853626e-10,0.1,0.0,1
10,2738,world,27.38,2.7279999999999998,3.8074999141693113,2.416704706365764,-0.9031333946542857,0.6000892596666246,0.6000892596239281,-0.3740225667635988,0.3740225667902107,7.115043667427725e-12,0.043934913450611804,-0.08983163908160227,-0.1361216775752308,-4.341148227038058e-09,-2.129644341297567e-09,0.1,0.0,1
10,2739,world,27.39,2.729,3.8074999141693104,2.4171435062027933,-0.9040319794184061,0.5998345577806979,0.5998345577787514,-0.37443090589953604,0.3744309059007512,3.245270418461771e-13,0.04382498798048674,-0.08988531820330946,-0.13612167757520363,1.4741962207192644e-09,7.206987234427095e-10,0.1,0.0,1
10,2740,world,27.400000000000002,2.7300000000000004,3.8074999141693118,2.417581204810556,-0.9049311011027795,0.5995795780656461,0.5995795780426632,-0.3748390715694085,0.3748390715837767,3.833167095763562e-12,0.04371466807822778,-0.08993902264762707,-0.1361216775752114,2.410980493734542e-09,1.1746246494720405e-09,0.1,0.0,1
10,2741,world,27.41,2.731,3.8074999141693118,2.41801779824941,-0.9058307599508624,0.5993243205715791,0.5993243206017808,-0.37524706362663285,0.3752470636077232,-5.039252733911931e-12,0.04360395378400425,-0.08999275089918313,-0.13612167757524468,7.431668688424624e-10,3.6081426775664825e-10,0.1,0.0,1
10,2742,world,27.42,2.732,3.8074999141693118,2.4184532825720906,-0.9067309561948826,0.5990687855020753,0.5990687854890101,-0.37565488182881085,0.3756548818370036,2.1809171360732636e-12,0.04349284517460775,-0.09004650142352895,-0.13612167757521998,-7.3459511177780645e-09,-3.5542330063991476e-09,0.1,0.0,1
10,2743,world,27.43,2.733,3.8074999141693113,2.4188876538383797,-0.9076316900486445,0.598812972932893,0.5988129728653353,-0.37606252601365314,0.3760625260560802,1.1281928047630889e-11,0.04338134231151913,-0.09010027269243308,-0.13612167757521138,-5.427029947188781e-09,-2.6166660259112393e-09,0.1,0.0,1
10,2744,world,27.44,2.734,3.8074999141693113,2.4193209081046114,-0.9085329617126455,0.5985568829584832,0.5985568828733041,-0.3764699960074375,0.37646999606101206,1.4230759152851236e-11,0.043269445273244694,-0.09015406316825485,-0.13612167757523636,4.087342838556239e-09,1.963885216973969e-09,0.1,0.0,1
10,2745,world,27.45,2.735,3.8074999141693118,2.419753041429902,-0.9094347713710327,0.5983005156711281,0.5983005156578901,-0.37687729163806066,0.3768772916463995,2.2126127253688637e-12,0.04315715415988545,-0.0902078713018985,-0.13612167757522828,6.86131086228775e-09,3.2852147822244535e-09,0.1,0.0,1
10,2746,world,27.46,2.736,3.8074999141693118,2.420184049874794,-0.9103371191922576,0.5980438712607754,0.5980438712666586,-0.3772844126720677,0.37728441266835616,-9.837361707061055e-13,0.04304446906921431,-0.0902616955443972,-0.13612167757521448,5.533816781788884e-09,2.6403554170143173e-09,0.1,0.0,1
10,2747,world,27.47,2.737,3.8074999141693113,2.420613929498304,-0.9112400053304697,0.5977869498023626,0.5977869498624419,-0.3776913589485599,0.3776913589106008,-1.0050301416480178e-11,0.042931390136073735,-0.09031553432817763,-0.13612167757522248,-3.274215244211849e-10,-1.556810717052732e-10,0.1,0.0,1
10,2748,world,27.48,2.738,3.8074999141693113,2.4210426763656385,-0.9121434299218392,0.5975297514888052,0.5975297514903506,-0.3780981302323157,0.3780981302313377,-2.5866896130962076e-13,0.04281791749631184,-0.09036938608444252,-0.13612167757521998,-9.31309206477674e-09,-4.412474527281009e-09,0.1,0.0,1
10,2749,world,27.490000000000002,2.7390000000000003,3.807499914169311,2.421470286536203,-0.9130473930902271,0.5972722763859234,0.5972722763228471,-0.3785047263685369,0.3785047264085098,1.0560746908259722e-11,0.04270405128036811,-0.09042324924621815,-0.13612167757521446,1.0629556076119672e-10,5.0187647327048036e-11,0.1,0.0,1
10,2750,world,27.5,2.74,3.807499914169311,2.4218967560796463,-0.9139518949396057,0.5970145245446203,0.597014524547568,-0.37891114721225877,0.37891114721038793,-4.937427468454903e-13,0.04258979165133869,-0.09047712223040454,-0.13612167757523355,-4.531293407628415e-10,-2.1317953990720647e-10,0.1,0.0,1
10,2751,world,27.51,2.741,3.8074999141693113,2.4223220810585055,-0.9148569355622393,0.5967564962186016,0.596756496149603,-0.3793173924900327,0.3793173925338905,1.1562292241196058e-11,0.042475138784253234,-0.09053100344776054,-0.13612167757522525,3.663487312435499e-10,1.7175155494958647e-10,0.1,0.0,1
10,2752,world,27.52,2.742,3.8074999141693113,2.422746257544691,-0.9157625150309062,0.5964981913840496,0.5964981913918217,-0.3797234621047275,0.3797234620997799,-1.3029560815080916e-12,0.04236009285950085,-0.09058489130608077,-0.1361216775752172,8.461031712493338e-09,3.952508986132995e-09,0.1,0.0,1
10,2753,world,27.53,2.7430000000000003,3.8074999141693118,2.42316928160649,-0.9166686334050073,0.5962396102560363,0.5962396102984595,-0.3801293558076208,0.3801293557805741,-7.1151334729807735e-12,0.042244654080819906,-0.09063878420186289,-0.13612167757521415,-3.556878113572965e-10,-1.6555928411745124e-10,0.1,0.0,1
10,2754,world,27.54,2.7439999999999998,3.8074999141693118,2.423591149317153,-0.917575290726537,0.5959807529702771,0.5959807529733661,-0.3805350734004569,0.3805350733984847,-5.182879555354766e-13,0.04212882265357317,-0.09069268053059068,-0.13204092959509478,-3.865636712683725e-09,-1.7931883415186e-09,0.1,0.0,1
10,2755,world,27.55,2.745,3.807499914169312,2.4240118567651434,-0.9184824870153566,0.5957371643261822,0.5957371643177973,-0.38091630451262176,0.3809163045179831,1.4074648206688715e-12,0.04201260711976631,-0.09074657482792484,-0.1236654702936315,-2.0996237882014843e-09,-9.707237490043706e-10,0.1,0.0,1
10,2756,world,27.560000000000002,2.7460000000000004,3.8074999141693113,2.424431400368819,-0.9193902221238766,0.5955097068947973,0.5955097068703336,-0.3812718046258721,0.38127180464153493,4.108040790263455e-12,0.04189605980779888,-0.0908004414778989,-0.11937075897227103,-1.3890503160298237e-09,-6.401158902139524e-10,0.1,0.0,1
10,2757,world,27.57,2.747,3.8074999141693113,2.4248497768830974,-0.9202984957359144,0.595282037315367,0.5952820372887795,-0.38162716892143345,0.3816271689384783,4.466376807200108e-12,0.04177918915468326,-0.09085427537313365,-0.11937075897227656,1.8664962900432635e-09,8.574337722224067e-10,0.1,0.0,1
10,2758,world,27.580000000000002,2.748,3.8074999141693118,2.4252669830720666,-0.9212073075191279,0.5950541556616166,0.5950541556616166,-0.38198239727746697,0.38198239727746697,0.0,0.041661994313707096,-0.09090807571280254,-0.11937075897227503,-1.3981652492263887e-09,-6.402629947995087e-10,0.1,0.0,1
10,2759,world,27.59,2.749,3.8074999141693113,2.4256830156858755,-0.9221166571356447,0.5948260620648057,0.5948260620199443,-0.382337489535274,0.38233748956410973,7.541964536210522e-12,0.04154447443560304,-0.09096184169128024,-0.11937075897226826,-1.896977470423315e-09,-8.659602870764877e-10,0.1,0.0,1
10,2760,world,27.6,2.75,3.8074999141693127,2.426097871474281,-0.9230265442358093,0.5945977565380022,0.5945977565132041,-0.38269244561215426,0.38269244562811466,4.170545704648904e-12,0.04142662868352576,-0.09101557249129011,-0.11937075897226264,5.617002642502592e-09,2.5560448721684066e-09,0.1,0.0,1
10,2761,world,27.61,2.751,3.8074999141693113,2.426511547170641,-0.9239369684654075,0.594369239178365,0.5943692392068979,-0.3830472653715415,0.3830472653531533,-4.800510925255026e-12,0.04130845620778921,-0.09106926729544475,-0.11937075897228336,-3.79663335452879e-09,-1.7221950181471566e-09,0.1,0.0,1
10,2762,world,27.62,2.7520000000000002,3.8074999141693118,2.426924039506202,-0.9248479294591331,0.5941405101620244,0.5941405100877063,-0.3834019486259527,0.38340194867391064,1.2508523482102894e-11,0.04118995619967094,-0.09112292526180879,-0.1193707589722861,2.437012282313662e-09,1.101941022560882e-09,0.1,0.0,1
10,2763,world,27.63,2.753,3.807499914169312,2.42733534520033,-0.9257594268449497,0.5939115693736464,0.5939115694339263,-0.38375649537601164,0.38375649533706163,-1.0149666304676058e-11,0.04107112779163415,-0.09117654556914984,-0.11937075897227377,8.565122868931244e-09,3.860615522633889e-09,0.1,0.0,1
10,2764,world,27.64,2.754,3.8074999141693113,2.42774546096445,-0.9266714602422411,0.5936824170923051,0.5936824171295969,-0.38411090536792447,0.3841109053437967,-6.281463648877039e-12,0.04095197017934487,-0.0912301273616893,-0.1193707589722667,-4.416570936477901e-09,-1.9843686965607615e-09,0.1,0.0,1
10,2765,world,27.650000000000002,2.7550000000000003,3.8074999141693113,2.4281543835043635,-0.9275840292607204,0.5934530533266085,0.5934530533293734,-0.3844651785225463,0.38446517852075507,-4.658976332666835e-13,0.040832482519794,-0.09128366979515404,-0.11937075897227226,-1.2585380173744034e-09,-5.636520367909513e-10,0.1,0.0,1
10,2766,world,27.66,2.7560000000000002,3.8074999141693118,2.4285621095119367,-0.928497133504081,0.5932234781261628,0.5932234781470648,-0.3848193147344819,0.38481931472092296,-3.523443339503919e-12,0.040712664001514215,-0.09133717200515795,-0.11937075897227101,3.2130666875048232e-09,1.4344306929387502e-09,0.1,0.0,1
10,2767,world,27.67,2.757,3.807499914169312,2.4289686356787277,-0.9294107725638825,0.5929936915963548,0.5929936916408493,-0.38517331386231074,0.38517331383340986,-7.503340750558938e-12,0.040592513775620585,-0.0913906331380632,-0.11937075897226823,3.8111745040480346e-10,1.6960603619411505e-10,0.1,0.0,1
10,2768,world,27.68,2.758,3.8074999141693118,2.4293739586791743,-0.9303249460269423,0.592763693842898,0.5927636938687292,-0.3855271757644179,0.38552717574761763,-4.357740564077898e-12,0.04047203104261318,-0.09144405231225133,-0.11937075897227503,-4.532034158460221e-09,-2.010306288133473e-09,0.1,0.0,1
10,2769,world,27.69,2.7590000000000003,3.807499914169311,2.429778075187946,-0.9312396534675791,0.5925334849373285,0.592533484923034,-0.3858809003214625,0.3858809003307716,2.4124242634367505e-12,0.04035121497794708,-0.09149742865132059,-0.11937075897227933,3.706258403304461e-10,1.6386618179364654e-10,0.1,0.0,1
10,2770,world,27.7,2.76,3.8074999141693118,2.430180981865057,-0.9321548944541606,0.5923030649084081,0.5923030649390196,-0.3862344874421297,0.3862344874221682,-5.1682243206304936e-12,0.040230064756580114,-0.09155076127308485,-0.11937075897228766,2.521231045405798e-09,1.1111558758539486e-09,0.1,0.0,1
10,2771,world,27.71,2.761,3.8074999141693113,2.430582675366175,-0.9330706685444811,0.5920724339093233,0.5920724339276658,-0.3865879369541424,0.38658793694216576,-3.0980413056985385e-12,0.04010857957548375,-0.09160404927969663,-0.11937075897227503,-7.830229992152304e-09,-3.4397909363225657e-09,0.1,0.0,1
10,2772,world,27.72,2.762,3.8074999141693118,2.4309831523377197,-0.9339869752878609,0.5918415920320055,0.5918415919613591,-0.386941248725127,0.386941248771315,1.1936692090989933e-11,0.039986758624522695,-0.0916572917705087,-0.11937075897227378,-7.326863079917212e-10,-3.2082399917589745e-10,0.1,0.0,1
10,2773,world,27.73,2.763,3.8074999141693113,2.4313824094164866,-0.9349038142252497,0.5916105392360788,0.591610539244943,-0.38729442270938974,0.38729442270358677,-1.4983421744852526e-12,0.03986460108176526,-0.09171048784403953,-0.11937075897226948,5.4700562636213e-09,2.387413056909238e-09,0.1,0.0,1
10,2774,world,27.740000000000002,2.7640000000000002,3.8074999141693118,2.4317804432354264,-0.9358211848866506,0.5913792757322891,0.5913792757322891,-0.38764745869714307,0.38764745869714307,0.0,0.03974210616738311,-0.09176363657451928,-0.1193707589722667,4.180870532373608e-09,1.8188177509271688e-09,0.1,0.0,1
10,2775,world,27.75,2.765,3.8074999141693113,2.43217725041255,-0.9367390867958704,0.5911478015230199,0.5911478015857824,-0.3880003566150187,0.3880003565738246,-1.0617022054146472e-11,0.03961927306129944,-0.09181673704774197,-0.11937075897227929,-9.14681325859884e-09,-3.966161675093566e-09,0.1,0.0,1
10,2776,world,27.76,2.766,3.8074999141693113,2.4325728275667124,-0.9376575194636381,0.5909161168482185,0.5909161167303937,-0.38835311623389224,0.3883531163113274,1.993932774560392e-11,0.03949610098077956,-0.09186978832737161,-0.11937075897228765,-4.872886585757908e-09,-2.1060491689579816e-09,0.1,0.0,1
10,2777,world,27.77,2.767,3.8074999141693113,2.4329671712995844,-0.9385764823953218,0.590684221519538,0.5906842215195379,-0.3887057376060424,0.3887057376060424,0.0,0.039372589106418124,-0.09192278948692303,-0.11937075897227778,7.946833968563343e-09,3.4233263249572013e-09,0.1,0.0,1
10,2778,world,27.78,2.7680000000000002,3.8074999141693113,2.433360278213117,-0.9394959750833534,0.5904521158354812,0.5904521158199304,-0.38905822046398014,0.3890582204742269,2.6337164937970677e-12,0.03924873666874717,-0.09197573957249457,-0.11937075897226945,4.881599063011693e-09,2.095984994849151e-09,0.1,0.0,1
10,2779,world,27.79,2.769,3.8074999141693118,2.4337521448953803,-0.9404159970132437,0.5902197997651382,0.5902197998278494,-0.38941056475691416,0.3894105647155389,-1.0625065108578444e-11,0.03912454286959449,-0.09202863763658171,-0.11937075897227656,1.9865225297404885e-10,8.500424606806042e-11,0.1,0.0,1
10,2780,world,27.8,2.77,3.8074999141693113,2.4341427679296768,-0.9413365476596249,0.5899872735151552,0.5899872735021663,-0.3897627702776039,0.3897627702861847,2.20153379048219e-12,0.039000006923245345,-0.09208148272039723,-0.11937075897228058,-1.0196435008696954e-08,-4.349174831762163e-09,0.1,0.0,1
10,2781,world,27.810000000000002,2.7710000000000004,3.807499914169311,2.4345321438913565,-0.9422576264875723,0.5897545370810854,0.5897545370129958,-0.3901148369581192,0.3901148370031596,1.1545375759737204e-11,0.03887512806101059,-0.0921342738520255,-0.11937075897227781,4.676984910979564e-09,1.988326642583521e-09,0.1,0.0,1
10,2782,world,27.82,2.7720000000000002,3.8074999141693113,2.434920269345039,-0.943179232953675,0.5895215904710716,0.5895215905180129,-0.3904667647225888,0.3904667646914974,-7.962598296539138e-12,0.038749905486706364,-0.09218701006525444,-0.11937075897227654,5.284091087275418e-09,2.238978978823378e-09,0.1,0.0,1
10,2783,world,27.830000000000002,2.773,3.8074999141693113,2.4353071408535656,-0.9441013665022279,0.5892884339343484,0.5892884339339497,-0.39081855333560456,0.39081855333586896,6.766059985912986e-14,0.03862433844862828,-0.0922396903691996,-0.11937075897226264,-5.571538998847043e-09,-2.3529350726918663e-09,0.1,0.0,1
10,2784,world,27.84,2.774,3.8074999141693118,2.4356927549631595,-0.9450240265714233,0.5890550674610936,0.5890550674367456,-0.3911702027333169,0.39117020274948544,4.133352688558116e-12,0.03849842615423485,-0.09229231378423085,-0.1193707589722667,3.311557370966672e-09,1.3938603584260382e-09,0.1,0.0,1
10,2785,world,27.85,2.7750000000000004,3.8074999141693113,2.4360771082225345,-0.9459472125852594,0.5888214911010299,0.5888214911429436,-0.39152171281270165,0.3915217127848322,-7.118195342575328e-12,0.038372167850539776,-0.09234487930822154,-0.11937075897228487,-3.774711995702312e-09,-1.5835003738576878e-09,0.1,0.0,1
10,2786,world,27.86,2.776,3.8074999141693113,2.436460197164523,-0.9468709239611698,0.5885877050728164,0.5885877050003013,-0.3918730833584738,0.3918730834067533,1.232010446647572e-11,0.038245562771447,-0.09239738593864716,-0.1193707589722821,-5.778637275486773e-09,-2.416045715514813e-09,0.1,0.0,1
10,2787,world,27.87,2.777,3.8074999141693118,2.4368420183189845,-0.9477951601045718,0.5883537092918288,0.5883537092600076,-0.3922243143571646,0.39222431437837824,5.408507403338217e-12,0.0381186101584153,-0.09244983266394137,-0.10502678251642919,8.537008781736143e-09,3.558806681912066e-09,0.1,0.0,1
10,2788,world,27.88,2.778,3.8074999141693113,2.4372225704374513,-0.9487199194945971,0.5881758087785461,0.5881758088148836,-0.3924910418797447,0.39249104185549677,-6.1779167275976065e-12,0.03799234090123423,-0.09250179475472033,-0.08290797282265293,5.786044529114189e-09,2.4054011540484808e-09,0.1,0.0,1
10,2789,world,27.89,2.779,3.8074999141693113,2.4376018799876644,-0.9496451892499739,0.5880283218549945,0.588028321896884,-0.3927119716570317,0.392711971629056,-7.123643496537813e-12,0.037870330216793625,-0.09255181299829307,-0.07513369365244092,-5.106482384434073e-09,-2.117942132209585e-09,0.1,0.0,1
10,2790,world,27.900000000000002,2.7800000000000002,3.8074999141693113,2.4379799922746015,-0.9505709489187633,0.5878807498070603,0.5878807497783801,-0.3929328492447746,0.3929328492639441,4.878497317827751e-12,0.03775288967382781,-0.09259978035220055,-0.0751347593847444,-3.342074154341951e-09,-1.3831992409460536e-09,0.1,0.0,1
10,2791,world,27.91,2.781,3.8074999141693113,2.438356953041066,-0.9514971780787478,0.5877330927312466,0.5877330927305985,-0.3931536744185082,0.3931536744189417,1.10264019029124e-13,0.037640027371757215,-0.092645714091119,-0.07513574030742019,5.5467968774568085e-09,2.2907899956304566e-09,0.1,0.0,1
10,2792,world,27.92,2.782,3.8074999141693113,2.438732808108417,-0.9524238564774211,0.5875853508538829,0.5875853508957417,-0.39337444686754564,0.3933744468395221,-7.123733211579901e-12,0.037531751020992134,-0.09268963084023077,-0.07513663641381518,8.384976835786185e-09,3.4555722648451005e-09,0.1,0.0,1
10,2793,world,27.93,2.783,3.8074999141693113,2.4391076033725594,-0.95335096402552,0.5874375243561043,0.5874375244620073,-0.3935951663118951,0.393595166240938,-1.8027579352774866e-11,0.0374280678359995,-0.0927315466174474,-0.0751374476978704,-2.4386606142032793e-10,-1.0028923080854874e-10,0.1,0.0,1
10,2794,world,27.94,2.7840000000000003,3.807499914169312,2.439481384799406,-0.9542784807907828,0.587289613499348,0.5872896135380886,-0.3938158324182321,0.39381583239225404,-6.596346957332993e-12,0.037328984641079914,-0.09277147678929133,-0.0751381741540958,-8.339155151721154e-09,-3.4220407508012313e-09,0.1,0.0,1
10,2795,world,27.95,2.785,3.8074999141693113,2.439854198419809,-0.9552063869918886,0.587141618389263,0.5871416183892629,-0.3940364449581246,0.3940364449581246,0.0,0.03723450781680834,-0.09280943609159599,-0.07513881577754812,-4.267317456816935e-09,-1.74738573399723e-09,0.1,0.0,1
10,2796,world,27.96,2.786,3.8074999141693118,2.440226090329301,-0.9561346629904753,0.586993539214256,0.5869935391988419,-0.39425700364823957,0.3942570036585925,2.6258653136295904e-12,0.03714464336846084,-0.09284543860109584,-0.07513937256390857,1.7944231124216373e-09,7.332107833596851e-10,0.1,0.0,1
10,2797,world,27.97,2.787,3.807499914169311,2.4405971066799106,-0.9570632892863274,0.5868453761454547,0.586845376168206,-0.3944775082173649,0.3944775082020715,-3.876755086396243e-12,0.037059396899036194,-0.0928794977456258,-0.07513984450938568,5.4363740850926105e-09,2.216560477242073e-09,0.1,0.0,1
10,2798,world,27.98,2.7880000000000003,3.8074999141693113,2.4409672936779505,-0.9579922465101577,0.586697129400014,0.5866971294534963,-0.39469795836386906,0.3946979583278891,-9.115557109220189e-12,0.03697877364496535,-0.09291162628925627,-0.07514023161076544,1.0046375788514223e-08,4.087372492066912e-09,0.1,0.0,1
10,2799,world,27.990000000000002,2.789,3.8074999141693118,2.4413366975804034,-0.9589215154169412,0.5865487991283763,0.5865487992783506,-0.3949183538314848,0.3949183537305085,-2.556815987712611e-11,0.03690277850020029,-0.09294183632232127,-0.0751405338654555,-7.276041565598672e-09,-2.9538957395328137e-09,0.1,0.0,1
10,2800,world,28.0,2.79,3.8074999141693113,2.4417053646909315,-0.959851076879405,0.5864003856934074,0.586400385654765,-0.39513869422140135,0.3951386942474399,6.589530918023597e-12,0.036831416062847865,-0.09297013924269121,-0.07514075127141845,-8.547788282195356e-09,-3.4627082240422334e-09,0.1,0.0,1
10,2801,world,28.01,2.7910000000000004,3.807499914169311,2.4420733413574465,-0.9607809118808922,0.5862518890058619,0.5862518890476257,-0.3953589794398373,0.3953589794116724,-7.123658675216773e-12,0.03676469048426104,-0.09299654581540374,-0.07514088382714175,5.37120121187197e-09,2.1711801068463683e-09,0.1,0.0,1
10,2802,world,28.02,2.792,3.8074999141693113,2.4424406739692492,-0.9617110015083868,0.5861033094349013,0.5861033094641895,-0.39557920908474203,0.3955792090649745,-4.996961724455394e-12,0.036702605692220745,-0.09302106608398641,-0.07514093153174552,1.2783830753493912e-09,5.156348056371314e-10,0.1,0.0,1
10,2803,world,28.03,2.793,3.8074999141693113,2.442807408952346,-0.9626413269462877,0.5859546471021376,0.5859546471600345,-0.39579938292140293,0.3957993828822948,-9.880506849370951e-12,0.03664516527567651,-0.0930437094161575,-0.07514089438491882,-1.3491867227399858e-08,-5.430176264488705e-09,0.1,0.0,1
10,2804,world,28.04,2.794,3.807499914169311,2.443173592767148,-0.9635718694692025,0.585805902330908,0.5858059021897865,-0.3960195005794028,0.3960195006748045,2.4089513823220868e-11,0.0365923725382253,-0.09306448448266254,-0.07514077238688105,-7.727300083099095e-09,-3.1033206704801187e-09,0.1,0.0,1
10,2805,world,28.05,2.795,3.8074999141693113,2.4435392719055304,-0.9645026104350187,0.5856570750465286,0.5856570750068588,-0.3962395619578423,0.3962395619846818,6.773384007145019e-12,0.03654423045338915,-0.09308339927489534,-0.0751405655385036,5.0888936745992125e-09,2.0392828235493768e-09,0.1,0.0,1
10,2806,world,28.060000000000002,2.7960000000000003,3.8074999141693113,2.4439044928873526,-0.9654335312781879,0.585508165658299,0.5855081655814477,-0.396459566629209,0.3964595666812466,1.3125274575797912e-11,0.036500741766847915,-0.0931004610647546,-0.07514027384115213,8.960527608216486e-10,3.582939837803777e-10,0.1,0.0,1
10,2807,world,28.07,2.797,3.8074999141693113,2.444269302259624,-0.9663646135019487,0.5853591742441911,0.5853591742158393,-0.3966795143905635,0.3966795144097766,4.843396307316954e-12,0.03646190890691226,-0.09311567643992086,-0.07513989729681672,2.937156350299138e-09,1.171896023918707e-09,0.1,0.0,1
10,2808,world,28.080000000000002,2.798,3.807499914169311,2.4446337465919177,-0.9672958386720474,0.5852101010675281,0.5852101010277283,-0.3968994049140302,0.3968994049410231,6.800819114224441e-12,0.036427734077695624,-0.0931290512673929,-0.07513943590804528,4.199752052744599e-09,1.6719988079764984e-09,0.1,0.0,1
10,2809,world,28.09,2.799,3.8074999141693113,2.444997872474207,-0.9682271884095143,0.5850609462513219,0.5850609462758779,-0.3971192379673393,0.39711923795067144,-4.197122666211076e-12,0.036398219183323886,-0.09314059072328625,-0.07513888967796586,5.91415860868534e-10,2.34934316347645e-10,0.1,0.0,1
10,2810,world,28.1,2.8000000000000003,3.8074999141693113,2.445361726514381,-0.9691586443835146,0.5849117100853622,0.5849117100530271,-0.3973390132056034,0.39733901322756904,5.528119859759191e-12,0.03637336589793432,-0.09315029926551494,-0.0751382586102784,-8.340628972926791e-09,-3.3060418627165438e-09,0.1,0.0,1
10,2811,world,28.11,2.801,3.8074999141693113,2.4457253553356226,-0.9700901883043539,0.5847623926962456,0.5847623926158599,-0.3975587303951974,0.39755873044984874,1.3746592987897726e-11,0.0363531756314227,-0.0931581806472783,-0.07513754270925992,5.882542229508018e-09,2.3266030182274438e-09,0.1,0.0,1
10,2812,world,28.12,2.802,3.807499914169311,2.446088805574184,-0.9710218019162004,0.5846129941953659,0.5846129942370117,-0.3977783893135146,0.39777838928517817,-7.123605767736513e-12,0.03633764956546634,-0.0931642379030568,-0.07513674197975378,6.39350299575448e-09,2.523129165418392e-09,0.1,0.0,1
10,2813,world,28.13,2.803,3.8074999141693113,2.446452123876992,-0.9719534669899802,0.5844635149419902,0.5844635149419901,-0.39799798956986465,0.39799798956986465,0.0,0.03632678860660137,-0.09316847336696732,-0.07513585642719454,2.7771842995987775e-09,1.0935864354965153e-09,0.1,0.0,1
10,2814,world,28.14,2.8040000000000003,3.8074999141693104,2.446815356898788,-0.9728851653164271,0.5843139549879628,0.5843139550644679,-0.3982175309832362,0.398217530931097,-1.3093092445613461e-11,0.036320593445081574,-0.09317088864981969,-0.07513488605757185,6.921991409629511e-10,2.719713599315037e-10,0.1,0.0,1
10,2815,world,28.150000000000002,2.805,3.8074999141693113,2.4471785512999613,-0.9738168786988224,0.5841643146576491,0.584164314666338,-0.39843701318758623,0.3984370131816598,-1.4874133918059377e-12,0.03631906453654571,-0.09317148464627056,-0.07513383087745275,-9.200252537220586e-09,-3.6068512683893258e-09,0.1,0.0,1
10,2816,world,28.16,2.806,3.8074999141693104,2.44754175374417,-0.9747485889458508,0.5840145940623013,0.5840145940233424,-0.39865643596259215,0.398656435989186,6.670845169758839e-12,0.03632220208147615,-0.09317026154279279,-0.07551931989623918,4.359485409600757e-09,1.7052832990130573e-09,0.1,0.0,1
10,2817,world,28.17,2.8070000000000004,3.8074999141693118,2.4479050107261355,-0.9756802779306963,0.583863251157005,0.5838632512203524,-0.39887805646418834,0.39887805642091123,-1.084971625644204e-11,0.03632978145741394,-0.09316730638618112,-0.07722144672207648,-5.674508649606736e-09,-2.2146564562826754e-09,0.1,0.0,1
10,2818,world,28.18,2.808,3.8074999141693113,2.4482683426000853,-0.9766119377124868,0.583706571732755,0.5837065716227052,-0.3991073015495954,0.3991073016248415,1.885360140733114e-11,0.036335919557429784,-0.0931649126544752,-0.07853819477289664,-9.731530471589016e-09,-3.789374759408518e-09,0.1,0.0,1
10,2819,world,28.19,2.809,3.8074999141693118,2.448631715642263,-0.9775435814384771,0.5835497995546357,0.5835497994960658,-0.3993364890138607,0.39933648905394153,1.0036839074666509e-11,0.03633801511801598,-0.09316409532262332,-0.07853946441394952,1.868378977102409e-08,7.258425163286437e-09,0.1,0.0,1
10,2820,world,28.2,2.81,3.8074999141693113,2.448995089427419,-0.9784752248746819,0.5833929348827542,0.5833929350066361,-0.39956561850404054,0.3995656184191939,-2.1234668897140958e-11,0.036336068115981925,-0.09316485471394631,-0.07854063719027168,6.5951056957063696e-09,2.5561472235629024e-09,0.1,0.0,1
10,2821,world,28.21,2.811,3.8074999141693118,2.4493584235290053,-0.9794068837877353,0.583235978137412,0.5832359781613797,-0.3997946895578853,0.3997946895414559,-4.109433478619714e-12,0.036330078368656885,-0.09316719060767718,-0.07854171309322887,-9.902790717507627e-09,-3.829217892336067e-09,0.1,0.0,1
10,2822,world,28.22,2.812,3.8074999141693113,2.44972167751779,-0.9803385739393764,0.5830789293535614,0.5830789293535615,-0.4000237019776509,0.4000237019776509,0.0,0.036320045465041036,-0.09317110226576346,-0.07854269211482184,-1.052197326425625e-09,-4.059114573248734e-10,0.1,0.0,1
10,2823,world,28.23,2.813,3.8074999141693113,2.4500848109592805,-0.9812703110813668,0.5829217887663724,0.582921788777179,-0.40025265542914684,0.4002526554217266,-1.8538775997989777e-12,0.03630596881648324,-0.09317658841305872,-0.07854357424781361,-2.7755578469404823e-15,0.0,0.1,0.0,1
10,2824,world,28.240000000000002,2.814,3.8074999141693118,2.450447783412609,-0.9822021109498871,0.582764556619095,0.5827645566190951,-0.4004815495731976,0.4004815495731976,0.0,0.03628784767803244,-0.09318364722898498,-0.07854435948568428,2.4556859073175732e-09,9.429180628804622e-10,0.1,0.0,1
10,2825,world,28.25,2.815,3.8074999141693113,2.450810554428465,-0.9831339892602571,0.5826072330903218,0.5826072331317735,-0.4007103841156524,0.4007103840871423,-7.1147881321668075e-12,0.03626568111661054,-0.09319227635994476,-0.07854504782259458,3.3220540847844918e-09,1.2725960483849678e-09,0.1,0.0,1
10,2826,world,28.26,2.8160000000000003,3.8074999141693113,2.451173083546587,-0.9840659617018657,0.5824498184429105,0.5824498184843515,-0.40093915870505936,0.4009391586765329,-7.114797873607852e-12,0.03623946799574836,-0.09320247292526701,-0.07854563925347867,-6.646092693439847e-09,-2.539957394674519e-09,0.1,0.0,1
10,2827,world,28.27,2.817,3.8074999141693118,2.4515353302959926,-0.984998043932019,0.5822923129140256,0.5822923128725958,-0.4011678730081813,0.40116787303672413,7.114802978800733e-12,0.03620920704598893,-0.09321423348985232,-0.07854613377394835,5.220158176247921e-10,1.9902137541624517e-10,0.1,0.0,1
10,2828,world,28.28,2.818,3.807499914169311,2.451897254189961,-0.9859302515718124,0.5821347165930573,0.5821347166409802,-0.4013965267942501,0.401396526761206,-8.232093933452576e-12,0.036174896772676574,-0.0932275541000953,-0.07854653138032726,1.0517121589247863e-08,4.0004476070791885e-09,0.1,0.0,1
10,2829,world,28.29,2.819,3.8074999141693113,2.4522588147283613,-0.9868626001991838,0.5819770298073695,0.5819770298969333,-0.40162511966919084,0.40162511960738245,-1.538919453801078e-11,0.03613653555833966,-0.09324243024418044,-0.07854683206968163,-3.848366465972743e-09,-1.4603597611801914e-09,0.1,0.0,1
10,2830,world,28.3,2.8200000000000003,3.8074999141693113,2.4526199713923225,-0.9877951053449263,0.581819252816568,0.581819252816568,-0.4018536512861001,0.4018536512861001,0.0,0.036094121594268426,-0.09325885687878749,-0.07854703583981473,-5.08793892710319e-09,-1.9261788590793657e-09,0.1,0.0,1
10,2831,world,28.310000000000002,2.821,3.8074999141693113,2.452980683644671,-0.9887277824864444,0.5816613857154757,0.5816613857417021,-0.4020821214125136,0.4020821213943841,-4.5087786332285295e-12,0.036047652923121336,-0.09327682841271022,-0.07854714268916121,3.86713201258007e-09,1.4605373968839089e-09,0.1,0.0,1
10,2832,world,28.32,2.822,3.807499914169312,2.4533409109286226,-0.9896606470422321,0.5815034287829559,0.5815034288310317,-0.4023105296895555,0.40231052965629455,-8.267209099679384e-12,0.03599712743315048,-0.09329633870930587,-0.07854715261696651,-5.618064924759651e-09,-2.1167875186625315e-09,0.1,0.0,1
10,2833,world,28.330000000000002,2.8230000000000004,3.8074999141693118,2.453700612663142,-0.9905937143675959,0.5813453822928156,0.5813453822492244,-0.40253887576234365,0.4025388757925274,7.498096136599548e-12,0.03594254285178769,-0.09331738108920228,-0.07854706562316163,-3.8694135211294975e-09,-1.4544617007566048e-09,0.1,0.0,1
10,2834,world,28.34,2.824,3.8074999141693118,2.454059748247315,-0.991526999746928,0.5811872463403609,0.5811872463403609,-0.4027671594002032,0.4027671594002032,0.0,0.035883896761575405,-0.09333994832441574,-0.07854688170836865,2.49049417829258e-09,9.339086021154403e-10,0.1,0.0,1
10,2835,world,28.35,2.825,3.8074999141693113,2.45441827705177,-0.9924605183909675,0.5810290212414929,0.5810290212288343,-0.4029953802203811,0.40299538022916104,2.1785851085752807e-12,0.035821186624879424,-0.09336403262919593,-0.07854660087395601,-9.343637936014482e-10,-3.495426530150665e-10,0.1,0.0,1
10,2836,world,28.36,2.826,3.8074999141693118,2.4547761584239023,-0.9933942854287523,0.5808707071818229,0.5808707071702333,-0.40322353793098076,0.40322353793902593,1.9951608538102874e-12,0.035754409759204624,-0.09338962566993667,-0.07854622312200771,5.865197819882732e-10,2.18886042926987e-10,0.1,0.0,1
10,2837,world,28.37,2.827,3.8074999141693118,2.455133351682473,-0.9943283159036745,0.580712304386695,0.580712304381314,-0.4034516322132196,0.403451632216958,9.265717495607955e-13,0.03568356338314562,-0.0934167185480256,-0.07854574845534128,6.830148260948476e-10,2.5429383438034404e-10,0.1,0.0,1
10,2838,world,28.38,2.828,3.8074999141693118,2.4554898161166787,-0.9952626247677879,0.5805538130821525,0.5805538130790316,-0.40367966274845823,0.40367966275062833,5.375621743143577e-13,0.03560864455783101,-0.09344530182279927,-0.07854517687741515,6.286638523346571e-10,2.3350490610623563e-10,0.1,0.0,1
10,2839,world,28.39,2.829,3.8074999141693118,2.4558455109891777,-0.996197226874649,0.5803952334865338,0.5803952334889404,-0.4039076292240488,0.4039076292223741,-4.146100015653989e-13,0.03552965027728929,-0.09347536547761404,-0.07854450839250525,-1.9442921495757978e-09,-7.204015902908581e-10,0.1,0.0,1
10,2840,world,28.400000000000002,2.83,3.8074999141693118,2.456200395527217,-0.9971321369766706,0.5802365658414214,0.5802365658142402,-0.4041355313118044,0.4041355313307361,4.684339045291917e-12,0.03544657742085846,-0.09350689893877932,-0.07854374300558259,6.839279846229053e-10,2.527922575838131e-10,0.1,0.0,1
10,2841,world,28.41,2.831,3.8074999141693118,2.456554428931356,-0.9980673697158214,0.580077810318276,0.5800778103291406,-0.40436336873301754,0.40436336872544404,-1.872887069082761e-12,0.035359422799894034,-0.09353989105861914,-0.0785428807222431,2.1976117631416165e-09,8.103296645284964e-10,0.1,0.0,1
10,2842,world,28.42,2.8320000000000003,3.8074999141693118,2.4569075703669365,-0.9990029396208605,0.5799189671986462,0.5799189671986462,-0.40459114113294115,0.40459114113294115,0.0,0.03526818311352586,-0.09357433013316639,-0.07854192154892292,-4.1453039710612155e-09,-1.5247998876935548e-09,0.1,0.0,1
10,2843,world,28.43,2.833,3.8074999141693118,2.4572597789654433,-0.9999388611008325,0.5797600366965389,0.5797600366561833,-0.4048188482044992,0.40481884823267766,6.960557733064454e-12,0.035172855027740715,-0.09361020387328262,-0.07854086549268302,-3.728351344612598e-10,-1.3681002183260348e-10,0.1,0.0,1
10,2844,world,28.44,2.834,3.807499914169312,2.457611013828286,-1.0008751484376892,0.5796010189833092,0.5796010189787055,-0.405046489671093,0.40504648967431023,7.942499641816569e-13,0.03507343513620997,-0.093647499420679,-0.07853971256139615,4.132367095913701e-09,1.512670699894065e-09,0.1,0.0,1
10,2845,world,28.45,2.835,3.807499914169312,2.4579612340176626,-1.0018118157837466,0.579441914331844,0.5794419143425075,-0.4052740651858836,0.4052740651784253,-1.8402657880086484e-12,0.034969919990180454,-0.09368620333795355,-0.07853846276355547,-1.3499536211140713e-09,-4.929612780728083e-10,0.1,0.0,1
10,2846,world,28.46,2.8360000000000003,3.8074999141693127,2.4583103985651364,-1.0027488771525404,0.5792827229805172,0.5792827229592658,-0.4055015744267286,0.40550157444160473,3.668493948158934e-12,0.03486230612753808,-0.09372630159923,-0.09932373693611447,1.0441038640653511e-09,3.8010434388017817e-10,0.1,0.0,1
10,2847,world,28.47,2.8369999999999997,3.807499914169311,2.4586584668040543,-1.0036863462896473,0.5790390952295946,0.5790390952531186,-0.4058493885529,0.40584938853641206,-4.062482761779479e-12,0.034750768333019544,-0.09376771352797725,-0.13591604062186521,5.064747404306519e-09,1.8371781978886845e-09,0.1,0.0,1
10,2848,world,28.48,2.838,3.807499914169311,2.459005403779924,-1.00462423466801,0.5787310463750542,0.5787310464161831,-0.4062885378023398,0.406288537773466,-7.106546655939065e-12,0.034636126158717175,-0.09381012080110242,-0.15172242102057656,1.4314915860262403e-09,5.170588165189429e-10,0.1,0.0,1
10,2849,world,28.490000000000002,2.8390000000000004,3.8074999141693113,2.45935117930624,-1.0055625518608613,0.5784226644740675,0.5784226645151738,-0.40672745322967774,0.4067274532007733,-7.106396010889427e-12,0.0345184775374451,-0.09385347467460595,-0.15172242102058842,-2.855564103845282e-09,-1.0265431335467949e-09,0.1,0.0,1
10,2850,world,28.5,2.84,3.807499914169311,2.45969576329222,-1.006501307281053,0.5781139497128346,0.5781139497188341,-0.40716613457614365,0.4071661345719181,-1.037764940680778e-12,0.034397817183566166,-0.09389776447288808,-0.1517224210205801,-9.904281198113066e-09,-3.5435085138770022e-09,0.1,0.0,1
10,2851,world,28.51,2.841,3.8074999141693113,2.460039125593185,-1.0074405102334387,0.5778049022771707,0.5778049021966734,-0.40760458158346907,0.4076045816402547,1.3931137015663487e-11,0.034274139628244,-0.09394297926265505,-0.15172242102057976,9.31046430777768e-09,3.3151188967411728e-09,0.1,0.0,1
10,2852,world,28.52,2.842,3.8074999141693113,2.46038123600904,-1.0083801699121862,0.5774955221756679,0.5774955222958094,-0.4080427941188396,0.4080427940339509,-2.0803224888048112e-11,0.03414743926625814,-0.09398910783466995,-0.15172242102058286,6.256150777371101e-09,2.2169080639018523e-09,0.1,0.0,1
10,2853,world,28.53,2.843,3.807499914169311,2.4607220642835967,-1.0093202953977378,0.5771858098922257,0.577185809888434,-0.40848077171410146,0.40848077171678493,6.569127655632488e-13,0.03401771043520556,-0.09403613867416351,-0.15172242102057454,-1.6028690085280274e-08,-5.652480653913924e-09,0.1,0.0,1
10,2854,world,28.54,2.844,3.8074999141693118,2.4610615801031863,-1.0102608956540757,0.5768757654169733,0.5768757653408924,-0.408918514249988,0.4089185143039179,1.3187986567151736e-11,0.03388494730461874,-0.09408406000042309,-0.15172242102058806,3.3390636410114495e-09,1.1718103209370576e-09,0.1,0.0,1
10,2855,world,28.55,2.845,3.8074999141693118,2.4613997530953715,-1.011201979525909,0.5765653888614661,0.5765653888984845,-0.4093560215221487,0.409356021495866,-6.420288556760732e-12,0.03374914395404654,-0.09413285973754885,-0.15172242102058522,3.274914930037223e-09,1.1437299943133882e-09,0.1,0.0,1
10,2856,world,28.560000000000002,2.846,3.8074999141693113,2.461736552828115,-1.012143555735679,0.5762546805900871,0.5762546805540674,-0.40979329314701635,0.40979329317263113,6.250441151112465e-12,0.03361029440995083,-0.09418252550062792,-0.151722421020569,-8.289264124588842e-09,-2.880835565139002e-09,0.1,0.0,1
10,2857,world,28.57,2.847,3.8074999141693118,2.46207194880889,-1.0130856328806135,0.5759436406661018,0.5759436406019953,-0.4102303289549253,0.4102303290005867,1.1130292051920103e-11,0.03346839254206998,-0.09423304463217728,-0.15172242102057976,7.356451605855233e-10,2.5441880593377476e-10,0.1,0.0,1
10,2858,world,28.580000000000002,2.8480000000000003,3.807499914169312,2.4624059104838567,-1.0140282194297239,0.5756322692583999,0.5756322692313806,-0.4106671287016555,0.4106671287209317,4.6937065408818825e-12,0.03332343220282431,-0.0942844041516081,-0.15172242102057135,1.902670418450602e-09,6.547903622387697e-10,0.1,0.0,1
10,2859,world,28.59,2.849,3.8074999141693118,2.462738407237127,-1.0149713237207596,0.5753205666042366,0.5753205665633525,-0.4111036920944541,0.4111036921236683,7.1060489652661e-12,0.03317540715912369,-0.09433659077911585,-0.1517224210205773,7.42441393438383e-09,2.5424422329622826e-09,0.1,0.0,1
10,2860,world,28.6,2.85,3.8074999141693113,2.463069408390134,-1.0159149539571595,0.5750085327985137,0.5750085328617731,-0.4115400189424579,0.4115400188971824,-1.100112407864564e-11,0.033024311099240804,-0.0943895909325841,-0.15172242102058286,2.605561211686114e-09,8.87848468983678e-10,0.1,0.0,1
10,2861,world,28.61,2.851,3.8074999141693118,2.463398883201072,-1.0168591182049238,0.5746961681681105,0.5746961681589099,-0.4119761088891699,0.4119761088957654,1.6008981627185848e-12,0.03287013768242327,-0.09444339070966555,-0.15172242102057693,-6.1991519054171895e-09,-2.1018750366286538e-09,0.1,0.0,1
10,2862,world,28.62,2.8520000000000003,3.8074999141693113,2.463726800864438,-1.0178038243894818,0.5743834727696608,0.5743834727576557,-0.41241196177172784,0.41241196178034756,2.0900178949425406e-12,0.032712880520647865,-0.0944979758938879,-0.1517224210205912,-1.491013440770843e-09,-5.030117143107687e-10,0.1,0.0,1
10,2863,world,28.63,2.8529999999999998,3.8074999141693113,2.464053130510674,-1.0187490802924934,0.5740704468241702,0.5740704467969128,-0.4128475773098983,0.4128475773295007,4.747962780118447e-12,0.03255253317936498,-0.094553331954016,-0.15172242102058006,1.4478646063642344e-09,4.860363977514726e-10,0.1,0.0,1
10,2864,world,28.64,2.854,3.807499914169312,2.4643778412059025,-1.0196948935486625,0.5737570904815369,0.5737570904870706,-0.4132829552747534,0.41328295527076764,-9.643930897225405e-13,0.03238908923466528,-0.09460944402409778,-0.15172242102057656,-1.6036955698862691e-09,-5.356300792884326e-10,0.1,0.0,1
10,2865,world,28.650000000000002,2.8550000000000004,3.8074999141693118,2.4647009019517547,-1.0206412716424471,0.5734434039885886,0.5734434039419696,-0.4137180953678468,0.4137180954014806,8.129429752987858e-12,0.0322225422273726,-0.0946662969192584,-0.15172242102058842,2.9145169690708296e-09,9.6849232487484e-10,0.1,0.0,1
10,2866,world,28.66,2.856,3.8074999141693118,2.4650222816853202,-1.0215882219047925,0.5731293874136265,0.573129387454358,-0.4141529974197056,0.4141529973902723,-7.106705328715743e-12,0.03205288569979355,-0.09472387512299088,-0.1517224210205801,-1.3473421995905223e-09,-4.454605061915726e-10,0.1,0.0,1
10,2867,world,28.67,2.857,3.807499914169312,2.465341949279184,-1.0225357515097993,0.5728150411025694,0.5728150410397441,-0.4145876610607187,0.4145876611061897,1.0967530630013458e-11,0.031880113206918685,-0.09478216278347973,-0.1517224210205825,7.395670249246795e-10,2.432832647245072e-10,0.1,0.0,1
10,2868,world,28.68,2.858,3.807499914169312,2.4656598735415773,-1.0234838674713542,0.572500365032876,0.5725003650824774,-0.41502208618789194,0.4150220861519346,-8.663796956870116e-12,0.031704218317507374,-0.09484114371345292,-0.1517224210205773,9.663640265200871e-09,3.162524234577588e-09,0.1,0.0,1
10,2869,world,28.69,2.859,3.8074999141693113,2.4659760232166446,-1.024432576639755,0.5721853595478443,0.5721853596014473,-0.4154562724338182,0.41545627239489785,-9.367937448266377e-12,0.03152519465345081,-0.09490080137734369,-0.15172242102058564,-4.119170475234791e-09,-1.3411277238259273e-09,0.1,0.0,1
10,2870,world,28.7,2.86,3.8074999141693113,2.4662903669848197,-1.0253818856982686,0.5718700248033473,0.5718700248033471,-0.41589021956691785,0.41589021956691785,0.0,0.03134303586378015,-0.09496111890053631,-0.15172242102058806,-4.979080171083637e-09,-1.6127411154501853e-09,0.1,0.0,1
10,2871,world,28.71,2.861,3.807499914169312,2.4666028734633043,-1.0263318011596645,0.5715543609283953,0.5715543609221116,-0.41632392737557083,0.41632392738014784,1.0993708029837118e-12,0.03115773565432577,-0.09502207906005403,-0.15172242102057418,9.717932967490473e-09,3.1313852423468832e-09,0.1,0.0,1
10,2872,world,28.72,2.862,3.8074999141693118,2.4669135112066907,-1.0272823293627373,0.5712383680637038,0.5712383681803503,-0.41675739564013764,0.41675739555503605,-2.0419712666250822e-11,0.030969287761855438,-0.09508366429373341,-0.15172242102058006,-2.516401941929039e-09,-8.066439502499756e-10,0.1,0.0,1
10,2873,world,28.73,2.863,3.807499914169312,2.4672222487070394,-1.0282334764689787,0.5709220465937445,0.5709220465572942,-0.41719062396332535,0.41719062398996054,6.384370359729443e-12,0.030777686106554583,-0.09514585665138761,-0.15172242102057973,-1.0193022562019168e-08,-3.250354011751878e-09,0.1,0.0,1
10,2874,world,28.740000000000002,2.8640000000000003,3.8074999141693118,2.467529054395304,-1.0291852484588488,0.5706053964705593,0.5706053964649818,-0.41762361226366695,0.4176236122677492,9.774820857066532e-13,0.030582924570721422,-0.09520863786811345,-0.15172242102058248,5.59325855950037e-09,1.7742453208053352e-09,0.1,0.0,1
10,2875,world,28.75,2.865,3.807499914169312,2.467833896644266,-1.030137651127543,0.5702884179657516,0.57028841799627,-0.41805636022678644,0.41805636020441467,-5.351351418367651e-12,0.03038499722045981,-0.09527198929335239,-0.15172242102056896,-3.855187094274252e-09,-1.2164801614712135e-09,0.1,0.0,1
10,2876,world,28.76,2.866,3.8074999141693118,2.4681367437665784,-1.031090690082393,0.5699711113234859,0.5699711112718316,-0.41848886755831444,0.4184888675962404,9.062563539660065e-12,0.030183898231094186,-0.09533589191681668,-0.15172242102058012,-4.192059420323685e-09,-1.3157896491251731e-09,0.1,0.0,1
10,2877,world,28.77,2.867,3.8074999141693118,2.4684375640171785,-1.032044370738841,0.5696534766101083,0.5696534765905349,-0.41892113409463694,0.4189211341090311,3.436006091136681e-12,0.029979621890388893,-0.09540032636898743,-0.15172242102059358,3.5831129599168526e-09,1.1186805777097892e-09,0.1,0.0,1
10,2878,world,28.78,2.8680000000000003,3.8074999141693118,2.4687363255946564,-1.0329986983167756,0.5693355140762232,0.5693355140673687,-0.41935315953724356,0.4193531595437655,1.5552395892102588e-12,0.029772162632676964,-0.09546527291205653,-0.1517224210205912,9.177231942593458e-09,2.8499213931577333e-09,0.1,0.0,1
10,2879,world,28.79,2.8689999999999998,3.807499914169312,2.46903299664276,-1.033953677836846,0.5690172238501627,0.5690172239399712,-0.4197849436777886,0.4197849436115335,-1.5783105149821504e-11,0.029561515052207773,-0.09553071143783079,-0.15172242102057729,7.429865131526154e-10,2.2948873835116328e-10,0.1,0.0,1
10,2880,world,28.8,2.87,3.8074999141693118,2.469327545252043,-1.0349093141167682,0.5686986062533078,0.5686986062533078,-0.42021648616581586,0.42021648616581586,0.0,0.029347673923570836,-0.0955966214637095,-0.15172242102057654,-1.0894664353869785e-08,-3.347040596503087e-09,0.1,0.0,1
10,2881,world,28.810000000000002,2.8710000000000004,3.8074999141693118,2.469619939461349,-1.0358656117676672,0.5683796613498059,0.568379661309955,-0.42064778684087273,0.42064778687036564,7.011304542646977e-12,0.029130634209699014,-0.09566298213280158,-0.1517224210205745,1.0560389950699536e-09,3.226808947924523e-10,0.1,0.0,1
10,2882,world,28.82,2.872,3.8074999141693127,2.4699101472578486,-1.0368225751909252,0.568060389302063,0.5680603893146086,-0.4210788454705101,0.4210788454612107,-2.2084766072690637e-12,0.028910391040470013,-0.09572977222310264,-0.14630372888653112,2.7663992085127576e-11,8.412717970304171e-12,0.1,0.0,1
10,2883,world,28.830000000000002,2.873,3.8074999141693113,2.470198140672961,-1.0377802073466527,0.567763629869519,0.5677636298300397,-0.4214788969894581,0.42147889701876556,6.9534460715595415e-12,0.02868874611628829,-0.09579642919376043,-0.13832043943751357,5.457952498422189e-09,1.6504247679971916e-09,0.1,0.0,1
10,2884,world,28.84,2.874,3.8074999141693118,2.4704839372024927,-1.0387384974461322,0.5674774079240783,0.5674774080013263,-0.42186418605536896,0.4218641859979425,-1.3612454401755134e-11,0.028471333849287923,-0.09586127032771052,-0.1357558421225116,3.089249250509727e-09,9.29495655066266e-10,0.1,0.0,1
10,2885,world,28.85,2.875,3.8074999141693118,2.4707675828494695,-1.0396974263990235,0.5671909246168257,0.5671909246139819,-0.4222492806779301,0.42224928068004713,5.013627000352708e-13,0.0282585715330457,-0.09592420515652834,-0.13575584212249214,-8.945005819136946e-09,-2.6781363137707755e-09,0.1,0.0,1
10,2886,world,28.86,2.876,3.8074999141693127,2.47104912417487,-1.0406569752983172,0.5669041799542274,0.5669041799255301,-0.4226341807729845,0.42263418079437876,5.062054922968769e-12,0.028050471357628066,-0.09598526478900232,-0.13575584212248698,-2.3864362266813723e-09,-7.109676144483086e-10,0.1,0.0,1
10,2887,world,28.87,2.8770000000000002,3.8074999141693118,2.4713286078571794,-1.0416171255455378,0.5666171740837717,0.5666171740527122,-0.42301888615180155,0.42301888617498956,5.481456275198972e-12,0.02784704485095051,-0.09604447976364468,-0.1357558421225064,8.359177031345001e-09,2.478043532138917e-09,0.1,0.0,1
10,2888,world,28.88,2.878,3.8074999141693118,2.471606080686122,-1.0425778588449433,0.566329907097686,0.5663299071677715,-0.4234033966670794,0.4234033966146817,-1.2375088784771113e-11,0.027648302839836287,-0.09610188005484961,-0.13575584212251435,2.4322190627225794e-09,7.174263388780911e-10,0.1,0.0,1
10,2889,world,28.89,2.879,3.807499914169312,2.471881589561103,-1.0435391571962567,0.5660423792668555,0.5660423792645352,-0.4237877120381082,0.4237877120398454,4.099102679630994e-13,0.02745425554102018,-0.09615749504166778,-0.1357558421225064,-2.519857319647413e-09,-7.395725194640777e-10,0.1,0.0,1
10,2890,world,28.900000000000002,2.8800000000000003,3.807499914169312,2.4721551814775236,-1.0445010028909139,0.5657545905794676,0.5657545906197667,-0.42417183219572174,0.42417183216550763,-7.122858099092432e-12,0.0272649125161895,-0.09621135351653948,-0.1357558421225064,6.022661998299725e-09,1.758754793565121e-09,0.1,0.0,1
10,2891,world,28.91,2.8810000000000002,3.8074999141693118,2.472426903523704,-1.0454633785051626,0.5654665412327712,0.5654665413014103,-0.4245557569145811,0.42455575686304653,-1.213803030264855e-11,0.027080282768681865,-0.09626348365381462,-0.13575584212250605,-5.9920975490449295e-09,-1.7409801174815777e-09,0.1,0.0,1
10,2892,world,28.92,2.882,3.8074999141693118,2.4726968028730525,-1.0464262668944866,0.5651782314159695,0.5651782313856946,-0.42493948597530307,0.42493948599806586,5.3564820536758135e-12,0.026900374782830524,-0.09631391299569994,-0.13575584212251435,-7.854075360031038e-09,-2.2704234360891043e-09,0.1,0.0,1
10,2893,world,28.93,2.883,3.8074999141693113,2.472964926783461,-1.0473896511859941,0.5648896611455761,0.5648896611217784,-0.4253230192884678,0.42532301930638594,4.212647445905802e-12,0.02672519643498078,-0.09636266847442371,-0.135755842122512,5.679514160447062e-10,1.633443882285096e-10,0.1,0.0,1
10,2894,world,28.94,2.8840000000000003,3.8074999141693118,2.4732313225907894,-1.0483535147724314,0.5646008306103679,0.5646008305867972,-0.4257063566354453,0.42570635665321754,4.174562106045103e-12,0.026554755184116853,-0.0964097763565066,-0.13575584212250325,2.620451883250413e-09,7.497921255449798e-10,0.1,0.0,1
10,2895,world,28.95,2.885,3.807499914169312,2.473496037701034,-1.0493178413065274,0.5643117399251303,0.5643117399321187,-0.4260894978534168,0.4260894978481401,-1.2383524743979481e-12,0.026389057954921996,-0.09645526227351087,-0.13575584212250602,-4.347618046504985e-09,-1.2376325990834735e-09,0.1,0.0,1
10,2896,world,28.96,2.886,3.807499914169312,2.473759119586399,-1.050282614694258,0.5640223892942674,0.5640223892197294,-0.4264724427120596,0.4264724427684198,1.3214703959647088e-11,0.02622811129175627,-0.09649915117796243,-0.13575584212250086,-5.957708380292834e-10,-1.687234204350456e-10,0.1,0.0,1
10,2897,world,28.97,2.887,3.8074999141693113,2.474020615781699,-1.0512478190879615,0.5637327787170205,0.5637327787170205,-0.42685519113627607,0.42685519113627607,0.0,0.02607192127665326,-0.09654146736477541,-0.13575584212250322,9.78781800937227e-09,2.7575672444656575e-09,0.1,0.0,1
10,2898,world,28.98,2.888,3.807499914169312,2.4742805738849887,-1.0522134388783508,0.5634429084220614,0.5634429084621911,-0.42723774287775446,0.4272377428473254,-7.121826325914983e-12,0.02592049360928328,-0.09658223444842796,-0.13575584212250363,-2.9058486771802056e-09,-8.144293298924969e-10,0.1,0.0,1
10,2899,world,28.990000000000002,2.8890000000000002,3.8074999141693118,2.4745390415467194,-1.0531794586896146,0.5631527785828656,0.5631527785488757,-0.4276200977298692,0.4276200977556788,6.035250219130179e-12,0.02577383363649668,-0.09662147535448935,-0.1357558421225064,-7.264102663527077e-09,-2.025272239162752e-09,0.1,0.0,1
10,2900,world,29.0,2.89,3.8074999141693127,2.474796066467343,-1.054145863372213,0.5628623892443306,0.5628623891995266,-0.42800225558377675,0.42800225561784594,7.959537511595758e-12,0.025631946332070867,-0.09665921232469175,-0.13575584212251435,3.639550890599259e-09,1.0094067573667886e-09,0.1,0.0,1
10,2901,world,29.01,2.891,3.8074999141693118,2.475051696396807,-1.0551126379951405,0.562571740539824,0.562571740548365,-0.42838421626382817,0.42838421625732426,-1.5181450008606779e-12,0.025494836362566276,-0.09669546689915702,-0.1357558421225088,2.639803076513559e-09,7.282704456020027e-10,0.1,0.0,1
10,2902,world,29.02,2.892,3.807499914169312,2.4753059791327527,-1.05607976783864,0.5622808326732633,0.5622808326593007,-0.42876597954076,0.42876597955140716,2.483040136658819e-12,0.025362508115447147,-0.0967302599091612,-0.1357558421225064,-3.2042711667479767e-10,-8.792969055885514e-11,0.1,0.0,1
10,2903,world,29.03,2.8930000000000002,3.8074999141693127,2.4755589625129684,-1.0570472383883234,0.5619896657201257,0.5619896657249233,-0.4291475452832715,0.42914754527960786,-8.536518442252796e-13,0.02523496567849637,-0.09676361148285606,-0.13575584212250644,2.0567359693450497e-09,5.614122004210742e-10,0.1,0.0,1
10,2904,world,29.04,2.894,3.807499914169312,2.4758106944119427,-1.0580150353282691,0.5616982398419733,0.5616982398519758,-0.42952891329466536,0.4295289132870165,-1.78064921276625e-12,0.025112212891130248,-0.09679554103217025,-0.13575584212250602,-1.106975962297853e-10,-3.005097094952449e-11,0.1,0.0,1
10,2905,world,29.05,2.895,3.8074999141693113,2.4760612227469267,-1.0589831445316384,0.5614065551721517,0.5614065551756564,-0.4299100833999176,0.42991008339723374,-6.242483425277474e-13,0.024994253350034933,-0.09682606725192483,-0.13575584212250089,5.4682747362247524e-09,1.4767108741989852e-09,0.1,0.0,1
10,2906,world,29.060000000000002,2.8960000000000004,3.807499914169312,2.4763105954679054,-1.0599515520554827,0.5611146118009256,0.5611146118744825,-0.43029105545722673,0.43029105540081963,-1.3108275620558327e-11,0.024881090440039607,-0.09685520811249425,-0.1357558421224953,-3.2578783019580058e-09,-8.750391989813139e-10,0.1,0.0,1
10,2907,world,29.07,2.8970000000000002,3.8074999141693118,2.476558860555764,-1.0609202441334216,0.5608224099900532,0.5608224099557173,-0.43067182919347,0.43067182921983754,6.122061182694967e-12,0.02477272735702729,-0.09688298085471149,-0.1357558421225005,-1.169346368088751e-08,-3.123754992713891e-09,0.1,0.0,1
10,2908,world,29.080000000000002,2.898,3.8074999141693118,2.4768060660237743,-1.0618892071674937,0.5605299497451802,0.560529949682973,-0.43105240453211036,0.4310524045799484,1.1097361611236206e-11,0.02466916710937767,-0.0969094019903621,-0.1357558421225088,6.399810426726599e-09,1.700318186714926e-09,0.1,0.0,1
10,2909,world,29.09,2.899,3.807499914169312,2.4770522599161695,-1.0628584277207347,0.5602372311760789,0.5602372312159748,-0.431432781317165,0.4314327812864415,-7.120911832953789e-12,0.024570412507607768,-0.09693448730563335,-0.13575584212250918,5.3648518785983605e-09,1.417544295485503e-09,0.1,0.0,1
10,2910,world,29.1,2.9000000000000004,3.8074999141693118,2.4772974903027487,-1.0638278925108327,0.5599442545536034,0.5599442545536033,-0.4318129592687203,0.4318129592687203,0.0,0.024476466302343767,-0.09695825182701177,-0.13575584212250325,-3.4437213666920177e-09,-9.049347386598427e-10,0.1,0.0,1
10,2911,world,29.11,2.901,3.807499914169312,2.4775418052783325,-1.0647975884024852,0.5596510199217929,0.5596510199217928,-0.43219293828161637,0.43219293828161637,0.0,0.02438733102891109,-0.09698070986173649,-0.13575584212250602,2.0553592923721093e-09,5.3711773762253e-10,0.1,0.0,1
10,2912,world,29.12,2.902,3.8074999141693118,2.4777852529669224,-1.0657675023986386,0.5593575274238173,0.5593575274475829,-0.4325727181746097,0.4325727181562307,-4.2485964797057165e-12,0.024303009139513096,-0.09700187496520232,-0.13575584212251474,5.551116828210552e-15,5.551116828210552e-15,0.1,0.0,1
10,2913,world,29.13,2.903,3.807499914169312,2.478027881514113,-1.0667376216346665,0.5590637772305496,0.5590637772305496,-0.432952298745151,0.432952298745151,0.0,0.024223502997340177,-0.09702175994351914,-0.1357558421225116,-3.83625193984853e-09,-9.914017099344839e-10,0.1,0.0,1
10,2914,world,29.14,2.904,3.8074999141693113,2.478269739086842,-1.0677079333707267,0.5587697694519537,0.5587697694314142,-0.4333316798379563,0.4333316798538847,3.675698701821411e-12,0.024148814852775327,-0.0970403768603893,-0.13575584212249256,2.056783153838089e-09,5.285523643564818e-10,0.1,0.0,1
10,2915,world,29.150000000000002,2.9050000000000002,3.8074999141693113,2.4785108738775907,-1.0686784249830001,0.5584755041927049,0.5584755042164246,-0.4337108613021427,0.43371086128372205,-4.247117328191628e-12,0.024078946902140047,-0.09705773702329928,-0.13575584212250644,1.7806900317117952e-09,4.550278219668331e-10,0.1,0.0,1
10,2916,world,29.16,2.906,3.8074999141693118,2.4787513340991603,-1.0696490839573158,0.5581809816547721,0.558180981654772,-0.43408984291148195,0.43408984291148195,0.0,0.02401390125547638,-0.0970738509923874,-0.11846275752446278,-2.0581180466365853e-09,-5.233287250767435e-10,0.1,0.0,1
10,2917,world,29.17,2.907,3.8074999141693113,2.478991167818769,-1.070619897922392,0.5579613266126066,0.5579613266126066,-0.43437214229816834,0.43437214229816834,0.0,0.0239535428071885,-0.09708876241349557,-0.0706106213285801,4.1547185813635425e-09,1.052552577075777e-09,0.1,0.0,1
10,2918,world,29.18,2.908,3.8074999141693104,2.479230414952071,-1.0715908566137284,0.5578743289705269,0.5578743290183475,-0.43448386974108505,0.43448386970384145,-8.571768093554806e-12,0.02389633819823715,-0.09710285794308772,-0.0400516482896494,-2.815350805592727e-09,-7.111117440721226e-10,0.1,0.0,1
10,2919,world,29.19,2.9090000000000003,3.8074999141693118,2.47946910367407,-1.0725619527303736,0.5577873086785022,0.5577873086461086,-0.434595580148134,0.43459558017337335,5.807439782259799e-12,0.023841860907926605,-0.09711624822060973,-0.04005179898297487,-4.5806831775563505e-09,-1.1550621879135603e-09,0.1,0.0,1
10,2920,world,29.2,2.91,3.807499914169312,2.4797072612666744,-1.0735331792422822,0.5577002656498085,0.5577002656449219,-0.4347072735706208,0.4347072735744298,8.761970089334566e-13,0.02379011267275251,-0.09712893770147876,-0.04005193682729745,6.254869012320919e-09,1.5745627445420026e-09,0.1,0.0,1
10,2921,world,29.21,2.911,3.8074999141693118,2.479944915029422,-1.0745045291626643,0.5576131999610265,0.5576132000005751,-0.43481894993270587,0.4348189499018664,-7.092323119404274e-12,0.02374109515471886,-0.09714093061554735,-0.040052061822341244,-8.37905045545721e-09,-2.105729535972642e-09,0.1,0.0,1
10,2922,world,29.22,2.912,3.807499914169311,2.4801820922773112,-1.0754759955461128,0.5575261117444374,0.5575261116432164,-0.43493060911508497,0.4349306091940484,1.8155009696171504e-11,0.023694809914722042,-0.0971522309733811,-0.04005217396787033,-6.638456628700288e-09,-1.6654650326712768e-09,0.1,0.0,1
10,2923,world,29.23,2.9130000000000003,3.8074999141693118,2.4804188203403363,-1.0764475714862416,0.5574390008360721,0.5574390007993041,-0.435042251229572,0.435042251258267,6.5957664096974e-12,0.023651258382615017,-0.09716284257327379,-0.0400522732636721,1.1224999008429532e-08,2.8113734315030163e-09,0.1,0.0,1
10,2924,world,29.240000000000002,2.914,3.8074999141693113,2.480655126561927,-1.0774192501136364,0.5573518673697587,0.5573518673975595,-0.4351538761557725,0.4351538761340669,-4.987905673762055e-12,0.023610441920023446,-0.09717276898566389,-0.0400523597095495,8.803766284886369e-09,2.2012142697593065e-09,0.1,0.0,1
10,2925,world,29.25,2.915,3.8074999141693113,2.48089103829951,-1.0783910245932722,0.5572647113908527,0.5572647114552371,-0.4352654838423095,0.4352654837920204,-1.1553410617455822e-11,0.02357236179491118,-0.09718201355914485,-0.04005243330534264,-1.0572043523501384e-09,-2.6388336666335094e-10,0.1,0.0,1
10,2926,world,29.26,2.9160000000000004,3.8074999141693113,2.4811265829225277,-1.0793628881225563,0.557177532959355,0.5571775329750046,-0.43537707422638977,0.43537707421416116,-2.8086791851655934e-12,0.023537019158458645,-0.09719057942585975,-0.04005249405092052,-5.048017694484804e-09,-1.2578688427439e-09,0.1,0.0,1
10,2927,world,29.27,2.917,3.807499914169311,2.481361787811284,-1.0803348339291352,0.5570903320442288,0.5570903320506292,-0.43548864731639597,0.4354886473113926,-1.1488877057905816e-12,0.023504415079998175,-0.09719846949282256,-0.040052541946128846,-1.3628404325289021e-09,-3.3902048742144895e-10,0.1,0.0,1
10,2928,world,29.28,2.918,3.8074999141693118,2.481596680356132,-1.081306855268666,0.5570031086951867,0.5570031086951865,-0.4356002030576871,0.4356002030576871,0.0,0.02347455054337852,-0.09720568644264783,-0.04005257699090651,2.893130257223461e-09,7.184586451348933e-10,0.1,0.0,1
10,2929,world,29.29,2.919,3.8074999141693118,2.4818312879568225,-1.082278945422516,0.556915862922076,0.5569158629616778,-0.435711741426834,0.43571174139585095,-7.110777642124265e-12,0.023447426446480565,-0.09721223273352425,-0.04005259918519138,1.5291046615847073e-09,3.7908011077858445e-10,0.1,0.0,1
10,2930,world,29.3,2.92,3.8074999141693118,2.482065638022245,-1.0832510976953564,0.5568285948101818,0.5568285948277262,-0.435823262341438,0.43582326232770613,-3.1507322663525044e-12,0.023423043591080633,-0.09721811060152495,-0.040052608528922916,-8.983247719404555e-09,-2.22317448177378e-09,0.1,0.0,1
10,2931,world,29.310000000000002,2.9210000000000003,3.8074999141693118,2.482299757968409,-1.084223305413226,0.5567413043896288,0.5567413043261736,-0.43593476576226736,0.43593476581195345,1.1397387030456998e-11,0.02340140268546967,-0.0972233220598458,-0.040052605022083354,1.757052883537448e-09,4.34083336446602e-10,0.1,0.0,1
10,2932,world,29.32,2.922,3.8074999141693113,2.4825336752180025,-1.0851955619211466,0.5566539915713877,0.5566539916090761,-0.43604625174347655,0.43604625171395384,-6.77043236418833e-12,0.02338250436601291,-0.09722786889350907,-0.040052588664667196,3.1028708210865923e-09,7.652600979894651e-10,0.1,0.0,1
10,2933,world,29.330000000000002,2.923,3.8074999141693118,2.4827674171995304,-1.0861678605809058,0.5565666565614193,0.5565666565335582,-0.43615772010825044,0.436157720130084,5.005809764748519e-12,0.02336634921049752,-0.0972317526560798,-0.04005255945674821,-1.7182783433659865e-09,-4.2305049484447545e-10,0.1,0.0,1
10,2934,world,29.34,2.924,3.8074999141693113,2.483001011347158,-1.0871401947686208,0.5564792992522527,0.5564792992702344,-0.4362691709253195,0.4362691709112221,-3.2313069568700078e-12,0.02335293763912434,-0.09723497469338474,-0.040052517398356934,5.883388378352663e-09,1.4460183437573678e-09,0.1,0.0,1
10,2935,world,29.35,2.9250000000000003,3.807499914169311,2.4832344850989254,-1.088112557872731,0.5563919197433153,0.5563919197828807,-0.43638060410136914,0.43638060407033774,-7.111002731006167e-12,0.023342270072869487,-0.09723753610538075,-0.040052462489566676,1.8839874608938614e-09,4.622524708919666e-10,0.1,0.0,1
10,2936,world,29.36,2.926,3.8074999141693118,2.4834678658962854,-1.08908494329162,0.5563045180649031,0.5563045181044624,-0.43649201959728584,0.4364920195662465,-7.111017450568234e-12,0.023334346804096507,-0.09723943777720104,-0.04005239473049679,-5.872108512121229e-09,-1.4382578846078336e-09,0.1,0.0,1
10,2937,world,29.37,2.927,3.8074999141693118,2.4837011811833403,-1.0900573444313735,0.5562170942715084,0.5562170942438073,-0.43660341735501135,0.4366034173767554,4.980231602091694e-12,0.023329168057991373,-0.09724068036435161,-0.04005231412126825,-3.0956238400984546e-09,-7.568973428326042e-10,0.1,0.0,1
10,2938,world,29.38,2.928,3.8074999141693118,2.4839344584062273,-1.0910297547034442,0.5561296483116619,0.5561296483157631,-0.43671479739971364,0.4367147973964931,-7.374254806471058e-13,0.023326733974412865,-0.09724126429704097,-0.040052220662033705,7.296444199624712e-09,1.7809393325499898e-09,0.1,0.0,1
10,2939,world,29.39,2.9290000000000003,3.807499914169312,2.4841677250119303,-1.0920021675224996,0.5560421802566489,0.5560421803124812,-0.43682615966027877,0.436826159616417,-1.0040942724715685e-11,0.023327044625887555,-0.09724118977584474,-0.04005211435298863,2.5175667779679404e-09,6.134232175239888e-10,0.1,0.0,1
10,2940,world,29.400000000000002,2.93,3.807499914169311,2.4844010084476844,-1.0929745763040914,0.5559546901855066,0.5559546902184185,-0.43693750405949566,0.4369375040336294,-5.919857682172216e-12,0.02333009998165683,-0.09724045678032317,-0.04005199519432168,-1.206024479220267e-08,-2.933461885227238e-09,0.1,0.0,1
10,2941,world,29.41,2.931,3.807499914169312,2.4846343361602754,-1.0939469744623778,0.555867178138768,0.5558671780565956,-0.43704883055041294,0.43704883061502064,1.4782668259855605e-11,0.023335899960634246,-0.0972390650563202,-0.04005186318628104,-9.505924080017915e-10,-2.3080704631768496e-10,0.1,0.0,1
10,2942,world,29.42,2.9320000000000004,3.8074999141693118,2.484867735594941,-1.094919355407923,0.5557796439925132,0.5557796440145414,-0.4371601392154675,0.43716013919814084,-3.963436740591372e-12,0.023344444371822735,-0.09723701413027282,-0.04005171832911869,4.396552683999918e-09,1.065658700907918e-09,0.1,0.0,1
10,2943,world,29.43,2.933,3.807499914169312,2.485101234194775,-1.0958917125453718,0.5556920879672684,0.5556920879353994,-0.4372714298663032,0.43727142989138074,5.734999100373404e-12,0.023355732957159307,-0.09723430329895856,-0.035957824616508344,-5.381031847269473e-09,-1.3022416759118954e-09,0.1,0.0,1
10,2944,world,29.44,2.934,3.8074999141693113,2.4853348593674074,-1.0968640392790223,0.5556224148203307,0.55562241478083,-0.43735995719495513,0.4373599572260482,7.109261001809349e-12,0.02336971241473222,-0.09723094436264985,-0.013757636694965445,-1.1888268185186897e-09,-2.8747282423056653e-10,0.1,0.0,1
10,2945,world,29.45,2.935,3.807499914169312,2.485568630020644,-1.0978363310458257,0.5556319245006953,0.555631924455238,-0.4373478758211394,0.43734787585691964,8.1811893423901e-12,0.023384356258744018,-0.0972274235098521,0.00434873324702271,-2.1334711781738648e-09,-5.155903483560507e-10,0.1,0.0,1
10,2946,world,29.46,2.936,3.8074999141693118,2.485802545253364,-1.098808588039684,0.5556414339250073,0.5556414338611139,-0.43733579423512803,0.43733579428541747,1.1499043294117256e-11,0.023398628324507766,-0.09722398979949107,0.004348733423131837,3.622385725852996e-09,8.755940419920752e-10,0.1,0.0,1
10,2947,world,29.47,2.937,3.8074999141693113,2.4860366013482396,-1.0997808111327787,0.5556509430478435,0.5556509430437996,-0.43732371247269153,0.43732371247587437,7.278059637928504e-13,0.02341252870438821,-0.09722064338228892,0.004348733582833679,4.079211969496204e-09,9.86194459739887e-10,0.1,0.0,1
10,2948,world,29.48,2.938,3.8074999141693113,2.4862707945885822,-1.1007530011988478,0.5556604519448374,0.5556604519275808,-0.43731163047432053,0.4373116304879016,3.1055793262035843e-12,0.023426057439734242,-0.09721738441673008,0.004348733726069102,-8.45556958051183e-10,-2.0446699895207682e-10,0.1,0.0,1
10,2949,world,29.490000000000002,2.939,3.807499914169312,2.486505121258331,-1.101725159113142,0.5556699605710387,0.5556699605573268,-0.43729954827541356,0.43729954828620454,2.467628940039308e-12,0.02343921461258769,-0.09721421304698741,0.00434873385281868,7.912304147702589e-09,1.9136220392107115e-09,0.1,0.0,1
10,2950,world,29.5,2.94,3.8074999141693113,2.4867395776420835,-1.102697285752363,0.5556794688930958,0.555679468966308,-0.4372874659022349,0.4372874658446211,-1.31752700599294e-11,0.023452000234398335,-0.09721112942974061,0.004348733963162781,4.65411875851899e-09,1.1258327607061131e-09,0.1,0.0,1
10,2951,world,29.51,2.9410000000000003,3.8074999141693118,2.486974160025039,-1.1036693819946402,0.5556889770129742,0.5556889770524784,-0.43727538327456233,0.4372753832434762,-7.10904331453606e-12,0.02346441442788001,-0.09720813369032809,0.004348734057046015,-1.6339424263197682e-08,-3.953248840640106e-09,0.1,0.0,1
10,2952,world,29.52,2.942,3.8074999141693118,2.4872088646927435,-1.1046414487195524,0.5556984849300256,0.555698484816405,-0.437263300392932,0.43726330048233686,2.044645658225312e-11,0.023476457221375806,-0.09720522597233605,0.004348734134487812,-5.306310947869024e-09,-1.284097828474142e-09,0.1,0.0,1
10,2953,world,29.53,2.943,3.8074999141693118,2.487443687931435,-1.1056134868079877,0.5557079924617145,0.5557079924405426,-0.4372512174009954,0.43725121741765405,3.809859422456922e-12,0.023488128644429413,-0.09720240641456741,0.004348734195464036,9.936315662286586e-09,2.404962341143741e-09,0.1,0.0,1
10,2954,world,29.54,2.944,3.8074999141693118,2.487678626027881,-1.1065854971421472,0.5557174997664254,0.5557174997664254,-0.4372391341741417,0.4372391341741417,0.0,0.023499428775551088,-0.09719967513949213,0.004348734239999668,-1.1051243257327676e-09,-2.675082378677178e-10,0.1,0.0,1
10,2955,world,29.55,2.9450000000000003,3.8074999141693118,2.4879136752693523,-1.1075574806054966,0.5557270068359706,0.5557270068021605,-0.43722705071883616,0.43722705074543705,6.0839859910823786e-12,0.02351035766440839,-0.09719703227203799,0.004348734268116067,3.3033714662983234e-09,7.998435249978392e-10,0.1,0.0,1
10,2956,world,29.560000000000002,2.946,3.8074999141693113,2.4881488319436253,-1.1085294380827333,0.55573651359012,0.555736513627897,-0.437214967098221,0.43721496706850066,-6.7976465028577105e-12,0.02352091534512577,-0.09719447793639013,0.004348734279741066,2.956532242181676e-09,7.159939310367638e-10,0.1,0.0,1
10,2957,world,29.57,2.947,3.8074999141693118,2.488384092339056,-1.109501370459713,0.5557460201362137,0.5557460201362138,-0.4372028832278661,0.4372028832278661,0.0,0.023531101875030516,-0.097192012246619,0.004348734274916183,-5.58502966273025e-09,-1.352817858162245e-09,0.1,0.0,1
10,2958,world,29.580000000000002,2.9480000000000004,3.8074999141693113,2.4886194527441683,-1.1104732786235112,0.5557555264136884,0.5557555263875934,-0.4371907991554396,0.4371907991759676,4.695431159712715e-12,0.02354091729613704,-0.09718963531599673,0.004348734253681357,6.909040008953491e-09,1.6738360702765655e-09,0.1,0.0,1
10,2959,world,29.59,2.949,3.8074999141693118,2.48885490944807,-1.111445163462268,0.5557650323627407,0.5557650324417583,-0.43717871492800336,0.4371787148658461,-1.4217819834412289e-11,0.023550361642875495,-0.09718734725513285,0.004348734215986509,5.500835899632493e-09,1.3329226615549892e-09,0.1,0.0,1
10,2960,world,29.6,2.95,3.8074999141693118,2.4890904587402725,-1.1124170258651882,0.5557745381225901,0.5557745381594081,-0.43716663043606135,0.4371666304071006,-6.624649615046688e-12,0.023559434964247464,-0.09718514816660721,0.00434873416183164,-6.219086358966138e-09,-1.507260983166512e-09,0.1,0.0,1
10,2961,world,29.61,2.951,3.8074999141693113,2.4893260969106787,-1.1133888667225187,0.5557840436129045,0.5557840436207941,-0.4371545457428266,0.4371545457366209,-1.4195628755054474e-12,0.02356813729346867,-0.09718303815232476,0.00434873409122242,8.485712135641783e-11,2.057798376791554e-11,0.1,0.0,1
10,2962,world,29.62,2.952,3.8074999141693118,2.48956182024956,-1.114360686925484,0.5557935488108646,0.5557935488486545,-0.4371424608662658,0.4371424608365433,-6.7992825100017254e-12,0.023576468669793602,-0.09718101730822869,0.004348734004175385,-1.0782652552013003e-09,-2.61429766806038e-10,0.1,0.0,1
10,2963,world,29.63,2.953,3.8074999141693118,2.489797625047617,-1.115332487366235,0.5558030537819112,0.5558030537774679,-0.43713037575492736,0.437130375758422,7.994517947819029e-13,0.023584429117568285,-0.09717908572938108,0.004348733900687756,-4.903680241187988e-09,-1.1891293509174986e-09,0.1,0.0,1
10,2964,world,29.64,2.954,3.8074999141693118,2.4900335075957347,-1.1163042689378788,0.5558125584757484,0.5558125584574491,-0.4371182904483899,0.4371182904627814,3.292351761767253e-12,0.02359201867886171,-0.09717724350204755,0.004348733780747586,-3.065836474547367e-09,-7.436024021101697e-10,0.1,0.0,1
10,2965,world,29.650000000000002,2.955,3.8074999141693113,2.4902694641851277,-1.117276032534368,0.5558220629102033,0.5558220628706905,-0.4371062049326522,0.4371062049637256,7.108893294677872e-12,0.02359923738900214,-0.09717549070963072,0.004348733644354879,1.5997758678380316e-09,3.8808956061033517e-10,0.1,0.0,1
10,2966,world,29.66,2.956,3.8074999141693113,2.4905054911073354,-1.1182477790504812,0.5558315670511934,0.5558315670511934,-0.4370941192345359,0.4370941192345359,0.0,0.0236060852553374,-0.09717382743783298,0.004348733491509508,2.7246621634149975e-09,6.611156069120921e-10,0.1,0.0,1
10,2967,world,29.67,2.9570000000000003,3.8074999141693113,2.4907415846541605,-1.1192195093817883,0.5558410709529709,0.5558410709446252,-0.4370820333113967,0.4370820333179594,1.5014714728108428e-12,0.023612562311941854,-0.09717225376137298,0.004348733322225477,-5.808126204041405e-09,-1.4095197236052786e-09,0.1,0.0,1
10,2968,world,29.68,2.958,3.8074999141693113,2.49097774111765,-1.120191224424597,0.5558505746164417,0.5558505745499986,-0.43706994716254444,0.4370699472147893,1.1953423266294542e-11,0.023618668594185974,-0.09717076975015694,0.004158895554931858,3.0647817625918243e-09,7.438993867494915e-10,0.1,0.0,1
10,2969,world,29.69,2.959,3.807499914169312,2.491213956803225,-1.1211629250727366,0.5558592482399873,0.5558592482667024,-0.43705891609759767,0.43705891607659225,-4.806078227261655e-12,0.02362441392349675,-0.09716937309034825,0.0036842573015212253,4.637687457337812e-09,1.1258716184120774e-09,0.1,0.0,1
10,2970,world,29.7,2.96,3.8074999141693113,2.491450228524648,-1.1221346120971392,0.5558666769941041,0.5558666769807152,-0.43704946792139443,0.43704946793192134,2.4086317721148245e-12,0.023629889024043803,-0.0971680417869547,0.0033994567699168277,-2.3807289477737215e-09,-5.78062597900415e-10,0.1,0.0,1
10,2971,world,29.71,2.9610000000000003,3.8074999141693118,2.49168655375638,-1.1231062861086312,0.55587410556133,0.555874105560809,-0.4370400196395085,0.43704001963991806,9.37240353663839e-14,0.02363511598212596,-0.09716677051601261,0.003399456852534829,4.139169563453491e-09,1.0051709466712745e-09,0.1,0.0,1
10,2972,world,29.72,2.9619999999999997,3.8074999141693118,2.4919229300171097,-1.1240779477077159,0.5558815339573219,0.5558815339912879,-0.4370305712396378,0.43703057121293387,-6.1103073285259455e-12,0.02364009480201014,-0.09716555931888611,0.0033994569272805934,4.5544124036462536e-11,1.1074474672770158e-11,0.1,0.0,1
10,2973,world,29.73,2.963,3.807499914169312,2.492159354825457,-1.1250495974953507,0.5558889622270966,0.5558889622270967,-0.43702112268640003,0.43702112268640003,0.0,0.023644825498040804,-0.09716440823247574,0.0033994569942033277,4.926253850238306e-10,1.196709398473549e-10,0.1,0.0,1
10,2974,world,29.740000000000002,2.9640000000000004,3.8074999141693118,2.4923958257001524,-1.1260212360728294,0.5558963902996239,0.5558963903392271,-0.43701167403564706,0.4370116740045135,-7.1242006116338125e-12,0.023649308074002215,-0.09716331729423885,0.0033994570532631507,-3.573119578681705e-09,-8.680944853519509e-10,0.1,0.0,1
10,2975,world,29.75,2.965,3.807499914169312,2.4926323401599926,-1.1269928640418212,0.5559038182717129,0.5559038182308311,-0.4370022252112826,0.4370022252434202,7.35410280137347e-12,0.023653542538166285,-0.09716228653852871,0.003399457104449983,-1.6580375964279147e-09,-4.0288050681117956e-10,0.1,0.0,1
10,2976,world,29.76,2.966,3.8074999141693118,2.492868895723825,-1.127964482004338,0.5559112460123002,0.5559112460329336,-0.43699277631634753,0.43699277630012806,-3.711598738723673e-12,0.023657528877897314,-0.09716131600277683,0.0033994571477756817,1.1168843629879e-10,2.7144952957310297e-11,0.1,0.0,1
10,2977,world,29.77,2.967,3.8074999141693113,2.493105489910545,-1.128936090562705,0.5559186736532432,0.5559186736136383,-0.4369833272471983,0.43698332727832995,7.124221190800179e-12,0.02366126711606942,-0.09716040571375778,0.0033994571832536135,-5.030303952128415e-09,-1.2226636372372565e-09,0.1,0.0,1
10,2978,world,29.78,2.968,3.8074999141693113,2.493342120239117,-1.1299076903195442,0.5559261011021864,0.5559261010652624,-0.4369738780764431,0.4369738781054665,6.641903268981034e-12,0.02366475724921811,-0.09715955570264606,0.0033994572108953917,1.1551193337405824e-08,2.808039912247014e-09,0.1,0.0,1
10,2979,world,29.79,2.969,3.8074999141693118,2.4935787842285295,-1.1308792818777715,0.5559335283271643,0.5559335284197328,-0.4369644288292139,0.436964428756455,-1.6650979362756896e-11,0.02366799927195829,-0.0971587659990728,0.003399457230653832,5.393990810604015e-09,1.3114426214182254e-09,0.1,0.0,1
10,2980,world,29.8,2.97,3.8074999141693118,2.49381547939778,-1.131850865840576,0.5559409554901952,0.5559409555149921,-0.4369549793781726,0.43695497935868294,-4.460341721038475e-12,0.023670993212059076,-0.09715803662258031,0.003399457242552647,-8.274717024286607e-09,-2.0121432301999037e-09,0.1,0.0,1
10,2981,world,29.810000000000002,2.971,3.8074999141693118,2.494052203265932,-1.1328224428113682,0.5559483824721989,0.5559483824700824,-0.4369455298169275,0.4369455298185909,3.8068646432097e-13,0.023673739063620983,-0.097157367598899,0.0033994572466084917,-2.167005464377597e-09,-5.270200943335651e-10,0.1,0.0,1
10,2982,world,29.82,2.972,3.8074999141693118,2.49428895335209,-1.1337940133938023,0.5559558092790701,0.5559558092790701,-0.4369360801408534,0.4369360801408534,0.0,0.023676236814483553,-0.09715675895327353,0.0033994572428024472,1.056857379592425e-08,2.570688107323652e-09,0.1,0.0,1
10,2983,world,29.830000000000002,2.9730000000000003,3.8074999141693113,2.4945257271753865,-1.1347655781917168,0.5559632358669504,0.555963235985775,-0.4369266303844264,0.43692663029104317,-2.1372743390993163e-11,0.023678486496046012,-0.09715621069832113,0.00339945723114233,-3.4063307736593698e-09,-8.286704657397304e-10,0.1,0.0,1
10,2984,world,29.84,2.974,3.8074999141693113,2.494762522254988,-1.1357371378091559,0.5559706624324897,0.5559706623935087,-0.4369171803931112,0.43691718042374506,7.0113543926059215e-12,0.023680488082720663,-0.09715572285853329,0.0033994572116225886,-3.9332259679033975e-09,-9.569928185083812e-10,0.1,0.0,1
10,2985,world,29.85,2.975,3.8074999141693113,2.4949993361101077,-1.1367086928503098,0.5559780887020521,0.5559780887758683,-0.4369077303819615,0.43690773032395414,-1.3276809801027396e-11,0.02368224158434494,-0.09715529544775584,0.00339945718425559,5.868683318220547e-09,1.4281298368866692e-09,0.1,0.0,1
10,2986,world,29.86,2.976,3.8074999141693113,2.4952361662599363,-1.1376802439195364,0.5559855148901363,0.5559855149183167,-0.43689828018242066,0.4368982801602763,-5.068536350096061e-12,0.02368374702282572,-0.0971549284748787,0.0033994571490163564,-2.5782265216623074e-09,-6.274980536389276e-10,0.1,0.0,1
10,2987,world,29.87,2.9770000000000003,3.8074999141693118,2.49547301022371,-1.1386517916213048,0.5559929408866229,0.5559929409309345,-0.4368888298810345,0.4368888298462152,-7.969827704046346e-12,0.02368500437834572,-0.09715462195694935,0.003399457105909927,-3.1042418641589657e-09,-7.556372196084354e-10,0.1,0.0,1
10,2988,world,29.88,2.9779999999999998,3.8074999141693113,2.4957098655206864,-1.139623336560199,0.5560003667562705,0.5560003667489245,-0.43687937942692523,0.4368793794326974,1.3212136809871186e-12,0.023686013666093342,-0.09715437590046905,0.0033994570549728946,-1.3371634357907205e-08,-3.2553737489727513e-09,0.1,0.0,1
10,2989,world,29.89,2.979,3.8074999141693113,2.4959467296701385,-1.14059487934088,0.5560077924900262,0.5560077923813014,-0.4368699288272185,0.4368699289126466,1.9554577417734137e-11,0.023686774882311294,-0.09715419031454438,0.003399456996171197,-5.2093218637662836e-09,-1.2684214792054374e-09,0.1,0.0,1
10,2990,world,29.900000000000002,2.9800000000000004,3.8074999141693113,2.4961836001913547,-1.141566420568095,0.5560152179914419,0.556015217924474,-0.4368604781577047,0.4368604782103213,1.204426581998435e-11,0.023687288024255543,-0.09715406520602193,0.00339945692950659,5.530081948989989e-09,1.346719958032779e-09,0.1,0.0,1
10,2991,world,29.91,2.981,3.807499914169312,2.496420474603635,-1.142537960846624,0.5560226433421777,0.5560226432967442,-0.43685102735422954,0.4368510273899254,8.171161871223733e-12,0.023687553094969893,-0.09715400057832402,0.0033994568549800945,8.61581917088245e-09,2.0984908259572127e-09,0.1,0.0,1
10,2992,world,29.92,2.982,3.8074999141693118,2.49665735042628,-1.143509500781287,0.5560300685043311,0.5560300685359755,-0.43684157644658095,0.4368415764217198,-5.691119909675989e-12,0.023687570098413477,-0.09715399643263652,0.0033994567726091177,8.444966949588085e-09,2.0571738760873684e-09,0.1,0.0,1
10,2993,world,29.93,2.983,3.8074999141693113,2.496894225178597,-1.1444810409769077,0.5560374935344029,0.5560374935856288,-0.4368321253903783,0.4368321253501343,-9.212682841013359e-12,0.02368733902054924,-0.09715405277251982,0.0023631021116419628,-2.3683166541208195e-09,-5.769801303938958e-10,0.1,0.0,1
10,2994,world,29.94,2.984,3.807499914169311,2.4971310964455458,-1.1454525820223038,0.5560403913751505,0.5560403913796875,-0.4368284367556715,0.4368284367521072,-8.159569924540811e-13,0.02368689450481561,-0.09715416114978163,0.0005410612381933427,-8.935713280467e-09,-2.1771057179373707e-09,0.1,0.0,1
10,2995,world,29.95,2.985,3.8074999141693113,2.4973679629268046,-1.1464241242344857,0.5560398571067099,0.5560398570556568,-0.43682911684046105,0.43682911688056864,9.181521379830238e-12,0.023686396079918997,-0.09715428266805948,-0.0002446250174761245,2.3595514431228115e-09,5.748929110543461e-10,0.1,0.0,1
10,2996,world,29.96,2.986,3.807499914169311,2.497604824253438,-1.1473956677033803,0.5560393227683432,0.5560393227998879,-0.43682979697887786,0.436829796954096,-5.673103652088933e-12,0.02368586359013145,-0.09715441248852101,-0.00024462501749832895,7.923725564580674e-09,1.9305779197526403e-09,0.1,0.0,1
10,2997,world,29.97,2.987,3.8074999141693104,2.497841680085107,-1.1483672125119222,0.5560387884663947,0.5560387885060375,-0.4368304770873774,0.4368304770562336,-7.129483433936346e-12,0.023685297065742007,-0.0971545506031887,-0.0002446250175261389,7.2447547960843595e-09,1.7651269335081218e-09,0.1,0.0,1
10,2998,world,29.98,2.988,3.8074999141693113,2.4980785300814796,-1.149338758743057,0.5560382541302501,0.5560382542447188,-0.4368311572214348,0.43683115713150666,-2.0586475053307307e-11,0.023684696516763547,-0.09715469700899082,-0.0002446250175704935,-3.621880573237856e-09,-8.824357911060332e-10,0.1,0.0,1
10,2999,world,29.990000000000002,2.9890000000000003,3.8074999141693104,2.4983153739022086,-1.1503103064797013,0.5560377198888278,0.5560377198870142,-0.43683183727977004,0.43683183728119485,3.261609655682159e-13,0.023684061944526585,-0.09715485170493458,-0.0002446250175760446,-6.983716382975092e-09,-1.7014833986210368e-09,0.1,0.0,1
10,3000,world,30.0,2.99,3.8074999141693113,2.4985522112069605,-1.1512818558047873,0.5560371855702594,0.556037185604792,-0.4368325173974054,0.436832517370276,-6.210479033506168e-12,0.02368339333712827,-0.09715501469321525,-0.00024462501759552784,2.1535884187097717e-09,5.246775236506224e-10,0.1,0.0,1
10,3001,world,30.01,2.991,3.807499914169311,2.498789041655395,-1.152253406801229,0.5560366512748803,0.5560366512977167,-0.43683319749551597,0.43683319747757515,-4.107022142630383e-12,0.0236826906819584,-0.0971551859761623,-0.0002446250176094057,-9.94385684905943e-09,-2.4226287642674837e-09,0.1,0.0,1
10,3002,world,30.02,2.992,3.807499914169311,2.4990258649071704,-1.153224959551941,0.5560361170238819,0.556036116944597,-0.4368338775574529,0.4368338776197408,1.4258947326361765e-11,0.023681954000915134,-0.09715536554765537,-0.00024462501761490237,4.468980741027598e-09,1.088781842463047e-09,0.1,0.0,1
10,3003,world,30.03,2.9930000000000003,3.807499914169311,2.4992626806219427,-1.1541965141398185,0.5560355826443544,0.5560355827183427,-0.43683455771905816,0.43683455766093127,-1.3306390638589116e-11,0.0236811832787568,-0.09715555341058961,-0.00024462501763438565,1.5956513887989041e-09,3.8874736763049067e-10,0.1,0.0,1
10,3004,world,30.04,2.9939999999999998,3.8074999141693113,2.4994994884593655,-1.1551680706477607,0.5560350484081361,0.5560350483471151,-0.43683523776676925,0.43683523781470884,1.0974303551260867e-11,0.0236803785367998,-0.09715574955891121,-0.0002446250176538145,-9.927561550615473e-09,-2.4185792257851585e-09,0.1,0.0,1
10,3005,world,30.05,2.995,3.8074999141693113,2.4997362880790908,-1.1561396291586525,0.5560345140928921,0.5560345140532499,-0.4368359178752579,0.43683591790640197,7.129469213863555e-12,0.023679539745439064,-0.09715595399894014,-0.00024462501764537924,1.8677892565944948e-09,4.5503045775804545e-10,0.1,0.0,1
10,3006,world,30.060000000000002,2.9960000000000004,3.8074999141693113,2.4999730791407693,-1.1571111897553708,0.5560339797875056,0.5560339797478633,-0.43683659797469515,0.4368365980058393,7.1294679660741036e-12,0.02367866692026223,-0.09715616672594324,-0.00024462501763993676,1.4468731768262837e-09,3.524847080886314e-10,0.1,0.0,1
10,3007,world,30.07,2.997,3.8074999141693118,2.500209861304048,-1.158082752520786,0.5560334454730067,0.5560334454499254,-0.4368372780799843,0.43683727809811773,4.151071963164248e-12,0.023677760073210166,-0.09715638773603873,-0.0002446250176427124,6.926886841903581e-09,1.687502915183807e-09,0.1,0.0,1
10,3008,world,30.080000000000002,2.998,3.8074999141693113,2.5004466342285725,-1.1590543175377588,0.5560329111345946,0.5560329111742369,-0.43683795820275334,0.43683795817160914,-7.129465822071826e-12,0.02367681916600337,-0.09715661703754602,-0.00024462501763988244,2.0165646930099352e-09,4.912570350516974e-10,0.1,0.0,1
10,3009,world,30.09,2.999,3.8074999141693113,2.500683397573983,-1.1600258848891338,0.5560323768465338,0.5560323768465338,-0.4368386382846581,0.4368386382846581,0.0,0.023675844247184163,-0.09715685461758773,-0.00024462501764826344,-6.776612604405275e-09,-1.6508489020257666e-09,0.1,0.0,1
10,3010,world,30.1,3.0,3.8074999141693113,2.5009201509999213,-1.1609974546577573,0.5560318425567808,0.5560318425188588,-0.4368393183665848,0.4368393183963778,6.820125514282274e-12,0.02367483526754688,-0.09715710048706949,-0.00024462501762605903,-3.192499042906843e-09,-7.777223309810299e-10,0.1,0.0,1
10,3011,world,30.11,3.001,3.8074999141693118,2.5011568941660176,-1.1619690269264513,0.5560313082465446,0.5560313082100037,-0.4368399984632969,0.4368399984920047,6.571701725534978e-12,0.02367379227067148,-0.09715735463424835,-0.0002446250175926979,6.35548003114502e-09,1.548228212301644e-09,0.1,0.0,1
10,3012,world,30.12,3.0020000000000002,3.8074999141693118,2.501393626731905,-1.162940601778036,0.5560307739004858,0.5560307739353076,-0.4368406785868456,0.4368406785594882,-6.2625562892611255e-12,0.023672715232449286,-0.09715761706383791,-0.00024462501758437124,4.6059406289030415e-09,1.1220330220506e-09,0.1,0.0,1
10,3013,world,30.13,3.003,3.8074999141693118,2.5016303483572164,-1.1639121792953184,0.5560302395985984,0.5560302396147765,-0.4368413586743844,0.4368413586616743,-2.909552576144546e-12,0.023671604164860017,-0.09715788777172024,-0.0002446250175705478,3.3790414910621294e-09,8.23136003803372e-10,0.1,0.0,1
10,3014,world,30.14,3.004,3.807499914169311,2.5018670587015808,-1.1648837595610972,0.5560297052578975,0.5560297053313951,-0.4368420387911097,0.43684203873336674,-1.3218277143829066e-11,0.0236704590411335,-0.09715816676318066,-0.0002446250175538401,2.050004610511674e-09,4.993783164768374e-10,0.1,0.0,1
10,3015,world,30.150000000000002,3.0050000000000003,3.8074999141693113,2.5021037574246217,-1.1658553426581593,0.5560291709619524,0.5560291710015943,-0.4368427188713657,0.43684271884022124,-7.129462008990357e-12,0.023669279885926278,-0.09715845403093694,-0.00024462501753718676,-5.747263776006521e-09,-1.4000023362838084e-09,0.1,0.0,1
10,3016,world,30.16,3.0060000000000002,3.807499914169311,2.5023404441859576,-1.1668269286692743,0.5560286366642109,0.5560286366719265,-0.43684339895172614,0.4368433989456644,-1.3876278108822041e-12,0.023668066706815247,-0.09715874957183086,-0.0002446250175011589,-3.2295860430444874e-09,-7.867040352502574e-10,0.1,0.0,1
10,3017,world,30.17,3.007,3.8074999141693118,2.5025771186452044,-1.1677985176772017,0.5560281023521938,0.5560281023548707,-0.4368440790419948,0.43684407903989175,-4.814271823193304e-13,0.023666819470877065,-0.09715905339253217,-0.00024462501747340325,-4.137556963717123e-09,-1.0078604617558332e-09,0.1,0.0,1
10,3018,world,30.18,3.008,3.8074999141693118,2.5028137804619734,-1.1687701097646892,0.5560275680579848,0.5560275680183432,-0.43684475911696546,0.43684475914811016,7.129462126991716e-12,0.02366553821262292,-0.09715936548324555,-0.0004195771619820059,-3.210187671252207e-09,-7.8195783182132e-10,0.1,0.0,1
10,3019,world,30.19,3.0090000000000003,3.8074999141693118,2.50305042929587,-1.169741705014471,0.5560262694676819,0.5560262694336159,-0.4368464119906477,0.43684641201741187,6.126675494721746e-12,0.023664222901922626,-0.09715968584988387,-0.0007339279934443027,1.4609008447540963e-09,3.558403571834043e-10,0.1,0.0,1
10,3020,world,30.2,3.01,3.807499914169311,2.503287064806499,-1.170713303509266,0.5560243619086739,0.5560243618857533,-0.4368488399537416,0.43684883997174945,4.12221611959432e-12,0.02366287355455956,-0.09716001448713832,-0.0008733266809086548,2.0322327154692285e-09,4.950012622081576e-10,0.1,0.0,1
10,3021,world,30.21,3.011,3.8074999141693113,2.5035236866534625,-1.1716849053317813,0.556022454338577,0.5560224543277714,-0.4368512679088897,0.4368512679173794,1.9433808709912245e-12,0.023661490167345367,-0.09716035139428336,-0.0008733266818465995,2.432418155815081e-09,5.924427615230638e-10,0.1,0.0,1
10,3022,world,30.22,3.012,3.8074999141693118,2.5037602944963573,-1.1726565105647175,0.556020546756071,0.5560205467609909,-0.43685369585712897,0.43685369585326356,-8.848264301936408e-13,0.023660072743989236,-0.09716069656887573,-0.0008733266826406027,-5.809319692037341e-09,-1.4148793248306873e-09,0.1,0.0,1
10,3023,world,30.23,3.013,3.8074999141693113,2.503996887994766,-1.1736281192907456,0.5560186392119321,0.5560186391346363,-0.4368561237585652,0.4368561238192954,1.390164634892887e-11,0.023658621277034424,-0.09716105001115342,-0.000873326683323196,-3.292546790808888e-09,-8.018752328909921e-10,0.1,0.0,1
10,3024,world,30.240000000000002,3.0140000000000002,3.8074999141693118,2.5042334668082606,-1.1745997315925305,0.5560167315938165,0.5560167315610519,-0.4368585517014649,0.4368585517272079,5.892741735162468e-12,0.02365713576214967,-0.09716141172055509,-0.0008733266838644298,4.280151233491764e-09,1.0423550911429545e-09,0.1,0.0,1
10,3025,world,30.25,3.015,3.807499914169311,2.5044700305964382,-1.17557134755272,0.5560148239851351,0.5560148239568276,-0.4368609796202933,0.4368609796425345,5.091137573730031e-12,0.02365561620859182,-0.09716178169317302,-0.0008733266842643039,2.862698966802425e-09,6.971256905164436e-10,0.1,0.0,1
10,3026,world,30.26,3.016,3.8074999141693118,2.504706579018876,-1.176542967253949,0.556012916353926,0.5560129163539259,-0.4368634075401626,0.4368634075401626,0.0,0.02365406260485994,-0.09716215993011564,-0.0008733266845335328,2.47329101646772e-09,6.022876641941852e-10,0.1,0.0,1
10,3027,world,30.27,3.017,3.8074999141693118,2.504943111735143,-1.1775145907788358,0.5560110087262684,0.5560110087262683,-0.4368658354405819,0.4368658354405819,0.0,0.023652474964342328,-0.09716254642639395,-0.000873326684672117,8.326672684793588e-15,1.6653345369587176e-14,0.1,0.0,1
10,3028,world,30.28,3.0180000000000002,3.807499914169312,2.505179628404803,-1.178486218209979,0.5560091010880088,0.5560091010880089,-0.43686826333267154,0.43686826333267154,0.0,0.023650853283229883,-0.09716294118116812,-0.0008733266846915459,3.4610481148159334e-09,8.427591957733288e-10,0.1,0.0,1
10,3029,world,30.29,3.019,3.8074999141693118,2.5054161286874153,-1.1794578496299646,0.5560071934193418,0.5560071934589537,-0.43687069123199307,0.4368706912008689,-7.12434051618272e-12,0.023649197564740015,-0.09716334419184992,-0.0008733266845807173,-3.2432528885156304e-09,-7.896960863108759e-10,0.1,0.0,1
10,3030,world,30.3,3.02,3.8074999141693118,2.505652612242524,-1.180429485121359,0.5560052857982448,0.5560052857611258,-0.4368731190772771,0.43687311910644283,6.676019283528147e-12,0.02364750778640639,-0.0971637554620644,-0.0008733266843196209,-5.461220364890694e-09,-1.3296946877073728e-09,0.1,0.0,1
10,3031,world,30.310000000000002,3.0210000000000004,3.8074999141693118,2.505889078729671,-1.181401124766717,0.5560033781210679,0.5560033780981762,-0.43687554694996444,0.4368755469679514,4.11717447429044e-12,0.02364578397293019,-0.09716417498391844,-0.0008733266839254918,3.243263990745157e-09,7.896350240443456e-10,0.1,0.0,1
10,3032,world,30.32,3.0220000000000002,3.8074999141693118,2.506125527808412,-1.1823727686485639,0.5560014704289582,0.5560014704289582,-0.4368779748177245,0.4368779748177245,0.0,0.023644026114190846,-0.09716460275795637,-0.0008733266833955542,8.922318439744718e-09,2.1722262877611326e-09,0.1,0.0,1
10,3033,world,30.330000000000002,3.023,3.8074999141693118,2.506361959138284,-1.1833444168494218,0.5559995626980828,0.5559995627773054,-0.43688040269928413,0.43688040263703437,-1.4248694768295583e-11,0.023642234189426084,-0.09716503878727335,-0.0008733266827488494,1.194325194313387e-09,2.907535323652487e-10,0.1,0.0,1
10,3034,world,30.34,3.024,3.807499914169312,2.506598372378816,-1.1843160694517834,0.5559976550289957,0.5559976550426644,-0.4368828305156321,0.43688283050489163,-2.4584284309221834e-12,0.02364040822947662,-0.09716548306236993,-0.0008733266819520706,-4.826791744133339e-09,-1.17504062037514e-09,0.1,0.0,1
10,3035,world,30.35,3.0250000000000004,3.807499914169311,2.50683476718953,-1.1852877265381268,0.5559957473113759,0.555995747335357,-0.4368852583534535,0.4368852583346099,-4.313170329771336e-12,0.023638548227760032,-0.09716593558281557,-0.0008733266810224526,-4.655431595838882e-09,-1.1332795813035901e-09,0.1,0.0,1
10,3036,world,30.36,3.026,3.8074999141693118,2.5070711432299433,-1.1862593881909083,0.555993839620109,0.555993839580498,-0.43688768615390583,0.43688768618503127,7.124353737466762e-12,0.02363665417889073,-0.09716639634785026,-0.0007387262095327752,-2.0934476374827127e-09,-5.09597919422761e-10,0.1,0.0,1
10,3037,world,30.37,3.027,3.8074999141693113,2.5073075010803296,-1.1872310542686013,0.5559925199222755,0.5559925199222978,-0.43688936561842895,0.43688936561841146,-3.993940918686062e-15,0.023635324035238263,-0.09716671990835797,-0.00030206286927057324,3.463052067336652e-09,8.429701381385764e-10,0.1,0.0,0
10,3038,world,30.38,3.028,3.8074999141693113,2.507543854320681,-1.188202721467685,0.5559925199222756,0.5559925199222977,-0.436889365618429,0.4368893656184116,-3.985060380132796e-15,0.023635324035237326,-0.0971667199083582,0.0,0.0,0.0,0.1,0.0,0
10,3039,world,30.39,3.029,3.8074999141693113,2.5077802075610327,-1.1891743886667687,0.5559925199222756,0.5559925199222977,-0.43688936561842895,0.4368893656184116,-3.976179841579529e-15,0.023635324035236393,-0.09716671990835843,0.0,0.0,0.0,0.1,0.0,0
10,3040,world,30.400000000000002,3.0300000000000002,3.8074999141693113,2.508016560801384,-1.1901460558658528,0.5559925199222756,0.5559925199222977,-0.4368893656184289,0.4368893656184116,-3.9672993030262595e-15,0.023635324035235456,-0.09716671990835866,0.0,0.0,0.0,0.1,0.0,0
10,3041,world,30.41,3.031,3.8074999141693113,2.5082529140417353,-1.1911177230649366,0.5559925199222756,0.5559925199222977,-0.43688936561842884,0.4368893656184116,-3.958418764472992e-15,0.023635324035234523,-0.09716671990835889,0.0,0.0,0.0,0.1,0.0,0
10,3042,world,30.42,3.032,3.8074999141693113,2.508489267282087,-1.1920893902640202,0.5559925199222756,0.5559925199222977,-0.43688936561842884,0.4368893656184116,-3.949538225919727e-15,0.023635324035233586,-0.09716671990835912,0.0,0.0,0.0,0.1,0.0,0
10,3043,world,30.43,3.033,3.8074999141693113,2.5087256205224384,-1.1930610574631038,0.5559925199222757,0.5559925199222976,-0.4368893656184289,0.43688936561841163,-3.94065768736646e-15,0.02363532403523265,-0.09716671990835934,0.0,0.0,0.0,0.1,0.0,0
10,3044,world,30.44,3.0340000000000003,3.807499914169311,2.5089619737627897,-1.194032724662188,0.5559925199222757,0.5559925199222976,-0.43688936561842884,0.43688936561841163,-3.93177714881319e-15,0.023635324035231713,-0.09716671990835957,0.0,0.0,0.0,0.1,0.0,0
10,3045,world,30.45,3.035,3.807499914169311,2.5091983270031415,-1.1950043918612716,0.5559925199222757,0.5559925199222976,-0.4368893656184288,0.43688936561841163,-3.922896610259924e-15,0.023635324035230776,-0.09716671990835979,0.0,0.0,0.0,0.1,0.0,0
10,3046,world,30.46,3.036,3.807499914169311,2.509434680243493,-1.1959760590603554,0.5559925199222757,0.5559925199222976,-0.4368893656184288,0.43688936561841163,-3.9140160717066575e-15,0.023635324035229843,-0.09716671990836002,0.0,0.0,0.0,0.1,0.0,0
10,3047,world,30.47,3.037,3.807499914169311,2.509671033483844,-1.196947726259439,0.5559925199222757,0.5559925199222976,-0.4368893656184287,0.43688936561841163,-3.905135533153391e-15,0.023635324035228906,-0.09716671990836025,0.0,0.0,0.0,0.1,0.0,0
10,3048,world,30.48,3.0380000000000003,3.807499914169311,2.509907386724196,-1.1979193934585233,0.5559925199222758,0.5559925199222975,-0.4368893656184288,0.43688936561841174,-3.896254994600121e-15,0.023635324035227973,-0.09716671990836048,0.0,0.0,0.0,0.1,0.0,0
10,3049,world,30.490000000000002,3.039,3.807499914169311,2.510143739964547,-1.1988910606576069,0.5559925199222758,0.5559925199222975,-0.4368893656184287,0.43688936561841174,-3.887374456046855e-15,0.023635324035227036,-0.0971667199083607,0.0,0.0,0.0,0.1,0.0,0
10,3050,world,30.5,3.04,3.807499914169311,2.5103800932048985,-1.1998627278566907,0.5559925199222759,0.5559925199222976,-0.4368893656184287,0.4368893656184118,-3.878493917493588e-15,0.0236353240352261,-0.09716671990836094,0.0,0.0,0.0,0.1,0.0,0
10,3051,world,30.51,3.0410000000000004,3.807499914169311,2.51061644644525,-1.2008343950557747,0.5559925199222759,0.5559925199222974,-0.4368893656184287,0.43688936561841185,-3.869613378940319e-15,0.023635324035225166,-0.09716671990836116,0.0,0.0,0.0,0.1,0.0,0
10,3052,world,30.52,3.042,3.807499914169311,2.510852799685601,-1.201806062254858,0.5559925199222759,0.5559925199222974,-0.4368893656184287,0.43688936561841185,-3.8607328403870556e-15,0.023635324035224226,-0.0971667199083614,0.0,0.0,0.0,0.1,0.0,0
10,3053,world,30.53,3.043,3.807499914169311,2.511089152925953,-1.2027777294539421,0.5559925199222759,0.5559925199222974,-0.43688936561842867,0.43688936561841185,-3.851852301833786e-15,0.023635324035223292,-0.09716671990836162,0.0,0.0,0.0,0.1,0.0,0
10,3054,world,30.54,3.044,3.807499914169311,2.5113255061663042,-1.203749396653026,0.5559925199222759,0.5559925199222974,-0.4368893656184286,0.43688936561841185,-3.842971763280519e-15,0.023635324035222356,-0.09716671990836184,0.0,0.0,0.0,0.1,0.0,0
10,3055,world,30.55,3.045,3.807499914169311,2.5115618594066556,-1.2047210638521095,0.5559925199222759,0.5559925199222974,-0.4368893656184286,0.43688936561841185,-3.8340912247272534e-15,0.023635324035221422,-0.09716671990836206,0.0,0.0,0.0,0.1,0.0,0
10,3056,world,30.560000000000002,3.0460000000000003,3.807499914169311,2.5117982126470073,-1.2056927310511938,0.555992519922276,0.5559925199222973,-0.4368893656184286,0.4368893656184119,-3.825210686173983e-15,0.023635324035220485,-0.0971667199083623,0.0,0.0,0.0,0.1,0.0,0
10,3057,world,30.57,3.047,3.807499914169311,2.5120345658873586,-1.2066643982502774,0.555992519922276,0.5559925199222973,-0.4368893656184286,0.4368893656184119,-3.816330147620717e-15,0.02363532403521955,-0.09716671990836252,0.0,0.0,0.0,0.1,0.0,0
10,3058,world,30.580000000000002,3.048,3.807499914169311,2.51227091912771,-1.207636065449361,0.555992519922276,0.5559925199222973,-0.43688936561842856,0.4368893656184119,-3.8074496090674505e-15,0.023635324035218615,-0.09716671990836276,0.0,0.0,0.0,0.1,0.0,0
10,3059,world,30.59,3.049,3.8074999141693104,2.5125072723680617,-1.2086077326484448,0.555992519922276,0.5559925199222973,-0.4368893656184285,0.4368893656184119,-3.798569070514184e-15,0.02363532403521768,-0.09716671990836298,0.0,0.0,0.0,0.1,0.0,0
10,3060,world,30.6,3.0500000000000003,3.8074999141693104,2.512743625608413,-1.2095793998475288,0.555992519922276,0.5559925199222973,-0.4368893656184285,0.4368893656184119,-3.789688531960914e-15,0.023635324035216745,-0.09716671990836322,0.0,0.0,0.0,0.1,0.0,0
10,3061,world,30.61,3.051,3.8074999141693104,2.5129799788487643,-1.2105510670466126,0.5559925199222762,0.5559925199222971,-0.4368893656184285,0.436889365618412,-3.7808079934076475e-15,0.023635324035215805,-0.09716671990836344,0.0,0.0,0.0,0.1,0.0,0
10,3062,world,30.62,3.052,3.8074999141693104,2.513216332089116,-1.2115227342456962,0.5559925199222762,0.5559925199222971,-0.43688936561842845,0.436889365618412,-3.771927454854382e-15,0.023635324035214872,-0.09716671990836367,0.0,0.0,0.0,0.1,0.0,0
10,3063,world,30.63,3.053,3.8074999141693104,2.5134526853294674,-1.21249440144478,0.5559925199222762,0.5559925199222971,-0.43688936561842845,0.436889365618412,-3.763046916301115e-15,0.023635324035213935,-0.0971667199083639,0.0,0.0,0.0,0.1,0.0,0
10,3064,world,30.64,3.0540000000000003,3.8074999141693104,2.5136890385698187,-1.213466068643864,0.5559925199222762,0.5559925199222971,-0.43688936561842845,0.436889365618412,-3.754166377747845e-15,0.023635324035213,-0.09716671990836412,0.0,0.0,0.0,0.1,0.0,0
10,3065,world,30.650000000000002,3.055,3.8074999141693104,2.5139253918101705,-1.214437735842948,0.5559925199222762,0.5559925199222971,-0.4368893656184284,0.436889365618412,-3.745285839194578e-15,0.023635324035212065,-0.09716671990836434,0.0,0.0,0.0,0.1,0.0,0
10,3066,world,30.66,3.056,3.8074999141693104,2.514161745050522,-1.2154094030420315,0.5559925199222763,0.555992519922297,-0.4368893656184284,0.4368893656184121,-3.736405300641313e-15,0.02363532403521113,-0.09716671990836458,0.0,0.0,0.0,0.1,0.0,0
10,3067,world,30.67,3.0570000000000004,3.8074999141693104,2.514398098290873,-1.2163810702411157,0.5559925199222763,0.555992519922297,-0.43688936561842834,0.4368893656184121,-3.7275247620880424e-15,0.023635324035210195,-0.0971667199083648,0.0,0.0,0.0,0.1,0.0,0
10,3068,world,30.68,3.058,3.8074999141693104,2.5146344515312244,-1.217352737440199,0.5559925199222763,0.555992519922297,-0.43688936561842834,0.4368893656184121,-3.71864422353478e-15,0.02363532403520926,-0.09716671990836503,0.0,0.0,0.0,0.1,0.0,0
10,3069,world,30.69,3.059,3.8074999141693104,2.514870804771576,-1.2183244046392832,0.5559925199222763,0.555992519922297,-0.43688936561842834,0.4368893656184121,-3.70976368498151e-15,0.02363532403520832,-0.09716671990836526,0.0,0.0,0.0,0.1,0.0,0
10,3070,world,30.7,3.06,3.8074999141693104,2.5151071580119275,-1.2192960718383667,0.5559925199222764,0.5559925199222969,-0.43688936561842834,0.4368893656184122,-3.7008831464282434e-15,0.023635324035207385,-0.09716671990836549,0.0,0.0,0.0,0.1,0.0,0
10,3071,world,30.71,3.061,3.8074999141693104,2.515343511252279,-1.2202677390374506,0.5559925199222764,0.5559925199222969,-0.4368893656184283,0.4368893656184122,-3.692002607874977e-15,0.023635324035206448,-0.09716671990836571,0.0,0.0,0.0,0.1,0.0,0
10,3072,world,30.72,3.062,3.8074999141693104,2.51557986449263,-1.2212394062365342,0.5559925199222764,0.5559925199222969,-0.4368893656184282,0.4368893656184122,-3.683122069321711e-15,0.023635324035205515,-0.09716671990836595,0.0,0.0,0.0,0.1,0.0,0
10,3073,world,30.73,3.063,3.80749991416931,2.515816217732982,-1.2222110734356184,0.5559925199222765,0.5559925199222968,-0.43688936561842834,0.43688936561841224,-3.674241530768441e-15,0.023635324035204578,-0.09716671990836617,0.0,0.0,0.0,0.1,0.0,0
10,3074,world,30.740000000000002,3.064,3.80749991416931,2.5160525709733332,-1.223182740634702,0.5559925199222765,0.5559925199222968,-0.4368893656184283,0.43688936561841224,-3.665360992215174e-15,0.023635324035203645,-0.0971667199083664,0.0,0.0,0.0,0.1,0.0,0
10,3075,world,30.75,3.065,3.80749991416931,2.5162889242136846,-1.2241544078337858,0.5559925199222765,0.5559925199222968,-0.4368893656184282,0.43688936561841224,-3.656480453661909e-15,0.023635324035202708,-0.09716671990836662,0.0,0.0,0.0,0.1,0.0,0
10,3076,world,30.76,3.0660000000000003,3.80749991416931,2.5165252774540363,-1.2251260750328699,0.5559925199222765,0.5559925199222968,-0.43688936561842817,0.43688936561841224,-3.6475999151086375e-15,0.02363532403520177,-0.09716671990836685,0.0,0.0,0.0,0.1,0.0,0
10,3077,world,30.77,3.067,3.80749991416931,2.5167616306943876,-1.2260977422319534,0.5559925199222766,0.5559925199222969,-0.43688936561842817,0.4368893656184123,-3.638719376555372e-15,0.023635324035200838,-0.09716671990836707,0.0,0.0,0.0,0.1,0.0,0
10,3078,world,30.78,3.068,3.80749991416931,2.516997983934739,-1.2270694094310373,0.5559925199222766,0.5559925199222969,-0.43688936561842817,0.4368893656184123,-3.629838838002105e-15,0.0236353240351999,-0.09716671990836731,0.0,0.0,0.0,0.1,0.0,0
10,3079,world,30.79,3.069,3.80749991416931,2.5172343371750907,-1.2280410766301209,0.5559925199222766,0.5559925199222969,-0.43688936561842817,0.4368893656184123,-3.620958299448839e-15,0.023635324035198964,-0.09716671990836753,0.0,0.0,0.0,0.1,0.0,0
10,3080,world,30.8,3.0700000000000003,3.80749991416931,2.517470690415442,-1.2290127438292051,0.5559925199222766,0.5559925199222967,-0.4368893656184281,0.43688936561841235,-3.612077760895569e-15,0.023635324035198028,-0.09716671990836777,0.0,0.0,0.0,0.1,0.0,0
10,3081,world,30.810000000000002,3.071,3.80749991416931,2.5177070436557933,-1.2299844110282887,0.5559925199222766,0.5559925199222967,-0.43688936561842806,0.43688936561841235,-3.603197222342303e-15,0.023635324035197094,-0.09716671990836799,0.0,0.0,0.0,0.1,0.0,0
10,3082,world,30.82,3.072,3.80749991416931,2.517943396896145,-1.2309560782273725,0.5559925199222766,0.5559925199222967,-0.43688936561842806,0.43688936561841235,-3.594316683789036e-15,0.023635324035196158,-0.09716671990836823,0.0,0.0,0.0,0.1,0.0,0
10,3083,world,30.830000000000002,3.0730000000000004,3.80749991416931,2.5181797501364964,-1.2319277454264566,0.5559925199222767,0.5559925199222966,-0.4368893656184281,0.43688936561841246,-3.585436145235766e-15,0.02363532403519522,-0.09716671990836845,0.0,0.0,0.0,0.1,0.0,0
10,3084,world,30.84,3.074,3.80749991416931,2.5184161033768477,-1.23289941262554,0.5559925199222767,0.5559925199222966,-0.43688936561842806,0.43688936561841246,-3.576555606682504e-15,0.023635324035194288,-0.09716671990836867,0.0,0.0,0.0,0.1,0.0,0
10,3085,world,30.85,3.075,3.80749991416931,2.5186524566171995,-1.233871079824624,0.5559925199222767,0.5559925199222966,-0.436889365618428,0.43688936561841246,-3.5676750681292334e-15,0.02363532403519335,-0.09716671990836889,0.0,0.0,0.0,0.1,0.0,0
10,3086,world,30.86,3.076,3.80749991416931,2.518888809857551,-1.2348427470237078,0.5559925199222767,0.5559925199222966,-0.43688936561842795,0.43688936561841246,-3.558794529575968e-15,0.023635324035192418,-0.09716671990836913,0.0,0.0,0.0,0.1,0.0,0
10,3087,world,30.87,3.077,3.8074999141693096,2.519125163097902,-1.2358144142227914,0.5559925199222767,0.5559925199222966,-0.43688936561842795,0.43688936561841246,-3.5499139910227008e-15,0.02363532403519148,-0.09716671990836935,0.0,0.0,0.0,0.1,0.0,0
10,3088,world,30.88,3.078,3.8074999141693096,2.5193615163382534,-1.2367860814218752,0.5559925199222768,0.5559925199222965,-0.436889365618428,0.4368893656184125,-3.541033452469435e-15,0.023635324035190544,-0.09716671990836959,0.0,0.0,0.0,0.1,0.0,0
10,3089,world,30.89,3.079,3.8074999141693096,2.519597869578605,-1.2377577486209592,0.5559925199222768,0.5559925199222965,-0.43688936561842795,0.4368893656184125,-3.5321529139161646e-15,0.023635324035189607,-0.09716671990836981,0.0,0.0,0.0,0.1,0.0,0
10,3090,world,30.900000000000002,3.08,3.8074999141693096,2.5198342228189565,-1.238729415820043,0.5559925199222768,0.5559925199222965,-0.4368893656184279,0.4368893656184125,-3.5232723753628986e-15,0.02363532403518867,-0.09716671990837004,0.0,0.0,0.0,0.1,0.0,0
10,3091,world,30.91,3.081,3.8074999141693096,2.520070576059308,-1.2397010830191266,0.5559925199222769,0.5559925199222964,-0.436889365618428,0.43688936561841263,-3.514391836809632e-15,0.023635324035187737,-0.09716671990837027,0.0,0.0,0.0,0.1,0.0,0
10,3092,world,30.92,3.0820000000000003,3.8074999141693096,2.5203069292996596,-1.2406727502182107,0.5559925199222769,0.5559925199222964,-0.43688936561842795,0.43688936561841263,-3.505511298256362e-15,0.0236353240351868,-0.0971667199083705,0.0,0.0,0.0,0.1,0.0,0
10,3093,world,30.93,3.083,3.8074999141693096,2.520543282540011,-1.2416444174172945,0.5559925199222769,0.5559925199222964,-0.4368893656184279,0.43688936561841263,-3.4966307597030953e-15,0.023635324035185867,-0.09716671990837072,0.0,0.0,0.0,0.1,0.0,0
10,3094,world,30.94,3.084,3.8074999141693096,2.5207796357803622,-1.242616084616378,0.5559925199222769,0.5559925199222964,-0.43688936561842784,0.43688936561841263,-3.4877502211498293e-15,0.02363532403518493,-0.09716671990837095,0.0,0.0,0.0,0.1,0.0,0
10,3095,world,30.95,3.085,3.8074999141693096,2.5210159890207136,-1.2435877518154619,0.5559925199222769,0.5559925199222964,-0.4368893656184278,0.43688936561841263,-3.4788696825965634e-15,0.023635324035183994,-0.09716671990837117,0.0,0.0,0.0,0.1,0.0,0
10,3096,world,30.96,3.0860000000000003,3.8074999141693096,2.5212523422610653,-1.244559419014546,0.555992519922277,0.5559925199222963,-0.4368893656184279,0.4368893656184127,-3.4699891440432927e-15,0.02363532403518306,-0.0971667199083714,0.0,0.0,0.0,0.1,0.0,0
10,3097,world,30.970000000000002,3.087,3.8074999141693096,2.5214886955014166,-1.2455310862136297,0.555992519922277,0.5559925199222963,-0.43688936561842784,0.4368893656184127,-3.4611086054900264e-15,0.02363532403518212,-0.09716671990837163,0.0,0.0,0.0,0.1,0.0,0
10,3098,world,30.98,3.088,3.8074999141693096,2.521725048741768,-1.2465027534127133,0.555992519922277,0.5559925199222963,-0.4368893656184278,0.4368893656184127,-3.45222806693676e-15,0.023635324035181187,-0.09716671990837186,0.0,0.0,0.0,0.1,0.0,0
10,3099,world,30.990000000000002,3.0890000000000004,3.8074999141693096,2.5219614019821197,-1.2474744206117976,0.555992519922277,0.5559925199222963,-0.4368893656184277,0.4368893656184127,-3.4433475283834906e-15,0.02363532403518025,-0.09716671990837208,0.0,0.0,0.0,0.1,0.0,0
10,3100,world,31.0,3.09,3.8074999141693096,2.522197755222471,-1.2484460878108807,0.555992519922277,0.5559925199222963,-0.4368893656184277,0.4368893656184127,-3.4344669898302274e-15,0.023635324035179317,-0.09716671990837232,0.0,0.0,0.0,0.1,0.0,0
10,3101,world,31.01,3.091,3.807499914169309,2.5224341084628223,-1.249417755009965,0.5559925199222772,0.5559925199222961,-0.4368893656184278,0.4368893656184128,-3.425586451276958e-15,0.02363532403517838,-0.09716671990837254,0.0,0.0,0.0,0.1,0.0,0
10,3102,world,31.02,3.092,3.807499914169309,2.522670461703174,-1.2503894222090486,0.5559925199222772,0.5559925199222961,-0.4368893656184277,0.4368893656184128,-3.416705912723691e-15,0.023635324035177444,-0.09716671990837278,0.0,0.0,0.0,0.1,0.0,0
10,3103,world,31.03,3.093,3.807499914169309,2.5229068149435254,-1.2513610894081324,0.5559925199222772,0.5559925199222961,-0.43688936561842767,0.4368893656184128,-3.4078253741704252e-15,0.02363532403517651,-0.097166719908373,0.0,0.0,0.0,0.1,0.0,0
10,3104,world,31.04,3.094,3.807499914169309,2.5231431681838767,-1.252332756607216,0.5559925199222772,0.5559925199222961,-0.4368893656184276,0.4368893656184128,-3.3989448356171585e-15,0.023635324035175573,-0.09716671990837322,0.0,0.0,0.0,0.1,0.0,0
10,3105,world,31.05,3.095,3.807499914169309,2.5233795214242285,-1.2533044238063002,0.5559925199222772,0.5559925199222961,-0.4368893656184276,0.4368893656184128,-3.3900642970638886e-15,0.02363532403517464,-0.09716671990837344,0.0,0.0,0.0,0.1,0.0,0
10,3106,world,31.060000000000002,3.096,3.807499914169309,2.52361587466458,-1.2542760910053838,0.5559925199222773,0.555992519922296,-0.43688936561842767,0.43688936561841285,-3.381183758510622e-15,0.0236353240351737,-0.09716671990837368,0.0,0.0,0.0,0.1,0.0,0
10,3107,world,31.07,3.097,3.807499914169309,2.523852227904931,-1.2552477582044677,0.5559925199222773,0.555992519922296,-0.4368893656184276,0.43688936561841285,-3.372303219957356e-15,0.023635324035172767,-0.0971667199083739,0.0,0.0,0.0,0.1,0.0,0
10,3108,world,31.080000000000002,3.0980000000000003,3.807499914169309,2.524088581145283,-1.2562194254035517,0.5559925199222773,0.555992519922296,-0.43688936561842756,0.43688936561841285,-3.3634226814040857e-15,0.02363532403517183,-0.09716671990837414,0.0,0.0,0.0,0.1,0.0,0
10,3109,world,31.09,3.099,3.807499914169309,2.524324934385634,-1.2571910926026353,0.5559925199222773,0.555992519922296,-0.43688936561842756,0.43688936561841285,-3.3545421428508193e-15,0.023635324035170893,-0.09716671990837436,0.0,0.0,0.0,0.1,0.0,0
10,3110,world,31.1,3.1,3.807499914169309,2.5245612876259855,-1.258162759801719,0.5559925199222773,0.555992519922296,-0.4368893656184275,0.43688936561841285,-3.3456616042975534e-15,0.02363532403516996,-0.0971667199083746,0.0,0.0,0.0,0.1,0.0,0
10,3111,world,31.11,3.101,3.807499914169309,2.524797640866337,-1.2591344270008027,0.5559925199222774,0.5559925199222959,-0.43688936561842756,0.43688936561841296,-3.3367810657442867e-15,0.023635324035169023,-0.09716671990837482,0.0,0.0,0.0,0.1,0.0,0
10,3112,world,31.12,3.1020000000000003,3.807499914169309,2.5250339941066886,-1.260106094199887,0.5559925199222774,0.5559925199222959,-0.4368893656184275,0.43688936561841296,-3.3279005271910164e-15,0.02363532403516809,-0.09716671990837505,0.0,0.0,0.0,0.1,0.0,0
10,3113,world,31.13,3.1029999999999998,3.807499914169309,2.52527034734704,-1.26107776139897,0.5559925199222775,0.5559925199222958,-0.4368893656184275,0.4368893656184131,-3.319019988637754e-15,0.023635324035167153,-0.09716671990837528,0.0,0.0,0.0,0.1,0.0,0
10,3114,world,31.14,3.104,3.807499914169309,2.5255067005873912,-1.2620494285980544,0.5559925199222775,0.5559925199222958,-0.4368893656184275,0.4368893656184131,-3.3101394500844845e-15,0.023635324035166216,-0.0971667199083755,0.0,0.0,0.0,0.1,0.0,0
10,3115,world,31.150000000000002,3.1050000000000004,3.807499914169309,2.525743053827743,-1.2630210957971384,0.5559925199222775,0.5559925199222958,-0.43688936561842745,0.4368893656184131,-3.301258911531214e-15,0.023635324035165283,-0.09716671990837572,0.0,0.0,0.0,0.1,0.0,0
10,3116,world,31.16,3.106,3.8074999141693087,2.5259794070680943,-1.2639927629962218,0.5559925199222775,0.5559925199222958,-0.43688936561842745,0.4368893656184131,-3.292378372977952e-15,0.023635324035164343,-0.09716671990837596,0.0,0.0,0.0,0.1,0.0,0
10,3117,world,31.17,3.107,3.8074999141693087,2.5262157603084456,-1.2649644301953058,0.5559925199222775,0.5559925199222958,-0.4368893656184274,0.4368893656184131,-3.283497834424681e-15,0.02363532403516341,-0.09716671990837618,0.0,0.0,0.0,0.1,0.0,0
10,3118,world,31.18,3.108,3.8074999141693087,2.526452113548797,-1.2659360973943896,0.5559925199222775,0.5559925199222958,-0.4368893656184274,0.4368893656184131,-3.2746172958714152e-15,0.023635324035162473,-0.09716671990837641,0.0,0.0,0.0,0.1,0.0,0
10,3119,world,31.19,3.109,3.8074999141693087,2.5266884667891487,-1.2669077645934732,0.5559925199222775,0.5559925199222958,-0.43688936561842734,0.4368893656184131,-3.2657367573181485e-15,0.02363532403516154,-0.09716671990837664,0.0,0.0,0.0,0.1,0.0,0
10,3120,world,31.2,3.11,3.8074999141693087,2.5269248200295,-1.267879431792557,0.5559925199222775,0.5559925199222958,-0.4368893656184273,0.4368893656184131,-3.2568562187648826e-15,0.023635324035160603,-0.09716671990837687,0.0,0.0,0.0,0.1,0.0,0
10,3121,world,31.21,3.111,3.8074999141693087,2.5271611732698513,-1.268851098991641,0.5559925199222776,0.5559925199222957,-0.43688936561842734,0.43688936561841313,-3.2479756802116127e-15,0.023635324035159666,-0.0971667199083771,0.0,0.0,0.0,0.1,0.0,0
10,3122,world,31.220000000000002,3.112,3.8074999141693087,2.527397526510203,-1.2698227661907249,0.5559925199222776,0.5559925199222957,-0.4368893656184273,0.43688936561841313,-3.239095141658346e-15,0.023635324035158733,-0.09716671990837733,0.0,0.0,0.0,0.1,0.0,0
10,3123,world,31.23,3.113,3.8074999141693087,2.5276338797505544,-1.2707944333898085,0.5559925199222777,0.5559925199222956,-0.43688936561842734,0.43688936561841324,-3.23021460310508e-15,0.023635324035157796,-0.09716671990837755,0.0,0.0,0.0,0.1,0.0,0
10,3124,world,31.240000000000002,3.1140000000000003,3.8074999141693087,2.5278702329909057,-1.2717661005888927,0.5559925199222777,0.5559925199222956,-0.4368893656184273,0.43688936561841324,-3.2213340645518097e-15,0.023635324035156863,-0.09716671990837777,0.0,0.0,0.0,0.1,0.0,0
10,3125,world,31.25,3.115,3.8074999141693087,2.5281065862312575,-1.2727377677879763,0.5559925199222777,0.5559925199222956,-0.43688936561842723,0.43688936561841324,-3.212453525998544e-15,0.023635324035155923,-0.097166719908378,0.0,0.0,0.0,0.1,0.0,0
10,3126,world,31.26,3.116,3.8074999141693087,2.528342939471609,-1.27370943498706,0.5559925199222777,0.5559925199222956,-0.43688936561842723,0.43688936561841324,-3.203572987445277e-15,0.02363532403515499,-0.09716671990837823,0.0,0.0,0.0,0.1,0.0,0
10,3127,world,31.27,3.1169976245838735,3.8074999141693087,2.5285787312746613,-1.2746787940722095,0.5559925199222777,0.5559925199222956,-0.43688936561842723,0.43688936561841324,-3.1454753886325763e-15,0.023271047320554294,-0.09566914900797474,0.0,0.0,0.0,0.09845876149589508,-0.5,0
10,3128,world,31.28,3.1179572121988324,3.8074999141693087,2.528805532916858,-1.275611193882312,0.5559925199222778,0.5559925199222955,-0.43688936561842723,0.4368893656184133,-2.9777754783949576e-15,0.02208928111879557,-0.09081081301255527,0.0,0.0,0.0,0.0934587614958943,-0.5,0
10,3129,world,31.29,3.1188667998137913,3.8074999141693087,2.529020516897037,-1.2764950103324606,0.5559925199222778,0.5559925199222955,-0.4368893656184272,0.4368893656184133,-2.8113205143593014e-15,0.020907514917037393,-0.08595247701713749,0.0,0.0,0.0,0.0884587614958953,-0.5,0
10,3130,world,31.3,3.1197263874287504,3.807499914169308,2.5292236832151986,-1.277330243422655,0.5559925199222778,0.5559925199222955,-0.4368893656184271,0.4368893656184133,-2.6460438924863456e-15,0.01972574871527892,-0.08109414102171794,0.0,0.0,0.0,0.08345876149589451,-0.5,0
10,3131,world,31.310000000000002,3.120535975043709,3.807499914169308,2.5294150318713426,-1.2781168931528948,0.5559925199222778,0.5559925199222955,-0.4368893656184271,0.4368893656184133,-2.481879008737001e-15,0.018543982513520567,-0.07623580502629837,0.0,0.0,0.0,0.07845876149589373,-0.5,0
10,3132,world,31.32,3.121295562658668,3.807499914169308,2.5295945628654692,-1.2788549595231806,0.5559925199222778,0.5559925199222955,-0.4368893656184271,0.4368893656184133,-2.3187592590721706e-15,0.017362216311762744,-0.0713774690308805,0.0,0.0,0.0,0.07345876149589473,-0.5,0
10,3133,world,31.330000000000002,3.1220051502736275,3.807499914169308,2.529762276197578,-1.279544442533513,0.5559925199222778,0.5559925199222955,-0.4368893656184271,0.4368893656184133,-2.15661803945259e-15,0.0161804501100046,-0.06651913303546089,0.0,0.0,0.0,0.06845876149589394,-0.5,0
10,3134,world,31.34,3.1226647378885857,3.807499914169308,2.529918171867669,-1.2801853421838896,0.5559925199222779,0.5559925199222954,-0.4368893656184271,0.4368893656184134,-1.9953887458392317e-15,0.014998683908246978,-0.061660797040042965,0.0,0.0,0.0,0.06345876149589494,-0.5,0
10,3135,world,31.35,3.123274325503545,3.807499914169308,2.530062249875743,-1.2807776584743134,0.5559925199222779,0.5559925199222954,-0.4368893656184271,0.4368893656184134,-1.8350047741928225e-15,0.013816917706489022,-0.056802461044623304,0.0,0.0,0.0,0.05845876149589416,-0.5,0
10,3136,world,31.36,3.123833913118504,3.807499914169308,2.530194510221799,-1.2813213914047823,0.5559925199222779,0.5559925199222954,-0.43688936561842706,0.4368893656184134,-1.6753995204743319e-15,0.012635151504731568,-0.05194412504920534,0.0,0.0,0.0,0.05345876149589515,-0.5,0
10,3137,world,31.37,3.124343500733463,3.807499914169308,2.5303149529058375,-1.2818165409752973,0.5559925199222779,0.5559925199222954,-0.43688936561842706,0.4368893656184134,-1.516506380644496e-15,0.01145338530297377,-0.04708578905378564,0.0,0.0,0.0,0.04845876149589437,-0.5,0
10,3138,world,31.38,3.1248030883484215,3.807499914169308,2.5304235779278583,-1.282263107185858,0.5559925199222779,0.5559925199222954,-0.43688936561842706,0.4368893656184134,-1.358258750664279e-15,0.01027161910121646,-0.04222745305836764,0.0,0.0,0.0,0.043458761495895365,-0.5,0
10,3139,world,31.39,3.1252126759633807,3.807499914169308,2.5305203852878617,-1.2826610900364648,0.5559925199222779,0.5559925199222954,-0.436889365618427,0.4368893656184134,-1.2005900264944166e-15,0.00908985289945879,-0.03736911706294791,0.0,0.0,0.0,0.03845876149589458,-0.5,0
10,3140,world,31.400000000000002,3.1255722635783396,3.807499914169308,2.5306053749858473,-1.283010489527117,0.5559925199222779,0.5559925199222954,-0.436889365618427,0.4368893656184134,-1.0434336040958181e-15,0.007908086697701173,-0.03251078106752816,0.0,0.0,0.0,0.0334587614958938,-0.5,0
10,3141,world,31.41,3.1258818511932986,3.807499914169308,2.530678547021816,-1.2833113056578154,0.5559925199222779,0.5559925199222954,-0.436889365618427,0.4368893656184134,-8.86722879429388e-16,0.006726320495944025,-0.027652445072110125,0.0,0.0,0.0,0.028458761495894797,-0.5,0
10,3142,world,31.42,3.126141438808258,3.807499914169308,2.5307399013957665,-1.2835635384285595,0.5559925199222779,0.5559925199222954,-0.43688936561842695,0.4368893656184134,-7.303912484558664e-16,0.0055445542941864965,-0.02279410907669036,0.0,0.0,0.0,0.023458761495894015,-0.5,0
10,3143,world,31.43,3.1263510264232166,3.807499914169308,2.5307894381076994,-1.2837671878393493,0.5559925199222779,0.5559925199222954,-0.43688936561842695,0.4368893656184134,-5.74372107136215e-16,0.004362788092429419,-0.017935773081272307,0.0,0.0,0.0,0.01845876149589501,-0.5,0
10,3144,world,31.44,3.1265106140381755,3.807499914169308,2.530827157157615,-1.2839222538901849,0.5559925199222779,0.5559925199222954,-0.43688936561842695,0.4368893656184134,-4.1859885143117285e-16,0.00318102189067195,-0.013077437085852522,0.0,0.0,0.0,0.013458761495894228,-0.5,0
10,3145,world,31.45,3.1266202016531346,3.807499914169308,2.530853058545513,-1.2840287365810663,0.5559925199222779,0.5559925199222954,-0.43688936561842695,0.4368893656184134,-2.6300487730170117e-16,0.0019992556889149187,-0.00821910109043446,0.0,0.0,0.0,0.008458761495895223,-0.5,0
10,3146,world,31.46,3.1266797892680933,3.807499914169308,2.530867142271393,-1.2840866359119933,0.5559925199222779,0.5559925199222954,-0.43688936561842695,0.4368893656184134,-1.0752358070854019e-16,0.0008174894871574794,-0.003360765095014669,0.0,0.0,0.0,0.0034587614958944413,-0.5,0
10,3147,world,31.46691752299179,3.126691752299179,3.807499914169308,2.5308699697725547,-1.284098259996901,0.5559925199222779,0.5559925199222954,-0.43688936561842695,0.4368893656184134,-0.0,0.0,-0.0,0.0,0.0,0.0,0.0,0.0,0
