row_index,point_index,frame_id,t,s,position_x,position_y,position_z,orientation_x,orientation_y,orientation_z,orientation_w,linear_velocity_x,linear_velocity_y,linear_velocity_z,angular_velocity_x,angular_velocity_y,angular_velocity_z,path_speed,path_acceleration,paint
25,0,world,0.0,0.0,0.45536002910445206,1.8243556308746403,-0.7716205145082814,2.6533412005494e-14,0.9957935348966602,2.4414073589457636e-15,0.09162551968755209,0.0,-0.0,0.0,-0.0,-0.0,-0.0,0.0,-0.0,0
25,1,world,0.01,1.6015572581462578e-06,0.4553616047190486,1.8243556308746403,-0.7716202274119658,2.653339428662539e-14,0.9957935348966602,2.441405728587172e-15,0.09162551968755209,0.0012450269733419107,-6.744075322504508e-17,0.00022685919364401436,-0.0,-0.0,-0.0,0.001265526474669626,0.5,0
25,2,world,0.02,3.9256822004674063e-05,0.4553986500288355,1.8243556308746403,-0.7716134773018987,2.6532977686666022e-14,0.9957935348966602,2.441367396155357e-15,0.09162551968755209,0.0061640349840866235,-3.3388885873845147e-16,0.001123162819782096,-0.0,-0.0,-0.0,0.006265526474669519,0.5,0
25,3,world,0.03,0.00012691208675152943,0.4554848854187303,1.8243556308746403,-0.7715977641555701,2.6532007910461362e-14,0.9957935348966602,2.44127816455702e-15,0.09162551968755209,0.01108304299483129,-6.003160808756228e-16,0.002019466445920434,-0.0,-0.0,-0.0,0.011265526474669413,0.5,0
25,4,world,0.04,0.0002645673514980462,0.4556203108887321,1.8243556308746403,-0.7715730879729803,2.6530484958011404e-14,0.9957935348966602,2.441138033792161e-15,0.09162551968755209,0.016002051005575873,-8.667057543361093e-16,0.0029157700720592317,-0.0,-0.0,-0.0,0.016265526474669306,0.5,0
25,5,world,0.05,0.0004522226162448906,0.4558049264388418,1.8243556308746403,-0.771539448754129,2.652840882931615e-14,0.9957935348966602,2.44094700386078e-15,0.09162551968755209,0.020921059016320336,-1.1330412138194613e-15,0.0038120736981986946,-0.0,-0.0,-0.0,0.0212655264746692,0.5,0
25,6,world,0.06,0.0006898778809916184,0.45603873206905876,1.8243556308746403,-0.7714968464990164,2.65257795243756e-14,0.9957935348966602,2.4407050747628774e-15,0.09162551968755209,0.02584006702706464,-1.3993057940252294e-15,0.004708377324339027,-0.0,-0.0,-0.0,0.026265526474669093,0.5,0
25,7,world,0.07,0.0009775331457382297,0.45632172777938307,1.8243556308746403,-0.7714452812076423,2.652259704318976e-14,0.9957935348966602,2.440412246498453e-15,0.09162551968755209,0.030759075037808746,-1.665482829652964e-15,0.005604680950480432,-0.0,-0.0,-0.0,0.031265526474668986,0.5,0
25,8,world,0.08,0.0013151884104851685,0.4566539135698151,1.8243556308746403,-0.7713847528800069,2.6518861385758612e-14,0.9957935348966602,2.4400685190675058e-15,0.09162551968755209,0.035678083048553494,-1.931555655402262e-15,0.006500984576623276,-0.0,-0.0,-0.0,0.03626552647466977,0.5,0
25,9,world,0.09,0.0017028436752317688,0.4570352894403543,1.8243556308746403,-0.7713152615161101,2.6514572552082177e-14,0.9957935348966602,2.439673892470038e-15,0.09162551968755209,0.040597091059297104,-2.1975076059725804e-15,0.00739728820276744,-0.0,-0.0,-0.0,0.04126552647466966,0.5,0
25,10,world,0.1,0.0021404989399782526,0.4574658553910008,1.82435563087464,-0.771236807115952,2.650973054216044e-14,0.9957935348966602,2.4392283667060477e-15,0.09162551968755209,0.0455160990700404,-2.4633220160635162e-15,0.008293591828913292,-0.0,-0.0,-0.0,0.046265526474669555,0.5,0
25,11,world,0.11,0.002628154204725064,0.4579456114217551,1.82435563087464,-0.7711493896795324,2.6504335355993407e-14,0.9957935348966602,2.438731941775536e-15,0.09162551968755209,0.05043510708078335,-2.7289822203746194e-15,0.009189895455061036,-0.0,-0.0,-0.0,0.05126552647466945,0.5,0
25,12,world,0.12,0.0031658094694717587,0.45847455753261673,1.82435563087464,-0.7710530092068515,2.6498386993581084e-14,0.9957935348966602,2.4381846176785023e-15,0.09162551968755209,0.05535411509152592,-2.9944715536054407e-15,0.010086199081210874,-0.0,-0.0,-0.0,0.05626552647466934,0.5,0
25,13,world,0.13,0.003753464734218559,0.4590526937235859,1.82435563087464,-0.7709476656979092,2.6491885454923457e-14,0.9957935348966602,2.4375863944149465e-15,0.09162551968755209,0.060273123102268074,-3.2597733504555304e-15,0.01098250270736301,-0.0,-0.0,-0.0,0.061265526474669235,0.5,0
25,14,world,0.14,0.004391119998965021,0.45968001999466224,1.82435563087464,-0.7708333591527055,2.648483074002054e-14,0.9957935348966602,2.4369372719848693e-15,0.09162551968755209,0.06519213111300977,-3.5248709456244393e-15,0.011878806333517653,-0.0,-0.0,-0.0,0.06626552647466913,0.5,0
25,15,world,0.15,0.005078775263711588,0.46035653634584606,1.82435563087464,-0.7707100895712404,2.6477222848872324e-14,0.9957935348966602,2.4362372503882703e-15,0.09162551968755209,0.07011113912375097,-3.789747673811718e-15,0.012775109959675002,-0.0,-0.0,-0.0,0.07126552647466902,0.5,0
25,16,world,0.16,0.005816430528458483,0.46108224277713766,1.82435563087464,-0.7705778569535139,2.6469061781478816e-14,0.9957935348966602,2.435486329625149e-15,0.09162551968755209,0.07503014713449165,-4.054386869716915e-15,0.013671413585835266,-0.0,-0.0,-0.0,0.07626552647466892,0.5,0
25,17,world,0.17,0.006604085793205261,0.4618571392885366,1.8243556308746398,-0.770436661299526,2.646034753784001e-14,0.9957935348966602,2.434684509695506e-15,0.09162551968755209,0.07994915514523263,-4.3187718680396296e-15,0.014567717211998805,-0.0,-0.0,-0.0,0.0812655264746697,0.5,0
25,18,world,0.18,0.007441741057951923,0.4626812258800429,1.8243556308746398,-0.7702865026092769,2.6451080117955892e-14,0.9957935348966602,2.4338317905993406e-15,0.09162551968755209,0.08486816315597212,-4.5828860034793165e-15,0.015464020838165504,-0.0,-0.0,-0.0,0.08626552647466959,0.5,0
25,19,world,0.19,0.00832939632269869,0.46355450255165676,1.8243556308746398,-0.7701273808827662,2.6441259521826493e-14,0.9957935348966602,2.432928172336654e-15,0.09162551968755209,0.08978717116671098,-4.8467126107355755e-15,0.016360324464335732,-0.0,-0.0,-0.0,0.09126552647466948,0.5,0
25,20,world,0.2,0.00926705158744534,0.4644769693033779,1.8243556308746398,-0.7699592961199943,2.6430885749451796e-14,0.9957935348966602,2.4319736549074454e-15,0.09162551968755209,0.09470617917744915,-5.110235024507955e-15,0.017256628090509686,-0.0,-0.0,-0.0,0.09626552647466938,0.5,0
25,21,world,0.21,0.01025310529493395,0.4654470505206101,1.8243556308746398,-0.7697825354172765,2.641997651970042e-14,0.9957935348966602,2.430969868670307e-15,0.09162551968755209,0.0983801602148457,-5.306287707496502e-15,0.01792607252304005,-0.0,-0.0,-0.0,0.1,-0.0,0
25,22,world,0.22,0.01125310529493384,0.466430852122759,1.8243556308746396,-0.7696032746920489,2.6408912994794488e-14,0.9957935348966602,2.4299518853398693e-15,0.09162551968755209,0.09838016021484075,-5.304065667436549e-15,0.017926072523067296,-0.0,-0.0,-0.0,0.1,-0.0,0
25,23,world,0.23,0.01225310529493373,0.4674146537249078,1.8243556308746396,-0.7694240139668214,2.6397849469888566e-14,0.9957935348966602,2.428933902009433e-15,0.09162551968755209,0.09838016021483578,-5.301843627376598e-15,0.01792607252309454,-0.0,-0.0,-0.0,0.1,-0.0,0
25,24,world,0.24,0.013253105294933842,0.46839845532705693,1.8243556308746396,-0.7692447532415937,2.638678594498264e-14,0.9957935348966602,2.427915918678996e-15,0.09162551968755209,0.09838016021483081,-5.299621587316645e-15,0.01792607252312179,-0.0,-0.0,-0.0,0.1,-0.0,0
25,25,world,0.25,0.014253105294933954,0.469382256929206,1.8243556308746396,-0.7690654925163661,2.637572242007672e-14,0.9957935348966602,2.4268979353485594e-15,0.09162551968755209,0.09838016021482585,-5.2973995472566926e-15,0.017926072523149036,-0.0,-0.0,-0.0,0.1,-0.0,0
25,26,world,0.26,0.015253105294933844,0.4703660585313548,1.8243556308746394,-0.7688862317911385,2.6364658895170784e-14,0.9957935348966602,2.4258799520181215e-15,0.09162551968755209,0.09838016021482088,-5.295177507196741e-15,0.01792607252317628,-0.0,-0.0,-0.0,0.1,-0.0,0
25,27,world,0.27,0.016253105294933956,0.4713498601335039,1.8243556308746394,-0.7687069710659109,2.635359537026486e-14,0.9957935348966602,2.424861968687685e-15,0.09162551968755209,0.09838016021481592,-5.292955467136788e-15,0.01792607252320353,-0.0,-0.0,-0.0,0.1,-0.0,0
25,28,world,0.28,0.017253105294933846,0.4723336617356528,1.8243556308746394,-0.7685277103406833,2.6342531845358937e-14,0.9957935348966602,2.4238439853572483e-15,0.09162551968755209,0.09838016021481095,-5.2907334270768365e-15,0.017926072523230776,-0.0,-0.0,-0.0,0.1,-0.0,0
25,29,world,0.29,0.018253105294933958,0.47331746333780184,1.8243556308746394,-0.7683484496154557,2.6331468320453006e-14,0.9957935348966602,2.422826002026811e-15,0.09162551968755209,0.098380160214806,-5.288511387016884e-15,0.01792607252325802,-0.0,-0.0,-0.0,0.1,-0.0,0
25,30,world,0.3,0.019253105294933848,0.47430126493995073,1.8243556308746391,-0.7681691888902281,2.6320404795547084e-14,0.9957935348966602,2.4218080186963748e-15,0.09162551968755209,0.09838016021480103,-5.286289346956933e-15,0.01792607252328527,-0.0,-0.0,-0.0,0.1,-0.0,0
25,31,world,0.31,0.020253105294933738,0.47528506654209957,1.8243556308746391,-0.7679899281650004,2.6309341270641155e-14,0.9957935348966602,2.4207900353659376e-15,0.09162551968755209,0.09838016021479606,-5.28406730689698e-15,0.017926072523312516,-0.0,-0.0,-0.0,0.1,-0.0,0
25,32,world,0.32,0.02125310529493385,0.4762688681442486,1.8243556308746391,-0.7678106674397729,2.6298277745735233e-14,0.9957935348966602,2.419772052035501e-15,0.09162551968755209,0.0983801602147911,-5.281845266837028e-15,0.01792607252333976,-0.0,-0.0,-0.0,0.1,-0.0,0
25,33,world,0.33,0.02225310529493396,0.4772526697463977,1.8243556308746391,-0.7676314067145452,2.6287214220829302e-14,0.9957935348966602,2.4187540687050637e-15,0.09162551968755209,0.09838016021478613,-5.2796232267770754e-15,0.017926072523367007,-0.0,-0.0,-0.0,0.1,-0.0,0
25,34,world,0.34,0.02325310529493385,0.4782364713485466,1.824355630874639,-0.7674521459893177,2.6276150695923377e-14,0.9957935348966602,2.417736085374627e-15,0.09162551968755209,0.09838016021478117,-5.277401186717124e-15,0.017926072523394256,-0.0,-0.0,-0.0,0.1,-0.0,0
25,35,world,0.35000000000000003,0.024253105294933963,0.47922027295069564,1.824355630874639,-0.76727288526409,2.6265087171017455e-14,0.9957935348966602,2.41671810204419e-15,0.09162551968755209,0.09838016021477619,-5.275179146657171e-15,0.017926072523421502,-0.0,-0.0,-0.0,0.1,-0.0,0
25,36,world,0.36,0.025253105294933853,0.48020407455284453,1.824355630874639,-0.7670936245388624,2.6254023646111526e-14,0.9957935348966602,2.415700118713753e-15,0.09162551968755209,0.09838016021477125,-5.2729571065972194e-15,0.01792607252344875,-0.0,-0.0,-0.0,0.1,-0.0,0
25,37,world,0.37,0.026253105294933965,0.4811878761549936,1.824355630874639,-0.7669143638136348,2.62429601212056e-14,0.9957935348966602,2.4146821353833162e-15,0.09162551968755209,0.09838016021476627,-5.270735066537267e-15,0.017926072523475996,-0.0,-0.0,-0.0,0.1,-0.0,0
25,38,world,0.38,0.027253105294933855,0.4821716777571424,1.8243556308746387,-0.7667351030884072,2.623189659629968e-14,0.9957935348966602,2.4136641520528795e-15,0.09162551968755209,0.09838016021476131,-5.268513026477314e-15,0.01792607252350324,-0.0,-0.0,-0.0,0.1,-0.0,0
25,39,world,0.39,0.028253105294933745,0.48315547935929126,1.8243556308746387,-0.7665558423631796,2.6220833071393754e-14,0.9957935348966602,2.4126461687224427e-15,0.09162551968755209,0.09838016021475635,-5.266290986417363e-15,0.017926072523530488,-0.0,-0.0,-0.0,0.1,-0.0,0
25,40,world,0.4,0.029253105294933857,0.4841392809614404,1.8243556308746387,-0.766376581637952,2.6209769546487822e-14,0.9957935348966602,2.4116281853920055e-15,0.09162551968755209,0.09838016021475138,-5.26406894635741e-15,0.017926072523557737,-0.0,-0.0,-0.0,0.1,-0.0,0
25,41,world,0.41000000000000003,0.030253105294933746,0.4851230825635892,1.8243556308746387,-0.7661973209127244,2.61987060215819e-14,0.9957935348966602,2.4106102020615688e-15,0.09162551968755209,0.09838016021474641,-5.261846906297458e-15,0.01792607252358498,-0.0,-0.0,-0.0,0.1,-0.0,0
25,42,world,0.42,0.03125310529493386,0.4861068841657383,1.8243556308746385,-0.7660180601874969,2.6187642496675972e-14,0.9957935348966602,2.409592218731132e-15,0.09162551968755209,0.09838016021474144,-5.2596248662375066e-15,0.017926072523612228,-0.0,-0.0,-0.0,0.1,-0.0,0
25,43,world,0.43,0.03225310529493397,0.4870906857678874,1.8243556308746385,-0.7658387994622692,2.6176578971770047e-14,0.9957935348966602,2.408574235400695e-15,0.09162551968755209,0.09838016021473649,-5.257402826177553e-15,0.017926072523639473,-0.0,-0.0,-0.0,0.1,-0.0,0
25,44,world,0.44,0.03325310529493386,0.4880744873700362,1.8243556308746385,-0.7656595387370416,2.6165515446864128e-14,0.9957935348966602,2.4075562520702585e-15,0.09162551968755209,0.09838016021473152,-5.2551807861176015e-15,0.01792607252366672,-0.0,-0.0,-0.0,0.1,-0.0,0
25,45,world,0.45,0.03425310529493397,0.4890582889721853,1.8243556308746385,-0.765480278011814,2.6154451921958197e-14,0.9957935348966602,2.406538268739821e-15,0.09162551968755209,0.09838016021472656,-5.252958746057649e-15,0.017926072523693968,-0.0,-0.0,-0.0,0.1,-0.0,0
25,46,world,0.46,0.03525310529493386,0.4900420905743341,1.8243556308746385,-0.7653010172865864,2.6143388397052268e-14,0.9957935348966602,2.405520285409384e-15,0.09162551968755209,0.0983801602147216,-5.250736705997697e-15,0.017926072523721213,-0.0,-0.0,-0.0,0.1,-0.0,0
25,47,world,0.47000000000000003,0.03625310529493375,0.491025892176483,1.8243556308746383,-0.7651217565613588,2.613232487214635e-14,0.9957935348966602,2.4045023020789478e-15,0.09162551968755209,0.09838016021471663,-5.2485146659377455e-15,0.01792607252374846,-0.0,-0.0,-0.0,0.1,-0.0,0
25,48,world,0.48,0.037253105294933864,0.4920096937786321,1.8243556308746383,-0.7649424958361312,2.6121261347240418e-14,0.9957935348966602,2.4034843187485106e-15,0.09162551968755209,0.09838016021471166,-5.246292625877793e-15,0.017926072523775708,-0.0,-0.0,-0.0,0.1,-0.0,0
25,49,world,0.49,0.038253105294933754,0.49299349538078097,1.8243556308746383,-0.7647632351109036,2.6110197822334493e-14,0.9957935348966602,2.4024663354180734e-15,0.09162551968755209,0.09838016021470669,-5.2440705858178404e-15,0.017926072523802954,-0.0,-0.0,-0.0,0.1,-0.0,0
25,50,world,0.5,0.039253105294933865,0.49397729698293,1.8243556308746383,-0.7645839743856759,2.609913429742857e-14,0.9957935348966602,2.401448352087637e-15,0.09162551968755209,0.09838016021470174,-5.241848545757889e-15,0.0179260725238302,-0.0,-0.0,-0.0,0.1,-0.0,0
25,51,world,0.51,0.04025310529493398,0.4949610985850791,1.824355630874638,-0.7644047136604483,2.6088070772522646e-14,0.9957935348966602,2.4004303687571995e-15,0.09162551968755209,0.09838016021469677,-5.239626505697936e-15,0.017926072523857445,-0.0,-0.0,-0.0,0.1,-0.0,0
25,52,world,0.52,0.04125310529493387,0.4959449001872279,1.824355630874638,-0.7642254529352207,2.607700724761672e-14,0.9957935348966602,2.399412385426763e-15,0.09162551968755209,0.09838016021469181,-5.2374044656379844e-15,0.017926072523884697,-0.0,-0.0,-0.0,0.1,-0.0,0
25,53,world,0.53,0.04225310529493398,0.49692870178937704,1.824355630874638,-0.7640461922099931,2.6065943722710795e-14,0.9957935348966602,2.3983944020963264e-15,0.09162551968755209,0.09838016021468683,-5.235182425578032e-15,0.01792607252391194,-0.0,-0.0,-0.0,0.1,-0.0,0
25,54,world,0.54,0.04325310529493387,0.4979125033915259,1.824355630874638,-0.7638669314847655,2.6054880197804867e-14,0.9957935348966602,2.3973764187658896e-15,0.09162551968755209,0.09838016021468188,-5.232960385518079e-15,0.017926072523939185,-0.0,-0.0,-0.0,0.1,-0.0,0
25,55,world,0.55,0.04425310529493376,0.49889630499367477,1.8243556308746378,-0.7636876707595379,2.6043816672898942e-14,0.9957935348966602,2.3963584354354524e-15,0.09162551968755209,0.09838016021467691,-5.230738345458128e-15,0.017926072523966434,-0.0,-0.0,-0.0,0.1,-0.0,0
25,56,world,0.56,0.04525310529493387,0.4998801065958238,1.8243556308746378,-0.7635084100343104,2.6032753147993013e-14,0.9957935348966602,2.3953404521050157e-15,0.09162551968755209,0.09838016021467194,-5.228516305398176e-15,0.01792607252399368,-0.0,-0.0,-0.0,0.1,-0.0,0
25,57,world,0.5700000000000001,0.04625310529493376,0.5008639081979727,1.8243556308746378,-0.7633291493090827,2.602168962308709e-14,0.9957935348966602,2.3943224687745785e-15,0.09162551968755209,0.09838016021466699,-5.226294265338223e-15,0.017926072524020925,-0.0,-0.0,-0.0,0.1,-0.0,0
25,58,world,0.58,0.04725310529493387,0.5018477098001217,1.8243556308746378,-0.7631498885838551,2.601062609818117e-14,0.9957935348966602,2.393304485444142e-15,0.09162551968755209,0.098380160214662,-5.2240722252782716e-15,0.017926072524048174,-0.0,-0.0,-0.0,0.1,-0.0,0
25,59,world,0.59,0.048253105294933984,0.5028315114022708,1.8243556308746376,-0.7629706278586275,2.5999562573275238e-14,0.9957935348966602,2.392286502113705e-15,0.09162551968755209,0.09838016021465705,-5.221850185218318e-15,0.01792607252407542,-0.0,-0.0,-0.0,0.1,-0.0,0
25,60,world,0.6,0.049253105294933874,0.5038153130044197,1.8243556308746376,-0.7627913671333999,2.5988499048369313e-14,0.9957935348966602,2.3912685187832682e-15,0.09162551968755209,0.09838016021465208,-5.219628145158367e-15,0.017926072524102665,-0.0,-0.0,-0.0,0.1,-0.0,0
25,61,world,0.61,0.050253105294933986,0.5047991146065688,1.8243556308746376,-0.7626121064081722,2.5977435523463384e-14,0.9957935348966602,2.3902505354528307e-15,0.09162551968755209,0.09838016021464713,-5.217406105098414e-15,0.017926072524129914,-0.0,-0.0,-0.0,0.1,-0.0,0
25,62,world,0.62,0.051253105294933876,0.5057829162087176,1.8243556308746376,-0.7624328456829447,2.596637199855746e-14,0.9957935348966602,2.3892325521223943e-15,0.09162551968755209,0.09838016021464216,-5.215184065038462e-15,0.01792607252415716,-0.0,-0.0,-0.0,0.1,-0.0,0
25,63,world,0.63,0.052253105294933766,0.5067667178108665,1.8243556308746374,-0.7622535849577171,2.5955308473651537e-14,0.9957935348966602,2.3882145687919575e-15,0.09162551968755209,0.09838016021463719,-5.2129620249785105e-15,0.017926072524184405,-0.0,-0.0,-0.0,0.1,-0.0,0
25,64,world,0.64,0.05325310529493388,0.5077505194130155,1.8243556308746374,-0.7620743242324894,2.5944244948745615e-14,0.9957935348966602,2.387196585461521e-15,0.09162551968755209,0.09838016021463222,-5.210739984918558e-15,0.01792607252421165,-0.0,-0.0,-0.0,0.1,-0.0,0
25,65,world,0.65,0.05425310529493377,0.5087343210151644,1.8243556308746374,-0.7618950635072619,2.5933181423839693e-14,0.9957935348966602,2.3861786021310844e-15,0.09162551968755209,0.09838016021462725,-5.208517944858606e-15,0.0179260725242389,-0.0,-0.0,-0.0,0.1,-0.0,0
25,66,world,0.66,0.05525310529493388,0.5097181226173135,1.8243556308746374,-0.7617158027820342,2.5922117898933762e-14,0.9957935348966602,2.385160618800647e-15,0.09162551968755209,0.0983801602146223,-5.206295904798654e-15,0.017926072524266146,-0.0,-0.0,-0.0,0.1,-0.0,0
25,67,world,0.67,0.05625310529493399,0.5107019242194626,1.8243556308746371,-0.7615365420568067,2.5911054374027837e-14,0.9957935348966602,2.38414263547021e-15,0.09162551968755209,0.09838016021461733,-5.204073864738701e-15,0.01792607252429339,-0.0,-0.0,-0.0,0.1,-0.0,0
25,68,world,0.68,0.05725310529493388,0.5116857258216114,1.8243556308746371,-0.761357281331579,2.5899990849121905e-14,0.9957935348966602,2.383124652139773e-15,0.09162551968755209,0.09838016021461238,-5.201851824678749e-15,0.01792607252432064,-0.0,-0.0,-0.0,0.1,-0.0,0
25,69,world,0.6900000000000001,0.05825310529493399,0.5126695274237605,1.8243556308746371,-0.7611780206063514,2.588892732421599e-14,0.9957935348966602,2.3821066688093365e-15,0.09162551968755209,0.09838016021460741,-5.199629784618798e-15,0.01792607252434789,-0.0,-0.0,-0.0,0.1,-0.0,0
25,70,world,0.7000000000000001,0.05925310529493388,0.5136533290259093,1.8243556308746371,-0.7609987598811238,2.5877863799310058e-14,0.9957935348966602,2.3810886854788994e-15,0.09162551968755209,0.09838016021460244,-5.197407744558845e-15,0.01792607252437513,-0.0,-0.0,-0.0,0.1,-0.0,0
25,71,world,0.71,0.06025310529493377,0.5146371306280582,1.8243556308746371,-0.7608194991558962,2.586680027440414e-14,0.9957935348966602,2.380070702148463e-15,0.09162551968755209,0.09838016021459747,-5.195185704498893e-15,0.01792607252440238,-0.0,-0.0,-0.0,0.1,-0.0,0
25,72,world,0.72,0.061253105294933885,0.5156209322302072,1.824355630874637,-0.7606402384306686,2.5855736749498214e-14,0.9957935348966602,2.3790527188180262e-15,0.09162551968755209,0.0983801602145925,-5.192963664438941e-15,0.017926072524429622,-0.0,-0.0,-0.0,0.1,-0.0,0
25,73,world,0.73,0.062253105294933775,0.5166047338323562,1.824355630874637,-0.760460977705441,2.5844673224592286e-14,0.9957935348966602,2.378034735487589e-15,0.09162551968755209,0.09838016021458755,-5.190741624378989e-15,0.01792607252445687,-0.0,-0.0,-0.0,0.1,-0.0,0
25,74,world,0.74,0.06325310529493389,0.5175885354345052,1.824355630874637,-0.7602817169802134,2.5833609699686364e-14,0.9957935348966602,2.3770167521571527e-15,0.09162551968755209,0.09838016021458258,-5.188519584319037e-15,0.01792607252448412,-0.0,-0.0,-0.0,0.1,-0.0,0
25,75,world,0.75,0.064253105294934,0.5185723370366543,1.824355630874637,-0.7601024562549857,2.5822546174780435e-14,0.9957935348966602,2.375998768826715e-15,0.09162551968755209,0.09838016021457763,-5.186297544259084e-15,0.017926072524511366,-0.0,-0.0,-0.0,0.1,-0.0,0
25,76,world,0.76,0.06525310529493389,0.5195561386388031,1.8243556308746367,-0.7599231955297582,2.581148264987451e-14,0.9957935348966602,2.3749807854962788e-15,0.09162551968755209,0.09838016021457265,-5.184075504199132e-15,0.01792607252453861,-0.0,-0.0,-0.0,0.1,-0.0,0
25,77,world,0.77,0.066253105294934,0.5205399402409522,1.8243556308746367,-0.7597439348045305,2.5800419124968588e-14,0.9957935348966602,2.3739628021658416e-15,0.09162551968755209,0.09838016021456769,-5.18185346413918e-15,0.01792607252456586,-0.0,-0.0,-0.0,0.1,-0.0,0
25,78,world,0.78,0.06725310529493389,0.521523741843101,1.8243556308746367,-0.759564674079303,2.578935560006266e-14,0.9957935348966602,2.3729448188354052e-15,0.09162551968755209,0.09838016021456272,-5.179631424079228e-15,0.017926072524593103,-0.0,-0.0,-0.0,0.1,-0.0,0
25,79,world,0.79,0.06825310529493378,0.52250754344525,1.8243556308746367,-0.7593854133540754,2.577829207515674e-14,0.9957935348966602,2.371926835504969e-15,0.09162551968755209,0.09838016021455775,-5.177409384019276e-15,0.017926072524620352,-0.0,-0.0,-0.0,0.1,-0.0,0
25,80,world,0.8,0.06925310529493389,0.523491345047399,1.8243556308746365,-0.7592061526288477,2.576722855025081e-14,0.9957935348966602,2.3709088521745313e-15,0.09162551968755209,0.09838016021455279,-5.175187343959323e-15,0.017926072524647597,-0.0,-0.0,-0.0,0.1,-0.0,0
25,81,world,0.81,0.07025310529493378,0.5244751466495479,1.8243556308746365,-0.7590268919036202,2.5756165025344884e-14,0.9957935348966602,2.369890868844095e-15,0.09162551968755209,0.09838016021454782,-5.172965303899372e-15,0.017926072524674843,-0.0,-0.0,-0.0,0.1,-0.0,0
25,82,world,0.8200000000000001,0.0712531052949339,0.5254589482516969,1.8243556308746365,-0.7588476311783925,2.5745101500438962e-14,0.9957935348966602,2.3688728855136578e-15,0.09162551968755209,0.09838016021454286,-5.170743263839419e-15,0.017926072524702092,-0.0,-0.0,-0.0,0.1,-0.0,0
25,83,world,0.8300000000000001,0.072253105294934,0.526442749853846,1.8243556308746365,-0.7586683704531649,2.5734037975533034e-14,0.9957935348966602,2.367854902183221e-15,0.09162551968755209,0.0983801602145379,-5.168521223779467e-15,0.017926072524729338,-0.0,-0.0,-0.0,0.1,-0.0,0
25,84,world,0.84,0.0732531052949339,0.5274265514559948,1.8243556308746363,-0.7584891097279373,2.5722974450627112e-14,0.9957935348966602,2.366836918852784e-15,0.09162551968755209,0.09838016021453294,-5.166299183719514e-15,0.017926072524756583,-0.0,-0.0,-0.0,0.1,-0.0,0
25,85,world,0.85,0.07425310529493401,0.528410353058144,1.8243556308746363,-0.7583098490027097,2.5711910925721187e-14,0.9957935348966602,2.3658189355223475e-15,0.09162551968755209,0.09838016021452797,-5.164077143659563e-15,0.017926072524783836,-0.0,-0.0,-0.0,0.1,-0.0,0
25,86,world,0.86,0.0752531052949339,0.5293941546602928,1.8243556308746363,-0.7581305882774821,2.5700847400815265e-14,0.9957935348966602,2.3648009521919107e-15,0.09162551968755209,0.098380160214523,-5.161855103599611e-15,0.017926072524811078,-0.0,-0.0,-0.0,0.1,-0.0,0
25,87,world,0.87,0.07625310529493379,0.5303779562624417,1.8243556308746363,-0.7579513275522545,2.5689783875909337e-14,0.9957935348966602,2.3637829688614743e-15,0.09162551968755209,0.09838016021451804,-5.159633063539658e-15,0.017926072524838323,-0.0,-0.0,-0.0,0.1,-0.0,0
25,88,world,0.88,0.0772531052949339,0.5313617578645907,1.824355630874636,-0.7577720668270269,2.5678720351003415e-14,0.9957935348966602,2.362764985531037e-15,0.09162551968755209,0.09838016021451307,-5.157411023479706e-15,0.01792607252486557,-0.0,-0.0,-0.0,0.1,-0.0,0
25,89,world,0.89,0.07825310529493379,0.5323455594667396,1.824355630874636,-0.7575928061017992,2.566765682609749e-14,0.9957935348966602,2.3617470022006004e-15,0.09162551968755209,0.09838016021450811,-5.155188983419754e-15,0.017926072524892818,-0.0,-0.0,-0.0,0.1,-0.0,0
25,90,world,0.9,0.0792531052949339,0.5333293610688886,1.824355630874636,-0.7574135453765717,2.5656593301191558e-14,0.9957935348966602,2.3607290188701632e-15,0.09162551968755209,0.09838016021450315,-5.1529669433598015e-15,0.017926072524920064,-0.0,-0.0,-0.0,0.1,-0.0,0
25,91,world,0.91,0.08025310529493379,0.5343131626710376,1.824355630874636,-0.7572342846513441,2.564552977628564e-14,0.9957935348966602,2.359711035539727e-15,0.09162551968755209,0.09838016021449819,-5.15074490329985e-15,0.017926072524947313,-0.0,-0.0,-0.0,0.1,-0.0,0
25,92,world,0.92,0.0812531052949339,0.5352969642731866,1.8243556308746358,-0.7570550239261165,2.563446625137971e-14,0.9957935348966602,2.3586930522092897e-15,0.09162551968755209,0.09838016021449321,-5.148522863239897e-15,0.017926072524974558,-0.0,-0.0,-0.0,0.1,-0.0,0
25,93,world,0.93,0.08225310529493401,0.5362807658753357,1.8243556308746358,-0.7568757632008888,2.562340272647379e-14,0.9957935348966602,2.3576750688788533e-15,0.09162551968755209,0.09838016021448825,-5.146300823179945e-15,0.017926072525001804,-0.0,-0.0,-0.0,0.1,-0.0,0
25,94,world,0.9400000000000001,0.0832531052949339,0.5372645674774845,1.8243556308746358,-0.7566965024756612,2.561233920156786e-14,0.9957935348966602,2.356657085548416e-15,0.09162551968755209,0.09838016021448329,-5.144078783119993e-15,0.01792607252502905,-0.0,-0.0,-0.0,0.1,-0.0,0
25,95,world,0.9500000000000001,0.0842531052949338,0.5382483690796334,1.8243556308746358,-0.7565172417504337,2.560127567666194e-14,0.9957935348966602,2.3556391022179798e-15,0.09162551968755209,0.09838016021447832,-5.141856743060041e-15,0.0179260725250563,-0.0,-0.0,-0.0,0.1,-0.0,0
25,96,world,0.96,0.0852531052949339,0.5392321706817824,1.8243556308746358,-0.756337981025206,2.5590212151756013e-14,0.9957935348966602,2.3546211188875426e-15,0.09162551968755209,0.09838016021447336,-5.139634703000089e-15,0.017926072525083544,-0.0,-0.0,-0.0,0.1,-0.0,0
25,97,world,0.97,0.0862531052949338,0.5402159722839313,1.8243556308746356,-0.7561587202999784,2.5579148626850094e-14,0.9957935348966602,2.3536031355571066e-15,0.09162551968755209,0.0983801602144684,-5.137412662940138e-15,0.017926072525110793,-0.0,-0.0,-0.0,0.1,-0.0,0
25,98,world,0.98,0.08725310529493391,0.5411997738860804,1.8243556308746356,-0.7559794595747508,2.5568085101944166e-14,0.9957935348966602,2.3525851522266687e-15,0.09162551968755209,0.09838016021446343,-5.135190622880184e-15,0.01792607252513804,-0.0,-0.0,-0.0,0.1,-0.0,0
25,99,world,0.99,0.0882531052949338,0.5421835754882293,1.8243556308746356,-0.7558001988495232,2.555702157703824e-14,0.9957935348966602,2.3515671688962323e-15,0.09162551968755209,0.09838016021445846,-5.132968582820233e-15,0.017926072525165284,-0.0,-0.0,-0.0,0.1,-0.0,0
25,100,world,1.0,0.08925310529493391,0.5431673770903783,1.8243556308746356,-0.7556209381242956,2.554595805213232e-14,0.9957935348966602,2.3505491855657955e-15,0.09162551968755209,0.0983801602144535,-5.13074654276028e-15,0.01792607252519253,-0.0,-0.0,-0.0,0.1,-0.0,0
25,101,world,1.01,0.09025310529493402,0.5441511786925274,1.8243556308746354,-0.755441677399068,2.5534894527226387e-14,0.9957935348966602,2.3495312022353584e-15,0.09162551968755209,0.09838016021444854,-5.128524502700328e-15,0.017926072525219775,-0.0,-0.0,-0.0,0.1,-0.0,0
25,102,world,1.02,0.09125310529493391,0.5451349802946762,1.8243556308746354,-0.7552624166738404,2.552383100232047e-14,0.9957935348966602,2.348513218904922e-15,0.09162551968755209,0.09838016021444357,-5.126302462640376e-15,0.017926072525247024,-0.0,-0.0,-0.0,0.1,-0.0,0
25,103,world,1.03,0.0922531052949338,0.5461187818968251,1.8243556308746354,-0.7550831559486127,2.5512767477414543e-14,0.9957935348966602,2.3474952355744856e-15,0.09162551968755209,0.0983801602144386,-5.124080422580423e-15,0.01792607252527427,-0.0,-0.0,-0.0,0.1,-0.0,0
25,104,world,1.04,0.09325310529493391,0.5471025834989742,1.8243556308746354,-0.7549038952233852,2.5501703952508618e-14,0.9957935348966602,2.3464772522440485e-15,0.09162551968755209,0.09838016021443365,-5.1218583825204716e-15,0.01792607252530152,-0.0,-0.0,-0.0,0.1,-0.0,0
25,105,world,1.05,0.0942531052949338,0.5480863851011231,1.8243556308746351,-0.7547246344981576,2.549064042760269e-14,0.9957935348966602,2.3454592689136117e-15,0.09162551968755209,0.09838016021442868,-5.119636342460519e-15,0.017926072525328764,-0.0,-0.0,-0.0,0.1,-0.0,0
25,106,world,1.06,0.09525310529493392,0.5490701867032721,1.8243556308746351,-0.75454537377293,2.5479576902696765e-14,0.9957935348966602,2.3444412855831746e-15,0.09162551968755209,0.09838016021442371,-5.1174143024005665e-15,0.01792607252535601,-0.0,-0.0,-0.0,0.1,-0.0,0
25,107,world,1.07,0.0962531052949338,0.550053988305421,1.8243556308746351,-0.7543661130477024,2.5468513377790843e-14,0.9957935348966602,2.3434233022527378e-15,0.09162551968755209,0.09838016021441875,-5.115192262340615e-15,0.017926072525383255,-0.0,-0.0,-0.0,0.1,-0.0,0
25,108,world,1.08,0.09725310529493392,0.55103778990757,1.8243556308746351,-0.7541868523224747,2.545744985288492e-14,0.9957935348966602,2.3424053189223014e-15,0.09162551968755209,0.09838016021441379,-5.112970222280663e-15,0.017926072525410505,-0.0,-0.0,-0.0,0.1,-0.0,0
25,109,world,1.09,0.09825310529493403,0.5520215915097191,1.824355630874635,-0.7540075915972472,2.5446386327978996e-14,0.9957935348966602,2.3413873355918646e-15,0.09162551968755209,0.09838016021440882,-5.1107481822207105e-15,0.017926072525437747,-0.0,-0.0,-0.0,0.1,-0.0,0
25,110,world,1.1,0.09925310529493392,0.553005393111868,1.824355630874635,-0.7538283308720195,2.543532280307307e-14,0.9957935348966602,2.340369352261428e-15,0.09162551968755209,0.09838016021440385,-5.108526142160758e-15,0.017926072525464996,-4.662514527933704e-13,0.0022376849546087156,2.5124920501246735e-12,0.1,-0.0,0
25,111,world,1.11,0.10025310529493381,0.5539891914661975,1.8243556308746351,-0.7536490523272333,0.0,0.9957955849378202,0.0,0.09160323694250508,0.09837760068597806,-0.0,0.017940113803157746,1.7286433383753257e-10,0.011078613408237098,-9.319743773494452e-10,0.1,-0.0,1
25,112,world,1.12,0.10125310529493392,0.5549729183824239,1.824355630874635,-0.7534693822686767,9.464364003391487e-12,0.9958036796227794,8.69783043577453e-13,0.09151519900941633,0.09836788961212935,-1.9008440412213326e-12,0.01799328467111925,5.223324419425942e-11,0.01768186184617977,-2.817824734533928e-10,0.1,-0.0,1
25,113,world,1.1300000000000001,0.10225310529493381,0.5559565514087406,1.8243556308746347,-0.7532891988941903,2.8538247573487763e-12,0.9958117665288518,2.620144713709568e-13,0.09142716031184397,0.0983588236292806,-5.731646851779564e-13,0.018042777343415705,-3.08585368465796e-10,0.01768187117121233,1.6663683364975382e-09,0.1,-0.0,1
25,114,world,1.1400000000000001,0.10325310529493392,0.5569400970237145,1.8243556308746345,-0.7531085389783733,-7.411641987681429e-12,0.9958198456554562,-6.798145931792519e-13,0.09133912085597995,0.09835040823908808,1.4885499551130079e-12,0.018088593068691525,-1.3929832927282524e-10,0.01768187939060568,7.529578683868656e-10,0.1,-0.0,1
25,115,world,1.1500000000000001,0.10425310529493381,0.5579235617591015,1.824355630874635,-0.7529274392849775,-4.771528475663589e-12,0.9958279170020136,-4.3723129499913904e-13,0.09125108064801653,0.0983426485294489,9.583037251238416e-13,0.018130733030224767,7.816716303222023e-10,0.017681886504360398,-4.229398519064681e-09,0.1,-0.0,1
25,116,world,1.16,0.1052531052949337,0.5589069521955413,1.8243556308746345,-0.7527459365666328,3.5419399500767395e-11,0.9958359805679466,3.2424417129312215e-12,0.09116303969414608,0.09833554917479458,-7.1135005975368475e-12,0.01816919834476903,5.080705573097495e-10,0.017681892512468624,-2.751744927265693e-09,0.1,-0.0,1
25,117,world,1.17,0.10625310529493404,0.5598902749580599,1.824355630874635,-0.7525640675635659,2.3094658207355008e-11,0.99584403635268,2.112123860039462e-12,0.09107499800056117,0.0983291144444544,-4.638206861066717e-12,0.018203990017833797,-3.252614314079212e-10,0.0176818974149388,1.7633844253221779e-09,0.1,-0.0,1
25,118,world,1.18,0.10725310529493393,0.560873536712653,1.8243556308746347,-0.7523818690081346,1.7563037574422607e-11,0.9958520843556408,1.6046633276395485e-12,0.09098695557345458,0.09832334818953582,-3.5272358642590204e-12,0.018235109015284297,-1.0579048630629114e-09,0.017681901211765362,5.741055291368355e-09,0.1,-0.0,1
25,119,world,1.19,0.10825310529493382,0.5618567441616519,1.8243556308746345,-0.7521993776227645,-3.504041196276333e-11,0.9958601245762577,-3.1983762172271613e-12,0.09089891241901937,0.09831825385529812,7.03720650009351e-12,0.018262556196906223,-7.625379384690258e-10,0.017681903902938508,4.1422628671979545e-09,0.1,-0.0,1
25,120,world,1.2,0.10925310529493393,0.5628399040396388,1.824355630874635,-0.7520166301208911,-2.4381299904325158e-11,0.9958681570139617,-2.223273236458175e-12,0.09081086854344862,0.09831383447825293,4.8964814676867365e-12,0.01828633233272022,8.712108186901068e-10,0.017681905488468846,-4.737300603180772e-09,0.1,-0.0,1
25,121,world,1.21,0.11025310529493382,0.5638230231098031,1.8243556308746345,-0.7518336632102477,1.2927831648645323e-11,0.9958761816681855,1.1777060405125954e-12,0.09072282395293575,0.09831009268352194,-2.596265365686127e-12,0.018306438117704063,4.4239164283915763e-10,0.01768190596835304,-2.40794455623432e-09,0.1,-0.0,1
25,122,world,1.22,0.11125310529493393,0.5648061081593654,1.8243556308746345,-0.7516505135910947,0.0,0.995884198538364,0.0,0.09063477865367423,0.09830703069093157,-0.0,0.018322874139507752,-9.596673039457657e-11,0.01768190534258415,5.228685908092464e-10,0.1,-0.0,1
25,123,world,1.23,0.11225310529493382,0.5657891659956912,1.8243556308746343,-0.751467217958225,7.633852229841826e-12,0.9958922076239342,6.940714784870507e-13,0.09054673265185789,0.09830465031193192,-1.533060803572648e-12,0.018335640895501472,7.081664383494165e-11,0.017681903611164142,-3.862245587836867e-10,0.1,-0.0,1
25,124,world,1.24,0.11325310529493371,0.5667722034423317,1.8243556308746345,-0.7512838130024925,3.910533839813457e-12,0.9959002089243346,3.55197990076737e-13,0.09045868595368058,0.09830295294827686,-7.853220954375857e-13,0.01834473880023554,-1.381107586425003e-10,0.017681900774099025,7.539892408474142e-10,0.1,-0.0,1
25,125,world,1.25,0.11425310529493404,0.5677552273347346,1.8243556308746345,-0.7511003354106518,0.0,0.9959082024390066,0.0,0.09037063856533635,0.09830193959757905,-0.0,0.018350168156012203,-7.068005572738517e-11,0.01768189683138753,3.86249578089093e-10,0.1,-0.0,1
25,126,world,1.26,0.11525310529493393,0.568738244516312,1.8243556308746345,-0.7509168218670269,0.0,0.9959161881673928,0.0,0.09028259049301954,0.09830161084832834,-0.0,0.01835192917989329,-0.0,0.017681891783031038,-0.0,0.1,-0.0,1
25,127,world,1.27,0.11625310529493382,0.5697212618343391,1.8243556308746345,-0.7507333090543206,0.0,0.9959241661089382,0.0,0.09019454174292456,0.09830196688388036,-0.0,0.01835002198256155,1.661428745118922e-10,0.017681885629028057,-9.097479054852656e-10,0.1,-0.0,1
25,128,world,1.28,0.11725310529493393,0.5707042861358697,1.824355630874634,-0.750549833654529,9.210324705277137e-12,0.9959321362630896,8.332998023803139e-13,0.09010649232124598,0.09830300747826838,-1.8495737856935728e-12,0.018344446590930732,3.2116968125307447e-10,0.01768187836938783,-1.7603888090833145e-09,0.1,-0.0,1
25,129,world,1.29,0.11825310529493382,0.5716873242637006,1.8243556308746347,-0.7503664323500354,1.782181499649535e-11,0.9959400986292961,1.610831842174251e-12,0.0900184422341786,0.09830473200197803,-3.578862661179618e-12,0.018335202917319406,-1.6582114310354892e-10,0.01768187000410979,9.098066029578587e-10,0.1,-0.0,1
25,130,world,1.3,0.11925310529493394,0.5726703830522339,1.8243556308746343,-0.7501831418242354,0.0,0.9959480532070083,0.0,0.08993039148791732,0.09830713941639216,-0.0,0.018322290789255513,-2.0061082097298006e-10,0.01768186053319253,1.1017906040245163e-09,0.1,-0.0,1
25,131,world,1.31,0.12025310529493383,0.5736534693235311,1.8243556308746345,-0.7499999987631707,6.668338436652598e-12,0.9959559999956796,6.015317239462454e-13,0.08984234008865728,0.09831022827622314,-1.339071307812199e-12,0.01830570993643508,-2.5552272804851134e-10,0.041659721895001424,1.4067016664837581e-09,0.1,-0.0,1
25,132,world,1.32,0.12125310529493372,0.5746365898830895,1.8243556308746345,-0.7498170398556653,-1.4239810039554385e-11,0.9959854315319118,-1.2798212827450224e-12,0.0895154745068787,0.09831399673095802,2.8594109371118035e-12,0.01828545998287105,1.9812034023662409e-10,0.06894365723831834,-1.09348646399292e-09,0.1,-0.0,1
25,133,world,1.33,0.12225310529493405,0.5756197515159556,1.8243556308746343,-0.7496343017952404,1.773739069005987e-11,0.9960177038854966,1.5877116944591457e-12,0.08915567030011742,0.09831844251803828,-3.5616154554124727e-12,0.018261540483409448,2.7791413844263657e-10,0.07225020646525655,-1.5399441836333532e-09,0.1,-0.0,1
25,134,world,1.34,0.12325310529493394,0.5766029609824085,1.8243556308746347,-0.7494518212798024,1.345663530084106e-12,0.99604984668465,1.1996320960045103e-13,0.08879584967488828,0.09832356297185968,-2.701958920356165e-13,0.018233950875187383,-3.150115206250124e-10,0.07225112927268026,1.7527483740913786e-09,0.1,-0.0,1
25,135,world,1.35,0.12425310529493383,0.5775862250140612,1.8243556308746345,-0.7492696350134953,0.0,0.9960818598866461,0.0,0.0884360130532803,0.09832935501600887,-0.0,0.018202690519142802,-6.8649182157091e-11,0.07225197666300705,3.835609047712179e-10,0.1,-0.0,1
25,136,world,1.36,0.12525310529493394,0.5785695503097259,1.8243556308746343,-0.7490877797073136,-2.5356652361763914e-12,0.9961137434493162,-2.2420296948097807e-13,0.08807616085746346,0.0983358151648095,5.09101445930633e-13,0.018167758691495835,2.956962921530217e-10,0.072252748630933,-1.6590434757837091e-09,0.1,-0.0,1
25,137,world,1.37,0.12625310529493383,0.5795529435313571,1.8243556308746345,-0.7489062920801715,1.67869316608492e-11,0.9961454973310488,1.4781850930765588e-12,0.08771629350968616,0.09834293952435691,-3.370303133778086e-12,0.01812915457788036,3.5570281839112536e-10,0.07225344517161787,-2.0040994293786934e-09,0.1,-0.0,1
25,138,world,1.3800000000000001,0.12725310529493394,0.5805364112999571,1.8243556308746345,-0.7487252088597459,1.7740570902042873e-11,0.9961771214907899,1.5556998623327377e-12,0.08735641143227169,0.09835072379143192,-3.5616446200485247e-12,0.018086877278885624,-2.591026904239204e-10,0.0722540662806943,1.4659905043101114e-09,0.1,-0.0,1
25,139,world,1.3900000000000001,0.12825310529493383,0.5815199601912647,1.8243556308746345,-0.7485445667820989,1.9573229416781487e-12,0.9962086158880428,1.7092832970226395e-13,0.08699651504761616,0.09835916325041222,-3.929442745299583e-13,0.018040925826541213,-4.2008135873109767e-10,0.0722546119542776,2.3868613233222537e-09,0.1,-0.0,1
25,140,world,1.4000000000000001,0.12925310529493372,0.5825035967319007,1.8243556308746343,-0.7483644025938981,-6.4026419879706236e-12,0.9962399804828698,-5.567967300199727e-13,0.08663660477818494,0.09836825277550922,1.2853261190481705e-12,0.01799129917191986,-3.391623314065246e-11,0.07225508218895058,1.9352775451260872e-10,0.1,-0.0,1
25,141,world,1.41,0.13025310529493384,0.5834873273951704,1.8243556308746345,-0.7481847530526283,0.0,0.9962712152358909,0.0,0.08627668104651016,0.09837798682656015,-0.0,0.01793799620785889,4.242451037326951e-10,0.07225547698176354,-2.431093931282195e-09,0.1,-0.0,1
25,142,world,1.42,0.13125310529493395,0.5844711585969468,1.8243556308746343,-0.7480056549274157,1.8184036488208624e-11,0.9963023201082852,1.5681115875332954e-12,0.08591674427518803,0.09838835945388408,-3.650195860101722e-12,0.017881015742213926,1.730339077002493e-10,0.0722557963302388,-9.95801597954004e-10,0.1,-0.0,1
25,143,world,1.43,0.13225310529493384,0.5854550966916617,1.824355630874635,-0.7478271450002637,1.0070171717667579e-11,0.9963332950617906,8.647423712470328e-13,0.08555679488687579,0.09839936429200227,-2.021384306958377e-12,0.017820356532062705,-6.424617112308753e-11,0.07225604023238016,3.7132403912099567e-10,0.1,-0.0,1
25,144,world,1.44,0.13325310529493395,0.5864391479676958,1.8243556308746343,-0.7476492600641109,1.4430456887851308e-11,0.9963641400587043,1.233915574186115e-12,0.08519683330428858,0.09841099456027289,-2.8965325629663205e-12,0.01775601728028955,-1.7159467466655658e-10,0.07225620868666359,9.960506128354493e-10,0.1,-0.0,1
25,145,world,1.45,0.13425310529493384,0.5874233186437103,1.8243556308746345,-0.7474720369260509,0.0,0.996394855061883,0.0,0.08483685995019724,0.09842324306245849,-0.0,0.017687996638065508,5.62314703523599e-11,0.07225630169202878,-3.2782076792138247e-10,0.1,-0.0,1
25,146,world,1.46,0.13525310529493395,0.5884076148643265,1.8243556308746347,-0.7472955124069128,1.774554042138799e-11,0.996425440034743,1.504465606903269e-12,0.08447687524742474,0.09843610218549328,-3.5617280548380187e-12,0.017616293211885552,1.66801958125933e-11,0.0722563192478957,-9.766642515072687e-11,0.1,-0.0,1
25,147,world,1.47,0.13625310529493384,0.5893920426959502,1.8243556308746347,-0.7471197233416861,9.872941037750096e-13,0.9964558949412609,8.334347731520275e-14,0.08411687961884406,0.09844956390015125,-1.9815495906094173e-13,0.01754090556014824,-5.49605382150211e-10,0.07225626135415018,3.2321388847539786e-09,0.1,-0.0,1
25,148,world,1.48,0.13725310529493373,0.5903766081228119,1.8243556308746345,-0.7469447065811292,-1.492351785569312e-11,0.9964862197459732,-1.2543547238862026e-12,0.08375687348737469,0.09846361975787958,2.9951368457050794e-12,0.017461832211303218,-2.7265105771179743e-11,0.07225612801115817,1.6104563074700153e-10,0.1,-0.0,1
25,149,world,1.49,0.13825310529493384,0.5913613170421673,1.8243556308746347,-0.7467704989886533,-6.403290288802932e-13,0.9965164144139773,-5.358810738968167e-14,0.08339685727598006,0.09847826088731976,1.2850969365483043e-13,0.017379071684327344,3.692427743786404e-10,0.07225591921975588,-2.190606580298071e-09,0.1,-0.0,1
25,150,world,1.5,0.13925310529493395,0.5923461752606025,1.8243556308746347,-0.746597137443418,7.213936673115611e-12,0.9965464789109313,6.010983491364186e-13,0.08303683140766485,0.09849347799944069,-1.4477462012890778e-12,0.017292622460855805,-1.5635543683770694e-10,0.07225563498124997,9.317168719541653e-10,0.1,-0.0,1
25,151,world,1.51,0.14025310529493384,0.5933311884897388,1.8243556308746343,-0.7464246588399907,-1.0055473848288873e-11,0.9965764132030537,-8.342103546660899e-13,0.08267679630547194,0.09850926138366727,2.0179491868294464e-12,0.017202483008110295,1.7418523209031707e-10,0.07225527529742051,-1.042578899247112e-09,0.1,-0.0,1
25,152,world,1.52,0.14125310529493396,0.5943163623419578,1.824355630874635,-0.7462531000882218,1.7748789406393798e-11,0.9966062172571247,1.465997981483026e-12,0.08231675239247936,0.09852560090242433,-3.5617559245267812e-12,0.0171086518117648,-4.1885567114702787e-10,0.07225484017052508,2.518237763807885e-09,0.1,-0.0,1
25,153,world,1.53,0.14225310529493385,0.5953017023263224,1.824355630874635,-0.7460824981140948,-3.549853179944576e-11,0.9966358910404859,-2.919162906474281e-12,0.08195670009179798,0.09854248600041314,7.1235042737794576e-12,0.017011127324736097,-9.762171432265047e-10,0.07225432960328101,5.895513959366786e-09,0.1,-0.0,1
25,154,world,1.54,0.14325310529493396,0.5962872138440637,1.8243556308746345,-0.7459128898581511,-4.1808799704357766e-11,0.99666543452104,-3.42287135973269e-12,0.08159663982656805,0.09855990569123066,8.389556611670905e-12,0.016909908046341356,4.908488414747805e-10,0.07225374359889401,-2.9776535779461694e-09,0.1,-0.0,1
25,155,world,1.55,0.14425310529493385,0.59727290218426,1.824355630874635,-0.7457443122748723,-5.421986573126941e-12,0.9966948476672519,-4.4192422963755035e-13,0.08123657201995688,0.09857784856525437,1.0879723955113575e-12,0.01680499247978944,3.909104244673133e-10,0.07225308216103171,-2.3821172311576028e-09,0.1,-0.0,1
25,156,world,1.56,0.14525310529493374,0.5982587725199058,1.8243556308746347,-0.7455768023344439,-1.775055519071379e-11,0.9967241304481483,-1.440321029123359e-12,0.08087649709515556,0.09859630278537378,3.561718647405379e-12,0.016696379160012376,4.149085818699596e-11,0.07225234529384171,-2.539838892041397e-10,0.1,-0.0,1
25,157,world,1.57,0.14625310529493385,0.5992448299034856,1.8243556308746345,-0.7454103970215048,-2.8571545931621127e-12,0.9967532828333181,-2.307971794650109e-13,0.0805164154753762,0.09861525608473311,5.732838682349947e-13,0.01658406667082928,8.399146840859879e-10,0.07225153300193496,-5.164939832883365e-09,0.1,-0.0,1
25,158,world,1.58,0.14725310529493396,0.6002310792627404,1.8243556308746347,-0.7452451333350636,3.440789946293616e-11,0.9967823047929125,2.766913946567562e-12,0.08015632758384944,0.09863469577152936,-6.903709642271468e-12,0.016468053620809272,-3.952058961971051e-10,0.07225064529040542,2.441396924999653e-09,0.1,-0.0,1
25,159,world,1.59,0.14825310529493385,0.6012175253965324,1.8243556308746345,-0.7450810482888556,-2.7510228073283433e-11,0.996811196297645,-2.2022350878341197e-12,0.07979623384382116,0.0986546087212467,5.519591831569976e-12,0.016348338694121646,-8.763669312511131e-10,0.0722496821648079,5.438692001005273e-09,0.1,-0.0,1
25,160,world,1.6,0.14925310529493396,0.6022041729697639,1.8243556308746347,-0.744918178906086,-2.0504488680087462e-11,0.9968399573187922,-1.6339607098888903e-12,0.07943613467854967,0.0986749813785628,4.113866062515881e-12,0.016224920645115194,5.15602859567257e-10,0.08799893809565251,-3.2178341020404225e-09,0.1,-0.0,1
25,161,world,1.61,0.15025310529493385,0.6031910262808617,1.8243556308746347,-0.7447565608213319,4.975002713217651e-12,0.9968810301710498,3.938507461897195e-13,0.07891901979311897,0.09869569510934319,-9.981068497934574e-13,0.01609843988974002,3.598398661734714e-10,0.11201556412998706,-2.259652455639904e-09,0.1,-0.0,1
25,162,world,1.62,0.15125310529493396,0.6041780867381085,1.824355630874635,-0.7445962127157681,2.304650578714586e-12,0.996928312742832,1.810551547687129e-13,0.07831946917421134,0.09871638779605514,-4.623473186492896e-13,0.015971060719277775,-3.847556148951614e-10,0.12028243381788156,2.43366324300122e-09,0.1,-0.0,1
25,163,world,1.6300000000000001,0.15225310529493385,0.6051653538609126,1.824355630874635,-0.7444371420147287,-1.9588893796882254e-11,0.9969752347290468,-1.5270656908383735e-12,0.07771989022741918,0.09873702776402149,3.929640959813897e-12,0.015842958951119247,5.7899381849161864e-11,0.12028243381788382,-3.691040621809115e-10,0.1,-0.0,1
25,164,world,1.6400000000000001,0.15325310529493374,0.6061528271089893,1.8243556308746347,-0.7442793559491164,6.029915178699796e-12,0.9970217961127227,4.664178535345381e-13,0.07712028316960806,0.09875761238021502,-1.209578430248037e-12,0.01571413366874556,6.189381487788076e-10,0.12028243381788017,-3.976921799122998e-09,0.1,-0.0,1
25,165,world,1.6500000000000001,0.15425310529493386,0.607140505915315,1.8243556308746347,-0.7441228617570242,2.0539237397276027e-11,0.9970679968770185,1.5762974686366262e-12,0.07652064821765368,0.09877813899268624,-4.1199047854216326e-12,0.015584583957923257,-5.376223736269472e-10,0.12028243381788017,3.4819935485763343e-09,0.1,-0.0,1
25,166,world,1.6600000000000001,0.15525310529493375,0.6081283896865153,1.8243556308746347,-0.7439676666872697,-2.910037020901899e-11,0.9971138370052236,-2.215723727085024e-12,0.07592098558844218,0.09879860493095051,5.836890893002246e-12,0.015454308903925865,2.104093202611349e-10,0.12028243381788156,-1.3737027654027957e-09,0.1,-0.0,1
25,167,world,1.67,0.15625310529493386,0.60911647780252,1.8243556308746347,-0.7438137779985,3.4398872428120115e-11,0.9971593164807578,2.5983487213763986e-12,0.07532129549886925,0.09881900750162707,-6.899341251970008e-12,0.015323307619224145,8.297924227318935e-10,0.12028243381787654,-5.461365004629952e-09,0.1,-0.0,1
25,168,world,1.68,0.15725310529493397,0.6101047696163527,1.8243556308746351,-0.7436612029590537,2.5982985169465973e-11,0.9972044352871713,1.946932432929897e-12,0.07472157816584088,0.09883934399422083,-5.211142910790725e-12,0.015191579206655466,-7.226814371439754e-10,0.12028243381788017,4.795233738641692e-09,0.1,-0.0,1
25,169,world,1.69,0.15825310529493386,0.6110932644532254,1.8243556308746345,-0.7435099488422744,-1.3958468430933793e-11,0.9972491934081448,-1.0374811873167773e-12,0.07412183380627285,0.09885961167745144,2.799383410003913e-12,0.015059122782669215,-3.3274902778587173e-10,0.12028243381788434,2.2260682267719956e-09,0.1,-0.0,1
25,170,world,1.7,0.15925310529493397,0.6120819616112931,1.824355630874635,-0.7433600229325501,3.5382271886115506e-12,0.9972935908274894,2.608437107968472e-13,0.07352206263709046,0.09887980779689376,-7.095633361586967e-13,0.014925937493147535,2.0526026530839401e-10,0.12028243381788156,-1.3845653649520366e-09,0.1,-0.0,1
25,171,world,1.71,0.16025310529493386,0.6130708603611849,1.824355630874635,-0.7432114325235564,0.0,0.9973376275291467,0.0,0.07292226487522914,0.09889992958296359,-0.0,0.014792022460936317,-2.3846950889901435e-11,0.12028243381787967,1.6220226462969898e-10,0.1,-0.0,1
25,172,world,1.72,0.16125310529493375,0.6140599599459007,1.8243556308746351,-0.743064184918869,1.9033732129605668e-12,0.9973813034971888,1.3801802371195914e-13,0.07232244073763355,0.09891997424123913,-3.8167309307890853e-13,0.014657376849647706,2.3288152527312046e-10,0.12028243381788158,-1.597363028780923e-09,0.1,-0.0,1
25,173,world,1.73,0.16225310529493386,0.6150492595797349,1.8243556308746351,-0.7429182874259175,1.6100921134543618e-11,0.9974246187158183,1.1577815010688898e-12,0.07172259044125791,0.09893993895967738,-3.2284912629500574e-12,0.014521999815979784,-1.3129477151618044e-10,0.12028243381788156,9.082180060014683e-10,0.1,-0.0,1
25,174,world,1.74,0.16325310529493375,0.6160387584491374,1.8243556308746347,-0.7427737473630396,-7.249812115546135e-12,0.9974675731693683,-5.169354162376992e-13,0.07112271420306629,0.09895982090488042,1.453640779003565e-12,0.014385890534617385,-2.6313387904209493e-10,0.12028243381788017,1.8357924628671514e-09,0.1,-0.0,1
25,175,world,1.75,0.16425310529493387,0.6170284557122094,1.8243556308746356,-0.7426305720573763,-2.397065852090716e-12,0.9975101668423021,-1.6946977648269924e-13,0.0705228122400316,0.09897961722301225,4.806090176331533e-13,0.014249048192282093,-1.4825102530357619e-10,0.12028243381787931,1.04322798774228e-09,0.1,-0.0,1
25,176,world,1.76,0.16525310529493398,0.618018350498634,1.824355630874635,-0.7424887688456849,-1.776172716381849e-11,0.9975523997192138,-1.2449984603576708e-12,0.06992288476913648,0.09899932504035121,3.5610567726263834e-12,0.014111471983988481,-2.1486734624760027e-10,0.12028243381788158,1.5251682510420593e-09,0.1,-0.0,1
25,177,world,1.77,0.16625310529493387,0.6190084419085476,1.824355630874635,-0.7423483450678273,-1.776250311611106e-11,0.997594271784828,-1.2343182299913049e-12,0.06932293200737275,0.09901894146102497,3.561063926611896e-12,0.013973161129039964,5.962524513781068e-10,0.12028243381788295,-4.269479889631159e-09,0.1,-0.0,1
25,178,world,1.78,0.16725310529493398,0.619998729013436,1.8243556308746354,-0.7422093080741914,2.524399380948463e-11,0.9976357830239996,1.7389530921017422e-12,0.06872295417174104,0.09903846357007588,-5.060759664631259e-12,0.013834114849846858,4.70733341007593e-10,0.12028243381788295,-3.400551984144143e-09,0.1,-0.0,1
25,179,world,1.79,0.16825310529493387,0.6209892108555899,1.824355630874635,-0.742071665223338,1.648605476357368e-11,0.9976769334217143,1.1256937703184253e-12,0.06812295147925154,0.09905788843239637,-3.304886697546265e-12,0.013694332379306291,-4.801650548338621e-10,0.12028243381788105,3.4996728782030773e-09,0.1,-0.0,1
25,180,world,1.8,0.16925310529493376,0.621979886448102,1.824355630874635,-0.7419354238832627,-9.997896831150837e-12,0.9977177229630878,-6.766314898703432e-13,0.06752292414692307,0.09907721309062471,2.004152745447037e-12,0.013553812976242034,-6.008847759672278e-10,0.12028243381788017,4.418999102063252e-09,0.1,-0.0,1
25,181,world,1.81,0.17025310529493387,0.6229707547736629,1.8243556308746351,-0.7418005914241171,-2.8009267595033164e-11,0.9977581516333671,-1.878672339565609e-12,0.0669228723917833,0.09909643456753461,5.614439281532321e-12,0.013412555908637753,-4.884977903797276e-11,0.12028243381788156,3.625142634113985e-10,0.1,-0.0,1
25,182,world,1.82,0.17125310529493376,0.623961814785491,1.824355630874635,-0.74166717522615,-1.3648556440846217e-11,0.997798219417929,-9.072079031465213e-13,0.06632279643086918,0.09911554986534904,2.7357346032952956e-12,0.013270560458756492,3.715456000235194e-10,0.12028243381788295,-2.7825244791843024e-09,0.1,-0.0,1
25,183,world,1.83,0.17225310529493387,0.6249530654067457,1.824355630874635,-0.7415351826768272,0.0,0.9978379263022812,0.0,0.06572269648122583,0.09913455596513067,-0.0,0.013127825928019308,2.3748322602713693e-10,0.12028243381788346,-1.7949791884223679e-09,0.1,-0.0,1
25,184,world,1.84,0.17325310529493398,0.6259445055306749,1.824355630874635,-0.741404621173502,4.418133761799379e-12,0.9978772722720618,2.8833228830903767e-13,0.06512257275990757,0.09915344982783181,-8.855064343822354e-13,0.012984351629544026,4.75683734785365e-10,0.12028243381787879,-3.6289440482458644e-09,0.1,-0.0,1
25,185,world,1.85,0.17425310529493387,0.6269361340191955,1.824355630874635,-0.7412754981139938,3.65236034079333e-11,0.9979162573130396,2.3615122632033295e-12,0.0645224254839772,0.09917222839291193,-7.319973100909135e-12,0.012840136898963196,3.3774712987812945e-10,0.1202824338178802,-2.600912190375063e-09,0.1,-0.0,1
25,186,world,1.86,0.175253105294934,0.627927949703955,1.824355630874635,-0.7411478209059202,3.059233230733715e-11,0.9979548814111138,1.959538351140362e-12,0.06392225487050564,0.09919088858024468,-6.131003852344277e-12,0.01269518108029526,-3.305622089309559e-11,0.12028243381788298,2.5697834613985653e-10,0.1,-0.0,1
25,187,world,1.87,0.17625310529493388,0.6289199513856818,1.8243556308746347,-0.7410215969633176,3.3940660724859516e-11,0.9979931445523141,2.1535143855114646e-12,0.06332206113657284,0.09920942728750387,-6.8017795700011665e-12,0.01254948354656409,6.265936422017493e-11,0.12028243381787965,-4.91786475178413e-10,0.1,-0.0,1
25,188,world,1.8800000000000001,0.17725310529493377,0.6299121378343226,1.824355630874635,-0.7408968337091152,3.554252637748322e-11,0.9980310467228011,2.2336908454700246e-12,0.06272184449926672,0.09922784139293919,-7.1225242824136025e-12,0.012403043678779225,-7.243280453660153e-11,0.1202824338178795,5.7399996227806e-10,0.1,-0.0,1
25,189,world,1.8900000000000001,0.17825310529493388,0.6309045077879054,1.824355630874635,-0.740773538567622,2.816888164564505e-11,0.9980685879088654,1.7532824547636208e-12,0.0621216051756834,0.09924612775346814,-5.64467254843819e-12,0.01225586088132054,-2.208007755750698e-10,0.12028243381788364,1.766861769206897e-09,0.1,-0.0,1
25,190,world,1.9000000000000001,0.17925310529493377,0.6318970599530965,1.824355630874635,-0.7406517189703863,1.7772872360317665e-11,0.9981057680969286,1.0954860880774546e-12,0.06152134338292769,0.09926428320462505,-3.56131502738596e-12,0.012107934583239062,6.134205669661841e-11,0.12028243381788087,-4.957080305817947e-10,0.1,-0.0,1
25,191,world,1.9100000000000001,0.18025310529493388,0.6328897930049121,1.824355630874635,-0.7405313823552612,3.315658176783026e-11,0.998142587273543,2.0236929183078547e-12,0.06092105933811199,0.09928230456254104,-6.643642567857495e-12,0.011959264222804203,-3.9543720738517394e-10,0.12028243381788001,3.227392748608023e-09,0.1,-0.0,1
25,192,world,1.92,0.181253105294934,0.6338827055865589,1.824355630874635,-0.7404125361668354,-1.468188645849966e-11,0.9981790454253908,-8.872380706538965e-13,0.06032075325835708,0.09930018862167357,2.9417260016871055e-12,0.011809849266610092,-4.656247064183378e-10,0.12028243381788156,3.838475900219185e-09,0.1,-0.0,1
25,193,world,1.93,0.18225310529493388,0.6348757963090199,1.8243556308746351,-0.7402951878543682,-5.438124929948055e-12,0.9982151425392856,-3.253478334895549e-13,0.05972042536079177,0.09931793215697514,1.089565889018986e-12,0.011659689192362085,2.6039287983397045e-10,0.10933942247671667,-2.1664158478378078e-09,0.1,-0.0,1
25,194,world,1.94,0.183253105294934,0.635869063400289,1.8243556308746351,-0.7401793418533592,7.098927853267929e-12,0.9982444031085752,4.2120409300867563e-13,0.059229314215213075,0.09933538970059104,-1.4222753692388434e-12,0.011510010991815464,-1.461302882826308e-10,0.09449606915938392,1.2266892946583507e-09,0.1,-0.0,1
25,195,world,1.95,0.18425310529493388,0.6368625019172194,1.824355630874635,-0.740064975193284,-1.7770696028407678e-11,0.9982711303069117,-1.0463193674845617e-12,0.05877712476602519,0.09935220502017002,3.5602696372651012e-12,0.01136394991321695,-2.423164991962893e-10,0.09059673336085142,2.05061913522859e-09,0.1,-0.0,1
25,196,world,1.96,0.18525310529493377,0.6378561053543073,1.8243556308746351,-0.7399520502672521,-1.3514403790271404e-11,0.9982976532572057,-7.895705510316424e-13,0.058324913211732415,0.09936837642348334,2.7074652479353116e-12,0.01122166507078692,-2.3724925041296084e-11,0.09059867138512147,2.0234658420334744e-10,0.1,-0.0,1
25,197,world,1.97,0.18625310529493389,0.6388498673535341,1.8243556308746351,-0.7398405292960919,-1.980554877033738e-11,0.9983239718973469,-1.1481244827612779e-12,0.05787268038639157,0.09938392012322633,3.967715064021746e-12,0.011083159339293602,1.5642708796277465e-10,0.09060046073819993,-1.3446770549840314e-09,0.1,-0.0,1
25,198,world,1.98,0.18725310529493377,0.6398437817170958,1.8243556308746347,-0.7397303744741827,0.0,0.9983500861666059,0.0,0.057420427124243806,0.09939885191835243,-0.0,0.010948435381982464,6.239876792069563e-11,0.09060210140246856,-5.406590248880429e-10,0.1,-0.0,1
25,199,world,1.99,0.1882531052949339,0.6408378424034886,1.824355630874635,-0.7396215479738197,-1.4372941118354434e-11,0.9983759960056344,-8.201318241544075e-13,0.05696815425970514,0.0994131871916712,2.879218836260778e-12,0.010817495661831435,-3.020251512710119e-10,0.09060359336176148,2.637902754768989e-09,0.1,-0.0,1
25,200,world,2.0,0.189253105294934,0.6418320435225714,1.824355630874635,-0.7395140119403326,-2.650892493024489e-11,0.9984017013564659,-1.5005731237448794e-12,0.05651586262735832,0.09942694091026207,5.310177315402576e-12,0.010690342427969991,1.973670826885649e-10,0.09060493660139146,-1.7377442814835537e-09,0.1,-0.0,1
25,201,world,2.0100000000000002,0.1902531052949339,0.6428263793317192,1.8243556308746351,-0.7394077284967933,3.0879774746805727e-12,0.9984272021625166,1.73395705396317e-13,0.05606355306194356,0.0994401276199873,-6.185560302871569e-13,0.010566977757175345,1.268236302884185e-10,0.09060613110812221,-1.12573063726793e-09,0.1,-0.0,1
25,202,world,2.02,0.191253105294934,0.6438208442320051,1.824355630874635,-0.7393026597497063,-1.5199285903872703e-11,0.9984524983685862,-8.465609839973362e-13,0.055611226398349645,0.09945276144560843,3.0445020468826614e-12,0.010447403545518059,1.633426011017237e-10,0.09060717687018642,-1.461790255211552e-09,0.1,-0.0,1
25,203,world,2.0300000000000002,0.1922531052949339,0.6448154327634732,1.824355630874635,-0.7391987677859215,1.7774618518966926e-11,0.9984775899208584,9.81923001113775e-13,0.05515888347160553,0.09946485608728423,-3.5602599187549847e-12,0.010331621534678882,-3.3646175808344685e-10,0.09060807387728392,3.0359959289813355e-09,0.1,-0.0,1
25,204,world,2.04,0.193253105294934,0.6458101396008133,1.824355630874635,-0.7390960146734683,-4.5700130257173424e-11,0.9985024767669017,-2.5038448896526583e-12,0.054706525116870894,0.09947642482096229,9.153503740348866e-12,0.010219633302591685,-3.889636087913999e-10,0.0906088221205788,3.5390229983205952e-09,0.1,-0.0,1
25,205,world,2.05,0.1942531052949339,0.6468049595496664,1.824355630874635,-0.7389943624684064,-1.7775393728306255e-11,0.9985271588556701,-9.658114029789925e-13,0.05425415216942792,0.09948748049433556,3.560228342600093e-12,0.010111440297465194,6.05484643689529e-10,0.09060942159270154,-5.555408856287158e-09,0.1,-0.0,1
25,206,world,2.06,0.19525310529493378,0.6477998875419934,1.8243556308746351,-0.7388937732128565,1.0099746781394233e-11,0.9985516361375032,5.441723671767354e-13,0.053801765464671886,0.09949803552677788,-2.0228235760499726e-12,0.010007043834822033,2.3768566499114685e-10,0.09060987228773915,-2.199299612213518e-09,0.1,-0.0,1
25,207,world,2.07,0.1962531052949339,0.6487949186314711,1.8243556308746351,-0.7387942089331593,4.3132937005517664e-12,0.9985759085641274,2.304396507310108e-13,0.053349365838102535,0.0995081019082844,-8.638645561754528e-13,0.00990644510460187,-1.3982905581605188e-10,0.09061017420125635,1.3049019707957932e-09,0.1,-0.0,1
25,208,world,2.08,0.197253105294934,0.6497900479898324,1.824355630874635,-0.738695631647363,-3.0051129759337993e-12,0.998599976088656,-1.591841848945204e-13,0.052896954125315414,0.09951769119754778,6.018478901078012e-13,0.009809645187748892,1.875652077021998e-10,0.09061032733027838,-1.765480224784716e-09,0.1,-0.0,1
25,209,world,2.09,0.1982531052949339,0.6507852709022817,1.8243556308746345,-0.7385980033637516,2.204322334990854e-11,0.9986238386655902,1.157639612759307e-12,0.052444531161992845,0.09952681452023526,-4.414591962656865e-12,0.00971664507197259,1.7019770563479756e-10,0.09061033167329499,-1.6159427878976807e-09,0.1,-0.0,1
25,210,world,2.1,0.199253105294934,0.6517805827627712,1.824355630874635,-0.7385012860776213,1.3221575495791852e-11,0.9986474962508193,6.883484398800372e-13,0.051992097783894756,0.0995354825700916,-2.6478197711755072e-12,0.009627445639368465,-5.569600577516478e-10,0.09061018723026631,5.334456423299342e-09,0.1,-0.0,1
25,211,world,2.11,0.2002531052949339,0.6527759790702985,1.824355630874635,-0.738405441778762,-3.151897802770509e-11,0.9986709488016207,-1.626639134734354e-12,0.05153965482685048,0.09954370560683234,6.31200448292155e-12,0.009542047686964157,4.6957682148108277e-11,0.09060989400261339,-4.5373189749821564e-10,0.1,-0.0,1
25,212,world,2.12,0.201253105294934,0.6537714554243441,1.824355630874635,-0.7383104324500246,1.777778967464853e-11,0.9986941962766612,9.094050567625369e-13,0.05108720312674915,0.09955149345252717,-3.5601074637668267e-12,0.009460451964438095,4.105760032298944e-10,0.09060945199322423,-4.002635413347385e-09,0.1,-0.0,1
25,213,world,2.13,0.2022531052949339,0.6547670075201198,1.824355630874635,-0.7382162200638239,8.664322038093533e-12,0.9987172386359972,4.3927921457395624e-13,0.0506347435195316,0.09955885549751402,-1.7350432728708003e-12,0.009382659112699724,1.4302155651096514e-11,0.09060886120645334,-1.406849513567735e-10,0.1,-0.0,1
25,214,world,2.14,0.2032531052949338,0.6557626311448014,1.8243556308746347,-0.738122766589018,1.919092520064183e-11,0.9987400758410745,9.642592147371157e-13,0.050182276841180824,0.09956580069366754,-3.842927764589066e-12,0.009308669734654667,-1.6121545696158337e-10,0.09060812164812557,1.600224686211981e-09,0.1,-0.0,1
25,215,world,2.15,0.2042531052949339,0.6567583221729508,1.8243556308746351,-0.7380300339892789,-7.398632129244372e-12,0.9987627078547292,-3.6838832910661555e-13,0.049729803927713305,0.09957233755538675,1.4815234167609482e-12,0.009238484386311556,-4.137991928031747e-10,0.09060723332552433,4.145025059688286e-09,0.1,-0.0,1
25,216,world,2.16,0.2052531052949338,0.657754076561819,1.8243556308746351,-0.7379379842200692,-2.2413883576885523e-11,0.9987851346411882,-1.1058396856452035e-12,0.04927732561517064,0.09957847416156164,4.488127230622603e-12,0.009172103556720346,7.291861230066727e-11,0.09060619624739713,-7.371822702667646e-10,0.1,-0.0,1
25,217,world,2.17,0.2062531052949339,0.658749890347475,1.8243556308746351,-0.7378465792344915,0.0,0.998807356166069,0.0,0.04882484273960981,0.09958421815205071,-0.0,0.009109527707009511,-2.9311155286489425e-11,0.09060501042396395,2.9909198580104806e-10,0.1,-0.0,1
25,218,world,2.18,0.20725310529493401,0.6597457596402114,1.8243556308746351,-0.7377557809814423,-2.54166059586491e-11,0.9988293723963799,-1.2309020431370354e-12,0.04837235613709506,0.09958957672760832,5.089182570068202e-12,0.009050757273058199,9.20280640708607e-11,0.09060367586690331,-9.479044090549174e-10,0.1,-0.0,1
25,219,world,2.19,0.2082531052949339,0.6607416806199389,1.824355630874635,-0.7376655514034005,9.512670223125842e-12,0.998851183300521,4.563701741948386e-13,0.04791986664368879,0.09959455665193072,-1.9046902198676256e-12,0.00899579264464029,2.256893346178463e-10,0.09060219258936406,-2.3467426639100707e-09,0.1,-0.0,1
25,220,world,2.2,0.20925310529493402,0.6617376495321862,1.824355630874635,-0.7375758524410324,-1.8685877022211784e-12,0.998872788848284,-8.87970463809833e-14,0.04746737509544225,0.09959916424917505,3.74133810592476e-13,0.008944634194077043,-2.395089733994072e-10,0.09060056060595709,2.514345011963699e-09,0.1,-0.0,1
25,221,world,2.21,0.2102531052949339,0.662733662683515,1.8243556308746354,-0.737486646031283,-1.5716254040556033e-11,0.9988941890108521,-7.397158202426578e-13,0.04701488232838755,0.09960340540292828,3.1466915742179745e-12,0.008897282289548891,-1.8678967700763237e-10,0.09059877993275464,1.979902516255132e-09,0.1,-0.0,1
25,222,world,2.22,0.2112531052949338,0.6637297164369919,1.824355630874635,-0.7373978941059428,-2.1734036303958343e-11,0.9989153837608006,-1.0130874679246032e-12,0.04656238917852792,0.09960728555892612,4.351482840411852e-12,0.008853737266406125,1.4636040856853124e-10,0.09059685058729305,-1.566543173263132e-09,0.1,-0.0,1
25,223,world,2.23,0.2122531052949339,0.6647258072080791,1.8243556308746347,-0.7373095585950106,0.0,0.9989363730720967,0.0,0.04610989648182932,0.09961080972172244,-0.0,0.008813999465782216,3.9113713026286e-10,0.08373296382834715,-4.224658496419589e-09,0.1,-0.0,1
25,224,world,2.24,0.2132531052949338,0.6657219314627184,1.8243556308746351,-0.7372216014551046,2.064800449939093e-11,0.9989540216445155,9.451382463847364e-13,0.04572595149637476,0.09961398635356973,-4.133898250279411e-12,0.00877802499146727,1.4443618822398846e-10,0.050166534287119396,-1.569802155291206e-09,0.1,-0.0,1
25,225,world,2.25,0.2142531052949339,0.6667180862412757,1.8243556308746347,-0.7371339906813875,1.5747923430804245e-11,0.9989593791079397,7.189914411161258e-13,0.045608758942550134,0.09961694265795135,-3.152844121559445e-12,0.00874441167160118,-5.2816440812875285e-11,0.02346300505154422,5.772081853743256e-10,0.1,-0.0,1
25,226,world,2.2600000000000002,0.21525310529493402,0.6677142697846802,1.8243556308746354,-0.7370467075828159,1.48580305408333e-11,0.9989647228298876,6.766155557818537e-13,0.04549156560732858,0.09961973960155407,-2.9746644914635275e-12,0.008712489983842778,1.8573649717471257e-11,0.02346303453032122,-2.0350962804540205e-10,0.1,-0.0,1
25,227,world,2.27,0.2162531052949339,0.6687104805074916,1.824355630874635,-0.7369597352419234,1.778954140368312e-11,0.9989700528096456,8.080214800113605e-13,0.045374371505223714,0.0996223788022189,-3.561550150133475e-12,0.008682260177350574,-2.176774668876765e-10,0.023463061425802942,2.391268903148513e-09,0.1,-0.0,1
25,228,world,2.2800000000000002,0.21725310529493402,0.669706716840036,1.824355630874635,-0.7368730567389596,-9.128768551453306e-12,0.9989753690465061,-4.135660435064189e-13,0.045257176650749444,0.09962486179099878,1.8276124560122406e-12,0.008653722501004655,-2.6806276786284337e-10,0.023463085737973247,2.952443237003896e-09,0.1,-0.0,1
25,229,world,2.29,0.2182531052949339,0.6707029772274611,1.824355630874635,-0.7367866551510522,-1.1825924787515878e-11,0.9989806715397679,-5.343667161086982e-13,0.04513998105842013,0.09962719001447955,2.367579992212728e-12,0.008626877176521507,-3.424362170353981e-10,0.023463107466816707,3.781444833480537e-09,0.1,-0.0,1
25,230,world,2.3000000000000003,0.2192531052949338,0.6716992601289973,1.824355630874635,-0.7367005135536743,-4.705954443180325e-11,0.998985960288736,-2.120902418320872e-12,0.045022784742750475,0.09962936483405826,9.421389037158672e-12,0.008601724406310357,8.15136894038971e-11,0.023463126612315092,-9.024945001881513e-10,0.1,-0.0,1
25,231,world,2.31,0.22025310529493392,0.6726955640170469,1.8243556308746347,-0.7366146150203032,-2.773509041648311e-12,0.9989912352927217,-1.246718180871916e-13,0.04490558771825552,0.09963138752461535,5.552575982534954e-13,0.008578264388553367,1.1641730846875963e-10,0.023463143174456795,-1.2923210992497839e-09,0.1,-0.0,1
25,232,world,2.32,0.2212531052949338,0.673691887376357,1.8243556308746354,-0.736528942622657,-3.409752022819646e-11,0.9989964965510425,-1.5287070968387463e-12,0.04478838999945072,0.0996332592765651,6.826301410903475e-12,0.00855649729321268,-9.656636955422092e-11,0.023463157153235728,1.0747825298850113e-09,0.1,-0.0,1
25,233,world,2.33,0.22225310529493392,0.6746882287031455,1.8243556308746351,-0.7364434794308626,-1.3553885086131e-11,0.9990017440630222,-6.060732138024067e-13,0.04467119160085176,0.09963498119336568,2.7134650934564845e-12,0.008536423290680181,1.0345297979786221e-10,0.023463168548637506,-1.15446952846914e-09,0.1,-0.0,1
25,234,world,2.34,0.22325310529493403,0.6756845865042024,1.824355630874635,-0.7363582085129612,-2.2518433011777165e-11,0.9990069778279905,-1.0042833720064689e-12,0.044553992536974764,0.0996365542941659,4.508129832762377e-12,0.008518042520775194,-3.7753221309224195e-11,0.023463177360657436,4.2241685379016437e-10,0.1,-0.0,1
25,235,world,2.35,0.22425310529493392,0.6766809592960976,1.8243556308746351,-0.7362731129359235,-1.7790843428610255e-11,0.9990121978452841,-7.913497205308482e-13,0.04443679282233612,0.09963797951100443,3.561661393820011e-12,0.008501355125194055,2.4845387909943377e-11,0.02346318358928564,-2.7873002407966984e-10,0.1,-0.0,1
25,236,world,2.36,0.22525310529493403,0.6776773456043043,1.8243556308746354,-0.736188175765441,-1.9723066052300746e-11,0.9990174041142449,-8.749779995079518e-13,0.04431959247145252,0.09963925769105551,3.948465920613863e-12,0.008486361221126369,-3.107772491931975e-10,0.02346318723451985,3.495754656881106e-09,0.1,-0.0,1
25,237,world,2.37,0.22625310529493392,0.6786737439623343,1.8243556308746351,-0.736103380066079,-5.285214316441506e-11,0.9990225966342219,-2.338476758761073e-12,0.04420239149884097,0.09964038959561583,1.0580701701527371e-11,0.008473060912910557,1.4181575245842097e-10,0.023463188296361293,-1.5994585187474205e-09,0.1,-0.0,1
25,238,world,2.38,0.2272531052949338,0.6796701529108902,1.8243556308746351,-0.7360187089015331,-3.681549816901835e-12,0.9990277754045701,-1.6245977025885964e-13,0.04408518991901875,0.09964137589898364,7.370220478269572e-13,0.008461454305108654,2.1480665460050182e-10,0.02346318677480563,-2.4291596654536804e-09,0.1,-0.0,1
25,239,world,2.39,0.22825310529493392,0.6806665709969631,1.8243556308746351,-0.7359341453342035,-2.848988696966721e-11,0.9990329404246505,-1.2538555542013892e-12,0.043967987746503366,0.09964221719103518,5.703461046354802e-12,0.008451541472096978,6.05154479546625e-11,0.0234631826698558,-6.861790617375603e-10,0.1,-0.0,1
25,240,world,2.4,0.2292531052949338,0.6816629967730293,1.8243556308746351,-0.7358496724259731,3.200209868991335e-12,0.9990380916938308,1.4046683111821087e-13,0.04385078499581271,0.09964291397442773,-6.406549566399983e-13,0.008443322490867974,5.27732619176772e-10,0.023463175981511986,-5.999997936786771e-09,0.1,-0.0,1
25,241,world,2.41,0.23025310529493392,0.6826594287961631,1.8243556308746351,-0.7357652732380862,3.168380829472997e-11,0.9990432292114845,1.3869734337032596e-12,0.043733581681464795,0.09964346666703942,-6.342801240932061e-12,0.008436797412206038,1.2318310093600888e-10,0.023463166709779215,-1.404291728347286e-09,0.1,-0.0,1
25,242,world,2.42,0.23125310529493404,0.6836558656271854,1.8243556308746351,-0.7356809308312686,1.7283668651087853e-11,0.9990483529769916,7.545691054094066e-13,0.04361637781797799,0.09964387560012994,-3.4600124952211863e-12,0.008431966282299275,8.873072393499122e-11,0.023463154854665297,-1.0142671958622953e-09,0.1,-0.0,1
25,243,world,2.43,0.23225310529493393,0.6846523058298001,1.824355630874635,-0.7355966282658861,4.185590562699838e-11,0.9990534629897382,1.822422287658145e-12,0.04349917341987085,0.09964414101875418,-8.379083123467712e-12,0.008428829137824041,-2.0487501810165243e-10,0.02346314041617908,2.3482408143113496e-09,0.1,-0.0,1
25,244,world,2.44,0.23325310529493404,0.6856487479697274,1.8243556308746351,-0.7355123486019016,-6.265574804241943e-12,0.9990585592491167,-2.72069105745637e-13,0.0433819685016621,0.09964426308218466,1.2542921415751371e-12,0.008427386000912257,-6.01262788852123e-10,0.02346312339432524,6.910291483330801e-09,0.1,-0.0,1
25,245,world,2.45,0.23425310529493393,0.6866451906138521,1.8243556308746351,-0.7354280748991958,-2.744271800223076e-11,0.999063641754526,-1.1884154752085946e-12,0.04326476307787082,0.09964424186394215,5.4936746049805354e-12,0.008427636878757921,1.3072611131661409e-11,0.023463103789120268,-1.506523643541229e-10,0.1,-0.0,1
25,246,world,2.46,0.23525310529493382,0.6876416323293668,1.8243556308746351,-0.7353437902176189,-4.754861984660133e-12,0.9990687105053707,-2.0535192137245145e-13,0.043147557163016124,0.09964407735084443,9.518570877380948e-13,0.008429581774852899,2.48607646116545e-10,0.023463081600575766,-2.8728492317106386e-09,0.1,-0.0,1
25,247,world,2.47,0.23625310529493393,0.6886380716829061,1.8243556308746354,-0.7352594776170969,1.3661553154614292e-12,0.9990737655010623,5.884064266599185e-14,0.04303035077161741,0.09964376944457436,-2.7348399930743314e-13,0.008433220670450412,-2.4787678441811993e-10,0.023463056828703727,2.8722493620045927e-09,0.1,-0.0,1
25,248,world,2.48,0.23725310529493382,0.6896345072396787,1.8243556308746356,-0.7351751201576827,-3.355760721207328e-11,0.999078806741018,-1.4413902268024289e-12,0.0429131439181943,0.09964331796024718,6.717703477971436e-12,0.008438553541518958,-1.514043095280343e-10,0.023463029473520965,1.7592018319032044e-09,0.1,-0.0,1
25,249,world,2.49,0.23825310529493393,0.6906309375626234,1.8243556308746354,-0.7350907008997823,-1.6274704544718958e-11,0.9990838342246615,-6.971299107257031e-13,0.04279593661726649,0.099642722626749,3.257923873512834e-12,0.00844558035476341,3.616814024192374e-10,0.02346299953504847,-4.2140334578640595e-09,0.1,-0.0,1
25,250,world,2.5,0.23925310529493404,0.6916273612115421,1.824355630874635,-0.735006202904296,8.698779177773062e-12,0.9990888479514228,3.7159141442282565e-13,0.04267872888335388,0.09964198308774246,-1.741341987373068e-12,0.008454301055797014,2.7654286437599216e-10,0.010738867171223684,-3.2261309814949653e-09,0.1,-0.0,1
25,251,world,2.5100000000000002,0.24025310529493393,0.6926237769974664,1.8243556308746351,-0.7349216122381141,1.607532283907757e-11,0.9990884242625601,6.868598921893111e-13,0.04268864608481779,0.09964117757416692,-3.217997307391216e-12,0.008463789436968395,7.74419533539974e-11,-0.002331402991606177,-9.045374824448997e-10,0.1,-0.0,1
25,252,world,2.52,0.24125310529493404,0.6936201848338676,1.8243556308746351,-0.7348369279842809,1.7768954865255436e-11,0.9990878526667366,7.594630376992415e-13,0.042702021659042834,0.09964039325459614,-3.557034877228502e-12,0.00847301788440424,-2.965385438834483e-10,-0.0026775564257411856,3.4626795748554458e-09,0.1,-0.0,1
25,253,world,2.5300000000000002,0.24225310529493393,0.6946165849336399,1.8243556308746347,-0.7347521527491098,-1.86465146447855e-11,0.9990872808918353,-7.972209186949082e-13,0.04271539722581487,0.09963963025998146,3.732709310554168e-12,0.008481985714099465,-1.300297700731617e-10,-0.002677556463978258,1.5178791268049909e-09,0.1,-0.0,1
25,254,world,2.54,0.24325310529493382,0.695612977510385,1.8243556308746354,-0.7346672891386997,2.5484632110021327e-12,0.9990867089378571,1.0899224713928309e-13,0.042728772785112334,0.09963888865949767,-5.101585080780058e-13,0.008490692945821773,2.1700396314928464e-10,-0.002677556498377527,-2.532359397830682e-09,0.1,-0.0,1
25,255,world,2.5500000000000003,0.24425310529493394,0.6966093627783716,1.8243556308746354,-0.734582339758823,6.746681459955369e-12,0.999086136804803,2.886314293836084e-13,0.04274214833691366,0.09963816852160705,-1.3505704116626141e-12,0.008499139583501293,-2.1785346046286072e-11,-0.002677556528936416,2.541472785431123e-10,0.1,-0.0,1
25,256,world,2.56,0.24525310529493383,0.6976057409525782,1.8243556308746351,-0.7344973072156168,0.0,0.9990855644926737,0.0,0.04275552388119725,0.0996374699121415,-0.0,0.008507325637772577,2.2784382070899015e-11,-0.002677556555658097,-2.6571839606626075e-10,0.1,-0.0,1
25,257,world,2.57,0.24625310529493394,0.6986021122485907,1.8243556308746351,-0.7344121941146676,9.411167921369266e-12,0.9990849920014703,4.0287392710009603e-13,0.04276889941794156,0.09963679289490657,-1.883957330939458e-12,0.008515251118874896,-2.0939389455675392e-10,-0.002677556578542271,2.4412473860664884e-09,0.1,-0.0,1
25,258,world,2.58,0.24725310529493405,0.6995984768826518,1.8243556308746354,-0.7343270030617244,-2.4479677681415698e-11,0.9990844193311939,-1.0482560641716407e-12,0.04278227494712502,0.0996361375317049,4.900422105097854e-12,0.00852291603638036,6.872480906728384e-11,-0.002677556597582894,-8.009857139200157e-10,0.1,-0.0,1
25,259,world,2.59,0.24825310529493394,0.7005948350716087,1.824355630874635,-0.7342417366624776,1.7443078030174424e-11,0.9990838464818449,7.471723950964941e-13,0.04279565046872599,0.09963550388196032,-3.4918145669803548e-12,0.008530320403587976,2.6970977142540746e-10,-0.0026775566127846227,-3.142471901073065e-09,0.1,-0.0,1
25,260,world,2.6,0.24925310529493405,0.701591187032868,1.8243556308746351,-0.7341563975221671,7.031685512696002e-12,0.9990832734534247,3.012958136861178e-13,0.04280902598272296,0.09963489200432166,-1.4076274927632683e-12,0.008537464218792512,-3.541391992156018e-10,-0.002677556624149143,4.1248889317800325e-09,0.1,-0.0,1
25,261,world,2.61,0.25025310529493394,0.7025875329844474,1.824355630874635,-0.7340709882464747,-2.391959715370083e-11,0.999082700245934,-1.0252350406237985e-12,0.04282240148909432,0.0996343019536752,4.788311711579671e-12,0.008544347500182457,-1.8681288491280816e-10,-0.002677556631672589,2.1752474272617594e-09,0.1,-0.0,1
25,262,world,2.62,0.25125310529493383,0.7035838731448814,1.8243556308746351,-0.7339855114406175,-1.47808285330215e-11,0.9990821268593738,-6.337299584429581e-13,0.042835776987818486,0.09963373378419979,2.9588815742165563e-12,0.008550970250165033,4.085791049377112e-10,-0.0026775566353589263,-4.755997412563618e-09,0.1,-0.0,1
25,263,world,2.63,0.25225310529493394,0.7045802077332385,1.8243556308746347,-0.7338999697098246,2.3771741058208185e-11,0.999081553293745,1.0195353461720727e-12,0.04284915247887392,0.09963318754727522,-4.758718836155628e-12,0.00855733247977917,1.174986222772925e-10,-0.0026775566352062706,-1.3672939559399988e-09,0.1,-0.0,1
25,264,world,2.64,0.25325310529493383,0.7055765369691016,1.824355630874635,-0.7338143656594126,-1.0700905776553231e-12,0.9990809795490485,-4.590897859709282e-14,0.04286252796223902,0.09963266329277534,2.142149834664256e-13,0.008563434193619848,-2.533417880321139e-10,-0.0026775566312129367,2.9471324607007057e-09,0.1,-0.0,1
25,265,world,2.65,0.25425310529493395,0.7065728610725253,1.824355630874635,-0.7337287018943015,-5.781097820457598e-12,0.9990804056252853,-2.4809794138622613e-13,0.04287590343789222,0.09963216106817638,1.1572837955314276e-12,0.008569275400228503,-1.4319280674556534e-10,-0.0026775566233786284,1.6652436006479356e-09,0.1,-0.0,1
25,266,world,2.66,0.25525310529493406,0.7075691802640472,1.824355630874635,-0.7336429810196928,-1.7768597480101894e-11,0.9990798315224563,-7.627842230864491e-13,0.04288927890581193,0.09963168091917238,3.5569925241296957e-12,0.008574856104928209,7.890559011216041e-11,-0.0026775566117070125,-9.17335356735304e-10,0.1,-0.0,1
25,267,world,2.67,0.25625310529493395,0.7085654947646391,1.8243556308746354,-0.7335572056405459,3.417658111117244e-12,0.9990792572405622,1.467617344867307e-13,0.04290265436597658,0.09963122288933551,-6.841615570629437e-13,0.008580176313779867,1.5246391163150204e-10,-0.0026775565961978907,-1.77194912969155e-09,0.1,-0.0,1
25,268,world,2.68,0.25725310529493406,0.709561804795699,1.824355630874635,-0.7334713783616884,0.0,0.9990786827796043,0.0,0.042916029818364614,0.09963078702006217,-0.0,0.00858523603420495,-9.006147128833893e-12,-0.0026775565768467034,1.0463743920212218e-10,0.1,-0.0,1
25,269,world,2.69,0.25825310529493395,0.7105581105790424,1.8243556308746347,-0.7333855017881321,2.3683793538385515e-12,0.9990781081395834,1.0176693520657581e-13,0.04292940526295442,0.09963037335096017,-4.741129481598574e-13,0.008590035270491478,-4.94928120659783e-10,-0.002677556553657911,5.748494371161415e-09,0.1,-0.0,1
25,270,world,2.7,0.25925310529493384,0.7115544123368497,1.8243556308746351,-0.7332995785245758,-5.7644385336006787e-11,0.9990775333205003,-2.4776957898626373e-12,0.042942780699724466,0.09962998192003358,1.1539521778681964e-11,0.008594574021659503,7.689649098936849e-11,-0.002677556526629928,-8.928581346244969e-10,0.1,-0.0,1
25,271,world,2.71,0.26025310529493395,0.712550710291679,1.824355630874635,-0.7332136111758454,1.1321737993079152e-11,0.9990769583223561,4.867876701861572e-13,0.04295615612865314,0.09962961276152592,-2.2664395892326897e-12,0.008598852306464788,7.902602037971071e-10,-0.0026775564957594827,-9.172971601521325e-09,0.1,-0.0,1
25,272,world,2.72,0.26125310529493384,0.7135470046664373,1.8243556308746347,-0.7331276023467073,3.4340139130313327e-11,0.9990763831451516,1.4769438219893873e-12,0.042969531549718866,0.0996292659096054,-6.874377017719046e-12,0.008602870120671475,-2.499990241775604e-10,-0.002677556461053217,2.9009636803813093e-09,0.1,-0.0,1
25,273,world,2.73,0.26225310529493395,0.7145432956843367,1.824355630874635,-0.7330415546417187,-1.776852471265377e-11,0.9990758077888878,-7.6444934272032e-13,0.0429829069629001,0.0996289413963786,3.5569922291033702e-12,0.008606627460100859,-1.4245901303027632e-10,-0.0026775564225083558,1.652562876113099e-09,0.1,-0.0,1
25,274,world,2.74,0.26325310529493384,0.7155395835689168,1.824355630874635,-0.7329554706656639,1.776852019155981e-11,0.9990752322535656,7.646874697290366e-13,0.042996282368175244,0.09962863925028512,-3.5569933676476654e-12,0.008610124339203828,3.0544815676048117e-10,-0.0026524485999228527,-3.542182791209947e-09,0.1,-0.0,1
25,275,world,2.75,0.26425310529493395,0.7165358685439626,1.8243556308746347,-0.7328693530228039,1.7751877397737608e-11,0.9990746673379249,7.642048623137961e-13,0.043009406920052576,0.0996283594268022,-3.553663733084037e-12,0.00861336159254419,-1.5283889122729406e-10,-0.002417092723731721,1.7719172783135174e-09,0.1,-0.0,1
25,276,world,2.7600000000000002,0.26525310529493407,0.7175321508051827,1.8243556308746347,-0.7327832039897566,0.0,0.9990741927017065,0.0,0.04302043093035636,0.0996280944575515,-0.0,0.008616425869071168,-1.527386105448629e-10,-0.0022068446620797017,1.7702549306583663e-09,0.1,-0.0,1
25,277,world,2.77,0.26625310529493396,0.7185284304659236,1.824355630874635,-0.7326970248883454,0.0,0.9990737179438414,0.0,0.04303145493554398,0.09962783933238355,-0.0,0.008619375265108973,-4.5833358412782707e-10,-0.002206844685376589,5.3107610778396464e-09,0.1,-0.0,1
25,278,world,2.7800000000000002,0.26725310529493385,0.7195247076246782,1.8243556308746347,-0.7326108168674095,-5.325562044340463e-11,0.9990732430643302,-2.2943802539511444e-12,0.04304247893560335,0.09962759406225707,1.0661003995613119e-11,0.008622209772797186,-2.2770956058580583e-10,-0.002206844706525399,2.6378158995588243e-09,0.1,-0.0,1
25,279,world,2.79,0.26825310529493396,0.7205209823800452,1.824355630874635,-0.7325245810757851,-2.645171211503649e-11,0.9990727680631735,-1.1398958128644014e-12,0.04305350293052241,0.09962735865627942,5.295252218485648e-12,0.008624929401048252,2.8241512991781176e-10,-0.002206844725526172,-3.270689662046441e-09,0.1,-0.0,1
25,280,world,2.8000000000000003,0.26925310529493385,0.7215172548307163,1.8243556308746347,-0.7324383186623046,-2.045742604970602e-11,0.9990722929403716,-8.818074338189742e-13,0.043064526920289066,0.0996271331243924,4.0952843286770335e-12,0.008627534144504715,3.291086811642856e-10,-0.002206844742373807,-3.8104731641835784e-09,0.1,-0.0,1
25,281,world,2.81,0.27025310529493396,0.7225135250754756,1.824355630874635,-0.7323520307757978,1.1759405577436921e-11,0.9990718176959252,5.070134744971015e-13,0.04307555090489123,0.09962691747529286,-2.3540660557585067e-12,0.008630024007567247,2.5232915516143475e-10,-0.0022068447570717715,-2.9207556248992118e-09,0.1,-0.0,1
25,282,world,2.82,0.27125310529493385,0.7235097932131951,1.824355630874635,-0.7322657185650912,8.83171796283697e-12,0.999071342329835,3.808821865268886e-13,0.043086574884316824,0.09962671171804102,-1.7679853983438065e-12,0.0086323989858179,-7.611914891421531e-11,-0.002206844769622843,8.808662270898968e-10,0.1,-0.0,1
25,283,world,2.83,0.27225310529493396,0.7245060593428359,1.8243556308746347,-0.7321793831790078,2.926119417094592e-12,0.9990708668421011,1.2622600161365623e-13,0.0430975988585538,0.09962651586056456,-5.857681242094891e-13,0.008634659083292072,2.1791251658654982e-10,-0.002206844780025388,-2.521079187836834e-09,0.1,-0.0,1
25,284,world,2.84,0.2732531052949341,0.7255023235634342,1.824355630874635,-0.7320930257663687,3.4112980275919406e-11,0.9990703912327242,1.471931921058276e-12,0.04310862282759003,0.0996263299106136,-6.828944118199016e-12,0.008636804301451985,-3.3133145279505547e-10,-0.002206844788273202,3.832262766224794e-09,0.1,-0.0,1
25,285,world,2.85,0.27425310529493396,0.7264985859741053,1.8243556308746345,-0.7320066474759891,-3.550370010471754e-11,0.9990699155017049,-1.5323322067354119e-12,0.043119646791413446,0.09962615387662434,7.107350269241379e-12,0.008638834629229297,-4.3275704343364503e-10,-0.0022068447943734285,5.004089770958912e-09,0.1,-0.0,1
25,286,world,2.86,0.27525310529493385,0.7274948466740349,1.824355630874635,-0.7319202494566718,-1.6067987065531242e-11,0.9990694396490437,-6.936685601977043e-13,0.043130670750011986,0.09962598776427703,3.2165905617482326e-12,0.008640750082725834,5.013178336817927e-10,-0.0022068447983262717,-5.7953872612451715e-09,0.1,-0.0,1
25,287,world,2.87,0.27625310529493396,0.7284911057624829,1.8243556308746345,-0.7318338328572441,2.261247080850894e-11,0.9990689636747411,9.764494219912919e-13,0.04314169470337357,0.09962583158073654,-4.5267085790872006e-12,0.008642550656300508,4.038837699645499e-10,-0.0022068448001303837,-4.667819970059073e-09,0.1,-0.0,1
25,288,world,2.88,0.27725310529493385,0.7294873633387692,1.824355630874635,-0.7317473988265161,3.074098884050206e-11,0.9990684875787974,1.3277940991988633e-12,0.04315271865148611,0.09962568533252442,-6.153930084138245e-12,0.008644236347117617,-5.194626916221911e-11,-0.002206844799782745,6.002061964983094e-10,0.1,-0.0,1
25,289,world,2.89,0.27825310529493397,0.7304836195022745,1.8243556308746345,-0.7316609485132939,1.6593564926648875e-11,0.9990680113612135,7.169085158080817e-13,0.043163742594337515,0.09962554902562316,-3.3218087989293246e-12,0.008645807153942144,-9.432817281973118e-11,-0.002206844797283356,1.0896222940800374e-09,0.1,-0.0,1
25,290,world,2.9,0.27925310529493386,0.7314798743524341,1.8243556308746347,-0.7315744830663822,1.981418138673548e-11,0.9990675350219896,8.56271098204092e-13,0.04317476653191571,0.09962542266504186,-3.966534849412512e-12,0.00864726308214138,-6.223121956029571e-11,-0.00220684479263846,7.186730246256488e-10,0.1,-0.0,1
25,291,world,2.91,0.28025310529493397,0.7324761279887422,1.824355630874635,-0.7314880036345828,9.386655483393652e-12,0.9990670585611265,4.0574867661973985e-13,0.04318579046420864,0.09962530625592976,-1.879084136160592e-12,0.008648604130852717,-2.066042311274411e-10,-0.002206844785842262,2.3853424931544554e-09,0.1,-0.0,1
25,292,world,2.92,0.2812531052949341,0.7334723805107404,1.8243556308746347,-0.7314015113666946,-4.106220855349213e-12,0.9990665819786246,-1.7754138046187473e-13,0.043196814391204194,0.0996251998031033,8.22011437151457e-13,0.008649830298436472,-3.547781097686451e-11,-0.0022068447768968853,4.095028030598364e-10,0.1,-0.0,1
25,293,world,2.93,0.28225310529493397,0.7344686320180047,1.8243556308746345,-0.7313150074115159,5.28011754483274e-12,0.9990661052744844,2.2835572535764117e-13,0.04320783831289031,0.09962510331032218,-1.0570106294297965e-12,0.00865094159081163,1.56591778583066e-10,-0.0022068447658018394,-1.8069976105204542e-09,0.1,-0.0,1
25,294,world,2.94,0.28325310529493386,0.7354648826101624,1.824355630874635,-0.731228492917842,1.401453498604903e-11,0.9990656284487064,6.062587276769905e-13,0.0432188622292549,0.09962501678212228,-2.8055283658519664e-12,0.008651938000347296,2.0434281086420214e-10,-0.0022068447525559393,-2.357417866388333e-09,0.1,-0.0,1
25,295,world,2.95,0.28425310529493397,0.7364611323868748,1.824355630874635,-0.7311419690344655,2.8920567476264776e-11,0.9990651515012913,1.251402711057093e-12,0.043229886140285875,0.09962494022162995,-5.789525759810588e-12,0.00865281953103502,-1.1553669181625946e-10,-0.0022068447371626975,1.3325568620167586e-09,0.1,-0.0,1
25,296,world,2.96,0.28525310529493386,0.7374573814478357,1.8243556308746345,-0.7310554369101778,6.514703729278106e-13,0.9990646744322392,2.8196544742607024e-14,0.04324091004597118,0.09962487363206624,-1.304160548611049e-13,0.008653586181164083,-4.036307753817571e-10,-0.0022068447196204794,4.654132428773552e-09,0.1,-0.0,1
25,297,world,2.97,0.286253105294934,0.7384536298927635,1.8243556308746347,-0.7309688976937662,-1.7751764468725833e-11,0.9990641972415512,-7.685173248641059e-13,0.043251933946298726,0.09962481701573911,3.5536784102793046e-12,0.00865423795492714,2.804323785720224e-10,-0.002206844699925123,-3.232743822820784e-09,0.1,-0.0,1
25,298,world,2.98,0.28725310529493386,0.7394498778214057,1.8243556308746347,-0.7308823525340202,3.306993280913476e-11,0.9990637199292274,1.4320439031017242e-12,0.04326295784125641,0.09962477037515195,-6.6201848737468155e-12,0.008654774849656452,3.5760045113369867e-10,-0.002206844678083118,-4.121258839281315e-09,0.1,-0.0,1
25,299,world,2.99,0.28825310529493375,0.7404461253335285,1.8243556308746347,-0.7307958025797286,2.3576943142049717e-11,0.9990632424952686,1.0212248468372222e-12,0.0432739817308322,0.0996247337121825,-4.719809928586489e-12,0.00865519686527869,-1.3730647901442167e-10,-0.001998876185659379,1.5820568151684849e-09,0.1,-0.0,1
25,300,world,3.0,0.2892531052949341,0.741442372528777,1.8243556308746351,-0.7307092489780797,1.7204745665652927e-11,0.9990628549566777,7.453702858985633e-13,0.04328292787938944,0.09962470683621605,-3.444176817789245e-12,0.008655506212695499,-2.8610588631124353e-10,-0.001038448885139022,3.2960591940672e-09,0.1,-0.0,1
25,301,world,3.0100000000000002,0.290253105294934,0.7424386194827683,1.824355630874635,-0.730622692599544,-9.476592731313541e-12,0.9990627930632193,-4.1057300996194004e-13,0.04328435648960226,0.09962468425902553,1.897096513585656e-12,0.008655766071785516,-4.899931373919068e-10,-0.0002859900656124231,5.644245072867118e-09,0.1,-0.0,1
25,302,world,3.02,0.29125310529493387,0.7434348662199041,1.824355630874635,-0.7305361337250807,-3.939689580802814e-11,0.9990627311677182,-1.7069254135317681e-12,0.04328578509972683,0.0996246634655591,7.886771167165932e-12,0.008656005393603764,-1.477050215173954e-10,-0.00028599006566165755,1.701361929353369e-09,0.1,-0.0,1
25,303,world,3.0300000000000002,0.292253105294934,0.7444311127580205,1.8243556308746351,-0.7304495725600301,-2.65381987366322e-11,0.9990626692701742,-1.149842462859661e-12,0.04328721370976313,0.09962464445498866,5.312619416044343e-12,0.008656224189396796,3.41076348537547e-10,-0.0002859900657081481,-3.928607496463667e-09,0.1,-0.0,1
25,304,world,3.04,0.29325310529493387,0.7454273591149512,1.824355630874635,-0.7303630093097316,0.0,0.9990626073705873,0.0,0.04328864231971114,0.09962462722840343,-0.0,0.008656422448197752,5.312107433719139e-10,-0.00028599006575047534,-6.1184226238568795e-09,0.1,-0.0,1
25,305,world,3.0500000000000003,0.294253105294934,0.7464236053085365,1.8243556308746351,-0.7302764441795244,3.481862726469536e-11,0.9990625454689576,1.5087151958553575e-12,0.04329007092957084,0.09962461178568052,-6.970259738754041e-12,0.008656600172841998,8.394081757511929e-11,-0.0002859900657851698,-9.667883401461818e-10,0.1,-0.0,1
25,306,world,3.06,0.29525310529493387,0.7474198513566142,1.8243556308746351,-0.7301898773747468,9.695157639086393e-12,0.9990624835652849,4.201117741590497e-13,0.043291499539342165,0.0996245981271276,-1.940851103401473e-12,0.008656757361063609,-4.3991471275783274e-11,-0.0002859900658178143,5.066549421783598e-10,0.1,-0.0,1
25,307,world,3.0700000000000003,0.29625310529493376,0.748416097277024,1.824355630874635,-0.7301033091007405,2.973777924859523e-11,0.9990624216595695,1.2886437447846452e-12,0.04329292814902514,0.09962458625208219,-5.953137370000446e-12,0.008656894021612993,-2.182070345613371e-12,-0.00028599006584342475,2.513032651068709e-11,0.1,-0.0,1
25,308,world,3.08,0.2972531052949341,0.7494123430876085,1.8243556308746347,-0.7300167395628435,9.443144122429766e-12,0.9990623597518112,4.092185503426437e-13,0.04329435675861969,0.0996245761620273,-1.8904013371391688e-12,0.008657010138403554,-3.172741480756021e-10,-0.00028599006586632316,3.6538411184538107e-09,0.1,-0.0,1
25,309,world,3.09,0.298253105294934,0.7504085888062094,1.8243556308746351,-0.7299301689663953,-6.90373526745316e-12,0.9990622978420101,-2.991831850963119e-13,0.04329578536812584,0.09962456785578178,1.3820429956285818e-12,0.008657105725860984,3.417791924050429e-11,-0.0002859900658872033,-3.9359192522424094e-10,0.1,-0.0,1
25,310,world,3.1,0.2992531052949339,0.7514048344506693,1.8243556308746351,-0.7298435975167338,1.3390168838287474e-11,0.9990622359301661,5.803011909933635e-13,0.04329721397754353,0.09962456133351008,-2.6805474841451498e-12,0.0086571807827773,1.977180539921022e-10,-0.00028599006589688606,-2.276839814643027e-09,0.1,-0.0,1
25,311,world,3.11,0.300253105294934,0.752401080038829,1.8243556308746351,-0.7297570254191976,1.5928917342823e-11,0.9990621740162793,6.903479250446459e-13,0.04329864258687273,0.09962455659576049,-3.188773978574269e-12,0.008657235303381574,-2.69707297239362e-10,-0.00028599006590451884,3.1057352863975246e-09,0.1,-0.0,1
25,312,world,3.12,0.3012531052949339,0.7533973255885332,1.8243556308746351,-0.7296704528791251,-1.7754836961282642e-11,0.9990621121003497,-7.695074161932633e-13,0.043300071196113434,0.09962455364225097,3.554300922911465e-12,0.0086572692913101,-1.6609638973958568e-10,-0.0002859900659086822,1.912570805783959e-09,0.1,-0.0,1
25,313,world,3.13,0.302253105294934,0.7543935711176251,1.824355630874635,-0.7295838801018546,-3.250773585551432e-12,0.9990620501823771,-1.408955247134267e-13,0.04330149980526559,0.09962455247339888,6.507651012645175e-13,0.00865728274200363,5.013262224519398e-11,-0.0002859900659086822,-5.772492023690324e-10,0.1,-0.0,1
25,314,world,3.14,0.3032531052949339,0.7553898166439474,1.8243556308746351,-0.7294973072927244,-1.1966049226108031e-11,0.9990619882623618,-5.186514742110489e-13,0.04330292841432922,0.09962455308885532,2.3954568090318096e-12,0.008657275659573886,2.540342133077973e-10,-0.0002859900659031628,-2.924965327246893e-09,0.1,-0.0,1
25,315,world,3.15,0.30425310529493377,0.7563860621853459,1.8243556308746354,-0.729410734657073,2.6081446007263117e-11,0.9990619263403037,1.1305007425514093e-12,0.043304357023304235,0.09962455548813721,-5.221187054176347e-12,0.008657248049528783,-1.7864643737939373e-10,-0.00028599006589060923,2.056877664507533e-09,0.1,-0.0,1
25,316,world,3.16,0.3052531052949341,0.7573823077596623,1.824355630874635,-0.7293241624002381,-3.259288977278814e-11,0.9990618644162026,-1.4127860825302975e-12,0.043305785632190646,0.09962455967258066,6.524699001159038e-12,0.008657199896295443,-4.173745720277084e-10,-0.0002859900658781193,4.805357257268504e-09,0.1,-0.0,1
25,317,world,3.17,0.306253105294934,0.7583785533847419,1.8243556308746354,-0.7292375907275577,-2.2107793382698724e-11,0.9990618024900587,-9.583260435277895e-13,0.043307214240988434,0.09962456564086417,4.425710864211196e-12,0.008657131214735643,5.584170003588425e-10,-0.000285990065857366,-6.429007289110232e-09,0.1,-0.0,1
25,318,world,3.18,0.3072531052949339,0.7593747990784264,1.8243556308746351,-0.72915101984437,3.1878701222825355e-11,0.9990617405618721,1.3819198851465348e-12,0.04330864284969754,0.09962457339326637,-6.381727957250816e-12,0.008657042001150505,3.3902575216526117e-10,-0.0002859900658337421,-3.903045083497884e-09,0.1,-0.0,1
25,319,world,3.19,0.308253105294934,0.7603710448585563,1.824355630874635,-0.7290644499560137,1.7032864530071554e-11,0.9990616786316425,7.383874246359112e-13,0.043310071458317986,0.09962458293019875,-3.40977236669526e-12,0.008656932250165289,-6.245800635932848e-10,-0.0002859900658045987,7.190259929573455e-09,0.1,-0.0,1
25,320,world,3.2,0.3092531052949339,0.7613672907429759,1.8243556308746351,-0.7289778812678279,-4.022693588173179e-11,0.9990616166993702,-1.7439254066098906e-12,0.04331150006684969,0.09962459425146945,8.052943921638788e-12,0.008656801963201075,-2.511275534273093e-10,-0.0002859900657678226,2.8909223877262714e-09,0.1,-0.0,1
25,321,world,3.21,0.310253105294934,0.7623635367495266,1.8243556308746351,-0.72889131398515,-1.1957998839270236e-11,0.9990615547650551,-5.184224619136154e-13,0.04331292867529265,0.0996246073565802,2.3938462608904037e-12,0.008656651145057632,3.5787848229051343e-10,-0.0002859900657310465,-4.119677769014737e-09,0.1,-0.0,1
25,322,world,3.22,0.3112531052949339,0.7633597828960492,1.8243556308746351,-0.7288047483133179,1.0861909668495182e-12,0.999061492828697,4.709185966439487e-14,0.043314357283646854,0.09962462224538632,-2.1744226446136804e-13,0.008656479796318953,-1.4439894871860233e-10,-0.00028599006568875095,1.6621770712595985e-09,0.1,-0.0,1
25,323,world,3.23,0.3122531052949338,0.7643560292003796,1.8243556308746351,-0.7287181844576707,-2.8626712861300802e-11,0.9990614308902962,-1.2411534733998912e-12,0.043315785891912255,0.09962463891850905,5.7307212497423465e-12,0.008656287908606895,2.8233668422313197e-11,-0.00028599006563875915,-3.249871288347523e-10,0.1,-0.0,1
25,324,world,3.24,0.3132531052949339,0.7653522756803616,1.824355630874635,-0.7286316226235463,4.345241325014914e-12,0.9990613689498525,1.8840058917318526e-13,0.04331721450008883,0.09962465737505675,-8.698647470384026e-13,0.008656075490807097,1.1683554512120043e-10,-0.0002519847371272197,-1.3448106772744012e-09,0.1,-0.0,1
25,325,world,3.25,0.314253105294934,0.7663485223537676,1.8243556308746351,-0.7285450630155872,-1.51406167039919e-11,0.9990613217379551,-6.564820530870681e-13,0.043318303374095105,0.09962467753654362,3.030968444975469e-12,0.008655843444731649,-2.27637366078552e-10,-0.00010466632391835888,2.620129319776099e-09,0.1,-0.0,1
25,326,world,3.2600000000000002,0.3152531052949339,0.7673447692294263,1.8243556308746351,-0.7284585057354894,-2.1930064888732812e-11,0.9990613236107693,-9.508648109809888e-13,0.043318260180873674,0.09962469739999003,4.390133892775272e-12,0.00865561482278546,7.235304769613248e-11,8.646760803199264e-06,-8.327808560530502e-10,0.1,-0.0,1
25,327,world,3.27,0.316253105294934,0.7683410162978569,1.8243556308746351,-0.7283719506741533,-6.789283220390601e-12,0.9990613254835815,-2.9437596694992796e-13,0.04331821698765218,0.09962471609067027,1.3591324270509827e-12,0.008655399693448395,5.828977285010863e-11,8.64676079903593e-06,-6.709137645912615e-10,0.1,-0.0,1
25,328,world,3.2800000000000002,0.3172531052949339,0.7693372635473331,1.824355630874635,-0.7282853976966771,-1.5201974918677392e-11,0.9990613273563919,-6.591405087096622e-13,0.04331817379443062,0.09962473360919627,3.0432516007465237e-12,0.008655198050690848,-6.844897687668e-11,8.646760801117596e-06,7.878467278753577e-10,0.1,-0.0,1
25,329,world,3.29,0.318253105294934,0.7703335109661311,1.824355630874635,-0.7281988466681616,-1.4690006084464398e-11,0.9990613292292003,-6.369414804497909e-13,0.04331813060120895,0.09962474995517161,2.9407616238384044e-12,0.00865500990002544,7.679739257867134e-11,8.646760803199264e-06,-8.839377575021368e-10,0.1,-0.0,1
25,330,world,3.3000000000000003,0.3192531052949339,0.7713297585425266,1.8243556308746351,-0.7281122974537052,-6.33762745457965e-12,0.999061331102007,-2.7479183858904657e-13,0.043318087407987205,0.0996247651289004,1.2687163955097926e-12,0.008654835238838176,-9.552089840290663e-11,8.646760801118556e-06,1.0994463556758233e-09,0.1,-0.0,1
25,331,world,3.31,0.3202531052949338,0.7723260062647981,1.8243556308746351,-0.7280257499184032,-2.5715527382236422e-11,0.9990613329748118,-1.114992959273915e-12,0.04331804421476539,0.0996247791302507,5.147937675624246e-12,0.008654674069470653,8.716771475795551e-11,8.646760800423706e-06,-1.0033021467131247e-09,0.1,-0.0,1
25,332,world,3.3200000000000003,0.3212531052949339,0.7733222541212252,1.8243556308746347,-0.7279392039273538,3.723735690457326e-12,0.9990613348476147,1.614563398830683e-13,0.0433180010215435,0.09962479195953887,-7.454468630515025e-13,0.008654526389040686,8.021288296089579e-11,8.646760799728858e-06,-9.232528189116903e-10,0.1,-0.0,1
25,333,world,3.33,0.322253105294934,0.7743185021000834,1.8243556308746351,-0.7278526593456559,-1.645691890719248e-11,0.9990613367204157,-7.13549902297308e-13,0.04331795782832153,0.09962480361647563,3.2944761850700525e-12,0.008654392201574058,8.197627661981715e-11,8.646760801117594e-06,-9.435504818298968e-10,0.1,-0.0,1
25,334,world,3.34,0.3232531052949339,0.7753147501896517,1.824355630874635,-0.7277661160384089,1.3185894227492514e-11,0.9990613385932149,5.717220939990146e-13,0.04331791463509945,0.0996248141016381,-2.639656589081087e-12,0.008654271501059423,6.452433788171229e-11,8.646760801811485e-06,-7.426786584899151e-10,0.1,-0.0,1
25,335,world,3.35,0.324253105294934,0.7763109983782116,1.8243556308746351,-0.7276795738707081,-9.009153010372175e-12,0.9990613404660121,-3.9062399484046526e-13,0.04331787144187731,0.09962482341505052,1.8035234964509286e-12,0.008654164287786687,-3.1044687166000845e-10,8.646760801117594e-06,3.5732640573266267e-09,0.1,-0.0,1
25,336,world,3.36,0.3252531052949339,0.7773072466540426,1.8243556308746351,-0.7275930327076513,-2.2647684556522717e-11,0.9990613423388076,-9.819702437415204e-13,0.043317828248655085,0.09962483155607998,4.533792590029542e-12,0.00865407056954647,2.2671753914077138e-10,8.646760801811482e-06,-2.6095365103986486e-09,0.1,-0.0,1
25,337,world,3.37,0.326253105294934,0.7783034950054268,1.824355630874635,-0.7275064924143361,1.7159926608731455e-11,0.9990613442116012,7.440283989674547e-13,0.04331778505543278,0.09962483852515619,-3.4352098009545064e-12,0.008653990341834247,2.2671851931346578e-10,8.646760800423706e-06,-2.60955040901857e-09,0.1,-0.0,1
25,338,world,3.38,0.3272531052949339,0.7792997434206431,1.8243556308746351,-0.7274199528558619,3.5215342427216086e-12,0.9990613460843929,1.5268823269263327e-13,0.0433177418622104,0.09962484432241801,-7.049685699738508e-13,0.008653923603428627,9.332575697120685e-11,8.64676079903689e-06,-1.0741888762544205e-09,0.1,-0.0,1
25,339,world,3.39,0.3282531052949338,0.7802959918879729,1.8243556308746347,-0.7273334138973243,2.7932159150349595e-11,0.9990613479571827,1.211093648776525e-12,0.04331769866898795,0.09962484894775017,-5.591680471702339e-12,0.008653870355971581,-3.050895189293799e-11,8.646760801117594e-06,3.511614657746932e-10,0.1,-0.0,1
25,340,world,3.4,0.3292531052949339,0.7812922403956979,1.8243556308746347,-0.7272468754038213,0.0,0.9990613498299706,0.0,0.04331765547576538,0.09962485240161843,-0.0,0.00865383059435204,5.6142549867756635e-12,8.6467608038922e-06,-6.462077079111323e-11,0.1,-0.0,1
25,341,world,3.41,0.330253105294934,0.7822884889320982,1.824355630874635,-0.7271603372404507,2.8580192364853627e-11,0.9990613517027567,1.239188854329297e-12,0.043317612282542745,0.09962485468319736,-5.721408862933305e-12,0.008653804328260113,1.752618521762658e-10,8.646760801117596e-06,-2.0172876653216587e-09,0.1,-0.0,1
25,342,world,3.42,0.3312531052949339,0.7832847374854562,1.8243556308746351,-0.7270737992723099,2.0229860704422215e-11,0.9990613535755409,8.771317052700613e-13,0.043317569089320045,0.09962485579333223,-4.049773445733668e-12,0.008653791548087963,-2.4760489193426717e-10,8.646760799035927e-06,2.8499687127716937e-09,0.1,-0.0,1
25,343,world,3.43,0.332253105294934,0.7842809860440555,1.824355630874635,-0.7269872613644955,0.0,0.9990613554483233,0.0,0.04331752589609727,0.09962485573142155,-0.0,0.008653792260821056,-1.1421381083464337e-10,8.646760801117597e-06,1.3146190744018743e-09,0.1,-0.0,1
25,344,world,3.44,0.3332531052949339,0.7852772345961783,1.8243556308746347,-0.7269007233821057,7.046535014766172e-12,0.9990613573211038,3.055249373630084e-13,0.04331748270287438,0.09962485449771366,-1.4106310813179682e-12,0.00865380646359653,2.3411028176420506e-10,8.646760801811485e-06,-2.6946491697444134e-09,0.1,-0.0,1
25,345,world,3.45,0.334253105294934,0.7862734831301036,1.8243556308746347,-0.726814185190238,2.702260930175415e-11,0.9990613591938824,1.171650002324349e-12,0.04331743950965143,0.09962485209186966,-5.409599530584427e-12,0.00865383416024897,-6.10475709653909e-11,8.646760800423706e-06,7.026686317859861e-10,0.1,-0.0,1
25,346,world,3.46,0.3352531052949339,0.7872697316341164,1.8243556308746347,-0.7267276466539894,0.0,0.9990613610666592,0.0,0.0433173963164284,0.09962484851493283,-0.0,0.008653875338638015,-2.69841286559905e-10,8.646760801812447e-06,3.105925342522697e-09,0.1,-0.0,1
25,347,world,3.47,0.3362531052949338,0.7882659800964956,1.8243556308746345,-0.7266411076384568,-4.124378875564857e-12,0.999061362939434,-1.7882502796533628e-13,0.04331735312320528,0.09962484376555383,8.256507614342685e-13,0.00865393001410287,7.06359217063779e-11,8.646760799729817e-06,-8.130339212182093e-10,0.1,-0.0,1
25,348,world,3.48,0.3372531052949339,0.7892622285055236,1.8243556308746343,-0.7265545680087387,8.153305401403582e-12,0.9990613648122071,3.535110749606286e-13,0.0433173099299821,0.09962483784441942,-1.6321931140250691e-12,0.0086539981784802,3.573139967128248e-11,8.646760801117596e-06,-4.1127613847128986e-10,0.1,-0.0,1
25,349,world,3.49,0.3382531052949338,0.7902584768494794,1.8243556308746345,-0.7264680276299329,0.0,0.9990613666849782,0.0,0.04331726673675881,0.09962483075139282,-0.0,0.008654079833023166,1.201945897320801e-10,-1.524377019543337e-05,-1.3834632786683395e-09,0.1,-0.0,1
25,350,world,3.5,0.3392531052949339,0.7912547251166551,1.8243556308746347,-0.7263814863672305,2.2027017524007968e-11,0.9990613582090043,9.55050950251257e-13,0.04331746222460016,0.09962482249719369,-4.409542485345513e-12,0.008654174853944827,1.0277669367298128e-10,-0.00011893691911764397,-1.1829668428035774e-09,0.1,-0.0,1
25,351,world,3.5100000000000002,0.340253105294934,0.792250973296557,1.824355630874635,-0.7262949440998627,1.1863084761683637e-11,0.9990613151640492,5.143733377382168e-13,0.0433184549895378,0.09962481335507457,-2.3748461842422416e-12,0.008654280095222056,-6.401225394020039e-10,-0.0001987395370475683,7.3677530169634255e-09,0.1,-0.0,1
25,352,world,3.52,0.3412531052949339,0.7932472213811935,1.824355630874635,-0.7262084007358373,-5.185864257400711e-11,0.9990612721181074,-2.248598579782528e-12,0.04331944775443273,0.09962480344454444,1.0381473892830021e-11,0.008654394180754957,-1.0540027693531959e-10,-0.00019873953706213995,1.2131197750709644e-09,0.1,-0.0,1
25,353,world,3.5300000000000002,0.342253105294934,0.7942434693628792,1.8243556308746345,-0.7261218561866905,-3.0238441145718873e-13,0.9990612290711792,-1.311173482597117e-14,0.04332044051928498,0.09962479276478999,6.053370957190285e-14,0.008654517119553866,2.0058000936397412e-10,-0.00019873953708087497,-2.308551505777307e-09,0.1,-0.0,1
25,354,world,3.54,0.3432531052949339,0.7952397172339283,1.824355630874635,-0.726035310363958,-2.8707903911582754e-11,0.9990611860232644,-1.244836213667967e-12,0.04332143328409454,0.09962478131672556,5.746976123171016e-12,0.008654648900713035,-2.2060515034290517e-10,-0.00019873953709269315,2.5389699445884235e-09,0.1,-0.0,1
25,355,world,3.5500000000000003,0.3442531052949338,0.7962359649866537,1.824355630874635,-0.7259487631791769,-2.5763815842468544e-11,0.9990611429743632,-1.1171998975446766e-12,0.04332242604886135,0.09962476910000129,5.157605421947061e-12,0.008654789527852928,1.7800764780937507e-10,-0.00019873953710307943,-2.0486631954099984e-09,0.1,-0.0,1
25,356,world,3.56,0.3452531052949339,0.7972322126133662,1.824355630874635,-0.7258622145438839,-8.163387155486275e-12,0.9990610999244754,-3.53998209620324e-13,0.043323418813585465,0.09962475611439425,1.6342117924595538e-12,0.008654939003104935,3.1106404024036345e-10,-0.00019873953711695724,-3.5799066660852145e-09,0.1,-0.0,1
25,357,world,3.5700000000000003,0.3462531052949338,0.7982284601063815,1.8243556308746345,-0.7257756643696152,1.013640332228073e-11,0.9990610568736012,4.3956643734274034e-13,0.04332441157826685,0.09962474235995045,-2.029185954382435e-12,0.008655097325477942,1.5619130849395009e-10,-0.0001987395371252839,-1.7974993857233443e-09,0.1,-0.0,1
25,358,world,3.58,0.3472531052949339,0.7992247074580073,1.8243556308746347,-0.7256891125679077,9.862398096924989e-12,0.9990610138217404,4.276939840795523e-13,0.043325404342905494,0.09962472783664596,-1.9743334909638355e-12,0.008655264494758157,-1.5783826346416973e-11,-0.00019873953713428236,1.8164112108344497e-10,0.1,-0.0,1
25,359,world,3.59,0.34825310529493403,0.8002209546605578,1.8243556308746345,-0.7256025590502978,8.31485849476696e-12,0.9990609707688931,3.6059146696492245e-13,0.0433263971075014,0.09962471254487291,-1.6645347454929296e-12,0.008655440505915551,-2.3928406751799423e-10,-0.00019873953713708004,2.7536304430172617e-09,0.1,-0.0,1
25,360,world,3.6,0.3492531052949339,0.8012172017063445,1.8243556308746347,-0.7255160037283221,-1.7751721763766034e-11,0.9990609277150594,-7.698587227487792e-13,0.04332738987205452,0.09962469648431078,3.55368151604831e-12,0.008655625362095739,-1.987767788284694e-10,-0.00019873953714193726,2.2874284218911663e-09,0.1,-0.0,1
25,361,world,3.61,0.35025310529493403,0.8022134485876773,1.8243556308746345,-0.7254294465135175,-1.4624069635814368e-11,0.999060884660239,-6.342329027322724e-13,0.043328382636564904,0.09962467965440136,2.9275632462799813e-12,0.008655819069152778,-5.836018308005675e-11,-0.0001987395371467944,6.715656942504619e-10,0.1,-0.0,1
25,362,world,3.62,0.3512531052949339,0.8032096952968679,1.8243556308746345,-0.72534288731742,-2.4486356632960774e-11,0.9990608416044323,-1.0619759023376905e-12,0.04332937540103251,0.09962466205570611,4.9018749628920844e-12,0.008656021620025761,-2.979441018466988e-10,-0.00019873953714751047,3.4284407049910813e-09,0.1,-0.0,1
25,363,world,3.63,0.3522531052949338,0.8042059418262234,1.8243556308746347,-0.725256326051567,-4.900537277311437e-11,0.999060798547639,-2.1254170391145333e-12,0.04333036816545733,0.09962464368776985,9.810288390297782e-12,0.008656233019327912,6.336694175097848e-11,-0.0001987395371447128,-7.291461566866295e-10,0.1,-0.0,1
25,364,world,3.64,0.3532531052949339,0.8052021881680553,1.8243556308746347,-0.7251697626274952,-1.7174284292759984e-11,0.9990607554898592,-7.448847403042719e-13,0.04333136092983934,0.0996246245506522,3.438086061522768e-12,0.008656453265719632,-1.1610500841873363e-11,-0.00019873953714263115,1.3359579578989717e-10,0.1,-0.0,1
25,365,world,3.65,0.3542531052949338,0.8061984343146712,1.8243556308746345,-0.7250831969567396,-5.0345102645977984e-11,0.9990607124310928,-2.1836228444181872e-12,0.043332353694178566,0.09962460464468906,1.0078487125488184e-11,0.008656682354655349,2.808676414721549e-10,-0.00019873953714124337,-3.2317186018189284e-09,0.1,-0.0,1
25,366,world,3.66,0.3552531052949339,0.8071946802583795,1.824355630874635,-0.7249966289508382,1.5234253237733025e-11,0.99906066937134,6.607718568305069e-13,0.04333334645847498,0.0996245839687904,-3.0497153381755042e-12,0.00865692029797161,6.03103950604675e-10,-0.00019873953713497625,-6.939273389576341e-09,0.1,-0.0,1
25,367,world,3.67,0.35625310529493404,0.8081909259914875,1.8243556308746347,-0.7249100585213281,1.9243794994267573e-11,0.9990606263106007,8.347012365944032e-13,0.04333433922272857,0.09962456252399923,-3.852377820748501e-12,0.008657167082930163,-2.6823031136488607e-11,-0.00019873953712875334,3.086168772337966e-10,0.1,-0.0,1
25,368,world,3.68,0.3572531052949339,0.8091871715063006,1.8243556308746347,-0.7248234855797466,1.213935876799211e-11,0.9990605832488748,5.265577995368215e-13,0.04333533198693935,0.09962454031017337,-2.430154681338074e-12,0.008657422710405385,-4.447516193978538e-10,-0.00019873953712112055,5.11704635496261e-09,0.1,-0.0,1
25,369,world,3.69,0.35825310529493404,0.8101834167951258,1.8243556308746345,-0.7247369100376303,-3.2071332202559716e-11,0.9990605401861624,-1.3911606070156577e-12,0.043336324751107276,0.09962451732697253,6.420298051858912e-12,0.008657687183523754,-2.619962522594301e-10,-0.00019873953711210002,3.014302867830291e-09,0.1,-0.0,1
25,370,world,3.7,0.3592531052949339,0.8111796618502668,1.824355630874635,-0.724650331806517,-1.808889103643334e-11,0.9990604971224636,-7.846612058050975e-13,0.043337317515232385,0.09962449357362735,3.621180316276844e-12,0.008657960510321415,4.557422467113727e-10,-0.00019873953710101988,-5.24325635116572e-09,0.1,-0.0,1
25,371,world,3.71,0.3602531052949338,0.8121759066640323,1.8243556308746351,-0.7245637507979431,2.0509477727613723e-11,0.9990604540577782,8.896820065451329e-13,0.04333831027931462,0.09962446905097422,-4.10575308884083e-12,0.008658242680329609,1.0605887147751128e-10,-0.0001987395370850383,-1.2201656633327355e-09,0.1,-0.0,1
25,372,world,3.72,0.36125310529493393,0.8131721512287248,1.8243556308746347,-0.724477166923446,-5.852733265278698e-12,0.9990604109921063,-2.5389193468685673e-13,0.043339303043353976,0.0996244437588595,1.1716475201042721e-12,0.008658533694445162,-1.3961746381195146e-10,-0.00019873953707116052,1.6062070863910712e-09,0.1,-0.0,1
25,373,world,3.73,0.3622531052949338,0.8141683955366447,1.8243556308746345,-0.724390580094563,4.4019882993561325e-12,0.999060367925448,1.909629099097915e-13,0.043340295807350486,0.09962441769687158,-8.812256877405357e-13,0.008658833556505279,1.5511933801748197e-10,-0.00019873953705589495,-1.784504843989934e-09,0.1,-0.0,1
25,374,world,3.74,0.36325310529493393,0.8151646395800962,1.8243556308746351,-0.7243039902228318,1.2042776307826871e-11,0.999060324857803,5.224403673836992e-13,0.0433412885713041,0.09962439086515426,-2.410820649687991e-12,0.008659142263929559,-2.834196397761284e-10,-0.00012301152472126212,3.2604349355335764e-09,0.1,-0.0,1
25,375,world,3.75,0.36425310529493404,0.8161608833513812,1.8243556308746347,-0.7242173972198098,-2.829456010871569e-11,0.9990603146111333,-1.2274828253911471e-12,0.04334152476670916,0.09962436326592426,5.664234620115208e-12,0.008659459790261892,-1.6586406356032818e-10,0.00019208930942133528,1.9081115255942768e-09,0.1,-0.0,1
25,376,world,3.7600000000000002,0.36525310529493393,0.8171571268430552,1.8243556308746345,-0.7241308009999383,-7.092295517306635e-12,0.9990604081099418,-3.0766469516063845e-13,0.04333936948314542,0.09962433495416538,1.4197931295712096e-12,0.008659785501977773,4.188014876581081e-10,0.0004314621313269489,-4.81802821678124e-09,0.1,-0.0,1
25,377,world,3.77,0.36625310529493404,0.8181533700481678,1.8243556308746351,-0.724044201483404,2.0021957406398773e-11,0.9990605016041006,8.685118222757959e-13,0.04333721419937909,0.09962430595344102,-4.0081571383463186e-12,0.008660119127077757,6.147207175263711e-11,0.0004314621315011152,-7.072300312431067e-10,0.1,-0.0,1
25,378,world,3.7800000000000002,0.36725310529493393,0.8191496129598304,1.8243556308746347,-0.7239575985910743,0.0,0.9990605950936099,0.0,0.04333505891541022,0.09962427626414161,-0.0,0.008660460660149302,-3.2040160455923874e-10,0.0004314621316586759,3.686372754800068e-09,0.1,-0.0,1
25,379,world,3.79,0.3682531052949338,0.8201458555711517,1.8243556308746345,-0.7238709922438179,-1.694598611113775e-11,0.9990606885784696,-7.35009185613222e-13,0.04333290363123894,0.09962424588549679,3.39238372604861e-12,0.008660810109111015,1.6185740187452573e-10,0.0004314621317987937,-1.8623394913402106e-09,0.1,-0.0,1
25,380,world,3.8000000000000003,0.36925310529493394,0.8211420978752404,1.8243556308746345,-0.7237843823625028,1.8676041005250163e-11,0.9990607820586797,8.100076065909486e-13,0.04333074834686532,0.09962421481733738,-3.738719671767637e-12,0.008661167474943386,1.4685646567577065e-10,0.00043146213192438767,-1.6898224807136291e-09,0.1,-0.0,1
25,381,world,3.81,0.3702531052949338,0.8221383398652048,1.8243556308746347,-0.7236977688679984,0.0,0.9990608755342403,0.0,0.04332859306228946,0.09962418306043407,-0.0,0.00866153274779502,7.040097523961659e-11,0.0004314621320319405,-8.101182417240027e-10,0.1,-0.0,1
25,382,world,3.8200000000000003,0.37125310529493394,0.8231345815341512,1.824355630874635,-0.7236111516811734,2.680012341070988e-11,0.9990609690051511,1.1622452637099893e-12,0.043326437777511446,0.09962415061390634,-5.365062636140409e-12,0.008661905936784729,1.2944209928871883e-10,0.00043146213212417984,-1.4895908968458128e-09,0.1,-0.0,1
25,383,world,3.83,0.37225310529493405,0.8241308228751859,1.824355630874635,-0.7235245307228965,1.4938005296313535e-11,0.9990610624714125,6.477865924746075e-13,0.04332428249253137,0.09962411747781581,-2.9904088617054665e-12,0.008662287040173394,-1.690463589713305e-11,0.0004314621322019434,1.9454452352085445e-10,0.1,-0.0,1
25,384,world,3.84,0.37325310529493394,0.8251270638814119,1.8243556308746345,-0.7234379059140366,2.4849185846727286e-11,0.9990611559330241,1.0775312240476621e-12,0.04332212720734931,0.09962408365257669,-4.974507445939598e-12,0.00866267605214495,-2.8365850624166044e-10,0.0004314621322609239,3.2646056518806305e-09,0.1,-0.0,1
25,385,world,3.85,0.37425310529493405,0.8261233045459366,1.8243556308746347,-0.7233512771754627,-1.7800288832508758e-11,0.9990612493899862,-7.718325707237488e-13,0.043319971921965385,0.09962404913748198,3.563402903823229e-12,0.008663072979755961,-4.817264622539897e-10,0.0004314621323074145,5.544433121595269e-09,0.1,-0.0,1
25,386,world,3.86,0.37525310529493394,0.8271195448618607,1.8243556308746347,-0.7232646444280436,-3.0751781289504637e-11,0.9990613428422987,-1.333351583148067e-12,0.043317816636379645,0.09962401393277949,6.1561347377747514e-12,0.008663477819060801,2.0195872440686063e-10,0.00043146213233591206,-2.3245612536555105e-09,0.1,-0.0,1
25,387,world,3.87,0.37625310529493383,0.8281157848222866,1.824355630874635,-0.723178007592649,5.5109870037300466e-12,0.9990614362899616,2.3893630370475357e-13,0.04331566135059222,0.09962397803779423,-1.1032328506758025e-12,0.008663890576703621,-9.548492224006126e-11,0.0004314621323469662,1.099094173224317e-09,0.1,-0.0,1
25,388,world,3.88,0.37725310529493394,0.8291120244203157,1.8243556308746351,-0.7230913665901478,-4.1773774031739045e-11,0.9990615297329748,-1.811068248567926e-12,0.04331350606460317,0.09962394145349412,8.36260282052296e-12,0.008664311240414705,-2.0193866436925778e-10,0.00043146213234419075,2.3245629868002565e-09,0.1,-0.0,1
25,389,world,3.89,0.37825310529493383,0.8301082636490507,1.824355630874635,-0.723004721341409,-1.780029539671484e-11,0.9990616231713384,-7.716789635450359e-13,0.043311350778412604,0.09962390417869713,3.5634028738865587e-12,0.008664739822624511,2.9690922284491933e-10,0.00043146213232406796,-3.41796223887792e-09,0.1,-0.0,1
25,390,world,3.9,0.37925310529493395,0.8311045025015873,1.824355630874635,-0.7229180717673025,-7.497634221857733e-12,0.9990617166050524,-3.2502146848898514e-13,0.04330919549202061,0.09962386621389083,1.500935136958536e-12,0.008665176316543321,7.067963628620163e-11,0.00043146213228655006,-8.136911874621011e-10,0.1,-0.0,1
25,391,world,3.91,0.38025310529493406,0.8321007409710276,1.824355630874635,-0.7228314177886975,-9.640410035814241e-12,0.9990618100341168,-4.1788968492705654e-13,0.043307040205427284,0.09962382755883702,1.929892598245898e-12,0.008665620723705096,3.732913737305746e-10,0.000431462132235944,-4.297689110379294e-09,0.1,-0.0,1
25,392,world,3.92,0.38125310529493395,0.8330969790504634,1.824355630874635,-0.722744759326464,3.560060046704143e-11,0.9990619034585314,1.5431275088385362e-12,0.04330488491863268,0.09962378821344633,-7.1268056624548075e-12,0.008666073043910516,3.198081688288761e-10,0.0004314621321693306,-3.6821233321975205e-09,0.1,-0.0,1
25,393,world,3.93,0.38225310529493406,0.8340932167329963,1.8243556308746351,-0.7226580963014712,2.7284775623721255e-11,0.9990619968782966,1.1826145580410938e-12,0.043302729631636935,0.09962374817759491,-5.462078516704131e-12,0.008666533277335079,-3.299141584394518e-10,0.00043146213208328834,3.798669150409667e-09,0.1,-0.0,1
25,394,world,3.94,0.38325310529493395,0.8350894540117191,1.8243556308746351,-0.7225714286345893,-2.4933181419782547e-12,0.999062090293412,-1.0806346134038934e-13,0.043300574344440124,0.09962370745143741,4.991317632621766e-13,0.00866700142093076,1.1472103092319133e-11,0.00043146213198411013,-1.3209771202561715e-10,0.1,-0.0,1
25,395,world,3.95,0.38425310529493384,0.8360856908797234,1.8243556308746351,-0.7224847562466883,2.860948649937582e-11,0.9990621837038778,1.2399083417053177e-12,0.04329841905704231,0.09962366603457679,-5.727268352457987e-12,0.008667477477969684,2.1591348769598405e-11,0.0004314621318688765,-2.486301356365385e-10,0.1,-0.0,1
25,396,world,3.96,0.38525310529493395,0.837081927330107,1.824355630874635,-0.722398079058638,0.0,0.9990622771096939,0.0,0.04329626376944362,0.0996236239265679,-0.0,0.008667961452254456,-3.458681449494765e-10,0.00043146213173495587,3.982963252218879e-09,0.1,-0.0,1
25,397,world,3.97,0.38625310529493384,0.8380781633559575,1.8243556308746347,-0.7223113969913084,-1.1332543233557586e-11,0.9990623705108604,-4.910928192357844e-13,0.04329410848164414,0.09962358112805135,2.268635750515314e-12,0.00866845333508649,-1.5412969332173581e-10,0.0004314621315871574,1.7750222079283765e-09,0.1,-0.0,1
25,398,world,3.98,0.38725310529493395,0.8390743989503652,1.824355630874635,-0.7222247099655705,-1.7800309688244407e-11,0.9990624639073772,-7.713333266890572e-13,0.043291953193643935,0.09962353763854248,3.563402693704348e-12,0.008668953130679018,5.676420003707323e-11,0.0004314621314247872,-6.537530702749531e-10,0.1,-0.0,1
25,399,world,3.99,0.38825310529493384,0.8400706341064221,1.824355630874635,-0.7221380179022944,-4.7765688768327175e-12,0.9990625572992444,-2.069707245545214e-13,0.04328979790544311,0.09962349345770403,9.562101490696459e-13,0.008669460841528908,3.657579722187812e-10,0.000902239514736114,-4.212874202001181e-09,0.1,-0.0,1
25,400,world,4.0,0.38925310529493395,0.8410668688178264,1.8243556308746347,-0.7220513207293942,2.444727192659912e-11,0.9990628544638219,1.059142356294421e-12,0.04328293925555573,0.09962344942621978,-4.894040699945052e-12,0.008669966806247353,3.4924051230852535e-10,0.00305448568573286,-4.023829264291142e-09,0.1,-0.0,1
25,401,world,4.01,0.39025310529493407,0.842063103181841,1.824355630874635,-0.7219646195647419,3.557518185839901e-11,0.9990638791138677,1.5403988117059465e-12,0.04325928166244919,0.09962342911827252,-7.121702895873899e-12,0.008670200154352447,-2.1151450143778126e-10,0.004735954594436577,2.4378618689331264e-09,0.1,-0.0,1
25,402,world,4.0200000000000005,0.39125310529493396,0.8430593375150264,1.824355630874635,-0.7218779180458329,0.0,0.9990649032037592,0.0,0.0432356240438759,0.09962344326019779,-0.0,0.008670037657482029,-4.512744929886433e-10,0.004735954826020771,5.204136079699306e-09,0.1,-0.0,1
25,403,world,4.03,0.39225310529493407,0.8440555721618686,1.8243556308746351,-0.7217912201310475,-1.6612607105597545e-11,0.999065926733491,-7.185345840087234e-13,0.043211966399955254,0.09962349184936671,3.3256275940469072e-12,0.008669479323417696,-1.3579531507082337e-11,0.004735955036361546,1.5668653782988274e-10,0.1,-0.0,1
25,404,world,4.04,0.39325310529493396,0.84505180746681,1.8243556308746351,-0.7217045297787632,-1.5712714021053881e-12,0.999066949703058,-6.792393085787128e-14,0.04318830873080662,0.09962357487890922,3.145477453043291e-13,0.008668525154048553,1.1604075063825884e-10,0.00473595522545942,-1.339666189208305e-09,0.1,-0.0,1
25,405,world,4.05,0.39425310529493385,0.8460480437742058,1.8243556308746354,-0.7216178509473926,-3.1783492029415254e-12,0.9990679721124549,-1.3732032058557817e-13,0.04316465103654938,0.09962369233778279,6.362627979858176e-13,0.008667175144578541,1.6712436009924655e-10,0.004735955393310043,-1.9304791894923548e-09,0.1,-0.0,1
25,406,world,4.0600000000000005,0.39525310529493396,0.8470442814282745,1.8243556308746351,-0.7215311875953364,1.7787683113290535e-11,0.9990689939616766,7.680934179308596e-13,0.04314099331730295,0.09962384421003201,-3.560851429666156e-12,0.008665429292035884,-2.354367326819572e-10,0.004735955539915689,2.7210656421087597e-09,0.1,-0.0,1
25,407,world,4.07,0.39625310529493385,0.8480405207730459,1.824355630874635,-0.7214445436809985,-3.0465276467144796e-11,0.9990700152507177,-1.3148042967080193e-12,0.04311733557318669,0.09962403047471258,6.098726313393735e-12,0.008663287596146336,-1.6271944947246868e-10,0.0047359556652758275,1.8816715670710618e-09,0.1,-0.0,1
25,408,world,4.08,0.39725310529493396,0.8490367621523199,1.8243556308746347,-0.7213579231628129,-1.081676504662855e-12,0.9990710359795731,-4.6656761232939205e-14,0.04309367780432003,0.09962425110604892,2.165364282155175e-13,0.008660750057524674,4.158800880328901e-10,0.004735955769392017,-4.8118510303884576e-09,0.1,-0.0,1
25,409,world,4.09,0.3982531052949341,0.850033005909622,1.8243556308746351,-0.7212713299993136,1.7787738516721344e-11,0.9990720561482378,7.668298288875272e-13,0.043070020010822316,0.09962450607405876,-3.560851492612157e-12,0.008657816670490972,-1.4390607789332128e-10,0.00473595585226514,1.665953992446738e-09,0.1,-0.0,1
25,410,world,4.1,0.39925310529493396,0.8510292523881426,1.8243556308746351,-0.7211847681489385,-1.77877569396772e-11,0.9990730757567062,-7.664086305630053e-13,0.04304636219281295,0.0996247953438995,3.5608515204173174e-12,0.008654487430584513,-3.922698641685201e-10,0.004735955913890415,4.54369072733735e-09,0.1,-0.0,1
25,411,world,4.11,0.40025310529493396,0.8520255019307049,1.8243556308746351,-0.7210982415702016,-2.7775920253089056e-11,0.9990740948049734,-1.1961026827970405e-12,0.04302270435041135,0.09962511887578646,5.560331568783525e-12,0.008650762335506679,1.5305563774712397e-10,0.004735955954272432,-1.7738350446036797e-09,0.1,-0.0,1
25,412,world,4.12,0.40125310529493396,0.8530217548797117,1.8243556308746351,-0.7210117542216802,0.0,0.9990751132930343,0.0,0.04299904648373686,0.09962547662501477,-0.0,0.008646641384875269,1.3404636010546812e-10,0.004735955973410859,-1.554386936171745e-09,0.1,-0.0,1
25,413,world,4.13,0.40225310529493385,0.8540180115771017,1.8243556308746351,-0.7209253100620556,-1.2188829293138172e-11,0.9990761312208838,-5.243040635202943e-13,0.04297538859290891,0.09962586854282589,2.440019745389811e-12,0.008642124570241798,1.528876268834818e-10,0.004735955971304211,-1.773849602578893e-09,0.1,-0.0,1
25,414,world,4.14,0.40325310529493386,0.8550142723642878,1.8243556308746354,-0.7208389130498862,1.7787830141714184e-11,0.9990771485885165,7.647238160467857e-13,0.04295173067804686,0.09962629457529244,-3.5608516272584243e-12,0.00863721188793324,-1.8780739680759152e-12,0.004735955947948324,2.180206464235089e-11,0.1,-0.0,1
25,415,world,4.15,0.40425310529493386,0.8560105375821264,1.8243556308746351,-0.7207525671438629,-1.2407480443737503e-11,0.9990781653959274,-5.331206720835085e-13,0.042928072739270164,0.09962675466405435,2.483785360791462e-12,0.008631903330571265,-2.52402893880495e-10,0.0047359559033497076,2.9317022867368546e-09,0.1,-0.0,1
25,416,world,4.16,0.40525310529493397,0.8570068075708718,1.8243556308746351,-0.720666276302796,-1.16105126729015e-11,0.9990791816431114,-4.986013727851064e-13,0.04290441477669813,0.09962724874526234,2.324242408385866e-12,0.008626198899261804,3.533162029622582e-10,0.004735955837512789,-4.1061028894446206e-09,0.1,-0.0,1
25,417,world,4.17,0.40625310529493397,0.8580030826701179,1.824355630874635,-0.7205800444855197,2.8767343560167482e-11,0.9990801973300634,1.2347011441198005e-12,0.042880756790450184,0.09962777675118838,-5.75876486061825e-12,0.008620098585014672,-7.287617116799823e-12,0.004735955750425076,8.474082526060389e-11,0.1,-0.0,1
25,418,world,4.18,0.40725310529493397,0.858999363218744,1.8243556308746351,-0.720493875650814,-1.2460290926109841e-11,0.9990812124567783,-5.345030137667367e-13,0.042857098780645746,0.09962833860957755,2.494349648057247e-12,0.008613602376204775,2.998310531198768e-10,0.004735955642092289,-3.488387748746518e-09,0.1,-0.0,1
25,419,world,4.19,0.40825310529493397,0.8599956495548868,1.8243556308746351,-0.7204077737576022,6.37477630182131e-11,0.9990822270232509,2.7330443442636163e-12,0.042833440747404174,0.09962893424207234,-1.2761263073510805e-11,0.008606710276803086,2.3112556786020436e-10,0.004735955512516078,-2.6905264505683077e-09,0.1,-0.0,1
25,420,world,4.2,0.40925310529493397,0.8609919420158976,1.8243556308746354,-0.7203217427650102,1.451928176068681e-11,0.9990832410294763,6.221376472711864e-13,0.042809782690844886,0.09962956356772691,-2.906520630643287e-12,0.008599422265725907,-6.981056720669574e-10,0.004735955361693932,8.13114499922846e-09,0.1,-0.0,1
25,421,world,4.21,0.41025310529493386,0.8619882409382643,1.8243556308746351,-0.7202357866320445,-1.7787954807213764e-11,0.9990842544754494,-7.617752432275361e-13,0.04278612461108727,0.09963022649882211,3.5608514738568943e-12,0.008591738345259713,-5.808914575082399e-10,0.004735955189626016,6.769661063417977e-09,0.1,-0.0,1
25,422,world,4.22,0.41125310529493386,0.8629845466575836,1.8243556308746351,-0.7201499093177853,-5.336391629579174e-11,0.9990852673611651,-2.284061989398715e-12,0.042762466508250746,0.09963092294368364,1.068255412290255e-11,0.00858365850845521,4.621800717987417e-12,0.004735954996317189,-5.389204701715802e-11,0.1,-0.0,1
25,423,world,4.23,0.41225310529493386,0.8639808595085159,1.8243556308746354,-0.7200641147814489,-1.7247586419222512e-11,0.9990862796866185,-7.378154479933361e-13,0.04273880838245464,0.09963165280587351,3.4526718445798343e-12,0.008575182748482839,5.327288224793615e-10,0.00473595478176312,-6.21528889041972e-09,0.1,-0.0,1
25,424,world,4.24,0.41325310529493386,0.864977179824753,1.8243556308746351,-0.7199784069825539,8.959819181024242e-12,0.9990872914518042,3.830696533324492e-13,0.04271515023381841,0.09963241598478073,-1.7936007837954862e-12,0.008566311051766189,2.3194770526386263e-10,0.0047359545459605065,-2.7076155490128543e-09,0.1,-0.0,1
25,425,world,4.25,0.414253105294934,0.8659735079389198,1.824355630874635,-0.719892789880294,9.902925789517029e-12,0.9990883026567176,4.231564683663131e-13,0.04269149206246143,0.09963321237424196,-1.9823924296049114e-12,0.008557043414007077,-3.731009723441161e-11,0.0067370630825181535,4.358805487280573e-10,0.1,-0.0,1
25,426,world,4.26,0.415253105294934,0.8669698441422863,1.8243556308746358,-0.7198072669646504,4.5890807393026165e-12,0.9990901669310894,1.9589261526625245e-13,0.042647840995856987,0.09963402953193931,-9.186519372012968e-13,0.008547523572862937,2.1885633884248958e-10,0.00877968895543502,-2.5588617316489035e-09,0.1,-0.0,1
25,427,world,4.2700000000000005,0.416253105294934,0.8679661885540417,1.8243556308746351,-0.7197218397301739,3.556168414879568e-11,0.9990920469862932,1.5164388471908521e-12,0.04260377505267145,0.0996348540393509,-7.1188001439049205e-12,0.008537907270358741,2.4364975743039513e-11,0.008821206906115696,-2.851694345328233e-10,0.1,-0.0,1
25,428,world,4.28,0.417253105294934,0.8689625412474717,1.824355630874635,-0.7196365091406778,7.448588913456378e-12,0.9990939250982351,3.172972718550544e-13,0.04255970901923834,0.09963568586360046,-1.4910687595790113e-12,0.00852819456215274,-4.378220061273533e-10,0.008821208312546026,5.129635021769177e-09,0.1,-0.0,1
25,429,world,4.29,0.41825310529493387,0.8699589022956046,1.8243556308746351,-0.7195512761602256,-1.5874486399164914e-11,0.9990958012668815,-6.755248035811169e-13,0.04251564289632911,0.09963652497646262,3.1777705317349833e-12,0.008518385446476515,1.4523304086736446e-11,0.008821209581696094,-1.7033608522599628e-10,0.1,-0.0,1
25,430,world,4.3,0.41925310529493387,0.8709552717711982,1.8243556308746354,-0.719466141753065,9.156615427420746e-12,0.9990976754921985,3.8924712151548146e-13,0.04247157668471523,0.09963737134871731,-1.832976981586875e-12,0.008508479929917573,2.711945743759061e-10,0.008821210713563123,-3.1840145571346365e-09,0.1,-0.0,1
25,431,world,4.3100000000000005,0.42025310529493387,0.8719516497466853,1.8243556308746354,-0.7193811068830147,1.6052109900580292e-11,0.9990995477741528,6.816648661567442e-13,0.0424275103851682,0.0996382249525979,-3.2133153483493805e-12,0.00849847799876537,-3.3411187318635685e-10,0.008821211708148096,3.926804138319351e-09,0.1,-0.0,1
25,432,world,4.32,0.42125310529493387,0.8729480362942598,1.8243556308746351,-0.7192961725144932,-3.021786166834073e-11,0.9991014181127107,-1.2818889299472821e-12,0.04238344399845949,0.09963908575928465,6.049007749001712e-12,0.008488379648314634,-1.3606899509979735e-10,0.008821212565453504,1.6008854511701732e-09,0.1,-0.0,1
25,433,world,4.33,0.422253105294934,0.8739444314857826,1.8243556308746351,-0.7192113396114554,0.0,0.9991032865078391,0.0,0.04233937752536058,0.099639953738414,-0.0,0.008478184888684714,1.1978830354836133e-10,0.00882121328547408,-1.4108138423834607e-09,0.1,-0.0,1
25,434,world,4.34,0.423253105294934,0.8749408353928361,1.8243556308746354,-0.7191266091380801,-1.607174313253954e-11,0.9991051529595045,-6.803681990361238e-13,0.04229531096664301,0.09964082886134623,3.217227509479485e-12,0.008467893706460632,-0.0,0.008821213868211206,-0.0,0.1,-0.0,1
25,435,world,4.3500000000000005,0.424253105294934,0.8759372480867262,1.8243556308746351,-0.7190419820587826,0.0,0.9991070174676743,0.0,0.042251244323078266,0.09964171109817942,-0.0,0.008457506099728873,6.392014210616083e-10,0.00882121431366738,-7.544020702966372e-09,0.1,-0.0,1
25,436,world,4.36,0.425253105294934,0.8769336696384114,1.824355630874635,-0.7189574593374946,5.957124862756265e-11,0.9991088800323152,2.51657684227989e-12,0.04220717759543787,0.09964260041806294,-1.1924876117629624e-11,0.008447022074450009,4.3452166868941936e-11,0.008821214621841496,-5.133720319849124e-10,0.1,-0.0,1
25,437,world,4.37,0.4262531052949339,0.8779301001186024,1.8243556308746351,-0.7188730419387762,5.147495071789069e-12,0.9991107406533946,2.1722757662733216e-13,0.042163110784493314,0.09964349679185103,-1.0304153141655381e-12,0.008436441613167029,-5.492342592086922e-10,0.00882121479273327,6.495827504345512e-09,0.1,-0.0,1
25,438,world,4.38,0.4272531052949339,0.8789265395976624,1.8243556308746351,-0.7187887308267343,-5.56073523378571e-12,0.9991125993308796,-2.3442087662090946e-13,0.042119043891016145,0.09964440018799747,1.113134838376035e-12,0.008425764723407182,-4.336159489462385e-11,0.008821214826339924,5.13379690013239e-10,0.1,-0.0,1
25,439,world,4.39,0.4282531052949339,0.8799229881456605,1.8243556308746351,-0.7187045269656642,0.0,0.9991144560647378,0.0,0.042074976915777884,0.09964531057575833,-0.0,0.008414991399916352,-3.0594203936723615e-11,0.008821214722667298,3.6260153451020313e-10,0.1,-0.0,1
25,440,world,4.4,0.4292531052949339,0.8809194458323764,1.8243556308746354,-0.7186204313201553,-9.196439489047118e-12,0.9991163108549367,-3.868765978429387e-13,0.04203090985955004,0.0996462279236757,1.840914691470312e-12,0.008404121642555972,-1.137650124862475e-10,0.008821214481711635,1.3497605122636603e-09,0.1,-0.0,1
25,441,world,4.41,0.430253105294934,0.8819159127272288,1.8243556308746351,-0.7185364448542542,-1.353351898547069e-11,0.999118163701444,-5.687312610031785e-13,0.041986842723104184,0.09964715220061421,2.7090927720479912e-12,0.0083931554440288,3.567183762740488e-11,0.008821214103473222,-4.236736724067438e-10,0.1,-0.0,1
25,442,world,4.42,0.431253105294934,0.8829123888993714,1.8243556308746351,-0.7184525685326638,-4.948487622256235e-12,0.9991200146042275,-2.0773611018364587e-13,0.04194277550721182,0.09964808337436709,9.905692108481603e-13,0.008382092806405178,-1.3646886602103998e-10,0.008821213587952055,1.6225498524124757e-09,0.1,-0.0,1
25,443,world,4.43,0.432253105294934,0.8839088744176017,1.8243556308746351,-0.7183688033196494,-2.98020583394229e-11,0.999121863563255,-1.24976521086873e-12,0.04189870821264455,0.09964902141318276,5.965650322170901e-12,0.008370933723011368,-2.3456326623974163e-10,0.008821212935147855,2.791794300120672e-09,0.1,-0.0,1
25,444,world,4.44,0.433253105294934,0.8849053693504035,1.8243556308746351,-0.7182851501796231,-3.294026385481237e-11,0.9991237105784949,-1.3799121152129005e-12,0.04185464084017387,0.09964996628487655,6.5938308701177535e-12,0.008359678188959684,4.684917826531205e-10,0.008821212145061595,-5.581935599104275e-09,0.1,-0.0,1
25,445,world,4.45,0.4342531052949339,0.8859018737659642,1.824355630874635,-0.7182016100773526,2.6164462445186667e-11,0.9991255556499151,1.094908613940646e-12,0.0418105733905714,0.09965091795605217,-5.237472356096873e-12,0.008348326210454535,1.4621837910097633e-10,0.008821211217693687,-1.7439929168075587e-09,0.1,-0.0,1
25,446,world,4.46,0.4352531052949339,0.8868983877320876,1.8243556308746351,-0.7181181839770018,-1.545453955424365e-11,0.999127398777484,-6.460458573320529e-13,0.04176650586460863,0.09965187639533542,3.0936073834485848e-12,0.008336877766213965,-1.7892947409102752e-10,0.008821210153043435,2.1364120817538287e-09,0.1,-0.0,1
25,447,world,4.47,0.4362531052949339,0.8878949113163056,1.824355630874635,-0.7180348728434172,4.7443084334813796e-12,0.9991292399611701,1.9811662775930891e-13,0.04172243826305718,0.09965284156743992,-9.496886308527907e-13,0.008325332878313057,2.2755290412838223e-10,0.00882120895111113,-2.71985901287627e-09,0.1,-0.0,1
25,448,world,4.48,0.4372531052949339,0.8888914445857757,1.8243556308746354,-0.717951677641027,1.1815300984277506e-11,0.9991310792009418,4.928707586694398e-13,0.04167837058668859,0.09965381344034838,-2.365115268856553e-12,0.008313691526406533,-3.0340678532445884e-11,0.008821207611896273,3.630368010571623e-10,0.1,-0.0,1
25,449,world,4.49,0.4382531052949339,0.8898879876073283,1.824355630874635,-0.7178685993343598,1.1044601939712519e-12,0.9991329164967679,4.602333626204606e-14,0.04163430283627448,0.09965479197987527,-2.210837333732688e-13,0.008301953712698545,1.2967376416623487e-10,0.008821206135399766,-1.5532426847632716e-09,0.1,-0.0,1
25,450,world,4.5,0.439253105294934,0.8908845404474851,1.8243556308746351,-0.7177856388883666,2.738832070612569e-11,0.9991347518486172,1.140073140945497e-12,0.041590235012586366,0.09965577715215053,-5.482407665805424e-12,0.00829011943224653,-9.188032349508911e-12,0.007855642526558985,1.1015936075593406e-10,0.1,-0.0,1
25,451,world,4.51,0.440253105294934,0.8918811031598449,1.824355630874635,-0.717702797116583,0.0,0.9991361840558833,0.0,0.04155581439760506,0.09965676184586687,-0.0,0.008278273877818586,-1.5416248842500525e-10,0.006036218406775998,1.849885600372457e-09,0.1,-0.0,1
25,452,world,4.5200000000000005,0.441253105294934,0.8928776755476898,1.8243556308746347,-0.7176200718200056,8.841423040795536e-12,0.9991372605058166,3.6750069297197175e-13,0.04152992498105446,0.09965770846665806,-1.7698114034835953e-12,0.008266870216387525,-1.476211810448286e-10,0.005182357277762645,1.772685542694341e-09,0.1,-0.0,1
25,453,world,4.53,0.4422531052949339,0.893874257184381,1.824355630874635,-0.7175374580172063,-1.777288786263675e-11,0.9991383362849727,-7.382827208437829e-13,0.0415040355350762,0.09965861164751222,3.5576428101782605e-12,0.008255975078108069,-1.6331241520038759e-10,0.005182357572834251,1.9623408976712975e-09,0.1,-0.0,1
25,454,world,4.54,0.4432531052949339,0.8948708476363896,1.8243556308746347,-0.7174549506232337,-1.0832860527365269e-11,0.999139411393345,-4.4971398993578017e-13,0.04147814605982671,0.09965947155401042,2.1684380377866808e-12,0.008245588491756708,-7.421888516985933e-11,0.005182357840068116,8.923640688821392e-10,0.1,-0.0,1
25,455,world,4.55,0.4442531052949339,0.8958674464717519,1.8243556308746345,-0.717372544552238,-2.6719681439126864e-11,0.9991404858309266,-1.1085438992833884e-12,0.04145225655546244,0.09966028834618595,5.348532817617e-12,0.00823571045842873,7.755179862307117e-12,0.005182358079466895,-9.33022434732366e-11,0.1,-0.0,1
25,456,world,4.5600000000000005,0.4452531052949339,0.8968640532601004,1.8243556308746345,-0.7172902347188013,-9.897447627940674e-12,0.9991415595977113,-4.103675741228938e-13,0.041426367022139816,0.09966106217468239,1.981189991521805e-12,0.008226340997922025,4.3413631695900216e-10,0.005182358291030301,-5.226356876412306e-09,0.1,-0.0,1
25,457,world,4.57,0.4462531052949339,0.8978606675725164,1.8243556308746347,-0.717208016037053,2.5678867910732725e-11,0.9991426326936924,1.0640296563773198e-12,0.04140047746001529,0.0996617931831545,-5.14017980740693e-12,0.008217480119728912,-1.6340258613562014e-10,0.00518235847475527,1.968361089223193e-09,0.1,-0.0,1
25,458,world,4.58,0.447253105294934,0.8988572889814843,1.824355630874635,-0.7171258834211167,-2.9631874312971754e-11,0.9991437051188634,-1.2270573103862277e-12,0.04137458786924532,0.09966248150765722,5.931452907217483e-12,0.008209127830402249,-3.34706466118777e-10,0.005182358630645155,4.034437747694591e-09,0.1,-0.0,1
25,459,world,4.59,0.448253105294934,0.899853917060814,1.8243556308746345,-0.7170438317850869,-1.4769434565580822e-11,0.9991447768732175,-6.112196223316801e-13,0.041348698249986306,0.09966312727535381,2.956414747089399e-12,0.008201284149243256,5.070925843081118e-10,0.00518235875869926,-6.116168133381284e-09,0.1,-0.0,1
25,460,world,4.6000000000000005,0.449253105294934,0.9008505513855335,1.8243556308746345,-0.7169618560427033,3.168717847489793e-11,0.9991458479567484,1.3105225968219323e-12,0.041322808602394734,0.09966373060653165,-6.342852166540935e-12,0.00819394908384769,2.699990987266123e-10,0.005182358858915216,-3.258576193604534e-09,0.1,-0.0,1
25,461,world,4.61,0.4502531052949339,0.9018471915318658,1.8243556308746345,-0.716879951108011,1.790006871547681e-11,0.9991469183694497,7.39848837977161e-13,0.041296918926627034,0.09966429161371895,-3.5830696275026844e-12,0.00818712264080566,-1.0642808689526756e-10,0.005182358931296208,1.2852730493956771e-09,0.1,-0.0,1
25,462,world,4.62,0.4512531052949339,0.9028438370770782,1.8243556308746345,-0.7167981118944714,1.8801514971509484e-11,0.9991479881113146,7.766195629234214e-13,0.04127102922283964,0.09966481040147217,-3.763508714683621e-12,0.008180804828292062,-2.3782021098763025e-10,0.005182358975840844,2.8738338457613203e-09,0.1,-0.0,1
25,463,world,4.63,0.4522531052949339,0.9038404875994849,1.8243556308746345,-0.7167163333159614,-1.0911927682746036e-11,0.9991490571823367,-4.504472842739158e-13,0.041245139491189006,0.09966528706634215,2.184243709698372e-12,0.008174995656489058,-5.450599103601517e-10,0.0051823589925497,6.590692595579792e-09,0.1,-0.0,1
25,464,world,4.64,0.4532531052949339,0.9048371426782934,1.8243556308746347,-0.7166346102858547,-4.727416908317147e-11,0.9991501255825097,-1.950263260156254e-12,0.041219249731831574,0.09966572169738275,9.462873925098046e-12,0.008169695131389708,1.3007582116689459e-10,0.005182358981421794,-1.573828777096131e-09,0.1,-0.0,1
25,465,world,4.65,0.4542531052949339,0.905833801893586,1.824355630874635,-0.7165529377177622,4.866594322953881e-12,0.9991511933118271,2.0064167764927691e-13,0.0411933599449238,0.09966611437543677,-9.741455073432259e-13,0.00816490326350282,5.996539434516574e-10,0.0051823589424561485,-7.259987301529719e-09,0.1,-0.0,1
25,466,world,4.66,0.455253105294934,0.9068304648262064,1.8243556308746345,-0.7164713105250643,2.5511074975078762e-11,0.9991522603702824,1.051117490989217e-12,0.04116747013062212,0.09966646517406007,-5.106542898615515e-12,0.008160620056581079,1.0626585004202712e-10,0.005182358875654723,-1.2873698086621924e-09,0.1,-0.0,1
25,467,world,4.67,0.456253105294934,0.9078271310576942,1.824355630874635,-0.7163897236211396,1.7773149988305e-11,0.999153326757869,7.318351024326464e-13,0.04114158028908299,0.0996667741595119,-3.5576414129619527e-12,0.008156845507722527,-1.253196867539741e-10,0.005182358781015437,1.5191599530950933e-09,0.1,-0.0,1
25,468,world,4.68,0.457253105294934,0.9088238001702108,1.8243556308746343,-0.7163081719193571,1.0280817465716292e-11,0.9991543924745808,4.230606514602621e-13,0.04111569042046286,0.09966704138858669,-2.057903265970258e-12,0.00815357963386328,-5.63022647698913e-10,0.005182358658542165,6.829436043227288e-09,0.1,-0.0,1
25,469,world,4.69,0.4582531052949339,0.9098204717464494,1.8243556308746345,-0.716226650332933,-5.0694985917945904e-11,0.9991554575204113,-2.084807567534484e-12,0.04108980052491818,0.09966726691232973,1.0147565384203397e-11,0.008150822426382905,-8.651791389200153e-11,0.005182358508233232,1.0501224983677477e-09,0.1,-0.0,1
25,470,world,4.7,0.4592531052949339,0.9108171453695759,1.8243556308746347,-0.7161451537752053,-2.4707812529578464e-13,0.9991565218953542,-1.0154559197350725e-14,0.04106391060260538,0.09966745077187232,4.9457333075258175e-14,0.008148573902003265,1.0598163373959455e-10,0.005182358330087253,-1.287181093562663e-09,0.1,-0.0,1
25,471,world,4.71,0.4602531052949339,0.9118138206231254,1.824355630874635,-0.7160636771593072,-3.779060611144646e-11,0.9991575855994029,-1.5521592354085882e-12,0.04103802065368092,0.09966759300249892,7.564492556279998e-12,0.008146834053068071,-3.278447909063468e-11,0.0051823581241034105,3.984305399222478e-10,0.1,-0.0,1
25,472,world,4.72,0.4612531052949339,0.9128104970909484,1.8243556308746347,-0.7159822153984989,-4.241485963462991e-12,0.9991586486325512,-1.7409885491337736e-13,0.04101213067830126,0.09966769363018192,8.490114031801267e-13,0.008145602889915149,1.8977874996553015e-10,0.005182357890284196,-2.3078489284417655e-09,0.1,-0.0,1
25,473,world,4.73,0.4622531052949339,0.9138071743571188,1.8243556308746347,-0.7159007634059168,-1.4653757434195033e-11,0.999159710994793,-6.011075330657512e-13,0.040986240676622855,0.09966775267441182,2.9332159308016125e-12,0.008144880406259977,-4.3073780161755394e-10,0.005182357628627815,5.241413428108547e-09,0.1,-0.0,1
25,474,world,4.74,0.4632531052949338,0.9148038520058606,1.8243556308746347,-0.7158193160947457,-5.678818528428381e-11,0.9991607726861215,-2.3280177180095575e-12,0.04096035064880215,0.09966777014598399,1.1367175762197549e-11,0.008144666606270983,2.237242200136824e-10,0.0051823573391358915,-2.7241074886348887e-09,0.1,-0.0,1
25,475,world,4.75,0.464253105294934,0.9158005296214715,1.8243556308746345,-0.7157378683781407,1.2656092079618128e-11,0.9991618337065307,5.185048958464613e-13,0.04093446059499558,0.09966774604762156,-2.5333416207901793e-12,0.008144961496951304,5.8623226828833e-10,0.004375506582526394,-7.141903184101437e-09,0.1,-0.0,1
25,476,world,4.76,0.465253105294934,0.9167972067893807,1.8243556308746345,-0.7156564151832284,1.481093071614016e-11,0.9991625639525101,6.06521328427259e-13,0.04091663226422777,0.09966768164907236,-2.964668722938601e-12,0.008145749486644259,1.8740746589269151e-10,0.001374547975920353,-2.2837435577994625e-09,0.1,-0.0,1
25,477,world,4.7700000000000005,0.4662531052949339,0.9177938832103041,1.8243556308746347,-0.7155749528485639,3.555110744934066e-11,0.9991623962759403,1.4559966976685815e-12,0.04092072663236759,0.09966760147457675,-7.1161816959176955e-12,0.008146730405810074,-2.863968979986385e-10,-0.0008195600264002726,3.490615381068359e-09,0.1,-0.0,1
25,478,world,4.78,0.4672531052949339,0.9187905587976615,1.8243556308746345,-0.7154934803160259,-2.0183180359543506e-11,0.9991622285825922,-8.266856170026378e-13,0.04092482099982645,0.0996675149355243,4.0400204988437835e-12,0.008147789060661935,-4.71331570051667e-10,-0.0008195600275812267,5.744027989939129e-09,0.1,-0.0,1
25,479,world,4.79,0.4682531052949339,0.9197872334877863,1.8243556308746345,-0.7154119968081692,-2.2033944494325027e-11,0.999162060872466,-9.025817579714757e-13,0.04092891536660372,0.09966742202828,4.410484416714106e-12,0.008148925465159879,1.970832612496726e-11,-0.0008195600286491226,-2.401574652838655e-10,0.1,-0.0,1
25,480,world,4.8,0.4692531052949339,0.9207839072169939,1.8243556308746347,-0.7153305015476006,-1.777554530428131e-11,0.9991618931455617,-7.282168925133079e-13,0.04093300973269877,0.09966732275120055,3.5580909644832733e-12,0.008150139606658563,3.486178636103024e-11,-0.0008195600296066898,-4.2476852268529265e-10,0.1,-0.0,1
25,481,world,4.8100000000000005,0.4702531052949339,0.9217805799215645,1.8243556308746347,-0.7152489937568685,-1.7775542620198495e-11,0.9991617254018793,-7.282897454371462e-13,0.04093710409811099,0.09966721710086998,3.5580910295608954e-12,0.00815143149195604,5.609473764311388e-10,-0.00081956003045675,-6.834097213735911e-09,0.1,-0.0,1
25,482,world,4.82,0.4712531052949338,0.9227772515377551,1.824355630874635,-0.7151674726585957,5.07377684080812e-11,0.9991615576414189,2.0790081744741694e-12,0.04094119846283976,0.09966710507417141,-1.0156068542660159e-11,0.00815280112195056,6.445256301097619e-11,-0.0008195600311970389,-7.851553056664912e-10,0.1,-0.0,1
25,483,world,4.83,0.47225310529493403,0.9237739220017858,1.8243556308746345,-0.7150859374753219,-9.904180338922112e-12,0.9991613898641805,-4.0586993082525217e-13,0.04094529282688448,0.09966698666849937,1.9824985332982663e-12,0.008154248489049892,-5.610594082528077e-10,-0.0008195600318242692,6.834088174598873e-09,0.1,-0.0,1
25,484,world,4.84,0.47325310529493403,0.9247705912498507,1.8243556308746347,-0.715004387429688,-1.777553493332085e-11,0.999161222070164,-7.285083191981176e-13,0.040949387190244484,0.09966686188010405,3.5580913023922316e-12,0.0081557735974132,3.1080663794839233e-10,-0.0008195600323427411,-3.7854574527806775e-09,0.1,-0.0,1
25,485,world,4.8500000000000005,0.4742531052949339,0.9257672592180983,1.8243556308746347,-0.7149228217442247,2.8045912973285332e-11,0.9991610542593695,1.149542183104409e-12,0.04095348155291921,0.09966673070519694,-5.6138921480596775e-12,0.008157376449432558,1.4258986953079603e-10,-0.0008195600327521358,-1.7364933114736224e-09,0.1,-0.0,1
25,486,world,4.86,0.4752531052949339,0.9267639258426554,1.8243556308746343,-0.714841239641593,-3.667714925019648e-13,0.9991608864317971,-1.5034687057476947e-14,0.04095757591490799,0.09966659314073281,7.341590036159783e-14,0.008159057036179546,-2.282003829160648e-10,-0.0008195600330497688,2.7787992685745567e-09,0.1,-0.0,1
25,487,world,4.87,0.4762531052949339,0.9277605910595952,1.8243556308746343,-0.7147596403443126,1.87767482104569e-13,0.9991607185874468,7.69773025248132e-15,0.04096167027621025,0.09966644918177492,-3.758503969818363e-14,0.008160815369598668,-3.0726458664501177e-12,-0.0008195600332385069,3.74118930688694e-11,0.1,-0.0,1
25,488,world,4.88,0.4772531052949339,0.9287572548049631,1.8243556308746347,-0.714678023075064,-7.418348529483417e-13,0.9991605507263186,-3.04153641406123e-14,0.04096576463682534,0.09966629882469996,1.4849161760231902e-13,0.008162651443349331,1.4409919792310122e-10,-0.0008195600333169165,-1.7543454353633894e-09,0.1,-0.0,1
25,489,world,4.89,0.4782531052949339,0.9297539170147517,1.8243556308746347,-0.7145963870563657,1.7775523315620705e-11,0.9991603828484125,7.288726578192976e-13,0.040969858996752644,0.09966614206545615,-3.5580920073908093e-12,0.008164565254091285,1.3658497545505317e-10,-0.000819560033285737,-1.6626960057915737e-09,0.1,-0.0,1
25,490,world,4.9,0.4792531052949338,0.9307505776249209,1.8243556308746347,-0.7145147315109054,1.5927121044106998e-11,0.9991602149537285,6.53145616678396e-13,0.04097395335599156,0.09966597889920006,-3.1881014556480164e-12,0.00816655680591336,2.0866291930399148e-10,-0.0008195600331440925,-2.5398705638277512e-09,0.1,-0.0,1
25,491,world,4.91,0.48025310529493404,0.931747236571372,1.824355630874635,-0.714433055661212,4.323838669440397e-11,0.9991600470422668,1.7733141735481424e-12,0.04097804771454146,0.09966580932173563,-8.654946911282514e-12,0.008168626092767242,-1.3053244328526418e-10,-0.0008195600328907772,1.5886973030783819e-09,0.1,-0.0,1
25,492,world,4.92,0.48125310529493404,0.9327438937899715,1.8243556308746345,-0.7143513587299728,0.0,0.9991598791140273,0.0,0.040982142072401716,0.0996656333278238,-0.0,0.008170773119098333,-4.1288900816407635e-10,-0.000819560032530091,5.024726205563778e-09,0.1,-0.0,1
25,493,world,4.93,0.4822531052949339,0.9337405492165252,1.8243556308746347,-0.714269639939731,-7.135878413885426e-12,0.9991597111690099,-2.9271876811565403e-13,0.04098623642957173,0.09966545091242235,1.4283759094465961e-12,0.00817299788471367,3.3233284672952445e-11,-0.0008195600320554709,-4.0439776131755077e-10,0.1,-0.0,1
25,494,world,4.94,0.4832531052949339,0.9347372027867973,1.8243556308746345,-0.714187898513174,4.054199895014662e-12,0.9991595432072149,1.6632278188125052e-13,0.04099033078605084,0.09966526207029344,-8.115220179084406e-13,0.008175300389571543,-7.097677182047803e-11,-0.0008195600314739462,8.635910171367575e-10,0.1,-0.0,1
25,495,world,4.95,0.4842531052949339,0.9357338544364932,1.824355630874635,-0.7141061336728597,-1.5793620234556395e-11,0.9991593752286421,-6.479951031595821e-13,0.04099442514183849,0.09966506679637209,3.161381549984155e-12,0.008177680629291568,-2.824710235067579e-10,-0.0008195600307821382,3.436546144227694e-09,0.1,-0.0,1
25,496,world,4.96,0.48525310529493393,0.9367305041012668,1.8243556308746345,-0.7140243446414742,-3.039816603153162e-11,0.9991592072332915,-1.2473285475352632e-12,0.040998519496934005,0.09966486508486157,6.084749170260757e-12,0.008180138606181657,7.999926610907516e-11,-0.0008195600299793082,-9.73174422804679e-10,0.1,-0.0,1
25,497,world,4.97,0.48625310529493393,0.9377271517167107,1.824355630874635,-0.7139425306415945,-6.037256201387051e-12,0.9991590392211633,-2.4775163415427815e-13,0.041002613851336814,0.09966465692975683,1.2084675067625793e-12,0.008182674322852867,8.983240601428847e-12,-0.0008195600290661954,-1.092682849006862e-10,0.1,-0.0,1
25,498,world,4.98,0.4872531052949338,0.9387237972183652,1.8243556308746347,-0.7138606908959024,-2.93027086830963e-11,0.9991588711922575,-1.2026191822241172e-12,0.04100670820504624,0.09966444232573252,5.865475332164003e-12,0.008185287771406624,2.0599414021784935e-10,-0.0008195600280420147,-2.5053729076554256e-09,0.1,-0.0,1
25,499,world,4.99,0.4882531052949338,0.9397204405417025,1.8243556308746345,-0.7137788246269964,1.90798686839137e-11,0.9991587031465741,7.831395802944248e-13,0.04101080255806172,0.09966422126565311,-3.819186796433823e-12,0.00818797896375778,2.1024237269423032e-10,-0.0008195600269115325,-2.55678482183816e-09,0.1,-0.0,1
25,500,world,5.0,0.48925310529493404,0.9407170816221415,1.8243556308746347,-0.713696931057554,-3.670142985222973e-12,0.999158535084113,-1.506573090251507e-13,0.04101489691038261,0.09966399374451114,7.346467754824402e-13,0.008190747883682212,1.189366659401436e-10,-0.0003315728473659079,-1.446345538638971e-09,0.1,-0.0,1
25,501,world,5.01,0.49025310529493393,0.9417137203953753,1.8243556308746347,-0.7136150094143917,3.357993029522619e-11,0.9991585671603959,1.3784109797676806e-12,0.041014115496798,0.09966376008941757,-6.7216418674124006e-12,0.008193590472986682,-1.1593048180501673e-10,0.0012437216954960164,1.4099188773543598e-09,0.1,-0.0,1
25,502,world,5.0200000000000005,0.49125310529493393,0.9427103568217718,1.8243556308746347,-0.7135330592251838,-1.7805018426779805e-11,0.9991590451180071,-7.306641922859956e-13,0.041002470155737505,0.09966352527329973,3.564000847813999e-12,0.008196446187119653,-2.0582688982419905e-10,0.0023310290736553068,2.503598807302056e-09,0.1,-0.0,1
25,503,world,5.03,0.49225310529493393,0.9437069909025021,1.824355630874635,-0.7134510805141773,8.480622370736783e-12,0.9991595229398962,3.4792012475346273e-13,0.04099082480896478,0.09966329095618963,-1.6975512215154062e-12,0.008199294834428859,1.480162422192905e-10,0.002331029100884915,-1.8009264938239842e-09,0.1,-0.0,1
25,504,world,5.04,0.49325310529493394,0.9447036226425651,1.8243556308746347,-0.7133690733521115,2.497748189380704e-13,0.9991600006260621,1.024417222723388e-14,0.04097917945649404,0.09966305713979168,-4.999696076620066e-14,0.00820213640161031,7.642134423894775e-11,0.0023310291255811315,-9.300907148212201e-10,0.1,-0.0,1
25,505,world,5.05,0.49425310529493394,0.9457002520469671,1.824355630874635,-0.713287037809727,1.7805046166157357e-11,0.9991604781765047,7.300417218921521e-13,0.04096753409833956,0.09966282382397638,-3.564001229731737e-12,0.008204970897635595,-7.114264110323317e-11,0.002331029147744782,8.660932990301239e-10,0.1,-0.0,1
25,506,world,5.0600000000000005,0.4952531052949338,0.9466968791207184,1.8243556308746347,-0.7132049739577656,-8.433036424127796e-12,0.9991609555912231,-3.456725360893683e-13,0.040955888734515535,0.09966259100982304,1.6880235646996045e-12,0.008207798316768142,7.920212008448733e-11,0.0023310291673735253,-9.644852600302124e-10,0.1,-0.0,1
25,507,world,5.07,0.4962531052949338,0.9476935038688377,1.824355630874635,-0.7131228818669715,2.7474265869541275e-11,0.9991614328702167,1.1258571348243025e-12,0.04094424336503625,0.09966235869729485,-5.499464617335247e-12,0.008210618666808113,1.1582659111849859e-10,0.0023310291844684896,-1.4108836186731462e-09,0.1,-0.0,1
25,508,world,5.08,0.49725310529493405,0.9486901262963473,1.824355630874635,-0.7130407616080892,5.711391575554386e-12,0.9991619100134853,2.339781901033485e-13,0.04093259798991591,0.09966212688815294,-1.1432363844898322e-12,0.008213431933711038,-3.484043573001679e-10,0.0023310291990319702,4.2451267062751385e-09,0.1,-0.0,1
25,509,world,5.09,0.49825310529493394,0.9496867464082768,1.8243556308746354,-0.7129586132518654,-1.508402824353505e-11,0.9991623870210278,-6.177702572945938e-13,0.040920952609168754,0.09966189558207117,3.0193344526024237e-12,0.008216238128751155,1.2555689206832104e-11,0.0023310292110621886,-1.5302832860879741e-10,0.1,-0.0,1
25,510,world,5.1000000000000005,0.49925310529493394,0.9506833642096643,1.8243556308746347,-0.7128764368690473,7.245537168740897e-12,0.999162863892844,2.9665824936233015e-13,0.04090930722280903,0.09966166477951946,-1.4503214087825338e-12,0.008219037253516583,2.371349178221158e-10,0.0023310292205572423,-2.8910194886138577e-09,0.1,-0.0,1
25,511,world,5.11,0.5002531052949339,0.9516799797055503,1.8243556308746347,-0.7127942325303849,1.3898974556552226e-11,0.9991633406289331,5.689115463860669e-13,0.04089766183085098,0.0996614344817604,-2.7821222620722115e-12,0.008221829299966147,-1.8726100676555303e-10,0.0023310292275211158,2.2836373301421035e-09,0.1,-0.0,1
25,512,world,5.12,0.5012531052949339,0.952676592900983,1.824355630874635,-0.7127120003066284,-1.5648319245303992e-11,0.9991638172292947,-6.403328731331919e-13,0.04088601643330882,0.09966120468909288,3.1322825461268854e-12,0.008224614271729276,-7.205742086801827e-11,0.002331029231952294,8.789876978960466e-10,0.1,-0.0,1
25,513,world,5.13,0.5022531052949339,0.953673203801018,1.8243556308746351,-0.7126297402685298,5.086995168742426e-12,0.9991642936939279,2.081016398086886e-13,0.0408743710301968,0.09966097540212188,-1.0182498111405098e-12,0.008227392168704393,3.194812016250011e-11,0.002331029233847435,-3.8982862967000786e-10,0.1,-0.0,1
25,514,world,5.14,0.5032531052949338,0.9546698124107131,1.8243556308746351,-0.7125474524868421,-1.1740245237229907e-11,0.9991647700228324,-4.801394467175094e-13,0.04086272562152917,0.09966074662169662,2.350011356505599e-12,0.00823016298781428,5.276190351920563e-11,0.0023310292332118323,-6.439812923676186e-10,0.1,-0.0,1
25,515,world,5.15,0.5042531052949338,0.9556664187351379,1.824355630874635,-0.7124651370323201,1.1542997245298387e-11,0.9991652462160077,4.719378582135129e-13,0.040851080207320145,0.09966051834785819,-2.310527608898077e-12,0.008232926735749768,-2.5096481246288364e-10,0.002331029230041064,3.0640090138367437e-09,0.1,-0.0,1
25,516,world,5.16,0.5052531052949341,0.9566630227793648,1.824355630874635,-0.7123827939757198,-4.2457306102756806e-11,0.9991657222734528,-1.7353801728653412e-12,0.040839434787583985,0.09966029058199669,8.498548991192451e-12,0.008235683402850342,-1.1259735466021126e-10,0.002331029224340197,1.3750859238599726e-09,0.1,-0.0,1
25,517,world,5.17,0.506253105294934,0.9576596245484683,1.824355630874635,-0.7123004233877984,-2.2423696480613476e-12,0.9991661981951676,-9.162739475065691e-14,0.04082778936233489,0.09966006332365318,4.488480365730819e-13,0.008238433001817811,5.320652839394805e-10,0.002331029216103296,-6.499666171402704e-09,0.1,-0.0,1
25,518,world,5.18,0.507253105294934,0.9586562240475368,1.8243556308746347,-0.7122180253393144,2.2702382352175776e-11,0.9991666739811511,9.273965293340147e-13,0.040816143931587154,0.09965983657456583,-4.54426168030646e-12,0.008241175518749349,2.713828326392871e-10,0.002331029205333309,-3.3161411983470227e-09,0.1,-0.0,1
25,519,world,5.19,0.508253105294934,0.9596528212816602,1.824355630874635,-0.7121355999010279,3.1002189763259e-11,0.9991671496314031,1.2660832634602584e-12,0.04080449849535496,0.09965961033456809,-6.2056037746415165e-12,0.008243910962768315,-3.996597938074409e-11,0.0023310291920321433,4.885012200085222e-10,0.1,-0.0,1
25,520,world,5.2,0.509253105294934,0.9606494162559328,1.8243556308746351,-0.7120531471437002,1.7805150000350992e-11,0.9991676251459227,7.269279441039583e-13,0.04079285305365258,0.09965938460472562,-3.563994966844639e-12,0.008246639328076703,-2.20023576948804e-10,0.0023310291761955058,2.6901035557843176e-09,0.1,-0.0,1
25,521,world,5.21,0.510253105294934,0.9616460089754585,1.8243556308746351,-0.7119706671380931,4.0338087324400375e-12,0.9991681005247095,1.6464055575447023e-13,0.04078120760649424,0.09965915938547038,-8.074330442798871e-13,0.008249360616521463,-3.7451631286127106e-10,0.0023310291578263016,4.580312791258824e-09,0.1,-0.0,1
25,522,world,5.22,0.5112531052949338,0.9626425994453454,1.8243556308746351,-0.7118881599549709,-2.811261148526634e-11,0.999168575767763,-1.1470925818259948e-12,0.040769562153894184,0.09965893467759723,5.627197768703713e-12,0.008252074825545894,5.188047731831721e-11,0.0023310291369228833,-6.346773748975678e-10,0.1,-0.0,1
25,523,world,5.23,0.5122531052949338,0.9636391876707084,1.824355630874635,-0.711805625665098,1.039646392497342e-11,0.9991690508750823,4.240906083055065e-13,0.04075791669586664,0.09965871048072128,-2.0810207415117637e-12,0.008254781966822416,3.2239651409118884e-10,0.0023310291134894154,-3.945155101943696e-09,0.1,-0.0,1
25,524,world,5.24,0.5132531052949338,0.9646357736566684,1.8243556308746354,-0.711723064339241,1.1437551470842152e-11,0.9991695258466672,4.664249283131996e-13,0.040746271232425836,0.09965848679655857,-2.2894100673184006e-12,0.00825748202663274,-3.0392697970403467e-10,0.002331029087521169,3.7202123070591753e-09,0.1,-0.0,1
25,525,world,5.25,0.514253105294934,0.9656323574083512,1.8243556308746351,-0.711640476048167,-2.6898610492985513e-11,0.9991700006825168,-1.0966150217117957e-12,0.04073462576358603,0.09965826362550627,5.384187069801425e-12,0.008260175007171192,5.153920237336397e-11,0.004955198825826186,-6.312500405440471e-10,0.1,-0.0,1
25,526,world,5.26,0.515253105294934,0.966628938933126,1.8243556308746354,-0.7115578608896487,1.7765832906694388e-11,0.9991715436787398,7.236113245233681e-13,0.040696760345809144,0.09965804445469864,-3.55610963033355e-12,0.008262818857103815,5.012153231104522e-10,0.018574701566363185,-6.150961311103404e-09,0.1,-0.0,1
25,527,world,5.2700000000000005,0.516253105294934,0.9676255187606498,1.8243556308746354,-0.7114752252595521,3.4763914283766644e-11,0.9991775497809845,1.4108033958146323e-12,0.04054903221617376,0.09965795245511504,-6.958496825523555e-12,0.008263928391148688,-9.433323637694792e-11,0.029570065822865473,1.1603287990328738e-09,0.1,-0.0,1
25,528,world,5.28,0.517253105294934,0.9686220986103837,1.8243556308746351,-0.7113925898973099,6.1339805276592455e-12,0.9991835340541668,2.4802330778995905e-13,0.04040130288772618,0.09965804889631877,-1.227796351223801e-12,0.008262765286448526,-9.914287327440603e-11,0.029570125773153107,1.2239700216853364e-09,0.1,-0.0,1
25,529,world,5.29,0.518253105294934,0.9696186803664572,1.8243556308746354,-0.7113099775292067,2.2494494970691525e-11,0.9991894964969765,9.062182747547085e-13,0.04025357238952404,0.09965833369718378,-4.502537835530289e-12,0.00825932955516163,-1.8365290790468985e-10,0.029570180552430627,2.2756518602890894e-09,0.1,-0.0,1
25,530,world,5.3,0.5192531052949338,0.9706152659114182,1.8243556308746354,-0.7112274108815797,-1.667808291512033e-11,0.9991954371081193,-6.694271336501055e-13,0.04010584075062602,0.0996588066230923,3.3382928669439038e-12,0.008253621172618379,6.97471789507925e-11,0.029570230160637836,-8.674395635663781e-10,0.1,-0.0,1
25,531,world,5.3100000000000005,0.5202531052949338,0.9716118571247088,1.8243556308746351,-0.7111449126812474,3.119020257012084e-11,0.9992013558863164,1.247297629751638e-12,0.03995810800009167,0.09965946728300097,-6.243005163472819e-12,0.00824564011271779,1.4752062873390364e-10,0.02957027459772617,-1.841517189783589e-09,0.1,-0.0,1
25,532,world,5.32,0.5212531052949338,0.9726084558810656,1.8243556308746354,-0.711062505655178,1.781239715904188e-12,0.999207252830305,7.096807931524936e-14,0.03981037416698148,0.09966031513257821,-3.565291787524121e-13,0.008235386310016413,-1.4765681580490938e-10,0.029570313863648702,1.850090118357053e-09,0.1,-0.0,1
25,533,world,5.33,0.522253105294934,0.9736050640489924,1.8243556308746356,-0.7109802125308919,1.2645443888891426e-11,0.9992131279388379,5.019466472980457e-13,0.0396626392803568,0.0996613494694894,-2.531069210006751e-12,0.00822285971668659,-1.0948944713160708e-10,0.02957034795836544,1.3770001054490127e-09,0.1,-0.0,1
25,534,world,5.34,0.523253105294934,0.974601683489228,1.8243556308746351,-0.7108980560368927,-1.202141225901691e-11,0.9992189812106836,-4.753962371709303e-13,0.03951490336927986,0.09966256943729535,2.4061499780605014e-12,0.008208060255400542,-2.4034763247712e-10,0.02957037688183822,3.0341000186973917e-09,0.1,-0.0,1
25,535,world,5.3500000000000005,0.524253105294934,0.9755983160531554,1.8243556308746351,-0.710816058902338,-1.7766861709351647e-11,0.9992248126446267,-6.999736131278284e-13,0.039367166462813685,0.09966397402420742,3.556110261237308e-12,0.008190987834328041,1.8114262449934846e-11,0.0295704006340353,-2.2953297586452614e-10,0.1,-0.0,1
25,536,world,5.36,0.525253105294934,0.9765949635812354,1.8243556308746351,-0.710734243857077,-9.720857447255375e-12,0.9992306222394669,-3.8154002289478497e-13,0.03921942859002207,0.09966556206323512,1.945657534574054e-12,0.008171642345295792,2.56523176057618e-10,0.02957041921493266,-3.2628080504560036e-09,0.1,-0.0,1
25,537,world,5.37,0.526253105294934,0.9775916279015093,1.8243556308746351,-0.7106526336324147,1.4936705140544222e-11,0.9992364099940203,5.840482830181427e-13,0.03907168977996956,0.09966733223073349,-2.9896063147952187e-12,0.008150023681474381,1.2953256939736171e-10,0.029570432624512494,-1.6538287095393207e-09,0.1,-0.0,1
25,538,world,5.38,0.5272531052949339,0.9785883108280313,1.8243556308746351,-0.7105712509610982,6.855394751795473e-12,0.9992421759071185,2.6704141338913767e-13,0.03892395006172143,0.0996692830482599,-1.3721104501153955e-12,0.008126131714773926,-9.975216608569512e-12,0.02957044086275906,1.2784586976522974e-10,0.1,-0.0,1
25,539,world,5.39,0.5282531052949339,0.9795850141592171,1.8243556308746354,-0.7104901185763336,1.3655497246771296e-11,0.9992479199776086,5.299069540144116e-13,0.0387762094643436,0.09967141288180147,-2.733138100597443e-12,0.008099966305205498,2.2201185759051082e-10,0.029570443929666082,-2.8562722212802436e-09,0.1,-0.0,1
25,540,world,5.4,0.5292531052949339,0.9805817396764039,1.8243556308746351,-0.7104092592132071,3.548296547853169e-11,0.9992536422043541,1.3716763584755732e-12,0.038628468016902645,0.0996737199408699,-7.1018494763347906e-12,0.008071527312041742,-2.008952577936623e-10,0.029570441825230356,2.594528553750999e-09,0.1,-0.0,1
25,541,world,5.41,0.530253105294934,0.9815784891423234,1.8243556308746351,-0.7103286956092789,-1.2348018448013789e-11,0.9992593425862335,-4.755129035924018e-13,0.03848072574846575,0.09967620228145706,2.4714189116890905e-12,0.008040814557372771,-2.1996958869848337e-10,0.029570434549450065,2.851826430107948e-09,0.1,-0.0,1
25,542,world,5.42,0.531253105294934,0.9825752642993307,1.8243556308746351,-0.7102484505019729,6.901419599971893e-12,0.9992650211221414,2.6474658119420474e-13,0.038332982688100745,0.09967885779989262,-1.3812907847445621e-12,0.008007827902045997,-4.154939067395347e-11,0.029570422102334903,5.407582646991575e-10,0.1,-0.0,1
25,543,world,5.43,0.532253105294934,0.9835720668680511,1.8243556308746351,-0.7101685466312112,-1.776772442822993e-11,0.9992706778109886,-6.789599819575436e-13,0.03818523886487594,0.09968168423994826,3.5561176432450794e-12,0.007972567157901725,-1.2740175129780185e-10,0.029570404483901032,1.6645559425544061e-09,0.1,-0.0,1
25,544,world,5.44,0.533253105294934,0.9845688985458261,1.8243556308746351,-0.7100890067395328,-9.780664354235762e-12,0.9992763126517008,-3.7230139451029494e-13,0.038037494307860166,0.09968467918801834,1.9575386026970444e-12,0.007935032147500293,1.351687077610271e-10,0.029570381694161187,-1.7729240515987277e-09,0.1,-0.0,1
25,545,world,5.45,0.534253105294934,0.9855657610049794,1.8243556308746351,-0.7100098535700327,0.0,0.99928192564322,0.0,0.03788974904612278,0.0996878400747516,-0.0,0.007895222684050915,-1.6851575929452897e-11,0.029570353733142693,2.2189728844464883e-10,0.1,-0.0,1
25,546,world,5.46,0.5352531052949339,0.9865626558913677,1.8243556308746351,-0.709931109867807,-1.2004550944130545e-11,0.999287516784504,-4.533988381144073e-13,0.03774200310873356,0.09969116417419198,2.4026103945674152e-12,0.007853138582395326,-2.4890564429412564e-10,0.029570320600874875,3.290412186984234e-09,0.1,-0.0,1
25,547,world,5.47,0.5362531052949339,0.9875595848228873,1.8243556308746347,-0.7098527983807856,-3.297480350712319e-11,0.9992930860745262,-1.2405401770266828e-12,0.03759425652476267,0.09969464860467149,6.599597135118884e-12,0.0078087796480035545,9.026093813690137e-11,0.029570282297394498,-1.1979153325156037e-09,0.1,-0.0,1
25,548,world,5.48,0.5372531052949339,0.9885565493877959,1.8243556308746351,-0.7097749418583614,0.0,0.9992986335122757,0.0,0.0374465093232807,0.09969829032731936,-0.0,0.007762145696232466,3.4757795889228105e-10,0.029570238822737474,-4.6312253717972656e-09,0.1,-0.0,1
25,549,world,5.49,0.5382531052949339,0.9895535511431185,1.8243556308746351,-0.7096975630509957,1.3435014717884456e-11,0.9993041590967575,5.014583453875283e-13,0.03729876153335859,0.09970208614840932,-2.68886492403044e-12,0.007713236522703536,-1.2438288901196894e-10,0.029570190176951856,1.6639047934645447e-09,0.1,-0.0,1
25,550,world,5.5,0.539253105294934,0.9905505916132309,1.8243556308746347,-0.7096206847120683,-1.6673954671173794e-11,0.9993096628269924,-6.198822375708051e-13,0.03715101318406758,0.09970603271639994,3.3370852307220832e-12,0.007662051941626749,-2.186814520113374e-10,0.029570136360088813,2.9370458082103534e-09,0.1,-0.0,1
25,551,world,5.51,0.540253105294934,0.991547672288267,1.8243556308746354,-0.7095443295975505,-1.599642354799052e-11,0.9993151447020169,-5.923255457608336e-13,0.03700326430447923,0.09971012652384255,3.2014699542645487e-12,0.007608591761903877,1.666652088299187e-10,0.02957007737220247,-2.2474058489715454e-09,0.1,-0.0,1
25,552,world,5.5200000000000005,0.541253105294934,0.9925447946223314,1.824355630874635,-0.7094685204630702,5.846324055371215e-12,0.9993206047208831,2.1561577180878736e-13,0.036855514923665324,0.09971436390589813,-1.1700576921639909e-12,0.007552855807052096,7.318904249482272e-11,0.03747369097530671,-9.919614966312447e-10,0.1,-0.0,1
25,553,world,5.53,0.542253105294934,0.9935419599792403,1.824355630874635,-0.7093932793635498,-6.056740823413653e-12,0.99932894102482,-2.2200001099518473e-13,0.03662878144590615,0.09971871548687652,1.2121597442108963e-12,0.00749518389683483,2.0399953860508318e-10,0.050196938213098334,-2.7809175057565025e-09,0.1,-0.0,1
25,554,world,5.54,0.5432531052949339,0.9945391689595994,1.8243556308746347,-0.7093186186577247,3.371189709680643e-11,0.9993389791591276,1.226368982990302e-12,0.03635388195492697,0.09972308128718853,-6.746829314325958e-12,0.00743687155925064,2.937766199898606e-10,0.0550167479677025,-4.0324981369145835e-09,0.1,-0.0,1
25,555,world,5.55,0.5442531052949339,0.9955364216174608,1.824355630874635,-0.7092445436458024,3.434866364224033e-11,0.9993489417476106,1.2400720268213674e-12,0.036078977645312545,0.09972745083789328,-6.8741986074935e-12,0.007378045091728679,-2.3873614363282346e-10,0.05501714513018957,3.302058024039148e-09,0.1,-0.0,1
25,556,world,5.5600000000000005,0.5452531052949339,0.9965337179858437,1.824355630874635,-0.709171059469918,6.270255724597692e-13,0.9993588287818469,2.246447024739614e-14,0.03580406870420405,0.0997318232380219,-1.2548540571360367e-13,0.007318704367574614,-2.721398218068346e-10,0.05501750899051849,3.793091981321516e-09,0.1,-0.0,1
25,557,world,5.57,0.5462531052949339,0.9975310580887011,1.8243556308746345,-0.7090981712732238,-3.6550672226467714e-12,0.9993686402536032,-1.2994349214416212e-13,0.03552915531875732,0.09973619757828936,7.314743565574766e-13,0.007258849263101582,7.877703438921891e-11,0.055017839547362,-1.1065249660326634e-09,0.1,-0.0,1
25,558,world,5.58,0.547253105294934,0.9985284419408376,1.8243556308746347,-0.7090258841999231,1.171339760196545e-11,0.9993783761548346,4.1320376036519623e-13,0.035254237676141956,0.09974057294083637,-2.3441339693620528e-12,0.007198479661268874,9.159958544457728e-11,0.05501813679952436,-1.2967055369666139e-09,0.1,-0.0,1
25,559,world,5.59,0.548253105294934,0.9995258695478572,1.824355630874635,-0.7089542033956243,9.33627423450746e-12,0.9993880364776851,3.2677646164557955e-13,0.03497931596354079,0.09974494840014196,-1.8683962367724214e-12,0.007137595439153033,-7.094626777680381e-11,0.05501840074592589,1.0122552558875353e-09,0.1,-0.0,1
25,560,world,5.6000000000000005,0.549253105294934,1.000523340906066,1.8243556308746347,-0.708883134007144,1.5723519741538393e-12,0.9993976212144869,5.460040683392159e-14,0.03470439036814893,0.09974932302254558,-3.1465963162687425e-13,0.00707619647436798,-2.2000001190157543e-10,0.05501863138560566,3.163898905441977e-09,0.1,-0.0,1
25,561,world,5.61,0.550253105294934,1.0015208560023903,1.824355630874635,-0.7088126811824945,-2.236012743803266e-11,0.9994071303577614,-7.703038270627442e-13,0.03442946107717323,0.09975369586626842,4.474674443215491e-12,0.007014282644720349,5.803003201967094e-11,0.05501882871772398,-8.412388377174138e-10,0.1,-0.0,1
25,562,world,5.62,0.5512531052949339,1.0025184148142963,1.824355630874635,-0.7087428500708717,9.9998412532228e-12,0.9994165639002182,3.4173924386860867e-13,0.03415452827783144,0.09975806598033685,-2.001134216328055e-12,0.006951853843599107,2.137887926291111e-10,0.055018992741570405,-3.124249354114477e-09,0.1,-0.0,1
25,563,world,5.63,0.5522531052949339,1.0035160173097075,1.824355630874635,-0.7086736458226416,8.937027698198176e-12,0.9994259218347559,3.029567743830937e-13,0.03387959215735145,0.09976243240711133,-1.78843101219974e-12,0.006888909944000221,-1.19523520512582e-10,0.055019123456542675,1.7609071859837504e-09,0.1,-0.0,1
25,564,world,5.64,0.5532531052949339,1.0045136634469218,1.824355630874635,-0.7086050735893272,-7.639592134671664e-12,0.9994352041544619,-2.568709216352855e-13,0.03360465290297071,0.09976679417968475,1.5287809756419883e-12,0.006825450835543698,-2.5535625865648903e-10,0.055019220862169455,3.7929793079996245e-09,0.1,-0.0,1
25,565,world,5.65,0.5542531052949339,1.0055113531745317,1.824355630874635,-0.7085371385235921,-2.9057337126084968e-11,0.9994444108526124,-9.690110121830853e-13,0.03332971070193535,0.09977115032343892,5.814695132171431e-12,0.006761476402218372,1.6929544436775916e-10,0.055019284958098436,-2.5354738008454775e-09,0.1,-0.0,1
25,566,world,5.66,0.555253105294934,1.0065090864313384,1.8243556308746347,-0.7084698457792242,1.7757575315968768e-11,0.9994535419226722,5.872934234413819e-13,0.03305476574149945,0.09977549985477079,-3.553455444209853e-12,0.006696986541022486,2.824912774962302e-10,0.05501931574409143,-4.266072957229404e-09,0.1,-0.0,1
25,567,world,5.67,0.556253105294934,1.007506863146275,1.8243556308746351,-0.7084032005111186,1.3673313232320135e-11,0.9994625973582953,4.484497201334078e-13,0.03277981820892455,0.09977984178334595,-2.736132182278872e-12,0.006631981128626086,-1.1641907897361528e-10,0.055019313220040215,1.7729102806562928e-09,0.1,-0.0,1
25,568,world,5.68,0.557253105294934,1.0085046832383149,1.824355630874635,-0.7083372078752588,0.0,0.9994715771533245,0.0,0.03250486829147847,0.09978417510924091,-0.0,0.006566460063713736,-3.197784146982228e-10,0.05501927738595465,4.9111318732807344e-09,0.1,-0.0,1
25,569,world,5.69,0.558253105294934,1.0095025466164036,1.8243556308746351,-0.7082718730286978,-3.551618858510575e-11,0.9994804813017911,-1.1452787747425576e-12,0.032229916176435044,0.09978849882464652,7.1069287083037975e-12,0.006500423241876014,-1.113091256724675e-10,0.05501920824196156,1.7241064597935573e-09,0.1,-0.0,1
25,570,world,5.7,0.5592531052949339,1.0105004531793607,1.824355630874635,-0.7082072011295362,-1.7268134038986306e-11,0.9994893097979161,-5.520845120596817e-13,0.031954962051073066,0.09979281191344594,3.455391072992768e-12,0.006433870561924903,1.3808174690259877e-11,0.05501910578831575,-2.1572574296566282e-10,0.1,-0.0,1
25,571,world,5.71,0.5602531052949339,1.0114984028158267,1.8243556308746351,-0.7081431973371681,-3.335622638345063e-11,0.9994980626361086,-1.0572561317456731e-12,0.03168000610267566,0.09979711335193156,6.674595118643282e-12,0.006366801914754684,2.0965186296424513e-10,0.05501897002538845,-3.303915261329734e-09,0.1,-0.0,1
25,572,world,5.72,0.5612531052949339,1.0124963954041353,1.8243556308746351,-0.7080798668116479,1.582083716904433e-11,0.9995067398109674,4.970993582209977e-13,0.03140504851852959,0.09980140210729666,-3.1657288897385045e-12,0.0062992172067396525,3.2105485709119713e-10,0.055018800953670816,-5.103951411811396e-09,0.1,-0.0,1
25,573,world,5.73,0.5622531052949339,1.0134944308122484,1.8243556308746351,-0.708017214713906,1.7758800073933026e-11,0.9995153413172798,5.531011007150622e-13,0.031130089485924543,0.09980567713896127,-3.5534822290598364e-12,0.0062311163392625435,1.2065109398401153e-11,0.055018598573777035,-1.9350352294899005e-10,0.1,-0.0,1
25,574,world,5.74,0.563253105294934,1.0144925088976917,1.8243556308746351,-0.7079552462060077,1.7758977980951048e-11,0.9995238671500224,5.482165838473035e-13,0.03085512919215223,0.0998099373981884,-3.5534875227644626e-12,0.006162499214581218,-3.479778121267857e-11,0.05501836288644632,5.630841357269339e-10,0.1,-0.0,1
25,575,world,5.75,0.564253105294934,1.015490629507458,1.8243556308746347,-0.707893966450947,1.2120157076217293e-11,0.9995323173043607,3.7080985880443297e-13,0.030580167824505913,0.09981418182714066,-2.4251655754877523e-12,0.006093365751249802,6.64747377447278e-11,0.05501809389253185,-1.0853677254427842e-09,0.1,-0.0,1
25,576,world,5.76,0.565253105294934,1.016488792477929,1.824355630874635,-0.7078333806126181,2.8628296691452582e-11,0.9995406917756491,8.679850890514359e-13,0.030305205570279423,0.09981840936098646,-5.728290046202993e-12,0.006023715850082313,2.5346611939227342e-11,0.05501779159300966,-4.1761274546304397e-10,0.1,-0.0,1
25,577,world,5.7700000000000005,0.566253105294934,1.0174869976347887,1.8243556308746351,-0.7077734938557877,1.6302284430821226e-11,0.9995489905594314,4.89782453175305e-13,0.030030242616766588,0.09982261892570599,-3.2619276407291587e-12,0.005953549429817863,-1.7845150746720907e-10,0.05501745598897878,2.9671757608629895e-09,0.1,-0.0,1
25,578,world,5.78,0.5672531052949339,1.0184852447929416,1.8243556308746347,-0.7077143113460646,-1.0834378216032337e-12,0.9995572136514401,-3.225227569222425e-14,0.02975527915126045,0.09982680943941977,2.1678350637495377e-13,0.005882866405569015,-3.923997051160601e-10,0.05501708708165919,6.585022538951117e-09,0.1,-0.0,1
25,579,world,5.79,0.5682531052949339,1.0194835337564345,1.8243556308746351,-0.7076558382498696,-4.963581014561506e-11,0.999565361047597,-1.4639156110416487e-12,0.02948031536105246,0.0998309798116731,9.931475299729035e-12,0.005811666700811462,7.709355156110611e-11,0.055016684872391114,-1.3058376365003119e-09,0.1,-0.0,1
25,580,world,5.8,0.5692531052949339,1.0204818643183649,1.8243556308746351,-0.7075980797344026,1.1992077634298323e-11,0.999573432744013,3.5038230334436496e-13,0.029205351433431885,0.09983512894367824,-2.3994378780308408e-12,0.005739950243611954,4.0781735362266027e-10,0.05235626354762614,-6.969777242688968e-09,0.1,-0.0,1
25,581,world,5.8100000000000005,0.5702531052949339,1.021480236223081,1.8243556308746351,-0.7075410403041403,2.0151131919634728e-11,0.9995806588391546,5.837606436696405e-13,0.02895697626966085,0.09983923443100129,-4.0319141775914425e-12,0.005668092115656751,-1.7244928757233704e-10,0.047340471628842654,2.9727230211639373e-09,0.1,-0.0,1
25,582,world,5.82,0.5712531052949339,1.0224786484571322,1.8243556308746351,-0.7074847111826138,-1.777267069417804e-11,0.9995871466863948,-5.108578679151493e-13,0.028732145401134158,0.0998431839440228,3.5559984457060034e-12,0.005598090738816943,-2.2278331256317896e-11,0.04498500271983502,3.872097702643634e-10,0.1,-0.0,1
25,583,world,5.83,0.572253105294934,1.0234770993407818,1.8243556308746351,-0.7074290713187021,1.6274467512390493e-11,0.9995935839951859,4.64129952334966e-13,0.028507311968321163,0.09984696508956453,-3.256212221657668e-12,0.005530240718385138,7.476661757029119e-11,0.04498521584704575,-1.309759537966432e-09,0.1,-0.0,1
25,584,world,5.84,0.573253105294934,1.0244755872123448,1.824355630874635,-0.707374099196094,-4.65922910139565e-12,0.9995999707618785,-1.3182727034400296e-13,0.02828247607356573,0.09985058225231443,9.322170526607423e-13,0.005464542421263807,-1.9764930607519037e-10,0.04498541076860903,3.4900070394401514e-09,0.1,-0.0,1
25,585,world,5.8500000000000005,0.574253105294934,1.0254741104533591,1.824355630874635,-0.7073197732961659,-1.8667555116546982e-11,0.999606306982907,-5.239737852507355e-13,0.02805763781921679,0.09985403967879186,3.734973330233133e-12,0.005400996188321268,1.950098451594577e-10,0.04498558748405295,-3.471060127173997e-09,0.1,-0.0,1
25,586,world,5.86,0.5752531052949339,1.026472667487183,1.8243556308746351,-0.7072660720978589,3.009258052380963e-11,0.9996125926547907,8.378852971012163e-13,0.027832797307628297,0.09985734147699533,-6.020833367116685e-12,0.005339602339758032,1.1103151182826816e-10,0.04498574599294203,-1.9922980100315585e-09,0.1,-0.0,1
25,587,world,5.87,0.5762531052949339,1.0274712567774225,1.824355630874635,-0.707212974074477,1.2784997677000242e-12,0.999618827774133,3.531022287164216e-14,0.027607954641158793,0.09986049161801637,-2.5579672295171133e-13,0.005280361143717549,-1.6615995968213962e-10,0.0449858862948974,3.005835328602452e-09,0.1,-0.0,1
25,588,world,5.88,0.5772531052949339,1.028469876826783,1.8243556308746351,-0.707160457698168,0.0,0.9996250123376217,0.0,0.02738310992217122,0.09986349393334937,-0.0,0.005223272865157821,-1.3328417267445033e-10,0.04498600838958128,2.4309549923089732e-09,0.1,-0.0,1
25,589,world,5.89,0.5782531052949339,1.029468526175656,1.8243556308746351,-0.7071085014398445,-2.305856448791407e-11,0.999631146342029,-6.26461637266285e-13,0.02715826325303267,0.09986635211589705,4.613398777030032e-12,0.00516833774667136,-5.111694976584697e-11,0.04498611227668829,9.400523656014002e-10,0.1,-0.0,1
25,590,world,5.9,0.5792531052949339,1.030467203400554,1.8243556308746351,-0.7070570837659328,-9.410995668741254e-12,0.9996372297842115,-2.535622342524173e-13,0.026933414736114117,0.09986906972086419,1.88287534735351e-12,0.005115555990229032,-5.0457512631214124e-11,0.04498619795597098,9.35688871852703e-10,0.1,-0.0,1
25,591,world,5.91,0.580253105294934,1.0314659071128824,1.824355630874635,-0.7070061831415162,-3.242598443998986e-11,0.9996432626611103,-8.663605592019899e-13,0.02670856447379002,0.09987165016417845,6.487486649562566e-12,0.0050649277866475955,1.2264513250614106e-10,0.044986265427222366,-2.2935313762131824e-09,0.1,-0.0,1
25,592,world,5.92,0.581253105294934,1.0324646359575522,1.8243556308746351,-0.7069557780307305,1.3548916476538669e-11,0.9996492449697506,3.589515136274485e-13,0.02648371256843831,0.09987409672203292,-2.710723563576346e-12,0.005016453324612511,1.7780746502326343e-10,0.04498631469027558,-3.35338829039363e-09,0.1,-0.0,1
25,593,world,5.93,0.582253105294934,1.0334633886115292,1.8243556308746354,-0.706905846895681,1.143037902412946e-12,0.9996551767072424,3.002522464789958e-14,0.02625885912243985,0.09987641253305819,-2.2868553919791256e-13,0.004970132747359742,-1.6345488917617878e-11,0.04498634574501292,3.109156040544836e-10,0.1,-0.0,1
25,594,world,5.94,0.5832531052949339,1.034462163782415,1.824355630874635,-0.7068563681959628,1.0436682308959915e-11,0.9996610578707797,2.7180075619101047e-13,0.026034004238178355,0.09987860059579741,-2.088036036176469e-12,0.004925966202196124,-5.95160593200657e-12,0.04498635859135904,1.141882256342313e-10,0.1,-0.0,1
25,595,world,5.95,0.5842531052949339,1.0354609602071445,1.8243556308746351,-0.7068073203906804,0.0,0.9996668884576416,0.0,0.02580914801803998,0.09988066377000024,-0.0,0.004883953814704266,-3.67266673073288e-10,0.04498635322928272,7.107937256033684e-09,0.1,-0.0,1
25,596,world,5.96,0.5852531052949339,1.0364597766506074,1.8243556308746351,-0.7067586819388421,-6.071408906167374e-11,0.999672668465191,-1.5538355152715765e-12,0.0255842905644132,0.09988260477643995,1.2146749097610227e-11,0.004844095692025159,-5.312946928249316e-11,0.04498632965879588,1.0373023717908815e-09,0.1,-0.0,1
25,597,world,5.97,0.5862531052949339,1.037458611904088,1.8243556308746351,-0.7067104312960484,-1.0383280257124716e-11,0.9996783978908755,-2.633987990159007e-13,0.025359431979688464,0.09988442619544763,2.077316874000548e-12,0.004806391953032436,3.757018326498607e-10,0.04498628787995674,-7.40038879200412e-09,0.1,-0.0,1
25,598,world,5.98,0.5872531052949339,1.0384574647840445,1.824355630874635,-0.7066625469181615,1.3361000332800603e-11,0.9996840767322271,3.35929157587578e-13,0.025134572366257907,0.09988613046975779,-2.6730358671331765e-12,0.004770842669647206,1.4154534866701435e-10,0.04498622789286613,-2.813081103868316e-09,0.1,-0.0,1
25,599,world,5.99,0.5882531052949341,1.039456334130683,1.8243556308746354,-0.7066150072607108,1.777426055756012e-11,0.9996897049868625,4.4288913470808893e-13,0.024909711826515104,0.09988771990128019,-3.5559449876014568e-12,0.0047374479335814445,-2.601104255945804e-11,0.0449861496976711,5.216203767596569e-10,0.1,-0.0,1
25,600,world,6.0,0.5892531052949341,1.0404552188064988,1.8243556308746354,-0.7065677907776946,8.140056666751176e-12,0.9996952826524824,2.0099732895085396e-13,0.0246848504628549,0.09988919665290927,-1.6285032782361901e-12,0.004706207819085542,-1.9703978356037184e-10,0.04498605329455869,3.98745860599838e-09,0.1,-0.0,1
25,601,world,6.01,0.590253105294934,1.0414541176949108,1.8243556308746347,-0.7065208759222369,-2.2136835873506303e-11,0.9997008097268723,-5.416287982525021e-13,0.02445998837767301,0.09989056274861091,4.428682088059899e-12,0.004677122380890724,1.3071952768017377e-10,0.04498593868376477,-2.6697106775221755e-09,0.1,-0.0,1
25,602,world,6.0200000000000005,0.591253105294934,1.0424530296989005,1.8243556308746351,-0.7064742411473575,3.486138498593019e-11,0.9997062862079023,8.451182691732115e-13,0.024235125673365675,0.09989182007184018,-6.97431210694871e-12,0.0046501916879961545,1.993100380209765e-11,0.0449858058655705,-4.1083838446914375e-10,0.1,-0.0,1
25,603,world,6.03,0.592253105294934,1.0434519537396059,1.8243556308746351,-0.7064278649058877,-1.802504765091001e-11,0.9997117120935267,-4.329109277991623e-13,0.02401026245232966,0.0998929703671099,3.6060435605051226e-12,0.004625415790575525,-1.674071176216854e-10,0.04498565484029348,3.4831421959960483e-09,0.1,-0.0,1
25,604,world,6.04,0.593253105294934,1.0444508887548598,1.8243556308746351,-0.7063817256490037,0.0,0.9997170873817843,0.0,0.023785398816961772,0.09989401523917793,-0.0,0.004602794737427336,-6.002940052234949e-11,0.04498548560830243,1.2608248831009142e-09,0.1,-0.0,1
25,605,world,6.05,0.594253105294934,1.0454498336978748,1.824355630874635,-0.7063358018281112,-3.0644267390473495e-11,0.9997224120707986,-7.221958032458964e-13,0.023560534869658686,0.09989495615348701,6.1305501761536e-12,0.004582328566669062,-1.6547247501747404e-11,0.04498529817000892,3.5087204140362545e-10,0.1,-0.0,1
25,606,world,6.0600000000000005,0.5952531052949339,1.0464487875358348,1.824355630874635,-0.7062900718945316,-3.511663463127445e-12,0.9997276861587775,-8.196934361659414e-14,0.023335670712816652,0.09989579443535589,7.025236345072111e-13,0.004564017323490691,1.430216692377092e-10,0.044985092525867965,-3.061939310748185e-09,0.1,-0.0,1
25,607,world,6.07,0.5962531052949339,1.0474477492484502,1.8243556308746351,-0.7062445142985913,0.0,0.9997329096440133,0.0,0.023110806448831175,0.09989653127053358,-0.0,0.004547861048373027,1.7785953380438582e-12,0.04465265555002982,-3.844612993896947e-11,0.1,-0.0,1
25,608,world,6.08,0.5972531052949341,1.0484467178266543,1.824355630874635,-0.7061991074915526,-3.126928074905138e-12,0.9997380064892619,-7.159183706463861e-14,0.02288926344110975,0.09989716798564173,6.255494474782322e-13,0.004533853598042251,-8.167340192755913e-11,0.03898568792975253,1.780618421574358e-09,0.1,-0.0,1
25,609,world,6.09,0.598253105294934,1.0494456925917874,1.824355630874635,-0.7061538370041897,-1.782030328609009e-11,0.9997418435767703,-4.050005902341456e-13,0.02272105195013222,0.0998977955048656,3.5649808852109034e-12,0.004520005892480106,9.797480078886809e-11,0.03365109694875009,-2.154365850110847e-09,0.1,-0.0,1
25,610,world,6.1000000000000005,0.599253105294934,1.05044467394499,1.8243556308746354,-0.7061087121329221,1.8433487516427776e-11,0.9997456523723662,4.1583324873882923e-13,0.022552839345676083,0.09989848549513303,-3.687635440548122e-12,0.004504730378024575,6.915429824692197e-11,0.03365118721210464,-1.5319917301947614e-09,0.1,-0.0,1
25,611,world,6.11,0.600253105294934,1.0514436625077535,1.8243556308746345,-0.7060637471561367,-2.4887639030438536e-12,0.9997494328748516,-5.5724010957348587e-14,0.02238462567059325,0.09989923730225164,4.978775286236603e-13,0.004488027008432225,-1.6230660474292656e-10,0.03365126985445923,3.6226781780601567e-09,0.1,-0.0,1
25,612,world,6.12,0.601253105294934,1.0524426588947156,1.8243556308746347,-0.7060189563524809,-1.7820545242289684e-11,0.9997531850830548,-3.960062970331673e-13,0.02221641096773685,0.09990005021050061,3.5649888037650614e-12,0.004469895741453111,6.245068738779201e-11,0.03365134487569784,-1.4044672402340809e-09,0.1,-0.0,1
25,613,world,6.13,0.602253105294934,1.0534416637130535,1.8243556308746347,-0.7059743540011727,1.1566349842476359e-11,0.9997569089958303,2.5507914744936407e-13,0.022048195279961255,0.09990092344311442,-2.3138322381045448e-12,0.004450336528060853,1.5716509332794642e-10,0.03365141227572069,-3.5615266219478933e-09,0.1,-0.0,1
25,614,world,6.140000000000001,0.6032531052949339,1.0544406775618747,1.8243556308746347,-0.705929954381936,1.7820714115868386e-11,0.9997606046120593,3.9001021103089724e-13,0.021879978650121926,0.09990185616215302,-3.5649957382854845e-12,0.004429349315248245,-4.070992786513047e-11,0.03365147205443522,9.296327280646204e-10,0.1,-0.0,1
25,615,world,6.15,0.6042531052949339,1.055439701031595,1.824355630874635,-0.7058857717750309,2.2633919695403544e-12,0.9997642719306494,4.9153812699389373e-14,0.021711761121075403,0.09990284746842595,-4.527850304443276e-13,0.004406934047659245,5.187132158132083e-11,0.03365152421176068,-1.1936994912259471e-09,0.1,-0.0,1
25,616,world,6.16,0.6052531052949341,1.0564387347033357,1.8243556308746347,-0.7058418204612835,2.976633081057965e-11,0.9997679109505346,6.414210867124089e-13,0.021543542735679183,0.09990389640146197,-5.954646475695164e-12,0.0043830906682335614,1.6934560647128527e-10,0.033651568747627224,-3.92757334394259e-09,0.1,-0.0,1
25,617,world,6.17,0.606253105294934,1.0574377791483098,1.824355630874635,-0.7057981147221114,4.156665060076928e-11,0.9997715216706753,8.887036544584632e-13,0.021375323536791873,0.09990500193948766,-8.31522704969954e-12,0.0043578191186612195,-1.1523047018830166e-12,0.03365160566197096,2.693561138941754e-11,0.1,-0.0,1
25,618,world,6.18,0.607253105294934,1.0584368349272006,1.8243556308746347,-0.705754668839547,2.949700313219686e-11,0.9997751040900583,6.256867147317162e-13,0.021207103567272775,0.09990616299987393,-5.900725246925707e-12,0.004331119329067589,-2.51288516089593e-11,0.033651634954744505,5.920633198615966e-10,0.1,-0.0,1
25,619,world,6.19,0.608253105294934,1.0594359025895619,1.8243556308746347,-0.7057114970962568,3.564229558675635e-11,0.9997786582076972,7.500400972864787e-13,0.0210388828699821,0.0999073784379232,-7.130033991083441e-12,0.004302991245819491,-1.2411724208702731e-10,0.03365165662590886,2.9477520274365346e-09,0.1,-0.0,1
25,620,world,6.2,0.609253105294934,1.060434982673209,1.824355630874635,-0.7056686137758569,0.0,0.9997821840226313,0.0,0.02087066148778078,0.09990864704871957,-0.0,0.0042734347888298335,-1.0566648004054888e-10,0.03365167067543196,2.52980548016739e-09,0.1,-0.0,1
25,621,world,6.21,0.610253105294934,1.0614340757035696,1.8243556308746347,-0.7056260331620821,1.0327860115582369e-11,0.999785681533927,2.1385773249184037e-13,0.02070243946353048,0.09990996756481434,-2.0660137136033213e-12,0.004242449905155054,2.3573030566213734e-11,0.033651677103294746,-5.689636993001075e-10,0.1,-0.0,1
25,622,world,6.22,0.611253105294934,1.06243318219311,1.8243556308746347,-0.705583769539569,5.693317439115226e-12,0.999789150740677,1.1693246995895933e-13,0.020534216840093468,0.09991133865832412,-1.1389030071218325e-12,0.00421003652023006,-6.317042307418881e-11,0.03365167590949233,1.5372015988621598e-09,0.1,-0.0,1
25,623,world,6.23,0.612253105294934,1.0634323026407073,1.824355630874635,-0.7055418371936522,-5.053867512505001e-12,0.9997925916420002,-1.0294838607555219e-13,0.020365993660332562,0.09991275893967373,1.010982642869895e-12,0.0041761945671445295,-6.232708524867521e-11,0.03365166709402298,1.5292232246041995e-09,0.1,-0.0,1
25,624,world,6.24,0.613253105294934,1.064431437531034,1.824355630874635,-0.7055002504103461,-9.60844951375518e-12,0.9997960042370422,-1.941088504024626e-13,0.020197769967111128,0.0999142269579249,1.9220809939785036e-12,0.004140923979050347,6.717952442969477e-11,0.03365165065689817,-1.6620252770321522e-09,0.1,-0.0,1
25,625,world,6.25,0.614253105294934,1.0654305873339507,1.8243556308746347,-0.7054590234763433,1.1576585184612134e-11,0.999799388524975,2.3192026906817725e-13,0.02002954580329295,0.09991574120085042,-2.3157804698313328e-12,0.004104224687402311,3.849070707692973e-11,0.0336516265981416,-9.602699117302828e-10,0.1,-0.0,1
25,626,world,6.26,0.6152531052949339,1.066429752503888,1.8243556308746345,-0.7054181706790056,0.0,0.9998027445049968,0.0,0.01986132121174221,0.09991730009477157,-0.0,0.004066096625925866,1.5712842681595622e-11,0.033651594917787235,-3.9532978442799896e-10,0.1,-0.0,1
25,627,world,6.2700000000000005,0.616253105294934,1.06742893347923,1.8243556308746345,-0.7053777063063531,1.553231447772846e-11,0.9998060721763328,3.059386937922751e-13,0.019693096235323324,0.09991890200462351,-3.1070642182057314e-12,0.004026539729152507,6.780717059023348e-11,0.03365155561587524,-1.7205958313393653e-09,0.1,-0.0,1
25,628,world,6.28,0.617253105294934,1.0684281306817036,1.824355630874635,-0.7053376446470473,1.7216031418594322e-11,0.999809371538234,3.3620488136874153e-13,0.01952487091690111,0.09992054523383284,-3.443861641388938e-12,0.0039855539355988425,-6.724780077944574e-11,0.03365150869246068,1.7211212342919088e-09,0.1,-0.0,1
25,629,world,6.29,0.618253105294934,1.0694273445157818,1.8243556308746345,-0.7052979999907645,-1.6887009078092585e-12,0.9998126425899783,-3.269370989794852e-14,0.019356645299340454,0.09992222802454062,3.37803382543725e-13,0.003943139182391376,-1.0711485535349536e-10,0.03365145414760889,2.7653201999617712e-09,0.1,-0.0,1
25,630,world,6.3,0.6192531052949339,1.0704265753680193,1.8243556308746351,-0.7052587866270822,-1.0452700445649529e-11,0.9998158853308697,-2.0060773510707539e-13,0.019188419425506434,0.09992394855748815,2.0909246524868365e-12,0.003899295408206964,1.2145756744985198e-10,0.03365139198138965,-3.163118160909649e-09,0.1,-0.0,1
25,631,world,6.3100000000000005,0.620253105294934,1.071425823606484,1.8243556308746345,-0.7052200188463636,2.9960052971946645e-11,0.9998190997602392,5.699491038806037e-13,0.01902019333826414,0.09992570495133808,-5.9930939761257574e-12,0.0038540225710456486,6.900093902691595e-11,0.03365132219389103,-1.8129018989187868e-09,0.1,-0.0,1
25,632,world,6.32,0.621253105294934,1.0724250895801233,1.8243556308746347,-0.7051817109395645,7.68615365713304e-12,0.9998222858774436,1.4492487091604464e-13,0.018851967080478725,0.09992749526432883,-1.5375038587718054e-12,0.00380732060608779,-2.1669191788635858e-10,0.03365124478520767,5.74413216774803e-09,0.1,-0.0,1
25,633,world,6.33,0.622253105294934,1.0734243736181592,1.8243556308746347,-0.7051438771981169,-2.7511901595086586e-11,0.9998254436818667,-5.141149774469347e-13,0.018683740695015254,0.09992931749219464,5.503340814995957e-12,0.003759189479683889,-3.082815428572226e-11,0.03365115975544233,8.245674604265126e-10,0.1,-0.0,1
25,634,world,6.34,0.6232531052949339,1.074423676029468,1.824355630874635,-0.705106531913883,-5.638187983877553e-13,0.9998285731729183,-1.044118488091867e-14,0.018515514224738697,0.09993116956974216,1.1278309343587441e-13,0.0037096291490443765,1.6785341115635632e-10,0.03281135890567148,-4.529418187857514e-09,0.1,-0.0,1
25,635,world,6.3500000000000005,0.624253105294934,1.0754229970989944,1.8243556308746347,-0.7050696892980536,1.7805567173654838e-11,0.9998315202511061,3.268884275284682e-13,0.01835568338041292,0.09993304587098567,-3.5617134865704556e-12,0.003658735156782103,6.777423144257882e-11,0.029513697227917024,-1.8439687346220633e-09,0.1,-0.0,1
25,636,world,6.36,0.625253105294934,1.0764223367501593,1.8243556308746351,-0.7050333541830026,1.7885252913342535e-11,0.9998339942401977,3.259310523161486e-13,0.018220427044733544,0.099934870950056,-3.5776442735998984e-12,0.003608541006508738,-1.0948600041719316e-10,0.027055815668103958,3.0029886764647497e-09,0.1,-0.0,1
25,637,world,6.37,0.626253105294934,1.0774216942535546,1.824355630874635,-0.7049975134152365,-1.2239268909606771e-11,0.9998364499362142,-2.2138546821182843e-13,0.018085170138768755,0.09993661669443388,2.4482538017110566e-12,0.003559865681427018,-1.697767452600511e-10,0.02705586106424432,4.691507999168727e-09,0.1,-0.0,1
25,638,world,6.38,0.6272531052949339,1.0784210688269928,1.824355630874635,-0.7049621518059693,-2.9052884851355476e-11,0.9998388873386593,-5.215807795907004e-13,0.017949912684793703,0.09993828532382493,5.811511567288321e-12,0.00351270928682723,-1.567985556135305e-11,0.027055902499405537,4.365557884850092e-10,0.1,-0.0,1
25,639,world,6.390000000000001,0.6282531052949341,1.079420459710146,1.8243556308746351,-0.704927254165746,-1.660700793231992e-11,0.9998413064470475,-2.958950686386118e-13,0.017814654705083883,0.09993987898904039,3.3219272449746433e-12,0.0034670719138728185,1.0351367356078133e-10,0.027055939973553152,-2.903912321742653e-09,0.1,-0.0,1
25,640,world,6.4,0.6292531052949341,1.080419866163845,1.824355630874635,-0.7048928053041545,0.0,0.9998437072609041,0.0,0.01767939622191526,0.0999413997715653,-0.0,0.003422953651478314,2.399325256467918e-11,0.027055973486651997,-6.782472057019374e-10,0.1,-0.0,1
25,641,world,6.41,0.6302531052949341,1.0814192874693673,1.824355630874635,-0.7048587900292423,-9.82141742703275e-12,0.999846089779766,-1.723348194937173e-13,0.017544137257564145,0.0999428496843619,1.9645842456382267e-12,0.0033803545626229013,3.995103198181878e-11,0.027056003038672356,-1.1380606521047382e-09,0.1,-0.0,1
25,642,world,6.42,0.631253105294934,1.08241872292779,1.824355630874635,-0.7048251931489071,1.1385890777206775e-11,0.9998484540031806,1.9824562490599937e-13,0.017408877834307203,0.09994423067079439,-2.2775210069759077e-12,0.0033392747151204127,-6.82382001095103e-12,0.027056028629587982,1.9589767859980356e-10,0.1,-0.0,1
25,643,world,6.43,0.6322531052949341,1.083418171859277,1.824355630874635,-0.7047919994704183,-1.1781336130399341e-11,0.9998507999307066,-2.035366672296206e-13,0.01727361797442139,0.099945544604913,2.35661601812752e-12,0.0032997141735829094,2.3566507440999924e-11,0.027056050259378284,-6.818478515793957e-10,0.1,-0.0,1
25,644,world,6.44,0.6332531052949341,1.0844176336023934,1.8243556308746345,-0.7047591938005647,1.820749178183625e-11,0.9998531275619138,3.1209234474385127e-13,0.017138357700184032,0.0999467932917795,-3.642028277572489e-12,0.003261672989479991,5.549758339780051e-12,0.027056067928022683,-1.6183910413644213e-10,0.1,-0.0,1
25,645,world,6.45,0.6342531052949341,1.085417107513419,1.8243556308746347,-0.7047267609460551,-1.016228256659349e-11,0.9998554368963829,-1.7281525927565546e-13,0.01700309703387272,0.09994797846723379,2.032747258786643e-12,0.0032251512078310188,-1.717635085169985e-10,0.027056081635507052,5.048757084766921e-09,0.1,-0.0,1
25,646,world,6.46,0.635253105294934,1.08641659296561,1.8243556308746351,-0.7046946857120152,-3.2302016887915575e-11,0.9998577279337059,-5.449426533797131e-13,0.0168678359977653,0.09994910179780744,6.46131181977557e-12,0.0031901488698063726,7.03138518722719e-11,0.027056091381818345,-2.0833685912081777e-09,0.1,-0.0,1
25,647,world,6.47,0.6362531052949341,1.0874160893485616,1.824355630874635,-0.7046629529038143,1.0680300456265885e-11,0.9998600006734855,1.7873394691809454e-13,0.016732574614139843,0.09995016488039557,-2.136355345026561e-12,0.0031566660231548715,2.0259285243787125e-10,0.027056097166947065,-6.051303061929968e-09,0.1,-0.0,1
25,648,world,6.48,0.6372531052949341,1.088415596067494,1.824355630874635,-0.7046315473264743,2.823643045106662e-11,0.9998622551153357,4.687134344023424e-13,0.01659731290527472,0.09995116924345705,-5.64805340935436e-12,0.003124702684385637,2.284150371003828e-11,0.027056098990889635,-6.878241226600673e-10,0.1,-0.0,1
25,649,world,6.49,0.6382531052949341,1.0894151125425606,1.824355630874635,-0.704600453784709,1.7561448588942034e-11,0.9998644912588813,2.891366409760718e-13,0.016462050893448432,0.0999521163454095,-3.512758856012913e-12,0.0030942588892536706,-4.4889096790681405e-11,0.02705609685364582,1.3628571443998722e-09,0.1,-0.0,1
25,650,world,6.5,0.639253105294934,1.0904146382081712,1.8243556308746347,-0.7045696570834517,1.460241183761973e-11,0.9998667091037586,2.384422733209895e-13,0.0163267886009397,0.09995300757542079,-2.920865869606604e-12,0.0030653346681685507,-5.7344539696377155e-11,0.027056090755214004,1.755446508565124e-09,0.1,-0.0,1
25,651,world,6.51,0.6402531052949341,1.0914141725122493,1.8243556308746347,-0.7045391420263922,0.0,0.9998689086496146,0.0,0.016191526050027376,0.09995384425360909,-0.0,0.003037930039559596,-1.6260969939584463e-10,0.027056080695600993,5.019469617045491e-09,0.1,-0.0,1
25,652,world,6.5200000000000005,0.6412531052949341,1.092413714915587,1.824355630874635,-0.7045088934174759,-3.5612078187358126e-11,0.9998710898961074,-5.71870622619798e-13,0.016056263262990488,0.09995462763070764,7.123319818221872e-12,0.0030120450206759537,-4.358143965542875e-11,0.02705606667481815,1.3566227659947683e-09,0.1,-0.0,1
25,653,world,6.53,0.6422531052949341,1.0934132648911372,1.824355630874635,-0.7044788960604946,-1.3571505579419576e-11,0.9998732528429061,-2.1609933386335855e-13,0.015921000262108163,0.09995535888781175,2.714639963960202e-12,0.002987679636232119,-5.669795120384561e-11,0.027056048692873893,1.77992557847071e-09,0.1,-0.0,1
25,654,world,6.54,0.643253105294934,1.0944128219233187,1.8243556308746347,-0.7044491347590665,-5.341829624535618e-11,0.999875397489691,-8.433522630474309e-13,0.015785737069659658,0.09995603913695901,1.0684970929081243e-11,0.0029648338993475943,3.6181002312905246e-12,0.027056026749785463,-1.1455745374206462e-10,0.1,-0.0,1
25,655,world,6.55,0.644253105294934,1.095412385507332,1.8243556308746347,-0.7044195943169528,-1.242555818770572e-11,0.9998775238361535,-1.9448969207436405e-13,0.015650473707924238,0.09995666942072219,2.4854117290989063e-12,0.002943507825106281,1.499963896904057e-10,0.0270560008455727,-4.7903110354004956e-09,0.1,-0.0,1
25,656,world,6.5600000000000005,0.6452531052949341,1.0964119551484404,1.8243556308746347,-0.7043902595371996,-5.497703510325843e-12,0.9998796318819958,-8.530829397427807e-14,0.015515210199181274,0.09995725071222188,1.099671304958618e-12,0.002923701430382763,1.4906366879772262e-10,0.027055970980257915,-4.802056704997224e-09,0.1,-0.0,1
25,657,world,6.57,0.6462531052949341,1.0974115303612952,1.824355630874635,-0.704361115222887,3.5612403905357515e-11,0.9998817216269312,5.477816598644132e-13,0.015379946565710192,0.09995778391528892,-7.123312988187137e-12,0.002905414728469519,1.691091289297405e-11,0.027055937153867296,-5.495764208249028e-10,0.1,-0.0,1
25,658,world,6.58,0.647253105294934,1.098411110669243,1.824355630874635,-0.7043321461770541,0.0,0.9998837930706844,0.0,0.015244682829790407,0.09995826986463241,-0.0,0.0028886477232993556,-1.047230366573947e-10,0.02705589936643145,3.4335422750742564e-09,0.1,-0.0,1
25,659,world,6.59,0.648253105294934,1.099410695603628,1.824355630874635,-0.7043033372026095,1.2650832683302811e-12,0.9998858462129907,1.911685544987023e-14,0.015109419013701289,0.09995870932502297,-2.5304526187722666e-13,0.0028734004377335243,1.9874207907533358e-11,0.027055857617982283,-6.574508701620424e-10,0.1,-0.0,1
25,660,world,6.6000000000000005,0.6492531052949341,1.1004102847031036,1.8243556308746345,-0.7042746731024854,6.576774377874479e-12,0.9998878810535967,9.849268274906082e-14,0.014974155139722225,0.09995910299206567,-1.315501171690264e-12,0.0028596728871685597,-7.40225853198598e-11,0.027055811908557038,2.4708467725373293e-09,0.1,-0.0,1
25,661,world,6.61,0.6502531052949341,1.1014098775129244,1.824355630874635,-0.704246138679213,-2.3451742846993505e-11,0.9998898975922601,-3.480361808850721e-13,0.01483889123013257,0.09995945149232455,4.6908616654197495e-12,0.0028474650750481036,3.334155632381304e-11,0.018906296149385302,-1.1200034210446586e-09,0.1,-0.0,1
25,662,world,6.62,0.651253105294934,1.102409473609312,1.824355630874635,-0.7042177196173884,1.7780563905684345e-11,0.9998906942412986,2.629163867672865e-13,0.014785113109270522,0.09995976449264174,-3.5564989539955908e-12,0.0028364559886594628,1.1637540586679525e-10,0.009021556322346776,-3.9319610036046455e-09,0.1,-0.0,1
25,663,world,6.63,0.652253105294934,1.1034090727443033,1.824355630874635,-0.7041894076337569,1.5880775469011074e-11,0.9998912322222123,2.3424604193881896e-13,0.014748685539596455,0.0999600596090855,-3.1764981749749093e-12,0.002826036614779815,-6.357005587164052e-11,0.007286308829644116,2.1544059583075008e-09,0.1,-0.0,1
25,664,world,6.640000000000001,0.6532531052949341,1.1044086747438633,1.824355630874635,-0.7041611969678986,-3.7705205635075325e-12,0.9998917688760749,-5.54788756626391e-14,0.014712257946146386,0.09996033743587925,7.541851404661041e-13,0.0028161924126664257,5.1130272830320575e-11,0.0072863096311925266,-1.7371116916370298e-09,0.1,-0.0,1
25,665,world,6.65,0.6542531052949341,1.1054082794359548,1.824355630874635,-0.7041330818682013,3.325756102111346e-11,0.9998923042028797,4.881348927904277e-13,0.014675830329355447,0.09996059814283656,-6.652223173541703e-12,0.002806923391605597,8.084035527268703e-12,0.007286310355374297,-2.75331051229379e-10,0.1,-0.0,1
25,666,world,6.66,0.655253105294934,1.10640788665019,1.824355630874635,-0.7041050565828882,-1.0163227357371e-12,0.9998928382026196,-1.4879952353550208e-14,0.01463940268965878,0.09996084189003311,2.032861615067406e-13,0.0027982295538080152,-3.209224125368203e-11,0.007286311002189192,1.0957388215141598e-09,0.1,-0.0,1
25,667,world,6.67,0.656253105294934,1.1074074962177247,1.824355630874635,-0.7040771153598494,2.2296678556197638e-11,0.9998933708752882,3.256325620672303e-13,0.014602975027491506,0.09996106882717119,-4.459807475369365e-12,0.002790110917068706,9.873945299251745e-11,0.0072863115716386,-3.3797177009670425e-09,0.1,-0.0,1
25,668,world,6.68,0.6572531052949341,1.1084071079711693,1.8243556308746351,-0.7040492524471988,3.279168626242115e-11,0.9998939022208786,4.77712334625592e-13,0.01456654734328876,0.09996127909445118,-6.559027567450483e-12,0.002782567483681195,-1.3156443460842011e-11,0.007286312063720674,4.514541227751638e-10,0.1,-0.0,1
25,669,world,6.69,0.6582531052949341,1.1094067217444843,1.8243556308746347,-0.7040214620928584,1.7780721149285875e-11,0.9998944322393841,2.583832824844082e-13,0.014530119637485689,0.09996147282186357,-3.5565166705326326e-12,0.0027755992657138673,-7.884667451837793e-11,0.0072863124784360985,2.712355596878393e-09,0.1,-0.0,1
25,670,world,6.7,0.659253105294934,1.110406337372876,1.8243556308746347,-0.7039937385445435,5.6595575490914515e-12,0.9998949609307985,8.203650050402813e-14,0.014493691910517432,0.09996165012981618,-1.1320294712468462e-12,0.002769206262491451,4.623329407370593e-17,0.007286312815785345,-1.5944427734114947e-15,0.1,-0.0,1
25,671,world,6.71,0.660253105294934,1.1114059546927146,1.8243556308746347,-0.7039660760501462,1.7780755878163103e-11,0.9998954882951151,2.5708795344552274e-13,0.014457264162819117,0.09996181112835213,-3.5565199688935494e-12,0.002763388488731953,-6.504903383060071e-11,0.007286313075768585,2.2489952882463203e-09,0.1,-0.0,1
25,672,world,6.72,0.6612531052949341,1.1124055735414156,1.8243556308746347,-0.7039384688573597,-1.683745503389093e-11,0.9998960143323273,-2.4283543575389993e-13,0.014420836394825876,0.0999619559179627,3.367838550291634e-12,0.0027581459452475704,-8.918533964153896e-11,0.007286313258384834,3.0912741205504303e-09,0.1,-0.0,1
25,673,world,6.73,0.6622531052949341,1.1134051937573468,1.8243556308746347,-0.7039109112137734,-1.3141629631807721e-11,0.9998965390424289,-1.8905413010675826e-13,0.014384408606972869,0.099962084589097,2.628595890222621e-12,0.002753478636600563,-1.035297434974343e-11,0.007286313363633919,3.597562171619244e-10,0.1,-0.0,1
25,674,world,6.74,0.663253105294934,1.114404815179736,1.824355630874635,-0.7038833973671038,-2.0436153741969744e-11,0.9998970624254137,-2.932477277192462e-13,0.014347980799695235,0.09996219722209702,4.087648580104159e-12,0.002749386573506855,6.03723747446006e-11,0.007286313391516825,-2.1032133785857875e-09,0.1,-0.0,1
25,675,world,6.75,0.664253105294934,1.115404437648567,1.8243556308746345,-0.703855921564887,7.896998599609235e-12,0.9998975844812752,1.1302988980419086e-13,0.014311552973428104,0.09996229388780681,-1.5795604252560738e-12,0.002745869750688132,2.467398482086213e-12,0.007286313342033549,-8.617654425968259e-11,0.1,-0.0,1
25,676,world,6.76,0.6652531052949341,1.1164040610044725,1.8243556308746347,-0.7038284780546308,-1.957414429901984e-11,0.9998981052100072,-2.7945183383983235e-13,0.014275125128606618,0.09996237464681271,3.915225352071516e-12,0.0027429281744621205,-2.2546140392191965e-11,0.00728631321518328,7.894588646911139e-10,0.1,-0.0,1
25,677,world,6.7700000000000005,0.6662531052949341,1.1174036850886513,1.8243556308746347,-0.7038010610839185,0.0,0.9998986246116037,0.0,0.014238697265665932,0.09996243954991135,-0.0,0.002740561845738977,4.704936960063337e-11,0.0072863130109661976,-1.651663045190162e-09,0.1,-0.0,1
25,678,world,6.78,0.667253105294934,1.1184033097427546,1.8243556308746345,-0.7037736649001993,-3.0525007737221152e-12,0.9998991426860585,-4.335681113796059e-14,0.014202269385041192,0.09996248863764289,6.105614202488938e-13,0.002738770777031044,-4.6931237509675176e-11,0.007286312729382759,1.651744368521048e-09,0.1,-0.0,1
25,679,world,6.79,0.668253105294934,1.119402934808793,1.8243556308746347,-0.7037462837509402,-1.652245160515299e-11,0.9998996594333656,-2.340779179289156e-13,0.014165841487167529,0.09996252194139289,3.304820425919751e-12,0.0027375549522421524,8.193280435399257e-11,0.007286312370432677,-2.891043925819541e-09,0.1,-0.0,1
25,680,world,6.8,0.669253105294934,1.120402560129039,1.8243556308746345,-0.7037189118836312,2.5866655796215366e-11,0.999900174853519,3.655171652862825e-13,0.0141294135724801,0.09996253948172401,-5.173845603086708e-12,0.0027369143875486837,5.432496316787326e-11,0.007286311934115665,-1.9218311273533976e-09,0.1,-0.0,1
25,681,world,6.8100000000000005,0.6702531052949341,1.1214021855459233,1.8243556308746345,-0.7036915435457041,2.701609851511108e-12,0.9999006889465129,3.8077530365703594e-14,0.014092985641414047,0.09996254126991666,-5.403754561122173e-13,0.0027368490751611386,-1.7110684768934548e-10,0.007286311420433221,6.068829981571013e-09,0.1,-0.0,1
25,682,world,6.82,0.671253105294934,1.1224018109019356,1.8243556308746345,-0.703664172984624,-3.483973557746603e-11,0.9999012017123412,-4.897751421478311e-13,0.014056557694404519,0.09996252730706351,6.9686337120237545e-12,0.0027373590163849485,4.239250300714578e-11,0.00728631082938367,-1.5074792345962685e-09,0.1,-0.0,1
25,683,world,6.83,0.672253105294934,1.1234014360395312,1.8243556308746345,-0.7036367944478259,1.778088222725885e-11,0.9999017131509982,2.493147799376966e-13,0.014020129731886665,0.09996249758422153,-3.556525246193631e-12,0.002738444216066266,1.9740765957854513e-10,0.007286310160967595,-7.03807502819023e-09,0.1,-0.0,1
25,684,world,6.84,0.673253105294934,1.124401060801026,1.8243556308746345,-0.7036094021827931,3.556177427203888e-11,0.9999022232624784,4.973338729573321e-13,0.013983701754295627,0.0999624520827413,-7.113049214596426e-12,0.0027401046705650537,-5.079844765255583e-11,0.007286309415185455,1.8158119835717581e-09,0.1,-0.0,1
25,685,world,6.8500000000000005,0.6742531052949341,1.1254006850285,1.8243556308746347,-0.7035819904370273,-3.8255677762160935e-13,0.9999027320467756,-5.33614314274421e-15,0.013947273762066557,0.09996239077427894,7.65187899496399e-14,0.0027423403673418334,-3.297200253502204e-11,0.0072863085920364945,1.1816782771553761e-09,0.1,-0.0,1
25,686,world,6.86,0.675253105294934,1.1264003085636933,1.8243556308746345,-0.7035545534579474,2.3741572353796034e-11,0.9999032395038847,3.302973107415485e-13,0.013910845755634612,0.09996231361983682,-4.7487736435870346e-12,0.002745151319943368,-4.5253072368114276e-11,0.005161613086715272,1.6248255962000492e-09,0.1,-0.0,1
25,687,world,6.87,0.676253105294934,1.127399931250286,1.824355630874635,-0.7035270855793574,-1.663554414261377e-11,0.9999034506191002,-2.3118422982036886e-13,0.013895662633238392,0.09996222213490856,3.3274299361328894e-12,0.0027484806441375447,-6.681847969495003e-11,0.0004893690411510265,2.401393899388877e-09,0.1,-0.0,1
25,688,world,6.88,0.677253105294934,1.1283995529996036,1.8243556308746345,-0.7034995836123172,-2.7933643890427643e-13,0.9999033075672842,-3.8848148938994554e-15,0.013905952538572462,0.09996212759333016,5.587268789520293e-14,0.0027519169709101466,4.6308016423384905e-11,-0.0020581799395924857,-1.6645599414182883e-09,0.1,-0.0,1
25,689,world,6.890000000000001,0.6782531052949341,1.1293991737994395,1.8243556308746345,-0.7034720471558208,1.4887715521633615e-14,0.9999031644095746,2.0720112305755398e-16,0.0139162424425297,0.09996203223783907,-2.9778313508845086e-15,0.00275537853683011,5.1038651518075304e-11,-0.0020581799578908108,-1.833247163382095e-09,0.1,-0.0,1
25,690,world,6.9,0.679253105294934,1.1303987936416398,1.8243556308746347,-0.7034444759574636,1.805846007301412e-11,0.9999030211459714,2.51516120054626e-13,0.013926532345100294,0.09996193606577626,-3.612042182532956e-12,0.002758865343154759,-1.6825684876298628e-12,-0.002058179974446605,6.039116233050425e-11,0.1,-0.0,1
25,691,world,6.91,0.680253105294934,1.1313984125180245,1.8243556308746347,-0.7034168697648374,-5.891995821798442e-13,0.9999028777764748,-8.212367447806598e-15,0.013936822246274449,0.09996183907446998,1.178513588198032e-13,0.0027623773909024926,-8.280569167928552e-13,-0.0020581799892580802,2.9698866289751936e-11,0.1,-0.0,1
25,692,world,6.92,0.681253105294934,1.1323980304203896,1.824355630874635,-0.7033892283255311,1.776137971166408e-11,0.9999027343010848,2.4774405170536125e-13,0.013947112146042343,0.0999617412612704,-3.552621394562345e-12,0.0027659146796009857,2.8060766751002998e-11,-0.0020581800023247703,-1.0056769509497897e-09,0.1,-0.0,1
25,693,world,6.93,0.6822531052949341,1.1333976473405007,1.8243556308746347,-0.70336155138713,9.470504139125272e-12,0.9999025907198017,1.3219651099985173e-13,0.01395740204439417,0.0999616426234838,-1.8942853040340808e-12,0.002769477209674999,-9.503730724358131e-11,-0.0020581800136486392,3.403553666086279e-09,0.1,-0.0,1
25,694,world,6.94,0.683253105294934,1.134397263270101,1.8243556308746345,-0.7033338386972172,-1.628410651913615e-11,0.9999024470326255,-2.2747357412109135e-13,0.013967691941320129,0.09996154315838879,3.2571389808969405e-12,0.002773064981853016,-5.374548102169276e-11,-0.002058180023228764,1.9233582628519e-09,0.1,-0.0,1
25,695,world,6.95,0.684253105294934,1.1353968782009027,1.824355630874635,-0.7033060900033717,-9.768709154309845e-12,0.9999023032395564,-1.3656018061527828e-13,0.013977981836810406,0.09996144286326461,1.9539326897690395e-12,0.0027766779961467397,1.0098011365730769e-10,-0.0020581800310650895,-3.6110547853731548e-09,0.1,-0.0,1
25,696,world,6.96,0.685253105294934,1.1363964921245922,1.824355630874635,-0.7032783050531692,1.9837027917410946e-11,0.9999021593405946,2.7751288888534703e-13,0.013988271730855201,0.09996134173531412,-3.9677937372289006e-12,0.0027803162546281355,1.0518798138119546e-10,-0.002058180037158192,-3.758759745770512e-09,0.1,-0.0,1
25,697,world,6.97,0.6862531052949341,1.1373961050328256,1.8243556308746347,-0.7032504835941824,2.7829922083893788e-11,0.9999020153357401,3.896170557634507e-13,0.013998561623444705,0.09996123977182908,-5.566529784777341e-12,0.0027839797554758427,-5.811268128157343e-12,-0.0020581800415070844,2.0750559890221592e-10,0.1,-0.0,1
25,698,world,6.98,0.687253105294934,1.1383957169172352,1.8243556308746347,-0.7032226253739802,1.776135634148835e-11,0.9999018712249932,2.4884062211068037e-13,0.014008851514569105,0.09996113697013306,-3.5526198485483402e-12,0.002787668495050617,-1.1536215966907555e-10,-0.0020581800441122327,4.11626168625983e-09,0.1,-0.0,1
25,699,world,6.99,0.688253105294934,1.139395327769423,1.8243556308746351,-0.7031947301401282,-1.3344818538528333e-11,0.9999017270083539,-1.871012851082949e-13,0.0140191414042186,0.09996103332720485,2.6692260007489547e-12,0.00279138248139599,-2.949207147707654e-11,-0.0020581800449734084,1.0515400166044692e-09,0.1,-0.0,1
25,700,world,7.0,0.689253105294934,1.1403949375809632,1.8243556308746351,-0.703166797640188,7.242851413671505e-12,0.9999015826858223,1.0162308774040001e-13,0.014029431292383371,0.0999609288402321,-1.4487128531884693e-12,0.002795121714354768,9.73096111296972e-11,-0.00205818004409084,-3.4670286096414337e-09,0.1,-0.0,1
25,701,world,7.01,0.6902531052949341,1.141394546343404,1.824355630874635,-0.7031388276217179,2.1335706228395515e-11,0.9999014382573987,2.9957689342552997e-13,0.014039721179053626,0.09996082350650526,-4.267561847546328e-12,0.002798886189417043,-5.070996925090204e-11,-0.0020581800414652776,1.8054124409924565e-09,0.1,-0.0,1
25,702,world,7.0200000000000005,0.691253105294934,1.1423941540482625,1.824355630874635,-0.7031108198322722,-1.0816612569958416e-11,0.9999012937230831,-1.51988528507075e-13,0.014050011064219546,0.09996071732312377,2.163536063202712e-12,0.0028026759082252425,-1.597722605270238e-10,-0.0020581800370954497,5.6841573528066175e-09,0.1,-0.0,1
25,703,world,7.03,0.692253105294934,1.143393760687025,1.824355630874635,-0.7030827740194018,-3.5522702641364427e-11,0.9999011490828758,-4.995092665684397e-13,0.014060300947871328,0.09996061028717004,7.105242878094166e-12,0.002806490872337815,1.1717701436346924e-11,-0.002058180030981476,-4.1657096987754617e-10,0.1,-0.0,1
25,704,world,7.04,0.693253105294934,1.1443933662511523,1.8243556308746351,-0.7030546899306533,-6.6496645843353895e-12,0.9999010043367768,-9.357397294043139e-14,0.014070590829999162,0.09996050239570463,1.3300645866737737e-12,0.002810331083401313,4.9982515013778796e-11,-0.002058180023124393,-1.7756066881274326e-09,0.1,-0.0,1
25,705,world,7.05,0.694253105294934,1.1453929707320767,1.824355630874635,-0.7030265673135697,-1.7761352984483715e-11,0.9999008594847861,-2.501202896876396e-13,0.014080880710593244,0.09996039364589301,3.5526228052380593e-12,0.0028141965386435513,1.8726624043926227e-11,-0.0020581800135237387,-6.647685802895082e-10,0.1,-0.0,1
25,706,world,7.0600000000000005,0.695253105294934,1.1463925741211973,1.8243556308746351,-0.7029984059156899,0.0,0.9999007145269042,0.0,0.014091170589643766,0.09996028403466453,-0.0,0.002818087243006036,8.2594108683162e-11,-0.002058180002178821,-2.9298313492953356e-09,0.1,-0.0,1
25,707,world,7.07,0.696253105294934,1.1473921764098887,1.8243556308746351,-0.7029702054845485,1.1545690986111333e-11,0.999900569463131,1.6282729501183416e-13,0.014101460467140918,0.09996017355913923,-2.3093678184459966e-12,0.002822003193967305,1.2988117237669306e-12,-0.0020581799890905064,-4.603864575987972e-11,0.1,-0.0,1
25,708,world,7.08,0.697253105294934,1.1483917775894907,1.8243556308746351,-0.7029419657676765,4.605237656546685e-13,0.9999004242934667,6.499443594659423e-15,0.014111750343074896,0.09996006221639837,-9.211392537091557e-14,0.002825944389716262,-1.5952919724702918e-11,-0.0020581799742581,5.65066473296169e-10,0.1,-0.0,1
25,709,world,7.09,0.698253105294934,1.1493913776513156,1.8243556308746351,-0.7029136865126003,5.89333515378422e-12,0.9999002790179115,8.323421625435771e-14,0.014122040217435886,0.09995995000336394,-1.178784578339193e-12,0.0028299108333978413,-1.0163141311613291e-10,-0.0020581799576824696,3.5972496249965354e-09,0.1,-0.0,1
25,710,world,7.1000000000000005,0.699253105294934,1.1503909765866467,1.824355630874635,-0.7028853674668422,-3.552273260019726e-11,0.9999001336364653,-5.020691226299167e-13,0.01413233009021409,0.09995983691707502,7.105256074944417e-12,0.002833902523335534,1.9754718452976035e-11,-0.002058179939362576,-6.987099662353368e-10,0.1,-0.0,1
25,711,world,7.11,0.700253105294934,1.1513905743867352,1.8243556308746351,-0.7028570083779205,1.2882526110130455e-11,0.9998999881491286,1.8221089416715825e-13,0.014142619961399688,0.09995972295432148,-2.5767629167778163e-12,0.002837919465963479,1.1099230999208972e-10,-7.341074062285721e-05,-3.925614945270668e-09,0.1,-0.0,1
25,712,world,7.12,0.701253105294934,1.152390171044975,1.8243556308746356,-0.7028286090698306,3.745182651818785e-12,0.9999001232615478,5.29361936697551e-14,0.014133064124303873,0.0999596092829691,-7.491113400512672e-13,0.002841920476747864,1.1438436174016147e-10,0.0034884040765276285,-4.047740573423177e-09,0.1,-0.0,1
25,713,world,7.13,0.702253105294934,1.153389766593536,1.8243556308746354,-0.7028001707299155,5.337206690987447e-11,0.9999004808924725,7.53034152536246e-13,0.014107739400853917,0.0999595015430267,-1.067547547670066e-11,0.0028457075165317144,6.897499678923186e-11,0.005065449848423441,-2.443850186054961e-09,0.1,-0.0,1
25,714,world,7.140000000000001,0.703253105294934,1.1543893610981597,1.8243556308746354,-0.7027716957194801,2.8190994621233216e-11,0.9999008378820117,3.970366471238393e-13,0.014082414666915533,0.09995940050022686,-5.638757767214079e-12,0.002849254575366297,-1.002143533215887e-10,0.0050654501232045065,3.5570796027442814e-09,0.1,-0.0,1
25,715,world,7.15,0.704253105294934,1.1553889546259484,1.8243556308746354,-0.7027431864383569,1.7790710967809983e-11,0.9999011942301634,2.501103362064251e-13,0.014057089922634913,0.09995930617997702,-3.5584934877636797e-12,0.002852561658862194,-7.925669755617822e-11,0.005065450371991784,2.8182648103091214e-09,0.1,-0.0,1
25,716,world,7.16,0.705253105294934,1.1563885472442463,1.8243556308746351,-0.7027146452862437,0.0,0.9999015499369254,0.0,0.014031765168158265,0.09995921860615652,-0.0,0.002855628765546156,-9.985408060457855e-11,0.00506545059478388,3.5570930144026334e-09,0.1,-0.0,1
25,717,world,7.17,0.706253105294934,1.1573881390206333,1.8243556308746351,-0.7026860746629482,-1.7790728479374314e-11,0.9999019050022955,-2.4920922436184294e-13,0.014006440403631793,0.09995913780082516,3.558494178850374e-12,0.0028584558970968094,-6.336004281888165e-11,0.005065450791581841,2.261152529697053e-09,0.1,-0.0,1
25,718,world,7.18,0.707253105294934,1.1583877300228933,1.8243556308746354,-0.7026574769682079,-2.261818971362504e-11,0.9999022594262715,-3.1625843699049003e-13,0.013981115629201698,0.09995906378437376,4.524079169689473e-12,0.002861043053066198,-1.2402061737258226e-11,0.0050654509623853155,4.4339898882361727e-10,0.1,-0.0,1
25,719,world,7.19,0.708253105294934,1.1593873203190126,1.824355630874635,-0.702628854601808,-2.2226033101618513e-11,0.9999026132088517,-3.1021207983958096e-13,0.013955790845014188,0.09995899657563383,4.445638397466327e-12,0.0028633902270608154,6.313096734955976e-11,0.005065451107193787,-2.2611589370371337e-09,0.1,-0.0,1
25,720,world,7.2,0.709253105294934,1.1603869099771527,1.8243556308746354,-0.7026002099635132,0.0,0.9999029663500334,0.0,0.013930466051215467,0.09995893619122244,-0.0,0.0028654974296135286,7.632192837329695e-11,0.005065451226007427,-2.7385914437356713e-09,0.1,-0.0,1
25,721,world,7.21,0.710253105294934,1.161386499065636,1.8243556308746354,-0.7025715454530896,5.167849941259318e-12,0.9999033188498149,7.186663153002617e-14,0.01390514124795174,0.09995888264647358,-1.033669536688941e-12,0.0028673646556594615,-4.9476567316902634e-11,0.005065451318826582,1.7785585783991292e-09,0.1,-0.0,1
25,722,world,7.22,0.711253105294934,1.1623860876529266,1.8243556308746351,-0.7025428634703164,-1.7790752292491128e-11,0.9999036707081941,-2.469561651793997e-13,0.013879816435369213,0.09995883595493545,3.558491695715337e-12,0.0028689919020984094,-8.06847640712001e-11,0.005065451385650732,2.9057101288139775e-09,0.1,-0.0,1
25,723,world,7.23,0.712253105294934,1.1633856758076169,1.8243556308746356,-0.7025141664149445,-2.3897657757147567e-11,0.9999040219251687,-3.311216794027447e-13,0.013854491613614094,0.09995879612821382,4.779987945898135e-12,0.002870379173243026,2.1944997723772176e-11,0.005065451426480398,-7.917532962469427e-10,0.1,-0.0,1
25,724,world,7.24,0.713253105294934,1.1643852635984062,1.8243556308746351,-0.7024854566867547,-9.870948584971019e-12,0.999904372500737,-1.3652004935724877e-13,0.013829166782832584,0.09995876317628419,1.9743774126749455e-12,0.0028715264699343906,9.70115222841743e-11,0.005065451441315928,-3.506490738457067e-09,0.1,-0.0,1
25,725,world,7.25,0.714253105294934,1.1653848510940865,1.8243556308746354,-0.7024567366854856,1.1177307861189004e-11,0.9999047224348968,1.5430449282237506e-13,0.01380384194317089,0.09995873710753908,-2.235673180332752e-12,0.0028724337879035746,-1.6545191128885315e-11,0.005065451430156104,5.991252975122855e-10,0.1,-0.0,1
25,726,world,7.26,0.715253105294934,1.1663844383635222,1.8243556308746354,-0.7024280088109088,-1.586392359376025e-11,0.9999050717276461,-2.1860209394594474e-13,0.013778517094775221,0.09995871792841304,3.1730837362124592e-12,0.002873101130827126,-4.816229841317584e-11,0.005065451393001796,1.7472338190008355e-09,0.1,-0.0,1
25,727,world,7.2700000000000005,0.716253105294934,1.167384025475635,1.8243556308746354,-0.7023992754627533,-6.300006045175733e-12,0.9999054203789829,-8.665338988332719e-14,0.01375319223779178,0.09995870564363987,1.2601194344403427e-12,0.0028735285013654246,-5.29994933716247e-12,0.005065451329853178,1.926260244336737e-10,0.1,-0.0,1
25,728,world,7.28,0.717253105294934,1.1683836124993856,1.8243556308746354,-0.7023705390407685,-1.7790742287971546e-11,0.9999057683889051,-2.4425196684157893e-13,0.013727867372366774,0.09995870025635777,3.5584808435265674e-12,0.0028737158975140433,-2.6701525632555397e-11,0.005065451240709207,9.722550592721146e-10,0.1,-0.0,1
25,729,world,7.29,0.718253105294934,1.1693831995037571,1.824355630874635,-0.7023418019446771,-1.6025313772040867e-11,0.999906115757411,-2.1960816076137304e-13,0.013702542498646416,0.09995870176784151,3.2053608327208268e-12,0.002873663321914949,5.024381263349373e-11,0.005065451125570754,-1.8328591532372904e-09,0.1,-0.0,1
25,730,world,7.3,0.719253105294934,1.170382786557737,1.8243556308746351,-0.7023130665741952,5.430071581734047e-13,0.9999064624844983,7.427521821742795e-15,0.013677217616776906,0.09995871017768027,-1.0861148711683337e-13,0.0028733707756785406,-5.349463595081989e-11,0.005065450984438508,1.9550622690104588e-09,0.1,-0.0,1
25,731,world,7.3100000000000005,0.720253105294934,1.1713823737302989,1.8243556308746351,-0.7022843353290426,-3.5581442187188847e-11,0.9999068085701653,-4.8579930413982e-13,0.013651892726904445,0.09995872548379096,7.1169444229821695e-12,0.0028728382579116477,-1.4826156085076702e-12,0.005065450817310566,5.428555307408648e-11,0.1,-0.0,1
25,732,world,7.32,0.721253105294934,1.1723819610903858,1.824355630874635,-0.7022556106088897,0.0,0.9999071540144099,0.0,0.013626567829175259,0.09995874768218346,-0.0,0.002872065773895605,1.684835749876112e-10,0.0050654506241876165,-6.1804500799296305e-09,0.1,-0.0,1
25,733,world,7.33,0.722253105294934,1.173381548706898,1.824355630874635,-0.7022268948134545,2.6240275570514684e-11,0.9999074988172304,3.5693337918007746e-13,0.01360124292373554,0.09995877676735938,-5.248534617567426e-12,0.002871053321207406,4.631683608756678e-11,0.005065450405071573,-1.7021967353468577e-09,0.1,-0.0,1
25,734,world,7.34,0.723253105294934,1.1743811366486638,1.824355630874635,-0.7021981903423575,1.7026698319937368e-11,0.9999078429786247,2.3117436472580097e-13,0.013575918010731497,0.09995881273192632,-3.405649431633464e-12,0.0028698009031439915,-1.407833813759826e-10,0.005065450159959307,5.18360738224119e-09,0.1,-0.0,1
25,735,world,7.3500000000000005,0.724253105294934,1.1753807249844377,1.8243556308746351,-0.7021694995953022,-2.5610133574664352e-11,0.9999081864985909,-3.4706436425324256e-13,0.01355059309030935,0.09995885556699043,5.122490594857412e-12,0.0028683085150569133,-1.3134544083200886e-10,0.005065449888853079,4.845148141791331e-09,0.1,-0.0,1
25,736,world,7.36,0.725253105294934,1.1763803137828674,1.8243556308746354,-0.7021408249718656,-3.1438137594222274e-11,0.9999085293771273,-4.2524813920722194e-13,0.013525268162615286,0.09995890526139728,6.288194470309224e-12,0.002866576170800804,1.0462970845369244e-10,0.009916687805548437,-3.873823750830771e-09,0.1,-0.0,1
25,737,world,7.37,0.726253105294934,1.1773799031156886,1.8243556308746351,-0.7021121689833744,1.3138690831590129e-11,0.9999095253520179,1.7675024041517248e-13,0.013451435250645948,0.09995896498797144,-2.627971929637562e-12,0.002864492718353824,2.35289273648237e-11,0.02601396561061969,-8.780225891348067e-10,0.1,-0.0,1
25,738,world,7.38,0.727253105294934,1.1783794932991418,1.824355630874635,-0.702083542684283,-2.265564214429314e-11,0.9999120140024711,-3.0055697803937187e-13,0.013265151846933951,0.09995908449988969,4.5315173747524845e-12,0.0028603192031509796,1.8248394974807655e-11,0.037260068493895036,-6.876505700305473e-10,0.1,-0.0,1
25,739,world,7.390000000000001,0.728253105294934,1.1793790850609573,1.8243556308746347,-0.7020549715569627,2.0017093839571165e-11,0.9999144679565357,2.618233093730274e-13,0.013078867351503551,0.09995928058648963,-4.003749878566639e-12,0.0028534583633616946,3.219511750726365e-11,0.037260189595202574,-1.2304909889232075e-09,0.1,-0.0,1
25,740,world,7.4,0.729253105294934,1.1803786791642967,1.8243556308746351,-0.7020264824747025,-1.0347654883832123e-11,0.999916887213107,-1.3341907609242182e-13,0.01289258182253727,0.09995955269429593,2.0696956895432786e-12,0.0028439101878004937,-5.672752471771661e-12,0.0372603003512273,2.1994578712031288e-10,0.1,-0.0,1
25,741,world,7.41,0.730253105294934,1.1813782763657021,1.824355630874635,-0.7019981023109547,1.7817178378261657e-11,0.9999192717711197,2.2640860777749257e-13,0.012706295318219258,0.09995990005312232,-3.563708308181304e-12,0.0028316746581836852,-6.746446956706942e-11,0.03726040076178462,2.654122615645689e-09,0.1,-0.0,1
25,742,world,7.42,0.731253105294934,1.1823778774129314,1.824355630874635,-0.7019698579394641,-3.6895421416848625e-11,0.9999216216295485,-4.619671757267515e-13,0.012520007896735148,0.09996032167663403,7.379626527182283e-12,0.002816751729182293,-5.886549205392155e-11,0.03726049082670873,2.3503040825394453e-09,0.1,-0.0,1
25,743,world,7.43,0.732253105294934,1.1833774830427932,1.824355630874635,-0.7019417762343879,-5.691361043429113e-12,0.9999239367874074,-7.020099105753479e-14,0.012333719616271974,0.0999608163612929,1.1383524956913092e-12,0.002799141365468842,1.3496249562093827e-10,0.03726057054584885,-5.470032724704524e-09,0.1,-0.0,1
25,744,world,7.44,0.733253105294934,1.1843770939789828,1.824355630874635,-0.7019138840704131,1.781734498636805e-11,0.999926217243751,2.1645093088663182e-13,0.012147430535018072,0.09996138268745519,-3.5637101543633697e-12,0.0027788435026350608,1.3827114256705204e-11,0.03726063991907196,-5.690114348253801e-10,0.1,-0.0,1
25,745,world,7.45,0.734253105294934,1.185376710929916,1.8243556308746351,-0.7018862083228634,0.0,0.9999284629976726,0.0,0.011961140711162957,0.09996201901881115,-0.0,0.002755858066526811,-1.4085525342944099e-10,0.03726069894626232,5.8867723659104885e-09,0.1,-0.0,1
25,746,world,7.46,0.735253105294934,1.1863763345865543,1.824355630874635,-0.7018587758678003,-4.106306476715778e-11,0.9999306740483059,-4.835449587196003e-13,0.011774850202897235,0.09996272350202572,8.213124437201146e-12,0.0027301849859594,-4.195965150068984e-11,0.037260747627321414,1.7813782887033236e-09,0.1,-0.0,1
25,747,world,7.47,0.736253105294934,1.18737596562025,1.8243556308746351,-0.7018316135821118,-1.7817526983076628e-11,0.9999328503948243,-2.0649332984198723e-13,0.011588559068412494,0.09996349406712401,3.563718372617312e-12,0.0027018241785991626,9.517255898073866e-11,0.037260785962169606,-4.105488278202379e-09,0.1,-0.0,1
25,748,world,7.48,0.737253105294934,1.188375604680571,1.824355630874635,-0.7018047483435915,0.0,0.9999349920364407,0.0,0.01140226736590118,0.09996432842777472,-0.0,0.0026707755397998487,-5.09137500116141e-11,0.037260813950741864,2.23217975074735e-09,0.1,-0.0,1
25,749,world,7.49,0.738253105294934,1.1893752523931342,1.824355630874635,-0.7017782070310058,-4.014380094826757e-11,0.9999370989724078,-4.5028019709218993e-13,0.011215975153556535,0.0999652240804738,8.029202884744635e-12,0.0026370389721548718,9.485406849133174e-12,0.037260831592991,-4.227727318674836e-10,0.1,-0.0,1
25,750,world,7.5,0.739253105294934,1.19037490935744,1.8243556308746351,-0.701752016524146,4.228533936334917e-12,0.9999391712020184,4.664222390457144e-14,0.011029682489572458,0.0999661783048343,-8.457516382201743e-13,0.0026006143747351745,6.453088653472137e-11,0.03726083888888855,-2.924794543233696e-09,0.1,-0.0,1
25,751,world,7.51,0.740253105294934,1.1913745761446999,1.8243556308746351,-0.7017262037038667,-1.0890623141913184e-11,0.9999412087246045,-1.1809821103092627e-13,0.010843389432143405,0.09996718816373597,2.178235863950186e-12,0.0025615016369713015,-7.115892625809975e-11,0.037260835838422206,3.2806335947966634e-09,0.1,-0.0,1
25,752,world,7.5200000000000005,0.741253105294934,1.1923742532956694,1.824355630874635,-0.7017007954521086,-2.8583637200277903e-11,0.9999432115395382,-3.0463586660243177e-13,0.010657096039464296,0.09996825050294934,5.7170089565888776e-12,0.0025197006527699142,9.916712349197384e-11,0.03726082244159734,-4.651840788903694e-09,0.1,-0.0,1
25,753,world,7.53,0.742253105294934,1.1933739413184765,1.824355630874635,-0.7016758186519028,3.5635758623032566e-11,0.9999451796462315,3.731554423505503e-13,0.010470802369730404,0.09996936195132432,-7.1274906549153006e-12,0.002475211313223976,1.571721825828575e-11,0.03726079869843514,-7.504025325488774e-10,0.1,-0.0,1
25,754,world,7.54,0.743253105294934,1.1943736406864554,1.824355630874635,-0.7016513001873578,-2.1078474716983347e-11,0.9999471130441357,-2.1679321752957962e-13,0.010284508481137258,0.09997051892086797,4.215888844044369e-12,0.0024280335031418134,-6.701365042793333e-11,0.03726076460897599,3.2574729886121e-09,0.1,-0.0,1
25,755,world,7.55,0.7442531052949339,1.1953733518359686,1.8243556308746351,-0.7016272669436265,3.0559349489101818e-12,0.9999490117327422,3.08610599559458e-14,0.010098214431880538,0.09997171760600376,-6.112142222904796e-13,0.002378167131518718,-4.985753420259642e-12,0.037260720173277855,2.4682535387327356e-10,0.1,-0.0,1
25,756,world,7.5600000000000005,0.745253105294934,1.196373075164242,1.824355630874635,-0.7016037458068521,-2.3547189735896228e-11,0.9999508757115821,-2.334093335513294e-13,0.009911920280155893,0.09997295398443407,4.709641536460011e-12,0.0023256120971110092,-5.638011670973265e-11,0.03726066539141222,2.8436370162563744e-09,0.1,-0.0,1
25,757,world,7.57,0.746253105294934,1.1973728110271917,1.8243556308746354,-0.7015807636640926,-2.5384666732500708e-11,0.9999527049802261,-2.468934537420698e-13,0.009725626084159038,0.09997422381653984,5.077146590434417e-12,0.0022703683138206843,8.535181660213412e-11,0.03726060026347216,-4.387363033630457e-09,0.1,-0.0,1
25,758,world,7.58,0.747253105294934,1.1983725597372497,1.8243556308746351,-0.7015583474032203,2.033265899308327e-11,0.999954499538285,1.939688082572773e-13,0.00953933190208542,0.09997552264547957,-4.066697955407607e-12,0.0022124357082640316,3.367614766816093e-11,0.03726052478956583,-1.764879888415043e-09,0.1,-0.0,1
25,759,world,7.59,0.7482531052949339,1.1993723215611964,1.8243556308746351,-0.7015365239127992,-7.733517972534198e-12,0.9999562593854089,-7.233504984276766e-14,0.009353037792130274,0.09997684579724571,1.5467651294805206e-12,0.002151814219154179,-4.035393788640971e-11,0.03726043896981846,2.1569805664345186e-09,0.1,-0.0,1
25,760,world,7.6000000000000005,0.749253105294934,1.2003720967179885,1.8243556308746354,-0.7015153200819345,-1.2399433698501878e-12,0.9999579845212879,-1.1366720791625623e-14,0.009166743812488363,0.09997818838085469,2.4799828568472274e-13,0.002088503790356817,6.50403410604973e-11,0.03726034280437351,-3.5471778406298575e-09,0.1,-0.0,1
25,761,world,7.61,0.750253105294934,1.2013718853765805,1.8243556308746351,-0.701494762800096,2.7742764887723527e-11,0.9999596749456521,2.4915256061892643e-13,0.0089804500213541,0.09997954528760422,-5.548762495496641e-12,0.0020225044088698196,1.6552469806678867e-11,0.03726023629339055,-9.21472019108327e-10,0.1,-0.0,1
25,762,world,7.62,0.751253105294934,1.202371687653755,1.8243556308746351,-0.7014748789569138,7.9759026204169e-12,0.9999613306582708,7.014404811279901e-14,0.008794156476921229,0.0999809111920662,-1.5952391754072547e-12,0.0019538160620110913,-6.595248247246266e-11,0.03726011943704809,3.749354997353065e-09,0.1,-0.0,1
25,763,world,7.63,0.7522531052949339,1.2033715036119588,1.824355630874635,-0.7014556954419428,-9.755104209687721e-12,0.9999629516589534,-8.397371399020435e-14,0.008607863237382838,0.09998228055151098,1.951090599367668e-12,0.0018824387689771235,-3.4130305496861516e-11,0.03978112279225094,1.9851947214587324e-09,0.1,-0.0,1
25,764,world,7.640000000000001,0.7532531052949341,1.2043713332547357,1.8243556308746354,-0.7014372390128313,-1.187825060826371e-11,0.9999647499485395,-9.973758339945271e-14,0.008396359946734938,0.099983645131412,2.375731879959963e-12,0.0018085093961258043,3.406143162829724e-11,0.04852604325688456,-2.0356767452530056e-09,0.1,-0.0,1
25,765,world,7.65,0.7542531052949341,1.2053711763303072,1.8243556308746351,-0.7014195252219937,1.0603800620254163e-11,0.9999670109797483,8.613348221027802e-14,0.008122619788472084,0.099984959031683,-2.1208288075173945e-12,0.0017343492822015907,7.213251898853558e-12,0.0547501085909996,-4.4397861365067784e-10,0.1,-0.0,1
25,766,world,7.66,0.7552531052949341,1.206371032218579,1.8243556308746356,-0.7014025500169263,-7.438068371821219e-12,0.9999691970910657,-5.838228158537416e-14,0.007848876929182702,0.09998620789617592,1.48765888159614e-12,0.0016607921431324166,-6.207407127697936e-11,0.05475051065962208,3.953963300596016e-09,0.1,-0.0,1
25,767,world,7.67,0.756253105294934,1.2073709002758812,1.8243556308746354,-0.7013863073686869,-2.8939522507936366e-11,0.9999713082793665,-2.1922698009119866e-13,0.007575131553459859,0.09998739305783551,5.788069034804036e-12,0.0015878379948563689,8.453769769060067e-13,0.054750879908111776,-5.5794694965423584e-11,0.1,-0.0,1
25,768,world,7.68,0.7572531052949341,1.2083707798718066,1.8243556308746351,-0.7013707912473977,-6.880103133807326e-12,0.9999733445417107,-5.0235612932631553e-14,0.007301383845905758,0.09998851583853142,1.3760570961355703e-12,0.0015154868550240684,3.450156311559161e-11,0.05475121633513909,-2.362484197167631e-09,0.1,-0.0,1
25,769,world,7.69,0.7582531052949341,1.2093706703890938,1.824355630874635,-0.701355995622011,-5.312861707100205e-12,0.9999753058753434,-3.733776954653303e-14,0.007027633991131335,0.0999895775494075,1.0625985036273832e-12,0.0014437387197914434,7.454124896873406e-12,0.0547515199394948,-5.303046120542075e-10,0.1,-0.0,1
25,770,world,7.7,0.7592531052949341,1.2103705712235546,1.8243556308746356,-0.7013419144624334,-1.576680852616622e-12,0.9999771922776954,-1.064895958270158e-14,0.006753882173755221,0.09999057949037006,3.153433552595759e-13,0.00137259359607585,-1.5970263890176417e-11,0.05475179072008718,1.1822217384589652e-09,0.1,-0.0,1
25,771,world,7.71,0.760253105294934,1.2113704817839608,1.8243556308746356,-0.7013285417397546,-1.713592854012491e-11,0.9999790037463824,-1.1104535178670814e-13,0.006480128578403231,0.09999152295036799,3.427257661316635e-12,0.0013020514836343158,3.507312550324671e-11,0.05475202867594125,-2.7060357559715684e-09,0.1,-0.0,1
25,772,world,7.72,0.7612531052949341,1.2123704014918935,1.8243556308746351,-0.7013158714233266,2.5485421373249678e-11,0.9999807402792054,1.5817508744443913e-13,0.006206373389707451,0.09999240920741106,-5.097182423674038e-12,0.0012321123721708422,-3.817735770660261e-11,0.05475223380620155,3.0754800220576435e-09,0.1,-0.0,1
25,773,world,7.73,0.7622531052949341,1.21337032978166,1.8243556308746354,-0.7013038974825816,-4.789261366157487e-11,0.9999824018741509,-2.8413352425359277e-13,0.005932616792305836,0.09999323952843303,9.578691029684247e-12,0.0011627762507978368,-2.8296008795969887e-11,0.054752406110130394,2.384657375192588e-09,0.1,-0.0,1
25,774,world,7.74,0.7632531052949341,1.2143702661001887,1.824355630874635,-0.7012926138876951,1.6376347198644098e-12,0.9999839885293905,9.26729230844413e-15,0.005658858970841184,0.09999401516930317,-3.2753216495304395e-13,0.0010940431075460995,4.26748442362098e-11,0.054752545587107584,-3.7704417890878245e-09,0.1,-0.0,1
25,775,world,7.75,0.764253105294934,1.2153702099069268,1.8243556308746354,-0.7012820146104246,-1.0186477838379335e-11,0.9999855002432814,-5.48559983261982e-14,0.005385100109960616,0.09999473737491296,2.0373248424593585e-12,0.001025912921347346,-8.723385149695912e-12,0.05475265223663128,8.099205097677899e-10,0.1,-0.0,1
25,776,world,7.76,0.7652531052949341,1.2163701606736899,1.824355630874635,-0.7012720936201852,-6.461929108384931e-12,0.999986937014366,-3.302955074143246e-14,0.005111340394314661,0.09999540737909207,1.2924024406869922e-12,0.0009583856684136464,1.9967708371237894e-12,0.054752726058318026,-1.9531986596956605e-10,0.1,-0.0,1
25,777,world,7.7700000000000005,0.7662531052949341,1.2173701178845826,1.8243556308746351,-0.7012628448874672,-8.233228577345455e-12,0.9999882988413719,-3.982936802139871e-14,0.004837580008556864,0.09999602640459136,1.6466645072165377e-12,0.0008914613240460624,2.3282635318146254e-11,0.054752767051901886,-2.406349690144746e-09,0.1,-0.0,1
25,778,world,7.78,0.7672531052949341,1.2183700810358866,1.824355630874635,-0.7012542623833461,1.7602425188337193e-11,0.9999895857232123,8.033512157036916e-14,0.004563819137342751,0.0999965956631223,-3.5205203500248286e-12,0.0008251398584684522,-4.679797974755841e-12,0.05475277521723629,5.12690315078104e-10,0.1,-0.0,1
25,779,world,7.79,0.768253105294934,1.2193700496359587,1.8243556308746351,-0.7012463400807949,-1.3360318443796613e-11,0.9999907976589856,-5.73170680103514e-14,0.004290057965329301,0.099997116355345,2.6720869797072648e-12,0.0007594212372551726,1.5040549614227872e-13,0.05475275055429112,-1.752905689114896e-11,0.1,-0.0,1
25,780,world,7.8,0.769253105294934,1.2203700232050787,1.824355630874635,-0.701239071949991,1.7777762134403466e-11,0.9999919346479755,7.14013428649612e-14,0.004016296677174089,0.09999758967080336,-3.5555789936196856e-12,0.0006943054296519178,2.501196570745229e-11,0.054752693063155125,-3.1137340409133893e-09,0.1,-0.0,1
25,781,world,7.8100000000000005,0.7702531052949341,1.2213700012753823,1.824355630874635,-0.7012324519629758,1.777777752092672e-11,0.9999929966896514,6.653442868948471e-14,0.0037425354575347067,0.09999801678805417,-3.5555778996489225e-12,0.0006297923912193109,-6.023159987055043e-13,0.05475260274403555,8.046728053059219e-11,0.1,-0.0,1
25,782,world,7.82,0.7712531052949341,1.222369983390735,1.8243556308746347,-0.7012264740923964,1.6973108097815883e-11,0.9999939837836677,5.887623861603283e-14,0.003468774491068061,0.09999839887452615,-3.3946392671679875e-12,0.0005658820823906571,-1.5794070758642464e-11,0.05475247959725641,2.2765654193518027e-09,0.1,-0.0,1
25,783,world,7.83,0.772253105294934,1.2233699691066264,1.824355630874635,-0.7012211323124908,-4.9882734343579295e-12,0.9999948959298642,-1.593768461824999e-14,0.003195013962429533,0.09999873708659529,9.976588505545825e-13,0.0005025744581587878,-1.608729492335228e-11,0.054752323623261705,2.517523649357164e-09,0.1,-0.0,1
25,784,world,7.84,0.773253105294934,1.224369957990041,1.8243556308746354,-0.7012164205951766,-8.202504018208279e-12,0.9999957331282663,-2.39617003762824e-14,0.002921254056272252,0.09999903256956506,1.6405060935932933e-12,0.00043986947048900405,1.1358172962675487e-11,0.0547521348226123,-1.944032486959857e-09,0.1,-0.0,1
25,785,world,7.8500000000000005,0.7742531052949341,1.2253699496193693,1.8243556308746347,-0.7012123329143236,1.4452306155826013e-11,0.9999964953790845,3.826254176383641e-14,0.002647494957246524,0.09999928645763166,-2.89046803387999e-12,0.0003777670770826135,4.862167070230373e-12,0.05475191319598687,-9.182481809435882e-10,0.1,-0.0,1
25,786,world,7.86,0.7752531052949341,1.226369943584288,1.8243556308746354,-0.701208863244632,9.800682981936362e-13,0.9999971826827149,2.3264307892318144e-15,0.0023737368499990984,0.09999949987398937,-1.960139657190118e-13,0.0003162672161355542,-9.509494147572566e-12,0.054751658744183175,2.0030466015868296e-09,0.1,-0.0,1
25,787,world,7.87,0.776253105294934,1.2273699394856519,1.824355630874635,-0.7012060055618626,-5.578321640290306e-12,0.9999977950397386,-1.1714389257056945e-14,0.0020999799191723395,0.09999967393068238,1.115665276231756e-12,0.00025536984396222706,-9.98100169180907e-12,0.05475137146811643,2.3764351194474035e-09,0.1,-0.0,1
25,788,world,7.88,0.777253105294934,1.2283699369353749,1.8243556308746354,-0.7012037538402286,-2.278445055310223e-11,0.9999983324509225,-4.1609587773885237e-14,0.0018262243494035087,0.09999980972873451,4.556891111575644e-12,0.00019507490073623887,-8.770895801939487e-12,0.05475105136881996,2.4013610065573345e-09,0.1,-0.0,1
25,789,world,7.890000000000001,0.7782531052949341,1.2293699355563308,1.8243556308746351,-0.7012021020557281,-2.959206732175257e-11,0.9999987949172184,-4.594086174455754e-14,0.0015524703253241743,0.0999999083580857,5.918411522372739e-12,0.00013538232699729662,7.583827333814263e-12,0.054750698447445206,-2.4424928715845026e-09,0.1,-0.0,1
25,790,world,7.9,0.7792531052949341,1.2303699349822377,1.8243556308746354,-0.7012010441854675,1.6405553438270154e-12,0.9999991824397637,2.09780941500845e-15,0.0012787180315594934,0.0999999708975944,-3.281108087099008e-13,7.629207216343694e-05,5.9633618993356124e-12,0.05475031270526164,-2.331766048998334e-09,0.1,-0.0,1
25,791,world,7.91,0.780253105294934,1.2313699348575446,1.8243556308746351,-0.7012005742070325,-6.27436423452013e-12,0.9999994950198811,-6.3055362812927736e-15,0.0010049676527273785,0.0999999984150759,1.2548713750139828e-12,1.780406749055772e-05,4.273377039217863e-12,0.05197407741403649,-2.09715833670687e-09,0.1,-0.0,1
25,792,world,7.92,0.781253105294934,1.2323699348373336,1.8243556308746351,-0.7012006860687426,2.2612176134360765e-11,0.9999997119765107,1.716213860194662e-14,0.0007589775330278153,0.09999999198318757,-4.52242820778903e-12,-4.004200823461395e-05,-3.2934605003553065e-13,0.03901748572326774,2.033298773151239e-10,0.1,-0.0,1
25,793,world,7.930000000000001,0.7822531052949341,1.2333699345912725,1.8243556308746351,-0.7012013686695646,-8.307667221795174e-12,0.9999998110148113,-5.1074960041703915e-15,0.0006147929259286862,0.09999995383428081,1.661529772183681e-12,-9.608923824683594e-05,-3.5191579895792495e-12,0.028836957145748188,2.8620667813818043e-09,0.1,-0.0,1
25,794,world,7.94,0.7832531052949341,1.2343699338210694,1.8243556308746351,-0.701202600075843,-6.008505740126313e-12,0.999999889264041,-2.8276512850194118e-15,0.00047060801706703395,0.09999988779505682,1.2016977060792184e-12,-0.00014980312429037842,2.2203300448598695e-12,0.02883701254412828,-2.3590013895508323e-09,0.1,-0.0,1
25,795,world,7.95,0.784253105294934,1.235369932266757,1.8243556308746354,-0.7012043569536582,1.5282354411605926e-11,0.9999999467240654,4.988509694125127e-15,0.00032642283341951383,0.0999997976256527,-3.0564601938756103e-12,-0.00020118356918187843,-7.703461138280074e-13,0.028837063146637476,1.1799822136185475e-09,0.1,-0.0,1
25,796,world,7.96,0.785253105294934,1.2363699297051565,1.8243556308746351,-0.7012066159684301,-1.780833059700126e-11,0.9999999833947646,-3.245343955186374e-15,0.0001822374019630541,0.0999996869230229,3.5616515428813127e-12,-0.00025023048856212315,-1.206072343916039e-12,0.028837108953225134,3.309070994905481e-09,0.1,-0.0,1
25,797,world,7.97,0.7862531052949341,1.237369925948236,1.8243556308746351,-0.7012093537849435,-1.780835644966434e-11,0.9999999992760322,-6.77639122234445e-16,3.805174967489089e-05,0.09999955912088879,3.561654774649591e-12,-0.0002969438126487196,1.554977340311031e-14,0.028837149963845593,-2.0432454420264892e-10,0.1,-0.0,1
25,798,world,7.98,0.7872531052949341,1.2383699208414927,1.8243556308746354,-0.7012125470663448,-1.57650853842955e-11,0.9999999943677768,1.6732131024185159e-15,-0.00010613409646746281,0.09999941748967285,3.153000941361574e-12,-0.000341323491883214,-1.3721979845895543e-13,0.028837186178457992,-6.464448815449076e-10,0.1,-0.0,1
25,799,world,7.99,0.788253105294934,1.2393699142623058,1.8243556308746354,-0.7012161724760126,-1.1343907235661128e-11,0.999999968669921,2.8396081901983594e-15,-0.00025032010948630755,0.09999926513646734,2.268768915919441e-12,-0.0003833694908447975,-1.986060623313889e-13,0.028837217597026073,-3.967040173262369e-10,0.1,-0.0,1
25,800,world,8.0,0.789253105294934,1.2403699061183127,1.8243556308746354,-0.7012202066769821,-1.1798043939561434e-11,0.9999999221824015,4.6544025804664736e-15,-0.0003945062624037878,0.09999910500503495,2.3595949954511764e-12,-0.0004230817793261304,-2.26440910300041e-12,0.028837244219518623,-2.8699268459747978e-09,0.1,-0.0,1
25,801,world,8.01,0.7902531052949341,1.2413698963457669,1.824355630874635,-0.7012246263321371,1.735536688598075e-11,0.9999998549051695,-9.349207822895713e-15,-0.0005386925282418577,0.09999893987580546,-3.4710522883737628e-12,-0.00046046032950168494,1.302109073777189e-12,0.028837266045909,1.208582188651513e-09,0.1,-0.0,1
25,802,world,8.02,0.7912531052949341,1.2423698849079108,1.824355630874635,-0.7012294081045739,-2.3883868022224362e-11,0.9999997668381905,1.6309792848437992e-14,-0.0006828788800223076,0.09999877236574603,4.7767439482303104e-12,-0.0004955051399440025,1.9510636417149146e-12,0.028837283076175425,1.4285565343562397e-09,0.1,-0.0,1
25,803,world,8.03,0.7922531052949341,1.2433698717933408,1.824355630874635,-0.7012345286562244,3.0697898852573683e-12,0.999999657981444,-2.538917532400508e-15,-0.0008270652907668757,0.09999860492849366,-6.139541463399893e-13,-0.000528216201043102,-5.74188614409918e-12,0.028837295310300926,-3.471237486319299e-09,0.1,-0.0,1
25,804,world,8.040000000000001,0.793253105294934,1.2443698570143737,1.824355630874635,-0.7012399646496367,1.0828543172768328e-11,0.9999995283349239,-1.0517246288418221e-14,-0.0009712517334971947,0.09999843985425223,-2.1656952813736634e-12,-0.0005585935154468545,-8.120970671846393e-13,0.028837302748273237,-4.1806664509713394e-10,0.1,-0.0,1
25,805,world,8.05,0.794253105294934,1.2453698406054095,1.8243556308746345,-0.7012456927473942,7.250460705196872e-12,0.9999993778986385,-8.087445733330931e-15,-0.0011154381812349028,0.09999827926982212,-1.4500834601701141e-12,-0.00058663708940606,-1.5316106222406332e-12,0.028837305390084934,-6.865498190390784e-10,0.1,-0.0,1
25,806,world,8.06,0.7952531052949341,1.2463698226213,1.824355630874635,-0.7012516896121568,1.7694049422447753e-11,0.9999992066726101,-2.228787773160134e-14,-0.0012596246070015905,0.09999812513856166,-3.538789706170332e-12,-0.0006123469380733147,-2.6598026198255086e-12,0.028837303235733525,-1.0557892799127521e-09,0.1,-0.0,1
25,807,world,8.07,0.7962531052949341,1.2473698031357099,1.8243556308746347,-0.7012579319071003,1.780837382469674e-11,0.9999990146568755,-2.4999615412260253e-14,-0.0014038109838188336,0.09999797926056123,-3.56165583583179e-12,-0.0006357230563455089,1.0756440311087311e-11,0.02883729628522104,3.831145652010204e-09,0.1,-0.0,1
25,808,world,8.08,0.797253105294934,1.248369782239492,1.8243556308746351,-0.7012643962946222,-2.0617518826832422e-11,0.9999988018514855,3.1915901401348274e-14,-0.0015479972847082793,0.09999784327230202,4.123483856170678e-12,-0.0006567654742166617,-2.312156180523865e-12,0.02883728453855432,-7.468191143677983e-10,0.1,-0.0,1
25,809,world,8.09,0.798253105294934,1.249369760039048,1.824355630874635,-0.7012710594377427,2.5276582014765342e-11,0.9999985682565056,-4.2772675823787925e-14,-0.0016921834826916832,0.09999771864703122,-5.05529492726787e-12,-0.0006754741957965103,4.026359501909864e-13,0.028837267995745333,1.1896884592043479e-10,0.1,-0.0,1
25,810,world,8.1,0.7992531052949341,1.250369736654693,1.8243556308746345,-0.7012778979996331,-2.180720201598007e-11,0.999998313872015,4.004614929302405e-14,-0.001836369550790868,0.09999760669448743,4.361424782683248e-12,-0.0006918492426851508,9.477319552917364e-12,0.028837246656810412,2.580437013658113e-09,0.1,-0.0,1
25,811,world,8.11,0.8002531052949341,1.2513697122190208,1.824355630874635,-0.7012848886436053,-5.279245780150956e-13,0.9999980386981075,1.0455859572362122e-15,-0.001980555462027756,0.09999750856110083,1.0558461605425121e-13,-0.0007058906236580207,-6.305456960291745e-12,0.028837220521770943,-1.5918312330923897e-09,0.1,-0.0,1
25,812,world,8.120000000000001,0.801253105294934,1.252369686875273,1.824355630874635,-0.7012920080332724,-5.888788499578786e-12,0.9999977427348914,1.2512179724170839e-14,-0.0021247411894244604,0.09999742522988653,1.1777553148248312e-12,-0.0007175983509294381,7.957371492609436e-12,0.028837189590652873,1.8725381610094527e-09,0.1,-0.0,1
25,813,world,8.13,0.802253105294934,1.2533696607757072,1.824355630874635,-0.7012992328319778,-1.925342647913935e-11,0.9999974259824886,4.3684725965840263e-14,-0.002268926706003315,0.09999735752046501,3.850680837862877e-12,-0.0007269724371000137,5.408881892068377e-12,0.028837153863487192,1.1919380950624023e-09,0.1,-0.0,1
25,814,world,8.14,0.8032531052949341,1.254369634079959,1.824355630874635,-0.7013065397033489,-1.7808253451535214e-11,0.9999970884410359,4.297343495171096e-14,-0.0024131119847868383,0.09999730608910605,3.5616498054042357e-12,-0.0007340128892842079,-6.974750681893413e-13,0.028837113340309514,-1.445165022128517e-10,0.1,-0.0,1
25,815,world,8.15,0.8042531052949341,1.2553696069534086,1.824355630874635,-0.7013139053111301,-1.780823597377127e-11,0.9999967301106839,4.5541097323955247e-14,-0.0025572969987977647,0.09999727142864225,3.5616496429947916e-12,-0.0007387197211743172,-8.613673221525559e-12,0.02883706802116027,-1.6841198206587122e-09,0.1,-0.0,1
25,816,world,8.16,0.805253105294934,1.2563695795655492,1.824355630874635,-0.7013213063191218,-9.66883522199645e-13,0.9999963509915978,2.6120276929266132e-15,-0.002701481721059134,0.09999725386859049,1.933770202102492e-13,-0.000741092936591691,-1.6533831183605766e-11,0.02883701790608468,-3.0601078774149545e-09,0.1,-0.0,1
25,817,world,8.17,0.806253105294934,1.257369552088352,1.8243556308746351,-0.7013287193911382,1.2793179006419894e-11,0.9999959510839568,-3.640526352629591e-14,-0.002845666124594324,0.0999972535751919,-2.558642376045032e-12,-0.0007411325244329675,1.2911984704617409e-11,0.02883696299513279,2.268682963942557e-09,0.1,-0.0,1
25,818,world,8.18,0.8072531052949341,1.2583695246946343,1.824355630874635,-0.7013361211909434,-2.365397808423814e-11,0.9999955303879546,7.072216679093254e-14,-0.0029898501824270137,0.09999727055113566,4.730812067477231e-12,-0.0007388384958704129,1.0570051812141378e-11,0.019970168341044564,1.7942377985132677e-09,0.1,-0.0,1
25,819,world,8.19,0.8082531052949341,1.2593694975475813,1.8243556308746345,-0.7013434895846216,-5.149434525947919e-12,0.9999953628593448,1.568199039160653e-14,-0.003045366941358394,0.0999973007634668,1.029890867686491e-12,-0.0007347380626878762,-2.5014488831721183e-11,0.007009343728055954,-4.134710642257703e-09,0.1,-0.0,1
25,820,world,8.2,0.809253105294934,1.26036947071215,1.8243556308746347,-0.701350815564994,1.769369640996103e-11,0.9999953183625446,-5.414196123749964e-14,-0.0030599432990150006,0.09999733221816635,-3.538753366176557e-12,-0.0007304445561928791,-4.254965421481429e-12,0.0029152851416973354,-6.952589059336129e-10,0.1,-0.0,1
25,821,world,8.21,0.810253105294934,1.261369444193281,1.8243556308746345,-0.7013580982068979,1.8032523309428774e-12,0.9999952736532723,-5.544160940363812e-15,-0.0030745196562912518,0.09999736407421633,-3.606519478874751e-13,-0.0007260703882061717,2.682028287141089e-11,0.0029152851931790935,4.36164109879638e-09,0.1,-0.0,1
25,822,world,8.22,0.8112531052949341,1.2623694179949365,1.824355630874635,-0.70136533670382,-2.5923332646963522e-11,0.9999952287315284,8.008004561093353e-14,-0.0030890960131592744,0.09999739632108179,5.184688473751994e-12,-0.0007216155517309042,2.114363071993443e-11,0.002915285239705678,3.4222516850908408e-09,0.1,-0.0,1
25,823,world,8.23,0.8122531052949341,1.263369392120969,1.8243556308746347,-0.7013725302490585,-3.2419752995116225e-11,0.9999951835973123,1.0062077623009061e-13,-0.0031036723695911923,0.09999742894796997,6.483978818801072e-12,-0.00071708004832167,-5.0430749459595505e-12,0.002915285281277132,-8.124250044325442e-10,0.1,-0.0,1
25,824,world,8.24,0.813253105294934,1.2643693665751259,1.8243556308746347,-0.7013796780358645,-1.779896323576256e-11,0.9999951382506245,5.550186426234437e-14,-0.003118248725559133,0.09999746194390949,3.559808549917646e-12,-0.0007124638772433448,-1.602667357828924e-11,0.002915285317893025,-2.569782149367717e-09,0.1,-0.0,1
25,825,world,8.25,0.814253105294934,1.26536934136104,1.8243556308746345,-0.701386779257691,-6.721554913538147e-12,0.999995092691465,2.1057559152627604e-14,-0.003132825081035223,0.09999749529773364,1.344317136429535e-12,-0.0007077670377610725,-1.4989220569394777e-11,0.0029152853495535303,-2.3922497284051376e-09,0.1,-0.0,1
25,826,world,8.26,0.8152531052949341,1.2663693164822352,1.8243556308746343,-0.7013938331077894,6.123886766495967e-12,0.9999950469198339,-1.9274425470493817e-14,-0.0031474014359915907,0.09999752899803271,-1.2247830887943209e-12,-0.0007029895359175866,-1.6170370356253553e-11,0.0029152853762588176,-2.568806427297886e-09,0.1,-0.0,1
25,827,world,8.27,0.8162531052949341,1.267369291942118,1.8243556308746345,-0.7014008387794781,1.896689050270883e-11,0.9999950009357312,-5.997318633233369e-14,-0.0031619777904003587,0.09999756303331972,-3.793396244261801e-12,-0.0006981313610289156,-1.6242177586536776e-11,0.002915285398008757,-2.5683187984628483e-09,0.1,-0.0,1
25,828,world,8.28,0.817253105294934,1.26836926774398,1.8243556308746345,-0.7014077954661727,3.180745817861978e-11,0.9999949547391571,-1.010386228610408e-13,-0.003176554144233654,0.09999759739177679,-6.361522665457899e-12,-0.0006931925216834027,1.7609683460228293e-11,0.002915285414803178,2.7717797531026586e-09,0.1,-0.0,1
25,829,world,8.290000000000001,0.818253105294934,1.2693692438909918,1.8243556308746345,-0.7014147023610747,-8.751327032068161e-12,0.9999949083301116,2.7926768779198027e-14,-0.0031911304974636032,0.09999763206144291,1.750274099874651e-12,-0.0006881730191510952,2.0300349029016977e-11,0.002915285426642516,3.1806970846928973e-09,0.1,-0.0,1
25,830,world,8.3,0.8192531052949341,1.2703692203862065,1.8243556308746347,-0.7014215586575766,0.0,0.9999948617085948,-0.0,-0.003205706850062338,0.09999766703025893,-0.0,-0.000683072840527755,-5.610837541993948e-12,0.0029152854335265923,-8.751191724474852e-10,0.1,-0.0,1
25,831,world,8.31,0.8202531052949341,1.271369197232554,1.8243556308746347,-0.7014283635490535,0.0,0.9999948148746067,-0.0,-0.0032202832020019776,0.09999770228579474,-0.0,-0.0006778919984488619,-0.0,0.0029152854354550614,-0.0,0.1,-0.0,1
25,832,world,8.32,0.821253105294934,1.2723691744328385,1.8243556308746347,-0.7014351162286532,0.0,0.9999947678281476,-0.0,-0.0032348595532546488,0.09999773781554691,-0.0,-0.000672630487816096,4.515218543488705e-12,0.0029152854324280986,6.978892894505147e-10,0.1,-0.0,1
25,833,world,8.33,0.822253105294934,1.2733691519897377,1.824355630874635,-0.7014418158898504,-6.979002109905728e-12,0.9999947205692175,2.2677939755184385e-14,-0.003249435903792481,0.09999777360679517,1.3958077699100402e-12,-0.0006672883066127754,1.0263613230503518e-11,0.0029152854244462578,1.5792665213390527e-09,0.1,-0.0,1
25,834,world,8.34,0.823253105294934,1.2743691299058029,1.8243556308746345,-0.7014484617259457,-1.57929145946882e-11,0.9999946730978163,5.1548541350962244e-14,-0.003264012253587603,0.09999780964657606,3.158599731506923e-12,-0.0006618654599993702,-6.494242814717353e-12,0.002915285411508832,-9.94809229788138e-10,0.1,-0.0,1
25,835,world,8.35,0.8242531052949341,1.2753691081834542,1.8243556308746347,-0.7014550529301203,2.9692493566524156e-12,0.9999946254139443,-9.734999420626165e-15,-0.0032785886026121367,0.09999784592180827,-5.938530630324159e-13,-0.0006563619415344869,-2.2026808177539435e-11,0.002915285393615798,-3.3591364596290045e-09,0.1,-0.0,1
25,836,world,8.36,0.825253105294934,1.2763690868249777,1.824355630874635,-0.7014615886958478,1.7798991526146412e-11,0.9999945775176017,-5.86153328947825e-14,-0.0032931649508382062,0.0999978824191471,-3.5598175973042417e-12,-0.0006507777550217123,5.1644980331257766e-12,0.0029152853707677434,7.8411104468965e-10,0.1,-0.0,1
25,837,world,8.370000000000001,0.826253105294934,1.2773690658325307,1.824355630874635,-0.7014680682163653,-4.871988554118766e-12,0.9999945294087883,1.6115365905580307e-14,-0.003307741298237944,0.09999791912507074,9.74403028229366e-13,-0.0006451129016013207,7.303880822524849e-14,0.002915285342964301,1.1040405361697327e-11,0.1,-0.0,1
25,838,world,8.38,0.827253105294934,1.278369045208129,1.8243556308746347,-0.7014744906849323,1.768858394955289e-11,0.9999944810875044,-5.876741889907581e-14,-0.003322317644783473,0.09999795602589083,-3.5377362029892648e-12,-0.0006393673779642874,6.896760146456709e-12,0.0029152853102056646,1.0379269377524762e-09,0.1,-0.0,1
25,839,world,8.39,0.8282531052949341,1.2793690249536525,1.8243556308746347,-0.7014808552949808,-1.5251428804538426e-11,0.9999944325537501,5.089268446587865e-14,-0.0033368939904469246,0.09999799310771167,3.0503025687077893e-12,-0.0006335411826018183,3.298732103316613e-11,0.0029152852724915503,4.942735694056102e-09,0.1,-0.0,1
25,840,world,8.4,0.829253105294934,1.28036900507084,1.8243556308746347,-0.7014871612396936,-3.1739597863090725e-11,0.9999943838075254,1.0637491811135361e-13,-0.0033514703352004157,0.09999803035641701,6.347954646416472e-12,-0.0006276343179782341,3.5358532498325016e-12,0.0029152852298218943,5.274988769267104e-10,0.1,-0.0,1
25,841,world,8.41,0.830253105294934,1.2813689855612895,1.8243556308746347,-0.7014934077124155,-2.0526504702368277e-11,0.9999943348488304,6.909356441070192e-14,-0.0033660466790160796,0.09999806775769982,4.105323652073128e-12,-0.0006216467859477752,-2.2129496470732236e-11,0.002915285182197068,-3.287108361861096e-09,0.1,-0.0,1
25,842,world,8.42,0.831253105294934,1.2823689664264541,1.824355630874635,-0.7014995939065338,1.1320459186609338e-12,0.9999942856776654,-3.827042363388298e-15,-0.0033806230218660417,0.09999810529710665,-2.2641043601918625e-13,-0.0006155785805021389,-1.387847419002893e-11,0.002915285129617048,-2.0526151810110996e-09,0.1,-0.0,1
25,843,world,8.43,0.8322531052949341,1.2833689476676415,1.824355630874635,-0.7015057190151742,0.0,0.9999942362940302,-0.0,-0.00339519936372243,0.0999981429598973,-0.0,-0.0006094297104205637,2.651331989322688e-12,0.0068513309306114005,3.8819607371276625e-10,0.1,-0.0,1
25,844,world,8.44,0.833253105294934,1.2843689292835638,1.8243556308746345,-0.7015117826370861,-2.74998252905461e-12,0.9999940517129714,9.485119972662275e-15,-0.0034491359316769746,0.09999817936639406,5.499995720882713e-13,-0.0006034263886199076,-8.04172611351571e-12,0.014174210406323762,-1.1600431036036444e-09,0.1,-0.0,1
25,845,world,8.45,0.834253105294934,1.2853689112256712,1.824355630874635,-0.7015177922358777,1.1600637168351639e-11,0.9999937450059762,-4.103102142385874e-14,-0.0035369406162450556,0.09999820753039863,-2.3201405768251576e-12,-0.0005987409350679873,-2.0217808062262205e-11,0.017561050236872735,-2.8580390076495718e-09,0.1,-0.0,1
25,846,world,8.46,0.835253105294934,1.2863688934039992,1.824355630874635,-0.7015237624069449,2.5830936443948756e-11,0.9999934305890483,-9.363118148534212e-14,-0.0036247453353773895,0.09999822663978782,-5.166216902146792e-12,-0.0005955408446382507,3.3017265918615662e-12,0.017561062062034064,4.55433580754346e-10,0.1,-0.0,1
25,847,world,8.47,0.8362531052949341,1.2873688757287693,1.8243556308746351,-0.7015297080039502,7.046205707091718e-12,0.999993108462194,-2.6159571862245862e-14,-0.003712550082981402,0.09999823683714705,-1.409249295653109e-12,-0.0005938261208873767,3.072305179575008e-11,0.017561072804072108,4.137643359596543e-09,0.1,-0.0,1
25,848,world,8.48,0.837253105294934,1.2883688581112982,1.8243556308746347,-0.7015356438805732,-1.554635559387602e-11,0.9999927786254217,5.908209458103391e-14,-0.0038003548529644705,0.09999823819885056,3.1092892637403605e-12,-0.0005935967704974231,-6.7301546900591545e-12,0.017561082462982668,-8.85444794870731e-10,0.1,-0.0,1
25,849,world,8.49,0.838253105294934,1.289368840463336,1.824355630874635,-0.7015415848905029,1.5900837747334186e-11,0.9999924410787413,-6.182546289299919e-14,-0.0038881596392340073,0.09999823073517383,-3.1801862761498807e-12,-0.0005948527842550575,-3.870691551636685e-11,0.017561091038762276,-4.977423917481549e-09,0.1,-0.0,1
25,850,world,8.5,0.839253105294934,1.2903688226964045,1.8243556308746347,-0.7015475458874322,3.422900550199663e-11,0.9999920958221651,-1.360943842594442e-13,-0.003975964435697384,0.09999821439012746,-6.845841846550328e-12,-0.0005975941650547968,1.1316852100308125e-11,0.017561098531407807,1.4231243616391092e-09,0.1,-0.0,1
25,851,world,8.51,0.8402531052949341,1.2913688047211342,1.824355630874635,-0.701553541725061,1.6692506572497531e-12,0.999991742855707,-6.783505480925193e-15,-0.004063769236261973,0.09999818904148178,-3.3385214543073494e-13,-0.0006018209235947515,1.818375027198201e-11,0.01756110494091618,2.237245609974136e-09,0.1,-0.0,1
25,852,world,8.52,0.841253105294934,1.2923687864466018,1.8243556308746347,-0.7015595872570322,1.185597894620159e-11,0.9999913821793832,-4.922139853178527e-14,-0.004151574034835108,0.0999981545010378,-2.371210339653418e-12,-0.0006075330333204005,9.049192187473845e-12,0.01756111026728592,1.089822574745695e-09,0.1,-0.0,1
25,853,world,8.53,0.842253105294934,1.293368767779673,1.824355630874635,-0.701565697336966,-9.22925400125345e-12,0.9999910137932118,3.9126655586670354e-14,-0.004239378825324179,0.09999811051412934,1.845862370892567e-12,-0.0006147305132955973,3.076429674517214e-11,0.017561114510513957,3.6282989301129597e-09,0.1,-0.0,1
25,854,world,8.540000000000001,0.843253105294934,1.2943687486243345,1.824355630874635,-0.701571886818439,-2.4427983517336357e-11,0.9999906376972125,1.0570535934284561e-13,-0.004327183601636524,0.09999805676011458,4.885628135594406e-12,-0.0006234133467471431,7.43738762354549e-12,0.017561117670599032,8.593555766393324e-10,0.1,-0.0,1
25,855,world,8.55,0.8442531052949341,1.2953687288810363,1.824355630874635,-0.7015781705549718,-1.7823040785653293e-11,0.9999902538914075,7.868928448141797e-14,-0.004414988357679512,0.09999799285212108,3.564631811115823e-12,-0.0006335815236754764,2.6397468366404003e-12,0.017561119747540044,2.989441237965143e-10,0.1,-0.0,1
25,856,world,8.56,0.845253105294934,1.2963687084460271,1.824355630874635,-0.7015845634000151,-2.7417492038858387e-11,0.9999898623758205,1.2345654518138971e-13,-0.0045027930873604675,0.09999791833700719,5.483536124512993e-12,-0.0006452350465093789,-4.1811886340043835e-11,0.0175611207413367,-4.6427421707476025e-09,0.1,-0.0,1
25,857,world,8.57,0.846253105294934,1.2973686872106944,1.8243556308746351,-0.7015910802069353,2.860578827994716e-11,0.9999894631504775,-1.3131905199337454e-13,-0.004590597784586793,0.09999783269556733,-5.721198639938901e-12,-0.0006583738978176696,-2.2300894608064387e-11,0.01756112065198854,-2.4288982302711357e-09,0.1,-0.0,1
25,858,world,8.58,0.847253105294934,1.298368665060905,1.824355630874635,-0.701597735828999,-3.127729827306064e-12,0.9999890562154062,1.4632939005676593e-14,-0.004678402443265843,0.09999773534232649,6.255506531836996e-13,-0.0006729980728268723,3.8125637987172895e-11,0.0175611194794943,4.074509061965839e-09,0.1,-0.0,1
25,859,world,8.59,0.848253105294934,1.2993686418763373,1.824355630874635,-0.7016045451193533,-1.2140646502270302e-11,0.9999886415706365,5.786549230047284e-14,-0.004766207057304999,0.09999762562570255,2.4281484104017782e-12,-0.0006891075546230156,-7.1609630002301965e-12,0.01756111722385597,-7.511968019686612e-10,0.1,-0.0,1
25,860,world,8.6,0.849253105294934,1.300368617529823,1.824355630874635,-0.7016115229310083,4.384493581012748e-12,0.9999882192162001,-2.1282633518837296e-14,-0.004854011620611661,0.09999750282788641,-8.769059887602375e-13,-0.0007067023325637979,-2.6088433519804062e-11,0.017561113885073972,-2.687211484101346e-09,0.1,-0.0,1
25,861,world,8.61,0.850253105294934,1.301368591886686,1.8243556308746351,-0.7016186841168129,1.4732416753389545e-11,0.9999877891521306,-7.280578372330807e-14,-0.004941816127093235,0.09999736616495593,-2.946509172431315e-12,-0.0007257823859310821,1.838893319876195e-11,0.017561109463149184,1.8604758995367351e-09,0.1,-0.0,1
25,862,world,8.620000000000001,0.851253105294934,1.3023685648040793,1.824355630874635,-0.701626043529432,-1.422094254610982e-11,0.9999873513784638,7.152684988010123e-14,-0.005029620570657151,0.09999721478680502,2.8442149027643177e-12,-0.0007463476948339879,1.3780638283535933e-11,0.017561103958083513,1.3698961194914875e-09,0.1,-0.0,1
25,863,world,8.63,0.852253105294934,1.3033685361303247,1.824355630874635,-0.7016336160213189,1.0329288783466805e-12,0.9999869058952373,-5.286005224186154e-15,-0.005117424945210855,0.09999704777715589,-2.0658780864934034e-13,-0.0007683982386789942,-1.3774607063117765e-11,0.017561097369878865,-1.3458004912394492e-09,0.1,-0.0,1
25,864,world,8.64,0.853253105294934,1.3043685057042502,1.8243556308746351,-0.7016414164447866,-7.624023374497477e-13,0.9999864527024906,3.968532705985197e-15,-0.005205229244661817,0.09999686415361385,1.5248206010174135e-13,-0.0007919339894838375,-1.0431066245667531e-12,0.017561089698537754,-1.001938805800321e-10,0.1,-0.0,1
25,865,world,8.65,0.854253105294934,1.305368473354528,1.8243556308746351,-0.701649459651757,2.0349069954964302e-12,0.9999859918002654,-1.0770981703150617e-14,-0.005293033462917532,0.09999666286759885,-4.069859119848588e-13,-0.0008169549215081882,-1.9674427025455832e-11,0.017561080944063126,-1.858442841510724e-09,0.1,-0.0,1
25,866,world,8.66,0.855253105294934,1.3063684388990169,1.8243556308746351,-0.7016577604937951,1.782279902105382e-11,0.9999855231886051,-9.590297537003914e-14,-0.005380837593885525,0.0999964428044429,-3.564601757221397e-12,-0.0008434609995610403,4.0550469253872694e-11,0.017561071106457948,3.76788070713347e-09,0.1,-0.0,1
25,867,world,8.67,0.856253105294934,1.3073684021440977,1.8243556308746351,-0.7016663338221809,-3.564552034269531e-11,0.9999850468675552,1.9493549141781488e-13,-0.005468641631473344,0.09999620278332888,7.129193061929614e-12,-0.0008714521876557932,3.219425186526894e-11,0.01756106018572583,2.9434007548382702e-09,0.1,-0.0,1
25,868,world,8.68,0.857253105294934,1.3083683628840086,1.8243556308746351,-0.7016751944878042,-1.1612531702265984e-11,0.9999845628371631,6.452539641781428e-14,-0.0055564455695885735,0.09999594155733957,2.32253705542148e-12,-0.0009009284439571935,-7.82918825444293e-12,0.017561048181871226,-7.044814546782669e-10,0.1,-0.0,1
25,869,world,8.69,0.858253105294934,1.3093683209001925,1.8243556308746351,-0.701684357341116,-2.8600348241567962e-11,0.9999840710974783,1.6143006986727944e-13,-0.005644249402138835,0.09999565781347106,5.7201496698478125e-12,-0.0009318897205181771,-5.306613651560474e-11,0.028219645281285302,-4.656706050748803e-09,0.1,-0.0,1
25,870,world,8.700000000000001,0.859253105294934,1.3103682759597672,1.8243556308746354,-0.7016938373219489,3.49567765860467e-11,0.9999829550111499,-2.0410342353604293e-13,-0.005838637441100126,0.09999534975666909,-6.9914600329287824e-12,-0.0009643790963211069,-2.779654578737382e-11,0.04520616327503038,-2.3674446246152693e-09,0.1,-0.0,1
25,871,world,8.71,0.860253105294934,1.3113682278036813,1.8243556308746356,-0.7017036505842398,-4.924635104665458e-12,0.9999814173707343,3.002262685317914e-14,-0.0060963032419179015,0.0999950142920759,9.849429251721803e-13,-0.0009985573231111016,5.312746582466987e-11,0.05153424636792334,4.35710746439598e-09,0.1,-0.0,1
25,872,world,8.72,0.861253105294934,1.3123681761479582,1.8243556308746351,-0.701713814148939,-8.6167652058822e-12,0.9999798133268185,5.475177565167342e-14,-0.006353970322656224,0.09999464953033718,1.7233830173311183e-12,-0.0010344396091793075,-3.361088523788837e-11,0.0515345696254981,-2.6447121994275587e-09,0.1,-0.0,1
25,873,world,8.73,0.862253105294934,1.313368120690525,1.824355630874635,-0.7017243450565901,2.152405940929751e-11,0.9999781428791118,-1.4231241103815694e-13,-0.006611638529352563,0.09999425363650939,-4.304892490566842e-12,-0.0010720259686353157,-3.193747425613563e-11,0.05153486551265264,-2.41508791711091e-09,0.1,-0.0,1
25,874,world,8.74,0.863253105294934,1.31436806111052,1.824355630874635,-0.7017352603482732,1.553568402836557e-11,0.9999764060274684,-1.0672191203958298e-13,-0.006869307708039764,0.09999382468827778,-3.1071994091045653e-12,-0.0011113164310729204,3.779482430348272e-11,0.05153513402844359,2.750797255939753e-09,0.1,-0.0,1
25,875,world,8.75,0.864253105294934,1.3153679970674201,1.8243556308746351,-0.7017465770656446,-5.985885743617206e-12,0.9999746027718884,4.266235774355155e-14,-0.007126977704746569,0.09999336067633524,1.1972030908213468e-12,-0.0011523110050393722,6.679527412855265e-12,0.05153537517201548,4.685729511041613e-10,0.1,-0.0,1
25,876,world,8.76,0.865253105294934,1.316367928200185,1.8243556308746351,-0.7017583122491298,1.0849549379842256e-11,0.9999727331125174,-8.012229177975851e-14,-0.007384648365498162,0.09999285950395753,-2.1699604218612535e-12,-0.0011950097161992437,1.4367535821669161e-11,0.05153558894260007,9.727179178159179e-10,0.1,-0.0,1
25,877,world,8.77,0.866253105294934,1.317367854126365,1.8243556308746354,-0.7017704829401299,-1.571381863765485e-11,0.9999707970496463,1.2009353025008848e-13,-0.007642319536316678,0.09999231898733299,3.1428423803402297e-12,-0.0012394125767669214,3.947426926036627e-11,0.05153577533951588,2.5823840859712236e-09,0.1,-0.0,1
25,878,world,8.78,0.867253105294934,1.3183677744412257,1.8243556308746351,-0.7017831061809408,-1.497654396930886e-11,0.9999687945837116,1.183182556859107e-13,-0.007899991063221744,0.09999173685529869,2.995389280607346e-12,-0.0012855196072807755,1.9231205992837795e-11,0.051535934362168606,1.2170523094465496e-09,0.1,-0.0,1
25,879,world,8.790000000000001,0.868253105294934,1.3193676887168975,1.8243556308746351,-0.7017961990131715,-2.7885391510285172e-11,0.9999667257152951,2.274871902437824e-13,-0.008157662792230999,0.09999111074946437,5.577239087395758e-12,-0.00133333082479674,-1.2506048685941144e-11,0.051536066010051874,-7.664450069205975e-10,0.1,-0.0,1
25,880,world,8.8,0.869253105294934,1.320367596501493,1.8243556308746351,-0.7018097784781596,-7.311282469606562e-12,0.9999645904451246,6.15290668297088e-14,-0.008415334569360632,0.0999904382243774,1.4623016846021552e-12,-0.001382846230413025,-1.760782841619858e-11,0.0515361702827451,-1.0460640227097963e-09,0.1,-0.0,1
25,881,world,8.81,0.870253105294934,1.3213674973182292,1.8243556308746351,-0.70182386161784,-1.7423542488014718e-11,0.999962388774073,1.5112017654746425e-13,-0.008673006240625888,0.09998971674714824,3.4848238317710786e-12,-0.0014340658370749113,-5.078485628216156e-11,0.051536247179917206,-2.9274235273216773e-09,0.1,-0.0,1
25,882,world,8.82,0.871253105294934,1.3223673906645383,1.8243556308746351,-0.7018384654755218,2.1966221316231228e-11,0.9999601207031585,-1.9618106537160754e-13,-0.00893067765204164,0.09998894369772905,-4.393399815849106e-12,-0.0014869896477013066,-2.921927961819226e-11,0.05153629670132309,-1.6356980222516465e-09,0.1,-0.0,1
25,883,world,8.83,0.872253105294934,1.3233672760112531,1.824355630874635,-0.7018536070920189,-1.0645638102066012e-12,0.9999577862335455,9.781996382859959e-15,-0.009188348649622863,0.0999881163689228,2.1292081739714952e-13,-0.0015416176551777733,6.668156234500495e-11,0.0515363188468035,3.6281338451253688e-09,0.1,-0.0,1
25,884,world,8.84,0.873253105294934,1.3243671528016827,1.8243556308746351,-0.701869303509103,-1.4319727791494657e-11,0.9999553853665432,1.3527045697191643e-13,-0.009446019079385201,0.09998723196631851,2.8640611934133087e-12,-0.0015979498470283977,-4.745439866954547e-12,0.05153631361628922,-2.511536708328944e-10,0.1,-0.0,1
25,885,world,8.85,0.874253105294934,1.3253670204507473,1.8243556308746351,-0.7018855717689557,1.4473079757203524e-12,0.9999529181036068,-1.4044887435768384e-14,-0.00970368878734549,0.09998628760834621,-2.89474050977763e-13,-0.001655986201957107,-8.192221272007159e-11,0.05153628100979638,-4.220593021443067e-09,0.1,-0.0,1
25,886,world,8.86,0.875253105294934,1.3263668783441094,1.8243556308746351,-0.7019024289137583,2.789212755511801e-11,0.9999503844463364,-2.7785724338683173e-13,-0.00996135761952226,0.0999852803262316,-5.57868097721176e-12,-0.0017157266929454314,-2.9123935460795864e-11,0.05153622102742905,-1.4616281253675338e-09,0.1,-0.0,1
25,887,world,8.870000000000001,0.876253105294934,1.3273667258373392,1.8243556308746354,-0.701919891983557,1.6065719085706377e-11,0.9999477843964784,-1.6418456475465832e-13,-0.010219025421936305,0.09998420706408606,-3.2133001848284023e-12,-0.001777171282112259,8.69282627660403e-11,0.051536133669378426,4.2525898534527404e-09,0.1,-0.0,1
25,888,world,8.88,0.877253105294934,1.328366562255,1.8243556308746354,-0.7019379780190357,-1.4640465286695512e-11,0.9999451179559238,1.533920646100179e-13,-0.010476692040611172,0.09998306467900218,2.9282442489258834e-12,-0.0018403199163379215,8.7005606886239e-11,0.05153601893592255,4.151657976431424e-09,0.1,-0.0,1
25,889,world,8.89,0.8782531052949341,1.3293663868897598,1.8243556308746351,-0.7019567040615267,-2.545766890003515e-11,0.9999423851267096,2.7328745996966974e-13,-0.010734357321573714,0.09998184994093581,5.091812281287959e-12,-0.001905172535019547,2.7068303454757014e-11,0.05153587682742783,1.2606076416962888e-09,0.1,-0.0,1
25,890,world,8.9,0.8792531052949341,1.3303661990015885,1.8243556308746351,-0.7019760871498878,-2.7248604164941134e-11,0.9999395859110182,2.9953532837633546e-13,-0.01099202111085461,0.099980559532926,5.450036101497405e-12,-0.001971729059237651,3.007446611137173e-12,0.051535707344346475,1.3677655904671368e-10,0.1,-0.0,1
25,891,world,8.91,0.8802531052949341,1.3313659978168484,1.8243556308746351,-0.7019961443221604,-2.6825534235063498e-11,0.9999367203111774,3.0179786095164064e-13,-0.011249683254488893,0.0999791900509499,5.36543455652037e-12,-0.0020399894009626844,-2.323248559406772e-11,0.05153551048721871,-1.0323880072599183e-09,0.1,-0.0,1
25,892,world,8.92,0.8812531052949341,1.332365782527418,1.8243556308746351,-0.7020168926161138,-1.6922636551959613e-11,0.9999337883296602,1.9474748795268513e-13,-0.011507343598516472,0.09997773800417106,3.3847452199826477e-12,-0.0021099534519346003,-1.0265321042860854e-10,0.051535286256672135,-4.459449041603644e-09,0.1,-0.0,1
25,893,world,8.93,0.8822531052949341,1.333365552289799,1.8243556308746351,-0.7020383490698417,1.7777839536831557e-11,0.9999307899690855,-2.0917079422777315e-13,-0.011765001988982681,0.09997619981488663,-3.555808790735255e-12,-0.0021816210885175773,-1.0597883863966247e-10,0.051535034653421644,-4.503052350107602e-09,0.1,-0.0,1
25,894,world,8.94,0.8832531052949341,1.334365306224353,1.8243556308746351,-0.7020605307167499,2.8117201368777802e-11,0.9999277252322172,-3.3806793740177555e-13,-0.012022658271938783,0.09997457181864561,-5.623840459133206e-12,-0.0022549921681624184,4.274724618569524e-11,0.05153475567826902,1.7773931087298528e-09,0.1,-0.0,1
25,895,world,8.950000000000001,0.8842531052949341,1.335365043414329,1.824355630874635,-0.7020834545904373,0.0,0.9999245941219645,-0.0,-0.012280312293442506,0.09997285026427696,-0.0,-0.002330066530479235,1.5030422985748002e-10,0.05153444933210297,6.118339409403427e-09,0.1,-0.0,1
25,896,world,8.96,0.8852531052949341,1.3363647629050075,1.8243556308746347,-0.7021071377238306,-3.308001651992023e-11,0.9999213966413827,4.1478865670509476e-13,-0.01253796389955858,0.09997103131409608,6.6165200380591355e-12,-0.0024068439907939092,-0.0,0.05153411561589997,-0.0,0.1,-0.0,1
25,897,world,8.97,0.8862531052949341,1.3373644637028792,1.824355630874635,-0.7021315971469306,0.0,0.9999181327936717,-0.0,-0.012795612936359254,0.09996911104398441,-0.0,-0.0024853243401048034,-1.0678804716720773e-10,0.05558649972881537,-4.165214774616673e-09,0.1,-0.0,1
25,898,world,8.98,0.8872531052949341,1.3383641448192436,1.8243556308746354,-0.7021568481437246,8.582479805947152e-12,0.9999142727456726,-1.1238676483527928e-13,-0.013093783238340569,0.09996710321777985,-1.7166428764501008e-12,-0.0025648146610916106,-2.0550808263204303e-11,0.06095697860382726,-7.841577728160568e-10,0.1,-0.0,1
25,899,world,8.99,0.8882531052949341,1.3393638056188966,1.824355630874635,-0.702182891066196,7.843564876233534e-12,0.9999101472026686,-1.0515345832745017e-13,-0.013405130403608054,0.09996504951587543,-1.568853832899948e-12,-0.002643648102259119,1.147859112770317e-10,0.06227520215328641,4.280262572476522e-09,0.1,-0.0,1
25,900,world,9.0,0.8892531052949341,1.3403634456684514,1.824355630874635,-0.7022097186723839,-3.4231575271603034e-11,0.999905924672808,4.695808693805969e-13,-0.013716479293787378,0.09996295348272816,6.8469590290098e-12,-0.0027217514599842895,6.14148367642331e-11,0.062275782981124364,2.238092436498356e-09,0.1,-0.0,1
25,901,world,9.01,0.8902531052949341,1.341363064553148,1.8243556308746351,-0.7022373236616477,-1.4543646798096207e-11,0.9999016051570624,2.0403587566521813e-13,-0.01402782963719832,0.09996081682639713,2.909015586218758e-12,-0.0027991247559697088,-3.2851359442744575e-11,0.06227631551196398,-1.1705894562448848e-09,0.1,-0.0,1
25,902,world,9.02,0.8912531052949341,1.3423626618752036,1.8243556308746351,-0.7022656987342487,-2.2521977576248644e-11,0.9998971886567134,3.2297992259541434e-13,-0.014339181162150376,0.09995864123832313,4.504858650563965e-12,-0.002875768034492565,-8.42051769426321e-11,0.06227679974332807,-2.9352860739634543e-09,0.1,-0.0,1
25,903,world,9.03,0.8922531052949341,1.3433622372537348,1.8243556308746351,-0.7022948365888291,1.481826591954692e-11,0.9998926751733532,-2.1711880494087539e-13,-0.014650533596944062,0.09995642839398566,-2.963971220546262e-12,-0.0029516813374779564,-3.81960533888421e-11,0.06227723567296306,-1.303152265999345e-09,0.1,-0.0,1
25,904,world,9.040000000000001,0.8932531052949341,1.3443617903244265,1.824355630874635,-0.7023247299279601,-9.486113035472275e-12,0.9998880647088842,1.4194603694530293e-13,-0.014961886669872325,0.09995417995270407,1.8974348818879567e-12,-0.003026864711620222,9.573173291278376e-11,0.062277623298839985,3.1981120005508395e-09,0.1,-0.0,1
25,905,world,9.05,0.8942531052949341,1.3453613207396171,1.824355630874635,-0.7023553714499687,-1.7173582949552003e-11,0.9998833572655194,2.6232685444577636e-13,-0.015273240109221852,0.09995189755743347,3.435116891185449e-12,-0.0031013182146189073,2.535462205624907e-11,0.06227796261915322,8.297436537481893e-10,0.1,-0.0,1
25,906,world,9.06,0.8952531052949341,1.3463608281678185,1.824355630874635,-0.7023867538595714,-1.7786323549536304e-11,0.9998785528457814,2.772262932717188e-13,-0.015584593643274466,0.0999495828348923,3.557696172651709e-12,-0.0031750419101178734,5.734851221559001e-11,0.06227825363232551,1.8392399502173332e-09,0.1,-0.0,1
25,907,world,9.07,0.8962531052949341,1.3473603122939186,1.824355630874635,-0.7024188698560089,-3.5572428195526244e-11,0.999873651452504,5.655288870218066e-13,-0.015895947000308486,0.09994723739585555,7.115382949836005e-12,-0.003248035858252685,-2.2700303111567019e-10,0.062278496337002935,-7.137573344093596e-09,0.1,-0.0,1
25,908,world,9.08,0.8972531052949341,1.3483597728186654,1.824355630874635,-0.7024517121444115,5.361629049761255e-11,0.9998686530888309,-8.690894522965199e-13,-0.016207299908600082,0.09994486283465857,-1.0724663378544559e-11,-0.0033203001312056345,-7.055237062048882e-11,0.06227869073205287,-2.1757037705179535e-09,0.1,-0.0,1
25,909,world,9.09,0.8982531052949341,1.3493592094587903,1.8243556308746351,-0.7024852734269509,-1.3806566797437377e-11,0.999863557758216,2.280969956383444e-13,-0.016518652096424603,0.0999424607291391,2.7616890866095982e-12,-0.003391834813856682,2.0341683316621655e-10,0.06227883681657294,6.154665661911924e-09,0.1,-0.0,1
25,910,world,9.1,0.8992531052949341,1.3503586219466495,1.8243556308746347,-0.7025195464087899,-7.955798210955502e-12,0.9998583654644239,1.3391507708107945e-13,-0.01683000329205802,0.09994003264159693,1.5913842859363315e-12,-0.0034626399750108763,-8.662634822902828e-11,0.06227893458988413,-2.5724753641765795e-09,0.1,-0.0,1
25,911,world,9.11,0.9002531052949341,1.351358010030163,1.824355630874635,-0.7025545237951826,1.1929129476622208e-11,0.9998530762115291,-2.0451146961086668e-13,-0.01714135322377821,0.09993758011753574,-2.3861751657233244e-12,-0.003532715704826229,-3.443699665481572e-11,0.062278984051525724,-1.0040577454062316e-09,0.1,-0.0,1
25,912,world,9.120000000000001,0.901253105294934,1.3523573734726526,1.8243556308746351,-0.7025901982915418,2.089237192742061e-12,0.9998476900039166,-3.6468387838063064e-14,-0.017452701619866288,0.09993510468630673,-4.1791082789074967e-13,-0.003602062095094448,4.958062680007287e-11,0.06227898520127534,1.4197793561519495e-09,0.1,-0.0,1
25,913,world,9.13,0.9022531052949341,1.3533567120525751,1.824355630874635,-0.7026265626063329,-2.2752056445436173e-12,0.9998422068462814,4.042324126489299e-14,-0.01776404820860819,0.09993260786131453,4.551126230342529e-13,-0.0036706792337033393,8.716900811723092e-12,0.06227893803912776,2.452361696512433e-10,0.1,-0.0,1
25,914,world,9.14,0.9032531052949341,1.354356025563568,1.8243556308746347,-0.7026636094454207,-3.6429527794934794e-13,0.9998366267436293,6.5858561671231805e-15,-0.01807539271829574,0.099930091139419,7.287090458523874e-14,-0.0037385672211976955,-1.0186246802441963e-10,0.06227884256529362,-2.81633001751543e-09,0.1,-0.0,1
25,915,world,9.15,0.9042531052949341,1.355355313813977,1.824355630874635,-0.7027013315205877,2.590176924746853e-11,0.9998309497012755,-4.763294876465218e-13,-0.018386734877228104,0.09992755600161163,-5.181225420788161e-12,-0.003805726152099431,1.2946605579149883e-10,0.062278698780220035,3.5188519627354815e-09,0.1,-0.0,1
25,916,world,9.16,0.905253105294934,1.356354576627085,1.824355630874635,-0.7027397215389677,-3.5570461092186734e-11,0.9998251757248461,6.652154242361626e-13,-0.018698074413713253,0.09992500391194285,7.115329831139018e-12,-0.0038721561433144435,1.0174591338147405e-11,0.06227850668458085,2.719332162161679e-10,0.1,-0.0,1
25,917,world,9.17,0.9062531052949341,1.3573538138405452,1.8243556308746347,-0.7027787722138564,2.3180724515946927e-11,0.9998193048202768,-4.4073155896939607e-13,-0.019009411056069306,0.09992243631955239,-4.636978446999278e-12,-0.003937857280933132,-1.0934792303411786e-10,0.06227826627927292,-2.8745931954167675e-09,0.1,-0.0,1
25,918,world,9.18,0.9072531052949341,1.358353025306563,1.8243556308746347,-0.7028184762557572,-6.808689345183685e-12,0.9998133369938136,1.315735073467212e-13,-0.019320744532625826,0.09991985465600851,1.3619907771511698e-12,-0.004002829689374205,1.6736970123660738e-12,0.06227797756540643,4.328921608193387e-11,0.1,-0.0,1
25,919,world,9.19,0.9082531052949341,1.3593522108914873,1.8243556308746347,-0.7028588263787933,2.274731347064876e-11,0.9998072722520127,-4.4666303872374483e-13,-0.019632074571725062,0.09991726033753275,-4.550335113619548e-12,-0.004067073473851367,2.1207494471953777e-11,0.06227764054432407,5.398113369133513e-10,0.1,-0.0,1
25,920,world,9.200000000000001,0.909253105294934,1.3603513704757888,1.824355630874635,-0.7028998152970839,-1.2209808921686122e-11,0.9998011106017402,2.435535544785217e-13,-0.01994340090172357,0.0999146547636939,2.4424450702795585e-12,-0.004130588753659843,1.9793164778706133e-11,0.062277255217604105,4.959373568621313e-10,0.1,-0.0,1
25,921,world,9.21,0.9102531052949341,1.3613505039538663,1.824355630874635,-0.7029414357256737,1.7784727642139625e-11,0.9997948520501723,-3.602986510154137e-13,-0.0202547232509935,0.09991203931856965,-3.557671721137018e-12,-0.0041933756336146955,-6.094770424884421e-11,0.06227682158703607,-1.5036047267575834e-09,0.1,-0.0,1
25,922,world,9.22,0.9112531052949341,1.3623496112338087,1.824355630874635,-0.7029836803823182,2.8355559531029182e-12,0.9997884966047947,-5.832849765115658e-14,-0.020566041347923808,0.09990941536911223,-5.672305801749273e-13,-0.004255434243670473,7.31518240302632e-11,0.06227633965463536,1.7773330424939793e-09,0.1,-0.0,1
25,923,world,9.23,0.9122531052949341,1.3633486922374176,1.824355630874635,-0.7030265419831331,0.0,0.9997820442734036,-0.0,-0.020877354920921715,0.0999067842668366,-0.0,-0.004316764698216906,1.1839705175680889e-11,0.062275809422643914,2.833683637038222e-10,0.1,-0.0,1
25,924,world,9.24,0.913253105294934,1.3643477468997538,1.824355630874635,-0.7030700132495077,0.0,0.9997754950641047,-0.0,-0.02118866369841407,0.09990414734707188,-0.0,-0.004377367114436544,1.3326737724465836e-10,0.06227523089353307,3.142662141191296e-09,0.1,-0.0,1
25,925,world,9.25,0.9142531052949341,1.3653467751693578,1.824355630874635,-0.7031140868992162,-3.144759247047904e-11,0.9997688489853135,6.762785356717896e-13,-0.021499967408848804,0.09990150592841623,6.290966636017677e-12,-0.004437241624547795,-3.767089159380038e-11,0.06045747404401497,-8.758316261820478e-10,0.1,-0.0,1
25,926,world,9.26,0.9152531052949341,1.3663457770080305,1.824355630874635,-0.7031587556480439,8.764331401212435e-12,0.9997625022197559,-1.9104731345261613e-13,-0.02179309879967876,0.0998988618546916,-1.7532809889843196e-12,-0.0044963763340319434,9.575732774348236e-11,0.05126846525981454,2.199122722801497e-09,0.1,-0.0,1
25,927,world,9.27,0.9162531052949341,1.3673447524690923,1.8243556308746351,-0.703204010483293,-5.3453972383660436e-11,0.9997576948900793,1.1769423875984935e-12,-0.02201253070582966,0.09989623486302637,1.0693373009309483e-11,-0.004554367155936674,8.623607361047006e-11,0.04389701776880643,1.9573710379062077e-09,0.1,-0.0,1
25,928,world,9.28,0.917253105294934,1.3683437017992657,1.824355630874635,-0.7032498385199719,-1.0823607857217193e-11,0.9997528393750861,2.4068953415311167e-13,-0.02223196260912093,0.09989363606192976,2.1652537581971446e-12,-0.004611016626160605,-1.0567706616784826e-10,0.043897220875101554,-2.3749297716952626e-09,0.1,-0.0,1
25,929,world,9.290000000000001,0.9182531052949341,1.3693426252919172,1.824355630874635,-0.7032962263446882,-2.968664601437802e-11,0.9997479356762128,6.666746434028551e-13,-0.022451394414406838,0.09989106773437816,5.938816827936983e-12,-0.004666324772867675,-4.8600781936171814e-11,0.043897407065012155,-1.0815369731395958e-09,0.1,-0.0,1
25,930,world,9.3,0.9192531052949341,1.3703415232629745,1.824355630874635,-0.7033431605442987,0.0,0.9997429837949724,-0.0,-0.022670826026540736,0.09988853210994908,-0.0,-0.004720291613838455,-2.1539255338323018e-10,0.0438975763381004,-4.746771400118038e-09,0.1,-0.0,1
25,931,world,9.31,0.9202531052949341,1.3713403960503854,1.8243556308746347,-0.7033906277059839,1.7817755689905514e-11,0.9997379837329547,-4.079599052795375e-13,-0.02289025735037535,0.09988603136311835,-3.564478224830671e-12,-0.004772917192465913,6.888817413925588e-11,0.043897728693974965,1.5035658578480987e-09,0.1,-0.0,1
25,932,world,9.32,0.921253105294934,1.3723392440135744,1.824355630874635,-0.7034386144173164,-1.5047411205409264e-11,0.9997329354918262,3.4783387662313037e-13,-0.0231096882907631,0.09988356761438467,3.0102799347197094e-12,-0.004824201552863126,1.4898269212448594e-10,0.043897864132287134,3.2207988616484785e-09,0.1,-0.0,1
25,933,world,9.33,0.9222531052949341,1.3733380675329008,1.824355630874635,-0.7034871072663219,-1.4416076198457297e-11,0.9997278390733296,3.364059101239476e-13,-0.023329118752556312,0.09988114293018008,2.8839938029391624e-12,-0.004874144741484334,-1.504106390643024e-10,0.04389798265272536,-3.221035051569395e-09,0.1,-0.0,1
25,934,world,9.34,0.923253105294934,1.374336867009116,1.824355630874635,-0.7035360928415358,1.7189249605255018e-11,0.9997226944792846,-4.0489415981071025e-13,-0.023548548640607406,0.09987875932281459,-3.4387956024485828e-12,-0.004922746807959914,-6.789518777459282e-11,0.04389808425501173,-1.440400845600024e-09,0.1,-0.0,1
25,935,world,9.35,0.9242531052949341,1.3753356428628172,1.824355630874635,-0.7035855577321667,0.0,0.9997175017115874,-0.0,-0.023767977859769158,0.09987641875010105,-0.0,-0.0049700078123143965,1.664072256792682e-10,0.04389816893890722,3.4976930467553872e-09,0.1,-0.0,1
25,936,world,9.36,0.925253105294934,1.3763343955339111,1.824355630874635,-0.7036354885279499,-1.7817346325889014e-11,0.9997122607722105,4.2751493859059723e-13,-0.023987406314894856,0.09987412311563319,3.564486276896307e-12,-0.0050159278187932865,-7.301634614595878e-11,0.04389823670422622,-1.5206585841020049e-09,0.1,-0.0,1
25,937,world,9.370000000000001,0.9262531052949341,1.377333125481081,1.8243556308746351,-0.703685871819065,1.521964402671469e-11,0.9997069716632034,-3.685273841031999e-13,-0.02420683391083879,0.09987187426896076,-3.044813600046761e-12,-0.005060506892090748,-2.4099671664413685e-10,0.0438982875508098,-4.973488874564618e-09,0.1,-0.0,1
25,938,world,9.38,0.927253105294934,1.3783318331812255,1.824355630874635,-0.7037366941965325,3.196122839262108e-11,0.9997016343866922,-7.809262938473345e-13,-0.02442626055245618,0.09986967400519961,-6.394137968478663e-12,-0.005103745104838057,5.115809949334462e-11,0.04389832147853308,1.0462572288009034e-09,0.1,-0.0,1
25,939,world,9.39,0.9282531052949341,1.3793305191289265,1.8243556308746351,-0.7037879422520811,4.747590905227415e-12,0.9996962489448792,-1.1704318738487227e-13,-0.02464568614460361,0.09986752406556391,-9.498044231054339e-13,-0.005145642526838997,2.758038593069057e-10,0.043898338487320755,5.5902786568067694e-09,0.1,-0.0,1
25,940,world,9.4,0.929253105294934,1.3803291838359046,1.8243556308746347,-0.7038396025781685,-2.3992591371660924e-11,0.9996908153400434,5.96762947797441e-13,-0.024865110592139115,0.09986542613719109,4.799991268234356e-12,-0.005186199228455688,7.79401056845764e-11,0.04389833857713678,1.5658045105699516e-09,0.1,-0.0,1
25,941,world,9.41,0.9302531052949341,1.3813278278304808,1.8243556308746351,-0.7038916617680028,-1.092495826067098e-11,0.9996853335745406,2.7413374543832006e-13,-0.025084533799922638,0.09986338185238867,2.185674575956821e-12,-0.0052254152948842825,8.957243755027164e-12,0.04389832174798146,1.7837260461346354e-10,0.1,-0.0,1
25,942,world,9.42,0.931253105294934,1.3823264516570317,1.824355630874635,-0.7039441064155553,-2.5777728807615375e-11,0.9996798036508031,6.524874311871359e-13,-0.025303955672816056,0.0998613927905152,5.157186304768366e-12,-0.005263290789842436,-9.600757841795103e-12,0.043898287999888465,-1.8952638548702222e-10,0.1,-0.0,1
25,943,world,9.43,0.9322531052949341,1.383325055875451,1.8243556308746351,-0.7039969231155709,-9.027761144617452e-12,0.9996742255713396,2.30494032238287e-13,-0.025523376115683526,0.0998594604756326,1.8061371157688091e-12,-0.005299825800493036,-1.710171855538658e-10,0.04389823733293724,-3.346932406924354e-09,0.1,-0.0,1
25,944,world,9.44,0.933253105294934,1.3843236410606068,1.8243556308746351,-0.704050098463574,7.72444045730516e-12,0.9996685993387353,-1.9891460787262876e-13,-0.025742795033391618,0.0998575863784146,-1.5453974946826235e-12,-0.005335020400848315,-1.3820903663838798e-10,0.04389816974724925,-2.6817525952060832e-09,0.1,-0.0,1
25,945,world,9.450000000000001,0.9342531052949341,1.3853222078018022,1.824355630874635,-0.7041036190558686,1.7816405145835983e-11,0.9996629249556522,-4.627092611126348e-13,-0.02596221233080975,0.09985577191503879,-3.5644768530203688e-12,-0.005368874672755196,6.920200177829211e-11,0.043898085242978835,1.3313968557168e-09,0.1,-0.0,1
25,946,world,9.46,0.935253105294934,1.3863207567022335,1.8243556308746351,-0.7041574714895364,-5.603018007282665e-12,0.9996572024248288,1.4674643697821114e-13,-0.0261816279128102,0.09985401844788117,1.1209863084491693e-12,-0.00540138869275409,1.6278006771837813e-10,0.043897983820318225,3.1054724518398465e-09,0.1,-0.0,1
25,947,world,9.47,0.9362531052949341,1.3873192883784504,1.8243556308746351,-0.7042116423624298,-1.3270316744990037e-11,0.99965143174908,3.5047234908164374e-13,-0.02640104168426852,0.09985232728549327,2.6549856284678155e-12,-0.005432562532611674,-8.679302447465029e-11,0.04389786547950161,-1.6420233740617426e-09,0.1,-0.0,1
25,948,world,9.48,0.937253105294934,1.388317803459814,1.8243556308746351,-0.7042661182731609,1.0834375174237575e-11,0.9996456129312973,-2.88518228198912e-13,-0.026620453550063566,0.09985069968183902,-2.167641083230586e-12,-0.005462396273358212,-1.6550626122715208e-10,0.0438977302208076,-3.1053243048995214e-09,0.1,-0.0,1
25,949,world,9.49,0.9382531052949341,1.3893163025879598,1.824355630874635,-0.7043208858210876,1.7815951636021562e-11,0.9996397459744486,-4.783500360465634e-13,-0.026839863415078036,0.09984913683715077,-3.564471657143712e-12,-0.005490889989422638,6.559894199318174e-11,0.04389757804455014,1.2207222629367646e-09,0.1,-0.0,1
25,950,world,9.5,0.939253105294934,1.3903147864162557,1.8243556308746354,-0.7043759316062965,-1.38611141309201e-12,0.9996338308815784,3.752090361456811e-14,-0.027059271184198427,0.09984763989832109,2.77323667306624e-13,-0.0055180437416897515,1.8166911413841286e-12,0.043897408951075856,3.353185802015819e-11,0.1,-0.0,1
25,951,world,9.51,0.9402531052949341,1.3913132556092611,1.8243556308746351,-0.7044312422295816,1.7480054569232174e-11,0.9996278676558078,-4.770102693314494e-13,-0.027278676762315438,0.09984620995691118,-3.4973109513731444e-12,-0.0055438576136488,8.184405767558762e-11,0.04389722294077193,1.4984721958170564e-09,0.1,-0.0,1
25,952,world,9.52,0.941253105294934,1.3923117108421865,1.8243556308746354,-0.7044868042925122,-1.6387475748378803e-11,0.9996218563003343,4.507945851494313e-13,-0.027498080054324008,0.09984484805168803,3.2787341584824662e-12,-0.005568331665349247,1.9411204286316643e-10,0.04389702001407764,3.5255518150395736e-09,0.1,-0.0,1
25,953,world,9.53,0.9422531052949341,1.393310152800363,1.824355630874635,-0.7045426043971602,-1.7815505003183146e-11,0.9996157968184316,4.939907136136342e-13,-0.027717480965123917,0.09984355516712597,3.564470032810242e-12,-0.005591465960647103,-9.077988602448033e-11,0.04001903090059466,-1.6368521397431402e-09,0.1,-0.0,1
25,954,world,9.540000000000001,0.943253105294934,1.3943085820896677,1.8243556308746351,-0.704598630730942,0.0,0.9996107717896137,-0.0,-0.02789811682126794,0.09984229846615167,-0.0,-0.005613861148611575,-1.9868964807598747e-10,0.035120449595912484,-3.557480138557029e-09,0.1,-0.0,1
25,955,world,9.55,0.9442531052949341,1.39530699864597,1.8243556308746351,-0.7046548835149208,1.7800874054198712e-11,0.9996060006660965,-4.998416395343059e-13,-0.02806854881058048,0.0998410064967779,-3.56157795593462e-12,-0.005636791792354382,-4.51181610180797e-11,0.034099797800682105,-8.027636976999311e-10,0.1,-0.0,1
25,956,world,9.56,0.945253105294934,1.3963054020929342,1.824355630874635,-0.704711368490533,8.037099355735303e-12,0.9996012004711915,-2.270500389868412e-13,-0.02823898044464489,0.09983967653036932,-1.6080611476196036e-12,-0.005660299489534455,3.4888320127607293e-11,0.03409988601243987,6.169941943853847e-10,0.1,-0.0,1
25,957,world,9.57,0.9462531052949341,1.3973037920485576,1.824355630874635,-0.7047680914282297,1.1623399057542487e-11,0.9995963712059287,-3.303472666023181e-13,-0.028409411678866615,0.09983830815861736,-2.325618495415869e-12,-0.005684384225662562,-2.601510947097789e-11,0.034099966294229234,-4.5730626188343213e-10,0.1,-0.0,1
25,958,world,9.58,0.947253105294934,1.3983021681267058,1.824355630874635,-0.7048250580982782,1.261560666102918e-11,0.9995915128713665,-3.606993920776492e-13,-0.028579842468651105,0.09983690096360394,-2.5241524133135863e-12,-0.005709045978404675,-1.257337886049038e-10,0.03410003864593203,-2.1969975009190078e-09,0.1,-0.0,1
25,959,world,9.59,0.948253105294934,1.3993005299370056,1.8243556308746351,-0.7048822742708916,3.362011283119914e-11,0.9995866254685909,-9.669871422919395e-13,-0.02875027276940404,0.09983545451725358,-6.726803194854647e-12,-0.0057342847272692475,-5.610061804763594e-11,0.03410010306744958,-9.74443562873807e-10,0.1,-0.0,1
25,960,world,9.6,0.949253105294934,1.400298877084748,1.8243556308746347,-0.7049397457161805,2.2371971360071643e-11,0.9995817089987159,-6.472838818834994e-13,-0.02892070253653137,0.09983396838126173,-4.476266549103882e-12,-0.00576010045478685,2.8874865460257075e-10,0.03410015955869649,4.985810069652251e-09,0.1,-0.0,1
25,961,world,9.61,0.9502531052949341,1.4012972091708238,1.8243556308746351,-0.7049974782034549,-1.6300724553512336e-11,0.9995767634628834,4.744073117141239e-13,-0.029091131725439368,0.09983244210729113,3.2615251671878553e-12,-0.005786493143033047,2.3128854930294998e-10,0.03410020811959228,3.970193388380536e-09,0.1,-0.0,1
25,962,world,9.620000000000001,0.951253105294934,1.402295525791575,1.8243556308746351,-0.7050554775021578,-1.7380467090866482e-11,0.9995717888622633,5.087974584129688e-13,-0.029261560291534695,0.0998308752377622,3.47758232730784e-12,-0.005813462760038957,5.4446049018139176e-11,0.034100248750065856,9.291386908991774e-10,0.1,-0.0,1
25,963,world,9.63,0.952253105294934,1.403293826538711,1.8243556308746354,-0.7051137493815011,-2.5603855077804305e-11,0.999566785198053,7.538989604630004e-13,-0.029431988190224474,0.09982926730402893,5.12298989913416e-12,-0.005841009291273245,-2.0077336830690846e-10,0.03410028145006309,-3.406368520519987e-09,0.1,-0.0,1
25,964,world,9.64,0.953253105294934,1.404292110999201,1.824355630874635,-0.7051722996106207,1.672755493601461e-11,0.9995617524714782,-4.953931342728341e-13,-0.02960241537691638,0.09982761782886133,-3.346977392752938e-12,-0.005869132696984371,3.170291618597148e-11,0.03410030621953711,5.347744172483011e-10,0.1,-0.0,1
25,965,world,9.65,0.9542531052949341,1.4052903787551791,1.824355630874635,-0.7052311339584694,-3.0958354652627986e-11,0.9995566906837923,9.221269831606338e-13,-0.029772841807018627,0.09982592632267315,6.1944160637365045e-12,-0.0058978329766307905,9.136810153873924e-11,0.03410032305845636,1.5323792581770563e-09,0.1,-0.0,1
25,966,world,9.66,0.955253105294934,1.4062886293838839,1.8243556308746351,-0.7052902581931183,1.3832611976860745e-12,0.9995515998362765,-4.143794075549214e-14,-0.02994326743594016,0.09982419228876328,-2.7677629798394284e-13,-0.005927110079626784,-3.6249682163436195e-10,0.03410033196679517,-6.04491674863639e-09,0.1,-0.0,1
25,967,world,9.67,0.956253105294934,1.407286862457501,1.8243556308746351,-0.7053496780827403,2.957225583510676e-11,0.9995464799302402,-8.90933866832048e-13,-0.030113692219090604,0.09982241521852056,-5.917133526274337e-12,-0.00595696398690429,-3.4622449124536804e-10,0.03410033294453657,-5.740799871128712e-09,0.1,-0.0,1
25,968,world,9.68,0.957253105294934,1.4082850775430875,1.824355630874635,-0.7054093993952165,5.886917375328682e-11,0.9995413309670202,-1.7836189841496641e-12,-0.030284116111880397,0.09982059459415321,-1.1779234896284976e-11,-0.005987394664602571,1.8573314187891834e-10,0.034100325991686414,3.0622906765308416e-09,0.1,-0.0,1
25,969,world,9.69,0.9582531052949341,1.4092832742024561,1.8243556308746351,-0.7054694278983095,-1.0929988705068163e-12,0.9995361529479816,3.33022239434124e-14,-0.030454539069720843,0.0998187298868063,2.187011647276113e-13,-0.006018402095640039,2.2669292992672079e-10,0.03410031110825406,3.716645134921019e-09,0.1,-0.0,1
25,970,world,9.700000000000001,0.959253105294934,1.4102814519920883,1.8243556308746351,-0.7055297693595228,2.1650506633209695e-11,0.9995309458745173,-6.633570726836463e-13,-0.030624961048024178,0.09981682055988748,-4.33213220042095e-12,-0.006049986224383086,-1.5219296904469762e-11,0.03410028829425761,-2.4812892891428035e-10,0.1,-0.0,1
25,971,world,9.71,0.960253105294934,1.411279610463075,1.8243556308746351,-0.705590429545363,1.3917858181824476e-12,0.9995257097480477,-4.28809139356525e-14,-0.03079538200220364,0.09981486606427158,-2.7848917181841495e-13,-0.006082147036329196,-1.5628013843874504e-10,0.03410025754972547,-2.533784728787571e-09,0.1,-0.0,1
25,972,world,9.72,0.961253105294934,1.4122777491609533,1.824355630874635,-0.7056514142223982,4.7024101873795056e-11,0.9995204445700215,-1.456837656978715e-12,-0.030965801887673488,0.0998128658428605,-9.40932999318783e-12,-0.0061148844825665,1.982079493751986e-10,0.03410021887470551,3.195827934257136e-09,0.1,-0.0,1
25,973,world,9.73,0.9622531052949341,1.413275867625632,1.824355630874635,-0.7057127291568287,-3.061238900234876e-11,0.9995151503419152,9.536164595166119e-13,-0.031136220659849185,0.09981081932715628,6.1254459446478535e-12,-0.0061481985363006295,5.01367780714218e-10,0.0341001722692543,8.039485689541028e-09,0.1,-0.0,1
25,974,world,9.74,0.963253105294934,1.414273965391279,1.8243556308746351,-0.7057743801146661,-3.3487951742981464e-11,0.999509827065233,1.0489093387284913e-12,-0.03130663827414733,0.09980872594000448,6.700872984731252e-12,-0.006182089147940007,-1.3785940794919172e-10,0.03410011773342874,-2.198521754348334e-09,0.1,-0.0,1
25,975,world,9.75,0.964253105294934,1.41527204198623,1.824355630874635,-0.7058363728616044,-8.594580237159894e-12,0.9995044747415068,2.706661940639538e-13,-0.03147705468598581,0.09980658509338064,1.7197677408817021e-12,-0.006216556281235862,-3.228725922138221e-10,0.03410005526730899,-5.12107221024841e-09,0.1,-0.0,1
25,976,world,9.76,0.965253105294934,1.4162700969329394,1.8243556308746351,-0.7058987131621759,1.7799107435812143e-11,0.999499093372297,-5.635790164102816e-13,-0.03164746985078385,0.09980439618974564,-3.561604520692069e-12,-0.006251599891250712,-9.304763925090061e-11,0.03409998487098626,-1.4678549713525194e-09,0.1,-0.0,1
25,977,world,9.77,0.9662531052949341,1.4172681297478067,1.8243556308746351,-0.7059614067809286,6.10607705243869e-12,0.9994936829591914,-1.9438086800992796e-13,-0.0318178837239621,0.09980215862128085,-1.2218337178129251e-12,-0.00628721993672067,8.06622685081509e-11,0.03409990654455355,1.2656361277333586e-09,0.1,-0.0,1
25,978,world,9.78,0.967253105294934,1.4182661399411074,1.8243556308746351,-0.7060244594819489,5.1233652775136515e-12,0.9994882435038054,-1.639716399020445e-13,-0.031988296260942566,0.09979987177074491,-1.0251974478666984e-12,-0.006323416366401669,2.605212015468544e-10,0.03409982028811944,4.0658802636417035e-09,0.1,-0.0,1
25,979,world,9.790000000000001,0.968253105294934,1.419264127016879,1.8243556308746351,-0.7060878770290397,-3.461509752168646e-11,0.9994827750077828,1.1137528542273522e-12,-0.03215870741714894,0.09979753501054955,6.926600497366132e-12,-0.006360189133833691,1.7455651160471506e-10,0.034099726101806796,2.7097732658274e-09,0.1,-0.0,1
25,980,world,9.8,0.969253105294934,1.4202620904728263,1.824355630874635,-0.7061516651856348,-2.2016393279901712e-11,0.999477277472795,7.121428106122173e-13,-0.032329117148006396,0.09979514770369687,4.4055806208782445e-12,-0.00639753818256118,-2.53026304183584e-10,0.040349586407491145,-3.90336750317067e-09,0.1,-0.0,1
25,981,world,9.81,0.9702531052949341,1.4212600298082725,1.8243556308746351,-0.7062158295897729,4.480209458257116e-12,0.9994697177403475,-1.4596194536343899e-13,-0.032561991954273534,0.09979271169518317,-8.965170555578222e-13,-0.006435424812866206,-2.7768143693557358e-11,0.04684785195373388,-4.2569418067645503e-10,0.1,-0.0,1
25,982,world,9.82,0.971253105294934,1.4222579445520587,1.8243556308746354,-0.7062803753240035,-1.7752363593182818e-11,0.9994620222977114,5.825438283043893e-13,-0.032797347218470746,0.09979022928160736,3.5523826185251793e-12,-0.006473804130821004,2.938757241024086e-11,0.047096331785638545,4.4729431277139966e-10,0.1,-0.0,1
25,983,world,9.83,0.972253105294934,1.4232558342373363,1.824355630874635,-0.7063453073143567,0.0,0.9994542713927362,-0.0,-0.03303270190000648,0.0997876998978618,-0.0,-0.006512676031730242,-1.1728080373244774e-10,0.047096568674101544,-1.7723157593664662e-09,0.1,-0.0,1
25,984,world,9.84,0.973253105294934,1.4242536983915244,1.824355630874635,-0.7064106304864916,0.0,0.9994464650284536,-0.0,-0.03326805588140436,0.0997851229670474,-0.0,-0.006552040479975051,-3.0271885997451766e-11,0.047096784671351234,-4.54213596278908e-10,0.1,-0.0,1
25,985,world,9.85,0.9742531052949341,1.4252515365362406,1.8243556308746351,-0.7064763497656572,4.549656642923515e-12,0.9994386032079964,-1.5251462874633512e-13,-0.03350340904518799,0.0997824979054675,-9.104419437300255e-13,-0.00659189743134506,-7.114757854706757e-11,0.047096979776815706,-1.0600074900859973e-09,0.1,-0.0,1
25,986,world,9.86,0.975253105294934,1.426249348187226,1.8243556308746354,-0.7065424700766758,1.0617876412360933e-11,0.9994306859345995,-3.5843806134211767e-13,-0.033738761273881285,0.09977982412202582,-2.1247836218026935e-12,-0.006632246842329852,1.1504210285198646e-10,0.04709715398997469,1.7019827425164033e-09,0.1,-0.0,1
25,987,world,9.870000000000001,0.976253105294934,1.427247132854278,1.8243556308746351,-0.7066089963439252,-1.2499230636373706e-11,0.9994227132115991,4.2489555376839596e-13,-0.03397411245000879,0.09977710101813118,2.5012883452626837e-12,-0.00667308867149591,-5.760683599363139e-11,0.0470973073103593,-8.463362989502209e-10,0.1,-0.0,1
25,988,world,9.88,0.977253105294934,1.4282448900411708,1.8243556308746351,-0.7066759334913203,1.9095686617446685e-11,0.9994146850424327,-6.536357571984061e-13,-0.034209462456096,0.09977432798859148,-3.821371104858604e-12,-0.006714422866112443,-1.4532375786742826e-10,0.04709743973756411,-2.1202982425254774e-09,0.1,-0.0,1
25,989,world,9.89,0.9782531052949341,1.4292426192455896,1.8243556308746351,-0.7067432864422933,8.741084760121491e-12,0.9994066014306396,-3.0126378352231036e-13,-0.034444811174669736,0.0997715044203712,-1.7492535036336528e-12,-0.006756249380821745,1.3154840576687414e-10,0.04709755127124203,1.906153235660892e-09,0.1,-0.0,1
25,990,world,9.9,0.979253105294934,1.4302403199590537,1.8243556308746351,-0.7068110601197747,0.0,0.9993984623798604,-0.0,-0.0346801584882585,0.09976862969378995,-0.0,-0.006798568159797663,-7.563058439085242e-11,0.04709764191109139,-1.0884332127581005e-09,0.1,-0.0,1
25,991,world,9.91,0.980253105294934,1.431237991666848,1.8243556308746351,-0.7068792594461722,1.9644865691855997e-11,0.9993902678938372,-6.863288688788349e-13,-0.03491550427939271,0.09976570318150371,-3.931366488773508e-12,-0.006841379151903622,2.0831882397585972e-11,0.047097711656866,2.977727142444672e-10,0.1,-0.0,1
25,992,world,9.92,0.981253105294934,1.4322356338479492,1.8243556308746351,-0.7069478893433507,-2.983160347090389e-12,0.9993820179764137,1.0492545925240022e-13,-0.03515084843060515,0.09976272424877605,5.970004077647517e-13,-0.006884682306589958,4.198843279264184e-11,0.047097760508386696,5.961530690388106e-10,0.1,-0.0,1
25,993,world,9.93,0.9822531052949341,1.433233245974953,1.8243556308746354,-0.7070169547326092,1.3671984261562177e-11,0.9993737126315345,-4.84102631391341e-13,-0.03538619082443123,0.09975969225447637,-2.7361075799410256e-12,-0.006928477559476544,-1.0226082004594834e-10,0.04709778846552562,-1.4422101309314733e-09,0.1,-0.0,1
25,994,world,9.94,0.983253105294934,1.4342308275140043,1.8243556308746351,-0.7070864605346593,1.146602312297779e-11,0.9993653518632466,-4.0869668064627984e-13,-0.0356215313434094,0.09975660654951331,-2.294658434562339e-12,-0.006972764855177671,1.4223046593967939e-10,0.047097795528205935,1.992609587451916e-09,0.1,-0.0,1
25,995,world,9.950000000000001,0.984253105294934,1.4352283779247246,1.8243556308746351,-0.7071564116696025,-6.292190874847824e-12,0.9993569356756975,2.2576344981744111e-13,-0.035856869870081395,0.09975346647792951,1.2592465433910631e-12,-0.007017544131431821,2.09521269177745e-10,0.047097781696403496,2.9159959671736615e-09,0.1,-0.0,1
25,996,world,9.96,0.985253105294934,1.4362258966601382,1.8243556308746354,-0.7072268130569057,-1.7750257597897898e-11,0.9993484640731367,6.410636348601062e-13,-0.036092206286992626,0.09975027137689624,3.552361947203887e-12,-0.007062815319371922,-1.218446052708357e-11,0.04709774697016187,-1.6846628121801325e-10,0.1,-0.0,1
25,997,world,9.97,0.9862531052949342,1.4372233831666037,1.8243556308746351,-0.707297669615377,-4.604135478107868e-12,0.9993399370599148,1.6736739095328663e-13,-0.036327540476692524,0.09974702057592874,9.21434229062239e-13,-0.007108578354723803,-5.861138452925588e-11,0.04709769134956971,-8.051095238939304e-10,0.1,-0.0,1
25,998,world,9.98,0.987253105294934,1.438220836883741,1.8243556308746351,-0.7073689862631407,-9.682950198346173e-12,0.9993313546404838,3.542733550346918e-13,-0.036562872321734795,0.09974371339757607,1.9378835223096147e-12,-0.007154833168020489,9.61296625981243e-11,0.04709761483477635,1.3119427456467244e-09,0.1,-0.0,1
25,999,world,9.99,0.988253105294934,1.4392182572443593,1.824355630874635,-0.7074407679176121,-1.7749745006125623e-11,0.9993227168193977,6.536013701568363e-13,-0.03679820170467792,0.09974034915730683,3.55235076733073e-12,-0.0072015796863276,-9.240521637876753e-11,0.04709751742598598,-1.2530153223811903e-09,0.1,-0.0,1
25,1000,world,10.0,0.989253105294934,1.4402156436743878,1.8243556308746354,-0.7075130194954702,2.872778261641104e-12,0.9993140236013107,-1.0646214616951973e-13,-0.037033528508085334,0.0997369271636574,-5.749493796207359e-13,-0.007248817831295006,2.629309314178551e-10,0.047097399123457236,3.5425967660355393e-09,0.1,-0.0,1
25,1001,world,10.01,0.9902531052949342,1.4412129955928006,1.8243556308746347,-0.7075857459126302,-5.324816199872126e-11,0.9993052749909793,1.985877540316847e-12,-0.03726885261452581,0.09973344671726099,1.0657023723684806e-11,-0.0072965475325844,2.609429500200333e-10,0.04709725992750638,3.493520159134437e-09,0.1,-0.0,1
25,1002,world,10.02,0.991253105294934,1.4422103124115497,1.8243556308746351,-0.7076589520842174,-3.213514415286547e-11,0.9992964709932611,1.2060505263507665e-12,-0.03750417390657384,0.09972990711234754,6.431546262801492e-12,-0.007344768707218351,-1.411817284564124e-10,0.047097099838504124,-1.8782400615388853e-09,0.1,-0.0,1
25,1003,world,10.03,0.992253105294934,1.4432075935354922,1.8243556308746351,-0.707732642924536,-3.44252526760226e-11,0.9992876116131149,1.300117745933518e-12,-0.03773949226680991,0.09972630763628236,6.889951166645261e-12,-0.007393481266194621,1.8530854104917487e-11,0.04709691885686971,2.4498529686965083e-10,0.1,-0.0,1
25,1004,world,10.040000000000001,0.993253105294934,1.4442048383623174,1.824355630874635,-0.7078068233470419,-3.458965175532852e-11,0.9992786968556008,1.3144835106819498e-12,-0.03797480757782085,0.09972264756837279,6.922916376106821e-12,-0.007442685130657649,-3.9492407211899225e-10,0.047096716983092896,-5.188562065729514e-09,0.1,-0.0,1
25,1005,world,10.05,0.9942531052949342,1.4452020462824766,1.824355630874635,-0.7078814982643595,1.757306181574609e-11,0.9992697267258801,-6.719595099366811e-13,-0.03821011972220025,0.09971892618199243,-3.5171771955283e-12,-0.007492380203269557,-1.349396291057746e-10,0.047096494217710554,-1.7618883651324023e-09,0.1,-0.0,1
25,1006,world,10.06,0.995253105294934,1.4461992166791096,1.8243556308746354,-0.7079566725882376,-1.6931611336685214e-11,0.9992607012292158,6.514246518763933e-13,-0.03844542858254865,0.09971514274213324,3.3888242430673913e-12,-0.007542566401165799,1.4642798040142044e-10,0.04709625056131337,1.9001367138067543e-09,0.1,-0.0,1
25,1007,world,10.07,0.996253105294934,1.447196348927994,1.8243556308746354,-0.7080323512292768,-1.4706971509810974e-12,0.9992516203709718,5.693025079262204e-14,-0.03868073404147402,0.09971129650810617,2.9435944468237553e-13,-0.007593243619991103,-2.5078637838901786e-10,0.052729557103522035,-3.232105480863521e-09,0.1,-0.0,1
25,1008,world,10.08,0.997253105294934,1.4481934423911338,1.8243556308746351,-0.7081085391796588,1.5462308799891913e-11,0.9992402902084083,-6.030603358030056e-13,-0.03897232895550424,0.09970738149709774,-3.0948096888540285e-12,-0.007644480034130175,-4.121618193894141e-11,0.06828504009910229,-5.269089951883395e-10,0.1,-0.0,1
25,1009,world,10.09,0.9982531052949342,1.4491904961105753,1.824355630874635,-0.7081852454857384,3.810431050344949e-12,0.9992249742504267,-1.501065790617832e-13,-0.03936306433999159,0.099703338108938,-7.626762026740448e-13,-0.007697036438447948,6.00804781247461e-11,0.07820773323833122,7.613831181645334e-10,0.1,-0.0,1
25,1010,world,10.1,0.999253105294934,1.450187508663521,1.8243556308746354,-0.7082624850141027,7.83037156823951e-12,0.9992095052463241,-3.115332917612516e-13,-0.039753800137801755,0.09969914778784669,-1.5673103187519115e-12,-0.0077511244588837624,-1.3778409603674207e-10,0.07820897289001426,-1.7288566908675841e-09,0.1,-0.0,1
25,1011,world,10.11,1.000253105294934,1.4511844785682408,1.8243556308746356,-0.708340273079681,2.1139714588082306e-11,0.999193883210118,-8.493286874318165e-13,-0.04014453581105488,0.09969480803072918,-4.231343978306606e-12,-0.007806743989401559,9.885279456338012e-11,0.07821011689377341,1.2282326950727713e-09,0.1,-0.0,1
25,1012,world,10.120000000000001,1.001253105294934,1.4521814043174608,1.8243556308746351,-0.7084186249983239,-4.481788800065072e-12,0.9991781081565985,1.8181995911835056e-13,-0.04053527082185262,0.09969031626422391,8.970925503058613e-13,-0.00786389490895044,-5.910095033914443e-11,0.07821116524121366,-7.272084504179604e-10,0.1,-0.0,1
25,1013,world,10.13,1.002253105294934,1.4531782843779908,1.8243556308746354,-0.7084975560824457,2.8428991266448076e-11,0.999162180101328,-1.1644606365542929e-12,-0.040926004632282305,0.09968566984411263,-5.6905471884481855e-12,-0.007922577088963805,-1.9025639528940645e-10,0.07821211792464844,-2.318550894697958e-09,0.1,-0.0,1
25,1014,world,10.14,1.003253105294934,1.4541751171898203,1.8243556308746354,-0.7085770816434498,1.8761926317589323e-11,0.9991460990606417,-7.75844063706389e-13,-0.0413167367044215,0.09968086605469233,-3.755578027553229e-12,-0.00798279040101197,3.3902264205169646e-10,0.07821297493708212,4.092214556745471e-09,0.1,-0.0,1
25,1015,world,10.15,1.004253105294934,1.4551719011652484,1.824355630874635,-0.7086572169936589,-1.2598532607101255e-11,0.9991298650516472,5.259104897609845e-13,-0.0417074665003417,0.09967590210979155,2.5218902613985816e-12,-0.008044534703713751,6.185072942039185e-11,0.07821373627221506,7.39546532467778e-10,0.1,-0.0,1
25,1016,world,10.16,1.005253105294934,1.4561686346886091,1.8243556308746351,-0.7087379774408191,1.1346609485384689e-11,0.9991134780922248,-4.780956037084028e-13,-0.0420981934821131,0.0996707751526675,-2.2713248928911707e-12,-0.008107809843995962,4.130071648375037e-11,0.07821440192446683,4.892233739849402e-10,0.1,-0.0,1
25,1017,world,10.17,1.006253105294934,1.457165316115231,1.8243556308746351,-0.708819378292136,-1.750331923449056e-11,0.9990969382010265,7.443692916073733e-13,-0.04248891711180856,0.09966548225571066,3.5038102370058544e-12,-0.008172615660645257,2.4754327981896086e-10,0.07821497188895153,2.9051391078395843e-09,0.1,-0.0,1
25,1018,world,10.18,1.007253105294934,1.4581619437706106,1.8243556308746351,-0.7089014348556307,-1.7783612590182982e-11,0.9990802453974771,7.632568587837274e-13,-0.0428796368515081,0.09966002042057855,3.5599774272682872e-12,-0.00823895198249561,-3.520781994855026e-10,0.07821544616148457,-4.094092694680077e-09,0.1,-0.0,1
25,1019,world,10.19,1.008253105294934,1.4591585159502463,1.8243556308746354,-0.7089841624334338,2.3550813119328448e-11,0.9990633997017726,-1.0200073165623592e-12,-0.043270352163302765,0.09965438657879205,-4.714550989480298e-12,-0.008306818621149124,-6.402291497647099e-12,0.07821582473858202,-7.377218199108233e-11,0.1,-0.0,1
25,1020,world,10.200000000000001,1.009253105294934,1.4601550309184326,1.824355630874635,-0.7090675763277612,-1.7043221662057586e-11,0.9990464011348817,7.44835440577774e-13,-0.04366106250929925,0.09964857759067385,3.4118771419654176e-12,-0.008376215383778968,-6.31361150121398e-11,0.07821610761746116,-7.209563108650856e-10,0.1,-0.0,1
25,1021,world,10.21,1.0102531052949342,1.4611514869075433,1.824355630874635,-0.7091516918408637,3.0780137217277164e-11,0.9990292497185448,-1.3572369819287637e-12,-0.044051767351623944,0.09964259024639946,-6.161970171469472e-12,-0.008447142060374037,-5.915122681990744e-11,0.0782162947960529,-6.694272544683307e-10,0.1,-0.0,1
25,1022,world,10.22,1.011253105294934,1.462147882117865,1.824355630874635,-0.7092365242685114,-1.0328919602544514e-11,0.9990119454752733,4.594966675887354e-13,-0.04444246615242731,0.0996364212663234,2.067813536233069e-12,-0.008519598420098215,1.3232957841913032e-10,0.07821638627298261,1.4843595966337727e-09,0.1,-0.0,1
25,1023,world,10.23,1.012253105294934,1.4631442147163196,1.8243556308746354,-0.7093220889066753,1.5891587678904162e-11,0.9989944884283506,-7.131871851882965e-13,-0.04483315837388801,0.09963006730052651,-3.181495343372481e-12,-0.008593584216877065,-2.9443776712122277e-11,0.07821638204757381,-3.2737966595171805e-10,0.1,-0.0,1
25,1024,world,10.24,1.013253105294934,1.4641404828358546,1.8243556308746351,-0.7094084010502001,-7.044909865795613e-12,0.9989768786018312,3.1892419926154745e-13,-0.04522384347821722,0.09962352492830169,1.4104154661732552e-12,-0.00866909919542117,2.2049421915066303e-10,0.07821628211985697,2.4303243150419912e-09,0.1,-0.0,1
25,1025,world,10.25,1.0142531052949342,1.4651366845751979,1.8243556308746351,-0.7094954759873844,-8.486633005665363e-12,0.9989591160205407,3.875170591409445e-13,-0.04561452092766289,0.09961679065961501,1.69908361094077e-12,-0.008746143074432328,-5.1206997307853814e-11,0.07821608649057252,-5.595481415519762e-10,0.1,-0.0,1
25,1026,world,10.26,1.015253105294934,1.4661328179975937,1.824355630874635,-0.709583329006328,-1.4317445020860256e-12,0.9989412007100752,6.593749268453371e-14,-0.046005190184513996,0.09960986093479264,2.8665046599152983e-13,-0.00882471555072861,-2.4169196297644825e-10,0.07821579516115396,-2.618443543007244e-09,0.1,-0.0,1
25,1027,world,10.27,1.016253105294934,1.4671288811302616,1.8243556308746351,-0.7096719753928724,1.7781097113270306e-11,0.9989231326968022,-8.258584671272624e-13,-0.04639585071110471,0.09960273212315579,-3.5600292992111812e-12,-0.00890481631494278,1.517089143309907e-10,0.0782154081337365,1.6296568373003388e-09,0.1,-0.0,1
25,1028,world,10.28,1.017253105294934,1.4681248719640798,1.8243556308746351,-0.709761430426124,-1.778079837644479e-11,0.9989049120078588,8.328133621770989e-13,-0.046786501969818754,0.09959540052620697,3.5600349089734557e-12,-0.008986445015934602,4.4773270981508764e-10,0.0782149254111629,4.769124064500872e-09,0.1,-0.0,1
25,1029,world,10.290000000000001,1.0182531052949342,1.4691207884523356,1.824355630874635,-0.7098517093844782,-3.0067162298524606e-11,0.9988865386711531,1.4200640144475012e-12,-0.04717714342309357,0.09958786237450397,6.020097317068386e-12,-0.00906960129646599,-2.420685733305553e-10,0.07821434699697695,-2.5569551422605197e-09,0.1,-0.0,1
25,1030,world,10.3,1.019253105294934,1.4701166285102503,1.824355630874635,-0.7099428275428823,7.874661757702125e-12,0.9988680127153624,-3.75004635496418e-13,-0.04756777453342462,0.09958011383057137,-1.576707516437779e-12,-0.009154284761271543,-4.5519318359746174e-10,0.07821367289542587,-4.768425711803928e-09,0.1,-0.0,1
25,1031,world,10.31,1.020253105294934,1.4711123900145988,1.8243556308746351,-0.7100348001692077,1.777986238682488e-11,0.9988493341699342,-8.536759549370288e-13,-0.04795839476336958,0.09957215098687515,-3.560048148003006e-12,-0.00924049500010374,-2.240532831889389e-10,0.07821290311145851,-2.3278465167095237e-09,0.1,-0.0,1
25,1032,world,10.32,1.021253105294934,1.472108070802471,1.8243556308746351,-0.7101276425299963,3.12330550667362e-11,0.9988305030650853,-1.5118552011208067e-12,-0.048349003575552656,0.09956396986755675,-6.253890542870048e-12,-0.009328231569394723,1.7192449414152632e-10,0.07821203765072526,1.771712534722742e-09,0.1,-0.0,1
25,1033,world,10.33,1.0222531052949342,1.473103668670862,1.824355630874635,-0.7102213698870826,0.0,0.9988115194318015,-0.0,-0.048739600432668735,0.09955556642759307,-0.0,-0.009417494002180352,2.697263076591424e-10,0.07821107651957374,2.7571445436717057e-09,0.1,-0.0,1
25,1034,world,10.34,1.023253105294934,1.4740991813762365,1.8243556308746351,-0.710315997494729,3.5622551990241384e-12,0.9987923833018376,-1.7522586190064828e-13,-0.04913018479748767,0.0995469365541783,-7.133090792198652e-13,-0.00950828179422553,-4.5145112788228554e-10,0.07821001972506571,-4.577786102858575e-09,0.1,-0.0,1
25,1035,world,10.35,1.024253105294934,1.4750946066332913,1.8243556308746347,-0.7104115406051508,4.594348572238717e-11,0.9987730947077169,-2.2779509824677564e-12,-0.049520756132858584,0.09953807606499102,-9.199945217940278e-12,-0.009600594423266912,-2.3276677246436835e-10,0.0782088672749568,-2.341540250443708e-09,0.1,-0.0,1
25,1036,world,10.36,1.025253105294934,1.4760899421146223,1.824355630874635,-0.7105080144644846,2.706359909043441e-11,0.9987536536827311,-1.3524654298205036e-12,-0.049911313901714,0.09952898071058097,-5.419453608826296e-12,-0.00969443132487943,7.810846852106629e-10,0.07820761917769727,7.795457124944328e-09,0.1,-0.0,1
25,1037,world,10.370000000000001,1.026253105294934,1.477085185450225,1.8243556308746347,-0.7106054343106699,-3.230402929833085e-11,0.9987340602609395,1.6270123802353096e-12,-0.05030185756707408,0.09951964617330938,6.468973500077678e-12,-0.009789791904801155,2.855331546076176e-10,0.09741473161427533,2.8219911494081118e-09,0.1,-0.0,1
25,1038,world,10.38,1.027253105294934,1.4780803342189421,1.824355630874635,-0.7107038154526083,-1.2649798312560855e-12,0.9987045588278474,6.445100863949635e-14,-0.050884223257064154,0.09951006506097416,2.53323151346956e-13,-0.00988670579923813,-2.2006321404140894e-10,0.12386688620175568,-2.1524418166194372e-09,0.1,-0.0,1
25,1039,world,10.39,1.028253105294934,1.4790753858864425,1.824355630874635,-0.7108031738808752,-1.0694129278361496e-11,0.9986709867531917,5.518973462802468e-13,-0.051538919443529375,0.09950022476404549,2.141661846920125e-12,-0.009985252721109764,-6.053243229341588e-11,0.1311112803933535,-5.84907296000445e-10,0.1,-0.0,1
25,1040,world,10.4,1.029253105294934,1.4800703378325741,1.8243556308746347,-0.7109035259630457,4.60740136415778e-12,0.9986369854955041,-2.4080505458648454e-13,-0.05219359348092864,0.09949011996021558,-9.227326179209646e-13,-0.010085436544935275,-1.3425417985317126e-10,0.13111128039335487,-1.2808560399252125e-09,0.1,-0.0,1
25,1041,world,10.41,1.030253105294934,1.4810651873874385,1.824355630874635,-0.711004888065888,2.1673306345789476e-12,0.998602555069397,-1.1469990736686013e-13,-0.05284824508791276,0.09947974567010595,-4.340697545921142e-13,-0.010187256814817127,2.334470911999198e-10,0.13111128039335349,2.199391350886485e-09,0.1,-0.0,1
25,1042,world,10.42,1.031253105294934,1.4820599318309282,1.8243556308746347,-0.7111072765516098,-1.747869190232007e-11,0.9985676954896668,9.365016057138058e-13,-0.05350287398314273,0.09946909683421347,3.500724975038632e-12,-0.010290713045550556,-1.95553439918539e-10,0.1311112803933521,-1.819647688508242e-09,0.1,-0.0,1
25,1043,world,10.43,1.032253105294934,1.4830545683918421,1.824355630874635,-0.7112107077783353,2.0441568023512004e-11,0.9985324067712948,-1.1086909163386596e-12,-0.054157479885288795,0.09945816831386114,-4.094285917441628e-12,-0.010395804714002156,-5.256646111420839e-11,0.13111128039335487,-4.831734166016923e-10,0.1,-0.0,1
25,1044,world,10.44,1.033253105294934,1.4840490942474367,1.824355630874635,-0.7113151980964697,-1.2624512191900186e-11,0.9984966889294464,6.930173721465967e-13,-0.05481206251303162,0.09944695489014424,2.5286787199259442e-12,-0.010502531270013887,3.652125703586239e-10,0.1311112803933549,3.3164657813154567e-09,0.1,-0.0,1
25,1045,world,10.450000000000001,1.034253105294934,1.4850435065222636,1.824355630874635,-0.7114207638518921,-1.2873669130381444e-11,0.9984605419794713,7.151598926989277e-13,-0.05546662158506125,0.09943545126672966,2.578675378313575e-12,-0.010610892110554682,-3.3688230643759607e-10,0.13111128039335487,-3.0227698093951495e-09,0.1,-0.0,1
25,1046,world,10.46,1.035253105294934,1.4860378022875087,1.824355630874635,-0.7115274213843521,1.7743307183628016e-11,0.9984239659369041,-9.97346777453199e-13,-0.05612115682007853,0.09942365206709523,-3.55422065087196e-12,-0.01072088660704857,-6.032898417265576e-10,0.13111128039335418,-5.349461405108419e-09,0.1,-0.0,1
25,1047,world,10.47,1.036253105294934,1.4870319785602026,1.8243556308746347,-0.71163518702707,4.0874150023035133e-11,0.9983869608174634,-2.324406527711881e-12,-0.056775667936793874,0.0994115518369047,-8.187932215090277e-12,-0.010832514083923965,2.3911513570044904e-16,0.1311112803933528,2.0955931906872426e-15,0.1,-0.0,1
25,1048,world,10.48,1.037253105294934,1.4880260323024408,1.8243556308746347,-0.7117440771063184,1.7741963242260736e-11,0.9983495266370521,-1.0206081794815933e-12,-0.0574301546539287,0.09939914504294786,-3.5542099497135213e-12,-0.010945773829703118,2.7962390667246783e-10,0.13111128039335418,2.4224086627320398e-09,0.1,-0.0,1
25,1049,world,10.49,1.038253105294934,1.4890199604206031,1.824355630874635,-0.7118541079409856,1.6527303740482417e-11,0.9983116634117578,-9.6160561663469e-13,-0.05808461669021432,0.09938642607527588,-3.3110026195077524e-12,-0.011060665078724835,2.2662188144202147e-10,0.13111128039335349,1.940904538704525e-09,0.1,-0.0,1
25,1050,world,10.5,1.039253105294934,1.4900137597644478,1.824355630874635,-0.7119652958432581,-1.7665451219418287e-12,0.9982733711578526,1.0394466274765504e-13,-0.05873905376439322,0.09937338924550737,3.5391468217869944e-13,-0.011177187028089113,2.426203357321355e-10,0.13111128039335349,2.0545348443126455e-09,0.1,-0.0,1
25,1051,world,10.51,1.040253105294934,1.4910074271266769,1.8243556308746347,-0.7120776571151448,-4.1255513928645126e-12,0.9982346498917926,2.4546412483273685e-13,-0.05939346559521806,0.09936002878903098,8.265562143019337e-13,-0.011295338819306644,-4.074096782812643e-11,0.13111128039335487,-3.4115768472114e-10,0.1,-0.0,1
25,1052,world,10.52,1.041253105294934,1.4920009592419243,1.8243556308746351,-0.7121912080501739,1.6632088761891667e-12,0.9981954996302184,-1.0005266535021107e-13,-0.060047851901452884,0.09934633886469266,-3.332375702077367e-13,-0.01141511954302966,-4.76247151689881e-11,0.13111128039335282,-3.9440830823854453e-10,0.1,-0.0,1
25,1053,world,10.53,1.042253105294934,1.492994352785986,1.8243556308746351,-0.7123059649329299,-1.598207882462307e-13,0.9981559203899549,9.719398779468445e-15,-0.06070221240187216,0.09933231355492701,3.2022661848842713e-14,-0.011536528239711689,-1.9515914023902058e-10,0.13111128039335487,-1.5986139606444374e-09,0.1,-0.0,1
25,1054,world,10.540000000000001,1.043253105294934,1.4939876043751044,1.824355630874635,-0.7124219440381326,1.7737553144086892e-11,0.9981159121880117,-1.0903693614979292e-12,-0.061356546815262036,0.09931794686645636,-3.5541446013962476e-12,-0.011659563895435952,5.1758777368851405e-11,0.13111128039335626,4.1940136559141036e-10,0.1,-0.0,1
25,1055,world,10.55,1.044253105294934,1.4949807105652109,1.8243556308746354,-0.7125391616300799,-4.377504983094191e-12,0.9980754750415822,2.7197625124102616e-13,-0.06201085486041925,0.09930323273024846,8.771734605687115e-13,-0.01178422544430105,1.9348169489393225e-10,0.13111128039335557,1.5510501852931202e-09,0.1,-0.0,1
25,1056,world,10.56,1.045253105294934,1.4959736678511792,1.824355630874635,-0.7126576339620697,2.136120378994233e-12,0.9980346089680447,-1.341238804810862e-13,-0.06266513625615248,0.09928816500339707,-4.2805762499598904e-13,-0.011910511754672809,1.6654493408378295e-10,0.1311112803933514,1.3210081524208865e-09,0.1,-0.0,1
25,1057,world,10.57,1.046253105294934,1.496966472666075,1.8243556308746351,-0.7127773772758519,-1.7665075152084105e-11,0.9979933139849615,1.1207908710423136e-12,-0.06331939072128123,0.0992727374694018,3.540054220836163e-12,-0.012038421629567227,5.537024321946689e-11,0.13111128039335349,4.3459584103534217e-10,0.1,-0.0,1
25,1058,world,10.58,1.047253105294934,1.4979591213802494,1.8243556308746351,-0.7128984078023648,-2.2361707969098384e-12,0.9979515901100791,1.4334957497464424e-13,-0.06397361797463731,0.09925694383622247,4.4814394924443655e-13,-0.01216795382523214,-2.2601036922526103e-10,0.13111128039335765,-1.7555715967590278e-09,0.1,-0.0,1
25,1059,world,10.59,1.048253105294934,1.4989516103011375,1.824355630874635,-0.7130207417567338,0.0,0.9979094373613286,-0.0,-0.06462781773506342,0.09924077774129822,-0.0,-0.012299107012391145,-7.187664619142614e-11,0.13111128039334932,-5.525913299388584e-10,0.1,-0.0,1
25,1060,world,10.6,1.049253105294934,1.499943935671995,1.824355630874635,-0.7131443953420571,3.324593534369095e-12,0.9978668557568255,-2.1750003989656085e-13,-0.06528198972141477,0.09922423274720363,-6.66328049811119e-13,-0.012431879814765134,3.5280384751524244e-10,0.13111128039335626,2.6848484224024744e-09,0.1,-0.0,1
25,1061,world,10.61,1.050253105294934,1.5009360936713565,1.8243556308746351,-0.7132693847472253,-2.7020357472125946e-11,0.9978238453148692,1.785503433283649e-12,-0.06593613365255807,0.09920730234680139,5.4157606535619644e-12,-0.012566270770214112,8.41769776878822e-11,0.13111128039335573,6.34151770661901e-10,0.1,-0.0,1
25,1062,world,10.620000000000001,1.051253105294934,1.5019280804123194,1.824355630874635,-0.7133957261462159,-3.0586354019731846e-12,0.9977804060539438,2.0412837588155595e-13,-0.06659024924737228,0.09918997996116163,6.130771714248795e-13,-0.012702278350924226,-3.781416701238832e-10,0.13111128039335349,-2.820396712642652e-09,0.1,-0.0,1
25,1063,world,10.63,1.052253105294934,1.5029198919418414,1.8243556308746351,-0.7135234356973638,1.3739215417062382e-12,0.9977365379927173,-9.259803422934623e-14,-0.06724433622474847,0.09917225894060283,-2.754029934991477e-13,-0.01283990095826369,-4.113338472179701e-11,0.13111128039335487,-3.037717690415868e-10,0.1,-0.0,1
25,1064,world,10.64,1.053253105294934,1.5039115242400372,1.8243556308746351,-0.7136525295426082,0.0,0.9976922411500423,-0.0,-0.06789839430359004,0.09915413256653868,-0.0,-0.012979136911877995,4.740835775809381e-10,0.13111128039335487,3.4669364423352027e-09,0.1,-0.0,1
25,1065,world,10.65,1.054253105294934,1.5049029732194872,1.8243556308746351,-0.7137830238067201,-3.353587703296037e-11,0.9976475155449557,2.3043866686574167e-12,-0.0685524232028128,0.09913559405115233,6.722884466208043e-12,-0.013119984455979098,-2.3914104954280273e-10,0.1311112803933549,-1.7319008218306646e-09,0.1,-0.0,1
25,1066,world,10.66,1.055253105294934,1.5058942347245539,1.8243556308746351,-0.7139149345965032,1.7441408059565488e-11,0.9976023611966782,-1.2099585010830569e-12,-0.06920642264134509,0.09911663653882358,-3.4966123259621804e-12,-0.013262441752209229,-6.575979605889142e-10,0.13111128039335487,-4.716788551620039e-09,0.1,-0.0,1
25,1067,world,10.67,1.056253105294934,1.506885304530571,1.824355630874635,-0.7140482780009707,1.3974882625971955e-11,0.9975567781246153,-9.786819202061789e-13,-0.0698603923381279,0.09909725310645347,-2.80178167938469e-12,-0.013406506881193898,7.084835378554479e-11,0.1311112803933507,5.033512748432742e-10,0.1,-0.0,1
25,1068,world,10.68,1.057253105294934,1.5078761783435537,1.824355630874635,-0.7141830700876752,1.2369332315502575e-11,0.9975107663483564,-8.743917710848365e-13,-0.070514332012115,0.0990774367646694,-2.4800062579381824e-12,-0.013552177837636814,2.7829819932933665e-10,0.1311112803933521,1.9585963236174606e-09,0.1,-0.0,1
25,1069,world,10.69,1.058253105294934,1.5088668517992203,1.8243556308746354,-0.7143193269042674,-5.758937490426365e-12,0.9974643258876753,4.1089535012627574e-13,-0.07116824138227315,0.09905718045892963,1.1547008713259602e-12,-0.01369945252654469,-1.0756568981134815e-10,0.13111128039335349,-7.499605144499921e-10,0.1,-0.0,1
25,1070,world,10.700000000000001,1.059253105294934,1.5098573204623889,1.824355630874635,-0.7144570644772311,1.992495919564562e-11,0.99741745676253,-1.4347581386121057e-12,-0.07182212016758202,0.09903647707064156,-3.995263137498822e-12,-0.013848328759683956,4.1281073123736685e-10,0.13111128039335349,2.851556492710775e-09,0.1,-0.0,1
25,1071,world,10.71,1.060253105294934,1.5108475798263672,1.8243556308746351,-0.7145962988107448,-3.4495434462310234e-11,0.9973701589930628,2.506682182834564e-12,-0.07247596808703449,0.09901531941638875,6.917204098507504e-12,-0.01399880426574045,2.3501653207703633e-10,0.1565110643501542,1.605687146466665e-09,0.1,-0.0,1
25,1072,world,10.72,1.061253105294934,1.5118376252145118,1.824355630874635,-0.7147370465715852,3.73849808898702e-12,0.9973038256213576,-2.75084255136206e-13,-0.07338310024116541,0.0989936652457252,-7.497119576419076e-13,-0.014151121553336294,-2.336225522974231e-10,0.18668606716113278,-1.578393311118846e-09,0.1,-0.0,1
25,1073,world,10.73,1.062253105294934,1.5128274512329833,1.8243556308746351,-0.7148793288609716,-1.8578959886885338e-11,0.9972331185360371,1.3849508474085903e-12,-0.07433779183490842,0.09897144261398537,3.7260500505513885e-12,-0.014305717280395406,2.8106248225467374e-10,0.19146128601530898,1.874735030301341e-09,0.1,-0.0,1
25,1074,world,10.74,1.063253105294934,1.5138170521308485,1.824355630874635,-0.715023168540842,-1.5165080434325493e-11,0.9971614975508541,1.1450658062579724e-12,-0.07529241530285767,0.098948639198364,3.041602252343256e-12,-0.014462600070249632,-3.433399332026996e-10,0.19146128601530757,-2.2606091457694388e-09,0.1,-0.0,1
25,1075,world,10.75,1.064253105294934,1.5148064220435216,1.8243556308746354,-0.7151685884851697,4.222486287055891e-12,0.9970889627314445,-3.2289173415591184e-13,-0.07624696977016232,0.09892524372283924,-8.469480648554056e-13,-0.014621769878399008,-3.324230015876926e-10,0.19146128601531034,-2.1608536714221675e-09,0.1,-0.0,1
25,1076,world,10.76,1.065253105294934,1.5157955549935223,1.8243556308746354,-0.7153156115622143,6.634616537109511e-12,0.9970155141442819,-5.137352814804226e-13,-0.07720145436203475,0.09890124474142648,-1.3308699258452642e-12,-0.0147832265962632,3.292371716048149e-10,0.19146128601531176,2.1132141998518185e-09,0.1,-0.0,1
25,1077,world,10.77,1.066253105294934,1.516784444888162,1.8243556308746351,-0.7154642606382166,-1.7099785550190166e-11,0.996941151856677,1.340549121965833e-12,-0.07815586820375137,0.09887663063557853,3.430379213997698e-12,-0.014946970066049368,3.145975715687753e-10,0.19146128601531312,1.9941413713368012e-09,0.1,-0.0,1
25,1078,world,10.78,1.0672531052949341,1.5177730855165308,1.824355630874635,-0.7156145585853462,-1.3491139678326368e-11,0.9968658759367782,1.0706424249539794e-12,-0.07911021042065339,0.09885138961471851,2.70665081158308e-12,-0.015113000074079308,-4.448625216304614e-10,0.19146128601531176,-2.7851991088201313e-09,0.1,-0.0,1
25,1079,world,10.790000000000001,1.068253105294934,1.518761470550744,1.8243556308746351,-0.7157665282615024,1.1017277488853486e-11,0.9967896864535709,-8.849335087134838e-13,-0.08006448013814771,0.09882550971979587,-2.210499649947045e-12,-0.015281316324928771,-4.4061558964347515e-10,0.19146128601531034,-2.725100385606461e-09,0.1,-0.0,1
25,1080,world,10.8,1.0692531052949341,1.519749593541027,1.8243556308746351,-0.7159201925308111,1.4025085852963933e-11,0.996712583476878,-1.1400416852225078e-12,-0.08101867648170763,0.09879897881849138,-2.8141984222653544e-12,-0.015451918470639554,3.535601124848597e-10,0.19146128601531034,2.1604239667638175e-09,0.1,-0.0,1
25,1081,world,10.81,1.070253105294934,1.520737447916003,1.8243556308746351,-0.7160755742497804,-1.0802383029007704e-11,0.9966345670773593,8.884917274983046e-13,-0.08197279857687378,0.09877178461011346,2.1677153009237553e-12,-0.015624806076663956,8.06380222928934e-10,0.19146128601531176,4.868868802337821e-09,0.1,-0.0,1
25,1082,world,10.82,1.0712531052949341,1.5217250269808886,1.8243556308746351,-0.7162326962673737,-3.515903915219823e-11,0.9965556373265118,2.9257053999076064e-12,-0.08292684554925471,0.09874391462631688,7.055919500589348e-12,-0.01579997861614521,-1.1310546810033235e-10,0.19146128601531037,-6.749044421128044e-10,0.1,-0.0,1
25,1083,world,10.83,1.072253105294934,1.5227123239138287,1.8243556308746354,-0.71639158143655,-3.981619596750548e-12,0.9964757942966695,3.3516268511191245e-13,-0.0838808165245279,0.09871535622776881,7.991177967351157e-13,-0.01597743548961184,-5.232449136130305e-11,0.19146128601531037,-3.085963783126191e-10,0.1,-0.0,1
25,1084,world,10.84,1.0732531052949341,1.5236993317678722,1.824355630874635,-0.7165522525904516,-3.203464937107786e-11,0.9963950380610036,2.7274826807322533e-12,-0.08483471062844045,0.09868609661021688,6.429924941528277e-12,-0.0161571759858876,-9.090712482532922e-10,0.19146128601530896,-5.29988187049891e-09,0.1,-0.0,1
25,1085,world,10.85,1.074253105294934,1.5246860434655334,1.8243556308746351,-0.7167147325649206,4.9593573027342004e-11,0.9963133686935218,-4.270302609316098e-12,-0.08578852698680992,0.09865612280184051,-9.955124461826938e-12,-0.01633919929825713,-1.15808293830514e-09,0.19146128601531176,-6.674895268903143e-09,0.1,-0.0,1
25,1086,world,10.86,1.0752531052949341,1.5256724517993734,1.8243556308746354,-0.7168790441835022,3.5461371745222164e-11,0.9962307862690688,-3.0876376617250313e-12,-0.0867422647255251,0.09862542166470106,-7.118896386628036e-12,-0.016523504515081357,8.603009791545698e-10,0.19146128601531567,4.902804524075831e-09,0.1,-0.0,1
25,1087,world,10.870000000000001,1.076253105294934,1.526658549430323,1.824355630874635,-0.7170452102566799,0.0,0.9961472908633261,-0.0,-0.08769592297054682,0.09859397989860813,-0.0,-0.016710090596787863,3.1095010996041126e-10,0.19146128601531176,1.7523703791600637e-09,0.1,-0.0,1
25,1088,world,10.88,1.0772531052949341,1.5276443288837211,1.824355630874635,-0.7172132535944374,1.7728027578418443e-11,0.9960628825528118,-1.5777927512136067e-12,-0.08864950084790883,0.09856178403813977,-3.5595138746101038e-12,-0.016898956394378262,7.395791622648728e-11,0.1914612860153076,4.122032362013085e-10,0.1,-0.0,1
25,1089,world,10.89,1.078253105294934,1.5286297825517727,1.8243556308746347,-0.7173831969808808,-4.171006899207663e-12,0.9959775614148809,3.7524411710977756e-13,-0.08960299748371837,0.09852882045640016,8.375456090865313e-13,-0.01709010062786244,8.597447425489769e-10,0.19146128601531176,4.73955106560316e-09,0.1,-0.0,1
25,1090,world,10.9,1.0792531052949341,1.5296149026880352,1.8243556308746347,-0.7175550631959245,-3.024606485389666e-11,0.9958913275277245,2.7502750899672656e-12,-0.09055641200415747,0.09849507536779877,6.073991831632937e-12,-0.017283521871761083,-2.6011274595827284e-10,0.19146128601531315,-1.4184648933597472e-09,0.1,-0.0,1
25,1091,world,10.91,1.080253105294934,1.5305996814075336,1.824355630874635,-0.7177288750037324,1.0190371290362598e-11,0.9958041809703704,-9.364474272479235e-13,-0.0915097435354829,0.0984605348262041,-2.046602865024993e-12,-0.017479218567712115,-4.879688810736768e-10,0.19146128601531034,-2.632604727478656e-09,0.1,-0.0,1
25,1092,world,10.92,1.0812531052949341,1.5315841106861308,1.8243556308746347,-0.7179046551460125,-3.5809907164627336e-12,0.9957161218226829,3.325336467505381e-13,-0.09246299120402802,0.09842518472855732,7.192593011882831e-13,-0.017677189005873346,-2.909986424211054e-10,0.19146128601530898,-1.5533429494819306e-09,0.1,-0.0,1
25,1093,world,10.93,1.082253105294934,1.5325681823561583,1.8243556308746351,-0.7180824263562795,2.592309621352899e-11,0.9956271501653625,-2.4322719113961763e-12,-0.09341615413620259,0.09838901081451007,-5.207249163506484e-12,-0.017877431329534465,2.163296931437222e-11,0.19146128601531176,1.1426696407294465e-10,0.1,-0.0,1
25,1094,world,10.94,1.0832531052949341,1.5335518881081034,1.8243556308746351,-0.7182622113401007,-4.7381238465164636e-12,0.995537266079946,4.491374870491462e-13,-0.09436923145849446,0.09835199867317,9.518479108173838e-13,-0.01807994350081795,8.236732950901393e-10,0.19146128601531173,4.305584036571893e-09,0.1,-0.0,1
25,1095,world,10.950000000000001,1.084253105294934,1.5345352194873572,1.824355630874635,-0.7184440327831918,-1.7718589052271247e-11,0.9954464696488063,1.6967012651458583e-12,-0.09532222229746945,0.09831413373954322,3.5598395171095787e-12,-0.018284723324218304,-6.476882375105119e-10,0.19146128601530757,-3.3508814993884058e-09,0.1,-0.0,1
25,1096,world,10.96,1.0852531052949341,1.5355181678912295,1.824355630874635,-0.718627913357452,2.923321648780208e-11,0.9953547609551526,-2.827566315762357e-12,-0.09627512577977312,0.09827540129846252,-5.873790856183547e-12,-0.01849176842884834,1.0195668660483208e-10,0.19146128601531176,5.22116361480643e-10,0.1,-0.0,1
25,1097,world,10.97,1.086253105294934,1.5365007245717495,1.824355630874635,-0.718813875696112,-2.3009881084824437e-11,0.9952621400830298,2.2478533756795078e-12,-0.0972279410321307,0.09823578648995654,4.6237814366100715e-12,-0.018701076244421747,2.8963209171170337e-10,0.19146128601531176,1.4682448657967008e-09,0.1,-0.0,1
25,1098,world,10.98,1.0872531052949341,1.5374828806301624,1.8243556308746351,-0.7190019424136231,1.4334669479829362e-11,0.9951686071173192,-1.4142200661157372e-12,-0.09818066718134857,0.09819527430610782,-2.8807933206265723e-12,-0.01891264402319898,-6.640729187820726e-10,0.1914612860153076,-3.3327953953028004e-09,0.1,-0.0,1
25,1099,world,10.99,1.088253105294934,1.538464627016078,1.824355630874635,-0.719192136100239,1.081015939747921e-11,0.9950741621437377,-1.0769517003135707e-12,-0.09913330335431447,0.09815384959591905,-2.172693430342119e-12,-0.019126468819458065,5.396099963390283e-10,0.19146128601531176,2.6813529180569373e-09,0.1,-0.0,1
25,1100,world,11.0,1.0892531052949341,1.5394459545290868,1.824355630874635,-0.7193844793043633,-1.288182303070141e-11,0.9949788052488379,1.2957946277308905e-12,-0.10008584867799901,0.0981114970713259,2.589321935124489e-12,-0.019342547464675182,5.924409637768863e-10,0.1914612860153134,2.9150058418603626e-09,0.1,-0.0,1
25,1101,world,11.01,1.090253105294934,1.540426853813768,1.8243556308746351,-0.719578994549158,-1.8785680535086593e-11,0.9948825365200081,1.907836552311612e-12,-0.10103830227945558,0.09806820130421774,3.776403980221511e-12,-0.01956087658964765,2.372469318782424e-10,0.19146128601531315,1.155989233761181e-09,0.1,-0.0,1
25,1102,world,11.02,1.0912531052949341,1.5414073153590888,1.824355630874635,-0.7197757043261753,-2.461860977635254e-11,0.9947853560454728,2.524030259398231e-12,-0.10199066328582196,0.09802394673200585,4.949464859628291e-12,-0.01978145260290262,-8.469394129391719e-10,0.19146128601531037,-4.086976064659776e-09,0.1,-0.0,1
25,1103,world,11.03,1.092253105294934,1.5423873294997952,1.824355630874635,-0.71997463107959,2.2734325641324995e-11,0.9946872639142914,-2.3528381198154723e-12,-0.10294293082432064,0.09797871766226643,-4.571096687932944e-12,-0.02000427167526685,-1.4225319931505065e-10,0.19146128601531037,-6.799005065866365e-10,0.1,-0.0,1
25,1104,world,11.040000000000001,1.0932531052949341,1.5433668864117465,1.8243556308746351,-0.7201757972207529,-1.7705100679933282e-11,0.994588260216359,1.8494821932304928e-12,-0.10389510402225986,0.09793249827327806,3.560251967702854e-12,-0.02022932974555489,7.359322219727211e-10,0.19146128601531176,3.4841032080679874e-09,0.1,-0.0,1
25,1105,world,11.05,1.094253105294934,1.544345976110999,1.824355630874635,-0.720379225123731,-1.2683720233446672e-11,0.9944883450424061,1.337222633600376e-12,-0.10484718200703423,0.09788527261792034,2.5507821713101963e-12,-0.020456622509970143,-4.91725891199643e-10,0.19146128601531176,-2.3061192060664653e-09,0.1,-0.0,1
25,1106,world,11.06,1.0952531052949341,1.545324588455936,1.824355630874635,-0.7205849371066685,5.74572850247967e-12,0.9943875184839986,-6.113243180291655e-13,-0.1057991639061257,0.0978370246292251,-1.1556240515906572e-12,-0.020686145404603628,9.921448761689266e-11,0.19146128601531037,4.609716310194027e-10,0.1,-0.0,1
25,1107,world,11.07,1.096253105294934,1.546302713142407,1.8243556308746347,-0.7207929554469881,-1.7369466598220637e-11,0.9942857806335376,1.8648650251171582e-12,-0.10675104884710417,0.09778773812172072,3.4938403866160135e-12,-0.0209178936090078,7.633750895139155e-10,0.19146128601531037,3.514081361494277e-09,0.1,-0.0,1
25,1108,world,11.08,1.0972531052949341,1.547280339702334,1.824355630874635,-0.7210033023795213,-3.00066615451652e-11,0.9941831315842591,3.250711507129515e-12,-0.10770283595762854,0.09773739679388926,6.036423583347222e-12,-0.021151862044601365,-7.553392540825209e-10,0.19146128601531315,-3.4452779872071974e-09,0.1,-0.0,1
25,1109,world,11.09,1.098253105294934,1.5482574575070034,1.8243556308746347,-0.7212160000732271,1.7696356014807965e-11,0.9940795714302344,-1.9342406795707137e-12,-0.10865452436544722,0.09768598423951705,-3.560341437163559e-12,-0.021388045332774788,-2.9410675309626207e-10,0.1914612860153076,-1.3293172577982122e-09,0.1,-0.0,1
25,1110,world,11.1,1.0992531052949341,1.5492340557617246,1.824355630874635,-0.7214310706484154,-1.646778170832839e-11,0.9939751002663697,1.8159102230688318e-12,-0.10960611319839914,0.09763348394327385,3.3135153640324663e-12,-0.021626437827309636,2.931098618273622e-10,0.19146128601531037,1.312888837287014e-09,0.1,-0.0,1
25,1111,world,11.11,1.100253105294934,1.5502101235048227,1.8243556308746347,-0.7216485361733816,4.322991574837122e-12,0.9938697181884062,-4.808875564241924e-13,-0.11055760158441454,0.09757987928772968,-8.699306963750626e-13,-0.021867033593793755,-6.32210327961151e-10,0.19134816381915706,-2.8065135541437385e-09,0.1,-0.0,1
25,1112,world,11.120000000000001,1.101253105294934,1.5511856496640595,1.8243556308746347,-0.7218684184076612,1.2124692783576087e-11,0.9937635514337007,-1.360483183223875e-12,-0.11150786448443291,0.09752520328565129,-2.4401561082230054e-12,-0.02210960705422858,-2.532461572838248e-10,0.19100082265090457,-1.1142750797708282e-09,0.1,-0.0,1
25,1113,world,11.13,1.102253105294934,1.5521606264503598,1.824355630874635,-0.7220907239509603,1.5676483759810012e-11,0.9936567395051457,-1.774163908856075e-12,-0.11245569810375623,0.09747012276416733,-3.155311714904057e-12,-0.02235117823154188,6.704910344849109e-10,0.1907666036788127,2.9242830597322984e-09,0.1,-0.0,1
25,1114,world,11.14,1.1032531052949341,1.5531350515196116,1.8243556308746347,-0.7223154355003769,-1.768601596735987e-11,0.9935490235503143,2.0186773030611027e-12,-0.11340342941118245,0.09741486226231288,3.560169167435821e-12,-0.022590808095652764,3.555150762609673e-10,0.1907666036788085,1.537078415805802e-09,0.1,-0.0,1
25,1115,world,11.15,1.104253105294934,1.5541089231404965,1.824355630874635,-0.7225425336501261,0.0,0.9934404036672063,-0.0,-0.11435105754446825,0.09735943534701082,-0.0,-0.022828498612725786,-3.545630500506766e-10,0.19076660367880993,-1.5197512339779564e-09,0.1,-0.0,1
25,1116,world,11.16,1.105253105294934,1.555082239716728,1.8243556308746347,-0.7227719990146614,-2.180582024611916e-12,0.9933308799546436,2.5310600894850437e-13,-0.11529858164146396,0.09730385543797349,4.3904386407637403e-13,-0.023064251925999226,-0.0,0.19076660367881126,-0.0,0.1,-0.0,1
25,1117,world,11.17,1.106253105294934,1.5560549997837496,1.8243556308746347,-0.7230038122380552,0.0,0.9932204525122709,-0.0,-0.1162460008401148,0.09724813581371211,-0.0,-0.023298070322621264,-2.7861770911995495e-10,0.19076660367880852,-1.1739677402498084e-09,0.1,-0.0,1
25,1118,world,11.18,1.1072531052949341,1.5570272020106894,1.8243556308746347,-0.7232379539811162,9.80252386819073e-12,0.9931091214405544,-1.1567613624780874e-12,-0.11719331427846107,0.09719228960927745,-1.974101438992208e-12,-0.023529956236813098,7.453985292624272e-10,0.19076660367881126,3.114313906365191e-09,0.1,-0.0,1
25,1119,world,11.19,1.108253105294934,1.557998845197502,1.8243556308746347,-0.7234744049289993,-3.179847936725024e-11,0.9929968868407831,3.783182980981935e-12,-0.1181405210946398,0.09713632981245215,6.404517674589727e-12,-0.02375991225923446,-1.8603850685364144e-10,0.1907666036788113,-7.707802990700738e-10,0.1,-0.0,1
25,1120,world,11.200000000000001,1.109253105294934,1.5589699282712983,1.824355630874635,-0.723713145801673,1.7673008691847186e-11,0.9928837488150677,-2.1197210181025245e-12,-0.1190876204268844,0.09708026927257883,-3.559913328778556e-12,-0.02398794109471652,-1.3454774970760007e-09,0.19076660367880713,-5.528217795180162e-09,0.1,-0.0,1
25,1121,world,11.21,1.110253105294934,1.5599404502890628,1.824355630874635,-0.7239541573381764,2.469334600888164e-11,0.9927697074663407,-2.9856432668966807e-12,-0.12003461141352668,0.09702412068807408,-4.9745990272016305e-12,-0.024214045607994488,3.318801231282548e-11,0.19076660367880988,1.3523760858570811e-10,0.1,-0.0,1
25,1122,world,11.22,1.1112531052949342,1.5609104104338456,1.8243556308746347,-0.7241974203077569,1.6286658603129628e-11,0.9926547628983569,-1.9849643104295905e-12,-0.12098149319299653,0.09696789661745407,-3.2814039389930097e-12,-0.02443822877351677,1.8212174958818108e-10,0.19076660367880988,7.360574909371548e-10,0.1,-0.0,1
25,1123,world,11.23,1.112253105294934,1.5618798080112295,1.8243556308746345,-0.7244429155192716,1.716164510096257e-11,0.9925389152156923,-2.1082192123427666e-12,-0.12192826490382362,0.09691160947537063,-3.458092056961908e-12,-0.024660493687135646,6.949492581320379e-10,0.1907666036788085,2.785880105661467e-09,0.1,-0.0,1
25,1124,world,11.24,1.113253105294934,1.5628486424535168,1.824355630874635,-0.724690623800046,-1.2212071942518439e-11,0.9924221645237449,1.5120152350814357e-12,-0.1228749256846373,0.09685527152922403,2.461032204018171e-12,-0.024880843574933018,-8.254225800855896e-10,0.1907666036788099,-3.2822403163619106e-09,0.1,-0.0,1
25,1125,world,11.25,1.114253105294934,1.5638169133133224,1.8243556308746345,-0.7249405260167934,5.074150758907889e-11,0.9923045109287342,-6.331613156721285e-12,-0.12382147467416836,0.09679889490668701,-1.0226852782831096e-11,-0.02509928175952781,-4.949178556585317e-10,0.19076660367880852,-1.952255921177218e-09,0.1,-0.0,1
25,1126,world,11.26,1.1152531052949342,1.5647846202625681,1.824355630874635,-0.7251926030747643,7.77357299402229e-12,0.9921859545377011,-9.775309347223434e-13,-0.12476791101124876,0.0967424915897152,-1.5669329334624088e-12,-0.025315811679934103,6.209146510258176e-10,0.19076660367880713,2.4297949247348304e-09,0.1,-0.0,1
25,1127,world,11.27,1.116253105294934,1.5657517630953548,1.8243556308746347,-0.7254468359022904,2.5849561432617116e-11,0.9920664954585081,-3.275645156190357e-12,-0.1257142338348135,0.09668607341882206,-5.211159899108609e-12,-0.0255304368715099,1.0363669890983158e-10,0.19076660367881684,4.0235506374579203e-10,0.1,-0.0,1
25,1128,world,11.28,1.117253105294934,1.5667183417206412,1.8243556308746347,-0.7257032054744134,3.650280773480888e-12,0.9919461337998384,-4.66100084949575e-13,-0.1266604422839004,0.09662965209163074,-7.359687830042493e-13,-0.025743160968505915,1.6435838173859718e-09,0.19076660367880988,6.330961347263776e-09,0.1,-0.0,1
25,1129,world,11.290000000000001,1.118253105294934,1.5676843561649214,1.8243556308746347,-0.7259616927981198,-3.90302602585515e-11,0.9918248696711969,5.021568266196567e-12,-0.12760653549765147,0.09657323916416641,7.870220310343728e-12,-0.02595398769631975,5.298160414507104e-10,0.19076660367880435,2.024921344905891e-09,0.1,-0.0,1
25,1130,world,11.3,1.1192531052949342,1.5686498065703893,1.824355630874635,-0.7262222789149819,-1.7107798776092337e-11,0.9917027031829094,2.2176510267898594e-12,-0.1285525126153137,0.09651684605057735,3.4501050554171017e-12,-0.02616292086998608,-8.27815375632013e-10,0.19076660367881546,-3.139386394236708e-09,0.1,-0.0,1
25,1131,world,11.31,1.120253105294934,1.5696146931895822,1.8243556308746351,-0.7264849449165923,-6.827067762024731e-12,0.9915796344461226,8.916017789223403e-13,-0.1294983727762397,0.09646048402776311,1.3769734711957692e-12,-0.026369964374827318,1.7944131564581066e-10,0.19076660367881268,6.752810733756405e-10,0.1,-0.0,1
25,1132,world,11.32,1.121253105294934,1.5705790163912476,1.824355630874635,-0.726749671918508,-2.4030989888820395e-11,0.9914556635728041,3.1617159764925473e-12,-0.13044411511988813,0.09640416422680827,4.847486740506434e-12,-0.02657512219596708,-5.506121813001842e-10,0.1907666036788099,-2.0562744030660456e-09,0.1,-0.0,1
25,1133,world,11.33,1.122253105294934,1.5715427766517451,1.824355630874635,-0.7270164410875587,1.4277264762681009e-11,0.9913307906757425,-1.8922907523794616e-12,-0.1313897387858254,0.09634789764644767,-2.880341838134934e-12,-0.02677839836714746,-1.6779128893501101e-10,0.1907666036788127,-6.218701565323187e-10,0.1,-0.0,1
25,1134,world,11.34,1.1232531052949342,1.572505974557551,1.824355630874635,-0.7272852336282125,-1.764047779089629e-11,0.9912050158685464,2.3551706016407332e-12,-0.1323352429137253,0.09629169514131646,3.559293974874519e-12,-0.026979797012056547,3.8270244238213416e-10,0.1907666036788071,1.4076937597570717e-09,0.1,-0.0,1
25,1135,world,11.35,1.124253105294934,1.5734686108042948,1.8243556308746351,-0.7275560307819043,-1.8409572195404139e-13,0.9910783392656458,2.4757269140377968e-14,-0.13328062664337098,0.09623556743281791,3.714943033261043e-14,-0.02717932230361085,-5.858750868923179e-10,0.19076660367880993,-2.1388971220133424e-09,0.1,-0.0,1
25,1136,world,11.36,1.125253105294934,1.5744306861908046,1.824355630874635,-0.7278288138439345,4.3402086316908796e-12,0.9909507609822905,-5.87888304313253e-13,-0.13422588911465455,0.09617952510562779,-8.759402218956383e-13,-0.02737697847564472,-3.14413407195818e-10,0.19076660367880993,-1.1393175376438938e-09,0.1,-0.0,1
25,1137,world,11.370000000000001,1.126253105294934,1.5753922016254476,1.8243556308746347,-0.7281035641367535,1.1526526229166413e-11,0.9908222811345508,-1.5724842348089014e-12,-0.13517102946757892,0.09612357860541813,-2.3265809285565787e-12,-0.02757276982981587,-1.314153881257414e-10,0.19076660367881265,-4.726824100208635e-10,0.1,-0.0,1
25,1138,world,11.38,1.1272531052949342,1.576353158116892,1.8243556308746351,-0.7283802630383651,9.199519704665003e-12,0.9906928998393177,-1.2639661142716889e-12,-0.13611604684225773,0.0960677382486895,-1.8571252460686754e-12,-0.02776670070032238,-3.1179997163253226e-10,0.19076660367880965,-1.1132664202998668e-09,0.1,-0.0,1
25,1139,world,11.39,1.128253105294934,1.5773135567779333,1.824355630874635,-0.7286588919646225,2.2975453508899882e-11,0.9905626172143016,-3.1790390721767223e-12,-0.13706094037891672,0.09601201421429381,-4.638706716394226e-12,-0.027958775483097345,3.138534204824861e-10,0.19076660367880158,1.1124224582767e-09,0.1,-0.0,1
25,1140,world,11.4,1.129253105294934,1.5782733988227418,1.8243556308746351,-0.7289394323747524,-2.2507964941901173e-12,0.9904314333780335,3.136236957125096e-13,-0.1380057092178943,0.09595641655093674,4.5449205997478863e-13,-0.02814899860924209,-1.0782171579437173e-10,0.19076660367880993,-3.7939245890494705e-10,0.1,-0.0,1
25,1141,world,11.41,1.130253105294934,1.57923268556318,1.824355630874635,-0.7292218657797712,2.687524612069708e-11,0.990299348449864,-3.770905158961195e-12,-0.13895035249964227,0.0959009551753441,-5.427505047517151e-12,-0.028337374551229078,-1.3061127574751836e-09,0.19076660367881268,-4.56270238900408e-09,0.1,-0.0,1
25,1142,world,11.42,1.1312531052949342,1.5801914184130406,1.824355630874635,-0.7295061737239812,4.4742726233877966e-11,0.9901663625499637,-6.321440596497987e-12,-0.13989486936472664,0.09584563987379928,-9.037085948346002e-12,-0.028523907817513044,4.0281977683930763e-10,0.19076660367880993,1.3971094436445192e-09,0.1,-0.0,1
25,1143,world,11.43,1.132253105294934,1.5811495988798792,1.8243556308746351,-0.7297923378086263,1.2472727109110185e-11,0.9900324757993227,-1.7743353739604737e-12,-0.14083925895382846,0.09579048030536966,-2.5195677702628516e-12,-0.02870860294174188,7.638193145313917e-10,0.19076660367880716,2.6303124103534617e-09,0.1,-0.0,1
25,1144,world,11.44,1.133253105294934,1.582107228569729,1.8243556308746351,-0.7300803396719139,1.761758932540611e-11,0.9898976883197509,-2.5233757641093987e-12,-0.14178352040774453,0.09573548599997483,-3.5593461848181746e-12,-0.02889146448951011,-9.745867049832985e-11,0.19076660367880716,-3.33236714725487e-10,0.1,-0.0,1
25,1145,world,11.450000000000001,1.134253105294934,1.5830643091824173,1.824355630874635,-0.7303701610007769,1.59057292586224e-11,0.9897620002338776,-2.293669997121412e-12,-0.1427276528673884,0.09568066636143814,-3.2139338046746856e-12,-0.029072497048433257,5.028348053032631e-10,0.1907666036788099,1.7072286870170445e-09,0.1,-0.0,1
25,1146,world,11.46,1.1352531052949342,1.5840208425100089,1.824355630874635,-0.730661783531968,0.0,0.9896254116651515,-0.0,-0.14367165547379074,0.09562603066945616,-0.0,-0.029251705222161545,9.042501728343995e-10,0.1907666036788099,3.0486464202884023e-09,0.1,-0.0,1
25,1147,world,11.47,1.136253105294934,1.584976830439423,1.824355630874635,-0.7309551890395666,-1.5563614989803062e-11,0.9894879227378404,2.274651703960985e-12,-0.14461552736810052,0.09557158807732549,3.1456791051675623e-12,-0.02942909363840512,3.7278197510474887e-10,0.19076660367880988,1.2480824550989593e-09,0.1,-0.0,1
25,1148,world,11.48,1.137253105294934,1.585932274945475,1.824355630874635,-0.7312503593538817,-1.2886915352809566e-11,0.9893495335770314,1.896003280838824e-12,-0.14555926769158556,0.09551734761888785,2.605037117202375e-12,-0.029604666926897547,-7.839186166234603e-10,0.1907666036788099,-2.606434660229792e-09,0.1,-0.0,1
25,1149,world,11.49,1.138253105294934,1.586887178094955,1.824355630874635,-0.7315472763442517,1.136476049115597e-11,0.9892102443086305,-1.6831306609243729e-12,-0.14650287558563344,0.09546331820587789,-2.29766492412885e-12,-0.029778429728971652,6.466635105264823e-10,0.1907666036788099,2.1353006867076493e-09,0.1,-0.0,1
25,1150,world,11.5,1.1392531052949342,1.5878415420428509,1.8243556308746351,-0.7318459219275361,-3.495012763549191e-11,0.989070055059363,5.210216134063306e-12,-0.14744635019175215,0.09540950862847714,7.067032756762841e-12,-0.02995038669654452,9.840117256084674e-10,0.19076660367880716,3.2270289827232057e-09,0.1,-0.0,1
25,1151,world,11.51,1.140253105294934,1.588795369029212,1.824355630874635,-0.7321462780742837,-2.200215755923073e-11,0.9889289659567724,3.3014437500297537e-12,-0.148389690651571,0.0953559275613974,4.449549082296196e-12,-0.03012054247362643,-8.936252254881782e-10,0.19076660367880993,-2.9106954801247757e-09,0.1,-0.0,1
25,1152,world,11.52,1.141253105294934,1.5897486613838083,1.824355630874635,-0.7324483267901281,-4.833707787349914e-12,0.9887869771292214,7.300172833130072e-13,-0.1493328961068414,0.09530258355964055,9.776737975614877e-13,-0.03028890171098533,-3.4888587316249323e-10,0.1497798407399584,-1.1303459570773677e-09,0.1,-0.0,1
25,1153,world,11.53,1.142253105294934,1.5907014229942125,1.8243556308746351,-0.7327520455146784,-1.0301163104245157e-11,0.9887055989160942,1.561478905088653e-12,-0.14987073987929567,0.09524997359036046,2.083690832011927e-12,-0.03045394114126508,9.08246275695764e-10,0.10460673383197919,2.9274713103166045e-09,0.1,-0.0,1
25,1154,world,11.540000000000001,1.1432531052949342,1.5916536656981735,1.8243556308746351,-0.7330573872883996,-3.5135701511976455e-11,0.9886302238991316,5.34401563020394e-12,-0.15036715197526695,0.09519881180820092,7.107652012351762e-12,-0.03061349751836185,1.0711360102075989e-09,0.10042178103531588,3.4397810823436146e-09,0.1,-0.0,1
25,1155,world,11.55,1.144253105294934,1.5926054041688806,1.8243556308746351,-0.7333642971530259,-4.5914211474711813e-11,0.9885545975434277,7.0069781605429515e-12,-0.1508635399152219,0.09514913155417176,9.28870841594125e-12,-0.03076756026218065,-1.299194243219804e-09,0.10042446215916126,-4.157441297038026e-09,0.1,-0.0,1
25,1156,world,11.56,1.145253105294934,1.5935566533586234,1.8243556308746351,-0.7336727201996923,7.924958251990492e-12,0.9884787200005408,-1.2135020052777328e-12,-0.15135990257030593,0.09510096005645943,-1.603378523406841e-12,-0.030916134886814522,-7.75100663556051e-10,0.10042694082523454,-2.471612621307704e-09,0.1,-0.0,1
25,1157,world,11.57,1.146253105294934,1.5945074284868217,1.8243556308746354,-0.7339826015751266,-2.0304571231797924e-11,0.9884025914241279,3.119554566833548e-12,-0.15185623881180704,0.09505432351342413,4.108317786098159e-12,-0.03105922699304192,7.571675034016379e-10,0.10042921700353197,2.40596272108345e-09,0.1,-0.0,1
25,1158,world,11.58,1.1472531052949342,1.5954577450297391,1.8243556308746351,-0.7342938864824128,-1.7004737768944203e-11,0.988326211969943,2.6213158039127844e-12,-0.15235254751117056,0.09500924709735359,3.4408961007755236e-12,-0.03119684224395172,-8.344056092001111e-11,0.10043129066652264,-2.642123543015451e-10,0.1,-0.0,1
25,1159,world,11.59,1.148253105294934,1.5964076187098555,1.8243556308746351,-0.7346065201826707,-1.7563236989439226e-11,0.9882495817958352,2.7164394815780405e-12,-0.15284882754001414,0.09496575496202715,3.5541676827127527e-12,-0.03132898633042915,-6.431868263883794e-10,0.1004331617891156,-2.029534058284731e-09,0.1,-0.0,1
25,1160,world,11.6,1.149253105294934,1.5973570654868028,1.8243556308746351,-0.7349204479918735,4.0362285344552015e-12,0.9881727010617471,-6.263437330833778e-13,-0.1533450777701421,0.09492387024778151,-8.168478679357463e-13,-0.03145566494579859,-1.4187497783509819e-09,0.10043483034864559,-4.461209289228585e-09,0.1,-0.0,1
25,1161,world,11.61,1.150253105294934,1.598306101546419,1.8243556308746351,-0.7352356152833041,2.86959168888204e-11,0.9880955699297131,-4.467803731986417e-12,-0.15384129707356037,0.09488361508673034,-5.807884733804892e-12,-0.03157688376127701,6.695487358842729e-10,0.1004362963249232,2.098074171472183e-09,0.1,-0.0,1
25,1162,world,11.620000000000001,1.1512531052949342,1.5992547432907225,1.824355630874635,-0.7355519674871217,-1.7723715159648948e-11,0.9880181885638567,2.7686065319958666e-12,-0.15433748432249111,0.09484501060918012,3.587446952658965e-12,-0.03169264839902959,2.2851782062319506e-09,0.10043755970020694,7.135999402001881e-09,0.1,-0.0,1
25,1163,world,11.63,1.152253105294934,1.600203007328073,1.824355630874635,-0.7358694500892909,-4.533461424568188e-11,0.9879405571303895,7.105005678708936e-12,-0.15483363838938757,0.09480807695520022,9.176855690027612e-12,-0.03180296439102553,-1.2902230743397532e-09,0.10043862045921613,-4.01513206257508e-09,0.1,-0.0,1
25,1164,world,11.64,1.153253105294934,1.601150910463261,1.8243556308746351,-0.736188008630679,2.394060043340796e-11,0.9878626757976082,-3.7643771409943136e-12,-0.15532975814694872,0.09477283327389582,-4.846549887935296e-12,-0.03190783717581538,-2.894818277917188e-09,0.10043947858909004,-8.977611703526494e-09,0.1,-0.0,1
25,1165,world,11.65,1.154253105294934,1.6020984696876568,1.8243556308746351,-0.7365075887059197,4.7848148729972885e-11,0.9877845447358935,-7.548182572933565e-12,-0.15582584246813372,0.09473929773086713,-9.687169247153135e-12,-0.03200727207154831,7.460539673516597e-10,0.10044013407944129,2.3057827947425657e-09,0.1,-0.0,1
25,1166,world,11.66,1.155253105294934,1.6030457021691944,1.8243556308746351,-0.7368281359627268,0.0,0.9877061641177072,-0.0,-0.1563218902261771,0.09470748752109215,-0.0,-0.03210127423393308,1.4958241673450524e-09,0.10044058692236357,4.607246674670324e-09,0.1,-0.0,1
25,1167,world,11.67,1.156253105294934,1.6039926252431547,1.824355630874635,-0.7371495960987984,0.0,0.9876275341175903,-0.0,-0.15681790029460313,0.09467741886625436,-0.0,-0.0321898486610892,5.505293822825868e-10,0.10044083711235306,1.6898894588008e-09,0.1,-0.0,1
25,1168,world,11.68,1.157253105294934,1.6049392564023741,1.824355630874635,-0.7374719148604183,-1.755173733684724e-11,0.987548654912161,2.795945029245454e-12,-0.1573138715472405,0.09464910702212075,3.5543216993865183e-12,-0.032273000169106295,-2.1914775813655203e-11,0.1004408846463649,-6.704027400760935e-11,0.1,-0.0,1
25,1169,world,11.69,1.158253105294934,1.6058856132872452,1.8243556308746351,-0.737795038041617,6.964743792273895e-13,0.987469526680112,-1.1130519121051567e-13,-0.15780980285823692,0.09462256628889393,-1.410514537269789e-13,-0.03235073335959906,-7.250263177322011e-10,0.10044072952383845,-2.2104338779697726e-09,0.1,-0.0,1
25,1170,world,11.700000000000001,1.159253105294934,1.606831713676378,1.8243556308746351,-0.7381189114813834,5.420752921334881e-12,0.9873901496022086,-8.690952089128402e-13,-0.15830569310207424,0.09459781000934103,-1.0979137784883748e-12,-0.032423052623659895,2.2049402851120895e-11,0.10044037174667493,6.699611609541263e-11,0.1,-0.0,1
25,1171,world,11.71,1.160253105294934,1.6077775754770902,1.8243556308746347,-0.7384434810613618,0.0,0.987310523861286,-0.0,-0.15880154115358275,0.09457485058307896,-0.0,-0.03248996209890511,-9.102920169546092e-10,0.10043981131917373,-2.756554414282464e-09,0.1,-0.0,1
25,1172,world,11.72,1.161253105294934,1.6087232167159515,1.8243556308746351,-0.7387686927033894,3.4078863292760884e-11,0.987230649642247,-5.498889722865197e-12,-0.15929734588795563,0.09455369946200459,-6.9034670268437046e-12,-0.03255146568203825,-9.269397743925194e-10,0.10043904824812938,-2.797527566334499e-09,0.1,-0.0,1
25,1173,world,11.73,1.162253105294934,1.6096686555292137,1.8243556308746347,-0.7390944923673398,2.9092273826259198e-11,0.9871505271320595,-4.709256261114675e-12,-0.1597931061807642,0.09453436716506591,-5.893823187673168e-12,-0.03260756698529516,1.9054549293455005e-09,0.1004380825427901,5.7314236786826585e-09,0.1,-0.0,1
25,1174,world,11.74,1.163253105294934,1.6106139101538455,1.8243556308746347,-0.7394208260472305,-2.554437719757362e-11,0.9870701565197543,4.148112547809178e-12,-0.16028882090797203,0.09451686326804143,5.1755003406462785e-12,-0.03265826936581853,-4.842926633271433e-10,0.10043691421482431,-1.451832886711186e-09,0.1,-0.0,1
25,1175,world,11.75,1.164253105294934,1.6115589989179817,1.8243556308746345,-0.7397476397690165,4.4193169066189175e-11,0.9869895379964216,-7.199241562006246e-12,-0.1607844889459497,0.09450119642125715,-8.954679058770648e-12,-0.032703575874068844,-1.0835232880152913e-09,0.10043554327838458,-3.2373958352630936e-09,0.1,-0.0,1
25,1176,world,11.76,1.165253105294934,1.6125039402314958,1.8243556308746347,-0.7400748795880202,8.151931041327566e-12,0.9869086717552098,-1.332184391454887e-12,-0.16128010917148966,0.09448737434700688,-1.6519369363663281e-12,-0.032743489261356805,2.533525233902041e-09,0.10043396975007712,7.544587240300461e-09,0.1,-0.0,1
25,1177,world,11.77,1.166253105294934,1.6134487525768597,1.824355630874635,-0.7404024915855377,-3.435187284840662e-11,0.9868275579913215,5.631477921533472e-12,-0.16177568046182056,0.09447540384242904,6.9618018966635145e-12,-0.03277801197159377,3.8078813131109846e-10,0.10043219364893115,1.1301867473456717e-09,0.1,-0.0,1
25,1178,world,11.78,1.167253105294934,1.6143934544999181,1.824355630874635,-0.7407304218656885,-3.6174555638707292e-12,0.9867461969020116,5.948934622389953e-13,-0.16227120169462184,0.09446529078525079,7.331838011517088e-13,-0.03280714612486151,-1.1521705999961045e-09,0.10043021499645173,-3.4083484529358473e-09,0.1,-0.0,1
25,1179,world,11.790000000000001,1.168253105294934,1.6153380646006905,1.8243556308746347,-0.7410586165521892,1.152247846808357e-12,0.9866645886865841,-1.9008237369043242e-13,-0.1627666717480386,0.09445704013364459,-2.3355763255925587e-13,-0.032830893518012265,8.532455065837818e-10,0.10042803381658638,2.5157380285333885e-09,0.1,-0.0,1
25,1180,world,11.8,1.169253105294934,1.6162826015241567,1.8243556308746351,-0.7413870217851787,-2.982537295186834e-11,0.9865827335463898,4.935574628147088e-12,-0.16326208950069582,0.09445065592981519,6.046061737833495e-12,-0.03284925561451382,-2.0876384691441045e-10,0.10042565013571125,-6.135001756895175e-10,0.1,-0.0,1
25,1181,world,11.81,1.170253105294934,1.6172270839512246,1.824355630874635,-0.741715583717517,7.545042250248565e-12,0.9865006316848228,-1.2524643860016825e-12,-0.16375745383171303,0.09444614130202761,-1.5296317097668688e-12,-0.03286223353878181,-4.025552155485006e-10,0.10042306398269772,-1.179116240042629e-09,0.1,-0.0,1
25,1182,world,11.82,1.171253105294934,1.6181715305895095,1.8243556308746347,-0.7420442485116304,-1.7530226235032855e-11,0.986418283307318,2.9190335932809444e-12,-0.16425276362071914,0.09444349846344587,3.5542759110991972e-12,-0.032869828079640145,1.1097273220347207e-09,0.10042027538884024,3.2398354228131487e-09,0.1,-0.0,1
25,1183,world,11.83,1.172253105294934,1.6191159601641536,1.824355630874635,-0.7423729623362364,-2.6234471723532906e-11,0.986335688621348,4.3819535914346695e-12,-0.1647480177478666,0.09444272871378677,5.3195414217284984e-12,-0.032872039685636754,-1.628335838705374e-09,0.07072730140688042,-4.74296115597475e-09,0.1,-0.0,1
25,1184,world,11.84,1.173253105294934,1.6200603907182995,1.8243556308746345,-0.7427016733466131,3.1931861208292584e-11,0.9863018650492862,-5.340325442760113e-12,-0.16495038951242177,0.09444350028684353,-6.4750287307815985e-12,-0.03286982284054765,-1.1496830524658776e-09,0.02311430849548969,-3.3430086104457476e-09,0.1,-0.0,1
25,1185,world,11.85,1.174253105294934,1.6210048308718426,1.824355630874635,-0.743030356775294,8.633908562900098e-12,0.9862975819080844,-1.44417639067007e-12,-0.16497599801869905,0.09444455792443815,-1.7507612449386032e-12,-0.03286678381675714,8.731251391110484e-10,0.005192844817111355,2.5369361598971703e-09,0.1,-0.0,1
25,1186,world,11.86,1.175253105294934,1.621949282426737,1.8243556308746347,-0.7433590074414156,5.4695118842492614e-12,0.9862932981017245,-9.150201557138736e-13,-0.16500160641527942,0.09444578054938946,-1.1090983698050712e-12,-0.03286327032443015,-8.017926634895225e-10,0.005192845111378743,-2.3292807626813503e-09,0.1,-0.0,1
25,1187,world,11.870000000000001,1.176253105294934,1.622893747032593,1.8243556308746347,-0.743687620600215,3.293023883330552e-11,0.9862890136302328,-5.509932199416845e-12,-0.1650272147020076,0.09444716810868348,-6.677569214114437e-12,-0.03285928234532956,3.690433226579323e-10,0.005192845377649084,1.071923615957248e-09,0.1,-0.0,1
25,1188,world,11.88,1.177253105294934,1.6238382263385023,1.8243556308746351,-0.7440161915066023,-5.711773829391793e-12,0.9862847284936349,9.55854193976849e-13,-0.16505282287872822,0.09444872054494527,1.1582346262831117e-12,-0.03285481985071345,-6.757631231707819e-11,0.005192845615908639,-1.9624911684436994e-10,0.1,-0.0,1
25,1189,world,11.89,1.178253105294934,1.6247827219928506,1.8243556308746347,-0.7443447154154567,3.497705545051124e-11,0.9862804426919569,-5.854275501090942e-12,-0.1650784309452858,0.09445043779155754,-7.092687323698726e-12,-0.03284988281536363,-6.862780886537409e-10,0.005192845826159757,-1.992691648896498e-09,0.1,-0.0,1
25,1190,world,11.9,1.179253105294934,1.6257272356434471,1.824355630874635,-0.7446731875810393,1.50746105821573e-11,0.9862761562252247,-2.523511367756803e-12,-0.16510403890152503,0.09445231977367745,-3.056861063388502e-12,-0.032844471214665376,6.533354018359051e-10,0.0051928460084195195,1.8967186480362484e-09,0.1,-0.0,1
25,1191,world,11.91,1.180253105294934,1.6266717689371784,1.8243556308746351,-0.74500160325775,1.519127050009927e-11,0.9862718690934641,-2.5434458894479603e-12,-0.16512964674729058,0.09445436641118848,-3.0805320068621336e-12,-0.03283858501612013,7.266853272837354e-10,0.005192846162657253,2.109307409571575e-09,0.1,-0.0,1
25,1192,world,11.92,1.181253105294934,1.6276163235202177,1.824355630874635,-0.7453299576992933,-6.928903337888389e-12,0.9862675812967011,1.1602782203877774e-12,-0.16515525448242685,0.09445657761541099,1.405070650014324e-12,-0.03283222418880334,2.242757262146391e-10,0.0051928462888868356,6.508824067049152e-10,0.1,-0.0,1
25,1193,world,11.93,1.182253105294934,1.628560901037728,1.824355630874635,-0.7456582461593055,8.401322612786003e-12,0.9862632928349617,-1.4070661679278235e-12,-0.16518086210677868,0.09445895329176586,-1.703661667843499e-12,-0.03282538869570316,-2.4147210338420078e-11,0.0051928463871276954,-7.006707859190828e-11,0.1,-0.0,1
25,1194,world,11.94,1.183253105294934,1.6295055031339245,1.824355630874635,-0.7459864638909456,-6.197913809410649e-12,0.9862590037082719,1.0382013807864137e-12,-0.16520646962019064,0.09446149333555226,1.2568494281397865e-12,-0.03281807850586958,5.390296506740129e-11,0.005192846457354852,1.563819031106155e-10,0.1,-0.0,1
25,1195,world,11.950000000000001,1.184253105294934,1.6304501314519702,1.824355630874635,-0.7463146061469571,6.769874845990021e-12,0.9862547139166578,-1.1341902514646781e-12,-0.16523207702250733,0.09446419763747968,-1.3728414616148197e-12,-0.03281029357849729,-2.3485259940423927e-10,0.005192846499573859,-6.812335267600866e-10,0.1,-0.0,1
25,1196,world,11.96,1.185253105294934,1.6313947876338137,1.824355630874635,-0.7466426681799138,9.088587901937255e-13,0.986250423460145,-1.5228981956581177e-13,-0.1652576843135734,0.09446706608340255,-1.8430545253060171e-13,-0.03280203386368074,-6.020166989127285e-11,0.005192846513790265,-1.7459668481325319e-10,0.1,-0.0,1
25,1197,world,11.97,1.186253105294934,1.6323394733203445,1.824355630874635,-0.7469706452415374,8.591256443161308e-12,0.98624613233876,-1.4397938774378952e-12,-0.16528329149323348,0.09447009854342088,-1.7422098925992797e-12,-0.03279329933380215,1.1898875376706703e-09,0.005192846500001295,3.450326501478362e-09,0.1,-0.0,1
25,1198,world,11.98,1.187253105294934,1.6332841901509605,1.8243556308746351,-0.7472985325837126,-3.508638942530931e-11,0.9862418405525286,5.881004183661923e-12,-0.1653088985613322,0.09447329488824088,7.11515701689493e-12,-0.032784089936423136,-4.5131857765817794e-10,0.005192846458206949,-1.3084716615641744e-09,0.1,-0.0,1
25,1199,world,11.99,1.188253105294934,1.6342289397639311,1.824355630874635,-0.7476263254572105,2.22418870143568e-11,0.9862375481014769,-3.7286669914145026e-12,-0.1653345055177142,0.09447665497912958,-4.510445610520203e-12,-0.03277440562320713,-5.800963769050935e-10,0.005192846388401748,-1.6815434965803198e-09,0.1,-0.0,1
25,1200,world,12.0,1.189253105294934,1.635173723795888,1.824355630874635,-0.7479540191129241,-1.7543047532753173e-11,0.986233254985631,2.9414140078192434e-12,-0.1653601123622241,0.09448017866881225,3.557581550184796e-12,-0.03276424634734205,1.7712429441175831e-09,0.0051928462905938754,5.133492570588221e-09,0.1,-0.0,1
25,1201,world,12.01,1.190253105294934,1.6361185438821138,1.824355630874635,-0.7482816088008104,-3.131521363882133e-11,0.986228961205017,5.251406448187037e-12,-0.1653857190947066,0.09448386580278464,6.350489457668883e-12,-0.03275361205976198,-1.1865089115364133e-09,0.00519284616478333,-3.4382121496397836e-09,0.1,-0.0,1
25,1202,world,12.02,1.191253105294934,1.6370634016562409,1.824355630874635,-0.7486090897705163,1.8327909283891234e-11,0.9862246667596609,-3.0739889950163036e-12,-0.16541132571500627,0.09448771622231279,-3.716778966505779e-12,-0.03274250270049143,-1.035973689998345e-09,0.00519284601096193,-3.0014925074010175e-09,0.1,-0.0,1
25,1203,world,12.030000000000001,1.1922531052949341,1.638008298750241,1.8243556308746351,-0.7489364572711911,0.0,0.9862203716495889,-0.0,-0.1654369322229678,0.09449172975436908,-0.0,-0.032730918227683196,1.3236533410615505e-09,0.005192845829132378,3.8343316881673506e-09,0.1,-0.0,1
25,1204,world,12.040000000000001,1.193253105294934,1.6389532367944715,1.8243556308746347,-0.7492637065511112,-2.16768478037595e-11,0.9862160758748272,3.6368361402686614e-12,-0.1654625386184358,0.09449590622695583,4.3959615090719804e-12,-0.032718858573403384,-5.777425157183385e-10,0.005192845619308554,-1.6733108897432426e-09,0.1,-0.0,1
25,1205,world,12.05,1.1942531052949341,1.639898217417286,1.8243556308746351,-0.7495908328585814,1.7458332361984828e-11,0.9862117794354016,-2.9295401818344014e-12,-0.16548814490125502,0.09450024545705699,-3.5404826002984415e-12,-0.032706323678395655,-1.2980694506932306e-09,0.005192845381476577,-3.758955105168475e-09,0.1,-0.0,1
25,1206,world,12.06,1.195253105294934,1.6408432422454857,1.824355630874635,-0.7499178314403933,1.7542579261354717e-11,0.9862074823313387,-2.944145272704775e-12,-0.16551375107127003,0.09450474725062183,-3.557583448556661e-12,-0.03269331349215138,-5.108208602166115e-10,0.005192845115633673,-1.478988318285967e-09,0.1,-0.0,1
25,1207,world,12.07,1.1962531052949341,1.641788312903555,1.8243556308746347,-0.7502446975438041,3.288948518177752e-11,0.9862031845626644,-5.520671924911117e-12,-0.16553935712832551,0.09450941141360895,-6.669920392891255e-12,-0.03267982794099753,1.161589467596603e-09,0.005192844821788169,3.3626038426772884e-09,0.1,-0.0,1
25,1208,world,12.08,1.197253105294934,1.6427334310142931,1.824355630874635,-0.7505714264144854,-1.754241462893731e-11,0.9861988861294051,2.9450542594278305e-12,-0.16556496307226615,0.09451423773882608,3.5575814939574868e-12,-0.03266586696612635,9.839125936051039e-10,0.002968293841190801,2.847985603042432e-09,0.1,-0.0,1
25,1209,world,12.09,1.1982531052949341,1.643678598172369,1.824355630874635,-0.7508980133728296,3.1736340066381446e-12,0.9861982704336624,-5.328079067116082e-13,-0.16556863046378376,0.09451920458485331,-6.436097277735082e-13,-0.03265149253321577,-3.2269318568146486e-10,-0.003189983964879468,-9.340812397329107e-10,0.1,-0.0,1
25,1210,world,12.1,1.199253105294934,1.6446238146934173,1.824355630874635,-0.7512244574361617,-7.79634293292335e-12,0.9862041671233998,1.3086093148158703e-12,-0.1655335034017027,0.09452407187102553,1.5810809006738942e-12,-0.03263739935903594,1.7281078078339185e-09,-0.007123711340594714,5.002770470058748e-09,0.1,-0.0,1
25,1211,world,12.11,1.2002531052949341,1.6455690790551678,1.824355630874635,-0.751550762944351,-4.9024768281422227e-11,0.986210062562614,8.22696892732137e-12,-0.1654983761257038,0.0945287727744831,9.942053747872354e-12,-0.032623781475330925,-1.01700383623564e-09,-0.0071237120970868055,-2.9448460497543516e-09,0.1,-0.0,1
25,1212,world,12.120000000000001,1.201253105294934,1.6465143895949685,1.824355630874635,-0.7518769346502528,2.2929240377208256e-11,0.9862159567512376,-3.846973449984356e-12,-0.16546324863618805,0.09453330749996175,-4.64994291812569e-12,-0.03261063895598606,-1.015262525857206e-09,-0.0071237127812895,-2.9404827669133316e-09,0.1,-0.0,1
25,1213,world,12.13,1.2022531052949341,1.6474597446519479,1.8243556308746351,-0.7522029773081175,-1.8345774319688094e-11,0.9862218496892029,3.0773065651846126e-12,-0.16542812093355647,0.09453767624786895,3.72041509481417e-12,-0.032597971864107116,-9.503593886651373e-10,-0.007123713393197249,-2.7531409585572225e-09,0.1,-0.0,1
25,1214,world,12.14,1.203253105294934,1.6484051425672954,1.8243556308746345,-0.7525288956725443,5.165392530544599e-11,0.9862277413764421,-8.662499490719391e-12,-0.16539299301820995,0.0945418792125246,-1.0475049347758382e-11,-0.03258578025710616,-2.776127426960951e-10,-0.007123713932810052,-8.044152379874111e-10,0.1,-0.0,1
25,1215,world,12.15,1.2042531052949341,1.6493505816841902,1.824355630874635,-0.7528546944984558,-9.953425115777342e-12,0.9862336318128878,1.6688511448017379e-12,-0.16535786489054966,0.09454591657407702,2.018471851195462e-12,-0.032574064210160646,1.4608360670475266e-09,-0.007123714400108673,4.233920578422084e-09,0.1,-0.0,1
25,1216,world,12.16,1.205253105294934,1.6502960603473933,1.8243556308746347,-0.7531803785420468,7.482322516841843e-12,0.9862395209984725,-1.2542572143011902e-12,-0.16532273655097662,0.09454978851420032,-1.5173436965665451e-12,-0.03256282377067437,1.4410687862267582e-10,-0.0071237147951036224,4.17759453435128e-10,0.1,-0.0,1
25,1217,world,12.17,1.2062531052949341,1.651241576903603,1.824355630874635,-0.753505952559518,-1.4311920258537218e-11,0.9862454089331286,2.3985744764863172e-12,-0.16528760799989198,0.09455349520064002,2.9023036387085383e-12,-0.03255205900311909,1.7692643570620529e-10,-0.007123715117801047,5.130204439578802e-10,0.1,-0.0,1
25,1218,world,12.18,1.207253105294934,1.6521871297011155,1.824355630874635,-0.7538314213078321,2.1303018577878806e-12,0.9862512956167889,-3.5694519752590916e-13,-0.1652524792376967,0.09455703679665335,-4.319997379197322e-13,-0.03254176996164077,-9.431667134971101e-10,-0.007123715368189647,-2.735462691666768e-09,0.1,-0.0,1
25,1219,world,12.19,1.2082531052949341,1.653132717089759,1.8243556308746345,-0.7541567895446672,1.4225221795855045e-11,0.9862571810493859,-2.383002625683746e-12,-0.165217350264792,0.09456041346114896,-2.884687573904795e-12,-0.03253195668963921,8.673524625227575e-10,-0.007123715546280424,2.5161605679231145e-09,0.1,-0.0,1
25,1220,world,12.200000000000001,1.209253105294934,1.654078337421051,1.824355630874635,-0.7544820620277245,-2.4118660346644804e-11,0.9862630652308524,4.03946373540661e-12,-0.16518222108157884,0.09456362534084944,4.890917310014309e-12,-0.032522619242543425,8.30315372636603e-10,-0.007123715652076451,2.409274247098293e-09,0.1,-0.0,1
25,1221,world,12.21,1.2102531052949341,1.6550239890477807,1.8243556308746347,-0.7548072435157157,-1.090807379134295e-11,0.986268948161121,1.826516657471704e-12,-0.16514709168845834,0.09456667257626986,2.2119871981754235e-12,-0.032513757670447334,-7.966300747737576e-10,-0.007123715685566326,-2.3120663865786487e-09,0.1,-0.0,1
25,1222,world,12.22,1.211253105294934,1.655969670324201,1.8243556308746347,-0.7551323387675623,0.0,0.9862748298401247,-0.0,-0.16511196208583168,0.09456955530446429,-0.0,-0.032505372010113553,-1.0070096275608274e-09,-0.0071237156467473806,-2.9233289315068295e-09,0.1,-0.0,1
25,1223,world,12.23,1.2122531052949341,1.6569153796059355,1.8243556308746347,-0.7554573525424372,1.9586728711691405e-11,0.9862807102677963,-3.278290953759265e-12,-0.16507683227409994,0.09457227365051203,-3.971835581203655e-12,-0.03249746230973532,1.0513317210400807e-10,-0.007123715535636259,3.0527012804952056e-10,0.1,-0.0,1
25,1224,world,12.24,1.213253105294934,1.6578611152496945,1.8243556308746347,-0.7557822896003561,-3.1843898765438226e-12,0.9862865894440687,5.328645157391466e-13,-0.1650417022536642,0.09457482773592776,6.457330238729038e-13,-0.032490028604474794,6.709733856406983e-11,-0.007123715352221863,1.948723989822821e-10,0.1,-0.0,1
25,1225,world,12.25,1.2142531052949341,1.6588068756134855,1.8243556308746347,-0.7561071547013303,1.7554211157987608e-11,0.9862924673688749,-2.936816718785624e-12,-0.1650065720249257,0.09457721767278263,-3.5596351953125492e-12,-0.032483070933566206,5.573221543635209e-10,-0.007123715096495869,1.6190186812306435e-09,0.1,-0.0,1
25,1226,world,12.26,1.215253105294934,1.6597526590563514,1.824355630874635,-0.7564319526058947,-2.0072405918100535e-11,0.9862983440421478,3.3573753423160694e-12,-0.1649714415882855,0.09457944356571579,4.070249373668689e-12,-0.0324765893344665,1.098536492828804e-09,-0.007123714768477699,3.191983037400286e-09,0.1,-0.0,1
25,1227,world,12.27,1.2162531052949341,1.6606984639383229,1.8243556308746347,-0.7567566880750124,-1.5740525314778132e-11,0.9863042194638206,2.6322346863260694e-12,-0.16493631094414477,0.09458150551502725,3.1918187712314998e-12,-0.03247058383384679,-4.739588705923945e-10,-0.007123714368153579,-1.37748631854771e-09,0.1,-0.0,1
25,1228,world,12.280000000000001,1.217253105294934,1.6616442886204785,1.8243556308746347,-0.7570813658696655,-5.704623518556415e-12,0.9863100936338265,9.537559802616511e-13,-0.16490118009290472,0.09458340361043965,1.15676038640216e-12,-0.032465054465758564,-4.0705520322551817e-10,-0.007123713895531635,-1.1833154063136601e-09,0.1,-0.0,1
25,1229,world,12.290000000000001,1.218253105294934,1.662590131464654,1.8243556308746345,-0.7574059907514662,-3.3982411804024645e-12,0.9863159665520984,5.680275044511119e-13,-0.1648660490349664,0.0945851379359765,6.890774488836265e-13,-0.03246000125742912,-7.216452495611216e-10,-0.00712371335061187,-2.0983191977821224e-09,0.1,-0.0,1
25,1230,world,12.3,1.219253105294934,1.6635359908335487,1.824355630874635,-0.7577305674821162,1.618124411155749e-11,0.9863218382185698,-2.70415721748342e-12,-0.1648309177707311,0.09458670856933543,-3.281127973724405e-12,-0.03245542423108363,1.5120606105753856e-10,-0.007123712733380603,4.397619037293994e-10,0.1,-0.0,1
25,1231,world,12.31,1.2202531052949341,1.664481865090614,1.824355630874635,-0.758055100823492,-7.985010962611619e-12,0.9863277086331739,1.3341368681875786e-12,-0.16479578630060002,0.09458811557574165,1.6191392438920817e-12,-0.03245132342185973,-2.337882657953388e-10,-0.0071237120438516115,-6.800983773994967e-10,0.1,-0.0,1
25,1232,world,12.32,1.221253105294934,1.6654277525998862,1.8243556308746347,-0.7583795955379027,2.32747508626857e-11,0.9863335777958439,-3.887896827905638e-12,-0.16476065462497425,0.09458935902427451,-4.7194473715273295e-12,-0.03244769883022373,3.153480812636481e-10,-0.007123711282013792,9.175713944123021e-10,0.1,-0.0,1
25,1233,world,12.33,1.222253105294934,1.6663736517260543,1.824355630874635,-0.7587040563876545,-1.755504723399774e-11,0.9863394457065133,2.931814544179567e-12,-0.16472552274425517,0.09459043896194509,3.5596355407968433e-12,-0.032444550497526425,1.2976048351489213e-09,-0.0037554580863520346,3.77611483041898e-09,0.1,-0.0,1
25,1234,world,12.34,1.223253105294934,1.6673195608329057,1.8243556308746351,-0.7590284881393514,-1.6108133865521666e-11,0.9863397646176336,2.690137928990311e-12,-0.16472361316469242,0.09459135486170941,3.266243931854284e-12,-0.032441880115464394,-1.400349577480926e-09,0.000972509477313651,-4.075426420057937e-09,0.1,-0.0,1
25,1235,world,12.35,1.2242531052949341,1.668265478271033,1.824355630874635,-0.7593528955995021,2.4949252801865422e-11,0.9863378436885504,-4.166947517330038e-12,-0.16473511498105334,0.09459210514823839,-5.058966032487026e-12,-0.032439692409525336,-4.2936445677677573e-10,0.0023322242580869172,-1.2495364784563203e-09,0.1,-0.0,1
25,1236,world,12.36,1.225253105294934,1.669211402383624,1.8243556308746347,-0.7596772835974184,-3.0761313150076858e-12,0.9863359226253204,5.138028690617994e-13,-0.1647466167751491,0.09459268976030973,6.237490904067119e-13,-0.032437987667390804,-4.6417477478987357e-10,0.0023322242843409158,-1.3507389654023738e-09,0.1,-0.0,1
25,1237,world,12.370000000000001,1.226253105294934,1.6701573315140688,1.824355630874635,-0.7600016569627902,3.903666404541509e-11,0.9863340014279464,-6.520719465375142e-12,-0.16475811854696545,0.09459310872257157,-7.915504261297946e-12,-0.03243676590228681,3.36309193063373e-10,0.0023322243080497293,9.785785182195985e-10,0.1,-0.0,1
25,1238,world,12.38,1.227253105294934,1.6711032640059797,1.824355630874635,-0.7603260205253896,-1.328224880398064e-11,0.9863320800964304,2.2188379920699874e-12,-0.16476962029648845,0.09459336205441408,2.6932603513573194e-12,-0.03243602711866136,1.1538252978128882e-09,0.002332224329224458,3.357098187113785e-09,0.1,-0.0,1
25,1239,world,12.39,1.2282531052949341,1.6720491982031187,1.824355630874635,-0.760650379115044,4.023290227346952e-12,0.9863301586307747,-6.721504681653037e-13,-0.1647811220237039,0.0945934497689759,-8.158098162030118e-13,-0.03243577131508105,-1.0576633164182508e-10,0.0023322243478539994,-3.077077810095846e-10,0.1,-0.0,1
25,1240,world,12.4,1.229253105294934,1.6729951324493217,1.824355630874635,-0.7609747375616118,-1.0072905712281235e-11,0.9863282370309819,1.6829494468234143e-12,-0.16479262372859774,0.09459337186858742,2.0425052069934013e-12,-0.032435998497520255,-1.0259774355157614e-09,0.0023322243639605604,-2.984667096697185e-09,0.1,-0.0,1
25,1241,world,12.41,1.230253105294934,1.6739410650884259,1.824355630874635,-0.7612991006949554,3.515256338678058e-11,0.9863263152970542,-5.873601236294522e-12,-0.16480412541115605,0.09459312834899392,-7.127976258988987e-12,-0.032436708667045185,-2.2632461451241196e-10,0.0023322243775330364,-6.583501391223093e-10,0.1,-0.0,1
25,1242,world,12.42,1.231253105294934,1.6748869944641955,1.8243556308746351,-0.7616234733449168,-3.2064068689122585e-12,0.986324393428994,5.357932565253432e-13,-0.1648156270713646,0.094592719198456,6.501726809842396e-13,-0.032437901822436915,2.900189262523389e-10,0.0023322243885520004,8.435649730586093e-10,0.1,-0.0,1
25,1243,world,12.43,1.2322531052949341,1.6758329189202474,1.824355630874635,-0.7619478603412905,2.635415992161489e-11,0.9863224714268036,-4.40411795864216e-12,-0.16482712870920935,0.09459214440088963,-5.34392197426918e-12,-0.03243957795103455,-4.221929781422119e-10,0.002332224397042431,-1.2279205335619726e-09,0.1,-0.0,1
25,1244,world,12.44,1.233253105294934,1.6767788367999785,1.8243556308746351,-0.7622722665137991,9.600725385521347e-12,0.9863205492904854,-1.6045193662558464e-12,-0.1648386303246762,0.09459140393048274,-1.946775289857152e-12,-0.032441737044434864,9.474179188178769e-10,0.0023322244029932264,2.755293768829136e-09,0.1,-0.0,1
25,1245,world,12.450000000000001,1.234253105294934,1.6777247464464902,1.8243556308746351,-0.7625966966920674,-2.383626145109374e-12,0.9863186270200417,3.983916289313843e-13,-0.16485013191775114,0.09459049775016569,4.833378056280538e-13,-0.03244437910294944,1.7751954985583535e-10,0.002332224406418264,5.162256327671927e-10,0.1,-0.0,1
25,1246,world,12.46,1.235253105294934,1.6786706462025154,1.824355630874635,-0.7629211557055963,4.216427671177592e-12,0.9863167046154749,-7.047707395639361e-13,-0.16486163348842006,0.09458942582418117,-8.549842809896624e-13,-0.03244750409895546,5.009320644158201e-10,0.0023322244072925646,1.4565965351301148e-09,0.1,-0.0,1
25,1247,world,12.47,1.2362531052949342,1.6796165344103453,1.8243556308746351,-0.7632456483837373,-1.7576086967221697e-11,0.9863147820767872,2.9380321704814255e-12,-0.16487313503666884,0.09458818810434913,3.5639903523498927e-12,-0.032451112016944325,-3.379198120779962e-10,0.00233222440562723,-9.82519461719836e-10,0.1,-0.0,1
25,1248,world,12.48,1.237253105294934,1.6805624094117542,1.824355630874635,-0.7635701795556666,1.4464264931380252e-11,0.9863128594039814,-2.4180309965696878e-12,-0.16488463656248345,0.0945867845304233,-2.9329965213587333e-12,-0.03245520285247464,6.789861733217835e-17,0.002332224401430588,1.9740379800682602e-16,0.1,-0.0,1
25,1249,world,12.49,1.238253105294934,1.6815082695479264,1.824355630874635,-0.7638947540503596,-1.7576020499907865e-11,0.9863109365970593,2.9384424276996864e-12,-0.1648961380658498,0.09458521504492155,3.5639908886676217e-12,-0.032459776568946795,1.5041409273107303e-09,0.002332224394702603,4.372704931219888e-09,0.1,-0.0,1
25,1250,world,12.5,1.239253105294934,1.682454113159383,1.824355630874635,-0.764219376696564,-3.1144439804125957e-11,0.9863090136560235,5.2072484201138485e-12,-0.16490763954675386,0.09458347957474868,6.315349851598578e-12,-0.032464833151166855,-5.557919511957684e-10,0.0023322243854294656,-1.6156265019963632e-09,0.1,-0.0,1
25,1251,world,12.51,1.2402531052949342,1.6833999385859066,1.8243556308746351,-0.7645440523227752,-7.243716186311209e-13,0.9863070905808764,1.2112124738231466e-13,-0.16491914100518146,0.09458157804447742,1.4688558377571327e-13,-0.03247037256664034,-1.0272608490840487e-09,0.002332224373622276,-2.9859087089130763e-09,0.1,-0.0,1
25,1252,world,12.52,1.241253105294934,1.6843457441664689,1.824355630874635,-0.7648687857572095,0.0,0.9863051673716203,-0.0,-0.16493064244111863,0.0945795103689575,-0.0,-0.03247639478711059,1.135628889527662e-09,0.0023322243592782273,3.3006486483539885e-09,0.1,-0.0,1
25,1253,world,12.530000000000001,1.242253105294934,1.685291528239156,1.8243556308746351,-0.7651935818277775,-3.515176985398638e-11,0.9863032440282575,5.878525002430373e-12,-0.1649421438545512,0.09457727645374191,7.127983082417165e-12,-0.03248289978731083,-1.155990659779933e-09,0.0023322243424000614,-3.3595744277893196e-09,0.1,-0.0,1
25,1254,world,12.540000000000001,1.243253105294934,1.686237289141095,1.824355630874635,-0.7655184453620633,3.5042239001538785e-11,0.9863013205507906,-5.860627924170937e-12,-0.1649536452454652,0.09457487620241779,-7.10578675788402e-12,-0.032489887523618,-1.159680253353956e-09,0.0023322243229877797,-3.370041767248905e-09,0.1,-0.0,1
25,1255,world,12.55,1.2442531052949342,1.6871830252083797,1.824355630874635,-0.7658433811872919,0.0,0.9862993969392215,-0.0,-0.16496514661384648,0.09457230950467575,-0.0,-0.032497357968792155,1.156147364146133e-09,0.002332224301022017,3.3595205035439186e-09,0.1,-0.0,1
25,1256,world,12.56,1.245253105294934,1.6881287347760014,1.8243556308746347,-0.7661683941302946,0.0,0.9862974731935531,-0.0,-0.16497664795968095,0.0945695762502264,-0.0,-0.03250531107146363,5.487809675637808e-10,0.0023322242765277212,1.594520940115726e-09,0.1,-0.0,1
25,1257,world,12.57,1.246253105294934,1.6890744161777704,1.824355630874635,-0.7664934890174976,-1.6632047742653737e-11,0.9862955493137874,2.7822195666961863e-12,-0.16498814928295458,0.09456667631392925,3.3726293952173423e-12,-0.03251374679941601,4.993471148577848e-10,0.0023322242494993417,1.4507775156379505e-09,0.1,-0.0,1
25,1258,world,12.58,1.247253105294934,1.6900200677462427,1.8243556308746351,-0.7668186706748905,-1.513278810880122e-11,0.9862936252999268,2.5316038614255146e-12,-0.16499965058365326,0.09456360956816945,3.0686171325891376e-12,-0.032522665103567584,-5.488808929026427e-10,0.0039346313147219664,-1.5944865459407452e-09,0.1,-0.0,1
25,1259,world,12.59,1.2482531052949342,1.6909656878794568,1.824355630874635,-0.7671439437337974,0.0,0.9862890568749437,-0.0,-0.1650269562487718,0.09456040956266032,-0.0,-0.03253196802134694,-2.577010469879361e-10,0.006626612814295888,-7.484935055753317e-10,0.1,-0.0,1
25,1260,world,12.6,1.249253105294934,1.6919112759935124,1.824355630874635,-0.7674693098625726,-7.325070763350023e-12,0.9862826892464396,1.2259293181661343e-12,-0.16506500808109292,0.0945572171020212,1.4853896751488016e-12,-0.0325412460413124,-5.784992559914407e-10,0.007716187744479554,-1.6798912537725132e-09,0.1,-0.0,1
25,1261,world,12.61,1.250253105294934,1.6928568322986326,1.824355630874635,-0.7677947684206985,1.752326330005328e-11,0.9862763201490227,-2.933401448645549e-12,-0.16510305967274644,0.09455404777896168,-3.5534185824065288e-12,-0.03255045389259317,1.6835205642614292e-10,0.0077161887185059706,4.88751326142261e-10,0.1,-0.0,1
25,1262,world,12.620000000000001,1.251253105294934,1.6938023570262806,1.824355630874635,-0.7681203187065653,-1.2423336200212591e-11,0.9862699495827781,2.0801643034810276e-12,-0.16514111102322265,0.09455090161106565,2.5192567300565176e-12,-0.03255959159041442,1.3170936708625582e-10,0.007716189600647557,3.8227629329560307e-10,0.1,-0.0,1
25,1263,world,12.63,1.2522531052949342,1.694747850408123,1.824355630874635,-0.7684459600186341,1.3535280151773768e-11,0.9862635775477906,-2.2668851264394395e-12,-0.16517916213201156,0.09454777862129658,-2.7447591748048953e-12,-0.03256865913387124,-5.05426653893386e-10,0.007716190390907084,-1.4665944803599233e-09,0.1,-0.0,1
25,1264,world,12.64,1.253253105294934,1.695693312676028,1.8243556308746347,-0.7687716916554354,2.8760721647041907e-12,0.986257204044145,-4.817978773557512e-13,-0.1652172129986035,0.09454467882656263,-5.832296344147865e-13,-0.032577656539139244,2.723068546448929e-10,0.00771619108929288,7.89953817682406e-10,0.1,-0.0,1
25,1265,world,12.65,1.254253105294934,1.6966387440620643,1.8243556308746343,-0.7690975129155694,5.294284238288812e-12,0.9862508290719262,-8.871052998901945e-13,-0.16525526362248863,0.09454160224999408,-1.073618201850355e-12,-0.032586583803828166,7.344714427621425e-11,0.00771619169578829,2.1301455918236517e-10,0.1,-0.0,1
25,1266,world,12.66,1.255253105294934,1.6975841447984976,1.8243556308746347,-0.7694234230977054,6.538162215003984e-13,0.9862444526312195,-1.0957876590585352e-13,-0.1652933140031571,0.0945385489097323,-1.3258705123756492e-13,-0.032595440939526404,1.9012114472273076e-10,0.007716192210396095,5.512594658021595e-10,0.1,-0.0,1
25,1267,world,12.67,1.2562531052949342,1.6985295151177842,1.8243556308746347,-0.7697494215006035,-4.567704732402091e-13,0.9862380747221099,7.657226726011476e-14,-0.16533136414009916,0.09453551882542016,9.262884565078367e-14,-0.03260422795296085,7.343453823529245e-11,0.007716192633124612,2.1287138964100757e-10,0.1,-0.0,1
25,1268,world,12.68,1.257253105294934,1.6994748552525796,1.8243556308746347,-0.7700755074230788,-1.567006886996338e-12,0.9862316953446826,2.627526694904974e-13,-0.16536941403280497,0.09453251201689566,3.1777662220270797e-13,-0.032612944849790486,-1.1741787516829523e-09,0.007716192963971073,-3.402847237276018e-09,0.1,-0.0,1
25,1269,world,12.69,1.258253105294934,1.7004201654357474,1.8243556308746351,-0.7704016801639726,3.504469622760057e-11,0.9862253144990228,-5.877616639170158e-12,-0.16540746368076492,0.0945295285025835,-7.106833636810761e-12,-0.03262159163926943,-3.0236420659195024e-10,0.007716193202935481,-8.760521203191608e-10,0.1,-0.0,1
25,1270,world,12.700000000000001,1.259253105294934,1.7013654459003316,1.8243556308746354,-0.7707279390222259,7.572934978115178e-12,0.9862189321852161,-1.2704157992849338e-12,-0.1654455130834691,0.09452656830335088,-1.5357512875350317e-12,-0.03263016832307099,1.6711966605760258e-09,0.007716193350006723,4.8408149065186455e-09,0.1,-0.0,1
25,1271,world,12.71,1.2602531052949342,1.702310696879568,1.8243556308746351,-0.7710542832968466,-1.5461383400378136e-11,0.9862125484033476,2.5943746167107664e-12,-0.16548356224040783,0.09452363143638756,3.1355073351794748e-12,-0.03263867491302252,6.318265464197361e-10,0.007716193405198685,1.8297011467750705e-09,0.1,-0.0,1
25,1272,world,12.72,1.261253105294934,1.7032559186068805,1.824355630874635,-0.7713807122869085,-1.1517350836653089e-11,0.986206163153503,1.9330344281961585e-12,-0.16552161115107136,0.0945207179208448,2.3356882702115414e-12,-0.032647111414765215,-1.218283051251105e-09,0.0077161933685030385,-3.527133422036703e-09,0.1,-0.0,1
25,1273,world,12.73,1.262253105294934,1.7042011113158801,1.824355630874635,-0.7717072252915516,2.1339907394529194e-11,0.9861997764357677,-3.5824666493938296e-12,-0.16555965981494997,0.09451782777652856,-4.32770477222329e-12,-0.0326554778315444,-9.258337898164785e-10,0.00771619323992811,-2.679773750854909e-09,0.1,-0.0,1
25,1274,world,12.74,1.263253105294934,1.7051462752403643,1.824355630874635,-0.7720338216099811,1.6443347221545758e-11,0.9861933882502274,-2.761102079962877e-12,-0.165597708231534,0.09451496101991563,-3.334710497024648e-12,-0.0326637741757414,4.3545035678880585e-10,0.0077161930194739,1.2600715024292769e-09,0.1,-0.0,1
25,1275,world,12.75,1.2642531052949342,1.7060914106143144,1.8243556308746347,-0.772360500541467,8.191878444755408e-12,0.9861869985969679,-1.3758729170703752e-12,-0.16563575640031378,0.09451211767206763,-1.661323552975671e-12,-0.032672000445966624,7.53759613358051e-11,0.007716192707129303,2.1806243721807138e-10,0.1,-0.0,1
25,1276,world,12.76,1.265253105294934,1.707036517671895,1.8243556308746345,-0.7726872613853444,1.4167795920263474e-11,0.9861806074760749,-2.380124524003494e-12,-0.16567380432077952,0.09450929774924517,-2.8732659726287923e-12,-0.03268015665422249,1.815131658673932e-09,0.007716192302902651,5.249858635641045e-09,0.1,-0.0,1
25,1277,world,12.77,1.266253105294934,1.7079815966474508,1.8243556308746347,-0.7730141034410112,-4.658815805219039e-11,0.9861742148876342,7.828444340966442e-12,-0.1657118519924217,0.09450650126980446,9.448261231172988e-12,-0.03268824280594552,7.275374995693826e-10,0.007716191806793941,2.103712376621438e-09,0.1,-0.0,1
25,1278,world,12.780000000000001,1.267253105294934,1.7089266477755067,1.8243556308746347,-0.77334102600793,-7.784130303815368e-12,0.9861678208317318,1.3083156716677136e-12,-0.16574989941473053,0.0945037282512807,1.5786623999036624e-12,-0.03269625890844536,-1.5443864903313334e-09,0.007716191218797727,-4.46455826792862e-09,0.1,-0.0,1
25,1279,world,12.790000000000001,1.268253105294934,1.7098716712907656,1.8243556308746347,-0.7736680283856253,0.0,0.9861614253084537,-0.0,-0.16578794658719645,0.09450097871365538,-0.0,-0.03270420496146105,-1.7009937813177256e-10,0.007716190538916573,-4.916055432435405e-10,0.1,-0.0,1
25,1280,world,12.8,1.269253105294934,1.710816667428107,1.824355630874635,-0.773995109873685,-2.6540341125515757e-12,0.9861550283178859,4.4628666982732864e-13,-0.16582599350930977,0.09449825267071686,5.382590020624196e-13,-0.03271208098212885,5.130617258448972e-11,0.0077161897671615826,1.4824335262877247e-10,0.1,-0.0,1
25,1281,world,12.81,1.270253105294934,1.7117616364225845,1.8243556308746351,-0.7743222697717586,-1.546978207674142e-12,0.9861486298601146,2.601920722969652e-13,-0.165864040180561,0.09449555014311377,3.137413888933044e-13,-0.03271988696726003,1.074398823418642e-09,0.007716188903513538,3.1035784036467536e-09,0.1,-0.0,1
25,1282,world,12.82,1.271253105294934,1.7127065785094258,1.8243556308746354,-0.7746495073795572,-3.504172664472568e-11,0.9861422299352259,5.895189752520881e-12,-0.1659020866004403,0.09449287114619206,7.10683012744387e-12,-0.032727622928485745,-6.326786001017724e-10,0.007716187947972334,-1.8271405239200414e-09,0.1,-0.0,1
25,1283,world,12.83,1.272253105294934,1.71365149392402,1.8243556308746351,-0.7749768219968811,1.752074938466214e-11,0.9861358285433063,-2.9482708111194945e-12,-0.16594013276843828,0.09449021569864241,-3.5534150213377346e-12,-0.03273528886727643,-5.794317810035828e-10,0.007341821291457622,-1.672969422245632e-09,0.1,-0.0,1
25,1284,world,12.84,1.273253105294934,1.7145963829019237,1.8243556308746347,-0.7753042129236002,-1.7582146369894313e-11,0.9861300470427512,2.9592321337686417e-12,-0.16597448695345118,0.09448758381520869,3.5658879583193568e-12,-0.03274288479599676,8.829345292351536e-10,0.005501292402750744,2.5487760911047147e-09,0.1,-0.0,1
25,1285,world,12.85,1.274253105294934,1.715541245678916,1.8243556308746347,-0.7756316794594864,-9.078949775232004e-12,0.9861266981991623,1.5282566292477329e-12,-0.16599438273272496,0.09448497551562483,1.8413353410301597e-12,-0.03275041071210829,-8.206993538882514e-10,0.004035129744704769,-2.368699863369155e-09,0.1,-0.0,1
25,1286,world,12.86,1.275253105294934,1.7164860824908912,1.824355630874635,-0.7759592209045245,7.138585665557271e-12,0.9861233489540395,-1.2017838839771193e-12,-0.166014278445168,0.09448239081427293,-1.4478078374035032e-12,-0.032757866628017725,-6.919485726375929e-10,0.004035129887917989,-1.9968392917665665e-09,0.1,-0.0,1
25,1287,world,12.870000000000001,1.276253105294934,1.7174308935739195,1.824355630874635,-0.7762868365587262,1.1761073031862788e-11,0.986119999307395,-1.980225579683352e-12,-0.16603417409070764,0.09447982972659298,-2.385322839821567e-12,-0.03276525255257463,1.360196203915693e-09,0.004035130017991719,3.924770012151399e-09,0.1,-0.0,1
25,1288,world,12.88,1.277253105294934,1.7183756791642157,1.8243556308746347,-0.7766145257222161,-3.3822656218621375e-11,0.986116649259241,5.695461806010182e-12,-0.16605406966927075,0.09447729227199816,6.859767605881142e-12,-0.03277256848267219,-3.979234191111428e-11,0.0040351301349037545,-1.1480360286896955e-10,0.1,-0.0,1
25,1289,world,12.89,1.278253105294934,1.7193204394981694,1.8243556308746347,-0.7769422876951447,1.295916329134352e-11,0.98611329880959,-2.182487180546839e-12,-0.16607396518078452,0.09447477846457021,-2.6283314110493736e-12,-0.03277981443007848,-6.841807170968456e-10,0.004035130238692955,-1.9736503585448223e-09,0.1,-0.0,1
25,1290,world,12.9,1.279253105294934,1.7202651748123643,1.824355630874635,-0.7772701217776193,-1.322382166896732e-11,0.9861099479584539,2.2273333696357542e-12,-0.1660938606251761,0.09447228832042324,2.6820175673248194e-12,-0.03278699040020025,8.553998378342421e-10,0.004035130329342664,2.4672430094476636e-09,0.1,-0.0,1
25,1291,world,12.91,1.280253105294934,1.7212098853435176,1.824355630874635,-0.7775980272698831,-1.2791332637375635e-11,0.9861065967058451,2.1547531633682316e-12,-0.16611375600237255,0.09446982185734758,2.5943101696010295e-12,-0.0327940963931165,1.4478325565619187e-10,0.004035130406847334,4.175461494995991e-10,0.1,-0.0,1
25,1292,world,12.92,1.281253105294934,1.7221545713285031,1.824355630874635,-0.7779260034722352,-1.7581671997604186e-11,0.9861032450517759,2.962070533480352e-12,-0.16613365131230098,0.09446737908851376,3.5658884196928344e-12,-0.03280113242171736,1.8893197564270132e-09,0.004035130471206962,5.447973646997771e-09,0.1,-0.0,1
25,1293,world,12.93,1.282253105294934,1.7230992330043495,1.824355630874635,-0.7782540496850379,-6.965249319456694e-11,0.9860998929962586,1.1736142405920982e-11,-0.1661535465548885,0.0944649600304264,1.4126862331612735e-11,-0.03280809848878694,-5.842494454694815e-10,0.004035130522429876,-1.6845008483109863e-09,0.1,-0.0,1
25,1294,world,12.94,1.283253105294934,1.7240438706082029,1.824355630874635,-0.7785821652088128,0.0,0.9860965405393053,-0.0,-0.16617344173006224,0.0944625646990652,-0.0,-0.032814994598124266,-1.5067641390481164e-09,0.004035130560518854,-4.343717768928323e-09,0.1,-0.0,1
25,1295,world,12.950000000000001,1.284253105294934,1.724988484377443,1.8243556308746347,-0.7789103493439058,-2.431508125478892e-11,0.9860931876809282,4.097994530028062e-12,-0.16619333683774934,0.09446019310879072,4.931598504269184e-12,-0.032821820757690585,-8.846267796245637e-11,0.004035130585465564,-2.549880400824732e-10,0.1,-0.0,1
25,1296,world,12.96,1.285253105294934,1.7259330745495596,1.824355630874635,-0.7792386013908369,2.6614297179368075e-12,0.98608983442114,-4.4860500472939413e-13,-0.16621323187787684,0.09445784527483433,-5.397945048336421e-13,-0.032828576972440605,-1.677403880046002e-09,0.004035130597267235,-4.834379973497865e-09,0.1,-0.0,1
25,1297,world,12.97,1.286253105294934,1.726877641362192,1.8243556308746345,-0.7795669206501802,2.6144309176512135e-11,0.9860864807599525,-4.407372323373799e-12,-0.16623312685037192,0.09445552121266859,-5.302639442714208e-12,-0.03283526324613704,6.398351126996025e-10,0.004035130595923866,1.8438034555484918e-09,0.1,-0.0,1
25,1298,world,12.98,1.287253105294934,1.7278221850531283,1.8243556308746347,-0.7798953064225631,-1.6583637442182006e-11,0.9860831266973783,2.7959912930352015e-12,-0.16625302175516157,0.09445322093676442,3.3635368624696522e-12,-0.03284187958492583,-4.2828653096511533e-10,0.004035130581452108,-1.2340262375515403e-09,0.1,-0.0,1
25,1299,world,12.99,1.288253105294934,1.7287667058602747,1.824355630874635,-0.7802237580087475,3.902465129833262e-11,0.9860797722334296,-6.580342456137771e-12,-0.1662729165921731,0.09445094446122149,-7.915108970599011e-12,-0.03284842599552155,-1.9637685320290964e-09,0.004035130553840861,-5.657488778900518e-09,0.1,-0.0,1
25,1300,world,13.0,1.289253105294934,1.729711204021728,1.8243556308746347,-0.7805522747094178,4.246884214550372e-11,0.9860764173681187,-7.161983626467806e-12,-0.1662928113613335,0.09444869180148231,-8.613700316769741e-12,-0.03285490248027849,7.219277183455173e-10,0.00403513051308735,2.0795556897158046e-09,0.1,-0.0,1
25,1301,world,13.01,1.290253105294934,1.7306556797757249,1.8243556308746345,-0.7808808558253215,1.7317937465449008e-11,0.9860730621014577,-2.920871844083337e-12,-0.16631270606256998,0.09444646297102002,-3.5125051882774504e-12,-0.03286130904671549,2.0098069091170305e-10,0.004035130459180472,5.788614290608662e-10,0.1,-0.0,1
25,1302,world,13.02,1.291253105294934,1.731600133360631,1.8243556308746347,-0.7812095006572942,3.642632063476642e-11,0.9860697064334593,-6.1444790418262244e-12,-0.16633260069580943,0.09444425798440202,-7.388181970163172e-12,-0.03286764569870679,-3.787886038002598e-10,0.004035130392139654,-1.0908389258122529e-09,0.1,-0.0,1
25,1303,world,13.030000000000001,1.292253105294934,1.7325445650149538,1.8243556308746347,-0.7815382085062218,2.8704261962861196e-11,0.9860663503641355,-4.8424992906242555e-12,-0.16635249526097926,0.09444207685497097,-5.821972270383755e-12,-0.03287391244314796,2.268548878820602e-09,0.004035130311976057,6.532137450279892e-09,0.1,-0.0,1
25,1304,world,13.040000000000001,1.293253105294934,1.733488974977325,1.8243556308746351,-0.7818669786730786,-3.175869224212364e-11,0.9860629938934987,5.3584502781592574e-12,-0.16637238975800647,0.09443991959758809,6.441512128802908e-12,-0.03288010928207353,6.608274990663217e-10,0.004035130218650709,1.902561644588477e-09,0.1,-0.0,1
25,1305,world,13.05,1.294253105294934,1.734433363486517,1.8243556308746351,-0.7821958104588834,8.844243337441123e-12,0.9860596370215613,-1.4924187093449575e-12,-0.16639228418681806,0.09443778622526769,-1.7938551498307232e-12,-0.03288623622232621,-2.37075552899345e-09,0.004035130112185816,-6.82465755898072e-09,0.1,-0.0,1
25,1306,world,13.06,1.295253105294934,1.7353777307814748,1.824355630874635,-0.7825247031645965,3.948122926281058e-11,0.9860562797483357,-6.663065291798767e-12,-0.16641217854734133,0.09443567675152438,-8.007903397752747e-12,-0.03289229326881298,-3.6587534634987483e-10,0.004035129992592592,-1.0531026541542034e-09,0.1,-0.0,1
25,1307,world,13.07,1.296253105294934,1.7363220771012524,1.8243556308746354,-0.7828536560913012,1.9837191661308143e-11,0.9860529220738339,-3.348243135431641e-12,-0.16643207283950334,0.09443359118953189,-4.023553863177232e-12,-0.03289828042692151,2.4845881062860766e-09,0.004035129859851551,7.150483958220841e-09,0.1,-0.0,1
25,1308,world,13.08,1.297253105294934,1.7372664026850366,1.824355630874635,-0.7831826685401282,-3.5161492910445724e-11,0.9860495639980685,5.935502507696472e-12,-0.16645196706323118,0.09443152955514088,7.131787718434836e-12,-0.03290419769385904,6.605678809602161e-10,0.0040351297139710205,1.9008242656936666e-09,0.1,-0.0,1
25,1309,world,13.09,1.298253105294934,1.738210707772146,1.824355630874635,-0.7835117398122559,-5.473487565493016e-15,0.9860462055210519,9.240760293805751e-16,-0.16647186121845203,0.09442949185599148,1.110188459444676e-15,-0.03291004508989981,-1.1704252991656351e-09,0.002017564818877256,-3.367750871301678e-09,0.1,-0.0,1
25,1310,world,13.1,1.299253105294934,1.7391550026907048,1.824355630874635,-0.7838408402631576,-5.484436585741564e-15,0.9860462055210519,9.259245267117233e-16,-0.16647186121845206,0.0944294918559905,1.112409251175125e-15,-0.03291004508990263,-0.0,-0.0,-0.0,0.1,-0.0,0
25,1311,world,13.11,1.300253105294934,1.7400992976092637,1.824355630874635,-0.7841699407140594,-5.495385605843728e-15,0.9860462055210519,9.277730240181574e-16,-0.16647186121845206,0.09442949185598953,1.1146300428758835e-15,-0.03291004508990545,-0.0,-0.0,-0.0,0.1,-0.0,0
25,1312,world,13.120000000000001,1.301253105294934,1.7410435925278227,1.824355630874635,-0.7844990411649613,-5.506334625945891e-15,0.9860462055210519,9.296215213245918e-16,-0.16647186121845206,0.09442949185598853,1.1168508345766415e-15,-0.03291004508990827,-0.0,-0.0,-0.0,0.1,-0.0,0
25,1313,world,13.13,1.302253105294934,1.7419878874463817,1.824355630874635,-0.7848281416158631,-5.517283646048056e-15,0.9860462055210519,9.314700186310263e-16,-0.16647186121845206,0.09442949185598756,1.1190716262773999e-15,-0.03291004508991109,-0.0,-0.0,-0.0,0.1,-0.0,0
25,1314,world,13.14,1.303253105294934,1.7429321823649406,1.824355630874635,-0.785157242066765,-5.528232666150219e-15,0.9860462055210519,9.333185159374604e-16,-0.16647186121845206,0.09442949185598658,1.1212924179781579e-15,-0.0329100450899139,-0.0,-0.0,-0.0,0.1,-0.0,0
25,1315,world,13.15,1.304253105294934,1.7438764772834996,1.824355630874635,-0.7854863425176667,-5.5391816862523844e-15,0.9860462055210519,9.35167013243895e-16,-0.16647186121845206,0.09442949185598559,1.1235132096789163e-15,-0.032910045089916726,-0.0,-0.0,-0.0,0.1,-0.0,0
25,1316,world,13.16,1.305253105294934,1.7448207722020586,1.824355630874635,-0.7858154429685685,-5.550130706354548e-15,0.9860462055210519,9.370155105503295e-16,-0.16647186121845206,0.0944294918559846,1.1257340013796745e-15,-0.032910045089919536,-0.0,-0.0,-0.0,0.1,-0.0,0
25,1317,world,13.17,1.306253105294934,1.7457650671206175,1.824355630874635,-0.7861445434194704,-5.561079726456714e-15,0.9860462055210519,9.38864007856764e-16,-0.16647186121845206,0.09442949185598364,1.1279547930804329e-15,-0.03291004508992236,-0.0,-0.0,-0.0,0.1,-0.0,0
25,1318,world,13.18,1.307253105294934,1.7467093620391763,1.8243556308746351,-0.7864736438703722,-5.572028746558876e-15,0.9860462055210519,9.407125051631982e-16,-0.16647186121845206,0.09442949185598265,1.130175584781191e-15,-0.03291004508992518,-0.0,-0.0,-0.0,0.1,-0.0,0
25,1319,world,13.19,1.308253105294934,1.7476536569577352,1.8243556308746351,-0.786802744321274,-5.582977766661041e-15,0.9860462055210519,9.425610024696327e-16,-0.16647186121845206,0.09442949185598166,1.1323963764819492e-15,-0.032910045089927994,-0.0,-0.0,-0.0,0.1,-0.0,0
25,1320,world,13.200000000000001,1.309253105294934,1.7485979518762942,1.8243556308746351,-0.7871318447721758,-5.593926786763205e-15,0.9860462055210519,9.44409499776067e-16,-0.16647186121845206,0.0944294918559807,1.1346171681827074e-15,-0.03291004508993081,-0.0,-0.0,-0.0,0.1,-0.0,0
25,1321,world,13.21,1.310253105294934,1.7495422467948532,1.8243556308746351,-0.7874609452230776,-5.604875806865367e-15,0.9860462055210519,9.462579970825012e-16,-0.16647186121845206,0.09442949185597971,1.1368379598834656e-15,-0.032910045089933636,-0.0,-0.0,-0.0,0.1,-0.0,0
25,1322,world,13.22,1.311253105294934,1.7504865417134121,1.8243556308746351,-0.7877900456739795,-5.615824826967533e-15,0.9860462055210519,9.481064943889357e-16,-0.16647186121845206,0.09442949185597872,1.1390587515842238e-15,-0.032910045089936446,-0.0,-0.0,-0.0,0.1,-0.0,0
25,1323,world,13.23,1.312253105294934,1.751430836631971,1.8243556308746351,-0.7881191461248812,-5.626773847069696e-15,0.9860462055210519,9.4995499169537e-16,-0.16647186121845206,0.09442949185597774,1.141279543284982e-15,-0.03291004508993926,-0.0,-0.0,-0.0,0.1,-0.0,0
25,1324,world,13.24,1.313253105294934,1.75237513155053,1.8243556308746351,-0.788448246575783,-5.637722867171862e-15,0.9860462055210519,9.518034890018046e-16,-0.16647186121845206,0.09442949185597677,1.1435003349857402e-15,-0.03291004508994208,-0.0,-0.0,-0.0,0.1,-0.0,0
25,1325,world,13.25,1.314253105294934,1.753319426469089,1.8243556308746351,-0.7887773470266849,-5.648671887274026e-15,0.9860462055210519,9.536519863082389e-16,-0.16647186121845206,0.09442949185597577,1.1457211266864984e-15,-0.0329100450899449,-0.0,-0.0,-0.0,0.1,-0.0,0
25,1326,world,13.26,1.315253105294934,1.7542637213876477,1.8243556308746351,-0.7891064474775867,-5.65962090737619e-15,0.9860462055210519,9.555004836146732e-16,-0.16647186121845206,0.0944294918559748,1.1479419183872566e-15,-0.03291004508994772,-0.0,-0.0,-0.0,0.1,-0.0,0
25,1327,world,13.27,1.316253105294934,1.7552080163062067,1.8243556308746351,-0.7894355479284886,-5.6705699274783534e-15,0.9860462055210519,9.573489809211076e-16,-0.16647186121845206,0.09442949185597381,1.1501627100880148e-15,-0.03291004508995053,-0.0,-0.0,-0.0,0.1,-0.0,0
25,1328,world,13.280000000000001,1.3172531052949341,1.7561523112247657,1.8243556308746351,-0.7897646483793903,-5.6815189475805165e-15,0.9860462055210519,9.59197478227542e-16,-0.16647186121845206,0.09442949185597282,1.152383501788773e-15,-0.032910045089953356,-0.0,-0.0,-0.0,0.1,-0.0,0
25,1329,world,13.290000000000001,1.318253105294934,1.7570966061433246,1.8243556308746351,-0.7900937488302922,-5.692467967682682e-15,0.9860462055210519,9.610459755339766e-16,-0.16647186121845206,0.09442949185597184,1.1546042934895312e-15,-0.03291004508995617,-0.0,-0.0,-0.0,0.1,-0.0,0
25,1330,world,13.3,1.3192531052949341,1.7580409010618836,1.8243556308746351,-0.790422849281194,-5.703416987784845e-15,0.9860462055210519,9.628944728404108e-16,-0.16647186121845206,0.09442949185597087,1.1568250851902896e-15,-0.03291004508995899,-0.0,-0.0,-0.0,0.1,-0.0,0
25,1331,world,13.31,1.320253105294934,1.7589851959804426,1.8243556308746351,-0.7907519497320958,-5.71436600788701e-15,0.9860462055210519,9.647429701468453e-16,-0.16647186121845206,0.09442949185596988,1.1590458768910478e-15,-0.03291004508996181,-0.0,-0.0,-0.0,0.1,-0.0,0
25,1332,world,13.32,1.3212531052949341,1.7599294908990015,1.8243556308746351,-0.7910810501829976,-5.725315027989174e-15,0.9860462055210519,9.665914674532796e-16,-0.16647186121845206,0.0944294918559689,1.161266668591806e-15,-0.032910045089964625,-0.0,-0.0,-0.0,0.1,-0.0,0
25,1333,world,13.33,1.322253105294934,1.7608737858175605,1.8243556308746351,-0.7914101506338994,-5.736264048091339e-15,0.9860462055210519,9.68439964759714e-16,-0.16647186121845206,0.09442949185596793,1.1634874602925642e-15,-0.03291004508996744,-0.0,-0.0,-0.0,0.1,-0.0,0
25,1334,world,13.34,1.3232531052949341,1.7618180807361192,1.8243556308746351,-0.7917392510848013,-5.7472130681935014e-15,0.9860462055210519,9.702884620661481e-16,-0.16647186121845206,0.09442949185596694,1.1657082519933222e-15,-0.03291004508997026,-0.0,-0.0,-0.0,0.1,-0.0,0
25,1335,world,13.35,1.324253105294934,1.7627623756546782,1.8243556308746354,-0.7920683515357031,-5.758162088295666e-15,0.9860462055210519,9.721369593725828e-16,-0.16647186121845206,0.09442949185596596,1.1679290436940808e-15,-0.032910045089973076,-0.0,-0.0,-0.0,0.1,-0.0,0
25,1336,world,13.36,1.3252531052949341,1.7637066705732372,1.8243556308746354,-0.7923974519866048,-5.76911110839783e-15,0.9860462055210519,9.73985456679017e-16,-0.16647186121845206,0.09442949185596497,1.1701498353948386e-15,-0.032910045089975894,-0.0,-0.0,-0.0,0.1,-0.0,0
25,1337,world,13.370000000000001,1.326253105294934,1.7646509654917961,1.8243556308746354,-0.7927265524375067,-5.780060128499994e-15,0.9860462055210519,9.758339539854515e-16,-0.16647186121845206,0.094429491855964,1.172370627095597e-15,-0.03291004508997872,-0.0,-0.0,-0.0,0.1,-0.0,0
25,1338,world,13.38,1.3272531052949341,1.765595260410355,1.8243556308746354,-0.7930556528884085,-5.791009148602159e-15,0.9860462055210519,9.77682451291886e-16,-0.16647186121845206,0.09442949185596301,1.1745914187963554e-15,-0.032910045089981535,-0.0,-0.0,-0.0,0.1,-0.0,0
25,1339,world,13.39,1.328253105294934,1.766539555328914,1.8243556308746354,-0.7933847533393104,-5.8019581687043224e-15,0.9860462055210519,9.795309485983202e-16,-0.16647186121845206,0.09442949185596203,1.1768122104971136e-15,-0.03291004508998435,-0.0,-0.0,-0.0,0.1,-0.0,0
25,1340,world,13.4,1.3292531052949341,1.7674838502474728,1.8243556308746354,-0.7937138537902121,-5.812907188806488e-15,0.9860462055210519,9.813794459047547e-16,-0.16647186121845206,0.09442949185596104,1.1790330021978716e-15,-0.03291004508998717,-0.0,-0.0,-0.0,0.1,-0.0,0
25,1341,world,13.41,1.330253105294934,1.7684281451660318,1.8243556308746354,-0.7940429542411139,-5.823856208908651e-15,0.9860462055210519,9.83227943211189e-16,-0.16647186121845206,0.09442949185596006,1.18125379389863e-15,-0.03291004508998999,-0.0,-0.0,-0.0,0.1,-0.0,0
25,1342,world,13.42,1.3312531052949341,1.7693724400845907,1.8243556308746354,-0.7943720546920158,-5.834805229010814e-15,0.9860462055210519,9.850764405176234e-16,-0.16647186121845206,0.09442949185595907,1.183474585599388e-15,-0.032910045089992804,-0.0,-0.0,-0.0,0.1,-0.0,0
25,1343,world,13.43,1.332253105294934,1.7703167350031497,1.8243556308746354,-0.7947011551429176,-5.845754249112979e-15,0.9860462055210519,9.869249378240577e-16,-0.16647186121845206,0.0944294918559581,1.1856953773001464e-15,-0.03291004508999562,-0.0,-0.0,-0.0,0.1,-0.0,0
25,1344,world,13.44,1.3332531052949341,1.7712610299217086,1.8243556308746354,-0.7950302555938193,-5.856703269215143e-15,0.9860462055210519,9.88773435130492e-16,-0.16647186121845206,0.09442949185595712,1.1879161690009044e-15,-0.03291004508999844,-0.0,-0.0,-0.0,0.1,-0.0,0
25,1345,world,13.450000000000001,1.334253105294934,1.7722053248402676,1.8243556308746354,-0.7953593560447212,-5.867652289317307e-15,0.9860462055210519,9.906219324369264e-16,-0.16647186121845206,0.09442949185595613,1.1901369607016628e-15,-0.03291004509000126,-0.0,-0.0,-0.0,0.1,-0.0,0
25,1346,world,13.46,1.3352531052949341,1.7731496197588266,1.8243556308746354,-0.795688456495623,-5.8786013094194704e-15,0.9860462055210519,9.924704297433607e-16,-0.16647186121845206,0.09442949185595516,1.192357752402421e-15,-0.03291004509000408,-0.0,-0.0,-0.0,0.1,-0.0,0
25,1347,world,13.47,1.336253105294934,1.7740939146773855,1.8243556308746354,-0.7960175569465249,-5.889550329521636e-15,0.9860462055210519,9.94318927049795e-16,-0.16647186121845206,0.09442949185595417,1.1945785441031792e-15,-0.03291004509000689,-0.0,-0.0,-0.0,0.1,-0.0,0
25,1348,world,13.48,1.3372531052949341,1.7750382095959443,1.8243556308746354,-0.7963466573974267,-5.9004993496238e-15,0.9860462055210519,9.961674243562296e-16,-0.16647186121845206,0.09442949185595319,1.1967993358039376e-15,-0.032910045090009714,-0.0,-0.0,-0.0,0.1,-0.0,0
25,1349,world,13.49,1.338253105294934,1.7759825045145032,1.8243556308746354,-0.7966757578483284,-5.911448369725964e-15,0.9860462055210519,9.98015921662664e-16,-0.16647186121845206,0.0944294918559522,1.1990201275046956e-15,-0.032910045090012524,-0.0,-0.0,-0.0,0.1,-0.0,0
25,1350,world,13.5,1.3392531052949341,1.7769267994330622,1.8243556308746354,-0.7970048582992303,-5.922397389828127e-15,0.9860462055210519,9.998644189690983e-16,-0.16647186121845206,0.09442949185595123,1.201240919205454e-15,-0.03291004509001535,-0.0,-0.0,-0.0,0.1,-0.0,0
25,1351,world,13.51,1.340253105294934,1.7778710943516212,1.8243556308746356,-0.7973339587501321,-5.933346409930291e-15,0.9860462055210519,1.0017129162755326e-15,-0.16647186121845206,0.09442949185595023,1.203461710906212e-15,-0.03291004509001816,-0.0,-0.0,-0.0,0.1,-0.0,0
25,1352,world,13.52,1.3412531052949341,1.7788153892701801,1.8243556308746356,-0.797663059201034,-5.944295430032456e-15,0.9860462055210519,1.0035614135819671e-15,-0.16647186121845206,0.09442949185594926,1.2056825026069704e-15,-0.03291004509002098,-0.0,-0.0,-0.0,0.1,-0.0,0
25,1353,world,13.530000000000001,1.342253105294934,1.779759684188739,1.8243556308746356,-0.7979921596519357,-5.95524445013462e-15,0.9860462055210519,1.0054099108884015e-15,-0.16647186121845206,0.09442949185594829,1.2079032943077286e-15,-0.03291004509002381,-0.0,-0.0,-0.0,0.1,-0.0,0
25,1354,world,13.540000000000001,1.3432531052949341,1.780703979107298,1.8243556308746356,-0.7983212601028375,-5.966193470236783e-15,0.9860462055210519,1.0072584081948358e-15,-0.16647186121845206,0.09442949185594729,1.2101240860084868e-15,-0.03291004509002662,-0.0,-0.0,-0.0,0.1,-0.0,0
25,1355,world,13.55,1.344253105294934,1.7816482740258568,1.8243556308746356,-0.7986503605537394,-5.9771424903389486e-15,0.9860462055210519,1.0091069055012703e-15,-0.16647186121845206,0.09442949185594632,1.2123448777092452e-15,-0.03291004509002944,-0.0,-0.0,-0.0,0.1,-0.0,0
25,1356,world,13.56,1.3452531052949341,1.7825925689444158,1.8243556308746356,-0.7989794610046412,-5.988091510441112e-15,0.9860462055210519,1.0109554028077047e-15,-0.16647186121845206,0.09442949185594533,1.2145656694100034e-15,-0.03291004509003226,-0.0,-0.0,-0.0,0.1,-0.0,0
25,1357,world,13.57,1.346253105294934,1.7835368638629747,1.8243556308746356,-0.799308561455543,-5.999040530543275e-15,0.9860462055210519,1.012803900114139e-15,-0.16647186121845206,0.09442949185594435,1.2167864611107616e-15,-0.032910045090035075,-0.0,-0.0,-0.0,0.1,-0.0,0
25,1358,world,13.58,1.3472531052949341,1.7844811587815337,1.8243556308746356,-0.7996376619064448,-6.0099895506454394e-15,0.9860462055210519,1.0146523974205733e-15,-0.16647186121845206,0.09442949185594336,1.2190072528115198e-15,-0.03291004509003789,-0.0,-0.0,-0.0,0.1,-0.0,0
25,1359,world,13.59,1.348253105294934,1.7854254537000926,1.8243556308746356,-0.7999667623573467,-6.020938570747603e-15,0.9860462055210519,1.0165008947270077e-15,-0.16647186121845206,0.09442949185594239,1.221228044512278e-15,-0.03291004509004071,-0.0,-0.0,-0.0,0.1,-0.0,0
25,1360,world,13.6,1.3492531052949341,1.7863697486186516,1.8243556308746356,-0.8002958628082485,-6.031887590849768e-15,0.9860462055210519,1.018349392033442e-15,-0.16647186121845206,0.0944294918559414,1.223448836213036e-15,-0.03291004509004352,-0.0,-0.0,-0.0,0.1,-0.0,0
25,1361,world,13.61,1.350253105294934,1.7873140435372106,1.8243556308746356,-0.8006249632591502,-6.042836610951933e-15,0.9860462055210519,1.0201978893398765e-15,-0.16647186121845206,0.09442949185594042,1.2256696279137943e-15,-0.03291004509004635,-0.0,-0.0,-0.0,0.1,-0.0,0
25,1362,world,13.620000000000001,1.3512531052949341,1.7882583384557693,1.8243556308746356,-0.8009540637100521,-6.053785631054097e-15,0.9860462055210519,1.0220463866463109e-15,-0.16647186121845206,0.09442949185593943,1.2278904196145523e-15,-0.032910045090049155,-0.0,-0.0,-0.0,0.1,-0.0,0
25,1363,world,13.63,1.352253105294934,1.7892026333743283,1.8243556308746356,-0.8012831641609539,-6.064734651156261e-15,0.9860462055210519,1.0238948839527452e-15,-0.16647186121845206,0.09442949185593846,1.2301112113153107e-15,-0.032910045090051986,-0.0,-0.0,-0.0,0.1,-0.0,0
25,1364,world,13.64,1.3532531052949341,1.7901469282928872,1.8243556308746356,-0.8016122646118558,-6.075683671258426e-15,0.9860462055210519,1.0257433812591797e-15,-0.16647186121845206,0.09442949185593746,1.232332003016069e-15,-0.032910045090054796,-0.0,-0.0,-0.0,0.1,-0.0,0
25,1365,world,13.65,1.354253105294934,1.7910912232114462,1.8243556308746356,-0.8019413650627575,-6.086632691360589e-15,0.9860462055210519,1.027591878565614e-15,-0.16647186121845206,0.09442949185593649,1.2345527947168271e-15,-0.03291004509005762,-0.0,-0.0,-0.0,0.1,-0.0,0
25,1366,world,13.66,1.3552531052949341,1.7920355181300052,1.8243556308746356,-0.8022704655136593,-6.0975817114627545e-15,0.9860462055210519,1.0294403758720486e-15,-0.16647186121845206,0.09442949185593552,1.2367735864175853e-15,-0.03291004509006044,-0.0,-0.0,-0.0,0.1,-0.0,0
25,1367,world,13.67,1.356253105294934,1.7929798130485641,1.8243556308746356,-0.8025995659645612,-6.1085307315649176e-15,0.9860462055210519,1.0312888731784827e-15,-0.16647186121845206,0.09442949185593452,1.2389943781183435e-15,-0.032910045090063254,-0.0,-0.0,-0.0,0.1,-0.0,0
25,1368,world,13.68,1.3572531052949341,1.793924107967123,1.8243556308746358,-0.802928666415463,-6.119479751667082e-15,0.9860462055210519,1.0331373704849173e-15,-0.16647186121845206,0.09442949185593355,1.2412151698191017e-15,-0.03291004509006607,-0.0,-0.0,-0.0,0.1,-0.0,0
25,1369,world,13.69,1.358253105294934,1.794868402885682,1.8243556308746358,-0.8032577668663649,-6.130428771769245e-15,0.9860462055210519,1.0349858677913516e-15,-0.16647186121845206,0.09442949185593257,1.24343596151986e-15,-0.03291004509006889,-0.0,-0.0,-0.0,0.1,-0.0,0
25,1370,world,13.700000000000001,1.3592531052949341,1.7958126978042408,1.8243556308746358,-0.8035868673172666,-6.14137779187141e-15,0.9860462055210519,1.0368343650977861e-15,-0.16647186121845206,0.09442949185593158,1.2456567532206181e-15,-0.032910045090071706,-0.0,-0.0,-0.0,0.1,-0.0,0
25,1371,world,13.71,1.360253105294934,1.7967569927227998,1.8243556308746358,-0.8039159677681684,-6.152326811973574e-15,0.9860462055210519,1.0386828624042205e-15,-0.16647186121845206,0.0944294918559306,1.2478775449213765e-15,-0.03291004509007452,-0.0,-0.0,-0.0,0.1,-0.0,0
25,1372,world,13.72,1.3612531052949342,1.7977012876413587,1.8243556308746358,-0.8042450682190703,-6.163275832075737e-15,0.9860462055210519,1.0405313597106546e-15,-0.16647186121845206,0.09442949185592961,1.2500983366221345e-15,-0.03291004509007734,-0.0,-0.0,-0.0,0.1,-0.0,0
25,1373,world,13.73,1.362253105294934,1.7986455825599177,1.8243556308746358,-0.8045741686699721,-6.1742248521779025e-15,0.9860462055210519,1.0423798570170891e-15,-0.16647186121845206,0.09442949185592864,1.252319128322893e-15,-0.03291004509008016,-0.0,-0.0,-0.0,0.1,-0.0,0
25,1374,world,13.74,1.3632531052949342,1.7995898774784767,1.8243556308746358,-0.8049032691208738,-6.185173872280067e-15,0.9860462055210519,1.0442283543235237e-15,-0.16647186121845206,0.09442949185592765,1.2545399200236511e-15,-0.03291004509008298,-0.0,-0.0,-0.0,0.1,-0.0,0
25,1375,world,13.75,1.364253105294934,1.8005341723970356,1.8243556308746358,-0.8052323695717757,-6.196122892382231e-15,0.9860462055210519,1.046076851629958e-15,-0.16647186121845206,0.09442949185592667,1.2567607117244091e-15,-0.03291004509008579,-0.0,-0.0,-0.0,0.1,-0.0,0
25,1376,world,13.76,1.3652531052949342,1.8014784673155946,1.8243556308746358,-0.8055614700226775,-6.207071912484393e-15,0.9860462055210519,1.0479253489363922e-15,-0.16647186121845206,0.0944294918559257,1.2589815034251675e-15,-0.032910045090088616,-0.0,-0.0,-0.0,0.1,-0.0,0
25,1377,world,13.77,1.366253105294934,1.8024227622341533,1.8243556308746358,-0.8058905704735794,-6.218020932586557e-15,0.9860462055210519,1.0497738462428265e-15,-0.16647186121845206,0.0944294918559247,1.2612022951259255e-15,-0.032910045090091426,-0.0,-0.0,-0.0,0.1,-0.0,0
25,1378,world,13.780000000000001,1.3672531052949342,1.8033670571527123,1.8243556308746358,-0.8062196709244811,-6.228969952688722e-15,0.9860462055210519,1.0516223435492608e-15,-0.16647186121845206,0.09442949185592373,1.263423086826684e-15,-0.03291004509009425,-0.0,-0.0,-0.0,0.1,-0.0,0
25,1379,world,13.790000000000001,1.368253105294934,1.8043113520712712,1.8243556308746358,-0.806548771375383,-6.239918972790886e-15,0.9860462055210519,1.0534708408556952e-15,-0.16647186121845206,0.09442949185592275,1.2656438785274421e-15,-0.03291004509009707,-0.0,-0.0,-0.0,0.1,-0.0,0
25,1380,world,13.8,1.3692531052949342,1.8052556469898302,1.8243556308746358,-0.8068778718262848,-6.25086799289305e-15,0.9860462055210519,1.0553193381621295e-15,-0.16647186121845206,0.09442949185592175,1.2678646702282003e-15,-0.03291004509009989,-0.0,-0.0,-0.0,0.1,-0.0,0
25,1381,world,13.81,1.370253105294934,1.8061999419083892,1.8243556308746358,-0.8072069722771866,-6.261817012995215e-15,0.9860462055210519,1.057167835468564e-15,-0.16647186121845206,0.09442949185592078,1.2700854619289587e-15,-0.0329100450901027,-0.0,-0.0,-0.0,0.1,-0.0,0
25,1382,world,13.82,1.3712531052949342,1.8071442368269481,1.8243556308746358,-0.8075360727280884,-6.27276603309738e-15,0.9860462055210519,1.0590163327749986e-15,-0.16647186121845206,0.0944294918559198,1.2723062536297169e-15,-0.032910045090105526,-0.0,-0.0,-0.0,0.1,-0.0,0
25,1383,world,13.83,1.372253105294934,1.808088531745507,1.8243556308746358,-0.8078651731789902,-6.283715053199543e-15,0.9860462055210519,1.0608648300814327e-15,-0.16647186121845206,0.09442949185591881,1.274527045330475e-15,-0.03291004509010834,-0.0,-0.0,-0.0,0.1,-0.0,0
25,1384,world,13.84,1.3732531052949342,1.8090328266640658,1.8243556308746358,-0.808194273629892,-6.294664073301705e-15,0.9860462055210519,1.062713327387867e-15,-0.16647186121845206,0.09442949185591783,1.276747837031233e-15,-0.032910045090111154,-0.0,-0.0,-0.0,0.1,-0.0,0
25,1385,world,13.85,1.374253105294934,1.8099771215826248,1.824355630874636,-0.8085233740807939,-6.3056130934038715e-15,0.9860462055210519,1.0645618246943016e-15,-0.16647186121845206,0.09442949185591686,1.2789686287319915e-15,-0.03291004509011398,-0.0,-0.0,-0.0,0.1,-0.0,0
25,1386,world,13.86,1.3752531052949342,1.8109214165011838,1.824355630874636,-0.8088524745316956,-6.3165621135060346e-15,0.9860462055210519,1.0664103220007359e-15,-0.16647186121845206,0.09442949185591587,1.2811894204327497e-15,-0.032910045090116795,-0.0,-0.0,-0.0,0.1,-0.0,0
25,1387,world,13.870000000000001,1.376253105294934,1.8118657114197427,1.824355630874636,-0.8091815749825975,-6.327511133608201e-15,0.9860462055210519,1.0682588193071706e-15,-0.16647186121845206,0.09442949185591488,1.2834102121335079e-15,-0.03291004509011961,-0.0,-0.0,-0.0,0.1,-0.0,0
25,1388,world,13.88,1.3772531052949342,1.8128100063383017,1.824355630874636,-0.8095106754334993,-6.338460153710365e-15,0.9860462055210519,1.070107316613605e-15,-0.16647186121845206,0.0944294918559139,1.285631003834266e-15,-0.03291004509012243,-0.0,-0.0,-0.0,0.1,-0.0,0
25,1389,world,13.89,1.378253105294934,1.8137543012568607,1.824355630874636,-0.8098397758844011,-6.34940917381253e-15,0.9860462055210519,1.0719558139200395e-15,-0.16647186121845206,0.09442949185591293,1.2878517955350245e-15,-0.032910045090125246,-0.0,-0.0,-0.0,0.1,-0.0,0
25,1390,world,13.9,1.3792531052949342,1.8146985961754196,1.824355630874636,-0.810168876335303,-6.3603581939146925e-15,0.9860462055210519,1.0738043112264736e-15,-0.16647186121845206,0.09442949185591193,1.2900725872357825e-15,-0.032910045090128064,-0.0,-0.0,-0.0,0.1,-0.0,0
25,1391,world,13.91,1.380253105294934,1.8156428910939784,1.824355630874636,-0.8104979767862047,-6.371307214016857e-15,0.9860462055210519,1.0756528085329082e-15,-0.16647186121845206,0.09442949185591096,1.2922933789365409e-15,-0.03291004509013089,-0.0,-0.0,-0.0,0.1,-0.0,0
25,1392,world,13.92,1.3812531052949342,1.8165871860125373,1.824355630874636,-0.8108270772371066,-6.382256234119021e-15,0.9860462055210519,1.0775013058393425e-15,-0.16647186121845206,0.09442949185590997,1.2945141706372989e-15,-0.0329100450901337,-0.0,-0.0,-0.0,0.1,-0.0,0
25,1393,world,13.93,1.382253105294934,1.8175314809310963,1.824355630874636,-0.8111561776880084,-6.393205254221186e-15,0.9860462055210519,1.079349803145777e-15,-0.16647186121845206,0.09442949185590899,1.2967349623380573e-15,-0.03291004509013652,-0.0,-0.0,-0.0,0.1,-0.0,0
25,1394,world,13.94,1.3832531052949342,1.8184757758496553,1.824355630874636,-0.8114852781389102,-6.4041542743233496e-15,0.9860462055210519,1.0811983004522112e-15,-0.16647186121845206,0.09442949185590802,1.2989557540388155e-15,-0.03291004509013934,-0.0,-0.0,-0.0,0.1,-0.0,0
25,1395,world,13.950000000000001,1.384253105294934,1.8194200707682142,1.824355630874636,-0.811814378589812,-6.4151032944255135e-15,0.9860462055210519,1.0830467977586457e-15,-0.16647186121845206,0.09442949185590703,1.3011765457395737e-15,-0.032910045090142157,-0.0,-0.0,-0.0,0.1,-0.0,0
25,1396,world,13.96,1.3852531052949342,1.8203643656867732,1.824355630874636,-0.8121434790407138,-6.426052314527677e-15,0.9860462055210519,1.0848952950650798e-15,-0.16647186121845206,0.09442949185590604,1.3033973374403319e-15,-0.032910045090144974,-0.0,-0.0,-0.0,0.1,-0.0,0
25,1397,world,13.97,1.386253105294934,1.8213086606053321,1.824355630874636,-0.8124725794916157,-6.437001334629841e-15,0.9860462055210519,1.0867437923715144e-15,-0.16647186121845206,0.09442949185590506,1.30561812914109e-15,-0.032910045090147784,-0.0,-0.0,-0.0,0.1,-0.0,0
25,1398,world,13.98,1.3872531052949342,1.822252955523891,1.824355630874636,-0.8128016799425175,-6.447950354732006e-15,0.9860462055210519,1.088592289677949e-15,-0.16647186121845206,0.09442949185590409,1.3078389208418485e-15,-0.03291004509015061,-0.0,-0.0,-0.0,0.1,-0.0,0
25,1399,world,13.99,1.388253105294934,1.8231972504424498,1.824355630874636,-0.8131307803934192,-6.4588993748341706e-15,0.9860462055210519,1.0904407869843832e-15,-0.16647186121845206,0.0944294918559031,1.3100597125426065e-15,-0.032910045090153425,-0.0,-0.0,-0.0,0.1,-0.0,0
25,1400,world,14.0,1.389228105294934,1.8241179379880448,1.824355630874636,-0.8134516533330486,-6.46957466943378e-15,0.9860462055210519,1.0922430718581567e-15,-0.16647186121845206,0.08970801726310704,1.2466137352283035e-15,-0.03126454283564837,-0.0,-0.0,-0.0,0.095,-0.5,0
25,1401,world,14.01,1.390153105294934,1.8249914107877119,1.8243556308746363,-0.8137560712501327,-6.479702513028282e-15,0.9860462055210519,1.0939529318666084e-15,-0.16647186121845206,0.08498654267031111,1.1828512950966424e-15,-0.0296190405811429,-0.0,-0.0,-0.0,0.09,-0.5,0
25,1402,world,14.02,1.391028105294934,1.825817668841451,1.8243556308746363,-0.8140440341446719,-6.4892829056176756e-15,0.9860462055210519,1.0955703670097386e-15,-0.16647186121845206,0.08026506807751532,1.118789048085379e-15,-0.02797353832663706,-0.0,-0.0,-0.0,0.085,-0.5,0
25,1403,world,14.030000000000001,1.3918531052949341,1.8265967121492621,1.8243556308746363,-0.8143155420166658,-6.49831584720196e-15,0.9860462055210519,1.0970953772875468e-15,-0.16647186121845206,0.07554359348471965,1.0544436501322689e-15,-0.026328036072130856,-0.0,-0.0,-0.0,0.08,-0.5,0
25,1404,world,14.040000000000001,1.392628105294934,1.8273285407111453,1.8243556308746363,-0.8145705948661147,-6.506801337781138e-15,0.9860462055210519,1.0985279627000335e-15,-0.16647186121845206,0.0708221188919241,9.898317571750676e-16,-0.02468253381762431,-0.0,-0.0,-0.0,0.075,-0.5,0
25,1405,world,14.05,1.3933531052949342,1.8280131545271006,1.8243556308746363,-0.8148091926930185,-6.5147393773552065e-15,0.9860462055210519,1.0998681232471986e-15,-0.16647186121845206,0.06610064429912867,9.249700251515314e-16,-0.023037031563117462,-0.0,-0.0,-0.0,0.07,-0.5,0
25,1406,world,14.06,1.3940281052949342,1.8286505535971278,1.8243556308746363,-0.8150313354973773,-6.522129965924167e-15,0.9860462055210519,1.1011158589290416e-15,-0.16647186121845206,0.06137916970633333,8.598751099994153e-16,-0.021391529308610303,-0.0,-0.0,-0.0,0.065,-0.5,0
25,1407,world,14.07,1.394653105294934,1.829240737921227,1.8243556308746363,-0.8152370232791909,-6.528973103488021e-15,0.9860462055210519,1.1022711697455634e-15,-0.16647186121845206,0.05665769511353808,7.945636676564755e-16,-0.019746027054102878,-0.0,-0.0,-0.0,0.06,-0.5,0
25,1408,world,14.08,1.395228105294934,1.8297837074993986,1.8243556308746363,-0.8154262560384594,-6.535268790046765e-15,0.9860462055210519,1.103334055696763e-15,-0.16647186121845206,0.05193622052074294,7.290523540604673e-16,-0.018100524799595192,-0.0,-0.0,-0.0,0.055,-0.5,0
25,1409,world,14.09,1.3957531052949341,1.8302794623316418,1.8243556308746363,-0.815599033775183,-6.541017025600402e-15,0.9860462055210519,1.104304516782641e-15,-0.16647186121845206,0.04721474592794787,6.633578251491466e-16,-0.01645502254508728,-0.0,-0.0,-0.0,0.05,-0.5,0
25,1410,world,14.1,1.3962281052949341,1.8307280024179575,1.8243556308746363,-0.8157553564893613,-6.546217810148929e-15,0.9860462055210519,1.1051825530031973e-15,-0.16647186121845206,0.04249327133515287,5.97496736860269e-16,-0.014809520290579154,-0.0,-0.0,-0.0,0.045,-0.5,0
25,1411,world,14.11,1.396653105294934,1.831129327758345,1.8243556308746363,-0.8158952241809946,-6.550871143692348e-15,0.9860462055210519,1.1059681643584319e-15,-0.16647186121845206,0.037771796742357935,5.314857451315901e-16,-0.013164018036070837,-0.0,-0.0,-0.0,0.04,-0.5,0
25,1412,world,14.120000000000001,1.397028105294934,1.8314834383528045,1.8243556308746363,-0.8160186368500827,-6.554977026230661e-15,0.9860462055210519,1.106661350848345e-15,-0.16647186121845206,0.03305032214956307,4.6534150590086595e-16,-0.011518515781562355,-0.0,-0.0,-0.0,0.035,-0.5,0
25,1413,world,14.13,1.3973531052949342,1.8317903342013362,1.8243556308746363,-0.8161255944966258,-6.5585354577638644e-15,0.9860462055210519,1.107262112472936e-15,-0.16647186121845206,0.028328847556768247,3.9908067510585187e-16,-0.00987301352705372,-0.0,-0.0,-0.0,0.03,-0.5,0
25,1414,world,14.14,1.397628105294934,1.8320500153039398,1.8243556308746363,-0.8162160971206238,-6.5615464382919585e-15,0.9860462055210519,1.1077704492322056e-15,-0.16647186121845206,0.023607372963973472,3.327199086843037e-16,-0.008227511272544962,-0.0,-0.0,-0.0,0.025,-0.5,0
25,1415,world,14.15,1.3978531052949341,1.8322624816606157,1.8243556308746363,-0.8162901447220767,-6.564009967814946e-15,0.9860462055210519,1.1081863611261532e-15,-0.16647186121845206,0.018885898371178735,2.6627586257397707e-16,-0.006582009018036096,-0.0,-0.0,-0.0,0.02,-0.5,0
25,1416,world,14.16,1.3980281052949342,1.8324277332713634,1.8243556308746363,-0.8163477373009845,-6.5659260463328236e-15,0.9860462055210519,1.1085098481547794e-15,-0.16647186121845206,0.014164423778384025,1.997651927126277e-16,-0.004936506763527145,-0.0,-0.0,-0.0,0.015,-0.5,0
25,1417,world,14.17,1.398153105294934,1.8325457701361834,1.8243556308746363,-0.8163888748573472,-6.5672946738455946e-15,0.9860462055210519,1.1087409103180835e-15,-0.16647186121845206,0.009442949185589338,1.3320455503801128e-16,-0.0032910045090181325,-0.0,-0.0,-0.0,0.01,-0.5,0
25,1418,world,14.18,1.3982281052949341,1.8326165922550752,1.8243556308746363,-0.816413557391165,-6.5681158503532565e-15,0.9860462055210519,1.108879547616066e-15,-0.16647186121845206,0.004721474592794665,6.661060548788349e-17,-0.0016455022545090766,-0.0,-0.0,-0.0,0.005,-0.5,0
25,1419,world,14.18253105294934,1.398253105294934,1.8326401996280393,1.8243556308746363,-0.8164217849024374,-6.568389575855811e-15,0.9860462055210519,1.108925760048727e-15,-0.16647186121845206,0.0,0.0,-0.0,-0.0,-0.0,-0.0,0.0,-0.5,0
