row_index,point_index,frame_id,t,s,position_x,position_y,position_z,orientation_x,orientation_y,orientation_z,orientation_w,linear_velocity_x,linear_velocity_y,linear_velocity_z,angular_velocity_x,angular_velocity_y,angular_velocity_z,path_speed,path_acceleration,paint
13,0,world,0.0,0.0,3.957499914169338,0.7039450897939641,-0.497455079935418,-0.6798587362312491,-0.6798587362310802,-0.19440190011971156,0.19440190011975989,-0.0,-0.0,-0.0,-0.0,-0.0,-0.0,0.0,-0.0,0
13,1,world,0.01,1.1397192796192002e-05,3.957499914169338,0.7039354154024524,-0.4974611050621811,-0.6798587362312491,-0.6798587362310802,-0.19440190011971156,0.19440190011975989,-8.395688372407205e-16,-0.0028656603278214335,-0.0017847082903732854,-0.0,-0.0,-0.0,0.0033759728666233058,0.5,0
13,2,world,0.02,7.01569214625053e-05,3.957499914169338,0.7038855378027308,-0.497492168396821,-0.6798587362312491,-0.6798587362310802,-0.19440190011971156,0.19440190011975989,-2.0829941970075946e-15,-0.0071098596164958765,-0.004427958637581111,-0.0,-0.0,-0.0,0.0083759728666232,0.5,0
13,3,world,0.03,0.00017891665012848001,3.957499914169338,0.7037932182101226,-0.4975496642349327,-0.6798587362312491,-0.6798587362310802,-0.19440190011971156,0.19440190011975989,-3.3263636691702686e-15,-0.011354058905170314,-0.007071208984788945,-0.0,-0.0,-0.0,0.013375972866623093,0.5,0
13,4,world,0.04,0.00033767637879500434,3.957499914169338,0.7036584566246273,-0.49763359257651674,-0.6798587362312491,-0.6798587362310802,-0.19440190011971156,0.19440190011975989,-4.5696438918703134e-15,-0.015598258193844743,-0.009714459331996795,-0.0,-0.0,-0.0,0.018375972866622986,0.5,0
13,5,world,0.05,0.000546436107460968,3.957499914169338,0.7034812530462458,-0.4977439534215726,-0.6798587362312491,-0.6798587362310802,-0.19440190011971156,0.19440190011975989,-5.8128015032492974e-15,-0.019842457482519157,-0.012357709679204664,-0.0,-0.0,-0.0,0.02337597286662288,0.5,0
13,6,world,0.06,0.0008051958361274814,3.957499914169338,0.7032616074749769,-0.49788074677010086,-0.6798587362312491,-0.6798587362310802,-0.19440190011971156,0.19440190011975989,-7.055803141448786e-15,-0.024086656771193555,-0.01500096002641256,-0.0,-0.0,-0.0,0.028375972866622773,0.5,0
13,7,world,0.07,0.001113955564793434,3.9574999141693374,0.7029995199108219,-0.4980439726221009,-0.6798587362312491,-0.6798587362310802,-0.19440190011971156,0.19440190011975989,-8.298615444610356e-15,-0.02833085605986794,-0.01764421037362049,-0.0,-0.0,-0.0,0.033375972866622666,0.5,0
13,8,world,0.08,0.0014727152934597143,3.9574999141693374,0.7026949903537797,-0.4982336309775731,-0.6798587362312491,-0.6798587362310802,-0.19440190011971156,0.19440190011975989,-9.54120505087579e-15,-0.03257505534854305,-0.02028746072082892,-0.0,-0.0,-0.0,0.03837597286662345,0.5,0
13,9,world,0.09,0.0018814750221261,3.9574999141693374,0.7023480188038508,-0.49844972183651753,-0.6798587362312491,-0.6798587362310802,-0.19440190011971156,0.19440190011975989,-1.078353859838622e-14,-0.03681925463721738,-0.02293071106803693,-0.0,-0.0,-0.0,0.04337597286662334,0.5,0
13,10,world,0.1,0.0023402347507923693,3.9574999141693374,0.7019586052610352,-0.49869224519893396,-0.6798587362312491,-0.6798587362310802,-0.19440190011971156,0.19440190011975989,-1.2025582725283433e-14,-0.04106345392589167,-0.02557396141524498,-0.0,-0.0,-0.0,0.048375972866623235,0.5,0
13,11,world,0.11,0.0028489944794583,3.957499914169337,0.7015267497253331,-0.4989612010648223,-0.6798587362312491,-0.6798587362310802,-0.19440190011971156,0.19440190011975989,-1.3267304069709001e-14,-0.04530765321456594,-0.02821721176245309,-0.0,-0.0,-0.0,0.05337597286662313,0.5,0
13,12,world,0.12,0.0034077542081247802,3.957499914169337,0.701052452196744,-0.499256589434183,-0.6798587362312491,-0.6798587362310802,-0.19440190011971156,0.19440190011975986,-1.450866926980449e-14,-0.04955185250324017,-0.030860462109661254,-0.0,-0.0,-0.0,0.05837597286662302,0.5,0
13,13,world,0.13,0.004016513936790922,3.957499914169337,0.7005357126752683,-0.49957841030701555,-0.6798587362312491,-0.6798587362310802,-0.19440190011971156,0.19440190011975986,-1.574964496371147e-14,-0.05379605179191436,-0.033503712456869485,-0.0,-0.0,-0.0,0.06337597286662291,0.5,0
13,14,world,0.14,0.004675273665457169,3.9574999141693366,0.6999765311609056,-0.4999266636833203,-0.6798587362312491,-0.6798587362310802,-0.19440190011971156,0.19440190011975986,-1.699019778957152e-14,-0.05804025108058851,-0.036146962804077795,-0.0,-0.0,-0.0,0.06837597286662281,0.5,0
13,15,world,0.15,0.0053840333941233,3.9574999141693366,0.6993749076536565,-0.500301349563097,-0.6798587362312491,-0.6798587362310802,-0.19440190011971156,0.19440190011975986,-1.823029438552619e-14,-0.06228445036926261,-0.03879021315128617,-0.0,-0.0,-0.0,0.0733759728666227,0.5,0
13,16,world,0.16,0.006142793122789758,3.9574999141693366,0.6987308421535202,-0.500702467946346,-0.6798587362312491,-0.6798587362310802,-0.19440190011971156,0.19440190011975986,-1.946990138971728e-14,-0.06652864965793741,-0.0414334634984951,-0.0,-0.0,-0.0,0.07837597286662348,0.5,0
13,17,world,0.17,0.0069515528514561,3.957499914169336,0.6980443346604974,-0.5011300188330671,-0.6798587362312491,-0.6798587362310802,-0.19440190011971156,0.19440190011975986,-2.0708985440285918e-14,-0.0707728489466114,-0.04407671384570364,-0.0,-0.0,-0.0,0.08337597286662338,0.5,0
13,18,world,0.18,0.007810312580122103,3.957499914169336,0.6973153851745881,-0.5015840022232599,-0.679858736231249,-0.6798587362310803,-0.1944019001197116,0.19440190011975989,-2.19475131753739e-14,-0.07501704823528534,-0.04671996419291229,-0.0,-0.0,-0.0,0.08837597286662327,0.5,0
13,19,world,0.19,0.008719072308788212,3.9574999141693357,0.6965439936957919,-0.502064418116925,-0.679858736231249,-0.6798587362310803,-0.1944019001197116,0.19440190011975983,-2.318545123312278e-14,-0.07926124752395922,-0.04936321454012101,-0.0,-0.0,-0.0,0.09337597286662316,0.5,0
13,20,world,0.2,0.009677832037454648,3.9574999141693357,0.6957301602241087,-0.5025712665140623,-0.679858736231249,-0.6798587362310803,-0.1944019001197116,0.19440190011975983,-2.442276625167414e-14,-0.08350544681263301,-0.05200646488732986,-0.0,-0.0,-0.0,0.09837597286662306,0.5,0
13,21,world,0.21,0.010675194573324553,3.957499914169335,0.6948835591510508,-0.5030985222879083,-0.679858736231249,-0.6798587362310803,-0.1944019001197116,0.19440190011975983,-2.4821509840926512e-14,-0.08488398577348581,-0.05286500694416544,-0.0,-0.0,-0.0,0.1,-0.0,0
13,22,world,0.22,0.011675194573324443,3.9574999141693348,0.6940347192933161,-0.5036271723573499,-0.679858736231249,-0.6798587362310803,-0.1944019001197116,0.19440190011975983,-2.4817061593135737e-14,-0.08488398577348535,-0.05286500694416618,-0.0,-0.0,-0.0,0.1,-0.0,0
13,23,world,0.23,0.012675194573324555,3.9574999141693348,0.693185879435581,-0.5041558224267915,-0.679858736231249,-0.6798587362310803,-0.1944019001197116,0.19440190011975983,-2.481261334534495e-14,-0.08488398577348488,-0.05286500694416692,-0.0,-0.0,-0.0,0.1,-0.0,0
13,24,world,0.24,0.013675194573324667,3.9574999141693343,0.692337039577846,-0.5046844724962332,-0.6798587362312489,-0.6798587362310804,-0.19440190011971162,0.19440190011975983,-2.4808165097554168e-14,-0.08488398577348444,-0.05286500694416766,-0.0,-0.0,-0.0,0.1,-0.0,0
13,25,world,0.25,0.014675194573324557,3.9574999141693343,0.6914881997201112,-0.5052131225656746,-0.6798587362312489,-0.6798587362310804,-0.19440190011971162,0.19440190011975983,-2.480371684976338e-14,-0.08488398577348397,-0.052865006944168395,-0.0,-0.0,-0.0,0.1,-0.0,0
13,26,world,0.26,0.01567519457332467,3.957499914169334,0.6906393598623761,-0.5057417726351163,-0.6798587362312489,-0.6798587362310804,-0.19440190011971162,0.19440190011975983,-2.47992686019726e-14,-0.08488398577348351,-0.05286500694416914,-0.0,-0.0,-0.0,0.1,-0.0,0
13,27,world,0.27,0.01667519457332456,3.957499914169334,0.6897905200046414,-0.5062704227045578,-0.6798587362312489,-0.6798587362310804,-0.19440190011971162,0.19440190011975983,-2.4794820354181814e-14,-0.08488398577348305,-0.05286500694416988,-0.0,-0.0,-0.0,0.1,-0.0,0
13,28,world,0.28,0.01767519457332467,3.9574999141693334,0.6889416801469064,-0.5067990727739995,-0.6798587362312489,-0.6798587362310804,-0.19440190011971162,0.19440190011975977,-2.4790372106391026e-14,-0.08488398577348259,-0.0528650069441706,-0.0,-0.0,-0.0,0.1,-0.0,0
13,29,world,0.29,0.01867519457332456,3.9574999141693334,0.6880928402891715,-0.507327722843441,-0.6798587362312489,-0.6798587362310804,-0.19440190011971162,0.19440190011975977,-2.4785923858600245e-14,-0.08488398577348212,-0.052865006944171344,-0.0,-0.0,-0.0,0.1,-0.0,0
13,30,world,0.3,0.01967519457332445,3.957499914169333,0.6872440004314367,-0.5078563729128824,-0.6798587362312488,-0.6798587362310805,-0.19440190011971165,0.19440190011975983,-2.478147561080946e-14,-0.08488398577348166,-0.052865006944172094,-0.0,-0.0,-0.0,0.1,-0.0,0
13,31,world,0.31,0.020675194573324562,3.9574999141693326,0.6863951605737018,-0.5083850229823241,-0.6798587362312488,-0.6798587362310805,-0.19440190011971165,0.19440190011975983,-2.4777027363018682e-14,-0.08488398577348122,-0.052865006944172836,-0.0,-0.0,-0.0,0.1,-0.0,0
13,32,world,0.32,0.021675194573324452,3.9574999141693326,0.6855463207159669,-0.5089136730517656,-0.6798587362312488,-0.6798587362310805,-0.19440190011971165,0.19440190011975983,-2.477257911522789e-14,-0.08488398577348075,-0.052865006944173565,-0.0,-0.0,-0.0,0.1,-0.0,0
13,33,world,0.33,0.022675194573324564,3.957499914169332,0.6846974808582319,-0.5094423231212073,-0.6798587362312488,-0.6798587362310805,-0.19440190011971165,0.19440190011975977,-2.4768130867437113e-14,-0.08488398577348029,-0.052865006944174314,-0.0,-0.0,-0.0,0.1,-0.0,0
13,34,world,0.34,0.023675194573324676,3.957499914169332,0.6838486410004969,-0.5099709731906489,-0.6798587362312488,-0.6798587362310805,-0.19440190011971165,0.19440190011975977,-2.4763682619646322e-14,-0.08488398577347983,-0.05286500694417504,-0.0,-0.0,-0.0,0.1,-0.0,0
13,35,world,0.35000000000000003,0.024675194573324566,3.9574999141693317,0.682999801142762,-0.5104996232600905,-0.6798587362312488,-0.6798587362310805,-0.19440190011971165,0.19440190011975977,-2.475923437185555e-14,-0.08488398577347937,-0.052865006944175785,-0.0,-0.0,-0.0,0.1,-0.0,0
13,36,world,0.36,0.025675194573324678,3.9574999141693317,0.6821509612850271,-0.511028273329532,-0.6798587362312488,-0.6798587362310805,-0.19440190011971165,0.19440190011975977,-2.475478612406476e-14,-0.0848839857734789,-0.05286500694417652,-0.0,-0.0,-0.0,0.1,-0.0,0
13,37,world,0.37,0.026675194573324568,3.9574999141693312,0.6813021214272923,-0.5115569233989735,-0.6798587362312488,-0.6798587362310805,-0.19440190011971165,0.19440190011975977,-2.4750337876273974e-14,-0.08488398577347844,-0.05286500694417726,-0.0,-0.0,-0.0,0.1,-0.0,0
13,38,world,0.38,0.027675194573324458,3.9574999141693312,0.6804532815695574,-0.5120855734684151,-0.6798587362312488,-0.6798587362310805,-0.19440190011971165,0.19440190011975975,-2.4745889628483196e-14,-0.084883985773478,-0.052865006944178006,-0.0,-0.0,-0.0,0.1,-0.0,0
13,39,world,0.39,0.02867519457332457,3.957499914169331,0.6796044417118224,-0.5126142235378567,-0.6798587362312488,-0.6798587362310805,-0.19440190011971165,0.19440190011975975,-2.4741441380692405e-14,-0.08488398577347753,-0.05286500694417874,-0.0,-0.0,-0.0,0.1,-0.0,0
13,40,world,0.4,0.02967519457332446,3.9574999141693303,0.6787556018540877,-0.5131428736072983,-0.6798587362312488,-0.6798587362310805,-0.19440190011971165,0.19440190011975975,-2.4736993132901627e-14,-0.08488398577347707,-0.052865006944179484,-0.0,-0.0,-0.0,0.1,-0.0,0
13,41,world,0.41000000000000003,0.03067519457332457,3.9574999141693303,0.6779067619963527,-0.5136715236767398,-0.6798587362312487,-0.6798587362310806,-0.19440190011971167,0.19440190011975977,-2.4732544885110842e-14,-0.08488398577347661,-0.05286500694418022,-0.0,-0.0,-0.0,0.1,-0.0,0
13,42,world,0.42,0.03167519457332468,3.95749991416933,0.6770579221386176,-0.5142001737461815,-0.6798587362312487,-0.6798587362310806,-0.19440190011971167,0.19440190011975972,-2.472809663732006e-14,-0.08488398577347615,-0.05286500694418096,-0.0,-0.0,-0.0,0.1,-0.0,0
13,43,world,0.43,0.03267519457332457,3.95749991416933,0.6762090822808828,-0.514728823815623,-0.6798587362312487,-0.6798587362310806,-0.19440190011971167,0.19440190011975972,-2.4723648389529273e-14,-0.08488398577347568,-0.0528650069441817,-0.0,-0.0,-0.0,0.1,-0.0,0
13,44,world,0.44,0.033675194573324685,3.9574999141693294,0.6753602424231478,-0.5152574738850647,-0.6798587362312487,-0.6798587362310806,-0.19440190011971167,0.19440190011975972,-2.471920014173849e-14,-0.08488398577347522,-0.05286500694418244,-0.0,-0.0,-0.0,0.1,-0.0,0
13,45,world,0.45,0.034675194573324575,3.9574999141693294,0.674511402565413,-0.5157861239545062,-0.6798587362312487,-0.6798587362310806,-0.19440190011971167,0.19440190011975972,-2.4714751893947704e-14,-0.08488398577347477,-0.05286500694418317,-0.0,-0.0,-0.0,0.1,-0.0,0
13,46,world,0.46,0.035675194573324465,3.957499914169329,0.6736625627076782,-0.5163147740239477,-0.6798587362312487,-0.6798587362310806,-0.19440190011971167,0.19440190011975972,-2.471030364615692e-14,-0.08488398577347431,-0.05286500694418392,-0.0,-0.0,-0.0,0.1,-0.0,0
13,47,world,0.47000000000000003,0.03667519457332458,3.9574999141693286,0.6728137228499432,-0.5168434240933893,-0.6798587362312486,-0.6798587362310807,-0.1944019001197117,0.19440190011975972,-2.4705855398366138e-14,-0.08488398577347385,-0.05286500694418466,-0.0,-0.0,-0.0,0.1,-0.0,0
13,48,world,0.48,0.037675194573324466,3.9574999141693286,0.6719648829922084,-0.5173720741628308,-0.6798587362312486,-0.6798587362310807,-0.1944019001197117,0.19440190011975972,-2.4701407150575353e-14,-0.08488398577347339,-0.05286500694418539,-0.0,-0.0,-0.0,0.1,-0.0,0
13,49,world,0.49,0.03867519457332458,3.957499914169328,0.6711160431344734,-0.5179007242322725,-0.6798587362312486,-0.6798587362310807,-0.1944019001197117,0.19440190011975972,-2.4696958902784575e-14,-0.08488398577347293,-0.05286500694418614,-0.0,-0.0,-0.0,0.1,-0.0,0
13,50,world,0.5,0.03967519457332469,3.957499914169328,0.6702672032767384,-0.5184293743017141,-0.6798587362312486,-0.6798587362310807,-0.1944019001197117,0.19440190011975972,-2.4692510654993784e-14,-0.08488398577347246,-0.05286500694418687,-0.0,-0.0,-0.0,0.1,-0.0,0
13,51,world,0.51,0.04067519457332458,3.9574999141693277,0.6694183634190035,-0.5189580243711557,-0.6798587362312486,-0.6798587362310807,-0.1944019001197117,0.19440190011975972,-2.4688062407203006e-14,-0.084883985773472,-0.05286500694418761,-0.0,-0.0,-0.0,0.1,-0.0,0
13,52,world,0.52,0.04167519457332469,3.9574999141693277,0.6685695235612685,-0.5194866744405973,-0.6798587362312486,-0.6798587362310807,-0.1944019001197117,0.1944019001197597,-2.4683614159412215e-14,-0.08488398577347155,-0.052865006944188345,-0.0,-0.0,-0.0,0.1,-0.0,0
13,53,world,0.53,0.04267519457332458,3.9574999141693272,0.6677206837035338,-0.5200153245100387,-0.6798587362312485,-0.6798587362310808,-0.19440190011971173,0.19440190011975972,-2.467916591162143e-14,-0.08488398577347109,-0.05286500694418908,-0.0,-0.0,-0.0,0.1,-0.0,0
13,54,world,0.54,0.04367519457332447,3.9574999141693272,0.6668718438457989,-0.5205439745794803,-0.6798587362312485,-0.6798587362310808,-0.19440190011971173,0.19440190011975972,-2.4674717663830652e-14,-0.08488398577347062,-0.05286500694418982,-0.0,-0.0,-0.0,0.1,-0.0,0
13,55,world,0.55,0.044675194573324584,3.957499914169327,0.6660230039880639,-0.5210726246489219,-0.6798587362312485,-0.6798587362310808,-0.19440190011971173,0.19440190011975972,-2.4670269416039867e-14,-0.08488398577347017,-0.052865006944190565,-0.0,-0.0,-0.0,0.1,-0.0,0
13,56,world,0.56,0.045675194573324474,3.9574999141693263,0.6651741641303291,-0.5216012747183635,-0.6798587362312485,-0.6798587362310808,-0.19440190011971173,0.19440190011975972,-2.4665821168249083e-14,-0.0848839857734697,-0.0528650069441913,-0.0,-0.0,-0.0,0.1,-0.0,0
13,57,world,0.5700000000000001,0.046675194573324585,3.9574999141693263,0.664325324272594,-0.5221299247878051,-0.6798587362312485,-0.6798587362310808,-0.19440190011971173,0.19440190011975966,-2.4661372920458298e-14,-0.08488398577346924,-0.05286500694419204,-0.0,-0.0,-0.0,0.1,-0.0,0
13,58,world,0.58,0.0476751945733247,3.957499914169326,0.6634764844148591,-0.5226585748572468,-0.6798587362312485,-0.6798587362310808,-0.19440190011971173,0.19440190011975966,-2.4656924672667516e-14,-0.08488398577346878,-0.052865006944192786,-0.0,-0.0,-0.0,0.1,-0.0,0
13,59,world,0.59,0.04867519457332459,3.957499914169326,0.6626276445571243,-0.5231872249266882,-0.6798587362312485,-0.6798587362310808,-0.19440190011971173,0.19440190011975966,-2.465247642487673e-14,-0.08488398577346833,-0.05286500694419352,-0.0,-0.0,-0.0,0.1,-0.0,0
13,60,world,0.6,0.0496751945733247,3.9574999141693255,0.6617788046993893,-0.5237158749961299,-0.6798587362312485,-0.6798587362310808,-0.19440190011971173,0.19440190011975966,-2.4648028177085947e-14,-0.08488398577346787,-0.052865006944194264,-0.0,-0.0,-0.0,0.1,-0.0,0
13,61,world,0.61,0.05067519457332459,3.9574999141693255,0.6609299648416544,-0.5242445250655714,-0.6798587362312485,-0.6798587362310808,-0.19440190011971173,0.19440190011975964,-2.4643579929295163e-14,-0.0848839857734674,-0.05286500694419499,-0.0,-0.0,-0.0,0.1,-0.0,0
13,62,world,0.62,0.05167519457332448,3.957499914169325,0.6600811249839197,-0.5247731751350129,-0.6798587362312485,-0.6798587362310808,-0.19440190011971173,0.19440190011975964,-2.4639131681504378e-14,-0.08488398577346695,-0.05286500694419574,-0.0,-0.0,-0.0,0.1,-0.0,0
13,63,world,0.63,0.05267519457332459,3.957499914169325,0.6592322851261847,-0.5253018252044546,-0.6798587362312484,-0.679858736231081,-0.19440190011971178,0.19440190011975966,-2.4634683433713593e-14,-0.08488398577346648,-0.05286500694419647,-0.0,-0.0,-0.0,0.1,-0.0,0
13,64,world,0.64,0.05367519457332448,3.9574999141693246,0.6583834452684498,-0.525830475273896,-0.6798587362312484,-0.679858736231081,-0.19440190011971178,0.19440190011975966,-2.463023518592281e-14,-0.08488398577346602,-0.05286500694419721,-0.0,-0.0,-0.0,0.1,-0.0,0
13,65,world,0.65,0.05467519457332459,3.957499914169324,0.6575346054107148,-0.5263591253433377,-0.6798587362312484,-0.679858736231081,-0.19440190011971178,0.19440190011975966,-2.4625786938132024e-14,-0.08488398577346556,-0.05286500694419795,-0.0,-0.0,-0.0,0.1,-0.0,0
13,66,world,0.66,0.055675194573324704,3.957499914169324,0.6566857655529799,-0.5268877754127793,-0.6798587362312484,-0.679858736231081,-0.19440190011971178,0.1944019001197596,-2.462133869034124e-14,-0.0848839857734651,-0.05286500694419869,-0.0,-0.0,-0.0,0.1,-0.0,0
13,67,world,0.67,0.056675194573324594,3.9574999141693237,0.655836925695245,-0.5274164254822209,-0.6798587362312484,-0.679858736231081,-0.19440190011971178,0.1944019001197596,-2.461689044255046e-14,-0.08488398577346463,-0.052865006944199426,-0.0,-0.0,-0.0,0.1,-0.0,0
13,68,world,0.68,0.057675194573324706,3.9574999141693237,0.65498808583751,-0.5279450755516625,-0.6798587362312483,-0.6798587362310811,-0.1944019001197118,0.19440190011975966,-2.4612442194759677e-14,-0.08488398577346418,-0.05286500694420017,-0.0,-0.0,-0.0,0.1,-0.0,0
13,69,world,0.6900000000000001,0.058675194573324596,3.9574999141693232,0.6541392459797752,-0.5284737256211041,-0.6798587362312483,-0.6798587362310811,-0.1944019001197118,0.19440190011975966,-2.46079939469689e-14,-0.08488398577346373,-0.05286500694420091,-0.0,-0.0,-0.0,0.1,-0.0,0
13,70,world,0.7000000000000001,0.059675194573324486,3.9574999141693232,0.6532904061220404,-0.5290023756905455,-0.6798587362312483,-0.6798587362310811,-0.1944019001197118,0.19440190011975966,-2.4603545699178108e-14,-0.08488398577346326,-0.05286500694420165,-0.0,-0.0,-0.0,0.1,-0.0,0
13,71,world,0.71,0.0606751945733246,3.957499914169323,0.6524415662643054,-0.5295310257599871,-0.6798587362312483,-0.6798587362310811,-0.1944019001197118,0.1944019001197596,-2.4599097451387323e-14,-0.0848839857734628,-0.05286500694420239,-0.0,-0.0,-0.0,0.1,-0.0,0
13,72,world,0.72,0.06167519457332449,3.9574999141693223,0.6515927264065706,-0.5300596758294287,-0.6798587362312483,-0.6798587362310811,-0.1944019001197118,0.1944019001197596,-2.4594649203596545e-14,-0.08488398577346234,-0.052865006944203125,-0.0,-0.0,-0.0,0.1,-0.0,0
13,73,world,0.73,0.0626751945733246,3.9574999141693223,0.6507438865488355,-0.5305883258988703,-0.6798587362312483,-0.6798587362310811,-0.1944019001197118,0.1944019001197596,-2.459020095580576e-14,-0.08488398577346189,-0.05286500694420387,-0.0,-0.0,-0.0,0.1,-0.0,0
13,74,world,0.74,0.06367519457332471,3.957499914169322,0.6498950466911005,-0.531116975968312,-0.6798587362312483,-0.6798587362310811,-0.1944019001197118,0.1944019001197596,-2.458575270801498e-14,-0.08488398577346143,-0.05286500694420461,-0.0,-0.0,-0.0,0.1,-0.0,0
13,75,world,0.75,0.0646751945733246,3.957499914169322,0.6490462068333658,-0.5316456260377534,-0.6798587362312483,-0.6798587362310811,-0.1944019001197118,0.1944019001197596,-2.458130446022419e-14,-0.08488398577346096,-0.052865006944205345,-0.0,-0.0,-0.0,0.1,-0.0,0
13,76,world,0.76,0.06567519457332471,3.9574999141693215,0.6481973669756308,-0.5321742761071951,-0.6798587362312483,-0.6798587362310811,-0.1944019001197118,0.19440190011975958,-2.457685621243341e-14,-0.08488398577346051,-0.05286500694420609,-0.0,-0.0,-0.0,0.1,-0.0,0
13,77,world,0.77,0.0666751945733246,3.9574999141693215,0.6473485271178959,-0.5327029261766366,-0.6798587362312483,-0.6798587362310811,-0.1944019001197118,0.19440190011975958,-2.4572407964642622e-14,-0.08488398577346004,-0.052865006944206816,-0.0,-0.0,-0.0,0.1,-0.0,0
13,78,world,0.78,0.0676751945733245,3.957499914169321,0.6464996872601612,-0.5332315762460782,-0.6798587362312482,-0.6798587362310812,-0.19440190011971184,0.1944019001197596,-2.456795971685184e-14,-0.08488398577345958,-0.05286500694420755,-0.0,-0.0,-0.0,0.1,-0.0,0
13,79,world,0.79,0.0686751945733246,3.957499914169321,0.6456508474024261,-0.5337602263155198,-0.6798587362312482,-0.6798587362310812,-0.19440190011971184,0.1944019001197596,-2.4563511469061056e-14,-0.08488398577345913,-0.052865006944208294,-0.0,-0.0,-0.0,0.1,-0.0,0
13,80,world,0.8,0.0696751945733245,3.9574999141693206,0.6448020075446913,-0.5342888763849613,-0.6798587362312482,-0.6798587362310812,-0.19440190011971184,0.19440190011975955,-2.455906322127027e-14,-0.08488398577345867,-0.052865006944209036,-0.0,-0.0,-0.0,0.1,-0.0,0
13,81,world,0.81,0.0706751945733246,3.95749991416932,0.6439531676869563,-0.534817526454403,-0.6798587362312482,-0.6798587362310812,-0.19440190011971184,0.19440190011975955,-2.4554614973479486e-14,-0.0848839857734582,-0.05286500694420977,-0.0,-0.0,-0.0,0.1,-0.0,0
13,82,world,0.8200000000000001,0.0716751945733245,3.95749991416932,0.6431043278292214,-0.5353461765238444,-0.6798587362312482,-0.6798587362310812,-0.19440190011971184,0.19440190011975955,-2.4550166725688702e-14,-0.08488398577345774,-0.052865006944210514,-0.0,-0.0,-0.0,0.1,-0.0,0
13,83,world,0.8300000000000001,0.07267519457332461,3.9574999141693197,0.6422554879714865,-0.5358748265932861,-0.679858736231248,-0.6798587362310813,-0.19440190011971187,0.19440190011975958,-2.4545718477897917e-14,-0.08488398577345728,-0.05286500694421125,-0.0,-0.0,-0.0,0.1,-0.0,0
13,84,world,0.84,0.07367519457332472,3.9574999141693197,0.6414066481137515,-0.5364034766627277,-0.679858736231248,-0.6798587362310813,-0.19440190011971187,0.19440190011975958,-2.4541270230107133e-14,-0.08488398577345682,-0.05286500694421199,-0.0,-0.0,-0.0,0.1,-0.0,0
13,85,world,0.85,0.07467519457332461,3.9574999141693192,0.6405578082560167,-0.5369321267321693,-0.679858736231248,-0.6798587362310813,-0.19440190011971187,0.19440190011975955,-2.4536821982316357e-14,-0.08488398577345636,-0.052865006944212735,-0.0,-0.0,-0.0,0.1,-0.0,0
13,86,world,0.86,0.07567519457332472,3.9574999141693192,0.6397089683982816,-0.5374607768016109,-0.679858736231248,-0.6798587362310813,-0.19440190011971187,0.19440190011975955,-2.453237373452557e-14,-0.0848839857734559,-0.05286500694421347,-0.0,-0.0,-0.0,0.1,-0.0,0
13,87,world,0.87,0.07667519457332461,3.957499914169319,0.6388601285405469,-0.5379894268710523,-0.679858736231248,-0.6798587362310813,-0.19440190011971187,0.19440190011975955,-2.4527925486734785e-14,-0.08488398577345545,-0.05286500694421421,-0.0,-0.0,-0.0,0.1,-0.0,0
13,88,world,0.88,0.0776751945733245,3.957499914169319,0.638011288682812,-0.5385180769404939,-0.6798587362312479,-0.6798587362310814,-0.1944019001197119,0.19440190011975958,-2.4523477238944e-14,-0.08488398577345498,-0.05286500694421495,-0.0,-0.0,-0.0,0.1,-0.0,0
13,89,world,0.89,0.07867519457332461,3.9574999141693183,0.637162448825077,-0.5390467270099355,-0.6798587362312479,-0.6798587362310814,-0.1944019001197119,0.19440190011975958,-2.4519028991153216e-14,-0.08488398577345452,-0.05286500694421569,-0.0,-0.0,-0.0,0.1,-0.0,0
13,90,world,0.9,0.0796751945733245,3.957499914169318,0.6363136089673422,-0.5395753770793771,-0.6798587362312479,-0.6798587362310814,-0.1944019001197119,0.19440190011975955,-2.451458074336243e-14,-0.08488398577345406,-0.05286500694421642,-0.0,-0.0,-0.0,0.1,-0.0,0
13,91,world,0.91,0.08067519457332462,3.957499914169318,0.6354647691096073,-0.5401040271488187,-0.6798587362312479,-0.6798587362310814,-0.1944019001197119,0.19440190011975955,-2.4510132495571647e-14,-0.0848839857734536,-0.05286500694421717,-0.0,-0.0,-0.0,0.1,-0.0,0
13,92,world,0.92,0.08167519457332473,3.9574999141693175,0.6346159292518722,-0.5406326772182604,-0.6798587362312479,-0.6798587362310814,-0.1944019001197119,0.19440190011975955,-2.4505684247780865e-14,-0.08488398577345313,-0.0528650069442179,-0.0,-0.0,-0.0,0.1,-0.0,0
13,93,world,0.93,0.08267519457332462,3.9574999141693175,0.6337670893941374,-0.5411613272877018,-0.6798587362312479,-0.6798587362310814,-0.1944019001197119,0.19440190011975955,-2.450123599999008e-14,-0.08488398577345269,-0.05286500694421864,-0.0,-0.0,-0.0,0.1,-0.0,0
13,94,world,0.9400000000000001,0.08367519457332462,3.957499914169317,0.6329182495364025,-0.5416899773571434,-0.6798587362312479,-0.6798587362310814,-0.1944019001197119,0.1944019001197595,-2.4496787752199296e-14,-0.08488398577345221,-0.052865006944219375,-0.0,-0.0,-0.0,0.1,-0.0,0
13,95,world,0.9500000000000001,0.08467519457332462,3.957499914169317,0.6320694096786675,-0.542218627426585,-0.6798587362312479,-0.6798587362310814,-0.1944019001197119,0.1944019001197595,-2.449233950440851e-14,-0.08488398577345176,-0.05286500694422012,-0.0,-0.0,-0.0,0.1,-0.0,0
13,96,world,0.96,0.08567519457332451,3.9574999141693166,0.6312205698209328,-0.5427472774960265,-0.6798587362312479,-0.6798587362310814,-0.1944019001197119,0.1944019001197595,-2.4487891256617727e-14,-0.0848839857734513,-0.05286500694422086,-0.0,-0.0,-0.0,0.1,-0.0,0
13,97,world,0.97,0.08667519457332451,3.957499914169316,0.6303717299631979,-0.543275927565468,-0.6798587362312479,-0.6798587362310814,-0.1944019001197119,0.1944019001197595,-2.4483443008826948e-14,-0.08488398577345084,-0.052865006944221596,-0.0,-0.0,-0.0,0.1,-0.0,0
13,98,world,0.98,0.08767519457332451,3.957499914169316,0.6295228901054629,-0.5438045776349096,-0.6798587362312479,-0.6798587362310814,-0.1944019001197119,0.1944019001197595,-2.4478994761036164e-14,-0.08488398577345038,-0.05286500694422234,-0.0,-0.0,-0.0,0.1,-0.0,0
13,99,world,0.99,0.08867519457332462,3.9574999141693157,0.6286740502477279,-0.5443332277043513,-0.6798587362312479,-0.6798587362310814,-0.1944019001197119,0.19440190011975947,-2.447454651324538e-14,-0.08488398577344991,-0.052865006944223074,-0.0,-0.0,-0.0,0.1,-0.0,0
13,100,world,1.0,0.08967519457332462,3.9574999141693157,0.6278252103899931,-0.5448618777737929,-0.6798587362312478,-0.6798587362310815,-0.19440190011971192,0.1944019001197595,-2.4470098265454595e-14,-0.08488398577344947,-0.052865006944223816,-0.0,-0.0,-0.0,0.1,-0.0,0
13,101,world,1.01,0.09067519457332462,3.9574999141693152,0.6269763705322581,-0.5453905278432345,-0.6798587362312478,-0.6798587362310815,-0.19440190011971192,0.1944019001197595,-2.446565001766381e-14,-0.084883985773449,-0.05286500694422455,-0.0,-0.0,-0.0,0.1,-0.0,0
13,102,world,1.02,0.09167519457332463,3.9574999141693152,0.6261275306745232,-0.5459191779126761,-0.6798587362312478,-0.6798587362310815,-0.19440190011971192,0.1944019001197595,-2.4461201769873025e-14,-0.08488398577344854,-0.052865006944225294,-0.0,-0.0,-0.0,0.1,-0.0,0
13,103,world,1.03,0.09267519457332463,3.957499914169315,0.6252786908167883,-0.5464478279821177,-0.6798587362312478,-0.6798587362310815,-0.19440190011971192,0.1944019001197595,-2.445675352208224e-14,-0.08488398577344808,-0.05286500694422602,-0.0,-0.0,-0.0,0.1,-0.0,0
13,104,world,1.04,0.09367519457332452,3.957499914169315,0.6244298509590535,-0.5469764780515591,-0.6798587362312478,-0.6798587362310815,-0.19440190011971192,0.19440190011975944,-2.4452305274291462e-14,-0.08488398577344762,-0.05286500694422677,-0.0,-0.0,-0.0,0.1,-0.0,0
13,105,world,1.05,0.09467519457332452,3.9574999141693143,0.6235810111013186,-0.5475051281210007,-0.6798587362312478,-0.6798587362310815,-0.19440190011971192,0.19440190011975944,-2.4447857026500678e-14,-0.08488398577344716,-0.052865006944227515,-0.0,-0.0,-0.0,0.1,-0.0,0
13,106,world,1.06,0.09567519457332452,3.957499914169314,0.6227321712435837,-0.5480337781904423,-0.6798587362312477,-0.6798587362310816,-0.19440190011971195,0.1944019001197595,-2.4443408778709893e-14,-0.08488398577344669,-0.05286500694422824,-0.0,-0.0,-0.0,0.1,-0.0,0
13,107,world,1.07,0.09667519457332452,3.957499914169314,0.6218833313858487,-0.5485624282598839,-0.6798587362312477,-0.6798587362310816,-0.19440190011971195,0.1944019001197595,-2.443896053091911e-14,-0.08488398577344625,-0.05286500694422899,-0.0,-0.0,-0.0,0.1,-0.0,0
13,108,world,1.08,0.09767519457332463,3.9574999141693135,0.6210344915281137,-0.5490910783293255,-0.6798587362312477,-0.6798587362310816,-0.19440190011971195,0.1944019001197595,-2.4434512283128324e-14,-0.08488398577344577,-0.05286500694422972,-0.0,-0.0,-0.0,0.1,-0.0,0
13,109,world,1.09,0.09867519457332463,3.9574999141693135,0.6201856516703789,-0.549619728398767,-0.6798587362312477,-0.6798587362310816,-0.19440190011971195,0.19440190011975944,-2.443006403533754e-14,-0.08488398577344532,-0.052865006944230464,-0.0,-0.0,-0.0,0.1,-0.0,0
13,110,world,1.1,0.09967519457332463,3.957499914169313,0.619336811812644,-0.5501483784682086,-0.6798587362312477,-0.6798587362310816,-0.19440190011971195,0.19440190011975944,-2.4425615787546755e-14,-0.08488398577344486,-0.0528650069442312,7.553466936095089e-05,-1.1967121738011307e-09,1.921467152055282e-09,0.1,-0.0,0
13,111,world,1.11,0.10067519457332463,3.957499914169313,0.6184879742112942,-0.5506770321606363,-0.6798585893748316,-0.6798585894054449,-0.19440241365310565,0.1944024136443519,4.502885025337608e-12,-0.08488332531759553,-0.052866067406487194,0.00018740563566000738,2.4083873784179626e-09,-3.86693385645812e-09,0.1,-0.0,1
13,112,world,1.12,0.10167519457332452,3.957499914169313,0.6176391454998436,-0.551205700126937,-0.6798583719409088,-0.6798583718787995,-0.19440317420410058,0.19440317422186054,-9.135635618905631e-12,-0.08488243432038665,-0.05286749799115945,0.0009560468341087316,1.190272880276389e-09,-1.9110789340207785e-09,0.1,-0.0,1
13,113,world,1.1300000000000001,0.10267519457332452,3.957499914169313,0.616790325177953,-0.5517343815632721,-0.6798567307809467,-0.6798567307809468,-0.19440891340636451,0.19440891340636451,-0.0,-0.08488164740691866,-0.052868761414350755,0.0017322056507984842,-1.345495936955882e-09,2.1602594714146324e-09,0.1,-0.0,1
13,114,world,1.1400000000000001,0.10367519457332453,3.9574999141693126,0.6159415122047386,-0.552263074798041,-0.6798550043588404,-0.6798550043313362,-0.19441495072501727,0.19441495073288256,-4.045612431691959e-12,-0.08488096458506661,-0.05286985768004931,0.0017760595719552592,1.8830187410325453e-09,-3.0231428473283576e-09,0.1,-0.0,1
13,115,world,1.1500000000000001,0.10467519457332453,3.9574999141693126,0.6150927055392514,-0.5527917781596869,-0.6798532778798188,-0.6798532778313913,-0.1944209880293199,0.19442098804316896,-7.123223682473301e-12,-0.08488038586265659,-0.052870786790121915,0.0017760595833071907,3.5993708015994004e-10,-5.778495737766386e-10,0.1,-0.0,1
13,116,world,1.16,0.10567519457332464,3.957499914169312,0.6142439041404848,-0.5533204899766954,-0.6798515513308787,-0.679851551294118,-0.19442702532298703,0.19442702533350006,-5.407184988039343e-12,-0.08487991124160776,-0.05287154875371811,0.0017760595935129163,-1.4377943281163173e-09,2.3081668522153354e-09,0.1,-0.0,1
13,117,world,1.17,0.10667519457332464,3.957499914169312,0.6133951069673845,-0.5538492085775908,-0.6798498247214955,-0.6798498247100433,-0.19443306260330537,0.19443306260658064,-1.6845205585888076e-12,-0.08487954073132019,-0.05287214356577724,0.0017760596026168433,-1.4294981865644493e-09,2.294753970298505e-09,0.1,-0.0,1
13,118,world,1.18,0.10767519457332464,3.957499914169312,0.6125463129788496,-0.5543779322909097,-0.6798480980654193,-0.6798480980654193,-0.19443909986633862,0.19443909986633862,-0.0,-0.08487927432936282,-0.052872571238032046,0.0017760596106104498,-3.875205712082222e-10,6.220600423983496e-10,0.1,-0.0,1
13,119,world,1.19,0.10867519457332464,3.957499914169312,0.6116975211337515,-0.5549066594452091,-0.679846371362193,-0.6798463713607059,-0.19444513711221342,0.19444513711263875,-2.1872881908500895e-13,-0.08487911204381031,-0.052872831763149386,0.0017760596174661747,-2.1502216674983716e-09,3.4514661963620612e-09,0.1,-0.0,1
13,120,world,1.2,0.10967519457332453,3.9574999141693126,0.610848730390943,-0.5554353883690654,-0.6798446445762155,-0.6798446446315066,-0.19445117435110829,0.19445117433529377,8.132898343118988e-12,-0.08487905387174348,-0.052872925149245055,0.001776059623194926,-2.22674656503225e-10,3.574161800045579e-10,0.1,-0.0,1
13,121,world,1.21,0.11067519457332453,3.9574999141693117,0.6099999397092675,-0.5559641173910606,-0.6798429177905359,-0.6798429177947746,-0.1944572115592654,0.19445721155805304,6.234543655545864e-13,-0.084879099816791,-0.05287285139172307,0.0017760596278244578,4.760802863296652e-10,-7.641311195307576e-10,0.1,-0.0,1
13,122,world,1.22,0.11167519457332453,3.957499914169312,0.6091511480475648,-0.5564928448397747,-0.6798411909063083,-0.6798411909493579,-0.19446324876495338,0.19446324875263937,6.332308138339453e-12,-0.08487924987609514,-0.052872610494200147,0.0017760596313327619,1.6485424137769466e-10,-2.645904329107485e-10,0.1,-0.0,1
13,123,world,1.23,0.11267519457332453,3.9574999141693117,0.6083023543646855,-0.5570215690437788,-0.6798394640093962,-0.6798394640093962,-0.1944692859436083,0.1944692859436083,-0.0,-0.08487950405083117,-0.052872202451618534,0.0017760596337085405,-1.104968894219147e-09,1.7733779723404351e-09,0.1,-0.0,1
13,124,world,1.24,0.11367519457332464,3.957499914169312,0.6074535576194986,-0.5575502883316412,-0.6798377370016161,-0.6798377370730753,-0.1944753231233114,0.1944753231028697,1.0511207775307087e-11,-0.08487986233688154,-0.052871627265217026,0.0017760596349575418,-2.109495911395182e-09,3.3854245797383837e-09,0.1,-0.0,1
13,125,world,1.25,0.11467519457332465,3.9574999141693126,0.6066047567709058,-0.5580790010319061,-0.6798360099845647,-0.6798360100388002,-0.19448136027499643,0.19448136025948126,7.97771553228852e-12,-0.08488032473189065,-0.05287088493120571,0.0017760596350908668,1.0745210277672629e-09,-1.7243630135795366e-09,0.1,-0.0,1
13,126,world,1.26,0.11567519457332465,3.957499914169312,0.6057559507778437,-0.5586077054730952,-0.6798342829104913,-0.679834282954325,-0.19448739741231896,0.19448739739977902,6.447690885855637e-12,-0.0848808912313107,-0.05286997544711369,0.0017760596341221974,6.164735389160201e-10,-9.892704711487676e-10,0.1,-0.0,1
13,127,world,1.27,0.11667519457332465,3.957499914169312,0.6049071385992916,-0.5591363999836868,-0.6798325557803305,-0.679832555818717,-0.1944934345350078,0.1944934345240258,5.646476091921492e-12,-0.0848815618300694,-0.052868898809111844,0.0017760596320239746,3.904765400114637e-10,-6.265904462284834e-10,0.1,-0.0,1
13,128,world,1.28,0.11767519457332454,3.957499914169312,0.6040583191942924,-0.5596650828921286,-0.6798308285961331,-0.6798308286299282,-0.19449947164247214,0.19449947163280334,4.9711016477247786e-12,-0.08488233651918592,-0.05286765501744596,0.00177605962879045,3.3791441868660023e-09,-5.422153004649461e-09,0.1,-0.0,1
13,129,world,1.29,0.11867519457332454,3.9574999141693126,0.6032094915219633,-0.5601937525268388,-0.6798291013971705,-0.6798291013486892,-0.19450550872347222,0.19450550873734315,-7.131385612666501e-12,-0.08488321529401258,-0.05286624406320455,0.0017760596244466038,-1.1361994679035562e-09,1.8230590649163402e-09,0.1,-0.0,1
13,130,world,1.3,0.11967519457332454,3.9574999141693126,0.6023606545414935,-0.560722407216176,-0.6798273740477218,-0.6798273741107239,-0.1945115458168354,0.19451154579880925,9.267392106388381e-12,-0.08488419814507303,-0.05286466594302837,0.0017760596189843065,-3.3832298075966498e-09,5.4282814357454135e-09,0.1,-0.0,1
13,131,world,1.31,0.12067519457332454,3.9574999141693126,0.6015118072121616,-0.5612510452884414,-0.6798256467126674,-0.6798256467511536,-0.19451758287538334,0.19451758286437137,5.661185049146489e-12,-0.0848852850655113,-0.05286292064715009,0.001776059612406235,-9.561657022208758e-10,1.534079113821466e-09,0.1,-0.0,1
13,132,world,1.32,0.12167519457332454,3.9574999141693126,0.6006629484933276,-0.5617796650718571,-0.6798239192872045,-0.6798239193747843,-0.19452361992909847,0.19452361990403857,1.2882695782604806e-11,-0.0848864760424048,-0.05286100817334301,0.0017760596046984128,3.381264712842772e-09,-5.424690558149651e-09,0.1,-0.0,1
13,133,world,1.33,0.12267519457332465,3.957499914169313,0.5998140773444716,-0.5623082648945857,-0.6798221919006883,-0.6798221918522631,-0.1945296569409631,0.1945296569548199,-7.1232287936345865e-12,-0.08488777106790069,-0.052858928509038894,0.0017760595958721402,7.204387087279318e-09,-1.1557804713898355e-08,0.1,-0.0,1
13,134,world,1.34,0.12367519457332465,3.9574999141693135,0.5989651927252011,-0.5628368430847416,-0.6798204644171527,-0.6798204643195581,-0.19453569394987832,0.1945356939778058,-1.4355950337769107e-11,-0.08488917012628473,-0.052856681652092855,0.0017760595859301915,-2.019051592689456e-09,3.238970203326835e-09,0.1,-0.0,1
13,135,world,1.35,0.12467519457332465,3.9574999141693135,0.5981162935952418,-0.5633653979703371,-0.6798187368049006,-0.6798187368083695,-0.19454173096491223,0.1945417309639195,5.102907361523601e-13,-0.08489067320236768,-0.0528542675973172,0.00177605957485304,-2.542030475139456e-09,4.077797127958526e-09,0.1,-0.0,1
13,136,world,1.36,0.12567519457332454,3.9574999141693135,0.5972673789144549,-0.5638939278792975,-0.6798170092074458,-0.6798170091751854,-0.1945477679449925,0.1945477679542247,-4.745460402436054e-12,-0.0848922802896136,-0.052851686323424754,0.0017760595626766685,1.6918161317216424e-09,-2.713796548735205e-09,0.1,-0.0,1
13,137,world,1.37,0.12667519457332455,3.9574999141693135,0.5964184476428318,-0.5644224311394311,-0.6798152815424041,-0.6798152815023927,-0.19455380491369073,0.19455380492514152,-5.8856546292260075e-12,-0.08489399136691694,-0.052848937830327604,0.008704166905706578,-5.016820298859704e-09,8.045839699101114e-09,0.1,-0.0,1
13,138,world,1.3800000000000001,0.12767519457332455,3.957499914169314,0.5955694994998448,-0.5649509072982557,-0.6798000728053435,-0.6798000729019981,-0.19460693963353054,0.19460693960586112,1.4218095850570703e-11,-0.08489552505252507,-0.05284647411186569,0.017261823224292618,-3.4441033529630027e-09,5.52228474026907e-09,0.1,-0.0,1
13,139,world,1.3900000000000001,0.12867519457332455,3.9574999141693135,0.5947205396470462,-0.5654793646459365,-0.6797816878362003,-0.6797816878846747,-0.19467115053935724,0.19467115052547546,7.130882453904409e-12,-0.08489631974725265,-0.05284519744851222,0.018891379907347478,5.109360187575825e-09,-8.189209081825916e-09,0.1,-0.0,1
13,140,world,1.4000000000000001,0.12967519457332455,3.957499914169314,0.59387157561987,-0.5660078152874913,-0.6797632968043922,-0.6797632967698147,-0.1947353597557449,0.19473535976565054,-5.0867058216565936e-12,-0.08489635993623103,-0.052845132884475836,0.018891394660908955,4.028327695395383e-09,-6.4538388906148635e-09,0.1,-0.0,1
13,141,world,1.41,0.13067519457332466,3.957499914169314,0.5930226149633254,-0.5665362713439654,-0.6797448996626091,-0.6797448996076528,-0.19479956729150555,0.19479956730725476,-8.084820927071581e-12,-0.084895645619238,-0.05284628042627746,0.01889140806608061,-2.9349689520109835e-09,4.7001749994071574e-09,0.1,-0.0,1
13,142,world,1.42,0.13167519457332466,3.957499914169314,0.592173665222659,-0.5670647449362655,-0.6797264963856069,-0.6797264964263623,-0.1948637731491459,0.19486377313746217,5.995857235135882e-12,-0.08489417674705499,-0.0528486400434277,0.018891420122829142,-4.0307757371795305e-09,6.452330375071644e-09,0.1,-0.0,1
13,143,world,1.43,0.13267519457332466,3.957499914169314,0.5913247339438714,-0.5675932481848345,-0.6797080870768957,-0.679708087125365,-0.19492797729426045,0.19492797728036035,7.130884758735367e-12,-0.08489195321931658,-0.052852211671881505,0.01889143083118958,-1.4680645675394926e-09,2.349032787824205e-09,0.1,-0.0,1
13,144,world,1.44,0.13367519457332455,3.9574999141693135,0.5904758286742338,-0.568121793209327,-0.6796896716828319,-0.6796896717612406,-0.194992179737488,0.19499217971499375,1.1535951790550326e-11,-0.08488897488274051,-0.05285699521688167,0.018891440191147003,-2.775557578072361e-15,4.163336367108542e-15,0.1,-0.0,1
13,145,world,1.45,0.13467519457332455,3.9574999141693135,0.5896269569628122,-0.5686503921282949,-0.6796712502459386,-0.6796712502944053,-0.19505638046189208,0.1950563804479828,7.130884923007362e-12,-0.08488524153757135,-0.052862990542610934,0.01889144820268475,4.323300077005367e-09,-6.91187111660044e-09,0.1,-0.0,1
13,146,world,1.46,0.13567519457332455,3.957499914169314,0.588778126361029,-0.5691790570589228,-0.6796528227632161,-0.6796528227308019,-0.19512057946358968,0.1951205794728955,-4.7692484990735505e-12,-0.08488075291928915,-0.05287019750156592,0.018891454865793827,1.8913148937348245e-09,-3.0224788130008785e-09,0.1,-0.0,1
13,147,world,1.47,0.13667519457332455,3.9574999141693143,0.5879293444230292,-0.5697078001164713,-0.6796343891540206,-0.6796343891540207,-0.1951847767609993,0.1951847767609993,-0.0,-0.08487550872418272,-0.05287861589348935,0.018891460180489823,-1.4221957030042166e-09,2.2718271843430666e-09,0.1,-0.0,1
13,148,world,1.48,0.13767519457332456,3.957499914169315,0.5870806187063379,-0.5702366334141684,-0.6796159494906729,-0.6796159494946914,-0.19524897232862842,0.19524897232747396,5.912833453857261e-13,-0.08486950859045644,-0.05288824549570954,0.018891464146771703,-2.2897323062790896e-09,3.6560941991533377e-09,0.1,-0.0,1
13,149,world,1.49,0.13867519457332467,3.957499914169314,0.5862319567723326,-0.5707655690628153,-0.6795975037351529,-0.6795975037937876,-0.19531316617266792,0.1953131661558166,8.627834073010814e-12,-0.0848627521114275,-0.052899086041957366,0.018891466764622132,2.049996296030694e-09,-3.27193621366633e-09,0.1,-0.0,1
13,150,world,1.5,0.13967519457332467,3.957499914169314,0.5853833661867582,-0.5712946191704553,-0.6795790519950936,-0.6795790519466335,-0.1953773582574509,0.19537735827138306,-7.130881137245612e-12,-0.08485523882200734,-0.052911137244063294,0.01889146803405221,3.9751535633150847e-10,-6.341927021288858e-10,0.1,-0.0,1
13,151,world,1.51,0.14067519457332467,3.9574999141693143,0.5845348545202418,-0.5718237958420405,-0.6795605940891133,-0.679560594137572,-0.19544154863038884,0.1954415486164521,7.130879392224015e-12,-0.08484696820589709,-0.052924398780406494,0.01889146795504701,-3.6222636217240217e-09,5.776521656507051e-09,0.1,-0.0,1
13,152,world,1.52,0.14167519457332456,3.957499914169314,0.5836864293488441,-0.5723531111791644,-0.6795421301712853,-0.679542130215494,-0.19550573724245765,0.1955057372297387,6.5056428152236595e-12,-0.08483793970172249,-0.0529388702860847,0.01889146652760826,3.4295899657693885e-09,-5.466960944267052e-09,0.1,-0.0,1
13,153,world,1.53,0.14267519457332456,3.957499914169314,0.5828380982545598,-0.5728825772797048,-0.6795236602321149,-0.6795236601928626,-0.19556992409164778,0.19556992410294474,-5.7764237768693865e-12,-0.084828152692046,-0.05295455137053784,0.01889146375176927,2.365785359475973e-09,-3.7696214429906395e-09,0.1,-0.0,1
13,154,world,1.54,0.14367519457332456,3.957499914169314,0.581989868825645,-0.5734122062372009,-0.6795051841802637,-0.6795051841639873,-0.1956341091995183,0.19563410920420443,-2.395344755800477e-12,-0.084817606508652,-0.052971441609073446,0.018891459627504374,-1.6050688651506614e-09,2.5564300828410147e-09,0.1,-0.0,1
13,155,world,1.55,0.14467519457332456,3.957499914169314,0.5811417486573699,-0.573942010140894,-0.6794867020729022,-0.6794867020746732,-0.1956982925448955,0.19569829254438545,2.6063538066305876e-13,-0.08480630043647128,-0.052989540536590544,0.018891454154801434,-4.429936999154918e-09,7.052691111992145e-09,0.1,-0.0,1
13,156,world,1.56,0.14567519457332456,3.957499914169314,0.5802937453524377,-0.5744720010752518,-0.6794682138705126,-0.6794682139674167,-0.19576247413444087,0.1957624741065217,1.4261726203979622e-11,-0.08479423370253769,-0.05300884766526644,0.018891447333675367,-1.8276796851424556e-09,2.9085393988635827e-09,0.1,-0.0,1
13,157,world,1.57,0.14667519457332445,3.957499914169314,0.5794458665214908,-0.575002191119625,-0.6794497196849222,-0.6794497197333729,-0.19582665393121393,0.19582665391724977,7.130857905065096e-12,-0.08478140549161368,-0.05302936245955232,0.01889143916414418,4.262437650433138e-09,-6.7803318918600275e-09,0.1,-0.0,1
13,158,world,1.58,0.14767519457332468,3.957499914169313,0.5785981197836192,-0.5755325923479014,-0.6794312194517943,-0.6794312194398642,-0.1958908319490212,0.19589083195246088,-1.755901062173372e-12,-0.08476781493261758,-0.05305108435790448,0.018891429646203745,2.0173363100093603e-09,-3.2076730351715787e-09,0.1,-0.0,1
13,159,world,1.59,0.14867519457332468,3.9574999141693143,0.5777505127669517,-0.5760632168283015,-0.6794127131320256,-0.6794127131289835,-0.19595500819441924,0.19595500819529657,-4.4773063029381987e-13,-0.08475346110521928,-0.05307401276223689,0.018891418779832234,2.6121299723178468e-09,-4.151678331391187e-09,0.1,-0.0,1
13,160,world,1.6,0.14967519457332457,3.9574999141693143,0.5769030531090223,-0.5765940766228077,-0.6793942008039593,-0.6793942007253804,-0.19601918264009632,0.19601918266276797,-1.1566015300849858e-11,-0.08473834303835363,-0.05309814704030929,0.018891406565077803,1.7800372393147968e-09,-2.8279795340493533e-09,0.1,-0.0,1
13,161,world,1.61,0.15067519457332457,3.9574999141693135,0.57605574845716,-0.5771251837866439,-0.6793756823740461,-0.6793756823256009,-0.19608335530832305,0.19608335532230542,-7.130828229069005e-12,-0.08472245971152244,-0.05312348652365974,0.01889139300192591,-5.017750134154018e-09,7.968450252628255e-09,0.1,-0.0,1
13,162,world,1.62,0.15167519457332457,3.9574999141693135,0.5752086064692543,-0.5776565503683418,-0.67935715786278,-0.6793571579121512,-0.19614752618848225,0.1961475261742275,7.267337705368064e-12,-0.08470581005649883,-0.053150030504905126,0.018891378090361996,-2.0612178753188386e-09,3.2719591120163474e-09,0.1,-0.0,1
13,163,world,1.6300000000000001,0.15267519457332457,3.957499914169314,0.5743616348141407,-0.5781881884092007,-0.6793386273770484,-0.679338627381147,-0.19621169524499718,0.19621169524381338,6.033187709960819e-13,-0.08468839295611058,-0.053177778239706514,0.022823929015329005,2.3352736614050317e-09,-3.705102923328974e-09,0.1,-0.0,1
13,164,world,1.6400000000000001,0.15367519457332457,3.957499914169312,0.573514841161078,-0.5787201099254029,-0.6793123716258456,-0.6793123716157107,-0.19630257706504753,0.19630257706797624,-1.491934368720544e-12,-0.08467021804148206,-0.05320671176466261,0.03560896871181484,-1.7375823369861796e-09,2.754888042621989e-09,0.1,-0.0,1
13,165,world,1.6500000000000001,0.15467519457332446,3.957499914169313,0.5726682323841874,-0.5792523256415604,-0.6792687153252096,-0.6792687153735565,-0.19645358828574686,0.19645358827176432,7.117473033624483e-12,-0.08465144700187878,-0.05323657126908258,0.04446156497772378,-2.9022063487163548e-09,4.597729293335031e-09,0.1,-0.0,1
13,166,world,1.6600000000000001,0.15567519457332468,3.957499914169313,0.5718218140287242,-0.579784844145065,-0.6792250252496567,-0.6792250253133831,-0.1966045905744453,0.19660459055599938,9.382222857950768e-12,-0.08463213364136915,-0.053267269080641194,0.0444617867637328,4.427044987685593e-09,-7.006518513073076e-09,0.1,-0.0,1
13,167,world,1.67,0.15667519457332468,3.9574999141693126,0.5709755915222366,-0.5803176738157294,-0.6791813014682373,-0.6791813014039976,-0.1967555838493032,0.1967555838679131,-9.458375852247944e-12,-0.08461227702350199,-0.053298804647929576,0.044461990972396497,5.865608192570617e-09,-9.27413385001974e-09,0.1,-0.0,1
13,168,world,1.68,0.15767519457332457,3.9574999141693126,0.5701295703022744,-0.5808508230285885,-0.6791375438748252,-0.6791375437894949,-0.19690656807925278,0.1969065681039931,-1.2564488192625456e-11,-0.08459187618484112,-0.05333117740617125,0.044462177603261835,-1.2099321943317592e-09,1.9111532431252806e-09,0.1,-0.0,1
13,169,world,1.69,0.15867519457332457,3.9574999141693126,0.569283755815938,-0.5813843001526108,-0.6790937525054419,-0.679093752471932,-0.19705754319212912,0.19705754320185292,-4.934506046105286e-12,-0.08457093013838939,-0.05336438677177566,0.044462346655884104,-4.688460885238778e-09,7.398374518089683e-09,0.1,-0.0,1
13,170,world,1.7,0.15967519457332457,3.9574999141693126,0.5684381535201972,-0.5819181135506523,-0.6790499274079755,-0.6790499274416103,-0.19720850911233478,0.1972085091025666,4.953216853618722e-12,-0.08454943787041429,-0.05339843214736698,0.044462498129843576,-2.3827107739212946e-09,3.7562190707550876e-09,0.1,-0.0,1
13,171,world,1.71,0.16067519457332458,3.957499914169312,0.5675927688827556,-0.5824522715802571,-0.679006068646177,-0.6790060686730784,-0.1973594657596643,0.19735946575184513,3.96187532030154e-12,-0.08452739834215141,-0.05343331291907008,0.04446263202479084,-3.1437908868394503e-10,4.951185458223287e-10,0.1,-0.0,1
13,172,world,1.72,0.16167519457332458,3.9574999141693126,0.5667476073809882,-0.5829867825914141,-0.678962176191599,-0.6789621762331937,-0.19751041308072054,0.19751041306862063,6.126185605372311e-12,-0.08450481049330764,-0.053469028450965565,0.044462748340428605,2.705558089005675e-10,-4.2568935891110523e-10,0.1,-0.0,1
13,173,world,1.73,0.16267519457332447,3.957499914169312,0.565902674504246,-0.5835216549296469,-0.6789182500923339,-0.678918250112383,-0.197661350999899,0.19766135099406182,2.9531213021684364e-12,-0.08448167323415506,-0.05350557809759138,0.04446284707644722,3.52957952282107e-09,-5.547813780201346e-09,0.1,-0.0,1
13,174,world,1.74,0.1636751945733247,3.9574999141693126,0.5650579757513069,-0.5840568969314194,-0.6788742903726736,-0.678874290324985,-0.19781227944853355,0.19781227946242919,-7.024626450861407e-12,-0.0844579854497214,-0.05354296119729138,0.04446292823262345,-2.670919129496318e-10,4.1941243527885426e-10,0.1,-0.0,1
13,175,world,1.75,0.1646751945733247,3.9574999141693126,0.5642135166341138,-0.5845925169294827,-0.6788302969577801,-0.6788302969845775,-0.19796319838689308,0.1979631983790783,3.947573383528967e-12,-0.08443374600208825,-0.053581177068583036,0.04446299180877594,-5.160300135140885e-09,8.095085979594798e-09,0.1,-0.0,1
13,176,world,1.76,0.16567519457332458,3.9574999141693126,0.5633693026740727,-0.5851285232464624,-0.6787862699475096,-0.6787862700301536,-0.1981141077243813,0.1981141077002604,1.2175226276481626e-11,-0.08440895373062682,-0.053620225009793666,0.044463037804756966,3.6678578050957117e-09,-5.7482173694242375e-09,0.1,-0.0,1
13,177,world,1.77,0.16667519457332458,3.9574999141693126,0.5625253394061908,-0.585664924200841,-0.6787422094541522,-0.6787422093883829,-0.19826500736672414,0.19826500738593583,-9.689880299145058e-12,-0.08438360744466779,-0.05366010431059755,0.04446306622042989,2.0547952905653944e-09,-3.217099609462341e-09,0.1,-0.0,1
13,178,world,1.78,0.16767519457332458,3.957499914169313,0.5616816323759835,-0.5862017281015129,-0.6786981152726127,-0.6786981153034298,-0.19841589731237624,0.1984158973033669,4.540633446005267e-12,-0.08435770593459208,-0.053700814234542954,0.0444630770557414,-2.938530071728039e-09,4.596195797742298e-09,0.1,-0.0,1
13,179,world,1.79,0.16867519457332458,3.957499914169312,0.5608381871423049,-0.5867389432516819,-0.6786539876045399,-0.6786539876128239,-0.19856677744103204,0.19856677743860818,1.2206672126066395e-12,-0.0843312479647948,-0.05374235403013431,0.04446307031068066,-2.481984144498734e-09,3.8783186274720924e-09,0.1,-0.0,1
13,180,world,1.8,0.16967519457332458,3.957499914169313,0.5599950092757955,-0.587276577945862,-0.6786098263562402,-0.6786098264495468,-0.19871764771872755,0.19871764769140454,1.3749650422947667e-11,-0.08430423227348367,-0.05378472293113088,0.04446304598525017,3.2921721989717855e-10,-5.13925724479496e-10,0.1,-0.0,1
13,181,world,1.81,0.17067519457332447,3.957499914169312,0.5591521043600726,-0.5878146404711914,-0.6785656316903548,-0.6785656316903548,-0.1988685080365159,0.1988685080365159,-0.0,-0.08427665758144176,-0.0538279201428071,0.04446300407950049,4.268796568107623e-09,-6.657317278088013e-09,0.1,-0.0,1
13,182,world,1.82,0.17167519457332447,3.957499914169312,0.5583094779919036,-0.5883531391071395,-0.6785214034978319,-0.6785214034838062,-0.19901935836503554,0.19901935836914947,-2.0670988487951845e-12,-0.08424852257647925,-0.05387194486632599,0.04446294459354603,-0.0,-6.938894132537627e-16,0.1,-0.0,1
13,183,world,1.83,0.1726751945733247,3.957499914169312,0.5574671357805744,-0.5888920821239677,-0.678477141824094,-0.678477141824094,-0.1991701986297354,0.1991701986297354,-0.0,-0.08421982593020078,-0.053916796272466705,0.044462867527526206,-1.4135498793156874e-09,2.200160959304851e-09,0.1,-0.0,1
13,184,world,1.84,0.1736751945733246,3.957499914169312,0.5566250833499694,-0.5894314777854175,-0.6784328466993123,-0.6784328467207721,-0.19932102876055277,0.19932102875424795,3.163148018568646e-12,-0.08419056628644739,-0.05396247351972766,0.04446277288160567,-1.944261482590954e-09,3.0232602140898726e-09,0.1,-0.0,1
13,185,world,1.85,0.1746751945733246,3.9574999141693126,0.5557833263359314,-0.5899713343440357,-0.6783885181441958,-0.6783885181929649,-0.19947184869023035,0.19947184867589046,7.188935165332132e-12,-0.08416074227130793,-0.05400897573869073,0.04446266065603549,-1.2090023825187986e-09,1.878108147599169e-09,0.1,-0.0,1
13,186,world,1.86,0.1756751945733246,3.9574999141693126,0.5549418703904379,-0.590511660047137,-0.6783441561937997,-0.6783441562455598,-0.1996226583473214,0.19962265833208948,7.630358421034216e-12,-0.08413035248286993,-0.05405630204803195,0.04446253085106144,5.4838579929794864e-09,-8.510548796327233e-09,0.1,-0.0,1
13,187,world,1.87,0.1766751945733246,3.957499914169312,0.5541007211770081,-0.5910524631290832,-0.6782997609276579,-0.678299760839074,-0.19977345764729743,0.1997734576733872,-1.3059668735562809e-11,-0.0840993954992531,-0.05410445154199614,0.04446238346699469,2.7823716470511978e-09,-4.313823746018877e-09,0.1,-0.0,1
13,188,world,1.8800000000000001,0.1776751945733246,3.957499914169312,0.5532598843759307,-0.5915937518188655,-0.6782553321886591,-0.6782553321707787,-0.19992424657536034,0.1999242465806308,-2.63622752435165e-12,-0.08406786987012481,-0.054153423303608075,0.044462218504204086,-7.06042192436847e-09,1.0935896299130959e-08,0.1,-0.0,1
13,189,world,1.8900000000000001,0.17867519457332448,3.957499914169312,0.5524193656800647,-0.5921355343330296,-0.6782108700848759,-0.6782108701728696,-0.20007502503868632,0.2000750250127278,1.2974386742811583e-11,-0.08403577413238177,-0.05420321638031564,0.044462035963064916,-1.8446911273446862e-10,2.8545361460282257e-10,0.1,-0.0,1
13,190,world,1.9000000000000001,0.17967519457332448,3.957499914169312,0.5515791707985367,-0.5926778188808577,-0.6781663747576501,-0.6781663747443818,-0.20022579293457768,0.20022579293849513,-1.9565038989263517e-12,-0.0840031067960007,-0.054253829806011844,0.04446183584398863,4.927708403808905e-09,-7.617651899344046e-09,0.1,-0.0,1
13,191,world,1.9100000000000001,0.1806751945733247,3.9574999141693126,0.5507393054545774,-0.5932206136604606,-0.6781218460839226,-0.678121846048859,-0.20037655023838044,0.2003765502487413,-5.170710128246645e-12,-0.08396986634937999,-0.05430526259274753,0.044461618147478184,-1.7787411019501742e-09,2.747036716456833e-09,0.1,-0.0,1
13,192,world,1.92,0.1816751945733246,3.9574999141693126,0.5498997753869521,-0.5937639268604403,-0.6780772840797363,-0.6780772841108518,-0.20052729688447699,0.2005272968752752,4.588777768174925e-12,-0.08393605125473433,-0.05435751373786897,0.04728042841316629,5.306755233121525e-10,-8.187076322158795e-10,0.1,-0.0,1
13,193,world,1.93,0.1826751945733246,3.957499914169313,0.5490605862073688,-0.5943077664394272,-0.6780270314076737,-0.6780270313593846,-0.20069714674197564,0.20069714675626932,-7.1220043385285605e-12,-0.08390175318282672,-0.054410438454840886,0.0534121978580836,-2.845362969526699e-10,4.384784410880102e-10,0.1,-0.0,1
13,194,world,1.94,0.1836751945733246,3.957499914169313,0.5482217395380263,-0.5948521341759733,-0.6779700813216453,-0.6779700813598434,-0.200889444245083,0.20088944423376448,5.63420476466135e-12,-0.08386763159109524,-0.0544630183822043,0.05672529211827271,1.597005946533508e-09,-2.4582170951516485e-09,0.1,-0.0,1
13,195,world,1.95,0.1846751945733246,3.957499914169313,0.5473832325548362,-0.5953970249971906,-0.6779130763045129,-0.6779130762164869,-0.2010817272398847,0.2010817272659949,-1.2984867561722659e-11,-0.08383381610995995,-0.054515055502507015,0.05672577051521071,2.1131181272292187e-09,-3.2486140521280777e-09,0.1,-0.0,1
13,196,world,1.96,0.1856751945733246,3.9574999141693126,0.5465450621921961,-0.5959424334787322,-0.6778560161898556,-0.677856016175508,-0.20127399564793869,0.2012739956521989,-2.116618266239574e-12,-0.0838003077452821,-0.05456655039303853,0.05672621241119091,-2.8639925301884967e-09,4.3975214718875865e-09,0.1,-0.0,1
13,197,world,1.97,0.1866751945733245,3.957499914169313,0.5457072253732271,-0.596488354200043,-0.6777989011557578,-0.6777989011388873,-0.20146624928873783,0.2014662492937524,-2.4890364827257575e-12,-0.08376710749891723,-0.054617503616192914,0.05672661780450847,1.8744173885787835e-10,-2.87448552611494e-10,0.1,-0.0,1
13,198,world,1.98,0.1876751945733245,3.957499914169313,0.5448697190118037,-0.5970347817472813,-0.6777417312040998,-0.6777417311851031,-0.20165848803411374,0.20165848803976608,-2.8029210373645525e-12,-0.08373421635811451,-0.054667915735762865,0.05672698669359158,-5.705158873773911e-10,8.738205072992553e-10,0.1,-0.0,1
13,199,world,1.99,0.1886751945733247,3.957499914169313,0.5440325400121707,-0.5975817107125062,-0.6776845063662058,-0.6776845063634824,-0.20185071174725605,0.20185071174806724,-4.0187110672160893e-13,-0.0837016352982489,-0.05471778731270972,0.056727319077021804,3.1300713701040285e-09,-4.788227016340789e-09,0.1,-0.0,1
13,200,world,2.0,0.1896751945733246,3.9574999141693126,0.543195685269145,-0.5981291356937741,-0.6776272267467831,-0.6776272266502619,-0.20204292026956708,0.20204292029834606,-1.4244002147416113e-11,-0.08366936528055657,-0.05476711890860059,0.056727614953512945,2.0882519057089945e-09,-3.1905563237317417e-09,0.1,-0.0,1
13,201,world,2.0100000000000002,0.1906751945733246,3.9574999141693126,0.5423591516669184,-0.5986770512931101,-0.6775698922634531,-0.6775698922090561,-0.20223511349829157,0.2022351135145275,-8.028254782553847e-12,-0.0836374072552098,-0.054815911080873074,0.05672787432189222,-4.259354209076072e-09,6.499639370042934e-09,0.1,-0.0,1
13,202,world,2.02,0.1916751945733246,3.957499914169313,0.5415229360808714,-0.5992254521190601,-0.6775125030144079,-0.6775125030232011,-0.20242729127695794,0.20242729127433073,1.2978609902812674e-12,-0.08360576215838328,-0.05486416438729245,0.05672809718120079,-4.014247483227605e-09,6.118039042669653e-09,0.1,-0.0,1
13,203,world,2.0300000000000002,0.1926751945733246,3.9574999141693126,0.5406870353772839,-0.5997743327860435,-0.6774550590647034,-0.6774550591094599,-0.20261945345901772,0.2026194534456315,6.606576686146199e-12,-0.08357443092023667,-0.054911879373762,0.05672828353057783,2.3115011145922325e-09,-3.518573815622479e-09,0.1,-0.0,1
13,204,world,2.04,0.1936751945733246,3.9574999141693126,0.5398514464133443,-0.6003236879141514,-0.6773975605062637,-0.6773975604580196,-0.202811599889932,0.2028115999043762,-7.121960630514023e-12,-0.08354341445399989,-0.05495905659094962,0.0567284333692799,-1.416089543861784e-10,2.1529376659326712e-10,0.1,-0.0,1
13,205,world,2.05,0.1946751945733245,3.9574999141693126,0.5390161660362827,-0.6008735121276169,-0.6773400072210651,-0.677340007269305,-0.2030037304781062,0.20300373046364836,7.121946911259528e-12,-0.0835127136535237,-0.055005696597939385,0.05672854669673168,-3.142403173019089e-10,4.771648610148029e-10,0.1,-0.0,1
13,206,world,2.06,0.1956751945733245,3.9574999141693126,0.5381811910849286,-0.601423800056983,-0.6772823994378065,-0.6772823993973098,-0.20319584502820529,0.20319584504035498,-5.9793002334309196e-12,-0.08348232941819222,-0.05505179992436611,0.0567286235125002,-3.1628618089029624e-09,4.796692467369682e-09,0.1,-0.0,1
13,207,world,2.07,0.1966751945733245,3.957499914169312,0.5373465183895554,-0.601974546338644,-0.6772247369777256,-0.6772247371037784,-0.20338794346711903,0.2033879434292621,1.861314902645621e-11,-0.08345226262154608,-0.0550973671180802,0.05672866381629717,-5.6952862150163135e-09,8.626629734729677e-09,0.1,-0.0,1
13,208,world,2.08,0.1976751945733246,3.9574999141693135,0.5365121447716128,-0.6025257456142331,-0.6771670201066482,-0.6771670202061568,-0.20358002558843688,0.20358002555852112,1.4694841835059876e-11,-0.08342251412914446,-0.0551423987179801,0.05672866760796198,5.891712434183606e-09,-8.913153332735313e-09,0.1,-0.0,1
13,209,world,2.09,0.1986751945733246,3.957499914169313,0.5356780670432996,-0.6030773925297666,-0.6771092488156201,-0.6771092487969612,-0.20377209126825138,0.20377209127386664,-2.7556607653741675e-12,-0.08339308479801594,-0.05518689525486034,0.05672863488746134,5.769890430715012e-09,-8.718117667980934e-09,0.1,-0.0,1
13,210,world,2.1,0.1996751945733246,3.9574999141693126,0.5348442820088037,-0.6036294817373077,-0.6770514230533786,-0.6770514230113052,-0.20396414039555036,0.20396414040822508,-6.214195993690369e-12,-0.08336397546902835,-0.055230857262939886,0.056728565654938806,-7.610829042196615e-10,1.148548678927591e-09,0.1,-0.0,1
13,211,world,2.11,0.2006751945733246,3.957499914169313,0.5340107864643104,-0.6041820078947773,-0.6769935428766258,-0.6769935428766258,-0.20415617282696683,0.20415617282696683,-0.0,-0.08333518697390092,-0.05527428526923687,0.05672845991067232,-3.326644693836792e-09,5.0140852494799765e-09,0.1,-0.0,1
13,212,world,2.12,0.2016751945733246,3.957499914169313,0.5331775771973614,-0.6047349656647595,-0.6769356083616566,-0.6769356084010565,-0.2043481884132895,0.20434818840139574,5.820335520602577e-12,-0.08330672012864933,-0.055317179803447095,0.05672831765505361,3.263922640695781e-09,-4.913485160264364e-09,0.1,-0.0,1
13,213,world,2.13,0.2026751945733245,3.9574999141693126,0.5323446509870245,-0.6052883497145632,-0.6768776196288196,-0.6768776195489646,-0.20454018699204154,0.20454018701617227,-1.179755307890385e-11,-0.08327857574648731,-0.05535954137848847,0.05672813888865093,1.4535762262980524e-09,-2.1855088356633593e-09,0.1,-0.0,1
13,214,world,2.14,0.2036751945733245,3.957499914169313,0.5315120046047036,-0.6058421547172282,-0.676819576539803,-0.6768195765436664,-0.20473216847898204,0.20473216847781334,5.70846638349697e-13,-0.0832507546200503,-0.05540137051727308,0.05672792361212206,-9.7100804831039e-09,1.4581562434643e-08,0.1,-0.0,1
13,215,world,2.15,0.2046751945733245,3.9574999141693126,0.5306796348143832,-0.6063963753516779,-0.6767614792038901,-0.6767614793611695,-0.20492413271521123,0.20492413266758686,2.3239993701160168e-11,-0.08322325753521848,-0.05544266773187148,0.05672767182631116,3.5742799527559005e-10,-5.360774611966176e-10,0.1,-0.0,1
13,216,world,2.16,0.20567519457332462,3.957499914169313,0.5298475383714754,-0.6069510063007769,-0.6767033278564951,-0.6767033278516378,-0.20511607950360664,0.20511607950507899,-7.17812335155116e-13,-0.08319608527109773,-0.05548343352356844,0.056727383532217804,9.844348087335253e-09,-1.4746889917427614e-08,0.1,-0.0,1
13,217,world,2.17,0.20667519457332462,3.9574999141693126,0.52901571202378,-0.6075060422525701,-0.6766451223406259,-0.6766451222579288,-0.20530800876596214,0.20530800879105418,-1.22216506389605e-11,-0.08316923858490322,-0.05552366840553177,0.05672705873092723,1.7149199647507602e-09,-2.5658157531409893e-09,0.1,-0.0,1
13,218,world,2.18,0.20767519457332462,3.957499914169313,0.5281841525117417,-0.6080614779004536,-0.676586862684547,-0.6765868626379294,-0.20549992036814319,0.20549992038230233,-6.890097768046361e-12,-0.0831427182283757,-0.055563372878155305,0.056726697423682165,-3.898612197885399e-09,5.825815143001157e-09,0.1,-0.0,1
13,219,world,2.19,0.20867519457332462,3.957499914169313,0.5273528565689825,-0.6086173079437643,-0.6765285489770846,-0.6765285489892503,-0.2056918141577124,0.20569181415401352,1.798260277085551e-12,-0.08311652494355447,-0.05560254743541422,0.056726299611915124,-1.917602290993967e-09,2.8620274353298335e-09,0.1,-0.0,1
13,220,world,2.2,0.20967519457332462,3.957499914169313,0.5265218209205269,-0.6091735270849081,-0.6764701813084266,-0.6764701813084266,-0.20588368998185494,0.20588368998185494,-0.0,-0.0830906594591884,-0.05564119257022792,0.05672586529713089,5.009021244413001e-10,-7.466715146939036e-10,0.1,-0.0,1
13,221,world,2.21,0.2106751945733245,3.957499914169313,0.5256910422847272,-0.609730130032042,-0.6764117596805195,-0.6764117596805196,-0.2060755477146744,0.2060755477146744,-0.0,-0.08306512249338104,-0.05567930877049038,0.05672539448102451,-2.1159797272272705e-09,3.150370411408104e-09,0.1,-0.0,1
13,222,world,2.22,0.2116751945733245,3.9574999141693135,0.5248605173730108,-0.6102871114984736,-0.6763532841174251,-0.6763532841687606,-0.20626738722367613,0.20626738720802038,7.5900188206581e-12,-0.08303991475398495,-0.05571689651847916,0.05995891908843283,8.532230988931082e-10,-1.2686755184947673e-09,0.1,-0.0,1
13,223,world,2.23,0.2126751945733245,3.957499914169313,0.5240302429803018,-0.6108444663371065,-0.6762880774399029,-0.6762880774192236,-0.20648107982408795,0.20648107983040168,-3.057761052478068e-12,-0.08301495541297049,-0.055754077678520725,0.06968367583529879,1.2985169546908022e-10,-1.92808284954319e-10,0.1,-0.0,1
13,224,world,2.24,0.21367519457332462,3.9574999141693126,0.52320022134911,-0.6114021975214199,-0.6762093852208699,-0.6762093852690507,-0.20673864493528582,0.2067386449205554,7.125117660028564e-12,-0.0829891799151997,-0.05579243691579188,0.07617532083129733,-4.886286292963556e-09,7.2441844257022894e-09,0.1,-0.0,1
13,225,world,2.25,0.21467519457332462,3.957499914169313,0.5223704632043135,-0.6119603206276901,-0.6761305935568781,-0.6761305936543652,-0.20699618449789753,0.20699618446805204,1.4418348981127151e-11,-0.08296225772149124,-0.055832461827801105,0.07617659142338262,-1.2485930164988602e-09,1.8480559149538256e-09,0.1,-0.0,1
13,226,world,2.2600000000000002,0.21567519457332462,3.957499914169313,0.5215409800252253,-0.612518852305001,-0.6760517025703153,-0.676051702648641,-0.2072536981667693,0.20725369814275735,1.1585748114150212e-11,-0.08293418634186152,-0.05587415087330985,0.07617777363656715,4.483919225493655e-09,-6.625864387393972e-09,0.1,-0.0,1
13,227,world,2.27,0.21667519457332463,3.9574999141693126,0.5207117833166058,-0.6130778091867315,-0.675972712360289,-0.6759727123495913,-0.20751118560411122,0.20751118560739518,-1.582542873136517e-12,-0.08290496318004482,-0.055917502448834505,0.0761788674626256,3.539072155685636e-09,-5.221086568474567e-09,0.1,-0.0,1
13,228,world,2.2800000000000002,0.21767519457332463,3.957499914169313,0.5198828846097125,-0.6136372078899265,-0.6758936229443749,-0.6758936229374181,-0.20776864649745616,0.20776864649959464,-1.0292614589370787e-12,-0.08287458552966442,-0.05596251489422484,0.07617987289394336,-4.444778308998821e-10,6.546465392365107e-10,0.1,-0.0,1
13,229,world,2.29,0.21867519457332452,3.9574999141693126,0.5190542954633588,-0.6141970650146488,-0.6758144344667141,-0.6758144344667141,-0.20802608049577692,0.20802608049577692,-0.0,-0.08284305058545319,-0.05600918647593487,0.07618078992350086,-2.894046393793414e-10,4.2556032262089396e-10,0.1,-0.0,1
13,230,world,2.3000000000000003,0.21967519457332452,3.9574999141693126,0.5182260274652203,-0.6147573971437358,-0.6757351470322367,-0.6757351470322367,-0.20828348726032384,0.20828348726032384,-0.0,-0.08281035543766205,-0.05605751539524452,0.07618161854492542,-2.413275368711976e-09,3.542783770418575e-09,0.1,-0.0,1
13,231,world,2.31,0.22067519457332452,3.957499914169312,0.517398092232174,-0.6153182208410802,-0.6756557607088219,-0.6756557607667477,-0.20854086646404274,0.208540866446164,8.573214150230053e-12,-0.0827764970684165,-0.05610749979354306,0.07618235875244954,2.6360277623664008e-09,-3.86346547710298e-09,0.1,-0.0,1
13,232,world,2.32,0.22167519457332452,3.9574999141693126,0.5165705014118117,-0.6158795526516935,-0.6755762757157519,-0.6755762756525574,-0.20879821773341126,0.20879821775294252,-9.354093827905206e-12,-0.08274147236576465,-0.05615913773149838,0.07618301054093278,4.428813300395324e-09,-6.480426544966284e-09,0.1,-0.0,1
13,233,world,2.33,0.22267519457332463,3.957499914169313,0.5157432666834931,-0.6164414091010477,-0.6754966919966824,-0.675496691948552,-0.20905554078028427,0.20905554079517982,-7.125133815099534e-12,-0.08270527810799565,-0.05621242721213076,0.07618357390579283,-4.654302394072653e-09,6.7992389134557365e-09,0.1,-0.0,1
13,234,world,2.34,0.22367519457332463,3.957499914169313,0.5149163997592617,-0.6170038066942362,-0.6754170096808557,-0.6754170097289804,-0.20931283525954228,0.20931283524462835,7.125154838082843e-12,-0.08266791097560194,-0.05626736616307853,0.07618404884312446,-2.1225329104710637e-09,3.095638628461188e-09,0.1,-0.0,1
13,235,world,2.35,0.22467519457332463,3.957499914169312,0.5140899123848469,-0.6175667619152518,-0.6753372289819874,-0.6753372289845648,-0.20957010080008484,0.209570100799285,3.8164162097942654e-13,-0.08262936755651995,-0.056323952428869284,0.07618443534964404,4.52040948436124e-09,-6.582104248867953e-09,0.1,-0.0,1
13,236,world,2.36,0.22567519457332463,3.957499914169313,0.5132638163406548,-0.618130291226256,-0.6752573499402449,-0.6752573498805213,-0.20982733708483386,0.20982733710339216,-8.844488437492037e-12,-0.08258964432946368,-0.05638218379535054,0.07618473342263726,-2.5909416009909932e-09,3.766481935428631e-09,0.1,-0.0,1
13,237,world,2.37,0.22667519457332452,3.957499914169313,0.5124381234427481,-0.6186944110668291,-0.675177372557248,-0.6751773726215573,-0.21008454380909333,0.21008454378908314,9.524756906231188e-12,-0.08254873767877821,-0.05644205796779794,0.07618494306003337,-4.37683265337621e-09,6.35227210109042e-09,0.1,-0.0,1
13,238,world,2.38,0.22767519457332452,3.957499914169313,0.5116128455438259,-0.6192591378532053,-0.6750972971017465,-0.675097297146193,-0.2103417205853926,0.21034172057154424,6.583694867731662e-12,-0.08250664389386561,-0.05650357257174851,0.07618506426035855,4.402637014523378e-09,-6.379317830477579e-09,0.1,-0.0,1
13,239,world,2.39,0.22867519457332453,3.957499914169313,0.5107879945345227,-0.6198244879779975,-0.675017123638364,-0.6750171235980161,-0.21059886708995876,0.2105988671025469,-5.977292159508033e-12,-0.08246335917046396,-0.056566725151126235,0.07618509702279973,1.1224189331291464e-09,-1.6237020244743589e-09,0.1,-0.0,1
13,240,world,2.4,0.22967519457332453,3.957499914169313,0.5099635823434566,-0.620390477808077,-0.674936852167743,-0.674936852185534,-0.21085598301936412,0.21085598301380606,2.63593558926579e-12,-0.08241887960176686,-0.05663151318117379,0.07618504134710137,-4.5899483102422464e-09,6.629093749051161e-09,0.1,-0.0,1
13,241,world,2.41,0.23067519457332464,3.9574999141693126,0.5091396209388451,-0.6209571236847568,-0.6748564828701146,-0.6748564829386041,-0.2111130680144678,0.21111306799304244,1.0148701100847148e-11,-0.08237320119527813,-0.056697934043862946,0.07618489723364667,6.952189497151221e-09,-1.0024473194257882e-08,0.1,-0.0,1
13,242,world,2.42,0.23167519457332464,3.957499914169313,0.5083161223294298,-0.6215244419229465,-0.6747760159802894,-0.6747760158334403,-0.21137012169920238,0.21137012174520214,-2.1762534873279957e-11,-0.08232631986688718,-0.056765985036595426,0.07618466468347648,3.8886703177803474e-09,-5.598021199662268e-09,0.1,-0.0,1
13,243,world,2.43,0.23267519457332464,3.9574999141693126,0.5074930985652846,-0.6220924488101572,-0.6746954513018858,-0.6746954512783828,-0.21162714383283143,0.21162714384020342,-3.483468245979543e-12,-0.08227823143023695,-0.056835663387633385,0.07618434369818379,-4.888093181223148e-09,7.0253407115318336e-09,0.1,-0.0,1
13,244,world,2.44,0.23367519457332464,3.957499914169313,0.5066705617387206,-0.6226611606056432,-0.6746147891762838,-0.6746147891449443,-0.21188413400652412,0.2118841340163673,-4.64552863383249e-12,-0.08222893162083324,-0.05690696622116076,0.07618393427999477,-3.677503102505193e-09,5.27685932146855e-09,0.1,-0.0,1
13,245,world,2.45,0.23467519457332453,3.957499914169312,0.505848523985184,-0.6232305935395163,-0.6745340295935792,-0.6745340296568525,-0.2121410919218385,0.212141091901939,9.380260875533786e-12,-0.08217841608112095,-0.05697989057902941,0.07618343643177916,-1.0964202829304143e-09,1.5707180132708981e-09,0.1,-0.0,1
13,246,world,2.46,0.23567519457332453,3.957499914169312,0.5050269974841323,-0.6238007638118542,-0.674453172794063,-0.6744531727885699,-0.2123980172020427,0.2123980172037727,-8.144846773137367e-13,-0.08212668036693743,-0.057054433411496554,0.07618285015698985,2.9486360652096953e-09,-4.217288732055584e-09,0.1,-0.0,1
13,247,world,2.47,0.23667519457332453,3.9574999141693126,0.5042059944598996,-0.624371687591786,-0.67437221876983,-0.6743722187636835,-0.21265490954875593,0.21265490955069413,-9.11427563390318e-13,-0.08207371994690402,-0.05713059157821816,0.0761821754597375,1.6637109966928675e-09,-2.3756839073547964e-09,0.1,-0.0,1
13,248,world,2.48,0.23767519457332453,3.957499914169312,0.5033855271825504,-0.6249433810165559,-0.6742911676821429,-0.674291167637538,-0.21291176861068573,0.21291176862477,-6.615053174254567e-12,-0.08201953020436968,-0.057208361845577184,0.0761814123447016,-2.6170179667820193e-10,3.730884018447352e-10,0.1,-0.0,1
13,249,world,2.49,0.23867519457332464,3.9574999141693126,0.5025656079690182,-0.6255158601910003,-0.6742100195793346,-0.6742100195793346,-0.2131685940724695,0.2131685940724695,-0.0,-0.08196410644284896,-0.05728774087905131,0.07618056081717806,-4.448081222823825e-10,6.331026593609079e-10,0.1,-0.0,1
13,250,world,2.5,0.23967519457332465,3.957499914169314,0.5017462491832361,-0.6260891411855831,-0.6741287746515481,-0.674128774617386,-0.21342538557426505,0.2134253855850806,-5.067601870277109e-12,-0.0819074438810759,-0.057368725250509116,0.07617962088312037,1.4319630201066363e-09,-2.0348322219131063e-09,0.1,-0.0,1
13,251,world,2.5100000000000002,0.24067519457332465,3.9574999141693117,0.5009274632372404,-0.6266632400358327,-0.6740474329516982,-0.6740474329181552,-0.21368214279991538,0.21368214281054898,-4.976356332289896e-12,-0.08184953766012584,-0.057451311428231504,0.07617859254907332,-4.250628038774657e-09,6.030408700566821e-09,0.1,-0.0,1
13,252,world,2.52,0.24167519457332465,3.957499914169313,0.5001092625922527,-0.6272381727417399,-0.6739659945582144,-0.6739659946235098,-0.21393886542557985,0.21393886540485293,9.688237827301702e-12,-0.08179038284013387,-0.057535495781859194,0.07617747582220614,-1.435057767079373e-09,2.032653409005581e-09,0.1,-0.0,1
13,253,world,2.5300000000000002,0.24267519457332454,3.957499914169313,0.4992916597592663,-0.6278139552664508,-0.6738844597128814,-0.6738844597128814,-0.21419555307587065,0.21419555307587065,-0.0,-0.08172997440925871,-0.05762127456991836,0.0761762707102654,5.867551457077576e-09,-8.297504458867911e-09,0.1,-0.0,1
13,254,world,2.54,0.24367519457332454,3.9574999141693126,0.4984746672998022,-0.6283906035352199,-0.6738028284478856,-0.6738028283762146,-0.21445220544221413,0.21445220546502491,-1.0636772370162974e-11,-0.08166830727330499,-0.05770864395489677,0.07617497722166659,1.190800351357725e-09,-1.6812247665696841e-09,0.1,-0.0,1
13,255,world,2.5500000000000003,0.24467519457332454,3.9574999141693126,0.49765829782665716,-0.6289681334343324,-0.6737211008137719,-0.6737211007860116,-0.21470882221064563,0.21470882221949264,-4.12044808227321e-12,-0.08160537627050157,-0.057797599982610505,0.08226742873509228,-3.077566326982417e-09,4.337496823592443e-09,0.1,-0.0,1
13,256,world,2.56,0.24567519457332454,3.957499914169313,0.4968425615251521,-0.629546557315482,-0.6736261761041579,-0.6736261761041579,-0.21500645308290192,0.21500645308290192,-0.0,-0.0815419791604409,-0.057887007476619706,0.08884485997230032,1.4903802376717711e-09,-2.0968576857836197e-09,0.1,-0.0,1
13,257,world,2.57,0.24667519457332465,3.957499914169313,0.4960274562386657,-0.630125870075579,-0.6735300772059478,-0.6735300771435415,-0.215307303955735,0.21530730397568443,-9.265570006625341e-12,-0.08147917878096025,-0.05797536912500273,0.08933025105629043,2.1261328860801843e-10,-2.9856676660615303e-10,0.1,-0.0,1
13,258,world,2.58,0.24767519457332465,3.957499914169312,0.4952129759327491,-0.6307060611953924,-0.6734338415545966,-0.6734338415496599,-0.2156081191699476,0.2156081191715281,-7.330399133238896e-13,-0.0814169835327947,-0.05806267985910261,0.08933234020098688,-2.6906813692028776e-09,3.771324032845954e-09,0.1,-0.0,1
13,259,world,2.59,0.24867519457332465,3.957499914169313,0.49439911453961294,-0.6312871201761724,-0.6733374693995956,-0.6733374693995956,-0.21590889815509828,0.21590889815509828,-0.0,-0.08135539673194192,-0.05814894171511923,0.08933428683508482,-7.649076834589874e-10,1.0700879107282171e-09,0.1,-0.0,1
13,260,world,2.6,0.24967519457332465,3.9574999141693126,0.49358586595921616,-0.631869036540424,-0.6732409608749536,-0.6732409608877293,-0.21620964037816442,0.21620964037406148,1.8976627232373716e-12,-0.08129442164132433,-0.05823415672955676,0.08933609093998131,-2.7314265596565712e-11,3.813685985806442e-11,0.1,-0.0,1
13,261,world,2.61,0.25067519457332454,3.9574999141693135,0.4927732240567648,-0.6324517998276861,-0.6731443161621501,-0.6731443161627816,-0.2165103452914208,0.21651034529121765,9.383088424675225e-14,-0.08123406146699477,-0.05831832694425069,0.08933775249836078,1.0104973758551854e-10,-1.408304216282698e-10,0.1,-0.0,1
13,262,world,2.62,0.25167519457332455,3.9574999141693126,0.4919611826696352,-0.6330353996034408,-0.6730475354037538,-0.6730475354141927,-0.21681101236015657,0.21681101235679387,1.5509778366945429e-12,-0.08117431936932124,-0.058401454390515334,0.08933927149431926,3.926359760042435e-10,-5.461874735193979e-10,0.1,-0.0,1
13,263,world,2.63,0.25267519457332455,3.9574999141693126,0.49114973559917957,-0.6336198254469559,-0.6729506187919818,-0.6729506187835597,-0.21711164103420755,0.2171116410369248,-1.251539245107358e-12,-0.08111519845688503,-0.05848354109747596,0.08934064791333945,1.5303260696062197e-09,-2.1248144961290007e-09,0.1,-0.0,1
13,264,world,2.64,0.25367519457332455,3.9574999141693126,0.49033887661951914,-0.634205066962784,-0.672853566479067,-0.672853566454265,-0.21741223077680225,0.21741223078481622,-3.68608892372114e-12,-0.08105670179384895,-0.058564589081654496,0.08934188174221021,-3.0990519831963496e-09,4.2948247898398515e-09,0.1,-0.0,1
13,265,world,2.65,0.25467519457332455,3.957499914169313,0.489528599472716,-0.6347911137732941,-0.6727563785829458,-0.672756378645787,-0.21771278106282782,0.21771278104249156,9.340860749323973e-12,-0.08099883238574022,-0.0586446003665023,0.08934297296912215,2.941558499538174e-09,-4.068897843732875e-09,0.1,-0.0,1
13,266,world,2.66,0.25567519457332466,3.957499914169313,0.4887188978707561,-0.635377955520705,-0.672659055446647,-0.672659055354306,-0.21801329129485192,0.21801329132478026,-1.3727746979132617e-11,-0.08094159320071881,-0.05872357695278238,0.08934392158362414,7.241735952881775e-10,-9.99837845640324e-10,0.1,-0.0,1
13,267,world,2.67,0.25667519457332466,3.9574999141693126,0.48790976549833603,-0.6359655818701575,-0.6725615969723885,-0.6725615970186053,-0.21831376101872724,0.2183137610037252,6.8717702971536906e-12,-0.08088498715043657,-0.05880152084490427,0.08934472757662337,-1.942032904178147e-09,2.6762214063720085e-09,0.1,-0.0,1
13,268,world,2.68,0.25767519457332466,3.957499914169313,0.4871011960078346,-0.6365539825020641,-0.6724640035947439,-0.6724640035469012,-0.2186141896083157,0.21861418962386905,-7.1145294879733e-12,-0.08082901710429988,-0.05887843403108476,0.08934539094040721,-1.7217313200960577e-09,2.3681872116557274e-09,0.1,-0.0,1
13,269,world,2.69,0.25867519457332455,3.957499914169313,0.486293183026745,-0.6371431471215794,-0.6723662752559526,-0.6723662753415286,-0.21891457659780864,0.21891457656994612,1.272757988653478e-11,-0.08077368588255651,-0.05895431849276261,0.08934591166863687,-2.0943916056825256e-09,2.8753565856874093e-09,0.1,-0.0,1
13,270,world,2.7,0.25967519457332455,3.9574999141693126,0.48548572015185704,-0.6377330654498727,-0.6722684123524288,-0.6722684123524288,-0.21921492137430965,0.21921492137430965,-0.0,-0.0807189962577366,-0.05902917620248063,0.089346289756283,7.461585121077134e-09,-1.0224707164607737e-08,0.1,-0.0,1
13,271,world,2.71,0.26067519457332455,3.957499914169313,0.4846788009535936,-0.6383237272293233,-0.6721704149482608,-0.6721704148636479,-0.2195152234335728,0.2195152234612054,-1.2588002359027341e-11,-0.08066495095701702,-0.05910300912053498,0.08934652519975567,2.256758969082543e-09,-3.086666749862307e-09,0.1,-0.0,1
13,272,world,2.72,0.26167519457332455,3.9574999141693135,0.4838724189761695,-0.6389151222230006,-0.6720722831599691,-0.6720722831085735,-0.21981548225498773,0.21981548227179784,-7.647360188352826e-12,-0.0806115526643501,-0.05917581919198678,0.08934661799680724,3.169631645863455e-10,-4.327157264236815e-10,0.1,-0.0,1
13,273,world,2.73,0.26267519457332456,3.957499914169312,0.4830665677348033,-0.6395072402101045,-0.6719740172591174,-0.6719740171673205,-0.22011569726784538,0.2201156972979149,-1.3660766804504783e-11,-0.08055880401502408,-0.05924760835399975,0.08934656814651959,-2.1757959442400496e-09,2.964784368334955e-09,0.1,-0.0,1
13,274,world,2.74,0.26367519457332467,3.9574999141693126,0.4822612407217154,-0.6401000709934123,-0.6718756173205026,-0.6718756173185384,-0.22041586796637666,0.22041586796702098,-2.9232086064629996e-13,-0.08050670759981304,-0.05931837853008294,0.08934637564938279,-2.853834215605845e-09,3.881446375577912e-09,0.1,-0.0,1
13,275,world,2.75,0.26467519457332467,3.9574999141693126,0.48145643140055383,-0.6406936043909336,-0.6717770836443018,-0.6717770836172599,-0.22071599377154777,0.22071599378043255,-4.025431075431824e-12,-0.08045526596871667,-0.05938813162495569,0.08934604050725092,3.4205087761105593e-09,-4.643460539917116e-09,0.1,-0.0,1
13,276,world,2.7600000000000002,0.26567519457332467,3.957499914169313,0.4806521332111202,-0.6412878302416062,-0.671678416365204,-0.6716784162857651,-0.22101607415912505,0.22101607418526448,-1.1826923236578428e-11,-0.08040448162540911,-0.059456869532033475,0.08934556272332764,-3.3324680785398317e-09,4.5154816453884655e-09,0.1,-0.0,1
13,277,world,2.77,0.26667519457332456,3.9574999141693126,0.47984833956904593,-0.6418827384040997,-0.6715796155588222,-0.6715796156071667,-0.22131610862502385,0.22131610860909207,7.198649668200359e-12,-0.08035435702631266,-0.0595245941345918,0.0893449423021709,1.960326606501589e-09,-2.6512816305864074e-09,0.1,-0.0,1
13,278,world,2.7800000000000002,0.26767519457332456,3.957499914169313,0.4790450438633707,-0.6424783187528071,-0.6714806816453981,-0.6714806815217012,-0.2216160965522229,0.22161609659304796,-1.8421515021069458e-11,-0.08030489459462951,-0.059591307286763276,0.08934417924973714,6.672638330309863e-09,-9.007672890252208e-09,0.1,-0.0,1
13,279,world,2.79,0.26867519457332456,3.957499914169313,0.47824223946193634,-0.643074561184388,-0.6713816145593594,-0.671381614457167,-0.2219160374844096,0.2219160375181879,-1.522118634849866e-11,-0.08025609670234692,-0.05965701083781805,0.08934327357336369,-8.348065017417187e-09,1.1248388440559009e-08,0.1,-0.0,1
13,280,world,2.8000000000000003,0.26967519457332456,3.9574999141693126,0.47743991970676936,-0.6436714556108023,-0.6712824145069198,-0.6712824145713222,-0.22221593087640068,0.22221593085508143,9.593932824363758e-12,-0.08020796567906208,-0.05972170662017622,0.08934222528169984,-6.663462335751789e-09,8.961774182587532e-09,0.1,-0.0,1
13,281,world,2.81,0.27067519457332456,3.9574999141693135,0.4766380779174877,-0.6442689919631559,-0.671183081835105,-0.6711830818828528,-0.22251577613689688,0.22251577612106715,7.113968439230876e-12,-0.08016050381844822,-0.059785396440707406,0.08934103438477206,5.6937073747286775e-09,-7.643273836998911e-09,0.1,-0.0,1
13,282,world,2.82,0.2716751945733248,3.9574999141693135,0.4758367073923989,-0.6448671601924446,-0.6710836166833303,-0.6710836166197931,-0.22281557274382624,0.22281557276492206,-9.467837763174828e-12,-0.08011371337478197,-0.05984808208542092,0.08933970089400221,4.254930307893344e-09,-5.701195830003324e-09,0.1,-0.0,1
13,283,world,2.83,0.2726751945733248,3.957499914169313,0.47503580140482315,-0.6454659502638673,-0.6709840191253271,-0.6709840190775941,-0.22311532019767144,0.22311532021354363,-7.11388880730159e-12,-0.08006759655023286,-0.059909765336455305,0.0893382248221628,-3.6497698611130014e-09,4.8812467510755326e-09,0.1,-0.0,1
13,284,world,2.84,0.2736751945733247,3.9574999141693135,0.4742353532086092,-0.6460653521635014,-0.670884289385001,-0.6708842894032617,-0.22341501794975657,0.22341501794367544,2.7219044065429086e-12,-0.08002215551388114,-0.05997044794656969,0.08933660618339057,-3.0188827678757666e-09,4.029965786450893e-09,0.1,-0.0,1
13,285,world,2.85,0.2746751945733247,3.9574999141693135,0.4734353560350346,-0.6466653558933961,-0.6707844277059758,-0.670784427725809,-0.22371466544538957,0.22371466543877486,2.9567493965104024e-12,-0.0799773923990363,-0.06003013164278895,0.08933484499318581,-1.1531999112977108e-09,1.5365738504818821e-09,0.1,-0.0,1
13,286,world,2.86,0.2756751945733247,3.9574999141693126,0.4726358030936905,-0.6472659514720447,-0.6706844342319099,-0.6706844342759354,-0.22401426216379577,0.2240142621490909,6.564257325664406e-12,-0.07993330929087486,-0.06008881814289028,0.08933294126840885,1.6825709731874686e-10,-2.2376201092799066e-10,0.1,-0.0,1
13,287,world,2.87,0.2766751945733247,3.9574999141693126,0.47183668757566655,-0.647867128937873,-0.6705843091882236,-0.6705843092042961,-0.22431380755758445,0.22431380755220817,2.3967696625782937e-12,-0.0798899082390995,-0.06014650913850498,0.08933089502728463,-3.827252912912547e-09,5.08065948605869e-09,0.1,-0.0,1
13,288,world,2.88,0.2776751945733247,3.957499914169313,0.4710380026490261,-0.6484688783424951,-0.6704840526671431,-0.6704840527964528,-0.22461330112456307,0.2246133010812441,1.9286027688823297e-11,-0.07984719125735013,-0.06020320629594533,0.0893287062894163,4.6470833366667165e-09,-6.1575246153136256e-09,0.1,-0.0,1
13,289,world,2.89,0.27867519457332457,3.957499914169313,0.4702397414633946,-0.649071189756079,-0.6703836650939674,-0.6703836650066042,-0.22491274225164334,0.22491274228095356,-1.303182123712341e-11,-0.07980516032114106,-0.06025891125897457,0.09302561743006642,9.039659214888238e-09,-1.1954661902662739e-08,0.1,-0.0,1
13,290,world,2.9,0.27967519457332457,3.9574999141693126,0.4694418985801804,-0.6496740551585592,-0.6702748147770098,-0.6702748147053624,-0.22523692574319554,0.2252369257672717,-1.0689255345346822e-11,-0.07976326157841239,-0.06031436066455288,0.09781354490355146,-6.083204355481039e-09,8.029135582178136e-09,0.1,-0.0,1
13,291,world,2.91,0.2806751945733248,3.957499914169313,0.4686444801149414,-0.6502774818309279,-0.6701633492409641,-0.6701633492886454,-0.22556836060449495,0.22556836058844607,7.114858198980718e-12,-0.0797202351258328,-0.06037121923136832,0.09890343124578424,-6.876417224268472e-09,9.057667899136164e-09,0.1,-0.0,1
13,292,world,2.92,0.2816751945733247,3.957499914169312,0.46784749780857704,-0.6508814844457428,-0.6700517198614566,-0.670051719942232,-0.22589974028920953,0.22589974026197712,1.2055078931649048e-11,-0.07967602937462967,-0.060429548592498605,0.0989034312457841,2.6461115394063212e-09,-3.4783348543439744e-09,0.1,-0.0,1
13,293,world,2.93,0.2826751945733247,3.9574999141693126,0.4670509634701308,-0.6514860776980295,-0.6699399266850498,-0.6699399266741566,-0.22623106470972518,0.22623106471340362,-1.6259712221083447e-12,-0.07963064086812527,-0.060489346458129784,0.0989034312458036,1.4974912642131055e-09,-1.9644247766984677e-09,0.1,-0.0,1
13,294,world,2.94,0.2836751945733247,3.957499914169312,0.46625488894533135,-0.6520912762618168,-0.6698279696015914,-0.6698279696492488,-0.22656233383141897,0.22656233381529936,7.114852891962563e-12,-0.07958406606110169,-0.06055061047737012,0.09890343124580082,2.1865568479012064e-09,-2.862459347707599e-09,0.1,-0.0,1
13,295,world,2.95,0.2846751945733247,3.957499914169313,0.4654592861154437,-0.6526970947868477,-0.6697158487962424,-0.669715848737106,-0.2268935475199492,0.22689354753998403,-8.830047508222494e-12,-0.0795363013194397,-0.06061333823857004,0.09890343124579253,-1.864830816258738e-09,2.436291843553834e-09,0.1,-0.0,1
13,296,world,2.96,0.2856751945733247,3.957499914169313,0.46466416689744733,-0.65330354789704,-0.6696035640864193,-0.6696035641751487,-0.2272247057654442,0.22722470573533463,1.325097739343114e-11,-0.07948734292733903,-0.06067752725969975,0.09890343124578968,-4.731008023926441e-09,6.168130207444184e-09,0.1,-0.0,1
13,297,world,2.97,0.2866751945733246,3.957499914169312,0.4638695432483779,-0.6539106501944011,-0.6694911157227236,-0.6694911157676936,-0.22755580841128625,0.22755580839600117,6.717046201974053e-12,-0.07943718708566541,-0.060743174990421714,0.09890343124578967,6.205378889882456e-09,-8.073832503239156e-09,0.1,-0.0,1
13,298,world,2.98,0.2876751945733246,3.957499914169312,0.46307542716023353,-0.6545184162505817,-0.6693785036612597,-0.6693785036136337,-0.22788685540065232,0.22788685541686635,-7.114928833526348e-12,-0.07938582991116351,-0.06081027881300839,0.0989034312457954,1.337449813563886e-09,-1.7366014237876938e-09,0.1,-0.0,1
13,299,world,2.99,0.2886751945733248,3.9574999141693126,0.46228183066773937,-0.6551268606152604,-0.6692657278272298,-0.6692657278428451,-0.2282178466874421,0.2282178466821173,2.3331984091255325e-12,-0.07933326743385949,-0.06087883604560562,0.09890343124579533,1.9428906098462274e-14,-2.0816685105495294e-14,0.1,-0.0,1
13,300,world,3.0,0.2896751945733247,3.957499914169312,0.4614887658428964,-0.6557359978072452,-0.669152788389365,-0.6691527883417547,-0.22854878214263097,0.22854878215889227,-7.114996502845829e-12,-0.07927949561280617,-0.06094884392159583,0.098903431245798,-2.39906189613229e-09,3.1023334796259247e-09,0.1,-0.0,1
13,301,world,3.0100000000000002,0.2906751945733247,3.957499914169313,0.46069624480016236,-0.6563458423194598,-0.6690396852225899,-0.6690396852906758,-0.2288796617374221,0.2288796617141298,1.0176617334217138e-11,-0.07922451032093178,-0.06102029960929866,0.0989034312457953,-1.8977045253773383e-09,2.4489872459101727e-09,0.1,-0.0,1
13,302,world,3.02,0.2916751945733247,3.957499914169312,0.459904279695485,-0.6569564086159121,-0.668926418538988,-0.6689264185328432,-0.2292104853278541,0.2292104853299596,-9.185895317070948e-13,-0.07916830735621048,-0.061093200197342656,0.09890343124579248,5.043294382762807e-09,-6.495107594848922e-09,0.1,-0.0,1
13,303,world,3.0300000000000002,0.2926751945733247,3.9574999141693126,0.45911288272592865,-0.657567711129435,-0.6688129882520737,-0.6688129882101407,-0.22954125287205668,0.22954125288644842,-6.269753574915452e-12,-0.07911088243470088,-0.06116754270365075,0.09890343124579808,-1.3801295691463306e-09,1.7738029217399198e-09,0.1,-0.0,1
13,304,world,3.04,0.2936751945733247,3.957499914169312,0.4583220661345532,-0.6581797642662465,-0.6686993943579891,-0.668699394381904,-0.22987196430003504,0.229871964291814,3.5763326343819325e-12,-0.07905223119723022,-0.06124332406670675,0.09890343124579526,-4.251397150211568e-09,5.452934132832313e-09,0.1,-0.0,1
13,305,world,3.0500000000000003,0.2946751945733247,3.9574999141693126,0.45753184220441623,-0.6587925823964207,-0.6685856369549434,-0.668585637005482,-0.23020261950674892,0.2302026194893478,7.559000559344316e-12,-0.0789923492172934,-0.061320541135358286,0.0989034312457953,2.67896859517669e-10,-3.4290770262681497e-10,0.1,-0.0,1
13,306,world,3.06,0.2956751945733247,3.957499914169312,0.4567422232676282,-0.6594061798638129,-0.6684717160806803,-0.6684717160987694,-0.2305332184078823,0.23053321840164406,2.705995449734108e-12,-0.07893123198628599,-0.06139919068788369,0.09890343124579527,9.021895813561879e-10,-1.1524637291530471e-09,0.1,-0.0,1
13,307,world,3.0700000000000003,0.2966751945733247,3.957499914169312,0.4559532216976249,-0.660020570974334,-0.6683576317108635,-0.6683576317418207,-0.2308637609405687,0.2308637609298754,4.631837420787451e-12,-0.07886887493087484,-0.06147926940959876,0.09890343124578972,3.0308899224541846e-09,-3.863807126895309e-09,0.1,-0.0,1
13,308,world,3.08,0.2976751945733247,3.9574999141693126,0.4551648499171025,-0.6606357700044093,-0.6682433839417374,-0.668243383894189,-0.2311942470003663,0.23119424701681673,-7.115398145477028e-12,-0.07880527340011803,-0.061560773909468104,0.09890343124578965,2.6466444465450217e-09,-3.3670849380241674e-09,0.1,-0.0,1
13,309,world,3.09,0.2986751945733246,3.957499914169312,0.4543771203937247,-0.6612517911936896,-0.6681289727056684,-0.6681289726793864,-0.23152467653949863,0.23152467654860603,-3.9336401780224435e-12,-0.07874042267891414,-0.06164370070287755,0.0989034312457925,-1.4238446078678727e-09,1.8077514656994663e-09,0.1,-0.0,1
13,310,world,3.1,0.2996751945733247,3.957499914169313,0.45359004564325256,-0.6618686487473173,-0.6680143980864075,-0.6680143980696195,-0.2318550494578854,0.2318550494637122,-2.5131109996802807e-12,-0.07867431797990704,-0.061728046222089994,0.09890343124579533,-4.005738061502375e-09,5.075459630698036e-09,0.1,-0.0,1
13,311,world,3.11,0.3006751945733247,3.9574999141693117,0.4528036382302891,-0.6624863568351123,-0.6678996600723919,-0.6678996601324887,-0.23218536568848502,0.2321853656675933,8.997838017177808e-12,-0.07860695445182903,-0.06181380680566502,0.09890343124580082,-2.5865563910983557e-09,3.2706176436870962e-09,0.1,-0.0,1
13,312,world,3.12,0.3016751945733247,3.957499914169313,0.45201791076637277,-0.6631049295874003,-0.6677847587744127,-0.667784758813321,-0.23251562512176926,0.23251562510822174,5.826467432343884e-12,-0.07853832718737692,-0.06190097868861632,0.09890343124580078,1.8032273061366389e-09,-2.2754954411250635e-09,0.1,-0.0,1
13,313,world,3.13,0.3026751945733246,3.957499914169312,0.45123287591561595,-0.6637243811004332,-0.6676696941697386,-0.667669694191045,-0.23284582769461895,0.2328458276871885,3.19113134492206e-12,-0.07846843119969867,-0.06198955803244736,0.09890343124579805,6.169954442948585e-09,-7.77008029140583e-09,0.1,-0.0,1
13,314,world,3.14,0.3036751945733247,3.957499914169312,0.45044854638794013,-0.6643447254260552,-0.6675544663369402,-0.667554466243368,-0.23317597330867149,0.23317597334135617,-1.4017125337909914e-11,-0.07839726145526989,-0.06207954088356368,0.09890343124579258,-2.4550504523917636e-09,3.0854872302592067e-09,0.1,-0.0,1
13,315,world,3.15,0.3046751945733247,3.957499914169313,0.44966493494939963,-0.6649659765830428,-0.6674390751143653,-0.667439075188299,-0.23350606194952248,0.23350606192365653,1.1077177638465441e-11,-0.0783248128430487,-0.062170923212554886,0.09890343124579529,-6.475324111214162e-09,8.121617203898377e-09,0.1,-0.0,1
13,316,world,3.16,0.3056751945733247,3.957499914169312,0.4488820544111466,-0.6655881485414195,-0.6673235207695994,-0.6673235208146899,-0.23383609345280867,0.23383609343700856,6.756903449135239e-12,-0.07825108022010438,-0.06226370085681376,0.09890343124580353,5.677872987077091e-09,-7.1070008696248185e-09,0.1,-0.0,1
13,317,world,3.17,0.3066751945733246,3.9574999141693126,0.44809991764236945,-0.6662112552370377,-0.6672078032645892,-0.6672078032171112,-0.23416606776093124,0.23416606777759427,-7.115905142474789e-12,-0.07817605836673518,-0.062357869577470464,0.09890343124578974,3.6229164468545045e-09,-4.525616036995777e-09,0.1,-0.0,1
13,318,world,3.18,0.3076751945733247,3.9574999141693126,0.4473185375589706,-0.6668353105556117,-0.6670919225418818,-0.6670919225096122,-0.234495984823286,0.2344959848346294,-4.837348885904253e-12,-0.07809974201023878,-0.06245342502965027,0.098903431245787,-2.813033598371959e-09,3.5068217940209556e-09,0.1,-0.0,1
13,319,world,3.19,0.3086751945733247,3.9574999141693126,0.44653792713483764,-0.6674603283451367,-0.6669758786689193,-0.6669758786814277,-0.23482584454551514,0.2348258445411112,1.875398943873645e-12,-0.07802212583310954,-0.06255036275260459,0.09890343124579527,1.2157193901831194e-09,-1.5124855224945942e-09,0.1,-0.0,1
13,320,world,3.2,0.3096751945733247,3.9574999141693135,0.44575809939300765,-0.668086322403109,-0.6668596717465775,-0.6668596716884382,-0.235155646821412,0.23515564684191373,-8.71836643295591e-12,-0.07794320446797527,-0.06264867817650586,0.09890343124580075,2.09804985394878e-09,-2.6049201768090657e-09,0.1,-0.0,1
13,321,world,3.21,0.3106751945733246,3.9574999141693126,0.4449790674140974,-0.6687133064853417,-0.666743301697217,-0.6667433016651192,-0.23548539160768622,0.23548539161902277,-4.814111666868269e-12,-0.07786297248979497,-0.06274836663255413,0.09890343124579526,-4.972284506530938e-09,6.1610816778671185e-09,0.1,-0.0,1
13,322,world,3.22,0.3116751945733247,3.9574999141693126,0.44420084433019746,-0.6693412942966563,-0.6666267685708933,-0.6666267686183311,-0.2358150788161404,0.23581507879935956,7.116096717210186e-12,-0.07778142443297696,-0.06284942333209667,0.09890343124578703,1.996397817241393e-09,-2.4687075855999758e-09,0.1,-0.0,1
13,323,world,3.23,0.3126751945733247,3.9574999141693126,0.4434234433306168,-0.6699702994963209,-0.6665100725235426,-0.6665100724491337,-0.23614470832104367,0.2361447083474067,-1.1163932717209863e-11,-0.07769855478882025,-0.06295184337037875,0.09890343124579253,1.7166937339319971e-09,-2.1185480437720464e-09,0.1,-0.0,1
13,324,world,3.24,0.3136751945733247,3.9574999141693126,0.4426468776582753,-0.6706003356918795,-0.666393213379344,-0.6663932133904231,-0.23647428011413593,0.23647428011020438,1.6625660580156681e-12,-0.07761435800163378,-0.06305562173188231,0.09841605443176482,-1.3166803108344544e-09,1.6216315632406472e-09,0.1,-0.0,1
13,325,world,3.25,0.3146751945733246,3.957499914169312,0.4418711605610223,-0.6712314163777322,-0.6662773454609735,-0.6662773454144258,-0.2368005467742309,0.2368005467907743,-6.986213138496204e-12,-0.07752889780269191,-0.06316066818439901,0.09625414219226934,1.0324298567116294e-09,-1.269023277018396e-09,0.1,-0.0,1
13,326,world,3.2600000000000002,0.3156751945733247,3.9574999141693126,0.4410962971733643,-0.6718635449882155,-0.6661652884336001,-0.6661652884228791,-0.23711560153734193,0.23711560154115796,-1.6093593868354375e-12,-0.0774440123079177,-0.0632647212722153,0.09457960676681844,-1.9554277781310145e-09,2.398841205822593e-09,0.1,-0.0,1
13,327,world,3.27,0.3166751945733247,3.9574999141693126,0.4403222756488778,-0.6724967041583652,-0.6660530824451925,-0.6660530824398873,-0.237430603268286,0.23743060327017718,-7.965132774205685e-13,-0.07736052646717043,-0.06336678108222181,0.0945796067668181,-5.090068015444461e-10,6.232203183412743e-10,0.1,-0.0,1
13,328,world,3.2800000000000002,0.3176751945733247,3.9574999141693126,0.4395490819518393,-0.6731308739836207,-0.6659407275056934,-0.6659407275056933,-0.2377455519020028,0.2377455519020028,-0.0,-0.07727844808773926,-0.06346685324758577,0.09457960676680116,3.993433957145565e-09,-4.88008942182384e-09,0.1,-0.0,1
13,329,world,3.29,0.3186751945733246,3.957499914169312,0.4387767019701836,-0.6737660346164809,-0.6658282236874636,-0.665828223598189,-0.23806044735117116,0.2380604473830904,-1.34080262561159e-11,-0.07719778480071043,-0.0635649433403602,0.09457960676680424,-6.681711736418251e-10,8.14955169390083e-10,0.1,-0.0,1
13,330,world,3.3000000000000003,0.3196751945733247,3.957499914169312,0.43800512151483045,-0.674402166262926,-0.6657155708720827,-0.6657155708861139,-0.23837528959670706,0.23837528959168283,2.1076896858713853e-12,-0.07711854402975597,-0.06366105690868312,0.09457960676681287,-1.9941135051916673e-09,2.4274724741174815e-09,0.1,-0.0,1
13,331,world,3.31,0.3206751945733247,3.957499914169313,0.4372343263242112,-0.6750392491851611,-0.6656027692634142,-0.6656027692159898,-0.2386900785042827,0.2386900785212894,-7.1249949885927286e-12,-0.07704073302577014,-0.06375519943386587,0.09457960676680703,6.697116083181535e-10,-8.136943721797728e-10,0.1,-0.0,1
13,332,world,3.3200000000000003,0.3216751945733247,3.957499914169312,0.4364643020652189,-0.6756772637000014,-0.6654898187498638,-0.6654898187498637,-0.23900481405250715,0.23900481405250715,-0.0,-0.076964358846632,-0.063847376354294,0.09457960676680952,-4.953149740519917e-10,6.006480931066417e-10,0.1,-0.0,1
13,333,world,3.33,0.3226751945733246,3.957499914169312,0.43569503433503887,-0.6763161901783123,-0.6653767194533667,-0.6653767194163188,-0.23931949613631048,0.23931949614963569,-5.567933074515379e-12,-0.07688942837159232,-0.06393759304735967,0.09457960676681258,1.627900834806001e-09,-1.9702374615981835e-09,0.1,-0.0,1
13,334,world,3.34,0.3236751945733247,3.9574999141693126,0.4349265086629469,-0.6769560090444147,-0.6652634713369344,-0.6652634713029293,-0.23963412470768633,0.23963412471993534,-5.111520894087791e-12,-0.0768159483090135,-0.06402585481965054,0.09457960676680455,-6.318657651008091e-09,7.632794840599244e-09,0.1,-0.0,1
13,335,world,3.35,0.3246751945733247,3.957499914169312,0.434158710512085,-0.6775967007754534,-0.665150074383066,-0.6651500744778479,-0.23994869971175498,0.239948699677563,1.4249622900437716e-11,-0.07674392517675281,-0.0641121669300373,0.09457960676679314,-1.6964487901236216e-09,2.0453287948427303e-09,0.1,-0.0,1
13,336,world,3.36,0.3256751945733247,3.9574999141693126,0.4333916252812103,-0.6782382459007322,-0.665036528791102,-0.6650365287924526,-0.24026322101541242,0.24026322101492453,2.0306449279556925e-13,-0.07667336533241037,-0.06419653455290818,0.09457960676680673,1.2730010611720898e-08,-1.531847099952585e-08,0.1,-0.0,1
13,337,world,3.37,0.3266751945733246,3.957499914169313,0.43262523830710004,-0.6788806250018198,-0.6649228345143468,-0.6649228343442237,-0.24057768857422573,0.24057768863577847,-2.5585195130544078e-11,-0.0766042749583814,-0.06427896279577558,0.09457960676681226,6.496470997142667e-11,-7.802440413501956e-11,0.1,-0.0,1
13,338,world,3.38,0.3276751945733246,3.9574999141693126,0.4318595348643838,-0.6795238187095953,-0.6648089913684067,-0.6648089913684068,-0.24089210239383466,0.24089210239383466,-0.0,-0.07653666005605822,-0.06435945670578165,0.09457960676680455,-8.19485712673228e-09,9.823308909796299e-09,0.1,-0.0,1
13,339,world,3.39,0.3286751945733247,3.957499914169313,0.43109450016872125,-0.6801678077052679,-0.6646949996346007,-0.6646949996346008,-0.241206462311353,0.241206462311353,-0.0,-0.0764705264806037,-0.06443802122799308,0.0945796067668101,1.165656634030461e-09,-1.3946082480814493e-09,0.1,-0.0,1
13,340,world,3.4,0.3296751945733247,3.957499914169313,0.43033011937832866,-0.6808125727194401,-0.6645808592654389,-0.6645808592412801,-0.2415207682828662,0.24152076829164595,-3.6351639617154583e-12,-0.07640587991317074,-0.06451466123831183,0.0945796067668206,7.967738768724905e-10,-9.514383756023156e-10,0.1,-0.0,1
13,341,world,3.41,0.3306751945733246,3.957499914169313,0.42956637759541266,-0.6814580945310489,-0.6644665702584545,-0.6644665702419625,-0.2418350202482535,0.24183502025425585,-2.4819805796244593e-12,-0.07634272586701303,-0.06458938153593129,0.09457960676680117,1.1213920354394466e-09,-1.336506799093765e-09,0.1,-0.0,1
13,342,world,3.42,0.3316751945733246,3.9574999141693135,0.4288032598677768,-0.6821043539665053,-0.6643521326743723,-0.6643521326270407,-0.24214921812444598,0.2421492181416978,-7.1244023741026645e-12,-0.07628106971059788,-0.06466218681584245,0.09457960676679344,-5.251230789283812e-09,6.246536858686683e-09,0.1,-0.0,1
13,343,world,3.43,0.33267519457332473,3.957499914169312,0.4280407511904002,-0.6827513318988093,-0.6642375464344832,-0.6642375465264079,-0.24246336187922035,0.24246336184566558,1.3838996873283595e-11,-0.07622091664540225,-0.06473308169502394,0.09457960676681287,-4.378767446423176e-09,5.19872347739533e-09,0.1,-0.0,1
13,344,world,3.44,0.33367519457332473,3.957499914169313,0.4272788365075129,-0.6833990092472447,-0.6641228117435674,-0.6641228117865341,-0.24277745137696857,0.2427774513612616,6.469645929979275e-12,-0.07616227172359535,-0.06480207069146193,0.09457960676680949,9.883012549626508e-10,-1.17111685045763e-09,0.1,-0.0,1
13,345,world,3.45,0.3346751945733246,3.957499914169313,0.4265175007128774,-0.6840473669749685,-0.6640079284944094,-0.6640079285659517,-0.24309148659594323,0.24309148656975177,1.0774230541001858e-11,-0.07610513983919759,-0.06486915823452762,0.0945796067668095,-2.531558673751968e-09,2.9941026347888076e-09,0.1,-0.0,1
13,346,world,3.46,0.3356751945733246,3.9574999141693117,0.4257567286519216,-0.6846963860887675,-0.66389289675402,-0.663892896849033,-0.24340546745082933,0.2434054674159944,1.4311384500435564e-11,-0.07604952573886808,-0.06493434865225985,0.09457960676681008,4.759957027644008e-09,-5.618837483662695e-09,0.1,-0.0,1
13,347,world,3.47,0.33667519457332473,3.9574999141693126,0.4249965051236746,-0.6853460476385964,-0.6637777166179354,-0.6637777165916917,-0.2437193938457738,0.24371939385540975,-3.953674524056019e-12,-0.07599543402650101,-0.06499764616602462,0.09457960676680177,8.9078341327704e-09,-1.0495054308220865e-08,0.1,-0.0,1
13,348,world,3.48,0.33767519457332473,3.9574999141693126,0.4242368148819083,-0.685996332716169,-0.6636623880096678,-0.6636623879219317,-0.2440332657480525,0.24403326578031362,-1.3219880154997131e-11,-0.07594286914913416,-0.06505905490704188,0.09457960676681229,-3.0109280672354796e-09,3.5406245718178287e-09,0.1,-0.0,1
13,349,world,3.49,0.3386751945733246,3.9574999141693135,0.42347764263658827,-0.6866472224539171,-0.6635469108925534,-0.663546910927999,-0.24434708311052003,0.24434708309746742,5.3418043014235946e-12,-0.07589183541615298,-0.06511857889394967,0.09457960676681504,-2.064046463939221e-09,2.422531287032105e-09,0.1,-0.0,1
13,350,world,3.5,0.3396751945733246,3.9574999141693126,0.42271897305548006,-0.6872986980241355,-0.6634312854868059,-0.663431285441329,-0.24466084579145855,0.24466084580822955,-6.8547495402397036e-12,-0.07584233700203852,-0.06517622202973429,0.09457960676680457,3.1107898676308433e-09,-3.644072393117307e-09,0.1,-0.0,1
13,351,world,3.5100000000000002,0.34067519457332474,3.957499914169313,0.4219607907655896,-0.6879507406379389,-0.6633155116670957,-0.6633155116389664,-0.24497455377637217,0.24497455378676078,-4.240671619736354e-12,-0.0757943779283278,-0.065231988122836,0.09457960676681011,-3.324430116110724e-09,3.88688444980778e-09,0.1,-0.0,1
13,352,world,3.52,0.34167519457332474,3.9574999141693135,0.4212030803533467,-0.6886033315427335,-0.663199589491868,-0.6631995895142477,-0.24528820698314435,0.24528820697486708,3.3744859398515604e-12,-0.07574796208193879,-0.06528588086587456,0.09457960676680673,-4.693079958228082e-10,5.476578341304395e-10,0.1,-0.0,1
13,353,world,3.5300000000000002,0.3426751945733246,3.9574999141693135,0.42044582636758177,-0.6892564520229769,-0.6630835190493493,-0.6630835190307945,-0.24560180531858233,0.24560180532545484,-2.7982199197443235e-12,-0.07570309321923877,-0.06533790383107839,0.09457960676680396,4.124534662554024e-10,-4.803914927079404e-10,0.1,-0.0,1
13,354,world,3.54,0.3436751945733246,3.957499914169313,0.41968901332027714,-0.6899100833983144,-0.6629673002830417,-0.6629673002970183,-0.24591534874306656,0.2459153487378822,2.1081741855902705e-12,-0.07565977495800233,-0.06538806047975766,0.09457960676681287,-2.646050440235539e-09,3.0760128200889986e-09,0.1,-0.0,1
13,355,world,3.5500000000000003,0.34467519457332474,3.9574999141693135,0.41893262568789646,-0.6905642070224174,-0.6628509332613016,-0.662850933296544,-0.2462288371708004,0.24622883715770894,5.31677581444487e-12,-0.0756180107804184,-0.06543635415892705,0.0945796067668101,-1.53783397850528e-09,1.7843049144967793e-09,0.1,-0.0,1
13,356,world,3.56,0.34567519457332474,3.957499914169313,0.4181766479128729,-0.691218804281983,-0.6627344180101766,-0.6627344180553706,-0.2465422705316593,0.24654227051484684,6.81928852705053e-12,-0.07557780404702173,-0.06548278808534337,0.09457960676680395,3.990780523721115e-10,-4.6215191347281976e-10,0.1,-0.0,1
13,357,world,3.5700000000000003,0.34667519457332463,3.9574999141693126,0.41742106440487414,-0.6918738565954914,-0.6626177545640701,-0.6626177545912081,-0.2468556487524308,0.2468556487423207,4.095549771642284e-12,-0.07553915797691302,-0.06552736536851592,0.09457960676680949,5.1102601997155336e-09,-5.906655212924386e-09,0.1,-0.0,1
13,358,world,3.58,0.34767519457332463,3.9574999141693135,0.41666585954116214,-0.6925293454109228,-0.6625009429687642,-0.6625009429104535,-0.24716897175566374,0.2471689717774186,-8.801609565323099e-12,-0.07550207567311133,-0.06557008898157582,0.09457960676681287,1.1008307019578098e-09,-1.26996210274472e-09,0.1,-0.0,1
13,359,world,3.59,0.34867519457332474,3.957499914169313,0.4159110176691733,-0.6931852522060206,-0.6623839831423741,-0.6623839831472376,-0.24748223951158868,0.24748223950977155,7.342457566298825e-13,-0.07546656009647446,-0.06561096179149647,0.09602744000277166,-5.027576350752916e-09,5.788751618423756e-09,0.1,-0.0,1
13,360,world,3.6,0.34967519457332474,3.957499914169313,0.4151565232773637,-0.6938415586819309,-0.6622632874634311,-0.6622632875066956,-0.24780504041178814,0.2478050403955995,6.532811001533358e-12,-0.07543245537583315,-0.06565016889523545,0.10052503178653288,-7.09396549964744e-10,8.151737603404434e-10,0.1,-0.0,1
13,361,world,3.61,0.35067519457332463,3.9574999141693135,0.4144023719440907,-0.6944982593313862,-0.6621348668983664,-0.6621348669175384,-0.24814797606785183,0.24814797606066674,2.895480796684035e-12,-0.07539756241069713,-0.065690239629073,0.10357479033431621,1.008254771200041e-09,-1.1562392001688643e-09,0.1,-0.0,1
13,362,world,3.62,0.35167519457332463,3.9574999141693126,0.4136485770122784,-0.6951553690446146,-0.6620062687391565,-0.6620062687620925,-0.24849084517747402,0.24849084516886474,3.4646174536457246e-12,-0.075361174579008,-0.06573198130341333,0.10357479033431323,2.2141153983265e-09,-2.533771562619084e-09,0.1,-0.0,1
13,363,world,3.63,0.35267519457332464,3.957499914169313,0.41289515344498856,-0.6958129045193865,-0.6618774930602577,-0.6618774930348796,-0.24883364763369853,0.24883364764323945,-3.83424785010301e-12,-0.07532328897802995,-0.06577539158022698,0.1035747903343186,1.4964476779899475e-09,-1.7089187289846375e-09,0.1,-0.0,1
13,364,world,3.64,0.35367519457332475,3.957499914169312,0.412142116234891,-0.6964708824296142,-0.66174853983689,-0.6617485398297537,-0.2491763833668771,0.2491763833695642,-1.0783908299218647e-12,-0.07528390259029671,-0.0658204680230604,0.1035747903343077,-3.210599027803269e-09,3.6587989185381787e-09,0.1,-0.0,1
13,365,world,3.65,0.35467519457332464,3.957499914169313,0.4113894804060848,-0.6971293194251252,-0.6616194091229467,-0.6616194091619902,-0.24951905227786714,0.24951905226314258,5.9011653898933394e-12,-0.07524301228258037,-0.06586720809813833,0.10357479033431626,-2.7037266152842425e-09,3.0747430936577865e-09,0.1,-0.0,1
13,366,world,3.66,0.35567519457332464,3.9574999141693126,0.4106372610134042,-0.6977882321285762,-0.661490100986123,-0.6614901010331578,-0.2498616542623033,0.24986165424453713,7.110381397594714e-12,-0.07520061481889459,-0.06591560915944154,0.10357479033432158,3.399300893480311e-09,-3.8577009600777105e-09,0.1,-0.0,1
13,367,world,3.67,0.35667519457332464,3.9574999141693135,0.4098854731448518,-0.6984476371359485,-0.6613606154840085,-0.6613606154550263,-0.25020418921960075,0.25020418923056525,-4.382196436996535e-12,-0.07515670685028727,-0.0659656684603437,0.1035747903343214,7.431112610524689e-10,-8.415714075955874e-10,0.1,-0.0,1
13,368,world,3.68,0.35767519457332475,3.9574999141693135,0.40913413192266457,-0.6991075510154533,-0.661230952540742,-0.661230952572911,-0.2505466570997223,0.25054665708753315,4.86497957556775e-12,-0.07511128491634123,-0.06601738315183518,0.10357479033431882,-3.6436415959844217e-09,4.117748545631028e-09,0.1,-0.0,1
13,369,world,3.69,0.35867519457332464,3.9574999141693135,0.40838325250451135,-0.6997679903066062,-0.6611011122844782,-0.6611011123282069,-0.250889057775504,0.2508890577589089,6.6144908533003195e-12,-0.075064345453071,-0.06607075027349106,0.103574790334319,2.319886364794052e-09,-2.616281270893574e-09,0.1,-0.0,1
13,370,world,3.7,0.35967519457332464,3.957499914169314,0.4076328500843634,-0.7004289715189281,-0.6609710947599217,-0.6609710947458538,-0.2512313911513164,0.2512313911566635,-2.1283492119719997e-12,-0.07501588479420346,-0.06612576675202184,0.10357479033432437,1.0887986904798782e-09,-1.2253450446924148e-09,0.1,-0.0,1
13,371,world,3.71,0.36067519457332464,3.9574999141693135,0.40688293989223107,-0.7010905111293504,-0.6608408999203087,-0.6608408999423553,-0.2515736571663628,0.25157365715797,3.336118385376943e-12,-0.07496589916405058,-0.06618242940936364,0.10357479033431308,-4.321646591674397e-09,4.853515680062276e-09,0.1,-0.0,1
13,372,world,3.72,0.36167519457332475,3.9574999141693126,0.40613353719707396,-0.701752625583238,-0.6607105278406862,-0.6607105279124992,-0.25191585571363284,0.251915855686252,1.0868930864991196e-11,-0.07491438469159192,-0.06624073494670918,0.10357479033430772,3.478426502592657e-09,-3.898386477868273e-09,0.1,-0.0,1
13,373,world,3.73,0.36267519457332464,3.957499914169313,0.40538465730710727,-0.7024153312924387,-0.6605799786471288,-0.6605799786001408,-0.2522579866665708,0.2522579866845142,-7.1130486332457514e-12,-0.07486133739721032,-0.06630067995956783,0.1035747903343218,3.0607494238197692e-09,-3.423145712755237e-09,0.1,-0.0,1
13,374,world,3.74,0.36367519457332464,3.9574999141693126,0.4046363155720734,-0.7030786446355711,-0.660449252201906,-0.6604492522130354,-0.25260004999933794,0.25260004999508123,1.6851130641095816e-12,-0.07480675320583616,-0.06636226092291556,0.10357479033432158,-1.2435693589000641e-09,1.3879067045809029e-09,0.1,-0.0,1
13,375,world,3.75,0.36467519457332465,3.957499914169313,0.4038885273804755,-0.7037425819526083,-0.6603183486743398,-0.6603183486519809,-0.2529420455689219,0.2529420455774867,-3.3860152698353466e-12,-0.07475062794788112,-0.06642547419023408,0.10357479033431308,-1.8124477384308505e-09,2.0186175787447735e-09,0.1,-0.0,1
13,376,world,3.7600000000000002,0.36567519457332476,3.957499914169313,0.4031413081642026,-0.7044071595478346,-0.6601872680023386,-0.660187268049284,-0.25328397332081126,0.25328397330280045,7.110799000037429e-12,-0.07469295735839397,-0.06649031599456526,0.10357479033431327,-5.508020025677194e-09,6.121772240107894e-09,0.1,-0.0,1
13,377,world,3.77,0.36667519457332465,3.9574999141693126,0.40239467339828683,-0.7050723936872793,-0.6600560102873982,-0.6600560103737587,-0.25362583313790327,0.25362583310471937,1.3083607413578344e-11,-0.07463373707285843,-0.06655678245332657,0.10357479033431621,3.788281477493772e-09,-4.201649502382087e-09,0.1,-0.0,1
13,378,world,3.7800000000000002,0.36767519457332465,3.9574999141693126,0.40164863860305206,-0.7057383005988566,-0.659924575626535,-0.6599245755987939,-0.2539676249046984,0.2539676249153743,-4.203584294816374e-12,-0.07457296264154409,-0.0666248695523141,0.1035747903343244,5.459278450623809e-09,-6.042374626305882e-09,0.1,-0.0,1
13,379,world,3.79,0.36867519457332465,3.957499914169313,0.40090321934166184,-0.7064048964673393,-0.6597929639178849,-0.6597929638967526,-0.25430934858224186,0.254309348590387,-3.2028036970813802e-12,-0.07451062951849002,-0.06669457315822873,0.1035747903343186,2.4179829132313384e-09,-2.670678045489475e-09,0.1,-0.0,1
13,380,world,3.8000000000000003,0.36967519457332476,3.9574999141693126,0.40015843122381295,-0.7070721974362456,-0.6596611752874695,-0.6596611752122088,-0.25465100404397106,0.25465100407302416,-1.1408783577981573e-11,-0.07444673308077258,-0.06676588899730314,0.10357479033431881,1.185093901737902e-09,-1.3062137042650724e-09,0.1,-0.0,1
13,381,world,3.81,0.37067519457332465,3.9574999141693126,0.39941428990616634,-0.7077402196060423,-0.6595292096977645,-0.6595292096533765,-0.2549925912263753,0.254992591243537,-6.730169124123185e-12,-0.07438126860678634,-0.06683881267979783,0.10357479033432455,2.3995892899824298e-09,-2.63933783167989e-09,0.1,-0.0,1
13,382,world,3.8200000000000003,0.37167519457332465,3.9574999141693126,0.39867081109425095,-0.7084089790340102,-0.6593970672810414,-0.6593970671587683,-0.25533411000040507,0.25533411004775214,-1.8542850470349655e-11,-0.07431423130024165,-0.06691333967344769,0.10357479033431323,1.4529074987370004e-09,-1.5947704344092922e-09,0.1,-0.0,1
13,383,world,3.83,0.37267519457332465,3.9574999141693126,0.39792801053982807,-0.7090784917290504,-0.6592647479546901,-0.6592647478818744,-0.2556755603201522,0.2556755603483915,-1.10447982951419e-11,-0.07424561627950231,-0.06698946531565168,0.10357479033431581,-5.753412664684897e-09,6.302005878150173e-09,0.1,-0.0,1
13,384,world,3.84,0.37367519457332476,3.957499914169312,0.3971859040443776,-0.7097487736533239,-0.6591322518110558,-0.6591322518013232,-0.25601694207207104,0.2560169420758514,-1.4765826716957494e-12,-0.07417541858617487,-0.0670671848042375,0.103574790334316,-1.6890714072027722e-09,1.8462956689460713e-09,0.1,-0.0,1
13,385,world,3.85,0.37467519457332465,3.957499914169313,0.3964445074597028,-0.710419840720667,-0.6589995789390642,-0.6589995788992588,-0.2563582551438478,0.2563582551593326,-6.040171705864673e-12,-0.07410363319039322,-0.06714649319200262,0.10357479033431068,-1.4327430694470143e-11,1.561667741232783e-11,0.1,-0.0,1
13,386,world,3.86,0.37567519457332466,3.957499914169313,0.39570383668979403,-0.7110917087964104,-0.6588667292975049,-0.6588667292880553,-0.25669949947378035,0.2566994994774619,-1.4341758155300955e-12,-0.07403025497081832,-0.06722738540918896,0.10357479033432158,-5.763324182509695e-09,6.273604980323876e-09,0.1,-0.0,1
13,387,world,3.87,0.37667519457332466,3.9574999141693126,0.3949639076876182,-0.7117643936915987,-0.6587337029264517,-0.6587337029988978,-0.2570406749686687,0.2570406749404,1.0997592992969749e-11,-0.07395527875441225,-0.0673098562200008,0.10357479033431603,1.2114950099838906e-09,-1.316021138662381e-09,0.1,-0.0,1
13,388,world,3.88,0.37767519457332466,3.9574999141693126,0.3942247364589753,-0.712437911165027,-0.6586004999810258,-0.6586004999480186,-0.2573817814903793,0.2573817815032785,-5.011616890183704e-12,-0.07387869928997218,-0.06739390025233638,0.10357479033431882,6.247020685246072e-09,-6.771918959571765e-09,0.1,-0.0,1
13,389,world,3.89,0.37867519457332466,3.957499914169312,0.3934863390628628,-0.713112276921416,-0.6584671203585045,-0.6584671203095888,-0.25772281900144955,0.2577228190205951,-7.428621732139524e-12,-0.07380051126062294,-0.06747951198453252,0.10357479033432158,-3.6202963771600933e-09,3.916341562944313e-09,0.1,-0.0,1
13,390,world,3.9,0.37967519457332466,3.9574999141693126,0.39274873161338153,-0.7137875066112777,-0.6583335640884055,-0.6583335641256337,-0.2580637874129471,0.2580637873983538,5.654863863966099e-12,-0.07372070928113726,-0.06756668574886622,0.10357479033431882,-4.711762378933538e-09,5.086482145645708e-09,0.1,-0.0,1
13,391,world,3.91,0.38067519457332466,3.957499914169312,0.39201193027594206,-0.7144636158245635,-0.6581998312980718,-0.6581998313404481,-0.2584046865975862,0.25840468658094956,6.438125523748875e-12,-0.0736392879132231,-0.06765541571547272,0.10357479033432158,2.3352157719472655e-10,-2.515696434657043e-10,0.1,-0.0,1
13,392,world,3.92,0.38167519457332466,3.957499914169313,0.39127595127152076,-0.7151406200931284,-0.6580659219902862,-0.6580659220229818,-0.25874551647687544,0.2587455164640199,4.96836335056064e-12,-0.07355624165953784,-0.06774569589961914,0.10357479033431045,6.616822163079782e-09,-7.113441664133371e-09,0.1,-0.0,1
13,393,world,3.93,0.38267519457332466,3.9574999141693126,0.3905408108767198,-0.7158185348885975,-0.6579318362477947,-0.6579318361623161,-0.25908627694095127,0.2590862769746117,-1.2991830552086819e-11,-0.07347156496158151,-0.06783752016470022,0.10357479033431326,1.6938453670622235e-09,-1.8171939427098238e-09,0.1,-0.0,1
13,394,world,3.94,0.38367519457332466,3.9574999141693126,0.3898065254255169,-0.7164973756220775,-0.6577975739504849,-0.6577975739504849,-0.25942696795987963,0.25942696795987963,-0.0,-0.0733852522099405,-0.06793088221187346,0.10357479033432714,-2.392153569945395e-09,2.5610407266476564e-09,0.1,-0.0,1
13,395,world,3.95,0.38467519457332466,3.9574999141693126,0.38907311130563155,-0.7171771576380542,-0.6576631352986051,-0.6576631352592566,-0.2597675893776,0.25976758939314204,-5.9830182413754545e-12,-0.07329729775243884,-0.06802577557213388,0.10470552887520951,8.097995976863692e-10,-8.651608789249594e-10,0.1,-0.0,1
13,396,world,3.96,0.38567519457332466,3.9574999141693126,0.3883405849618837,-0.7178578962158775,-0.657525579049206,-0.6575255790336224,-0.26011557605158786,0.26011557605775265,-2.3700195426889534e-12,-0.0732076971731923,-0.06812219223276784,0.12644742476248164,-1.712350162784398e-09,1.824793580682637e-09,0.1,-0.0,1
13,397,world,3.97,0.38667519457332467,3.9574999141693135,0.38760896105018167,-0.7185396045876997,-0.6573341401754124,-0.6573341401689818,-0.26059897959012424,0.26059897959267353,-9.782567327395932e-13,-0.07311696791028736,-0.06821956466883976,0.147058582108867,-4.215326830390022e-09,4.480796516829601e-09,0.1,-0.0,1
13,398,world,3.98,0.38767519457332467,3.957499914169313,0.38687824795158166,-0.7192222891547219,-0.65714234587893,-0.6571423459442096,-0.26108224224678717,0.26108224222085163,9.933758790211497e-12,-0.07302553429348323,-0.06831743072709415,0.14705858210888087,-1.7276741824882574e-10,1.8311608834715729e-10,0.1,-0.0,1
13,399,world,3.99,0.38867519457332467,3.957499914169313,0.3861484527210426,-0.7199059548406488,-0.6569501963647864,-0.6569501963616674,-0.2615653637200324,0.2615653637212742,-4.747428511087105e-13,-0.07293339357324226,-0.06841578839632374,0.14705858210889752,5.732374975844086e-09,-6.057560804744603e-09,0.1,-0.0,1
13,400,world,4.0,0.38967519457332467,3.957499914169312,0.3854195824463629,-0.7205906065546022,-0.6567576916532074,-0.6567576916089028,-0.2620483437818592,0.2620483437995369,-6.745900281801111e-12,-0.07284054298962543,-0.06851463564069014,0.14705858210887807,-1.1935734484070063e-10,1.2575223176749584e-10,0.1,-0.0,1
13,401,world,4.01,0.39067519457332467,3.957499914169312,0.3846916442364381,-0.7212762491782428,-0.6565648318195537,-0.6565648318187133,-0.26253118218265975,0.26253118218299576,-1.2799321986114212e-13,-0.07274697978071436,-0.0686139703907618,0.14705858210887254,-2.0070508051026227e-09,2.1084516738266127e-09,0.1,-0.0,1
13,402,world,4.0200000000000005,0.39167519457332467,3.957499914169312,0.38396464523538754,-0.7219628875804366,-0.6563716170347648,-0.6563716170287,-0.263013878634778,0.26301387863720826,-9.240012380682145e-13,-0.07265270117377254,-0.06871379055294877,0.14705858210888087,-2.219378259535308e-09,2.324655195791099e-09,0.1,-0.0,1
13,403,world,4.03,0.39267519457332467,3.957499914169313,0.38323859260724674,-0.7226505266006534,-0.6561780473526452,-0.6561780473939841,-0.2634964328975218,0.26349643288092156,6.2999086282310846e-12,-0.07255770439150457,-0.06881409400286427,0.14705858210887254,5.003332886162375e-10,-5.225322059949303e-10,0.1,-0.0,1
13,404,world,4.04,0.39367519457332467,3.9574999141693135,0.38251349355060155,-0.7233391710641143,-0.655984122956311,-0.6559841229407585,-0.2639788446784883,0.26397884468474686,-2.370822077332798e-12,-0.07246198665611474,-0.0689148785811094,0.14705858210888087,4.100843366384153e-09,-4.270139948651227e-09,0.1,-0.0,1
13,405,world,4.05,0.3946751945733247,3.957499914169313,0.3817893552869141,-0.7240288257690946,-0.6557898438804072,-0.6557898438440711,-0.2644611137450358,0.2644611137596891,-5.540740506683266e-12,-0.072365545177602,-0.06901614210565847,0.14705858210888365,3.0173013860496043e-09,-3.1326202931826284e-09,0.1,-0.0,1
13,406,world,4.0600000000000005,0.3956751945733247,3.957499914169312,0.38106618506859447,-0.7247194954950805,-0.6555952102557521,-0.6555952101831797,-0.2649432398260503,0.26494323985537876,-1.1069565478817514e-11,-0.07226837716400059,-0.06911788236109205,0.14705858210887254,-2.844614458999076e-10,2.94467334515835e-10,0.1,-0.0,1
13,407,world,4.07,0.3966751945733247,3.9574999141693126,0.38034399017495707,-0.7254111849981603,-0.6554002221409185,-0.6554002221099708,-0.26542522267974306,0.2654252226922764,-4.7219211646302134e-12,-0.07217047982172185,-0.06922009709833148,0.14705858210888087,-3.595317007698456e-09,3.7108454695029093e-09,0.1,-0.0,1
13,408,world,4.08,0.3976751945733247,3.9574999141693126,0.3796227779121768,-0.7261038990106338,-0.6552048796880078,-0.655204879683186,-0.26590706202668285,0.2659070620286398,-7.35917238592784e-13,-0.07207185035103324,-0.06932278403943591,0.14705858210887807,-3.194920480664766e-09,3.287883651360345e-09,0.1,-0.0,1
13,409,world,4.09,0.3986751945733247,3.957499914169312,0.37890255561778713,-0.7267976422453437,-0.6550091829909714,-0.6550091830201,-0.2663887576110834,0.2663887575992369,4.446994945365091e-12,-0.0719724859518871,-0.0694259408715893,0.14705858210888365,-2.686485336606117e-09,2.756536271372576e-09,0.1,-0.0,1
13,410,world,4.1,0.3996751945733247,3.9574999141693126,0.3781833306518619,-0.7274924193861607,-0.6548131321682703,-0.6548131322138604,-0.26687030916736487,0.26687030914878457,6.962218751498529e-12,-0.07187238381899533,-0.06952956525230845,0.14705858210888081,-3.4192772059050593e-09,3.498140539105795e-09,0.1,-0.0,1
13,411,world,4.11,0.4006751945733247,3.957499914169313,0.3774651104098281,-0.7281882351009153,-0.6546167273016048,-0.6546167273947593,-0.26735171644507405,0.2673517164070289,1.4230173196351266e-11,-0.07177154114416222,-0.06963365480708184,0.14705858210887254,4.927474095104978e-09,-5.026306184379859e-09,0.1,-0.0,1
13,412,world,4.12,0.4016751945733247,3.957499914169312,0.3767479023072791,-0.7288850940253361,-0.6544199686063547,-0.6544199685597917,-0.2678329791392866,0.26783297915834337,-7.115063202722439e-12,-0.07166995512475634,-0.0697382071207413,0.1470585821088781,3.197779305983603e-09,-3.2523329095192625e-09,0.1,-0.0,1
13,413,world,4.13,0.4026751945733247,3.9574999141693126,0.3760317137943221,-0.7295830007775199,-0.6542228559854077,-0.6542228560188269,-0.26831409707302073,0.2683140970593147,5.10815367855746e-12,-0.07156762294540835,-0.06984321975642203,0.14705858210887532,1.0724008882667729e-09,-1.0874957635060852e-09,0.1,-0.0,1
13,414,world,4.14,0.4036751945733247,3.9574999141693126,0.3753165523452781,-0.730281959946964,-0.6540253897451411,-0.6540253896786281,-0.26879506990432267,0.26879506993165847,-1.0169640714073725e-11,-0.07146454180152638,-0.06994869023146816,0.14705858210887257,1.0632026871923809e-09,-1.0750001988600644e-09,0.1,-0.0,1
13,415,world,4.15,0.4046751945733247,3.9574999141693117,0.3746024254638055,-0.7309819760994996,-0.6538275698123225,-0.6538275698259501,-0.26927589744704916,0.26927589744143665,2.084259990545236e-12,-0.07136070888231671,-0.07005461603501402,0.1470585821088781,-2.133938240321967e-09,2.151291032451448e-09,0.1,-0.0,1
13,416,world,4.16,0.4056751945733247,3.957499914169313,0.37388934068311336,-0.7316830537771398,-0.6536293964442553,-0.6536293964173944,-0.26975657937941977,0.26975657939050546,-4.109458619980658e-12,-0.07125612137886424,-0.07016099461980688,0.14705858210888087,5.692504077101284e-09,-5.721901405610465e-09,0.1,-0.0,1
13,417,world,4.17,0.4066751945733247,3.9574999141693126,0.3731773055602525,-0.7323851974919359,-0.653430869700024,-0.6534308696081635,-0.27023711546127105,0.27023711549926144,-1.4057976098480811e-11,-0.0711507764857812,-0.07026782340068892,0.14705858210888642,-3.964099922711228e-09,3.97286374887067e-09,0.1,-0.0,1
13,418,world,4.18,0.4076751945733247,3.957499914169312,0.3724663276874224,-0.7330884117371148,-0.6532319895730387,-0.6532319896195166,-0.2707175054799802,0.27071750546071843,7.114967434419971e-12,-0.0710446713926131,-0.07037509976345059,0.14705858210888362,-2.455667111033541e-09,2.453867161306098e-09,0.1,-0.0,1
13,419,world,4.19,0.4086751945733247,3.957499914169312,0.3717564146762554,-0.7337927009708111,-0.6530327563881341,-0.6530327563416706,-0.2711977490858383,0.2711977491051341,-7.1149563806533095e-12,-0.07093780330164622,-0.07048282104695408,0.14705858210887532,-7.466613354331419e-10,7.439329613667186e-10,0.1,-0.0,1
13,420,world,4.2,0.4096751945733247,3.9574999141693126,0.3710475741738378,-0.7344980696319328,-0.6528331700375783,-0.6528331700977896,-0.27167784610855894,0.27167784608350193,9.222951461597223e-12,-0.0708301694087136,-0.0705909845627112,0.14705858210887807,-3.2185765662884965e-09,3.1973726866542723e-09,0.1,-0.0,1
13,421,world,4.21,0.4106751945733247,3.9574999141693126,0.37033981385045167,-0.7352045221274515,-0.6526332308061393,-0.6526332308189214,-0.2721577962150801,0.27215779620974984,1.9584999784549894e-12,-0.07072176692182891,-0.07069958757626885,0.14705858210886977,5.417851455159404e-09,-5.366341251586953e-09,0.1,-0.0,1
13,422,world,4.22,0.4116751945733247,3.957499914169312,0.3696331414062469,-0.7359120628387856,-0.652432938727205,-0.6524329386878747,-0.27263759917693436,0.2726375991933696,-6.028169997331721e-12,-0.07061259304573254,-0.07080862732293125,0.1470585821088781,4.290297442707584e-09,-4.237026147227559e-09,0.1,-0.0,1
13,423,world,4.23,0.4126751945733247,3.9574999141693126,0.36892756457037945,-0.736620696120587,-0.6522322938939427,-0.6522322938280597,-0.2731172547410395,0.2731172547686274,-1.0101013453668704e-11,-0.07050264498855326,-0.07091810100121144,0.14705858210888642,-4.682567134271806e-09,4.610835598796071e-09,0.1,-0.0,1
13,424,world,4.24,0.4136751945733247,3.9574999141693126,0.36822309109567813,-0.7373304262951004,-0.6520312963581983,-0.6520312964045903,-0.2735967626718639,0.2735967626523975,7.114905579646603e-12,-0.07039191997146249,-0.07102800576343969,0.1470585821088753,2.5748690245947708e-09,-2.5279745749108867e-09,0.1,-0.0,1
13,425,world,4.25,0.4146751945733247,3.9574999141693126,0.367519728770097,-0.7380412576632146,-0.6518299464338316,-0.6518299463209479,-0.274076122624063,0.27407612267152737,-1.7317765962895994e-11,-0.07028041521739982,-0.07113833872722836,0.14705858210888087,-3.5564064522181e-10,3.4812720819453805e-10,0.1,-0.0,1
13,426,world,4.26,0.4156751945733247,3.957499914169313,0.36681748540032744,-0.7387531944878791,-0.6516282439314237,-0.6516282439842729,-0.2745553344637919,0.27455533444152447,8.11025940932994e-12,-0.07016812795116845,-0.07124909697552982,0.14705858210888642,-6.196645432064555e-09,6.0481128033996314e-09,0.1,-0.0,1
13,427,world,4.2700000000000005,0.4166751945733247,3.957499914169313,0.36611636882839693,-0.7394662410102101,-0.6514261892318216,-0.6514261892318216,-0.2750343978176311,0.2750343978176311,-0.0,-0.07005505541710594,-0.07136027753944217,0.14705858210888365,2.9061763479037275e-09,-2.828167886740081e-09,0.1,-0.0,1
13,428,world,4.28,0.4176751945733247,3.9574999141693126,0.3654163869192084,-0.7401804014368528,-0.6512237823085517,-0.6512237823085517,-0.2755133124837057,0.2755133124837057,-0.0,-0.06994119485388398,-0.0714718774232987,0.14705858210886977,-1.3745037843866067e-09,1.3336850323948907e-09,0.1,-0.0,1
13,429,world,4.29,0.4186751945733247,3.9574999141693117,0.36471754756671193,-0.7408956799457537,-0.6510210232850028,-0.6510210233099394,-0.2759920781972397,0.27599207818666815,3.830335011066336e-12,-0.069826543518865,-0.07158389358094497,0.14705858210887254,2.5567529538607464e-09,-2.4735319937177064e-09,0.1,-0.0,1
13,430,world,4.3,0.4196751945733247,3.957499914169312,0.3640198586940794,-0.741612080685986,-0.6508179123313549,-0.65081791228505,-0.27647069467369334,0.2764706946933639,-7.11481700564306e-12,-0.06971109867320287,-0.0716963229306425,0.14705858210887532,-1.1315175100783227e-09,1.0914703633668363e-09,0.1,-0.0,1
13,431,world,4.3100000000000005,0.4206751945733247,3.957499914169312,0.36332332824682223,-0.742329607770725,-0.6506144494278698,-0.6506144494732481,-0.276949161709321,0.2769491616900047,6.974610774660325e-12,-0.06959485758543488,-0.07180916235177122,0.14705858210888087,1.534156688430091e-09,-1.475510523794796e-09,0.1,-0.0,1
13,432,world,4.32,0.4216751945733247,3.957499914169312,0.36262796420549226,-0.7430482652892957,-0.6504106348715263,-0.6504106347975617,-0.2774274789658964,0.27742747899744546,-1.1371901931727712e-11,-0.06947781754361057,-0.0719224086733527,0.1470585821088753,1.6020968109101654e-09,-1.5363174607705897e-09,0.1,-0.0,1
13,433,world,4.33,0.4226751945733247,3.957499914169313,0.36193377456885245,-0.7437680572905153,-0.6502064685621087,-0.6502064685785935,-0.2779056462744707,0.2779056462674249,2.535285989785941e-12,-0.06935997583903324,-0.07203605869013606,0.14705858210887254,-8.23921783564336e-10,7.877742966324276e-10,0.1,-0.0,1
13,434,world,4.34,0.4236751945733247,3.957499914169312,0.36124076736955185,-0.7444889877975777,-0.6500019507979132,-0.6500019507388142,-0.27838366329631414,0.2783836633216251,-9.092082912259565e-12,-0.06924132977822745,-0.07215010915128788,0.14705858210889194,-1.6572804662393939e-09,1.579906220207159e-09,0.1,-0.0,1
13,435,world,4.3500000000000005,0.4246751945733247,3.957499914169313,0.36054895066386683,-0.7452110607978147,-0.6497970815160401,-0.6497970815622712,-0.27886152984721396,0.2788615298273738,7.114677544014249e-12,-0.06912187667678862,-0.07226455676663925,0.14705858210888365,-5.683128240278927e-09,5.4018822789730695e-09,0.1,-0.0,1
13,436,world,4.36,0.4256751945733247,3.9574999141693126,0.35985833253432814,-0.7459342802449542,-0.6495918609720884,-0.6495918610148931,-0.27933924560676276,0.27933924558835566,6.5894792410709786e-12,-0.06900161387079488,-0.07237939819607324,0.14705858210887254,6.4232864420013555e-09,-6.087470223808467e-09,0.1,-0.0,1
13,437,world,4.37,0.4266751945733247,3.9574999141693126,0.3591689210944361,-0.7466586500633006,-0.6493862892766897,-0.6493862892079552,-0.2798168103166772,0.2798168103462945,-1.0584498616312042e-11,-0.06888053870535252,-0.07249463006085648,0.14705858210886677,2.6543693484856275e-09,-2.508180679026286e-09,0.1,-0.0,1
13,438,world,4.38,0.4276751945733246,3.9574999141693126,0.3584807244770003,-0.7473841741363254,-0.6491803663991134,-0.6491803663944756,-0.2802942237798747,0.2802942237818771,-7.144197237771536e-13,-0.06875864853955048,-0.07261024893921363,0.14705858210888084,-1.2628208589697723e-09,1.1897667698392546e-09,0.1,-0.0,1
13,439,world,4.39,0.4286751945733247,3.9574999141693126,0.35779375084884757,-0.7481108563203703,-0.6489740925913258,-0.6489740925451544,-0.2807714856776254,0.2807714856976009,-7.1144960946946116e-12,-0.06863594074920235,-0.0727262513640844,0.1470585821088866,-2.603473931134362e-10,2.4456001601291145e-10,0.1,-0.0,1
13,440,world,4.4,0.4296751945733247,3.9574999141693126,0.3571080083967848,-0.7488387004310162,-0.6487674678681822,-0.6487674678681822,-0.281248595793663,0.281248595793663,-0.0,-0.06851241272758422,-0.07284263382281805,0.1504019578335377,-2.499176808475886e-09,2.340610532981121e-09,0.1,-0.0,1
13,441,world,4.41,0.4306751945733247,3.957499914169312,0.3564235053068171,-0.7495677102234147,-0.6485510729029363,-0.648551072901209,-0.2817472374972983,0.28174723749804875,-2.6635466724142884e-13,-0.06838808956326733,-0.07295936681390901,0.16099551953966812,6.106029433053584e-09,-5.7005674826312225e-09,0.1,-0.0,1
13,442,world,4.42,0.4316751945733246,3.957499914169312,0.35574024779931074,-0.7502978875548204,-0.6483138296918513,-0.6483138295835382,-0.28229271738249395,0.2822927174296563,-1.6706863410201142e-11,-0.06826336714282613,-0.07307607478733191,0.1682457055211425,-9.044380625887365e-10,8.416576964854198e-10,0.1,-0.0,1
13,443,world,4.43,0.4326751945733247,3.957499914169312,0.35505823886455257,-0.751029231228817,-0.6480761275769114,-0.6480761275911988,-0.28283799754880745,0.28283799754257205,2.2045887408109553e-12,-0.0681383748699791,-0.07319263535409967,0.16824570552114426,-6.4237895333245435e-09,5.95776209664694e-09,0.1,-0.0,1
13,444,world,4.44,0.4336751945733247,3.957499914169312,0.35437748120400714,-0.75176173977069,-0.6478379669067252,-0.6478379669120095,-0.2833830775317971,0.28338307752948566,8.15661674362151e-13,-0.0680131121557525,-0.07330904838346378,0.16824570552115364,8.094639891406047e-10,-7.482074048574708e-10,0.1,-0.0,1
13,445,world,4.45,0.4346751945733247,3.957499914169312,0.35369797752502796,-0.752495411704376,-0.6475993477821694,-0.6475993477821695,-0.28392795697519585,0.28392795697519585,-0.0,-0.0678875784155114,-0.07342531373360138,0.16824570552115187,1.864653756249342e-09,-1.7177475885452174e-09,0.1,-0.0,1
13,446,world,4.46,0.4356751945733246,3.957499914169312,0.3530197305408583,-0.7532302455524041,-0.6473602703850964,-0.6473602703575521,-0.28447263548770874,0.28447263549981266,-4.254856592052461e-12,-0.06776177305717528,-0.07354143126257388,0.16824570552115362,-3.8743415657440985e-09,3.5570549411843203e-09,0.1,-0.0,1
13,447,world,4.47,0.4366751945733247,3.957499914169311,0.35234274297064105,-0.753966239835827,-0.6471207348119822,-0.647120734880054,-0.2850171127158768,0.28501711268589536,1.0519160170903695e-11,-0.0676356954872906,-0.07365740082266344,0.16824570552115262,-3.932817040038265e-09,3.598585628571005e-09,0.1,-0.0,1
13,448,world,4.48,0.4376751945733247,3.957499914169312,0.351667017539424,-0.7547033930741576,-0.6468807413550406,-0.6468807413964839,-0.2855613882204114,0.2855613882021166,6.406617340953253e-12,-0.06750934512162791,-0.07377322225068479,0.16824570552114249,6.703976650235358e-09,-6.113513970473286e-09,0.1,-0.0,1
13,449,world,4.49,0.4386751945733247,3.9574999141693126,0.3509925569790656,-0.7554417037861256,-0.6466402901550504,-0.6466402901057331,-0.2861054616288194,0.2861054616506399,-7.626716039228136e-12,-0.06738272136336286,-0.07388889538805817,0.1682457055211602,2.3705437694324085e-09,-2.154479001339388e-09,0.1,-0.0,1
13,450,world,4.5,0.4396751945733246,3.957499914169312,0.3503193640261301,-0.7561811704876815,-0.6463993812800656,-0.6463993812800656,-0.2866493326012611,0.2866493326012611,-0.0,-0.06725582362216012,-0.07400442006329681,0.16824570552114804,-6.284883914066463e-09,5.692722592275335e-09,0.1,-0.0,1
13,451,world,4.51,0.4406751945733247,3.957499914169312,0.34964744142279947,-0.7569217916927696,-0.6461580149651142,-0.6461580150254193,-0.2871930007243813,0.28719300069757797,9.332850992112013e-12,-0.06712865130555308,-0.0741197960999453,0.16824570552113877,-3.6392850360760203e-10,3.285206990901623e-10,0.1,-0.0,1
13,452,world,4.5200000000000005,0.4416751945733247,3.957499914169312,0.3489767919177845,-0.7576635659140925,-0.6459161914436348,-0.6459161914499683,-0.28773646558556093,0.2877364655827395,9.805392156403336e-13,-0.06700120382410185,-0.07423502331191902,0.1682457055211564,6.364459186898246e-09,-5.725936317505247e-09,0.1,-0.0,1
13,453,world,4.53,0.4426751945733247,3.9574999141693126,0.34830741826572387,-0.7584064916624828,-0.6456739108309472,-0.6456739107806534,-0.288279726824954,0.28827972684740916,-7.789349625582489e-12,-0.06687348058233782,-0.07435010151172416,0.16824570552114912,2.9887273434187007e-09,-2.679799314398944e-09,0.1,-0.0,1
13,454,world,4.54,0.4436751945733246,3.9574999141693126,0.34763932322718344,-0.7591505674468404,-0.6454311732664612,-0.6454311732209721,-0.2888227840724485,0.2888227840928042,-7.047810045307655e-12,-0.06674548098741936,-0.07446503050263285,0.1682457055211453,-2.5403580122782527e-10,2.2700047004477753e-10,0.1,-0.0,1
13,455,world,4.55,0.4446751945733247,3.957499914169312,0.3469725095686586,-0.7598957917740675,-0.6451879789552575,-0.6451879789093976,-0.289365636928898,0.28936563694946604,-7.10797425470244e-12,-0.06661720444835871,-0.0745798100794416,0.16824570552115262,-7.656490168028389e-09,6.8187446217717e-09,0.1,-0.0,1
13,456,world,4.5600000000000005,0.4456751945733247,3.9574999141693126,0.34630698006257926,-0.7606421631489981,-0.6449443280003365,-0.6449443280871298,-0.28990828504119737,0.289908285002183,1.3457467824103765e-11,-0.0664886503660379,-0.07469444003741355,0.16824570552115636,-2.6958198402022494e-09,2.392734362605981e-09,0.1,-0.0,1
13,457,world,4.57,0.4466751945733247,3.9574999141693112,0.34564273748739666,-0.7613896800744158,-0.644700220750031,-0.6447002207506826,-0.2904507279462844,0.29045072794599086,1.0107512692910061e-13,-0.06635981815309065,-0.07480892015454267,0.16824570552114076,7.3811352991131906e-09,-6.52910811468564e-09,0.1,-0.0,1
13,458,world,4.58,0.4476751945733246,3.957499914169312,0.34497978462866086,-0.76213834105193,-0.6444556572450887,-0.6444556572048009,-0.29099296531956054,0.2909929653377517,-6.2514222192165645e-12,-0.06623070721409922,-0.07492325020926592,0.16824570552115362,2.7038384297805902e-09,-2.383627753950206e-09,0.1,-0.0,1
13,459,world,4.59,0.4486751945733247,3.9574999141693126,0.34431812427526676,-0.7628881445785882,-0.6442106376634612,-0.6442106376176712,-0.29153499677516237,0.2915349967958845,-7.107936593425333e-12,-0.06610131695529188,-0.07503742997182168,0.16824570552115262,-4.0927724977744136e-09,3.5958641930979823e-09,0.1,-0.0,1
13,460,world,4.6000000000000005,0.4496751945733247,3.957499914169312,0.343657759223388,-0.7636390891502954,-0.6439651621556581,-0.6439651621855679,-0.29207682193994516,0.2920768219263793,4.6446232807396055e-12,-0.06597164677865638,-0.0751514592094671,0.1682457055211425,-8.021481710684033e-09,7.02368772546896e-09,0.1,-0.0,1
13,461,world,4.61,0.4506751945733247,3.9574999141693117,0.3429986922751298,-0.7643911732605613,-0.6437192309430444,-0.6437192310345548,-0.29261844040894097,0.2926184403673427,1.4215871324253688e-11,-0.06584169609829142,-0.07526533767213323,0.1682457055211546,4.039093189209581e-09,-3.5246808225130845e-09,0.1,-0.0,1
13,462,world,4.62,0.4516751945733246,3.957499914169312,0.34234092623853585,-0.7651443954004242,-0.6434728442887147,-0.6434728442496116,-0.29315985175827003,0.293159851776085,-6.076874665764292e-12,-0.06571146431640669,-0.0753790651135553,0.16824570552114357,8.045076736646912e-09,-6.996663496521786e-09,0.1,-0.0,1
13,463,world,4.63,0.4526751945733246,3.9574999141693126,0.3416844639275811,-0.7658987540583899,-0.6432260022089228,-0.6432260021632026,-0.2937010556766931,0.2937010556975692,-7.107946227753694e-12,-0.06558095083940661,-0.07549264127714259,0.16824570552113594,3.075194328926857e-09,-2.6653691838282795e-09,0.1,-0.0,1
13,464,world,4.64,0.4536751945733247,3.957499914169312,0.3410293081621739,-0.7666542477203603,-0.6429787049598827,-0.6429787048684774,-0.294242051744097,0.2942420517859262,-1.4215911436174522e-11,-0.06545015507627681,-0.07560606589746167,0.16824570552114987,-9.363608753876895e-09,8.088188104809941e-09,0.1,-0.0,1
13,465,world,4.65,0.4546751945733247,3.9574999141693117,0.3403754617681508,-0.7674108748695683,-0.6427309525718351,-0.6427309526852027,-0.29478283964397217,0.2947828395919771,1.763841863529009e-11,-0.06531907642839811,-0.07571933870908466,0.1682457055211546,-8.004012343150354e-09,6.890305468364208e-09,0.1,-0.0,1
13,466,world,4.66,0.4556751945733246,3.9574999141693126,0.33972292757763906,-0.7681686339868212,-0.6424827454822183,-0.6424827455265921,-0.2953234188735217,0.2953234188531248,6.906626619959056e-12,-0.06518771431083172,-0.0758324594281986,0.16824570552114632,6.693446179879128e-09,-5.742514730642092e-09,0.1,-0.0,1
13,467,world,4.67,0.4566751945733246,3.9574999141693126,0.33907170842908674,-0.7689275235504511,-0.642234083717486,-0.642234083717486,-0.2958637891185083,0.2958637891185083,-0.0,-0.06505606812779245,-0.07594542777384317,0.16824570552115536,6.261605301814976e-10,-5.353747750697208e-10,0.1,-0.0,1
13,468,world,4.68,0.45767519457332473,3.9574999141693126,0.338421807164995,-0.7696875420343194,-0.6419849674268502,-0.641984967460612,-0.2964039500089225,0.29640394999333475,5.258961268760406e-12,-0.06492413728589265,-0.0760582434564628,0.16824570552115262,-0.0,-5.551117742014536e-15,0.1,-0.0,1
13,469,world,4.69,0.45867519457332473,3.9574999141693126,0.3377732266348897,-0.770448687910295,-0.6417353968594314,-0.6417353968594313,-0.2969439011289308,0.2969439011289308,-0.0,-0.0647919211979845,-0.07617090617469485,0.16824570552115187,4.735949979394583e-09,-4.0217986818843326e-09,0.1,-0.0,1
13,470,world,4.7,0.4596751945733246,3.9574999141693126,0.3371259696942071,-0.7712109596472364,-0.6414853721641882,-0.64148537211821,-0.2974836421091492,0.29748364213047124,-7.1674667272923114e-12,-0.06465941926962454,-0.07628341562695595,0.16824570552115461,4.382429821553218e-09,-3.708905767017342e-09,0.1,-0.0,1
13,471,world,4.71,0.4606751945733246,3.9574999141693126,0.3364800392042881,-0.7719743557109222,-0.6412348935027832,-0.6412348934291536,-0.2980231725747007,0.2980231726089211,-1.1482450503064715e-11,-0.06452663091214549,-0.07639577150031113,0.16824570552114426,5.448283285843716e-10,-4.595256900222697e-10,0.1,-0.0,1
13,472,world,4.72,0.46167519457332473,3.9574999141693126,0.3358354380323751,-0.7727388745639792,-0.6409839610385338,-0.6409839609834544,-0.29856249215029806,0.2985624921759534,-8.592930304603234e-12,-0.06439355553026681,-0.07650797348100682,0.16824570552114704,-5.5767944371302235e-09,4.687606682758287e-09,0.1,-0.0,1
13,473,world,4.73,0.46267519457332473,3.957499914169312,0.3351921690516051,-0.7735045146658142,-0.6407325749439597,-0.6407325749637452,-0.29910160045671497,0.2991016004474788,3.08795832218004e-12,-0.06426019254605222,-0.07662002123429812,0.16824570552115742,-6.018066664237982e-09,5.041265618543722e-09,0.1,-0.0,1
13,474,world,4.74,0.4636751945733246,3.9574999141693126,0.3345502351409992,-0.77427127447255,-0.6404807354496777,-0.6404807354952042,-0.2996404970878656,0.2996404970665666,7.108194785665875e-12,-0.06412654135996222,-0.07673191443727347,0.16824570552115187,-1.2486878538009854e-09,1.042445788552461e-09,0.1,-0.0,1
13,475,world,4.75,0.4646751945733246,3.9574999141693126,0.3339096391868732,-0.7750391524381223,-0.6402284427246783,-0.6402284427652765,-0.3001791816666425,0.3001791816476075,6.3411926462620955e-12,-0.06399260138846151,-0.07684365274723395,0.1682457055211554,6.42330936163986e-10,-5.344088805826105e-10,0.1,-0.0,1
13,476,world,4.76,0.46567519457332474,3.957499914169313,0.3332703840788474,-0.7758081470108986,-0.6399756969326028,-0.6399756969673985,-0.30071765381879023,0.30071765380244003,5.4370486642079355e-12,-0.0638583720467921,-0.07695523581624243,0.16824570552115262,7.010478840801447e-10,-5.812644776635196e-10,0.1,-0.0,1
13,477,world,4.7700000000000005,0.46667519457332474,3.957499914169313,0.3326324727133334,-0.776578256636525,-0.6397224982519131,-0.6397224982808275,-0.30125591316343636,0.30125591314982003,4.519848592613924e-12,-0.06372385274679007,-0.07706666329292723,0.16824570552114626,3.425447653977386e-09,-2.8304372210051378e-09,0.1,-0.0,1
13,478,world,4.78,0.4676751945733246,3.957499914169313,0.33199590799282586,-0.777349479757272,-0.6394688468842972,-0.6394688468622353,-0.30179395930905073,0.30179395931946285,-3.4500573108122684e-12,-0.06358904290391053,-0.07717793481666005,0.16824570552114074,-2.722476307599556e-09,2.2418980035406425e-09,0.1,-0.0,1
13,479,world,4.79,0.4686751945733246,3.9574999141693126,0.3313606928256647,-0.778121814811774,-0.6392147429131994,-0.639214742987178,-0.3023317919202392,0.30233179188524933,1.1573338641055145e-11,-0.06345394193433489,-0.07728905001999997,0.1682457055211498,1.4140084668346525e-09,-1.160415367246767e-09,0.1,-0.0,1
13,480,world,4.8,0.46967519457332474,3.957499914169312,0.33072683012602466,-0.7788952602349578,-0.6389601866996683,-0.6389601866542481,-0.30286941053072064,0.30286941055225,-7.108452157677795e-12,-0.06331854925733746,-0.07740000852678333,0.1682457055211526,1.1912843003424483e-08,-9.74284168909923e-09,0.1,-0.0,1
13,481,world,4.8100000000000005,0.47067519457332474,3.957499914169312,0.33009432281390677,-0.7796698144579712,-0.6387051782950497,-0.6387051781723815,-0.30340681482088966,0.30340681487916127,-1.9205773071590453e-11,-0.06318286428529846,-0.07751080996032461,0.1682457055211407,-3.3273677301525915e-10,2.7118181615348864e-10,0.1,-0.0,1
13,482,world,4.82,0.47167519457332463,3.9574999141693126,0.32946317381565954,-0.7804454759085494,-0.6384497178208729,-0.6384497177809701,-0.30394400443856434,0.30394400445756065,-6.249936021622231e-12,-0.06304688643880327,-0.07762145393106629,0.16824570552115467,-6.447856404295765e-09,5.237215911498551e-09,0.1,-0.0,1
13,483,world,4.83,0.47267519457332463,3.957499914169313,0.32883338606372303,-0.7812222430107324,-0.6381938055676276,-0.6381938055510847,-0.3044809789514996,0.3044809789593922,-2.592130572401039e-12,-0.06291061514053556,-0.07773194004165482,0.16824570552115536,-6.094672089077114e-09,4.933364379653318e-09,0.1,-0.0,1
13,484,world,4.84,0.47367519457332474,3.9574999141693126,0.3282049624941867,-0.7820001141828397,-0.6379374416600341,-0.6379374417202062,-0.3050177380065625,0.3050177379777924,9.43228199521409e-12,-0.06277404980910682,-0.07784226789196069,0.16824570552115262,-2.463955203235895e-09,1.9875999119992726e-09,0.1,-0.0,1
13,485,world,4.8500000000000005,0.47467519457332474,3.957499914169313,0.3275779060502366,-0.7827790878402012,-0.6376806263627108,-0.6376806263865553,-0.30555428118412403,0.30555428117269856,3.739259646200514e-12,-0.0626371898696934,-0.07795243707048537,0.16824570552115362,5.403649523639349e-09,-4.343989718968958e-09,0.1,-0.0,1
13,486,world,4.86,0.47567519457332474,3.957499914169313,0.32695221968082216,-0.7835591623940162,-0.6374233598087666,-0.6374233597805022,-0.306090608127668,0.3060906081412406,-4.434193244480825e-12,-0.06250003474831956,-0.078062447159046,0.16824570552113796,-7.361337237686293e-11,5.897091155286245e-11,0.1,-0.0,1
13,487,world,4.87,0.47667519457332463,3.957499914169312,0.3263279063406434,-0.7843403362512796,-0.6371656421196692,-0.6371656421446964,-0.30662671848678846,0.3066267184747445,3.9279118247426566e-12,-0.0623625838650651,-0.07817229773821877,0.1682457055211491,-1.922660161094529e-09,1.5349992413603363e-09,0.1,-0.0,1
13,488,world,4.88,0.47767519457332464,3.957499914169313,0.32570496899013657,-0.7851226078147123,-0.6369074735681072,-0.6369074735712047,-0.3071626118387081,0.30716261183721427,4.863323373935215e-13,-0.062224836651702066,-0.07828198837324583,0.16824570552114707,1.7866300208262496e-09,-1.4214830468742754e-09,0.1,-0.0,1
13,489,world,4.89,0.47867519457332475,3.957499914169313,0.3250834105966679,-0.7859059754836482,-0.636648854291783,-0.6366488542877189,-0.30769828782582315,0.30769828782778735,-6.383541595533157e-13,-0.06208679253359516,-0.07839151862855007,0.16824570552114707,1.588541159761332e-09,-1.259512533397775e-09,0.1,-0.0,1
13,490,world,4.9,0.47967519457332475,3.957499914169313,0.3244632341318599,-0.7866904376518418,-0.6363897844868376,-0.6363897844641299,-0.30823374606271997,0.3082337460737185,-3.568238569208668e-12,-0.06194845094273671,-0.0785008880573675,0.1682457055211574,-2.5662400987505396e-09,2.0277039621266816e-09,0.1,-0.0,1
13,491,world,4.91,0.48067519457332464,3.957499914169313,0.323844442572343,-0.787475992708031,-0.6361302642914137,-0.6361302643289641,-0.30876898619239107,0.3087689861741646,5.902947227004045e-12,-0.06180981131205368,-0.07861009620632914,0.16889464348989294,-3.309992743689599e-09,2.6062969738804882e-09,0.1,-0.0,1
13,492,world,4.92,0.48167519457332464,3.9574999141693126,0.32322703844243356,-0.7882626386773247,-0.6358682867575416,-0.6358682867884299,-0.30930813419797953,0.30930813418295444,4.857633922206179e-12,-0.06167103718804973,-0.07871901404457622,0.16966821922531006,7.690840546230795e-09,-6.034761699193643e-09,0.1,-0.0,1
13,493,world,4.93,0.48267519457332475,3.9574999141693135,0.3226110212679039,-0.7890503712351513,-0.6356054661409757,-0.6356054660542234,-0.3098478521044638,0.30984785214675425,-1.3648770036318165e-11,-0.06153242576187184,-0.07882741007961463,0.16979285699197277,3.2268675471192857e-09,-2.523192590434069e-09,0.1,-0.0,1
13,494,world,4.94,0.48367519457332475,3.957499914169313,0.32199638935763414,-0.7898391851284075,-0.6353421873263241,-0.6353421873051365,-0.31038734673573726,0.3103873467460881,-3.3348231489369957e-12,-0.06139398516715033,-0.07893528099206162,0.1697928569919694,-5.045413735255376e-09,3.931362681458471e-09,0.1,-0.0,1
13,495,world,4.95,0.48467519457332464,3.9574999141693135,0.3213831409896767,-0.7906290751105235,-0.6350784506198526,-0.6350784506144144,-0.31092661764621143,0.3109266176488738,-8.562818005938881e-13,-0.06125571748362801,-0.07904262821772788,0.16979285699197774,-1.3170110224495872e-09,1.0226296949067728e-09,0.1,-0.0,1
13,496,world,4.96,0.48567519457332464,3.957499914169313,0.3207712744243145,-0.7914200359516395,-0.6348142561918948,-0.6348142561918949,-0.3114656644568246,0.3114656644568246,-0.0,-0.06111762475389231,-0.07914945321631989,0.16979285699198665,-5.5284720053755555e-09,4.277688593724499e-09,0.1,-0.0,1
13,497,world,4.97,0.48667519457332475,3.957499914169313,0.3201607879039035,-0.7922120624383918,-0.6345496041887907,-0.6345496042720693,-0.3120044868007199,0.3120044867597722,1.3124071102771501e-11,-0.06097970900481792,-0.07925575745450755,0.1697928569919922,1.2781615245933162e-09,-9.855176969189299e-10,0.1,-0.0,1
13,498,world,4.98,0.48767519457332476,3.9574999141693135,0.31955167964843467,-0.793005149370427,-0.6342844949337214,-0.634284494913247,-0.3125430842244112,0.31254308423449995,-3.2279550196992355e-12,-0.06084197224476785,-0.07936154240793773,0.16979285699197497,9.41082386786318e-09,-7.230712561346844e-09,0.1,-0.0,1
13,499,world,4.99,0.48867519457332464,3.957499914169312,0.31894394785619234,-0.7937992915608881,-0.6340189284957727,-0.6340189284284924,-0.31308145639965274,0.3130814564328761,-1.0611723520011964e-11,-0.06070441644985555,-0.07946680957155955,0.16979285699198052,-1.281500521944385e-09,9.811697839097067e-10,0.1,-0.0,1
13,500,world,5.0,0.48967519457332465,3.9574999141693126,0.318337590708433,-0.7945944838399372,-0.6337529050377793,-0.6337529050377794,-0.3136196029526462,0.3136196029526462,-0.0,-0.06056704357645958,-0.0795715604497439,0.1697928569919811,-4.2183193889561555e-09,3.2183757246794192e-09,0.1,-0.0,1
13,501,world,5.01,0.49067519457332476,3.957499914169313,0.3177326063687737,-0.7953907210542039,-0.6334864248421584,-0.6334864248421584,-0.314157523450737,0.314157523450737,-0.0,-0.0604298555640616,-0.0796757965539514,0.16979285699197832,7.520881978265357e-09,-5.717915002208587e-09,0.1,-0.0,1
13,502,world,5.0200000000000005,0.49167519457332476,3.957499914169313,0.3171289929757315,-0.7961879980610664,-0.6332194881271572,-0.6332194880075086,-0.31469521749310436,0.3146952175525669,-1.8895255322358587e-11,-0.06029285432881037,-0.0797795194074573,0.16979285699197494,2.834484010546175e-09,-2.1474013449363914e-09,0.1,-0.0,1
13,503,world,5.03,0.49267519457332465,3.957499914169313,0.3165267486521039,-0.7969863097357301,-0.6329520949282031,-0.6329520948831867,-0.31523268477019456,0.31523268479261424,-7.112102959180591e-12,-0.0601560417544042,-0.07988273055199341,0.16979285699198607,-6.808093473948503e-09,5.1396148163790534e-09,0.1,-0.0,1
13,504,world,5.04,0.49367519457332465,3.957499914169313,0.31592587150532636,-0.7977856509713968,-0.6326842455557692,-0.6326842455441613,-0.31576992483617233,0.3157699248419658,-1.8347054379684013e-12,-0.060019419714070245,-0.07998543153091242,0.1697928569919783,-7.2679924806469286e-09,5.467456894182356e-09,0.1,-0.0,1
13,505,world,5.05,0.49467519457332476,3.957499914169313,0.3153263596179389,-0.798586016672025,-0.6324159401581656,-0.6324159402282222,-0.3163069373261386,0.3163069372910994,1.1077602052818108e-11,-0.0598829900526352,-0.0800876239025481,0.16979285699198107,-3.170187858920391e-09,2.3763974438052434e-09,0.1,-0.0,1
13,506,world,5.0600000000000005,0.49567519457332476,3.957499914169313,0.31472821105645293,-0.7993874017589561,-0.6321471790095128,-0.6321471790480059,-0.31684372181265447,0.316843721793361,6.089271334547771e-12,-0.05974675459880168,-0.0801893092307857,0.16979285699199162,7.723991827099214e-09,-5.7695181931888004e-09,0.1,-0.0,1
13,507,world,5.07,0.49667519457332465,3.957499914169313,0.3141314238718457,-0.8001898011711901,-0.6318779622762889,-0.6318779622244483,-0.31738027792233353,0.3173802779483721,-8.20420647836115e-12,-0.05961071515152247,-0.08029048909506065,0.16979285699198052,5.294905948786104e-09,-3.941088239827256e-09,0.1,-0.0,1
13,508,world,5.08,0.49767519457332465,3.9574999141693135,0.3135359960949909,-0.8009932098619008,-0.6316082900745169,-0.6316082900295971,-0.31791660530763177,0.31791660533024196,-7.111979903881891e-12,-0.059474873490455674,-0.08039116508232913,0.16979285699197832,-9.667102322891602e-09,7.169929209320593e-09,0.1,-0.0,1
13,509,world,5.09,0.49867519457332476,3.957499914169313,0.31294192573731355,-0.8017976227988806,-0.6313381625780997,-0.6313381626782767,-0.3184527035924721,0.318452703541942,1.5867380194103465e-11,-0.059339231374176044,-0.08049133878823239,0.16979285699197275,-8.167367931694409e-09,6.0361342173228e-09,0.1,-0.0,1
13,510,world,5.1000000000000005,0.49967519457332477,3.9574999141693135,0.31234921079514594,-0.8026030349676935,-0.6310675801318045,-0.6310675802151035,-0.31898857231482836,0.318988572272723,1.3199648052323832e-11,-0.05920379054180878,-0.0805910118157207,0.169792856991986,4.4589908763184006e-09,-3.2837554022356843e-09,0.1,-0.0,1
13,511,world,5.11,0.5006751945733247,3.957499914169313,0.3117578492499545,-0.8034094413717445,-0.6307965428677598,-0.6307965428979881,-0.3195242111200765,0.31952421110476464,4.7920887533098656e-12,-0.059068552713692594,-0.08069018577441572,0.1697928569919888,8.18774053398609e-09,-6.008307851619631e-09,0.1,-0.0,1
13,512,world,5.12,0.5016751945733247,3.9574999141693126,0.3111678390598998,-0.8042168370260158,-0.6305250509742163,-0.6305250509293748,-0.3200596196257043,0.32005961964846624,-7.111791713424899e-12,-0.05893351957738564,-0.08078886229067658,0.16979285699197272,1.9341454405617466e-09,-1.4142693816961699e-09,0.1,-0.0,1
13,513,world,5.13,0.5026751945733248,3.9574999141693126,0.3105791781696978,-0.8050252169642435,-0.6302531045758941,-0.630253104575894,-0.32059479748187925,0.32059479748187925,-0.0,-0.05879869280620253,-0.08088704299380606,0.1697928569919811,-2.350940017618462e-09,1.712905641025295e-09,0.1,-0.0,1
13,514,world,5.14,0.5036751945733248,3.9574999141693135,0.30999186450983063,-0.8058345762382328,-0.6299807039552489,-0.6299807039470955,-0.32112974425900026,0.32112974426315644,-1.2942396165460202e-12,-0.058664074049851356,-0.0809847295227536,0.16979285699198607,2.6571063682305613e-09,-1.9290800455782197e-09,0.1,-0.0,1
13,515,world,5.15,0.5046751945733247,3.9574999141693135,0.309405895990875,-0.8066449099136527,-0.6297078492946367,-0.6297078492532834,-0.3216644595785627,0.32166445959968665,-6.567068123498932e-12,-0.0585296649473939,-0.08108192351656324,0.16979285699198046,2.2943047383621452e-10,-1.6597980971247076e-10,0.1,-0.0,1
13,516,world,5.16,0.5056751945733247,3.9574999141693135,0.3088212705070011,-0.8074562130725264,-0.6294345407467706,-0.6294345407350596,-0.3221989430776302,0.3221989430836249,-1.8605601857713763e-12,-0.0583954670988517,-0.08117862663476717,0.16979285699197386,-1.1248948848445036e-08,8.108639881031305e-09,0.1,-0.0,1
13,517,world,5.17,0.5066751945733247,3.957499914169313,0.3082379859378696,-0.8082684808145123,-0.6291607784824357,-0.6291607786156074,-0.32273319438451875,0.3227331943162072,2.1166562318735323e-11,-0.0582614820963239,-0.08127484053469272,0.16979285699197827,-6.163783558692529e-09,4.427195461393933e-09,0.1,-0.0,1
13,518,world,5.18,0.5076751945733248,3.9574999141693135,0.3076560401504216,-0.8090817082580881,-0.6288865628537155,-0.6288865629374665,-0.3232672130348,0.3232672129917494,1.3317334787229396e-11,-0.05812771150440117,-0.08137056688545993,0.16979285699197938,1.336251474266936e-08,-9.563383850316822e-09,0.1,-0.0,1
13,519,world,5.19,0.5086751945733247,3.9574999141693135,0.30707543098939244,-0.8098958905336855,-0.6286118940150284,-0.6286118939414953,-0.32380099866553513,0.32380099870341245,-1.1697702428305675e-11,-0.0579941568798553,-0.08146580735372808,0.16979285699198052,5.5821457632915675e-09,-3.980757915336917e-09,0.1,-0.0,1
13,520,world,5.2,0.5096751945733247,3.957499914169314,0.30649615628757887,-0.8107110227909636,-0.6283367719962396,-0.628336771993758,-0.324334550978599,0.3243345509798799,-3.949413199871638e-13,-0.0578608197352119,-0.08156056362954656,0.1697928569919766,-2.275586369172783e-09,1.6169448555621613e-09,0.1,-0.0,1
13,521,world,5.21,0.5106751945733247,3.9574999141693135,0.305918213863525,-0.811527100197063,-0.6280611971632953,-0.6280611971248921,-0.324867869503087,0.32486786952295127,-6.114577167734075e-12,-0.05772770158306395,-0.08165483739458868,0.16979285699198382,-2.119699879382602e-09,1.5007807769006823e-09,0.1,-0.0,1
13,522,world,5.22,0.5116751945733248,3.957499914169313,0.3053416015213974,-0.8123441179364135,-0.6277851696090989,-0.6277851696392293,-0.32540095390923734,0.3254009538936199,4.79944476658733e-12,-0.057594803910203884,-0.0817486303404844,0.16979285699198493,-4.171603957191262e-09,2.9429292599198597e-09,0.1,-0.0,1
13,523,world,5.23,0.5126751945733247,3.9574999141693126,0.30476631704667234,-0.813162071207624,-0.6275086896213035,-0.6275086896470051,-0.32593380376692715,0.32593380375357744,4.095826672742635e-12,-0.05746212817971167,-0.08184194416714688,0.16979285699197214,8.592852783652951e-11,-6.039754933902259e-11,0.1,-0.0,1
13,524,world,5.24,0.5136751945733247,3.957499914169313,0.30419235821273144,-0.813980955228056,-0.6272317573589417,-0.6272317573877279,-0.3264664187129354,0.3264664186979526,4.589396985746925e-12,-0.057329675833578154,-0.08193478058075732,0.1697928569919794,-8.555271716211453e-10,5.992126343260277e-10,0.1,-0.0,1
13,525,world,5.25,0.5146751945733247,3.9574999141693135,0.30361972277944493,-0.8148007652327257,-0.6269543730219133,-0.6269543730606894,-0.32699879836323886,0.32699879834301454,6.184840463358061e-12,-0.05719744829961433,-0.08202714128880115,0.16979285699199215,3.0299416435047922e-09,-2.114488767556863e-09,0.1,-0.0,1
13,526,world,5.26,0.5156751945733248,3.9574999141693126,0.30304840849307707,-0.8156214964741378,-0.6266765368467505,-0.6266765368292022,-0.32753094231500707,0.32753094232417873,-2.8002302305303484e-12,-0.0570654469845227,-0.08211902800482133,0.16979285699197944,3.89167218925688e-09,-2.706043634891149e-09,0.1,-0.0,1
13,527,world,5.2700000000000005,0.5166751945733247,3.957499914169313,0.3024784130822707,-0.8164431442194122,-0.6263982489739282,-0.6263982489532871,-0.3280628502158996,0.32806285022670995,-3.295205192474484e-12,-0.05693367327288974,-0.08221044244897263,0.169792856991975,-2.8476956708873327e-10,1.9728395071199595e-10,0.1,-0.0,1
13,528,world,5.28,0.5176751945733247,3.957499914169314,0.30190973426419926,-0.8172657037544918,-0.6261195096253656,-0.626119509612171,-0.32859452167143277,0.32859452167835734,-2.10733145236007e-12,-0.05680212852751054,-0.08230138634764407,0.16979285699197666,-1.355902153689069e-09,9.359989506697054e-10,0.1,-0.0,1
13,529,world,5.29,0.5186751945733247,3.9574999141693135,0.30134236974247774,-0.8180891703825838,-0.6258403190043572,-0.6258403190043571,-0.32912595629716673,0.32912595629716673,-0.0,-0.05667081409801468,-0.08239186142737802,0.16979285699198388,8.360122170289416e-10,-5.750042096420535e-10,0.1,-0.0,1
13,530,world,5.3,0.5196751945733248,3.9574999141693126,0.3007763172100262,-0.8189135394260364,-0.6255606773345367,-0.6255606773086593,-0.329657153698275,0.3296571537119119,-4.136696611858023e-12,-0.05653973130728856,-0.08248186942413233,0.16979285699197938,-3.727747680906314e-09,2.554697959453633e-09,0.1,-0.0,1
13,531,world,5.3100000000000005,0.5206751945733247,3.9574999141693126,0.3002115743413111,-0.8197388062209181,-0.6252805847437828,-0.6252805848002974,-0.3301881135307411,0.33018811350089794,9.038245811396784e-12,-0.05640888146681977,-0.08257141207259494,0.16979285699197497,-1.7081233530490538e-09,1.1663398078235978e-09,0.1,-0.0,1
13,532,world,5.32,0.5216751945733247,3.9574999141693135,0.29964813880029395,-0.820564966122402,-0.6250000415575571,-0.6250000415575571,-0.33071883534666113,0.33071883534666113,-0.0,-0.05627826586709798,-0.08266049111269685,0.16979285699197663,2.7856452762260628e-09,-1.895190471467709e-09,0.1,-0.0,1
13,533,world,5.33,0.5226751945733247,3.9574999141693135,0.299086008238279,-0.821392014503179,-0.6247190478731642,-0.6247190478875319,-0.3312493188189147,0.3312493188112964,2.2998529999657607e-12,-0.056147885769699736,-0.08274910829484962,0.16979285699198385,-1.120520881581494e-10,7.593929137269248e-11,0.1,-0.0,1
13,534,world,5.34,0.5236751945733248,3.9574999141693135,0.29852518029444924,-0.8222199467537367,-0.6244376039420911,-0.6244376039437816,-0.33177956353926125,0.33177956353836296,2.7073588568550184e-13,-0.056017742433109044,-0.08283726536226227,0.1697928569919822,4.78675107513464e-09,-3.23287385656868e-09,0.1,-0.0,1
13,535,world,5.3500000000000005,0.5246751945733247,3.957499914169313,0.29796565259659125,-0.8230487582827407,-0.6241557099770452,-0.6241557099192949,-0.3323095691202381,0.3323095691509852,-9.252534646263108e-12,-0.055887837087662255,-0.08292496406790252,0.16979285699198324,-1.1340295267245619e-09,7.630996726315501e-10,0.1,-0.0,1
13,536,world,5.36,0.5256751945733247,3.957499914169313,0.29740742275670823,-0.82387844451399,-0.6238733660898494,-0.6238733661085935,-0.33283933522850834,0.33283933521850817,3.0044855097565074e-12,-0.0557581709417624,-0.08301220617011214,0.16979285699198773,-6.268732991638209e-09,4.202855362571777e-09,0.1,-0.0,1
13,537,world,5.37,0.5266751945733247,3.957499914169313,0.2968504883768146,-0.82470900089024,-0.6235905725813722,-0.623590572617802,-0.33336886143041544,0.3333688614109402,5.841959778550104e-12,-0.05562874519561039,-0.08309899342327712,0.16979285699196436,6.530651382342373e-09,-4.362394487867682e-09,0.1,-0.0,1
13,538,world,5.38,0.5276751945733248,3.957499914169313,0.29629484704706444,-0.8255404228718389,-0.6233073296926768,-0.6233073296134991,-0.3338981473242624,0.33389814736667683,-1.2702807558204426e-11,-0.055499561027143776,-0.08318532758722746,0.16979285699197388,-2.977897138661049e-10,1.9818461957347767e-10,0.1,-0.0,1
13,539,world,5.39,0.5286751945733247,3.957499914169313,0.2957404963459336,-0.8263727059367526,-0.6230236374434412,-0.6230236374842951,-0.3344271926273707,0.334427192605441,6.557380347494548e-12,-0.05537061958813297,-0.08327121042969333,0.1697928569919999,-5.679934254287289e-09,3.766301581740311e-09,0.1,-0.0,1
13,540,world,5.4,0.5296751945733247,3.9574999141693126,0.2951874338420382,-0.8272058455816718,-0.6227394962335084,-0.6227394962392845,-0.33495599685373584,0.334955996850629,9.275502303563763e-13,-0.055241922027782366,-0.08335664371048307,0.16979285699198496,1.8618060490762328e-09,-1.2299778221726992e-09,0.1,-0.0,1
13,541,world,5.41,0.5306751945733247,3.957499914169313,0.29463565708981904,-0.8280398373190522,-0.6224549061689459,-0.6224549061819836,-0.335484559675182,0.3354845596681551,2.094538338098205e-12,-0.055113469461202894,-0.08344162920238948,0.16979285699197105,-9.595717723666465e-10,6.31607569971365e-10,0.1,-0.0,1
13,542,world,5.42,0.5316751945733247,3.957499914169313,0.2940851636333088,-0.8288746766795311,-0.622169867476156,-0.6221698674962216,-0.33601288069932633,0.3360128806884896,3.2250797978670006e-12,-0.054985262999605766,-0.08352616867104695,0.1746265161998084,1.8180022290358612e-09,-1.1920775985350335e-09,0.1,-0.0,1
13,543,world,5.43,0.5326751945733247,3.957499914169313,0.29353595258927734,-0.8297103602512904,-0.6218681124114477,-0.6218681123974346,-0.3365710189127768,0.3365710189203611,-2.2534036766718013e-12,-0.05485676548819544,-0.08361061703021411,0.1801023546374761,1.912329662616252e-09,-1.249155621459252e-09,0.1,-0.0,1
13,544,world,5.44,0.5336751945733247,3.9574999141693135,0.292988032106581,-0.8305468905523252,-0.6215636916459962,-0.6215636916376472,-0.33713287770708994,0.3371328777116184,-1.3432195623239434e-12,-0.05472714125398012,-0.08369551965408249,0.1807445338673227,-1.042649867929543e-09,6.783799440985468e-10,0.1,-0.0,1
13,545,world,5.45,0.5346751945733247,3.957499914169313,0.29244141356371495,-0.831384272165081,-0.6212587632383277,-0.6212587632397841,-0.33769446116118934,0.3376944611603977,2.34428161973583e-13,-0.054596376788374916,-0.083780878734839,0.18074453386732828,1.6629734429025591e-09,-1.0777204445937707e-09,0.1,-0.0,1
13,546,world,5.46,0.5356751945733247,3.957499914169313,0.2918961083846626,-0.8322225096346177,-0.6209533274616587,-0.6209533274287076,-0.33825576880325875,0.3382557688212084,-5.3065048200541094e-12,-0.05446446807630673,-0.08386669015267603,0.1807445338673227,3.081825363117019e-09,-1.9893389442560096e-09,0.1,-0.0,1
13,547,world,5.47,0.5366751945733247,3.957499914169313,0.29135212803089167,-0.8330616074627446,-0.6206473845316959,-0.6206473844876187,-0.33881680019321503,0.3388168002172772,-7.1018024606013625e-12,-0.05433141108200345,-0.08395294973875758,0.18074453386732547,-2.231774314807389e-09,1.4349154683482274e-09,0.1,-0.0,1
13,548,world,5.48,0.5376751945733247,3.957499914169313,0.29080948400494283,-0.8339015701097418,-0.6203409346823464,-0.6203409346823463,-0.3393775548816288,0.3393775548816288,-0.0,-0.054197201770150166,-0.0840396532613363,0.18074453386732828,-2.558021854900247e-09,1.6381446792169237e-09,0.1,-0.0,1
13,549,world,5.49,0.5386751945733247,3.9574999141693135,0.29026818785022745,-0.8347424019935944,-0.6200339782167151,-0.6200339782103498,-0.33993803238165987,0.33993803238514975,-1.0266251506133153e-12,-0.054061836088577245,-0.08412679643687741,0.18074453386731715,6.42869441321282e-10,-4.10068036311554e-10,0.1,-0.0,1
13,550,world,5.5,0.5396751945733247,3.9574999141693135,0.28972825115067624,-0.8355841074891398,-0.6197265153586371,-0.6197265153491859,-0.3404982322502279,0.34049823225542053,-1.5250055404212384e-12,-0.05392530998566313,-0.08421437491871647,0.1807445338673255,-1.213743655853486e-08,7.71106376714102e-09,0.1,-0.0,1
13,551,world,5.51,0.5406751945733247,3.957499914169313,0.28918968553080326,-0.8364266909274722,-0.6194185462687012,-0.6194185464404841,-0.3410581540796562,0.3410581539850708,2.7732729611170056e-11,-0.05378761939728377,-0.08430238430538572,0.1807445338673199,-2.848584031994253e-10,1.8026145954136541e-10,0.1,-0.0,1
13,552,world,5.5200000000000005,0.5416751945733247,3.957499914169313,0.28865250265738385,-0.8372701565963928,-0.6191100714697328,-0.6191100714644652,-0.34161779726327307,0.3416177972661797,-8.508299474175414e-13,-0.05364876026645983,-0.08439082012797318,0.1807445338673227,1.7739069879237967e-08,-1.1180064355337229e-08,0.1,-0.0,1
13,553,world,5.53,0.5426751945733247,3.9574999141693126,0.2881167142352661,-0.838114508737102,-0.6188010909873122,-0.6188010908994201,-0.3421771614685433,0.3421771615171447,-1.4203466201714745e-11,-0.05350872851566543,-0.08447967786773819,0.18074453386732822,1.0308989834830754e-08,-6.47123957046007e-09,0.1,-0.0,1
13,554,world,5.54,0.5436751945733247,3.957499914169313,0.2875823320103031,-0.8389597515454456,-0.618491605113656,-0.6184916049578307,-0.3427362462167004,0.3427362463030507,-2.519417330497331e-11,-0.05336752008299466,-0.08456895293304252,0.1807445338673255,-1.3900740910800605e-08,8.690895794355662e-09,0.1,-0.0,1
13,555,world,5.55,0.5446751945733247,3.957499914169313,0.28704936776968665,-0.8398058891715027,-0.6181816139395496,-0.6181816140544345,-0.3432950511411078,0.34329505107730873,1.8584161511211244e-11,-0.05322513088982757,-0.08465864067985457,0.1807445338673255,-4.664818295778086e-09,2.904782164320553e-09,0.1,-0.0,1
13,556,world,5.5600000000000005,0.5456751945733247,3.9574999141693135,0.2865178333413054,-0.8406529257185418,-0.6178711181241672,-0.6178711180364059,-0.34385357556003787,0.3438535756088782,-1.4203680494157667e-11,-0.05308155688157167,-0.08474873638602803,0.18074453386733383,7.71506334776491e-09,-4.784830694526417e-09,0.1,-0.0,1
13,557,world,5.57,0.5466751945733247,3.957499914169313,0.28598774059373017,-0.8415008652423758,-0.617560117537893,-0.6175601175405336,-0.3444118192302062,0.34441181922873354,4.275880041556241e-13,-0.05293679398104988,-0.08483923528066412,0.18074453386733105,-3.0210267416275728e-09,1.8660666513766884e-09,0.1,-0.0,1
13,558,world,5.58,0.5476751945733247,3.957499914169313,0.28545910143757725,-0.8423497117515901,-0.6172486126496898,-0.6172486126058525,-0.3449697815760679,0.3449697816005678,-7.1019562712983894e-12,-0.0527908381285345,-0.0849301325189527,0.18074453386731443,6.966228612162684e-09,-4.2856339052694575e-09,0.1,-0.0,1
13,559,world,5.59,0.5486751945733247,3.957499914169313,0.28493192782212556,-0.843199469204791,-0.6169366036495104,-0.6169366035512307,-0.34552746217778435,0.34552746223282776,-1.5930092806961477e-11,-0.05264368526651747,-0.08502142319180415,0.18074453386732273,-3.0278712703010705e-09,1.8552128276225463e-09,0.1,-0.0,1
13,560,world,5.6000000000000005,0.5496751945733247,3.957499914169313,0.2844062317368857,-0.8440501415109762,-0.6166240907118339,-0.616624090711834,-0.3460848606249686,0.3460848606249686,-0.0,-0.052495331341484645,-0.0851131023247757,0.18074453386732825,-2.0958690648082674e-09,1.2789665185049587e-09,0.1,-0.0,1
13,561,world,5.61,0.5506751945733247,3.9574999141693126,0.2838820252126984,-0.8449017325295811,-0.616311074251353,-0.6163110741834373,-0.34664197637297073,0.3466419764111696,-1.1019569912827759e-11,-0.05234577231635295,-0.0852051648704733,0.18074453386732825,-8.441560383949329e-09,5.130354492379795e-09,0.1,-0.0,1
13,562,world,5.62,0.5516751945733247,3.957499914169314,0.2833593203207928,-0.8457542460692602,-0.6159975543118492,-0.6159975544335492,-0.3471988090859032,0.34719880901730865,1.975633770176707e-11,-0.05219500414974394,-0.08529760572142815,0.18074453386732825,-7.250531903547548e-09,4.388589105735961e-09,0.1,-0.0,1
13,563,world,5.63,0.5526751945733247,3.957499914169313,0.28283812917267803,-0.846607685887205,-0.615683531415545,-0.6156835314520599,-0.347755358159115,0.34775535813849034,5.9307293825432985e-12,-0.05204302282779685,-0.08539041969065041,0.18074453386732547,1.4270523094950154e-08,-8.602430400028652e-09,0.1,-0.0,1
13,564,world,5.64,0.5536751945733247,3.957499914169313,0.2823184639200336,-0.8474620556884356,-0.615369005698922,-0.6153690056154222,-0.3483116232054873,0.3483116232527499,-1.3568877459592364e-11,-0.051889824341362356,-0.0854836015258047,0.18074453386731715,7.4077256916349635e-09,-4.447228342266778e-09,0.1,-0.0,1
13,565,world,5.65,0.5546751945733247,3.9574999141693135,0.2818003367560915,-0.8483173591260253,-0.6150539773345884,-0.6150539772647828,-0.3488676038184464,0.34886760385804116,-1.134937351264587e-11,-0.05173540468154238,-0.08557714591196089,0.18074453386732547,-8.871219703976164e-09,5.304047591375404e-09,0.1,-0.0,1
13,566,world,5.66,0.5556751945733247,3.9574999141693135,0.2812837599113266,-0.8491735997978543,-0.6147384465967998,-0.6147384466404634,-0.3494232995345103,0.34942329950969153,7.102699267568234e-12,-0.051579759875244824,-0.08567104745018637,0.18074453386732825,-3.819485697892197e-09,2.274277838668546e-09,0.1,-0.0,1
13,567,world,5.67,0.5566751945733247,3.957499914169313,0.2807687456565976,-0.8500307812479062,-0.6144224138792624,-0.6144224138641544,-0.3499787098225423,0.34997870983114787,-2.4588626797068603e-12,-0.051422885964064774,-0.08576530067064879,0.1807445338673255,4.700936645992291e-09,-2.787643856992095e-09,0.1,-0.0,1
13,568,world,5.68,0.5576751945733247,3.957499914169313,0.280255306302751,-0.8508889069653999,-0.6141058793287782,-0.6141058793052712,-0.35053383429215573,0.35053383430557367,-3.8278152554577016e-12,-0.05126477899990735,-0.08585990003541036,0.18074453386733103,6.860654671711001e-10,-4.0514280673688965e-10,0.1,-0.0,1
13,569,world,5.69,0.5586751945733247,3.9574999141693135,0.27974345419997226,-0.8517479803837836,-0.6137888432255354,-0.6137888432006622,-0.35108867247766756,0.35108867249189524,-4.052383600681061e-12,-0.051105435059230854,-0.08595483993008618,0.18074453386732828,-2.7169920007942468e-09,1.59791850157499e-09,0.1,-0.0,1
13,570,world,5.7,0.5596751945733247,3.9574999141693135,0.27923320173757366,-0.8526080048799877,-0.6134713058112632,-0.6134713058264541,-0.3516432239358045,0.35164322392709696,2.476204914986162e-12,-0.05094485024106611,-0.08605011466532364,0.18074453386732825,-2.0224055672696838e-09,1.1844906510058244e-09,0.1,-0.0,1
13,571,world,5.71,0.5606751945733247,3.957499914169314,0.27872456134376306,-0.8534689837736738,-0.6131532673916948,-0.6131532673955888,-0.35219748818708085,0.3521974881848441,6.350856313083339e-13,-0.05078302066726703,-0.08614571847693842,0.18074453386731992,-1.1675361484096918e-09,6.809875818474323e-10,0.1,-0.0,1
13,572,world,5.72,0.5616751945733247,3.957499914169313,0.27821754548539557,-0.8543309203264762,-0.6128347281813241,-0.6128347282130657,-0.35275146480477615,0.35275146478650554,5.17940870486315e-12,-0.05061994248738271,-0.08624164552334371,0.18074453386732273,3.1950626221686715e-09,-1.8558428795320694e-09,0.1,-0.0,1
13,573,world,5.73,0.5626751945733247,3.9574999141693135,0.2777121666677067,-0.8551938177412383,-0.6125156885103605,-0.6125156884689864,-0.3533051532961127,0.35330515331997764,-6.754719465694586e-12,-0.050455611879841336,-0.08633788988521097,0.18074453386732547,-9.289934994578993e-10,5.373510120510562e-10,0.1,-0.0,1
13,574,world,5.74,0.5636751945733247,3.9574999141693135,0.27720843743453927,-0.8560576791615302,-0.6121961485092176,-0.6121961485540663,-0.35385855328393145,0.3538585532580082,7.325810238734288e-12,-0.05029002503708189,-0.08643444557449118,0.18074453386732275,-1.739859204777892e-10,1.002198870002714e-10,0.1,-0.0,1
13,575,world,5.75,0.5646751945733247,3.9574999141693135,0.27670637036722845,-0.8569225076704021,-0.6118761086035102,-0.6118761085646364,-0.35441166422118686,0.35441166424370335,-6.353148199972782e-12,-0.05012317821235788,-0.08653130650748442,0.1807445338673366,9.622308193545498e-11,-5.519476772148545e-11,0.1,-0.0,1
13,576,world,5.76,0.5656751945733247,3.9574999141693135,0.2762059780835893,-0.8577883062891908,-0.6115555688866262,-0.6115555689300712,-0.35496448575334555,0.3549644857281288,7.103973760796672e-12,-0.0499550676632651,-0.08662846653819174,0.18074453386733105,-3.4881200268691165e-09,1.9924767137877983e-09,0.1,-0.0,1
13,577,world,5.7700000000000005,0.5666751945733247,3.9574999141693135,0.27570727323936767,-0.858655077977773,-0.6112345297611205,-0.611234529771395,-0.35551701734733654,0.35551701734136043,1.6809317756459955e-12,-0.04978568969677939,-0.08672591943252025,0.1807445338673116,5.269731966778975e-09,-2.9975399607536304e-09,0.1,-0.0,1
13,578,world,5.78,0.5676751945733247,3.9574999141693135,0.27521026852709046,-0.859522825633307,-0.6109129914353354,-0.6109129914046602,-0.35606925858307903,0.356069258600958,-5.021171183049689e-12,-0.04961504065180374,-0.08682365887890157,0.18074453386733105,-3.318902516878379e-10,1.8799694267722895e-10,0.1,-0.0,1
13,579,world,5.79,0.5686751945733247,3.9574999141693135,0.2747149766756931,-0.8603915520894223,-0.6105909541247128,-0.6105909541396346,-0.3566212090370815,0.3566212090283663,2.443804891627964e-12,-0.04944311690438792,-0.08692167848574388,0.1807445338673366,-2.7036498883313492e-09,1.524989299157918e-09,0.1,-0.0,1
13,580,world,5.8,0.5696751945733247,3.957499914169314,0.2742214104501243,-0.8612612601154095,-0.6102684181621765,-0.61026841816942,-0.3571728682177982,0.3571728682135587,1.1869414379938842e-12,-0.049269914882577905,-0.08701997177351606,0.18074453386731992,2.8356082933289643e-09,-1.592671307147882e-09,0.1,-0.0,1
13,581,world,5.8100000000000005,0.5706751945733247,3.9574999141693135,0.27372958265092945,-0.8621319524154072,-0.6099453837966753,-0.6099453837719072,-0.35772423568307105,0.35772423569759726,-4.060706889044229e-12,-0.04909543103762632,-0.08711853219166218,0.18074453386732273,-2.8157214125724305e-09,1.5748216867507748e-09,0.1,-0.0,1
13,582,world,5.82,0.5716751945733247,3.957499914169313,0.27323950611381853,-0.8630036316275776,-0.6096218512281939,-0.609621851274765,-0.358275311020066,0.35827531099269616,7.639291866677013e-12,-0.04891966188011521,-0.0872173530986535,0.18074453386732273,2.9653101688004025e-09,-1.6514576483095568e-09,0.1,-0.0,1
13,583,world,5.83,0.5726751945733247,3.9574999141693135,0.27275119370921186,-0.8638763003232783,-0.6092978208646482,-0.6092978207985452,-0.3588260936942834,0.3588260937332126,-1.0848994389990122e-11,-0.04874260396267297,-0.08731642777243019,0.1807445338673338,3.340404773015276e-09,-1.8524525341246572e-09,0.1,-0.0,1
13,584,world,5.84,0.5736751945733247,3.9574999141693135,0.272264658341765,-0.8647499610062308,-0.6089732927892834,-0.6089732927892834,-0.35937658336260275,0.35937658336260275,-0.0,-0.04856425388314736,-0.08741574940920663,0.18074453386732547,-3.9250568627848056e-10,2.1673785687596072e-10,0.1,-0.0,1
13,585,world,5.8500000000000005,0.5746751945733247,3.9574999141693135,0.27177991294987447,-0.8656246161116832,-0.6086482674198737,-0.6086482673592991,-0.35992677948544166,0.3599267795212627,-9.952264429522579e-12,-0.048384608297714814,-0.08751531111683664,0.18074453386731162,3.4056859224072785e-09,-1.8725919907568157e-09,0.1,-0.0,1
13,586,world,5.86,0.5756751945733247,3.957499914169313,0.27129697050516394,-0.8665002680055637,-0.6083227449216012,-0.6083227448743156,-0.360476681672633,0.36047668170065317,-7.773072049483883e-12,-0.04820366390195002,-0.08761510592602079,0.18074453386732825,-3.6605766142977986e-09,2.004117408539076e-09,0.1,-0.0,1
13,587,world,5.87,0.5766751945733247,3.9574999141693126,0.27081584401194414,-0.8673769189836409,-0.6079967255851401,-0.6079967255753772,-0.361026289460464,0.3610262894662611,-1.6057243591088726e-12,-0.04802141746311565,-0.08771512677316937,0.18074453386733935,-6.531725941553827e-09,3.560714774417917e-09,0.1,-0.0,1
13,588,world,5.88,0.5776751945733247,3.957499914169313,0.2703365465066572,-0.8682545712706693,-0.6076702096811634,-0.6076702097243404,-0.3615756023974834,0.3615756023717921,7.105351703465614e-12,-0.04783786578853701,-0.08781536651861065,0.18074453386731437,2.0207430073850825e-09,-1.0968565366211154e-09,0.1,-0.0,1
13,589,world,5.89,0.5786751945733247,3.9574999141693135,0.26985909105729877,-0.8691332270195303,-0.6073431975509488,-0.6073431975132679,-0.36212461999060314,0.36212462001307005,-6.204179001231905e-12,-0.047653005762455236,-0.08791581792717058,0.18074453386731715,1.370482252252963e-09,-7.40685694164518e-10,0.1,-0.0,1
13,590,world,5.9,0.5796751945733247,3.957499914169313,0.26938349076281454,-0.8700128883103799,-0.6070156893232944,-0.6070156893475125,-0.36267334187380346,0.36267334185933386,3.9897003309822175e-12,-0.04746683431003861,-0.08801647368864163,0.18074453386734213,-3.084914560365034e-09,1.6600785347896396e-09,0.1,-0.0,1
13,591,world,5.91,0.5806751945733247,3.9574999141693135,0.26890975875247963,-0.8708935571497813,-0.6066876853776847,-0.6066876853825517,-0.3632217675321417,0.36322176752922775,8.02235108890493e-13,-0.04727934843564932,-0.08811732639782295,0.1807445338673255,6.6082425540724805e-09,-3.5406918912668164e-09,0.1,-0.0,1
13,592,world,5.92,0.5816751945733247,3.9574999141693135,0.26843790818525237,-0.8717752354698413,-0.606359185967501,-0.6063591859007752,-0.3637698965262621,0.36376989656629255,-1.1004330727953808e-11,-0.04709054520720504,-0.08821836856396846,0.18074453386731718,3.730509600695795e-09,-1.9901369174894368e-09,0.1,-0.0,1
13,593,world,5.93,0.5826751945733247,3.9574999141693126,0.2679679522491057,-0.8726579251273437,-0.6060301912889465,-0.6060301912425604,-0.3643177284517392,0.36431772847962435,-7.65407068842435e-12,-0.04690042175017067,-0.08831959261486727,0.1807445338673255,-1.7215405148974835e-09,9.144107120894651e-10,0.1,-0.0,1
13,594,world,5.94,0.5836751945733247,3.957499914169313,0.26749990416033964,-0.8735416279028758,-0.6057007016651788,-0.6057007016221394,-0.36486526282851245,0.3648652628544387,-7.105710555042392e-12,-0.046708975270319926,-0.08842099088562988,0.18074453386732217,-8.1357742653413e-09,4.302532896684253e-09,0.1,-0.0,1
13,595,world,5.95,0.5846751945733246,3.957499914169313,0.26703377716286664,-0.8744263454999542,-0.6053707173044071,-0.6053707173695008,-0.3654124992461253,0.3654124992068336,1.0752682815711985e-11,-0.04651620303965246,-0.08852255562721756,0.18074453386732775,3.1437536371491784e-09,-1.6552823687119062e-09,0.1,-0.0,1
13,596,world,5.96,0.5856751945733247,3.957499914169313,0.2665695845274751,-0.8753120795441522,-0.6050402386581337,-0.6050402385721483,-0.36595943714775336,0.3659594371997617,-1.4211502876134857e-11,-0.04632210241865851,-0.0886242789957431,0.1792758577468517,2.9896046110183794e-09,-1.567294356733455e-09,0.1,-0.0,1
13,597,world,5.97,0.5866751945733247,3.957499914169314,0.26610733946018744,-0.8761988315349536,-0.6047146484580311,-0.6047146484822297,-0.36649719498383865,0.36649719496917255,4.0016904362639574e-12,-0.046126771636818525,-0.08872610066020481,0.17384334535908752,-1.101626845070034e-08,5.750608443839339e-09,0.1,-0.0,1
13,598,world,5.98,0.5876751945733247,3.9574999141693143,0.26564704612257356,-0.877086598195048,-0.6044031285139742,-0.6044031285782963,-0.3670107058628927,0.36701070582383455,1.0642215205296038e-11,-0.045932134163821386,-0.08882701757436594,0.1698795090918034,1.775322410331611e-09,-9.227928418990459e-10,0.1,-0.0,1
13,599,world,5.99,0.5886751945733246,3.9574999141693135,0.2651886919957323,-0.8779753676255576,-0.6040911725596998,-0.6040911725596998,-0.36752395192075177,0.36752395192075177,-0.0,-0.04573893051125667,-0.0889266564967245,0.16987950909180619,5.123906543325081e-09,-2.6523518371441343e-09,0.1,-0.0,1
13,600,world,6.0,0.5896751945733247,3.957499914169315,0.2647322627093666,-0.8788651270983731,-0.6037787807386011,-0.6037787807331845,-0.36803693283672434,0.36803693284002614,-8.971422102854962e-13,-0.04554716754398577,-0.0890250275412487,0.1698795090918079,7.513454586347773e-09,-3.873123131060127e-09,0.1,-0.0,1
13,601,world,6.01,0.5906751945733247,3.957499914169314,0.2642777438217818,-0.8797558639845515,-0.6034659533511084,-0.6034659532490866,-0.36854964819497704,0.3685496482572839,-1.6905860931685833e-11,-0.0453568519471087,-0.08912214080377594,0.16987950909181343,1.1619100163967415e-09,-5.964648313123614e-10,0.1,-0.0,1
13,602,world,6.0200000000000005,0.5916751945733247,3.957499914169314,0.26382512082556864,-0.8806475657561468,-0.6031526904885945,-0.6031526904674284,-0.36906209770763004,0.3690620977205813,-3.5092064421198446e-12,-0.04516799021039208,-0.08921800636841157,0.16987950909180896,-1.0691710996536306e-08,5.465597272404206e-09,0.1,-0.0,1
13,603,world,6.03,0.5926751945733246,3.9574999141693135,0.26337437915041506,-0.8815402199865131,-0.6028389924742171,-0.6028389925170757,-0.36957428094571787,0.36957428091944317,7.1093869567070584e-12,-0.0449805886496134,-0.08931263429512237,0.1698795090918062,-2.8323218515561465e-09,1.441816804438449e-09,0.1,-0.0,1
13,604,world,6.04,0.5936751945733247,3.957499914169313,0.2629255041637711,-0.8824338143495015,-0.6025248595707505,-0.6025248595879051,-0.3700861975172957,0.3700861975067589,2.8470962070287755e-12,-0.04479465340141055,-0.0894060346209779,0.16987950909181065,3.170620847663496e-09,-1.6072567680268667e-09,0.1,-0.0,1
13,605,world,6.05,0.5946751945733247,3.9574999141693135,0.26247848117302947,-0.8833283366194197,-0.6022102919556952,-0.6022102919556952,-0.3705978470831103,0.3705978470831103,-0.0,-0.0446101904293104,-0.08949821735577007,0.16987950909180233,-6.795567379987498e-10,3.4303409958504254e-10,0.1,-0.0,1
13,606,world,6.0600000000000005,0.5956751945733247,3.9574999141693143,0.2620332954285906,-0.8842237746714077,-0.6018952898385513,-0.6018952898648516,-0.3711092292847944,0.37110922926857853,4.369497416728288e-12,-0.044427205517897306,-0.08958919248363899,0.169879509091809,-3.175930491832796e-09,1.5964098838591898e-09,0.1,-0.0,1
13,607,world,6.07,0.5966751945733246,3.957499914169314,0.2615899321189163,-0.88512011647783,-0.6015798534732296,-0.601579853515997,-0.3716203437370154,0.3716203437105963,7.1090490659425215e-12,-0.044245704292391906,-0.08967896995210312,0.1698795090918062,3.483198739476753e-09,-1.7434562186401767e-09,0.1,-0.0,1
13,608,world,6.08,0.5976751945733247,3.9574999141693135,0.2611483763797787,-0.8860173501117243,-0.6012639831222942,-0.6012639831017265,-0.37213119004934675,0.3721311900620764,-3.4206823305114003e-12,-0.04406569221141804,-0.08976755967457606,0.16987950909181343,3.100740601324744e-09,-1.545442295841526e-09,0.1,-0.0,1
13,609,world,6.09,0.5986751945733247,3.9574999141693135,0.26070861329317424,-0.8869154637450738,-0.6009476789312445,-0.6009476789323268,-0.37264176790417586,0.3726417679035047,1.8011327633941554e-13,-0.043887174569810054,-0.08985497152789611,0.16987950909181895,-2.6360454286266824e-09,1.3082402569824072e-09,0.1,-0.0,1
13,610,world,6.1000000000000005,0.5996751945733247,3.9574999141693143,0.2602706278889069,-0.8878144456484142,-0.6006309411747426,-0.6006309411895475,-0.373152076904421,0.37315207689522306,2.4648736708855284e-12,-0.04371015650891522,-0.08994121534628124,0.16987950909180344,8.073545718321133e-11,-3.989588357919004e-11,0.1,-0.0,1
13,611,world,6.11,0.6006751945733246,3.957499914169314,0.25983440514613887,-0.8887142841904058,-0.6003137700916074,-0.6003137700916074,-0.37366211667548105,0.37366211667548105,-0.0,-0.04353464301898774,-0.09002630091928304,0.1698795090918034,6.019820872869814e-09,-2.962112536677204e-09,0.1,-0.0,1
13,612,world,6.12,0.6016751945733247,3.957499914169313,0.2593999299968441,-0.889614967838321,-0.5999961659218637,-0.5999961658561441,-0.3741718868423438,0.37417188688332814,-1.0953055089913075e-11,-0.04336063894001422,-0.0901102379905509,0.1698795090918051,1.5879638581368615e-09,-7.780280165309902e-10,0.1,-0.0,1
13,613,world,6.13,0.6026751945733247,3.9574999141693135,0.2589671873217947,-0.890516485154915,-0.5996781288140828,-0.5996781287928743,-0.37468138708747417,0.3746813871007253,-3.5365529791191195e-12,-0.04318814895737563,-0.09019303625910116,0.1698795090918023,-2.4782410275626277e-09,1.2089945975180258e-09,0.1,-0.0,1
13,614,world,6.140000000000001,0.6036751945733247,3.9574999141693143,0.2585361619567114,-0.8914188248002122,-0.5993596590807857,-0.5993596590481894,-0.3751906169914777,0.3751906170118824,-5.438330852363035e-12,-0.043017177625510064,-0.09027470536720304,0.16987950909181174,-6.41376149817673e-09,3.1154704923889734e-09,0.1,-0.0,1
13,615,world,6.15,0.6046751945733246,3.9574999141693135,0.2581068386929714,-0.8923219755306356,-0.5990407568696781,-0.59904075693392,-0.37569957623832484,0.37569957619803435,1.0723817869191508e-11,-0.04284772935414255,-0.09035525490636476,0.16987950909180893,-1.2629819936151307e-09,6.108450019554849e-10,0.1,-0.0,1
13,616,world,6.16,0.6056751945733247,3.9574999141693135,0.25767920227852437,-0.8932259261982423,-0.5987214225533746,-0.5987214225376125,-0.37620826437144456,0.37620826438134863,-2.6325213514258576e-12,-0.04267980841825078,-0.09043469441194243,0.1698795090918145,5.588748820644686e-09,-2.6912984795806995e-09,0.1,-0.0,1
13,617,world,6.17,0.6066751945733246,3.9574999141693143,0.2572532374192296,-0.8941306657501508,-0.5984016562309951,-0.5984016562209308,-0.37671668110615664,0.37671668111249246,-1.6818101750170262e-12,-0.04251341896057806,-0.09051303336140251,0.16987950909181898,-3.4714553497852044e-09,1.6644416079727416e-09,0.1,-0.0,1
13,618,world,6.18,0.6076751945733248,3.9574999141693135,0.25682892878015695,-0.8950361832279536,-0.5980814581587585,-0.5980814581890638,-0.3772248260597102,0.3772248260405959,5.066917854472015e-12,-0.04234856499363291,-0.09059028117287224,0.16987950909181337,-3.8457339158688485e-09,1.8358656765422279e-09,0.1,-0.0,1
13,619,world,6.19,0.6086751945733246,3.9574999141693135,0.2564062609868559,-0.8959424677671012,-0.5977608285999069,-0.5977608286408,-0.37773269884518795,0.377732698819347,6.8408322074870756e-12,-0.04218525041264255,-0.09066644719863376,0.169879509091809,2.90205776883228e-09,-1.3793250958823434e-09,0.1,-0.0,1
13,620,world,6.2,0.6096751945733248,3.9574999141693143,0.2559852186275879,-0.8968495085967375,-0.5974397678006768,-0.597439767792556,-0.37824029908667917,0.37824029909182044,-1.3592115020144216e-12,-0.042023478983474756,-0.09074154073039237,0.169879509091809,2.576248787759286e-09,-1.2191059585782704e-09,0.1,-0.0,1
13,621,world,6.21,0.6106751945733246,3.957499914169314,0.2555657862520148,-0.8977572950378772,-0.5971182759309317,-0.5971182759377436,-0.3787476264570389,0.37874762645271814,1.140761999307019e-12,-0.04186325435354554,-0.09081557099380233,0.16987950909181063,1.9834976542503813e-10,-9.345861916504884e-11,0.1,-0.0,1
13,622,world,6.22,0.6116751945733248,3.9574999141693143,0.2551479483737887,-0.8986658165034052,-0.5967963532708306,-0.5967963532601014,-0.3792546805597201,0.37925468056653827,-1.7977223424716635e-12,-0.041704580059180534,-0.09088854714477178,0.16987950909180788,-1.6029213450304363e-09,7.51865598371993e-10,0.1,-0.0,1
13,623,world,6.23,0.6126751945733246,3.957499914169314,0.2547316894723607,-0.8995750624976973,-0.5964740000082981,-0.5964740000362238,-0.379761461057064,0.3797614610392843,4.6816298204019195e-12,-0.04154745952629721,-0.09096047826892016,0.1698795090918173,-8.144655537251064e-10,3.803542645082415e-10,0.1,-0.0,1
13,624,world,6.24,0.6136751945733248,3.9574999141693135,0.25431699399348123,-0.9004850226156375,-0.5961512164372925,-0.5961512164372926,-0.3802679675443835,0.3802679675443835,-0.0,-0.04139189606896697,-0.09103137338201504,0.16987950909181732,4.443281215151117e-10,-2.065820731122537e-10,0.1,-0.0,1
13,625,world,6.25,0.6146751945733246,3.9574999141693135,0.25390384635026325,-0.9013956865418898,-0.5958280027324137,-0.5958280027544699,-0.3807741996933727,0.38077419967927717,3.701670238083889e-12,-0.041237892897128946,-0.09110124142625568,0.16987950909180233,4.563754349056161e-09,-2.11237795605336e-09,0.1,-0.0,1
13,626,world,6.26,0.6156751945733248,3.9574999141693135,0.2534922309242107,-0.9023070440501594,-0.5955043592038467,-0.595504359143952,-0.3812801570895897,0.38128015712793806,-1.0057442109898383e-11,-0.0410854531275055,-0.09117009126521454,0.1698795090918023,6.005740462587219e-09,-2.767412631200981e-09,0.1,-0.0,1
13,627,world,6.2700000000000005,0.6166751945733246,3.957499914169314,0.2530821320662149,-0.9032190850024325,-0.5951802859905074,-0.5951802859338251,-0.3817858394284843,0.3817858394648439,-9.523220258817906e-12,-0.04093457976538143,-0.09123793169198668,0.16987950909181726,-6.074862981347546e-09,2.786766603386865e-09,0.1,-0.0,1
13,628,world,6.28,0.6176751945733248,3.9574999141693135,0.2526735340975179,-0.904131799348205,-0.5948557833322111,-0.5948557833518967,-0.38229124634151374,0.3822912463288625,3.3091946958565484e-12,-0.04078527573091288,-0.09130477141723432,0.1698795090918312,-1.7337362113844149e-09,7.917725841868111e-10,0.1,-0.0,1
13,629,world,6.29,0.6186751945733246,3.957499914169314,0.2522664213106434,-0.905045177123693,-0.5945308515646616,-0.5945308515307044,-0.3827963773987648,0.3827963774206287,-5.711420943062884e-12,-0.04063754385193105,-0.09137061907244792,0.16987950909180785,3.5083730586683798e-09,-1.5950082266163369e-09,0.1,-0.0,1
13,630,world,6.3,0.6196751945733248,3.9574999141693143,0.2518607779702953,-0.90595920845103,-0.5942054908265523,-0.5942054908004161,-0.38330123229732005,0.38330123231417973,-4.398390079907286e-12,-0.04049138686350762,-0.0914354832101289,0.1698795090917912,-2.6017450717829644e-09,1.1774947796009392e-09,0.1,-0.0,1
13,631,world,6.3100000000000005,0.6206751945733247,3.9574999141693135,0.2514565883142242,-0.9068738835374491,-0.5938797013741974,-0.5938797013741973,-0.38380581065910685,0.38380581065910685,-0.0,-0.04034680742049175,-0.09149937229824998,0.1698795090918062,-5.186195636081738e-09,2.336568174805524e-09,0.1,-0.0,1
13,632,world,6.32,0.6216751945733248,3.957499914169314,0.2510538365541885,-0.9077891926745112,-0.5935534834441629,-0.5935534834855809,-0.3843101121191349,0.3843101120923179,6.977748573500882e-12,-0.040203808091087784,-0.09156229472318278,0.1698795090918145,6.484807479252042e-09,-2.908405472028718e-09,0.1,-0.0,1
13,633,world,6.33,0.6226751945733247,3.957499914169314,0.2506525068771832,-0.9087051262374417,-0.5932268373630278,-0.5932268372787047,-0.3848141362544178,0.3848141363091165,-1.4213877121278489e-11,-0.040062391374207,-0.09162425878215805,0.16987950909180785,1.7704846111748044e-09,-7.904514181520034e-10,0.1,-0.0,1
13,634,world,6.34,0.6236751945733248,3.957499914169313,0.2502525834441661,-0.9096216746833842,-0.5928997631686576,-0.5928997631870382,-0.38531788282956025,0.3853178828176149,3.100037509353255e-12,-0.03992255967519011,-0.09168527269404224,0.1698795090918051,-3.945690118410751e-09,1.7535509263468774e-09,0.1,-0.0,1
13,635,world,6.3500000000000005,0.6246751945733247,3.957499914169314,0.24985405039311911,-0.9105388285515477,-0.5925722612883217,-0.5925722612552639,-0.3858213513569846,0.3858213513785085,-5.578574716941244e-12,-0.03978431535041299,-0.09174534457997797,0.169879509091809,5.123573476257493e-09,-2.266607437258768e-09,0.1,-0.0,1
13,636,world,6.36,0.6256751945733248,3.9574999141693135,0.2494568918389337,-0.911456578461964,-0.5922443318629865,-0.5922443318149854,-0.38632454153534784,0.3863245415666593,-8.104749952717413e-12,-0.039647660665341804,-0.09180448248188053,0.16987950909181176,1.6069181498415754e-09,-7.076204140019313e-10,0.1,-0.0,1
13,637,world,6.37,0.6266751945733247,3.9574999141693135,0.24906109187409314,-0.9123749151145994,-0.5919159751429243,-0.591915975089117,-0.3868274529927369,0.38682745302790095,-9.090148913494207e-12,-0.03951259783334017,-0.09186269434575017,0.16987950909180785,-3.7115745010446088e-09,1.6268966227789423e-09,0.1,-0.0,1
13,638,world,6.38,0.6276751945733248,3.9574999141693135,0.24866663456932253,-0.9132938292884514,-0.5915871913397983,-0.5915871913397983,-0.387330085382854,0.387330085382854,-0.0,-0.03937912899039416,-0.09191998803284246,0.1698795090918051,-1.0293465479380252e-09,4.49110409493864e-10,0.1,-0.0,1
13,639,world,6.390000000000001,0.6286751945733247,3.957499914169313,0.24827350397421177,-0.9142133118406355,-0.5912579807677621,-0.591257980727295,-0.38783243829269937,0.38783243831924363,-6.844115902771171e-12,-0.03924725622728312,-0.09197637130605875,0.1698795090918228,1.2907792159642048e-09,-5.605657525442544e-10,0.1,-0.0,1
13,640,world,6.4,0.6296751945733248,3.957499914169314,0.2478816841178067,-0.9151333537054674,-0.5909283435850449,-0.5909283435684133,-0.38833451141177106,0.3883345114227007,-2.8144358928095976e-12,-0.03911698156441849,-0.09203185184102809,0.16987950909181454,-3.4167962684353913e-09,1.4769831356578965e-09,0.1,-0.0,1
13,641,world,6.41,0.6306751945733247,3.957499914169313,0.24749115900917318,-0.9160539458935278,-0.590598280063452,-0.5905982800669984,-0.3888363043555805,0.3888363043532457,6.004514702388553e-13,-0.038988306976484643,-0.09208643721584303,0.1698795090917979,-5.237113264039178e-09,2.253298632349751e-09,0.1,-0.0,1
13,642,world,6.42,0.6316751945733247,3.957499914169314,0.24710191263793332,-0.9169750794907235,-0.5902677904258036,-0.5902677904764964,-0.38933781677219004,0.3893378167387534,8.587948388338204e-12,-0.038861234376213104,-0.0921401349182702,0.16987950909181068,-5.234046271458185e-09,2.2414469958613046e-09,0.1,-0.0,1
13,643,world,6.43,0.6326751945733247,3.9574999141693135,0.24671392897476982,-0.9178967456573387,-0.5899368749375826,-0.5899368750083046,-0.38983904828194965,0.3898390482352156,1.1987891326487405e-11,-0.03873576563607552,-0.09219295233686267,0.16987950909181898,7.26744014799207e-10,-3.097718017686388e-10,0.1,-0.0,1
13,644,world,6.44,0.6336751945733248,3.957499914169314,0.24632719197199265,-0.9188189356271106,-0.5896055338486939,-0.5896055338900138,-0.39033999851579676,0.39033999848844136,7.008013005074897e-12,-0.03861190257952718,-0.0922448967650195,0.1698795090918145,7.542337052225819e-09,-3.1996753981928883e-09,0.1,-0.0,1
13,645,world,6.45,0.6346751945733247,3.9574999141693126,0.24594168556507243,-0.9197416407067152,-0.5892737673923931,-0.5892737673664775,-0.39084066711606297,0.3908406671332517,-4.3978523733098035e-12,-0.03848964698911893,-0.0922959753979176,0.1698795090917979,-2.480403187943188e-09,1.0472933117632557e-09,0.1,-0.0,1
13,646,world,6.46,0.6356751945733247,3.9574999141693135,0.24555739366937956,-0.9206648522732536,-0.5889415757060561,-0.5889415757790433,-0.39134105378922635,0.3913410537407277,1.2392836668527149e-11,-0.03836900059053801,-0.09234619533951194,0.16987950909179955,-1.3483831653033892e-09,5.666164709387294e-10,0.1,-0.0,1
13,647,world,6.47,0.6366751945733247,3.9574999141693135,0.24517430018437042,-0.9215885617748564,-0.5886089592026994,-0.588608959194031,-0.3918411580591759,0.3918411580649465,-1.4726688801247864e-12,-0.03824996509454635,-0.0923955635854124,0.16548613504674603,6.15781318331584e-09,-2.5756936127299384e-09,0.1,-0.0,1
13,648,world,6.48,0.6376751945733248,3.9574999141693135,0.2447923890574908,-0.9225127607559016,-0.5882931544286963,-0.5882931544230685,-0.3923151341130911,0.39231513411684404,-9.566027964564917e-13,-0.0381324756061893,-0.09244411449163965,0.1504503299324681,-2.0079806509910035e-09,8.362369509676198e-10,0.1,-0.0,1
13,649,world,6.49,0.6386751945733247,3.957499914169314,0.24441164956619563,-0.9234374430290375,-0.5880187669302457,-0.5880187669471665,-0.3927262783826949,0.39272627837139373,2.877600226717567e-12,-0.03801543188348971,-0.09249230745695425,0.13980789886324815,-3.5980480325925107e-09,1.4921041489318794e-09,0.1,-0.0,1
13,650,world,6.5,0.6396751945733247,3.9574999141693135,0.24403208022993125,-0.9243626062501611,-0.5877440920924344,-0.587744092132599,-0.39313723074442525,0.3931372307175594,6.8336701687271085e-12,-0.03789844477018529,-0.0925403041058393,0.1398078988632404,3.23925158972369e-09,-1.3379912651205473e-09,0.1,-0.0,1
13,651,world,6.51,0.6406751945733247,3.9574999141693135,0.24365368047801203,-0.9252882484568312,-0.5874691300936724,-0.5874691300693993,-0.39354799096786686,0.3935479909841275,-4.131797915470546e-12,-0.03778151556389487,-0.0925881044286747,0.13980789886323208,4.973348354609586e-09,-2.046150027632676e-09,0.1,-0.0,1
13,652,world,6.5200000000000005,0.6416751945733248,3.957499914169314,0.24327644972253026,-0.9262143676847983,-0.58719388099164,-0.5871938809686107,-0.39395855890361287,0.3939585589190636,-3.921918878666369e-12,-0.037664645553519144,-0.09263570842460143,0.13980789886323433,-6.7272598313829096e-09,2.7567679349456197e-09,0.1,-0.0,1
13,653,world,6.53,0.6426751945733247,3.957499914169313,0.24290038736499797,-0.9271409619707784,-0.5869183449122425,-0.5869183449733324,-0.39436893435691317,0.394368934315865,1.0408547292408535e-11,-0.03754783602605141,-0.09268311609867655,0.1398078988632454,8.255093744444501e-10,-3.3693614439232455e-10,0.1,-0.0,1
13,654,world,6.54,0.6436751945733247,3.9574999141693135,0.24252549279519994,-0.9280680293520285,-0.586642522120899,-0.58664252208743,-0.39477911703935575,0.3947791170618786,-5.7051633474777205e-12,-0.03743108826971818,-0.09273032746057014,0.13980789886324319,3.5568171115834663e-09,-1.4459466116462302e-09,0.1,-0.0,1
13,655,world,6.55,0.6446751945733247,3.9574999141693135,0.24215176538997374,-0.9289955678658922,-0.5863664125910363,-0.5863664126070417,-0.39518910685897773,0.3951891068481907,2.7295783807682612e-12,-0.037314403558889264,-0.09277734253062195,0.1398078988632404,-4.869681245913501e-09,1.9717289784902893e-09,0.1,-0.0,1
13,656,world,6.5600000000000005,0.6456751945733248,3.957499914169313,0.24177920451035087,-0.9299235755487104,-0.5860900165482609,-0.5860900165764064,-0.3955989035544449,0.3955989035354473,4.8022307779716995e-12,-0.0371977831722991,-0.09282416133241723,0.13980789886323153,4.4727874875441256e-09,-1.803757731259607e-09,0.1,-0.0,1
13,657,world,6.57,0.6466751945733247,3.957499914169313,0.2414078095066659,-0.9308520504379315,-0.5858133341493684,-0.5858133341088536,-0.39600850691075906,0.39600850693814693,-6.915977722591822e-12,-0.03708122838350091,-0.092870783896609,0.13980789886323705,1.321784779239056e-09,-5.308949455380157e-10,0.1,-0.0,1
13,658,world,6.58,0.6476751945733247,3.957499914169313,0.24103757971967885,-0.9317809905725941,-0.5855363654288548,-0.5855363654402926,-0.39641791679582183,0.3964179167880782,1.95340490019889e-12,-0.03696474045891503,-0.09291721026163588,0.1398078988632626,-1.2916949499116931e-09,5.167173928948909e-10,0.1,-0.0,1
13,659,world,6.59,0.6486751945733247,3.957499914169314,0.24066851447162185,-0.9327103939898019,-0.5852591106261602,-0.5852591106019681,-0.3968271329391747,0.39682713295557787,-4.13358638326185e-12,-0.03684832066416984,-0.09296344047113637,0.13980789886323206,9.073411646903665e-10,-3.6148595902194103e-10,0.1,-0.0,1
13,660,world,6.6000000000000005,0.6496751945733248,3.957499914169314,0.24030061307455544,-0.9336402587281184,-0.5849815698030648,-0.5849815698030648,-0.39723615519076566,0.39723615519076566,-0.0,-0.036731970254152584,-0.09300947457785175,0.13980789886322598,-1.2459204396944706e-09,4.943574938947668e-10,0.1,-0.0,1
13,661,world,6.61,0.6506751945733247,3.957499914169314,0.23993387483060105,-0.9345705828276863,-0.5847037431414447,-0.5847037431329504,-0.3976449833193587,0.3976449833251355,-1.452745426331174e-12,-0.036615690489429066,-0.09305531263706729,0.13980789886324263,-6.614705384479457e-09,2.6139265940638087e-09,0.1,-0.0,1
13,662,world,6.62,0.6516751945733247,3.9574999141693135,0.23956829902597898,-0.9355013643279203,-0.5844256307106571,-0.5844256307937911,-0.3980536171703555,0.3980536171137328,1.422488320590523e-11,-0.03649948261821905,-0.0931009547136995,0.13980789886324874,-6.750921467303127e-09,2.6568506057366206e-09,0.1,-0.0,1
13,663,world,6.63,0.6526751945733247,3.957499914169314,0.23920388493424988,-0.9364326012688449,-0.5841472327459095,-0.5841472328221821,-0.3984620564764892,0.3984620564244617,1.3057068788488904e-11,-0.0363833478914721,-0.09314640087629857,0.13980789886325148,3.817375438115025e-09,-1.4961869954349274e-09,0.1,-0.0,1
13,664,world,6.640000000000001,0.6536751945733248,3.957499914169314,0.23884063181949838,-0.9373642916923809,-0.5838685493511155,-0.5838685493862916,-0.3988703010599698,0.3988703010359391,6.024672588709932e-12,-0.036267287550504575,-0.09319165120185938,0.13980789886322595,4.524534999579731e-09,-1.7660489939438077e-09,0.1,-0.0,1
13,665,world,6.65,0.6546751945733247,3.9574999141693135,0.2384785389318091,-0.9382964336406181,-0.583589580632623,-0.583589580652133,-0.39927835074166396,0.3992783507283157,3.3430965333197404e-12,-0.03615130283085016,-0.09323670577423981,0.13980789886322598,2.8076744527661017e-09,-1.0913856709964177e-09,0.1,-0.0,1
13,666,world,6.66,0.6556751945733247,3.957499914169314,0.23811760550692884,-0.9392290251557398,-0.5833103267413884,-0.5833103267413884,-0.3996862053121858,0.3996862053121858,-0.0,-0.03603539496721839,-0.09328156468218451,0.13980789886324704,4.539639588750265e-09,-1.7573309648028103e-09,0.1,-0.0,1
13,667,world,6.67,0.6566751945733247,3.957499914169313,0.23775783077129956,-0.9401620642820224,-0.5830307878208301,-0.5830307877835585,-0.40009386456745316,0.40009386459303004,-6.39271764551673e-12,-0.035919565188720554,-0.09332622802113699,0.13980789886323486,-3.890106172151765e-09,1.499645341283263e-09,0.1,-0.0,1
13,668,world,6.68,0.6576751945733248,3.9574999141693135,0.23739921393920502,-0.9410955490647621,-0.5827509639370982,-0.5827509639856898,-0.40050132835664953,0.40050132832325447,8.338317519995549e-12,-0.035803814722225796,-0.0933706958918939,0.13980789886324427,-2.3037412821644027e-10,8.844594606986767e-11,0.1,-0.0,1
13,669,world,6.69,0.6586751945733247,3.9574999141693126,0.2370417542090532,-0.9420294775489021,-0.5824708553729058,-0.5824708553385448,-0.4009085963803822,0.4009085964040326,-5.899199405332466e-12,-0.035688144784929404,-0.09341496840340908,0.1398078988632454,4.090887296006508e-09,-1.5639217242333885e-09,0.1,-0.0,1
13,670,world,6.7,0.6596751945733247,3.9574999141693135,0.23668545076983336,-0.9429638477815572,-0.5821904621232902,-0.5821904621208394,-0.40131566853714884,0.4013156685388382,-4.209473554371121e-13,-0.03557255659291764,-0.09345904566944643,0.1398078988632332,-7.181063640534273e-09,2.733764106381335e-09,0.1,-0.0,1
13,671,world,6.71,0.6606751945733247,3.9574999141693126,0.23633030280081094,-0.943898657811923,-0.5819097843698795,-0.5819097844249774,-0.4017225445974107,0.40172254455937373,9.468462797185502e-12,-0.03545705135518175,-0.09350292781082314,0.13980789886323486,-1.4337452566307551e-09,5.435292876741196e-10,0.1,-0.0,1
13,672,world,6.72,0.6616751945733248,3.957499914169313,0.23597630946332665,-0.9448339056882069,-0.5816288223112772,-0.5816288223266652,-0.40212922431990045,0.4021292243092615,2.645665204486285e-12,-0.03534163028186515,-0.09354661495222558,0.13980789886323874,1.6419260193550284e-09,-6.198155121055135e-10,0.1,-0.0,1
13,673,world,6.73,0.6626751945733247,3.957499914169313,0.2356234699098135,-0.945769589461102,-0.5813475760066674,-0.5813475760413066,-0.4025357075598256,0.4025357075358408,5.958434528793733e-12,-0.03522629456911294,-0.09359010722790141,0.13980789886323433,4.566690181557678e-09,-1.716616297668644e-09,0.1,-0.0,1
13,674,world,6.74,0.6636751945733247,3.9574999141693135,0.23527178328301224,-0.9467057071835173,-0.5810660456705702,-0.5810660456292467,-0.4029419940651903,0.40294199409384623,-7.1116663091213085e-12,-0.035111045415065927,-0.09363340477554567,0.13980789886323874,9.450390773281734e-09,-3.5372993844523496e-09,0.1,-0.0,1
13,675,world,6.75,0.6646751945733247,3.9574999141693135,0.23492124870999537,-0.9476422569083681,-0.5807842313756095,-0.5807842312930047,-0.4033480836824178,0.40334808373978603,-1.4222998539487943e-11,-0.03499588401115429,-0.09367650773954928,0.13980789886324316,-8.330033823019523e-10,3.1047952109669434e-10,0.1,-0.0,1
13,676,world,6.76,0.6656751945733248,3.957499914169313,0.234571865306496,-0.9485792366902558,-0.5805021332303745,-0.5805021331994122,-0.4037539762333783,0.4037539762549134,-5.333716672404e-12,-0.034880811540849904,-0.09371941627139871,0.13980789886324707,-6.667174541715976e-09,2.474302125443743e-09,0.1,-0.0,1
13,677,world,6.7700000000000005,0.6666751945733247,3.957499914169313,0.23422363217745135,-0.9495166445857085,-0.5802197514295161,-0.5802197514295161,-0.40415967148030807,0.40415967148030807,-0.0,-0.03476582918733483,-0.09376213052675936,0.13980789886324263,-2.501522027317508e-09,9.243775425532445e-10,0.1,-0.0,1
13,678,world,6.78,0.6676751945733247,3.9574999141693135,0.2338765484184725,-0.950454478653754,-0.5799370861161631,-0.5799370861161631,-0.40456516922134317,0.40456516922134317,-0.0,-0.034650938125520295,-0.09380465066840432,0.13980789886323322,-3.283244191406057e-09,1.2080396177537611e-09,0.1,-0.0,1
13,679,world,6.79,0.6686751945733247,3.957499914169314,0.23353061310805742,-0.9513927369530801,-0.5796541373926816,-0.5796541374332392,-0.4049704692832698,0.4049704692549346,6.996863102818854e-12,-0.03453613952626653,-0.0938469768645866,0.1398078988632376,6.676503193719205e-09,-2.445969224625209e-09,0.1,-0.0,1
13,680,world,6.8,0.6696751945733248,3.957499914169313,0.23318582531583,-0.9523314175451307,-0.5793709054993685,-0.5793709054169768,-0.4053755713967087,0.4053755714543567,-1.4220862775973553e-11,-0.0344214345594517,-0.09388910928786887,0.13980789886323317,2.507328495627805e-10,-9.145742700521589e-11,0.1,-0.0,1
13,681,world,6.8100000000000005,0.6706751945733247,3.9574999141693126,0.2328421840997882,-0.9532705184931213,-0.5790873903714895,-0.5790873904089164,-0.405780475505792,0.4057804754795661,6.463060184818662e-12,-0.03430682437713233,-0.09393104812125008,0.13980789886324263,-6.683319965311481e-09,2.4272952672677206e-09,0.1,-0.0,1
13,682,world,6.82,0.6716751945733247,3.957499914169313,0.23249968850816324,-0.9542100378627539,-0.5788035923475926,-0.5788035923475926,-0.4061851812726824,0.4061851812726824,-0.0,-0.034192310139198934,-0.09397279354869065,0.1398078988632443,6.1465380602674194e-09,-2.2226117082102756e-09,0.1,-0.0,1
13,683,world,6.83,0.6726751945733247,3.9574999141693126,0.232158337574409,-0.9551499737204282,-0.5785195114881385,-0.5785195114499042,-0.4065896885543449,0.40658968858121647,-6.6089872414702926e-12,-0.034077892995423874,-0.09401434576165726,0.13980789886324319,1.799913582784431e-09,-6.48004083883741e-10,0.1,-0.0,1
13,684,world,6.84,0.6736751945733248,3.957499914169313,0.2318181303214384,-0.9560903241348289,-0.5782351479043687,-0.5782351478822454,-0.40699399717252316,0.40699399718809487,-3.8260268344842075e-12,-0.033963574088918834,-0.09405570495778831,0.1398078988632415,-4.096338492833144e-09,1.4683176128802855e-09,0.1,-0.0,1
13,685,world,6.8500000000000005,0.6746751945733247,3.9574999141693135,0.23147906576125588,-0.9570310871768253,-0.5779505017533544,-0.5779505017654573,-0.40739810691696493,0.40739810690843375,2.094064954320104e-12,-0.03384935456023002,-0.09409687133935876,0.1398078988632343,3.94207572886485e-09,-1.4068112372791113e-09,0.1,-0.0,1
13,686,world,6.86,0.6756751945733247,3.957499914169313,0.23114114289449947,-0.9579722609193436,-0.5776655732416409,-0.5776655731711821,-0.4078020175426108,0.4078020175923511,-1.2197119285045405e-11,-0.03373523554087836,-0.09413784511556157,0.1398078988632415,9.69583063285031e-10,-3.4448843897764467e-10,0.1,-0.0,1
13,687,world,6.87,0.6766751945733247,3.9574999141693135,0.23080436071049654,-0.9589138434374196,-0.577380362373452,-0.5773803623736609,-0.40820572894735435,0.40820572894720675,3.6159856743984964e-14,-0.033621218163916215,-0.09417862649866132,0.139807898863246,-9.875845028263751e-09,3.4932734760683883e-09,0.1,-0.0,1
13,688,world,6.88,0.6776751945733248,3.957499914169312,0.23046871818860248,-0.9598558328087134,-0.5770948693749519,-0.5770948694254693,-0.40860924087270634,0.40860924083693767,8.753717754511937e-12,-0.033507303544679054,-0.09421921571083437,0.13980789886323597,2.6322813621977984e-09,-9.269560363679087e-10,0.1,-0.0,1
13,689,world,6.890000000000001,0.6786751945733247,3.957499914169313,0.23013421429426428,-0.9607982271121402,-0.5768090944418748,-0.576809094409889,-0.4090125530815861,0.40901255310426704,-5.5452577486438895e-12,-0.03339349280586081,-0.09425961297514925,0.1398078988632315,-2.5041088478075953e-10,8.780479206427983e-11,0.1,-0.0,1
13,690,world,6.9,0.6796751945733247,3.9574999141693126,0.22980084798313397,-0.9617410244293767,-0.5765230375634526,-0.5765230376169797,-0.40941566548351943,0.4094156654455075,9.284389679696926e-12,-0.03327978705705994,-0.0942998185228198,0.14745799127895232,4.976632022553061e-10,-1.736444950948481e-10,0.1,-0.0,1
13,691,world,6.91,0.6806751945733247,3.9574999141693126,0.22946861824849077,-0.9626842228615631,-0.5762053458659225,-0.5762053458278961,-0.4098626591998317,0.4098626592268804,-6.599413401493629e-12,-0.03316612368629548,-0.09433985499048296,0.18082776870002074,4.385716404295336e-09,-1.5217585491604484e-09,0.1,-0.0,1
13,692,world,6.92,0.6816751945733248,3.9574999141693126,0.2291375313872816,-0.9636278230766917,-0.5757817582042007,-0.5757817582042009,-0.4104575092738336,0.4104575092738336,-0.0,-0.033050861842759065,-0.09438029736894694,0.20654745370536945,-7.229416654213139e-10,2.493923509047262e-10,0.1,-0.0,1
13,693,world,6.93,0.6826751945733247,3.9574999141693126,0.22880760875239003,-0.9645718309822165,-0.575357556478248,-0.5753575564490777,-0.4110519215520062,0.4110519215728464,-5.06989214259481e-12,-0.032933277705374256,-0.09442139174774275,0.20654745370535854,-3.3602589067290367e-09,1.1513825863739611e-09,0.1,-0.0,1
13,694,world,6.94,0.6836751945733247,3.9574999141693126,0.2284788735881575,-0.965516253058121,-0.5749327410573042,-0.5749327410981481,-0.4116458954597877,0.41164589543054403,7.103945937608742e-12,-0.032813366971123796,-0.09446313009856472,0.20654745370535552,-1.884091445799157e-09,6.41223641589756e-10,0.1,-0.0,1
13,695,world,6.95,0.6846751945733247,3.957499914169313,0.22815134918243676,-0.9664610957033096,-0.5745073125026053,-0.574507312496346,-0.41223943028630616,0.41223943029079757,-1.089494994146052e-12,-0.03269112524020149,-0.09450550423403636,0.2065474537053613,3.139979399787663e-09,-1.0614350285209157e-09,0.1,-0.0,1
13,696,world,6.96,0.6856751945733246,3.9574999141693126,0.22782505886759383,-0.9674063652340258,-0.5740812711812874,-0.5740812711840145,-0.41283252546053245,0.41283252545857135,4.750252548444324e-13,-0.03256654800895058,-0.09454850580935015,0.2065474537053639,2.640253783295735e-09,-8.864248975965254e-10,0.1,-0.0,1
13,697,world,6.97,0.6866751945733247,3.9574999141693126,0.2275000260218615,-0.9683520678823804,-0.5736546176007463,-0.5736546175625428,-0.4134251803118364,0.4134251803393692,-6.659452471643836e-12,-0.03243963068822641,-0.09459212631509814,0.20654745370536093,3.1239422167938494e-09,-1.0416480645953368e-09,0.1,-0.0,1
13,698,world,6.98,0.6876751945733247,3.957499914169313,0.22717627407008245,-0.9692982097946624,-0.5732273521690173,-0.5732273521339873,-0.41401739424196016,0.4140173942672608,-6.11075231333885e-12,-0.03231036858400815,-0.09463635708312922,0.20654745370535832,-4.126260602777347e-09,1.3663885301986616e-09,0.1,-0.0,1
13,699,world,6.99,0.6886751945733247,3.9574999141693135,0.22685382648293126,-0.9702447970291221,-0.5727994753420985,-0.5727994753537465,-0.4146091666191673,0.41460916661073605,2.033458103834537e-12,-0.032178756936393334,-0.09468118927236033,0.20654745370536123,-4.984985416214002e-09,1.6393426059966498e-09,0.1,-0.0,1
13,700,world,7.0,0.6896751945733246,3.957499914169313,0.22653270678000353,-0.9711918355550736,-0.5723709876147086,-0.5723709876398027,-0.4152004967845753,0.41520049676637205,4.38397029261033e-12,-0.03204479089257913,-0.09472661387725669,0.20654745370535835,-5.683912940537746e-09,1.8561831946740195e-09,0.1,-0.0,1
13,701,world,7.01,0.6906751945733247,3.9574999141693126,0.22621293852978114,-0.9721393312509129,-0.5719418894064898,-0.5719418894865168,-0.41579138413458483,0.41579138407640653,1.3991297148340035e-11,-0.03190846552630313,-0.0947726217203931,0.20654745370536368,2.085205714150802e-09,-6.761956917316307e-10,0.1,-0.0,1
13,702,world,7.0200000000000005,0.6916751945733247,3.957499914169313,0.2258945453503705,-0.9730872899023995,-0.5715121812633187,-0.5715121812633188,-0.416381827974809,0.416381827974809,-0.0,-0.03176977584245166,-0.09481920345014705,0.20654745370535832,1.1345404911151187e-08,-3.653246971251028e-09,0.1,-0.0,1
13,703,world,7.03,0.6926751945733247,3.9574999141693126,0.22557755091019555,-0.9740357172009086,-0.57108186356412,-0.5710818635078915,-0.41697182773315056,0.4169718277742055,-9.845231251216072e-12,-0.03162871677563577,-0.09486634954042776,0.20654745370535285,-6.368612946684853e-09,2.0361948838805785e-09,0.1,-0.0,1
13,704,world,7.04,0.6936751945733247,3.957499914169313,0.22526197892864144,-0.974984618741666,-0.5706509366853629,-0.5706509367616727,-0.4175613828407598,0.4175613827849217,1.3371306211534455e-11,-0.031485283195961666,-0.09491405028798473,0.20654745370536945,-4.692230498692726e-09,1.4895484334483633e-09,0.1,-0.0,1
13,705,world,7.05,0.6946751945733247,3.957499914169313,0.22494785317793828,-0.9759340000223792,-0.5702194012854582,-0.5702194012854582,-0.4181504925235095,0.4181504925235095,-0.0,-0.0313394699249458,-0.09496229580640635,0.20654745370536942,7.188746380345743e-09,-2.2657170040737315e-09,0.1,-0.0,1
13,706,world,7.0600000000000005,0.6956751945733247,3.9574999141693126,0.22463519748075592,-0.9768838664404438,-0.5697872576869293,-0.56978725767723,-0.4187391562538075,0.4187391562609356,-1.7021097453735855e-12,-0.031191271724162636,-0.09501107602921596,0.20654745370535285,4.1344679323225525e-09,-1.2937105037728306e-09,0.1,-0.0,1
13,707,world,7.07,0.6966751945733247,3.957499914169313,0.2243240357118842,-0.9778342232915038,-0.5693545063989484,-0.5693545063496178,-0.41932737336842385,0.41932737340475557,-8.66338097827481e-12,-0.03104068331553685,-0.09506038070250168,0.2065474537053528,-5.40734508622514e-10,1.6796298526481592e-10,0.1,-0.0,1
13,708,world,7.08,0.6976751945733247,3.957499914169313,0.22401439179997198,-0.9787850757680187,-0.5689211478252387,-0.5689211478219969,-0.4199151432826071,0.41991514328499985,-5.697641027702342e-13,-0.030887699375124474,-0.09511019938635361,0.2065474537053639,-2.0279986565735138e-09,6.253890744421768e-10,0.1,-0.0,1
13,709,world,7.09,0.6986751945733247,3.957499914169313,0.22370628972708487,-0.9797364289570981,-0.5684871825048438,-0.5684871824797176,-0.4205024653128363,0.42050246533142177,-4.419292462781269e-12,-0.030732314546978418,-0.09516052144973555,0.2065474537053722,2.0065074990934592e-09,-6.142285495516564e-10,0.1,-0.0,1
13,710,world,7.1000000000000005,0.6996751945733247,3.957499914169313,0.22339975352903554,-0.9806882878385936,-0.5680526108566544,-0.5680526108295773,-0.42108933886512445,0.4210893388851963,-4.766060018966971e-12,-0.030574523440707553,-0.0952113360707307,0.2065474537053584,1.2133386263157822e-09,-3.686858997220738e-10,0.1,-0.0,1
13,711,world,7.11,0.7006751945733247,3.957499914169313,0.223094807295659,-0.9816406572831613,-0.5676174333593559,-0.567617433319872,-0.4216757633023035,0.42167576333163553,-6.955147455349933e-12,-0.030414320645172806,-0.0952626322315976,0.2065474537053556,1.1185643704312508e-09,-3.373692614878687e-10,0.1,-0.0,1
13,712,world,7.12,0.7016751945733247,3.957499914169312,0.22279147517293962,-0.9825935420509156,-0.5671816504660563,-0.5671816504257675,-0.4222617380071107,0.4222617380371053,-7.1023630920545916e-12,-0.030251700720017472,-0.09531439872100382,0.2065474537053722,-6.734489980157435e-09,2.015991586024797e-09,0.1,-0.0,1
13,713,world,7.13,0.7026751945733247,3.957499914169313,0.22248978135775924,-0.9835469467877188,-0.5667452626066631,-0.5667452626469216,-0.4228472623806251,0.4228472623505882,7.102468340498105e-12,-0.03008665822849692,-0.09536662412312612,0.20654745370535554,-6.809307962984806e-09,2.0230803650773677e-09,0.1,-0.0,1
13,714,world,7.140000000000001,0.7036751945733247,3.957499914169313,0.22218975010274447,-0.9845008760247012,-0.5663082703275688,-0.5663082703677973,-0.42343233573801614,0.4234323357079371,7.1025882902520704e-12,-0.029919187718791887,-0.09541929682327205,0.20654745370535277,-1.5820689349904165e-13,5.5511190701418124e-14,0.1,-0.0,1
13,715,world,7.15,0.7046751945733247,3.9574999141693126,0.2218914057153835,-0.9854553341759362,-0.5658706740545572,-0.5658706740947554,-0.4240169574852709,0.4240169574551496,7.1027220288889575e-12,-0.0297492837346367,-0.0954724050041481,0.20654745370535832,2.5283015894486493e-09,-7.398115162754746e-10,0.1,-0.0,1
13,716,world,7.16,0.7056751945733247,3.957499914169313,0.22159477255767493,-0.9864103255362869,-0.565432474269241,-0.5654324742796168,-0.42460112698767716,0.42460112697988583,1.834684013403738e-12,-0.02957694083184764,-0.0955259366404192,0.20654745370535832,4.2949924180333776e-09,-1.2471615948101557e-09,0.1,-0.0,1
13,717,world,7.17,0.7066751945733247,3.957499914169313,0.22129987504603957,-0.9873658542793348,-0.5649936714195619,-0.5649936714091603,-0.42518484363673276,0.42518484364456033,-1.8406855276285685e-12,-0.029402153572127276,-0.09557987950045262,0.20654745370537497,6.651345318724849e-09,-1.91649610337111e-09,0.1,-0.0,1
13,718,world,7.18,0.7076751945733247,3.957499914169313,0.22100673765116893,-0.9883219244552854,-0.5645542659963546,-0.5645542659285581,-0.4257681067926797,0.42576810684380967,-1.2006917135874048e-11,-0.02922491654335916,-0.09563422113989162,0.20654745370537497,-1.0843778036377822e-09,3.100244489483501e-10,0.1,-0.0,1
13,719,world,7.19,0.7086751945733247,3.9574999141693126,0.22071538489780584,-0.9892785399888574,-0.5641142583861913,-0.5641142583885305,-0.42635091589538265,0.4263509158936147,4.146062790002263e-13,-0.029045224346224904,-0.09568894890569896,0.20654745370534458,-5.674686980643326e-09,1.6097107324002322e-09,0.1,-0.0,1
13,720,world,7.2,0.7096751945733246,3.9574999141693126,0.22042584136499344,-0.9902357046773038,-0.56367364915896,-0.5636736491577666,-0.4269332702473638,0.42693327024826766,-2.1166348405675647e-13,-0.02886307162942181,-0.09574404992538632,0.20654745370535554,-2.8463418543342846e-09,8.010681152144896e-10,0.1,-0.0,1
13,721,world,7.21,0.7106751945733247,3.957499914169313,0.2201381316850344,-0.9911934221880511,-0.5632324387275712,-0.5632324387632154,-0.42751516927061595,0.4275151692435606,6.327422138871093e-12,-0.028678453063683985,-0.09579951111500556,0.20654745370537217,1.1282288687323673e-09,-3.1501212943287247e-10,0.1,-0.0,1
13,722,world,7.22,0.7116751945733246,3.9574999141693126,0.21985228054179148,-0.99215169605614,-0.5627906276262106,-0.5627906276118343,-0.42809661229622614,0.42809661230716173,-2.5540149961180006e-12,-0.0284913633792933,-0.09585531916794741,0.20654745370536942,4.5052604817317444e-10,-1.2479193225632303e-10,0.1,-0.0,1
13,723,world,7.23,0.7126751945733247,3.9574999141693126,0.2195683126726514,-0.993110529682775,-0.5623482162352974,-0.5623482162656278,-0.42867759877305744,0.42867759874993655,5.392595819099034e-12,-0.028301797351744352,-0.09591146055952228,0.20654745370535554,-2.293999955736104e-10,6.303295704146029e-11,0.1,-0.0,1
13,724,world,7.24,0.7136751945733246,3.957499914169312,0.2192862528669242,-0.9940699263327957,-0.561905205117406,-0.561905205105726,-0.42925812801238694,0.42925812802130975,-2.0782903728593154e-12,-0.02810974982200188,-0.09596792154123412,0.20654745370536381,9.457696911277829e-09,-2.5776066290296487e-09,0.1,-0.0,1
13,725,world,7.25,0.7146751945733247,3.9574999141693126,0.21900612596520125,-0.9950298891324441,-0.5614615947147211,-0.5614615946349275,-0.4298381994180433,0.4298381994791308,-1.4209215078773613e-11,-0.02791521569429046,-0.09602468814185881,0.2065474537053611,-1.0036634221341063e-08,2.713139976686697e-09,0.1,-0.0,1
13,726,world,7.26,0.7156751945733246,3.957499914169313,0.2187279568586379,-0.9959904210671154,-0.5610173853608713,-0.5610173854658662,-0.43041781247831634,0.43041781239776333,1.8711733586451643e-11,-0.02771818994644042,-0.09608174616488321,0.20654745370535554,-6.297897240850316e-09,1.688514418719921e-09,0.1,-0.0,1
13,727,world,7.2700000000000005,0.7166751945733247,3.9574999141693126,0.21845177048815895,-0.9969515249790925,-0.5605725778042514,-0.5605725777976863,-0.4309969663644992,0.4309969663695467,-1.1709272498475847e-12,-0.027518667651975273,-0.09613908118273302,0.20654745370536387,1.2477278089553102e-08,-3.3176540678656045e-09,0.1,-0.0,1
13,728,world,7.28,0.7176751945733246,3.9574999141693126,0.21817759184358734,-0.9979132035652607,-0.5601271723319354,-0.5601271722921297,-0.43157566060250674,0.4315756606331768,-7.105275914104675e-12,-0.02731664396221871,-0.09619667854266789,0.20654745370536945,1.0781661013982937e-10,-2.8427280758196227e-11,0.1,-0.0,1
13,729,world,7.29,0.7186751945733247,3.9574999141693126,0.217905445962692,-0.9988754593748127,-0.5596811694255067,-0.559681169417704,-0.43215389457028,0.4321538945763048,-1.3938963585034828e-12,-0.027112114131541926,-0.09625452336029848,0.20654745370535835,-4.059952485484503e-09,1.061582133176245e-09,0.1,-0.0,1
13,730,world,7.3,0.7196751945733246,3.9574999141693135,0.21763535793015645,-0.9998382948069351,-0.5592345696017731,-0.5592345696089668,-0.43273166761944454,0.4327316676138781,1.286126889585296e-12,-0.026905073522550296,-0.09631260051907105,0.2065474537053611,-1.5314233001539777e-09,3.970437914918932e-10,0.1,-0.0,1
13,731,world,7.3100000000000005,0.7206751945733247,3.9574999141693126,0.2173673528764636,-1.0008017121084833,-0.5587873733347004,-0.5587873733445907,-0.433308979135562,0.43330897912789246,1.7696768806349423e-12,-0.026695517612614718,-0.09637089466947257,0.20654745370536107,-2.8188638149370822e-09,7.24640307856777e-10,0.1,-0.0,1
13,732,world,7.32,0.7216751945733246,3.9574999141693135,0.21710145597670033,-1.0017657133716429,-0.5583395810815462,-0.5583395811212295,-0.4338858285181794,0.43388582848734153,7.1061560366244825e-12,-0.026483442005555653,-0.09642939022693431,0.2065474537053611,1.924839435333533e-09,-4.905718211451774e-10,0.1,-0.0,1
13,733,world,7.33,0.7226751945733247,3.9574999141693126,0.21683769244927292,-1.0027303005315826,-0.5578911933743321,-0.5578911933620431,-0.4344622151097396,0.4344622151193098,-2.2024044838769022e-12,-0.026268842435873865,-0.09648807137195371,0.20654745370536387,3.445413073264919e-09,-8.705431459368495e-10,0.1,-0.0,1
13,734,world,7.34,0.7236751945733246,3.957499914169313,0.21657608755454058,-1.003695475364094,-0.5574422106182714,-0.5574422106182714,-0.4350381383522769,0.4350381383522769,-0.0,-0.026051714775456605,-0.09654692204963479,0.20654745370535835,-1.782103510682977e-09,4.463710355491734e-10,0.1,-0.0,1
13,735,world,7.3500000000000005,0.7246751945733247,3.9574999141693126,0.21631666659335913,-1.004661239483222,-0.5569926333264016,-0.5569926333345979,-0.43561359760497353,0.4356135975985634,1.4712812214004903e-12,-0.025832055054695185,-0.09660592596549758,0.2065474537053611,9.821511704015856e-10,-2.4384955851318953e-10,0.1,-0.0,1
13,736,world,7.36,0.7256751945733246,3.957499914169312,0.21605945490553724,-1.00562759433889,-0.5565424619899999,-0.5565424619787358,-0.4361885922448313,0.43618859225365947,-2.0236095480204104e-12,-0.025609859454130576,-0.09666506658943386,0.20654745370535832,6.4186007739114774e-09,-1.579540400253967e-09,0.1,-0.0,1
13,737,world,7.37,0.7266751945733247,3.9574999141693135,0.21580447786820242,-1.0065945412145159,-0.5560916970926708,-0.5560916970273375,-0.4367631216557927,0.43676312170710646,-1.1746873075868096e-11,-0.02538512433047842,-0.09672432715054757,0.2065474537053611,5.88371436922936e-09,-1.43501979082236e-09,0.1,-0.0,1
13,738,world,7.38,0.7276751945733246,3.9574999141693135,0.21555176089432718,-1.0075620812246902,-0.5556403390774436,-0.5556403389988966,-0.43733718525470683,0.43733718531653015,-1.4134221760848632e-11,-0.0251578462080075,-0.0967836906414208,0.20654745370534722,5.131815291178651e-10,-1.24048082300924e-10,0.1,-0.0,1
13,739,world,7.390000000000001,0.7286751945733247,3.957499914169313,0.21530132943189126,-1.0085302153130324,-0.5551883884358049,-0.5551883883647153,-0.4379107824214507,0.4379107824775233,-1.2802755095908565e-11,-0.02492802180518771,-0.0968431398132056,0.2065474537053722,-4.758952174356296e-09,1.1398834432201304e-09,0.1,-0.0,1
13,740,world,7.4,0.7296751945733246,3.9574999141693126,0.21505320895771513,-1.009498944248696,-0.5547358456403634,-0.5547358456162369,-0.43848391255175223,0.4384839125708227,-4.3485957347438744e-12,-0.02469564803421853,-0.0969026571780671,0.2065474537053722,-1.7511143884739102e-09,4.156178359005876e-10,0.1,-0.0,1
13,741,world,7.41,0.7306751945733247,3.9574999141693135,0.21480742498000635,-1.0104682686251596,-0.5542827112304592,-0.5542827111794372,-0.43905657498954204,0.4390565750299575,-9.203864001456078e-12,-0.02446072201577209,-0.09696222500782005,0.20654745370534167,1.3431348924138375e-09,-3.158586750910691e-10,0.1,-0.0,1
13,742,world,7.42,0.7316751945733246,3.9574999141693135,0.2145640030347253,-1.0114381888574306,-0.5538289856331782,-0.5538289855938079,-0.43962876916847715,0.43962876919972915,-7.107839913699081e-12,-0.024223241079925878,-0.09702182533628088,0.20654745370535835,-7.944164867886922e-09,1.8508652226048238e-09,0.1,-0.0,1
13,743,world,7.43,0.7326751945733248,3.957499914169313,0.21432296868338546,-1.01240870517965,-0.5533746693181846,-0.5533746693575228,-0.44020049448972254,0.4402004944584297,7.107934040578153e-12,-0.023983202786228085,-0.09708143995694885,0.20654745370535832,-5.633519881618997e-09,1.3002608242755973e-09,0.1,-0.0,1
13,744,world,7.44,0.7336751945733246,3.9574999141693135,0.21408434751075445,-1.0133798176427053,-0.5529197628502649,-0.5529197628748947,-0.4407717502797143,0.44077175026008014,4.45399834852059e-12,-0.023740604930139457,-0.09714105042437537,0.2065474537053724,2.5787668129153805e-09,-5.895954586779186e-10,0.1,-0.0,1
13,745,world,7.45,0.7346751945733248,3.9574999141693135,0.213848165122456,-1.0143515261118463,-0.5524642666678274,-0.5524642666778721,-0.441342535966308,0.44134253595828365,1.8179801279516878e-12,-0.023495445547425994,-0.09720063805617708,0.20654745370537217,-6.3401856659266535e-09,1.4357913963731094e-09,0.1,-0.0,1
13,746,world,7.46,0.7356751945733246,3.957499914169313,0.2136144471424721,-1.0153238302643066,-0.5520081812062925,-0.5520081813026507,-0.4419128509810726,0.4419128509039325,1.7454241280817182e-11,-0.023247722929935877,-0.09726018393244451,0.20654745370534444,-2.4741809540743022e-09,5.549398223230069e-10,0.1,-0.0,1
13,747,world,7.47,0.7366751945733248,3.957499914169313,0.2133832192105421,-1.0162967295869383,-0.5515515070748819,-0.5515515071128808,-0.4424826946174924,0.4424826945870078,6.88881696581049e-12,-0.022997435643223204,-0.09731966889501735,0.20654745370535277,1.4364267219506872e-08,-3.1906083812668038e-09,0.1,-0.0,1
13,748,world,7.48,0.7376751945733246,3.9574999141693126,0.21315450698206997,-1.017270223374464,-0.5510942447111337,-0.5510942446451526,-0.44305206630725136,0.44305206636029687,-1.1971736792478546e-11,-0.022744582516042014,-0.09737907355366941,0.2065474537053667,4.4944385751045035e-09,-9.885821418443453e-10,0.1,-0.0,1
13,749,world,7.49,0.7386751945733248,3.9574999141693126,0.2129283361178994,-1.0182443107253858,-0.55063639450132,-0.5506363944885766,-0.44362096552467983,0.4436209655349465,-2.3141156929635794e-12,-0.022489162666553174,-0.09743837828369944,0.20654745370536942,-2.3764257472491047e-09,5.17564137623742e-10,0.1,-0.0,1
13,750,world,7.5,0.7396751945733246,3.957499914169313,0.2127047322880009,-1.0192189905412277,-0.55017795705217,-0.5501779570130607,-0.44418939156782256,0.44418939159939774,-7.107996683624978e-12,-0.02223117551726748,-0.09749756322657735,0.20654745370536945,-1.4381783775732708e-09,3.1011881797254255e-10,0.1,-0.0,1
13,751,world,7.51,0.7406751945733248,3.9574999141693135,0.21248372116704242,-1.0201942615238822,-0.5497189327783623,-0.5497189327818155,-0.44475734389030913,0.4447573438875153,6.281321491612309e-13,-0.02197062078964815,-0.0975566082954788,0.20654745370535554,-8.464646118582023e-09,1.806925339605116e-09,0.1,-0.0,1
13,752,world,7.5200000000000005,0.7416751945733246,3.957499914169313,0.21226532843088786,-1.021170122173228,-0.5492593221989213,-0.549259322254958,-0.4453248218626886,0.44532482181725563,1.0201635811190637e-11,-0.021707498525772043,-0.0976154931747702,0.20654745370535285,3.7845142839026735e-09,-7.997053154827701e-10,0.1,-0.0,1
13,753,world,7.53,0.7426751945733248,3.9574999141693135,0.21204957975336855,-1.022146570784861,-0.5487991258828676,-0.548799125843859,-0.44589182481570155,0.4458918248473955,-7.1076289914350875e-12,-0.021441809095774686,-0.09767419732304103,0.2065474537053722,6.8196358200148035e-09,-1.4263433917157284e-09,0.1,-0.0,1
13,754,world,7.54,0.7436751945733246,3.957499914169314,0.2118365008029457,-1.0231236054478487,-0.548338344190413,-0.5483383441699482,-0.4464583522505752,0.44645835226723773,-3.732008979804277e-12,-0.02117355320761263,-0.09773269997582384,0.20654745370536665,-5.906002112295979e-09,1.2225229528173314e-09,0.1,-0.0,1
13,755,world,7.55,0.7446751945733248,3.957499914169313,0.2116261172392665,-1.0241012240425065,-0.5478769776552646,-0.5478769776824086,-0.44702440352889194,0.4470244035067445,4.95423419358296e-12,-0.02090273192150658,-0.09779098014754548,0.2065474537053528,1.3881322635964074e-09,-2.8434774768940916e-10,0.1,-0.0,1
13,756,world,7.5600000000000005,0.7456751945733247,3.957499914169313,0.21141845470961035,-1.0250794242382109,-0.5474150268393716,-0.547415026803428,-0.44758997798986955,0.4475899780192586,-6.565867545214877e-12,-0.020629346655132625,-0.09784901663574536,0.21164221852159093,8.801177473616974e-09,-1.7834608226256846e-09,0.1,-0.0,1
13,757,world,7.57,0.7466751945733248,3.9574999141693135,0.21121353804676937,-1.0260582033249366,-0.5469296590091969,-0.5469296589380649,-0.4481829404482769,0.4481829405065662,-1.3005369487372456e-11,-0.0203538531919294,-0.0979066936437003,0.22129166545449075,2.6408063972866903e-10,-5.292715033880908e-11,0.1,-0.0,1
13,758,world,7.58,0.7476751945733247,3.957499914169313,0.21101137589346647,-1.02703755505233,-0.546423207987294,-0.5464232079484721,-0.44880026490609065,0.4488002649379766,-7.104560186307213e-12,-0.020078693891139525,-0.09796349346376904,0.22584634757116737,-8.924774068433295e-09,1.7678956672996418e-09,0.1,-0.0,1
13,759,world,7.59,0.7486751945733248,3.9574999141693135,0.2108119618395522,-1.0280174700391358,-0.5459160601686639,-0.5459160601970006,-0.44941701708428694,0.44941701706095916,5.1905901229078285e-12,-0.01980423367371221,-0.09801934670562239,0.22584634757117575,-4.162901343170872e-09,8.148710861136372e-10,0.1,-0.0,1
13,760,world,7.6000000000000005,0.7496751945733247,3.9574999141693135,0.2106152888841596,-1.0289979388550348,-0.545408216261414,-0.5454082162689357,-0.45003319614583254,0.45003319613962617,1.379069890687963e-12,-0.01953047451499272,-0.09807426046226003,0.2258463475711702,-2.5614449020994486e-09,4.953847102764693e-10,0.1,-0.0,1
13,761,world,7.61,0.7506751945733248,3.957499914169313,0.21042135000723924,-1.0299789521405702,-0.5448996768341374,-0.5448996768908533,-0.4506488013700759,0.4506488013231702,1.0408359033235602e-11,-0.019257418277793915,-0.09812824181281396,0.22584634757116462,4.542314833264341e-10,-8.678620761271306e-11,0.1,-0.0,1
13,762,world,7.62,0.7516751945733247,3.957499914169314,0.21023013817065328,-1.0309605006070013,-0.5443904426220287,-0.5443904426245013,-0.4512638319003313,0.45126383189828173,4.541803869581596e-13,-0.01898506671471918,-0.09818129782111083,0.2258463475711563,5.4208988973666526e-09,-1.0230131001562674e-09,0.1,-0.0,1
13,763,world,7.63,0.7526751945733248,3.9574999141693135,0.21004164631925723,-1.031942575036139,-0.54388051419854,-0.5438805141951425,-0.4518782870151034,0.4518782870179262,-6.246755847418789e-13,-0.01871342146950655,-0.09823343553446867,0.22584634757115074,1.7187238477375713e-09,-3.203412482928643e-10,0.1,-0.0,1
13,764,world,7.640000000000001,0.7536751945733247,3.9574999141693135,0.2098558673819682,-1.032925166280174,-0.543369892241732,-0.5433698922252003,-0.4524921659078333,0.4524921659216001,-3.042407805391125e-12,-0.018442484081960513,-0.09828466198185064,0.22584634757118127,-5.208096718216508e-09,9.585090875900832e-10,0.1,-0.0,1
13,765,world,7.65,0.7546751945733248,3.9574999141693135,0.20967279427281782,-1.0339082652614904,-0.5428585773572149,-0.5428585774113185,-0.4531054678336952,0.45310546778853666,9.966408500537614e-12,-0.018172255985658324,-0.09833498417344513,0.2258463475711785,1.4591035238384427e-09,-2.6513258590241794e-10,0.1,-0.0,1
13,766,world,7.66,0.7556751945733247,3.957499914169313,0.2094924198919926,-1.0348918629724715,-0.5423465703175466,-0.54234657028496,-0.45371819191002105,0.45371819193728236,-6.008414529502826e-12,-0.017902738515450965,-0.09838440909843078,0.22584634757116462,8.400032260871433e-09,-1.506765438803439e-09,0.1,-0.0,1
13,767,world,7.67,0.7566751945733248,3.9574999141693135,0.20931473712698728,-1.0358759504753157,-0.541833871656559,-0.5418338716180794,-0.45433033745486767,0.4543303374871331,-7.101739220096247e-12,-0.017633932898449892,-0.0984329437258328,0.2258463475711674,1.1612276575468992e-09,-2.0558849891522547e-10,0.1,-0.0,1
13,768,world,7.68,0.7576751945733247,3.957499914169313,0.20913973885764398,-1.0368605189025257,-0.5413204820688854,-0.5413204820235931,-0.45494190365354326,0.45494190369160825,-8.366990412311023e-12,-0.017365840263967574,-0.09848059500189042,0.2258463475711619,-3.497888288316848e-09,6.111422123455436e-10,0.1,-0.0,1
13,769,world,7.69,0.7586751945733248,3.957499914169313,0.20896741794466012,-1.0378455594544558,-0.5408064021826694,-0.5408064021826694,-0.45555288974853053,0.45555288974853053,-0.0,-0.017098461641016523,-0.09852736984975641,0.22584634757116537,-5.632704650505282e-09,9.710407406338418e-10,0.1,-0.0,1
13,770,world,7.7,0.7596751945733247,3.9574999141693135,0.20879776724295968,-1.038831063401308,-0.5402916326938672,-0.5402916327104248,-0.4561632949267469,0.45616329491276747,3.0645622185597156e-12,-0.01683179796533502,-0.09857327516753284,0.2258463475711702,2.748267840388169e-09,-4.67398739592096e-10,0.1,-0.0,1
13,771,world,7.71,0.7606751945733248,3.9574999141693135,0.20863077959861284,-1.0398170220821448,-0.539776174276132,-0.539776174246037,-0.4567731183951554,0.45677311842062246,-5.575439823352093e-12,-0.0165658500690098,-0.09861831782935201,0.22584634757116462,4.954812997617232e-09,-8.311497450508431e-10,0.1,-0.0,1
13,772,world,7.72,0.7616751945733247,3.957499914169313,0.20846644785021862,-1.040803426904704,-0.5392600275356089,-0.5392600274979497,-0.45738235941933,0.45738235945127126,-6.983496773309085e-12,-0.01630061869528404,-0.09866250468212814,0.2258463475711702,-6.085195857761034e-09,1.0066345210619021e-09,0.1,-0.0,1
13,773,world,7.73,0.7626751945733248,3.957499914169313,0.20830476483448906,-1.0417902693458807,-0.5387431931091915,-0.5387431931456123,-0.4579910172405909,0.45799101720962915,6.7603332505341135e-12,-0.01603610448962818,-0.09870584254641529,0.22584634757116462,-8.62536886862523e-09,1.406839730524275e-09,0.1,-0.0,1
13,774,world,7.74,0.7636751945733247,3.9574999141693135,0.20814572337103698,-1.042777540948804,-0.5382256717237573,-0.5382256717802452,-0.45859909102524365,0.4585990909771129,1.0495170909634812e-11,-0.015772308009409496,-0.09874833821415081,0.2258463475711674,5.408908478507534e-09,-8.696717411956828e-10,0.1,-0.0,1
13,775,world,7.75,0.7646751945733248,3.9574999141693135,0.20798931627994593,-1.0437652333253225,-0.5377074640617842,-0.5377074640392198,-0.45920657997847675,0.459206579997747,-4.196412570069326e-12,-0.015509229719528866,-0.09878999844876446,0.2258463475711674,5.475194400543059e-09,-8.676677869326544e-10,0.1,-0.0,1
13,776,world,7.76,0.7656751945733247,3.957499914169313,0.2078355363792311,-1.044753338155103,-0.5371885706852938,-0.5371885706821145,-0.4598134834099016,0.4598134834126229,-5.918343159464252e-13,-0.015246869992707014,-0.09883082998450177,0.22584634757116184,-6.38656060287339e-09,9.972975374873475e-10,0.1,-0.0,1
13,777,world,7.7700000000000005,0.7666751945733248,3.9574999141693135,0.20768437648488638,-1.0457418471851734,-0.536668992289852,-0.5366689923367112,-0.46041980051682885,0.46041980047662734,8.731464923799396e-12,-0.014985229116637262,-0.0988708395247147,0.2258463475711785,3.215405677347682e-09,-4.946602891370642e-10,0.1,-0.0,1
13,778,world,7.78,0.7676751945733247,3.957499914169314,0.20753582940177207,-1.046730752228113,-0.5361487296208112,-0.5361487295827537,-0.46102553045499306,0.46102553048771805,-7.098278045830694e-12,-0.014724307293142058,-0.09891003374146186,0.2258463475711674,-2.397559190998634e-09,3.632985891916093e-10,0.1,-0.0,1
13,779,world,7.79,0.7686751945733248,3.9574999141693135,0.20738988793915886,-1.0477200451640007,-0.5356277831762543,-0.5356277832489996,-0.4616306725940873,0.4616306725313916,1.3581278798177706e-11,-0.014464104633935125,-0.09894841927559317,0.22584634757115635,-7.927923396093246e-09,1.1830296807270794e-09,0.1,-0.0,1
13,780,world,7.8,0.7696751945733247,3.9574999141693135,0.20724654491205408,-1.0487097179400784,-0.5351061537862064,-0.5351061538340081,-0.46223522601987005,0.4622352259785782,8.933041240144794e-12,-0.014204621174314118,-0.09898600273419586,0.22584634757117017,8.302024464497744e-09,-1.2196809494851024e-09,0.1,-0.0,1
13,781,world,7.8100000000000005,0.7706751945733248,3.957499914169314,0.2071057931207201,-1.0496997625673345,-0.5345838420679423,-0.5345838420508306,-0.46283919000249746,0.4628391900173126,-3.2009127541286744e-12,-0.013945856857807835,-0.09902279069235292,0.22584634757117575,7.279566476325697e-09,-1.0526977135123493e-09,0.1,-0.0,1
13,782,world,7.82,0.7716751945733247,3.9574999141693135,0.20696762537633787,-1.0506901711237968,-0.5340608486419255,-0.5340608486110703,-0.46344256381124094,0.46344256383801613,-5.777410444357269e-12,-0.013687811552774903,-0.09905878969024265,0.22584634757116184,-1.965954072148944e-09,2.7976811336633746e-10,0.1,-0.0,1
13,783,world,7.83,0.7726751945733248,3.9574999141693135,0.2068320344943416,-1.0516809357530459,-0.5335371741762883,-0.5335371741803998,-0.4640453466757821,0.4640453466722063,7.705689384620783e-13,-0.013430485043615875,-0.0990940062339454,0.22584634757116945,6.532363541088106e-10,-9.145192384006664e-11,0.1,-0.0,1
13,784,world,7.84,0.7736751945733247,3.957499914169314,0.20669901328088958,-1.0526720486619265,-0.5330128194016087,-0.5330128193637825,-0.46464753777286755,0.46464753780584206,-7.096591678738425e-12,-0.013173877040299703,-0.09912844679367808,0.22584634757117295,-1.2451300584015974e-09,1.7144911188579057e-10,0.1,-0.0,1
13,785,world,7.8500000000000005,0.7746751945733248,3.9574999141693135,0.20656855455912265,-1.0536635021236678,-0.5324877848994469,-0.5324877849169357,-0.46524913641045795,0.4652491363951776,3.284301920295638e-12,-0.01291798717032616,-0.0991621178044685,0.22584634757116465,-2.442492730561197e-13,3.60822789741995e-14,0.1,-0.0,1
13,786,world,7.86,0.7756751945733247,3.957499914169314,0.20644065114645407,-1.0546552884743443,-0.5319620714432107,-0.5319620714054618,-0.4658501417307175,0.46585014176377504,-7.096083939737666e-12,-0.012662814989710234,-0.09919502566427599,0.22584634757117295,-1.5021163759356096e-09,1.9992358111627617e-10,0.1,-0.0,1
13,787,world,7.87,0.7766751945733248,3.9574999141693135,0.20631529586758157,-1.0556474001141705,-0.531435679584721,-0.5314356796182815,-0.466450553070988,0.4664505530415313,6.31495818413375e-12,-0.012408359973886498,-0.09922717673479607,0.2258463475711702,-1.2630851555311435e-09,1.6520132650341187e-10,0.1,-0.0,1
13,788,world,7.88,0.7776751945733247,3.9574999141693135,0.2061924815588094,-1.0566398295075337,-0.5309086101229967,-0.5309086100988484,-0.46705036955361307,0.46705036957485674,-4.548393993873403e-12,-0.01215462153097214,-0.0992585773393858,0.22584634757115907,6.630396317501266e-09,-8.520413845769047e-10,0.1,-0.0,1
13,789,world,7.890000000000001,0.7786751945733248,3.957499914169314,0.2060722010495106,-1.05763256918023,-0.5303808636434088,-0.5303808636059916,-0.46764959048981186,0.46764959052280336,-7.054614716829558e-12,-0.011901598989481928,-0.09928923376425847,0.22584634757116184,-5.433796924319968e-09,6.857908964233201e-10,0.1,-0.0,1
13,790,world,7.9,0.7796751945733247,3.9574999141693143,0.20595444719513556,-1.058625611723038,-0.5298524407988282,-0.5298524408327668,-0.46824821513336906,0.46824821510337633,6.405172130445111e-12,-0.011649291614360983,-0.09931915225616648,0.22584634757117295,-7.021250665589481e-09,8.700353395453459e-10,0.1,-0.0,1
13,791,world,7.91,0.7806751945733248,3.9574999141693135,0.2058392128369289,-1.059618949786384,-0.5293233423392624,-0.5293233423768184,-0.4688462426537181,0.4688462426204528,7.094966341616622e-12,-0.011397698592387703,-0.09934833902384622,0.22584634757117575,4.0802673732001127e-10,-4.96186847093665e-11,0.1,-0.0,1
13,792,world,7.92,0.7816751945733247,3.9574999141693143,0.20572649084491645,-1.0606125760849778,-0.5287935689113543,-0.5287935689408781,-0.4694436723129676,0.4694436722867575,5.583082492949098e-12,-0.011146819049030487,-0.09937680023570981,0.22584634757116184,2.6595748231096653e-09,-3.173686236173744e-10,0.1,-0.0,1
13,793,world,7.930000000000001,0.7826751945733248,3.9574999141693135,0.20561627408125804,-1.0616064833930603,-0.5282631211909821,-0.5282631212001645,-0.47004050334896835,0.4700405033407979,1.7381851747018857e-12,-0.010896652036319454,-0.09940454202097294,0.2258463475711702,6.295949673689413e-09,-7.368889545706288e-10,0.1,-0.0,1
13,794,world,7.94,0.7836751945733247,3.9574999141693135,0.20550855543240257,-1.0626006645475932,-0.5277319998615395,-0.527731999824099,-0.4706367349943948,0.47063673502778464,-7.094416698403397e-12,-0.010647196543316062,-0.09943157046817676,0.22584634757117372,1.3248358126556411e-09,-1.520257435579911e-10,0.1,-0.0,1
13,795,world,7.95,0.7846751945733247,3.9574999141693135,0.20540332778236897,-1.0635951124448066,-0.5272002055475696,-0.5272002055426729,-0.4712323665360003,0.47123236654037726,-9.287996049021137e-13,-0.01039845148924436,-0.09945789162568164,0.22584634757116184,-4.8489697955863e-09,5.453364621763668e-10,0.1,-0.0,1
13,796,world,7.96,0.7856751945733247,3.957499914169314,0.20530058403830434,-1.0645898200424948,-0.5266677389735878,-0.5266677389876206,-0.4718273971729385,0.4718273971603668,2.6643797599644086e-12,-0.010150415737171549,-0.09948351149995954,0.22584634757115907,-6.845363433389864e-11,7.53564518576551e-12,0.1,-0.0,1
13,797,world,7.97,0.7866751945733247,3.957499914169314,0.20520031710715728,-1.0655847803570693,-0.5261346008303317,-0.5261346008261695,-0.47242182613585076,0.472421826139588,-7.910542492019982e-13,-0.009903088079032705,-0.09950843605694405,0.2258463475711674,4.196938034483225e-09,-4.528242744464404e-10,0.1,-0.0,1
13,798,world,7.98,0.7876751945733247,3.9574999141693135,0.20510251992072887,-1.0665799864656613,-0.5256007917830836,-0.5256007917527138,-0.47301565267972884,0.4730156527070602,-5.777910395910168e-12,-0.009656467250001017,-0.09953267122030664,0.2258463475711785,-3.678296907627924e-09,3.884534887564685e-10,0.1,-0.0,1
13,799,world,7.99,0.7886751945733247,3.957499914169315,0.20500718541010723,-1.0675754315030717,-0.5250663124628991,-0.5250663124975871,-0.47360887609209595,0.47360887606080737,6.6061638380753295e-12,-0.00941055191901945,-0.09955622287220142,0.2258463475711785,-1.5336661655586655e-09,1.584789203745264e-10,0.1,-0.0,1
13,800,world,8.0,0.7896751945733247,3.957499914169313,0.2049143065353764,-1.0685711086642002,-0.5245311636538991,-0.5245311636397659,-0.47420149552404506,0.4742014955368223,-2.6943649202206618e-12,-0.009165340705538176,-0.09957909685145476,0.2258463475711674,3.2864738891272495e-09,-3.3207909119916346e-10,0.1,-0.0,1
13,801,world,8.01,0.7906751945733247,3.957499914169314,0.20482387625312273,-1.0695670112004643,-0.5239953459500696,-0.5239953459500695,-0.47479351029965333,0.47479351029965333,-0.0,-0.008920832157620818,-0.09960129895546323,0.22584634757115635,-3.2070928753840116e-09,3.167385715152865e-10,0.1,-0.0,1
13,802,world,8.02,0.7916751945733247,3.957499914169314,0.2047358875550091,-1.0705631324229004,-0.5234588600633924,-0.523458860083027,-0.47538491963811036,0.475384919620279,3.7507609631472254e-12,-0.008677024777268024,-0.09962283493765212,0.22584634757116462,-6.3449077751375575e-09,6.121719450762687e-10,0.1,-0.0,1
13,803,world,8.03,0.7926751945733247,3.9574999141693135,0.20465033342624764,-1.0715594656979164,-0.5229217066670278,-0.5229217067336935,-0.47597572279525424,0.47597572273457334,1.2748162843282947e-11,-0.008433917001339091,-0.09964371050906587,0.22584634757117295,-5.1952625291413774e-09,4.894089297663576e-10,0.1,-0.0,1
13,804,world,8.040000000000001,0.7936751945733247,3.9574999141693135,0.2045672068882108,-1.0725560044505873,-0.5223838864794246,-0.5223838865535375,-0.4765659189872459,0.4765659189196333,1.4186797720679693e-11,-0.008191507217842313,-0.09966393133676817,0.2258463475711674,9.34693950799135e-09,-8.592189825328493e-10,0.1,-0.0,1
13,805,world,8.05,0.7946751945733247,3.957499914169314,0.20448650096160131,-1.0735527421609874,-0.5218454002230978,-0.521845400191662,-0.47715550742780316,0.4771555074565468,-6.023660335881622e-12,-0.007949793755810881,-0.09968350304458642,0.225846347571159,5.9835243222915015e-09,-5.36410261470134e-10,0.1,-0.0,1
13,806,world,8.06,0.7956751945733247,3.957499914169314,0.20440820869745077,-1.074549672366318,-0.5213062484540534,-0.5213062484653784,-0.4777444874844872,0.47774448747410864,2.1723098188672708e-12,-0.0077087748961126,-0.09970243121208762,0.22584634757116462,5.328603203310571e-10,-4.655446655648063e-11,0.1,-0.0,1
13,807,world,8.07,0.7966751945733247,3.9574999141693135,0.20433232315491368,-1.0755467886585997,-0.5207664319794666,-0.5207664319425248,-0.47833285829679634,0.47833285833072803,-7.0933789683815345e-12,-0.00746844886032742,-0.09972072137535246,0.22584634757117572,9.338637808267363e-09,-7.946899899273752e-10,0.1,-0.0,1
13,808,world,8.08,0.7976751945733247,3.957499914169314,0.20425883741646916,-1.0765440846854146,-0.5202259514426809,-0.5202259513564674,-0.4789206191556141,0.4789206192349825,-1.6571472052126897e-11,-0.007228813825249297,-0.09973837902572853,0.22584634757115907,-9.790149242871126e-10,8.107965641494735e-11,0.1,-0.0,1
13,809,world,8.09,0.7986751945733247,3.957499914169314,0.20418774458180283,-1.077541554148928,-0.5196848074779802,-0.5196848074513255,-0.4795077693621177,0.4795077693867116,-5.128708081969634e-12,-0.006989867912083114,-0.09975540961056514,0.22584634757115907,-1.0282647370829661e-08,8.282465093733807e-10,0.1,-0.0,1
13,810,world,8.1,0.7996751945733247,3.957499914169314,0.2041190377669996,-1.0785391908053767,-0.5191430008357414,-0.5191430008568162,-0.48009430811214326,0.4800943080926535,4.059343897239969e-12,-0.0067516091999771655,-0.09977181853214256,0.22584634757116456,-4.705065340357428e-09,3.683029237293385e-10,0.1,-0.0,1
13,811,world,8.11,0.8006751945733247,3.957499914169314,0.20405271011399673,-1.079536988465236,-0.5186005322241691,-0.5186005322465204,-0.4806802346416747,0.4806802346209579,4.309641263322186e-12,-0.0065140357115495325,-0.09978761114862235,0.22584634757116462,2.0239355189005614e-09,-1.5381320414717027e-10,0.1,-0.0,1
13,812,world,8.120000000000001,0.8016751945733247,3.9574999141693135,0.20398875477484554,-1.080534940991676,-0.5180574023235869,-0.518057402323587,-0.48126554821401596,0.48126554821401596,-0.0,-0.006277145428201804,-0.09980279277291396,0.22584634757118957,4.095216538935115e-09,-3.0195593937554897e-10,0.1,-0.0,1
13,813,world,8.13,0.8026751945733247,3.957499914169314,0.20392716493509327,-1.0815330423016183,-0.5175136118136839,-0.5175136117934866,-0.4818502480947236,0.48185024811352906,-3.902530061074422e-12,-0.0060409362820637285,-0.09981736867317255,0.22584634757116184,-3.642295119891436e-09,2.6027535604050645e-10,0.1,-0.0,1
13,814,world,8.14,0.8036751945733247,3.9574999141693135,0.20386793378532803,-1.082531286363449,-0.5169691613498846,-0.5169691613876397,-0.48243433357367554,0.48243433353844245,7.302746687846475e-12,-0.005805406159445706,-0.09983134407250997,0.2258463475711674,1.5920778240980523e-09,-1.1015919770823108e-10,0.1,-0.0,1
13,815,world,8.15,0.8046751945733247,3.957499914169314,0.2038110545556987,-1.0835296671986558,-0.5164240517316999,-0.5164240516950621,-0.48301780380787546,0.48301780384214327,-7.094087843920717e-12,-0.005570552906413107,-0.09984472414863418,0.22584634757117017,-6.915709999589946e-09,4.628412702016624e-10,0.1,-0.0,1
13,816,world,8.16,0.8056751945733247,3.957499914169314,0.20375652047811932,-1.0845281788791188,-0.5158782834779522,-0.5158782835871406,-0.4836006582181351,0.4836006581157785,2.1164197623952844e-11,-0.005336374315985919,-0.09985751403454668,0.22584634757116465,-7.148954177558936e-09,4.622223203392589e-10,0.1,-0.0,1
13,817,world,8.17,0.8066751945733247,3.957499914169314,0.20370432482796225,-1.0855268155289992,-0.5153318575035645,-0.5153318575408397,-0.4841828958561774,0.48418289582115537,7.23276898161502e-12,-0.005102868150648595,-0.0998697188172526,0.22584634757117572,1.7715466388198465e-08,-1.105247389498389e-09,0.1,-0.0,1
13,818,world,8.18,0.8076751945733247,3.957499914169315,0.20365446088148148,-1.0865255713219442,-0.5147847744160263,-0.5147847743422358,-0.4847645160629459,0.4847645161324334,-1.4333346404256896e-11,-0.004870032120370827,-0.09988134353895406,0.22584634757115352,3.900028063044222e-09,-2.3448485325371706e-10,0.1,-0.0,1
13,819,world,8.19,0.8086751945733247,3.9574999141693143,0.2036069219595228,-1.0875244404828925,-0.514237034802448,-0.5142370347994607,-0.4853455182009553,0.48534551820377464,-5.808585743655114e-13,-0.004637863899097402,-0.09989239319614608,0.22584634757116745,-3.870415614246089e-09,2.2391274551427668e-10,0.1,-0.0,1
13,820,world,8.2,0.8096751945733247,3.9574999141693135,0.2035617013859255,-1.0885234172855223,-0.513688639503031,-0.5136886394692277,-0.48592590139583147,0.4859259014278077,-6.5800527537610565e-12,-0.0044063611192770216,-0.09990287273990937,0.2258463475711896,8.442220771672037e-09,-4.692888958983598e-10,0.1,-0.0,1
13,821,world,8.21,0.8106751945733247,3.9574999141693143,0.2035187925268844,-1.0895224960536551,-0.5131395891788283,-0.513139589089073,-0.4865056649434211,0.4865056650285179,-1.7490258327687974e-11,-0.004175521376650988,-0.09991278707569484,0.22584634757115707,-3.898051864380514e-09,2.0787278473029021e-10,0.1,-0.0,1
13,822,world,8.22,0.8116751945733247,3.957499914169313,0.20347818875730825,-1.0905216711592507,-0.5125898844414034,-0.5125898844476913,-0.4870848081885082,0.4870848081825333,1.2265802619353603e-12,-0.0039453422228689665,-0.0999221410636524,0.2258463475711563,-1.1368765601351883e-08,5.804889285770005e-10,0.1,-0.0,1
13,823,world,8.23,0.8126751945733247,3.9574999141693135,0.20343988348823902,-1.09152093702313,-0.5120395261053763,-0.5120395261323901,-0.48766333028483494,0.4876633302591072,5.2753723573075075e-12,-0.003715821176048275,-0.09993093951818742,0.22584634757116465,2.9909905554876886e-09,-1.459500428907159e-10,0.1,-0.0,1
13,824,world,8.24,0.8136751945733247,3.957499914169314,0.20340387014938374,-1.0925202881137666,-0.511488514870935,-0.5114885148465759,-0.4882412304959835,0.4882412305192356,-4.7620990605777756e-12,-0.0034869557164993147,-0.09993918720817763,0.2258463475711674,2.635011117807999e-09,-1.2261035951425099e-10,0.1,-0.0,1
13,825,world,8.25,0.8146751945733247,3.9574999141693135,0.20337014219575164,-1.0935197189471106,-0.5109368513667938,-0.5109368513667939,-0.48881850815551864,0.48881850815551864,-0.0,-0.003258743286182765,-0.09994688885700626,0.22584634757118127,-8.55927168466434e-11,3.7803126125276705e-12,0.1,-0.0,1
13,826,world,8.26,0.8156751945733247,3.9574999141693135,0.203338693115826,-1.09451922408637,-0.510384536358176,-0.5103845363347439,-0.48939516246834025,0.4893951624908087,-4.590768449950724e-12,-0.003031181296270734,-0.0999540491423391,0.2258463475711674,3.5459026993918233e-09,-1.489559742852588e-10,0.1,-0.0,1
13,827,world,8.27,0.8166751945733247,3.957499914169314,0.20330951641143913,-1.095518798140888,-0.5098315705201403,-0.5098315704839522,-0.48997119272705886,0.48997119276183726,-7.097566297303644e-12,-0.002804267117137088,-0.09996067269649472,0.22584634757115352,-5.840172203486929e-09,2.321228517608675e-10,0.1,-0.0,1
13,828,world,8.28,0.8176751945733247,3.9574999141693135,0.20328260562174028,-1.0965184357664501,-0.5092779545205993,-0.5092779545567504,-0.4905465982330171,0.49054659819819574,7.0980032126190854e-12,-0.002577998087479317,-0.09996676410618158,0.22584634757116184,-3.668457547707652e-09,1.375067896107532e-10,0.1,-0.0,1
13,829,world,8.290000000000001,0.8186751945733247,3.9574999141693135,0.2032579543092615,-1.097518131664362,-0.5087236891616761,-0.5087236891629175,-0.491121378159912,0.49112137815871365,2.4397972495972556e-13,-0.0023523715163098423,-0.09997232791252415,0.225846347571159,3.5470517811991544e-09,-1.249362787281263e-10,0.1,-0.0,1
13,830,world,8.3,0.8196751945733247,3.957499914169314,0.20323555605939228,-1.0985178805810203,-0.5081687750796919,-0.5081687750796919,-0.4916955318426288,0.4916955318426288,-0.0,-0.002127384673767924,-0.09997736861135034,0.22584634757117017,6.7507112889607744e-09,-2.225083121942039e-10,0.1,-0.0,1
13,831,world,8.31,0.8206751945733247,3.957499914169314,0.2032154044905039,-1.0995176773076896,-0.507613213032133,-0.5076132129647996,-0.4922690585007649,0.49226905856606307,-1.3263830454283084e-11,-0.0019030348026315095,-0.09998189065295762,0.2258463475711785,-0.0,-0.0,0.1,-0.0,1
13,832,world,8.32,0.8216751945733247,3.9574999141693135,0.20319749324997854,-1.1005175166799155,-0.5070570036270531,-0.5070570036270531,-0.4928419575003276,0.4928419575003276,-0.0,-0.0016793191117033968,-0.0999858984423357,0.22584634757117572,-6.242039973342037e-09,1.7751926143321933e-10,0.1,-0.0,1
13,833,world,8.33,0.8226751945733247,3.957499914169313,0.20318181600578522,-1.1015173935769302,-0.5065001476766746,-0.5065001476727462,-0.4934142280109161,0.4934142280147431,-7.755547681878515e-13,-0.001456234781543454,-0.099989396339117,0.22463286221136358,-2.6770247439436406e-09,7.010509184823259e-11,0.1,-0.0,1
13,834,world,8.34,0.8236751945733247,3.9574999141693135,0.20316836645872294,-1.1025173029214286,-0.5059486402469249,-0.5059486402740228,-0.4939797297781023,0.4939797297516453,5.355521411208642e-12,-0.0012337808284136444,-0.0999923886346728,0.1953199562158812,3.164251429971819e-09,-7.664707079716586e-11,0.1,-0.0,1
13,835,world,8.35,0.8246751945733247,3.9574999141693135,0.20315713424382809,-1.1035172396352089,-0.5055354457055086,-0.5055354456695854,-0.494402582048399,0.49440258208353116,-7.10546869054852e-12,-0.0010131293253246255,-0.09999486771314901,0.16722053558021135,2.6772624382450735e-09,-5.960790197209286e-11,0.1,-0.0,1
13,836,world,8.36,0.8256751945733247,3.9574999141693135,0.2031480945186714,-1.1045171985782953,-0.5051218977111455,-0.5051218977111456,-0.4948250887462064,0.4948250887462064,-0.0,-0.000795283907531531,-0.09999683756752722,0.16722053558018915,-2.531337431438276e-09,5.213332197531292e-11,0.1,-0.0,1
13,837,world,8.370000000000001,0.8266751945733247,3.957499914169314,0.20314121919298,-1.1055171747502834,-0.5047079966255211,-0.5047079966152139,-0.4952472495051801,0.49524724951529414,-2.042030392877811e-12,-0.0005802503949067942,-0.09999831653322576,0.16722053558020303,-1.234579680983181e-09,2.335355220679779e-11,0.1,-0.0,1
13,838,world,8.38,0.8276751945733247,3.9574999141693135,0.2031364801199488,-1.1065171633331545,-0.5042937426983307,-0.5042937427107848,-0.49566906406905903,0.49566906405681793,2.4693802788377645e-12,-0.00036803426981029064,-0.0999993227515879,0.16722053558021135,-5.586447798863313e-09,9.636462789016074e-11,0.1,-0.0,1
13,839,world,8.39,0.8286751945733247,3.957499914169313,0.20313384909956786,-1.1075171596893179,-0.5038791362302998,-0.5038791362763156,-0.49609053213208565,0.4960905320867809,9.131453738350278e-12,-0.00015864068850489664,-0.0999998741655806,0.16722053558020025,1.2346546210722686e-09,-1.923462286583179e-11,0.1,-0.0,1
13,840,world,8.4,0.8296751945733247,3.9574999141693135,0.20313329788184747,-1.1085171593596035,-0.5034641775564555,-0.5034641775564553,-0.49651165335508696,0.49651165335508696,-0.0,4.79255100718557e-05,-0.09999998851572678,0.16722053558020025,-2.542589547036845e-09,3.5368946490518693e-11,0.1,-0.0,1
13,841,world,8.41,0.8306751945733247,3.9574999141693135,0.2031347981699427,-1.1095171580612173,-0.5030488668683232,-0.5030488669398467,-0.4969324275408342,0.4969324274701803,1.4216471388559602e-11,0.0002516597934661342,-0.09999968333624039,0.167220535580203,-1.3877394595016775e-08,1.6976705737209252e-10,0.1,-0.0,1
13,842,world,8.42,0.8316751945733247,3.957499914169313,0.20313832162317721,-1.1105171516856636,-0.5026332045167692,-0.5026332046562842,-0.49735285433556947,0.49735285419751996,2.7753699627630428e-11,0.00045255792819677576,-0.09999897595136475,0.16722053558019748,9.840050031037542e-10,-1.038059011806795e-11,0.1,-0.0,1
13,843,world,8.43,0.8326751945733247,3.9574999141693135,0.20314383985996748,-1.1115171362966247,-0.5022171908635962,-0.5022171909251173,-0.4977729333747807,0.4977729333138041,1.224841824063852e-11,0.0006506159638580706,-0.09999788347193943,0.16722053558020025,1.3204110630182433e-08,-1.173589550701249e-10,0.1,-0.0,1
13,844,world,8.44,0.8336751945733247,3.9574999141693126,0.2031513244624395,-1.1125171081277954,-0.5018008261150154,-0.5018008261217777,-0.49819266444844346,0.4981926644417299,1.3474226572179294e-12,0.0008458302281478651,-0.09999642279214367,0.16722053558020855,2.5696873281391695e-09,-1.856016206404288e-11,0.1,-0.0,1
13,845,world,8.45,0.8346751945733247,3.957499914169313,0.2031607469752605,-1.113517063580726,-0.5013841105318885,-0.5013841105675387,-0.4986120472932339,0.4986120472577806,7.109493707372768e-12,0.0010381973188531158,-0.09999461058640674,0.16722053558019748,-1.52330719088479e-09,8.44325003720928e-12,0.1,-0.0,1
13,846,world,8.46,0.8356751945733247,3.9574999141693143,0.20317207890932534,-1.1145169992226156,-0.5009670444686133,-0.500967044490627,-0.49903108155334125,0.4990310815314126,4.393671416200948e-12,0.0012277140904471777,-0.09999246330655186,0.16722053558020533,9.458677142111734e-09,-3.6606845739893074e-11,0.1,-0.0,1
13,847,world,8.47,0.8366751945733247,3.9574999141693135,0.20318529174666808,-1.1155169117840487,-0.5005496282292236,-0.5005496281701232,-0.49944976692327725,0.4994497669822479,-1.1805535681295292e-11,0.0014143776481080942,-0.09998999717906054,0.167220535580203,9.308250178841833e-09,-2.0478073232915865e-11,0.1,-0.0,1
13,848,world,8.48,0.8376751945733247,3.957499914169313,0.20320035694157124,-1.1165167981567383,-0.5001318620372409,-0.5001318619661106,-0.4998681031784282,0.49986810324952097,-1.4220367480382427e-11,0.001598185333800101,-0.09998722820260009,0.16722053558018912,5.782294007237908e-10,-3.0531147406082197e-13,0.1,-0.0,1
13,849,world,8.49,0.8386751945733247,3.9574999141693135,0.20321724592445886,-1.1175166553912081,-0.4997137462100644,-0.4997137461452837,-0.5002860900011403,0.5002860900659953,-1.2961779618181202e-11,0.0017791347164575338,-0.09998417214569862,0.1672205355801947,-8.231444365417867e-09,-9.420246754203911e-12,0.1,-0.0,1
13,850,world,8.5,0.8396751945733247,3.9574999141693135,0.20323593010182492,-1.1185164806945107,-0.499295281014366,-0.49929528102555315,-0.5007037271249505,0.5007037271137318,2.2402771352174017e-12,0.001957223588047235,-0.09998084454447459,0.16722053558019748,-1.1642070515474745e-08,-3.2796003431842485e-11,0.1,-0.0,1
13,851,world,8.51,0.8406751945733247,3.9574999141693135,0.20325638085605224,-1.1195162714279492,-0.498876466795324,-0.49887646684681125,-0.5011210142051975,0.5011210141534785,1.0319189223075803e-11,0.0021324499544614884,-0.09997726070057991,0.16722053558021135,2.6217235055545544e-09,1.177392066332734e-11,0.1,-0.0,1
13,852,world,8.52,0.8416751945733247,3.9574999141693135,0.20327856955290344,-1.120516025104628,-0.4984573038812618,-0.4984573038662935,-0.5015379509143161,0.5015379509293769,-3.002499660608111e-12,0.002304812020126712,-0.09997343567944378,0.16722053558020858,1.72741346241216e-09,1.0641492650447197e-11,0.1,-0.0,1
13,853,world,8.53,0.8426751945733247,3.9574999141693135,0.20330246754175318,-1.1215157393871018,-0.4980377924540161,-0.4980377924882101,-0.501954537072631,0.5019545370381681,6.8647719867293164e-12,0.0024743081863867517,-0.09996938430839104,0.16722053558019748,-3.5304248213606342e-09,-2.7655668432200285e-11,0.1,-0.0,1
13,854,world,8.540000000000001,0.8436751945733247,3.957499914169313,0.20332804615923497,-1.1225154120849374,-0.4976179328962437,-0.49761793291643774,-0.5023707722989689,0.502370772278582,4.057557196575497e-12,0.0026409370295298034,-0.09996512117536825,0.16722053558020303,5.067493233049002e-09,4.8183701724507923e-11,0.1,-0.0,1
13,855,world,8.55,0.8446751945733247,3.957499914169314,0.20335527672228848,-1.123515041152535,-0.4971977254810991,-0.49719772546484237,-0.5027866563227776,0.5027866563392173,-3.269205352277851e-12,0.0028046973135354794,-0.0999606606269659,0.16722053558020858,9.140717446348096e-09,1.0218497480930206e-10,0.1,-0.0,1
13,856,world,8.56,0.8456751945733247,3.957499914169313,0.20338413053982068,-1.1245146246864703,-0.4967771705000883,-0.49677717042942465,-0.5032021888555456,0.5032021889271233,-1.4222414348019841e-11,0.002965587966919497,-0.09995601676742859,0.16722053558018082,-1.634715347769584e-09,-2.1027633886225347e-11,0.1,-0.0,1
13,857,world,8.57,0.8466751945733247,3.957499914169313,0.2034145789117427,-1.125514160923115,-0.49635626817569467,-0.49635626817569467,-0.5036173696793013,0.5036173696793012,-0.0,0.0031236080741489564,-0.09995120345748276,0.16722053558019748,-3.4674057575556253e-09,-5.0365290984615254e-11,0.1,-0.0,1
13,858,world,8.58,0.8476751945733247,3.9574999141693135,0.20344659313075442,-1.1265136482361808,-0.4959350189180981,-0.49593501888194996,-0.5040321983862891,0.5040321984230275,-7.287891977500509e-12,0.00327875686441637,-0.09994623431337493,0.16722053558020858,-2.1033712360118013e-09,-3.406720938747755e-11,0.1,-0.0,1
13,859,world,8.59,0.8486751945733247,3.9574999141693135,0.20348014447741483,-1.1275130851344788,-0.4955134229218029,-0.49551342294265055,-0.5044466747880241,0.5044466747668004,4.2067192830521126e-12,0.003431033724449329,-0.09994112270522927,0.16722053558020303,-4.142599306882279e-09,-7.402415466547386e-11,0.1,-0.0,1
13,860,world,8.6,0.8496751945733247,3.9574999141693135,0.20351520422987904,-1.1285124702591984,-0.4950914805645569,-0.4950914805694961,-0.5048607985103344,0.5048607985052977,9.975086930163977e-13,0.0035804381644684324,-0.09993588175700668,0.16722053558021413,1.1844253324715531e-09,2.314816085152051e-11,0.1,-0.0,1
13,861,world,8.61,0.8506751945733247,3.9574999141693135,0.20355174366390283,-1.1295118023814634,-0.4946691920948438,-0.4946691921039358,-0.5052745693110128,0.5052745693017259,1.8377589218312474e-12,0.0037269698217255475,-0.09993052434540683,0.1672205355802058,9.030314041768849e-09,1.9157462329660055e-10,0.1,-0.0,1
13,862,world,8.620000000000001,0.8516751945733247,3.9574999141693135,0.2035897340504695,-1.1305110803999827,-0.49424655786670146,-0.4942465577823483,-0.5056879868406652,0.5056879869269713,-1.706489683624924e-11,0.0038706284521301372,-0.09992506309923233,0.1672205355801947,5.687769574868679e-09,1.3017926142182436e-10,0.1,-0.0,1
13,863,world,8.63,0.8526751945733247,3.9574999141693135,0.20362914665662146,-1.1315103033385923,-0.4938235780614382,-0.49382357801432486,-0.5061010509270134,0.5061010509752981,-9.53937015656083e-12,0.004011413930489948,-0.09991951039851163,0.16722053558018915,4.8664733829685025e-09,1.1951556430053634e-10,0.1,-0.0,1
13,864,world,8.64,0.8536751945733247,3.957499914169313,0.2036699527506439,-1.132509470343615,-0.4934002531012742,-0.49340025296902856,-0.5065137611517421,0.5065137612875026,-2.6799792957685967e-11,0.004149326226857343,-0.09991387837464381,0.16722053558018915,8.218485281123414e-10,2.155499006869404e-11,0.1,-0.0,1
13,865,world,8.65,0.8546751945733247,3.957499914169313,0.2037121236038236,-1.1335085806813185,-0.4929765831398364,-0.492976583084698,-0.5069261173723564,0.5069261174290549,-1.1183543063568968e-11,0.004284365407717652,-0.09990817890970266,0.16722053558020303,-7.906257114395686e-09,-2.206513778626112e-10,0.1,-0.0,1
13,866,world,8.66,0.8556751945733247,3.957499914169313,0.2037556304836425,-1.1345076337357474,-0.49255256859245455,-0.4925525685383512,-0.5073381191782771,0.5073381192340043,-1.098310045423801e-11,0.004416531633012204,-0.0999024236359389,0.16722053558020858,-5.498021269298733e-09,-1.6263109555563464e-10,0.1,-0.0,1
13,867,world,8.67,0.8566751945733247,3.9574999141693143,0.20380044466097788,-1.1355066290059657,-0.4921282096914258,-0.4921282096905206,-0.5077497663474434,0.5077497663483773,-1.8391145378562933e-13,0.004545825145908627,-0.09989662393566073,0.16722053558021413,-5.684166899474762e-09,-1.776468689617169e-10,0.1,-0.0,1
13,868,world,8.68,0.8576751945733248,3.957499914169312,0.2038465374105984,-1.136505566103566,-0.4917035067846759,-0.4917035067865918,-0.5081610585392354,0.5081610585372555,3.89602064107392e-13,0.004672246260344832,-0.09989079094132099,0.16722053558020855,1.2007075933832162e-08,3.953839100264747e-10,0.1,-0.0,1
13,869,world,8.69,0.8586751945733248,3.9574999141693135,0.20389388001299075,-1.1375044447501033,-0.4912784602057529,-0.49127846008680903,-0.5085719954280595,0.5085719955511905,-2.4208918549997173e-11,0.004795795354224469,-0.09988493553544699,0.16722053558020025,6.772641162325563e-10,2.342571673703035e-11,0.1,-0.0,1
13,870,world,8.700000000000001,0.8596751945733248,3.957499914169314,0.20394244374721904,-1.1385032647749667,-0.49085307007242085,-0.4908530700676806,-0.5089825769123185,0.5089825769172337,-9.656355717120267e-13,0.004916472883830535,-0.09987906834959244,0.167220535580203,-1.4495555960988867e-08,-5.258629318046496e-10,0.1,-0.0,1
13,871,world,8.71,0.8606751945733248,3.9574999141693126,0.20399219990012973,-1.1395020261124766,-0.49042733684255163,-0.4904273368660875,-0.5093928025388977,0.5093928025144516,4.7986948441847805e-12,0.005034279348158402,-0.09987319976572648,0.167220535580191,3.4489871489932885e-09,1.3090645784186375e-10,0.1,-0.0,1
13,872,world,8.72,0.8616751945733248,3.9574999141693143,0.20404311976501707,-1.140500728799459,-0.4900012608159822,-0.49000126077742584,-0.509802672018488,0.5098026720586024,-7.868065996812504e-12,0.0051492152952487165,-0.0998673399157261,0.16722053558019748,1.509104656223252e-09,5.980219109194975e-11,0.1,-0.0,1
13,873,world,8.73,0.8626751945733248,3.957499914169314,0.2040951746402428,-1.1414993729728373,-0.48957484219070635,-0.48957484219941333,-0.5102121851683984,0.5102121851593243,1.7783607158108234e-12,0.005261281319477063,-0.09986149868131022,0.16722053558021413,-6.216005609494438e-09,-2.567225407434698e-10,0.1,-0.0,1
13,874,world,8.74,0.8636751945733248,3.9574999141693135,0.20414833582794725,-1.142497958867226,-0.4891480813362957,-0.48914808135866933,-0.5106213416280233,0.5106213416046677,4.573719047709378e-12,0.005370478057125668,-0.09985568569409523,0.16722053558019193,7.045958769463667e-09,3.0280791997352334e-10,0.1,-0.0,1
13,875,world,8.75,0.8646751945733248,3.957499914169314,0.20420257463859343,-1.143496486812216,-0.48872097858242786,-0.488720978522186,-0.5110301410784739,0.5110301411414656,-1.2325792260817067e-11,0.005476806169260652,-0.09984991033638613,0.16722053558020858,3.930646530471546e-09,1.7549858640787075e-10,0.1,-0.0,1
13,876,world,8.76,0.8656751945733248,3.957499914169313,0.20425786239118685,-1.144494957229874,-0.48829353411615156,-0.4882935341000616,-0.5114385833505293,0.5114385833673819,-3.294992740270145e-12,0.00558026634290292,-0.09984418174106224,0.16722053558021413,3.291093932403211e-09,1.5247255014597456e-10,0.1,-0.0,1
13,877,world,8.77,0.8666751945733248,3.9574999141693126,0.20431417040892813,-1.1454933706325,-0.4878657483598357,-0.48786574826755263,-0.5118466680293646,0.5118466681261838,-1.891492122236604e-11,0.005680859285574578,-0.09983850879183595,0.16722053558020025,-1.1979312018604618e-10,-5.750957947763848e-12,0.1,-0.0,1
13,878,world,8.78,0.8676751945733248,3.957499914169314,0.20437147002229844,-1.1464917276199829,-0.48743762147556724,-0.48743762146067476,-0.5122543949733215,0.5122543949889722,-3.0551550700556604e-12,0.005778585729253524,-0.09983290012300389,0.16722053558018915,-9.505359266495503e-09,-4.722224813710184e-10,0.1,-0.0,1
13,879,world,8.790000000000001,0.8686751945733248,3.9574999141693135,0.20442973256998032,-1.147490028877266,-0.48700915387038807,-0.48700915387096505,-0.5126617637843485,0.5126617637837411,1.184663135302918e-13,0.0058734464035123946,-0.09982736412099175,0.16722053558019748,6.436895685418587e-09,3.305690596422173e-10,0.1,-0.0,1
13,880,world,8.8,0.8696751945733248,3.957499914169313,0.20448892940025024,-1.1484882751717798,-0.4865803458596838,-0.48658034578209364,-0.5130687741607827,0.5130687742425966,-1.594565130789026e-11,0.005965442041355198,-0.09982190892409959,0.16722053558020303,3.6099501336769132e-09,1.9144694758926604e-10,0.1,-0.0,1
13,881,world,8.81,0.8706751945733248,3.957499914169314,0.2045490318643199,-1.149486467351356,-0.4861511976358097,-0.4861511976012368,-0.5134754259312955,0.5134754259678117,-7.1114403912087774e-12,0.006054573388539677,-0.0998165424219993,0.16722053558018915,-4.41062392328371e-09,-2.413015357445432e-10,0.1,-0.0,1
13,882,world,8.82,0.8716751945733248,3.9574999141693135,0.20461001132283066,-1.1504846063413712,-0.48572170958085525,-0.48572170954631283,-0.5138817187250871,0.5138817187616321,-7.111472243224392e-12,0.006140841177300194,-0.09981127225737169,0.16722053558018868,3.0717137604962775e-09,1.731893214404313e-10,0.1,-0.0,1
13,883,world,8.83,0.8726751945733247,3.957499914169314,0.2046718391444005,-1.1514826931423492,-0.4852918819884984,-0.48529188192412553,-0.5142876522649721,0.5142876523331911,-1.326464100383113e-11,0.006224246129455257,-0.09980610582584595,0.16722053558021366,-5.7873011154125875e-09,-3.3603691058676584e-10,0.1,-0.0,1
13,884,world,8.84,0.8736751945733247,3.9574999141693135,0.2047344867053029,-1.1524807288275023,-0.48486171508631865,-0.4848617151080527,-0.5146932263444801,0.5146932263214088,4.482496815756698e-12,0.006304788951975936,-0.0998010502763926,0.123003409589258,1.9008910354086647e-09,1.1272652323088171e-10,0.1,-0.0,1
13,885,world,8.85,0.8746751945733247,3.957499914169314,0.20479792752305648,-1.1534787144041583,-0.4846589236904274,-0.4846589236076806,-0.5148841886114569,0.5148841886993643,-1.7073112763724637e-11,0.006383199507587352,-0.09979606587459416,0.07271704243714147,2.2371745318348534e-09,1.3528623858840267e-10,0.1,-0.0,1
13,886,world,8.86,0.8756751945733247,3.957499914169313,0.20486214743979841,-1.1544766501496524,-0.4844873172465425,-0.4844873172465425,-0.5150456673220815,0.5150456673220813,-0.0,0.006460621297406884,-0.0997910836320134,0.0666482082248741,-8.520657033476604e-09,-5.21482895503656e-10,0.1,-0.0,1
13,887,world,8.870000000000001,0.8766751945733247,3.957499914169314,0.20492713669887627,-1.1554745360886738,-0.4843156549459403,-0.4843156549459403,-0.5152070907647573,0.5152070907647575,-0.0,0.006537068019243062,-0.09978610495310353,0.06664899252399077,-4.34919354977339e-09,-2.690847744000369e-10,0.1,-0.0,1
13,888,world,8.88,0.8776751945733247,3.957499914169314,0.20499288554981915,-1.1564723722680774,-0.48414393689578544,-0.4841439369379787,-0.5153684588425738,0.5153684587976592,8.714968567344249e-12,0.006612539635305991,-0.09978113208202996,0.06664971762383766,-5.551115534110457e-15,-5.551115534110457e-15,0.1,-0.0,1
13,889,world,8.89,0.8786751945733247,3.957499914169314,0.20505938424120151,-1.1574701587570573,-0.483972163329211,-0.483972163329211,-0.5155297713250356,0.5155297713250356,-0.0,0.0066870361170320095,-0.09977616723431258,0.06665038352055956,2.644751280613363e-09,1.67182946541052e-10,0.1,-0.0,1
13,890,world,8.9,0.8796751945733247,3.957499914169313,0.20512662302166115,-1.1584678956467993,-0.4838003343447172,-0.48380033436123887,-0.5156910281253964,0.5156910281077857,3.4149476705598346e-12,0.006760557450001575,-0.09977121259644602,0.06665099021059818,7.062462249447338e-10,4.5119467061377374e-11,0.1,-0.0,1
13,891,world,8.91,0.8806751945733247,3.957499914169314,0.20519459213974792,-1.15946558305021,-0.4836284501618635,-0.48362845015501843,-0.515852229028409,0.5158522290357103,-1.4153547077083559e-12,0.006833103628598619,-0.09976627032620211,0.06665153769072,8.967049989216928e-10,5.788148167440379e-11,0.1,-0.0,1
13,892,world,8.92,0.8816751945733247,3.957499914169313,0.20526328184374204,-1.1604632211016472,-0.48345651091215247,-0.48345651091997405,-0.5160133739130938,0.5160133739047456,1.6178374602223566e-12,0.006904674657191458,-0.09976134255250547,0.0666520259579885,-2.6736614903248085e-09,-1.7437719227390608e-10,0.1,-0.0,1
13,893,world,8.93,0.8826751945733247,3.9574999141693135,0.20533268238246968,-1.1614608099565826,-0.4832845167869846,-0.483284516806042,-0.5161744625950291,0.5161744625746747,3.943274527923595e-12,0.006975270546810981,-0.09975643137562004,0.06665245500983627,9.468224128562113e-09,6.238399148426613e-10,0.1,-0.0,1
13,894,world,8.94,0.8836751945733247,3.957499914169314,0.20540278400432976,-1.1624583497913867,-0.4831124680125967,-0.4831124679287301,-0.5163354948529236,0.5163354949425578,-1.7359515512383298e-11,0.007044891324528731,-0.09975153886645349,0.06665282484393738,4.5144058503377555e-09,3.0046523051687094e-10,0.1,-0.0,1
13,895,world,8.950000000000001,0.8846751945733247,3.957499914169313,0.20547357695871185,-1.1634558408029467,-0.48294036462191686,-0.4829403645972605,-0.5164964706724894,0.5164964706988591,-5.1054376323537095e-12,0.007113537017170205,-0.09974666706765369,0.06665313545835451,-8.660281467042651e-09,-5.821954461063915e-10,0.1,-0.0,1
13,896,world,8.96,0.8856751945733247,3.9574999141693135,0.20554505149455599,-1.1644532832084864,-0.4827682068845661,-0.4827682068845661,-0.5166573897869465,0.5166573897869466,-0.0,0.007181207666420573,-0.09974181799251376,0.06665338685142232,3.543454681148683e-09,2.405853472503085e-10,0.1,-0.0,1
13,897,world,8.97,0.8866751945733247,3.9574999141693135,0.20561719786208618,-1.165450677245158,-0.48259599499653316,-0.4825959949376145,-0.5168182520085088,0.5168182520716057,-1.220858922092751e-11,0.007247903318980876,-0.09973699362562874,0.06665357902176414,-8.326673301237122e-15,-1.1102231068316163e-14,0.1,-0.0,1
13,898,world,8.98,0.8876751945733247,3.9574999141693135,0.20569000631115625,-1.1664480231698795,-0.48242372902878966,-0.48242372902878966,-0.5169790572837134,0.5169790572837133,-0.0,0.007313624028149459,-0.09973219592275544,0.06665371196844087,-9.639581514012798e-09,-6.673939673254391e-10,0.1,-0.0,1
13,899,world,8.99,0.8886751945733247,3.9574999141693135,0.20576346709307755,-1.1674453212589155,-0.4822514092244305,-0.4822514092587505,-0.5171398053752315,0.5171398053384287,7.116555091601324e-12,0.007378369856914323,-0.09972742681055488,0.0666537856906754,-9.875123672801849e-09,-6.903089722505452e-10,0.1,-0.0,1
13,900,world,9.0,0.8896751945733247,3.9574999141693135,0.20583757045894419,-1.1684425718077198,-0.48207903572982913,-0.48207903582527334,-0.5173004961497399,0.5173004960473224,1.979829999500259e-11,0.007442140871307317,-0.09972268818705009,0.06665380018805968,2.5553699938601485e-09,1.8033353924274798e-10,0.1,-0.0,1
13,901,world,9.01,0.8906751945733247,3.957499914169313,0.20591230666138838,-1.1694397751305172,-0.4819066088041414,-0.48190660881374653,-0.5174611293533076,0.5174611293429937,1.9931444888737926e-12,0.0075049371456227965,-0.09971798192121746,0.06665375546055861,7.902934448055797e-09,5.630385463988067e-10,0.1,-0.0,1
13,902,world,9.02,0.8916751945733247,3.9574999141693135,0.20598766595302775,-1.1704369315601368,-0.48173412849871616,-0.4817341285177568,-0.5176217049554627,0.5176217049350035,3.952497894378013e-12,0.007566758759709233,-0.09971330985316035,0.06665365150841546,-7.701884145637696e-09,-5.538681035362384e-10,0.1,-0.0,1
13,903,world,9.03,0.8926751945733247,3.957499914169313,0.20606363858802848,-1.1714340414476105,-0.4815615950061074,-0.4815615950900759,-0.517782222774677,0.5177822226843929,1.743658161377388e-11,0.007627605799322413,-0.0997086737940594,0.06665348833215483,1.1613377786699102e-09,8.429924050170763e-11,0.1,-0.0,1
13,904,world,9.040000000000001,0.8936751945733247,3.957499914169312,0.20614021482077471,-1.1724311051619885,-0.4813890085974585,-0.481389008605275,-0.5179426825452302,0.5179426825368202,1.6237343186868894e-12,0.007687478353735612,-0.09970407552633366,0.06665326593264269,8.004295042143092e-09,5.863421294105737e-10,0.1,-0.0,1
13,905,world,9.05,0.8946751945733247,3.9574999141693126,0.20621738490715785,-1.1734281230899546,-0.48121636933777867,-0.48121636934444456,-0.5181030842234751,0.5181030842162981,1.385201483511406e-12,0.00774637651815891,-0.0996995168034375,0.06665298431111509,-1.0698220879726001e-09,-7.909229413057984e-11,0.1,-0.0,1
13,906,world,9.06,0.8956751945733247,3.9574999141693126,0.20629513910353492,-1.1744250956356224,-0.4810436774315025,-0.48104367744963406,-0.5182634276162834,0.5182634275967488,3.769185205187273e-12,0.007804300390759675,-0.09969499935007166,0.0666526434690292,-1.0057289080145342e-09,-7.501777532845639e-11,0.1,-0.0,1
13,907,world,9.07,0.8966751945733247,3.957499914169313,0.20637346766769057,-1.1754220232201755,-0.48087093306498957,-0.48087093308135015,-0.5184237125503453,0.5184237125327071,3.40224988203284e-12,0.007861250074211255,-0.09969052486204853,0.06665224340820579,-4.35479462537875e-09,-3.2775451448232306e-10,0.1,-0.0,1
13,908,world,9.08,0.8976751945733247,3.9574999141693126,0.20645236085812638,-1.1764189062816366,-0.4806981363824877,-0.4806981364425916,-0.5185839388981661,0.5185839388333252,1.2503380838567765e-11,0.007917225677409484,-0.099686095006139,0.0666517841307765,-2.709885294741377e-09,-2.0578540396595359e-10,0.1,-0.0,1
13,909,world,9.09,0.8986751945733247,3.957499914169313,0.2065318089346655,-1.1774157452745353,-0.4805252876112563,-0.4805252876537233,-0.5187441064431428,0.5187441063972981,8.837574065372152e-12,0.007972227306173502,-0.09968171142079525,0.06665126563921156,1.8157615645404745e-09,1.3908875082315e-10,0.1,-0.0,1
13,910,world,9.1,0.8996751945733247,3.9574999141693135,0.20661180215809374,-1.1784125406696508,-0.4803523868857377,-0.4803523869283031,-0.5189042150692055,0.5189042150232238,8.861244083534453e-12,0.008026255075832753,-0.09967737571514246,0.06665068793625414,-9.591744775832601e-10,-7.411849461160364e-11,0.1,-0.0,1
13,911,world,9.11,0.9006751945733247,3.957499914169313,0.2066923307903939,-1.1794092929537066,-0.48017943438448124,-0.48017943443615674,-0.5190642646131414,0.5190642645572812,1.0761660092627445e-11,0.008079309101503888,-0.09967308946973781,0.06665005102499716,8.696738418253723e-10,6.778467178707396e-11,0.1,-0.0,1
13,912,world,9.120000000000001,0.9016751945733247,3.957499914169313,0.20677338509474588,-1.1804060026290848,-0.4800064302996784,-0.4800064303338388,-0.5192242548973892,0.5192242548604377,7.116632971763235e-12,0.00813138950029906,-0.09966885423638834,0.06664935490882401,7.028703140301015e-09,5.525691424959779e-10,0.1,-0.0,1
13,913,world,9.13,0.9026751945733247,3.957499914169313,0.2068549553353894,-1.181402670213553,-0.4798333748089087,-0.4798333747928866,-0.5193841857605734,0.519384185777916,-3.3390673126745374e-12,0.008182496390692708,-0.09966467153819503,0.06664859959144469,-4.218606332387736e-09,-3.344658131603925e-10,0.1,-0.0,1
13,914,world,9.14,0.9036751945733247,3.957499914169313,0.20693703177798042,-1.182399296239946,-0.47966026800011197,-0.4796602680748449,-0.5195440571388242,0.5195440570578774,1.5580333095419782e-11,0.00823262989497664,-0.09966054286934393,0.06664778507688841,-6.805978507260111e-09,-5.441925091531141e-10,0.1,-0.0,1
13,915,world,9.15,0.9046751945733247,3.957499914169314,0.2070196046890886,-1.1833958812559247,-0.4794871101766936,-0.479487110226159,-0.5197038687354067,0.5197038686817924,1.0316280773579463e-11,0.00828179013403849,-0.09965646969552827,0.051559943272533694,7.470932537226097e-09,6.012246522789215e-10,0.1,-0.0,1
13,916,world,9.16,0.9056751945733247,3.9574999141693143,0.20710266362091678,-1.1843924258834226,-0.47939232766970996,-0.47939232767253925,-0.5197913005925127,0.5197913005894448,5.901838078282269e-13,0.008329637075955751,-0.09965248188671905,0.027654708964643383,4.8136911737390894e-09,3.8946624200279017e-10,0.1,-0.0,1
13,917,world,9.17,0.9066751945733247,3.957499914169314,0.2071861886369842,-1.1853889315555006,-0.4793433692741354,-0.479343369277287,-0.5198364496004353,0.5198364495970175,6.57469569227864e-13,0.008374919334889907,-0.09964868652488146,0.018836902170106064,7.015135736052004e-09,5.695444150008848e-10,0.1,-0.0,1
13,918,world,9.18,0.9076751945733247,3.9574999141693135,0.20727015307232624,-1.1863854002997998,-0.4792944066201298,-0.47929440655549105,-0.5198815939973145,0.5198815940674271,-1.3486171130123409e-11,0.008417520973737993,-0.09964509692231065,0.018836917031843176,1.0161138657288983e-08,8.268663580551424e-10,0.1,-0.0,1
13,919,world,9.19,0.9086751945733247,3.957499914169314,0.2073545301220389,-1.1873818341912872,-0.47924543965860333,-0.47924543956403876,-0.5199267338370007,0.5199267339395925,-1.973186484104531e-11,0.00845744225158171,-0.09964171651753678,0.018836930556843975,-6.798450731497037e-11,-5.562217386266051e-12,0.1,-0.0,1
13,920,world,9.200000000000001,0.9096751945733247,3.957499914169314,0.2074392929837659,-1.1883782353382302,-0.47919646838212926,-0.4791964683181573,-0.5199718691281829,0.5199718691975982,-1.3349740628000552e-11,0.00849468341848411,-0.09963854853228109,0.018836942745091827,-6.988670794546173e-09,-5.713540785417404e-10,0.1,-0.0,1
13,921,world,9.21,0.9106751945733247,3.9574999141693143,0.2075244148576217,-1.1893746058800287,-0.4791474928218533,-0.47914749279450364,-0.5200169998376987,0.5200169998673813,-5.707953304696738e-12,0.008529244717619917,-0.09963559597125393,0.01883695359653954,-5.901743018107338e-09,-4.83607601271576e-10,0.1,-0.0,1
13,922,world,9.22,0.9116751945733247,3.9574999141693135,0.20760986894609673,-1.1903709479850455,-0.47909851299293893,-0.47909851298572,-0.5200621259497158,0.520062125957552,-1.5067659791226954e-12,0.008561126380622574,-0.099632861622534,0.018836963111212093,-1.1852111029423329e-08,-9.73476860439074e-10,0.1,-0.0,1
13,923,world,9.23,0.9126751945733247,3.9574999141693126,0.2076956284539468,-1.191367263848441,-0.47904952885420354,-0.47904952894079667,-0.52010724750957,0.5201072474155551,1.807589520988884e-11,0.008590328628276958,-0.09963034805749806,0.01883697128912614,-7.508410604367988e-10,-6.180611614639502e-11,0.1,-0.0,1
13,924,world,9.24,0.9136751945733247,3.9574999141693135,0.2077816665880667,-1.1923635556900067,-0.4790005405365954,-0.4790005405365954,-0.5201523643757177,0.5201523643757178,-0.0,0.008616851667248682,-0.09962805763109424,0.018836978130240045,5.466771512274739e-09,4.5108916868800306e-10,0.1,-0.0,1
13,925,world,9.25,0.9146751945733247,3.9574999141693135,0.2078679565573507,-1.1933598257520013,-0.4789515478935065,-0.47895154792753775,-0.5201974767079731,0.5201974766710113,7.105298409877622e-12,0.008640695692118937,-0.09962599248166212,0.018836983634548266,-3.210892681852571e-09,-2.655597979456991e-10,0.1,-0.0,1
13,926,world,9.26,0.9156751945733247,3.9574999141693135,0.20795447157253957,-1.1943560762969874,-0.47890255100775836,-0.4789025510386174,-0.520242584417042,0.520242584383519,6.443646912633009e-12,0.008661860876539343,-0.09962415453169716,0.01883698780210076,9.919001789744285e-09,8.222034213241778e-10,0.1,-0.0,1
13,927,world,9.27,0.9166751945733247,3.9574999141693135,0.2080411848460565,-1.1953523096056684,-0.4788535499091497,-0.4788535498478531,-0.5202876874711779,0.5202876875377784,-1.2800594288470392e-11,0.008680347381855998,-0.09962254548710502,0.018836990632839223,2.8372526718204525e-09,2.357336562127575e-10,0.1,-0.0,1
13,928,world,9.28,0.9176751945733247,3.9574999141693143,0.2081280695918329,-1.196348527974728,-0.47880454447857856,-0.4788045444821679,-0.5203327860004325,0.5203327859965319,7.496359519460756e-13,0.008696155351104904,-0.09962116683772305,0.01883699212675813,-1.1873649356228648e-08,-9.887479782331222e-10,0.1,-0.0,1
13,929,world,9.290000000000001,0.9186751945733247,3.9574999141693135,0.20821509902512483,-1.1973447337146694,-0.4787555348063142,-0.47875553485911515,-0.5203778799073867,0.5203778798499953,1.1028701447240755e-11,0.008709284905276839,-0.09962001985765069,0.01883699228391853,-5.867759091122731e-09,-4.897304812886055e-10,0.1,-0.0,1
13,930,world,9.3,0.9196751945733247,3.957499914169314,0.20830224636232214,-1.198340929147655,-0.478706520909457,-0.4787065209694196,-0.5204229691740982,0.5204229691089103,1.2525869457804271e-11,0.008719736147845516,-0.09961910560485854,0.018836991104284332,5.0516841009307185e-09,4.2257864124702517e-10,0.1,-0.0,1
13,931,world,9.31,0.9206751945733247,3.9574999141693135,0.2083894848207502,-1.199337116605347,-0.47865750280232794,-0.47865750280658853,-0.5204680537856397,0.5204680537810067,8.901129471099018e-13,0.008727509163530236,-0.09961842492129906,0.01883698858784723,9.781323031646308e-09,8.200717931042913e-10,0.1,-0.0,1
13,932,world,9.32,0.9216751945733247,3.9574999141693135,0.20847678761846725,-1.2003332984267487,-0.4786084804486928,-0.4786084804146861,-0.5205131337820579,0.520513133819042,-7.105274927688387e-12,0.008732604014668868,-0.09961797843322756,0.018836984734620837,-5.652722767768842e-09,-4.749978216646938e-10,0.1,-0.0,1
13,933,world,9.33,0.9226751945733247,3.9574999141693135,0.2085641279740567,-1.2013294769560472,-0.4785594537957716,-0.4785594538543253,-0.5205582092214347,0.5205582091577422,1.2235344314757205e-11,0.008735020743995856,-0.099617766550962,0.018836979544600105,-9.587092287896855e-09,-8.074374550093235e-10,0.1,-0.0,1
13,934,world,9.34,0.9236751945733247,3.9574999141693135,0.2086514791064173,-1.2023256545404535,-0.4785104229594152,-0.47851042301749075,-0.520603279978436,0.5206032799152517,1.2136668440370906e-11,0.008734759370525496,-0.09961778946924599,0.01883697301779615,9.636097532493713e-09,8.133938015716702e-10,0.1,-0.0,1
13,935,world,9.35,0.9246751945733247,3.9574999141693135,0.20873881423455085,-1.2033218335280456,-0.47846138794281984,-0.4784613879088237,-0.5206483460502258,0.5206483460872195,-7.105272753832168e-12,0.008731819895677347,-0.09961804716671299,0.01883696515419761,1.2560902392553956e-08,1.0626555254194953e-09,0.1,-0.0,1
13,936,world,9.36,0.9256751945733247,3.9574999141693135,0.20882610657735023,-1.2043180162656109,-0.4784123486723508,-0.47841234860979936,-0.5206934075175929,0.5206934075856724,-1.30747271809072e-11,0.008726202298299847,-0.09961853940632309,0.018836955953806998,-8.326672733931462e-15,-1.1102230311908616e-14,0.1,-0.0,1
13,937,world,9.370000000000001,0.9266751945733247,3.957499914169313,0.2089133293533872,-1.2053142050964865,-0.47836330515512865,-0.4783633051211395,-0.5207384643734829,0.5207384644104829,-7.105274289870339e-12,0.0087179065347925,-0.09961926573535174,0.01883694541666317,-5.284614443989568e-09,-4.490796650015384e-10,0.1,-0.0,1
13,938,world,9.38,0.9276751945733247,3.957499914169313,0.209000455780703,-1.2063104023584035,-0.47831425742682254,-0.47831425741502037,-0.5207835165797592,0.5207835165926094,-2.4674519585717676e-12,0.008706932541308618,-0.09962022548519504,0.018836933542727793,-2.2625484952819956e-09,-1.9269030929348058e-10,0.1,-0.0,1
13,939,world,9.39,0.9286751945733247,3.957499914169313,0.20908745907660176,-1.2073066103813268,-0.47826520549949203,-0.4782652054872303,-0.520828564123972,0.5208285641373251,-2.563787465067442e-12,0.008693280235932648,-0.09962141777117782,0.01883692033201449,2.9727775972377923e-09,2.5374702489381825e-10,0.1,-0.0,1
13,940,world,9.4,0.9296751945733247,3.957499914169313,0.20917431245744822,-1.2083028314852968,-0.4782161493795459,-0.4782161493392101,-0.5208736069998221,0.520873607043756,-8.434633249762243e-12,0.00867694951241455,-0.09962284149309841,0.018836905784553756,3.633457445311525e-09,3.1081803981217946e-10,0.1,-0.0,1
13,941,world,9.41,0.9306751945733247,3.9574999141693126,0.2092609891384711,-1.20929906797827,-0.4781670890464655,-0.4781670889993312,-0.5209186452303464,0.5209186452816946,-9.857279720858875e-12,0.008657940248353837,-0.09962449533451066,0.017520642035345705,-5.5664667604780225e-09,-4.771960628858219e-10,0.1,-0.0,1
13,942,world,9.42,0.9316751945733247,3.957499914169314,0.2093474623487838,-1.210295322152641,-0.478124881613184,-0.4781248816262804,-0.5209573855734757,0.520957385559206,2.7391162705055016e-12,0.008636286237535382,-0.0996263748212458,0.007679698145462321,4.580119621405827e-09,3.9305780890952806e-10,0.1,-0.0,1
13,943,world,9.43,0.9326751945733247,3.957499914169313,0.20943371446729764,-1.2112915954926442,-0.47812708267888165,-0.47812708258779285,-0.5209553654592973,0.5209553655585455,-1.9051169929431986e-11,0.008614323154398468,-0.09962827629037649,-0.0008449896038226837,-9.866385486507472e-10,-8.474887458576976e-11,0.1,-0.0,1
13,944,world,9.44,0.9336751945733247,3.9574999141693135,0.2095197525249468,-1.2122878873419465,-0.47812928362712825,-0.47812928364969437,-0.5209533454544932,0.5209533454299059,4.719655935457444e-12,0.008593474053455608,-0.09963007680260307,-0.0008449896051299715,-9.490655483836676e-09,-8.151035402289965e-10,0.1,-0.0,1
13,945,world,9.450000000000001,0.9346751945733247,3.957499914169313,0.20960558766187765,-1.2132841966945063,-0.4781314846349538,-0.4781314846349538,-0.5209513253661756,0.5209513253661756,-0.0,0.008573739001554297,-0.09963177705698734,-0.0008449896062984815,9.362971509330578e-09,8.040623722489679e-10,0.1,-0.0,1
13,946,world,9.46,0.9356751945733247,3.957499914169313,0.20969123101886578,-1.214280522551088,-0.47813368565661357,-0.47813368558931535,-0.5209493052441876,0.5209493053175123,-1.4075187320689305e-11,0.008555118061213743,-0.09963337771529528,-0.0008449896073698465,-9.861278460594138e-10,-8.467671008916829e-11,0.1,-0.0,1
13,947,world,9.47,0.9366751945733247,3.9574999141693126,0.2097766937369798,-1.2152768639189127,-0.4781358865977107,-0.47813588660717543,-0.5209472851913789,0.5209472851810667,1.979496510050359e-12,0.008537611293791273,-0.09963487940172422,-0.0008449896083135362,-1.5773840567244804e-08,-1.3543277610656055e-09,0.1,-0.0,1
13,948,world,9.48,0.9376751945733247,3.957499914169313,0.20986198695858926,-1.2162732198111978,-0.4781380875313403,-0.47813808761543786,-0.5209452651281079,0.5209452650364812,1.758853716471765e-11,0.008521218751284835,-0.09963628270360528,-0.0008449896091351011,9.861278460594138e-10,8.46600567437987e-11,0.1,-0.0,1
13,949,world,9.49,0.9386751945733247,3.9574999141693135,0.20994712182618036,-1.2172695892468794,-0.47814028853580226,-0.47814028853580226,-0.5209432449690654,0.5209432449690655,-0.0,0.008505940482357616,-0.09963758817088353,-0.0008449896098484194,5.7335414194852895e-09,4.921840712826809e-10,0.1,-0.0,1
13,950,world,9.5,0.9396751945733247,3.957499914169314,0.21003210948272033,-1.2182659712502055,-0.47814248947514837,-0.4781424895042161,-0.5209412248623707,0.5209412248307012,6.079299301599957e-12,0.008491776534281771,-0.09963879631595227,-0.0008449896104396133,5.442182815571882e-09,4.671096842712235e-10,0.1,-0.0,1
13,951,world,9.51,0.9406751945733247,3.9574999141693135,0.21011696107142971,-1.2192623648503778,-0.47814469046114594,-0.4781446904089115,-0.5209392046862515,0.5209392047431609,-1.0924390253616158e-11,0.008478726949735067,-0.09963990761392666,-0.0008449896108892538,4.674313713926126e-09,4.0117353883795095e-10,0.1,-0.0,1
13,952,world,9.52,0.9416751945733247,3.957499914169314,0.2102016877362632,-1.2202587690811346,-0.47814689137973937,-0.4781468913639429,-0.5209371845649716,0.5209371845821819,-3.3036807030805114e-12,0.008466791768294643,-0.09964092250251572,-0.0008449896112278717,-1.8939627644213302e-09,-1.62536650807057e-10,0.1,-0.0,1
13,953,world,9.53,0.9426751945733247,3.957499914169314,0.21028630062149817,-1.22125518298041,-0.47814909231714764,-0.47814909228309116,-0.5209351644045959,0.5209351644416996,-7.122555361364639e-12,0.008455971023607827,-0.09964184138226223,-0.0008449896114665694,-2.208944138741481e-09,-1.8955392811163162e-10,0.1,-0.0,1
13,954,world,9.540000000000001,0.9436751945733247,3.9574999141693126,0.21037081087164688,-1.222251605589963,-0.47815129321716043,-0.47815129322256555,-0.520933144266364,0.5209331442604751,1.130427346936007e-12,0.008446264746629272,-0.09964266461626692,-0.000844989611558163,-6.60037302598975e-09,-5.663025604075385e-10,0.1,-0.0,1
13,955,world,9.55,0.9446751945733247,3.9574999141693135,0.21045522963146357,-1.2232480359550018,-0.47815349411642405,-0.47815349414571906,-0.5209311241103505,0.5209311240784346,6.1266931734493924e-12,0.008437672965847179,-0.09964339253016936,-0.0008449896115276317,-6.9038358364292765e-09,-5.922817791840761e-10,0.1,-0.0,1
13,956,world,9.56,0.9456751945733247,3.9574999141693135,0.21053956804598262,-1.224244473123802,-0.47815569499790983,-0.4781556950695797,-0.5209291039551075,0.5209291038770264,1.4988810457313845e-11,0.008430195707818203,-0.0996440254121033,-0.000844989611399956,1.5669826547623994e-09,1.344147015929671e-10,0.1,-0.0,1
13,957,world,9.57,0.9466751945733247,3.957499914169313,0.21062383726064585,-1.2252409161473212,-0.47815789592075497,-0.47815789593500985,-0.5209270837362082,0.5209270837206782,2.9811988557274143e-12,0.008423832990044016,-0.09964456351329885,-0.0008449896111279516,1.0148637486061288e-08,8.704870158130815e-10,0.1,-0.0,1
13,958,world,9.58,0.9476751945733247,3.9574999141693135,0.21070804842095048,-1.2262373640788502,-0.47816009682635346,-0.47816009680061416,-0.5209250635175009,0.5209250635455422,-5.382984207421657e-12,0.008418584832421402,-0.09964500704711364,-0.0008449896107477,1.4851592178465518e-09,1.2737588761675986e-10,0.1,-0.0,1
13,959,world,9.59,0.9486751945733247,3.9574999141693135,0.21079221267255796,-1.2272338159736287,-0.47816229769054897,-0.47816229769054897,-0.5209230433253024,0.5209230433253024,-0.0,0.00841445125016764,-0.0996453561896316,-0.0008449896102592021,-3.9626191217695076e-09,-3.398281656115579e-10,0.1,-0.0,1
13,960,world,9.6,0.9496751945733247,3.957499914169313,0.21087634116121157,-1.2282302708884743,-0.47816449855292975,-0.47816449856522497,-0.5209210231164833,0.5209210231030886,2.5713370857309795e-12,0.008411432254721423,-0.09964561107958661,-0.0008449896096291503,3.5482561333988523e-09,3.0425661990214456e-10,0.1,-0.0,1
13,961,world,9.61,0.9506751945733247,3.9574999141693135,0.21096044503290184,-1.2292267278813926,-0.47816669943609746,-0.47816669940203976,-0.5209190028664212,0.520919002903524,-7.122555779186203e-12,0.00840952785504844,-0.09964577181825211,-0.0008449896088742105,3.6213754218015858e-09,3.1050162441573976e-10,0.1,-0.0,1
13,962,world,9.620000000000001,0.9516751945733247,3.957499914169314,0.21104453543359977,-1.230223186011223,-0.4781689002817545,-0.4781689002592902,-0.5209169826386264,0.520916982663099,-4.697984629146779e-12,0.008408738055160342,-0.0996458384696506,-0.0008449896080082365,-1.0773104630729779e-09,-9.235945341966706e-11,0.1,-0.0,1
13,963,world,9.63,0.9526751945733247,3.9574999141693135,0.2111286235093105,-1.2312196443372565,-0.47817110112529704,-0.4781711011015796,-0.5209149623945378,0.5209149624203754,-4.960022808728295e-12,0.008409062858494808,-0.099645811060184,-0.0008449896070173509,-2.3404084226464723e-09,-2.0062840278239939e-10,0.1,-0.0,1
13,964,world,9.64,0.9536751945733247,3.9574999141693135,0.2112127204060722,-1.2322161019188613,-0.47817330194781615,-0.47817330194781615,-0.5209129421547546,0.5209129421547547,-0.0,0.008410502263619241,-0.09964568957899612,-0.0008449896059265567,-3.493313971467061e-09,-2.994271497449677e-10,0.1,-0.0,1
13,965,world,9.65,0.9546751945733247,3.9574999141693135,0.2112968372699099,-1.233212557815107,-0.4781755027687489,-0.4781755027785621,-0.520910921898102,0.5209109218874117,2.0522124017650612e-12,0.008413056269985375,-0.09964547397748712,-0.0008449896047108621,1.199065846627491e-09,1.0276224316052727e-10,0.1,-0.0,1
13,966,world,9.66,0.9556751945733247,3.9574999141693135,0.2113809852467534,-1.2342090110843975,-0.4781777035967106,-0.4781777035852012,-0.5209089016151949,0.5209089016277328,-2.4069253079246547e-12,0.00841672486668738,-0.09964516417026212,-0.0005051107621522436,1.0223571989031067e-09,8.761880110378986e-11,0.1,-0.0,1
13,967,world,9.67,0.9566751945733247,3.957499914169314,0.2114651754824264,-1.2352054607840939,-0.47817813394468317,-0.47817813394468317,-0.5209085065701852,0.5209085065701852,-0.0,0.008421508044487195,-0.09964476003411639,0.0012202988676654797,-4.618957993977327e-09,-3.9589997947603315e-10,0.1,-0.0,1
13,968,world,9.68,0.9576751945733247,3.957499914169314,0.21154941912278444,-1.2362019059701261,-0.4781713468935117,-0.47817134692633745,-0.5209147367976611,0.520914736761901,6.864852789578232e-12,0.008427405791270012,-0.09964426140841864,0.0026058296757704184,-2.3295254616833706e-10,-1.9972912215266928e-11,0.1,-0.0,1
13,969,world,9.69,0.9586751945733247,3.9574999141693135,0.21163372731339414,-1.2371983456966442,-0.4781645597927692,-0.47816455979500505,-0.5209209669022616,0.5209209668998257,4.675958161676911e-13,0.008434418091304996,-0.09964366809517336,0.0026058297143506685,3.5330516294342303e-09,3.0295210787887514e-10,0.1,-0.0,1
13,970,world,9.700000000000001,0.9596751945733247,3.9574999141693143,0.2117181111996865,-1.2381947790156274,-0.47815777259712433,-0.47815777259603803,-0.5209271969333716,0.520927196934555,-2.2718756967952493e-13,0.008442544924475695,-0.09964297985908596,0.0026058297493948583,-3.526665071484351e-09,-3.024858142084798e-10,0.1,-0.0,1
13,971,world,9.71,0.9606751945733247,3.9574999141693135,0.21180258192688128,-1.2391912049765146,-0.4781509852999744,-0.4781509853360597,-0.5209334268981877,0.5209334268588737,7.546840400102424e-12,0.008451786267935036,-0.09964219642742299,0.0026058297808946615,1.0040857035846255e-10,8.620881787189979e-12,0.1,-0.0,1
13,972,world,9.72,0.9616751945733247,3.957499914169315,0.21188715063995392,-1.2401876226258308,-0.4781441979592303,-0.47814419795718033,-0.5209396567336193,0.5209396567358527,-4.2874489859372e-13,0.008462142095588104,-0.09964131749005568,0.0026058298088500772,7.195599672475395e-09,6.175726597478813e-10,0.1,-0.0,1
13,973,world,9.73,0.9626751945733247,3.957499914169314,0.211971828483602,-1.2411840310068125,-0.47813741053364534,-0.47813741050066694,-0.5209458864846045,0.5209458865205355,-6.8972725131521265e-12,0.008473612376798856,-0.09964034269957006,0.002605829833288861,3.3261088331782427e-09,2.855660153112776e-10,0.1,-0.0,1
13,974,world,9.74,0.9636751945733247,3.9574999141693143,0.21205662660221025,-1.2421804291590344,-0.47813062301186654,-0.4781306229778934,-0.5209521161635151,0.5209521162005311,-7.105408200650321e-12,0.008486197081284293,-0.09963927167085077,0.00260582985416383,-6.975661715714699e-09,-5.990652419252854e-10,0.1,-0.0,1
13,975,world,9.75,0.9646751945733247,3.957499914169314,0.21214155613981578,-1.2431768161180352,-0.4781238353744008,-0.47812383540837344,-0.5209583457915936,0.5209583457545774,7.105408261283194e-12,0.008499896171017948,-0.09963810398176953,0.0026058298715027376,-3.4451580481222714e-09,-2.9596325393806884e-10,0.1,-0.0,1
13,976,world,9.76,0.9656751945733247,3.9574999141693143,0.2122266282400712,-1.2441731909149445,-0.47811704770714164,-0.4781170477062345,-0.5209645752752539,0.5209645752762423,-1.8973851016420442e-13,0.008514709604870085,-0.09963683917279159,0.002605829885305586,-3.722538944183574e-09,-3.198885601214487e-10,0.1,-0.0,1
13,977,world,9.77,0.9666751945733247,3.957499914169314,0.21231185404620753,-1.245169552576109,-0.47811025990594386,-0.4781102599756424,-0.5209708047279744,0.5209708046520277,1.4577919160067656e-11,0.008530637340176684,-0.09963547674684146,0.0026058298955807,-3.4575925459994806e-09,-2.9720670372578974e-10,0.1,-0.0,1
13,978,world,9.78,0.9676751945733247,3.9574999141693143,0.2123972447009957,-1.2461659001227194,-0.4781034720775743,-0.4781034721098508,-0.5209770340334205,0.5209770339982497,6.7509463997882494e-12,0.008547679326350912,-0.09963401616984972,0.002605829902319754,3.722519515280642e-09,3.200717469205326e-10,0.1,-0.0,1
13,979,world,9.790000000000001,0.9686751945733247,3.957499914169313,0.21248281134670652,-1.2471622325704368,-0.47809668414847156,-0.4780966841824423,-0.5209832632717496,0.5209832632347315,7.105406488300868e-12,0.008565835515310089,-0.0996324568698607,0.0026058299055060938,3.4446862033367528e-09,2.9628521861524664e-10,0.1,-0.0,1
13,980,world,9.8,0.9696751945733247,3.957499914169313,0.21256856512507014,-1.2481585489290192,-0.47808989615642805,-0.47808989615564473,-0.520989492401781,0.5209894924026348,-1.6383985337275827e-13,0.00858510584682428,-0.09963079823828988,0.0026058299051508224,-3.2276459286706562e-09,-2.776945340657944e-10,0.1,-0.0,1
13,981,world,9.81,0.9706751945733247,3.9574999141693143,0.21265451717723338,-1.249154848201949,-0.47808310803298887,-0.4780831080979343,-0.5209957214981152,0.5209957214273403,1.3584552945951905e-11,0.008605490265254926,-0.09962903962848685,0.0026058299012594907,1.016674522462275e-08,8.74972316921231e-10,0.1,-0.0,1
13,982,world,9.82,0.9716751945733247,3.957499914169313,0.21274067864371574,-1.2501511293860597,-0.4780763199429188,-0.4780763198445665,-0.5210019503811989,0.521001950488382,-2.0572517588070614e-11,0.008626988699810911,-0.09962718035743728,0.0026058298938459764,1.0376696725275812e-08,8.933243035203619e-10,0.1,-0.0,1
13,983,world,9.83,0.9726751945733247,3.957499914169315,0.21282706066436427,-1.2511473914711635,-0.47806953165820953,-0.47806953162357047,-0.5210081792995115,0.5210081793372617,-7.245619372070601e-12,0.00864960108544091,-0.09962521970396221,0.002605829882874198,-1.3787923582204137e-08,-1.1873557693953646e-09,0.1,-0.0,1
13,984,world,9.84,0.9736751945733247,3.9574999141693135,0.21291367437830627,-1.2521436334396785,-0.47806274328993004,-0.47806274332389825,-0.5210144081320166,0.5210144080949964,7.105396574761767e-12,0.008673327346496276,-0.0996231569101307,0.002605829868369134,3.3497371547025023e-09,2.885525152478573e-10,0.1,-0.0,1
13,985,world,9.85,0.9746751945733247,3.9574999141693135,0.21300053092390053,-1.253139854266256,-0.4780559549252172,-0.4780559548584333,-0.5210206367837479,0.5210206368565339,-1.3969872580791264e-11,0.008698167402149813,-0.09962099118079573,0.0026058298503307854,1.0456091549333304e-08,9.009903935062663e-10,0.1,-0.0,1
13,986,world,9.86,0.9756751945733247,3.957499914169314,0.21308764143868683,-1.254136052917408,-0.47804916642882067,-0.47804916636244704,-0.5210268654021096,0.5210268654744504,-1.3884257987525926e-11,0.00872412117013633,-0.09961872168326986,0.002605829828734207,-1.04032893422763e-08,-8.967104837458642e-10,0.1,-0.0,1
13,987,world,9.870000000000001,0.9766751945733247,3.957499914169313,0.21317501705933298,-1.2551322283511366,-0.47804237780182485,-0.47804237783487585,-0.5210330939859262,0.5210330939499028,6.913810510694505e-12,0.008751188560101661,-0.09961634754790775,0.0026058298036237388,-3.4576674860537e-09,-2.981170866060896e-10,0.1,-0.0,1
13,988,world,9.88,0.9776751945733246,3.957499914169313,0.2132626689215808,-1.25612837951656,-0.4780355891765805,-0.47803558914338923,-0.5210393223909462,0.5210393224271235,-6.943253503537572e-12,0.008779369474063083,-0.09961386786807293,0.002605829774971621,6.919509410680365e-09,5.967892847245462e-10,0.1,-0.0,1
13,989,world,9.89,0.9786751945733247,3.9574999141693126,0.2133506081601891,-1.2571245053535434,-0.47802880043722307,-0.4780288004038731,-0.5210455507434559,0.521045550779807,-6.976549801948651e-12,0.00880866381441191,-0.09961128169943739,0.0026058297427668273,-7.043718387131922e-09,-6.076861237124753e-10,0.1,-0.0,1
13,990,world,9.9,0.9796751945733246,3.957499914169312,0.21343884590887502,-1.258120604792325,-0.47802201158284974,-0.47802201161725055,-0.5210517790444436,0.5210517790069461,7.196474132843825e-12,0.008839071471193533,-0.09960858806110612,0.0026058297070370743,-3.4753588899530543e-09,-2.999156479061817e-10,0.1,-0.0,1
13,991,world,9.91,0.9806751945733247,3.9574999141693143,0.21352739330025286,-1.2591166767531465,-0.47801522269850155,-0.47801522269850155,-0.5210580072012155,0.5210580072012155,-0.0,0.008870592333529943,-0.09960578593461487,0.002605829667749058,3.5906666533036743e-09,3.0996316628017653e-10,0.1,-0.0,1
13,992,world,9.92,0.9816751945733246,3.957499914169313,0.21361626146577084,-1.2601127201458822,-0.4780084337159403,-0.4780084337158851,-0.5210642352881538,0.521064235288214,-1.1545958640608014e-14,0.008903226275575897,-0.09960287426518322,0.001302914823609561,5.75095526772102e-12,4.996003610954554e-13,0.1,-0.0,1
13,993,world,9.93,0.9826751945733248,3.957499914169313,0.2137052937285428,-1.2611087488885324,-0.47800843371594026,-0.4780084337158851,-0.5210642352881538,0.521064235288214,-1.1537080464768995e-14,0.008903226275592105,-0.09960287426518177,-0.0,-0.0,-0.0,0.1,-0.0,0
13,994,world,9.94,0.9836751945733246,3.957499914169313,0.21379432599131476,-1.262104777631183,-0.47800843371594026,-0.4780084337158851,-0.5210642352881538,0.521064235288214,-1.152820228872488e-14,0.00890322627560831,-0.09960287426518033,-0.0,-0.0,-0.0,0.1,-0.0,0
13,995,world,9.950000000000001,0.9846751945733248,3.9574999141693126,0.21388335825408672,-1.2631008063738332,-0.47800843371594026,-0.47800843371588514,-0.5210642352881539,0.5210642352882141,-1.1519324112680759e-14,0.008903226275624515,-0.09960287426517886,-0.0,-0.0,-0.0,0.1,-0.0,0
13,996,world,9.96,0.9856751945733246,3.9574999141693126,0.2139723905168587,-1.2640968351164836,-0.47800843371594026,-0.4780084337158852,-0.5210642352881539,0.5210642352882139,-1.1510445936636647e-14,0.008903226275640724,-0.09960287426517743,-0.0,-0.0,-0.0,0.1,-0.0,0
13,997,world,9.97,0.9866751945733248,3.9574999141693126,0.21406142277963067,-1.265092863859134,-0.4780084337159402,-0.4780084337158852,-0.5210642352881539,0.5210642352882139,-1.1501567760592526e-14,0.008903226275656926,-0.09960287426517596,-0.0,-0.0,-0.0,0.1,-0.0,0
13,998,world,9.98,0.9876751945733246,3.9574999141693126,0.21415045504240263,-1.2660888926017844,-0.4780084337159402,-0.47800843371588525,-0.521064235288154,0.521064235288214,-1.1492689584548414e-14,0.008903226275673136,-0.09960287426517453,-0.0,-0.0,-0.0,0.1,-0.0,0
13,999,world,9.99,0.9886751945733248,3.957499914169312,0.2142394873051746,-1.2670849213444348,-0.4780084337159402,-0.47800843371588525,-0.521064235288154,0.521064235288214,-1.14838114085043e-14,0.008903226275689341,-0.09960287426517309,-0.0,-0.0,-0.0,0.1,-0.0,0
13,1000,world,10.0,0.9896751945733246,3.957499914169312,0.21432851956794655,-1.268080950087085,-0.47800843371594015,-0.47800843371588525,-0.521064235288154,0.521064235288214,-1.1474933232460182e-14,0.008903226275705547,-0.09960287426517163,-0.0,-0.0,-0.0,0.1,-0.0,0
13,1001,world,10.01,0.9906751945733248,3.957499914169312,0.21441755183071853,-1.2690769788297356,-0.47800843371594015,-0.4780084337158853,-0.521064235288154,0.5210642352882138,-1.1466055056416067e-14,0.008903226275721753,-0.09960287426517019,-0.0,-0.0,-0.0,0.1,-0.0,0
13,1002,world,10.02,0.9916751945733246,3.957499914169312,0.2145065840934905,-1.2700730075723858,-0.4780084337159401,-0.4780084337158853,-0.521064235288154,0.5210642352882138,-1.1457176880371949e-14,0.008903226275737959,-0.09960287426516873,-0.0,-0.0,-0.0,0.1,-0.0,0
13,1003,world,10.03,0.9926751945733248,3.9574999141693117,0.21459561635626245,-1.2710690363150363,-0.4780084337159401,-0.47800843371588536,-0.5210642352881542,0.5210642352882139,-1.1448298704327834e-14,0.008903226275754166,-0.09960287426516728,-0.0,-0.0,-0.0,0.1,-0.0,0
13,1004,world,10.040000000000001,0.9936751945733246,3.9574999141693117,0.2146846486190344,-1.2720650650576868,-0.4780084337159401,-0.47800843371588536,-0.5210642352881542,0.5210642352882139,-1.1439420528283718e-14,0.00890322627577037,-0.09960287426516584,-0.0,-0.0,-0.0,0.1,-0.0,0
13,1005,world,10.05,0.9946751945733248,3.9574999141693117,0.21477368088180637,-1.273061093800337,-0.4780084337159401,-0.4780084337158854,-0.5210642352881542,0.5210642352882137,-1.1430542352239601e-14,0.008903226275786578,-0.0996028742651644,-0.0,-0.0,-0.0,0.1,-0.0,0
13,1006,world,10.06,0.9956751945733247,3.9574999141693117,0.21486271314457836,-1.2740571225429875,-0.47800843371594004,-0.4780084337158854,-0.5210642352881542,0.5210642352882137,-1.1421664176195485e-14,0.008903226275802784,-0.09960287426516294,-0.0,-0.0,-0.0,0.1,-0.0,0
13,1007,world,10.07,0.9966751945733248,3.9574999141693112,0.21495174540735032,-1.2750531512856378,-0.47800843371594,-0.4780084337158854,-0.5210642352881542,0.5210642352882137,-1.141278600015137e-14,0.00890322627581899,-0.0996028742651615,-0.0,-0.0,-0.0,0.1,-0.0,0
13,1008,world,10.08,0.9976751945733248,3.9574999141693112,0.21504077767012228,-1.2760491800282883,-0.47800843371594,-0.4780084337158855,-0.5210642352881543,0.5210642352882138,-1.1403907824107252e-14,0.008903226275835195,-0.09960287426516004,-0.0,-0.0,-0.0,0.1,-0.0,0
13,1009,world,10.09,0.9986751945733248,3.9574999141693112,0.21512980993289424,-1.2770452087709387,-0.47800843371594,-0.4780084337158855,-0.5210642352881543,0.5210642352882138,-1.1395029648063138e-14,0.008903226275851403,-0.0996028742651586,-0.0,-0.0,-0.0,0.1,-0.0,0
13,1010,world,10.1,0.9996751945733248,3.9574999141693112,0.2152188421956662,-1.278041237513589,-0.47800843371593993,-0.47800843371588553,-0.5210642352881543,0.5210642352882136,-1.138615147201902e-14,0.008903226275867607,-0.09960287426515714,-0.0,-0.0,-0.0,0.1,-0.0,0
13,1011,world,10.11,1.0006751945733248,3.957499914169311,0.2153078744584382,-1.2790372662562395,-0.47800843371593993,-0.47800843371588553,-0.5210642352881543,0.5210642352882136,-1.1377273295974905e-14,0.008903226275883814,-0.0996028742651557,-0.0,-0.0,-0.0,0.1,-0.0,0
13,1012,world,10.120000000000001,1.0016751945733247,3.957499914169311,0.21539690672121015,-1.2800332949988897,-0.4780084337159399,-0.47800843371588553,-0.5210642352881543,0.5210642352882136,-1.1368395119930788e-14,0.00890322627590002,-0.09960287426515424,-0.0,-0.0,-0.0,0.1,-0.0,0
13,1013,world,10.13,1.0026751945733248,3.957499914169311,0.2154859389839821,-1.2810293237415402,-0.4780084337159398,-0.47800843371588553,-0.5210642352881543,0.5210642352882136,-1.1359516943886672e-14,0.008903226275916226,-0.0996028742651528,-0.0,-0.0,-0.0,0.1,-0.0,0
13,1014,world,10.14,1.0036751945733247,3.957499914169311,0.21557497124675407,-1.2820253524841907,-0.4780084337159398,-0.47800843371588553,-0.5210642352881543,0.5210642352882136,-1.1350638767842557e-14,0.008903226275932432,-0.09960287426515135,-0.0,-0.0,-0.0,0.1,-0.0,0
13,1015,world,10.15,1.0046751945733248,3.9574999141693104,0.21566400350952603,-1.283021381226841,-0.4780084337159398,-0.47800843371588564,-0.5210642352881544,0.5210642352882134,-1.1341760591798441e-14,0.008903226275948637,-0.09960287426514991,-0.0,-0.0,-0.0,0.1,-0.0,0
13,1016,world,10.16,1.0056751945733247,3.9574999141693104,0.215753035772298,-1.2840174099694914,-0.4780084337159398,-0.47800843371588564,-0.5210642352881544,0.5210642352882134,-1.1332882415754325e-14,0.008903226275964845,-0.09960287426514845,-0.0,-0.0,-0.0,0.1,-0.0,0
13,1017,world,10.17,1.0066751945733248,3.9574999141693104,0.21584206803506997,-1.2850134387121417,-0.47800843371593976,-0.47800843371588564,-0.5210642352881544,0.5210642352882134,-1.132400423971021e-14,0.008903226275981049,-0.09960287426514701,-0.0,-0.0,-0.0,0.1,-0.0,0
13,1018,world,10.18,1.0076751945733247,3.9574999141693104,0.21593110029784193,-1.2860094674547922,-0.47800843371593976,-0.4780084337158857,-0.5210642352881545,0.5210642352882136,-1.1315126063666093e-14,0.008903226275997256,-0.09960287426514557,-0.0,-0.0,-0.0,0.1,-0.0,0
13,1019,world,10.19,1.0086751945733248,3.9574999141693104,0.2160201325606139,-1.2870054961974424,-0.47800843371593976,-0.4780084337158857,-0.5210642352881545,0.5210642352882133,-1.1306247887621977e-14,0.008903226276013462,-0.09960287426514411,-0.0,-0.0,-0.0,0.1,-0.0,0
13,1020,world,10.200000000000001,1.0096751945733247,3.95749991416931,0.21610916482338585,-1.288001524940093,-0.4780084337159397,-0.4780084337158857,-0.5210642352881545,0.5210642352882133,-1.1297369711577862e-14,0.008903226276029668,-0.09960287426514267,-0.0,-0.0,-0.0,0.1,-0.0,0
13,1021,world,10.21,1.0106751945733248,3.95749991416931,0.2161981970861578,-1.2889975536827432,-0.4780084337159397,-0.4780084337158857,-0.5210642352881545,0.5210642352882133,-1.1288491535533746e-14,0.008903226276045874,-0.09960287426514121,-0.0,-0.0,-0.0,0.1,-0.0,0
13,1022,world,10.22,1.0116751945733247,3.95749991416931,0.2162872293489298,-1.2899935824253936,-0.47800843371593965,-0.4780084337158857,-0.5210642352881545,0.5210642352882133,-1.1279613359489626e-14,0.00890322627606208,-0.09960287426513975,-0.0,-0.0,-0.0,0.1,-0.0,0
13,1023,world,10.23,1.0126751945733248,3.95749991416931,0.21637626161170176,-1.2909896111680441,-0.4780084337159396,-0.4780084337158857,-0.5210642352881545,0.5210642352882133,-1.1270735183445513e-14,0.008903226276078285,-0.09960287426513831,-0.0,-0.0,-0.0,0.1,-0.0,0
13,1024,world,10.24,1.0136751945733247,3.9574999141693095,0.21646529387447372,-1.2919856399106944,-0.47800843371593965,-0.4780084337158858,-0.5210642352881546,0.5210642352882132,-1.1261857007401394e-14,0.008903226276094491,-0.09960287426513685,-0.0,-0.0,-0.0,0.1,-0.0,0
13,1025,world,10.25,1.0146751945733248,3.9574999141693095,0.21655432613724568,-1.2929816686533449,-0.4780084337159396,-0.4780084337158858,-0.5210642352881546,0.5210642352882132,-1.125297883135728e-14,0.008903226276110699,-0.09960287426513542,-0.0,-0.0,-0.0,0.1,-0.0,0
13,1026,world,10.26,1.0156751945733247,3.9574999141693095,0.21664335840001764,-1.293977697395995,-0.4780084337159396,-0.4780084337158858,-0.5210642352881546,0.5210642352882132,-1.1244100655313164e-14,0.008903226276126905,-0.09960287426513398,-0.0,-0.0,-0.0,0.1,-0.0,0
13,1027,world,10.27,1.0166751945733248,3.9574999141693095,0.21673239066278963,-1.2949737261386456,-0.4780084337159396,-0.47800843371588586,-0.5210642352881547,0.5210642352882133,-1.1235222479269048e-14,0.00890322627614311,-0.09960287426513252,-0.0,-0.0,-0.0,0.1,-0.0,0
13,1028,world,10.28,1.0176751945733247,3.957499914169309,0.21682142292556159,-1.2959697548812958,-0.47800843371593954,-0.4780084337158859,-0.5210642352881547,0.5210642352882131,-1.1226344303224933e-14,0.008903226276159316,-0.09960287426513108,-0.0,-0.0,-0.0,0.1,-0.0,0
13,1029,world,10.290000000000001,1.0186751945733248,3.957499914169309,0.21691045518833355,-1.2969657836239463,-0.47800843371593954,-0.4780084337158859,-0.5210642352881547,0.5210642352882131,-1.1217466127180817e-14,0.008903226276175524,-0.09960287426512962,-0.0,-0.0,-0.0,0.1,-0.0,0
13,1030,world,10.3,1.0196751945733247,3.957499914169309,0.2169994874511055,-1.2979618123665968,-0.4780084337159395,-0.4780084337158859,-0.5210642352881547,0.5210642352882131,-1.12085879511367e-14,0.008903226276191728,-0.09960287426512818,-0.0,-0.0,-0.0,0.1,-0.0,0
13,1031,world,10.31,1.0206751945733248,3.957499914169309,0.21708851971387746,-1.298957841109247,-0.4780084337159395,-0.4780084337158859,-0.5210642352881547,0.5210642352882131,-1.1199709775092584e-14,0.008903226276207935,-0.09960287426512672,-0.0,-0.0,-0.0,0.1,-0.0,0
13,1032,world,10.32,1.0216751945733247,3.9574999141693086,0.21717755197664945,-1.2999538698518975,-0.47800843371593943,-0.4780084337158859,-0.5210642352881547,0.5210642352882131,-1.1190831599048469e-14,0.008903226276224141,-0.09960287426512528,-0.0,-0.0,-0.0,0.1,-0.0,0
13,1033,world,10.33,1.0226751945733248,3.9574999141693086,0.2172665842394214,-1.3009498985945478,-0.4780084337159394,-0.4780084337158859,-0.5210642352881547,0.5210642352882131,-1.1181953423004353e-14,0.008903226276240347,-0.09960287426512382,-0.0,-0.0,-0.0,0.1,-0.0,0
13,1034,world,10.34,1.0236751945733247,3.9574999141693086,0.21735561650219337,-1.3019459273371983,-0.4780084337159394,-0.4780084337158859,-0.5210642352881547,0.5210642352882131,-1.1173075246960236e-14,0.008903226276256553,-0.09960287426512238,-0.0,-0.0,-0.0,0.1,-0.0,0
13,1035,world,10.35,1.0246751945733248,3.9574999141693086,0.21744464876496533,-1.3029419560798485,-0.4780084337159394,-0.47800843371588597,-0.5210642352881548,0.5210642352882132,-1.116419707091612e-14,0.00890322627627276,-0.09960287426512093,-0.0,-0.0,-0.0,0.1,-0.0,0
13,1036,world,10.36,1.0256751945733247,3.957499914169308,0.2175336810277373,-1.303937984822499,-0.4780084337159394,-0.478008433715886,-0.5210642352881548,0.521064235288213,-1.1155318894872005e-14,0.008903226276288964,-0.09960287426511949,-0.0,-0.0,-0.0,0.1,-0.0,0
13,1037,world,10.370000000000001,1.0266751945733248,3.957499914169308,0.21762271329050925,-1.3049340135651495,-0.4780084337159393,-0.478008433715886,-0.5210642352881548,0.521064235288213,-1.1146440718827889e-14,0.008903226276305172,-0.09960287426511803,-0.0,-0.0,-0.0,0.1,-0.0,0
13,1038,world,10.38,1.0276751945733247,3.957499914169308,0.21771174555328124,-1.3059300423077997,-0.4780084337159393,-0.4780084337158861,-0.5210642352881549,0.5210642352882131,-1.1137562542783772e-14,0.008903226276321377,-0.09960287426511659,-0.0,-0.0,-0.0,0.1,-0.0,0
13,1039,world,10.39,1.0286751945733248,3.957499914169308,0.2178007778160532,-1.3069260710504502,-0.4780084337159393,-0.4780084337158861,-0.5210642352881549,0.5210642352882131,-1.1128684366739656e-14,0.008903226276337583,-0.09960287426511513,-0.0,-0.0,-0.0,0.1,-0.0,0
13,1040,world,10.4,1.0296751945733247,3.9574999141693077,0.21788981007882516,-1.3079220997931005,-0.47800843371593926,-0.47800843371588614,-0.5210642352881549,0.5210642352882129,-1.1119806190695541e-14,0.008903226276353789,-0.09960287426511369,-0.0,-0.0,-0.0,0.1,-0.0,0
13,1041,world,10.41,1.0306751945733248,3.9574999141693077,0.21797884234159712,-1.308918128535751,-0.47800843371593926,-0.47800843371588614,-0.5210642352881549,0.5210642352882129,-1.1110928014651425e-14,0.008903226276369995,-0.09960287426511223,-0.0,-0.0,-0.0,0.1,-0.0,0
13,1042,world,10.42,1.0316751945733247,3.9574999141693077,0.21806787460436908,-1.3099141572784012,-0.4780084337159392,-0.47800843371588614,-0.5210642352881549,0.5210642352882129,-1.1102049838607309e-14,0.0089032262763862,-0.09960287426511079,-0.0,-0.0,-0.0,0.1,-0.0,0
13,1043,world,10.43,1.0326751945733248,3.9574999141693077,0.21815690686714106,-1.3109101860210517,-0.47800843371593915,-0.47800843371588614,-0.5210642352881549,0.5210642352882129,-1.1093171662563192e-14,0.008903226276402406,-0.09960287426510935,-0.0,-0.0,-0.0,0.1,-0.0,0
13,1044,world,10.44,1.0336751945733247,3.9574999141693077,0.21824593912991302,-1.3119062147637022,-0.47800843371593915,-0.47800843371588614,-0.5210642352881549,0.5210642352882129,-1.1084293486519076e-14,0.008903226276418614,-0.09960287426510789,-0.0,-0.0,-0.0,0.1,-0.0,0
13,1045,world,10.450000000000001,1.0346751945733248,3.9574999141693072,0.21833497139268498,-1.3129022435063524,-0.47800843371593915,-0.47800843371588625,-0.521064235288155,0.5210642352882128,-1.107541531047496e-14,0.00890322627643482,-0.09960287426510644,-0.0,-0.0,-0.0,0.1,-0.0,0
13,1046,world,10.46,1.0356751945733247,3.9574999141693072,0.21842400365545694,-1.313898272249003,-0.47800843371593915,-0.47800843371588625,-0.521064235288155,0.5210642352882128,-1.1066537134430843e-14,0.008903226276451025,-0.099602874265105,-0.0,-0.0,-0.0,0.1,-0.0,0
13,1047,world,10.47,1.0366751945733248,3.9574999141693072,0.2185130359182289,-1.3148943009916532,-0.4780084337159391,-0.47800843371588625,-0.521064235288155,0.5210642352882128,-1.1057658958386727e-14,0.008903226276467231,-0.09960287426510356,-0.0,-0.0,-0.0,0.1,-0.0,0
13,1048,world,10.48,1.0376751945733247,3.9574999141693072,0.2186020681810009,-1.3158903297343036,-0.4780084337159391,-0.47800843371588625,-0.521064235288155,0.5210642352882128,-1.1048780782342612e-14,0.008903226276483439,-0.0996028742651021,-0.0,-0.0,-0.0,0.1,-0.0,0
13,1049,world,10.49,1.0386751945733248,3.957499914169307,0.21869110044377285,-1.316886358476954,-0.4780084337159391,-0.4780084337158863,-0.5210642352881552,0.5210642352882127,-1.1039902606298494e-14,0.008903226276499641,-0.09960287426510063,-0.0,-0.0,-0.0,0.1,-0.0,0
13,1050,world,10.5,1.0396751945733247,3.957499914169307,0.2187801327065448,-1.3178823872196044,-0.47800843371593904,-0.4780084337158863,-0.5210642352881552,0.5210642352882127,-1.1031024430254379e-14,0.00890322627651585,-0.0996028742650992,-0.0,-0.0,-0.0,0.1,-0.0,0
13,1051,world,10.51,1.0406751945733248,3.957499914169307,0.21886916496931677,-1.3188784159622549,-0.47800843371593904,-0.4780084337158863,-0.5210642352881552,0.5210642352882127,-1.1022146254210263e-14,0.008903226276532056,-0.09960287426509776,-0.0,-0.0,-0.0,0.1,-0.0,0
13,1052,world,10.52,1.0416751945733247,3.957499914169307,0.21895819723208873,-1.3198744447049051,-0.478008433715939,-0.4780084337158863,-0.5210642352881552,0.5210642352882127,-1.1013268078166148e-14,0.008903226276548262,-0.0996028742650963,-0.0,-0.0,-0.0,0.1,-0.0,0
13,1053,world,10.53,1.0426751945733248,3.9574999141693064,0.21904722949486072,-1.3208704734475556,-0.478008433715939,-0.4780084337158863,-0.5210642352881552,0.5210642352882127,-1.1004389902122032e-14,0.008903226276564468,-0.09960287426509486,-0.0,-0.0,-0.0,0.1,-0.0,0
13,1054,world,10.540000000000001,1.0436751945733247,3.9574999141693064,0.21913626175763268,-1.3218665021902058,-0.478008433715939,-0.4780084337158864,-0.5210642352881553,0.5210642352882126,-1.0995511726077915e-14,0.008903226276580673,-0.0996028742650934,-0.0,-0.0,-0.0,0.1,-0.0,0
13,1055,world,10.55,1.0446751945733248,3.9574999141693064,0.21922529402040464,-1.3228625309328563,-0.478008433715939,-0.47800843371588647,-0.5210642352881554,0.5210642352882127,-1.09866335500338e-14,0.00890322627659688,-0.09960287426509196,-0.0,-0.0,-0.0,0.1,-0.0,0
13,1056,world,10.56,1.0456751945733247,3.9574999141693064,0.2193143262831766,-1.3238585596755066,-0.478008433715939,-0.47800843371588647,-0.5210642352881554,0.5210642352882127,-1.0977755373989684e-14,0.008903226276613085,-0.09960287426509051,-0.0,-0.0,-0.0,0.1,-0.0,0
13,1057,world,10.57,1.0466751945733248,3.957499914169306,0.21940335854594856,-1.324854588418157,-0.47800843371593893,-0.47800843371588647,-0.5210642352881554,0.5210642352882127,-1.0968877197945568e-14,0.008903226276629293,-0.09960287426508907,-0.0,-0.0,-0.0,0.1,-0.0,0
13,1058,world,10.58,1.0476751945733247,3.957499914169306,0.21949239080872054,-1.3258506171608075,-0.47800843371593893,-0.47800843371588647,-0.5210642352881554,0.5210642352882127,-1.0959999021901451e-14,0.008903226276645498,-0.09960287426508761,-0.0,-0.0,-0.0,0.1,-0.0,0
13,1059,world,10.59,1.0486751945733248,3.957499914169306,0.2195814230714925,-1.3268466459034578,-0.47800843371593893,-0.4780084337158866,-0.5210642352881555,0.5210642352882126,-1.0951120845857335e-14,0.008903226276661704,-0.09960287426508617,-0.0,-0.0,-0.0,0.1,-0.0,0
13,1060,world,10.6,1.0496751945733247,3.957499914169306,0.21967045533426446,-1.3278426746461083,-0.4780084337159389,-0.4780084337158866,-0.5210642352881555,0.5210642352882126,-1.094224266981322e-14,0.00890322627667791,-0.09960287426508471,-0.0,-0.0,-0.0,0.1,-0.0,0
13,1061,world,10.61,1.0506751945733248,3.9574999141693055,0.21975948759703642,-1.3288387033887585,-0.4780084337159389,-0.4780084337158866,-0.5210642352881555,0.5210642352882126,-1.0933364493769104e-14,0.008903226276694117,-0.09960287426508327,-0.0,-0.0,-0.0,0.1,-0.0,0
13,1062,world,10.620000000000001,1.0516751945733247,3.9574999141693055,0.21984851985980838,-1.329834732131409,-0.4780084337159388,-0.4780084337158866,-0.5210642352881555,0.5210642352882126,-1.0924486317724987e-14,0.008903226276710322,-0.09960287426508181,-0.0,-0.0,-0.0,0.1,-0.0,0
13,1063,world,10.63,1.0526751945733248,3.9574999141693055,0.21993755212258034,-1.3308307608740593,-0.4780084337159388,-0.47800843371588664,-0.5210642352881555,0.5210642352882123,-1.0915608141680871e-14,0.008903226276726529,-0.09960287426508037,-0.0,-0.0,-0.0,0.1,-0.0,0
13,1064,world,10.64,1.0536751945733247,3.9574999141693055,0.22002658438535233,-1.3318267896167097,-0.47800843371593876,-0.47800843371588664,-0.5210642352881555,0.5210642352882123,-1.0906729965636755e-14,0.008903226276742735,-0.09960287426507891,-0.0,-0.0,-0.0,0.1,-0.0,0
13,1065,world,10.65,1.0546751945733248,3.957499914169305,0.2201156166481243,-1.3328228183593602,-0.47800843371593876,-0.4780084337158867,-0.5210642352881556,0.5210642352882124,-1.0897851789592638e-14,0.00890322627675894,-0.09960287426507747,-0.0,-0.0,-0.0,0.1,-0.0,0
13,1066,world,10.66,1.0556751945733247,3.957499914169305,0.22020464891089625,-1.3338188471020105,-0.4780084337159387,-0.4780084337158867,-0.5210642352881556,0.5210642352882124,-1.0888973613548522e-14,0.008903226276775146,-0.09960287426507602,-0.0,-0.0,-0.0,0.1,-0.0,0
13,1067,world,10.67,1.0566751945733248,3.957499914169305,0.2202936811736682,-1.334814875844661,-0.4780084337159387,-0.4780084337158867,-0.5210642352881556,0.5210642352882124,-1.0880095437504407e-14,0.008903226276791352,-0.09960287426507458,-0.0,-0.0,-0.0,0.1,-0.0,0
13,1068,world,10.68,1.0576751945733247,3.957499914169305,0.22038271343644017,-1.3358109045873112,-0.4780084337159387,-0.47800843371588675,-0.5210642352881556,0.5210642352882122,-1.0871217261460291e-14,0.008903226276807558,-0.09960287426507314,-0.0,-0.0,-0.0,0.1,-0.0,0
13,1069,world,10.69,1.0586751945733248,3.957499914169305,0.22047174569921216,-1.3368069333299617,-0.4780084337159387,-0.4780084337158868,-0.5210642352881557,0.5210642352882123,-1.0862339085416174e-14,0.008903226276823764,-0.09960287426507168,-0.0,-0.0,-0.0,0.1,-0.0,0
13,1070,world,10.700000000000001,1.0596751945733247,3.9574999141693046,0.22056077796198412,-1.337802962072612,-0.47800843371593865,-0.4780084337158868,-0.5210642352881557,0.5210642352882123,-1.0853460909372058e-14,0.008903226276839971,-0.09960287426507024,-0.0,-0.0,-0.0,0.1,-0.0,0
13,1071,world,10.71,1.0606751945733248,3.9574999141693046,0.22064981022475608,-1.3387989908152624,-0.4780084337159386,-0.4780084337158868,-0.5210642352881557,0.5210642352882123,-1.0844582733327943e-14,0.008903226276856177,-0.09960287426506878,-0.0,-0.0,-0.0,0.1,-0.0,0
13,1072,world,10.72,1.0616751945733247,3.9574999141693046,0.22073884248752804,-1.339795019557913,-0.4780084337159386,-0.47800843371588686,-0.5210642352881557,0.5210642352882121,-1.0835704557283827e-14,0.008903226276872383,-0.09960287426506734,-0.0,-0.0,-0.0,0.1,-0.0,0
13,1073,world,10.73,1.0626751945733248,3.9574999141693046,0.2208278747503,-1.3407910483005632,-0.4780084337159386,-0.47800843371588686,-0.5210642352881557,0.5210642352882121,-1.082682638123971e-14,0.008903226276888589,-0.09960287426506588,-0.0,-0.0,-0.0,0.1,-0.0,0
13,1074,world,10.74,1.0636751945733247,3.957499914169304,0.22091690701307198,-1.3417870770432136,-0.47800843371593854,-0.47800843371588686,-0.5210642352881557,0.5210642352882121,-1.0817948205195594e-14,0.008903226276904796,-0.09960287426506444,-0.0,-0.0,-0.0,0.1,-0.0,0
13,1075,world,10.75,1.0646751945733248,3.957499914169304,0.22100593927584394,-1.342783105785864,-0.4780084337159385,-0.47800843371588686,-0.5210642352881558,0.5210642352882122,-1.080907002915148e-14,0.008903226276921,-0.09960287426506298,-0.0,-0.0,-0.0,0.1,-0.0,0
13,1076,world,10.76,1.0656751945733247,3.957499914169304,0.2210949715386159,-1.3437791345285144,-0.4780084337159385,-0.4780084337158869,-0.5210642352881558,0.5210642352882122,-1.080019185310736e-14,0.008903226276937206,-0.09960287426506152,-0.0,-0.0,-0.0,0.1,-0.0,0
13,1077,world,10.77,1.0666751945733248,3.957499914169304,0.22118400380138786,-1.3447751632711646,-0.4780084337159385,-0.4780084337158869,-0.5210642352881558,0.521064235288212,-1.0791313677063247e-14,0.008903226276953414,-0.09960287426506009,-0.0,-0.0,-0.0,0.1,-0.0,0
13,1078,world,10.78,1.0676751945733247,3.9574999141693037,0.22127303606415982,-1.3457711920138151,-0.4780084337159385,-0.4780084337158869,-0.5210642352881558,0.521064235288212,-1.078243550101913e-14,0.00890322627696962,-0.09960287426505865,-0.0,-0.0,-0.0,0.1,-0.0,0
13,1079,world,10.790000000000001,1.0686751945733248,3.9574999141693037,0.2213620683269318,-1.3467672207564656,-0.4780084337159385,-0.47800843371588697,-0.5210642352881559,0.5210642352882121,-1.0773557324975016e-14,0.008903226276985825,-0.09960287426505719,-0.0,-0.0,-0.0,0.1,-0.0,0
13,1080,world,10.8,1.0696751945733247,3.9574999141693037,0.22145110058970377,-1.3477632494991159,-0.47800843371593843,-0.47800843371588697,-0.5210642352881559,0.5210642352882121,-1.0764679148930899e-14,0.008903226277002031,-0.09960287426505575,-0.0,-0.0,-0.0,0.1,-0.0,0
13,1081,world,10.81,1.0706751945733248,3.9574999141693037,0.22154013285247573,-1.3487592782417663,-0.4780084337159384,-0.47800843371588697,-0.5210642352881559,0.5210642352882121,-1.0755800972886783e-14,0.008903226277018237,-0.09960287426505429,-0.0,-0.0,-0.0,0.1,-0.0,0
13,1082,world,10.82,1.0716751945733247,3.9574999141693032,0.2216291651152477,-1.3497553069844166,-0.4780084337159384,-0.478008433715887,-0.5210642352881559,0.5210642352882119,-1.0746922796842666e-14,0.008903226277034442,-0.09960287426505285,-0.0,-0.0,-0.0,0.1,-0.0,0
13,1083,world,10.83,1.0726501945733247,3.9574999141693032,0.22171597157145037,-1.3507264350085009,-0.4780084337159384,-0.478008433715887,-0.5210642352881559,0.5210642352882119,-1.020135324643967e-14,0.008458064963197731,-0.09462273055179886,-0.0,-0.0,-0.0,0.095,-0.5,0
13,1084,world,10.84,1.0735751945733247,3.9574999141693032,0.2217983264145144,-1.3516477615954523,-0.4780084337159383,-0.478008433715887,-0.5210642352881559,0.5210642352882119,-9.65704883612296e-15,0.008012903649358711,-0.08964258683854508,-0.0,-0.0,-0.0,0.09,-0.5,0
13,1085,world,10.85,1.0744501945733247,3.9574999141693032,0.2218762296444399,-1.3525192867452716,-0.4780084337159383,-0.4780084337158871,-0.521064235288156,0.521064235288212,-9.113942979572209e-15,0.007567742335517503,-0.0846624431252915,-0.0,-0.0,-0.0,0.085,-0.5,0
13,1086,world,10.86,1.0752751945733248,3.9574999141693032,0.22194968126122677,-1.353341010457958,-0.4780084337159383,-0.4780084337158871,-0.521064235288156,0.521064235288212,-8.571969090467079e-15,0.007122581021674228,-0.0796822994120381,-0.0,-0.0,-0.0,0.08,-0.5,0
13,1087,world,10.870000000000001,1.0760501945733247,3.957499914169303,0.22201868126487503,-1.3541129327335122,-0.4780084337159383,-0.47800843371588714,-0.521064235288156,0.5210642352882118,-8.031060582487244e-15,0.0066774197078290085,-0.07470215569878487,-0.0,-0.0,-0.0,0.075,-0.5,0
13,1088,world,10.88,1.0767751945733248,3.957499914169303,0.2220832296553847,-1.3548350535719336,-0.47800843371593826,-0.47800843371588714,-0.521064235288156,0.5210642352882118,-7.491150869312373e-15,0.006232258393981966,-0.06972201198553182,-0.0,-0.0,-0.0,0.07,-0.5,0
13,1089,world,10.89,1.0774501945733248,3.957499914169303,0.22214332643275578,-1.3555073729732225,-0.47800843371593826,-0.47800843371588714,-0.521064235288156,0.5210642352882118,-6.952173364622132e-15,0.005787097080133222,-0.06474186827227892,-0.0,-0.0,-0.0,0.065,-0.5,0
13,1090,world,10.9,1.0780751945733247,3.957499914169303,0.22219897159698826,-1.3561298909373791,-0.47800843371593826,-0.4780084337158872,-0.5210642352881562,0.5210642352882119,-6.414061482096193e-15,0.005341935766282896,-0.05976172455902614,-0.0,-0.0,-0.0,0.06,-0.5,0
13,1091,world,10.91,1.0786501945733247,3.957499914169303,0.22225016514808216,-1.356702607464403,-0.47800843371593826,-0.4780084337158872,-0.5210642352881562,0.5210642352882119,-5.876748635414226e-15,0.004896774452431114,-0.05478158084577351,-0.0,-0.0,-0.0,0.055,-0.5,0
13,1092,world,10.92,1.0791751945733248,3.957499914169303,0.22229690708603744,-1.3572255225542946,-0.4780084337159382,-0.4780084337158872,-0.5210642352881562,0.5210642352882119,-5.3401682382558984e-15,0.004451613138577995,-0.04980143713252099,-0.0,-0.0,-0.0,0.05,-0.5,0
13,1093,world,10.93,1.0796501945733248,3.9574999141693024,0.22233919741085412,-1.3576986362070536,-0.4780084337159382,-0.4780084337158872,-0.5210642352881562,0.5210642352882119,-4.804253704300878e-15,0.004006451824723659,-0.044821293419268576,-0.0,-0.0,-0.0,0.045,-0.5,0
13,1094,world,10.94,1.0800751945733247,3.9574999141693024,0.2223770361225322,-1.3581219484226799,-0.4780084337159382,-0.4780084337158872,-0.5210642352881562,0.5210642352882119,-4.268938447228836e-15,0.0035612905108682296,-0.03984114970601627,-0.0,-0.0,-0.0,0.04,-0.5,0
13,1095,world,10.950000000000001,1.0804501945733247,3.9574999141693024,0.22241042322107168,-1.3584954592011738,-0.47800843371593815,-0.4780084337158872,-0.5210642352881562,0.5210642352882119,-3.734155880719442e-15,0.0031161291970118283,-0.03486100599276405,-0.0,-0.0,-0.0,0.035,-0.5,0
13,1096,world,10.96,1.0807751945733248,3.9574999141693024,0.22243935870647258,-1.358819168542535,-0.47800843371593815,-0.4780084337158872,-0.5210642352881562,0.5210642352882119,-3.1998394184523626e-15,0.0026709678831545753,-0.029880862279511894,-0.0,-0.0,-0.0,0.03,-0.5,0
13,1097,world,10.97,1.0810501945733246,3.9574999141693024,0.22246384257873486,-1.359093076446764,-0.47800843371593815,-0.4780084337158872,-0.5210642352881562,0.5210642352882119,-2.6659224741072695e-15,0.0022258065692965937,-0.02490071856625982,-0.0,-0.0,-0.0,0.025,-0.5,0
13,1098,world,10.98,1.0812751945733248,3.9574999141693024,0.22248387483785856,-1.3593171829138604,-0.47800843371593815,-0.4780084337158872,-0.5210642352881562,0.5210642352882119,-2.1323384613638306e-15,0.0017806452554380043,-0.019920574853007786,-0.0,-0.0,-0.0,0.02,-0.5,0
13,1099,world,10.99,1.0814501945733248,3.9574999141693024,0.22249945548384364,-1.3594914879438242,-0.47800843371593815,-0.4780084337158872,-0.5210642352881562,0.5210642352882119,-1.5990207939017147e-15,0.0013354839415789287,-0.014940431139755801,-0.0,-0.0,-0.0,0.015,-0.5,0
13,1100,world,11.0,1.0815751945733247,3.9574999141693024,0.22251058451669015,-1.3596159915366555,-0.47800843371593815,-0.4780084337158872,-0.5210642352881562,0.5210642352882119,-1.0659028854005918e-15,0.0008903226277194883,-0.00996028742650385,-0.0,-0.0,-0.0,0.01,-0.5,0
13,1101,world,11.01,1.0816501945733248,3.9574999141693024,0.22251726193639804,-1.3596906936923543,-0.47800843371593815,-0.4780084337158872,-0.5210642352881562,0.5210642352882119,-5.329181495401304e-16,0.0004451613138598049,-0.00498014371325192,-0.0,-0.0,-0.0,0.005,-0.5,0
13,1102,world,11.016751945733247,1.0816751945733247,3.9574999141693024,0.22251948774296734,-1.3597155944109205,-0.47800843371593815,-0.4780084337158872,-0.5210642352881562,0.5210642352882119,-0.0,0.0,-0.0,-0.0,-0.0,-0.0,0.0,-0.5,0
